run,algo,seed,scenario,method,rep,trial,cell,observed,recommended_cell,recommended_true,pct_oracle,pct_intact,stop_trial
me_seed0,me,0,leg1_paralysed,ite,0,1,285,1083.045654296875,285,1100.8765869140625,60.972896393727034,32.26587460343606,2
me_seed0,me,0,leg1_paralysed,ite,0,2,586,1135.67626953125,586,1112.92138671875,78.38555076689373,41.48037080990742,2
me_seed0,me,0,leg1_paralysed,ite,0,3,586,1141.9803466796875,586,1112.92138671875,78.38555076689373,41.48037080990742,2
me_seed0,me,0,leg1_paralysed,ite,0,4,586,1130.2830810546875,586,1112.92138671875,78.38555076689373,41.48037080990742,2
me_seed0,me,0,leg1_paralysed,ite,0,5,586,1084.8677978515625,586,1112.92138671875,78.38555076689373,41.48037080990742,2
me_seed0,me,0,leg1_paralysed,ite,0,6,611,1057.80224609375,586,1112.92138671875,78.38555076689373,41.48037080990742,2
me_seed0,me,0,leg1_paralysed,ite,0,7,173,1106.056640625,586,1112.92138671875,78.38555076689373,41.48037080990742,2
me_seed0,me,0,leg1_paralysed,ite,0,8,586,1134.839599609375,586,1112.92138671875,78.38555076689373,41.48037080990742,2
me_seed0,me,0,leg1_paralysed,ite,0,9,586,1131.0533447265625,586,1112.92138671875,78.38555076689373,41.48037080990742,2
me_seed0,me,0,leg1_paralysed,ite,0,10,586,1134.0523681640625,586,1112.92138671875,78.38555076689373,41.48037080990742,2
me_seed0,me,0,leg1_paralysed,ite,0,11,586,1110.821044921875,586,1112.92138671875,78.38555076689373,41.48037080990742,2
me_seed0,me,0,leg1_paralysed,ite,0,12,586,1132.83154296875,586,1112.92138671875,78.38555076689373,41.48037080990742,2
me_seed0,me,0,leg1_paralysed,ite,0,13,586,1131.6207275390625,586,1112.92138671875,78.38555076689373,41.48037080990742,2
me_seed0,me,0,leg1_paralysed,ite,0,14,586,1101.14453125,586,1112.92138671875,78.38555076689373,41.48037080990742,2
me_seed0,me,0,leg1_paralysed,ite,0,15,586,1146.871826171875,586,1112.92138671875,78.38555076689373,41.48037080990742,2
me_seed0,me,0,leg1_paralysed,ite,0,16,586,1127.881591796875,586,1112.92138671875,78.38555076689373,41.48037080990742,2
me_seed0,me,0,leg1_paralysed,ite,0,17,586,1131.76611328125,586,1112.92138671875,78.38555076689373,41.48037080990742,2
me_seed0,me,0,leg1_paralysed,ite,0,18,586,1054.292236328125,586,1112.92138671875,78.38555076689373,41.48037080990742,2
me_seed0,me,0,leg1_paralysed,ite,0,19,940,1081.274658203125,586,1112.92138671875,78.38555076689373,41.48037080990742,2
me_seed0,me,0,leg1_paralysed,ite,0,20,586,1126.87060546875,586,1112.92138671875,78.38555076689373,41.48037080990742,2
me_seed0,me,0,leg1_paralysed,ite,1,1,285,1088.56884765625,285,1100.8765869140625,60.972896393727034,32.26587460343606,2
me_seed0,me,0,leg1_paralysed,ite,1,2,586,1141.74853515625,586,1112.92138671875,78.38555076689373,41.48037080990742,2
me_seed0,me,0,leg1_paralysed,ite,1,3,586,1095.333740234375,586,1112.92138671875,78.38555076689373,41.48037080990742,2
me_seed0,me,0,leg1_paralysed,ite,1,4,515,1104.302734375,586,1112.92138671875,78.38555076689373,41.48037080990742,2
me_seed0,me,0,leg1_paralysed,ite,1,5,611,1080.9061279296875,586,1112.92138671875,78.38555076689373,41.48037080990742,2
me_seed0,me,0,leg1_paralysed,ite,1,6,173,1070.629150390625,586,1112.92138671875,78.38555076689373,41.48037080990742,2
me_seed0,me,0,leg1_paralysed,ite,1,7,586,1108.1707763671875,586,1112.92138671875,78.38555076689373,41.48037080990742,2
me_seed0,me,0,leg1_paralysed,ite,1,8,940,1067.244873046875,586,1112.92138671875,78.38555076689373,41.48037080990742,2
me_seed0,me,0,leg1_paralysed,ite,1,9,277,1050.078369140625,586,1112.92138671875,78.38555076689373,41.48037080990742,2
me_seed0,me,0,leg1_paralysed,ite,1,10,411,1091.01611328125,586,1112.92138671875,78.38555076689373,41.48037080990742,2
me_seed0,me,0,leg1_paralysed,ite,1,11,586,1082.5797119140625,586,1112.92138671875,78.38555076689373,41.48037080990742,2
me_seed0,me,0,leg1_paralysed,ite,1,12,721,1097.913818359375,586,1112.92138671875,78.38555076689373,41.48037080990742,2
me_seed0,me,0,leg1_paralysed,ite,1,13,586,1149.728271484375,586,1112.92138671875,78.38555076689373,41.48037080990742,2
me_seed0,me,0,leg1_paralysed,ite,1,14,586,1104.3321533203125,586,1112.92138671875,78.38555076689373,41.48037080990742,2
me_seed0,me,0,leg1_paralysed,ite,1,15,586,1142.95751953125,586,1112.92138671875,78.38555076689373,41.48037080990742,2
me_seed0,me,0,leg1_paralysed,ite,1,16,586,1110.812744140625,586,1112.92138671875,78.38555076689373,41.48037080990742,2
me_seed0,me,0,leg1_paralysed,ite,1,17,586,1148.334228515625,586,1112.92138671875,78.38555076689373,41.48037080990742,2
me_seed0,me,0,leg1_paralysed,ite,1,18,586,1141.63134765625,586,1112.92138671875,78.38555076689373,41.48037080990742,2
me_seed0,me,0,leg1_paralysed,ite,1,19,586,1129.9727783203125,586,1112.92138671875,78.38555076689373,41.48037080990742,2
me_seed0,me,0,leg1_paralysed,ite,1,20,586,1087.1568603515625,586,1112.92138671875,78.38555076689373,41.48037080990742,2
me_seed0,me,0,leg1_paralysed,ite,2,1,285,1100.504638671875,285,1100.8765869140625,60.972896393727034,32.26587460343606,2
me_seed0,me,0,leg1_paralysed,ite,2,2,586,1146.6815185546875,586,1112.92138671875,78.38555076689373,41.48037080990742,2
me_seed0,me,0,leg1_paralysed,ite,2,3,586,1127.225341796875,586,1112.92138671875,78.38555076689373,41.48037080990742,2
me_seed0,me,0,leg1_paralysed,ite,2,4,611,1045.1103515625,586,1112.92138671875,78.38555076689373,41.48037080990742,2
me_seed0,me,0,leg1_paralysed,ite,2,5,173,1094.418212890625,586,1112.92138671875,78.38555076689373,41.48037080990742,2
me_seed0,me,0,leg1_paralysed,ite,2,6,586,1146.5634765625,586,1112.92138671875,78.38555076689373,41.48037080990742,2
me_seed0,me,0,leg1_paralysed,ite,2,7,586,1140.08056640625,586,1112.92138671875,78.38555076689373,41.48037080990742,2
me_seed0,me,0,leg1_paralysed,ite,2,8,586,1119.968505859375,586,1112.92138671875,78.38555076689373,41.48037080990742,2
me_seed0,me,0,leg1_paralysed,ite,2,9,586,1072.5068359375,586,1112.92138671875,78.38555076689373,41.48037080990742,2
me_seed0,me,0,leg1_paralysed,ite,2,10,940,1132.7314453125,586,1112.92138671875,78.38555076689373,41.48037080990742,2
me_seed0,me,0,leg1_paralysed,ite,2,11,940,1070.1307373046875,586,1112.92138671875,78.38555076689373,41.48037080990742,2
me_seed0,me,0,leg1_paralysed,ite,2,12,586,1127.922607421875,586,1112.92138671875,78.38555076689373,41.48037080990742,2
me_seed0,me,0,leg1_paralysed,ite,2,13,586,1077.191650390625,586,1112.92138671875,78.38555076689373,41.48037080990742,2
me_seed0,me,0,leg1_paralysed,ite,2,14,586,1136.6409912109375,586,1112.92138671875,78.38555076689373,41.48037080990742,2
me_seed0,me,0,leg1_paralysed,ite,2,15,586,1146.5897216796875,586,1112.92138671875,78.38555076689373,41.48037080990742,2
me_seed0,me,0,leg1_paralysed,ite,2,16,586,1149.7391357421875,586,1112.92138671875,78.38555076689373,41.48037080990742,2
me_seed0,me,0,leg1_paralysed,ite,2,17,586,1160.1663818359375,586,1112.92138671875,78.38555076689373,41.48037080990742,2
me_seed0,me,0,leg1_paralysed,ite,2,18,586,1124.494384765625,586,1112.92138671875,78.38555076689373,41.48037080990742,2
me_seed0,me,0,leg1_paralysed,ite,2,19,586,1138.2783203125,586,1112.92138671875,78.38555076689373,41.48037080990742,2
me_seed0,me,0,leg1_paralysed,ite,2,20,586,1146.2806396484375,586,1112.92138671875,78.38555076689373,41.48037080990742,2
me_seed0,me,0,leg1_paralysed,ite,3,1,285,1080.111572265625,285,1100.8765869140625,60.972896393727034,32.26587460343606,8
me_seed0,me,0,leg1_paralysed,ite,3,2,586,1078.26025390625,285,1100.8765869140625,60.972896393727034,32.26587460343606,8
me_seed0,me,0,leg1_paralysed,ite,3,3,173,1081.3311767578125,173,1100.581298828125,60.54601097725522,32.03997371742645,8
me_seed0,me,0,leg1_paralysed,ite,3,4,611,1058.163818359375,173,1100.581298828125,60.54601097725522,32.03997371742645,8
me_seed0,me,0,leg1_paralysed,ite,3,5,940,1064.648193359375,173,1100.581298828125,60.54601097725522,32.03997371742645,8
me_seed0,me,0,leg1_paralysed,ite,3,6,411,1087.430419921875,411,1082.9578857421875,35.06859284519567,18.557734439173707,8
me_seed0,me,0,leg1_paralysed,ite,3,7,277,1067.23583984375,411,1082.9578857421875,35.06859284519567,18.557734439173707,8
me_seed0,me,0,leg1_paralysed,ite,3,8,515,1095.539306640625,515,1109.8218994140625,73.90475390470448,39.109205288340654,8
me_seed0,me,0,leg1_paralysed,ite,3,9,467,1108.237548828125,467,1094.7607421875,52.13148000238587,27.58713946909647,8
me_seed0,me,0,leg1_paralysed,ite,3,10,467,1132.525390625,467,1094.7607421875,52.13148000238587,27.58713946909647,8
me_seed0,me,0,leg1_paralysed,ite,3,11,467,1077.6708984375,467,1094.7607421875,52.13148000238587,27.58713946909647,8
me_seed0,me,0,leg1_paralysed,ite,3,12,467,1092.1461181640625,467,1094.7607421875,52.13148000238587,27.58713946909647,8
me_seed0,me,0,leg1_paralysed,ite,3,13,467,1074.1741943359375,467,1094.7607421875,52.13148000238587,27.58713946909647,8
me_seed0,me,0,leg1_paralysed,ite,3,14,515,1095.4423828125,467,1094.7607421875,52.13148000238587,27.58713946909647,8
me_seed0,me,0,leg1_paralysed,ite,3,15,612,1101.331787109375,467,1094.7607421875,52.13148000238587,27.58713946909647,8
me_seed0,me,0,leg1_paralysed,ite,3,16,612,1089.4267578125,467,1094.7607421875,52.13148000238587,27.58713946909647,8
me_seed0,me,0,leg1_paralysed,ite,3,17,467,1070.750244140625,467,1094.7607421875,52.13148000238587,27.58713946909647,8
me_seed0,me,0,leg1_paralysed,ite,3,18,515,1086.82568359375,467,1094.7607421875,52.13148000238587,27.58713946909647,8
me_seed0,me,0,leg1_paralysed,ite,3,19,1010,1111.14404296875,467,1094.7607421875,52.13148000238587,27.58713946909647,8
me_seed0,me,0,leg1_paralysed,ite,3,20,1010,1111.79248046875,467,1094.7607421875,52.13148000238587,27.58713946909647,8
me_seed0,me,0,leg1_paralysed,ite,4,1,285,1109.2894287109375,285,1100.8765869140625,60.972896393727034,32.26587460343606,2
me_seed0,me,0,leg1_paralysed,ite,4,2,586,1131.825439453125,586,1112.92138671875,78.38555076689373,41.48037080990742,2
me_seed0,me,0,leg1_paralysed,ite,4,3,515,1086.5855712890625,586,1112.92138671875,78.38555076689373,41.48037080990742,2
me_seed0,me,0,leg1_paralysed,ite,4,4,586,1103.868408203125,586,1112.92138671875,78.38555076689373,41.48037080990742,2
me_seed0,me,0,leg1_paralysed,ite,4,5,411,1088.0146484375,586,1112.92138671875,78.38555076689373,41.48037080990742,2
me_seed0,me,0,leg1_paralysed,ite,4,6,612,1091.1622314453125,586,1112.92138671875,78.38555076689373,41.48037080990742,2
me_seed0,me,0,leg1_paralysed,ite,4,7,277,1052.852783203125,586,1112.92138671875,78.38555076689373,41.48037080990742,2
me_seed0,me,0,leg1_paralysed,ite,4,8,940,1065.97216796875,586,1112.92138671875,78.38555076689373,41.48037080990742,2
me_seed0,me,0,leg1_paralysed,ite,4,9,611,1074.350830078125,586,1112.92138671875,78.38555076689373,41.48037080990742,2
me_seed0,me,0,leg1_paralysed,ite,4,10,586,1136.13330078125,586,1112.92138671875,78.38555076689373,41.48037080990742,2
me_seed0,me,0,leg1_paralysed,ite,4,11,586,1124.14404296875,586,1112.92138671875,78.38555076689373,41.48037080990742,2
me_seed0,me,0,leg1_paralysed,ite,4,12,586,1085.4061279296875,586,1112.92138671875,78.38555076689373,41.48037080990742,2
me_seed0,me,0,leg1_paralysed,ite,4,13,586,1096.4931640625,586,1112.92138671875,78.38555076689373,41.48037080990742,2
me_seed0,me,0,leg1_paralysed,ite,4,14,586,1147.522705078125,586,1112.92138671875,78.38555076689373,41.48037080990742,2
me_seed0,me,0,leg1_paralysed,ite,4,15,586,1142.768310546875,586,1112.92138671875,78.38555076689373,41.48037080990742,2
me_seed0,me,0,leg1_paralysed,ite,4,16,586,1139.3857421875,586,1112.92138671875,78.38555076689373,41.48037080990742,2
me_seed0,me,0,leg1_paralysed,ite,4,17,586,1134.0452880859375,586,1112.92138671875,78.38555076689373,41.48037080990742,2
me_seed0,me,0,leg1_paralysed,ite,4,18,586,1111.736572265625,586,1112.92138671875,78.38555076689373,41.48037080990742,2
me_seed0,me,0,leg1_paralysed,ite,4,19,586,1082.9595947265625,586,1112.92138671875,78.38555076689373,41.48037080990742,2
me_seed0,me,0,leg1_paralysed,ite,4,20,586,1123.003173828125,586,1112.92138671875,78.38555076689373,41.48037080990742,2
me_seed0,me,0,leg1_paralysed,top_k,0,1,285,1089.24560546875,285,1100.8765869140625,60.972896393727034,32.26587460343606,
me_seed0,me,0,leg1_paralysed,top_k,0,2,911,1087.2705078125,285,1100.8765869140625,60.972896393727034,32.26587460343606,
me_seed0,me,0,leg1_paralysed,top_k,0,3,166,1077.132568359375,285,1100.8765869140625,60.972896393727034,32.26587460343606,
me_seed0,me,0,leg1_paralysed,top_k,0,4,228,1092.925048828125,228,1099.2467041015625,58.61664419003475,31.018983892398314,
me_seed0,me,0,leg1_paralysed,top_k,0,5,458,1096.00244140625,458,1093.4296875,50.207230898951124,26.56885783989069,
me_seed0,me,0,leg1_paralysed,top_k,0,6,515,1137.9993896484375,515,1109.8218994140625,73.90475390470448,39.109205288340654,
me_seed0,me,0,leg1_paralysed,top_k,0,7,761,1091.5341796875,515,1109.8218994140625,73.90475390470448,39.109205288340654,
me_seed0,me,0,leg1_paralysed,top_k,0,8,12,1117.73046875,515,1109.8218994140625,73.90475390470448,39.109205288340654,
me_seed0,me,0,leg1_paralysed,top_k,0,9,411,1093.034423828125,515,1109.8218994140625,73.90475390470448,39.109205288340654,
me_seed0,me,0,leg1_paralysed,top_k,0,10,612,1093.103515625,515,1109.8218994140625,73.90475390470448,39.109205288340654,
me_seed0,me,0,leg1_paralysed,top_k,0,11,173,1122.3885498046875,515,1109.8218994140625,73.90475390470448,39.109205288340654,
me_seed0,me,0,leg1_paralysed,top_k,0,12,697,1092.7587890625,515,1109.8218994140625,73.90475390470448,39.109205288340654,
me_seed0,me,0,leg1_paralysed,top_k,0,13,689,1102.546142578125,515,1109.8218994140625,73.90475390470448,39.109205288340654,
me_seed0,me,0,leg1_paralysed,top_k,0,14,198,1097.3101806640625,515,1109.8218994140625,73.90475390470448,39.109205288340654,
me_seed0,me,0,leg1_paralysed,top_k,0,15,960,1103.2681884765625,515,1109.8218994140625,73.90475390470448,39.109205288340654,
me_seed0,me,0,leg1_paralysed,top_k,0,16,864,1120.701416015625,515,1109.8218994140625,73.90475390470448,39.109205288340654,
me_seed0,me,0,leg1_paralysed,top_k,0,17,682,1074.43115234375,515,1109.8218994140625,73.90475390470448,39.109205288340654,
me_seed0,me,0,leg1_paralysed,top_k,0,18,691,1103.4935302734375,515,1109.8218994140625,73.90475390470448,39.109205288340654,
me_seed0,me,0,leg1_paralysed,top_k,0,19,957,1116.0908203125,515,1109.8218994140625,73.90475390470448,39.109205288340654,
me_seed0,me,0,leg1_paralysed,top_k,0,20,321,1070.422119140625,515,1109.8218994140625,73.90475390470448,39.109205288340654,
me_seed0,me,0,leg1_paralysed,top_k,1,1,285,1100.9930419921875,285,1100.8765869140625,60.972896393727034,32.26587460343606,
me_seed0,me,0,leg1_paralysed,top_k,1,2,911,1088.8848876953125,285,1100.8765869140625,60.972896393727034,32.26587460343606,
me_seed0,me,0,leg1_paralysed,top_k,1,3,166,1097.302001953125,285,1100.8765869140625,60.972896393727034,32.26587460343606,
me_seed0,me,0,leg1_paralysed,top_k,1,4,228,1101.646728515625,228,1099.2467041015625,58.61664419003475,31.018983892398314,
me_seed0,me,0,leg1_paralysed,top_k,1,5,458,1093.1611328125,228,1099.2467041015625,58.61664419003475,31.018983892398314,
me_seed0,me,0,leg1_paralysed,top_k,1,6,515,1136.6357421875,515,1109.8218994140625,73.90475390470448,39.109205288340654,
me_seed0,me,0,leg1_paralysed,top_k,1,7,761,1088.804443359375,515,1109.8218994140625,73.90475390470448,39.109205288340654,
me_seed0,me,0,leg1_paralysed,top_k,1,8,12,1137.11572265625,12,1091.6627197265625,47.65280080245278,25.217094580283785,
me_seed0,me,0,leg1_paralysed,top_k,1,9,411,1090.633056640625,12,1091.6627197265625,47.65280080245278,25.217094580283785,
me_seed0,me,0,leg1_paralysed,top_k,1,10,612,1100.189697265625,12,1091.6627197265625,47.65280080245278,25.217094580283785,
me_seed0,me,0,leg1_paralysed,top_k,1,11,173,1114.874267578125,12,1091.6627197265625,47.65280080245278,25.217094580283785,
me_seed0,me,0,leg1_paralysed,top_k,1,12,697,1099.6402587890625,12,1091.6627197265625,47.65280080245278,25.217094580283785,
me_seed0,me,0,leg1_paralysed,top_k,1,13,689,1141.273193359375,689,1097.94873046875,56.74021895921838,30.02600988622213,
me_seed0,me,0,leg1_paralysed,top_k,1,14,198,1103.94482421875,689,1097.94873046875,56.74021895921838,30.02600988622213,
me_seed0,me,0,leg1_paralysed,top_k,1,15,960,1121.47900390625,689,1097.94873046875,56.74021895921838,30.02600988622213,
me_seed0,me,0,leg1_paralysed,top_k,1,16,864,1093.59814453125,689,1097.94873046875,56.74021895921838,30.02600988622213,
me_seed0,me,0,leg1_paralysed,top_k,1,17,682,1112.087890625,689,1097.94873046875,56.74021895921838,30.02600988622213,
me_seed0,me,0,leg1_paralysed,top_k,1,18,691,1098.03564453125,689,1097.94873046875,56.74021895921838,30.02600988622213,
me_seed0,me,0,leg1_paralysed,top_k,1,19,957,1088.29736328125,689,1097.94873046875,56.74021895921838,30.02600988622213,
me_seed0,me,0,leg1_paralysed,top_k,1,20,321,1072.5216064453125,689,1097.94873046875,56.74021895921838,30.02600988622213,
me_seed0,me,0,leg1_paralysed,top_k,2,1,285,1091.656982421875,285,1100.8765869140625,60.972896393727034,32.26587460343606,
me_seed0,me,0,leg1_paralysed,top_k,2,2,911,1088.3172607421875,285,1100.8765869140625,60.972896393727034,32.26587460343606,
me_seed0,me,0,leg1_paralysed,top_k,2,3,166,1126.874755859375,166,1106.041259765625,68.43924409339877,36.2169455361275,
me_seed0,me,0,leg1_paralysed,top_k,2,4,228,1098.555419921875,166,1106.041259765625,68.43924409339877,36.2169455361275,
me_seed0,me,0,leg1_paralysed,top_k,2,5,458,1095.56884765625,166,1106.041259765625,68.43924409339877,36.2169455361275,
me_seed0,me,0,leg1_paralysed,top_k,2,6,515,1092.279541015625,166,1106.041259765625,68.43924409339877,36.2169455361275,
me_seed0,me,0,leg1_paralysed,top_k,2,7,761,1090.060546875,166,1106.041259765625,68.43924409339877,36.2169455361275,
me_seed0,me,0,leg1_paralysed,top_k,2,8,12,1099.898193359375,166,1106.041259765625,68.43924409339877,36.2169455361275,
me_seed0,me,0,leg1_paralysed,top_k,2,9,411,1079.66552734375,166,1106.041259765625,68.43924409339877,36.2169455361275,
me_seed0,me,0,leg1_paralysed,top_k,2,10,612,1130.953857421875,612,1085.76953125,39.133269074048606,20.708695624564093,
me_seed0,me,0,leg1_paralysed,top_k,2,11,173,1118.0166015625,612,1085.76953125,39.133269074048606,20.708695624564093,
me_seed0,me,0,leg1_paralysed,top_k,2,12,697,1090.290771484375,612,1085.76953125,39.133269074048606,20.708695624564093,
me_seed0,me,0,leg1_paralysed,top_k,2,13,689,1088.4814453125,612,1085.76953125,39.133269074048606,20.708695624564093,
me_seed0,me,0,leg1_paralysed,top_k,2,14,198,1076.1953125,612,1085.76953125,39.133269074048606,20.708695624564093,
me_seed0,me,0,leg1_paralysed,top_k,2,15,960,1128.9974365234375,612,1085.76953125,39.133269074048606,20.708695624564093,
me_seed0,me,0,leg1_paralysed,top_k,2,16,864,1126.6072998046875,612,1085.76953125,39.133269074048606,20.708695624564093,
me_seed0,me,0,leg1_paralysed,top_k,2,17,682,1125.5009765625,612,1085.76953125,39.133269074048606,20.708695624564093,
me_seed0,me,0,leg1_paralysed,top_k,2,18,691,1125.99072265625,612,1085.76953125,39.133269074048606,20.708695624564093,
me_seed0,me,0,leg1_paralysed,top_k,2,19,957,1089.396484375,612,1085.76953125,39.133269074048606,20.708695624564093,
me_seed0,me,0,leg1_paralysed,top_k,2,20,321,1080.56201171875,612,1085.76953125,39.133269074048606,20.708695624564093,
me_seed0,me,0,leg1_paralysed,top_k,3,1,285,1099.033935546875,285,1100.8765869140625,60.972896393727034,32.26587460343606,
me_seed0,me,0,leg1_paralysed,top_k,3,2,911,1088.53955078125,285,1100.8765869140625,60.972896393727034,32.26587460343606,
me_seed0,me,0,leg1_paralysed,top_k,3,3,166,1060.837890625,285,1100.8765869140625,60.972896393727034,32.26587460343606,
me_seed0,me,0,leg1_paralysed,top_k,3,4,228,1096.888427734375,285,1100.8765869140625,60.972896393727034,32.26587460343606,
me_seed0,me,0,leg1_paralysed,top_k,3,5,458,1094.930908203125,285,1100.8765869140625,60.972896393727034,32.26587460343606,
me_seed0,me,0,leg1_paralysed,top_k,3,6,515,1117.365478515625,515,1109.8218994140625,73.90475390470448,39.109205288340654,
me_seed0,me,0,leg1_paralysed,top_k,3,7,761,1094.9599609375,515,1109.8218994140625,73.90475390470448,39.109205288340654,
me_seed0,me,0,leg1_paralysed,top_k,3,8,12,1106.0443115234375,515,1109.8218994140625,73.90475390470448,39.109205288340654,
me_seed0,me,0,leg1_paralysed,top_k,3,9,411,1084.8526611328125,515,1109.8218994140625,73.90475390470448,39.109205288340654,
me_seed0,me,0,leg1_paralysed,top_k,3,10,612,1069.9669189453125,515,1109.8218994140625,73.90475390470448,39.109205288340654,
me_seed0,me,0,leg1_paralysed,top_k,3,11,173,1138.020751953125,173,1100.581298828125,60.54601097725522,32.03997371742645,
me_seed0,me,0,leg1_paralysed,top_k,3,12,697,1093.9716796875,173,1100.581298828125,60.54601097725522,32.03997371742645,
me_seed0,me,0,leg1_paralysed,top_k,3,13,689,1138.4453125,689,1097.94873046875,56.74021895921838,30.02600988622213,
me_seed0,me,0,leg1_paralysed,top_k,3,14,198,1096.97998046875,689,1097.94873046875,56.74021895921838,30.02600988622213,
me_seed0,me,0,leg1_paralysed,top_k,3,15,960,1111.268310546875,689,1097.94873046875,56.74021895921838,30.02600988622213,
me_seed0,me,0,leg1_paralysed,top_k,3,16,864,1089.0975341796875,689,1097.94873046875,56.74021895921838,30.02600988622213,
me_seed0,me,0,leg1_paralysed,top_k,3,17,682,1086.9901123046875,689,1097.94873046875,56.74021895921838,30.02600988622213,
me_seed0,me,0,leg1_paralysed,top_k,3,18,691,1085.7568359375,689,1097.94873046875,56.74021895921838,30.02600988622213,
me_seed0,me,0,leg1_paralysed,top_k,3,19,957,1125.77685546875,689,1097.94873046875,56.74021895921838,30.02600988622213,
me_seed0,me,0,leg1_paralysed,top_k,3,20,321,1078.6844482421875,689,1097.94873046875,56.74021895921838,30.02600988622213,
me_seed0,me,0,leg1_paralysed,top_k,4,1,285,1075.2562255859375,285,1100.8765869140625,60.972896393727034,32.26587460343606,
me_seed0,me,0,leg1_paralysed,top_k,4,2,911,1077.7183837890625,911,1079.891357421875,30.63544338377012,16.211783154573702,
me_seed0,me,0,leg1_paralysed,top_k,4,3,166,1079.2716064453125,166,1106.041259765625,68.43924409339877,36.2169455361275,
me_seed0,me,0,leg1_paralysed,top_k,4,4,228,1107.3876953125,228,1099.2467041015625,58.61664419003475,31.018983892398314,
me_seed0,me,0,leg1_paralysed,top_k,4,5,458,1125.6673583984375,458,1093.4296875,50.207230898951124,26.56885783989069,
me_seed0,me,0,leg1_paralysed,top_k,4,6,515,1110.2091064453125,458,1093.4296875,50.207230898951124,26.56885783989069,
me_seed0,me,0,leg1_paralysed,top_k,4,7,761,1100.849365234375,458,1093.4296875,50.207230898951124,26.56885783989069,
me_seed0,me,0,leg1_paralysed,top_k,4,8,12,1100.20166015625,458,1093.4296875,50.207230898951124,26.56885783989069,
me_seed0,me,0,leg1_paralysed,top_k,4,9,411,1092.528076171875,458,1093.4296875,50.207230898951124,26.56885783989069,
me_seed0,me,0,leg1_paralysed,top_k,4,10,612,1078.409912109375,458,1093.4296875,50.207230898951124,26.56885783989069,
me_seed0,me,0,leg1_paralysed,top_k,4,11,173,1077.6279296875,458,1093.4296875,50.207230898951124,26.56885783989069,
me_seed0,me,0,leg1_paralysed,top_k,4,12,697,1097.19921875,458,1093.4296875,50.207230898951124,26.56885783989069,
me_seed0,me,0,leg1_paralysed,top_k,4,13,689,1121.865478515625,458,1093.4296875,50.207230898951124,26.56885783989069,
me_seed0,me,0,leg1_paralysed,top_k,4,14,198,1094.166259765625,458,1093.4296875,50.207230898951124,26.56885783989069,
me_seed0,me,0,leg1_paralysed,top_k,4,15,960,1133.1214599609375,960,1116.533935546875,83.60805883430457,44.244037953590095,
me_seed0,me,0,leg1_paralysed,top_k,4,16,864,1117.530029296875,960,1116.533935546875,83.60805883430457,44.244037953590095,
me_seed0,me,0,leg1_paralysed,top_k,4,17,682,1095.930908203125,960,1116.533935546875,83.60805883430457,44.244037953590095,
me_seed0,me,0,leg1_paralysed,top_k,4,18,691,1103.20751953125,960,1116.533935546875,83.60805883430457,44.244037953590095,
me_seed0,me,0,leg1_paralysed,top_k,4,19,957,1095.2894287109375,960,1116.533935546875,83.60805883430457,44.244037953590095,
me_seed0,me,0,leg1_paralysed,top_k,4,20,321,1106.62060546875,960,1116.533935546875,83.60805883430457,44.244037953590095,
me_seed0,me,0,leg2_paralysed,ite,0,1,285,1057.2733154296875,285,1058.078857421875,-1.0054147444495858,-0.4751856421543543,
me_seed0,me,0,leg2_paralysed,ite,0,2,586,1057.2283935546875,285,1058.078857421875,-1.0054147444495858,-0.4751856421543543,
me_seed0,me,0,leg2_paralysed,ite,0,3,173,1058.099609375,173,1057.5399169921875,-1.877772675576187,-0.8874851095923153,
me_seed0,me,0,leg2_paralysed,ite,0,4,611,1049.150146484375,173,1057.5399169921875,-1.877772675576187,-0.8874851095923153,
me_seed0,me,0,leg2_paralysed,ite,0,5,940,1059.376953125,940,1059.0582275390625,0.5798463385467267,0.27405074000980445,
me_seed0,me,0,leg2_paralysed,ite,0,6,277,1050.506103515625,940,1059.0582275390625,0.5798463385467267,0.27405074000980445,
me_seed0,me,0,leg2_paralysed,ite,0,7,411,1058.0797119140625,940,1059.0582275390625,0.5798463385467267,0.27405074000980445,
me_seed0,me,0,leg2_paralysed,ite,0,8,335,1059.27783203125,940,1059.0582275390625,0.5798463385467267,0.27405074000980445,
me_seed0,me,0,leg2_paralysed,ite,0,9,467,1058.407470703125,940,1059.0582275390625,0.5798463385467267,0.27405074000980445,
me_seed0,me,0,leg2_paralysed,ite,0,10,515,1055.3779296875,940,1059.0582275390625,0.5798463385467267,0.27405074000980445,
me_seed0,me,0,leg2_paralysed,ite,0,11,223,1057.0030517578125,940,1059.0582275390625,0.5798463385467267,0.27405074000980445,
me_seed0,me,0,leg2_paralysed,ite,0,12,173,1062.063232421875,173,1057.5399169921875,-1.877772675576187,-0.8874851095923153,
me_seed0,me,0,leg2_paralysed,ite,0,13,677,1054.83837890625,173,1057.5399169921875,-1.877772675576187,-0.8874851095923153,
me_seed0,me,0,leg2_paralysed,ite,0,14,1010,1059.44287109375,173,1057.5399169921875,-1.877772675576187,-0.8874851095923153,
me_seed0,me,0,leg2_paralysed,ite,0,15,411,1061.03369140625,173,1057.5399169921875,-1.877772675576187,-0.8874851095923153,
me_seed0,me,0,leg2_paralysed,ite,0,16,467,1059.6956787109375,173,1057.5399169921875,-1.877772675576187,-0.8874851095923153,
me_seed0,me,0,leg2_paralysed,ite,0,17,940,1059.0146484375,173,1057.5399169921875,-1.877772675576187,-0.8874851095923153,
me_seed0,me,0,leg2_paralysed,ite,0,18,173,1057.5325927734375,173,1057.5399169921875,-1.877772675576187,-0.8874851095923153,
me_seed0,me,0,leg2_paralysed,ite,0,19,411,1060.993896484375,173,1057.5399169921875,-1.877772675576187,-0.8874851095923153,
me_seed0,me,0,leg2_paralysed,ite,0,20,277,1054.7818603515625,173,1057.5399169921875,-1.877772675576187,-0.8874851095923153,
me_seed0,me,0,leg2_paralysed,ite,1,1,285,1062.071044921875,285,1058.078857421875,-1.0054147444495858,-0.4751856421543543,
me_seed0,me,0,leg2_paralysed,ite,1,2,586,1056.686767578125,285,1058.078857421875,-1.0054147444495858,-0.4751856421543543,
me_seed0,me,0,leg2_paralysed,ite,1,3,173,1058.0791015625,285,1058.078857421875,-1.0054147444495858,-0.4751856421543543,
me_seed0,me,0,leg2_paralysed,ite,1,4,611,1054.2408447265625,285,1058.078857421875,-1.0054147444495858,-0.4751856421543543,
me_seed0,me,0,leg2_paralysed,ite,1,5,940,1057.378173828125,285,1058.078857421875,-1.0054147444495858,-0.4751856421543543,
me_seed0,me,0,leg2_paralysed,ite,1,6,277,1053.96630859375,285,1058.078857421875,-1.0054147444495858,-0.4751856421543543,
me_seed0,me,0,leg2_paralysed,ite,1,7,411,1057.4892578125,285,1058.078857421875,-1.0054147444495858,-0.4751856421543543,
me_seed0,me,0,leg2_paralysed,ite,1,8,335,1059.896728515625,285,1058.078857421875,-1.0054147444495858,-0.4751856421543543,
me_seed0,me,0,leg2_paralysed,ite,1,9,467,1061.50830078125,285,1058.078857421875,-1.0054147444495858,-0.4751856421543543,
me_seed0,me,0,leg2_paralysed,ite,1,10,515,1055.375244140625,285,1058.078857421875,-1.0054147444495858,-0.4751856421543543,
me_seed0,me,0,leg2_paralysed,ite,1,11,223,1056.04736328125,285,1058.078857421875,-1.0054147444495858,-0.4751856421543543,
me_seed0,me,0,leg2_paralysed,ite,1,12,612,1056.100830078125,285,1058.078857421875,-1.0054147444495858,-0.4751856421543543,
me_seed0,me,0,leg2_paralysed,ite,1,13,677,1056.157958984375,285,1058.078857421875,-1.0054147444495858,-0.4751856421543543,
me_seed0,me,0,leg2_paralysed,ite,1,14,467,1061.5458984375,285,1058.078857421875,-1.0054147444495858,-0.4751856421543543,
me_seed0,me,0,leg2_paralysed,ite,1,15,411,1057.513671875,285,1058.078857421875,-1.0054147444495858,-0.4751856421543543,
me_seed0,me,0,leg2_paralysed,ite,1,16,173,1060.070556640625,285,1058.078857421875,-1.0054147444495858,-0.4751856421543543,
me_seed0,me,0,leg2_paralysed,ite,1,17,277,1054.970703125,285,1058.078857421875,-1.0054147444495858,-0.4751856421543543,
me_seed0,me,0,leg2_paralysed,ite,1,18,1010,1059.489990234375,285,1058.078857421875,-1.0054147444495858,-0.4751856421543543,
me_seed0,me,0,leg2_paralysed,ite,1,19,515,1056.3101806640625,285,1058.078857421875,-1.0054147444495858,-0.4751856421543543,
me_seed0,me,0,leg2_paralysed,ite,1,20,940,1057.35791015625,285,1058.078857421875,-1.0054147444495858,-0.4751856421543543,
me_seed0,me,0,leg2_paralysed,ite,2,1,285,1059.453857421875,285,1058.078857421875,-1.0054147444495858,-0.4751856421543543,
me_seed0,me,0,leg2_paralysed,ite,2,2,586,1058.3583984375,285,1058.078857421875,-1.0054147444495858,-0.4751856421543543,
me_seed0,me,0,leg2_paralysed,ite,2,3,173,1059.06494140625,285,1058.078857421875,-1.0054147444495858,-0.4751856421543543,
me_seed0,me,0,leg2_paralysed,ite,2,4,611,1053.497314453125,285,1058.078857421875,-1.0054147444495858,-0.4751856421543543,
me_seed0,me,0,leg2_paralysed,ite,2,5,940,1058.505615234375,285,1058.078857421875,-1.0054147444495858,-0.4751856421543543,
me_seed0,me,0,leg2_paralysed,ite,2,6,277,1052.4241943359375,285,1058.078857421875,-1.0054147444495858,-0.4751856421543543,
me_seed0,me,0,leg2_paralysed,ite,2,7,411,1058.1328125,285,1058.078857421875,-1.0054147444495858,-0.4751856421543543,
me_seed0,me,0,leg2_paralysed,ite,2,8,335,1058.813232421875,285,1058.078857421875,-1.0054147444495858,-0.4751856421543543,
me_seed0,me,0,leg2_paralysed,ite,2,9,467,1057.0985107421875,285,1058.078857421875,-1.0054147444495858,-0.4751856421543543,
me_seed0,me,0,leg2_paralysed,ite,2,10,515,1056.6142578125,285,1058.078857421875,-1.0054147444495858,-0.4751856421543543,
me_seed0,me,0,leg2_paralysed,ite,2,11,223,1056.6708984375,285,1058.078857421875,-1.0054147444495858,-0.4751856421543543,
me_seed0,me,0,leg2_paralysed,ite,2,12,173,1057.5531005859375,285,1058.078857421875,-1.0054147444495858,-0.4751856421543543,
me_seed0,me,0,leg2_paralysed,ite,2,13,677,1054.459716796875,285,1058.078857421875,-1.0054147444495858,-0.4751856421543543,
me_seed0,me,0,leg2_paralysed,ite,2,14,411,1059.678466796875,411,1059.5784912109375,1.421973066171092,0.6720621398332676,
me_seed0,me,0,leg2_paralysed,ite,2,15,1010,1055.918212890625,411,1059.5784912109375,1.421973066171092,0.6720621398332676,
me_seed0,me,0,leg2_paralysed,ite,2,16,940,1059.519775390625,411,1059.5784912109375,1.421973066171092,0.6720621398332676,
me_seed0,me,0,leg2_paralysed,ite,2,17,277,1050.094970703125,411,1059.5784912109375,1.421973066171092,0.6720621398332676,
me_seed0,me,0,leg2_paralysed,ite,2,18,467,1059.2144775390625,411,1059.5784912109375,1.421973066171092,0.6720621398332676,
me_seed0,me,0,leg2_paralysed,ite,2,19,515,1057.0771484375,411,1059.5784912109375,1.421973066171092,0.6720621398332676,
me_seed0,me,0,leg2_paralysed,ite,2,20,411,1060.585205078125,411,1059.5784912109375,1.421973066171092,0.6720621398332676,
me_seed0,me,0,leg2_paralysed,ite,3,1,285,1056.3597412109375,285,1058.078857421875,-1.0054147444495858,-0.4751856421543543,
me_seed0,me,0,leg2_paralysed,ite,3,2,586,1057.024658203125,586,1057.391845703125,-2.1174488183749562,-1.0007624038170597,
me_seed0,me,0,leg2_paralysed,ite,3,3,173,1060.1246337890625,173,1057.5399169921875,-1.877772675576187,-0.8874851095923153,
me_seed0,me,0,leg2_paralysed,ite,3,4,611,1053.4483642578125,173,1057.5399169921875,-1.877772675576187,-0.8874851095923153,
me_seed0,me,0,leg2_paralysed,ite,3,5,940,1059.4696044921875,173,1057.5399169921875,-1.877772675576187,-0.8874851095923153,
me_seed0,me,0,leg2_paralysed,ite,3,6,277,1050.679443359375,173,1057.5399169921875,-1.877772675576187,-0.8874851095923153,
me_seed0,me,0,leg2_paralysed,ite,3,7,411,1058.135986328125,173,1057.5399169921875,-1.877772675576187,-0.8874851095923153,
me_seed0,me,0,leg2_paralysed,ite,3,8,335,1059.1273193359375,173,1057.5399169921875,-1.877772675576187,-0.8874851095923153,
me_seed0,me,0,leg2_paralysed,ite,3,9,467,1060.3948974609375,467,1060.12109375,2.3002586842589157,1.0871631891564242,
me_seed0,me,0,leg2_paralysed,ite,3,10,515,1060.826416015625,515,1056.3052978515625,-3.8761935397697185,-1.8319917491546114,
me_seed0,me,0,leg2_paralysed,ite,3,11,223,1056.217041015625,515,1056.3052978515625,-3.8761935397697185,-1.8319917491546114,
me_seed0,me,0,leg2_paralysed,ite,3,12,173,1058.7578125,515,1056.3052978515625,-3.8761935397697185,-1.8319917491546114,
me_seed0,me,0,leg2_paralysed,ite,3,13,677,1053.9317626953125,515,1056.3052978515625,-3.8761935397697185,-1.8319917491546114,
me_seed0,me,0,leg2_paralysed,ite,3,14,1010,1060.9390869140625,1010,1058.551025390625,-0.2411383055826113,-0.11396835108979415,
me_seed0,me,0,leg2_paralysed,ite,3,15,411,1060.1494140625,1010,1058.551025390625,-0.2411383055826113,-0.11396835108979415,
me_seed0,me,0,leg2_paralysed,ite,3,16,467,1061.0587158203125,467,1060.12109375,2.3002586842589157,1.0871631891564242,
me_seed0,me,0,leg2_paralysed,ite,3,17,515,1055.765625,467,1060.12109375,2.3002586842589157,1.0871631891564242,
me_seed0,me,0,leg2_paralysed,ite,3,18,940,1057.92578125,467,1060.12109375,2.3002586842589157,1.0871631891564242,
me_seed0,me,0,leg2_paralysed,ite,3,19,173,1060.7176513671875,467,1060.12109375,2.3002586842589157,1.0871631891564242,
me_seed0,me,0,leg2_paralysed,ite,3,20,277,1053.2713623046875,467,1060.12109375,2.3002586842589157,1.0871631891564242,
me_seed0,me,0,leg2_paralysed,ite,4,1,285,1060.0634765625,285,1058.078857421875,-1.0054147444495858,-0.4751856421543543,
me_seed0,me,0,leg2_paralysed,ite,4,2,586,1059.365234375,285,1058.078857421875,-1.0054147444495858,-0.4751856421543543,
me_seed0,me,0,leg2_paralysed,ite,4,3,173,1057.47705078125,285,1058.078857421875,-1.0054147444495858,-0.4751856421543543,
me_seed0,me,0,leg2_paralysed,ite,4,4,611,1054.5084228515625,285,1058.078857421875,-1.0054147444495858,-0.4751856421543543,
me_seed0,me,0,leg2_paralysed,ite,4,5,940,1059.5306396484375,285,1058.078857421875,-1.0054147444495858,-0.4751856421543543,
me_seed0,me,0,leg2_paralysed,ite,4,6,277,1052.296875,285,1058.078857421875,-1.0054147444495858,-0.4751856421543543,
me_seed0,me,0,leg2_paralysed,ite,4,7,411,1058.934326171875,285,1058.078857421875,-1.0054147444495858,-0.4751856421543543,
me_seed0,me,0,leg2_paralysed,ite,4,8,335,1058.4693603515625,285,1058.078857421875,-1.0054147444495858,-0.4751856421543543,
me_seed0,me,0,leg2_paralysed,ite,4,9,467,1059.8472900390625,285,1058.078857421875,-1.0054147444495858,-0.4751856421543543,
me_seed0,me,0,leg2_paralysed,ite,4,10,515,1058.6748046875,285,1058.078857421875,-1.0054147444495858,-0.4751856421543543,
me_seed0,me,0,leg2_paralysed,ite,4,11,223,1057.4813232421875,285,1058.078857421875,-1.0054147444495858,-0.4751856421543543,
me_seed0,me,0,leg2_paralysed,ite,4,12,1010,1056.7056884765625,285,1058.078857421875,-1.0054147444495858,-0.4751856421543543,
me_seed0,me,0,leg2_paralysed,ite,4,13,411,1058.7117919921875,285,1058.078857421875,-1.0054147444495858,-0.4751856421543543,
me_seed0,me,0,leg2_paralysed,ite,4,14,173,1057.65478515625,285,1058.078857421875,-1.0054147444495858,-0.4751856421543543,
me_seed0,me,0,leg2_paralysed,ite,4,15,677,1053.528564453125,285,1058.078857421875,-1.0054147444495858,-0.4751856421543543,
me_seed0,me,0,leg2_paralysed,ite,4,16,467,1061.418701171875,467,1060.12109375,2.3002586842589157,1.0871631891564242,
me_seed0,me,0,leg2_paralysed,ite,4,17,940,1057.6864013671875,467,1060.12109375,2.3002586842589157,1.0871631891564242,
me_seed0,me,0,leg2_paralysed,ite,4,18,515,1054.1343994140625,467,1060.12109375,2.3002586842589157,1.0871631891564242,
me_seed0,me,0,leg2_paralysed,ite,4,19,277,1054.0352783203125,467,1060.12109375,2.3002586842589157,1.0871631891564242,
me_seed0,me,0,leg2_paralysed,ite,4,20,411,1059.710693359375,467,1060.12109375,2.3002586842589157,1.0871631891564242,
me_seed0,me,0,leg2_paralysed,top_k,0,1,285,1060.765625,285,1058.078857421875,-1.0054147444495858,-0.4751856421543543,
me_seed0,me,0,leg2_paralysed,top_k,0,2,911,1054.07958984375,285,1058.078857421875,-1.0054147444495858,-0.4751856421543543,
me_seed0,me,0,leg2_paralysed,top_k,0,3,166,1057.585693359375,285,1058.078857421875,-1.0054147444495858,-0.4751856421543543,
me_seed0,me,0,leg2_paralysed,top_k,0,4,228,1056.344970703125,285,1058.078857421875,-1.0054147444495858,-0.4751856421543543,
me_seed0,me,0,leg2_paralysed,top_k,0,5,458,1055.9757080078125,285,1058.078857421875,-1.0054147444495858,-0.4751856421543543,
me_seed0,me,0,leg2_paralysed,top_k,0,6,515,1057.696044921875,285,1058.078857421875,-1.0054147444495858,-0.4751856421543543,
me_seed0,me,0,leg2_paralysed,top_k,0,7,761,1060.10791015625,285,1058.078857421875,-1.0054147444495858,-0.4751856421543543,
me_seed0,me,0,leg2_paralysed,top_k,0,8,12,1056.796875,285,1058.078857421875,-1.0054147444495858,-0.4751856421543543,
me_seed0,me,0,leg2_paralysed,top_k,0,9,411,1058.287353515625,285,1058.078857421875,-1.0054147444495858,-0.4751856421543543,
me_seed0,me,0,leg2_paralysed,top_k,0,10,612,1051.072021484375,285,1058.078857421875,-1.0054147444495858,-0.4751856421543543,
me_seed0,me,0,leg2_paralysed,top_k,0,11,173,1060.2666015625,285,1058.078857421875,-1.0054147444495858,-0.4751856421543543,
me_seed0,me,0,leg2_paralysed,top_k,0,12,697,1058.43994140625,285,1058.078857421875,-1.0054147444495858,-0.4751856421543543,
me_seed0,me,0,leg2_paralysed,top_k,0,13,689,1060.960205078125,689,1059.152099609375,0.7317927143194008,0.34586462233365317,
me_seed0,me,0,leg2_paralysed,top_k,0,14,198,1059.3446044921875,689,1059.152099609375,0.7317927143194008,0.34586462233365317,
me_seed0,me,0,leg2_paralysed,top_k,0,15,960,1057.84423828125,689,1059.152099609375,0.7317927143194008,0.34586462233365317,
me_seed0,me,0,leg2_paralysed,top_k,0,16,864,1056.373779296875,689,1059.152099609375,0.7317927143194008,0.34586462233365317,
me_seed0,me,0,leg2_paralysed,top_k,0,17,682,1060.2073974609375,689,1059.152099609375,0.7317927143194008,0.34586462233365317,
me_seed0,me,0,leg2_paralysed,top_k,0,18,691,1057.0595703125,689,1059.152099609375,0.7317927143194008,0.34586462233365317,
me_seed0,me,0,leg2_paralysed,top_k,0,19,957,1056.91064453125,689,1059.152099609375,0.7317927143194008,0.34586462233365317,
me_seed0,me,0,leg2_paralysed,top_k,0,20,321,1057.083984375,689,1059.152099609375,0.7317927143194008,0.34586462233365317,
me_seed0,me,0,leg2_paralysed,top_k,1,1,285,1061.562255859375,285,1058.078857421875,-1.0054147444495858,-0.4751856421543543,
me_seed0,me,0,leg2_paralysed,top_k,1,2,911,1055.716796875,285,1058.078857421875,-1.0054147444495858,-0.4751856421543543,
me_seed0,me,0,leg2_paralysed,top_k,1,3,166,1059.8843994140625,285,1058.078857421875,-1.0054147444495858,-0.4751856421543543,
me_seed0,me,0,leg2_paralysed,top_k,1,4,228,1061.753662109375,228,1057.64892578125,-1.7013251936971259,-0.8040913554763245,
me_seed0,me,0,leg2_paralysed,top_k,1,5,458,1056.9271240234375,228,1057.64892578125,-1.7013251936971259,-0.8040913554763245,
me_seed0,me,0,leg2_paralysed,top_k,1,6,515,1055.3695068359375,228,1057.64892578125,-1.7013251936971259,-0.8040913554763245,
me_seed0,me,0,leg2_paralysed,top_k,1,7,761,1059.89453125,228,1057.64892578125,-1.7013251936971259,-0.8040913554763245,
me_seed0,me,0,leg2_paralysed,top_k,1,8,12,1054.689208984375,228,1057.64892578125,-1.7013251936971259,-0.8040913554763245,
me_seed0,me,0,leg2_paralysed,top_k,1,9,411,1061.5263671875,228,1057.64892578125,-1.7013251936971259,-0.8040913554763245,
me_seed0,me,0,leg2_paralysed,top_k,1,10,612,1056.742919921875,228,1057.64892578125,-1.7013251936971259,-0.8040913554763245,
me_seed0,me,0,leg2_paralysed,top_k,1,11,173,1057.0084228515625,228,1057.64892578125,-1.7013251936971259,-0.8040913554763245,
me_seed0,me,0,leg2_paralysed,top_k,1,12,697,1054.8372802734375,228,1057.64892578125,-1.7013251936971259,-0.8040913554763245,
me_seed0,me,0,leg2_paralysed,top_k,1,13,689,1059.529052734375,228,1057.64892578125,-1.7013251936971259,-0.8040913554763245,
me_seed0,me,0,leg2_paralysed,top_k,1,14,198,1058.6007080078125,228,1057.64892578125,-1.7013251936971259,-0.8040913554763245,
me_seed0,me,0,leg2_paralysed,top_k,1,15,960,1059.0482177734375,228,1057.64892578125,-1.7013251936971259,-0.8040913554763245,
me_seed0,me,0,leg2_paralysed,top_k,1,16,864,1053.697021484375,228,1057.64892578125,-1.7013251936971259,-0.8040913554763245,
me_seed0,me,0,leg2_paralysed,top_k,1,17,682,1059.443603515625,228,1057.64892578125,-1.7013251936971259,-0.8040913554763245,
me_seed0,me,0,leg2_paralysed,top_k,1,18,691,1059.17578125,228,1057.64892578125,-1.7013251936971259,-0.8040913554763245,
me_seed0,me,0,leg2_paralysed,top_k,1,19,957,1056.531494140625,228,1057.64892578125,-1.7013251936971259,-0.8040913554763245,
me_seed0,me,0,leg2_paralysed,top_k,1,20,321,1055.3541259765625,228,1057.64892578125,-1.7013251936971259,-0.8040913554763245,
me_seed0,me,0,leg2_paralysed,top_k,2,1,285,1060.533935546875,285,1058.078857421875,-1.0054147444495858,-0.4751856421543543,
me_seed0,me,0,leg2_paralysed,top_k,2,2,911,1054.440673828125,285,1058.078857421875,-1.0054147444495858,-0.4751856421543543,
me_seed0,me,0,leg2_paralysed,top_k,2,3,166,1056.7027587890625,285,1058.078857421875,-1.0054147444495858,-0.4751856421543543,
me_seed0,me,0,leg2_paralysed,top_k,2,4,228,1054.076171875,285,1058.078857421875,-1.0054147444495858,-0.4751856421543543,
me_seed0,me,0,leg2_paralysed,top_k,2,5,458,1057.499755859375,285,1058.078857421875,-1.0054147444495858,-0.4751856421543543,
me_seed0,me,0,leg2_paralysed,top_k,2,6,515,1055.57666015625,285,1058.078857421875,-1.0054147444495858,-0.4751856421543543,
me_seed0,me,0,leg2_paralysed,top_k,2,7,761,1057.09423828125,285,1058.078857421875,-1.0054147444495858,-0.4751856421543543,
me_seed0,me,0,leg2_paralysed,top_k,2,8,12,1054.4580078125,285,1058.078857421875,-1.0054147444495858,-0.4751856421543543,
me_seed0,me,0,leg2_paralysed,top_k,2,9,411,1058.1826171875,285,1058.078857421875,-1.0054147444495858,-0.4751856421543543,
me_seed0,me,0,leg2_paralysed,top_k,2,10,612,1052.946044921875,285,1058.078857421875,-1.0054147444495858,-0.4751856421543543,
me_seed0,me,0,leg2_paralysed,top_k,2,11,173,1060.89111328125,173,1057.5399169921875,-1.877772675576187,-0.8874851095923153,
me_seed0,me,0,leg2_paralysed,top_k,2,12,697,1055.536865234375,173,1057.5399169921875,-1.877772675576187,-0.8874851095923153,
me_seed0,me,0,leg2_paralysed,top_k,2,13,689,1059.6995849609375,173,1057.5399169921875,-1.877772675576187,-0.8874851095923153,
me_seed0,me,0,leg2_paralysed,top_k,2,14,198,1059.218505859375,173,1057.5399169921875,-1.877772675576187,-0.8874851095923153,
me_seed0,me,0,leg2_paralysed,top_k,2,15,960,1057.829833984375,173,1057.5399169921875,-1.877772675576187,-0.8874851095923153,
me_seed0,me,0,leg2_paralysed,top_k,2,16,864,1055.7593994140625,173,1057.5399169921875,-1.877772675576187,-0.8874851095923153,
me_seed0,me,0,leg2_paralysed,top_k,2,17,682,1057.0474853515625,173,1057.5399169921875,-1.877772675576187,-0.8874851095923153,
me_seed0,me,0,leg2_paralysed,top_k,2,18,691,1057.10400390625,173,1057.5399169921875,-1.877772675576187,-0.8874851095923153,
me_seed0,me,0,leg2_paralysed,top_k,2,19,957,1056.2783203125,173,1057.5399169921875,-1.877772675576187,-0.8874851095923153,
me_seed0,me,0,leg2_paralysed,top_k,2,20,321,1055.868408203125,173,1057.5399169921875,-1.877772675576187,-0.8874851095923153,
me_seed0,me,0,leg2_paralysed,top_k,3,1,285,1059.444091796875,285,1058.078857421875,-1.0054147444495858,-0.4751856421543543,
me_seed0,me,0,leg2_paralysed,top_k,3,2,911,1055.4268798828125,285,1058.078857421875,-1.0054147444495858,-0.4751856421543543,
me_seed0,me,0,leg2_paralysed,top_k,3,3,166,1057.257080078125,285,1058.078857421875,-1.0054147444495858,-0.4751856421543543,
me_seed0,me,0,leg2_paralysed,top_k,3,4,228,1057.9427490234375,285,1058.078857421875,-1.0054147444495858,-0.4751856421543543,
me_seed0,me,0,leg2_paralysed,top_k,3,5,458,1056.5008544921875,285,1058.078857421875,-1.0054147444495858,-0.4751856421543543,
me_seed0,me,0,leg2_paralysed,top_k,3,6,515,1056.04296875,285,1058.078857421875,-1.0054147444495858,-0.4751856421543543,
me_seed0,me,0,leg2_paralysed,top_k,3,7,761,1056.26708984375,285,1058.078857421875,-1.0054147444495858,-0.4751856421543543,
me_seed0,me,0,leg2_paralysed,top_k,3,8,12,1054.61474609375,285,1058.078857421875,-1.0054147444495858,-0.4751856421543543,
me_seed0,me,0,leg2_paralysed,top_k,3,9,411,1058.678955078125,285,1058.078857421875,-1.0054147444495858,-0.4751856421543543,
me_seed0,me,0,leg2_paralysed,top_k,3,10,612,1057.019287109375,285,1058.078857421875,-1.0054147444495858,-0.4751856421543543,
me_seed0,me,0,leg2_paralysed,top_k,3,11,173,1057.875732421875,285,1058.078857421875,-1.0054147444495858,-0.4751856421543543,
me_seed0,me,0,leg2_paralysed,top_k,3,12,697,1057.4676513671875,285,1058.078857421875,-1.0054147444495858,-0.4751856421543543,
me_seed0,me,0,leg2_paralysed,top_k,3,13,689,1058.790283203125,285,1058.078857421875,-1.0054147444495858,-0.4751856421543543,
me_seed0,me,0,leg2_paralysed,top_k,3,14,198,1058.8359375,285,1058.078857421875,-1.0054147444495858,-0.4751856421543543,
me_seed0,me,0,leg2_paralysed,top_k,3,15,960,1058.642333984375,285,1058.078857421875,-1.0054147444495858,-0.4751856421543543,
me_seed0,me,0,leg2_paralysed,top_k,3,16,864,1054.6077880859375,285,1058.078857421875,-1.0054147444495858,-0.4751856421543543,
me_seed0,me,0,leg2_paralysed,top_k,3,17,682,1059.38623046875,285,1058.078857421875,-1.0054147444495858,-0.4751856421543543,
me_seed0,me,0,leg2_paralysed,top_k,3,18,691,1058.295166015625,285,1058.078857421875,-1.0054147444495858,-0.4751856421543543,
me_seed0,me,0,leg2_paralysed,top_k,3,19,957,1055.81298828125,285,1058.078857421875,-1.0054147444495858,-0.4751856421543543,
me_seed0,me,0,leg2_paralysed,top_k,3,20,321,1057.44970703125,285,1058.078857421875,-1.0054147444495858,-0.4751856421543543,
me_seed0,me,0,leg2_paralysed,top_k,4,1,285,1059.3153076171875,285,1058.078857421875,-1.0054147444495858,-0.4751856421543543,
me_seed0,me,0,leg2_paralysed,top_k,4,2,911,1053.0843505859375,285,1058.078857421875,-1.0054147444495858,-0.4751856421543543,
me_seed0,me,0,leg2_paralysed,top_k,4,3,166,1055.742431640625,285,1058.078857421875,-1.0054147444495858,-0.4751856421543543,
me_seed0,me,0,leg2_paralysed,top_k,4,4,228,1063.0723876953125,228,1057.64892578125,-1.7013251936971259,-0.8040913554763245,
me_seed0,me,0,leg2_paralysed,top_k,4,5,458,1056.6781005859375,228,1057.64892578125,-1.7013251936971259,-0.8040913554763245,
me_seed0,me,0,leg2_paralysed,top_k,4,6,515,1056.2962646484375,228,1057.64892578125,-1.7013251936971259,-0.8040913554763245,
me_seed0,me,0,leg2_paralysed,top_k,4,7,761,1058.69677734375,228,1057.64892578125,-1.7013251936971259,-0.8040913554763245,
me_seed0,me,0,leg2_paralysed,top_k,4,8,12,1059.142822265625,228,1057.64892578125,-1.7013251936971259,-0.8040913554763245,
me_seed0,me,0,leg2_paralysed,top_k,4,9,411,1058.572265625,228,1057.64892578125,-1.7013251936971259,-0.8040913554763245,
me_seed0,me,0,leg2_paralysed,top_k,4,10,612,1055.2735595703125,228,1057.64892578125,-1.7013251936971259,-0.8040913554763245,
me_seed0,me,0,leg2_paralysed,top_k,4,11,173,1060.623046875,228,1057.64892578125,-1.7013251936971259,-0.8040913554763245,
me_seed0,me,0,leg2_paralysed,top_k,4,12,697,1055.75390625,228,1057.64892578125,-1.7013251936971259,-0.8040913554763245,
me_seed0,me,0,leg2_paralysed,top_k,4,13,689,1058.6531982421875,228,1057.64892578125,-1.7013251936971259,-0.8040913554763245,
me_seed0,me,0,leg2_paralysed,top_k,4,14,198,1054.83642578125,228,1057.64892578125,-1.7013251936971259,-0.8040913554763245,
me_seed0,me,0,leg2_paralysed,top_k,4,15,960,1058.189208984375,228,1057.64892578125,-1.7013251936971259,-0.8040913554763245,
me_seed0,me,0,leg2_paralysed,top_k,4,16,864,1054.9122314453125,228,1057.64892578125,-1.7013251936971259,-0.8040913554763245,
me_seed0,me,0,leg2_paralysed,top_k,4,17,682,1054.3662109375,228,1057.64892578125,-1.7013251936971259,-0.8040913554763245,
me_seed0,me,0,leg2_paralysed,top_k,4,18,691,1059.6751708984375,228,1057.64892578125,-1.7013251936971259,-0.8040913554763245,
me_seed0,me,0,leg2_paralysed,top_k,4,19,957,1059.1253662109375,228,1057.64892578125,-1.7013251936971259,-0.8040913554763245,
me_seed0,me,0,leg2_paralysed,top_k,4,20,321,1056.1240234375,228,1057.64892578125,-1.7013251936971259,-0.8040913554763245,
me_seed0,me,0,leg3_paralysed,ite,0,1,285,1071.6563720703125,285,1066.1484375,9.28264906981211,5.698193427937118,10
me_seed0,me,0,leg3_paralysed,ite,0,2,586,1083.5087890625,586,1077.9766845703125,24.023655712446192,14.747022758930573,10
me_seed0,me,0,leg3_paralysed,ite,0,3,173,1056.7354736328125,586,1077.9766845703125,24.023655712446192,14.747022758930573,10
me_seed0,me,0,leg3_paralysed,ite,0,4,611,1070.7742919921875,586,1077.9766845703125,24.023655712446192,14.747022758930573,10
me_seed0,me,0,leg3_paralysed,ite,0,5,940,1065.2862548828125,586,1077.9766845703125,24.023655712446192,14.747022758930573,10
me_seed0,me,0,leg3_paralysed,ite,0,6,277,1087.956787109375,277,1071.821044921875,16.352161837835947,10.037843768105192,10
me_seed0,me,0,leg3_paralysed,ite,0,7,411,1071.7381591796875,277,1071.821044921875,16.352161837835947,10.037843768105192,10
me_seed0,me,0,leg3_paralysed,ite,0,8,277,1069.930908203125,277,1071.821044921875,16.352161837835947,10.037843768105192,10
me_seed0,me,0,leg3_paralysed,ite,0,9,335,1069.37353515625,277,1071.821044921875,16.352161837835947,10.037843768105192,10
me_seed0,me,0,leg3_paralysed,ite,0,10,223,1085.548828125,277,1071.821044921875,16.352161837835947,10.037843768105192,10
me_seed0,me,0,leg3_paralysed,ite,0,11,515,1056.397705078125,277,1071.821044921875,16.352161837835947,10.037843768105192,10
me_seed0,me,0,leg3_paralysed,ite,0,12,467,1059.84716796875,277,1071.821044921875,16.352161837835947,10.037843768105192,10
me_seed0,me,0,leg3_paralysed,ite,0,13,223,1080.0458984375,277,1071.821044921875,16.352161837835947,10.037843768105192,10
me_seed0,me,0,leg3_paralysed,ite,0,14,586,1070.489501953125,277,1071.821044921875,16.352161837835947,10.037843768105192,10
me_seed0,me,0,leg3_paralysed,ite,0,15,223,1070.041259765625,277,1071.821044921875,16.352161837835947,10.037843768105192,10
me_seed0,me,0,leg3_paralysed,ite,0,16,277,1084.227783203125,277,1071.821044921875,16.352161837835947,10.037843768105192,10
me_seed0,me,0,leg3_paralysed,ite,0,17,277,1080.20947265625,277,1071.821044921875,16.352161837835947,10.037843768105192,10
me_seed0,me,0,leg3_paralysed,ite,0,18,277,1071.5736083984375,277,1071.821044921875,16.352161837835947,10.037843768105192,10
me_seed0,me,0,leg3_paralysed,ite,0,19,411,1073.074462890625,277,1071.821044921875,16.352161837835947,10.037843768105192,10
me_seed0,me,0,leg3_paralysed,ite,0,20,277,1072.843994140625,277,1071.821044921875,16.352161837835947,10.037843768105192,10
me_seed0,me,0,leg3_paralysed,ite,1,1,285,1055.79638671875,285,1066.1484375,9.28264906981211,5.698193427937118,9
me_seed0,me,0,leg3_paralysed,ite,1,2,586,1071.9912109375,586,1077.9766845703125,24.023655712446192,14.747022758930573,9
me_seed0,me,0,leg3_paralysed,ite,1,3,173,1058.322021484375,586,1077.9766845703125,24.023655712446192,14.747022758930573,9
me_seed0,me,0,leg3_paralysed,ite,1,4,611,1075.57177734375,611,1083.14013671875,30.458631408048525,18.69715983099361,9
me_seed0,me,0,leg3_paralysed,ite,1,5,277,1054.602294921875,611,1083.14013671875,30.458631408048525,18.69715983099361,9
me_seed0,me,0,leg3_paralysed,ite,1,6,940,1062.866943359375,611,1083.14013671875,30.458631408048525,18.69715983099361,9
me_seed0,me,0,leg3_paralysed,ite,1,7,411,1065.306396484375,611,1083.14013671875,30.458631408048525,18.69715983099361,9
me_seed0,me,0,leg3_paralysed,ite,1,8,677,1057.2957763671875,611,1083.14013671875,30.458631408048525,18.69715983099361,9
me_seed0,me,0,leg3_paralysed,ite,1,9,223,1084.690185546875,223,1074.6246337890625,19.846147199213256,12.182641473348147,9
me_seed0,me,0,leg3_paralysed,ite,1,10,223,1079.3009033203125,223,1074.6246337890625,19.846147199213256,12.182641473348147,9
me_seed0,me,0,leg3_paralysed,ite,1,11,515,1055.8031005859375,223,1074.6246337890625,19.846147199213256,12.182641473348147,9
me_seed0,me,0,leg3_paralysed,ite,1,12,467,1057.88671875,223,1074.6246337890625,19.846147199213256,12.182641473348147,9
me_seed0,me,0,leg3_paralysed,ite,1,13,223,1098.795166015625,223,1074.6246337890625,19.846147199213256,12.182641473348147,9
me_seed0,me,0,leg3_paralysed,ite,1,14,223,1081.1043701171875,223,1074.6246337890625,19.846147199213256,12.182641473348147,9
me_seed0,me,0,leg3_paralysed,ite,1,15,223,1061.71728515625,223,1074.6246337890625,19.846147199213256,12.182641473348147,9
me_seed0,me,0,leg3_paralysed,ite,1,16,223,1071.2584228515625,223,1074.6246337890625,19.846147199213256,12.182641473348147,9
me_seed0,me,0,leg3_paralysed,ite,1,17,611,1071.836181640625,223,1074.6246337890625,19.846147199213256,12.182641473348147,9
me_seed0,me,0,leg3_paralysed,ite,1,18,223,1074.12255859375,223,1074.6246337890625,19.846147199213256,12.182641473348147,9
me_seed0,me,0,leg3_paralysed,ite,1,19,223,1081.326416015625,223,1074.6246337890625,19.846147199213256,12.182641473348147,9
me_seed0,me,0,leg3_paralysed,ite,1,20,223,1078.845947265625,223,1074.6246337890625,19.846147199213256,12.182641473348147,9
me_seed0,me,0,leg3_paralysed,ite,2,1,285,1058.50244140625,285,1066.1484375,9.28264906981211,5.698193427937118,10
me_seed0,me,0,leg3_paralysed,ite,2,2,586,1075.4012451171875,586,1077.9766845703125,24.023655712446192,14.747022758930573,10
me_seed0,me,0,leg3_paralysed,ite,2,3,173,1060.130859375,586,1077.9766845703125,24.023655712446192,14.747022758930573,10
me_seed0,me,0,leg3_paralysed,ite,2,4,611,1080.281982421875,611,1083.14013671875,30.458631408048525,18.69715983099361,10
me_seed0,me,0,leg3_paralysed,ite,2,5,277,1064.736572265625,611,1083.14013671875,30.458631408048525,18.69715983099361,10
me_seed0,me,0,leg3_paralysed,ite,2,6,940,1059.92431640625,611,1083.14013671875,30.458631408048525,18.69715983099361,10
me_seed0,me,0,leg3_paralysed,ite,2,7,411,1061.9833984375,611,1083.14013671875,30.458631408048525,18.69715983099361,10
me_seed0,me,0,leg3_paralysed,ite,2,8,677,1057.367919921875,611,1083.14013671875,30.458631408048525,18.69715983099361,10
me_seed0,me,0,leg3_paralysed,ite,2,9,223,1082.8876953125,223,1074.6246337890625,19.846147199213256,12.182641473348147,10
me_seed0,me,0,leg3_paralysed,ite,2,10,515,1060.5545654296875,223,1074.6246337890625,19.846147199213256,12.182641473348147,10
me_seed0,me,0,leg3_paralysed,ite,2,11,467,1057.4949951171875,223,1074.6246337890625,19.846147199213256,12.182641473348147,10
me_seed0,me,0,leg3_paralysed,ite,2,12,223,1059.264892578125,223,1074.6246337890625,19.846147199213256,12.182641473348147,10
me_seed0,me,0,leg3_paralysed,ite,2,13,611,1098.82275390625,611,1083.14013671875,30.458631408048525,18.69715983099361,10
me_seed0,me,0,leg3_paralysed,ite,2,14,611,1065.91357421875,611,1083.14013671875,30.458631408048525,18.69715983099361,10
me_seed0,me,0,leg3_paralysed,ite,2,15,611,1058.2518310546875,611,1083.14013671875,30.458631408048525,18.69715983099361,10
me_seed0,me,0,leg3_paralysed,ite,2,16,277,1075.6610107421875,611,1083.14013671875,30.458631408048525,18.69715983099361,10
me_seed0,me,0,leg3_paralysed,ite,2,17,586,1068.537109375,611,1083.14013671875,30.458631408048525,18.69715983099361,10
me_seed0,me,0,leg3_paralysed,ite,2,18,611,1084.682861328125,611,1083.14013671875,30.458631408048525,18.69715983099361,10
me_seed0,me,0,leg3_paralysed,ite,2,19,611,1057.63037109375,611,1083.14013671875,30.458631408048525,18.69715983099361,10
me_seed0,me,0,leg3_paralysed,ite,2,20,277,1093.0906982421875,611,1083.14013671875,30.458631408048525,18.69715983099361,10
me_seed0,me,0,leg3_paralysed,ite,3,1,285,1064.314208984375,285,1066.1484375,9.28264906981211,5.698193427937118,7
me_seed0,me,0,leg3_paralysed,ite,3,2,586,1073.66552734375,586,1077.9766845703125,24.023655712446192,14.747022758930573,7
me_seed0,me,0,leg3_paralysed,ite,3,3,173,1054.79052734375,586,1077.9766845703125,24.023655712446192,14.747022758930573,7
me_seed0,me,0,leg3_paralysed,ite,3,4,611,1090.9527587890625,611,1083.14013671875,30.458631408048525,18.69715983099361,7
me_seed0,me,0,leg3_paralysed,ite,3,5,277,1067.708984375,611,1083.14013671875,30.458631408048525,18.69715983099361,7
me_seed0,me,0,leg3_paralysed,ite,3,6,940,1065.6998291015625,611,1083.14013671875,30.458631408048525,18.69715983099361,7
me_seed0,me,0,leg3_paralysed,ite,3,7,411,1062.2545166015625,611,1083.14013671875,30.458631408048525,18.69715983099361,7
me_seed0,me,0,leg3_paralysed,ite,3,8,611,1071.10400390625,611,1083.14013671875,30.458631408048525,18.69715983099361,7
me_seed0,me,0,leg3_paralysed,ite,3,9,677,1065.6048583984375,611,1083.14013671875,30.458631408048525,18.69715983099361,7
me_seed0,me,0,leg3_paralysed,ite,3,10,223,1080.45068359375,611,1083.14013671875,30.458631408048525,18.69715983099361,7
me_seed0,me,0,leg3_paralysed,ite,3,11,515,1056.2265625,611,1083.14013671875,30.458631408048525,18.69715983099361,7
me_seed0,me,0,leg3_paralysed,ite,3,12,467,1061.2779541015625,611,1083.14013671875,30.458631408048525,18.69715983099361,7
me_seed0,me,0,leg3_paralysed,ite,3,13,611,1069.11474609375,611,1083.14013671875,30.458631408048525,18.69715983099361,7
me_seed0,me,0,leg3_paralysed,ite,3,14,223,1084.064697265625,611,1083.14013671875,30.458631408048525,18.69715983099361,7
me_seed0,me,0,leg3_paralysed,ite,3,15,223,1068.034423828125,611,1083.14013671875,30.458631408048525,18.69715983099361,7
me_seed0,me,0,leg3_paralysed,ite,3,16,277,1067.76953125,611,1083.14013671875,30.458631408048525,18.69715983099361,7
me_seed0,me,0,leg3_paralysed,ite,3,17,611,1076.745361328125,611,1083.14013671875,30.458631408048525,18.69715983099361,7
me_seed0,me,0,leg3_paralysed,ite,3,18,223,1077.236328125,611,1083.14013671875,30.458631408048525,18.69715983099361,7
me_seed0,me,0,leg3_paralysed,ite,3,19,611,1083.493896484375,611,1083.14013671875,30.458631408048525,18.69715983099361,7
me_seed0,me,0,leg3_paralysed,ite,3,20,611,1083.938720703125,611,1083.14013671875,30.458631408048525,18.69715983099361,7
me_seed0,me,0,leg3_paralysed,ite,4,1,285,1068.75048828125,285,1066.1484375,9.28264906981211,5.698193427937118,8
me_seed0,me,0,leg3_paralysed,ite,4,2,586,1068.3045654296875,285,1066.1484375,9.28264906981211,5.698193427937118,8
me_seed0,me,0,leg3_paralysed,ite,4,3,173,1063.8310546875,285,1066.1484375,9.28264906981211,5.698193427937118,8
me_seed0,me,0,leg3_paralysed,ite,4,4,611,1088.91162109375,611,1083.14013671875,30.458631408048525,18.69715983099361,8
me_seed0,me,0,leg3_paralysed,ite,4,5,940,1059.486083984375,611,1083.14013671875,30.458631408048525,18.69715983099361,8
me_seed0,me,0,leg3_paralysed,ite,4,6,277,1056.495849609375,611,1083.14013671875,30.458631408048525,18.69715983099361,8
me_seed0,me,0,leg3_paralysed,ite,4,7,411,1065.203125,611,1083.14013671875,30.458631408048525,18.69715983099361,8
me_seed0,me,0,leg3_paralysed,ite,4,8,677,1067.2548828125,611,1083.14013671875,30.458631408048525,18.69715983099361,8
me_seed0,me,0,leg3_paralysed,ite,4,9,515,1062.5784912109375,611,1083.14013671875,30.458631408048525,18.69715983099361,8
me_seed0,me,0,leg3_paralysed,ite,4,10,611,1067.68017578125,611,1083.14013671875,30.458631408048525,18.69715983099361,8
me_seed0,me,0,leg3_paralysed,ite,4,11,467,1064.6064453125,611,1083.14013671875,30.458631408048525,18.69715983099361,8
me_seed0,me,0,leg3_paralysed,ite,4,12,223,1082.72900390625,611,1083.14013671875,30.458631408048525,18.69715983099361,8
me_seed0,me,0,leg3_paralysed,ite,4,13,223,1074.88623046875,611,1083.14013671875,30.458631408048525,18.69715983099361,8
me_seed0,me,0,leg3_paralysed,ite,4,14,1010,1062.5220947265625,611,1083.14013671875,30.458631408048525,18.69715983099361,8
me_seed0,me,0,leg3_paralysed,ite,4,15,611,1058.8505859375,611,1083.14013671875,30.458631408048525,18.69715983099361,8
me_seed0,me,0,leg3_paralysed,ite,4,16,223,1079.9404296875,611,1083.14013671875,30.458631408048525,18.69715983099361,8
me_seed0,me,0,leg3_paralysed,ite,4,17,223,1076.64013671875,611,1083.14013671875,30.458631408048525,18.69715983099361,8
me_seed0,me,0,leg3_paralysed,ite,4,18,223,1070.673828125,611,1083.14013671875,30.458631408048525,18.69715983099361,8
me_seed0,me,0,leg3_paralysed,ite,4,19,411,1061.11767578125,611,1083.14013671875,30.458631408048525,18.69715983099361,8
me_seed0,me,0,leg3_paralysed,ite,4,20,223,1061.7105712890625,611,1083.14013671875,30.458631408048525,18.69715983099361,8
me_seed0,me,0,leg3_paralysed,top_k,0,1,285,1072.4222412109375,285,1066.1484375,9.28264906981211,5.698193427937118,
me_seed0,me,0,leg3_paralysed,top_k,0,2,911,1065.606689453125,285,1066.1484375,9.28264906981211,5.698193427937118,
me_seed0,me,0,leg3_paralysed,top_k,0,3,166,1054.68359375,285,1066.1484375,9.28264906981211,5.698193427937118,
me_seed0,me,0,leg3_paralysed,top_k,0,4,228,1055.016845703125,285,1066.1484375,9.28264906981211,5.698193427937118,
me_seed0,me,0,leg3_paralysed,top_k,0,5,458,1060.625244140625,285,1066.1484375,9.28264906981211,5.698193427937118,
me_seed0,me,0,leg3_paralysed,top_k,0,6,515,1058.02099609375,285,1066.1484375,9.28264906981211,5.698193427937118,
me_seed0,me,0,leg3_paralysed,top_k,0,7,761,1062.3486328125,285,1066.1484375,9.28264906981211,5.698193427937118,
me_seed0,me,0,leg3_paralysed,top_k,0,8,12,1066.70654296875,285,1066.1484375,9.28264906981211,5.698193427937118,
me_seed0,me,0,leg3_paralysed,top_k,0,9,411,1063.162109375,285,1066.1484375,9.28264906981211,5.698193427937118,
me_seed0,me,0,leg3_paralysed,top_k,0,10,612,1057.806396484375,285,1066.1484375,9.28264906981211,5.698193427937118,
me_seed0,me,0,leg3_paralysed,top_k,0,11,173,1057.442138671875,285,1066.1484375,9.28264906981211,5.698193427937118,
me_seed0,me,0,leg3_paralysed,top_k,0,12,697,1067.19384765625,285,1066.1484375,9.28264906981211,5.698193427937118,
me_seed0,me,0,leg3_paralysed,top_k,0,13,689,1073.653564453125,689,1065.425537109375,8.381731174132378,5.145161163799495,
me_seed0,me,0,leg3_paralysed,top_k,0,14,198,1055.717529296875,689,1065.425537109375,8.381731174132378,5.145161163799495,
me_seed0,me,0,leg3_paralysed,top_k,0,15,960,1067.879638671875,689,1065.425537109375,8.381731174132378,5.145161163799495,
me_seed0,me,0,leg3_paralysed,top_k,0,16,864,1064.5887451171875,689,1065.425537109375,8.381731174132378,5.145161163799495,
me_seed0,me,0,leg3_paralysed,top_k,0,17,682,1069.6292724609375,689,1065.425537109375,8.381731174132378,5.145161163799495,
me_seed0,me,0,leg3_paralysed,top_k,0,18,691,1063.8372802734375,689,1065.425537109375,8.381731174132378,5.145161163799495,
me_seed0,me,0,leg3_paralysed,top_k,0,19,957,1063.5333251953125,689,1065.425537109375,8.381731174132378,5.145161163799495,
me_seed0,me,0,leg3_paralysed,top_k,0,20,321,1067.412353515625,689,1065.425537109375,8.381731174132378,5.145161163799495,
me_seed0,me,0,leg3_paralysed,top_k,1,1,285,1067.870849609375,285,1066.1484375,9.28264906981211,5.698193427937118,
me_seed0,me,0,leg3_paralysed,top_k,1,2,911,1065.552001953125,285,1066.1484375,9.28264906981211,5.698193427937118,
me_seed0,me,0,leg3_paralysed,top_k,1,3,166,1054.44091796875,285,1066.1484375,9.28264906981211,5.698193427937118,
me_seed0,me,0,leg3_paralysed,top_k,1,4,228,1066.1474609375,285,1066.1484375,9.28264906981211,5.698193427937118,
me_seed0,me,0,leg3_paralysed,top_k,1,5,458,1056.995849609375,285,1066.1484375,9.28264906981211,5.698193427937118,
me_seed0,me,0,leg3_paralysed,top_k,1,6,515,1054.8458251953125,285,1066.1484375,9.28264906981211,5.698193427937118,
me_seed0,me,0,leg3_paralysed,top_k,1,7,761,1062.2783203125,285,1066.1484375,9.28264906981211,5.698193427937118,
me_seed0,me,0,leg3_paralysed,top_k,1,8,12,1064.843505859375,285,1066.1484375,9.28264906981211,5.698193427937118,
me_seed0,me,0,leg3_paralysed,top_k,1,9,411,1069.0205078125,411,1067.3018798828125,10.720131879045104,6.58059833571091,
me_seed0,me,0,leg3_paralysed,top_k,1,10,612,1051.8408203125,411,1067.3018798828125,10.720131879045104,6.58059833571091,
me_seed0,me,0,leg3_paralysed,top_k,1,11,173,1058.2781982421875,411,1067.3018798828125,10.720131879045104,6.58059833571091,
me_seed0,me,0,leg3_paralysed,top_k,1,12,697,1067.7161865234375,411,1067.3018798828125,10.720131879045104,6.58059833571091,
me_seed0,me,0,leg3_paralysed,top_k,1,13,689,1069.333740234375,689,1065.425537109375,8.381731174132378,5.145161163799495,
me_seed0,me,0,leg3_paralysed,top_k,1,14,198,1060.382568359375,689,1065.425537109375,8.381731174132378,5.145161163799495,
me_seed0,me,0,leg3_paralysed,top_k,1,15,960,1066.5439453125,689,1065.425537109375,8.381731174132378,5.145161163799495,
me_seed0,me,0,leg3_paralysed,top_k,1,16,864,1056.728271484375,689,1065.425537109375,8.381731174132378,5.145161163799495,
me_seed0,me,0,leg3_paralysed,top_k,1,17,682,1068.9444580078125,689,1065.425537109375,8.381731174132378,5.145161163799495,
me_seed0,me,0,leg3_paralysed,top_k,1,18,691,1063.3848876953125,689,1065.425537109375,8.381731174132378,5.145161163799495,
me_seed0,me,0,leg3_paralysed,top_k,1,19,957,1062.3902587890625,689,1065.425537109375,8.381731174132378,5.145161163799495,
me_seed0,me,0,leg3_paralysed,top_k,1,20,321,1063.955810546875,689,1065.425537109375,8.381731174132378,5.145161163799495,
me_seed0,me,0,leg3_paralysed,top_k,2,1,285,1061.145751953125,285,1066.1484375,9.28264906981211,5.698193427937118,
me_seed0,me,0,leg3_paralysed,top_k,2,2,911,1064.38623046875,911,1061.2696533203125,3.2024421234034857,1.9658326544166225,
me_seed0,me,0,leg3_paralysed,top_k,2,3,166,1056.583251953125,911,1061.2696533203125,3.2024421234034857,1.9658326544166225,
me_seed0,me,0,leg3_paralysed,top_k,2,4,228,1054.380126953125,911,1061.2696533203125,3.2024421234034857,1.9658326544166225,
me_seed0,me,0,leg3_paralysed,top_k,2,5,458,1056.7628173828125,911,1061.2696533203125,3.2024421234034857,1.9658326544166225,
me_seed0,me,0,leg3_paralysed,top_k,2,6,515,1063.0662841796875,911,1061.2696533203125,3.2024421234034857,1.9658326544166225,
me_seed0,me,0,leg3_paralysed,top_k,2,7,761,1068.21337890625,761,1065.1319580078125,8.015856885191182,4.920567682669643,
me_seed0,me,0,leg3_paralysed,top_k,2,8,12,1064.096435546875,761,1065.1319580078125,8.015856885191182,4.920567682669643,
me_seed0,me,0,leg3_paralysed,top_k,2,9,411,1073.708984375,411,1067.3018798828125,10.720131879045104,6.58059833571091,
me_seed0,me,0,leg3_paralysed,top_k,2,10,612,1057.965576171875,411,1067.3018798828125,10.720131879045104,6.58059833571091,
me_seed0,me,0,leg3_paralysed,top_k,2,11,173,1059.9970703125,411,1067.3018798828125,10.720131879045104,6.58059833571091,
me_seed0,me,0,leg3_paralysed,top_k,2,12,697,1055.7554931640625,411,1067.3018798828125,10.720131879045104,6.58059833571091,
me_seed0,me,0,leg3_paralysed,top_k,2,13,689,1061.56494140625,411,1067.3018798828125,10.720131879045104,6.58059833571091,
me_seed0,me,0,leg3_paralysed,top_k,2,14,198,1059.733154296875,411,1067.3018798828125,10.720131879045104,6.58059833571091,
me_seed0,me,0,leg3_paralysed,top_k,2,15,960,1066.96923828125,411,1067.3018798828125,10.720131879045104,6.58059833571091,
me_seed0,me,0,leg3_paralysed,top_k,2,16,864,1063.4466552734375,411,1067.3018798828125,10.720131879045104,6.58059833571091,
me_seed0,me,0,leg3_paralysed,top_k,2,17,682,1068.00732421875,411,1067.3018798828125,10.720131879045104,6.58059833571091,
me_seed0,me,0,leg3_paralysed,top_k,2,18,691,1063.474853515625,411,1067.3018798828125,10.720131879045104,6.58059833571091,
me_seed0,me,0,leg3_paralysed,top_k,2,19,957,1061.1854248046875,411,1067.3018798828125,10.720131879045104,6.58059833571091,
me_seed0,me,0,leg3_paralysed,top_k,2,20,321,1060.9718017578125,411,1067.3018798828125,10.720131879045104,6.58059833571091,
me_seed0,me,0,leg3_paralysed,top_k,3,1,285,1061.5933837890625,285,1066.1484375,9.28264906981211,5.698193427937118,
me_seed0,me,0,leg3_paralysed,top_k,3,2,911,1066.6116943359375,911,1061.2696533203125,3.2024421234034857,1.9658326544166225,
me_seed0,me,0,leg3_paralysed,top_k,3,3,166,1057.97509765625,911,1061.2696533203125,3.2024421234034857,1.9658326544166225,
me_seed0,me,0,leg3_paralysed,top_k,3,4,228,1056.62451171875,911,1061.2696533203125,3.2024421234034857,1.9658326544166225,
me_seed0,me,0,leg3_paralysed,top_k,3,5,458,1057.0400390625,911,1061.2696533203125,3.2024421234034857,1.9658326544166225,
me_seed0,me,0,leg3_paralysed,top_k,3,6,515,1055.87646484375,911,1061.2696533203125,3.2024421234034857,1.9658326544166225,
me_seed0,me,0,leg3_paralysed,top_k,3,7,761,1068.845947265625,761,1065.1319580078125,8.015856885191182,4.920567682669643,
me_seed0,me,0,leg3_paralysed,top_k,3,8,12,1063.712646484375,761,1065.1319580078125,8.015856885191182,4.920567682669643,
me_seed0,me,0,leg3_paralysed,top_k,3,9,411,1064.416259765625,761,1065.1319580078125,8.015856885191182,4.920567682669643,
me_seed0,me,0,leg3_paralysed,top_k,3,10,612,1056.104736328125,761,1065.1319580078125,8.015856885191182,4.920567682669643,
me_seed0,me,0,leg3_paralysed,top_k,3,11,173,1058.73974609375,761,1065.1319580078125,8.015856885191182,4.920567682669643,
me_seed0,me,0,leg3_paralysed,top_k,3,12,697,1060.908935546875,761,1065.1319580078125,8.015856885191182,4.920567682669643,
me_seed0,me,0,leg3_paralysed,top_k,3,13,689,1064.193603515625,761,1065.1319580078125,8.015856885191182,4.920567682669643,
me_seed0,me,0,leg3_paralysed,top_k,3,14,198,1061.6165771484375,761,1065.1319580078125,8.015856885191182,4.920567682669643,
me_seed0,me,0,leg3_paralysed,top_k,3,15,960,1064.2509765625,761,1065.1319580078125,8.015856885191182,4.920567682669643,
me_seed0,me,0,leg3_paralysed,top_k,3,16,864,1065.889892578125,761,1065.1319580078125,8.015856885191182,4.920567682669643,
me_seed0,me,0,leg3_paralysed,top_k,3,17,682,1070.530517578125,682,1060.751953125,2.5572559032789086,1.5697823619127962,
me_seed0,me,0,leg3_paralysed,top_k,3,18,691,1056.2490234375,682,1060.751953125,2.5572559032789086,1.5697823619127962,
me_seed0,me,0,leg3_paralysed,top_k,3,19,957,1062.305419921875,682,1060.751953125,2.5572559032789086,1.5697823619127962,
me_seed0,me,0,leg3_paralysed,top_k,3,20,321,1064.4876708984375,682,1060.751953125,2.5572559032789086,1.5697823619127962,
me_seed0,me,0,leg3_paralysed,top_k,4,1,285,1061.868896484375,285,1066.1484375,9.28264906981211,5.698193427937118,
me_seed0,me,0,leg3_paralysed,top_k,4,2,911,1062.822021484375,911,1061.2696533203125,3.2024421234034857,1.9658326544166225,
me_seed0,me,0,leg3_paralysed,top_k,4,3,166,1060.8980712890625,911,1061.2696533203125,3.2024421234034857,1.9658326544166225,
me_seed0,me,0,leg3_paralysed,top_k,4,4,228,1064.7669677734375,228,1064.54443359375,7.283651915264375,4.4711005622214195,
me_seed0,me,0,leg3_paralysed,top_k,4,5,458,1055.67626953125,228,1064.54443359375,7.283651915264375,4.4711005622214195,
me_seed0,me,0,leg3_paralysed,top_k,4,6,515,1063.627685546875,228,1064.54443359375,7.283651915264375,4.4711005622214195,
me_seed0,me,0,leg3_paralysed,top_k,4,7,761,1065.089111328125,761,1065.1319580078125,8.015856885191182,4.920567682669643,
me_seed0,me,0,leg3_paralysed,top_k,4,8,12,1059.134033203125,761,1065.1319580078125,8.015856885191182,4.920567682669643,
me_seed0,me,0,leg3_paralysed,top_k,4,9,411,1062.146728515625,761,1065.1319580078125,8.015856885191182,4.920567682669643,
me_seed0,me,0,leg3_paralysed,top_k,4,10,612,1057.038330078125,761,1065.1319580078125,8.015856885191182,4.920567682669643,
me_seed0,me,0,leg3_paralysed,top_k,4,11,173,1055.816650390625,761,1065.1319580078125,8.015856885191182,4.920567682669643,
me_seed0,me,0,leg3_paralysed,top_k,4,12,697,1065.48486328125,697,1063.869873046875,6.442977769447725,3.9550491789683795,
me_seed0,me,0,leg3_paralysed,top_k,4,13,689,1070.8292236328125,689,1065.425537109375,8.381731174132378,5.145161163799495,
me_seed0,me,0,leg3_paralysed,top_k,4,14,198,1055.627685546875,689,1065.425537109375,8.381731174132378,5.145161163799495,
me_seed0,me,0,leg3_paralysed,top_k,4,15,960,1066.2978515625,689,1065.425537109375,8.381731174132378,5.145161163799495,
me_seed0,me,0,leg3_paralysed,top_k,4,16,864,1055.5,689,1065.425537109375,8.381731174132378,5.145161163799495,
me_seed0,me,0,leg3_paralysed,top_k,4,17,682,1057.1944580078125,689,1065.425537109375,8.381731174132378,5.145161163799495,
me_seed0,me,0,leg3_paralysed,top_k,4,18,691,1056.4593505859375,689,1065.425537109375,8.381731174132378,5.145161163799495,
me_seed0,me,0,leg3_paralysed,top_k,4,19,957,1065.08837890625,689,1065.425537109375,8.381731174132378,5.145161163799495,
me_seed0,me,0,leg3_paralysed,top_k,4,20,321,1062.90234375,689,1065.425537109375,8.381731174132378,5.145161163799495,
me_seed0,me,0,leg4_paralysed,ite,0,1,285,1073.6973876953125,285,1079.538818359375,34.589941515159325,15.9420842050922,8
me_seed0,me,0,leg4_paralysed,ite,0,2,586,1092.5152587890625,586,1085.3114013671875,44.171737622221606,20.358217730726118,8
me_seed0,me,0,leg4_paralysed,ite,0,3,173,1089.3468017578125,586,1085.3114013671875,44.171737622221606,20.358217730726118,8
me_seed0,me,0,leg4_paralysed,ite,0,4,611,1086.354736328125,586,1085.3114013671875,44.171737622221606,20.358217730726118,8
me_seed0,me,0,leg4_paralysed,ite,0,5,277,1074.832275390625,586,1085.3114013671875,44.171737622221606,20.358217730726118,8
me_seed0,me,0,leg4_paralysed,ite,0,6,940,1061.92578125,586,1085.3114013671875,44.171737622221606,20.358217730726118,8
me_seed0,me,0,leg4_paralysed,ite,0,7,411,1085.998291015625,586,1085.3114013671875,44.171737622221606,20.358217730726118,8
me_seed0,me,0,leg4_paralysed,ite,0,8,515,1095.9390869140625,515,1093.640380859375,57.99684557927221,26.730042184352282,8
me_seed0,me,0,leg4_paralysed,ite,0,9,515,1099.05712890625,515,1093.640380859375,57.99684557927221,26.730042184352282,8
me_seed0,me,0,leg4_paralysed,ite,0,10,173,1086.707763671875,515,1093.640380859375,57.99684557927221,26.730042184352282,8
me_seed0,me,0,leg4_paralysed,ite,0,11,677,1107.7921142578125,677,1104.232177734375,75.57795925512875,34.83296408484084,8
me_seed0,me,0,leg4_paralysed,ite,0,12,677,1083.26953125,677,1104.232177734375,75.57795925512875,34.83296408484084,8
me_seed0,me,0,leg4_paralysed,ite,0,13,515,1095.93017578125,677,1104.232177734375,75.57795925512875,34.83296408484084,8
me_seed0,me,0,leg4_paralysed,ite,0,14,515,1089.740234375,677,1104.232177734375,75.57795925512875,34.83296408484084,8
me_seed0,me,0,leg4_paralysed,ite,0,15,1010,1092.273193359375,677,1104.232177734375,75.57795925512875,34.83296408484084,8
me_seed0,me,0,leg4_paralysed,ite,0,16,721,1079.3956298828125,677,1104.232177734375,75.57795925512875,34.83296408484084,8
me_seed0,me,0,leg4_paralysed,ite,0,17,515,1079.2626953125,677,1104.232177734375,75.57795925512875,34.83296408484084,8
me_seed0,me,0,leg4_paralysed,ite,0,18,467,1084.7420654296875,677,1104.232177734375,75.57795925512875,34.83296408484084,8
me_seed0,me,0,leg4_paralysed,ite,0,19,223,1056.47802734375,677,1104.232177734375,75.57795925512875,34.83296408484084,8
me_seed0,me,0,leg4_paralysed,ite,0,20,611,1070.0826416015625,677,1104.232177734375,75.57795925512875,34.83296408484084,8
me_seed0,me,0,leg4_paralysed,ite,1,1,285,1088.2919921875,285,1079.538818359375,34.589941515159325,15.9420842050922,2
me_seed0,me,0,leg4_paralysed,ite,1,2,586,1140.973388671875,586,1085.3114013671875,44.171737622221606,20.358217730726118,2
me_seed0,me,0,leg4_paralysed,ite,1,3,586,1077.207763671875,586,1085.3114013671875,44.171737622221606,20.358217730726118,2
me_seed0,me,0,leg4_paralysed,ite,1,4,515,1096.2353515625,586,1085.3114013671875,44.171737622221606,20.358217730726118,2
me_seed0,me,0,leg4_paralysed,ite,1,5,611,1072.2379150390625,586,1085.3114013671875,44.171737622221606,20.358217730726118,2
me_seed0,me,0,leg4_paralysed,ite,1,6,173,1102.26513671875,586,1085.3114013671875,44.171737622221606,20.358217730726118,2
me_seed0,me,0,leg4_paralysed,ite,1,7,940,1069.17236328125,586,1085.3114013671875,44.171737622221606,20.358217730726118,2
me_seed0,me,0,leg4_paralysed,ite,1,8,277,1097.781982421875,586,1085.3114013671875,44.171737622221606,20.358217730726118,2
me_seed0,me,0,leg4_paralysed,ite,1,9,411,1091.2064208984375,586,1085.3114013671875,44.171737622221606,20.358217730726118,2
me_seed0,me,0,leg4_paralysed,ite,1,10,173,1093.121826171875,586,1085.3114013671875,44.171737622221606,20.358217730726118,2
me_seed0,me,0,leg4_paralysed,ite,1,11,586,1100.9044189453125,586,1085.3114013671875,44.171737622221606,20.358217730726118,2
me_seed0,me,0,leg4_paralysed,ite,1,12,586,1149.8553466796875,586,1085.3114013671875,44.171737622221606,20.358217730726118,2
me_seed0,me,0,leg4_paralysed,ite,1,13,586,1062.6363525390625,586,1085.3114013671875,44.171737622221606,20.358217730726118,2
me_seed0,me,0,leg4_paralysed,ite,1,14,586,1141.18994140625,586,1085.3114013671875,44.171737622221606,20.358217730726118,2
me_seed0,me,0,leg4_paralysed,ite,1,15,586,1089.0765380859375,586,1085.3114013671875,44.171737622221606,20.358217730726118,2
me_seed0,me,0,leg4_paralysed,ite,1,16,586,1129.5357666015625,586,1085.3114013671875,44.171737622221606,20.358217730726118,2
me_seed0,me,0,leg4_paralysed,ite,1,17,586,1069.77880859375,586,1085.3114013671875,44.171737622221606,20.358217730726118,2
me_seed0,me,0,leg4_paralysed,ite,1,18,586,1056.5277099609375,586,1085.3114013671875,44.171737622221606,20.358217730726118,2
me_seed0,me,0,leg4_paralysed,ite,1,19,612,1066.28955078125,586,1085.3114013671875,44.171737622221606,20.358217730726118,2
me_seed0,me,0,leg4_paralysed,ite,1,20,277,1132.7314453125,586,1085.3114013671875,44.171737622221606,20.358217730726118,2
me_seed0,me,0,leg4_paralysed,ite,2,1,285,1080.4556884765625,285,1079.538818359375,34.589941515159325,15.9420842050922,6
me_seed0,me,0,leg4_paralysed,ite,2,2,586,1042.2904052734375,285,1079.538818359375,34.589941515159325,15.9420842050922,6
me_seed0,me,0,leg4_paralysed,ite,2,3,173,1088.403564453125,173,1092.5233154296875,56.14265081567546,25.875466323304764,6
me_seed0,me,0,leg4_paralysed,ite,2,4,515,1098.6923828125,515,1093.640380859375,57.99684557927221,26.730042184352282,6
me_seed0,me,0,leg4_paralysed,ite,2,5,467,1057.955322265625,515,1093.640380859375,57.99684557927221,26.730042184352282,6
me_seed0,me,0,leg4_paralysed,ite,2,6,515,1094.887451171875,515,1093.640380859375,57.99684557927221,26.730042184352282,6
me_seed0,me,0,leg4_paralysed,ite,2,7,611,1098.4788818359375,515,1093.640380859375,57.99684557927221,26.730042184352282,6
me_seed0,me,0,leg4_paralysed,ite,2,8,515,1092.348876953125,515,1093.640380859375,57.99684557927221,26.730042184352282,6
me_seed0,me,0,leg4_paralysed,ite,2,9,611,1107.62548828125,611,1098.28857421875,65.71228959721968,30.28599668516829,6
me_seed0,me,0,leg4_paralysed,ite,2,10,611,1081.459228515625,611,1098.28857421875,65.71228959721968,30.28599668516829,6
me_seed0,me,0,leg4_paralysed,ite,2,11,1010,1064.4156494140625,611,1098.28857421875,65.71228959721968,30.28599668516829,6
me_seed0,me,0,leg4_paralysed,ite,2,12,411,1098.400146484375,611,1098.28857421875,65.71228959721968,30.28599668516829,6
me_seed0,me,0,leg4_paralysed,ite,2,13,411,1086.5587158203125,611,1098.28857421875,65.71228959721968,30.28599668516829,6
me_seed0,me,0,leg4_paralysed,ite,2,14,515,1091.7763671875,611,1098.28857421875,65.71228959721968,30.28599668516829,6
me_seed0,me,0,leg4_paralysed,ite,2,15,611,1115.572021484375,611,1098.28857421875,65.71228959721968,30.28599668516829,6
me_seed0,me,0,leg4_paralysed,ite,2,16,611,1127.3134765625,611,1098.28857421875,65.71228959721968,30.28599668516829,6
me_seed0,me,0,leg4_paralysed,ite,2,17,611,1105.75146484375,611,1098.28857421875,65.71228959721968,30.28599668516829,6
me_seed0,me,0,leg4_paralysed,ite,2,18,611,1116.278564453125,611,1098.28857421875,65.71228959721968,30.28599668516829,6
me_seed0,me,0,leg4_paralysed,ite,2,19,611,1104.4559326171875,611,1098.28857421875,65.71228959721968,30.28599668516829,6
me_seed0,me,0,leg4_paralysed,ite,2,20,611,1100.691650390625,611,1098.28857421875,65.71228959721968,30.28599668516829,6
me_seed0,me,0,leg4_paralysed,ite,3,1,285,1104.679931640625,285,1079.538818359375,34.589941515159325,15.9420842050922,8
me_seed0,me,0,leg4_paralysed,ite,3,2,586,1100.133544921875,285,1079.538818359375,34.589941515159325,15.9420842050922,8
me_seed0,me,0,leg4_paralysed,ite,3,3,515,1084.4990234375,285,1079.538818359375,34.589941515159325,15.9420842050922,8
me_seed0,me,0,leg4_paralysed,ite,3,4,467,1079.2484130859375,285,1079.538818359375,34.589941515159325,15.9420842050922,8
me_seed0,me,0,leg4_paralysed,ite,3,5,611,1105.166748046875,611,1098.28857421875,65.71228959721968,30.28599668516829,8
me_seed0,me,0,leg4_paralysed,ite,3,6,411,1085.53466796875,611,1098.28857421875,65.71228959721968,30.28599668516829,8
me_seed0,me,0,leg4_paralysed,ite,3,7,277,1052.5859375,611,1098.28857421875,65.71228959721968,30.28599668516829,8
me_seed0,me,0,leg4_paralysed,ite,3,8,1010,1081.64892578125,611,1098.28857421875,65.71228959721968,30.28599668516829,8
me_seed0,me,0,leg4_paralysed,ite,3,9,940,1078.0128173828125,611,1098.28857421875,65.71228959721968,30.28599668516829,8
me_seed0,me,0,leg4_paralysed,ite,3,10,611,1083.310546875,611,1098.28857421875,65.71228959721968,30.28599668516829,8
me_seed0,me,0,leg4_paralysed,ite,3,11,173,1095.6217041015625,611,1098.28857421875,65.71228959721968,30.28599668516829,8
me_seed0,me,0,leg4_paralysed,ite,3,12,721,1090.204345703125,611,1098.28857421875,65.71228959721968,30.28599668516829,8
me_seed0,me,0,leg4_paralysed,ite,3,13,173,1097.446044921875,611,1098.28857421875,65.71228959721968,30.28599668516829,8
me_seed0,me,0,leg4_paralysed,ite,3,14,911,1073.377685546875,611,1098.28857421875,65.71228959721968,30.28599668516829,8
me_seed0,me,0,leg4_paralysed,ite,3,15,173,1096.927001953125,611,1098.28857421875,65.71228959721968,30.28599668516829,8
me_seed0,me,0,leg4_paralysed,ite,3,16,173,1098.132568359375,611,1098.28857421875,65.71228959721968,30.28599668516829,8
me_seed0,me,0,leg4_paralysed,ite,3,17,173,1092.19384765625,611,1098.28857421875,65.71228959721968,30.28599668516829,8
me_seed0,me,0,leg4_paralysed,ite,3,18,411,1082.0748291015625,611,1098.28857421875,65.71228959721968,30.28599668516829,8
me_seed0,me,0,leg4_paralysed,ite,3,19,223,1070.7559814453125,611,1098.28857421875,65.71228959721968,30.28599668516829,8
me_seed0,me,0,leg4_paralysed,ite,3,20,173,1089.50048828125,611,1098.28857421875,65.71228959721968,30.28599668516829,8
me_seed0,me,0,leg4_paralysed,ite,4,1,285,1079.19384765625,285,1079.538818359375,34.589941515159325,15.9420842050922,6
me_seed0,me,0,leg4_paralysed,ite,4,2,586,1071.5556640625,285,1079.538818359375,34.589941515159325,15.9420842050922,6
me_seed0,me,0,leg4_paralysed,ite,4,3,173,1098.1793212890625,173,1092.5233154296875,56.14265081567546,25.875466323304764,6
me_seed0,me,0,leg4_paralysed,ite,4,4,515,1087.55859375,173,1092.5233154296875,56.14265081567546,25.875466323304764,6
me_seed0,me,0,leg4_paralysed,ite,4,5,467,1061.128662109375,173,1092.5233154296875,56.14265081567546,25.875466323304764,6
me_seed0,me,0,leg4_paralysed,ite,4,6,611,1085.6796875,173,1092.5233154296875,56.14265081567546,25.875466323304764,6
me_seed0,me,0,leg4_paralysed,ite,4,7,277,1079.854248046875,173,1092.5233154296875,56.14265081567546,25.875466323304764,6
me_seed0,me,0,leg4_paralysed,ite,4,8,1010,1076.421875,173,1092.5233154296875,56.14265081567546,25.875466323304764,6
me_seed0,me,0,leg4_paralysed,ite,4,9,411,1089.413818359375,173,1092.5233154296875,56.14265081567546,25.875466323304764,6
me_seed0,me,0,leg4_paralysed,ite,4,10,223,1057.428955078125,173,1092.5233154296875,56.14265081567546,25.875466323304764,6
me_seed0,me,0,leg4_paralysed,ite,4,11,173,1095.865234375,173,1092.5233154296875,56.14265081567546,25.875466323304764,6
me_seed0,me,0,leg4_paralysed,ite,4,12,173,1092.230224609375,173,1092.5233154296875,56.14265081567546,25.875466323304764,6
me_seed0,me,0,leg4_paralysed,ite,4,13,173,1094.9093017578125,173,1092.5233154296875,56.14265081567546,25.875466323304764,6
me_seed0,me,0,leg4_paralysed,ite,4,14,173,1094.0445556640625,173,1092.5233154296875,56.14265081567546,25.875466323304764,6
me_seed0,me,0,leg4_paralysed,ite,4,15,515,1086.947265625,173,1092.5233154296875,56.14265081567546,25.875466323304764,6
me_seed0,me,0,leg4_paralysed,ite,4,16,173,1087.001220703125,173,1092.5233154296875,56.14265081567546,25.875466323304764,6
me_seed0,me,0,leg4_paralysed,ite,4,17,411,1080.55712890625,173,1092.5233154296875,56.14265081567546,25.875466323304764,6
me_seed0,me,0,leg4_paralysed,ite,4,18,173,1096.5115966796875,173,1092.5233154296875,56.14265081567546,25.875466323304764,6
me_seed0,me,0,leg4_paralysed,ite,4,19,173,1094.066650390625,173,1092.5233154296875,56.14265081567546,25.875466323304764,6
me_seed0,me,0,leg4_paralysed,ite,4,20,173,1088.0556640625,173,1092.5233154296875,56.14265081567546,25.875466323304764,6
me_seed0,me,0,leg4_paralysed,top_k,0,1,285,1078.457763671875,285,1079.538818359375,34.589941515159325,15.9420842050922,
me_seed0,me,0,leg4_paralysed,top_k,0,2,911,1102.6417236328125,911,1094.7042236328125,59.762697110771036,27.543901722001618,
me_seed0,me,0,leg4_paralysed,top_k,0,3,166,1090.3365478515625,911,1094.7042236328125,59.762697110771036,27.543901722001618,
me_seed0,me,0,leg4_paralysed,top_k,0,4,228,1110.5802001953125,228,1111.549560546875,87.72393793604273,40.43089823571312,
me_seed0,me,0,leg4_paralysed,top_k,0,5,458,1087.7259521484375,228,1111.549560546875,87.72393793604273,40.43089823571312,
me_seed0,me,0,leg4_paralysed,top_k,0,6,515,1092.6019287109375,228,1111.549560546875,87.72393793604273,40.43089823571312,
me_seed0,me,0,leg4_paralysed,top_k,0,7,761,1080.766845703125,228,1111.549560546875,87.72393793604273,40.43089823571312,
me_seed0,me,0,leg4_paralysed,top_k,0,8,12,1077.980224609375,228,1111.549560546875,87.72393793604273,40.43089823571312,
me_seed0,me,0,leg4_paralysed,top_k,0,9,411,1074.710205078125,228,1111.549560546875,87.72393793604273,40.43089823571312,
me_seed0,me,0,leg4_paralysed,top_k,0,10,612,1089.519287109375,228,1111.549560546875,87.72393793604273,40.43089823571312,
me_seed0,me,0,leg4_paralysed,top_k,0,11,173,1095.6893310546875,228,1111.549560546875,87.72393793604273,40.43089823571312,
me_seed0,me,0,leg4_paralysed,top_k,0,12,697,1097.7314453125,228,1111.549560546875,87.72393793604273,40.43089823571312,
me_seed0,me,0,leg4_paralysed,top_k,0,13,689,1085.02490234375,228,1111.549560546875,87.72393793604273,40.43089823571312,
me_seed0,me,0,leg4_paralysed,top_k,0,14,198,1080.65087890625,228,1111.549560546875,87.72393793604273,40.43089823571312,
me_seed0,me,0,leg4_paralysed,top_k,0,15,960,1081.876220703125,228,1111.549560546875,87.72393793604273,40.43089823571312,
me_seed0,me,0,leg4_paralysed,top_k,0,16,864,1105.765869140625,228,1111.549560546875,87.72393793604273,40.43089823571312,
me_seed0,me,0,leg4_paralysed,top_k,0,17,682,1083.3084716796875,228,1111.549560546875,87.72393793604273,40.43089823571312,
me_seed0,me,0,leg4_paralysed,top_k,0,18,691,1058.710205078125,228,1111.549560546875,87.72393793604273,40.43089823571312,
me_seed0,me,0,leg4_paralysed,top_k,0,19,957,1104.1326904296875,228,1111.549560546875,87.72393793604273,40.43089823571312,
me_seed0,me,0,leg4_paralysed,top_k,0,20,321,1074.2291259765625,228,1111.549560546875,87.72393793604273,40.43089823571312,
me_seed0,me,0,leg4_paralysed,top_k,1,1,285,1086.9332275390625,285,1079.538818359375,34.589941515159325,15.9420842050922,
me_seed0,me,0,leg4_paralysed,top_k,1,2,911,1102.92822265625,911,1094.7042236328125,59.762697110771036,27.543901722001618,
me_seed0,me,0,leg4_paralysed,top_k,1,3,166,1096.6890869140625,911,1094.7042236328125,59.762697110771036,27.543901722001618,
me_seed0,me,0,leg4_paralysed,top_k,1,4,228,1108.794677734375,228,1111.549560546875,87.72393793604273,40.43089823571312,
me_seed0,me,0,leg4_paralysed,top_k,1,5,458,1104.042236328125,228,1111.549560546875,87.72393793604273,40.43089823571312,
me_seed0,me,0,leg4_paralysed,top_k,1,6,515,1083.1536865234375,228,1111.549560546875,87.72393793604273,40.43089823571312,
me_seed0,me,0,leg4_paralysed,top_k,1,7,761,1072.802734375,228,1111.549560546875,87.72393793604273,40.43089823571312,
me_seed0,me,0,leg4_paralysed,top_k,1,8,12,1084.122802734375,228,1111.549560546875,87.72393793604273,40.43089823571312,
me_seed0,me,0,leg4_paralysed,top_k,1,9,411,1075.086181640625,228,1111.549560546875,87.72393793604273,40.43089823571312,
me_seed0,me,0,leg4_paralysed,top_k,1,10,612,1061.20751953125,228,1111.549560546875,87.72393793604273,40.43089823571312,
me_seed0,me,0,leg4_paralysed,top_k,1,11,173,1094.045166015625,228,1111.549560546875,87.72393793604273,40.43089823571312,
me_seed0,me,0,leg4_paralysed,top_k,1,12,697,1100.073486328125,228,1111.549560546875,87.72393793604273,40.43089823571312,
me_seed0,me,0,leg4_paralysed,top_k,1,13,689,1080.4561767578125,228,1111.549560546875,87.72393793604273,40.43089823571312,
me_seed0,me,0,leg4_paralysed,top_k,1,14,198,1094.779052734375,228,1111.549560546875,87.72393793604273,40.43089823571312,
me_seed0,me,0,leg4_paralysed,top_k,1,15,960,1091.833984375,228,1111.549560546875,87.72393793604273,40.43089823571312,
me_seed0,me,0,leg4_paralysed,top_k,1,16,864,1094.1109619140625,228,1111.549560546875,87.72393793604273,40.43089823571312,
me_seed0,me,0,leg4_paralysed,top_k,1,17,682,1076.9388427734375,228,1111.549560546875,87.72393793604273,40.43089823571312,
me_seed0,me,0,leg4_paralysed,top_k,1,18,691,1057.37548828125,228,1111.549560546875,87.72393793604273,40.43089823571312,
me_seed0,me,0,leg4_paralysed,top_k,1,19,957,1087.7864990234375,228,1111.549560546875,87.72393793604273,40.43089823571312,
me_seed0,me,0,leg4_paralysed,top_k,1,20,321,1079.28173828125,228,1111.549560546875,87.72393793604273,40.43089823571312,
me_seed0,me,0,leg4_paralysed,top_k,2,1,285,1090.9345703125,285,1079.538818359375,34.589941515159325,15.9420842050922,
me_seed0,me,0,leg4_paralysed,top_k,2,2,911,1108.615478515625,911,1094.7042236328125,59.762697110771036,27.543901722001618,
me_seed0,me,0,leg4_paralysed,top_k,2,3,166,1097.5771484375,911,1094.7042236328125,59.762697110771036,27.543901722001618,
me_seed0,me,0,leg4_paralysed,top_k,2,4,228,1114.13232421875,228,1111.549560546875,87.72393793604273,40.43089823571312,
me_seed0,me,0,leg4_paralysed,top_k,2,5,458,1099.87744140625,228,1111.549560546875,87.72393793604273,40.43089823571312,
me_seed0,me,0,leg4_paralysed,top_k,2,6,515,1101.169189453125,228,1111.549560546875,87.72393793604273,40.43089823571312,
me_seed0,me,0,leg4_paralysed,top_k,2,7,761,1072.465576171875,228,1111.549560546875,87.72393793604273,40.43089823571312,
me_seed0,me,0,leg4_paralysed,top_k,2,8,12,1064.5911865234375,228,1111.549560546875,87.72393793604273,40.43089823571312,
me_seed0,me,0,leg4_paralysed,top_k,2,9,411,1092.11328125,228,1111.549560546875,87.72393793604273,40.43089823571312,
me_seed0,me,0,leg4_paralysed,top_k,2,10,612,1075.297119140625,228,1111.549560546875,87.72393793604273,40.43089823571312,
me_seed0,me,0,leg4_paralysed,top_k,2,11,173,1090.0849609375,228,1111.549560546875,87.72393793604273,40.43089823571312,
me_seed0,me,0,leg4_paralysed,top_k,2,12,697,1096.922607421875,228,1111.549560546875,87.72393793604273,40.43089823571312,
me_seed0,me,0,leg4_paralysed,top_k,2,13,689,1073.79052734375,228,1111.549560546875,87.72393793604273,40.43089823571312,
me_seed0,me,0,leg4_paralysed,top_k,2,14,198,1088.13330078125,228,1111.549560546875,87.72393793604273,40.43089823571312,
me_seed0,me,0,leg4_paralysed,top_k,2,15,960,1088.3070068359375,228,1111.549560546875,87.72393793604273,40.43089823571312,
me_seed0,me,0,leg4_paralysed,top_k,2,16,864,1057.4755859375,228,1111.549560546875,87.72393793604273,40.43089823571312,
me_seed0,me,0,leg4_paralysed,top_k,2,17,682,1084.008056640625,228,1111.549560546875,87.72393793604273,40.43089823571312,
me_seed0,me,0,leg4_paralysed,top_k,2,18,691,1089.804931640625,228,1111.549560546875,87.72393793604273,40.43089823571312,
me_seed0,me,0,leg4_paralysed,top_k,2,19,957,1073.841796875,228,1111.549560546875,87.72393793604273,40.43089823571312,
me_seed0,me,0,leg4_paralysed,top_k,2,20,321,1095.8311767578125,228,1111.549560546875,87.72393793604273,40.43089823571312,
me_seed0,me,0,leg4_paralysed,top_k,3,1,285,1080.185302734375,285,1079.538818359375,34.589941515159325,15.9420842050922,
me_seed0,me,0,leg4_paralysed,top_k,3,2,911,1113.375732421875,911,1094.7042236328125,59.762697110771036,27.543901722001618,
me_seed0,me,0,leg4_paralysed,top_k,3,3,166,1097.3980712890625,911,1094.7042236328125,59.762697110771036,27.543901722001618,
me_seed0,me,0,leg4_paralysed,top_k,3,4,228,1115.2633056640625,228,1111.549560546875,87.72393793604273,40.43089823571312,
me_seed0,me,0,leg4_paralysed,top_k,3,5,458,1104.394287109375,228,1111.549560546875,87.72393793604273,40.43089823571312,
me_seed0,me,0,leg4_paralysed,top_k,3,6,515,1092.897216796875,228,1111.549560546875,87.72393793604273,40.43089823571312,
me_seed0,me,0,leg4_paralysed,top_k,3,7,761,1084.6478271484375,228,1111.549560546875,87.72393793604273,40.43089823571312,
me_seed0,me,0,leg4_paralysed,top_k,3,8,12,1110.435546875,228,1111.549560546875,87.72393793604273,40.43089823571312,
me_seed0,me,0,leg4_paralysed,top_k,3,9,411,1081.544921875,228,1111.549560546875,87.72393793604273,40.43089823571312,
me_seed0,me,0,leg4_paralysed,top_k,3,10,612,1054.4381103515625,228,1111.549560546875,87.72393793604273,40.43089823571312,
me_seed0,me,0,leg4_paralysed,top_k,3,11,173,1087.30859375,228,1111.549560546875,87.72393793604273,40.43089823571312,
me_seed0,me,0,leg4_paralysed,top_k,3,12,697,1111.919677734375,228,1111.549560546875,87.72393793604273,40.43089823571312,
me_seed0,me,0,leg4_paralysed,top_k,3,13,689,1081.4833984375,228,1111.549560546875,87.72393793604273,40.43089823571312,
me_seed0,me,0,leg4_paralysed,top_k,3,14,198,1093.6046142578125,228,1111.549560546875,87.72393793604273,40.43089823571312,
me_seed0,me,0,leg4_paralysed,top_k,3,15,960,1083.61962890625,228,1111.549560546875,87.72393793604273,40.43089823571312,
me_seed0,me,0,leg4_paralysed,top_k,3,16,864,1096.2236328125,228,1111.549560546875,87.72393793604273,40.43089823571312,
me_seed0,me,0,leg4_paralysed,top_k,3,17,682,1074.677978515625,228,1111.549560546875,87.72393793604273,40.43089823571312,
me_seed0,me,0,leg4_paralysed,top_k,3,18,691,1095.566650390625,228,1111.549560546875,87.72393793604273,40.43089823571312,
me_seed0,me,0,leg4_paralysed,top_k,3,19,957,1108.369873046875,228,1111.549560546875,87.72393793604273,40.43089823571312,
me_seed0,me,0,leg4_paralysed,top_k,3,20,321,1080.71337890625,228,1111.549560546875,87.72393793604273,40.43089823571312,
me_seed0,me,0,leg4_paralysed,top_k,4,1,285,1080.992919921875,285,1079.538818359375,34.589941515159325,15.9420842050922,
me_seed0,me,0,leg4_paralysed,top_k,4,2,911,1110.1339111328125,911,1094.7042236328125,59.762697110771036,27.543901722001618,
me_seed0,me,0,leg4_paralysed,top_k,4,3,166,1094.873291015625,911,1094.7042236328125,59.762697110771036,27.543901722001618,
me_seed0,me,0,leg4_paralysed,top_k,4,4,228,1114.53662109375,228,1111.549560546875,87.72393793604273,40.43089823571312,
me_seed0,me,0,leg4_paralysed,top_k,4,5,458,1092.6602783203125,228,1111.549560546875,87.72393793604273,40.43089823571312,
me_seed0,me,0,leg4_paralysed,top_k,4,6,515,1092.78955078125,228,1111.549560546875,87.72393793604273,40.43089823571312,
me_seed0,me,0,leg4_paralysed,top_k,4,7,761,1079.447509765625,228,1111.549560546875,87.72393793604273,40.43089823571312,
me_seed0,me,0,leg4_paralysed,top_k,4,8,12,1070.88671875,228,1111.549560546875,87.72393793604273,40.43089823571312,
me_seed0,me,0,leg4_paralysed,top_k,4,9,411,1094.006591796875,228,1111.549560546875,87.72393793604273,40.43089823571312,
me_seed0,me,0,leg4_paralysed,top_k,4,10,612,1111.6793212890625,228,1111.549560546875,87.72393793604273,40.43089823571312,
me_seed0,me,0,leg4_paralysed,top_k,4,11,173,1102.2591552734375,228,1111.549560546875,87.72393793604273,40.43089823571312,
me_seed0,me,0,leg4_paralysed,top_k,4,12,697,1113.158935546875,228,1111.549560546875,87.72393793604273,40.43089823571312,
me_seed0,me,0,leg4_paralysed,top_k,4,13,689,1081.2171630859375,228,1111.549560546875,87.72393793604273,40.43089823571312,
me_seed0,me,0,leg4_paralysed,top_k,4,14,198,1077.2432861328125,228,1111.549560546875,87.72393793604273,40.43089823571312,
me_seed0,me,0,leg4_paralysed,top_k,4,15,960,1085.39208984375,228,1111.549560546875,87.72393793604273,40.43089823571312,
me_seed0,me,0,leg4_paralysed,top_k,4,16,864,1098.23974609375,228,1111.549560546875,87.72393793604273,40.43089823571312,
me_seed0,me,0,leg4_paralysed,top_k,4,17,682,1090.6195068359375,228,1111.549560546875,87.72393793604273,40.43089823571312,
me_seed0,me,0,leg4_paralysed,top_k,4,18,691,1112.0234375,228,1111.549560546875,87.72393793604273,40.43089823571312,
me_seed0,me,0,leg4_paralysed,top_k,4,19,957,1059.3065185546875,228,1111.549560546875,87.72393793604273,40.43089823571312,
me_seed0,me,0,leg4_paralysed,top_k,4,20,321,1101.7138671875,228,1111.549560546875,87.72393793604273,40.43089823571312,
me_seed0,me,0,leg1_weak,ite,0,1,285,1172.762939453125,285,1170.933349609375,97.2030030291638,85.8606029975432,1
me_seed0,me,0,leg1_weak,ite,0,2,911,1178.3099365234375,911,1168.04638671875,94.70266365963414,83.65202261138063,1
me_seed0,me,0,leg1_weak,ite,0,3,911,1171.281494140625,911,1168.04638671875,94.70266365963414,83.65202261138063,1
me_seed0,me,0,leg1_weak,ite,0,4,285,1117.83154296875,911,1168.04638671875,94.70266365963414,83.65202261138063,1
me_seed0,me,0,leg1_weak,ite,0,5,911,1177.1444091796875,911,1168.04638671875,94.70266365963414,83.65202261138063,1
me_seed0,me,0,leg1_weak,ite,0,6,911,1181.1024169921875,911,1168.04638671875,94.70266365963414,83.65202261138063,1
me_seed0,me,0,leg1_weak,ite,0,7,911,1143.8084716796875,911,1168.04638671875,94.70266365963414,83.65202261138063,1
me_seed0,me,0,leg1_weak,ite,0,8,911,1181.534912109375,911,1168.04638671875,94.70266365963414,83.65202261138063,1
me_seed0,me,0,leg1_weak,ite,0,9,911,1167.751220703125,911,1168.04638671875,94.70266365963414,83.65202261138063,1
me_seed0,me,0,leg1_weak,ite,0,10,911,1170.2041015625,911,1168.04638671875,94.70266365963414,83.65202261138063,1
me_seed0,me,0,leg1_weak,ite,0,11,911,1169.1123046875,911,1168.04638671875,94.70266365963414,83.65202261138063,1
me_seed0,me,0,leg1_weak,ite,0,12,911,1175.40087890625,911,1168.04638671875,94.70266365963414,83.65202261138063,1
me_seed0,me,0,leg1_weak,ite,0,13,911,1159.1751708984375,911,1168.04638671875,94.70266365963414,83.65202261138063,1
me_seed0,me,0,leg1_weak,ite,0,14,911,1171.2548828125,911,1168.04638671875,94.70266365963414,83.65202261138063,1
me_seed0,me,0,leg1_weak,ite,0,15,911,1158.04296875,911,1168.04638671875,94.70266365963414,83.65202261138063,1
me_seed0,me,0,leg1_weak,ite,0,16,911,1139.6602783203125,911,1168.04638671875,94.70266365963414,83.65202261138063,1
me_seed0,me,0,leg1_weak,ite,0,17,911,1178.238525390625,911,1168.04638671875,94.70266365963414,83.65202261138063,1
me_seed0,me,0,leg1_weak,ite,0,18,911,1165.376953125,911,1168.04638671875,94.70266365963414,83.65202261138063,1
me_seed0,me,0,leg1_weak,ite,0,19,911,1166.9322509765625,911,1168.04638671875,94.70266365963414,83.65202261138063,1
me_seed0,me,0,leg1_weak,ite,0,20,911,1138.689208984375,911,1168.04638671875,94.70266365963414,83.65202261138063,1
me_seed0,me,0,leg1_weak,ite,1,1,285,1163.39697265625,285,1170.933349609375,97.2030030291638,85.8606029975432,1
me_seed0,me,0,leg1_weak,ite,1,2,911,1138.9169921875,285,1170.933349609375,97.2030030291638,85.8606029975432,1
me_seed0,me,0,leg1_weak,ite,1,3,285,1177.822021484375,285,1170.933349609375,97.2030030291638,85.8606029975432,1
me_seed0,me,0,leg1_weak,ite,1,4,285,1170.233642578125,285,1170.933349609375,97.2030030291638,85.8606029975432,1
me_seed0,me,0,leg1_weak,ite,1,5,285,1184.3876953125,285,1170.933349609375,97.2030030291638,85.8606029975432,1
me_seed0,me,0,leg1_weak,ite,1,6,285,1189.43798828125,285,1170.933349609375,97.2030030291638,85.8606029975432,1
me_seed0,me,0,leg1_weak,ite,1,7,285,1183.982421875,285,1170.933349609375,97.2030030291638,85.8606029975432,1
me_seed0,me,0,leg1_weak,ite,1,8,285,1173.62646484375,285,1170.933349609375,97.2030030291638,85.8606029975432,1
me_seed0,me,0,leg1_weak,ite,1,9,285,1177.2127685546875,285,1170.933349609375,97.2030030291638,85.8606029975432,1
me_seed0,me,0,leg1_weak,ite,1,10,285,1158.0242919921875,285,1170.933349609375,97.2030030291638,85.8606029975432,1
me_seed0,me,0,leg1_weak,ite,1,11,285,1109.4625244140625,285,1170.933349609375,97.2030030291638,85.8606029975432,1
me_seed0,me,0,leg1_weak,ite,1,12,285,1142.082763671875,285,1170.933349609375,97.2030030291638,85.8606029975432,1
me_seed0,me,0,leg1_weak,ite,1,13,285,1144.045654296875,285,1170.933349609375,97.2030030291638,85.8606029975432,1
me_seed0,me,0,leg1_weak,ite,1,14,285,1133.43310546875,285,1170.933349609375,97.2030030291638,85.8606029975432,1
me_seed0,me,0,leg1_weak,ite,1,15,285,1151.947509765625,285,1170.933349609375,97.2030030291638,85.8606029975432,1
me_seed0,me,0,leg1_weak,ite,1,16,285,1161.209716796875,285,1170.933349609375,97.2030030291638,85.8606029975432,1
me_seed0,me,0,leg1_weak,ite,1,17,285,1182.51806640625,285,1170.933349609375,97.2030030291638,85.8606029975432,1
me_seed0,me,0,leg1_weak,ite,1,18,285,1189.68603515625,285,1170.933349609375,97.2030030291638,85.8606029975432,1
me_seed0,me,0,leg1_weak,ite,1,19,285,1169.88818359375,285,1170.933349609375,97.2030030291638,85.8606029975432,1
me_seed0,me,0,leg1_weak,ite,1,20,285,1182.955322265625,285,1170.933349609375,97.2030030291638,85.8606029975432,1
me_seed0,me,0,leg1_weak,ite,2,1,285,1169.31396484375,285,1170.933349609375,97.2030030291638,85.8606029975432,1
me_seed0,me,0,leg1_weak,ite,2,2,911,1163.089599609375,285,1170.933349609375,97.2030030291638,85.8606029975432,1
me_seed0,me,0,leg1_weak,ite,2,3,285,1187.887939453125,285,1170.933349609375,97.2030030291638,85.8606029975432,1
me_seed0,me,0,leg1_weak,ite,2,4,285,1159.91796875,285,1170.933349609375,97.2030030291638,85.8606029975432,1
me_seed0,me,0,leg1_weak,ite,2,5,285,1173.088134765625,285,1170.933349609375,97.2030030291638,85.8606029975432,1
me_seed0,me,0,leg1_weak,ite,2,6,285,1153.19873046875,285,1170.933349609375,97.2030030291638,85.8606029975432,1
me_seed0,me,0,leg1_weak,ite,2,7,285,1174.129638671875,285,1170.933349609375,97.2030030291638,85.8606029975432,1
me_seed0,me,0,leg1_weak,ite,2,8,285,1141.9501953125,285,1170.933349609375,97.2030030291638,85.8606029975432,1
me_seed0,me,0,leg1_weak,ite,2,9,911,1177.5185546875,285,1170.933349609375,97.2030030291638,85.8606029975432,1
me_seed0,me,0,leg1_weak,ite,2,10,911,1149.62890625,285,1170.933349609375,97.2030030291638,85.8606029975432,1
me_seed0,me,0,leg1_weak,ite,2,11,285,1186.2862548828125,285,1170.933349609375,97.2030030291638,85.8606029975432,1
me_seed0,me,0,leg1_weak,ite,2,12,285,1163.48046875,285,1170.933349609375,97.2030030291638,85.8606029975432,1
me_seed0,me,0,leg1_weak,ite,2,13,285,1143.67578125,285,1170.933349609375,97.2030030291638,85.8606029975432,1
me_seed0,me,0,leg1_weak,ite,2,14,285,1184.0167236328125,285,1170.933349609375,97.2030030291638,85.8606029975432,1
me_seed0,me,0,leg1_weak,ite,2,15,285,1170.53564453125,285,1170.933349609375,97.2030030291638,85.8606029975432,1
me_seed0,me,0,leg1_weak,ite,2,16,285,1161.92138671875,285,1170.933349609375,97.2030030291638,85.8606029975432,1
me_seed0,me,0,leg1_weak,ite,2,17,285,1086.1302490234375,285,1170.933349609375,97.2030030291638,85.8606029975432,1
me_seed0,me,0,leg1_weak,ite,2,18,911,1161.719482421875,285,1170.933349609375,97.2030030291638,85.8606029975432,1
me_seed0,me,0,leg1_weak,ite,2,19,911,1166.179443359375,285,1170.933349609375,97.2030030291638,85.8606029975432,1
me_seed0,me,0,leg1_weak,ite,2,20,911,1175.77978515625,285,1170.933349609375,97.2030030291638,85.8606029975432,1
me_seed0,me,0,leg1_weak,ite,3,1,285,1192.03955078125,285,1170.933349609375,97.2030030291638,85.8606029975432,1
me_seed0,me,0,leg1_weak,ite,3,2,285,1183.173583984375,285,1170.933349609375,97.2030030291638,85.8606029975432,1
me_seed0,me,0,leg1_weak,ite,3,3,911,1173.683349609375,285,1170.933349609375,97.2030030291638,85.8606029975432,1
me_seed0,me,0,leg1_weak,ite,3,4,285,1182.57666015625,285,1170.933349609375,97.2030030291638,85.8606029975432,1
me_seed0,me,0,leg1_weak,ite,3,5,285,1160.001220703125,285,1170.933349609375,97.2030030291638,85.8606029975432,1
me_seed0,me,0,leg1_weak,ite,3,6,285,1164.619140625,285,1170.933349609375,97.2030030291638,85.8606029975432,1
me_seed0,me,0,leg1_weak,ite,3,7,285,1084.74853515625,285,1170.933349609375,97.2030030291638,85.8606029975432,1
me_seed0,me,0,leg1_weak,ite,3,8,911,1174.071533203125,285,1170.933349609375,97.2030030291638,85.8606029975432,1
me_seed0,me,0,leg1_weak,ite,3,9,911,1169.9820556640625,285,1170.933349609375,97.2030030291638,85.8606029975432,1
me_seed0,me,0,leg1_weak,ite,3,10,911,1159.3564453125,285,1170.933349609375,97.2030030291638,85.8606029975432,1
me_seed0,me,0,leg1_weak,ite,3,11,911,1116.491455078125,285,1170.933349609375,97.2030030291638,85.8606029975432,1
me_seed0,me,0,leg1_weak,ite,3,12,515,1180.52294921875,285,1170.933349609375,97.2030030291638,85.8606029975432,1
me_seed0,me,0,leg1_weak,ite,3,13,515,1176.2869873046875,285,1170.933349609375,97.2030030291638,85.8606029975432,1
me_seed0,me,0,leg1_weak,ite,3,14,515,1161.933349609375,285,1170.933349609375,97.2030030291638,85.8606029975432,1
me_seed0,me,0,leg1_weak,ite,3,15,515,1173.823486328125,285,1170.933349609375,97.2030030291638,85.8606029975432,1
me_seed0,me,0,leg1_weak,ite,3,16,515,1177.21630859375,285,1170.933349609375,97.2030030291638,85.8606029975432,1
me_seed0,me,0,leg1_weak,ite,3,17,515,1131.69677734375,285,1170.933349609375,97.2030030291638,85.8606029975432,1
me_seed0,me,0,leg1_weak,ite,3,18,515,1065.453125,285,1170.933349609375,97.2030030291638,85.8606029975432,1
me_seed0,me,0,leg1_weak,ite,3,19,285,1185.3272705078125,285,1170.933349609375,97.2030030291638,85.8606029975432,1
me_seed0,me,0,leg1_weak,ite,3,20,285,1166.0511474609375,285,1170.933349609375,97.2030030291638,85.8606029975432,1
me_seed0,me,0,leg1_weak,ite,4,1,285,1172.6806640625,285,1170.933349609375,97.2030030291638,85.8606029975432,1
me_seed0,me,0,leg1_weak,ite,4,2,911,1154.3349609375,285,1170.933349609375,97.2030030291638,85.8606029975432,1
me_seed0,me,0,leg1_weak,ite,4,3,285,1182.7025146484375,285,1170.933349609375,97.2030030291638,85.8606029975432,1
me_seed0,me,0,leg1_weak,ite,4,4,285,1122.2685546875,285,1170.933349609375,97.2030030291638,85.8606029975432,1
me_seed0,me,0,leg1_weak,ite,4,5,515,1169.3013916015625,285,1170.933349609375,97.2030030291638,85.8606029975432,1
me_seed0,me,0,leg1_weak,ite,4,6,515,1156.1837158203125,285,1170.933349609375,97.2030030291638,85.8606029975432,1
me_seed0,me,0,leg1_weak,ite,4,7,515,1164.958251953125,285,1170.933349609375,97.2030030291638,85.8606029975432,1
me_seed0,me,0,leg1_weak,ite,4,8,515,1167.139892578125,285,1170.933349609375,97.2030030291638,85.8606029975432,1
me_seed0,me,0,leg1_weak,ite,4,9,515,1134.463623046875,285,1170.933349609375,97.2030030291638,85.8606029975432,1
me_seed0,me,0,leg1_weak,ite,4,10,285,1173.2281494140625,285,1170.933349609375,97.2030030291638,85.8606029975432,1
me_seed0,me,0,leg1_weak,ite,4,11,285,1174.0030517578125,285,1170.933349609375,97.2030030291638,85.8606029975432,1
me_seed0,me,0,leg1_weak,ite,4,12,285,1154.2601318359375,285,1170.933349609375,97.2030030291638,85.8606029975432,1
me_seed0,me,0,leg1_weak,ite,4,13,285,1181.46630859375,285,1170.933349609375,97.2030030291638,85.8606029975432,1
me_seed0,me,0,leg1_weak,ite,4,14,285,1174.535888671875,285,1170.933349609375,97.2030030291638,85.8606029975432,1
me_seed0,me,0,leg1_weak,ite,4,15,285,1177.962890625,285,1170.933349609375,97.2030030291638,85.8606029975432,1
me_seed0,me,0,leg1_weak,ite,4,16,285,1175.611083984375,285,1170.933349609375,97.2030030291638,85.8606029975432,1
me_seed0,me,0,leg1_weak,ite,4,17,285,1162.1396484375,285,1170.933349609375,97.2030030291638,85.8606029975432,1
me_seed0,me,0,leg1_weak,ite,4,18,285,1181.89794921875,285,1170.933349609375,97.2030030291638,85.8606029975432,1
me_seed0,me,0,leg1_weak,ite,4,19,285,1177.91064453125,285,1170.933349609375,97.2030030291638,85.8606029975432,1
me_seed0,me,0,leg1_weak,ite,4,20,285,1194.64599609375,285,1170.933349609375,97.2030030291638,85.8606029975432,1
me_seed0,me,0,leg1_weak,top_k,0,1,285,1151.46728515625,285,1170.933349609375,97.2030030291638,85.8606029975432,
me_seed0,me,0,leg1_weak,top_k,0,2,911,1184.7841796875,911,1168.04638671875,94.70266365963414,83.65202261138063,
me_seed0,me,0,leg1_weak,top_k,0,3,166,1172.146484375,911,1168.04638671875,94.70266365963414,83.65202261138063,
me_seed0,me,0,leg1_weak,top_k,0,4,228,1179.295654296875,911,1168.04638671875,94.70266365963414,83.65202261138063,
me_seed0,me,0,leg1_weak,top_k,0,5,458,1152.86328125,911,1168.04638671875,94.70266365963414,83.65202261138063,
me_seed0,me,0,leg1_weak,top_k,0,6,515,1183.6422119140625,911,1168.04638671875,94.70266365963414,83.65202261138063,
me_seed0,me,0,leg1_weak,top_k,0,7,761,1147.29931640625,911,1168.04638671875,94.70266365963414,83.65202261138063,
me_seed0,me,0,leg1_weak,top_k,0,8,12,1172.598876953125,911,1168.04638671875,94.70266365963414,83.65202261138063,
me_seed0,me,0,leg1_weak,top_k,0,9,411,1174.255615234375,911,1168.04638671875,94.70266365963414,83.65202261138063,
me_seed0,me,0,leg1_weak,top_k,0,10,612,1157.3863525390625,911,1168.04638671875,94.70266365963414,83.65202261138063,
me_seed0,me,0,leg1_weak,top_k,0,11,173,1129.3031005859375,911,1168.04638671875,94.70266365963414,83.65202261138063,
me_seed0,me,0,leg1_weak,top_k,0,12,697,1078.166259765625,911,1168.04638671875,94.70266365963414,83.65202261138063,
me_seed0,me,0,leg1_weak,top_k,0,13,689,1159.98779296875,911,1168.04638671875,94.70266365963414,83.65202261138063,
me_seed0,me,0,leg1_weak,top_k,0,14,198,1167.3946533203125,911,1168.04638671875,94.70266365963414,83.65202261138063,
me_seed0,me,0,leg1_weak,top_k,0,15,960,1148.3790283203125,911,1168.04638671875,94.70266365963414,83.65202261138063,
me_seed0,me,0,leg1_weak,top_k,0,16,864,1172.093505859375,911,1168.04638671875,94.70266365963414,83.65202261138063,
me_seed0,me,0,leg1_weak,top_k,0,17,682,1168.62939453125,911,1168.04638671875,94.70266365963414,83.65202261138063,
me_seed0,me,0,leg1_weak,top_k,0,18,691,1164.1220703125,911,1168.04638671875,94.70266365963414,83.65202261138063,
me_seed0,me,0,leg1_weak,top_k,0,19,957,1124.5887451171875,911,1168.04638671875,94.70266365963414,83.65202261138063,
me_seed0,me,0,leg1_weak,top_k,0,20,321,1152.330078125,911,1168.04638671875,94.70266365963414,83.65202261138063,
me_seed0,me,0,leg1_weak,top_k,1,1,285,1144.61572265625,285,1170.933349609375,97.2030030291638,85.8606029975432,
me_seed0,me,0,leg1_weak,top_k,1,2,911,1171.94921875,911,1168.04638671875,94.70266365963414,83.65202261138063,
me_seed0,me,0,leg1_weak,top_k,1,3,166,1175.95263671875,166,1162.1937255859375,89.6337938468604,79.17462782852377,
me_seed0,me,0,leg1_weak,top_k,1,4,228,1169.9117431640625,166,1162.1937255859375,89.6337938468604,79.17462782852377,
me_seed0,me,0,leg1_weak,top_k,1,5,458,1115.794189453125,166,1162.1937255859375,89.6337938468604,79.17462782852377,
me_seed0,me,0,leg1_weak,top_k,1,6,515,1166.7911376953125,166,1162.1937255859375,89.6337938468604,79.17462782852377,
me_seed0,me,0,leg1_weak,top_k,1,7,761,1174.3363037109375,166,1162.1937255859375,89.6337938468604,79.17462782852377,
me_seed0,me,0,leg1_weak,top_k,1,8,12,1153.174560546875,166,1162.1937255859375,89.6337938468604,79.17462782852377,
me_seed0,me,0,leg1_weak,top_k,1,9,411,1166.4354248046875,166,1162.1937255859375,89.6337938468604,79.17462782852377,
me_seed0,me,0,leg1_weak,top_k,1,10,612,1158.131103515625,166,1162.1937255859375,89.6337938468604,79.17462782852377,
me_seed0,me,0,leg1_weak,top_k,1,11,173,1157.3236083984375,166,1162.1937255859375,89.6337938468604,79.17462782852377,
me_seed0,me,0,leg1_weak,top_k,1,12,697,1162.8525390625,166,1162.1937255859375,89.6337938468604,79.17462782852377,
me_seed0,me,0,leg1_weak,top_k,1,13,689,1160.29345703125,166,1162.1937255859375,89.6337938468604,79.17462782852377,
me_seed0,me,0,leg1_weak,top_k,1,14,198,1170.805908203125,166,1162.1937255859375,89.6337938468604,79.17462782852377,
me_seed0,me,0,leg1_weak,top_k,1,15,960,1156.8209228515625,166,1162.1937255859375,89.6337938468604,79.17462782852377,
me_seed0,me,0,leg1_weak,top_k,1,16,864,1148.37890625,166,1162.1937255859375,89.6337938468604,79.17462782852377,
me_seed0,me,0,leg1_weak,top_k,1,17,682,1179.637451171875,682,1162.405029296875,89.81679965864289,79.33627910329956,
me_seed0,me,0,leg1_weak,top_k,1,18,691,1169.807861328125,682,1162.405029296875,89.81679965864289,79.33627910329956,
me_seed0,me,0,leg1_weak,top_k,1,19,957,1098.5263671875,682,1162.405029296875,89.81679965864289,79.33627910329956,
me_seed0,me,0,leg1_weak,top_k,1,20,321,1101.324951171875,682,1162.405029296875,89.81679965864289,79.33627910329956,
me_seed0,me,0,leg1_weak,top_k,2,1,285,1176.4454345703125,285,1170.933349609375,97.2030030291638,85.8606029975432,
me_seed0,me,0,leg1_weak,top_k,2,2,911,1175.0784912109375,285,1170.933349609375,97.2030030291638,85.8606029975432,
me_seed0,me,0,leg1_weak,top_k,2,3,166,1183.703857421875,166,1162.1937255859375,89.6337938468604,79.17462782852377,
me_seed0,me,0,leg1_weak,top_k,2,4,228,1177.976806640625,166,1162.1937255859375,89.6337938468604,79.17462782852377,
me_seed0,me,0,leg1_weak,top_k,2,5,458,1171.1300048828125,166,1162.1937255859375,89.6337938468604,79.17462782852377,
me_seed0,me,0,leg1_weak,top_k,2,6,515,1166.833984375,166,1162.1937255859375,89.6337938468604,79.17462782852377,
me_seed0,me,0,leg1_weak,top_k,2,7,761,1163.0933837890625,166,1162.1937255859375,89.6337938468604,79.17462782852377,
me_seed0,me,0,leg1_weak,top_k,2,8,12,1156.4237060546875,166,1162.1937255859375,89.6337938468604,79.17462782852377,
me_seed0,me,0,leg1_weak,top_k,2,9,411,1172.8118896484375,166,1162.1937255859375,89.6337938468604,79.17462782852377,
me_seed0,me,0,leg1_weak,top_k,2,10,612,1153.6865234375,166,1162.1937255859375,89.6337938468604,79.17462782852377,
me_seed0,me,0,leg1_weak,top_k,2,11,173,1149.378173828125,166,1162.1937255859375,89.6337938468604,79.17462782852377,
me_seed0,me,0,leg1_weak,top_k,2,12,697,1110.68408203125,166,1162.1937255859375,89.6337938468604,79.17462782852377,
me_seed0,me,0,leg1_weak,top_k,2,13,689,1170.9974365234375,166,1162.1937255859375,89.6337938468604,79.17462782852377,
me_seed0,me,0,leg1_weak,top_k,2,14,198,1091.8076171875,166,1162.1937255859375,89.6337938468604,79.17462782852377,
me_seed0,me,0,leg1_weak,top_k,2,15,960,1138.8446044921875,166,1162.1937255859375,89.6337938468604,79.17462782852377,
me_seed0,me,0,leg1_weak,top_k,2,16,864,1173.147705078125,166,1162.1937255859375,89.6337938468604,79.17462782852377,
me_seed0,me,0,leg1_weak,top_k,2,17,682,1144.966552734375,166,1162.1937255859375,89.6337938468604,79.17462782852377,
me_seed0,me,0,leg1_weak,top_k,2,18,691,1168.401123046875,166,1162.1937255859375,89.6337938468604,79.17462782852377,
me_seed0,me,0,leg1_weak,top_k,2,19,957,1144.784423828125,166,1162.1937255859375,89.6337938468604,79.17462782852377,
me_seed0,me,0,leg1_weak,top_k,2,20,321,1116.613037109375,166,1162.1937255859375,89.6337938468604,79.17462782852377,
me_seed0,me,0,leg1_weak,top_k,3,1,285,1181.1295166015625,285,1170.933349609375,97.2030030291638,85.8606029975432,
me_seed0,me,0,leg1_weak,top_k,3,2,911,1161.065673828125,285,1170.933349609375,97.2030030291638,85.8606029975432,
me_seed0,me,0,leg1_weak,top_k,3,3,166,1172.799072265625,285,1170.933349609375,97.2030030291638,85.8606029975432,
me_seed0,me,0,leg1_weak,top_k,3,4,228,1162.9296875,285,1170.933349609375,97.2030030291638,85.8606029975432,
me_seed0,me,0,leg1_weak,top_k,3,5,458,1100.8477783203125,285,1170.933349609375,97.2030030291638,85.8606029975432,
me_seed0,me,0,leg1_weak,top_k,3,6,515,1172.3531494140625,285,1170.933349609375,97.2030030291638,85.8606029975432,
me_seed0,me,0,leg1_weak,top_k,3,7,761,1181.007568359375,285,1170.933349609375,97.2030030291638,85.8606029975432,
me_seed0,me,0,leg1_weak,top_k,3,8,12,1169.6904296875,285,1170.933349609375,97.2030030291638,85.8606029975432,
me_seed0,me,0,leg1_weak,top_k,3,9,411,1144.279052734375,285,1170.933349609375,97.2030030291638,85.8606029975432,
me_seed0,me,0,leg1_weak,top_k,3,10,612,1144.4971923828125,285,1170.933349609375,97.2030030291638,85.8606029975432,
me_seed0,me,0,leg1_weak,top_k,3,11,173,1164.921875,285,1170.933349609375,97.2030030291638,85.8606029975432,
me_seed0,me,0,leg1_weak,top_k,3,12,697,1131.173828125,285,1170.933349609375,97.2030030291638,85.8606029975432,
me_seed0,me,0,leg1_weak,top_k,3,13,689,1166.0830078125,285,1170.933349609375,97.2030030291638,85.8606029975432,
me_seed0,me,0,leg1_weak,top_k,3,14,198,1144.0538330078125,285,1170.933349609375,97.2030030291638,85.8606029975432,
me_seed0,me,0,leg1_weak,top_k,3,15,960,1154.246337890625,285,1170.933349609375,97.2030030291638,85.8606029975432,
me_seed0,me,0,leg1_weak,top_k,3,16,864,1169.525634765625,285,1170.933349609375,97.2030030291638,85.8606029975432,
me_seed0,me,0,leg1_weak,top_k,3,17,682,1159.12939453125,285,1170.933349609375,97.2030030291638,85.8606029975432,
me_seed0,me,0,leg1_weak,top_k,3,18,691,1148.54541015625,285,1170.933349609375,97.2030030291638,85.8606029975432,
me_seed0,me,0,leg1_weak,top_k,3,19,957,1155.7806396484375,285,1170.933349609375,97.2030030291638,85.8606029975432,
me_seed0,me,0,leg1_weak,top_k,3,20,321,1122.489990234375,285,1170.933349609375,97.2030030291638,85.8606029975432,
me_seed0,me,0,leg1_weak,top_k,4,1,285,1155.023193359375,285,1170.933349609375,97.2030030291638,85.8606029975432,
me_seed0,me,0,leg1_weak,top_k,4,2,911,1158.6085205078125,911,1168.04638671875,94.70266365963414,83.65202261138063,
me_seed0,me,0,leg1_weak,top_k,4,3,166,1089.486572265625,911,1168.04638671875,94.70266365963414,83.65202261138063,
me_seed0,me,0,leg1_weak,top_k,4,4,228,1168.542236328125,228,1130.2391357421875,61.95857873309653,54.728771386809164,
me_seed0,me,0,leg1_weak,top_k,4,5,458,1179.186279296875,458,1160.070068359375,87.79453786327869,77.54999049329881,
me_seed0,me,0,leg1_weak,top_k,4,6,515,1169.491455078125,458,1160.070068359375,87.79453786327869,77.54999049329881,
me_seed0,me,0,leg1_weak,top_k,4,7,761,1137.19091796875,458,1160.070068359375,87.79453786327869,77.54999049329881,
me_seed0,me,0,leg1_weak,top_k,4,8,12,1125.0438232421875,458,1160.070068359375,87.79453786327869,77.54999049329881,
me_seed0,me,0,leg1_weak,top_k,4,9,411,1151.0146484375,458,1160.070068359375,87.79453786327869,77.54999049329881,
me_seed0,me,0,leg1_weak,top_k,4,10,612,1150.043212890625,458,1160.070068359375,87.79453786327869,77.54999049329881,
me_seed0,me,0,leg1_weak,top_k,4,11,173,1160.98388671875,458,1160.070068359375,87.79453786327869,77.54999049329881,
me_seed0,me,0,leg1_weak,top_k,4,12,697,1090.5548095703125,458,1160.070068359375,87.79453786327869,77.54999049329881,
me_seed0,me,0,leg1_weak,top_k,4,13,689,1178.5537109375,458,1160.070068359375,87.79453786327869,77.54999049329881,
me_seed0,me,0,leg1_weak,top_k,4,14,198,1166.8997802734375,458,1160.070068359375,87.79453786327869,77.54999049329881,
me_seed0,me,0,leg1_weak,top_k,4,15,960,1147.191650390625,458,1160.070068359375,87.79453786327869,77.54999049329881,
me_seed0,me,0,leg1_weak,top_k,4,16,864,1160.1695556640625,458,1160.070068359375,87.79453786327869,77.54999049329881,
me_seed0,me,0,leg1_weak,top_k,4,17,682,1170.7275390625,458,1160.070068359375,87.79453786327869,77.54999049329881,
me_seed0,me,0,leg1_weak,top_k,4,18,691,1153.140869140625,458,1160.070068359375,87.79453786327869,77.54999049329881,
me_seed0,me,0,leg1_weak,top_k,4,19,957,1150.5364990234375,458,1160.070068359375,87.79453786327869,77.54999049329881,
me_seed0,me,0,leg1_weak,top_k,4,20,321,1164.1578369140625,458,1160.070068359375,87.79453786327869,77.54999049329881,
me_seed0,me,0,leg2_weak,ite,0,1,285,1064.310791015625,285,1063.964599609375,7.3549821393427415,4.027516763732107,10
me_seed0,me,0,leg2_weak,ite,0,2,586,1085.63916015625,586,1096.19384765625,52.381301581963385,28.68349184683637,10
me_seed0,me,0,leg2_weak,ite,0,3,173,1062.881591796875,586,1096.19384765625,52.381301581963385,28.68349184683637,10
me_seed0,me,0,leg2_weak,ite,0,4,611,1071.0186767578125,586,1096.19384765625,52.381301581963385,28.68349184683637,10
me_seed0,me,0,leg2_weak,ite,0,5,277,1080.965576171875,586,1096.19384765625,52.381301581963385,28.68349184683637,10
me_seed0,me,0,leg2_weak,ite,0,6,940,1060.0418701171875,586,1096.19384765625,52.381301581963385,28.68349184683637,10
me_seed0,me,0,leg2_weak,ite,0,7,411,1063.172119140625,586,1096.19384765625,52.381301581963385,28.68349184683637,10
me_seed0,me,0,leg2_weak,ite,0,8,335,1061.28173828125,586,1096.19384765625,52.381301581963385,28.68349184683637,10
me_seed0,me,0,leg2_weak,ite,0,9,223,1055.7156982421875,586,1096.19384765625,52.381301581963385,28.68349184683637,10
me_seed0,me,0,leg2_weak,ite,0,10,277,1108.44091796875,277,1078.6741943359375,27.905226130961736,15.280630721997506,10
me_seed0,me,0,leg2_weak,ite,0,11,277,1064.71923828125,277,1078.6741943359375,27.905226130961736,15.280630721997506,10
me_seed0,me,0,leg2_weak,ite,0,12,277,1090.915771484375,277,1078.6741943359375,27.905226130961736,15.280630721997506,10
me_seed0,me,0,leg2_weak,ite,0,13,277,1071.8701171875,277,1078.6741943359375,27.905226130961736,15.280630721997506,10
me_seed0,me,0,leg2_weak,ite,0,14,515,1060.9310302734375,277,1078.6741943359375,27.905226130961736,15.280630721997506,10
me_seed0,me,0,leg2_weak,ite,0,15,467,1059.7987060546875,277,1078.6741943359375,27.905226130961736,15.280630721997506,10
me_seed0,me,0,leg2_weak,ite,0,16,277,1083.9503173828125,277,1078.6741943359375,27.905226130961736,15.280630721997506,10
me_seed0,me,0,leg2_weak,ite,0,17,586,1087.482177734375,277,1078.6741943359375,27.905226130961736,15.280630721997506,10
me_seed0,me,0,leg2_weak,ite,0,18,586,1103.9910888671875,277,1078.6741943359375,27.905226130961736,15.280630721997506,10
me_seed0,me,0,leg2_weak,ite,0,19,586,1093.2791748046875,277,1078.6741943359375,27.905226130961736,15.280630721997506,10
me_seed0,me,0,leg2_weak,ite,0,20,586,1094.0797119140625,277,1078.6741943359375,27.905226130961736,15.280630721997506,10
me_seed0,me,0,leg2_weak,ite,1,1,285,1063.590087890625,285,1063.964599609375,7.3549821393427415,4.027516763732107,8
me_seed0,me,0,leg2_weak,ite,1,2,586,1085.97216796875,586,1096.19384765625,52.381301581963385,28.68349184683637,8
me_seed0,me,0,leg2_weak,ite,1,3,173,1067.578369140625,586,1096.19384765625,52.381301581963385,28.68349184683637,8
me_seed0,me,0,leg2_weak,ite,1,4,611,1058.712646484375,586,1096.19384765625,52.381301581963385,28.68349184683637,8
me_seed0,me,0,leg2_weak,ite,1,5,940,1059.959228515625,586,1096.19384765625,52.381301581963385,28.68349184683637,8
me_seed0,me,0,leg2_weak,ite,1,6,277,1061.2784423828125,586,1096.19384765625,52.381301581963385,28.68349184683637,8
me_seed0,me,0,leg2_weak,ite,1,7,411,1064.26220703125,586,1096.19384765625,52.381301581963385,28.68349184683637,8
me_seed0,me,0,leg2_weak,ite,1,8,335,1060.8131103515625,586,1096.19384765625,52.381301581963385,28.68349184683637,8
me_seed0,me,0,leg2_weak,ite,1,9,223,1071.1243896484375,586,1096.19384765625,52.381301581963385,28.68349184683637,8
me_seed0,me,0,leg2_weak,ite,1,10,515,1059.9371337890625,586,1096.19384765625,52.381301581963385,28.68349184683637,8
me_seed0,me,0,leg2_weak,ite,1,11,467,1061.016845703125,586,1096.19384765625,52.381301581963385,28.68349184683637,8
me_seed0,me,0,leg2_weak,ite,1,12,586,1093.271484375,586,1096.19384765625,52.381301581963385,28.68349184683637,8
me_seed0,me,0,leg2_weak,ite,1,13,586,1090.477783203125,586,1096.19384765625,52.381301581963385,28.68349184683637,8
me_seed0,me,0,leg2_weak,ite,1,14,586,1098.769775390625,586,1096.19384765625,52.381301581963385,28.68349184683637,8
me_seed0,me,0,leg2_weak,ite,1,15,586,1081.0269775390625,586,1096.19384765625,52.381301581963385,28.68349184683637,8
me_seed0,me,0,leg2_weak,ite,1,16,586,1098.8521728515625,586,1096.19384765625,52.381301581963385,28.68349184683637,8
me_seed0,me,0,leg2_weak,ite,1,17,586,1100.95068359375,586,1096.19384765625,52.381301581963385,28.68349184683637,8
me_seed0,me,0,leg2_weak,ite,1,18,586,1109.195068359375,586,1096.19384765625,52.381301581963385,28.68349184683637,8
me_seed0,me,0,leg2_weak,ite,1,19,586,1088.5986328125,586,1096.19384765625,52.381301581963385,28.68349184683637,8
me_seed0,me,0,leg2_weak,ite,1,20,586,1101.781005859375,586,1096.19384765625,52.381301581963385,28.68349184683637,8
me_seed0,me,0,leg2_weak,ite,2,1,285,1062.337646484375,285,1063.964599609375,7.3549821393427415,4.027516763732107,5
me_seed0,me,0,leg2_weak,ite,2,2,586,1104.9412841796875,586,1096.19384765625,52.381301581963385,28.68349184683637,5
me_seed0,me,0,leg2_weak,ite,2,3,611,1066.336669921875,586,1096.19384765625,52.381301581963385,28.68349184683637,5
me_seed0,me,0,leg2_weak,ite,2,4,173,1064.805419921875,586,1096.19384765625,52.381301581963385,28.68349184683637,5
me_seed0,me,0,leg2_weak,ite,2,5,277,1086.059814453125,586,1096.19384765625,52.381301581963385,28.68349184683637,5
me_seed0,me,0,leg2_weak,ite,2,6,940,1058.025634765625,586,1096.19384765625,52.381301581963385,28.68349184683637,5
me_seed0,me,0,leg2_weak,ite,2,7,586,1090.05078125,586,1096.19384765625,52.381301581963385,28.68349184683637,5
me_seed0,me,0,leg2_weak,ite,2,8,411,1060.452392578125,586,1096.19384765625,52.381301581963385,28.68349184683637,5
me_seed0,me,0,leg2_weak,ite,2,9,586,1079.333251953125,586,1096.19384765625,52.381301581963385,28.68349184683637,5
me_seed0,me,0,leg2_weak,ite,2,10,277,1062.13427734375,586,1096.19384765625,52.381301581963385,28.68349184683637,5
me_seed0,me,0,leg2_weak,ite,2,11,335,1061.620361328125,586,1096.19384765625,52.381301581963385,28.68349184683637,5
me_seed0,me,0,leg2_weak,ite,2,12,223,1061.27783203125,586,1096.19384765625,52.381301581963385,28.68349184683637,5
me_seed0,me,0,leg2_weak,ite,2,13,586,1110.90966796875,586,1096.19384765625,52.381301581963385,28.68349184683637,5
me_seed0,me,0,leg2_weak,ite,2,14,586,1081.607177734375,586,1096.19384765625,52.381301581963385,28.68349184683637,5
me_seed0,me,0,leg2_weak,ite,2,15,586,1087.298583984375,586,1096.19384765625,52.381301581963385,28.68349184683637,5
me_seed0,me,0,leg2_weak,ite,2,16,586,1088.147705078125,586,1096.19384765625,52.381301581963385,28.68349184683637,5
me_seed0,me,0,leg2_weak,ite,2,17,586,1114.3597412109375,586,1096.19384765625,52.381301581963385,28.68349184683637,5
me_seed0,me,0,leg2_weak,ite,2,18,586,1101.107666015625,586,1096.19384765625,52.381301581963385,28.68349184683637,5
me_seed0,me,0,leg2_weak,ite,2,19,586,1090.0869140625,586,1096.19384765625,52.381301581963385,28.68349184683637,5
me_seed0,me,0,leg2_weak,ite,2,20,586,1085.8936767578125,586,1096.19384765625,52.381301581963385,28.68349184683637,5
me_seed0,me,0,leg2_weak,ite,3,1,285,1061.34814453125,285,1063.964599609375,7.3549821393427415,4.027516763732107,6
me_seed0,me,0,leg2_weak,ite,3,2,586,1074.027587890625,586,1096.19384765625,52.381301581963385,28.68349184683637,6
me_seed0,me,0,leg2_weak,ite,3,3,173,1064.64697265625,586,1096.19384765625,52.381301581963385,28.68349184683637,6
me_seed0,me,0,leg2_weak,ite,3,4,611,1058.8770751953125,586,1096.19384765625,52.381301581963385,28.68349184683637,6
me_seed0,me,0,leg2_weak,ite,3,5,940,1059.0244140625,586,1096.19384765625,52.381301581963385,28.68349184683637,6
me_seed0,me,0,leg2_weak,ite,3,6,277,1090.4654541015625,277,1078.6741943359375,27.905226130961736,15.280630721997506,6
me_seed0,me,0,leg2_weak,ite,3,7,277,1100.1527099609375,277,1078.6741943359375,27.905226130961736,15.280630721997506,6
me_seed0,me,0,leg2_weak,ite,3,8,277,1085.970947265625,277,1078.6741943359375,27.905226130961736,15.280630721997506,6
me_seed0,me,0,leg2_weak,ite,3,9,411,1063.7833251953125,277,1078.6741943359375,27.905226130961736,15.280630721997506,6
me_seed0,me,0,leg2_weak,ite,3,10,277,1105.67822265625,277,1078.6741943359375,27.905226130961736,15.280630721997506,6
me_seed0,me,0,leg2_weak,ite,3,11,277,1070.3070068359375,277,1078.6741943359375,27.905226130961736,15.280630721997506,6
me_seed0,me,0,leg2_weak,ite,3,12,277,1085.8240966796875,277,1078.6741943359375,27.905226130961736,15.280630721997506,6
me_seed0,me,0,leg2_weak,ite,3,13,277,1051.5941162109375,277,1078.6741943359375,27.905226130961736,15.280630721997506,6
me_seed0,me,0,leg2_weak,ite,3,14,335,1062.943359375,277,1078.6741943359375,27.905226130961736,15.280630721997506,6
me_seed0,me,0,leg2_weak,ite,3,15,223,1058.0684814453125,277,1078.6741943359375,27.905226130961736,15.280630721997506,6
me_seed0,me,0,leg2_weak,ite,3,16,467,1059.295654296875,277,1078.6741943359375,27.905226130961736,15.280630721997506,6
me_seed0,me,0,leg2_weak,ite,3,17,515,1062.34716796875,277,1078.6741943359375,27.905226130961736,15.280630721997506,6
me_seed0,me,0,leg2_weak,ite,3,18,277,1082.291015625,277,1078.6741943359375,27.905226130961736,15.280630721997506,6
me_seed0,me,0,leg2_weak,ite,3,19,277,1090.558837890625,277,1078.6741943359375,27.905226130961736,15.280630721997506,6
me_seed0,me,0,leg2_weak,ite,3,20,277,1083.1312255859375,277,1078.6741943359375,27.905226130961736,15.280630721997506,6
me_seed0,me,0,leg2_weak,ite,4,1,285,1068.0736083984375,285,1063.964599609375,7.3549821393427415,4.027516763732107,4
me_seed0,me,0,leg2_weak,ite,4,2,586,1110.549072265625,586,1096.19384765625,52.381301581963385,28.68349184683637,4
me_seed0,me,0,leg2_weak,ite,4,3,611,1057.7833251953125,586,1096.19384765625,52.381301581963385,28.68349184683637,4
me_seed0,me,0,leg2_weak,ite,4,4,173,1062.9376220703125,586,1096.19384765625,52.381301581963385,28.68349184683637,4
me_seed0,me,0,leg2_weak,ite,4,5,940,1058.3861083984375,586,1096.19384765625,52.381301581963385,28.68349184683637,4
me_seed0,me,0,leg2_weak,ite,4,6,277,1088.141845703125,586,1096.19384765625,52.381301581963385,28.68349184683637,4
me_seed0,me,0,leg2_weak,ite,4,7,586,1089.253662109375,586,1096.19384765625,52.381301581963385,28.68349184683637,4
me_seed0,me,0,leg2_weak,ite,4,8,411,1059.910888671875,586,1096.19384765625,52.381301581963385,28.68349184683637,4
me_seed0,me,0,leg2_weak,ite,4,9,586,1090.5008544921875,586,1096.19384765625,52.381301581963385,28.68349184683637,4
me_seed0,me,0,leg2_weak,ite,4,10,277,1067.6162109375,586,1096.19384765625,52.381301581963385,28.68349184683637,4
me_seed0,me,0,leg2_weak,ite,4,11,335,1060.872314453125,586,1096.19384765625,52.381301581963385,28.68349184683637,4
me_seed0,me,0,leg2_weak,ite,4,12,586,1097.447509765625,586,1096.19384765625,52.381301581963385,28.68349184683637,4
me_seed0,me,0,leg2_weak,ite,4,13,586,1099.9920654296875,586,1096.19384765625,52.381301581963385,28.68349184683637,4
me_seed0,me,0,leg2_weak,ite,4,14,586,1075.5482177734375,586,1096.19384765625,52.381301581963385,28.68349184683637,4
me_seed0,me,0,leg2_weak,ite,4,15,223,1057.3466796875,586,1096.19384765625,52.381301581963385,28.68349184683637,4
me_seed0,me,0,leg2_weak,ite,4,16,586,1085.304443359375,586,1096.19384765625,52.381301581963385,28.68349184683637,4
me_seed0,me,0,leg2_weak,ite,4,17,586,1103.4344482421875,586,1096.19384765625,52.381301581963385,28.68349184683637,4
me_seed0,me,0,leg2_weak,ite,4,18,586,1094.4827880859375,586,1096.19384765625,52.381301581963385,28.68349184683637,4
me_seed0,me,0,leg2_weak,ite,4,19,586,1100.352294921875,586,1096.19384765625,52.381301581963385,28.68349184683637,4
me_seed0,me,0,leg2_weak,ite,4,20,586,1105.181640625,586,1096.19384765625,52.381301581963385,28.68349184683637,4
me_seed0,me,0,leg2_weak,top_k,0,1,285,1060.4896240234375,285,1063.964599609375,7.3549821393427415,4.027516763732107,
me_seed0,me,0,leg2_weak,top_k,0,2,911,1067.4063720703125,911,1063.1031494140625,6.151481157202715,3.3684913182712486,
me_seed0,me,0,leg2_weak,top_k,0,3,166,1058.900390625,911,1063.1031494140625,6.151481157202715,3.3684913182712486,
me_seed0,me,0,leg2_weak,top_k,0,4,228,1061.5814208984375,911,1063.1031494140625,6.151481157202715,3.3684913182712486,
me_seed0,me,0,leg2_weak,top_k,0,5,458,1061.0391845703125,911,1063.1031494140625,6.151481157202715,3.3684913182712486,
me_seed0,me,0,leg2_weak,top_k,0,6,515,1054.14404296875,911,1063.1031494140625,6.151481157202715,3.3684913182712486,
me_seed0,me,0,leg2_weak,top_k,0,7,761,1072.3594970703125,761,1064.7720947265625,8.48310442882216,4.64526556941775,
me_seed0,me,0,leg2_weak,top_k,0,8,12,1061.60595703125,761,1064.7720947265625,8.48310442882216,4.64526556941775,
me_seed0,me,0,leg2_weak,top_k,0,9,411,1061.027099609375,761,1064.7720947265625,8.48310442882216,4.64526556941775,
me_seed0,me,0,leg2_weak,top_k,0,10,612,1062.2215576171875,761,1064.7720947265625,8.48310442882216,4.64526556941775,
me_seed0,me,0,leg2_weak,top_k,0,11,173,1062.611083984375,761,1064.7720947265625,8.48310442882216,4.64526556941775,
me_seed0,me,0,leg2_weak,top_k,0,12,697,1071.085693359375,761,1064.7720947265625,8.48310442882216,4.64526556941775,
me_seed0,me,0,leg2_weak,top_k,0,13,689,1063.4793701171875,761,1064.7720947265625,8.48310442882216,4.64526556941775,
me_seed0,me,0,leg2_weak,top_k,0,14,198,1062.1846923828125,761,1064.7720947265625,8.48310442882216,4.64526556941775,
me_seed0,me,0,leg2_weak,top_k,0,15,960,1061.520263671875,761,1064.7720947265625,8.48310442882216,4.64526556941775,
me_seed0,me,0,leg2_weak,top_k,0,16,864,1067.494873046875,761,1064.7720947265625,8.48310442882216,4.64526556941775,
me_seed0,me,0,leg2_weak,top_k,0,17,682,1071.32763671875,761,1064.7720947265625,8.48310442882216,4.64526556941775,
me_seed0,me,0,leg2_weak,top_k,0,18,691,1057.2979736328125,761,1064.7720947265625,8.48310442882216,4.64526556941775,
me_seed0,me,0,leg2_weak,top_k,0,19,957,1065.035888671875,761,1064.7720947265625,8.48310442882216,4.64526556941775,
me_seed0,me,0,leg2_weak,top_k,0,20,321,1065.828369140625,761,1064.7720947265625,8.48310442882216,4.64526556941775,
me_seed0,me,0,leg2_weak,top_k,1,1,285,1060.3758544921875,285,1063.964599609375,7.3549821393427415,4.027516763732107,
me_seed0,me,0,leg2_weak,top_k,1,2,911,1061.63330078125,911,1063.1031494140625,6.151481157202715,3.3684913182712486,
me_seed0,me,0,leg2_weak,top_k,1,3,166,1061.175537109375,911,1063.1031494140625,6.151481157202715,3.3684913182712486,
me_seed0,me,0,leg2_weak,top_k,1,4,228,1070.820556640625,228,1072.431640625,19.183979606141165,10.504960854430148,
me_seed0,me,0,leg2_weak,top_k,1,5,458,1056.4034423828125,228,1072.431640625,19.183979606141165,10.504960854430148,
me_seed0,me,0,leg2_weak,top_k,1,6,515,1058.47509765625,228,1072.431640625,19.183979606141165,10.504960854430148,
me_seed0,me,0,leg2_weak,top_k,1,7,761,1066.30712890625,228,1072.431640625,19.183979606141165,10.504960854430148,
me_seed0,me,0,leg2_weak,top_k,1,8,12,1067.45458984375,228,1072.431640625,19.183979606141165,10.504960854430148,
me_seed0,me,0,leg2_weak,top_k,1,9,411,1062.4580078125,228,1072.431640625,19.183979606141165,10.504960854430148,
me_seed0,me,0,leg2_weak,top_k,1,10,612,1067.8331298828125,228,1072.431640625,19.183979606141165,10.504960854430148,
me_seed0,me,0,leg2_weak,top_k,1,11,173,1062.44091796875,228,1072.431640625,19.183979606141165,10.504960854430148,
me_seed0,me,0,leg2_weak,top_k,1,12,697,1067.8262939453125,228,1072.431640625,19.183979606141165,10.504960854430148,
me_seed0,me,0,leg2_weak,top_k,1,13,689,1068.005859375,228,1072.431640625,19.183979606141165,10.504960854430148,
me_seed0,me,0,leg2_weak,top_k,1,14,198,1061.69970703125,228,1072.431640625,19.183979606141165,10.504960854430148,
me_seed0,me,0,leg2_weak,top_k,1,15,960,1062.5281982421875,228,1072.431640625,19.183979606141165,10.504960854430148,
me_seed0,me,0,leg2_weak,top_k,1,16,864,1065.28369140625,228,1072.431640625,19.183979606141165,10.504960854430148,
me_seed0,me,0,leg2_weak,top_k,1,17,682,1076.52783203125,682,1074.99951171875,22.771459648694314,12.469430072329343,
me_seed0,me,0,leg2_weak,top_k,1,18,691,1061.237548828125,682,1074.99951171875,22.771459648694314,12.469430072329343,
me_seed0,me,0,leg2_weak,top_k,1,19,957,1056.4112548828125,682,1074.99951171875,22.771459648694314,12.469430072329343,
me_seed0,me,0,leg2_weak,top_k,1,20,321,1065.55517578125,682,1074.99951171875,22.771459648694314,12.469430072329343,
me_seed0,me,0,leg2_weak,top_k,2,1,285,1062.7347412109375,285,1063.964599609375,7.3549821393427415,4.027516763732107,
me_seed0,me,0,leg2_weak,top_k,2,2,911,1066.20654296875,911,1063.1031494140625,6.151481157202715,3.3684913182712486,
me_seed0,me,0,leg2_weak,top_k,2,3,166,1060.668701171875,911,1063.1031494140625,6.151481157202715,3.3684913182712486,
me_seed0,me,0,leg2_weak,top_k,2,4,228,1061.462890625,911,1063.1031494140625,6.151481157202715,3.3684913182712486,
me_seed0,me,0,leg2_weak,top_k,2,5,458,1059.7738037109375,911,1063.1031494140625,6.151481157202715,3.3684913182712486,
me_seed0,me,0,leg2_weak,top_k,2,6,515,1056.340576171875,911,1063.1031494140625,6.151481157202715,3.3684913182712486,
me_seed0,me,0,leg2_weak,top_k,2,7,761,1064.158203125,911,1063.1031494140625,6.151481157202715,3.3684913182712486,
me_seed0,me,0,leg2_weak,top_k,2,8,12,1061.53515625,911,1063.1031494140625,6.151481157202715,3.3684913182712486,
me_seed0,me,0,leg2_weak,top_k,2,9,411,1065.03466796875,911,1063.1031494140625,6.151481157202715,3.3684913182712486,
me_seed0,me,0,leg2_weak,top_k,2,10,612,1064.701416015625,911,1063.1031494140625,6.151481157202715,3.3684913182712486,
me_seed0,me,0,leg2_weak,top_k,2,11,173,1060.947998046875,911,1063.1031494140625,6.151481157202715,3.3684913182712486,
me_seed0,me,0,leg2_weak,top_k,2,12,697,1058.240234375,911,1063.1031494140625,6.151481157202715,3.3684913182712486,
me_seed0,me,0,leg2_weak,top_k,2,13,689,1064.373046875,911,1063.1031494140625,6.151481157202715,3.3684913182712486,
me_seed0,me,0,leg2_weak,top_k,2,14,198,1058.8355712890625,911,1063.1031494140625,6.151481157202715,3.3684913182712486,
me_seed0,me,0,leg2_weak,top_k,2,15,960,1060.75537109375,911,1063.1031494140625,6.151481157202715,3.3684913182712486,
me_seed0,me,0,leg2_weak,top_k,2,16,864,1062.3458251953125,911,1063.1031494140625,6.151481157202715,3.3684913182712486,
me_seed0,me,0,leg2_weak,top_k,2,17,682,1083.250732421875,682,1074.99951171875,22.771459648694314,12.469430072329343,
me_seed0,me,0,leg2_weak,top_k,2,18,691,1058.273193359375,682,1074.99951171875,22.771459648694314,12.469430072329343,
me_seed0,me,0,leg2_weak,top_k,2,19,957,1067.554443359375,682,1074.99951171875,22.771459648694314,12.469430072329343,
me_seed0,me,0,leg2_weak,top_k,2,20,321,1060.93359375,682,1074.99951171875,22.771459648694314,12.469430072329343,
me_seed0,me,0,leg2_weak,top_k,3,1,285,1065.107177734375,285,1063.964599609375,7.3549821393427415,4.027516763732107,
me_seed0,me,0,leg2_weak,top_k,3,2,911,1074.5391845703125,911,1063.1031494140625,6.151481157202715,3.3684913182712486,
me_seed0,me,0,leg2_weak,top_k,3,3,166,1058.6761474609375,911,1063.1031494140625,6.151481157202715,3.3684913182712486,
me_seed0,me,0,leg2_weak,top_k,3,4,228,1067.970947265625,911,1063.1031494140625,6.151481157202715,3.3684913182712486,
me_seed0,me,0,leg2_weak,top_k,3,5,458,1056.10888671875,911,1063.1031494140625,6.151481157202715,3.3684913182712486,
me_seed0,me,0,leg2_weak,top_k,3,6,515,1068.317626953125,911,1063.1031494140625,6.151481157202715,3.3684913182712486,
me_seed0,me,0,leg2_weak,top_k,3,7,761,1065.787109375,911,1063.1031494140625,6.151481157202715,3.3684913182712486,
me_seed0,me,0,leg2_weak,top_k,3,8,12,1065.87646484375,911,1063.1031494140625,6.151481157202715,3.3684913182712486,
me_seed0,me,0,leg2_weak,top_k,3,9,411,1069.6923828125,911,1063.1031494140625,6.151481157202715,3.3684913182712486,
me_seed0,me,0,leg2_weak,top_k,3,10,612,1079.892822265625,612,1074.972900390625,22.73428192244994,12.449071910630254,
me_seed0,me,0,leg2_weak,top_k,3,11,173,1063.9432373046875,612,1074.972900390625,22.73428192244994,12.449071910630254,
me_seed0,me,0,leg2_weak,top_k,3,12,697,1053.17919921875,612,1074.972900390625,22.73428192244994,12.449071910630254,
me_seed0,me,0,leg2_weak,top_k,3,13,689,1064.5428466796875,612,1074.972900390625,22.73428192244994,12.449071910630254,
me_seed0,me,0,leg2_weak,top_k,3,14,198,1062.7279052734375,612,1074.972900390625,22.73428192244994,12.449071910630254,
me_seed0,me,0,leg2_weak,top_k,3,15,960,1059.930908203125,612,1074.972900390625,22.73428192244994,12.449071910630254,
me_seed0,me,0,leg2_weak,top_k,3,16,864,1060.933837890625,612,1074.972900390625,22.73428192244994,12.449071910630254,
me_seed0,me,0,leg2_weak,top_k,3,17,682,1071.31494140625,612,1074.972900390625,22.73428192244994,12.449071910630254,
me_seed0,me,0,leg2_weak,top_k,3,18,691,1066.843017578125,612,1074.972900390625,22.73428192244994,12.449071910630254,
me_seed0,me,0,leg2_weak,top_k,3,19,957,1055.27685546875,612,1074.972900390625,22.73428192244994,12.449071910630254,
me_seed0,me,0,leg2_weak,top_k,3,20,321,1063.927978515625,612,1074.972900390625,22.73428192244994,12.449071910630254,
me_seed0,me,0,leg2_weak,top_k,4,1,285,1064.490966796875,285,1063.964599609375,7.3549821393427415,4.027516763732107,
me_seed0,me,0,leg2_weak,top_k,4,2,911,1072.943603515625,911,1063.1031494140625,6.151481157202715,3.3684913182712486,
me_seed0,me,0,leg2_weak,top_k,4,3,166,1058.401123046875,911,1063.1031494140625,6.151481157202715,3.3684913182712486,
me_seed0,me,0,leg2_weak,top_k,4,4,228,1065.685791015625,911,1063.1031494140625,6.151481157202715,3.3684913182712486,
me_seed0,me,0,leg2_weak,top_k,4,5,458,1067.245361328125,911,1063.1031494140625,6.151481157202715,3.3684913182712486,
me_seed0,me,0,leg2_weak,top_k,4,6,515,1059.3533935546875,911,1063.1031494140625,6.151481157202715,3.3684913182712486,
me_seed0,me,0,leg2_weak,top_k,4,7,761,1065.544921875,911,1063.1031494140625,6.151481157202715,3.3684913182712486,
me_seed0,me,0,leg2_weak,top_k,4,8,12,1060.3109130859375,911,1063.1031494140625,6.151481157202715,3.3684913182712486,
me_seed0,me,0,leg2_weak,top_k,4,9,411,1062.84326171875,911,1063.1031494140625,6.151481157202715,3.3684913182712486,
me_seed0,me,0,leg2_weak,top_k,4,10,612,1065.4630126953125,911,1063.1031494140625,6.151481157202715,3.3684913182712486,
me_seed0,me,0,leg2_weak,top_k,4,11,173,1061.919677734375,911,1063.1031494140625,6.151481157202715,3.3684913182712486,
me_seed0,me,0,leg2_weak,top_k,4,12,697,1081.7568359375,697,1076.2833251953125,24.565029129942246,13.4515712952161,
me_seed0,me,0,leg2_weak,top_k,4,13,689,1058.029541015625,697,1076.2833251953125,24.565029129942246,13.4515712952161,
me_seed0,me,0,leg2_weak,top_k,4,14,198,1063.86181640625,697,1076.2833251953125,24.565029129942246,13.4515712952161,
me_seed0,me,0,leg2_weak,top_k,4,15,960,1052.8338623046875,697,1076.2833251953125,24.565029129942246,13.4515712952161,
me_seed0,me,0,leg2_weak,top_k,4,16,864,1067.676513671875,697,1076.2833251953125,24.565029129942246,13.4515712952161,
me_seed0,me,0,leg2_weak,top_k,4,17,682,1081.9600830078125,682,1074.99951171875,22.771459648694314,12.469430072329343,
me_seed0,me,0,leg2_weak,top_k,4,18,691,1063.7161865234375,682,1074.99951171875,22.771459648694314,12.469430072329343,
me_seed0,me,0,leg2_weak,top_k,4,19,957,1065.82861328125,682,1074.99951171875,22.771459648694314,12.469430072329343,
me_seed0,me,0,leg2_weak,top_k,4,20,321,1067.749267578125,682,1074.99951171875,22.771459648694314,12.469430072329343,
me_seed0,me,0,leg3_weak,ite,0,1,285,1093.893798828125,285,1086.8330078125,31.04751774081513,21.522275004024912,6
me_seed0,me,0,leg3_weak,ite,0,2,586,1094.01953125,586,1099.85595703125,45.41961224281945,31.48507373203203,6
me_seed0,me,0,leg3_weak,ite,0,3,173,1106.909423828125,173,1105.23388671875,51.354682125653824,35.5992901165047,6
me_seed0,me,0,leg3_weak,ite,0,4,515,1096.382080078125,173,1105.23388671875,51.354682125653824,35.5992901165047,6
me_seed0,me,0,leg3_weak,ite,0,5,611,1103.1748046875,173,1105.23388671875,51.354682125653824,35.5992901165047,6
me_seed0,me,0,leg3_weak,ite,0,6,467,1063.888916015625,173,1105.23388671875,51.354682125653824,35.5992901165047,6
me_seed0,me,0,leg3_weak,ite,0,7,277,1142.3115234375,277,1113.46630859375,60.439962516482545,41.89724619442453,6
me_seed0,me,0,leg3_weak,ite,0,8,277,1099.3326416015625,277,1113.46630859375,60.439962516482545,41.89724619442453,6
me_seed0,me,0,leg3_weak,ite,0,9,277,1112.606689453125,277,1113.46630859375,60.439962516482545,41.89724619442453,6
me_seed0,me,0,leg3_weak,ite,0,10,277,1103.239501953125,277,1113.46630859375,60.439962516482545,41.89724619442453,6
me_seed0,me,0,leg3_weak,ite,0,11,277,1128.787841796875,277,1113.46630859375,60.439962516482545,41.89724619442453,6
me_seed0,me,0,leg3_weak,ite,0,12,277,1117.30126953125,277,1113.46630859375,60.439962516482545,41.89724619442453,6
me_seed0,me,0,leg3_weak,ite,0,13,277,1125.260498046875,277,1113.46630859375,60.439962516482545,41.89724619442453,6
me_seed0,me,0,leg3_weak,ite,0,14,277,1122.85205078125,277,1113.46630859375,60.439962516482545,41.89724619442453,6
me_seed0,me,0,leg3_weak,ite,0,15,277,1130.162841796875,277,1113.46630859375,60.439962516482545,41.89724619442453,6
me_seed0,me,0,leg3_weak,ite,0,16,277,1125.225341796875,277,1113.46630859375,60.439962516482545,41.89724619442453,6
me_seed0,me,0,leg3_weak,ite,0,17,277,1134.679443359375,277,1113.46630859375,60.439962516482545,41.89724619442453,6
me_seed0,me,0,leg3_weak,ite,0,18,277,1117.010009765625,277,1113.46630859375,60.439962516482545,41.89724619442453,6
me_seed0,me,0,leg3_weak,ite,0,19,277,1113.459228515625,277,1113.46630859375,60.439962516482545,41.89724619442453,6
me_seed0,me,0,leg3_weak,ite,0,20,277,1139.6473388671875,277,1113.46630859375,60.439962516482545,41.89724619442453,6
me_seed0,me,0,leg3_weak,ite,1,1,285,1079.0369873046875,285,1086.8330078125,31.04751774081513,21.522275004024912,3
me_seed0,me,0,leg3_weak,ite,1,2,586,1097.815673828125,586,1099.85595703125,45.41961224281945,31.48507373203203,3
me_seed0,me,0,leg3_weak,ite,1,3,173,1115.595703125,173,1105.23388671875,51.354682125653824,35.5992901165047,3
me_seed0,me,0,leg3_weak,ite,1,4,611,1133.7960205078125,611,1098.6878662109375,44.130510106700825,30.591462496717455,3
me_seed0,me,0,leg3_weak,ite,1,5,611,1100.5445556640625,611,1098.6878662109375,44.130510106700825,30.591462496717455,3
me_seed0,me,0,leg3_weak,ite,1,6,515,1068.971435546875,611,1098.6878662109375,44.130510106700825,30.591462496717455,3
me_seed0,me,0,leg3_weak,ite,1,7,277,1093.17431640625,611,1098.6878662109375,44.130510106700825,30.591462496717455,3
me_seed0,me,0,leg3_weak,ite,1,8,611,1091.682373046875,611,1098.6878662109375,44.130510106700825,30.591462496717455,3
me_seed0,me,0,leg3_weak,ite,1,9,467,1066.934326171875,611,1098.6878662109375,44.130510106700825,30.591462496717455,3
me_seed0,me,0,leg3_weak,ite,1,10,611,1140.861328125,611,1098.6878662109375,44.130510106700825,30.591462496717455,3
me_seed0,me,0,leg3_weak,ite,1,11,611,1080.113525390625,611,1098.6878662109375,44.130510106700825,30.591462496717455,3
me_seed0,me,0,leg3_weak,ite,1,12,611,1138.3306884765625,611,1098.6878662109375,44.130510106700825,30.591462496717455,3
me_seed0,me,0,leg3_weak,ite,1,13,611,1117.6756591796875,611,1098.6878662109375,44.130510106700825,30.591462496717455,3
me_seed0,me,0,leg3_weak,ite,1,14,611,1098.72119140625,611,1098.6878662109375,44.130510106700825,30.591462496717455,3
me_seed0,me,0,leg3_weak,ite,1,15,611,1096.109619140625,611,1098.6878662109375,44.130510106700825,30.591462496717455,3
me_seed0,me,0,leg3_weak,ite,1,16,611,1096.5147705078125,611,1098.6878662109375,44.130510106700825,30.591462496717455,3
me_seed0,me,0,leg3_weak,ite,1,17,611,1083.3055419921875,611,1098.6878662109375,44.130510106700825,30.591462496717455,3
me_seed0,me,0,leg3_weak,ite,1,18,1010,1121.691162109375,611,1098.6878662109375,44.130510106700825,30.591462496717455,3
me_seed0,me,0,leg3_weak,ite,1,19,1010,1105.37060546875,611,1098.6878662109375,44.130510106700825,30.591462496717455,3
me_seed0,me,0,leg3_weak,ite,1,20,1010,1097.4287109375,611,1098.6878662109375,44.130510106700825,30.591462496717455,3
me_seed0,me,0,leg3_weak,ite,2,1,285,1066.05615234375,285,1086.8330078125,31.04751774081513,21.522275004024912,5
me_seed0,me,0,leg3_weak,ite,2,2,586,1085.0718994140625,586,1099.85595703125,45.41961224281945,31.48507373203203,5
me_seed0,me,0,leg3_weak,ite,2,3,173,1082.4005126953125,586,1099.85595703125,45.41961224281945,31.48507373203203,5
me_seed0,me,0,leg3_weak,ite,2,4,611,1092.695068359375,611,1098.6878662109375,44.130510106700825,30.591462496717455,5
me_seed0,me,0,leg3_weak,ite,2,5,277,1138.212158203125,277,1113.46630859375,60.439962516482545,41.89724619442453,5
me_seed0,me,0,leg3_weak,ite,2,6,277,1136.32275390625,277,1113.46630859375,60.439962516482545,41.89724619442453,5
me_seed0,me,0,leg3_weak,ite,2,7,277,1147.985595703125,277,1113.46630859375,60.439962516482545,41.89724619442453,5
me_seed0,me,0,leg3_weak,ite,2,8,277,1117.2760009765625,277,1113.46630859375,60.439962516482545,41.89724619442453,5
me_seed0,me,0,leg3_weak,ite,2,9,277,1132.0216064453125,277,1113.46630859375,60.439962516482545,41.89724619442453,5
me_seed0,me,0,leg3_weak,ite,2,10,277,1112.8531494140625,277,1113.46630859375,60.439962516482545,41.89724619442453,5
me_seed0,me,0,leg3_weak,ite,2,11,277,1123.3287353515625,277,1113.46630859375,60.439962516482545,41.89724619442453,5
me_seed0,me,0,leg3_weak,ite,2,12,277,1121.61376953125,277,1113.46630859375,60.439962516482545,41.89724619442453,5
me_seed0,me,0,leg3_weak,ite,2,13,277,1101.60107421875,277,1113.46630859375,60.439962516482545,41.89724619442453,5
me_seed0,me,0,leg3_weak,ite,2,14,277,1118.9532470703125,277,1113.46630859375,60.439962516482545,41.89724619442453,5
me_seed0,me,0,leg3_weak,ite,2,15,277,1107.9384765625,277,1113.46630859375,60.439962516482545,41.89724619442453,5
me_seed0,me,0,leg3_weak,ite,2,16,277,1110.770751953125,277,1113.46630859375,60.439962516482545,41.89724619442453,5
me_seed0,me,0,leg3_weak,ite,2,17,277,1121.295166015625,277,1113.46630859375,60.439962516482545,41.89724619442453,5
me_seed0,me,0,leg3_weak,ite,2,18,277,1094.712890625,277,1113.46630859375,60.439962516482545,41.89724619442453,5
me_seed0,me,0,leg3_weak,ite,2,19,277,1115.4632568359375,277,1113.46630859375,60.439962516482545,41.89724619442453,5
me_seed0,me,0,leg3_weak,ite,2,20,277,1117.2685546875,277,1113.46630859375,60.439962516482545,41.89724619442453,5
me_seed0,me,0,leg3_weak,ite,3,1,285,1090.5543212890625,285,1086.8330078125,31.04751774081513,21.522275004024912,4
me_seed0,me,0,leg3_weak,ite,3,2,586,1083.259521484375,285,1086.8330078125,31.04751774081513,21.522275004024912,4
me_seed0,me,0,leg3_weak,ite,3,3,173,1114.8905029296875,173,1105.23388671875,51.354682125653824,35.5992901165047,4
me_seed0,me,0,leg3_weak,ite,3,4,515,1082.7427978515625,173,1105.23388671875,51.354682125653824,35.5992901165047,4
me_seed0,me,0,leg3_weak,ite,3,5,467,1059.3349609375,173,1105.23388671875,51.354682125653824,35.5992901165047,4
me_seed0,me,0,leg3_weak,ite,3,6,611,1074.2784423828125,173,1105.23388671875,51.354682125653824,35.5992901165047,4
me_seed0,me,0,leg3_weak,ite,3,7,173,1115.664794921875,173,1105.23388671875,51.354682125653824,35.5992901165047,4
me_seed0,me,0,leg3_weak,ite,3,8,173,1084.449951171875,173,1105.23388671875,51.354682125653824,35.5992901165047,4
me_seed0,me,0,leg3_weak,ite,3,9,1010,1111.763671875,173,1105.23388671875,51.354682125653824,35.5992901165047,4
me_seed0,me,0,leg3_weak,ite,3,10,1010,1097.4189453125,173,1105.23388671875,51.354682125653824,35.5992901165047,4
me_seed0,me,0,leg3_weak,ite,3,11,277,1117.086669921875,277,1113.46630859375,60.439962516482545,41.89724619442453,4
me_seed0,me,0,leg3_weak,ite,3,12,277,1110.82568359375,277,1113.46630859375,60.439962516482545,41.89724619442453,4
me_seed0,me,0,leg3_weak,ite,3,13,277,1149.505126953125,277,1113.46630859375,60.439962516482545,41.89724619442453,4
me_seed0,me,0,leg3_weak,ite,3,14,277,1139.3388671875,277,1113.46630859375,60.439962516482545,41.89724619442453,4
me_seed0,me,0,leg3_weak,ite,3,15,277,1155.035400390625,277,1113.46630859375,60.439962516482545,41.89724619442453,4
me_seed0,me,0,leg3_weak,ite,3,16,277,1107.273193359375,277,1113.46630859375,60.439962516482545,41.89724619442453,4
me_seed0,me,0,leg3_weak,ite,3,17,277,1141.8319091796875,277,1113.46630859375,60.439962516482545,41.89724619442453,4
me_seed0,me,0,leg3_weak,ite,3,18,277,1148.5281982421875,277,1113.46630859375,60.439962516482545,41.89724619442453,4
me_seed0,me,0,leg3_weak,ite,3,19,277,1135.66259765625,277,1113.46630859375,60.439962516482545,41.89724619442453,4
me_seed0,me,0,leg3_weak,ite,3,20,277,1095.6136474609375,277,1113.46630859375,60.439962516482545,41.89724619442453,4
me_seed0,me,0,leg3_weak,ite,4,1,285,1071.014892578125,285,1086.8330078125,31.04751774081513,21.522275004024912,4
me_seed0,me,0,leg3_weak,ite,4,2,586,1083.89697265625,586,1099.85595703125,45.41961224281945,31.48507373203203,4
me_seed0,me,0,leg3_weak,ite,4,3,173,1108.17724609375,173,1105.23388671875,51.354682125653824,35.5992901165047,4
me_seed0,me,0,leg3_weak,ite,4,4,611,1094.200439453125,173,1105.23388671875,51.354682125653824,35.5992901165047,4
me_seed0,me,0,leg3_weak,ite,4,5,173,1111.774169921875,173,1105.23388671875,51.354682125653824,35.5992901165047,4
me_seed0,me,0,leg3_weak,ite,4,6,515,1064.363037109375,173,1105.23388671875,51.354682125653824,35.5992901165047,4
me_seed0,me,0,leg3_weak,ite,4,7,467,1066.920166015625,173,1105.23388671875,51.354682125653824,35.5992901165047,4
me_seed0,me,0,leg3_weak,ite,4,8,277,1104.8173828125,173,1105.23388671875,51.354682125653824,35.5992901165047,4
me_seed0,me,0,leg3_weak,ite,4,9,277,1101.098876953125,173,1105.23388671875,51.354682125653824,35.5992901165047,4
me_seed0,me,0,leg3_weak,ite,4,10,173,1106.9403076171875,173,1105.23388671875,51.354682125653824,35.5992901165047,4
me_seed0,me,0,leg3_weak,ite,4,11,173,1105.583740234375,173,1105.23388671875,51.354682125653824,35.5992901165047,4
me_seed0,me,0,leg3_weak,ite,4,12,173,1112.8076171875,173,1105.23388671875,51.354682125653824,35.5992901165047,4
me_seed0,me,0,leg3_weak,ite,4,13,173,1110.58837890625,173,1105.23388671875,51.354682125653824,35.5992901165047,4
me_seed0,me,0,leg3_weak,ite,4,14,173,1110.1468505859375,173,1105.23388671875,51.354682125653824,35.5992901165047,4
me_seed0,me,0,leg3_weak,ite,4,15,173,1103.3753662109375,173,1105.23388671875,51.354682125653824,35.5992901165047,4
me_seed0,me,0,leg3_weak,ite,4,16,173,1107.455810546875,173,1105.23388671875,51.354682125653824,35.5992901165047,4
me_seed0,me,0,leg3_weak,ite,4,17,173,1107.20458984375,173,1105.23388671875,51.354682125653824,35.5992901165047,4
me_seed0,me,0,leg3_weak,ite,4,18,173,1109.42041015625,173,1105.23388671875,51.354682125653824,35.5992901165047,4
me_seed0,me,0,leg3_weak,ite,4,19,173,1114.668701171875,173,1105.23388671875,51.354682125653824,35.5992901165047,4
me_seed0,me,0,leg3_weak,ite,4,20,173,1109.798095703125,173,1105.23388671875,51.354682125653824,35.5992901165047,4
me_seed0,me,0,leg3_weak,top_k,0,1,285,1075.59814453125,285,1086.8330078125,31.04751774081513,21.522275004024912,
me_seed0,me,0,leg3_weak,top_k,0,2,911,1084.37744140625,911,1099.2958984375,44.801532965934484,31.056618475722775,
me_seed0,me,0,leg3_weak,top_k,0,3,166,1099.4814453125,166,1071.04296875,13.621669740897028,9.442601003563954,
me_seed0,me,0,leg3_weak,top_k,0,4,228,1069.0877685546875,166,1071.04296875,13.621669740897028,9.442601003563954,
me_seed0,me,0,leg3_weak,top_k,0,5,458,1072.933349609375,166,1071.04296875,13.621669740897028,9.442601003563954,
me_seed0,me,0,leg3_weak,top_k,0,6,515,1072.8974609375,166,1071.04296875,13.621669740897028,9.442601003563954,
me_seed0,me,0,leg3_weak,top_k,0,7,761,1068.9769287109375,166,1071.04296875,13.621669740897028,9.442601003563954,
me_seed0,me,0,leg3_weak,top_k,0,8,12,1064.402587890625,166,1071.04296875,13.621669740897028,9.442601003563954,
me_seed0,me,0,leg3_weak,top_k,0,9,411,1091.873046875,166,1071.04296875,13.621669740897028,9.442601003563954,
me_seed0,me,0,leg3_weak,top_k,0,10,612,1059.969482421875,166,1071.04296875,13.621669740897028,9.442601003563954,
me_seed0,me,0,leg3_weak,top_k,0,11,173,1102.1539306640625,173,1105.23388671875,51.354682125653824,35.5992901165047,
me_seed0,me,0,leg3_weak,top_k,0,12,697,1099.6514892578125,173,1105.23388671875,51.354682125653824,35.5992901165047,
me_seed0,me,0,leg3_weak,top_k,0,13,689,1079.7052001953125,173,1105.23388671875,51.354682125653824,35.5992901165047,
me_seed0,me,0,leg3_weak,top_k,0,14,198,1126.921142578125,198,1089.950439453125,34.48790757801833,23.907168276829136,
me_seed0,me,0,leg3_weak,top_k,0,15,960,1117.6812744140625,198,1089.950439453125,34.48790757801833,23.907168276829136,
me_seed0,me,0,leg3_weak,top_k,0,16,864,1067.9814453125,198,1089.950439453125,34.48790757801833,23.907168276829136,
me_seed0,me,0,leg3_weak,top_k,0,17,682,1114.394287109375,198,1089.950439453125,34.48790757801833,23.907168276829136,
me_seed0,me,0,leg3_weak,top_k,0,18,691,1084.3271484375,198,1089.950439453125,34.48790757801833,23.907168276829136,
me_seed0,me,0,leg3_weak,top_k,0,19,957,1078.719482421875,198,1089.950439453125,34.48790757801833,23.907168276829136,
me_seed0,me,0,leg3_weak,top_k,0,20,321,1078.579833984375,198,1089.950439453125,34.48790757801833,23.907168276829136,
me_seed0,me,0,leg3_weak,top_k,1,1,285,1084.1573486328125,285,1086.8330078125,31.04751774081513,21.522275004024912,
me_seed0,me,0,leg3_weak,top_k,1,2,911,1113.857421875,911,1099.2958984375,44.801532965934484,31.056618475722775,
me_seed0,me,0,leg3_weak,top_k,1,3,166,1076.81787109375,911,1099.2958984375,44.801532965934484,31.056618475722775,
me_seed0,me,0,leg3_weak,top_k,1,4,228,1061.866943359375,911,1099.2958984375,44.801532965934484,31.056618475722775,
me_seed0,me,0,leg3_weak,top_k,1,5,458,1064.5281982421875,911,1099.2958984375,44.801532965934484,31.056618475722775,
me_seed0,me,0,leg3_weak,top_k,1,6,515,1070.207763671875,911,1099.2958984375,44.801532965934484,31.056618475722775,
me_seed0,me,0,leg3_weak,top_k,1,7,761,1074.9903564453125,911,1099.2958984375,44.801532965934484,31.056618475722775,
me_seed0,me,0,leg3_weak,top_k,1,8,12,1067.300537109375,911,1099.2958984375,44.801532965934484,31.056618475722775,
me_seed0,me,0,leg3_weak,top_k,1,9,411,1090.0301513671875,911,1099.2958984375,44.801532965934484,31.056618475722775,
me_seed0,me,0,leg3_weak,top_k,1,10,612,1084.54248046875,911,1099.2958984375,44.801532965934484,31.056618475722775,
me_seed0,me,0,leg3_weak,top_k,1,11,173,1093.904541015625,911,1099.2958984375,44.801532965934484,31.056618475722775,
me_seed0,me,0,leg3_weak,top_k,1,12,697,1109.7362060546875,911,1099.2958984375,44.801532965934484,31.056618475722775,
me_seed0,me,0,leg3_weak,top_k,1,13,689,1079.35205078125,911,1099.2958984375,44.801532965934484,31.056618475722775,
me_seed0,me,0,leg3_weak,top_k,1,14,198,1073.0462646484375,911,1099.2958984375,44.801532965934484,31.056618475722775,
me_seed0,me,0,leg3_weak,top_k,1,15,960,1069.349365234375,911,1099.2958984375,44.801532965934484,31.056618475722775,
me_seed0,me,0,leg3_weak,top_k,1,16,864,1102.3515625,911,1099.2958984375,44.801532965934484,31.056618475722775,
me_seed0,me,0,leg3_weak,top_k,1,17,682,1093.68896484375,911,1099.2958984375,44.801532965934484,31.056618475722775,
me_seed0,me,0,leg3_weak,top_k,1,18,691,1094.949951171875,911,1099.2958984375,44.801532965934484,31.056618475722775,
me_seed0,me,0,leg3_weak,top_k,1,19,957,1069.791748046875,911,1099.2958984375,44.801532965934484,31.056618475722775,
me_seed0,me,0,leg3_weak,top_k,1,20,321,1099.126953125,911,1099.2958984375,44.801532965934484,31.056618475722775,
me_seed0,me,0,leg3_weak,top_k,2,1,285,1074.4066162109375,285,1086.8330078125,31.04751774081513,21.522275004024912,
me_seed0,me,0,leg3_weak,top_k,2,2,911,1073.8009033203125,285,1086.8330078125,31.04751774081513,21.522275004024912,
me_seed0,me,0,leg3_weak,top_k,2,3,166,1088.91064453125,166,1071.04296875,13.621669740897028,9.442601003563954,
me_seed0,me,0,leg3_weak,top_k,2,4,228,1107.157470703125,228,1086.38330078125,30.551222174981604,21.178240748522885,
me_seed0,me,0,leg3_weak,top_k,2,5,458,1077.701171875,228,1086.38330078125,30.551222174981604,21.178240748522885,
me_seed0,me,0,leg3_weak,top_k,2,6,515,1077.8232421875,228,1086.38330078125,30.551222174981604,21.178240748522885,
me_seed0,me,0,leg3_weak,top_k,2,7,761,1078.294189453125,228,1086.38330078125,30.551222174981604,21.178240748522885,
me_seed0,me,0,leg3_weak,top_k,2,8,12,1095.9544677734375,228,1086.38330078125,30.551222174981604,21.178240748522885,
me_seed0,me,0,leg3_weak,top_k,2,9,411,1099.97900390625,228,1086.38330078125,30.551222174981604,21.178240748522885,
me_seed0,me,0,leg3_weak,top_k,2,10,612,1108.355712890625,612,1083.5302734375,27.402628264921567,18.99562168782979,
me_seed0,me,0,leg3_weak,top_k,2,11,173,1109.448974609375,173,1105.23388671875,51.354682125653824,35.5992901165047,
me_seed0,me,0,leg3_weak,top_k,2,12,697,1078.68359375,173,1105.23388671875,51.354682125653824,35.5992901165047,
me_seed0,me,0,leg3_weak,top_k,2,13,689,1070.03955078125,173,1105.23388671875,51.354682125653824,35.5992901165047,
me_seed0,me,0,leg3_weak,top_k,2,14,198,1138.73974609375,198,1089.950439453125,34.48790757801833,23.907168276829136,
me_seed0,me,0,leg3_weak,top_k,2,15,960,1081.521240234375,198,1089.950439453125,34.48790757801833,23.907168276829136,
me_seed0,me,0,leg3_weak,top_k,2,16,864,1070.615234375,198,1089.950439453125,34.48790757801833,23.907168276829136,
me_seed0,me,0,leg3_weak,top_k,2,17,682,1135.266357421875,198,1089.950439453125,34.48790757801833,23.907168276829136,
me_seed0,me,0,leg3_weak,top_k,2,18,691,1065.2491455078125,198,1089.950439453125,34.48790757801833,23.907168276829136,
me_seed0,me,0,leg3_weak,top_k,2,19,957,1064.3701171875,198,1089.950439453125,34.48790757801833,23.907168276829136,
me_seed0,me,0,leg3_weak,top_k,2,20,321,1082.417236328125,198,1089.950439453125,34.48790757801833,23.907168276829136,
me_seed0,me,0,leg3_weak,top_k,3,1,285,1073.73876953125,285,1086.8330078125,31.04751774081513,21.522275004024912,
me_seed0,me,0,leg3_weak,top_k,3,2,911,1119.8619384765625,911,1099.2958984375,44.801532965934484,31.056618475722775,
me_seed0,me,0,leg3_weak,top_k,3,3,166,1086.1572265625,911,1099.2958984375,44.801532965934484,31.056618475722775,
me_seed0,me,0,leg3_weak,top_k,3,4,228,1086.5106201171875,911,1099.2958984375,44.801532965934484,31.056618475722775,
me_seed0,me,0,leg3_weak,top_k,3,5,458,1072.35986328125,911,1099.2958984375,44.801532965934484,31.056618475722775,
me_seed0,me,0,leg3_weak,top_k,3,6,515,1083.86572265625,911,1099.2958984375,44.801532965934484,31.056618475722775,
me_seed0,me,0,leg3_weak,top_k,3,7,761,1068.6748046875,911,1099.2958984375,44.801532965934484,31.056618475722775,
me_seed0,me,0,leg3_weak,top_k,3,8,12,1066.237548828125,911,1099.2958984375,44.801532965934484,31.056618475722775,
me_seed0,me,0,leg3_weak,top_k,3,9,411,1095.2457275390625,911,1099.2958984375,44.801532965934484,31.056618475722775,
me_seed0,me,0,leg3_weak,top_k,3,10,612,1094.515869140625,911,1099.2958984375,44.801532965934484,31.056618475722775,
me_seed0,me,0,leg3_weak,top_k,3,11,173,1118.071044921875,911,1099.2958984375,44.801532965934484,31.056618475722775,
me_seed0,me,0,leg3_weak,top_k,3,12,697,1094.2445068359375,911,1099.2958984375,44.801532965934484,31.056618475722775,
me_seed0,me,0,leg3_weak,top_k,3,13,689,1083.13330078125,911,1099.2958984375,44.801532965934484,31.056618475722775,
me_seed0,me,0,leg3_weak,top_k,3,14,198,1081.87939453125,911,1099.2958984375,44.801532965934484,31.056618475722775,
me_seed0,me,0,leg3_weak,top_k,3,15,960,1100.0115966796875,911,1099.2958984375,44.801532965934484,31.056618475722775,
me_seed0,me,0,leg3_weak,top_k,3,16,864,1076.954345703125,911,1099.2958984375,44.801532965934484,31.056618475722775,
me_seed0,me,0,leg3_weak,top_k,3,17,682,1111.4139404296875,911,1099.2958984375,44.801532965934484,31.056618475722775,
me_seed0,me,0,leg3_weak,top_k,3,18,691,1063.270751953125,911,1099.2958984375,44.801532965934484,31.056618475722775,
me_seed0,me,0,leg3_weak,top_k,3,19,957,1064.80615234375,911,1099.2958984375,44.801532965934484,31.056618475722775,
me_seed0,me,0,leg3_weak,top_k,3,20,321,1083.495361328125,911,1099.2958984375,44.801532965934484,31.056618475722775,
me_seed0,me,0,leg3_weak,top_k,4,1,285,1080.818603515625,285,1086.8330078125,31.04751774081513,21.522275004024912,
me_seed0,me,0,leg3_weak,top_k,4,2,911,1067.5142822265625,285,1086.8330078125,31.04751774081513,21.522275004024912,
me_seed0,me,0,leg3_weak,top_k,4,3,166,1071.39404296875,285,1086.8330078125,31.04751774081513,21.522275004024912,
me_seed0,me,0,leg3_weak,top_k,4,4,228,1107.7606201171875,228,1086.38330078125,30.551222174981604,21.178240748522885,
me_seed0,me,0,leg3_weak,top_k,4,5,458,1074.51611328125,228,1086.38330078125,30.551222174981604,21.178240748522885,
me_seed0,me,0,leg3_weak,top_k,4,6,515,1111.20166015625,515,1085.822265625,29.93206516614043,20.74903840371091,
me_seed0,me,0,leg3_weak,top_k,4,7,761,1071.652587890625,515,1085.822265625,29.93206516614043,20.74903840371091,
me_seed0,me,0,leg3_weak,top_k,4,8,12,1099.923583984375,515,1085.822265625,29.93206516614043,20.74903840371091,
me_seed0,me,0,leg3_weak,top_k,4,9,411,1094.942626953125,515,1085.822265625,29.93206516614043,20.74903840371091,
me_seed0,me,0,leg3_weak,top_k,4,10,612,1060.02685546875,515,1085.822265625,29.93206516614043,20.74903840371091,
me_seed0,me,0,leg3_weak,top_k,4,11,173,1106.2447509765625,515,1085.822265625,29.93206516614043,20.74903840371091,
me_seed0,me,0,leg3_weak,top_k,4,12,697,1100.5279541015625,515,1085.822265625,29.93206516614043,20.74903840371091,
me_seed0,me,0,leg3_weak,top_k,4,13,689,1081.538818359375,515,1085.822265625,29.93206516614043,20.74903840371091,
me_seed0,me,0,leg3_weak,top_k,4,14,198,1072.56591796875,515,1085.822265625,29.93206516614043,20.74903840371091,
me_seed0,me,0,leg3_weak,top_k,4,15,960,1069.0821533203125,515,1085.822265625,29.93206516614043,20.74903840371091,
me_seed0,me,0,leg3_weak,top_k,4,16,864,1075.297119140625,515,1085.822265625,29.93206516614043,20.74903840371091,
me_seed0,me,0,leg3_weak,top_k,4,17,682,1098.769287109375,515,1085.822265625,29.93206516614043,20.74903840371091,
me_seed0,me,0,leg3_weak,top_k,4,18,691,1063.4991455078125,515,1085.822265625,29.93206516614043,20.74903840371091,
me_seed0,me,0,leg3_weak,top_k,4,19,957,1060.72216796875,515,1085.822265625,29.93206516614043,20.74903840371091,
me_seed0,me,0,leg3_weak,top_k,4,20,321,1078.4696044921875,515,1085.822265625,29.93206516614043,20.74903840371091,
me_seed0,me,0,leg4_weak,ite,0,1,285,1150.85986328125,285,1158.750732421875,83.81953739368335,76.54067392612565,2
me_seed0,me,0,leg4_weak,ite,0,2,911,1157.7352294921875,911,1161.718505859375,86.30584999329129,78.8110758858882,2
me_seed0,me,0,leg4_weak,ite,0,3,911,1157.654296875,911,1161.718505859375,86.30584999329129,78.8110758858882,2
me_seed0,me,0,leg4_weak,ite,0,4,515,1149.2119140625,911,1161.718505859375,86.30584999329129,78.8110758858882,2
me_seed0,me,0,leg4_weak,ite,0,5,911,1166.607177734375,911,1161.718505859375,86.30584999329129,78.8110758858882,2
me_seed0,me,0,leg4_weak,ite,0,6,911,1157.284912109375,911,1161.718505859375,86.30584999329129,78.8110758858882,2
me_seed0,me,0,leg4_weak,ite,0,7,911,1171.32275390625,911,1161.718505859375,86.30584999329129,78.8110758858882,2
me_seed0,me,0,leg4_weak,ite,0,8,911,1164.852783203125,911,1161.718505859375,86.30584999329129,78.8110758858882,2
me_seed0,me,0,leg4_weak,ite,0,9,911,1148.5155029296875,911,1161.718505859375,86.30584999329129,78.8110758858882,2
me_seed0,me,0,leg4_weak,ite,0,10,911,1146.2628173828125,911,1161.718505859375,86.30584999329129,78.8110758858882,2
me_seed0,me,0,leg4_weak,ite,0,11,911,1172.8243408203125,911,1161.718505859375,86.30584999329129,78.8110758858882,2
me_seed0,me,0,leg4_weak,ite,0,12,911,1161.761962890625,911,1161.718505859375,86.30584999329129,78.8110758858882,2
me_seed0,me,0,leg4_weak,ite,0,13,911,1171.61962890625,911,1161.718505859375,86.30584999329129,78.8110758858882,2
me_seed0,me,0,leg4_weak,ite,0,14,911,1148.377197265625,911,1161.718505859375,86.30584999329129,78.8110758858882,2
me_seed0,me,0,leg4_weak,ite,0,15,911,1171.987060546875,911,1161.718505859375,86.30584999329129,78.8110758858882,2
me_seed0,me,0,leg4_weak,ite,0,16,911,1160.02099609375,911,1161.718505859375,86.30584999329129,78.8110758858882,2
me_seed0,me,0,leg4_weak,ite,0,17,911,1156.077392578125,911,1161.718505859375,86.30584999329129,78.8110758858882,2
me_seed0,me,0,leg4_weak,ite,0,18,911,1166.484619140625,911,1161.718505859375,86.30584999329129,78.8110758858882,2
me_seed0,me,0,leg4_weak,ite,0,19,911,1169.431640625,911,1161.718505859375,86.30584999329129,78.8110758858882,2
me_seed0,me,0,leg4_weak,ite,0,20,911,1163.308837890625,911,1161.718505859375,86.30584999329129,78.8110758858882,2
me_seed0,me,0,leg4_weak,ite,1,1,285,1113.52685546875,285,1158.750732421875,83.81953739368335,76.54067392612565,2
me_seed0,me,0,leg4_weak,ite,1,2,586,1175.828369140625,586,1163.153076171875,87.50769047003499,79.90854889638219,2
me_seed0,me,0,leg4_weak,ite,1,3,586,1158.058349609375,586,1163.153076171875,87.50769047003499,79.90854889638219,2
me_seed0,me,0,leg4_weak,ite,1,4,586,1159.771240234375,586,1163.153076171875,87.50769047003499,79.90854889638219,2
me_seed0,me,0,leg4_weak,ite,1,5,586,1162.2823486328125,586,1163.153076171875,87.50769047003499,79.90854889638219,2
me_seed0,me,0,leg4_weak,ite,1,6,586,1185.716064453125,586,1163.153076171875,87.50769047003499,79.90854889638219,2
me_seed0,me,0,leg4_weak,ite,1,7,586,1155.064697265625,586,1163.153076171875,87.50769047003499,79.90854889638219,2
me_seed0,me,0,leg4_weak,ite,1,8,586,1166.463134765625,586,1163.153076171875,87.50769047003499,79.90854889638219,2
me_seed0,me,0,leg4_weak,ite,1,9,586,1154.5479736328125,586,1163.153076171875,87.50769047003499,79.90854889638219,2
me_seed0,me,0,leg4_weak,ite,1,10,586,1118.0166015625,586,1163.153076171875,87.50769047003499,79.90854889638219,2
me_seed0,me,0,leg4_weak,ite,1,11,586,1128.181884765625,586,1163.153076171875,87.50769047003499,79.90854889638219,2
me_seed0,me,0,leg4_weak,ite,1,12,586,1132.0394287109375,586,1163.153076171875,87.50769047003499,79.90854889638219,2
me_seed0,me,0,leg4_weak,ite,1,13,586,1088.2940673828125,586,1163.153076171875,87.50769047003499,79.90854889638219,2
me_seed0,me,0,leg4_weak,ite,1,14,586,1140.9671630859375,586,1163.153076171875,87.50769047003499,79.90854889638219,2
me_seed0,me,0,leg4_weak,ite,1,15,586,1132.8968505859375,586,1163.153076171875,87.50769047003499,79.90854889638219,2
me_seed0,me,0,leg4_weak,ite,1,16,586,1149.7451171875,586,1163.153076171875,87.50769047003499,79.90854889638219,2
me_seed0,me,0,leg4_weak,ite,1,17,586,1171.6668701171875,586,1163.153076171875,87.50769047003499,79.90854889638219,2
me_seed0,me,0,leg4_weak,ite,1,18,586,1120.72802734375,586,1163.153076171875,87.50769047003499,79.90854889638219,2
me_seed0,me,0,leg4_weak,ite,1,19,586,1149.15478515625,586,1163.153076171875,87.50769047003499,79.90854889638219,2
me_seed0,me,0,leg4_weak,ite,1,20,586,1168.389892578125,586,1163.153076171875,87.50769047003499,79.90854889638219,2
me_seed0,me,0,leg4_weak,ite,2,1,285,1164.359619140625,285,1158.750732421875,83.81953739368335,76.54067392612565,1
me_seed0,me,0,leg4_weak,ite,2,2,911,1162.6817626953125,285,1158.750732421875,83.81953739368335,76.54067392612565,1
me_seed0,me,0,leg4_weak,ite,2,3,285,1157.47314453125,285,1158.750732421875,83.81953739368335,76.54067392612565,1
me_seed0,me,0,leg4_weak,ite,2,4,911,1109.138427734375,285,1158.750732421875,83.81953739368335,76.54067392612565,1
me_seed0,me,0,leg4_weak,ite,2,5,411,1132.85546875,285,1158.750732421875,83.81953739368335,76.54067392612565,1
me_seed0,me,0,leg4_weak,ite,2,6,173,1153.39453125,285,1158.750732421875,83.81953739368335,76.54067392612565,1
me_seed0,me,0,leg4_weak,ite,2,7,173,1153.1168212890625,285,1158.750732421875,83.81953739368335,76.54067392612565,1
me_seed0,me,0,leg4_weak,ite,2,8,173,1157.0355224609375,285,1158.750732421875,83.81953739368335,76.54067392612565,1
me_seed0,me,0,leg4_weak,ite,2,9,173,1166.4193115234375,173,1158.520751953125,83.6268665752537,76.36473458373536,1
me_seed0,me,0,leg4_weak,ite,2,10,173,1159.1849365234375,173,1158.520751953125,83.6268665752537,76.36473458373536,1
me_seed0,me,0,leg4_weak,ite,2,11,173,1156.750244140625,173,1158.520751953125,83.6268665752537,76.36473458373536,1
me_seed0,me,0,leg4_weak,ite,2,12,173,1161.547119140625,173,1158.520751953125,83.6268665752537,76.36473458373536,1
me_seed0,me,0,leg4_weak,ite,2,13,173,1148.028564453125,173,1158.520751953125,83.6268665752537,76.36473458373536,1
me_seed0,me,0,leg4_weak,ite,2,14,173,1149.1876220703125,173,1158.520751953125,83.6268665752537,76.36473458373536,1
me_seed0,me,0,leg4_weak,ite,2,15,173,1147.25732421875,173,1158.520751953125,83.6268665752537,76.36473458373536,1
me_seed0,me,0,leg4_weak,ite,2,16,173,1146.606201171875,173,1158.520751953125,83.6268665752537,76.36473458373536,1
me_seed0,me,0,leg4_weak,ite,2,17,285,1173.8134765625,285,1158.750732421875,83.81953739368335,76.54067392612565,1
me_seed0,me,0,leg4_weak,ite,2,18,285,1157.558349609375,285,1158.750732421875,83.81953739368335,76.54067392612565,1
me_seed0,me,0,leg4_weak,ite,2,19,285,1139.603759765625,285,1158.750732421875,83.81953739368335,76.54067392612565,1
me_seed0,me,0,leg4_weak,ite,2,20,285,1173.107421875,285,1158.750732421875,83.81953739368335,76.54067392612565,1
me_seed0,me,0,leg4_weak,ite,3,1,285,1162.861328125,285,1158.750732421875,83.81953739368335,76.54067392612565,1
me_seed0,me,0,leg4_weak,ite,3,2,911,1158.0098876953125,285,1158.750732421875,83.81953739368335,76.54067392612565,1
me_seed0,me,0,leg4_weak,ite,3,3,285,1138.501220703125,285,1158.750732421875,83.81953739368335,76.54067392612565,1
me_seed0,me,0,leg4_weak,ite,3,4,911,1168.58837890625,911,1161.718505859375,86.30584999329129,78.8110758858882,1
me_seed0,me,0,leg4_weak,ite,3,5,911,1161.63037109375,911,1161.718505859375,86.30584999329129,78.8110758858882,1
me_seed0,me,0,leg4_weak,ite,3,6,911,1161.5855712890625,911,1161.718505859375,86.30584999329129,78.8110758858882,1
me_seed0,me,0,leg4_weak,ite,3,7,911,1162.5718994140625,911,1161.718505859375,86.30584999329129,78.8110758858882,1
me_seed0,me,0,leg4_weak,ite,3,8,911,1168.4124755859375,911,1161.718505859375,86.30584999329129,78.8110758858882,1
me_seed0,me,0,leg4_weak,ite,3,9,911,1168.3544921875,911,1161.718505859375,86.30584999329129,78.8110758858882,1
me_seed0,me,0,leg4_weak,ite,3,10,911,1161.219482421875,911,1161.718505859375,86.30584999329129,78.8110758858882,1
me_seed0,me,0,leg4_weak,ite,3,11,911,1169.7305908203125,911,1161.718505859375,86.30584999329129,78.8110758858882,1
me_seed0,me,0,leg4_weak,ite,3,12,911,1150.2855224609375,911,1161.718505859375,86.30584999329129,78.8110758858882,1
me_seed0,me,0,leg4_weak,ite,3,13,911,1164.9058837890625,911,1161.718505859375,86.30584999329129,78.8110758858882,1
me_seed0,me,0,leg4_weak,ite,3,14,911,1163.8514404296875,911,1161.718505859375,86.30584999329129,78.8110758858882,1
me_seed0,me,0,leg4_weak,ite,3,15,911,1161.208251953125,911,1161.718505859375,86.30584999329129,78.8110758858882,1
me_seed0,me,0,leg4_weak,ite,3,16,911,1144.8662109375,911,1161.718505859375,86.30584999329129,78.8110758858882,1
me_seed0,me,0,leg4_weak,ite,3,17,911,1166.136474609375,911,1161.718505859375,86.30584999329129,78.8110758858882,1
me_seed0,me,0,leg4_weak,ite,3,18,911,1166.9501953125,911,1161.718505859375,86.30584999329129,78.8110758858882,1
me_seed0,me,0,leg4_weak,ite,3,19,911,1164.7548828125,911,1161.718505859375,86.30584999329129,78.8110758858882,1
me_seed0,me,0,leg4_weak,ite,3,20,911,1168.38623046875,911,1161.718505859375,86.30584999329129,78.8110758858882,1
me_seed0,me,0,leg4_weak,ite,4,1,285,1166.731201171875,285,1158.750732421875,83.81953739368335,76.54067392612565,1
me_seed0,me,0,leg4_weak,ite,4,2,911,1149.24560546875,285,1158.750732421875,83.81953739368335,76.54067392612565,1
me_seed0,me,0,leg4_weak,ite,4,3,285,1147.6954345703125,285,1158.750732421875,83.81953739368335,76.54067392612565,1
me_seed0,me,0,leg4_weak,ite,4,4,515,1148.838134765625,285,1158.750732421875,83.81953739368335,76.54067392612565,1
me_seed0,me,0,leg4_weak,ite,4,5,285,1155.5616455078125,285,1158.750732421875,83.81953739368335,76.54067392612565,1
me_seed0,me,0,leg4_weak,ite,4,6,285,1144.9022216796875,285,1158.750732421875,83.81953739368335,76.54067392612565,1
me_seed0,me,0,leg4_weak,ite,4,7,586,1178.20068359375,586,1163.153076171875,87.50769047003499,79.90854889638219,1
me_seed0,me,0,leg4_weak,ite,4,8,586,1160.6534423828125,586,1163.153076171875,87.50769047003499,79.90854889638219,1
me_seed0,me,0,leg4_weak,ite,4,9,586,1125.106201171875,586,1163.153076171875,87.50769047003499,79.90854889638219,1
me_seed0,me,0,leg4_weak,ite,4,10,911,1149.1121826171875,586,1163.153076171875,87.50769047003499,79.90854889638219,1
me_seed0,me,0,leg4_weak,ite,4,11,411,1158.3616943359375,586,1163.153076171875,87.50769047003499,79.90854889638219,1
me_seed0,me,0,leg4_weak,ite,4,12,411,1170.602783203125,586,1163.153076171875,87.50769047003499,79.90854889638219,1
me_seed0,me,0,leg4_weak,ite,4,13,411,1138.8978271484375,586,1163.153076171875,87.50769047003499,79.90854889638219,1
me_seed0,me,0,leg4_weak,ite,4,14,411,1120.1044921875,586,1163.153076171875,87.50769047003499,79.90854889638219,1
me_seed0,me,0,leg4_weak,ite,4,15,586,1164.78125,586,1163.153076171875,87.50769047003499,79.90854889638219,1
me_seed0,me,0,leg4_weak,ite,4,16,586,1138.763427734375,586,1163.153076171875,87.50769047003499,79.90854889638219,1
me_seed0,me,0,leg4_weak,ite,4,17,285,1157.030029296875,586,1163.153076171875,87.50769047003499,79.90854889638219,1
me_seed0,me,0,leg4_weak,ite,4,18,285,1091.799072265625,586,1163.153076171875,87.50769047003499,79.90854889638219,1
me_seed0,me,0,leg4_weak,ite,4,19,586,1170.232177734375,586,1163.153076171875,87.50769047003499,79.90854889638219,1
me_seed0,me,0,leg4_weak,ite,4,20,586,1175.604736328125,586,1163.153076171875,87.50769047003499,79.90854889638219,1
me_seed0,me,0,leg4_weak,top_k,0,1,285,1150.568115234375,285,1158.750732421875,83.81953739368335,76.54067392612565,
me_seed0,me,0,leg4_weak,top_k,0,2,911,1139.5087890625,285,1158.750732421875,83.81953739368335,76.54067392612565,
me_seed0,me,0,leg4_weak,top_k,0,3,166,1166.0946044921875,166,1178.064453125,100.00000000000001,91.31603001652186,
me_seed0,me,0,leg4_weak,top_k,0,4,228,1177.183349609375,228,1173.95166015625,96.55442398379438,88.16966678732146,
me_seed0,me,0,leg4_weak,top_k,0,5,458,1179.5928955078125,458,1147.1689453125,74.11665952162004,67.68039105600586,
me_seed0,me,0,leg4_weak,top_k,0,6,515,1144.4970703125,458,1147.1689453125,74.11665952162004,67.68039105600586,
me_seed0,me,0,leg4_weak,top_k,0,7,761,1173.6414794921875,458,1147.1689453125,74.11665952162004,67.68039105600586,
me_seed0,me,0,leg4_weak,top_k,0,8,12,1167.496826171875,458,1147.1689453125,74.11665952162004,67.68039105600586,
me_seed0,me,0,leg4_weak,top_k,0,9,411,1143.9410400390625,458,1147.1689453125,74.11665952162004,67.68039105600586,
me_seed0,me,0,leg4_weak,top_k,0,10,612,1152.900634765625,458,1147.1689453125,74.11665952162004,67.68039105600586,
me_seed0,me,0,leg4_weak,top_k,0,11,173,1163.025146484375,458,1147.1689453125,74.11665952162004,67.68039105600586,
me_seed0,me,0,leg4_weak,top_k,0,12,697,1173.2862548828125,458,1147.1689453125,74.11665952162004,67.68039105600586,
me_seed0,me,0,leg4_weak,top_k,0,13,689,1129.655517578125,458,1147.1689453125,74.11665952162004,67.68039105600586,
me_seed0,me,0,leg4_weak,top_k,0,14,198,1161.462890625,458,1147.1689453125,74.11665952162004,67.68039105600586,
me_seed0,me,0,leg4_weak,top_k,0,15,960,1152.34716796875,458,1147.1689453125,74.11665952162004,67.68039105600586,
me_seed0,me,0,leg4_weak,top_k,0,16,864,1173.4022216796875,458,1147.1689453125,74.11665952162004,67.68039105600586,
me_seed0,me,0,leg4_weak,top_k,0,17,682,1163.2713623046875,458,1147.1689453125,74.11665952162004,67.68039105600586,
me_seed0,me,0,leg4_weak,top_k,0,18,691,1165.275146484375,458,1147.1689453125,74.11665952162004,67.68039105600586,
me_seed0,me,0,leg4_weak,top_k,0,19,957,1169.8623046875,458,1147.1689453125,74.11665952162004,67.68039105600586,
me_seed0,me,0,leg4_weak,top_k,0,20,321,1156.115234375,458,1147.1689453125,74.11665952162004,67.68039105600586,
me_seed0,me,0,leg4_weak,top_k,1,1,285,1157.87548828125,285,1158.750732421875,83.81953739368335,76.54067392612565,
me_seed0,me,0,leg4_weak,top_k,1,2,911,1153.669189453125,285,1158.750732421875,83.81953739368335,76.54067392612565,
me_seed0,me,0,leg4_weak,top_k,1,3,166,1173.0030517578125,166,1178.064453125,100.00000000000001,91.31603001652186,
me_seed0,me,0,leg4_weak,top_k,1,4,228,1171.657470703125,166,1178.064453125,100.00000000000001,91.31603001652186,
me_seed0,me,0,leg4_weak,top_k,1,5,458,1122.040283203125,166,1178.064453125,100.00000000000001,91.31603001652186,
me_seed0,me,0,leg4_weak,top_k,1,6,515,1141.1700439453125,166,1178.064453125,100.00000000000001,91.31603001652186,
me_seed0,me,0,leg4_weak,top_k,1,7,761,1169.278076171875,166,1178.064453125,100.00000000000001,91.31603001652186,
me_seed0,me,0,leg4_weak,top_k,1,8,12,1158.7674560546875,166,1178.064453125,100.00000000000001,91.31603001652186,
me_seed0,me,0,leg4_weak,top_k,1,9,411,1139.04052734375,166,1178.064453125,100.00000000000001,91.31603001652186,
me_seed0,me,0,leg4_weak,top_k,1,10,612,1153.3155517578125,166,1178.064453125,100.00000000000001,91.31603001652186,
me_seed0,me,0,leg4_weak,top_k,1,11,173,1152.732666015625,166,1178.064453125,100.00000000000001,91.31603001652186,
me_seed0,me,0,leg4_weak,top_k,1,12,697,1165.21533203125,166,1178.064453125,100.00000000000001,91.31603001652186,
me_seed0,me,0,leg4_weak,top_k,1,13,689,1118.6368408203125,166,1178.064453125,100.00000000000001,91.31603001652186,
me_seed0,me,0,leg4_weak,top_k,1,14,198,1158.5184326171875,166,1178.064453125,100.00000000000001,91.31603001652186,
me_seed0,me,0,leg4_weak,top_k,1,15,960,1146.4857177734375,166,1178.064453125,100.00000000000001,91.31603001652186,
me_seed0,me,0,leg4_weak,top_k,1,16,864,1161.8558349609375,166,1178.064453125,100.00000000000001,91.31603001652186,
me_seed0,me,0,leg4_weak,top_k,1,17,682,1169.8623046875,166,1178.064453125,100.00000000000001,91.31603001652186,
me_seed0,me,0,leg4_weak,top_k,1,18,691,1161.8682861328125,166,1178.064453125,100.00000000000001,91.31603001652186,
me_seed0,me,0,leg4_weak,top_k,1,19,957,1161.5111083984375,166,1178.064453125,100.00000000000001,91.31603001652186,
me_seed0,me,0,leg4_weak,top_k,1,20,321,1158.2547607421875,166,1178.064453125,100.00000000000001,91.31603001652186,
me_seed0,me,0,leg4_weak,top_k,2,1,285,1161.1943359375,285,1158.750732421875,83.81953739368335,76.54067392612565,
me_seed0,me,0,leg4_weak,top_k,2,2,911,1151.064453125,285,1158.750732421875,83.81953739368335,76.54067392612565,
me_seed0,me,0,leg4_weak,top_k,2,3,166,1178.1192626953125,166,1178.064453125,100.00000000000001,91.31603001652186,
me_seed0,me,0,leg4_weak,top_k,2,4,228,1170.1162109375,166,1178.064453125,100.00000000000001,91.31603001652186,
me_seed0,me,0,leg4_weak,top_k,2,5,458,1129.00244140625,166,1178.064453125,100.00000000000001,91.31603001652186,
me_seed0,me,0,leg4_weak,top_k,2,6,515,1144.375244140625,166,1178.064453125,100.00000000000001,91.31603001652186,
me_seed0,me,0,leg4_weak,top_k,2,7,761,1171.4573974609375,166,1178.064453125,100.00000000000001,91.31603001652186,
me_seed0,me,0,leg4_weak,top_k,2,8,12,1170.79638671875,166,1178.064453125,100.00000000000001,91.31603001652186,
me_seed0,me,0,leg4_weak,top_k,2,9,411,1165.67626953125,166,1178.064453125,100.00000000000001,91.31603001652186,
me_seed0,me,0,leg4_weak,top_k,2,10,612,1158.114013671875,166,1178.064453125,100.00000000000001,91.31603001652186,
me_seed0,me,0,leg4_weak,top_k,2,11,173,1160.48779296875,166,1178.064453125,100.00000000000001,91.31603001652186,
me_seed0,me,0,leg4_weak,top_k,2,12,697,1137.392578125,166,1178.064453125,100.00000000000001,91.31603001652186,
me_seed0,me,0,leg4_weak,top_k,2,13,689,1119.333984375,166,1178.064453125,100.00000000000001,91.31603001652186,
me_seed0,me,0,leg4_weak,top_k,2,14,198,1132.80517578125,166,1178.064453125,100.00000000000001,91.31603001652186,
me_seed0,me,0,leg4_weak,top_k,2,15,960,1149.873046875,166,1178.064453125,100.00000000000001,91.31603001652186,
me_seed0,me,0,leg4_weak,top_k,2,16,864,1143.158203125,166,1178.064453125,100.00000000000001,91.31603001652186,
me_seed0,me,0,leg4_weak,top_k,2,17,682,1154.1981201171875,166,1178.064453125,100.00000000000001,91.31603001652186,
me_seed0,me,0,leg4_weak,top_k,2,18,691,1162.19140625,166,1178.064453125,100.00000000000001,91.31603001652186,
me_seed0,me,0,leg4_weak,top_k,2,19,957,1168.9327392578125,166,1178.064453125,100.00000000000001,91.31603001652186,
me_seed0,me,0,leg4_weak,top_k,2,20,321,1160.2490234375,166,1178.064453125,100.00000000000001,91.31603001652186,
me_seed0,me,0,leg4_weak,top_k,3,1,285,1146.60693359375,285,1158.750732421875,83.81953739368335,76.54067392612565,
me_seed0,me,0,leg4_weak,top_k,3,2,911,1172.045166015625,911,1161.718505859375,86.30584999329129,78.8110758858882,
me_seed0,me,0,leg4_weak,top_k,3,3,166,1178.992919921875,166,1178.064453125,100.00000000000001,91.31603001652186,
me_seed0,me,0,leg4_weak,top_k,3,4,228,1166.76953125,166,1178.064453125,100.00000000000001,91.31603001652186,
me_seed0,me,0,leg4_weak,top_k,3,5,458,1180.80029296875,458,1147.1689453125,74.11665952162004,67.68039105600586,
me_seed0,me,0,leg4_weak,top_k,3,6,515,1139.5718994140625,458,1147.1689453125,74.11665952162004,67.68039105600586,
me_seed0,me,0,leg4_weak,top_k,3,7,761,1150.732421875,458,1147.1689453125,74.11665952162004,67.68039105600586,
me_seed0,me,0,leg4_weak,top_k,3,8,12,1159.310546875,458,1147.1689453125,74.11665952162004,67.68039105600586,
me_seed0,me,0,leg4_weak,top_k,3,9,411,1154.2698974609375,458,1147.1689453125,74.11665952162004,67.68039105600586,
me_seed0,me,0,leg4_weak,top_k,3,10,612,1153.23193359375,458,1147.1689453125,74.11665952162004,67.68039105600586,
me_seed0,me,0,leg4_weak,top_k,3,11,173,1164.12646484375,458,1147.1689453125,74.11665952162004,67.68039105600586,
me_seed0,me,0,leg4_weak,top_k,3,12,697,1153.77783203125,458,1147.1689453125,74.11665952162004,67.68039105600586,
me_seed0,me,0,leg4_weak,top_k,3,13,689,1117.822509765625,458,1147.1689453125,74.11665952162004,67.68039105600586,
me_seed0,me,0,leg4_weak,top_k,3,14,198,1146.5721435546875,458,1147.1689453125,74.11665952162004,67.68039105600586,
me_seed0,me,0,leg4_weak,top_k,3,15,960,1132.7255859375,458,1147.1689453125,74.11665952162004,67.68039105600586,
me_seed0,me,0,leg4_weak,top_k,3,16,864,1163.472900390625,458,1147.1689453125,74.11665952162004,67.68039105600586,
me_seed0,me,0,leg4_weak,top_k,3,17,682,1152.20361328125,458,1147.1689453125,74.11665952162004,67.68039105600586,
me_seed0,me,0,leg4_weak,top_k,3,18,691,1159.8404541015625,458,1147.1689453125,74.11665952162004,67.68039105600586,
me_seed0,me,0,leg4_weak,top_k,3,19,957,1171.6263427734375,458,1147.1689453125,74.11665952162004,67.68039105600586,
me_seed0,me,0,leg4_weak,top_k,3,20,321,1176.08447265625,458,1147.1689453125,74.11665952162004,67.68039105600586,
me_seed0,me,0,leg4_weak,top_k,4,1,285,1165.217529296875,285,1158.750732421875,83.81953739368335,76.54067392612565,
me_seed0,me,0,leg4_weak,top_k,4,2,911,1161.6854248046875,285,1158.750732421875,83.81953739368335,76.54067392612565,
me_seed0,me,0,leg4_weak,top_k,4,3,166,1162.9656982421875,285,1158.750732421875,83.81953739368335,76.54067392612565,
me_seed0,me,0,leg4_weak,top_k,4,4,228,1160.59912109375,285,1158.750732421875,83.81953739368335,76.54067392612565,
me_seed0,me,0,leg4_weak,top_k,4,5,458,1177.4981689453125,458,1147.1689453125,74.11665952162004,67.68039105600586,
me_seed0,me,0,leg4_weak,top_k,4,6,515,1143.0079345703125,458,1147.1689453125,74.11665952162004,67.68039105600586,
me_seed0,me,0,leg4_weak,top_k,4,7,761,1144.914306640625,458,1147.1689453125,74.11665952162004,67.68039105600586,
me_seed0,me,0,leg4_weak,top_k,4,8,12,1157.9571533203125,458,1147.1689453125,74.11665952162004,67.68039105600586,
me_seed0,me,0,leg4_weak,top_k,4,9,411,1140.5484619140625,458,1147.1689453125,74.11665952162004,67.68039105600586,
me_seed0,me,0,leg4_weak,top_k,4,10,612,1166.3597412109375,458,1147.1689453125,74.11665952162004,67.68039105600586,
me_seed0,me,0,leg4_weak,top_k,4,11,173,1129.9302978515625,458,1147.1689453125,74.11665952162004,67.68039105600586,
me_seed0,me,0,leg4_weak,top_k,4,12,697,1151.16357421875,458,1147.1689453125,74.11665952162004,67.68039105600586,
me_seed0,me,0,leg4_weak,top_k,4,13,689,1160.22509765625,458,1147.1689453125,74.11665952162004,67.68039105600586,
me_seed0,me,0,leg4_weak,top_k,4,14,198,1163.62158203125,458,1147.1689453125,74.11665952162004,67.68039105600586,
me_seed0,me,0,leg4_weak,top_k,4,15,960,1142.383056640625,458,1147.1689453125,74.11665952162004,67.68039105600586,
me_seed0,me,0,leg4_weak,top_k,4,16,864,1157.4595947265625,458,1147.1689453125,74.11665952162004,67.68039105600586,
me_seed0,me,0,leg4_weak,top_k,4,17,682,1155.0018310546875,458,1147.1689453125,74.11665952162004,67.68039105600586,
me_seed0,me,0,leg4_weak,top_k,4,18,691,1164.072021484375,458,1147.1689453125,74.11665952162004,67.68039105600586,
me_seed0,me,0,leg4_weak,top_k,4,19,957,1170.426513671875,458,1147.1689453125,74.11665952162004,67.68039105600586,
me_seed0,me,0,leg4_weak,top_k,4,20,321,1119.0693359375,458,1147.1689453125,74.11665952162004,67.68039105600586,
me_seed0,me,0,legs12_paralysed,ite,0,1,285,1060.2879638671875,285,1058.7548828125,0.18807418890898905,0.04198637385276414,
me_seed0,me,0,legs12_paralysed,ite,0,2,586,1059.90966796875,285,1058.7548828125,0.18807418890898905,0.04198637385276414,
me_seed0,me,0,legs12_paralysed,ite,0,3,173,1058.9576416015625,285,1058.7548828125,0.18807418890898905,0.04198637385276414,
me_seed0,me,0,legs12_paralysed,ite,0,4,611,1056.2353515625,285,1058.7548828125,0.18807418890898905,0.04198637385276414,
me_seed0,me,0,legs12_paralysed,ite,0,5,940,1058.72314453125,285,1058.7548828125,0.18807418890898905,0.04198637385276414,
me_seed0,me,0,legs12_paralysed,ite,0,6,277,1058.0849609375,285,1058.7548828125,0.18807418890898905,0.04198637385276414,
me_seed0,me,0,legs12_paralysed,ite,0,7,411,1058.7039794921875,285,1058.7548828125,0.18807418890898905,0.04198637385276414,
me_seed0,me,0,legs12_paralysed,ite,0,8,335,1060.7056884765625,335,1060.7984619140625,7.191076850225703,1.605362451854781,
me_seed0,me,0,legs12_paralysed,ite,0,9,467,1058.694091796875,335,1060.7984619140625,7.191076850225703,1.605362451854781,
me_seed0,me,0,legs12_paralysed,ite,0,10,515,1058.7001953125,335,1060.7984619140625,7.191076850225703,1.605362451854781,
me_seed0,me,0,legs12_paralysed,ite,0,11,223,1052.8370361328125,335,1060.7984619140625,7.191076850225703,1.605362451854781,
me_seed0,me,0,legs12_paralysed,ite,0,12,1010,1061.2703857421875,1010,1060.442626953125,5.971690149446884,1.333142078676603,
me_seed0,me,0,legs12_paralysed,ite,0,13,677,1055.825439453125,1010,1060.442626953125,5.971690149446884,1.333142078676603,
me_seed0,me,0,legs12_paralysed,ite,0,14,173,1061.0133056640625,1010,1060.442626953125,5.971690149446884,1.333142078676603,
me_seed0,me,0,legs12_paralysed,ite,0,15,277,1058.0755615234375,1010,1060.442626953125,5.971690149446884,1.333142078676603,
me_seed0,me,0,legs12_paralysed,ite,0,16,411,1059.6160888671875,1010,1060.442626953125,5.971690149446884,1.333142078676603,
me_seed0,me,0,legs12_paralysed,ite,0,17,467,1058.432373046875,1010,1060.442626953125,5.971690149446884,1.333142078676603,
me_seed0,me,0,legs12_paralysed,ite,0,18,515,1058.009521484375,1010,1060.442626953125,5.971690149446884,1.333142078676603,
me_seed0,me,0,legs12_paralysed,ite,0,19,940,1055.59765625,1010,1060.442626953125,5.971690149446884,1.333142078676603,
me_seed0,me,0,legs12_paralysed,ite,0,20,612,1059.341064453125,1010,1060.442626953125,5.971690149446884,1.333142078676603,
me_seed0,me,0,legs12_paralysed,ite,1,1,285,1056.49267578125,285,1058.7548828125,0.18807418890898905,0.04198637385276414,
me_seed0,me,0,legs12_paralysed,ite,1,2,586,1058.91748046875,586,1058.7470703125,0.16130206237387948,0.0360096658310134,
me_seed0,me,0,legs12_paralysed,ite,1,3,173,1056.974365234375,586,1058.7470703125,0.16130206237387948,0.0360096658310134,
me_seed0,me,0,legs12_paralysed,ite,1,4,611,1057.1331787109375,586,1058.7470703125,0.16130206237387948,0.0360096658310134,
me_seed0,me,0,legs12_paralysed,ite,1,5,940,1059.157958984375,940,1058.0115966796875,-2.359042662220422,-0.5266413627791146,
me_seed0,me,0,legs12_paralysed,ite,1,6,277,1057.87841796875,940,1058.0115966796875,-2.359042662220422,-0.5266413627791146,
me_seed0,me,0,legs12_paralysed,ite,1,7,411,1061.79150390625,411,1059.0810546875,1.3058104717498147,0.2915139337608574,
me_seed0,me,0,legs12_paralysed,ite,1,8,335,1060.9068603515625,411,1059.0810546875,1.3058104717498147,0.2915139337608574,
me_seed0,me,0,legs12_paralysed,ite,1,9,223,1052.4893798828125,411,1059.0810546875,1.3058104717498147,0.2915139337608574,
me_seed0,me,0,legs12_paralysed,ite,1,10,467,1059.4412841796875,411,1059.0810546875,1.3058104717498147,0.2915139337608574,
me_seed0,me,0,legs12_paralysed,ite,1,11,515,1057.123291015625,411,1059.0810546875,1.3058104717498147,0.2915139337608574,
me_seed0,me,0,legs12_paralysed,ite,1,12,677,1056.439697265625,411,1059.0810546875,1.3058104717498147,0.2915139337608574,
me_seed0,me,0,legs12_paralysed,ite,1,13,411,1060.5125732421875,411,1059.0810546875,1.3058104717498147,0.2915139337608574,
me_seed0,me,0,legs12_paralysed,ite,1,14,1010,1059.401123046875,411,1059.0810546875,1.3058104717498147,0.2915139337608574,
me_seed0,me,0,legs12_paralysed,ite,1,15,277,1059.697998046875,411,1059.0810546875,1.3058104717498147,0.2915139337608574,
me_seed0,me,0,legs12_paralysed,ite,1,16,173,1060.23974609375,411,1059.0810546875,1.3058104717498147,0.2915139337608574,
me_seed0,me,0,legs12_paralysed,ite,1,17,467,1059.479248046875,411,1059.0810546875,1.3058104717498147,0.2915139337608574,
me_seed0,me,0,legs12_paralysed,ite,1,18,940,1057.873046875,411,1059.0810546875,1.3058104717498147,0.2915139337608574,
me_seed0,me,0,legs12_paralysed,ite,1,19,411,1058.347412109375,411,1059.0810546875,1.3058104717498147,0.2915139337608574,
me_seed0,me,0,legs12_paralysed,ite,1,20,611,1056.4632568359375,411,1059.0810546875,1.3058104717498147,0.2915139337608574,
me_seed0,me,0,legs12_paralysed,ite,2,1,285,1058.7978515625,285,1058.7548828125,0.18807418890898905,0.04198637385276414,
me_seed0,me,0,legs12_paralysed,ite,2,2,586,1059.462646484375,586,1058.7470703125,0.16130206237387948,0.0360096658310134,
me_seed0,me,0,legs12_paralysed,ite,2,3,173,1061.41455078125,173,1058.2200927734375,-1.644561535314685,-0.36713796744864174,
me_seed0,me,0,legs12_paralysed,ite,2,4,611,1057.5927734375,173,1058.2200927734375,-1.644561535314685,-0.36713796744864174,
me_seed0,me,0,legs12_paralysed,ite,2,5,940,1058.504638671875,173,1058.2200927734375,-1.644561535314685,-0.36713796744864174,
me_seed0,me,0,legs12_paralysed,ite,2,6,277,1056.8221435546875,173,1058.2200927734375,-1.644561535314685,-0.36713796744864174,
me_seed0,me,0,legs12_paralysed,ite,2,7,411,1059.64892578125,173,1058.2200927734375,-1.644561535314685,-0.36713796744864174,
me_seed0,me,0,legs12_paralysed,ite,2,8,335,1060.8482666015625,173,1058.2200927734375,-1.644561535314685,-0.36713796744864174,
me_seed0,me,0,legs12_paralysed,ite,2,9,515,1056.7314453125,173,1058.2200927734375,-1.644561535314685,-0.36713796744864174,
me_seed0,me,0,legs12_paralysed,ite,2,10,467,1061.056396484375,173,1058.2200927734375,-1.644561535314685,-0.36713796744864174,
me_seed0,me,0,legs12_paralysed,ite,2,11,223,1052.396728515625,173,1058.2200927734375,-1.644561535314685,-0.36713796744864174,
me_seed0,me,0,legs12_paralysed,ite,2,12,173,1057.957763671875,173,1058.2200927734375,-1.644561535314685,-0.36713796744864174,
me_seed0,me,0,legs12_paralysed,ite,2,13,677,1056.7225341796875,173,1058.2200927734375,-1.644561535314685,-0.36713796744864174,
me_seed0,me,0,legs12_paralysed,ite,2,14,411,1058.668701171875,173,1058.2200927734375,-1.644561535314685,-0.36713796744864174,
me_seed0,me,0,legs12_paralysed,ite,2,15,1010,1059.6217041015625,173,1058.2200927734375,-1.644561535314685,-0.36713796744864174,
me_seed0,me,0,legs12_paralysed,ite,2,16,277,1055.718017578125,173,1058.2200927734375,-1.644561535314685,-0.36713796744864174,
me_seed0,me,0,legs12_paralysed,ite,2,17,467,1059.37939453125,173,1058.2200927734375,-1.644561535314685,-0.36713796744864174,
me_seed0,me,0,legs12_paralysed,ite,2,18,611,1056.6297607421875,173,1058.2200927734375,-1.644561535314685,-0.36713796744864174,
me_seed0,me,0,legs12_paralysed,ite,2,19,940,1057.070556640625,173,1058.2200927734375,-1.644561535314685,-0.36713796744864174,
me_seed0,me,0,legs12_paralysed,ite,2,20,173,1061.0509033203125,173,1058.2200927734375,-1.644561535314685,-0.36713796744864174,
me_seed0,me,0,legs12_paralysed,ite,3,1,285,1059.3712158203125,285,1058.7548828125,0.18807418890898905,0.04198637385276414,
me_seed0,me,0,legs12_paralysed,ite,3,2,586,1058.91845703125,285,1058.7548828125,0.18807418890898905,0.04198637385276414,
me_seed0,me,0,legs12_paralysed,ite,3,3,173,1059.810791015625,173,1058.2200927734375,-1.644561535314685,-0.36713796744864174,
me_seed0,me,0,legs12_paralysed,ite,3,4,611,1056.288330078125,173,1058.2200927734375,-1.644561535314685,-0.36713796744864174,
me_seed0,me,0,legs12_paralysed,ite,3,5,940,1056.218994140625,173,1058.2200927734375,-1.644561535314685,-0.36713796744864174,
me_seed0,me,0,legs12_paralysed,ite,3,6,277,1055.173095703125,173,1058.2200927734375,-1.644561535314685,-0.36713796744864174,
me_seed0,me,0,legs12_paralysed,ite,3,7,411,1058.0673828125,173,1058.2200927734375,-1.644561535314685,-0.36713796744864174,
me_seed0,me,0,legs12_paralysed,ite,3,8,335,1060.0030517578125,335,1060.7984619140625,7.191076850225703,1.605362451854781,
me_seed0,me,0,legs12_paralysed,ite,3,9,515,1059.4345703125,335,1060.7984619140625,7.191076850225703,1.605362451854781,
me_seed0,me,0,legs12_paralysed,ite,3,10,467,1060.0087890625,467,1060.97900390625,7.809763961873002,1.743480438794927,
me_seed0,me,0,legs12_paralysed,ite,3,11,223,1055.140869140625,467,1060.97900390625,7.809763961873002,1.743480438794927,
me_seed0,me,0,legs12_paralysed,ite,3,12,173,1057.889892578125,467,1060.97900390625,7.809763961873002,1.743480438794927,
me_seed0,me,0,legs12_paralysed,ite,3,13,677,1056.691162109375,467,1060.97900390625,7.809763961873002,1.743480438794927,
me_seed0,me,0,legs12_paralysed,ite,3,14,411,1058.9605712890625,467,1060.97900390625,7.809763961873002,1.743480438794927,
me_seed0,me,0,legs12_paralysed,ite,3,15,1010,1059.370849609375,467,1060.97900390625,7.809763961873002,1.743480438794927,
me_seed0,me,0,legs12_paralysed,ite,3,16,277,1057.085205078125,467,1060.97900390625,7.809763961873002,1.743480438794927,
me_seed0,me,0,legs12_paralysed,ite,3,17,467,1060.48583984375,467,1060.97900390625,7.809763961873002,1.743480438794927,
me_seed0,me,0,legs12_paralysed,ite,3,18,515,1057.2354736328125,467,1060.97900390625,7.809763961873002,1.743480438794927,
me_seed0,me,0,legs12_paralysed,ite,3,19,612,1057.780517578125,467,1060.97900390625,7.809763961873002,1.743480438794927,
me_seed0,me,0,legs12_paralysed,ite,3,20,611,1055.8079833984375,467,1060.97900390625,7.809763961873002,1.743480438794927,
me_seed0,me,0,legs12_paralysed,ite,4,1,285,1059.710205078125,285,1058.7548828125,0.18807418890898905,0.04198637385276414,
me_seed0,me,0,legs12_paralysed,ite,4,2,586,1059.396240234375,285,1058.7548828125,0.18807418890898905,0.04198637385276414,
me_seed0,me,0,legs12_paralysed,ite,4,3,173,1060.5347900390625,173,1058.2200927734375,-1.644561535314685,-0.36713796744864174,
me_seed0,me,0,legs12_paralysed,ite,4,4,611,1055.2451171875,173,1058.2200927734375,-1.644561535314685,-0.36713796744864174,
me_seed0,me,0,legs12_paralysed,ite,4,5,940,1055.36767578125,173,1058.2200927734375,-1.644561535314685,-0.36713796744864174,
me_seed0,me,0,legs12_paralysed,ite,4,6,277,1057.96630859375,173,1058.2200927734375,-1.644561535314685,-0.36713796744864174,
me_seed0,me,0,legs12_paralysed,ite,4,7,411,1061.6898193359375,411,1059.0810546875,1.3058104717498147,0.2915139337608574,
me_seed0,me,0,legs12_paralysed,ite,4,8,335,1061.450439453125,411,1059.0810546875,1.3058104717498147,0.2915139337608574,
me_seed0,me,0,legs12_paralysed,ite,4,9,515,1056.147705078125,411,1059.0810546875,1.3058104717498147,0.2915139337608574,
me_seed0,me,0,legs12_paralysed,ite,4,10,467,1060.9178466796875,411,1059.0810546875,1.3058104717498147,0.2915139337608574,
me_seed0,me,0,legs12_paralysed,ite,4,11,223,1050.5830078125,411,1059.0810546875,1.3058104717498147,0.2915139337608574,
me_seed0,me,0,legs12_paralysed,ite,4,12,173,1059.3189697265625,411,1059.0810546875,1.3058104717498147,0.2915139337608574,
me_seed0,me,0,legs12_paralysed,ite,4,13,677,1056.685546875,411,1059.0810546875,1.3058104717498147,0.2915139337608574,
me_seed0,me,0,legs12_paralysed,ite,4,14,411,1060.7879638671875,411,1059.0810546875,1.3058104717498147,0.2915139337608574,
me_seed0,me,0,legs12_paralysed,ite,4,15,277,1056.0638427734375,411,1059.0810546875,1.3058104717498147,0.2915139337608574,
me_seed0,me,0,legs12_paralysed,ite,4,16,1010,1059.66455078125,411,1059.0810546875,1.3058104717498147,0.2915139337608574,
me_seed0,me,0,legs12_paralysed,ite,4,17,467,1057.9656982421875,411,1059.0810546875,1.3058104717498147,0.2915139337608574,
me_seed0,me,0,legs12_paralysed,ite,4,18,411,1059.486083984375,411,1059.0810546875,1.3058104717498147,0.2915139337608574,
me_seed0,me,0,legs12_paralysed,ite,4,19,173,1057.5426025390625,411,1059.0810546875,1.3058104717498147,0.2915139337608574,
me_seed0,me,0,legs12_paralysed,ite,4,20,515,1056.6259765625,411,1059.0810546875,1.3058104717498147,0.2915139337608574,
me_seed0,me,0,legs12_paralysed,top_k,0,1,285,1056.545654296875,285,1058.7548828125,0.18807418890898905,0.04198637385276414,
me_seed0,me,0,legs12_paralysed,top_k,0,2,911,1058.693603515625,911,1058.773681640625,0.25249461838409654,0.05636782753010185,
me_seed0,me,0,legs12_paralysed,top_k,0,3,166,1057.271484375,911,1058.773681640625,0.25249461838409654,0.05636782753010185,
me_seed0,me,0,legs12_paralysed,top_k,0,4,228,1060.2708740234375,228,1058.7596435546875,0.20438845351632148,0.04562843030351849,
me_seed0,me,0,legs12_paralysed,top_k,0,5,458,1059.069091796875,228,1058.7596435546875,0.20438845351632148,0.04562843030351849,
me_seed0,me,0,legs12_paralysed,top_k,0,6,515,1056.6590576171875,228,1058.7596435546875,0.20438845351632148,0.04562843030351849,
me_seed0,me,0,legs12_paralysed,top_k,0,7,761,1060.2470703125,228,1058.7596435546875,0.20438845351632148,0.04562843030351849,
me_seed0,me,0,legs12_paralysed,top_k,0,8,12,1058.447265625,228,1058.7596435546875,0.20438845351632148,0.04562843030351849,
me_seed0,me,0,legs12_paralysed,top_k,0,9,411,1060.107421875,228,1058.7596435546875,0.20438845351632148,0.04562843030351849,
me_seed0,me,0,legs12_paralysed,top_k,0,10,612,1060.5906982421875,612,1059.3077392578125,2.082620455745104,0.4649318524544686,
me_seed0,me,0,legs12_paralysed,top_k,0,11,173,1059.0689697265625,612,1059.3077392578125,2.082620455745104,0.4649318524544686,
me_seed0,me,0,legs12_paralysed,top_k,0,12,697,1062.5018310546875,697,1059.6611328125,3.293640866981702,0.7352845043758496,
me_seed0,me,0,legs12_paralysed,top_k,0,13,689,1054.933349609375,697,1059.6611328125,3.293640866981702,0.7352845043758496,
me_seed0,me,0,legs12_paralysed,top_k,0,14,198,1056.09765625,697,1059.6611328125,3.293640866981702,0.7352845043758496,
me_seed0,me,0,legs12_paralysed,top_k,0,15,960,1057.7384033203125,697,1059.6611328125,3.293640866981702,0.7352845043758496,
me_seed0,me,0,legs12_paralysed,top_k,0,16,864,1057.09716796875,697,1059.6611328125,3.293640866981702,0.7352845043758496,
me_seed0,me,0,legs12_paralysed,top_k,0,17,682,1058.96923828125,697,1059.6611328125,3.293640866981702,0.7352845043758496,
me_seed0,me,0,legs12_paralysed,top_k,0,18,691,1059.2503662109375,697,1059.6611328125,3.293640866981702,0.7352845043758496,
me_seed0,me,0,legs12_paralysed,top_k,0,19,957,1060.5238037109375,697,1059.6611328125,3.293640866981702,0.7352845043758496,
me_seed0,me,0,legs12_paralysed,top_k,0,20,321,1058.9713134765625,697,1059.6611328125,3.293640866981702,0.7352845043758496,
me_seed0,me,0,legs12_paralysed,top_k,1,1,285,1056.0203857421875,285,1058.7548828125,0.18807418890898905,0.04198637385276414,
me_seed0,me,0,legs12_paralysed,top_k,1,2,911,1057.711181640625,911,1058.773681640625,0.25249461838409654,0.05636782753010185,
me_seed0,me,0,legs12_paralysed,top_k,1,3,166,1056.687255859375,911,1058.773681640625,0.25249461838409654,0.05636782753010185,
me_seed0,me,0,legs12_paralysed,top_k,1,4,228,1059.5379638671875,228,1058.7596435546875,0.20438845351632148,0.04562843030351849,
me_seed0,me,0,legs12_paralysed,top_k,1,5,458,1060.109375,458,1059.01513671875,1.0799206541098274,0.24108545982733556,
me_seed0,me,0,legs12_paralysed,top_k,1,6,515,1056.10546875,458,1059.01513671875,1.0799206541098274,0.24108545982733556,
me_seed0,me,0,legs12_paralysed,top_k,1,7,761,1057.359130859375,458,1059.01513671875,1.0799206541098274,0.24108545982733556,
me_seed0,me,0,legs12_paralysed,top_k,1,8,12,1058.495849609375,458,1059.01513671875,1.0799206541098274,0.24108545982733556,
me_seed0,me,0,legs12_paralysed,top_k,1,9,411,1059.6767578125,458,1059.01513671875,1.0799206541098274,0.24108545982733556,
me_seed0,me,0,legs12_paralysed,top_k,1,10,612,1057.5653076171875,458,1059.01513671875,1.0799206541098274,0.24108545982733556,
me_seed0,me,0,legs12_paralysed,top_k,1,11,173,1059.885498046875,458,1059.01513671875,1.0799206541098274,0.24108545982733556,
me_seed0,me,0,legs12_paralysed,top_k,1,12,697,1057.0479736328125,458,1059.01513671875,1.0799206541098274,0.24108545982733556,
me_seed0,me,0,legs12_paralysed,top_k,1,13,689,1057.6700439453125,458,1059.01513671875,1.0799206541098274,0.24108545982733556,
me_seed0,me,0,legs12_paralysed,top_k,1,14,198,1059.823974609375,458,1059.01513671875,1.0799206541098274,0.24108545982733556,
me_seed0,me,0,legs12_paralysed,top_k,1,15,960,1056.6131591796875,458,1059.01513671875,1.0799206541098274,0.24108545982733556,
me_seed0,me,0,legs12_paralysed,top_k,1,16,864,1057.578369140625,458,1059.01513671875,1.0799206541098274,0.24108545982733556,
me_seed0,me,0,legs12_paralysed,top_k,1,17,682,1059.4105224609375,458,1059.01513671875,1.0799206541098274,0.24108545982733556,
me_seed0,me,0,legs12_paralysed,top_k,1,18,691,1057.3331298828125,458,1059.01513671875,1.0799206541098274,0.24108545982733556,
me_seed0,me,0,legs12_paralysed,top_k,1,19,957,1058.8924560546875,458,1059.01513671875,1.0799206541098274,0.24108545982733556,
me_seed0,me,0,legs12_paralysed,top_k,1,20,321,1057.6485595703125,458,1059.01513671875,1.0799206541098274,0.24108545982733556,
me_seed0,me,0,legs12_paralysed,top_k,2,1,285,1060.845947265625,285,1058.7548828125,0.18807418890898905,0.04198637385276414,
me_seed0,me,0,legs12_paralysed,top_k,2,2,911,1059.5360107421875,285,1058.7548828125,0.18807418890898905,0.04198637385276414,
me_seed0,me,0,legs12_paralysed,top_k,2,3,166,1057.5732421875,285,1058.7548828125,0.18807418890898905,0.04198637385276414,
me_seed0,me,0,legs12_paralysed,top_k,2,4,228,1061.501708984375,228,1058.7596435546875,0.20438845351632148,0.04562843030351849,
me_seed0,me,0,legs12_paralysed,top_k,2,5,458,1060.5888671875,228,1058.7596435546875,0.20438845351632148,0.04562843030351849,
me_seed0,me,0,legs12_paralysed,top_k,2,6,515,1058.6181640625,228,1058.7596435546875,0.20438845351632148,0.04562843030351849,
me_seed0,me,0,legs12_paralysed,top_k,2,7,761,1059.115966796875,228,1058.7596435546875,0.20438845351632148,0.04562843030351849,
me_seed0,me,0,legs12_paralysed,top_k,2,8,12,1061.08056640625,228,1058.7596435546875,0.20438845351632148,0.04562843030351849,
me_seed0,me,0,legs12_paralysed,top_k,2,9,411,1062.184326171875,411,1059.0810546875,1.3058104717498147,0.2915139337608574,
me_seed0,me,0,legs12_paralysed,top_k,2,10,612,1058.62109375,411,1059.0810546875,1.3058104717498147,0.2915139337608574,
me_seed0,me,0,legs12_paralysed,top_k,2,11,173,1060.17138671875,411,1059.0810546875,1.3058104717498147,0.2915139337608574,
me_seed0,me,0,legs12_paralysed,top_k,2,12,697,1058.519775390625,411,1059.0810546875,1.3058104717498147,0.2915139337608574,
me_seed0,me,0,legs12_paralysed,top_k,2,13,689,1055.9644775390625,411,1059.0810546875,1.3058104717498147,0.2915139337608574,
me_seed0,me,0,legs12_paralysed,top_k,2,14,198,1054.60205078125,411,1059.0810546875,1.3058104717498147,0.2915139337608574,
me_seed0,me,0,legs12_paralysed,top_k,2,15,960,1059.0872802734375,411,1059.0810546875,1.3058104717498147,0.2915139337608574,
me_seed0,me,0,legs12_paralysed,top_k,2,16,864,1058.08740234375,411,1059.0810546875,1.3058104717498147,0.2915139337608574,
me_seed0,me,0,legs12_paralysed,top_k,2,17,682,1061.732177734375,411,1059.0810546875,1.3058104717498147,0.2915139337608574,
me_seed0,me,0,legs12_paralysed,top_k,2,18,691,1060.895751953125,411,1059.0810546875,1.3058104717498147,0.2915139337608574,
me_seed0,me,0,legs12_paralysed,top_k,2,19,957,1060.761474609375,411,1059.0810546875,1.3058104717498147,0.2915139337608574,
me_seed0,me,0,legs12_paralysed,top_k,2,20,321,1057.7779541015625,411,1059.0810546875,1.3058104717498147,0.2915139337608574,
me_seed0,me,0,legs12_paralysed,top_k,3,1,285,1059.9984130859375,285,1058.7548828125,0.18807418890898905,0.04198637385276414,
me_seed0,me,0,legs12_paralysed,top_k,3,2,911,1059.86767578125,285,1058.7548828125,0.18807418890898905,0.04198637385276414,
me_seed0,me,0,legs12_paralysed,top_k,3,3,166,1057.5946044921875,285,1058.7548828125,0.18807418890898905,0.04198637385276414,
me_seed0,me,0,legs12_paralysed,top_k,3,4,228,1060.7705078125,228,1058.7596435546875,0.20438845351632148,0.04562843030351849,
me_seed0,me,0,legs12_paralysed,top_k,3,5,458,1060.11181640625,228,1058.7596435546875,0.20438845351632148,0.04562843030351849,
me_seed0,me,0,legs12_paralysed,top_k,3,6,515,1057.9638671875,228,1058.7596435546875,0.20438845351632148,0.04562843030351849,
me_seed0,me,0,legs12_paralysed,top_k,3,7,761,1058.6795654296875,228,1058.7596435546875,0.20438845351632148,0.04562843030351849,
me_seed0,me,0,legs12_paralysed,top_k,3,8,12,1057.40625,228,1058.7596435546875,0.20438845351632148,0.04562843030351849,
me_seed0,me,0,legs12_paralysed,top_k,3,9,411,1059.900390625,228,1058.7596435546875,0.20438845351632148,0.04562843030351849,
me_seed0,me,0,legs12_paralysed,top_k,3,10,612,1058.7877197265625,228,1058.7596435546875,0.20438845351632148,0.04562843030351849,
me_seed0,me,0,legs12_paralysed,top_k,3,11,173,1058.245361328125,228,1058.7596435546875,0.20438845351632148,0.04562843030351849,
me_seed0,me,0,legs12_paralysed,top_k,3,12,697,1059.7877197265625,228,1058.7596435546875,0.20438845351632148,0.04562843030351849,
me_seed0,me,0,legs12_paralysed,top_k,3,13,689,1059.235595703125,228,1058.7596435546875,0.20438845351632148,0.04562843030351849,
me_seed0,me,0,legs12_paralysed,top_k,3,14,198,1057.344970703125,228,1058.7596435546875,0.20438845351632148,0.04562843030351849,
me_seed0,me,0,legs12_paralysed,top_k,3,15,960,1058.2080078125,228,1058.7596435546875,0.20438845351632148,0.04562843030351849,
me_seed0,me,0,legs12_paralysed,top_k,3,16,864,1060.895263671875,864,1060.1456298828125,4.953931026635608,1.105933787787235,
me_seed0,me,0,legs12_paralysed,top_k,3,17,682,1062.275634765625,682,1059.31884765625,2.120687073162213,0.47342998417289545,
me_seed0,me,0,legs12_paralysed,top_k,3,18,691,1056.942626953125,682,1059.31884765625,2.120687073162213,0.47342998417289545,
me_seed0,me,0,legs12_paralysed,top_k,3,19,957,1055.8702392578125,682,1059.31884765625,2.120687073162213,0.47342998417289545,
me_seed0,me,0,legs12_paralysed,top_k,3,20,321,1058.541259765625,682,1059.31884765625,2.120687073162213,0.47342998417289545,
me_seed0,me,0,legs12_paralysed,top_k,4,1,285,1056.748291015625,285,1058.7548828125,0.18807418890898905,0.04198637385276414,
me_seed0,me,0,legs12_paralysed,top_k,4,2,911,1057.7431640625,911,1058.773681640625,0.25249461838409654,0.05636782753010185,
me_seed0,me,0,legs12_paralysed,top_k,4,3,166,1060.531005859375,166,1059.447021484375,2.5599172741288547,0.5714853501547434,
me_seed0,me,0,legs12_paralysed,top_k,4,4,228,1060.0687255859375,166,1059.447021484375,2.5599172741288547,0.5714853501547434,
me_seed0,me,0,legs12_paralysed,top_k,4,5,458,1057.4293212890625,166,1059.447021484375,2.5599172741288547,0.5714853501547434,
me_seed0,me,0,legs12_paralysed,top_k,4,6,515,1056.47314453125,166,1059.447021484375,2.5599172741288547,0.5714853501547434,
me_seed0,me,0,legs12_paralysed,top_k,4,7,761,1057.1021728515625,166,1059.447021484375,2.5599172741288547,0.5714853501547434,
me_seed0,me,0,legs12_paralysed,top_k,4,8,12,1059.957275390625,166,1059.447021484375,2.5599172741288547,0.5714853501547434,
me_seed0,me,0,legs12_paralysed,top_k,4,9,411,1059.9888916015625,166,1059.447021484375,2.5599172741288547,0.5714853501547434,
me_seed0,me,0,legs12_paralysed,top_k,4,10,612,1058.808837890625,166,1059.447021484375,2.5599172741288547,0.5714853501547434,
me_seed0,me,0,legs12_paralysed,top_k,4,11,173,1060.169921875,166,1059.447021484375,2.5599172741288547,0.5714853501547434,
me_seed0,me,0,legs12_paralysed,top_k,4,12,697,1061.722412109375,697,1059.6611328125,3.293640866981702,0.7352845043758496,
me_seed0,me,0,legs12_paralysed,top_k,4,13,689,1056.462646484375,697,1059.6611328125,3.293640866981702,0.7352845043758496,
me_seed0,me,0,legs12_paralysed,top_k,4,14,198,1057.7978515625,697,1059.6611328125,3.293640866981702,0.7352845043758496,
me_seed0,me,0,legs12_paralysed,top_k,4,15,960,1060.1904296875,697,1059.6611328125,3.293640866981702,0.7352845043758496,
me_seed0,me,0,legs12_paralysed,top_k,4,16,864,1057.2947998046875,697,1059.6611328125,3.293640866981702,0.7352845043758496,
me_seed0,me,0,legs12_paralysed,top_k,4,17,682,1061.4820556640625,697,1059.6611328125,3.293640866981702,0.7352845043758496,
me_seed0,me,0,legs12_paralysed,top_k,4,18,691,1059.910400390625,697,1059.6611328125,3.293640866981702,0.7352845043758496,
me_seed0,me,0,legs12_paralysed,top_k,4,19,957,1060.313720703125,697,1059.6611328125,3.293640866981702,0.7352845043758496,
me_seed0,me,0,legs12_paralysed,top_k,4,20,321,1058.834228515625,697,1059.6611328125,3.293640866981702,0.7352845043758496,
me_seed0,me,0,legs14_paralysed,ite,0,1,285,1084.3961181640625,285,1071.507080078125,34.07870913842726,9.797654814481083,11
me_seed0,me,0,legs14_paralysed,ite,0,2,586,1085.6263427734375,586,1092.0062255859375,88.62544524732785,25.479882961115138,11
me_seed0,me,0,legs14_paralysed,ite,0,3,173,1085.508544921875,586,1092.0062255859375,88.62544524732785,25.479882961115138,11
me_seed0,me,0,legs14_paralysed,ite,0,4,611,1067.007568359375,586,1092.0062255859375,88.62544524732785,25.479882961115138,11
me_seed0,me,0,legs14_paralysed,ite,0,5,940,1074.494873046875,586,1092.0062255859375,88.62544524732785,25.479882961115138,11
me_seed0,me,0,legs14_paralysed,ite,0,6,411,1085.000732421875,586,1092.0062255859375,88.62544524732785,25.479882961115138,11
me_seed0,me,0,legs14_paralysed,ite,0,7,277,1083.666748046875,586,1092.0062255859375,88.62544524732785,25.479882961115138,11
me_seed0,me,0,legs14_paralysed,ite,0,8,515,1076.3448486328125,586,1092.0062255859375,88.62544524732785,25.479882961115138,11
me_seed0,me,0,legs14_paralysed,ite,0,9,467,1069.15771484375,586,1092.0062255859375,88.62544524732785,25.479882961115138,11
me_seed0,me,0,legs14_paralysed,ite,0,10,335,1085.007568359375,586,1092.0062255859375,88.62544524732785,25.479882961115138,11
me_seed0,me,0,legs14_paralysed,ite,0,11,223,1097.165771484375,223,1079.3330078125,54.90293397119359,15.784635303144205,11
me_seed0,me,0,legs14_paralysed,ite,0,12,223,1086.054443359375,223,1079.3330078125,54.90293397119359,15.784635303144205,11
me_seed0,me,0,legs14_paralysed,ite,0,13,1010,1065.079345703125,223,1079.3330078125,54.90293397119359,15.784635303144205,11
me_seed0,me,0,legs14_paralysed,ite,0,14,411,1088.89306640625,223,1079.3330078125,54.90293397119359,15.784635303144205,11
me_seed0,me,0,legs14_paralysed,ite,0,15,223,1078.23095703125,223,1079.3330078125,54.90293397119359,15.784635303144205,11
me_seed0,me,0,legs14_paralysed,ite,0,16,277,1081.18994140625,223,1079.3330078125,54.90293397119359,15.784635303144205,11
me_seed0,me,0,legs14_paralysed,ite,0,17,411,1092.1580810546875,223,1079.3330078125,54.90293397119359,15.784635303144205,11
me_seed0,me,0,legs14_paralysed,ite,0,18,411,1093.9803466796875,223,1079.3330078125,54.90293397119359,15.784635303144205,11
me_seed0,me,0,legs14_paralysed,ite,0,19,411,1087.607666015625,223,1079.3330078125,54.90293397119359,15.784635303144205,11
me_seed0,me,0,legs14_paralysed,ite,0,20,411,1104.3929443359375,411,1091.67822265625,87.7526532940344,25.22895461026445,11
me_seed0,me,0,legs14_paralysed,ite,1,1,285,1090.8858642578125,285,1071.507080078125,34.07870913842726,9.797654814481083,9
me_seed0,me,0,legs14_paralysed,ite,1,2,586,1044.1668701171875,285,1071.507080078125,34.07870913842726,9.797654814481083,9
me_seed0,me,0,legs14_paralysed,ite,1,3,173,1086.8138427734375,285,1071.507080078125,34.07870913842726,9.797654814481083,9
me_seed0,me,0,legs14_paralysed,ite,1,4,515,1091.539306640625,515,1078.559814453125,52.8455226454918,15.193127981116561,9
me_seed0,me,0,legs14_paralysed,ite,1,5,467,1067.8114013671875,515,1078.559814453125,52.8455226454918,15.193127981116561,9
me_seed0,me,0,legs14_paralysed,ite,1,6,411,1088.974853515625,515,1078.559814453125,52.8455226454918,15.193127981116561,9
me_seed0,me,0,legs14_paralysed,ite,1,7,1010,1069.216552734375,515,1078.559814453125,52.8455226454918,15.193127981116561,9
me_seed0,me,0,legs14_paralysed,ite,1,8,611,1069.26806640625,515,1078.559814453125,52.8455226454918,15.193127981116561,9
me_seed0,me,0,legs14_paralysed,ite,1,9,515,1084.578857421875,515,1078.559814453125,52.8455226454918,15.193127981116561,9
me_seed0,me,0,legs14_paralysed,ite,1,10,411,1089.0263671875,515,1078.559814453125,52.8455226454918,15.193127981116561,9
me_seed0,me,0,legs14_paralysed,ite,1,11,173,1084.14599609375,515,1078.559814453125,52.8455226454918,15.193127981116561,9
me_seed0,me,0,legs14_paralysed,ite,1,12,223,1087.7662353515625,515,1078.559814453125,52.8455226454918,15.193127981116561,9
me_seed0,me,0,legs14_paralysed,ite,1,13,411,1087.0838623046875,515,1078.559814453125,52.8455226454918,15.193127981116561,9
me_seed0,me,0,legs14_paralysed,ite,1,14,277,1081.9298095703125,515,1078.559814453125,52.8455226454918,15.193127981116561,9
me_seed0,me,0,legs14_paralysed,ite,1,15,515,1074.378173828125,515,1078.559814453125,52.8455226454918,15.193127981116561,9
me_seed0,me,0,legs14_paralysed,ite,1,16,940,1069.5277099609375,515,1078.559814453125,52.8455226454918,15.193127981116561,9
me_seed0,me,0,legs14_paralysed,ite,1,17,411,1090.6705322265625,515,1078.559814453125,52.8455226454918,15.193127981116561,9
me_seed0,me,0,legs14_paralysed,ite,1,18,411,1094.750244140625,411,1091.67822265625,87.7526532940344,25.22895461026445,9
me_seed0,me,0,legs14_paralysed,ite,1,19,411,1084.7216796875,411,1091.67822265625,87.7526532940344,25.22895461026445,9
me_seed0,me,0,legs14_paralysed,ite,1,20,411,1091.115478515625,411,1091.67822265625,87.7526532940344,25.22895461026445,9
me_seed0,me,0,legs14_paralysed,ite,2,1,285,1073.0418701171875,285,1071.507080078125,34.07870913842726,9.797654814481083,11
me_seed0,me,0,legs14_paralysed,ite,2,2,586,1070.65234375,285,1071.507080078125,34.07870913842726,9.797654814481083,11
me_seed0,me,0,legs14_paralysed,ite,2,3,173,1069.878662109375,285,1071.507080078125,34.07870913842726,9.797654814481083,11
me_seed0,me,0,legs14_paralysed,ite,2,4,611,1057.103271484375,285,1071.507080078125,34.07870913842726,9.797654814481083,11
me_seed0,me,0,legs14_paralysed,ite,2,5,940,1074.7591552734375,940,1077.705078125,50.57113140732256,14.539238769111895,11
me_seed0,me,0,legs14_paralysed,ite,2,6,277,1074.87744140625,277,1080.23779296875,57.31050150294315,16.476812800913212,11
me_seed0,me,0,legs14_paralysed,ite,2,7,411,1084.402587890625,411,1091.67822265625,87.7526532940344,25.22895461026445,11
me_seed0,me,0,legs14_paralysed,ite,2,8,467,1078.141357421875,411,1091.67822265625,87.7526532940344,25.22895461026445,11
me_seed0,me,0,legs14_paralysed,ite,2,9,515,1080.135498046875,411,1091.67822265625,87.7526532940344,25.22895461026445,11
me_seed0,me,0,legs14_paralysed,ite,2,10,335,1083.95263671875,411,1091.67822265625,87.7526532940344,25.22895461026445,11
me_seed0,me,0,legs14_paralysed,ite,2,11,223,1094.185302734375,223,1079.3330078125,54.90293397119359,15.784635303144205,11
me_seed0,me,0,legs14_paralysed,ite,2,12,223,1077.552490234375,223,1079.3330078125,54.90293397119359,15.784635303144205,11
me_seed0,me,0,legs14_paralysed,ite,2,13,411,1089.0469970703125,223,1079.3330078125,54.90293397119359,15.784635303144205,11
me_seed0,me,0,legs14_paralysed,ite,2,14,411,1095.967529296875,411,1091.67822265625,87.7526532940344,25.22895461026445,11
me_seed0,me,0,legs14_paralysed,ite,2,15,411,1085.521728515625,411,1091.67822265625,87.7526532940344,25.22895461026445,11
me_seed0,me,0,legs14_paralysed,ite,2,16,411,1093.2000732421875,411,1091.67822265625,87.7526532940344,25.22895461026445,11
me_seed0,me,0,legs14_paralysed,ite,2,17,411,1095.881591796875,411,1091.67822265625,87.7526532940344,25.22895461026445,11
me_seed0,me,0,legs14_paralysed,ite,2,18,411,1088.122802734375,411,1091.67822265625,87.7526532940344,25.22895461026445,11
me_seed0,me,0,legs14_paralysed,ite,2,19,411,1089.82177734375,411,1091.67822265625,87.7526532940344,25.22895461026445,11
me_seed0,me,0,legs14_paralysed,ite,2,20,411,1084.7525634765625,411,1091.67822265625,87.7526532940344,25.22895461026445,11
me_seed0,me,0,legs14_paralysed,ite,3,1,285,1084.28857421875,285,1071.507080078125,34.07870913842726,9.797654814481083,11
me_seed0,me,0,legs14_paralysed,ite,3,2,586,1090.818115234375,586,1092.0062255859375,88.62544524732785,25.479882961115138,11
me_seed0,me,0,legs14_paralysed,ite,3,3,173,1082.7060546875,586,1092.0062255859375,88.62544524732785,25.479882961115138,11
me_seed0,me,0,legs14_paralysed,ite,3,4,611,1058.332763671875,586,1092.0062255859375,88.62544524732785,25.479882961115138,11
me_seed0,me,0,legs14_paralysed,ite,3,5,940,1083.77197265625,586,1092.0062255859375,88.62544524732785,25.479882961115138,11
me_seed0,me,0,legs14_paralysed,ite,3,6,411,1089.325439453125,586,1092.0062255859375,88.62544524732785,25.479882961115138,11
me_seed0,me,0,legs14_paralysed,ite,3,7,277,1088.783203125,586,1092.0062255859375,88.62544524732785,25.479882961115138,11
me_seed0,me,0,legs14_paralysed,ite,3,8,467,1078.190673828125,586,1092.0062255859375,88.62544524732785,25.479882961115138,11
me_seed0,me,0,legs14_paralysed,ite,3,9,515,1077.8109130859375,586,1092.0062255859375,88.62544524732785,25.479882961115138,11
me_seed0,me,0,legs14_paralysed,ite,3,10,335,1088.826904296875,586,1092.0062255859375,88.62544524732785,25.479882961115138,11
me_seed0,me,0,legs14_paralysed,ite,3,11,223,1075.10546875,586,1092.0062255859375,88.62544524732785,25.479882961115138,11
me_seed0,me,0,legs14_paralysed,ite,3,12,612,1069.5784912109375,586,1092.0062255859375,88.62544524732785,25.479882961115138,11
me_seed0,me,0,legs14_paralysed,ite,3,13,411,1088.4266357421875,586,1092.0062255859375,88.62544524732785,25.479882961115138,11
me_seed0,me,0,legs14_paralysed,ite,3,14,277,1097.808837890625,277,1080.23779296875,57.31050150294315,16.476812800913212,11
me_seed0,me,0,legs14_paralysed,ite,3,15,277,1098.229736328125,277,1080.23779296875,57.31050150294315,16.476812800913212,11
me_seed0,me,0,legs14_paralysed,ite,3,16,277,1094.319580078125,277,1080.23779296875,57.31050150294315,16.476812800913212,11
me_seed0,me,0,legs14_paralysed,ite,3,17,277,1094.336669921875,277,1080.23779296875,57.31050150294315,16.476812800913212,11
me_seed0,me,0,legs14_paralysed,ite,3,18,277,1064.620849609375,277,1080.23779296875,57.31050150294315,16.476812800913212,11
me_seed0,me,0,legs14_paralysed,ite,3,19,586,1063.569091796875,277,1080.23779296875,57.31050150294315,16.476812800913212,11
me_seed0,me,0,legs14_paralysed,ite,3,20,411,1092.293212890625,277,1080.23779296875,57.31050150294315,16.476812800913212,11
me_seed0,me,0,legs14_paralysed,ite,4,1,285,1085.453369140625,285,1071.507080078125,34.07870913842726,9.797654814481083,11
me_seed0,me,0,legs14_paralysed,ite,4,2,586,1091.6600341796875,586,1092.0062255859375,88.62544524732785,25.479882961115138,11
me_seed0,me,0,legs14_paralysed,ite,4,3,173,1081.947998046875,586,1092.0062255859375,88.62544524732785,25.479882961115138,11
me_seed0,me,0,legs14_paralysed,ite,4,4,611,1068.53369140625,586,1092.0062255859375,88.62544524732785,25.479882961115138,11
me_seed0,me,0,legs14_paralysed,ite,4,5,940,1082.2191162109375,586,1092.0062255859375,88.62544524732785,25.479882961115138,11
me_seed0,me,0,legs14_paralysed,ite,4,6,411,1085.760986328125,586,1092.0062255859375,88.62544524732785,25.479882961115138,11
me_seed0,me,0,legs14_paralysed,ite,4,7,277,1088.7144775390625,586,1092.0062255859375,88.62544524732785,25.479882961115138,11
me_seed0,me,0,legs14_paralysed,ite,4,8,515,1083.0927734375,586,1092.0062255859375,88.62544524732785,25.479882961115138,11
me_seed0,me,0,legs14_paralysed,ite,4,9,467,1072.7294921875,586,1092.0062255859375,88.62544524732785,25.479882961115138,11
me_seed0,me,0,legs14_paralysed,ite,4,10,335,1074.3060302734375,586,1092.0062255859375,88.62544524732785,25.479882961115138,11
me_seed0,me,0,legs14_paralysed,ite,4,11,223,1082.331298828125,586,1092.0062255859375,88.62544524732785,25.479882961115138,11
me_seed0,me,0,legs14_paralysed,ite,4,12,277,1067.137939453125,586,1092.0062255859375,88.62544524732785,25.479882961115138,11
me_seed0,me,0,legs14_paralysed,ite,4,13,411,1089.5396728515625,586,1092.0062255859375,88.62544524732785,25.479882961115138,11
me_seed0,me,0,legs14_paralysed,ite,4,14,586,1072.6806640625,586,1092.0062255859375,88.62544524732785,25.479882961115138,11
me_seed0,me,0,legs14_paralysed,ite,4,15,173,1084.706298828125,586,1092.0062255859375,88.62544524732785,25.479882961115138,11
me_seed0,me,0,legs14_paralysed,ite,4,16,411,1090.002197265625,586,1092.0062255859375,88.62544524732785,25.479882961115138,11
me_seed0,me,0,legs14_paralysed,ite,4,17,515,1080.93310546875,586,1092.0062255859375,88.62544524732785,25.479882961115138,11
me_seed0,me,0,legs14_paralysed,ite,4,18,411,1088.767578125,586,1092.0062255859375,88.62544524732785,25.479882961115138,11
me_seed0,me,0,legs14_paralysed,ite,4,19,411,1093.4541015625,411,1091.67822265625,87.7526532940344,25.22895461026445,11
me_seed0,me,0,legs14_paralysed,ite,4,20,411,1096.977783203125,411,1091.67822265625,87.7526532940344,25.22895461026445,11
me_seed0,me,0,legs14_paralysed,top_k,0,1,285,1076.4156494140625,285,1071.507080078125,34.07870913842726,9.797654814481083,
me_seed0,me,0,legs14_paralysed,top_k,0,2,911,1089.476318359375,911,1073.45263671875,39.255693936190944,11.286041884022698,
me_seed0,me,0,legs14_paralysed,top_k,0,3,166,1071.18798828125,911,1073.45263671875,39.255693936190944,11.286041884022698,
me_seed0,me,0,legs14_paralysed,top_k,0,4,228,1090.82861328125,228,1087.956787109375,77.85018381576714,22.38198709852862,
me_seed0,me,0,legs14_paralysed,top_k,0,5,458,1071.62646484375,228,1087.956787109375,77.85018381576714,22.38198709852862,
me_seed0,me,0,legs14_paralysed,top_k,0,6,515,1077.906005859375,228,1087.956787109375,77.85018381576714,22.38198709852862,
me_seed0,me,0,legs14_paralysed,top_k,0,7,761,1078.3155517578125,228,1087.956787109375,77.85018381576714,22.38198709852862,
me_seed0,me,0,legs14_paralysed,top_k,0,8,12,1087.4423828125,228,1087.956787109375,77.85018381576714,22.38198709852862,
me_seed0,me,0,legs14_paralysed,top_k,0,9,411,1090.6866455078125,228,1087.956787109375,77.85018381576714,22.38198709852862,
me_seed0,me,0,legs14_paralysed,top_k,0,10,612,1056.840576171875,228,1087.956787109375,77.85018381576714,22.38198709852862,
me_seed0,me,0,legs14_paralysed,top_k,0,11,173,1077.886474609375,228,1087.956787109375,77.85018381576714,22.38198709852862,
me_seed0,me,0,legs14_paralysed,top_k,0,12,697,1086.0283203125,228,1087.956787109375,77.85018381576714,22.38198709852862,
me_seed0,me,0,legs14_paralysed,top_k,0,13,689,1075.43798828125,228,1087.956787109375,77.85018381576714,22.38198709852862,
me_seed0,me,0,legs14_paralysed,top_k,0,14,198,1067.121337890625,228,1087.956787109375,77.85018381576714,22.38198709852862,
me_seed0,me,0,legs14_paralysed,top_k,0,15,960,1067.59228515625,228,1087.956787109375,77.85018381576714,22.38198709852862,
me_seed0,me,0,legs14_paralysed,top_k,0,16,864,1061.8812255859375,228,1087.956787109375,77.85018381576714,22.38198709852862,
me_seed0,me,0,legs14_paralysed,top_k,0,17,682,1083.85791015625,228,1087.956787109375,77.85018381576714,22.38198709852862,
me_seed0,me,0,legs14_paralysed,top_k,0,18,691,1093.268798828125,691,1085.6458740234375,71.70101207486714,20.614095542907318,
me_seed0,me,0,legs14_paralysed,top_k,0,19,957,1065.197265625,691,1085.6458740234375,71.70101207486714,20.614095542907318,
me_seed0,me,0,legs14_paralysed,top_k,0,20,321,1063.925048828125,691,1085.6458740234375,71.70101207486714,20.614095542907318,
me_seed0,me,0,legs14_paralysed,top_k,1,1,285,1062.25927734375,285,1071.507080078125,34.07870913842726,9.797654814481083,
me_seed0,me,0,legs14_paralysed,top_k,1,2,911,1088.036865234375,911,1073.45263671875,39.255693936190944,11.286041884022698,
me_seed0,me,0,legs14_paralysed,top_k,1,3,166,1071.83935546875,911,1073.45263671875,39.255693936190944,11.286041884022698,
me_seed0,me,0,legs14_paralysed,top_k,1,4,228,1092.6622314453125,228,1087.956787109375,77.85018381576714,22.38198709852862,
me_seed0,me,0,legs14_paralysed,top_k,1,5,458,1077.2041015625,228,1087.956787109375,77.85018381576714,22.38198709852862,
me_seed0,me,0,legs14_paralysed,top_k,1,6,515,1081.874267578125,228,1087.956787109375,77.85018381576714,22.38198709852862,
me_seed0,me,0,legs14_paralysed,top_k,1,7,761,1059.533447265625,228,1087.956787109375,77.85018381576714,22.38198709852862,
me_seed0,me,0,legs14_paralysed,top_k,1,8,12,1067.44873046875,228,1087.956787109375,77.85018381576714,22.38198709852862,
me_seed0,me,0,legs14_paralysed,top_k,1,9,411,1096.8603515625,411,1091.67822265625,87.7526532940344,25.22895461026445,
me_seed0,me,0,legs14_paralysed,top_k,1,10,612,1083.1075439453125,411,1091.67822265625,87.7526532940344,25.22895461026445,
me_seed0,me,0,legs14_paralysed,top_k,1,11,173,1081.3203125,411,1091.67822265625,87.7526532940344,25.22895461026445,
me_seed0,me,0,legs14_paralysed,top_k,1,12,697,1083.4107666015625,411,1091.67822265625,87.7526532940344,25.22895461026445,
me_seed0,me,0,legs14_paralysed,top_k,1,13,689,1079.284423828125,411,1091.67822265625,87.7526532940344,25.22895461026445,
me_seed0,me,0,legs14_paralysed,top_k,1,14,198,1075.4415283203125,411,1091.67822265625,87.7526532940344,25.22895461026445,
me_seed0,me,0,legs14_paralysed,top_k,1,15,960,1078.601806640625,411,1091.67822265625,87.7526532940344,25.22895461026445,
me_seed0,me,0,legs14_paralysed,top_k,1,16,864,1075.663818359375,411,1091.67822265625,87.7526532940344,25.22895461026445,
me_seed0,me,0,legs14_paralysed,top_k,1,17,682,1056.3167724609375,411,1091.67822265625,87.7526532940344,25.22895461026445,
me_seed0,me,0,legs14_paralysed,top_k,1,18,691,1078.2744140625,411,1091.67822265625,87.7526532940344,25.22895461026445,
me_seed0,me,0,legs14_paralysed,top_k,1,19,957,1067.038818359375,411,1091.67822265625,87.7526532940344,25.22895461026445,
me_seed0,me,0,legs14_paralysed,top_k,1,20,321,1063.620361328125,411,1091.67822265625,87.7526532940344,25.22895461026445,
me_seed0,me,0,legs14_paralysed,top_k,2,1,285,1081.1243896484375,285,1071.507080078125,34.07870913842726,9.797654814481083,
me_seed0,me,0,legs14_paralysed,top_k,2,2,911,1063.39794921875,285,1071.507080078125,34.07870913842726,9.797654814481083,
me_seed0,me,0,legs14_paralysed,top_k,2,3,166,1060.3834228515625,285,1071.507080078125,34.07870913842726,9.797654814481083,
me_seed0,me,0,legs14_paralysed,top_k,2,4,228,1091.236572265625,228,1087.956787109375,77.85018381576714,22.38198709852862,
me_seed0,me,0,legs14_paralysed,top_k,2,5,458,1078.8856201171875,228,1087.956787109375,77.85018381576714,22.38198709852862,
me_seed0,me,0,legs14_paralysed,top_k,2,6,515,1074.51806640625,228,1087.956787109375,77.85018381576714,22.38198709852862,
me_seed0,me,0,legs14_paralysed,top_k,2,7,761,1073.849853515625,228,1087.956787109375,77.85018381576714,22.38198709852862,
me_seed0,me,0,legs14_paralysed,top_k,2,8,12,1087.3060302734375,228,1087.956787109375,77.85018381576714,22.38198709852862,
me_seed0,me,0,legs14_paralysed,top_k,2,9,411,1088.713134765625,228,1087.956787109375,77.85018381576714,22.38198709852862,
me_seed0,me,0,legs14_paralysed,top_k,2,10,612,1069.902099609375,228,1087.956787109375,77.85018381576714,22.38198709852862,
me_seed0,me,0,legs14_paralysed,top_k,2,11,173,1079.635009765625,228,1087.956787109375,77.85018381576714,22.38198709852862,
me_seed0,me,0,legs14_paralysed,top_k,2,12,697,1084.8270263671875,228,1087.956787109375,77.85018381576714,22.38198709852862,
me_seed0,me,0,legs14_paralysed,top_k,2,13,689,1077.874267578125,228,1087.956787109375,77.85018381576714,22.38198709852862,
me_seed0,me,0,legs14_paralysed,top_k,2,14,198,1064.9580078125,228,1087.956787109375,77.85018381576714,22.38198709852862,
me_seed0,me,0,legs14_paralysed,top_k,2,15,960,1083.34326171875,228,1087.956787109375,77.85018381576714,22.38198709852862,
me_seed0,me,0,legs14_paralysed,top_k,2,16,864,1065.2342529296875,228,1087.956787109375,77.85018381576714,22.38198709852862,
me_seed0,me,0,legs14_paralysed,top_k,2,17,682,1068.487060546875,228,1087.956787109375,77.85018381576714,22.38198709852862,
me_seed0,me,0,legs14_paralysed,top_k,2,18,691,1081.2747802734375,228,1087.956787109375,77.85018381576714,22.38198709852862,
me_seed0,me,0,legs14_paralysed,top_k,2,19,957,1073.290283203125,228,1087.956787109375,77.85018381576714,22.38198709852862,
me_seed0,me,0,legs14_paralysed,top_k,2,20,321,1064.78466796875,228,1087.956787109375,77.85018381576714,22.38198709852862,
me_seed0,me,0,legs14_paralysed,top_k,3,1,285,1076.8004150390625,285,1071.507080078125,34.07870913842726,9.797654814481083,
me_seed0,me,0,legs14_paralysed,top_k,3,2,911,1078.42138671875,911,1073.45263671875,39.255693936190944,11.286041884022698,
me_seed0,me,0,legs14_paralysed,top_k,3,3,166,1072.3916015625,911,1073.45263671875,39.255693936190944,11.286041884022698,
me_seed0,me,0,legs14_paralysed,top_k,3,4,228,1089.9326171875,228,1087.956787109375,77.85018381576714,22.38198709852862,
me_seed0,me,0,legs14_paralysed,top_k,3,5,458,1078.382568359375,228,1087.956787109375,77.85018381576714,22.38198709852862,
me_seed0,me,0,legs14_paralysed,top_k,3,6,515,1062.6519775390625,228,1087.956787109375,77.85018381576714,22.38198709852862,
me_seed0,me,0,legs14_paralysed,top_k,3,7,761,1076.24169921875,228,1087.956787109375,77.85018381576714,22.38198709852862,
me_seed0,me,0,legs14_paralysed,top_k,3,8,12,1076.0833740234375,228,1087.956787109375,77.85018381576714,22.38198709852862,
me_seed0,me,0,legs14_paralysed,top_k,3,9,411,1087.646728515625,228,1087.956787109375,77.85018381576714,22.38198709852862,
me_seed0,me,0,legs14_paralysed,top_k,3,10,612,1063.8809814453125,228,1087.956787109375,77.85018381576714,22.38198709852862,
me_seed0,me,0,legs14_paralysed,top_k,3,11,173,1091.5809326171875,173,1093.5714111328125,92.79029021388112,26.677279058847763,
me_seed0,me,0,legs14_paralysed,top_k,3,12,697,1083.6875,173,1093.5714111328125,92.79029021388112,26.677279058847763,
me_seed0,me,0,legs14_paralysed,top_k,3,13,689,1067.3143310546875,173,1093.5714111328125,92.79029021388112,26.677279058847763,
me_seed0,me,0,legs14_paralysed,top_k,3,14,198,1078.2724609375,173,1093.5714111328125,92.79029021388112,26.677279058847763,
me_seed0,me,0,legs14_paralysed,top_k,3,15,960,1077.608642578125,173,1093.5714111328125,92.79029021388112,26.677279058847763,
me_seed0,me,0,legs14_paralysed,top_k,3,16,864,1065.2265625,173,1093.5714111328125,92.79029021388112,26.677279058847763,
me_seed0,me,0,legs14_paralysed,top_k,3,17,682,1075.8466796875,173,1093.5714111328125,92.79029021388112,26.677279058847763,
me_seed0,me,0,legs14_paralysed,top_k,3,18,691,1072.614501953125,173,1093.5714111328125,92.79029021388112,26.677279058847763,
me_seed0,me,0,legs14_paralysed,top_k,3,19,957,1071.259765625,173,1093.5714111328125,92.79029021388112,26.677279058847763,
me_seed0,me,0,legs14_paralysed,top_k,3,20,321,1065.82763671875,173,1093.5714111328125,92.79029021388112,26.677279058847763,
me_seed0,me,0,legs14_paralysed,top_k,4,1,285,1071.3858642578125,285,1071.507080078125,34.07870913842726,9.797654814481083,
me_seed0,me,0,legs14_paralysed,top_k,4,2,911,1065.636474609375,285,1071.507080078125,34.07870913842726,9.797654814481083,
me_seed0,me,0,legs14_paralysed,top_k,4,3,166,1057.3985595703125,285,1071.507080078125,34.07870913842726,9.797654814481083,
me_seed0,me,0,legs14_paralysed,top_k,4,4,228,1089.02978515625,228,1087.956787109375,77.85018381576714,22.38198709852862,
me_seed0,me,0,legs14_paralysed,top_k,4,5,458,1091.0013427734375,458,1080.625,58.34083126693526,16.77303339224123,
me_seed0,me,0,legs14_paralysed,top_k,4,6,515,1083.422119140625,458,1080.625,58.34083126693526,16.77303339224123,
me_seed0,me,0,legs14_paralysed,top_k,4,7,761,1069.62890625,458,1080.625,58.34083126693526,16.77303339224123,
me_seed0,me,0,legs14_paralysed,top_k,4,8,12,1085.7452392578125,458,1080.625,58.34083126693526,16.77303339224123,
me_seed0,me,0,legs14_paralysed,top_k,4,9,411,1092.092529296875,411,1091.67822265625,87.7526532940344,25.22895461026445,
me_seed0,me,0,legs14_paralysed,top_k,4,10,612,1070.7001953125,411,1091.67822265625,87.7526532940344,25.22895461026445,
me_seed0,me,0,legs14_paralysed,top_k,4,11,173,1084.037841796875,411,1091.67822265625,87.7526532940344,25.22895461026445,
me_seed0,me,0,legs14_paralysed,top_k,4,12,697,1086.59326171875,411,1091.67822265625,87.7526532940344,25.22895461026445,
me_seed0,me,0,legs14_paralysed,top_k,4,13,689,1097.409423828125,689,1074.512451171875,42.07578315781124,12.09681968159832,
me_seed0,me,0,legs14_paralysed,top_k,4,14,198,1068.3880615234375,689,1074.512451171875,42.07578315781124,12.09681968159832,
me_seed0,me,0,legs14_paralysed,top_k,4,15,960,1076.99267578125,689,1074.512451171875,42.07578315781124,12.09681968159832,
me_seed0,me,0,legs14_paralysed,top_k,4,16,864,1068.090087890625,689,1074.512451171875,42.07578315781124,12.09681968159832,
me_seed0,me,0,legs14_paralysed,top_k,4,17,682,1083.9447021484375,689,1074.512451171875,42.07578315781124,12.09681968159832,
me_seed0,me,0,legs14_paralysed,top_k,4,18,691,1092.7091064453125,689,1074.512451171875,42.07578315781124,12.09681968159832,
me_seed0,me,0,legs14_paralysed,top_k,4,19,957,1075.564208984375,689,1074.512451171875,42.07578315781124,12.09681968159832,
me_seed0,me,0,legs14_paralysed,top_k,4,20,321,1061.171875,689,1074.512451171875,42.07578315781124,12.09681968159832,
me_seed0,me,0,ankle1_paralysed,ite,0,1,285,1183.9990234375,285,1181.89599609375,98.53835942415463,94.24723175693924,1
me_seed0,me,0,ankle1_paralysed,ite,0,2,911,1178.251220703125,285,1181.89599609375,98.53835942415463,94.24723175693924,1
me_seed0,me,0,ankle1_paralysed,ite,0,3,285,1186.834716796875,285,1181.89599609375,98.53835942415463,94.24723175693924,1
me_seed0,me,0,ankle1_paralysed,ite,0,4,285,1171.96435546875,285,1181.89599609375,98.53835942415463,94.24723175693924,1
me_seed0,me,0,ankle1_paralysed,ite,0,5,285,1181.875732421875,285,1181.89599609375,98.53835942415463,94.24723175693924,1
me_seed0,me,0,ankle1_paralysed,ite,0,6,285,1174.5191650390625,285,1181.89599609375,98.53835942415463,94.24723175693924,1
me_seed0,me,0,ankle1_paralysed,ite,0,7,911,1173.2265625,285,1181.89599609375,98.53835942415463,94.24723175693924,1
me_seed0,me,0,ankle1_paralysed,ite,0,8,285,1179.66455078125,285,1181.89599609375,98.53835942415463,94.24723175693924,1
me_seed0,me,0,ankle1_paralysed,ite,0,9,285,1175.683349609375,285,1181.89599609375,98.53835942415463,94.24723175693924,1
me_seed0,me,0,ankle1_paralysed,ite,0,10,285,1176.83447265625,285,1181.89599609375,98.53835942415463,94.24723175693924,1
me_seed0,me,0,ankle1_paralysed,ite,0,11,285,1190.546142578125,285,1181.89599609375,98.53835942415463,94.24723175693924,1
me_seed0,me,0,ankle1_paralysed,ite,0,12,285,1162.1357421875,285,1181.89599609375,98.53835942415463,94.24723175693924,1
me_seed0,me,0,ankle1_paralysed,ite,0,13,285,1184.4697265625,285,1181.89599609375,98.53835942415463,94.24723175693924,1
me_seed0,me,0,ankle1_paralysed,ite,0,14,285,1185.4871826171875,285,1181.89599609375,98.53835942415463,94.24723175693924,1
me_seed0,me,0,ankle1_paralysed,ite,0,15,285,1155.9481201171875,285,1181.89599609375,98.53835942415463,94.24723175693924,1
me_seed0,me,0,ankle1_paralysed,ite,0,16,285,1178.7694091796875,285,1181.89599609375,98.53835942415463,94.24723175693924,1
me_seed0,me,0,ankle1_paralysed,ite,0,17,285,1190.74462890625,285,1181.89599609375,98.53835942415463,94.24723175693924,1
me_seed0,me,0,ankle1_paralysed,ite,0,18,285,1171.35400390625,285,1181.89599609375,98.53835942415463,94.24723175693924,1
me_seed0,me,0,ankle1_paralysed,ite,0,19,285,1191.079833984375,285,1181.89599609375,98.53835942415463,94.24723175693924,1
me_seed0,me,0,ankle1_paralysed,ite,0,20,285,1184.7125244140625,285,1181.89599609375,98.53835942415463,94.24723175693924,1
me_seed0,me,0,ankle1_paralysed,ite,1,1,285,1181.370361328125,285,1181.89599609375,98.53835942415463,94.24723175693924,1
me_seed0,me,0,ankle1_paralysed,ite,1,2,911,1169.3857421875,285,1181.89599609375,98.53835942415463,94.24723175693924,1
me_seed0,me,0,ankle1_paralysed,ite,1,3,285,1193.404296875,285,1181.89599609375,98.53835942415463,94.24723175693924,1
me_seed0,me,0,ankle1_paralysed,ite,1,4,285,1183.09716796875,285,1181.89599609375,98.53835942415463,94.24723175693924,1
me_seed0,me,0,ankle1_paralysed,ite,1,5,285,1186.6302490234375,285,1181.89599609375,98.53835942415463,94.24723175693924,1
me_seed0,me,0,ankle1_paralysed,ite,1,6,285,1165.707275390625,285,1181.89599609375,98.53835942415463,94.24723175693924,1
me_seed0,me,0,ankle1_paralysed,ite,1,7,285,1187.6859130859375,285,1181.89599609375,98.53835942415463,94.24723175693924,1
me_seed0,me,0,ankle1_paralysed,ite,1,8,285,1177.972412109375,285,1181.89599609375,98.53835942415463,94.24723175693924,1
me_seed0,me,0,ankle1_paralysed,ite,1,9,285,1172.889892578125,285,1181.89599609375,98.53835942415463,94.24723175693924,1
me_seed0,me,0,ankle1_paralysed,ite,1,10,285,1177.95458984375,285,1181.89599609375,98.53835942415463,94.24723175693924,1
me_seed0,me,0,ankle1_paralysed,ite,1,11,285,1182.57763671875,285,1181.89599609375,98.53835942415463,94.24723175693924,1
me_seed0,me,0,ankle1_paralysed,ite,1,12,285,1179.86328125,285,1181.89599609375,98.53835942415463,94.24723175693924,1
me_seed0,me,0,ankle1_paralysed,ite,1,13,285,1188.614013671875,285,1181.89599609375,98.53835942415463,94.24723175693924,1
me_seed0,me,0,ankle1_paralysed,ite,1,14,285,1165.5543212890625,285,1181.89599609375,98.53835942415463,94.24723175693924,1
me_seed0,me,0,ankle1_paralysed,ite,1,15,285,1138.339111328125,285,1181.89599609375,98.53835942415463,94.24723175693924,1
me_seed0,me,0,ankle1_paralysed,ite,1,16,285,1177.875732421875,285,1181.89599609375,98.53835942415463,94.24723175693924,1
me_seed0,me,0,ankle1_paralysed,ite,1,17,285,1189.349365234375,285,1181.89599609375,98.53835942415463,94.24723175693924,1
me_seed0,me,0,ankle1_paralysed,ite,1,18,285,1178.915283203125,285,1181.89599609375,98.53835942415463,94.24723175693924,1
me_seed0,me,0,ankle1_paralysed,ite,1,19,285,1176.4964599609375,285,1181.89599609375,98.53835942415463,94.24723175693924,1
me_seed0,me,0,ankle1_paralysed,ite,1,20,285,1185.800048828125,285,1181.89599609375,98.53835942415463,94.24723175693924,1
me_seed0,me,0,ankle1_paralysed,ite,2,1,285,1187.583740234375,285,1181.89599609375,98.53835942415463,94.24723175693924,1
me_seed0,me,0,ankle1_paralysed,ite,2,2,911,1167.54150390625,285,1181.89599609375,98.53835942415463,94.24723175693924,1
me_seed0,me,0,ankle1_paralysed,ite,2,3,285,1180.546630859375,285,1181.89599609375,98.53835942415463,94.24723175693924,1
me_seed0,me,0,ankle1_paralysed,ite,2,4,285,1167.0655517578125,285,1181.89599609375,98.53835942415463,94.24723175693924,1
me_seed0,me,0,ankle1_paralysed,ite,2,5,285,1192.848876953125,285,1181.89599609375,98.53835942415463,94.24723175693924,1
me_seed0,me,0,ankle1_paralysed,ite,2,6,285,1183.931396484375,285,1181.89599609375,98.53835942415463,94.24723175693924,1
me_seed0,me,0,ankle1_paralysed,ite,2,7,285,1179.187744140625,285,1181.89599609375,98.53835942415463,94.24723175693924,1
me_seed0,me,0,ankle1_paralysed,ite,2,8,285,1179.26123046875,285,1181.89599609375,98.53835942415463,94.24723175693924,1
me_seed0,me,0,ankle1_paralysed,ite,2,9,285,1186.767822265625,285,1181.89599609375,98.53835942415463,94.24723175693924,1
me_seed0,me,0,ankle1_paralysed,ite,2,10,285,1182.980224609375,285,1181.89599609375,98.53835942415463,94.24723175693924,1
me_seed0,me,0,ankle1_paralysed,ite,2,11,285,1187.692626953125,285,1181.89599609375,98.53835942415463,94.24723175693924,1
me_seed0,me,0,ankle1_paralysed,ite,2,12,285,1163.7353515625,285,1181.89599609375,98.53835942415463,94.24723175693924,1
me_seed0,me,0,ankle1_paralysed,ite,2,13,285,1187.705078125,285,1181.89599609375,98.53835942415463,94.24723175693924,1
me_seed0,me,0,ankle1_paralysed,ite,2,14,285,1178.310302734375,285,1181.89599609375,98.53835942415463,94.24723175693924,1
me_seed0,me,0,ankle1_paralysed,ite,2,15,285,1171.291015625,285,1181.89599609375,98.53835942415463,94.24723175693924,1
me_seed0,me,0,ankle1_paralysed,ite,2,16,285,1191.8106689453125,285,1181.89599609375,98.53835942415463,94.24723175693924,1
me_seed0,me,0,ankle1_paralysed,ite,2,17,285,1175.064208984375,285,1181.89599609375,98.53835942415463,94.24723175693924,1
me_seed0,me,0,ankle1_paralysed,ite,2,18,285,1187.6519775390625,285,1181.89599609375,98.53835942415463,94.24723175693924,1
me_seed0,me,0,ankle1_paralysed,ite,2,19,285,1171.3045654296875,285,1181.89599609375,98.53835942415463,94.24723175693924,1
me_seed0,me,0,ankle1_paralysed,ite,2,20,285,1179.52880859375,285,1181.89599609375,98.53835942415463,94.24723175693924,1
me_seed0,me,0,ankle1_paralysed,ite,3,1,285,1137.657958984375,285,1181.89599609375,98.53835942415463,94.24723175693924,2
me_seed0,me,0,ankle1_paralysed,ite,3,2,911,1163.543701171875,911,1180.837646484375,97.69183812872514,93.4375745921177,2
me_seed0,me,0,ankle1_paralysed,ite,3,3,911,1172.9075927734375,911,1180.837646484375,97.69183812872514,93.4375745921177,2
me_seed0,me,0,ankle1_paralysed,ite,3,4,911,1160.594482421875,911,1180.837646484375,97.69183812872514,93.4375745921177,2
me_seed0,me,0,ankle1_paralysed,ite,3,5,911,1177.497802734375,911,1180.837646484375,97.69183812872514,93.4375745921177,2
me_seed0,me,0,ankle1_paralysed,ite,3,6,911,1167.158935546875,911,1180.837646484375,97.69183812872514,93.4375745921177,2
me_seed0,me,0,ankle1_paralysed,ite,3,7,911,1172.776123046875,911,1180.837646484375,97.69183812872514,93.4375745921177,2
me_seed0,me,0,ankle1_paralysed,ite,3,8,911,1141.93212890625,911,1180.837646484375,97.69183812872514,93.4375745921177,2
me_seed0,me,0,ankle1_paralysed,ite,3,9,911,1175.031494140625,911,1180.837646484375,97.69183812872514,93.4375745921177,2
me_seed0,me,0,ankle1_paralysed,ite,3,10,911,1188.3072509765625,911,1180.837646484375,97.69183812872514,93.4375745921177,2
me_seed0,me,0,ankle1_paralysed,ite,3,11,911,1167.76806640625,911,1180.837646484375,97.69183812872514,93.4375745921177,2
me_seed0,me,0,ankle1_paralysed,ite,3,12,911,1183.25927734375,911,1180.837646484375,97.69183812872514,93.4375745921177,2
me_seed0,me,0,ankle1_paralysed,ite,3,13,911,1178.891845703125,911,1180.837646484375,97.69183812872514,93.4375745921177,2
me_seed0,me,0,ankle1_paralysed,ite,3,14,911,1174.213623046875,911,1180.837646484375,97.69183812872514,93.4375745921177,2
me_seed0,me,0,ankle1_paralysed,ite,3,15,911,1187.569091796875,911,1180.837646484375,97.69183812872514,93.4375745921177,2
me_seed0,me,0,ankle1_paralysed,ite,3,16,911,1181.893310546875,911,1180.837646484375,97.69183812872514,93.4375745921177,2
me_seed0,me,0,ankle1_paralysed,ite,3,17,911,1187.451171875,911,1180.837646484375,97.69183812872514,93.4375745921177,2
me_seed0,me,0,ankle1_paralysed,ite,3,18,911,1121.16845703125,911,1180.837646484375,97.69183812872514,93.4375745921177,2
me_seed0,me,0,ankle1_paralysed,ite,3,19,911,1185.7138671875,911,1180.837646484375,97.69183812872514,93.4375745921177,2
me_seed0,me,0,ankle1_paralysed,ite,3,20,911,1188.396240234375,911,1180.837646484375,97.69183812872514,93.4375745921177,2
me_seed0,me,0,ankle1_paralysed,ite,4,1,285,1166.703857421875,285,1181.89599609375,98.53835942415463,94.24723175693924,1
me_seed0,me,0,ankle1_paralysed,ite,4,2,911,1168.573974609375,911,1180.837646484375,97.69183812872514,93.4375745921177,1
me_seed0,me,0,ankle1_paralysed,ite,4,3,911,1183.565185546875,911,1180.837646484375,97.69183812872514,93.4375745921177,1
me_seed0,me,0,ankle1_paralysed,ite,4,4,911,1169.4913330078125,911,1180.837646484375,97.69183812872514,93.4375745921177,1
me_seed0,me,0,ankle1_paralysed,ite,4,5,911,1177.483642578125,911,1180.837646484375,97.69183812872514,93.4375745921177,1
me_seed0,me,0,ankle1_paralysed,ite,4,6,911,1173.5694580078125,911,1180.837646484375,97.69183812872514,93.4375745921177,1
me_seed0,me,0,ankle1_paralysed,ite,4,7,911,1194.84130859375,911,1180.837646484375,97.69183812872514,93.4375745921177,1
me_seed0,me,0,ankle1_paralysed,ite,4,8,911,1190.291748046875,911,1180.837646484375,97.69183812872514,93.4375745921177,1
me_seed0,me,0,ankle1_paralysed,ite,4,9,911,1185.5364990234375,911,1180.837646484375,97.69183812872514,93.4375745921177,1
me_seed0,me,0,ankle1_paralysed,ite,4,10,911,1184.0830078125,911,1180.837646484375,97.69183812872514,93.4375745921177,1
me_seed0,me,0,ankle1_paralysed,ite,4,11,911,1179.9830322265625,911,1180.837646484375,97.69183812872514,93.4375745921177,1
me_seed0,me,0,ankle1_paralysed,ite,4,12,911,1180.1334228515625,911,1180.837646484375,97.69183812872514,93.4375745921177,1
me_seed0,me,0,ankle1_paralysed,ite,4,13,911,1177.568603515625,911,1180.837646484375,97.69183812872514,93.4375745921177,1
me_seed0,me,0,ankle1_paralysed,ite,4,14,911,1190.642822265625,911,1180.837646484375,97.69183812872514,93.4375745921177,1
me_seed0,me,0,ankle1_paralysed,ite,4,15,911,1162.0587158203125,911,1180.837646484375,97.69183812872514,93.4375745921177,1
me_seed0,me,0,ankle1_paralysed,ite,4,16,911,1184.393798828125,911,1180.837646484375,97.69183812872514,93.4375745921177,1
me_seed0,me,0,ankle1_paralysed,ite,4,17,911,1180.6712646484375,911,1180.837646484375,97.69183812872514,93.4375745921177,1
me_seed0,me,0,ankle1_paralysed,ite,4,18,911,1184.119384765625,911,1180.837646484375,97.69183812872514,93.4375745921177,1
me_seed0,me,0,ankle1_paralysed,ite,4,19,911,1187.6807861328125,911,1180.837646484375,97.69183812872514,93.4375745921177,1
me_seed0,me,0,ankle1_paralysed,ite,4,20,911,1169.1129150390625,911,1180.837646484375,97.69183812872514,93.4375745921177,1
me_seed0,me,0,ankle1_paralysed,top_k,0,1,285,1138.914794921875,285,1181.89599609375,98.53835942415463,94.24723175693924,
me_seed0,me,0,ankle1_paralysed,top_k,0,2,911,1167.3480224609375,911,1180.837646484375,97.69183812872514,93.4375745921177,
me_seed0,me,0,ankle1_paralysed,top_k,0,3,166,1145.0849609375,911,1180.837646484375,97.69183812872514,93.4375745921177,
me_seed0,me,0,ankle1_paralysed,top_k,0,4,228,1171.3438720703125,228,1183.723388671875,100.00000000000001,95.64522111765187,
me_seed0,me,0,ankle1_paralysed,top_k,0,5,458,1195.230224609375,458,1154.525390625,76.64597132021001,73.30820874698689,
me_seed0,me,0,ankle1_paralysed,top_k,0,6,515,1180.577392578125,458,1154.525390625,76.64597132021001,73.30820874698689,
me_seed0,me,0,ankle1_paralysed,top_k,0,7,761,1180.13916015625,458,1154.525390625,76.64597132021001,73.30820874698689,
me_seed0,me,0,ankle1_paralysed,top_k,0,8,12,1170.9976806640625,458,1154.525390625,76.64597132021001,73.30820874698689,
me_seed0,me,0,ankle1_paralysed,top_k,0,9,411,1181.7049560546875,458,1154.525390625,76.64597132021001,73.30820874698689,
me_seed0,me,0,ankle1_paralysed,top_k,0,10,612,1175.5584716796875,458,1154.525390625,76.64597132021001,73.30820874698689,
me_seed0,me,0,ankle1_paralysed,top_k,0,11,173,1070.71044921875,458,1154.525390625,76.64597132021001,73.30820874698689,
me_seed0,me,0,ankle1_paralysed,top_k,0,12,697,1181.1463623046875,458,1154.525390625,76.64597132021001,73.30820874698689,
me_seed0,me,0,ankle1_paralysed,top_k,0,13,689,1173.7742919921875,458,1154.525390625,76.64597132021001,73.30820874698689,
me_seed0,me,0,ankle1_paralysed,top_k,0,14,198,1183.60546875,458,1154.525390625,76.64597132021001,73.30820874698689,
me_seed0,me,0,ankle1_paralysed,top_k,0,15,960,1169.716552734375,458,1154.525390625,76.64597132021001,73.30820874698689,
me_seed0,me,0,ankle1_paralysed,top_k,0,16,864,1168.2733154296875,458,1154.525390625,76.64597132021001,73.30820874698689,
me_seed0,me,0,ankle1_paralysed,top_k,0,17,682,1163.544677734375,458,1154.525390625,76.64597132021001,73.30820874698689,
me_seed0,me,0,ankle1_paralysed,top_k,0,18,691,1162.1409912109375,458,1154.525390625,76.64597132021001,73.30820874698689,
me_seed0,me,0,ankle1_paralysed,top_k,0,19,957,1170.2783203125,458,1154.525390625,76.64597132021001,73.30820874698689,
me_seed0,me,0,ankle1_paralysed,top_k,0,20,321,1163.25146484375,458,1154.525390625,76.64597132021001,73.30820874698689,
me_seed0,me,0,ankle1_paralysed,top_k,1,1,285,1188.188720703125,285,1181.89599609375,98.53835942415463,94.24723175693924,
me_seed0,me,0,ankle1_paralysed,top_k,1,2,911,1196.9580078125,911,1180.837646484375,97.69183812872514,93.4375745921177,
me_seed0,me,0,ankle1_paralysed,top_k,1,3,166,1181.2874755859375,911,1180.837646484375,97.69183812872514,93.4375745921177,
me_seed0,me,0,ankle1_paralysed,top_k,1,4,228,1171.1778564453125,911,1180.837646484375,97.69183812872514,93.4375745921177,
me_seed0,me,0,ankle1_paralysed,top_k,1,5,458,1172.021240234375,911,1180.837646484375,97.69183812872514,93.4375745921177,
me_seed0,me,0,ankle1_paralysed,top_k,1,6,515,1185.3505859375,911,1180.837646484375,97.69183812872514,93.4375745921177,
me_seed0,me,0,ankle1_paralysed,top_k,1,7,761,1175.6402587890625,911,1180.837646484375,97.69183812872514,93.4375745921177,
me_seed0,me,0,ankle1_paralysed,top_k,1,8,12,1174.336181640625,911,1180.837646484375,97.69183812872514,93.4375745921177,
me_seed0,me,0,ankle1_paralysed,top_k,1,9,411,1157.832275390625,911,1180.837646484375,97.69183812872514,93.4375745921177,
me_seed0,me,0,ankle1_paralysed,top_k,1,10,612,1174.71337890625,911,1180.837646484375,97.69183812872514,93.4375745921177,
me_seed0,me,0,ankle1_paralysed,top_k,1,11,173,1161.8072509765625,911,1180.837646484375,97.69183812872514,93.4375745921177,
me_seed0,me,0,ankle1_paralysed,top_k,1,12,697,1155.9404296875,911,1180.837646484375,97.69183812872514,93.4375745921177,
me_seed0,me,0,ankle1_paralysed,top_k,1,13,689,1182.0186767578125,911,1180.837646484375,97.69183812872514,93.4375745921177,
me_seed0,me,0,ankle1_paralysed,top_k,1,14,198,1127.4461669921875,911,1180.837646484375,97.69183812872514,93.4375745921177,
me_seed0,me,0,ankle1_paralysed,top_k,1,15,960,1183.4970703125,911,1180.837646484375,97.69183812872514,93.4375745921177,
me_seed0,me,0,ankle1_paralysed,top_k,1,16,864,1171.798095703125,911,1180.837646484375,97.69183812872514,93.4375745921177,
me_seed0,me,0,ankle1_paralysed,top_k,1,17,682,1141.592041015625,911,1180.837646484375,97.69183812872514,93.4375745921177,
me_seed0,me,0,ankle1_paralysed,top_k,1,18,691,1180.8603515625,911,1180.837646484375,97.69183812872514,93.4375745921177,
me_seed0,me,0,ankle1_paralysed,top_k,1,19,957,1160.331298828125,911,1180.837646484375,97.69183812872514,93.4375745921177,
me_seed0,me,0,ankle1_paralysed,top_k,1,20,321,1138.997314453125,911,1180.837646484375,97.69183812872514,93.4375745921177,
me_seed0,me,0,ankle1_paralysed,top_k,2,1,285,1163.745849609375,285,1181.89599609375,98.53835942415463,94.24723175693924,
me_seed0,me,0,ankle1_paralysed,top_k,2,2,911,1174.17724609375,911,1180.837646484375,97.69183812872514,93.4375745921177,
me_seed0,me,0,ankle1_paralysed,top_k,2,3,166,1181.896728515625,166,1178.38525390625,95.73029109006558,91.561448589665,
me_seed0,me,0,ankle1_paralysed,top_k,2,4,228,1185.317138671875,228,1183.723388671875,100.00000000000001,95.64522111765187,
me_seed0,me,0,ankle1_paralysed,top_k,2,5,458,1171.4375,228,1183.723388671875,100.00000000000001,95.64522111765187,
me_seed0,me,0,ankle1_paralysed,top_k,2,6,515,1185.7208251953125,515,1162.015625,82.63703783549875,79.03837756284041,
me_seed0,me,0,ankle1_paralysed,top_k,2,7,761,1180.0941162109375,515,1162.015625,82.63703783549875,79.03837756284041,
me_seed0,me,0,ankle1_paralysed,top_k,2,8,12,1175.814697265625,515,1162.015625,82.63703783549875,79.03837756284041,
me_seed0,me,0,ankle1_paralysed,top_k,2,9,411,1160.675048828125,515,1162.015625,82.63703783549875,79.03837756284041,
me_seed0,me,0,ankle1_paralysed,top_k,2,10,612,1181.103271484375,515,1162.015625,82.63703783549875,79.03837756284041,
me_seed0,me,0,ankle1_paralysed,top_k,2,11,173,1173.040771484375,515,1162.015625,82.63703783549875,79.03837756284041,
me_seed0,me,0,ankle1_paralysed,top_k,2,12,697,1154.3193359375,515,1162.015625,82.63703783549875,79.03837756284041,
me_seed0,me,0,ankle1_paralysed,top_k,2,13,689,1161.8603515625,515,1162.015625,82.63703783549875,79.03837756284041,
me_seed0,me,0,ankle1_paralysed,top_k,2,14,198,1146.8660888671875,515,1162.015625,82.63703783549875,79.03837756284041,
me_seed0,me,0,ankle1_paralysed,top_k,2,15,960,1179.479248046875,515,1162.015625,82.63703783549875,79.03837756284041,
me_seed0,me,0,ankle1_paralysed,top_k,2,16,864,1177.012451171875,515,1162.015625,82.63703783549875,79.03837756284041,
me_seed0,me,0,ankle1_paralysed,top_k,2,17,682,1152.26513671875,515,1162.015625,82.63703783549875,79.03837756284041,
me_seed0,me,0,ankle1_paralysed,top_k,2,18,691,1178.1337890625,515,1162.015625,82.63703783549875,79.03837756284041,
me_seed0,me,0,ankle1_paralysed,top_k,2,19,957,1164.89599609375,515,1162.015625,82.63703783549875,79.03837756284041,
me_seed0,me,0,ankle1_paralysed,top_k,2,20,321,1151.197265625,515,1162.015625,82.63703783549875,79.03837756284041,
me_seed0,me,0,ankle1_paralysed,top_k,3,1,285,1197.8916015625,285,1181.89599609375,98.53835942415463,94.24723175693924,
me_seed0,me,0,ankle1_paralysed,top_k,3,2,911,1175.3380126953125,285,1181.89599609375,98.53835942415463,94.24723175693924,
me_seed0,me,0,ankle1_paralysed,top_k,3,3,166,1142.7197265625,285,1181.89599609375,98.53835942415463,94.24723175693924,
me_seed0,me,0,ankle1_paralysed,top_k,3,4,228,1124.1693115234375,285,1181.89599609375,98.53835942415463,94.24723175693924,
me_seed0,me,0,ankle1_paralysed,top_k,3,5,458,1167.2747802734375,285,1181.89599609375,98.53835942415463,94.24723175693924,
me_seed0,me,0,ankle1_paralysed,top_k,3,6,515,1186.645751953125,285,1181.89599609375,98.53835942415463,94.24723175693924,
me_seed0,me,0,ankle1_paralysed,top_k,3,7,761,1175.19384765625,285,1181.89599609375,98.53835942415463,94.24723175693924,
me_seed0,me,0,ankle1_paralysed,top_k,3,8,12,1171.9344482421875,285,1181.89599609375,98.53835942415463,94.24723175693924,
me_seed0,me,0,ankle1_paralysed,top_k,3,9,411,1176.147705078125,285,1181.89599609375,98.53835942415463,94.24723175693924,
me_seed0,me,0,ankle1_paralysed,top_k,3,10,612,1175.723388671875,285,1181.89599609375,98.53835942415463,94.24723175693924,
me_seed0,me,0,ankle1_paralysed,top_k,3,11,173,1183.2093505859375,285,1181.89599609375,98.53835942415463,94.24723175693924,
me_seed0,me,0,ankle1_paralysed,top_k,3,12,697,1179.938232421875,285,1181.89599609375,98.53835942415463,94.24723175693924,
me_seed0,me,0,ankle1_paralysed,top_k,3,13,689,1184.510009765625,285,1181.89599609375,98.53835942415463,94.24723175693924,
me_seed0,me,0,ankle1_paralysed,top_k,3,14,198,1159.290283203125,285,1181.89599609375,98.53835942415463,94.24723175693924,
me_seed0,me,0,ankle1_paralysed,top_k,3,15,960,1156.767578125,285,1181.89599609375,98.53835942415463,94.24723175693924,
me_seed0,me,0,ankle1_paralysed,top_k,3,16,864,1182.0443115234375,285,1181.89599609375,98.53835942415463,94.24723175693924,
me_seed0,me,0,ankle1_paralysed,top_k,3,17,682,1163.335205078125,285,1181.89599609375,98.53835942415463,94.24723175693924,
me_seed0,me,0,ankle1_paralysed,top_k,3,18,691,1181.52392578125,285,1181.89599609375,98.53835942415463,94.24723175693924,
me_seed0,me,0,ankle1_paralysed,top_k,3,19,957,1173.4708251953125,285,1181.89599609375,98.53835942415463,94.24723175693924,
me_seed0,me,0,ankle1_paralysed,top_k,3,20,321,1155.7803955078125,285,1181.89599609375,98.53835942415463,94.24723175693924,
me_seed0,me,0,ankle1_paralysed,top_k,4,1,285,1189.3836669921875,285,1181.89599609375,98.53835942415463,94.24723175693924,
me_seed0,me,0,ankle1_paralysed,top_k,4,2,911,1189.981201171875,911,1180.837646484375,97.69183812872514,93.4375745921177,
me_seed0,me,0,ankle1_paralysed,top_k,4,3,166,1141.22705078125,911,1180.837646484375,97.69183812872514,93.4375745921177,
me_seed0,me,0,ankle1_paralysed,top_k,4,4,228,1191.017578125,228,1183.723388671875,100.00000000000001,95.64522111765187,
me_seed0,me,0,ankle1_paralysed,top_k,4,5,458,1160.420166015625,228,1183.723388671875,100.00000000000001,95.64522111765187,
me_seed0,me,0,ankle1_paralysed,top_k,4,6,515,1156.27880859375,228,1183.723388671875,100.00000000000001,95.64522111765187,
me_seed0,me,0,ankle1_paralysed,top_k,4,7,761,1179.106689453125,228,1183.723388671875,100.00000000000001,95.64522111765187,
me_seed0,me,0,ankle1_paralysed,top_k,4,8,12,1183.41015625,228,1183.723388671875,100.00000000000001,95.64522111765187,
me_seed0,me,0,ankle1_paralysed,top_k,4,9,411,1164.2774658203125,228,1183.723388671875,100.00000000000001,95.64522111765187,
me_seed0,me,0,ankle1_paralysed,top_k,4,10,612,1172.33935546875,228,1183.723388671875,100.00000000000001,95.64522111765187,
me_seed0,me,0,ankle1_paralysed,top_k,4,11,173,1181.1170654296875,228,1183.723388671875,100.00000000000001,95.64522111765187,
me_seed0,me,0,ankle1_paralysed,top_k,4,12,697,1168.894287109375,228,1183.723388671875,100.00000000000001,95.64522111765187,
me_seed0,me,0,ankle1_paralysed,top_k,4,13,689,1191.600341796875,689,1178.696044921875,95.97887738973841,91.79920950565528,
me_seed0,me,0,ankle1_paralysed,top_k,4,14,198,1156.61669921875,689,1178.696044921875,95.97887738973841,91.79920950565528,
me_seed0,me,0,ankle1_paralysed,top_k,4,15,960,1174.391845703125,689,1178.696044921875,95.97887738973841,91.79920950565528,
me_seed0,me,0,ankle1_paralysed,top_k,4,16,864,1149.22802734375,689,1178.696044921875,95.97887738973841,91.79920950565528,
me_seed0,me,0,ankle1_paralysed,top_k,4,17,682,1180.00830078125,689,1178.696044921875,95.97887738973841,91.79920950565528,
me_seed0,me,0,ankle1_paralysed,top_k,4,18,691,1188.9029541015625,689,1178.696044921875,95.97887738973841,91.79920950565528,
me_seed0,me,0,ankle1_paralysed,top_k,4,19,957,1183.2286376953125,689,1178.696044921875,95.97887738973841,91.79920950565528,
me_seed0,me,0,ankle1_paralysed,top_k,4,20,321,1160.84326171875,689,1178.696044921875,95.97887738973841,91.79920950565528,
me_seed0,me,0,ankle3_paralysed,ite,0,1,285,1077.374267578125,285,1070.796875,11.364812907253732,9.254334700878806,3
me_seed0,me,0,ankle3_paralysed,ite,0,2,586,1105.674560546875,586,1079.33642578125,19.387578864651744,15.78725011290372,3
me_seed0,me,0,ankle3_paralysed,ite,0,3,611,1133.2877197265625,611,1128.802001953125,65.85966513014343,53.62933726899555,3
me_seed0,me,0,ankle3_paralysed,ite,0,4,611,1119.960205078125,611,1128.802001953125,65.85966513014343,53.62933726899555,3
me_seed0,me,0,ankle3_paralysed,ite,0,5,611,1108.881591796875,611,1128.802001953125,65.85966513014343,53.62933726899555,3
me_seed0,me,0,ankle3_paralysed,ite,0,6,173,1071.406982421875,611,1128.802001953125,65.85966513014343,53.62933726899555,3
me_seed0,me,0,ankle3_paralysed,ite,0,7,611,1138.068603515625,611,1128.802001953125,65.85966513014343,53.62933726899555,3
me_seed0,me,0,ankle3_paralysed,ite,0,8,611,1132.982421875,611,1128.802001953125,65.85966513014343,53.62933726899555,3
me_seed0,me,0,ankle3_paralysed,ite,0,9,611,1154.947265625,611,1128.802001953125,65.85966513014343,53.62933726899555,3
me_seed0,me,0,ankle3_paralysed,ite,0,10,611,1150.77197265625,611,1128.802001953125,65.85966513014343,53.62933726899555,3
me_seed0,me,0,ankle3_paralysed,ite,0,11,611,1147.788330078125,611,1128.802001953125,65.85966513014343,53.62933726899555,3
me_seed0,me,0,ankle3_paralysed,ite,0,12,611,1121.9765625,611,1128.802001953125,65.85966513014343,53.62933726899555,3
me_seed0,me,0,ankle3_paralysed,ite,0,13,611,1133.242919921875,611,1128.802001953125,65.85966513014343,53.62933726899555,3
me_seed0,me,0,ankle3_paralysed,ite,0,14,611,1169.303466796875,611,1128.802001953125,65.85966513014343,53.62933726899555,3
me_seed0,me,0,ankle3_paralysed,ite,0,15,611,1152.0531005859375,611,1128.802001953125,65.85966513014343,53.62933726899555,3
me_seed0,me,0,ankle3_paralysed,ite,0,16,611,1128.610107421875,611,1128.802001953125,65.85966513014343,53.62933726899555,3
me_seed0,me,0,ankle3_paralysed,ite,0,17,611,1171.627685546875,611,1128.802001953125,65.85966513014343,53.62933726899555,3
me_seed0,me,0,ankle3_paralysed,ite,0,18,611,1152.6142578125,611,1128.802001953125,65.85966513014343,53.62933726899555,3
me_seed0,me,0,ankle3_paralysed,ite,0,19,611,1101.90673828125,611,1128.802001953125,65.85966513014343,53.62933726899555,3
me_seed0,me,0,ankle3_paralysed,ite,0,20,611,1080.70361328125,611,1128.802001953125,65.85966513014343,53.62933726899555,3
me_seed0,me,0,ankle3_paralysed,ite,1,1,285,1061.080078125,285,1070.796875,11.364812907253732,9.254334700878806,3
me_seed0,me,0,ankle3_paralysed,ite,1,2,586,1095.5045166015625,586,1079.33642578125,19.387578864651744,15.78725011290372,3
me_seed0,me,0,ankle3_paralysed,ite,1,3,611,1143.6129150390625,611,1128.802001953125,65.85966513014343,53.62933726899555,3
me_seed0,me,0,ankle3_paralysed,ite,1,4,611,1096.7353515625,611,1128.802001953125,65.85966513014343,53.62933726899555,3
me_seed0,me,0,ankle3_paralysed,ite,1,5,611,1140.0086669921875,611,1128.802001953125,65.85966513014343,53.62933726899555,3
me_seed0,me,0,ankle3_paralysed,ite,1,6,611,1090.7076416015625,611,1128.802001953125,65.85966513014343,53.62933726899555,3
me_seed0,me,0,ankle3_paralysed,ite,1,7,611,1109.20361328125,611,1128.802001953125,65.85966513014343,53.62933726899555,3
me_seed0,me,0,ankle3_paralysed,ite,1,8,277,1116.1494140625,611,1128.802001953125,65.85966513014343,53.62933726899555,3
me_seed0,me,0,ankle3_paralysed,ite,1,9,277,1104.081298828125,611,1128.802001953125,65.85966513014343,53.62933726899555,3
me_seed0,me,0,ankle3_paralysed,ite,1,10,173,1061.416748046875,611,1128.802001953125,65.85966513014343,53.62933726899555,3
me_seed0,me,0,ankle3_paralysed,ite,1,11,611,1148.84423828125,611,1128.802001953125,65.85966513014343,53.62933726899555,3
me_seed0,me,0,ankle3_paralysed,ite,1,12,611,1123.4052734375,611,1128.802001953125,65.85966513014343,53.62933726899555,3
me_seed0,me,0,ankle3_paralysed,ite,1,13,611,1120.2413330078125,611,1128.802001953125,65.85966513014343,53.62933726899555,3
me_seed0,me,0,ankle3_paralysed,ite,1,14,611,1133.10498046875,611,1128.802001953125,65.85966513014343,53.62933726899555,3
me_seed0,me,0,ankle3_paralysed,ite,1,15,611,1173.2822265625,611,1128.802001953125,65.85966513014343,53.62933726899555,3
me_seed0,me,0,ankle3_paralysed,ite,1,16,611,1151.2652587890625,611,1128.802001953125,65.85966513014343,53.62933726899555,3
me_seed0,me,0,ankle3_paralysed,ite,1,17,611,1160.9306640625,611,1128.802001953125,65.85966513014343,53.62933726899555,3
me_seed0,me,0,ankle3_paralysed,ite,1,18,611,1124.42138671875,611,1128.802001953125,65.85966513014343,53.62933726899555,3
me_seed0,me,0,ankle3_paralysed,ite,1,19,611,1120.5594482421875,611,1128.802001953125,65.85966513014343,53.62933726899555,3
me_seed0,me,0,ankle3_paralysed,ite,1,20,611,1146.142822265625,611,1128.802001953125,65.85966513014343,53.62933726899555,3
me_seed0,me,0,ankle3_paralysed,ite,2,1,285,1060.6461181640625,285,1070.796875,11.364812907253732,9.254334700878806,4
me_seed0,me,0,ankle3_paralysed,ite,2,2,586,1053.0574951171875,285,1070.796875,11.364812907253732,9.254334700878806,4
me_seed0,me,0,ankle3_paralysed,ite,2,3,173,1063.701904296875,173,1074.71484375,15.045679397170916,12.251653773786801,4
me_seed0,me,0,ankle3_paralysed,ite,2,4,611,1159.29248046875,611,1128.802001953125,65.85966513014343,53.62933726899555,4
me_seed0,me,0,ankle3_paralysed,ite,2,5,611,1135.640869140625,611,1128.802001953125,65.85966513014343,53.62933726899555,4
me_seed0,me,0,ankle3_paralysed,ite,2,6,611,1114.4600830078125,611,1128.802001953125,65.85966513014343,53.62933726899555,4
me_seed0,me,0,ankle3_paralysed,ite,2,7,611,1152.011962890625,611,1128.802001953125,65.85966513014343,53.62933726899555,4
me_seed0,me,0,ankle3_paralysed,ite,2,8,611,1134.7880859375,611,1128.802001953125,65.85966513014343,53.62933726899555,4
me_seed0,me,0,ankle3_paralysed,ite,2,9,611,1141.884033203125,611,1128.802001953125,65.85966513014343,53.62933726899555,4
me_seed0,me,0,ankle3_paralysed,ite,2,10,611,1133.98876953125,611,1128.802001953125,65.85966513014343,53.62933726899555,4
me_seed0,me,0,ankle3_paralysed,ite,2,11,611,1077.8875732421875,611,1128.802001953125,65.85966513014343,53.62933726899555,4
me_seed0,me,0,ankle3_paralysed,ite,2,12,611,1135.604736328125,611,1128.802001953125,65.85966513014343,53.62933726899555,4
me_seed0,me,0,ankle3_paralysed,ite,2,13,611,1129.8741455078125,611,1128.802001953125,65.85966513014343,53.62933726899555,4
me_seed0,me,0,ankle3_paralysed,ite,2,14,611,1060.89697265625,611,1128.802001953125,65.85966513014343,53.62933726899555,4
me_seed0,me,0,ankle3_paralysed,ite,2,15,611,1126.721923828125,611,1128.802001953125,65.85966513014343,53.62933726899555,4
me_seed0,me,0,ankle3_paralysed,ite,2,16,611,1128.83251953125,611,1128.802001953125,65.85966513014343,53.62933726899555,4
me_seed0,me,0,ankle3_paralysed,ite,2,17,611,1085.660400390625,611,1128.802001953125,65.85966513014343,53.62933726899555,4
me_seed0,me,0,ankle3_paralysed,ite,2,18,611,1133.162841796875,611,1128.802001953125,65.85966513014343,53.62933726899555,4
me_seed0,me,0,ankle3_paralysed,ite,2,19,611,1153.007080078125,611,1128.802001953125,65.85966513014343,53.62933726899555,4
me_seed0,me,0,ankle3_paralysed,ite,2,20,611,1072.771240234375,611,1128.802001953125,65.85966513014343,53.62933726899555,4
me_seed0,me,0,ankle3_paralysed,ite,3,1,285,1068.4727783203125,285,1070.796875,11.364812907253732,9.254334700878806,4
me_seed0,me,0,ankle3_paralysed,ite,3,2,586,1061.406982421875,285,1070.796875,11.364812907253732,9.254334700878806,4
me_seed0,me,0,ankle3_paralysed,ite,3,3,173,1063.133056640625,285,1070.796875,11.364812907253732,9.254334700878806,4
me_seed0,me,0,ankle3_paralysed,ite,3,4,611,1147.30908203125,611,1128.802001953125,65.85966513014343,53.62933726899555,4
me_seed0,me,0,ankle3_paralysed,ite,3,5,611,1166.70751953125,611,1128.802001953125,65.85966513014343,53.62933726899555,4
me_seed0,me,0,ankle3_paralysed,ite,3,6,611,1144.283935546875,611,1128.802001953125,65.85966513014343,53.62933726899555,4
me_seed0,me,0,ankle3_paralysed,ite,3,7,611,1120.713134765625,611,1128.802001953125,65.85966513014343,53.62933726899555,4
me_seed0,me,0,ankle3_paralysed,ite,3,8,611,1145.3548583984375,611,1128.802001953125,65.85966513014343,53.62933726899555,4
me_seed0,me,0,ankle3_paralysed,ite,3,9,611,1127.744384765625,611,1128.802001953125,65.85966513014343,53.62933726899555,4
me_seed0,me,0,ankle3_paralysed,ite,3,10,611,1102.921630859375,611,1128.802001953125,65.85966513014343,53.62933726899555,4
me_seed0,me,0,ankle3_paralysed,ite,3,11,611,1066.4671630859375,611,1128.802001953125,65.85966513014343,53.62933726899555,4
me_seed0,me,0,ankle3_paralysed,ite,3,12,611,1191.1275634765625,611,1128.802001953125,65.85966513014343,53.62933726899555,4
me_seed0,me,0,ankle3_paralysed,ite,3,13,611,1142.484130859375,611,1128.802001953125,65.85966513014343,53.62933726899555,4
me_seed0,me,0,ankle3_paralysed,ite,3,14,611,1114.39013671875,611,1128.802001953125,65.85966513014343,53.62933726899555,4
me_seed0,me,0,ankle3_paralysed,ite,3,15,611,1102.40234375,611,1128.802001953125,65.85966513014343,53.62933726899555,4
me_seed0,me,0,ankle3_paralysed,ite,3,16,611,1098.668701171875,611,1128.802001953125,65.85966513014343,53.62933726899555,4
me_seed0,me,0,ankle3_paralysed,ite,3,17,611,1085.0106201171875,611,1128.802001953125,65.85966513014343,53.62933726899555,4
me_seed0,me,0,ankle3_paralysed,ite,3,18,611,1132.22119140625,611,1128.802001953125,65.85966513014343,53.62933726899555,4
me_seed0,me,0,ankle3_paralysed,ite,3,19,611,1199.066650390625,611,1128.802001953125,65.85966513014343,53.62933726899555,4
me_seed0,me,0,ankle3_paralysed,ite,3,20,611,1066.07958984375,611,1128.802001953125,65.85966513014343,53.62933726899555,4
me_seed0,me,0,ankle3_paralysed,ite,4,1,285,1068.3095703125,285,1070.796875,11.364812907253732,9.254334700878806,3
me_seed0,me,0,ankle3_paralysed,ite,4,2,586,1116.4891357421875,586,1079.33642578125,19.387578864651744,15.78725011290372,3
me_seed0,me,0,ankle3_paralysed,ite,4,3,611,1133.57861328125,611,1128.802001953125,65.85966513014343,53.62933726899555,3
me_seed0,me,0,ankle3_paralysed,ite,4,4,611,1141.856689453125,611,1128.802001953125,65.85966513014343,53.62933726899555,3
me_seed0,me,0,ankle3_paralysed,ite,4,5,611,1100.814453125,611,1128.802001953125,65.85966513014343,53.62933726899555,3
me_seed0,me,0,ankle3_paralysed,ite,4,6,611,1156.47802734375,611,1128.802001953125,65.85966513014343,53.62933726899555,3
me_seed0,me,0,ankle3_paralysed,ite,4,7,611,1146.3074951171875,611,1128.802001953125,65.85966513014343,53.62933726899555,3
me_seed0,me,0,ankle3_paralysed,ite,4,8,611,1154.4073486328125,611,1128.802001953125,65.85966513014343,53.62933726899555,3
me_seed0,me,0,ankle3_paralysed,ite,4,9,611,1115.469970703125,611,1128.802001953125,65.85966513014343,53.62933726899555,3
me_seed0,me,0,ankle3_paralysed,ite,4,10,611,1089.8487548828125,611,1128.802001953125,65.85966513014343,53.62933726899555,3
me_seed0,me,0,ankle3_paralysed,ite,4,11,611,1136.578369140625,611,1128.802001953125,65.85966513014343,53.62933726899555,3
me_seed0,me,0,ankle3_paralysed,ite,4,12,611,1139.039306640625,611,1128.802001953125,65.85966513014343,53.62933726899555,3
me_seed0,me,0,ankle3_paralysed,ite,4,13,611,1087.14990234375,611,1128.802001953125,65.85966513014343,53.62933726899555,3
me_seed0,me,0,ankle3_paralysed,ite,4,14,611,1056.0172119140625,611,1128.802001953125,65.85966513014343,53.62933726899555,3
me_seed0,me,0,ankle3_paralysed,ite,4,15,277,1140.8447265625,611,1128.802001953125,65.85966513014343,53.62933726899555,3
me_seed0,me,0,ankle3_paralysed,ite,4,16,277,1142.782958984375,611,1128.802001953125,65.85966513014343,53.62933726899555,3
me_seed0,me,0,ankle3_paralysed,ite,4,17,277,1132.0885009765625,611,1128.802001953125,65.85966513014343,53.62933726899555,3
me_seed0,me,0,ankle3_paralysed,ite,4,18,277,1128.96728515625,611,1128.802001953125,65.85966513014343,53.62933726899555,3
me_seed0,me,0,ankle3_paralysed,ite,4,19,277,1124.1494140625,611,1128.802001953125,65.85966513014343,53.62933726899555,3
me_seed0,me,0,ankle3_paralysed,ite,4,20,277,1070.682861328125,611,1128.802001953125,65.85966513014343,53.62933726899555,3
me_seed0,me,0,ankle3_paralysed,top_k,0,1,285,1061.3837890625,285,1070.796875,11.364812907253732,9.254334700878806,
me_seed0,me,0,ankle3_paralysed,top_k,0,2,911,1062.3712158203125,911,1068.1876220703125,8.913463168283773,7.2582076076768995,
me_seed0,me,0,ankle3_paralysed,top_k,0,3,166,1063.4119873046875,166,1064.59765625,5.54074997654728,4.511816885619597,
me_seed0,me,0,ankle3_paralysed,top_k,0,4,228,1064.67578125,228,1065.833984375,6.702259691461327,5.457630930061651,
me_seed0,me,0,ankle3_paralysed,top_k,0,5,458,1073.0665283203125,458,1063.2230224609375,4.249304390089235,3.4601964319799863,
me_seed0,me,0,ankle3_paralysed,top_k,0,6,515,1064.62451171875,458,1063.2230224609375,4.249304390089235,3.4601964319799863,
me_seed0,me,0,ankle3_paralysed,top_k,0,7,761,1065.8482666015625,458,1063.2230224609375,4.249304390089235,3.4601964319799863,
me_seed0,me,0,ankle3_paralysed,top_k,0,8,12,1063.745849609375,458,1063.2230224609375,4.249304390089235,3.4601964319799863,
me_seed0,me,0,ankle3_paralysed,top_k,0,9,411,1075.400146484375,411,1087.0224609375,26.60848108521336,21.667210173552366,
me_seed0,me,0,ankle3_paralysed,top_k,0,10,612,1053.767578125,411,1087.0224609375,26.60848108521336,21.667210173552366,
me_seed0,me,0,ankle3_paralysed,top_k,0,11,173,1066.7579345703125,411,1087.0224609375,26.60848108521336,21.667210173552366,
me_seed0,me,0,ankle3_paralysed,top_k,0,12,697,1077.7607421875,697,1078.093017578125,18.21941753407172,14.836019676816955,
me_seed0,me,0,ankle3_paralysed,top_k,0,13,689,1072.842529296875,697,1078.093017578125,18.21941753407172,14.836019676816955,
me_seed0,me,0,ankle3_paralysed,top_k,0,14,198,1086.862060546875,198,1094.86083984375,33.9725077256222,27.663716040625154,
me_seed0,me,0,ankle3_paralysed,top_k,0,15,960,1069.2650146484375,198,1094.86083984375,33.9725077256222,27.663716040625154,
me_seed0,me,0,ankle3_paralysed,top_k,0,16,864,1067.2037353515625,198,1094.86083984375,33.9725077256222,27.663716040625154,
me_seed0,me,0,ankle3_paralysed,top_k,0,17,682,1095.47412109375,682,1090.67529296875,30.040256036742576,24.461694717972197,
me_seed0,me,0,ankle3_paralysed,top_k,0,18,691,1070.0419921875,682,1090.67529296875,30.040256036742576,24.461694717972197,
me_seed0,me,0,ankle3_paralysed,top_k,0,19,957,1058.136474609375,682,1090.67529296875,30.040256036742576,24.461694717972197,
me_seed0,me,0,ankle3_paralysed,top_k,0,20,321,1065.715087890625,682,1090.67529296875,30.040256036742576,24.461694717972197,
me_seed0,me,0,ankle3_paralysed,top_k,1,1,285,1062.1748046875,285,1070.796875,11.364812907253732,9.254334700878806,
me_seed0,me,0,ankle3_paralysed,top_k,1,2,911,1065.58642578125,911,1068.1876220703125,8.913463168283773,7.2582076076768995,
me_seed0,me,0,ankle3_paralysed,top_k,1,3,166,1071.1778564453125,166,1064.59765625,5.54074997654728,4.511816885619597,
me_seed0,me,0,ankle3_paralysed,top_k,1,4,228,1061.8292236328125,166,1064.59765625,5.54074997654728,4.511816885619597,
me_seed0,me,0,ankle3_paralysed,top_k,1,5,458,1068.959716796875,166,1064.59765625,5.54074997654728,4.511816885619597,
me_seed0,me,0,ankle3_paralysed,top_k,1,6,515,1066.83203125,166,1064.59765625,5.54074997654728,4.511816885619597,
me_seed0,me,0,ankle3_paralysed,top_k,1,7,761,1072.400634765625,761,1068.088623046875,8.82045523198882,7.1824715107137775,
me_seed0,me,0,ankle3_paralysed,top_k,1,8,12,1068.974609375,761,1068.088623046875,8.82045523198882,7.1824715107137775,
me_seed0,me,0,ankle3_paralysed,top_k,1,9,411,1086.4307861328125,411,1087.0224609375,26.60848108521336,21.667210173552366,
me_seed0,me,0,ankle3_paralysed,top_k,1,10,612,1063.14697265625,411,1087.0224609375,26.60848108521336,21.667210173552366,
me_seed0,me,0,ankle3_paralysed,top_k,1,11,173,1064.86474609375,411,1087.0224609375,26.60848108521336,21.667210173552366,
me_seed0,me,0,ankle3_paralysed,top_k,1,12,697,1073.5560302734375,411,1087.0224609375,26.60848108521336,21.667210173552366,
me_seed0,me,0,ankle3_paralysed,top_k,1,13,689,1083.910400390625,411,1087.0224609375,26.60848108521336,21.667210173552366,
me_seed0,me,0,ankle3_paralysed,top_k,1,14,198,1097.556640625,198,1094.86083984375,33.9725077256222,27.663716040625154,
me_seed0,me,0,ankle3_paralysed,top_k,1,15,960,1062.9501953125,198,1094.86083984375,33.9725077256222,27.663716040625154,
me_seed0,me,0,ankle3_paralysed,top_k,1,16,864,1068.99755859375,198,1094.86083984375,33.9725077256222,27.663716040625154,
me_seed0,me,0,ankle3_paralysed,top_k,1,17,682,1096.4835205078125,198,1094.86083984375,33.9725077256222,27.663716040625154,
me_seed0,me,0,ankle3_paralysed,top_k,1,18,691,1058.058837890625,198,1094.86083984375,33.9725077256222,27.663716040625154,
me_seed0,me,0,ankle3_paralysed,top_k,1,19,957,1061.16357421875,198,1094.86083984375,33.9725077256222,27.663716040625154,
me_seed0,me,0,ankle3_paralysed,top_k,1,20,321,1087.718994140625,198,1094.86083984375,33.9725077256222,27.663716040625154,
me_seed0,me,0,ankle3_paralysed,top_k,2,1,285,1053.593017578125,285,1070.796875,11.364812907253732,9.254334700878806,
me_seed0,me,0,ankle3_paralysed,top_k,2,2,911,1064.77783203125,911,1068.1876220703125,8.913463168283773,7.2582076076768995,
me_seed0,me,0,ankle3_paralysed,top_k,2,3,166,1064.9654541015625,166,1064.59765625,5.54074997654728,4.511816885619597,
me_seed0,me,0,ankle3_paralysed,top_k,2,4,228,1068.072509765625,228,1065.833984375,6.702259691461327,5.457630930061651,
me_seed0,me,0,ankle3_paralysed,top_k,2,5,458,1068.486328125,458,1063.2230224609375,4.249304390089235,3.4601964319799863,
me_seed0,me,0,ankle3_paralysed,top_k,2,6,515,1061.25927734375,458,1063.2230224609375,4.249304390089235,3.4601964319799863,
me_seed0,me,0,ankle3_paralysed,top_k,2,7,761,1072.21630859375,761,1068.088623046875,8.82045523198882,7.1824715107137775,
me_seed0,me,0,ankle3_paralysed,top_k,2,8,12,1064.825439453125,761,1068.088623046875,8.82045523198882,7.1824715107137775,
me_seed0,me,0,ankle3_paralysed,top_k,2,9,411,1086.476806640625,411,1087.0224609375,26.60848108521336,21.667210173552366,
me_seed0,me,0,ankle3_paralysed,top_k,2,10,612,1065.125244140625,411,1087.0224609375,26.60848108521336,21.667210173552366,
me_seed0,me,0,ankle3_paralysed,top_k,2,11,173,1060.976318359375,411,1087.0224609375,26.60848108521336,21.667210173552366,
me_seed0,me,0,ankle3_paralysed,top_k,2,12,697,1075.267822265625,411,1087.0224609375,26.60848108521336,21.667210173552366,
me_seed0,me,0,ankle3_paralysed,top_k,2,13,689,1073.63720703125,411,1087.0224609375,26.60848108521336,21.667210173552366,
me_seed0,me,0,ankle3_paralysed,top_k,2,14,198,1082.909423828125,411,1087.0224609375,26.60848108521336,21.667210173552366,
me_seed0,me,0,ankle3_paralysed,top_k,2,15,960,1059.17724609375,411,1087.0224609375,26.60848108521336,21.667210173552366,
me_seed0,me,0,ankle3_paralysed,top_k,2,16,864,1064.6981201171875,411,1087.0224609375,26.60848108521336,21.667210173552366,
me_seed0,me,0,ankle3_paralysed,top_k,2,17,682,1108.4520263671875,682,1090.67529296875,30.040256036742576,24.461694717972197,
me_seed0,me,0,ankle3_paralysed,top_k,2,18,691,1065.4228515625,682,1090.67529296875,30.040256036742576,24.461694717972197,
me_seed0,me,0,ankle3_paralysed,top_k,2,19,957,1065.448486328125,682,1090.67529296875,30.040256036742576,24.461694717972197,
me_seed0,me,0,ankle3_paralysed,top_k,2,20,321,1104.416015625,682,1090.67529296875,30.040256036742576,24.461694717972197,
me_seed0,me,0,ankle3_paralysed,top_k,3,1,285,1060.104736328125,285,1070.796875,11.364812907253732,9.254334700878806,
me_seed0,me,0,ankle3_paralysed,top_k,3,2,911,1066.400390625,911,1068.1876220703125,8.913463168283773,7.2582076076768995,
me_seed0,me,0,ankle3_paralysed,top_k,3,3,166,1064.151123046875,911,1068.1876220703125,8.913463168283773,7.2582076076768995,
me_seed0,me,0,ankle3_paralysed,top_k,3,4,228,1068.886962890625,228,1065.833984375,6.702259691461327,5.457630930061651,
me_seed0,me,0,ankle3_paralysed,top_k,3,5,458,1062.1866455078125,228,1065.833984375,6.702259691461327,5.457630930061651,
me_seed0,me,0,ankle3_paralysed,top_k,3,6,515,1074.7320556640625,515,1062.0980224609375,3.1923855973712403,2.59955047684788,
me_seed0,me,0,ankle3_paralysed,top_k,3,7,761,1070.261474609375,515,1062.0980224609375,3.1923855973712403,2.59955047684788,
me_seed0,me,0,ankle3_paralysed,top_k,3,8,12,1066.097412109375,515,1062.0980224609375,3.1923855973712403,2.59955047684788,
me_seed0,me,0,ankle3_paralysed,top_k,3,9,411,1082.8868408203125,411,1087.0224609375,26.60848108521336,21.667210173552366,
me_seed0,me,0,ankle3_paralysed,top_k,3,10,612,1062.4656982421875,411,1087.0224609375,26.60848108521336,21.667210173552366,
me_seed0,me,0,ankle3_paralysed,top_k,3,11,173,1077.430908203125,411,1087.0224609375,26.60848108521336,21.667210173552366,
me_seed0,me,0,ankle3_paralysed,top_k,3,12,697,1072.356201171875,411,1087.0224609375,26.60848108521336,21.667210173552366,
me_seed0,me,0,ankle3_paralysed,top_k,3,13,689,1082.2994384765625,411,1087.0224609375,26.60848108521336,21.667210173552366,
me_seed0,me,0,ankle3_paralysed,top_k,3,14,198,1092.281982421875,198,1094.86083984375,33.9725077256222,27.663716040625154,
me_seed0,me,0,ankle3_paralysed,top_k,3,15,960,1078.0177001953125,198,1094.86083984375,33.9725077256222,27.663716040625154,
me_seed0,me,0,ankle3_paralysed,top_k,3,16,864,1067.42822265625,198,1094.86083984375,33.9725077256222,27.663716040625154,
me_seed0,me,0,ankle3_paralysed,top_k,3,17,682,1087.7174072265625,198,1094.86083984375,33.9725077256222,27.663716040625154,
me_seed0,me,0,ankle3_paralysed,top_k,3,18,691,1059.1173095703125,198,1094.86083984375,33.9725077256222,27.663716040625154,
me_seed0,me,0,ankle3_paralysed,top_k,3,19,957,1067.183837890625,198,1094.86083984375,33.9725077256222,27.663716040625154,
me_seed0,me,0,ankle3_paralysed,top_k,3,20,321,1069.2357177734375,198,1094.86083984375,33.9725077256222,27.663716040625154,
me_seed0,me,0,ankle3_paralysed,top_k,4,1,285,1072.7060546875,285,1070.796875,11.364812907253732,9.254334700878806,
me_seed0,me,0,ankle3_paralysed,top_k,4,2,911,1074.486083984375,911,1068.1876220703125,8.913463168283773,7.2582076076768995,
me_seed0,me,0,ankle3_paralysed,top_k,4,3,166,1060.7236328125,911,1068.1876220703125,8.913463168283773,7.2582076076768995,
me_seed0,me,0,ankle3_paralysed,top_k,4,4,228,1066.811767578125,911,1068.1876220703125,8.913463168283773,7.2582076076768995,
me_seed0,me,0,ankle3_paralysed,top_k,4,5,458,1063.450927734375,911,1068.1876220703125,8.913463168283773,7.2582076076768995,
me_seed0,me,0,ankle3_paralysed,top_k,4,6,515,1076.3695068359375,515,1062.0980224609375,3.1923855973712403,2.59955047684788,
me_seed0,me,0,ankle3_paralysed,top_k,4,7,761,1068.4964599609375,515,1062.0980224609375,3.1923855973712403,2.59955047684788,
me_seed0,me,0,ankle3_paralysed,top_k,4,8,12,1066.7091064453125,515,1062.0980224609375,3.1923855973712403,2.59955047684788,
me_seed0,me,0,ankle3_paralysed,top_k,4,9,411,1068.277099609375,515,1062.0980224609375,3.1923855973712403,2.59955047684788,
me_seed0,me,0,ankle3_paralysed,top_k,4,10,612,1064.201416015625,515,1062.0980224609375,3.1923855973712403,2.59955047684788,
me_seed0,me,0,ankle3_paralysed,top_k,4,11,173,1064.533203125,515,1062.0980224609375,3.1923855973712403,2.59955047684788,
me_seed0,me,0,ankle3_paralysed,top_k,4,12,697,1078.9173583984375,697,1078.093017578125,18.21941753407172,14.836019676816955,
me_seed0,me,0,ankle3_paralysed,top_k,4,13,689,1068.8455810546875,697,1078.093017578125,18.21941753407172,14.836019676816955,
me_seed0,me,0,ankle3_paralysed,top_k,4,14,198,1082.11083984375,198,1094.86083984375,33.9725077256222,27.663716040625154,
me_seed0,me,0,ankle3_paralysed,top_k,4,15,960,1064.02734375,198,1094.86083984375,33.9725077256222,27.663716040625154,
me_seed0,me,0,ankle3_paralysed,top_k,4,16,864,1071.942138671875,198,1094.86083984375,33.9725077256222,27.663716040625154,
me_seed0,me,0,ankle3_paralysed,top_k,4,17,682,1080.8663330078125,198,1094.86083984375,33.9725077256222,27.663716040625154,
me_seed0,me,0,ankle3_paralysed,top_k,4,18,691,1063.6060791015625,198,1094.86083984375,33.9725077256222,27.663716040625154,
me_seed0,me,0,ankle3_paralysed,top_k,4,19,957,1062.27197265625,198,1094.86083984375,33.9725077256222,27.663716040625154,
me_seed0,me,0,ankle3_paralysed,top_k,4,20,321,1072.021484375,198,1094.86083984375,33.9725077256222,27.663716040625154,
