run,algo,seed,scenario,method,rep,trial,cell,observed,recommended_cell,recommended_true,pct_oracle,pct_intact,stop_trial
dcrlme_seed0,dcrlme,0,leg1_paralysed,ite,0,1,724,1093.998046875,724,1097.5968017578125,19.264659951659766,6.522133727376373,9
dcrlme_seed0,dcrlme,0,leg1_paralysed,ite,0,2,218,1095.3118896484375,218,1088.7392578125,14.87772929407542,5.036919429626613,9
dcrlme_seed0,dcrlme,0,leg1_paralysed,ite,0,3,393,1082.18359375,218,1088.7392578125,14.87772929407542,5.036919429626613,9
dcrlme_seed0,dcrlme,0,leg1_paralysed,ite,0,4,1001,1061.36181640625,218,1088.7392578125,14.87772929407542,5.036919429626613,9
dcrlme_seed0,dcrlme,0,leg1_paralysed,ite,0,5,986,1076.11865234375,218,1088.7392578125,14.87772929407542,5.036919429626613,9
dcrlme_seed0,dcrlme,0,leg1_paralysed,ite,0,6,930,1041.3468017578125,218,1088.7392578125,14.87772929407542,5.036919429626613,9
dcrlme_seed0,dcrlme,0,leg1_paralysed,ite,0,7,87,1162.786865234375,87,1156.2047119140625,48.291762659681524,16.349384561549325,9
dcrlme_seed0,dcrlme,0,leg1_paralysed,ite,0,8,229,1078.1455078125,87,1156.2047119140625,48.291762659681524,16.349384561549325,9
dcrlme_seed0,dcrlme,0,leg1_paralysed,ite,0,9,24,1296.855224609375,24,1260.6075439453125,100.0,33.85543136365847,9
dcrlme_seed0,dcrlme,0,leg1_paralysed,ite,0,10,24,1252.1378173828125,24,1260.6075439453125,100.0,33.85543136365847,9
dcrlme_seed0,dcrlme,0,leg1_paralysed,ite,0,11,24,1255.407470703125,24,1260.6075439453125,100.0,33.85543136365847,9
dcrlme_seed0,dcrlme,0,leg1_paralysed,ite,0,12,24,997.5670166015625,24,1260.6075439453125,100.0,33.85543136365847,9
dcrlme_seed0,dcrlme,0,leg1_paralysed,ite,0,13,24,1237.54541015625,24,1260.6075439453125,100.0,33.85543136365847,9
dcrlme_seed0,dcrlme,0,leg1_paralysed,ite,0,14,24,1298.44091796875,24,1260.6075439453125,100.0,33.85543136365847,9
dcrlme_seed0,dcrlme,0,leg1_paralysed,ite,0,15,24,1237.8419189453125,24,1260.6075439453125,100.0,33.85543136365847,9
dcrlme_seed0,dcrlme,0,leg1_paralysed,ite,0,16,24,1288.515869140625,24,1260.6075439453125,100.0,33.85543136365847,9
dcrlme_seed0,dcrlme,0,leg1_paralysed,ite,0,17,24,1316.50048828125,24,1260.6075439453125,100.0,33.85543136365847,9
dcrlme_seed0,dcrlme,0,leg1_paralysed,ite,0,18,24,1253.023681640625,24,1260.6075439453125,100.0,33.85543136365847,9
dcrlme_seed0,dcrlme,0,leg1_paralysed,ite,0,19,24,1318.22119140625,24,1260.6075439453125,100.0,33.85543136365847,9
dcrlme_seed0,dcrlme,0,leg1_paralysed,ite,0,20,24,1281.8609619140625,24,1260.6075439453125,100.0,33.85543136365847,9
dcrlme_seed0,dcrlme,0,leg1_paralysed,ite,1,1,724,1107.79638671875,724,1097.5968017578125,19.264659951659766,6.522133727376373,10
dcrlme_seed0,dcrlme,0,leg1_paralysed,ite,1,2,218,1082.6302490234375,724,1097.5968017578125,19.264659951659766,6.522133727376373,10
dcrlme_seed0,dcrlme,0,leg1_paralysed,ite,1,3,393,1125.9619140625,393,1090.0858154296875,15.544647226350513,5.262707372439937,10
dcrlme_seed0,dcrlme,0,leg1_paralysed,ite,1,4,1001,1089.1629638671875,393,1090.0858154296875,15.544647226350513,5.262707372439937,10
dcrlme_seed0,dcrlme,0,leg1_paralysed,ite,1,5,986,1078.4796142578125,393,1090.0858154296875,15.544647226350513,5.262707372439937,10
dcrlme_seed0,dcrlme,0,leg1_paralysed,ite,1,6,930,1057.95654296875,393,1090.0858154296875,15.544647226350513,5.262707372439937,10
dcrlme_seed0,dcrlme,0,leg1_paralysed,ite,1,7,87,1151.21240234375,87,1156.2047119140625,48.291762659681524,16.349384561549325,10
dcrlme_seed0,dcrlme,0,leg1_paralysed,ite,1,8,229,1076.6591796875,87,1156.2047119140625,48.291762659681524,16.349384561549325,10
dcrlme_seed0,dcrlme,0,leg1_paralysed,ite,1,9,743,1069.2889404296875,87,1156.2047119140625,48.291762659681524,16.349384561549325,10
dcrlme_seed0,dcrlme,0,leg1_paralysed,ite,1,10,24,1308.531494140625,24,1260.6075439453125,100.0,33.85543136365847,10
dcrlme_seed0,dcrlme,0,leg1_paralysed,ite,1,11,24,1297.044677734375,24,1260.6075439453125,100.0,33.85543136365847,10
dcrlme_seed0,dcrlme,0,leg1_paralysed,ite,1,12,24,1372.911865234375,24,1260.6075439453125,100.0,33.85543136365847,10
dcrlme_seed0,dcrlme,0,leg1_paralysed,ite,1,13,24,1333.927734375,24,1260.6075439453125,100.0,33.85543136365847,10
dcrlme_seed0,dcrlme,0,leg1_paralysed,ite,1,14,24,1296.789794921875,24,1260.6075439453125,100.0,33.85543136365847,10
dcrlme_seed0,dcrlme,0,leg1_paralysed,ite,1,15,24,1292.848876953125,24,1260.6075439453125,100.0,33.85543136365847,10
dcrlme_seed0,dcrlme,0,leg1_paralysed,ite,1,16,24,1280.2120361328125,24,1260.6075439453125,100.0,33.85543136365847,10
dcrlme_seed0,dcrlme,0,leg1_paralysed,ite,1,17,24,1315.866943359375,24,1260.6075439453125,100.0,33.85543136365847,10
dcrlme_seed0,dcrlme,0,leg1_paralysed,ite,1,18,24,1211.9281005859375,24,1260.6075439453125,100.0,33.85543136365847,10
dcrlme_seed0,dcrlme,0,leg1_paralysed,ite,1,19,24,1217.279541015625,24,1260.6075439453125,100.0,33.85543136365847,10
dcrlme_seed0,dcrlme,0,leg1_paralysed,ite,1,20,24,1243.92529296875,24,1260.6075439453125,100.0,33.85543136365847,10
dcrlme_seed0,dcrlme,0,leg1_paralysed,ite,2,1,724,1095.72802734375,724,1097.5968017578125,19.264659951659766,6.522133727376373,10
dcrlme_seed0,dcrlme,0,leg1_paralysed,ite,2,2,218,1085.12060546875,724,1097.5968017578125,19.264659951659766,6.522133727376373,10
dcrlme_seed0,dcrlme,0,leg1_paralysed,ite,2,3,393,1128.8175048828125,393,1090.0858154296875,15.544647226350513,5.262707372439937,10
dcrlme_seed0,dcrlme,0,leg1_paralysed,ite,2,4,1001,1083.809814453125,393,1090.0858154296875,15.544647226350513,5.262707372439937,10
dcrlme_seed0,dcrlme,0,leg1_paralysed,ite,2,5,986,1080.760009765625,393,1090.0858154296875,15.544647226350513,5.262707372439937,10
dcrlme_seed0,dcrlme,0,leg1_paralysed,ite,2,6,930,1064.80615234375,393,1090.0858154296875,15.544647226350513,5.262707372439937,10
dcrlme_seed0,dcrlme,0,leg1_paralysed,ite,2,7,87,1145.2208251953125,87,1156.2047119140625,48.291762659681524,16.349384561549325,10
dcrlme_seed0,dcrlme,0,leg1_paralysed,ite,2,8,229,1074.0169677734375,87,1156.2047119140625,48.291762659681524,16.349384561549325,10
dcrlme_seed0,dcrlme,0,leg1_paralysed,ite,2,9,743,1068.6060791015625,87,1156.2047119140625,48.291762659681524,16.349384561549325,10
dcrlme_seed0,dcrlme,0,leg1_paralysed,ite,2,10,24,1229.2593994140625,24,1260.6075439453125,100.0,33.85543136365847,10
dcrlme_seed0,dcrlme,0,leg1_paralysed,ite,2,11,24,1236.2947998046875,24,1260.6075439453125,100.0,33.85543136365847,10
dcrlme_seed0,dcrlme,0,leg1_paralysed,ite,2,12,24,1312.046875,24,1260.6075439453125,100.0,33.85543136365847,10
dcrlme_seed0,dcrlme,0,leg1_paralysed,ite,2,13,24,1275.5830078125,24,1260.6075439453125,100.0,33.85543136365847,10
dcrlme_seed0,dcrlme,0,leg1_paralysed,ite,2,14,24,1182.6151123046875,24,1260.6075439453125,100.0,33.85543136365847,10
dcrlme_seed0,dcrlme,0,leg1_paralysed,ite,2,15,24,1264.3282470703125,24,1260.6075439453125,100.0,33.85543136365847,10
dcrlme_seed0,dcrlme,0,leg1_paralysed,ite,2,16,24,1310.258544921875,24,1260.6075439453125,100.0,33.85543136365847,10
dcrlme_seed0,dcrlme,0,leg1_paralysed,ite,2,17,24,1299.805419921875,24,1260.6075439453125,100.0,33.85543136365847,10
dcrlme_seed0,dcrlme,0,leg1_paralysed,ite,2,18,24,1176.03662109375,24,1260.6075439453125,100.0,33.85543136365847,10
dcrlme_seed0,dcrlme,0,leg1_paralysed,ite,2,19,24,1303.4676513671875,24,1260.6075439453125,100.0,33.85543136365847,10
dcrlme_seed0,dcrlme,0,leg1_paralysed,ite,2,20,24,1271.693359375,24,1260.6075439453125,100.0,33.85543136365847,10
dcrlme_seed0,dcrlme,0,leg1_paralysed,ite,3,1,724,1095.338134765625,724,1097.5968017578125,19.264659951659766,6.522133727376373,10
dcrlme_seed0,dcrlme,0,leg1_paralysed,ite,3,2,218,1074.1669921875,724,1097.5968017578125,19.264659951659766,6.522133727376373,10
dcrlme_seed0,dcrlme,0,leg1_paralysed,ite,3,3,393,1113.1688232421875,393,1090.0858154296875,15.544647226350513,5.262707372439937,10
dcrlme_seed0,dcrlme,0,leg1_paralysed,ite,3,4,1001,1088.185791015625,393,1090.0858154296875,15.544647226350513,5.262707372439937,10
dcrlme_seed0,dcrlme,0,leg1_paralysed,ite,3,5,986,1082.4183349609375,393,1090.0858154296875,15.544647226350513,5.262707372439937,10
dcrlme_seed0,dcrlme,0,leg1_paralysed,ite,3,6,930,1064.3509521484375,393,1090.0858154296875,15.544647226350513,5.262707372439937,10
dcrlme_seed0,dcrlme,0,leg1_paralysed,ite,3,7,87,1148.287353515625,87,1156.2047119140625,48.291762659681524,16.349384561549325,10
dcrlme_seed0,dcrlme,0,leg1_paralysed,ite,3,8,229,1075.580078125,87,1156.2047119140625,48.291762659681524,16.349384561549325,10
dcrlme_seed0,dcrlme,0,leg1_paralysed,ite,3,9,743,1079.828857421875,87,1156.2047119140625,48.291762659681524,16.349384561549325,10
dcrlme_seed0,dcrlme,0,leg1_paralysed,ite,3,10,24,1299.5947265625,24,1260.6075439453125,100.0,33.85543136365847,10
dcrlme_seed0,dcrlme,0,leg1_paralysed,ite,3,11,24,1246.43359375,24,1260.6075439453125,100.0,33.85543136365847,10
dcrlme_seed0,dcrlme,0,leg1_paralysed,ite,3,12,24,1274.66455078125,24,1260.6075439453125,100.0,33.85543136365847,10
dcrlme_seed0,dcrlme,0,leg1_paralysed,ite,3,13,24,1290.52294921875,24,1260.6075439453125,100.0,33.85543136365847,10
dcrlme_seed0,dcrlme,0,leg1_paralysed,ite,3,14,24,1316.49560546875,24,1260.6075439453125,100.0,33.85543136365847,10
dcrlme_seed0,dcrlme,0,leg1_paralysed,ite,3,15,24,1219.4794921875,24,1260.6075439453125,100.0,33.85543136365847,10
dcrlme_seed0,dcrlme,0,leg1_paralysed,ite,3,16,24,1340.795166015625,24,1260.6075439453125,100.0,33.85543136365847,10
dcrlme_seed0,dcrlme,0,leg1_paralysed,ite,3,17,24,1323.501708984375,24,1260.6075439453125,100.0,33.85543136365847,10
dcrlme_seed0,dcrlme,0,leg1_paralysed,ite,3,18,24,1259.461669921875,24,1260.6075439453125,100.0,33.85543136365847,10
dcrlme_seed0,dcrlme,0,leg1_paralysed,ite,3,19,24,1198.694091796875,24,1260.6075439453125,100.0,33.85543136365847,10
dcrlme_seed0,dcrlme,0,leg1_paralysed,ite,3,20,24,1283.1390380859375,24,1260.6075439453125,100.0,33.85543136365847,10
dcrlme_seed0,dcrlme,0,leg1_paralysed,ite,4,1,724,1093.4642333984375,724,1097.5968017578125,19.264659951659766,6.522133727376373,9
dcrlme_seed0,dcrlme,0,leg1_paralysed,ite,4,2,218,1088.233642578125,724,1097.5968017578125,19.264659951659766,6.522133727376373,9
dcrlme_seed0,dcrlme,0,leg1_paralysed,ite,4,3,393,1077.4163818359375,724,1097.5968017578125,19.264659951659766,6.522133727376373,9
dcrlme_seed0,dcrlme,0,leg1_paralysed,ite,4,4,1001,1097.009521484375,1001,1078.8294677734375,9.969646195532748,3.375266724928177,9
dcrlme_seed0,dcrlme,0,leg1_paralysed,ite,4,5,986,1094.971923828125,1001,1078.8294677734375,9.969646195532748,3.375266724928177,9
dcrlme_seed0,dcrlme,0,leg1_paralysed,ite,4,6,930,1053.084716796875,1001,1078.8294677734375,9.969646195532748,3.375266724928177,9
dcrlme_seed0,dcrlme,0,leg1_paralysed,ite,4,7,87,1152.5906982421875,87,1156.2047119140625,48.291762659681524,16.349384561549325,9
dcrlme_seed0,dcrlme,0,leg1_paralysed,ite,4,8,375,1063.707275390625,87,1156.2047119140625,48.291762659681524,16.349384561549325,9
dcrlme_seed0,dcrlme,0,leg1_paralysed,ite,4,9,24,1275.9757080078125,24,1260.6075439453125,100.0,33.85543136365847,9
dcrlme_seed0,dcrlme,0,leg1_paralysed,ite,4,10,24,1249.27490234375,24,1260.6075439453125,100.0,33.85543136365847,9
dcrlme_seed0,dcrlme,0,leg1_paralysed,ite,4,11,24,1259.3243408203125,24,1260.6075439453125,100.0,33.85543136365847,9
dcrlme_seed0,dcrlme,0,leg1_paralysed,ite,4,12,24,1251.48291015625,24,1260.6075439453125,100.0,33.85543136365847,9
dcrlme_seed0,dcrlme,0,leg1_paralysed,ite,4,13,24,1253.3671875,24,1260.6075439453125,100.0,33.85543136365847,9
dcrlme_seed0,dcrlme,0,leg1_paralysed,ite,4,14,24,1285.059814453125,24,1260.6075439453125,100.0,33.85543136365847,9
dcrlme_seed0,dcrlme,0,leg1_paralysed,ite,4,15,24,1306.572265625,24,1260.6075439453125,100.0,33.85543136365847,9
dcrlme_seed0,dcrlme,0,leg1_paralysed,ite,4,16,24,1317.815673828125,24,1260.6075439453125,100.0,33.85543136365847,9
dcrlme_seed0,dcrlme,0,leg1_paralysed,ite,4,17,24,1226.678466796875,24,1260.6075439453125,100.0,33.85543136365847,9
dcrlme_seed0,dcrlme,0,leg1_paralysed,ite,4,18,24,1260.5963134765625,24,1260.6075439453125,100.0,33.85543136365847,9
dcrlme_seed0,dcrlme,0,leg1_paralysed,ite,4,19,24,1238.8037109375,24,1260.6075439453125,100.0,33.85543136365847,9
dcrlme_seed0,dcrlme,0,leg1_paralysed,ite,4,20,24,1252.945556640625,24,1260.6075439453125,100.0,33.85543136365847,9
dcrlme_seed0,dcrlme,0,leg1_paralysed,top_k,0,1,724,1090.5067138671875,724,1097.5968017578125,19.264659951659766,6.522133727376373,
dcrlme_seed0,dcrlme,0,leg1_paralysed,top_k,0,2,342,1119.9322509765625,342,1115.87109375,28.3154817461823,9.58632848786799,
dcrlme_seed0,dcrlme,0,leg1_paralysed,top_k,0,3,716,1080.4290771484375,342,1115.87109375,28.3154817461823,9.58632848786799,
dcrlme_seed0,dcrlme,0,leg1_paralysed,top_k,0,4,218,1088.135498046875,342,1115.87109375,28.3154817461823,9.58632848786799,
dcrlme_seed0,dcrlme,0,leg1_paralysed,top_k,0,5,939,1141.29736328125,939,1112.808349609375,26.798577483578544,9.072774006389766,
dcrlme_seed0,dcrlme,0,leg1_paralysed,top_k,0,6,880,1073.427001953125,939,1112.808349609375,26.798577483578544,9.072774006389766,
dcrlme_seed0,dcrlme,0,leg1_paralysed,top_k,0,7,330,1082.28564453125,939,1112.808349609375,26.798577483578544,9.072774006389766,
dcrlme_seed0,dcrlme,0,leg1_paralysed,top_k,0,8,381,1118.3564453125,939,1112.808349609375,26.798577483578544,9.072774006389766,
dcrlme_seed0,dcrlme,0,leg1_paralysed,top_k,0,9,901,1060.7208251953125,939,1112.808349609375,26.798577483578544,9.072774006389766,
dcrlme_seed0,dcrlme,0,leg1_paralysed,top_k,0,10,131,1143.5408935546875,131,1133.7513427734375,37.17114343868471,12.584450953970938,
dcrlme_seed0,dcrlme,0,leg1_paralysed,top_k,0,11,858,1093.07080078125,131,1133.7513427734375,37.17114343868471,12.584450953970938,
dcrlme_seed0,dcrlme,0,leg1_paralysed,top_k,0,12,126,1073.4803466796875,131,1133.7513427734375,37.17114343868471,12.584450953970938,
dcrlme_seed0,dcrlme,0,leg1_paralysed,top_k,0,13,41,1076.3367919921875,131,1133.7513427734375,37.17114343868471,12.584450953970938,
dcrlme_seed0,dcrlme,0,leg1_paralysed,top_k,0,14,229,1078.20263671875,131,1133.7513427734375,37.17114343868471,12.584450953970938,
dcrlme_seed0,dcrlme,0,leg1_paralysed,top_k,0,15,244,1146.611328125,244,1128.8162841796875,34.72692639888619,11.756950731683107,
dcrlme_seed0,dcrlme,0,leg1_paralysed,top_k,0,16,73,1083.6773681640625,244,1128.8162841796875,34.72692639888619,11.756950731683107,
dcrlme_seed0,dcrlme,0,leg1_paralysed,top_k,0,17,535,1080.6796875,244,1128.8162841796875,34.72692639888619,11.756950731683107,
dcrlme_seed0,dcrlme,0,leg1_paralysed,top_k,0,18,43,1102.2005615234375,244,1128.8162841796875,34.72692639888619,11.756950731683107,
dcrlme_seed0,dcrlme,0,leg1_paralysed,top_k,0,19,217,1080.4918212890625,244,1128.8162841796875,34.72692639888619,11.756950731683107,
dcrlme_seed0,dcrlme,0,leg1_paralysed,top_k,0,20,26,1093.19873046875,244,1128.8162841796875,34.72692639888619,11.756950731683107,
dcrlme_seed0,dcrlme,0,leg1_paralysed,top_k,1,1,724,1097.107177734375,724,1097.5968017578125,19.264659951659766,6.522133727376373,
dcrlme_seed0,dcrlme,0,leg1_paralysed,top_k,1,2,342,1103.43896484375,342,1115.87109375,28.3154817461823,9.58632848786799,
dcrlme_seed0,dcrlme,0,leg1_paralysed,top_k,1,3,716,1075.224609375,342,1115.87109375,28.3154817461823,9.58632848786799,
dcrlme_seed0,dcrlme,0,leg1_paralysed,top_k,1,4,218,1089.6083984375,342,1115.87109375,28.3154817461823,9.58632848786799,
dcrlme_seed0,dcrlme,0,leg1_paralysed,top_k,1,5,939,1082.417236328125,342,1115.87109375,28.3154817461823,9.58632848786799,
dcrlme_seed0,dcrlme,0,leg1_paralysed,top_k,1,6,880,1079.938720703125,342,1115.87109375,28.3154817461823,9.58632848786799,
dcrlme_seed0,dcrlme,0,leg1_paralysed,top_k,1,7,330,1074.1864013671875,342,1115.87109375,28.3154817461823,9.58632848786799,
dcrlme_seed0,dcrlme,0,leg1_paralysed,top_k,1,8,381,1104.822265625,381,1102.5255126953125,21.70573314842698,7.348569588044559,
dcrlme_seed0,dcrlme,0,leg1_paralysed,top_k,1,9,901,1066.5701904296875,381,1102.5255126953125,21.70573314842698,7.348569588044559,
dcrlme_seed0,dcrlme,0,leg1_paralysed,top_k,1,10,131,1137.2835693359375,131,1133.7513427734375,37.17114343868471,12.584450953970938,
dcrlme_seed0,dcrlme,0,leg1_paralysed,top_k,1,11,858,1107.85791015625,131,1133.7513427734375,37.17114343868471,12.584450953970938,
dcrlme_seed0,dcrlme,0,leg1_paralysed,top_k,1,12,126,1078.511962890625,131,1133.7513427734375,37.17114343868471,12.584450953970938,
dcrlme_seed0,dcrlme,0,leg1_paralysed,top_k,1,13,41,1074.3017578125,131,1133.7513427734375,37.17114343868471,12.584450953970938,
dcrlme_seed0,dcrlme,0,leg1_paralysed,top_k,1,14,229,1080.001708984375,131,1133.7513427734375,37.17114343868471,12.584450953970938,
dcrlme_seed0,dcrlme,0,leg1_paralysed,top_k,1,15,244,1117.9764404296875,131,1133.7513427734375,37.17114343868471,12.584450953970938,
dcrlme_seed0,dcrlme,0,leg1_paralysed,top_k,1,16,73,1079.103515625,131,1133.7513427734375,37.17114343868471,12.584450953970938,
dcrlme_seed0,dcrlme,0,leg1_paralysed,top_k,1,17,535,1080.2454833984375,131,1133.7513427734375,37.17114343868471,12.584450953970938,
dcrlme_seed0,dcrlme,0,leg1_paralysed,top_k,1,18,43,1112.8372802734375,131,1133.7513427734375,37.17114343868471,12.584450953970938,
dcrlme_seed0,dcrlme,0,leg1_paralysed,top_k,1,19,217,1067.356201171875,131,1133.7513427734375,37.17114343868471,12.584450953970938,
dcrlme_seed0,dcrlme,0,leg1_paralysed,top_k,1,20,26,1108.6571044921875,131,1133.7513427734375,37.17114343868471,12.584450953970938,
dcrlme_seed0,dcrlme,0,leg1_paralysed,top_k,2,1,724,1086.738037109375,724,1097.5968017578125,19.264659951659766,6.522133727376373,
dcrlme_seed0,dcrlme,0,leg1_paralysed,top_k,2,2,342,1114.6263427734375,342,1115.87109375,28.3154817461823,9.58632848786799,
dcrlme_seed0,dcrlme,0,leg1_paralysed,top_k,2,3,716,1147.935791015625,716,1081.181640625,11.134621414190054,3.769674110484331,
dcrlme_seed0,dcrlme,0,leg1_paralysed,top_k,2,4,218,1093.54248046875,716,1081.181640625,11.134621414190054,3.769674110484331,
dcrlme_seed0,dcrlme,0,leg1_paralysed,top_k,2,5,939,1139.320068359375,716,1081.181640625,11.134621414190054,3.769674110484331,
dcrlme_seed0,dcrlme,0,leg1_paralysed,top_k,2,6,880,1101.884033203125,716,1081.181640625,11.134621414190054,3.769674110484331,
dcrlme_seed0,dcrlme,0,leg1_paralysed,top_k,2,7,330,1081.7596435546875,716,1081.181640625,11.134621414190054,3.769674110484331,
dcrlme_seed0,dcrlme,0,leg1_paralysed,top_k,2,8,381,1117.7552490234375,716,1081.181640625,11.134621414190054,3.769674110484331,
dcrlme_seed0,dcrlme,0,leg1_paralysed,top_k,2,9,901,1070.33203125,716,1081.181640625,11.134621414190054,3.769674110484331,
dcrlme_seed0,dcrlme,0,leg1_paralysed,top_k,2,10,131,1141.480224609375,716,1081.181640625,11.134621414190054,3.769674110484331,
dcrlme_seed0,dcrlme,0,leg1_paralysed,top_k,2,11,858,1106.0521240234375,716,1081.181640625,11.134621414190054,3.769674110484331,
dcrlme_seed0,dcrlme,0,leg1_paralysed,top_k,2,12,126,1071.477783203125,716,1081.181640625,11.134621414190054,3.769674110484331,
dcrlme_seed0,dcrlme,0,leg1_paralysed,top_k,2,13,41,1073.510986328125,716,1081.181640625,11.134621414190054,3.769674110484331,
dcrlme_seed0,dcrlme,0,leg1_paralysed,top_k,2,14,229,1077.17626953125,716,1081.181640625,11.134621414190054,3.769674110484331,
dcrlme_seed0,dcrlme,0,leg1_paralysed,top_k,2,15,244,1116.0233154296875,716,1081.181640625,11.134621414190054,3.769674110484331,
dcrlme_seed0,dcrlme,0,leg1_paralysed,top_k,2,16,73,1087.379150390625,716,1081.181640625,11.134621414190054,3.769674110484331,
dcrlme_seed0,dcrlme,0,leg1_paralysed,top_k,2,17,535,1075.329833984375,716,1081.181640625,11.134621414190054,3.769674110484331,
dcrlme_seed0,dcrlme,0,leg1_paralysed,top_k,2,18,43,1107.4366455078125,716,1081.181640625,11.134621414190054,3.769674110484331,
dcrlme_seed0,dcrlme,0,leg1_paralysed,top_k,2,19,217,1100.1368408203125,716,1081.181640625,11.134621414190054,3.769674110484331,
dcrlme_seed0,dcrlme,0,leg1_paralysed,top_k,2,20,26,1117.0054931640625,716,1081.181640625,11.134621414190054,3.769674110484331,
dcrlme_seed0,dcrlme,0,leg1_paralysed,top_k,3,1,724,1092.0369873046875,724,1097.5968017578125,19.264659951659766,6.522133727376373,
dcrlme_seed0,dcrlme,0,leg1_paralysed,top_k,3,2,342,1214.594970703125,342,1115.87109375,28.3154817461823,9.58632848786799,
dcrlme_seed0,dcrlme,0,leg1_paralysed,top_k,3,3,716,1067.971923828125,342,1115.87109375,28.3154817461823,9.58632848786799,
dcrlme_seed0,dcrlme,0,leg1_paralysed,top_k,3,4,218,1091.8997802734375,342,1115.87109375,28.3154817461823,9.58632848786799,
dcrlme_seed0,dcrlme,0,leg1_paralysed,top_k,3,5,939,1076.55322265625,342,1115.87109375,28.3154817461823,9.58632848786799,
dcrlme_seed0,dcrlme,0,leg1_paralysed,top_k,3,6,880,1071.368896484375,342,1115.87109375,28.3154817461823,9.58632848786799,
dcrlme_seed0,dcrlme,0,leg1_paralysed,top_k,3,7,330,1105.0286865234375,342,1115.87109375,28.3154817461823,9.58632848786799,
dcrlme_seed0,dcrlme,0,leg1_paralysed,top_k,3,8,381,1112.4317626953125,342,1115.87109375,28.3154817461823,9.58632848786799,
dcrlme_seed0,dcrlme,0,leg1_paralysed,top_k,3,9,901,1064.2957763671875,342,1115.87109375,28.3154817461823,9.58632848786799,
dcrlme_seed0,dcrlme,0,leg1_paralysed,top_k,3,10,131,1131.44140625,342,1115.87109375,28.3154817461823,9.58632848786799,
dcrlme_seed0,dcrlme,0,leg1_paralysed,top_k,3,11,858,1086.63818359375,342,1115.87109375,28.3154817461823,9.58632848786799,
dcrlme_seed0,dcrlme,0,leg1_paralysed,top_k,3,12,126,1070.0582275390625,342,1115.87109375,28.3154817461823,9.58632848786799,
dcrlme_seed0,dcrlme,0,leg1_paralysed,top_k,3,13,41,1077.342529296875,342,1115.87109375,28.3154817461823,9.58632848786799,
dcrlme_seed0,dcrlme,0,leg1_paralysed,top_k,3,14,229,1079.69677734375,342,1115.87109375,28.3154817461823,9.58632848786799,
dcrlme_seed0,dcrlme,0,leg1_paralysed,top_k,3,15,244,1118.2117919921875,342,1115.87109375,28.3154817461823,9.58632848786799,
dcrlme_seed0,dcrlme,0,leg1_paralysed,top_k,3,16,73,1084.13427734375,342,1115.87109375,28.3154817461823,9.58632848786799,
dcrlme_seed0,dcrlme,0,leg1_paralysed,top_k,3,17,535,1088.09228515625,342,1115.87109375,28.3154817461823,9.58632848786799,
dcrlme_seed0,dcrlme,0,leg1_paralysed,top_k,3,18,43,1099.3428955078125,342,1115.87109375,28.3154817461823,9.58632848786799,
dcrlme_seed0,dcrlme,0,leg1_paralysed,top_k,3,19,217,1065.933349609375,342,1115.87109375,28.3154817461823,9.58632848786799,
dcrlme_seed0,dcrlme,0,leg1_paralysed,top_k,3,20,26,1120.093994140625,342,1115.87109375,28.3154817461823,9.58632848786799,
dcrlme_seed0,dcrlme,0,leg1_paralysed,top_k,4,1,724,1106.14013671875,724,1097.5968017578125,19.264659951659766,6.522133727376373,
dcrlme_seed0,dcrlme,0,leg1_paralysed,top_k,4,2,342,1079.578125,724,1097.5968017578125,19.264659951659766,6.522133727376373,
dcrlme_seed0,dcrlme,0,leg1_paralysed,top_k,4,3,716,1082.2169189453125,724,1097.5968017578125,19.264659951659766,6.522133727376373,
dcrlme_seed0,dcrlme,0,leg1_paralysed,top_k,4,4,218,1087.09765625,724,1097.5968017578125,19.264659951659766,6.522133727376373,
dcrlme_seed0,dcrlme,0,leg1_paralysed,top_k,4,5,939,1096.286865234375,724,1097.5968017578125,19.264659951659766,6.522133727376373,
dcrlme_seed0,dcrlme,0,leg1_paralysed,top_k,4,6,880,1089.4405517578125,724,1097.5968017578125,19.264659951659766,6.522133727376373,
dcrlme_seed0,dcrlme,0,leg1_paralysed,top_k,4,7,330,1081.84912109375,724,1097.5968017578125,19.264659951659766,6.522133727376373,
dcrlme_seed0,dcrlme,0,leg1_paralysed,top_k,4,8,381,1126.84912109375,381,1102.5255126953125,21.70573314842698,7.348569588044559,
dcrlme_seed0,dcrlme,0,leg1_paralysed,top_k,4,9,901,1062.788818359375,381,1102.5255126953125,21.70573314842698,7.348569588044559,
dcrlme_seed0,dcrlme,0,leg1_paralysed,top_k,4,10,131,1137.892822265625,131,1133.7513427734375,37.17114343868471,12.584450953970938,
dcrlme_seed0,dcrlme,0,leg1_paralysed,top_k,4,11,858,1086.8114013671875,131,1133.7513427734375,37.17114343868471,12.584450953970938,
dcrlme_seed0,dcrlme,0,leg1_paralysed,top_k,4,12,126,1068.8668212890625,131,1133.7513427734375,37.17114343868471,12.584450953970938,
dcrlme_seed0,dcrlme,0,leg1_paralysed,top_k,4,13,41,1076.7493896484375,131,1133.7513427734375,37.17114343868471,12.584450953970938,
dcrlme_seed0,dcrlme,0,leg1_paralysed,top_k,4,14,229,1085.3587646484375,131,1133.7513427734375,37.17114343868471,12.584450953970938,
dcrlme_seed0,dcrlme,0,leg1_paralysed,top_k,4,15,244,1152.4580078125,244,1128.8162841796875,34.72692639888619,11.756950731683107,
dcrlme_seed0,dcrlme,0,leg1_paralysed,top_k,4,16,73,1079.535400390625,244,1128.8162841796875,34.72692639888619,11.756950731683107,
dcrlme_seed0,dcrlme,0,leg1_paralysed,top_k,4,17,535,1076.84765625,244,1128.8162841796875,34.72692639888619,11.756950731683107,
dcrlme_seed0,dcrlme,0,leg1_paralysed,top_k,4,18,43,1104.5908203125,244,1128.8162841796875,34.72692639888619,11.756950731683107,
dcrlme_seed0,dcrlme,0,leg1_paralysed,top_k,4,19,217,1085.244873046875,244,1128.8162841796875,34.72692639888619,11.756950731683107,
dcrlme_seed0,dcrlme,0,leg1_paralysed,top_k,4,20,26,1130.8663330078125,244,1128.8162841796875,34.72692639888619,11.756950731683107,
dcrlme_seed0,dcrlme,0,leg1_paralysed,random,0,1,883,1098.9833984375,883,1096.3577880859375,18.651005975357332,6.31437852661894,
dcrlme_seed0,dcrlme,0,leg1_paralysed,random,0,2,335,1151.819091796875,335,1155.533203125,47.95918034208155,16.236787383286604,
dcrlme_seed0,dcrlme,0,leg1_paralysed,random,0,3,112,1060.8505859375,335,1155.533203125,47.95918034208155,16.236787383286604,
dcrlme_seed0,dcrlme,0,leg1_paralysed,random,0,4,597,548.716552734375,335,1155.533203125,47.95918034208155,16.236787383286604,
dcrlme_seed0,dcrlme,0,leg1_paralysed,random,0,5,343,1071.349853515625,335,1155.533203125,47.95918034208155,16.236787383286604,
dcrlme_seed0,dcrlme,0,leg1_paralysed,random,0,6,865,698.9969482421875,335,1155.533203125,47.95918034208155,16.236787383286604,
dcrlme_seed0,dcrlme,0,leg1_paralysed,random,0,7,581,1080.430908203125,335,1155.533203125,47.95918034208155,16.236787383286604,
dcrlme_seed0,dcrlme,0,leg1_paralysed,random,0,8,444,1064.456787109375,335,1155.533203125,47.95918034208155,16.236787383286604,
dcrlme_seed0,dcrlme,0,leg1_paralysed,random,0,9,192,1040.0164794921875,335,1155.533203125,47.95918034208155,16.236787383286604,
dcrlme_seed0,dcrlme,0,leg1_paralysed,random,0,10,89,1059.02490234375,335,1155.533203125,47.95918034208155,16.236787383286604,
dcrlme_seed0,dcrlme,0,leg1_paralysed,random,0,11,496,1077.7396240234375,335,1155.533203125,47.95918034208155,16.236787383286604,
dcrlme_seed0,dcrlme,0,leg1_paralysed,random,0,12,233,1054.957275390625,335,1155.533203125,47.95918034208155,16.236787383286604,
dcrlme_seed0,dcrlme,0,leg1_paralysed,random,0,13,492,1052.895751953125,335,1155.533203125,47.95918034208155,16.236787383286604,
dcrlme_seed0,dcrlme,0,leg1_paralysed,random,0,14,923,1075.327392578125,335,1155.533203125,47.95918034208155,16.236787383286604,
dcrlme_seed0,dcrlme,0,leg1_paralysed,random,0,15,40,1058.978515625,335,1155.533203125,47.95918034208155,16.236787383286604,
dcrlme_seed0,dcrlme,0,leg1_paralysed,random,0,16,1022,1121.1927490234375,335,1155.533203125,47.95918034208155,16.236787383286604,
dcrlme_seed0,dcrlme,0,leg1_paralysed,random,0,17,693,1032.9588623046875,335,1155.533203125,47.95918034208155,16.236787383286604,
dcrlme_seed0,dcrlme,0,leg1_paralysed,random,0,18,815,1092.8519287109375,335,1155.533203125,47.95918034208155,16.236787383286604,
dcrlme_seed0,dcrlme,0,leg1_paralysed,random,0,19,249,1058.470703125,335,1155.533203125,47.95918034208155,16.236787383286604,
dcrlme_seed0,dcrlme,0,leg1_paralysed,random,0,20,892,1059.416015625,335,1155.533203125,47.95918034208155,16.236787383286604,
dcrlme_seed0,dcrlme,0,leg1_paralysed,random,1,1,887,1071.14990234375,887,1070.03662109375,5.61475855345976,1.9009007283017119,
dcrlme_seed0,dcrlme,0,leg1_paralysed,random,1,2,395,1056.4248046875,887,1070.03662109375,5.61475855345976,1.9009007283017119,
dcrlme_seed0,dcrlme,0,leg1_paralysed,random,1,3,777,1163.06396484375,777,1177.355712890625,58.7673499325827,19.895939820666523,
dcrlme_seed0,dcrlme,0,leg1_paralysed,random,1,4,710,1056.685302734375,777,1177.355712890625,58.7673499325827,19.895939820666523,
dcrlme_seed0,dcrlme,0,leg1_paralysed,random,1,5,180,1016.210693359375,777,1177.355712890625,58.7673499325827,19.895939820666523,
dcrlme_seed0,dcrlme,0,leg1_paralysed,random,1,6,978,1034.357177734375,777,1177.355712890625,58.7673499325827,19.895939820666523,
dcrlme_seed0,dcrlme,0,leg1_paralysed,random,1,7,306,1095.000244140625,777,1177.355712890625,58.7673499325827,19.895939820666523,
dcrlme_seed0,dcrlme,0,leg1_paralysed,random,1,8,718,1076.8685302734375,777,1177.355712890625,58.7673499325827,19.895939820666523,
dcrlme_seed0,dcrlme,0,leg1_paralysed,random,1,9,818,1057.626953125,777,1177.355712890625,58.7673499325827,19.895939820666523,
dcrlme_seed0,dcrlme,0,leg1_paralysed,random,1,10,179,1011.3968505859375,777,1177.355712890625,58.7673499325827,19.895939820666523,
dcrlme_seed0,dcrlme,0,leg1_paralysed,random,1,11,380,1057.5279541015625,777,1177.355712890625,58.7673499325827,19.895939820666523,
dcrlme_seed0,dcrlme,0,leg1_paralysed,random,1,12,944,1063.5810546875,777,1177.355712890625,58.7673499325827,19.895939820666523,
dcrlme_seed0,dcrlme,0,leg1_paralysed,random,1,13,430,1071.646484375,777,1177.355712890625,58.7673499325827,19.895939820666523,
dcrlme_seed0,dcrlme,0,leg1_paralysed,random,1,14,543,1095.4541015625,777,1177.355712890625,58.7673499325827,19.895939820666523,
dcrlme_seed0,dcrlme,0,leg1_paralysed,random,1,15,88,1057.6055908203125,777,1177.355712890625,58.7673499325827,19.895939820666523,
dcrlme_seed0,dcrlme,0,leg1_paralysed,random,1,16,968,1067.4163818359375,777,1177.355712890625,58.7673499325827,19.895939820666523,
dcrlme_seed0,dcrlme,0,leg1_paralysed,random,1,17,702,1042.1387939453125,777,1177.355712890625,58.7673499325827,19.895939820666523,
dcrlme_seed0,dcrlme,0,leg1_paralysed,random,1,18,647,1075.6429443359375,777,1177.355712890625,58.7673499325827,19.895939820666523,
dcrlme_seed0,dcrlme,0,leg1_paralysed,random,1,19,745,1127.005615234375,777,1177.355712890625,58.7673499325827,19.895939820666523,
dcrlme_seed0,dcrlme,0,leg1_paralysed,random,1,20,36,1104.04833984375,777,1177.355712890625,58.7673499325827,19.895939820666523,
dcrlme_seed0,dcrlme,0,leg1_paralysed,random,2,1,409,1139.357666015625,409,1141.580078125,41.048529691118624,13.897156795367632,
dcrlme_seed0,dcrlme,0,leg1_paralysed,random,2,2,0,1205.09423828125,0,1130.082763671875,35.354183542151,11.96931134329477,
dcrlme_seed0,dcrlme,0,leg1_paralysed,random,2,3,1019,1024.0338134765625,0,1130.082763671875,35.354183542151,11.96931134329477,
dcrlme_seed0,dcrlme,0,leg1_paralysed,random,2,4,490,1033.714599609375,0,1130.082763671875,35.354183542151,11.96931134329477,
dcrlme_seed0,dcrlme,0,leg1_paralysed,random,2,5,802,1026.8896484375,0,1130.082763671875,35.354183542151,11.96931134329477,
dcrlme_seed0,dcrlme,0,leg1_paralysed,random,2,6,218,1086.2281494140625,0,1130.082763671875,35.354183542151,11.96931134329477,
dcrlme_seed0,dcrlme,0,leg1_paralysed,random,2,7,385,1060.373046875,0,1130.082763671875,35.354183542151,11.96931134329477,
dcrlme_seed0,dcrlme,0,leg1_paralysed,random,2,8,488,1065.463623046875,0,1130.082763671875,35.354183542151,11.96931134329477,
dcrlme_seed0,dcrlme,0,leg1_paralysed,random,2,9,838,1098.6202392578125,0,1130.082763671875,35.354183542151,11.96931134329477,
dcrlme_seed0,dcrlme,0,leg1_paralysed,random,2,10,169,1025.0069580078125,0,1130.082763671875,35.354183542151,11.96931134329477,
dcrlme_seed0,dcrlme,0,leg1_paralysed,random,2,11,122,1102.7183837890625,0,1130.082763671875,35.354183542151,11.96931134329477,
dcrlme_seed0,dcrlme,0,leg1_paralysed,random,2,12,89,1045.632568359375,0,1130.082763671875,35.354183542151,11.96931134329477,
dcrlme_seed0,dcrlme,0,leg1_paralysed,random,2,13,943,1137.188232421875,0,1130.082763671875,35.354183542151,11.96931134329477,
dcrlme_seed0,dcrlme,0,leg1_paralysed,random,2,14,808,1069.469970703125,0,1130.082763671875,35.354183542151,11.96931134329477,
dcrlme_seed0,dcrlme,0,leg1_paralysed,random,2,15,880,1118.47265625,0,1130.082763671875,35.354183542151,11.96931134329477,
dcrlme_seed0,dcrlme,0,leg1_paralysed,random,2,16,475,1062.05859375,0,1130.082763671875,35.354183542151,11.96931134329477,
dcrlme_seed0,dcrlme,0,leg1_paralysed,random,2,17,900,1060.858154296875,0,1130.082763671875,35.354183542151,11.96931134329477,
dcrlme_seed0,dcrlme,0,leg1_paralysed,random,2,18,427,1091.86669921875,0,1130.082763671875,35.354183542151,11.96931134329477,
dcrlme_seed0,dcrlme,0,leg1_paralysed,random,2,19,23,1070.73388671875,0,1130.082763671875,35.354183542151,11.96931134329477,
dcrlme_seed0,dcrlme,0,leg1_paralysed,random,2,20,389,1056.1971435546875,0,1130.082763671875,35.354183542151,11.96931134329477,
dcrlme_seed0,dcrlme,0,leg1_paralysed,random,3,1,807,1075.91064453125,807,1083.589599609375,12.327226176410928,4.1734355971977415,
dcrlme_seed0,dcrlme,0,leg1_paralysed,random,3,2,766,1108.67041015625,766,1104.41015625,22.639152236124843,7.664582646615397,
dcrlme_seed0,dcrlme,0,leg1_paralysed,random,3,3,697,1070.43994140625,766,1104.41015625,22.639152236124843,7.664582646615397,
dcrlme_seed0,dcrlme,0,leg1_paralysed,random,3,4,953,1055.274658203125,766,1104.41015625,22.639152236124843,7.664582646615397,
dcrlme_seed0,dcrlme,0,leg1_paralysed,random,3,5,438,1055.696533203125,766,1104.41015625,22.639152236124843,7.664582646615397,
dcrlme_seed0,dcrlme,0,leg1_paralysed,random,3,6,607,747.594970703125,766,1104.41015625,22.639152236124843,7.664582646615397,
dcrlme_seed0,dcrlme,0,leg1_paralysed,random,3,7,913,1043.609130859375,766,1104.41015625,22.639152236124843,7.664582646615397,
dcrlme_seed0,dcrlme,0,leg1_paralysed,random,3,8,484,877.8482666015625,766,1104.41015625,22.639152236124843,7.664582646615397,
dcrlme_seed0,dcrlme,0,leg1_paralysed,random,3,9,771,1073.5853271484375,766,1104.41015625,22.639152236124843,7.664582646615397,
dcrlme_seed0,dcrlme,0,leg1_paralysed,random,3,10,535,1089.3880615234375,766,1104.41015625,22.639152236124843,7.664582646615397,
dcrlme_seed0,dcrlme,0,leg1_paralysed,random,3,11,975,1094.936279296875,766,1104.41015625,22.639152236124843,7.664582646615397,
dcrlme_seed0,dcrlme,0,leg1_paralysed,random,3,12,742,1068.303955078125,766,1104.41015625,22.639152236124843,7.664582646615397,
dcrlme_seed0,dcrlme,0,leg1_paralysed,random,3,13,198,1059.78369140625,766,1104.41015625,22.639152236124843,7.664582646615397,
dcrlme_seed0,dcrlme,0,leg1_paralysed,random,3,14,271,1041.109619140625,766,1104.41015625,22.639152236124843,7.664582646615397,
dcrlme_seed0,dcrlme,0,leg1_paralysed,random,3,15,83,1057.1826171875,766,1104.41015625,22.639152236124843,7.664582646615397,
dcrlme_seed0,dcrlme,0,leg1_paralysed,random,3,16,510,836.2784423828125,766,1104.41015625,22.639152236124843,7.664582646615397,
dcrlme_seed0,dcrlme,0,leg1_paralysed,random,3,17,588,1077.5504150390625,766,1104.41015625,22.639152236124843,7.664582646615397,
dcrlme_seed0,dcrlme,0,leg1_paralysed,random,3,18,373,1164.6270751953125,373,1154.024658203125,47.212033953988396,15.983837750679672,
dcrlme_seed0,dcrlme,0,leg1_paralysed,random,3,19,655,623.9739990234375,373,1154.024658203125,47.212033953988396,15.983837750679672,
dcrlme_seed0,dcrlme,0,leg1_paralysed,random,3,20,832,1052.205078125,373,1154.024658203125,47.212033953988396,15.983837750679672,
dcrlme_seed0,dcrlme,0,leg1_paralysed,random,4,1,849,1134.621826171875,849,1116.514404296875,28.634098145700907,9.694197444320372,
dcrlme_seed0,dcrlme,0,leg1_paralysed,random,4,2,399,1073.416748046875,849,1116.514404296875,28.634098145700907,9.694197444320372,
dcrlme_seed0,dcrlme,0,leg1_paralysed,random,4,3,535,1080.9180908203125,849,1116.514404296875,28.634098145700907,9.694197444320372,
dcrlme_seed0,dcrlme,0,leg1_paralysed,random,4,4,332,1082.806396484375,849,1116.514404296875,28.634098145700907,9.694197444320372,
dcrlme_seed0,dcrlme,0,leg1_paralysed,random,4,5,600,1045.322265625,849,1116.514404296875,28.634098145700907,9.694197444320372,
dcrlme_seed0,dcrlme,0,leg1_paralysed,random,4,6,968,1069.820068359375,849,1116.514404296875,28.634098145700907,9.694197444320372,
dcrlme_seed0,dcrlme,0,leg1_paralysed,random,4,7,1012,1071.9677734375,849,1116.514404296875,28.634098145700907,9.694197444320372,
dcrlme_seed0,dcrlme,0,leg1_paralysed,random,4,8,897,1069.015380859375,849,1116.514404296875,28.634098145700907,9.694197444320372,
dcrlme_seed0,dcrlme,0,leg1_paralysed,random,4,9,190,1132.018310546875,849,1116.514404296875,28.634098145700907,9.694197444320372,
dcrlme_seed0,dcrlme,0,leg1_paralysed,random,4,10,963,1111.8748779296875,849,1116.514404296875,28.634098145700907,9.694197444320372,
dcrlme_seed0,dcrlme,0,leg1_paralysed,random,4,11,536,1116.7158203125,849,1116.514404296875,28.634098145700907,9.694197444320372,
dcrlme_seed0,dcrlme,0,leg1_paralysed,random,4,12,1007,1187.210205078125,1007,1177.974853515625,59.07399554517442,19.999756015567186,
dcrlme_seed0,dcrlme,0,leg1_paralysed,random,4,13,708,1064.6767578125,1007,1177.974853515625,59.07399554517442,19.999756015567186,
dcrlme_seed0,dcrlme,0,leg1_paralysed,random,4,14,53,1064.83447265625,1007,1177.974853515625,59.07399554517442,19.999756015567186,
dcrlme_seed0,dcrlme,0,leg1_paralysed,random,4,15,254,1067.06005859375,1007,1177.974853515625,59.07399554517442,19.999756015567186,
dcrlme_seed0,dcrlme,0,leg1_paralysed,random,4,16,309,1054.1865234375,1007,1177.974853515625,59.07399554517442,19.999756015567186,
dcrlme_seed0,dcrlme,0,leg1_paralysed,random,4,17,651,954.99169921875,1007,1177.974853515625,59.07399554517442,19.999756015567186,
dcrlme_seed0,dcrlme,0,leg1_paralysed,random,4,18,985,1166.9456787109375,1007,1177.974853515625,59.07399554517442,19.999756015567186,
dcrlme_seed0,dcrlme,0,leg1_paralysed,random,4,19,499,1069.79052734375,1007,1177.974853515625,59.07399554517442,19.999756015567186,
dcrlme_seed0,dcrlme,0,leg1_paralysed,random,4,20,1017,1156.49169921875,1007,1177.974853515625,59.07399554517442,19.999756015567186,
dcrlme_seed0,dcrlme,0,leg1_paralysed,best_intact,0,1,724,1099.467041015625,724,1097.5968017578125,19.264659951659766,6.522133727376373,
dcrlme_seed0,dcrlme,0,leg1_paralysed,best_intact,1,1,724,1095.202880859375,724,1097.5968017578125,19.264659951659766,6.522133727376373,
dcrlme_seed0,dcrlme,0,leg1_paralysed,best_intact,2,1,724,1099.3739013671875,724,1097.5968017578125,19.264659951659766,6.522133727376373,
dcrlme_seed0,dcrlme,0,leg1_paralysed,best_intact,3,1,724,1104.8603515625,724,1097.5968017578125,19.264659951659766,6.522133727376373,
dcrlme_seed0,dcrlme,0,leg1_paralysed,best_intact,4,1,724,1095.2913818359375,724,1097.5968017578125,19.264659951659766,6.522133727376373,
dcrlme_seed0,dcrlme,0,leg2_paralysed,ite,0,1,724,1101.5731201171875,724,1107.8824462890625,22.110940778513008,8.246808921053344,16
dcrlme_seed0,dcrlme,0,leg2_paralysed,ite,0,2,218,1127.5489501953125,218,1110.3883056640625,23.2374993867258,8.666986138900494,16
dcrlme_seed0,dcrlme,0,leg2_paralysed,ite,0,3,393,1070.326171875,218,1110.3883056640625,23.2374993867258,8.666986138900494,16
dcrlme_seed0,dcrlme,0,leg2_paralysed,ite,0,4,1001,1058.47900390625,218,1110.3883056640625,23.2374993867258,8.666986138900494,16
dcrlme_seed0,dcrlme,0,leg2_paralysed,ite,0,5,986,1075.434326171875,218,1110.3883056640625,23.2374993867258,8.666986138900494,16
dcrlme_seed0,dcrlme,0,leg2_paralysed,ite,0,6,930,1111.629150390625,218,1110.3883056640625,23.2374993867258,8.666986138900494,16
dcrlme_seed0,dcrlme,0,leg2_paralysed,ite,0,7,87,1074.034423828125,218,1110.3883056640625,23.2374993867258,8.666986138900494,16
dcrlme_seed0,dcrlme,0,leg2_paralysed,ite,0,8,24,1101.3447265625,218,1110.3883056640625,23.2374993867258,8.666986138900494,16
dcrlme_seed0,dcrlme,0,leg2_paralysed,ite,0,9,229,1075.68701171875,218,1110.3883056640625,23.2374993867258,8.666986138900494,16
dcrlme_seed0,dcrlme,0,leg2_paralysed,ite,0,10,743,1077.7498779296875,218,1110.3883056640625,23.2374993867258,8.666986138900494,16
dcrlme_seed0,dcrlme,0,leg2_paralysed,ite,0,11,724,1105.962890625,218,1110.3883056640625,23.2374993867258,8.666986138900494,16
dcrlme_seed0,dcrlme,0,leg2_paralysed,ite,0,12,880,1130.681640625,880,1141.423583984375,37.19002214153039,13.87091618774487,16
dcrlme_seed0,dcrlme,0,leg2_paralysed,ite,0,13,218,1134.487060546875,218,1110.3883056640625,23.2374993867258,8.666986138900494,16
dcrlme_seed0,dcrlme,0,leg2_paralysed,ite,0,14,930,1121.0478515625,218,1110.3883056640625,23.2374993867258,8.666986138900494,16
dcrlme_seed0,dcrlme,0,leg2_paralysed,ite,0,15,218,1132.1031494140625,218,1110.3883056640625,23.2374993867258,8.666986138900494,16
dcrlme_seed0,dcrlme,0,leg2_paralysed,ite,0,16,724,1111.674072265625,218,1110.3883056640625,23.2374993867258,8.666986138900494,16
dcrlme_seed0,dcrlme,0,leg2_paralysed,ite,0,17,880,1140.21484375,880,1141.423583984375,37.19002214153039,13.87091618774487,16
dcrlme_seed0,dcrlme,0,leg2_paralysed,ite,0,18,880,1154.4791259765625,880,1141.423583984375,37.19002214153039,13.87091618774487,16
dcrlme_seed0,dcrlme,0,leg2_paralysed,ite,0,19,880,1137.46240234375,880,1141.423583984375,37.19002214153039,13.87091618774487,16
dcrlme_seed0,dcrlme,0,leg2_paralysed,ite,0,20,880,1144.7347412109375,880,1141.423583984375,37.19002214153039,13.87091618774487,16
dcrlme_seed0,dcrlme,0,leg2_paralysed,ite,1,1,724,1115.0968017578125,724,1107.8824462890625,22.110940778513008,8.246808921053344,13
dcrlme_seed0,dcrlme,0,leg2_paralysed,ite,1,2,218,1124.6864013671875,218,1110.3883056640625,23.2374993867258,8.666986138900494,13
dcrlme_seed0,dcrlme,0,leg2_paralysed,ite,1,3,393,1069.7379150390625,218,1110.3883056640625,23.2374993867258,8.666986138900494,13
dcrlme_seed0,dcrlme,0,leg2_paralysed,ite,1,4,1001,1059.4520263671875,218,1110.3883056640625,23.2374993867258,8.666986138900494,13
dcrlme_seed0,dcrlme,0,leg2_paralysed,ite,1,5,986,1076.84423828125,218,1110.3883056640625,23.2374993867258,8.666986138900494,13
dcrlme_seed0,dcrlme,0,leg2_paralysed,ite,1,6,930,1115.8121337890625,218,1110.3883056640625,23.2374993867258,8.666986138900494,13
dcrlme_seed0,dcrlme,0,leg2_paralysed,ite,1,7,87,1071.4365234375,218,1110.3883056640625,23.2374993867258,8.666986138900494,13
dcrlme_seed0,dcrlme,0,leg2_paralysed,ite,1,8,24,1098.7503662109375,218,1110.3883056640625,23.2374993867258,8.666986138900494,13
dcrlme_seed0,dcrlme,0,leg2_paralysed,ite,1,9,229,1061.372802734375,218,1110.3883056640625,23.2374993867258,8.666986138900494,13
dcrlme_seed0,dcrlme,0,leg2_paralysed,ite,1,10,743,1079.659423828125,218,1110.3883056640625,23.2374993867258,8.666986138900494,13
dcrlme_seed0,dcrlme,0,leg2_paralysed,ite,1,11,724,1100.7484130859375,218,1110.3883056640625,23.2374993867258,8.666986138900494,13
dcrlme_seed0,dcrlme,0,leg2_paralysed,ite,1,12,880,1140.798095703125,880,1141.423583984375,37.19002214153039,13.87091618774487,13
dcrlme_seed0,dcrlme,0,leg2_paralysed,ite,1,13,218,1116.04541015625,880,1141.423583984375,37.19002214153039,13.87091618774487,13
dcrlme_seed0,dcrlme,0,leg2_paralysed,ite,1,14,930,1136.5908203125,880,1141.423583984375,37.19002214153039,13.87091618774487,13
dcrlme_seed0,dcrlme,0,leg2_paralysed,ite,1,15,880,1147.9034423828125,880,1141.423583984375,37.19002214153039,13.87091618774487,13
dcrlme_seed0,dcrlme,0,leg2_paralysed,ite,1,16,880,1136.47216796875,880,1141.423583984375,37.19002214153039,13.87091618774487,13
dcrlme_seed0,dcrlme,0,leg2_paralysed,ite,1,17,724,1090.455322265625,880,1141.423583984375,37.19002214153039,13.87091618774487,13
dcrlme_seed0,dcrlme,0,leg2_paralysed,ite,1,18,930,1106.0892333984375,880,1141.423583984375,37.19002214153039,13.87091618774487,13
dcrlme_seed0,dcrlme,0,leg2_paralysed,ite,1,19,880,1129.236572265625,880,1141.423583984375,37.19002214153039,13.87091618774487,13
dcrlme_seed0,dcrlme,0,leg2_paralysed,ite,1,20,880,1144.380615234375,880,1141.423583984375,37.19002214153039,13.87091618774487,13
dcrlme_seed0,dcrlme,0,leg2_paralysed,ite,2,1,724,1090.131103515625,724,1107.8824462890625,22.110940778513008,8.246808921053344,13
dcrlme_seed0,dcrlme,0,leg2_paralysed,ite,2,2,218,1119.970458984375,218,1110.3883056640625,23.2374993867258,8.666986138900494,13
dcrlme_seed0,dcrlme,0,leg2_paralysed,ite,2,3,393,1070.626953125,218,1110.3883056640625,23.2374993867258,8.666986138900494,13
dcrlme_seed0,dcrlme,0,leg2_paralysed,ite,2,4,1001,1063.6253662109375,218,1110.3883056640625,23.2374993867258,8.666986138900494,13
dcrlme_seed0,dcrlme,0,leg2_paralysed,ite,2,5,986,1067.986572265625,218,1110.3883056640625,23.2374993867258,8.666986138900494,13
dcrlme_seed0,dcrlme,0,leg2_paralysed,ite,2,6,930,1125.5064697265625,930,1114.838134765625,25.238008006424792,9.413124102763616,13
dcrlme_seed0,dcrlme,0,leg2_paralysed,ite,2,7,87,1075.766845703125,930,1114.838134765625,25.238008006424792,9.413124102763616,13
dcrlme_seed0,dcrlme,0,leg2_paralysed,ite,2,8,24,1104.2283935546875,930,1114.838134765625,25.238008006424792,9.413124102763616,13
dcrlme_seed0,dcrlme,0,leg2_paralysed,ite,2,9,229,1082.9891357421875,930,1114.838134765625,25.238008006424792,9.413124102763616,13
dcrlme_seed0,dcrlme,0,leg2_paralysed,ite,2,10,743,1081.316650390625,930,1114.838134765625,25.238008006424792,9.413124102763616,13
dcrlme_seed0,dcrlme,0,leg2_paralysed,ite,2,11,880,1138.05615234375,880,1141.423583984375,37.19002214153039,13.87091618774487,13
dcrlme_seed0,dcrlme,0,leg2_paralysed,ite,2,12,724,1114.06640625,880,1141.423583984375,37.19002214153039,13.87091618774487,13
dcrlme_seed0,dcrlme,0,leg2_paralysed,ite,2,13,930,1150.8143310546875,930,1114.838134765625,25.238008006424792,9.413124102763616,13
dcrlme_seed0,dcrlme,0,leg2_paralysed,ite,2,14,930,1109.4400634765625,930,1114.838134765625,25.238008006424792,9.413124102763616,13
dcrlme_seed0,dcrlme,0,leg2_paralysed,ite,2,15,218,1093.59814453125,930,1114.838134765625,25.238008006424792,9.413124102763616,13
dcrlme_seed0,dcrlme,0,leg2_paralysed,ite,2,16,348,1086.40966796875,930,1114.838134765625,25.238008006424792,9.413124102763616,13
dcrlme_seed0,dcrlme,0,leg2_paralysed,ite,2,17,880,1145.958984375,930,1114.838134765625,25.238008006424792,9.413124102763616,13
dcrlme_seed0,dcrlme,0,leg2_paralysed,ite,2,18,880,1154.8857421875,880,1141.423583984375,37.19002214153039,13.87091618774487,13
dcrlme_seed0,dcrlme,0,leg2_paralysed,ite,2,19,880,1160.9521484375,880,1141.423583984375,37.19002214153039,13.87091618774487,13
dcrlme_seed0,dcrlme,0,leg2_paralysed,ite,2,20,880,1137.8082275390625,880,1141.423583984375,37.19002214153039,13.87091618774487,13
dcrlme_seed0,dcrlme,0,leg2_paralysed,ite,3,1,724,1103.63818359375,724,1107.8824462890625,22.110940778513008,8.246808921053344,15
dcrlme_seed0,dcrlme,0,leg2_paralysed,ite,3,2,218,1137.714111328125,218,1110.3883056640625,23.2374993867258,8.666986138900494,15
dcrlme_seed0,dcrlme,0,leg2_paralysed,ite,3,3,393,1068.90234375,218,1110.3883056640625,23.2374993867258,8.666986138900494,15
dcrlme_seed0,dcrlme,0,leg2_paralysed,ite,3,4,1001,1062.1865234375,218,1110.3883056640625,23.2374993867258,8.666986138900494,15
dcrlme_seed0,dcrlme,0,leg2_paralysed,ite,3,5,986,1074.3837890625,218,1110.3883056640625,23.2374993867258,8.666986138900494,15
dcrlme_seed0,dcrlme,0,leg2_paralysed,ite,3,6,930,1141.807373046875,930,1114.838134765625,25.238008006424792,9.413124102763616,15
dcrlme_seed0,dcrlme,0,leg2_paralysed,ite,3,7,87,1070.047607421875,930,1114.838134765625,25.238008006424792,9.413124102763616,15
dcrlme_seed0,dcrlme,0,leg2_paralysed,ite,3,8,24,1081.56591796875,930,1114.838134765625,25.238008006424792,9.413124102763616,15
dcrlme_seed0,dcrlme,0,leg2_paralysed,ite,3,9,229,1076.443359375,930,1114.838134765625,25.238008006424792,9.413124102763616,15
dcrlme_seed0,dcrlme,0,leg2_paralysed,ite,3,10,743,1078.599365234375,930,1114.838134765625,25.238008006424792,9.413124102763616,15
dcrlme_seed0,dcrlme,0,leg2_paralysed,ite,3,11,724,1110.3739013671875,930,1114.838134765625,25.238008006424792,9.413124102763616,15
dcrlme_seed0,dcrlme,0,leg2_paralysed,ite,3,12,880,1143.676513671875,880,1141.423583984375,37.19002214153039,13.87091618774487,15
dcrlme_seed0,dcrlme,0,leg2_paralysed,ite,3,13,930,1141.982421875,880,1141.423583984375,37.19002214153039,13.87091618774487,15
dcrlme_seed0,dcrlme,0,leg2_paralysed,ite,3,14,930,1119.87646484375,880,1141.423583984375,37.19002214153039,13.87091618774487,15
dcrlme_seed0,dcrlme,0,leg2_paralysed,ite,3,15,218,1097.54345703125,880,1141.423583984375,37.19002214153039,13.87091618774487,15
dcrlme_seed0,dcrlme,0,leg2_paralysed,ite,3,16,880,1141.0220947265625,880,1141.423583984375,37.19002214153039,13.87091618774487,15
dcrlme_seed0,dcrlme,0,leg2_paralysed,ite,3,17,724,1113.34912109375,880,1141.423583984375,37.19002214153039,13.87091618774487,15
dcrlme_seed0,dcrlme,0,leg2_paralysed,ite,3,18,880,1121.4925537109375,880,1141.423583984375,37.19002214153039,13.87091618774487,15
dcrlme_seed0,dcrlme,0,leg2_paralysed,ite,3,19,930,1109.22607421875,880,1141.423583984375,37.19002214153039,13.87091618774487,15
dcrlme_seed0,dcrlme,0,leg2_paralysed,ite,3,20,348,1079.02001953125,880,1141.423583984375,37.19002214153039,13.87091618774487,15
dcrlme_seed0,dcrlme,0,leg2_paralysed,ite,4,1,724,1120.52001953125,724,1107.8824462890625,22.110940778513008,8.246808921053344,12
dcrlme_seed0,dcrlme,0,leg2_paralysed,ite,4,2,218,1120.741455078125,218,1110.3883056640625,23.2374993867258,8.666986138900494,12
dcrlme_seed0,dcrlme,0,leg2_paralysed,ite,4,3,393,1073.5201416015625,218,1110.3883056640625,23.2374993867258,8.666986138900494,12
dcrlme_seed0,dcrlme,0,leg2_paralysed,ite,4,4,1001,1065.221923828125,218,1110.3883056640625,23.2374993867258,8.666986138900494,12
dcrlme_seed0,dcrlme,0,leg2_paralysed,ite,4,5,986,1066.2064208984375,218,1110.3883056640625,23.2374993867258,8.666986138900494,12
dcrlme_seed0,dcrlme,0,leg2_paralysed,ite,4,6,930,1102.379638671875,218,1110.3883056640625,23.2374993867258,8.666986138900494,12
dcrlme_seed0,dcrlme,0,leg2_paralysed,ite,4,7,87,1075.3963623046875,218,1110.3883056640625,23.2374993867258,8.666986138900494,12
dcrlme_seed0,dcrlme,0,leg2_paralysed,ite,4,8,229,1068.516845703125,218,1110.3883056640625,23.2374993867258,8.666986138900494,12
dcrlme_seed0,dcrlme,0,leg2_paralysed,ite,4,9,24,1111.3001708984375,218,1110.3883056640625,23.2374993867258,8.666986138900494,12
dcrlme_seed0,dcrlme,0,leg2_paralysed,ite,4,10,743,1079.43701171875,218,1110.3883056640625,23.2374993867258,8.666986138900494,12
dcrlme_seed0,dcrlme,0,leg2_paralysed,ite,4,11,724,1108.955810546875,218,1110.3883056640625,23.2374993867258,8.666986138900494,12
dcrlme_seed0,dcrlme,0,leg2_paralysed,ite,4,12,880,1144.7109375,880,1141.423583984375,37.19002214153039,13.87091618774487,12
dcrlme_seed0,dcrlme,0,leg2_paralysed,ite,4,13,218,1128.1346435546875,880,1141.423583984375,37.19002214153039,13.87091618774487,12
dcrlme_seed0,dcrlme,0,leg2_paralysed,ite,4,14,724,1106.719970703125,880,1141.423583984375,37.19002214153039,13.87091618774487,12
dcrlme_seed0,dcrlme,0,leg2_paralysed,ite,4,15,880,1138.79443359375,880,1141.423583984375,37.19002214153039,13.87091618774487,12
dcrlme_seed0,dcrlme,0,leg2_paralysed,ite,4,16,24,1102.046142578125,880,1141.423583984375,37.19002214153039,13.87091618774487,12
dcrlme_seed0,dcrlme,0,leg2_paralysed,ite,4,17,880,1134.9700927734375,880,1141.423583984375,37.19002214153039,13.87091618774487,12
dcrlme_seed0,dcrlme,0,leg2_paralysed,ite,4,18,880,1150.2156982421875,880,1141.423583984375,37.19002214153039,13.87091618774487,12
dcrlme_seed0,dcrlme,0,leg2_paralysed,ite,4,19,880,1144.95654296875,880,1141.423583984375,37.19002214153039,13.87091618774487,12
dcrlme_seed0,dcrlme,0,leg2_paralysed,ite,4,20,880,1140.7421875,880,1141.423583984375,37.19002214153039,13.87091618774487,12
dcrlme_seed0,dcrlme,0,leg2_paralysed,top_k,0,1,724,1095.234130859375,724,1107.8824462890625,22.110940778513008,8.246808921053344,
dcrlme_seed0,dcrlme,0,leg2_paralysed,top_k,0,2,342,1125.363525390625,342,1121.50439453125,28.234956837022054,10.53090848831666,
dcrlme_seed0,dcrlme,0,leg2_paralysed,top_k,0,3,716,1136.052978515625,716,1139.808837890625,36.46408112100044,13.600158966501585,
dcrlme_seed0,dcrlme,0,leg2_paralysed,top_k,0,4,218,1088.1004638671875,716,1139.808837890625,36.46408112100044,13.600158966501585,
dcrlme_seed0,dcrlme,0,leg2_paralysed,top_k,0,5,939,1136.5709228515625,939,1143.492919921875,38.12033301090019,14.21789807574881,
dcrlme_seed0,dcrlme,0,leg2_paralysed,top_k,0,6,880,1138.553466796875,880,1141.423583984375,37.19002214153039,13.87091618774487,
dcrlme_seed0,dcrlme,0,leg2_paralysed,top_k,0,7,330,1157.704833984375,330,1150.61767578125,41.32340782222852,15.412562119828447,
dcrlme_seed0,dcrlme,0,leg2_paralysed,top_k,0,8,381,1093.6568603515625,330,1150.61767578125,41.32340782222852,15.412562119828447,
dcrlme_seed0,dcrlme,0,leg2_paralysed,top_k,0,9,901,1079.698486328125,330,1150.61767578125,41.32340782222852,15.412562119828447,
dcrlme_seed0,dcrlme,0,leg2_paralysed,top_k,0,10,131,1085.185791015625,330,1150.61767578125,41.32340782222852,15.412562119828447,
dcrlme_seed0,dcrlme,0,leg2_paralysed,top_k,0,11,858,1174.0220947265625,858,1128.9359130859375,31.575942880932157,11.77700985451486,
dcrlme_seed0,dcrlme,0,leg2_paralysed,top_k,0,12,126,1124.827392578125,858,1128.9359130859375,31.575942880932157,11.77700985451486,
dcrlme_seed0,dcrlme,0,leg2_paralysed,top_k,0,13,41,1116.413330078125,858,1128.9359130859375,31.575942880932157,11.77700985451486,
dcrlme_seed0,dcrlme,0,leg2_paralysed,top_k,0,14,229,1082.2655029296875,858,1128.9359130859375,31.575942880932157,11.77700985451486,
dcrlme_seed0,dcrlme,0,leg2_paralysed,top_k,0,15,244,1076.622802734375,858,1128.9359130859375,31.575942880932157,11.77700985451486,
dcrlme_seed0,dcrlme,0,leg2_paralysed,top_k,0,16,73,1098.5433349609375,858,1128.9359130859375,31.575942880932157,11.77700985451486,
dcrlme_seed0,dcrlme,0,leg2_paralysed,top_k,0,17,535,1104.1300048828125,858,1128.9359130859375,31.575942880932157,11.77700985451486,
dcrlme_seed0,dcrlme,0,leg2_paralysed,top_k,0,18,43,1104.107666015625,858,1128.9359130859375,31.575942880932157,11.77700985451486,
dcrlme_seed0,dcrlme,0,leg2_paralysed,top_k,0,19,217,1169.553466796875,858,1128.9359130859375,31.575942880932157,11.77700985451486,
dcrlme_seed0,dcrlme,0,leg2_paralysed,top_k,0,20,26,1081.4459228515625,858,1128.9359130859375,31.575942880932157,11.77700985451486,
dcrlme_seed0,dcrlme,0,leg2_paralysed,top_k,1,1,724,1086.368408203125,724,1107.8824462890625,22.110940778513008,8.246808921053344,
dcrlme_seed0,dcrlme,0,leg2_paralysed,top_k,1,2,342,1135.908447265625,342,1121.50439453125,28.234956837022054,10.53090848831666,
dcrlme_seed0,dcrlme,0,leg2_paralysed,top_k,1,3,716,1122.3369140625,342,1121.50439453125,28.234956837022054,10.53090848831666,
dcrlme_seed0,dcrlme,0,leg2_paralysed,top_k,1,4,218,1094.234130859375,342,1121.50439453125,28.234956837022054,10.53090848831666,
dcrlme_seed0,dcrlme,0,leg2_paralysed,top_k,1,5,939,1142.3731689453125,939,1143.492919921875,38.12033301090019,14.21789807574881,
dcrlme_seed0,dcrlme,0,leg2_paralysed,top_k,1,6,880,1131.7510986328125,939,1143.492919921875,38.12033301090019,14.21789807574881,
dcrlme_seed0,dcrlme,0,leg2_paralysed,top_k,1,7,330,1165.9736328125,330,1150.61767578125,41.32340782222852,15.412562119828447,
dcrlme_seed0,dcrlme,0,leg2_paralysed,top_k,1,8,381,1095.6845703125,330,1150.61767578125,41.32340782222852,15.412562119828447,
dcrlme_seed0,dcrlme,0,leg2_paralysed,top_k,1,9,901,1085.43359375,330,1150.61767578125,41.32340782222852,15.412562119828447,
dcrlme_seed0,dcrlme,0,leg2_paralysed,top_k,1,10,131,1080.516845703125,330,1150.61767578125,41.32340782222852,15.412562119828447,
dcrlme_seed0,dcrlme,0,leg2_paralysed,top_k,1,11,858,1148.3779296875,330,1150.61767578125,41.32340782222852,15.412562119828447,
dcrlme_seed0,dcrlme,0,leg2_paralysed,top_k,1,12,126,1117.8026123046875,330,1150.61767578125,41.32340782222852,15.412562119828447,
dcrlme_seed0,dcrlme,0,leg2_paralysed,top_k,1,13,41,1118.826171875,330,1150.61767578125,41.32340782222852,15.412562119828447,
dcrlme_seed0,dcrlme,0,leg2_paralysed,top_k,1,14,229,1088.943603515625,330,1150.61767578125,41.32340782222852,15.412562119828447,
dcrlme_seed0,dcrlme,0,leg2_paralysed,top_k,1,15,244,1077.510498046875,330,1150.61767578125,41.32340782222852,15.412562119828447,
dcrlme_seed0,dcrlme,0,leg2_paralysed,top_k,1,16,73,1102.062744140625,330,1150.61767578125,41.32340782222852,15.412562119828447,
dcrlme_seed0,dcrlme,0,leg2_paralysed,top_k,1,17,535,1127.5972900390625,330,1150.61767578125,41.32340782222852,15.412562119828447,
dcrlme_seed0,dcrlme,0,leg2_paralysed,top_k,1,18,43,1103.32177734375,330,1150.61767578125,41.32340782222852,15.412562119828447,
dcrlme_seed0,dcrlme,0,leg2_paralysed,top_k,1,19,217,1152.45751953125,330,1150.61767578125,41.32340782222852,15.412562119828447,
dcrlme_seed0,dcrlme,0,leg2_paralysed,top_k,1,20,26,1082.3775634765625,330,1150.61767578125,41.32340782222852,15.412562119828447,
dcrlme_seed0,dcrlme,0,leg2_paralysed,top_k,2,1,724,1099.674560546875,724,1107.8824462890625,22.110940778513008,8.246808921053344,
dcrlme_seed0,dcrlme,0,leg2_paralysed,top_k,2,2,342,1122.9205322265625,342,1121.50439453125,28.234956837022054,10.53090848831666,
dcrlme_seed0,dcrlme,0,leg2_paralysed,top_k,2,3,716,1132.7872314453125,716,1139.808837890625,36.46408112100044,13.600158966501585,
dcrlme_seed0,dcrlme,0,leg2_paralysed,top_k,2,4,218,1123.644775390625,716,1139.808837890625,36.46408112100044,13.600158966501585,
dcrlme_seed0,dcrlme,0,leg2_paralysed,top_k,2,5,939,1151.07177734375,939,1143.492919921875,38.12033301090019,14.21789807574881,
dcrlme_seed0,dcrlme,0,leg2_paralysed,top_k,2,6,880,1144.515869140625,939,1143.492919921875,38.12033301090019,14.21789807574881,
dcrlme_seed0,dcrlme,0,leg2_paralysed,top_k,2,7,330,1146.093017578125,939,1143.492919921875,38.12033301090019,14.21789807574881,
dcrlme_seed0,dcrlme,0,leg2_paralysed,top_k,2,8,381,1102.744873046875,939,1143.492919921875,38.12033301090019,14.21789807574881,
dcrlme_seed0,dcrlme,0,leg2_paralysed,top_k,2,9,901,1080.262939453125,939,1143.492919921875,38.12033301090019,14.21789807574881,
dcrlme_seed0,dcrlme,0,leg2_paralysed,top_k,2,10,131,1092.915771484375,939,1143.492919921875,38.12033301090019,14.21789807574881,
dcrlme_seed0,dcrlme,0,leg2_paralysed,top_k,2,11,858,1077.970703125,939,1143.492919921875,38.12033301090019,14.21789807574881,
dcrlme_seed0,dcrlme,0,leg2_paralysed,top_k,2,12,126,1133.0543212890625,939,1143.492919921875,38.12033301090019,14.21789807574881,
dcrlme_seed0,dcrlme,0,leg2_paralysed,top_k,2,13,41,1135.05859375,939,1143.492919921875,38.12033301090019,14.21789807574881,
dcrlme_seed0,dcrlme,0,leg2_paralysed,top_k,2,14,229,1083.084716796875,939,1143.492919921875,38.12033301090019,14.21789807574881,
dcrlme_seed0,dcrlme,0,leg2_paralysed,top_k,2,15,244,1078.645263671875,939,1143.492919921875,38.12033301090019,14.21789807574881,
dcrlme_seed0,dcrlme,0,leg2_paralysed,top_k,2,16,73,1086.732177734375,939,1143.492919921875,38.12033301090019,14.21789807574881,
dcrlme_seed0,dcrlme,0,leg2_paralysed,top_k,2,17,535,1141.4095458984375,939,1143.492919921875,38.12033301090019,14.21789807574881,
dcrlme_seed0,dcrlme,0,leg2_paralysed,top_k,2,18,43,1102.44189453125,939,1143.492919921875,38.12033301090019,14.21789807574881,
dcrlme_seed0,dcrlme,0,leg2_paralysed,top_k,2,19,217,1158.84814453125,217,1167.25048828125,48.80101741501117,18.201517059178666,
dcrlme_seed0,dcrlme,0,leg2_paralysed,top_k,2,20,26,1087.49072265625,217,1167.25048828125,48.80101741501117,18.201517059178666,
dcrlme_seed0,dcrlme,0,leg2_paralysed,top_k,3,1,724,1095.4609375,724,1107.8824462890625,22.110940778513008,8.246808921053344,
dcrlme_seed0,dcrlme,0,leg2_paralysed,top_k,3,2,342,1117.5706787109375,342,1121.50439453125,28.234956837022054,10.53090848831666,
dcrlme_seed0,dcrlme,0,leg2_paralysed,top_k,3,3,716,1119.991455078125,716,1139.808837890625,36.46408112100044,13.600158966501585,
dcrlme_seed0,dcrlme,0,leg2_paralysed,top_k,3,4,218,1147.1396484375,218,1110.3883056640625,23.2374993867258,8.666986138900494,
dcrlme_seed0,dcrlme,0,leg2_paralysed,top_k,3,5,939,1171.849609375,939,1143.492919921875,38.12033301090019,14.21789807574881,
dcrlme_seed0,dcrlme,0,leg2_paralysed,top_k,3,6,880,1137.690673828125,939,1143.492919921875,38.12033301090019,14.21789807574881,
dcrlme_seed0,dcrlme,0,leg2_paralysed,top_k,3,7,330,1153.0927734375,939,1143.492919921875,38.12033301090019,14.21789807574881,
dcrlme_seed0,dcrlme,0,leg2_paralysed,top_k,3,8,381,1079.3551025390625,939,1143.492919921875,38.12033301090019,14.21789807574881,
dcrlme_seed0,dcrlme,0,leg2_paralysed,top_k,3,9,901,1082.021728515625,939,1143.492919921875,38.12033301090019,14.21789807574881,
dcrlme_seed0,dcrlme,0,leg2_paralysed,top_k,3,10,131,1079.246826171875,939,1143.492919921875,38.12033301090019,14.21789807574881,
dcrlme_seed0,dcrlme,0,leg2_paralysed,top_k,3,11,858,1139.376708984375,939,1143.492919921875,38.12033301090019,14.21789807574881,
dcrlme_seed0,dcrlme,0,leg2_paralysed,top_k,3,12,126,1147.2894287109375,939,1143.492919921875,38.12033301090019,14.21789807574881,
dcrlme_seed0,dcrlme,0,leg2_paralysed,top_k,3,13,41,1121.9315185546875,939,1143.492919921875,38.12033301090019,14.21789807574881,
dcrlme_seed0,dcrlme,0,leg2_paralysed,top_k,3,14,229,1082.5255126953125,939,1143.492919921875,38.12033301090019,14.21789807574881,
dcrlme_seed0,dcrlme,0,leg2_paralysed,top_k,3,15,244,1072.81005859375,939,1143.492919921875,38.12033301090019,14.21789807574881,
dcrlme_seed0,dcrlme,0,leg2_paralysed,top_k,3,16,73,1092.4974365234375,939,1143.492919921875,38.12033301090019,14.21789807574881,
dcrlme_seed0,dcrlme,0,leg2_paralysed,top_k,3,17,535,1124.0799560546875,939,1143.492919921875,38.12033301090019,14.21789807574881,
dcrlme_seed0,dcrlme,0,leg2_paralysed,top_k,3,18,43,1110.568603515625,939,1143.492919921875,38.12033301090019,14.21789807574881,
dcrlme_seed0,dcrlme,0,leg2_paralysed,top_k,3,19,217,1149.488525390625,939,1143.492919921875,38.12033301090019,14.21789807574881,
dcrlme_seed0,dcrlme,0,leg2_paralysed,top_k,3,20,26,1082.7867431640625,939,1143.492919921875,38.12033301090019,14.21789807574881,
dcrlme_seed0,dcrlme,0,leg2_paralysed,top_k,4,1,724,1116.4459228515625,724,1107.8824462890625,22.110940778513008,8.246808921053344,
dcrlme_seed0,dcrlme,0,leg2_paralysed,top_k,4,2,342,1143.292724609375,342,1121.50439453125,28.234956837022054,10.53090848831666,
dcrlme_seed0,dcrlme,0,leg2_paralysed,top_k,4,3,716,1139.2271728515625,342,1121.50439453125,28.234956837022054,10.53090848831666,
dcrlme_seed0,dcrlme,0,leg2_paralysed,top_k,4,4,218,1149.656982421875,218,1110.3883056640625,23.2374993867258,8.666986138900494,
dcrlme_seed0,dcrlme,0,leg2_paralysed,top_k,4,5,939,1134.1396484375,218,1110.3883056640625,23.2374993867258,8.666986138900494,
dcrlme_seed0,dcrlme,0,leg2_paralysed,top_k,4,6,880,1137.0205078125,218,1110.3883056640625,23.2374993867258,8.666986138900494,
dcrlme_seed0,dcrlme,0,leg2_paralysed,top_k,4,7,330,1144.43994140625,218,1110.3883056640625,23.2374993867258,8.666986138900494,
dcrlme_seed0,dcrlme,0,leg2_paralysed,top_k,4,8,381,1083.07373046875,218,1110.3883056640625,23.2374993867258,8.666986138900494,
dcrlme_seed0,dcrlme,0,leg2_paralysed,top_k,4,9,901,1087.99658203125,218,1110.3883056640625,23.2374993867258,8.666986138900494,
dcrlme_seed0,dcrlme,0,leg2_paralysed,top_k,4,10,131,1083.056396484375,218,1110.3883056640625,23.2374993867258,8.666986138900494,
dcrlme_seed0,dcrlme,0,leg2_paralysed,top_k,4,11,858,1135.93505859375,218,1110.3883056640625,23.2374993867258,8.666986138900494,
dcrlme_seed0,dcrlme,0,leg2_paralysed,top_k,4,12,126,1133.871337890625,218,1110.3883056640625,23.2374993867258,8.666986138900494,
dcrlme_seed0,dcrlme,0,leg2_paralysed,top_k,4,13,41,1122.636474609375,218,1110.3883056640625,23.2374993867258,8.666986138900494,
dcrlme_seed0,dcrlme,0,leg2_paralysed,top_k,4,14,229,1078.8310546875,218,1110.3883056640625,23.2374993867258,8.666986138900494,
dcrlme_seed0,dcrlme,0,leg2_paralysed,top_k,4,15,244,1076.388916015625,218,1110.3883056640625,23.2374993867258,8.666986138900494,
dcrlme_seed0,dcrlme,0,leg2_paralysed,top_k,4,16,73,1100.4654541015625,218,1110.3883056640625,23.2374993867258,8.666986138900494,
dcrlme_seed0,dcrlme,0,leg2_paralysed,top_k,4,17,535,1116.0703125,218,1110.3883056640625,23.2374993867258,8.666986138900494,
dcrlme_seed0,dcrlme,0,leg2_paralysed,top_k,4,18,43,1104.393798828125,218,1110.3883056640625,23.2374993867258,8.666986138900494,
dcrlme_seed0,dcrlme,0,leg2_paralysed,top_k,4,19,217,1089.123291015625,218,1110.3883056640625,23.2374993867258,8.666986138900494,
dcrlme_seed0,dcrlme,0,leg2_paralysed,top_k,4,20,26,1079.703857421875,218,1110.3883056640625,23.2374993867258,8.666986138900494,
dcrlme_seed0,dcrlme,0,leg2_paralysed,random,0,1,883,1076.416748046875,883,1086.7060546875,12.590675400642265,4.695996215457569,
dcrlme_seed0,dcrlme,0,leg2_paralysed,random,0,2,335,1081.263671875,335,1080.4404296875,9.77383984713748,3.64538942289821,
dcrlme_seed0,dcrlme,0,leg2_paralysed,random,0,3,112,1055.503662109375,335,1080.4404296875,9.77383984713748,3.64538942289821,
dcrlme_seed0,dcrlme,0,leg2_paralysed,random,0,4,597,576.5127563476562,335,1080.4404296875,9.77383984713748,3.64538942289821,
dcrlme_seed0,dcrlme,0,leg2_paralysed,random,0,5,343,1049.838623046875,335,1080.4404296875,9.77383984713748,3.64538942289821,
dcrlme_seed0,dcrlme,0,leg2_paralysed,random,0,6,865,680.2951049804688,335,1080.4404296875,9.77383984713748,3.64538942289821,
dcrlme_seed0,dcrlme,0,leg2_paralysed,random,0,7,581,1058.4267578125,335,1080.4404296875,9.77383984713748,3.64538942289821,
dcrlme_seed0,dcrlme,0,leg2_paralysed,random,0,8,444,1088.2293701171875,444,1101.1856689453125,19.100272167515648,7.123907412328935,
dcrlme_seed0,dcrlme,0,leg2_paralysed,random,0,9,192,1055.2691650390625,444,1101.1856689453125,19.100272167515648,7.123907412328935,
dcrlme_seed0,dcrlme,0,leg2_paralysed,random,0,10,89,1181.435546875,89,1161.155517578125,46.06090287350373,17.179525219393582,
dcrlme_seed0,dcrlme,0,leg2_paralysed,random,0,11,496,1091.92138671875,89,1161.155517578125,46.06090287350373,17.179525219393582,
dcrlme_seed0,dcrlme,0,leg2_paralysed,random,0,12,233,1111.98388671875,89,1161.155517578125,46.06090287350373,17.179525219393582,
dcrlme_seed0,dcrlme,0,leg2_paralysed,random,0,13,492,1098.2471923828125,89,1161.155517578125,46.06090287350373,17.179525219393582,
dcrlme_seed0,dcrlme,0,leg2_paralysed,random,0,14,923,1095.7822265625,89,1161.155517578125,46.06090287350373,17.179525219393582,
dcrlme_seed0,dcrlme,0,leg2_paralysed,random,0,15,40,1061.7099609375,89,1161.155517578125,46.06090287350373,17.179525219393582,
dcrlme_seed0,dcrlme,0,leg2_paralysed,random,0,16,1022,1108.27294921875,89,1161.155517578125,46.06090287350373,17.179525219393582,
dcrlme_seed0,dcrlme,0,leg2_paralysed,random,0,17,693,1051.4691162109375,89,1161.155517578125,46.06090287350373,17.179525219393582,
dcrlme_seed0,dcrlme,0,leg2_paralysed,random,0,18,815,1070.659423828125,89,1161.155517578125,46.06090287350373,17.179525219393582,
dcrlme_seed0,dcrlme,0,leg2_paralysed,random,0,19,249,1055.7890625,89,1161.155517578125,46.06090287350373,17.179525219393582,
dcrlme_seed0,dcrlme,0,leg2_paralysed,random,0,20,892,1289.237548828125,892,1281.1348876953125,100.0,37.297413093645645,
dcrlme_seed0,dcrlme,0,leg2_paralysed,random,1,1,887,1067.340087890625,887,1065.743408203125,3.1665033646938046,1.181023840554037,
dcrlme_seed0,dcrlme,0,leg2_paralysed,random,1,2,395,1094.16064453125,395,1105.180419921875,20.89619142188839,7.793738835460657,
dcrlme_seed0,dcrlme,0,leg2_paralysed,random,1,3,777,1081.644287109375,395,1105.180419921875,20.89619142188839,7.793738835460657,
dcrlme_seed0,dcrlme,0,leg2_paralysed,random,1,4,710,1063.6097412109375,395,1105.180419921875,20.89619142188839,7.793738835460657,
dcrlme_seed0,dcrlme,0,leg2_paralysed,random,1,5,180,1107.989013671875,180,1075.288818359375,7.45783115735785,2.781578094586371,
dcrlme_seed0,dcrlme,0,leg2_paralysed,random,1,6,978,1103.4818115234375,180,1075.288818359375,7.45783115735785,2.781578094586371,
dcrlme_seed0,dcrlme,0,leg2_paralysed,random,1,7,306,1080.3671875,180,1075.288818359375,7.45783115735785,2.781578094586371,
dcrlme_seed0,dcrlme,0,leg2_paralysed,random,1,8,718,1076.51318359375,180,1075.288818359375,7.45783115735785,2.781578094586371,
dcrlme_seed0,dcrlme,0,leg2_paralysed,random,1,9,818,1058.297607421875,180,1075.288818359375,7.45783115735785,2.781578094586371,
dcrlme_seed0,dcrlme,0,leg2_paralysed,random,1,10,179,1115.13427734375,179,1115.72314453125,25.635881638027616,9.561520674733211,
dcrlme_seed0,dcrlme,0,leg2_paralysed,random,1,11,380,1051.260498046875,179,1115.72314453125,25.635881638027616,9.561520674733211,
dcrlme_seed0,dcrlme,0,leg2_paralysed,random,1,12,944,1072.189208984375,179,1115.72314453125,25.635881638027616,9.561520674733211,
dcrlme_seed0,dcrlme,0,leg2_paralysed,random,1,13,430,1107.93701171875,179,1115.72314453125,25.635881638027616,9.561520674733211,
dcrlme_seed0,dcrlme,0,leg2_paralysed,random,1,14,543,1072.6759033203125,179,1115.72314453125,25.635881638027616,9.561520674733211,
dcrlme_seed0,dcrlme,0,leg2_paralysed,random,1,15,88,1079.375732421875,179,1115.72314453125,25.635881638027616,9.561520674733211,
dcrlme_seed0,dcrlme,0,leg2_paralysed,random,1,16,968,1086.2178955078125,179,1115.72314453125,25.635881638027616,9.561520674733211,
dcrlme_seed0,dcrlme,0,leg2_paralysed,random,1,17,702,1082.197021484375,179,1115.72314453125,25.635881638027616,9.561520674733211,
dcrlme_seed0,dcrlme,0,leg2_paralysed,random,1,18,647,1071.140625,179,1115.72314453125,25.635881638027616,9.561520674733211,
dcrlme_seed0,dcrlme,0,leg2_paralysed,random,1,19,745,1075.667236328125,179,1115.72314453125,25.635881638027616,9.561520674733211,
dcrlme_seed0,dcrlme,0,leg2_paralysed,random,1,20,36,1079.99755859375,179,1115.72314453125,25.635881638027616,9.561520674733211,
dcrlme_seed0,dcrlme,0,leg2_paralysed,random,2,1,409,1108.288330078125,409,1091.6646728515625,14.819920199171682,5.527446856833694,
dcrlme_seed0,dcrlme,0,leg2_paralysed,random,2,2,0,1079.737548828125,409,1091.6646728515625,14.819920199171682,5.527446856833694,
dcrlme_seed0,dcrlme,0,leg2_paralysed,random,2,3,1019,1088.70751953125,409,1091.6646728515625,14.819920199171682,5.527446856833694,
dcrlme_seed0,dcrlme,0,leg2_paralysed,random,2,4,490,1059.97412109375,409,1091.6646728515625,14.819920199171682,5.527446856833694,
dcrlme_seed0,dcrlme,0,leg2_paralysed,random,2,5,802,1014.6986083984375,409,1091.6646728515625,14.819920199171682,5.527446856833694,
dcrlme_seed0,dcrlme,0,leg2_paralysed,random,2,6,218,1064.7984619140625,409,1091.6646728515625,14.819920199171682,5.527446856833694,
dcrlme_seed0,dcrlme,0,leg2_paralysed,random,2,7,385,1064.2222900390625,409,1091.6646728515625,14.819920199171682,5.527446856833694,
dcrlme_seed0,dcrlme,0,leg2_paralysed,random,2,8,488,1068.216552734375,409,1091.6646728515625,14.819920199171682,5.527446856833694,
dcrlme_seed0,dcrlme,0,leg2_paralysed,random,2,9,838,1075.08642578125,409,1091.6646728515625,14.819920199171682,5.527446856833694,
dcrlme_seed0,dcrlme,0,leg2_paralysed,random,2,10,169,989.9602661132812,409,1091.6646728515625,14.819920199171682,5.527446856833694,
dcrlme_seed0,dcrlme,0,leg2_paralysed,random,2,11,122,1053.443359375,409,1091.6646728515625,14.819920199171682,5.527446856833694,
dcrlme_seed0,dcrlme,0,leg2_paralysed,random,2,12,89,1181.7041015625,89,1161.155517578125,46.06090287350373,17.179525219393582,
dcrlme_seed0,dcrlme,0,leg2_paralysed,random,2,13,943,1279.926513671875,943,1238.8472900390625,80.98877469519313,30.206717857548128,
dcrlme_seed0,dcrlme,0,leg2_paralysed,random,2,14,808,1079.8043212890625,943,1238.8472900390625,80.98877469519313,30.206717857548128,
dcrlme_seed0,dcrlme,0,leg2_paralysed,random,2,15,880,1146.283447265625,943,1238.8472900390625,80.98877469519313,30.206717857548128,
dcrlme_seed0,dcrlme,0,leg2_paralysed,random,2,16,475,1061.0986328125,943,1238.8472900390625,80.98877469519313,30.206717857548128,
dcrlme_seed0,dcrlme,0,leg2_paralysed,random,2,17,900,1063.63818359375,943,1238.8472900390625,80.98877469519313,30.206717857548128,
dcrlme_seed0,dcrlme,0,leg2_paralysed,random,2,18,427,1065.4378662109375,943,1238.8472900390625,80.98877469519313,30.206717857548128,
dcrlme_seed0,dcrlme,0,leg2_paralysed,random,2,19,23,1076.366943359375,943,1238.8472900390625,80.98877469519313,30.206717857548128,
dcrlme_seed0,dcrlme,0,leg2_paralysed,random,2,20,389,1100.90673828125,943,1238.8472900390625,80.98877469519313,30.206717857548128,
dcrlme_seed0,dcrlme,0,leg2_paralysed,random,3,1,807,1072.671142578125,807,1072.5875244140625,6.243411075462834,2.3286308199497974,
dcrlme_seed0,dcrlme,0,leg2_paralysed,random,3,2,766,1058.9615478515625,807,1072.5875244140625,6.243411075462834,2.3286308199497974,
dcrlme_seed0,dcrlme,0,leg2_paralysed,random,3,3,697,1075.69775390625,697,1076.0574951171875,7.803404986075502,2.910468193026721,
dcrlme_seed0,dcrlme,0,leg2_paralysed,random,3,4,953,1074.1768798828125,697,1076.0574951171875,7.803404986075502,2.910468193026721,
dcrlme_seed0,dcrlme,0,leg2_paralysed,random,3,5,438,1074.9931640625,697,1076.0574951171875,7.803404986075502,2.910468193026721,
dcrlme_seed0,dcrlme,0,leg2_paralysed,random,3,6,607,849.80615234375,697,1076.0574951171875,7.803404986075502,2.910468193026721,
dcrlme_seed0,dcrlme,0,leg2_paralysed,random,3,7,913,1055.0611572265625,697,1076.0574951171875,7.803404986075502,2.910468193026721,
dcrlme_seed0,dcrlme,0,leg2_paralysed,random,3,8,484,818.01708984375,697,1076.0574951171875,7.803404986075502,2.910468193026721,
dcrlme_seed0,dcrlme,0,leg2_paralysed,random,3,9,771,1087.558349609375,771,1102.35400390625,19.625520240352976,7.319811355821486,
dcrlme_seed0,dcrlme,0,leg2_paralysed,random,3,10,535,1117.2418212890625,535,1130.8643798828125,32.44292324397511,12.100371101959778,
dcrlme_seed0,dcrlme,0,leg2_paralysed,random,3,11,975,1114.4451904296875,535,1130.8643798828125,32.44292324397511,12.100371101959778,
dcrlme_seed0,dcrlme,0,leg2_paralysed,random,3,12,742,1071.370849609375,535,1130.8643798828125,32.44292324397511,12.100371101959778,
dcrlme_seed0,dcrlme,0,leg2_paralysed,random,3,13,198,1073.1962890625,535,1130.8643798828125,32.44292324397511,12.100371101959778,
dcrlme_seed0,dcrlme,0,leg2_paralysed,random,3,14,271,977.6627197265625,535,1130.8643798828125,32.44292324397511,12.100371101959778,
dcrlme_seed0,dcrlme,0,leg2_paralysed,random,3,15,83,1074.9736328125,535,1130.8643798828125,32.44292324397511,12.100371101959778,
dcrlme_seed0,dcrlme,0,leg2_paralysed,random,3,16,510,790.2371826171875,535,1130.8643798828125,32.44292324397511,12.100371101959778,
dcrlme_seed0,dcrlme,0,leg2_paralysed,random,3,17,588,1126.884033203125,588,1120.20849609375,27.652360082112324,10.313614969967801,
dcrlme_seed0,dcrlme,0,leg2_paralysed,random,3,18,373,1088.9710693359375,588,1120.20849609375,27.652360082112324,10.313614969967801,
dcrlme_seed0,dcrlme,0,leg2_paralysed,random,3,19,655,785.8553466796875,588,1120.20849609375,27.652360082112324,10.313614969967801,
dcrlme_seed0,dcrlme,0,leg2_paralysed,random,3,20,832,1086.0975341796875,588,1120.20849609375,27.652360082112324,10.313614969967801,
dcrlme_seed0,dcrlme,0,leg2_paralysed,random,4,1,849,1043.15185546875,849,1085.06494140625,11.852880489846632,4.420817799794227,
dcrlme_seed0,dcrlme,0,leg2_paralysed,random,4,2,399,1070.814697265625,399,1073.317626953125,6.571643101754763,2.4510528747015417,
dcrlme_seed0,dcrlme,0,leg2_paralysed,random,4,3,535,1119.029052734375,535,1130.8643798828125,32.44292324397511,12.100371101959778,
dcrlme_seed0,dcrlme,0,leg2_paralysed,random,4,4,332,1086.142578125,535,1130.8643798828125,32.44292324397511,12.100371101959778,
dcrlme_seed0,dcrlme,0,leg2_paralysed,random,4,5,600,1075.81982421875,535,1130.8643798828125,32.44292324397511,12.100371101959778,
dcrlme_seed0,dcrlme,0,leg2_paralysed,random,4,6,968,1085.052490234375,535,1130.8643798828125,32.44292324397511,12.100371101959778,
dcrlme_seed0,dcrlme,0,leg2_paralysed,random,4,7,1012,1106.0887451171875,535,1130.8643798828125,32.44292324397511,12.100371101959778,
dcrlme_seed0,dcrlme,0,leg2_paralysed,random,4,8,897,1085.43115234375,535,1130.8643798828125,32.44292324397511,12.100371101959778,
dcrlme_seed0,dcrlme,0,leg2_paralysed,random,4,9,190,1064.8486328125,535,1130.8643798828125,32.44292324397511,12.100371101959778,
dcrlme_seed0,dcrlme,0,leg2_paralysed,random,4,10,963,1080.3797607421875,535,1130.8643798828125,32.44292324397511,12.100371101959778,
dcrlme_seed0,dcrlme,0,leg2_paralysed,random,4,11,536,1152.928466796875,536,1153.9412841796875,42.817601666042314,15.969857770175501,
dcrlme_seed0,dcrlme,0,leg2_paralysed,random,4,12,1007,1071.704345703125,536,1153.9412841796875,42.817601666042314,15.969857770175501,
dcrlme_seed0,dcrlme,0,leg2_paralysed,random,4,13,708,1061.817138671875,536,1153.9412841796875,42.817601666042314,15.969857770175501,
dcrlme_seed0,dcrlme,0,leg2_paralysed,random,4,14,53,1074.5419921875,536,1153.9412841796875,42.817601666042314,15.969857770175501,
dcrlme_seed0,dcrlme,0,leg2_paralysed,random,4,15,254,1036.84423828125,536,1153.9412841796875,42.817601666042314,15.969857770175501,
dcrlme_seed0,dcrlme,0,leg2_paralysed,random,4,16,309,1074.471435546875,536,1153.9412841796875,42.817601666042314,15.969857770175501,
dcrlme_seed0,dcrlme,0,leg2_paralysed,random,4,17,651,958.0943603515625,536,1153.9412841796875,42.817601666042314,15.969857770175501,
dcrlme_seed0,dcrlme,0,leg2_paralysed,random,4,18,985,1076.792724609375,536,1153.9412841796875,42.817601666042314,15.969857770175501,
dcrlme_seed0,dcrlme,0,leg2_paralysed,random,4,19,499,1060.175537109375,536,1153.9412841796875,42.817601666042314,15.969857770175501,
dcrlme_seed0,dcrlme,0,leg2_paralysed,random,4,20,1017,1091.2694091796875,536,1153.9412841796875,42.817601666042314,15.969857770175501,
dcrlme_seed0,dcrlme,0,leg2_paralysed,best_intact,0,1,724,1099.338134765625,724,1107.8824462890625,22.110940778513008,8.246808921053344,
dcrlme_seed0,dcrlme,0,leg2_paralysed,best_intact,1,1,724,1123.0858154296875,724,1107.8824462890625,22.110940778513008,8.246808921053344,
dcrlme_seed0,dcrlme,0,leg2_paralysed,best_intact,2,1,724,1084.395263671875,724,1107.8824462890625,22.110940778513008,8.246808921053344,
dcrlme_seed0,dcrlme,0,leg2_paralysed,best_intact,3,1,724,1098.72607421875,724,1107.8824462890625,22.110940778513008,8.246808921053344,
dcrlme_seed0,dcrlme,0,leg2_paralysed,best_intact,4,1,724,1097.5626220703125,724,1107.8824462890625,22.110940778513008,8.246808921053344,
dcrlme_seed0,dcrlme,0,leg3_paralysed,ite,0,1,724,1076.3704833984375,724,1073.4346923828125,3.9139832001700543,2.470682159186899,8
dcrlme_seed0,dcrlme,0,leg3_paralysed,ite,0,2,218,1127.67578125,218,1147.6630859375,23.631305951173015,14.91714272286954,8
dcrlme_seed0,dcrlme,0,leg3_paralysed,ite,0,3,393,1123.7197265625,218,1147.6630859375,23.631305951173015,14.91714272286954,8
dcrlme_seed0,dcrlme,0,leg3_paralysed,ite,0,4,1001,1164.9417724609375,1001,1218.1387939453125,42.35180109258687,26.73436088441573,8
dcrlme_seed0,dcrlme,0,leg3_paralysed,ite,0,5,986,1109.970947265625,1001,1218.1387939453125,42.35180109258687,26.73436088441573,8
dcrlme_seed0,dcrlme,0,leg3_paralysed,ite,0,6,930,1178.7830810546875,930,1184.2781982421875,33.35739528575962,21.05668757236635,8
dcrlme_seed0,dcrlme,0,leg3_paralysed,ite,0,7,87,1060.12841796875,930,1184.2781982421875,33.35739528575962,21.05668757236635,8
dcrlme_seed0,dcrlme,0,leg3_paralysed,ite,0,8,24,1328.2685546875,24,1299.054931640625,63.84559243440853,40.30220828836405,8
dcrlme_seed0,dcrlme,0,leg3_paralysed,ite,0,9,24,1287.8525390625,24,1299.054931640625,63.84559243440853,40.30220828836405,8
dcrlme_seed0,dcrlme,0,leg3_paralysed,ite,0,10,24,1313.22998046875,24,1299.054931640625,63.84559243440853,40.30220828836405,8
dcrlme_seed0,dcrlme,0,leg3_paralysed,ite,0,11,24,1246.7950439453125,24,1299.054931640625,63.84559243440853,40.30220828836405,8
dcrlme_seed0,dcrlme,0,leg3_paralysed,ite,0,12,24,1290.107666015625,24,1299.054931640625,63.84559243440853,40.30220828836405,8
dcrlme_seed0,dcrlme,0,leg3_paralysed,ite,0,13,24,1228.028564453125,24,1299.054931640625,63.84559243440853,40.30220828836405,8
dcrlme_seed0,dcrlme,0,leg3_paralysed,ite,0,14,24,1327.83544921875,24,1299.054931640625,63.84559243440853,40.30220828836405,8
dcrlme_seed0,dcrlme,0,leg3_paralysed,ite,0,15,24,1284.449951171875,24,1299.054931640625,63.84559243440853,40.30220828836405,8
dcrlme_seed0,dcrlme,0,leg3_paralysed,ite,0,16,24,1237.96044921875,24,1299.054931640625,63.84559243440853,40.30220828836405,8
dcrlme_seed0,dcrlme,0,leg3_paralysed,ite,0,17,24,1358.2657470703125,24,1299.054931640625,63.84559243440853,40.30220828836405,8
dcrlme_seed0,dcrlme,0,leg3_paralysed,ite,0,18,24,1286.9091796875,24,1299.054931640625,63.84559243440853,40.30220828836405,8
dcrlme_seed0,dcrlme,0,leg3_paralysed,ite,0,19,24,1249.388916015625,24,1299.054931640625,63.84559243440853,40.30220828836405,8
dcrlme_seed0,dcrlme,0,leg3_paralysed,ite,0,20,24,1339.07080078125,24,1299.054931640625,63.84559243440853,40.30220828836405,8
dcrlme_seed0,dcrlme,0,leg3_paralysed,ite,1,1,724,1072.395751953125,724,1073.4346923828125,3.9139832001700543,2.470682159186899,8
dcrlme_seed0,dcrlme,0,leg3_paralysed,ite,1,2,218,1112.786865234375,218,1147.6630859375,23.631305951173015,14.91714272286954,8
dcrlme_seed0,dcrlme,0,leg3_paralysed,ite,1,3,393,1121.86083984375,393,1116.3616943359375,15.316702721765436,9.66859135997086,8
dcrlme_seed0,dcrlme,0,leg3_paralysed,ite,1,4,1001,1199.0517578125,1001,1218.1387939453125,42.35180109258687,26.73436088441573,8
dcrlme_seed0,dcrlme,0,leg3_paralysed,ite,1,5,986,1113.5079345703125,1001,1218.1387939453125,42.35180109258687,26.73436088441573,8
dcrlme_seed0,dcrlme,0,leg3_paralysed,ite,1,6,930,1170.61181640625,1001,1218.1387939453125,42.35180109258687,26.73436088441573,8
dcrlme_seed0,dcrlme,0,leg3_paralysed,ite,1,7,87,1055.238037109375,1001,1218.1387939453125,42.35180109258687,26.73436088441573,8
dcrlme_seed0,dcrlme,0,leg3_paralysed,ite,1,8,1001,1188.584228515625,1001,1218.1387939453125,42.35180109258687,26.73436088441573,8
dcrlme_seed0,dcrlme,0,leg3_paralysed,ite,1,9,24,1250.8927001953125,24,1299.054931640625,63.84559243440853,40.30220828836405,8
dcrlme_seed0,dcrlme,0,leg3_paralysed,ite,1,10,24,1298.651611328125,24,1299.054931640625,63.84559243440853,40.30220828836405,8
dcrlme_seed0,dcrlme,0,leg3_paralysed,ite,1,11,24,1226.9029541015625,24,1299.054931640625,63.84559243440853,40.30220828836405,8
dcrlme_seed0,dcrlme,0,leg3_paralysed,ite,1,12,24,1297.783447265625,24,1299.054931640625,63.84559243440853,40.30220828836405,8
dcrlme_seed0,dcrlme,0,leg3_paralysed,ite,1,13,24,1359.4326171875,24,1299.054931640625,63.84559243440853,40.30220828836405,8
dcrlme_seed0,dcrlme,0,leg3_paralysed,ite,1,14,24,1292.00390625,24,1299.054931640625,63.84559243440853,40.30220828836405,8
dcrlme_seed0,dcrlme,0,leg3_paralysed,ite,1,15,24,1325.6734619140625,24,1299.054931640625,63.84559243440853,40.30220828836405,8
dcrlme_seed0,dcrlme,0,leg3_paralysed,ite,1,16,24,1264.02978515625,24,1299.054931640625,63.84559243440853,40.30220828836405,8
dcrlme_seed0,dcrlme,0,leg3_paralysed,ite,1,17,24,1338.436279296875,24,1299.054931640625,63.84559243440853,40.30220828836405,8
dcrlme_seed0,dcrlme,0,leg3_paralysed,ite,1,18,24,1293.973388671875,24,1299.054931640625,63.84559243440853,40.30220828836405,8
dcrlme_seed0,dcrlme,0,leg3_paralysed,ite,1,19,24,1313.3966064453125,24,1299.054931640625,63.84559243440853,40.30220828836405,8
dcrlme_seed0,dcrlme,0,leg3_paralysed,ite,1,20,24,1328.98486328125,24,1299.054931640625,63.84559243440853,40.30220828836405,8
dcrlme_seed0,dcrlme,0,leg3_paralysed,ite,2,1,724,1076.2305908203125,724,1073.4346923828125,3.9139832001700543,2.470682159186899,4
dcrlme_seed0,dcrlme,0,leg3_paralysed,ite,2,2,218,1127.011474609375,218,1147.6630859375,23.631305951173015,14.91714272286954,4
dcrlme_seed0,dcrlme,0,leg3_paralysed,ite,2,3,393,1104.583251953125,218,1147.6630859375,23.631305951173015,14.91714272286954,4
dcrlme_seed0,dcrlme,0,leg3_paralysed,ite,2,4,1001,1255.436767578125,1001,1218.1387939453125,42.35180109258687,26.73436088441573,4
dcrlme_seed0,dcrlme,0,leg3_paralysed,ite,2,5,986,1119.9058837890625,1001,1218.1387939453125,42.35180109258687,26.73436088441573,4
dcrlme_seed0,dcrlme,0,leg3_paralysed,ite,2,6,1001,1140.4892578125,1001,1218.1387939453125,42.35180109258687,26.73436088441573,4
dcrlme_seed0,dcrlme,0,leg3_paralysed,ite,2,7,930,1139.9326171875,1001,1218.1387939453125,42.35180109258687,26.73436088441573,4
dcrlme_seed0,dcrlme,0,leg3_paralysed,ite,2,8,87,1057.745361328125,1001,1218.1387939453125,42.35180109258687,26.73436088441573,4
dcrlme_seed0,dcrlme,0,leg3_paralysed,ite,2,9,24,1260.23193359375,24,1299.054931640625,63.84559243440853,40.30220828836405,4
dcrlme_seed0,dcrlme,0,leg3_paralysed,ite,2,10,24,1282.0718994140625,24,1299.054931640625,63.84559243440853,40.30220828836405,4
dcrlme_seed0,dcrlme,0,leg3_paralysed,ite,2,11,24,1291.4119873046875,24,1299.054931640625,63.84559243440853,40.30220828836405,4
dcrlme_seed0,dcrlme,0,leg3_paralysed,ite,2,12,24,1284.8529052734375,24,1299.054931640625,63.84559243440853,40.30220828836405,4
dcrlme_seed0,dcrlme,0,leg3_paralysed,ite,2,13,24,1299.023193359375,24,1299.054931640625,63.84559243440853,40.30220828836405,4
dcrlme_seed0,dcrlme,0,leg3_paralysed,ite,2,14,24,1281.90771484375,24,1299.054931640625,63.84559243440853,40.30220828836405,4
dcrlme_seed0,dcrlme,0,leg3_paralysed,ite,2,15,24,1289.319091796875,24,1299.054931640625,63.84559243440853,40.30220828836405,4
dcrlme_seed0,dcrlme,0,leg3_paralysed,ite,2,16,24,1272.260009765625,24,1299.054931640625,63.84559243440853,40.30220828836405,4
dcrlme_seed0,dcrlme,0,leg3_paralysed,ite,2,17,24,1262.345947265625,24,1299.054931640625,63.84559243440853,40.30220828836405,4
dcrlme_seed0,dcrlme,0,leg3_paralysed,ite,2,18,24,1244.0718994140625,24,1299.054931640625,63.84559243440853,40.30220828836405,4
dcrlme_seed0,dcrlme,0,leg3_paralysed,ite,2,19,24,1306.219970703125,24,1299.054931640625,63.84559243440853,40.30220828836405,4
dcrlme_seed0,dcrlme,0,leg3_paralysed,ite,2,20,24,1299.489013671875,24,1299.054931640625,63.84559243440853,40.30220828836405,4
dcrlme_seed0,dcrlme,0,leg3_paralysed,ite,3,1,724,1070.0225830078125,724,1073.4346923828125,3.9139832001700543,2.470682159186899,5
dcrlme_seed0,dcrlme,0,leg3_paralysed,ite,3,2,218,1194.3419189453125,218,1147.6630859375,23.631305951173015,14.91714272286954,5
dcrlme_seed0,dcrlme,0,leg3_paralysed,ite,3,3,393,1163.96875,218,1147.6630859375,23.631305951173015,14.91714272286954,5
dcrlme_seed0,dcrlme,0,leg3_paralysed,ite,3,4,1001,1264.933349609375,1001,1218.1387939453125,42.35180109258687,26.73436088441573,5
dcrlme_seed0,dcrlme,0,leg3_paralysed,ite,3,5,930,1176.5426025390625,1001,1218.1387939453125,42.35180109258687,26.73436088441573,5
dcrlme_seed0,dcrlme,0,leg3_paralysed,ite,3,6,1001,1127.3004150390625,1001,1218.1387939453125,42.35180109258687,26.73436088441573,5
dcrlme_seed0,dcrlme,0,leg3_paralysed,ite,3,7,986,1108.1539306640625,1001,1218.1387939453125,42.35180109258687,26.73436088441573,5
dcrlme_seed0,dcrlme,0,leg3_paralysed,ite,3,8,24,1320.388916015625,24,1299.054931640625,63.84559243440853,40.30220828836405,5
dcrlme_seed0,dcrlme,0,leg3_paralysed,ite,3,9,24,1353.02197265625,24,1299.054931640625,63.84559243440853,40.30220828836405,5
dcrlme_seed0,dcrlme,0,leg3_paralysed,ite,3,10,24,1344.74365234375,24,1299.054931640625,63.84559243440853,40.30220828836405,5
dcrlme_seed0,dcrlme,0,leg3_paralysed,ite,3,11,24,1219.023193359375,24,1299.054931640625,63.84559243440853,40.30220828836405,5
dcrlme_seed0,dcrlme,0,leg3_paralysed,ite,3,12,24,1252.056640625,24,1299.054931640625,63.84559243440853,40.30220828836405,5
dcrlme_seed0,dcrlme,0,leg3_paralysed,ite,3,13,24,1266.34033203125,24,1299.054931640625,63.84559243440853,40.30220828836405,5
dcrlme_seed0,dcrlme,0,leg3_paralysed,ite,3,14,24,1248.28564453125,24,1299.054931640625,63.84559243440853,40.30220828836405,5
dcrlme_seed0,dcrlme,0,leg3_paralysed,ite,3,15,24,1268.1641845703125,24,1299.054931640625,63.84559243440853,40.30220828836405,5
dcrlme_seed0,dcrlme,0,leg3_paralysed,ite,3,16,24,1257.7138671875,24,1299.054931640625,63.84559243440853,40.30220828836405,5
dcrlme_seed0,dcrlme,0,leg3_paralysed,ite,3,17,24,1272.2369384765625,24,1299.054931640625,63.84559243440853,40.30220828836405,5
dcrlme_seed0,dcrlme,0,leg3_paralysed,ite,3,18,24,1295.6993408203125,24,1299.054931640625,63.84559243440853,40.30220828836405,5
dcrlme_seed0,dcrlme,0,leg3_paralysed,ite,3,19,24,1252.186279296875,24,1299.054931640625,63.84559243440853,40.30220828836405,5
dcrlme_seed0,dcrlme,0,leg3_paralysed,ite,3,20,24,1250.22021484375,24,1299.054931640625,63.84559243440853,40.30220828836405,5
dcrlme_seed0,dcrlme,0,leg3_paralysed,ite,4,1,724,1076.91943359375,724,1073.4346923828125,3.9139832001700543,2.470682159186899,5
dcrlme_seed0,dcrlme,0,leg3_paralysed,ite,4,2,218,1113.141357421875,218,1147.6630859375,23.631305951173015,14.91714272286954,5
dcrlme_seed0,dcrlme,0,leg3_paralysed,ite,4,3,393,1113.962646484375,393,1116.3616943359375,15.316702721765436,9.66859135997086,5
dcrlme_seed0,dcrlme,0,leg3_paralysed,ite,4,4,1001,1233.436767578125,1001,1218.1387939453125,42.35180109258687,26.73436088441573,5
dcrlme_seed0,dcrlme,0,leg3_paralysed,ite,4,5,986,1114.542236328125,1001,1218.1387939453125,42.35180109258687,26.73436088441573,5
dcrlme_seed0,dcrlme,0,leg3_paralysed,ite,4,6,930,1224.310546875,1001,1218.1387939453125,42.35180109258687,26.73436088441573,5
dcrlme_seed0,dcrlme,0,leg3_paralysed,ite,4,7,1001,1148.8260498046875,1001,1218.1387939453125,42.35180109258687,26.73436088441573,5
dcrlme_seed0,dcrlme,0,leg3_paralysed,ite,4,8,87,1059.3095703125,1001,1218.1387939453125,42.35180109258687,26.73436088441573,5
dcrlme_seed0,dcrlme,0,leg3_paralysed,ite,4,9,930,1171.578857421875,1001,1218.1387939453125,42.35180109258687,26.73436088441573,5
dcrlme_seed0,dcrlme,0,leg3_paralysed,ite,4,10,24,1264.089599609375,24,1299.054931640625,63.84559243440853,40.30220828836405,5
dcrlme_seed0,dcrlme,0,leg3_paralysed,ite,4,11,24,1078.5751953125,24,1299.054931640625,63.84559243440853,40.30220828836405,5
dcrlme_seed0,dcrlme,0,leg3_paralysed,ite,4,12,229,1089.5562744140625,24,1299.054931640625,63.84559243440853,40.30220828836405,5
dcrlme_seed0,dcrlme,0,leg3_paralysed,ite,4,13,1001,1273.796630859375,1001,1218.1387939453125,42.35180109258687,26.73436088441573,5
dcrlme_seed0,dcrlme,0,leg3_paralysed,ite,4,14,1001,1098.8121337890625,1001,1218.1387939453125,42.35180109258687,26.73436088441573,5
dcrlme_seed0,dcrlme,0,leg3_paralysed,ite,4,15,930,1104.40966796875,1001,1218.1387939453125,42.35180109258687,26.73436088441573,5
dcrlme_seed0,dcrlme,0,leg3_paralysed,ite,4,16,743,1071.1063232421875,1001,1218.1387939453125,42.35180109258687,26.73436088441573,5
dcrlme_seed0,dcrlme,0,leg3_paralysed,ite,4,17,1001,1176.7244873046875,1001,1218.1387939453125,42.35180109258687,26.73436088441573,5
dcrlme_seed0,dcrlme,0,leg3_paralysed,ite,4,18,1001,1185.759033203125,1001,1218.1387939453125,42.35180109258687,26.73436088441573,5
dcrlme_seed0,dcrlme,0,leg3_paralysed,ite,4,19,1001,1107.455810546875,1001,1218.1387939453125,42.35180109258687,26.73436088441573,5
dcrlme_seed0,dcrlme,0,leg3_paralysed,ite,4,20,24,1338.197021484375,24,1299.054931640625,63.84559243440853,40.30220828836405,5
dcrlme_seed0,dcrlme,0,leg3_paralysed,top_k,0,1,724,1072.8873291015625,724,1073.4346923828125,3.9139832001700543,2.470682159186899,
dcrlme_seed0,dcrlme,0,leg3_paralysed,top_k,0,2,342,1126.97021484375,342,1106.4599609375,12.686500667513267,8.008289575789663,
dcrlme_seed0,dcrlme,0,leg3_paralysed,top_k,0,3,716,1074.0533447265625,342,1106.4599609375,12.686500667513267,8.008289575789663,
dcrlme_seed0,dcrlme,0,leg3_paralysed,top_k,0,4,218,1281.567626953125,218,1147.6630859375,23.631305951173015,14.91714272286954,
dcrlme_seed0,dcrlme,0,leg3_paralysed,top_k,0,5,939,1066.9932861328125,218,1147.6630859375,23.631305951173015,14.91714272286954,
dcrlme_seed0,dcrlme,0,leg3_paralysed,top_k,0,6,880,1127.193115234375,218,1147.6630859375,23.631305951173015,14.91714272286954,
dcrlme_seed0,dcrlme,0,leg3_paralysed,top_k,0,7,330,1215.9085693359375,218,1147.6630859375,23.631305951173015,14.91714272286954,
dcrlme_seed0,dcrlme,0,leg3_paralysed,top_k,0,8,381,1060.710693359375,218,1147.6630859375,23.631305951173015,14.91714272286954,
dcrlme_seed0,dcrlme,0,leg3_paralysed,top_k,0,9,901,1076.5335693359375,218,1147.6630859375,23.631305951173015,14.91714272286954,
dcrlme_seed0,dcrlme,0,leg3_paralysed,top_k,0,10,131,1086.5302734375,218,1147.6630859375,23.631305951173015,14.91714272286954,
dcrlme_seed0,dcrlme,0,leg3_paralysed,top_k,0,11,858,1082.8912353515625,218,1147.6630859375,23.631305951173015,14.91714272286954,
dcrlme_seed0,dcrlme,0,leg3_paralysed,top_k,0,12,126,1064.8802490234375,218,1147.6630859375,23.631305951173015,14.91714272286954,
dcrlme_seed0,dcrlme,0,leg3_paralysed,top_k,0,13,41,1086.55615234375,218,1147.6630859375,23.631305951173015,14.91714272286954,
dcrlme_seed0,dcrlme,0,leg3_paralysed,top_k,0,14,229,1096.31689453125,218,1147.6630859375,23.631305951173015,14.91714272286954,
dcrlme_seed0,dcrlme,0,leg3_paralysed,top_k,0,15,244,1168.7469482421875,218,1147.6630859375,23.631305951173015,14.91714272286954,
dcrlme_seed0,dcrlme,0,leg3_paralysed,top_k,0,16,73,1093.327880859375,218,1147.6630859375,23.631305951173015,14.91714272286954,
dcrlme_seed0,dcrlme,0,leg3_paralysed,top_k,0,17,535,1078.9683837890625,218,1147.6630859375,23.631305951173015,14.91714272286954,
dcrlme_seed0,dcrlme,0,leg3_paralysed,top_k,0,18,43,1071.47509765625,218,1147.6630859375,23.631305951173015,14.91714272286954,
dcrlme_seed0,dcrlme,0,leg3_paralysed,top_k,0,19,217,1288.13720703125,217,1257.32763671875,52.76155165027466,33.30546343369281,
dcrlme_seed0,dcrlme,0,leg3_paralysed,top_k,0,20,26,1069.275390625,217,1257.32763671875,52.76155165027466,33.30546343369281,
dcrlme_seed0,dcrlme,0,leg3_paralysed,top_k,1,1,724,1070.996826171875,724,1073.4346923828125,3.9139832001700543,2.470682159186899,
dcrlme_seed0,dcrlme,0,leg3_paralysed,top_k,1,2,342,1087.450439453125,342,1106.4599609375,12.686500667513267,8.008289575789663,
dcrlme_seed0,dcrlme,0,leg3_paralysed,top_k,1,3,716,1072.615234375,342,1106.4599609375,12.686500667513267,8.008289575789663,
dcrlme_seed0,dcrlme,0,leg3_paralysed,top_k,1,4,218,1120.61083984375,218,1147.6630859375,23.631305951173015,14.91714272286954,
dcrlme_seed0,dcrlme,0,leg3_paralysed,top_k,1,5,939,1070.1748046875,218,1147.6630859375,23.631305951173015,14.91714272286954,
dcrlme_seed0,dcrlme,0,leg3_paralysed,top_k,1,6,880,1193.2315673828125,880,1152.2864990234375,24.859425322495223,15.692386883331388,
dcrlme_seed0,dcrlme,0,leg3_paralysed,top_k,1,7,330,1211.4051513671875,330,1212.434326171875,40.83652066113451,25.777847752731436,
dcrlme_seed0,dcrlme,0,leg3_paralysed,top_k,1,8,381,1068.83154296875,330,1212.434326171875,40.83652066113451,25.777847752731436,
dcrlme_seed0,dcrlme,0,leg3_paralysed,top_k,1,9,901,1077.928466796875,330,1212.434326171875,40.83652066113451,25.777847752731436,
dcrlme_seed0,dcrlme,0,leg3_paralysed,top_k,1,10,131,1084.391845703125,330,1212.434326171875,40.83652066113451,25.777847752731436,
dcrlme_seed0,dcrlme,0,leg3_paralysed,top_k,1,11,858,1128.2294921875,330,1212.434326171875,40.83652066113451,25.777847752731436,
dcrlme_seed0,dcrlme,0,leg3_paralysed,top_k,1,12,126,1072.2764892578125,330,1212.434326171875,40.83652066113451,25.777847752731436,
dcrlme_seed0,dcrlme,0,leg3_paralysed,top_k,1,13,41,1074.818115234375,330,1212.434326171875,40.83652066113451,25.777847752731436,
dcrlme_seed0,dcrlme,0,leg3_paralysed,top_k,1,14,229,1090.59228515625,330,1212.434326171875,40.83652066113451,25.777847752731436,
dcrlme_seed0,dcrlme,0,leg3_paralysed,top_k,1,15,244,1142.49560546875,330,1212.434326171875,40.83652066113451,25.777847752731436,
dcrlme_seed0,dcrlme,0,leg3_paralysed,top_k,1,16,73,1085.0526123046875,330,1212.434326171875,40.83652066113451,25.777847752731436,
dcrlme_seed0,dcrlme,0,leg3_paralysed,top_k,1,17,535,1084.51904296875,330,1212.434326171875,40.83652066113451,25.777847752731436,
dcrlme_seed0,dcrlme,0,leg3_paralysed,top_k,1,18,43,1070.52587890625,330,1212.434326171875,40.83652066113451,25.777847752731436,
dcrlme_seed0,dcrlme,0,leg3_paralysed,top_k,1,19,217,1259.650390625,217,1257.32763671875,52.76155165027466,33.30546343369281,
dcrlme_seed0,dcrlme,0,leg3_paralysed,top_k,1,20,26,1075.17724609375,217,1257.32763671875,52.76155165027466,33.30546343369281,
dcrlme_seed0,dcrlme,0,leg3_paralysed,top_k,2,1,724,1073.1995849609375,724,1073.4346923828125,3.9139832001700543,2.470682159186899,
dcrlme_seed0,dcrlme,0,leg3_paralysed,top_k,2,2,342,1098.757568359375,342,1106.4599609375,12.686500667513267,8.008289575789663,
dcrlme_seed0,dcrlme,0,leg3_paralysed,top_k,2,3,716,1080.546142578125,342,1106.4599609375,12.686500667513267,8.008289575789663,
dcrlme_seed0,dcrlme,0,leg3_paralysed,top_k,2,4,218,1149.1241455078125,218,1147.6630859375,23.631305951173015,14.91714272286954,
dcrlme_seed0,dcrlme,0,leg3_paralysed,top_k,2,5,939,1068.23583984375,218,1147.6630859375,23.631305951173015,14.91714272286954,
dcrlme_seed0,dcrlme,0,leg3_paralysed,top_k,2,6,880,1110.98828125,218,1147.6630859375,23.631305951173015,14.91714272286954,
dcrlme_seed0,dcrlme,0,leg3_paralysed,top_k,2,7,330,1130.9974365234375,218,1147.6630859375,23.631305951173015,14.91714272286954,
dcrlme_seed0,dcrlme,0,leg3_paralysed,top_k,2,8,381,1072.9569091796875,218,1147.6630859375,23.631305951173015,14.91714272286954,
dcrlme_seed0,dcrlme,0,leg3_paralysed,top_k,2,9,901,1094.028076171875,218,1147.6630859375,23.631305951173015,14.91714272286954,
dcrlme_seed0,dcrlme,0,leg3_paralysed,top_k,2,10,131,1091.85595703125,218,1147.6630859375,23.631305951173015,14.91714272286954,
dcrlme_seed0,dcrlme,0,leg3_paralysed,top_k,2,11,858,1111.5416259765625,218,1147.6630859375,23.631305951173015,14.91714272286954,
dcrlme_seed0,dcrlme,0,leg3_paralysed,top_k,2,12,126,1074.3642578125,218,1147.6630859375,23.631305951173015,14.91714272286954,
dcrlme_seed0,dcrlme,0,leg3_paralysed,top_k,2,13,41,1072.483642578125,218,1147.6630859375,23.631305951173015,14.91714272286954,
dcrlme_seed0,dcrlme,0,leg3_paralysed,top_k,2,14,229,1085.904052734375,218,1147.6630859375,23.631305951173015,14.91714272286954,
dcrlme_seed0,dcrlme,0,leg3_paralysed,top_k,2,15,244,1125.76416015625,218,1147.6630859375,23.631305951173015,14.91714272286954,
dcrlme_seed0,dcrlme,0,leg3_paralysed,top_k,2,16,73,1083.991943359375,218,1147.6630859375,23.631305951173015,14.91714272286954,
dcrlme_seed0,dcrlme,0,leg3_paralysed,top_k,2,17,535,1077.2113037109375,218,1147.6630859375,23.631305951173015,14.91714272286954,
dcrlme_seed0,dcrlme,0,leg3_paralysed,top_k,2,18,43,1071.3731689453125,218,1147.6630859375,23.631305951173015,14.91714272286954,
dcrlme_seed0,dcrlme,0,leg3_paralysed,top_k,2,19,217,1323.11865234375,217,1257.32763671875,52.76155165027466,33.30546343369281,
dcrlme_seed0,dcrlme,0,leg3_paralysed,top_k,2,20,26,1071.88916015625,217,1257.32763671875,52.76155165027466,33.30546343369281,
dcrlme_seed0,dcrlme,0,leg3_paralysed,top_k,3,1,724,1077.349365234375,724,1073.4346923828125,3.9139832001700543,2.470682159186899,
dcrlme_seed0,dcrlme,0,leg3_paralysed,top_k,3,2,342,1122.101318359375,342,1106.4599609375,12.686500667513267,8.008289575789663,
dcrlme_seed0,dcrlme,0,leg3_paralysed,top_k,3,3,716,1077.1956787109375,342,1106.4599609375,12.686500667513267,8.008289575789663,
dcrlme_seed0,dcrlme,0,leg3_paralysed,top_k,3,4,218,1105.833984375,342,1106.4599609375,12.686500667513267,8.008289575789663,
dcrlme_seed0,dcrlme,0,leg3_paralysed,top_k,3,5,939,1072.34228515625,342,1106.4599609375,12.686500667513267,8.008289575789663,
dcrlme_seed0,dcrlme,0,leg3_paralysed,top_k,3,6,880,1127.2012939453125,880,1152.2864990234375,24.859425322495223,15.692386883331388,
dcrlme_seed0,dcrlme,0,leg3_paralysed,top_k,3,7,330,1194.52978515625,330,1212.434326171875,40.83652066113451,25.777847752731436,
dcrlme_seed0,dcrlme,0,leg3_paralysed,top_k,3,8,381,1067.05029296875,330,1212.434326171875,40.83652066113451,25.777847752731436,
dcrlme_seed0,dcrlme,0,leg3_paralysed,top_k,3,9,901,1115.2169189453125,330,1212.434326171875,40.83652066113451,25.777847752731436,
dcrlme_seed0,dcrlme,0,leg3_paralysed,top_k,3,10,131,1086.38623046875,330,1212.434326171875,40.83652066113451,25.777847752731436,
dcrlme_seed0,dcrlme,0,leg3_paralysed,top_k,3,11,858,1178.735595703125,330,1212.434326171875,40.83652066113451,25.777847752731436,
dcrlme_seed0,dcrlme,0,leg3_paralysed,top_k,3,12,126,1070.2386474609375,330,1212.434326171875,40.83652066113451,25.777847752731436,
dcrlme_seed0,dcrlme,0,leg3_paralysed,top_k,3,13,41,1084.021240234375,330,1212.434326171875,40.83652066113451,25.777847752731436,
dcrlme_seed0,dcrlme,0,leg3_paralysed,top_k,3,14,229,1085.68310546875,330,1212.434326171875,40.83652066113451,25.777847752731436,
dcrlme_seed0,dcrlme,0,leg3_paralysed,top_k,3,15,244,1199.1163330078125,244,1145.8216552734375,23.14216586625168,14.608375510709356,
dcrlme_seed0,dcrlme,0,leg3_paralysed,top_k,3,16,73,1079.376708984375,244,1145.8216552734375,23.14216586625168,14.608375510709356,
dcrlme_seed0,dcrlme,0,leg3_paralysed,top_k,3,17,535,1081.269287109375,244,1145.8216552734375,23.14216586625168,14.608375510709356,
dcrlme_seed0,dcrlme,0,leg3_paralysed,top_k,3,18,43,1077.56005859375,244,1145.8216552734375,23.14216586625168,14.608375510709356,
dcrlme_seed0,dcrlme,0,leg3_paralysed,top_k,3,19,217,1179.327880859375,244,1145.8216552734375,23.14216586625168,14.608375510709356,
dcrlme_seed0,dcrlme,0,leg3_paralysed,top_k,3,20,26,1075.6009521484375,244,1145.8216552734375,23.14216586625168,14.608375510709356,
dcrlme_seed0,dcrlme,0,leg3_paralysed,top_k,4,1,724,1069.673583984375,724,1073.4346923828125,3.9139832001700543,2.470682159186899,
dcrlme_seed0,dcrlme,0,leg3_paralysed,top_k,4,2,342,1113.6646728515625,342,1106.4599609375,12.686500667513267,8.008289575789663,
dcrlme_seed0,dcrlme,0,leg3_paralysed,top_k,4,3,716,1077.6820068359375,342,1106.4599609375,12.686500667513267,8.008289575789663,
dcrlme_seed0,dcrlme,0,leg3_paralysed,top_k,4,4,218,1150.62255859375,218,1147.6630859375,23.631305951173015,14.91714272286954,
dcrlme_seed0,dcrlme,0,leg3_paralysed,top_k,4,5,939,1071.194091796875,218,1147.6630859375,23.631305951173015,14.91714272286954,
dcrlme_seed0,dcrlme,0,leg3_paralysed,top_k,4,6,880,1195.9354248046875,880,1152.2864990234375,24.859425322495223,15.692386883331388,
dcrlme_seed0,dcrlme,0,leg3_paralysed,top_k,4,7,330,1204.428955078125,330,1212.434326171875,40.83652066113451,25.777847752731436,
dcrlme_seed0,dcrlme,0,leg3_paralysed,top_k,4,8,381,1069.9981689453125,330,1212.434326171875,40.83652066113451,25.777847752731436,
dcrlme_seed0,dcrlme,0,leg3_paralysed,top_k,4,9,901,1078.29150390625,330,1212.434326171875,40.83652066113451,25.777847752731436,
dcrlme_seed0,dcrlme,0,leg3_paralysed,top_k,4,10,131,1085.548828125,330,1212.434326171875,40.83652066113451,25.777847752731436,
dcrlme_seed0,dcrlme,0,leg3_paralysed,top_k,4,11,858,1083.80322265625,330,1212.434326171875,40.83652066113451,25.777847752731436,
dcrlme_seed0,dcrlme,0,leg3_paralysed,top_k,4,12,126,1070.12060546875,330,1212.434326171875,40.83652066113451,25.777847752731436,
dcrlme_seed0,dcrlme,0,leg3_paralysed,top_k,4,13,41,1087.38818359375,330,1212.434326171875,40.83652066113451,25.777847752731436,
dcrlme_seed0,dcrlme,0,leg3_paralysed,top_k,4,14,229,1084.9903564453125,330,1212.434326171875,40.83652066113451,25.777847752731436,
dcrlme_seed0,dcrlme,0,leg3_paralysed,top_k,4,15,244,1115.3736572265625,330,1212.434326171875,40.83652066113451,25.777847752731436,
dcrlme_seed0,dcrlme,0,leg3_paralysed,top_k,4,16,73,1090.1097412109375,330,1212.434326171875,40.83652066113451,25.777847752731436,
dcrlme_seed0,dcrlme,0,leg3_paralysed,top_k,4,17,535,1073.24365234375,330,1212.434326171875,40.83652066113451,25.777847752731436,
dcrlme_seed0,dcrlme,0,leg3_paralysed,top_k,4,18,43,1067.6650390625,330,1212.434326171875,40.83652066113451,25.777847752731436,
dcrlme_seed0,dcrlme,0,leg3_paralysed,top_k,4,19,217,1262.116943359375,217,1257.32763671875,52.76155165027466,33.30546343369281,
dcrlme_seed0,dcrlme,0,leg3_paralysed,top_k,4,20,26,1079.865234375,217,1257.32763671875,52.76155165027466,33.30546343369281,
dcrlme_seed0,dcrlme,0,leg3_paralysed,random,0,1,883,1065.842041015625,883,1068.29150390625,2.547795649756362,1.6082831568703566,
dcrlme_seed0,dcrlme,0,leg3_paralysed,random,0,2,335,1068.26171875,335,1065.431884765625,1.7881936855954628,1.1287882472207396,
dcrlme_seed0,dcrlme,0,leg3_paralysed,random,0,3,112,1059.620849609375,335,1065.431884765625,1.7881936855954628,1.1287882472207396,
dcrlme_seed0,dcrlme,0,leg3_paralysed,random,0,4,597,752.7811889648438,335,1065.431884765625,1.7881936855954628,1.1287882472207396,
dcrlme_seed0,dcrlme,0,leg3_paralysed,random,0,5,343,1078.4324951171875,343,1070.5706787109375,3.1532139146265123,1.9904503838006051,
dcrlme_seed0,dcrlme,0,leg3_paralysed,random,0,6,865,628.3458251953125,343,1070.5706787109375,3.1532139146265123,1.9904503838006051,
dcrlme_seed0,dcrlme,0,leg3_paralysed,random,0,7,581,1071.332275390625,343,1070.5706787109375,3.1532139146265123,1.9904503838006051,
dcrlme_seed0,dcrlme,0,leg3_paralysed,random,0,8,444,1069.69775390625,343,1070.5706787109375,3.1532139146265123,1.9904503838006051,
dcrlme_seed0,dcrlme,0,leg3_paralysed,random,0,9,192,1091.52783203125,192,1074.243408203125,4.128802760170308,2.6062859232280804,
dcrlme_seed0,dcrlme,0,leg3_paralysed,random,0,10,89,1414.8741455078125,89,1435.162841796875,99.99999999999999,63.124495758682684,
dcrlme_seed0,dcrlme,0,leg3_paralysed,random,0,11,496,1155.13232421875,89,1435.162841796875,99.99999999999999,63.124495758682684,
dcrlme_seed0,dcrlme,0,leg3_paralysed,random,0,12,233,1134.024658203125,89,1435.162841796875,99.99999999999999,63.124495758682684,
dcrlme_seed0,dcrlme,0,leg3_paralysed,random,0,13,492,1071.114990234375,89,1435.162841796875,99.99999999999999,63.124495758682684,
dcrlme_seed0,dcrlme,0,leg3_paralysed,random,0,14,923,1075.80908203125,89,1435.162841796875,99.99999999999999,63.124495758682684,
dcrlme_seed0,dcrlme,0,leg3_paralysed,random,0,15,40,1057.0020751953125,89,1435.162841796875,99.99999999999999,63.124495758682684,
dcrlme_seed0,dcrlme,0,leg3_paralysed,random,0,16,1022,1095.7286376953125,89,1435.162841796875,99.99999999999999,63.124495758682684,
dcrlme_seed0,dcrlme,0,leg3_paralysed,random,0,17,693,1100.84326171875,89,1435.162841796875,99.99999999999999,63.124495758682684,
dcrlme_seed0,dcrlme,0,leg3_paralysed,random,0,18,815,1105.141357421875,89,1435.162841796875,99.99999999999999,63.124495758682684,
dcrlme_seed0,dcrlme,0,leg3_paralysed,random,0,19,249,1118.588623046875,89,1435.162841796875,99.99999999999999,63.124495758682684,
dcrlme_seed0,dcrlme,0,leg3_paralysed,random,0,20,892,1097.1260986328125,89,1435.162841796875,99.99999999999999,63.124495758682684,
dcrlme_seed0,dcrlme,0,leg3_paralysed,random,1,1,887,1069.808837890625,887,1071.4957275390625,3.3989350656728408,2.145560621371031,
dcrlme_seed0,dcrlme,0,leg3_paralysed,random,1,2,395,1145.62548828125,395,1178.1787109375,31.73718563224525,20.033938398351903,
dcrlme_seed0,dcrlme,0,leg3_paralysed,random,1,3,777,1078.2005615234375,395,1178.1787109375,31.73718563224525,20.033938398351903,
dcrlme_seed0,dcrlme,0,leg3_paralysed,random,1,4,710,1102.887451171875,395,1178.1787109375,31.73718563224525,20.033938398351903,
dcrlme_seed0,dcrlme,0,leg3_paralysed,random,1,5,180,1029.64794921875,395,1178.1787109375,31.73718563224525,20.033938398351903,
dcrlme_seed0,dcrlme,0,leg3_paralysed,random,1,6,978,1072.0185546875,395,1178.1787109375,31.73718563224525,20.033938398351903,
dcrlme_seed0,dcrlme,0,leg3_paralysed,random,1,7,306,1080.72119140625,395,1178.1787109375,31.73718563224525,20.033938398351903,
dcrlme_seed0,dcrlme,0,leg3_paralysed,random,1,8,718,1067.7158203125,395,1178.1787109375,31.73718563224525,20.033938398351903,
dcrlme_seed0,dcrlme,0,leg3_paralysed,random,1,9,818,1063.9017333984375,395,1178.1787109375,31.73718563224525,20.033938398351903,
dcrlme_seed0,dcrlme,0,leg3_paralysed,random,1,10,179,1022.2147216796875,395,1178.1787109375,31.73718563224525,20.033938398351903,
dcrlme_seed0,dcrlme,0,leg3_paralysed,random,1,11,380,1073.029541015625,395,1178.1787109375,31.73718563224525,20.033938398351903,
dcrlme_seed0,dcrlme,0,leg3_paralysed,random,1,12,944,1068.1156005859375,395,1178.1787109375,31.73718563224525,20.033938398351903,
dcrlme_seed0,dcrlme,0,leg3_paralysed,random,1,13,430,1071.253173828125,395,1178.1787109375,31.73718563224525,20.033938398351903,
dcrlme_seed0,dcrlme,0,leg3_paralysed,random,1,14,543,1079.6268310546875,395,1178.1787109375,31.73718563224525,20.033938398351903,
dcrlme_seed0,dcrlme,0,leg3_paralysed,random,1,15,88,1076.92626953125,395,1178.1787109375,31.73718563224525,20.033938398351903,
dcrlme_seed0,dcrlme,0,leg3_paralysed,random,1,16,968,1068.190673828125,395,1178.1787109375,31.73718563224525,20.033938398351903,
dcrlme_seed0,dcrlme,0,leg3_paralysed,random,1,17,702,1115.875,395,1178.1787109375,31.73718563224525,20.033938398351903,
dcrlme_seed0,dcrlme,0,leg3_paralysed,random,1,18,647,1076.577392578125,395,1178.1787109375,31.73718563224525,20.033938398351903,
dcrlme_seed0,dcrlme,0,leg3_paralysed,random,1,19,745,1068.41748046875,395,1178.1787109375,31.73718563224525,20.033938398351903,
dcrlme_seed0,dcrlme,0,leg3_paralysed,random,1,20,36,1092.3509521484375,395,1178.1787109375,31.73718563224525,20.033938398351903,
dcrlme_seed0,dcrlme,0,leg3_paralysed,random,2,1,409,1083.249267578125,409,1086.513427734375,7.388093762885109,4.663696933999911,
dcrlme_seed0,dcrlme,0,leg3_paralysed,random,2,2,0,1195.3212890625,0,1307.59619140625,66.11441124395084,41.73438872156578,
dcrlme_seed0,dcrlme,0,leg3_paralysed,random,2,3,1019,1048.81494140625,0,1307.59619140625,66.11441124395084,41.73438872156578,
dcrlme_seed0,dcrlme,0,leg3_paralysed,random,2,4,490,1058.1610107421875,0,1307.59619140625,66.11441124395084,41.73438872156578,
dcrlme_seed0,dcrlme,0,leg3_paralysed,random,2,5,802,1049.1617431640625,0,1307.59619140625,66.11441124395084,41.73438872156578,
dcrlme_seed0,dcrlme,0,leg3_paralysed,random,2,6,218,1154.8795166015625,0,1307.59619140625,66.11441124395084,41.73438872156578,
dcrlme_seed0,dcrlme,0,leg3_paralysed,random,2,7,385,1056.5423583984375,0,1307.59619140625,66.11441124395084,41.73438872156578,
dcrlme_seed0,dcrlme,0,leg3_paralysed,random,2,8,488,1074.236083984375,0,1307.59619140625,66.11441124395084,41.73438872156578,
dcrlme_seed0,dcrlme,0,leg3_paralysed,random,2,9,838,1083.6829833984375,0,1307.59619140625,66.11441124395084,41.73438872156578,
dcrlme_seed0,dcrlme,0,leg3_paralysed,random,2,10,169,1033.236083984375,0,1307.59619140625,66.11441124395084,41.73438872156578,
dcrlme_seed0,dcrlme,0,leg3_paralysed,random,2,11,122,1064.170654296875,0,1307.59619140625,66.11441124395084,41.73438872156578,
dcrlme_seed0,dcrlme,0,leg3_paralysed,random,2,12,89,1418.4451904296875,89,1435.162841796875,99.99999999999999,63.124495758682684,
dcrlme_seed0,dcrlme,0,leg3_paralysed,random,2,13,943,1070.294921875,89,1435.162841796875,99.99999999999999,63.124495758682684,
dcrlme_seed0,dcrlme,0,leg3_paralysed,random,2,14,808,1067.339599609375,89,1435.162841796875,99.99999999999999,63.124495758682684,
dcrlme_seed0,dcrlme,0,leg3_paralysed,random,2,15,880,1154.0496826171875,89,1435.162841796875,99.99999999999999,63.124495758682684,
dcrlme_seed0,dcrlme,0,leg3_paralysed,random,2,16,475,1349.87646484375,89,1435.162841796875,99.99999999999999,63.124495758682684,
dcrlme_seed0,dcrlme,0,leg3_paralysed,random,2,17,900,1068.29638671875,89,1435.162841796875,99.99999999999999,63.124495758682684,
dcrlme_seed0,dcrlme,0,leg3_paralysed,random,2,18,427,1222.150634765625,89,1435.162841796875,99.99999999999999,63.124495758682684,
dcrlme_seed0,dcrlme,0,leg3_paralysed,random,2,19,23,1057.7718505859375,89,1435.162841796875,99.99999999999999,63.124495758682684,
dcrlme_seed0,dcrlme,0,leg3_paralysed,random,2,20,389,1074.579345703125,89,1435.162841796875,99.99999999999999,63.124495758682684,
dcrlme_seed0,dcrlme,0,leg3_paralysed,random,3,1,807,1058.46240234375,807,1060.251953125,0.4122460313991173,0.2602282286058735,
dcrlme_seed0,dcrlme,0,leg3_paralysed,random,3,2,766,1085.576904296875,766,1077.572265625,5.013048707522298,3.1644617187606108,
dcrlme_seed0,dcrlme,0,leg3_paralysed,random,3,3,697,1089.3714599609375,697,1096.039794921875,9.918587115703199,6.261058103173314,
dcrlme_seed0,dcrlme,0,leg3_paralysed,random,3,4,953,1069.5679931640625,697,1096.039794921875,9.918587115703199,6.261058103173314,
dcrlme_seed0,dcrlme,0,leg3_paralysed,random,3,5,438,1169.5186767578125,438,1145.0838623046875,22.946185576343524,14.484663940918427,
dcrlme_seed0,dcrlme,0,leg3_paralysed,random,3,6,607,539.8953857421875,438,1145.0838623046875,22.946185576343524,14.484663940918427,
dcrlme_seed0,dcrlme,0,leg3_paralysed,random,3,7,913,1060.69287109375,438,1145.0838623046875,22.946185576343524,14.484663940918427,
dcrlme_seed0,dcrlme,0,leg3_paralysed,random,3,8,484,865.287841796875,438,1145.0838623046875,22.946185576343524,14.484663940918427,
dcrlme_seed0,dcrlme,0,leg3_paralysed,random,3,9,771,1066.81884765625,438,1145.0838623046875,22.946185576343524,14.484663940918427,
dcrlme_seed0,dcrlme,0,leg3_paralysed,random,3,10,535,1079.06103515625,438,1145.0838623046875,22.946185576343524,14.484663940918427,
dcrlme_seed0,dcrlme,0,leg3_paralysed,random,3,11,975,1106.5032958984375,438,1145.0838623046875,22.946185576343524,14.484663940918427,
dcrlme_seed0,dcrlme,0,leg3_paralysed,random,3,12,742,1070.42626953125,438,1145.0838623046875,22.946185576343524,14.484663940918427,
dcrlme_seed0,dcrlme,0,leg3_paralysed,random,3,13,198,1076.155517578125,438,1145.0838623046875,22.946185576343524,14.484663940918427,
dcrlme_seed0,dcrlme,0,leg3_paralysed,random,3,14,271,1028.1983642578125,438,1145.0838623046875,22.946185576343524,14.484663940918427,
dcrlme_seed0,dcrlme,0,leg3_paralysed,random,3,15,83,1072.23486328125,438,1145.0838623046875,22.946185576343524,14.484663940918427,
dcrlme_seed0,dcrlme,0,leg3_paralysed,random,3,16,510,693.292724609375,438,1145.0838623046875,22.946185576343524,14.484663940918427,
dcrlme_seed0,dcrlme,0,leg3_paralysed,random,3,17,588,1075.9227294921875,438,1145.0838623046875,22.946185576343524,14.484663940918427,
dcrlme_seed0,dcrlme,0,leg3_paralysed,random,3,18,373,1090.76953125,438,1145.0838623046875,22.946185576343524,14.484663940918427,
dcrlme_seed0,dcrlme,0,leg3_paralysed,random,3,19,655,699.7615966796875,438,1145.0838623046875,22.946185576343524,14.484663940918427,
dcrlme_seed0,dcrlme,0,leg3_paralysed,random,3,20,832,1059.382568359375,438,1145.0838623046875,22.946185576343524,14.484663940918427,
dcrlme_seed0,dcrlme,0,leg3_paralysed,random,4,1,849,1160.1256103515625,849,1155.0833740234375,25.602360531359498,16.16136098774068,
dcrlme_seed0,dcrlme,0,leg3_paralysed,random,4,2,399,1064.2044677734375,849,1155.0833740234375,25.602360531359498,16.16136098774068,
dcrlme_seed0,dcrlme,0,leg3_paralysed,random,4,3,535,1075.6005859375,849,1155.0833740234375,25.602360531359498,16.16136098774068,
dcrlme_seed0,dcrlme,0,leg3_paralysed,random,4,4,332,1047.474365234375,849,1155.0833740234375,25.602360531359498,16.16136098774068,
dcrlme_seed0,dcrlme,0,leg3_paralysed,random,4,5,600,1237.70751953125,600,1213.688232421875,41.16959636231528,25.988100109596495,
dcrlme_seed0,dcrlme,0,leg3_paralysed,random,4,6,968,1071.552001953125,600,1213.688232421875,41.16959636231528,25.988100109596495,
dcrlme_seed0,dcrlme,0,leg3_paralysed,random,4,7,1012,1058.516357421875,600,1213.688232421875,41.16959636231528,25.988100109596495,
dcrlme_seed0,dcrlme,0,leg3_paralysed,random,4,8,897,1069.3818359375,600,1213.688232421875,41.16959636231528,25.988100109596495,
dcrlme_seed0,dcrlme,0,leg3_paralysed,random,4,9,190,1068.0267333984375,600,1213.688232421875,41.16959636231528,25.988100109596495,
dcrlme_seed0,dcrlme,0,leg3_paralysed,random,4,10,963,1068.8203125,600,1213.688232421875,41.16959636231528,25.988100109596495,
dcrlme_seed0,dcrlme,0,leg3_paralysed,random,4,11,536,1105.064208984375,600,1213.688232421875,41.16959636231528,25.988100109596495,
dcrlme_seed0,dcrlme,0,leg3_paralysed,random,4,12,1007,1075.676025390625,600,1213.688232421875,41.16959636231528,25.988100109596495,
dcrlme_seed0,dcrlme,0,leg3_paralysed,random,4,13,708,1093.288818359375,600,1213.688232421875,41.16959636231528,25.988100109596495,
dcrlme_seed0,dcrlme,0,leg3_paralysed,random,4,14,53,1085.713134765625,600,1213.688232421875,41.16959636231528,25.988100109596495,
dcrlme_seed0,dcrlme,0,leg3_paralysed,random,4,15,254,1059.089111328125,600,1213.688232421875,41.16959636231528,25.988100109596495,
dcrlme_seed0,dcrlme,0,leg3_paralysed,random,4,16,309,1099.173095703125,600,1213.688232421875,41.16959636231528,25.988100109596495,
dcrlme_seed0,dcrlme,0,leg3_paralysed,random,4,17,651,1037.9765625,600,1213.688232421875,41.16959636231528,25.988100109596495,
dcrlme_seed0,dcrlme,0,leg3_paralysed,random,4,18,985,1154.87939453125,600,1213.688232421875,41.16959636231528,25.988100109596495,
dcrlme_seed0,dcrlme,0,leg3_paralysed,random,4,19,499,1063.640625,600,1213.688232421875,41.16959636231528,25.988100109596495,
dcrlme_seed0,dcrlme,0,leg3_paralysed,random,4,20,1017,1077.3148193359375,600,1213.688232421875,41.16959636231528,25.988100109596495,
dcrlme_seed0,dcrlme,0,leg3_paralysed,best_intact,0,1,724,1071.861328125,724,1073.4346923828125,3.9139832001700543,2.470682159186899,
dcrlme_seed0,dcrlme,0,leg3_paralysed,best_intact,1,1,724,1068.8221435546875,724,1073.4346923828125,3.9139832001700543,2.470682159186899,
dcrlme_seed0,dcrlme,0,leg3_paralysed,best_intact,2,1,724,1071.72412109375,724,1073.4346923828125,3.9139832001700543,2.470682159186899,
dcrlme_seed0,dcrlme,0,leg3_paralysed,best_intact,3,1,724,1073.1279296875,724,1073.4346923828125,3.9139832001700543,2.470682159186899,
dcrlme_seed0,dcrlme,0,leg3_paralysed,best_intact,4,1,724,1074.284423828125,724,1073.4346923828125,3.9139832001700543,2.470682159186899,
dcrlme_seed0,dcrlme,0,leg4_paralysed,ite,0,1,724,1064.1424560546875,724,1065.792236328125,4.016290351725741,1.1892112376282213,16
dcrlme_seed0,dcrlme,0,leg4_paralysed,ite,0,2,218,1061.543701171875,724,1065.792236328125,4.016290351725741,1.1892112376282213,16
dcrlme_seed0,dcrlme,0,leg4_paralysed,ite,0,3,393,1096.763916015625,393,1109.325927734375,28.669155355189734,8.488848847058925,16
dcrlme_seed0,dcrlme,0,leg4_paralysed,ite,0,4,1001,1068.5384521484375,393,1109.325927734375,28.669155355189734,8.488848847058925,16
dcrlme_seed0,dcrlme,0,leg4_paralysed,ite,0,5,986,1065.589111328125,393,1109.325927734375,28.669155355189734,8.488848847058925,16
dcrlme_seed0,dcrlme,0,leg4_paralysed,ite,0,6,930,1123.6995849609375,930,1120.4976806640625,34.99565117787338,10.36210482913966,16
dcrlme_seed0,dcrlme,0,leg4_paralysed,ite,0,7,87,1049.24755859375,930,1120.4976806640625,34.99565117787338,10.36210482913966,16
dcrlme_seed0,dcrlme,0,leg4_paralysed,ite,0,8,229,1066.75732421875,930,1120.4976806640625,34.99565117787338,10.36210482913966,16
dcrlme_seed0,dcrlme,0,leg4_paralysed,ite,0,9,24,1078.4420166015625,930,1120.4976806640625,34.99565117787338,10.36210482913966,16
dcrlme_seed0,dcrlme,0,leg4_paralysed,ite,0,10,743,1085.418212890625,930,1120.4976806640625,34.99565117787338,10.36210482913966,16
dcrlme_seed0,dcrlme,0,leg4_paralysed,ite,0,11,930,1124.0921630859375,930,1120.4976806640625,34.99565117787338,10.36210482913966,16
dcrlme_seed0,dcrlme,0,leg4_paralysed,ite,0,12,700,1094.45166015625,930,1120.4976806640625,34.99565117787338,10.36210482913966,16
dcrlme_seed0,dcrlme,0,leg4_paralysed,ite,0,13,880,1051.607421875,930,1120.4976806640625,34.99565117787338,10.36210482913966,16
dcrlme_seed0,dcrlme,0,leg4_paralysed,ite,0,14,863,1064.8433837890625,930,1120.4976806640625,34.99565117787338,10.36210482913966,16
dcrlme_seed0,dcrlme,0,leg4_paralysed,ite,0,15,724,1061.684814453125,930,1120.4976806640625,34.99565117787338,10.36210482913966,16
dcrlme_seed0,dcrlme,0,leg4_paralysed,ite,0,16,930,1180.472900390625,930,1120.4976806640625,34.99565117787338,10.36210482913966,16
dcrlme_seed0,dcrlme,0,leg4_paralysed,ite,0,17,930,1138.587158203125,930,1120.4976806640625,34.99565117787338,10.36210482913966,16
dcrlme_seed0,dcrlme,0,leg4_paralysed,ite,0,18,930,1120.919921875,930,1120.4976806640625,34.99565117787338,10.36210482913966,16
dcrlme_seed0,dcrlme,0,leg4_paralysed,ite,0,19,930,1114.2220458984375,930,1120.4976806640625,34.99565117787338,10.36210482913966,16
dcrlme_seed0,dcrlme,0,leg4_paralysed,ite,0,20,930,1143.982177734375,930,1120.4976806640625,34.99565117787338,10.36210482913966,16
dcrlme_seed0,dcrlme,0,leg4_paralysed,ite,1,1,724,1068.760986328125,724,1065.792236328125,4.016290351725741,1.1892112376282213,14
dcrlme_seed0,dcrlme,0,leg4_paralysed,ite,1,2,218,1053.3511962890625,724,1065.792236328125,4.016290351725741,1.1892112376282213,14
dcrlme_seed0,dcrlme,0,leg4_paralysed,ite,1,3,393,1082.943603515625,393,1109.325927734375,28.669155355189734,8.488848847058925,14
dcrlme_seed0,dcrlme,0,leg4_paralysed,ite,1,4,1001,1069.3013916015625,393,1109.325927734375,28.669155355189734,8.488848847058925,14
dcrlme_seed0,dcrlme,0,leg4_paralysed,ite,1,5,986,1065.376708984375,393,1109.325927734375,28.669155355189734,8.488848847058925,14
dcrlme_seed0,dcrlme,0,leg4_paralysed,ite,1,6,930,1126.080078125,930,1120.4976806640625,34.99565117787338,10.36210482913966,14
dcrlme_seed0,dcrlme,0,leg4_paralysed,ite,1,7,87,1047.248291015625,930,1120.4976806640625,34.99565117787338,10.36210482913966,14
dcrlme_seed0,dcrlme,0,leg4_paralysed,ite,1,8,229,1063.8955078125,930,1120.4976806640625,34.99565117787338,10.36210482913966,14
dcrlme_seed0,dcrlme,0,leg4_paralysed,ite,1,9,24,1074.3515625,930,1120.4976806640625,34.99565117787338,10.36210482913966,14
dcrlme_seed0,dcrlme,0,leg4_paralysed,ite,1,10,743,1085.9990234375,930,1120.4976806640625,34.99565117787338,10.36210482913966,14
dcrlme_seed0,dcrlme,0,leg4_paralysed,ite,1,11,930,1126.55615234375,930,1120.4976806640625,34.99565117787338,10.36210482913966,14
dcrlme_seed0,dcrlme,0,leg4_paralysed,ite,1,12,724,1067.8255615234375,930,1120.4976806640625,34.99565117787338,10.36210482913966,14
dcrlme_seed0,dcrlme,0,leg4_paralysed,ite,1,13,700,1088.856689453125,930,1120.4976806640625,34.99565117787338,10.36210482913966,14
dcrlme_seed0,dcrlme,0,leg4_paralysed,ite,1,14,930,1151.9971923828125,930,1120.4976806640625,34.99565117787338,10.36210482913966,14
dcrlme_seed0,dcrlme,0,leg4_paralysed,ite,1,15,930,1131.779052734375,930,1120.4976806640625,34.99565117787338,10.36210482913966,14
dcrlme_seed0,dcrlme,0,leg4_paralysed,ite,1,16,930,1129.6949462890625,930,1120.4976806640625,34.99565117787338,10.36210482913966,14
dcrlme_seed0,dcrlme,0,leg4_paralysed,ite,1,17,930,1130.322998046875,930,1120.4976806640625,34.99565117787338,10.36210482913966,14
dcrlme_seed0,dcrlme,0,leg4_paralysed,ite,1,18,930,1116.0546875,930,1120.4976806640625,34.99565117787338,10.36210482913966,14
dcrlme_seed0,dcrlme,0,leg4_paralysed,ite,1,19,863,1044.6796875,930,1120.4976806640625,34.99565117787338,10.36210482913966,14
dcrlme_seed0,dcrlme,0,leg4_paralysed,ite,1,20,880,1046.4014892578125,930,1120.4976806640625,34.99565117787338,10.36210482913966,14
dcrlme_seed0,dcrlme,0,leg4_paralysed,ite,2,1,724,1067.8216552734375,724,1065.792236328125,4.016290351725741,1.1892112376282213,13
dcrlme_seed0,dcrlme,0,leg4_paralysed,ite,2,2,218,1051.930908203125,724,1065.792236328125,4.016290351725741,1.1892112376282213,13
dcrlme_seed0,dcrlme,0,leg4_paralysed,ite,2,3,393,1096.6922607421875,393,1109.325927734375,28.669155355189734,8.488848847058925,13
dcrlme_seed0,dcrlme,0,leg4_paralysed,ite,2,4,1001,1071.64208984375,393,1109.325927734375,28.669155355189734,8.488848847058925,13
dcrlme_seed0,dcrlme,0,leg4_paralysed,ite,2,5,986,1064.62841796875,393,1109.325927734375,28.669155355189734,8.488848847058925,13
dcrlme_seed0,dcrlme,0,leg4_paralysed,ite,2,6,930,1130.10791015625,930,1120.4976806640625,34.99565117787338,10.36210482913966,13
dcrlme_seed0,dcrlme,0,leg4_paralysed,ite,2,7,87,1051.306640625,930,1120.4976806640625,34.99565117787338,10.36210482913966,13
dcrlme_seed0,dcrlme,0,leg4_paralysed,ite,2,8,229,1062.507080078125,930,1120.4976806640625,34.99565117787338,10.36210482913966,13
dcrlme_seed0,dcrlme,0,leg4_paralysed,ite,2,9,24,1075.835693359375,930,1120.4976806640625,34.99565117787338,10.36210482913966,13
dcrlme_seed0,dcrlme,0,leg4_paralysed,ite,2,10,743,1083.27490234375,930,1120.4976806640625,34.99565117787338,10.36210482913966,13
dcrlme_seed0,dcrlme,0,leg4_paralysed,ite,2,11,930,1136.5186767578125,930,1120.4976806640625,34.99565117787338,10.36210482913966,13
dcrlme_seed0,dcrlme,0,leg4_paralysed,ite,2,12,700,1102.8955078125,930,1120.4976806640625,34.99565117787338,10.36210482913966,13
dcrlme_seed0,dcrlme,0,leg4_paralysed,ite,2,13,930,1125.0400390625,930,1120.4976806640625,34.99565117787338,10.36210482913966,13
dcrlme_seed0,dcrlme,0,leg4_paralysed,ite,2,14,724,1064.4058837890625,930,1120.4976806640625,34.99565117787338,10.36210482913966,13
dcrlme_seed0,dcrlme,0,leg4_paralysed,ite,2,15,930,1121.1864013671875,930,1120.4976806640625,34.99565117787338,10.36210482913966,13
dcrlme_seed0,dcrlme,0,leg4_paralysed,ite,2,16,863,1045.6627197265625,930,1120.4976806640625,34.99565117787338,10.36210482913966,13
dcrlme_seed0,dcrlme,0,leg4_paralysed,ite,2,17,880,1056.223388671875,930,1120.4976806640625,34.99565117787338,10.36210482913966,13
dcrlme_seed0,dcrlme,0,leg4_paralysed,ite,2,18,930,1141.418212890625,930,1120.4976806640625,34.99565117787338,10.36210482913966,13
dcrlme_seed0,dcrlme,0,leg4_paralysed,ite,2,19,930,1124.13916015625,930,1120.4976806640625,34.99565117787338,10.36210482913966,13
dcrlme_seed0,dcrlme,0,leg4_paralysed,ite,2,20,930,1146.6558837890625,930,1120.4976806640625,34.99565117787338,10.36210482913966,13
dcrlme_seed0,dcrlme,0,leg4_paralysed,ite,3,1,724,1051.98779296875,724,1065.792236328125,4.016290351725741,1.1892112376282213,12
dcrlme_seed0,dcrlme,0,leg4_paralysed,ite,3,2,218,1047.95849609375,724,1065.792236328125,4.016290351725741,1.1892112376282213,12
dcrlme_seed0,dcrlme,0,leg4_paralysed,ite,3,3,393,1100.54345703125,393,1109.325927734375,28.669155355189734,8.488848847058925,12
dcrlme_seed0,dcrlme,0,leg4_paralysed,ite,3,4,986,1062.0146484375,393,1109.325927734375,28.669155355189734,8.488848847058925,12
dcrlme_seed0,dcrlme,0,leg4_paralysed,ite,3,5,1001,1070.528076171875,393,1109.325927734375,28.669155355189734,8.488848847058925,12
dcrlme_seed0,dcrlme,0,leg4_paralysed,ite,3,6,930,1137.366943359375,930,1120.4976806640625,34.99565117787338,10.36210482913966,12
dcrlme_seed0,dcrlme,0,leg4_paralysed,ite,3,7,87,1049.1329345703125,930,1120.4976806640625,34.99565117787338,10.36210482913966,12
dcrlme_seed0,dcrlme,0,leg4_paralysed,ite,3,8,229,1069.3583984375,930,1120.4976806640625,34.99565117787338,10.36210482913966,12
dcrlme_seed0,dcrlme,0,leg4_paralysed,ite,3,9,24,1091.292236328125,930,1120.4976806640625,34.99565117787338,10.36210482913966,12
dcrlme_seed0,dcrlme,0,leg4_paralysed,ite,3,10,743,1082.7371826171875,930,1120.4976806640625,34.99565117787338,10.36210482913966,12
dcrlme_seed0,dcrlme,0,leg4_paralysed,ite,3,11,930,1132.3154296875,930,1120.4976806640625,34.99565117787338,10.36210482913966,12
dcrlme_seed0,dcrlme,0,leg4_paralysed,ite,3,12,700,1143.882080078125,700,1104.464111328125,25.915938256818425,7.673629720382371,12
dcrlme_seed0,dcrlme,0,leg4_paralysed,ite,3,13,930,1123.9410400390625,700,1104.464111328125,25.915938256818425,7.673629720382371,12
dcrlme_seed0,dcrlme,0,leg4_paralysed,ite,3,14,700,1099.675048828125,700,1104.464111328125,25.915938256818425,7.673629720382371,12
dcrlme_seed0,dcrlme,0,leg4_paralysed,ite,3,15,930,1132.785400390625,700,1104.464111328125,25.915938256818425,7.673629720382371,12
dcrlme_seed0,dcrlme,0,leg4_paralysed,ite,3,16,880,1054.399169921875,700,1104.464111328125,25.915938256818425,7.673629720382371,12
dcrlme_seed0,dcrlme,0,leg4_paralysed,ite,3,17,863,1070.473876953125,700,1104.464111328125,25.915938256818425,7.673629720382371,12
dcrlme_seed0,dcrlme,0,leg4_paralysed,ite,3,18,930,1114.255615234375,700,1104.464111328125,25.915938256818425,7.673629720382371,12
dcrlme_seed0,dcrlme,0,leg4_paralysed,ite,3,19,930,1149.0284423828125,930,1120.4976806640625,34.99565117787338,10.36210482913966,12
dcrlme_seed0,dcrlme,0,leg4_paralysed,ite,3,20,930,1117.5477294921875,930,1120.4976806640625,34.99565117787338,10.36210482913966,12
dcrlme_seed0,dcrlme,0,leg4_paralysed,ite,4,1,724,1064.293212890625,724,1065.792236328125,4.016290351725741,1.1892112376282213,11
dcrlme_seed0,dcrlme,0,leg4_paralysed,ite,4,2,218,1049.47216796875,724,1065.792236328125,4.016290351725741,1.1892112376282213,11
dcrlme_seed0,dcrlme,0,leg4_paralysed,ite,4,3,393,1093.806640625,393,1109.325927734375,28.669155355189734,8.488848847058925,11
dcrlme_seed0,dcrlme,0,leg4_paralysed,ite,4,4,1001,1069.905517578125,393,1109.325927734375,28.669155355189734,8.488848847058925,11
dcrlme_seed0,dcrlme,0,leg4_paralysed,ite,4,5,986,1067.0982666015625,393,1109.325927734375,28.669155355189734,8.488848847058925,11
dcrlme_seed0,dcrlme,0,leg4_paralysed,ite,4,6,930,1149.1629638671875,930,1120.4976806640625,34.99565117787338,10.36210482913966,11
dcrlme_seed0,dcrlme,0,leg4_paralysed,ite,4,7,87,1046.0404052734375,930,1120.4976806640625,34.99565117787338,10.36210482913966,11
dcrlme_seed0,dcrlme,0,leg4_paralysed,ite,4,8,229,1075.232421875,930,1120.4976806640625,34.99565117787338,10.36210482913966,11
dcrlme_seed0,dcrlme,0,leg4_paralysed,ite,4,9,24,1085.1572265625,930,1120.4976806640625,34.99565117787338,10.36210482913966,11
dcrlme_seed0,dcrlme,0,leg4_paralysed,ite,4,10,743,1082.4874267578125,930,1120.4976806640625,34.99565117787338,10.36210482913966,11
dcrlme_seed0,dcrlme,0,leg4_paralysed,ite,4,11,930,1120.2252197265625,930,1120.4976806640625,34.99565117787338,10.36210482913966,11
dcrlme_seed0,dcrlme,0,leg4_paralysed,ite,4,12,930,1129.0693359375,930,1120.4976806640625,34.99565117787338,10.36210482913966,11
dcrlme_seed0,dcrlme,0,leg4_paralysed,ite,4,13,700,1088.5096435546875,930,1120.4976806640625,34.99565117787338,10.36210482913966,11
dcrlme_seed0,dcrlme,0,leg4_paralysed,ite,4,14,724,1061.114990234375,930,1120.4976806640625,34.99565117787338,10.36210482913966,11
dcrlme_seed0,dcrlme,0,leg4_paralysed,ite,4,15,930,1128.869384765625,930,1120.4976806640625,34.99565117787338,10.36210482913966,11
dcrlme_seed0,dcrlme,0,leg4_paralysed,ite,4,16,930,1140.3299560546875,930,1120.4976806640625,34.99565117787338,10.36210482913966,11
dcrlme_seed0,dcrlme,0,leg4_paralysed,ite,4,17,930,1112.17626953125,930,1120.4976806640625,34.99565117787338,10.36210482913966,11
dcrlme_seed0,dcrlme,0,leg4_paralysed,ite,4,18,863,1052.8634033203125,930,1120.4976806640625,34.99565117787338,10.36210482913966,11
dcrlme_seed0,dcrlme,0,leg4_paralysed,ite,4,19,880,1045.271240234375,930,1120.4976806640625,34.99565117787338,10.36210482913966,11
dcrlme_seed0,dcrlme,0,leg4_paralysed,ite,4,20,930,1159.114501953125,930,1120.4976806640625,34.99565117787338,10.36210482913966,11
dcrlme_seed0,dcrlme,0,leg4_paralysed,top_k,0,1,724,1063.771240234375,724,1065.792236328125,4.016290351725741,1.1892112376282213,
dcrlme_seed0,dcrlme,0,leg4_paralysed,top_k,0,2,342,1064.2730712890625,342,1067.9239501953125,5.223466965888094,1.5466525253944325,
dcrlme_seed0,dcrlme,0,leg4_paralysed,top_k,0,3,716,1087.5355224609375,716,1090.210205078125,17.84403773099184,5.283564766486422,
dcrlme_seed0,dcrlme,0,leg4_paralysed,top_k,0,4,218,1050.414306640625,716,1090.210205078125,17.84403773099184,5.283564766486422,
dcrlme_seed0,dcrlme,0,leg4_paralysed,top_k,0,5,939,1078.563720703125,716,1090.210205078125,17.84403773099184,5.283564766486422,
dcrlme_seed0,dcrlme,0,leg4_paralysed,top_k,0,6,880,1050.4296875,716,1090.210205078125,17.84403773099184,5.283564766486422,
dcrlme_seed0,dcrlme,0,leg4_paralysed,top_k,0,7,330,1047.0333251953125,716,1090.210205078125,17.84403773099184,5.283564766486422,
dcrlme_seed0,dcrlme,0,leg4_paralysed,top_k,0,8,381,1075.197509765625,716,1090.210205078125,17.84403773099184,5.283564766486422,
dcrlme_seed0,dcrlme,0,leg4_paralysed,top_k,0,9,901,1160.1617431640625,901,1111.9896240234375,30.177590383400048,8.935491825948375,
dcrlme_seed0,dcrlme,0,leg4_paralysed,top_k,0,10,131,1081.0107421875,901,1111.9896240234375,30.177590383400048,8.935491825948375,
dcrlme_seed0,dcrlme,0,leg4_paralysed,top_k,0,11,858,1047.358154296875,901,1111.9896240234375,30.177590383400048,8.935491825948375,
dcrlme_seed0,dcrlme,0,leg4_paralysed,top_k,0,12,126,1082.7994384765625,901,1111.9896240234375,30.177590383400048,8.935491825948375,
dcrlme_seed0,dcrlme,0,leg4_paralysed,top_k,0,13,41,1077.35400390625,901,1111.9896240234375,30.177590383400048,8.935491825948375,
dcrlme_seed0,dcrlme,0,leg4_paralysed,top_k,0,14,229,1068.380126953125,901,1111.9896240234375,30.177590383400048,8.935491825948375,
dcrlme_seed0,dcrlme,0,leg4_paralysed,top_k,0,15,244,1115.9949951171875,901,1111.9896240234375,30.177590383400048,8.935491825948375,
dcrlme_seed0,dcrlme,0,leg4_paralysed,top_k,0,16,73,1077.373046875,901,1111.9896240234375,30.177590383400048,8.935491825948375,
dcrlme_seed0,dcrlme,0,leg4_paralysed,top_k,0,17,535,1083.6656494140625,901,1111.9896240234375,30.177590383400048,8.935491825948375,
dcrlme_seed0,dcrlme,0,leg4_paralysed,top_k,0,18,43,1063.196533203125,901,1111.9896240234375,30.177590383400048,8.935491825948375,
dcrlme_seed0,dcrlme,0,leg4_paralysed,top_k,0,19,217,1082.981689453125,901,1111.9896240234375,30.177590383400048,8.935491825948375,
dcrlme_seed0,dcrlme,0,leg4_paralysed,top_k,0,20,26,1073.5472412109375,901,1111.9896240234375,30.177590383400048,8.935491825948375,
dcrlme_seed0,dcrlme,0,leg4_paralysed,top_k,1,1,724,1071.6033935546875,724,1065.792236328125,4.016290351725741,1.1892112376282213,
dcrlme_seed0,dcrlme,0,leg4_paralysed,top_k,1,2,342,1054.4471435546875,724,1065.792236328125,4.016290351725741,1.1892112376282213,
dcrlme_seed0,dcrlme,0,leg4_paralysed,top_k,1,3,716,1090.01220703125,716,1090.210205078125,17.84403773099184,5.283564766486422,
dcrlme_seed0,dcrlme,0,leg4_paralysed,top_k,1,4,218,1047.7593994140625,716,1090.210205078125,17.84403773099184,5.283564766486422,
dcrlme_seed0,dcrlme,0,leg4_paralysed,top_k,1,5,939,1093.470703125,939,1083.27490234375,13.916617920133454,4.120667823054622,
dcrlme_seed0,dcrlme,0,leg4_paralysed,top_k,1,6,880,1048.105712890625,939,1083.27490234375,13.916617920133454,4.120667823054622,
dcrlme_seed0,dcrlme,0,leg4_paralysed,top_k,1,7,330,1056.35400390625,939,1083.27490234375,13.916617920133454,4.120667823054622,
dcrlme_seed0,dcrlme,0,leg4_paralysed,top_k,1,8,381,1074.267333984375,939,1083.27490234375,13.916617920133454,4.120667823054622,
dcrlme_seed0,dcrlme,0,leg4_paralysed,top_k,1,9,901,1091.556884765625,939,1083.27490234375,13.916617920133454,4.120667823054622,
dcrlme_seed0,dcrlme,0,leg4_paralysed,top_k,1,10,131,1078.960205078125,939,1083.27490234375,13.916617920133454,4.120667823054622,
dcrlme_seed0,dcrlme,0,leg4_paralysed,top_k,1,11,858,1041.8482666015625,939,1083.27490234375,13.916617920133454,4.120667823054622,
dcrlme_seed0,dcrlme,0,leg4_paralysed,top_k,1,12,126,1072.177978515625,939,1083.27490234375,13.916617920133454,4.120667823054622,
dcrlme_seed0,dcrlme,0,leg4_paralysed,top_k,1,13,41,1071.290283203125,939,1083.27490234375,13.916617920133454,4.120667823054622,
dcrlme_seed0,dcrlme,0,leg4_paralysed,top_k,1,14,229,1060.96435546875,939,1083.27490234375,13.916617920133454,4.120667823054622,
dcrlme_seed0,dcrlme,0,leg4_paralysed,top_k,1,15,244,1168.301513671875,244,1123.1236572265625,36.482725754055046,10.802423043789304,
dcrlme_seed0,dcrlme,0,leg4_paralysed,top_k,1,16,73,1070.6197509765625,244,1123.1236572265625,36.482725754055046,10.802423043789304,
dcrlme_seed0,dcrlme,0,leg4_paralysed,top_k,1,17,535,1079.8072509765625,244,1123.1236572265625,36.482725754055046,10.802423043789304,
dcrlme_seed0,dcrlme,0,leg4_paralysed,top_k,1,18,43,1069.30224609375,244,1123.1236572265625,36.482725754055046,10.802423043789304,
dcrlme_seed0,dcrlme,0,leg4_paralysed,top_k,1,19,217,1085.0589599609375,244,1123.1236572265625,36.482725754055046,10.802423043789304,
dcrlme_seed0,dcrlme,0,leg4_paralysed,top_k,1,20,26,1080.5614013671875,244,1123.1236572265625,36.482725754055046,10.802423043789304,
dcrlme_seed0,dcrlme,0,leg4_paralysed,top_k,2,1,724,1063.60986328125,724,1065.792236328125,4.016290351725741,1.1892112376282213,
dcrlme_seed0,dcrlme,0,leg4_paralysed,top_k,2,2,342,1075.181640625,342,1067.9239501953125,5.223466965888094,1.5466525253944325,
dcrlme_seed0,dcrlme,0,leg4_paralysed,top_k,2,3,716,1085.2694091796875,716,1090.210205078125,17.84403773099184,5.283564766486422,
dcrlme_seed0,dcrlme,0,leg4_paralysed,top_k,2,4,218,1052.861328125,716,1090.210205078125,17.84403773099184,5.283564766486422,
dcrlme_seed0,dcrlme,0,leg4_paralysed,top_k,2,5,939,1093.302001953125,939,1083.27490234375,13.916617920133454,4.120667823054622,
dcrlme_seed0,dcrlme,0,leg4_paralysed,top_k,2,6,880,1057.84912109375,939,1083.27490234375,13.916617920133454,4.120667823054622,
dcrlme_seed0,dcrlme,0,leg4_paralysed,top_k,2,7,330,1053.0419921875,939,1083.27490234375,13.916617920133454,4.120667823054622,
dcrlme_seed0,dcrlme,0,leg4_paralysed,top_k,2,8,381,1082.307373046875,939,1083.27490234375,13.916617920133454,4.120667823054622,
dcrlme_seed0,dcrlme,0,leg4_paralysed,top_k,2,9,901,1135.15625,901,1111.9896240234375,30.177590383400048,8.935491825948375,
dcrlme_seed0,dcrlme,0,leg4_paralysed,top_k,2,10,131,1070.650634765625,901,1111.9896240234375,30.177590383400048,8.935491825948375,
dcrlme_seed0,dcrlme,0,leg4_paralysed,top_k,2,11,858,1040.184814453125,901,1111.9896240234375,30.177590383400048,8.935491825948375,
dcrlme_seed0,dcrlme,0,leg4_paralysed,top_k,2,12,126,1085.72607421875,901,1111.9896240234375,30.177590383400048,8.935491825948375,
dcrlme_seed0,dcrlme,0,leg4_paralysed,top_k,2,13,41,1073.0821533203125,901,1111.9896240234375,30.177590383400048,8.935491825948375,
dcrlme_seed0,dcrlme,0,leg4_paralysed,top_k,2,14,229,1083.339599609375,901,1111.9896240234375,30.177590383400048,8.935491825948375,
dcrlme_seed0,dcrlme,0,leg4_paralysed,top_k,2,15,244,1163.73828125,244,1123.1236572265625,36.482725754055046,10.802423043789304,
dcrlme_seed0,dcrlme,0,leg4_paralysed,top_k,2,16,73,1067.390625,244,1123.1236572265625,36.482725754055046,10.802423043789304,
dcrlme_seed0,dcrlme,0,leg4_paralysed,top_k,2,17,535,1085.376953125,244,1123.1236572265625,36.482725754055046,10.802423043789304,
dcrlme_seed0,dcrlme,0,leg4_paralysed,top_k,2,18,43,1070.107666015625,244,1123.1236572265625,36.482725754055046,10.802423043789304,
dcrlme_seed0,dcrlme,0,leg4_paralysed,top_k,2,19,217,1073.189453125,244,1123.1236572265625,36.482725754055046,10.802423043789304,
dcrlme_seed0,dcrlme,0,leg4_paralysed,top_k,2,20,26,1074.81640625,244,1123.1236572265625,36.482725754055046,10.802423043789304,
dcrlme_seed0,dcrlme,0,leg4_paralysed,top_k,3,1,724,1066.670654296875,724,1065.792236328125,4.016290351725741,1.1892112376282213,
dcrlme_seed0,dcrlme,0,leg4_paralysed,top_k,3,2,342,1070.422607421875,342,1067.9239501953125,5.223466965888094,1.5466525253944325,
dcrlme_seed0,dcrlme,0,leg4_paralysed,top_k,3,3,716,1089.934814453125,716,1090.210205078125,17.84403773099184,5.283564766486422,
dcrlme_seed0,dcrlme,0,leg4_paralysed,top_k,3,4,218,1064.8466796875,716,1090.210205078125,17.84403773099184,5.283564766486422,
dcrlme_seed0,dcrlme,0,leg4_paralysed,top_k,3,5,939,1090.773193359375,939,1083.27490234375,13.916617920133454,4.120667823054622,
dcrlme_seed0,dcrlme,0,leg4_paralysed,top_k,3,6,880,1060.2935791015625,939,1083.27490234375,13.916617920133454,4.120667823054622,
dcrlme_seed0,dcrlme,0,leg4_paralysed,top_k,3,7,330,1047.5948486328125,939,1083.27490234375,13.916617920133454,4.120667823054622,
dcrlme_seed0,dcrlme,0,leg4_paralysed,top_k,3,8,381,1079.517578125,939,1083.27490234375,13.916617920133454,4.120667823054622,
dcrlme_seed0,dcrlme,0,leg4_paralysed,top_k,3,9,901,1091.5050048828125,901,1111.9896240234375,30.177590383400048,8.935491825948375,
dcrlme_seed0,dcrlme,0,leg4_paralysed,top_k,3,10,131,1078.2620849609375,901,1111.9896240234375,30.177590383400048,8.935491825948375,
dcrlme_seed0,dcrlme,0,leg4_paralysed,top_k,3,11,858,1041.5758056640625,901,1111.9896240234375,30.177590383400048,8.935491825948375,
dcrlme_seed0,dcrlme,0,leg4_paralysed,top_k,3,12,126,1071.256103515625,901,1111.9896240234375,30.177590383400048,8.935491825948375,
dcrlme_seed0,dcrlme,0,leg4_paralysed,top_k,3,13,41,1077.76708984375,901,1111.9896240234375,30.177590383400048,8.935491825948375,
dcrlme_seed0,dcrlme,0,leg4_paralysed,top_k,3,14,229,1069.2423095703125,901,1111.9896240234375,30.177590383400048,8.935491825948375,
dcrlme_seed0,dcrlme,0,leg4_paralysed,top_k,3,15,244,1190.574462890625,244,1123.1236572265625,36.482725754055046,10.802423043789304,
dcrlme_seed0,dcrlme,0,leg4_paralysed,top_k,3,16,73,1110.215576171875,244,1123.1236572265625,36.482725754055046,10.802423043789304,
dcrlme_seed0,dcrlme,0,leg4_paralysed,top_k,3,17,535,1081.3369140625,244,1123.1236572265625,36.482725754055046,10.802423043789304,
dcrlme_seed0,dcrlme,0,leg4_paralysed,top_k,3,18,43,1070.282470703125,244,1123.1236572265625,36.482725754055046,10.802423043789304,
dcrlme_seed0,dcrlme,0,leg4_paralysed,top_k,3,19,217,1083.853515625,244,1123.1236572265625,36.482725754055046,10.802423043789304,
dcrlme_seed0,dcrlme,0,leg4_paralysed,top_k,3,20,26,1072.5941162109375,244,1123.1236572265625,36.482725754055046,10.802423043789304,
dcrlme_seed0,dcrlme,0,leg4_paralysed,top_k,4,1,724,1075.039306640625,724,1065.792236328125,4.016290351725741,1.1892112376282213,
dcrlme_seed0,dcrlme,0,leg4_paralysed,top_k,4,2,342,1070.284912109375,724,1065.792236328125,4.016290351725741,1.1892112376282213,
dcrlme_seed0,dcrlme,0,leg4_paralysed,top_k,4,3,716,1090.864990234375,716,1090.210205078125,17.84403773099184,5.283564766486422,
dcrlme_seed0,dcrlme,0,leg4_paralysed,top_k,4,4,218,1062.402587890625,716,1090.210205078125,17.84403773099184,5.283564766486422,
dcrlme_seed0,dcrlme,0,leg4_paralysed,top_k,4,5,939,1087.125,716,1090.210205078125,17.84403773099184,5.283564766486422,
dcrlme_seed0,dcrlme,0,leg4_paralysed,top_k,4,6,880,1057.83154296875,716,1090.210205078125,17.84403773099184,5.283564766486422,
dcrlme_seed0,dcrlme,0,leg4_paralysed,top_k,4,7,330,1052.079345703125,716,1090.210205078125,17.84403773099184,5.283564766486422,
dcrlme_seed0,dcrlme,0,leg4_paralysed,top_k,4,8,381,1074.213623046875,716,1090.210205078125,17.84403773099184,5.283564766486422,
dcrlme_seed0,dcrlme,0,leg4_paralysed,top_k,4,9,901,1097.171142578125,901,1111.9896240234375,30.177590383400048,8.935491825948375,
dcrlme_seed0,dcrlme,0,leg4_paralysed,top_k,4,10,131,1076.511474609375,901,1111.9896240234375,30.177590383400048,8.935491825948375,
dcrlme_seed0,dcrlme,0,leg4_paralysed,top_k,4,11,858,1047.74609375,901,1111.9896240234375,30.177590383400048,8.935491825948375,
dcrlme_seed0,dcrlme,0,leg4_paralysed,top_k,4,12,126,1082.44580078125,901,1111.9896240234375,30.177590383400048,8.935491825948375,
dcrlme_seed0,dcrlme,0,leg4_paralysed,top_k,4,13,41,1071.4456787109375,901,1111.9896240234375,30.177590383400048,8.935491825948375,
dcrlme_seed0,dcrlme,0,leg4_paralysed,top_k,4,14,229,1069.8642578125,901,1111.9896240234375,30.177590383400048,8.935491825948375,
dcrlme_seed0,dcrlme,0,leg4_paralysed,top_k,4,15,244,1108.726806640625,244,1123.1236572265625,36.482725754055046,10.802423043789304,
dcrlme_seed0,dcrlme,0,leg4_paralysed,top_k,4,16,73,1066.52392578125,244,1123.1236572265625,36.482725754055046,10.802423043789304,
dcrlme_seed0,dcrlme,0,leg4_paralysed,top_k,4,17,535,1087.9671630859375,244,1123.1236572265625,36.482725754055046,10.802423043789304,
dcrlme_seed0,dcrlme,0,leg4_paralysed,top_k,4,18,43,1066.147705078125,244,1123.1236572265625,36.482725754055046,10.802423043789304,
dcrlme_seed0,dcrlme,0,leg4_paralysed,top_k,4,19,217,1078.982421875,244,1123.1236572265625,36.482725754055046,10.802423043789304,
dcrlme_seed0,dcrlme,0,leg4_paralysed,top_k,4,20,26,1087.3504638671875,244,1123.1236572265625,36.482725754055046,10.802423043789304,
dcrlme_seed0,dcrlme,0,leg4_paralysed,random,0,1,883,1096.391845703125,883,1085.2496337890625,15.034896342357838,4.45178662922733,
dcrlme_seed0,dcrlme,0,leg4_paralysed,random,0,2,335,1055.3114013671875,883,1085.2496337890625,15.034896342357838,4.45178662922733,
dcrlme_seed0,dcrlme,0,leg4_paralysed,random,0,3,112,1089.500244140625,883,1085.2496337890625,15.034896342357838,4.45178662922733,
dcrlme_seed0,dcrlme,0,leg4_paralysed,random,0,4,597,772.9697875976562,883,1085.2496337890625,15.034896342357838,4.45178662922733,
dcrlme_seed0,dcrlme,0,leg4_paralysed,random,0,5,343,1048.935546875,883,1085.2496337890625,15.034896342357838,4.45178662922733,
dcrlme_seed0,dcrlme,0,leg4_paralysed,random,0,6,865,754.0758666992188,883,1085.2496337890625,15.034896342357838,4.45178662922733,
dcrlme_seed0,dcrlme,0,leg4_paralysed,random,0,7,581,1087.3543701171875,883,1085.2496337890625,15.034896342357838,4.45178662922733,
dcrlme_seed0,dcrlme,0,leg4_paralysed,random,0,8,444,1079.2169189453125,883,1085.2496337890625,15.034896342357838,4.45178662922733,
dcrlme_seed0,dcrlme,0,leg4_paralysed,random,0,9,192,1052.16845703125,883,1085.2496337890625,15.034896342357838,4.45178662922733,
dcrlme_seed0,dcrlme,0,leg4_paralysed,random,0,10,89,1068.396728515625,883,1085.2496337890625,15.034896342357838,4.45178662922733,
dcrlme_seed0,dcrlme,0,leg4_paralysed,random,0,11,496,1142.33740234375,496,1135.632568359375,43.566446144770204,12.899890894746584,
dcrlme_seed0,dcrlme,0,leg4_paralysed,random,0,12,233,1071.9024658203125,496,1135.632568359375,43.566446144770204,12.899890894746584,
dcrlme_seed0,dcrlme,0,leg4_paralysed,random,0,13,492,1187.31201171875,492,1195.351318359375,77.38481151578607,22.913405012357234,
dcrlme_seed0,dcrlme,0,leg4_paralysed,random,0,14,923,1093.8482666015625,492,1195.351318359375,77.38481151578607,22.913405012357234,
dcrlme_seed0,dcrlme,0,leg4_paralysed,random,0,15,40,1072.630126953125,492,1195.351318359375,77.38481151578607,22.913405012357234,
dcrlme_seed0,dcrlme,0,leg4_paralysed,random,0,16,1022,1060.693115234375,492,1195.351318359375,77.38481151578607,22.913405012357234,
dcrlme_seed0,dcrlme,0,leg4_paralysed,random,0,17,693,1025.37890625,492,1195.351318359375,77.38481151578607,22.913405012357234,
dcrlme_seed0,dcrlme,0,leg4_paralysed,random,0,18,815,1086.012939453125,492,1195.351318359375,77.38481151578607,22.913405012357234,
dcrlme_seed0,dcrlme,0,leg4_paralysed,random,0,19,249,1102.167724609375,492,1195.351318359375,77.38481151578607,22.913405012357234,
dcrlme_seed0,dcrlme,0,leg4_paralysed,random,0,20,892,1150.0650634765625,492,1195.351318359375,77.38481151578607,22.913405012357234,
dcrlme_seed0,dcrlme,0,leg4_paralysed,random,1,1,887,1094.6151123046875,887,1083.59228515625,14.096349878950504,4.173885904036822,
dcrlme_seed0,dcrlme,0,leg4_paralysed,random,1,2,395,1131.9381103515625,395,1124.1224365234375,37.04832840291701,10.969896250941748,
dcrlme_seed0,dcrlme,0,leg4_paralysed,random,1,3,777,1051.95947265625,395,1124.1224365234375,37.04832840291701,10.969896250941748,
dcrlme_seed0,dcrlme,0,leg4_paralysed,random,1,4,710,1123.48486328125,395,1124.1224365234375,37.04832840291701,10.969896250941748,
dcrlme_seed0,dcrlme,0,leg4_paralysed,random,1,5,180,1023.6820068359375,395,1124.1224365234375,37.04832840291701,10.969896250941748,
dcrlme_seed0,dcrlme,0,leg4_paralysed,random,1,6,978,974.0802001953125,395,1124.1224365234375,37.04832840291701,10.969896250941748,
dcrlme_seed0,dcrlme,0,leg4_paralysed,random,1,7,306,1083.1583251953125,395,1124.1224365234375,37.04832840291701,10.969896250941748,
dcrlme_seed0,dcrlme,0,leg4_paralysed,random,1,8,718,1067.80126953125,395,1124.1224365234375,37.04832840291701,10.969896250941748,
dcrlme_seed0,dcrlme,0,leg4_paralysed,random,1,9,818,1205.7958984375,818,1192.832275390625,75.95829278419045,22.491017197300053,
dcrlme_seed0,dcrlme,0,leg4_paralysed,random,1,10,179,972.241943359375,818,1192.832275390625,75.95829278419045,22.491017197300053,
dcrlme_seed0,dcrlme,0,leg4_paralysed,random,1,11,380,1068.890625,818,1192.832275390625,75.95829278419045,22.491017197300053,
dcrlme_seed0,dcrlme,0,leg4_paralysed,random,1,12,944,1074.5986328125,818,1192.832275390625,75.95829278419045,22.491017197300053,
dcrlme_seed0,dcrlme,0,leg4_paralysed,random,1,13,430,1058.344970703125,818,1192.832275390625,75.95829278419045,22.491017197300053,
dcrlme_seed0,dcrlme,0,leg4_paralysed,random,1,14,543,1057.38134765625,818,1192.832275390625,75.95829278419045,22.491017197300053,
dcrlme_seed0,dcrlme,0,leg4_paralysed,random,1,15,88,1101.30859375,818,1192.832275390625,75.95829278419045,22.491017197300053,
dcrlme_seed0,dcrlme,0,leg4_paralysed,random,1,16,968,1056.2423095703125,818,1192.832275390625,75.95829278419045,22.491017197300053,
dcrlme_seed0,dcrlme,0,leg4_paralysed,random,1,17,702,1064.0765380859375,818,1192.832275390625,75.95829278419045,22.491017197300053,
dcrlme_seed0,dcrlme,0,leg4_paralysed,random,1,18,647,1093.9912109375,818,1192.832275390625,75.95829278419045,22.491017197300053,
dcrlme_seed0,dcrlme,0,leg4_paralysed,random,1,19,745,1078.158447265625,818,1192.832275390625,75.95829278419045,22.491017197300053,
dcrlme_seed0,dcrlme,0,leg4_paralysed,random,1,20,36,1048.543701171875,818,1192.832275390625,75.95829278419045,22.491017197300053,
dcrlme_seed0,dcrlme,0,leg4_paralysed,random,2,1,409,1050.6966552734375,409,1066.7357177734375,4.550578163147652,1.347412217594152,
dcrlme_seed0,dcrlme,0,leg4_paralysed,random,2,2,0,1080.46533203125,0,1071.139404296875,7.0443590917342,2.0858130912221693,
dcrlme_seed0,dcrlme,0,leg4_paralysed,random,2,3,1019,1024.7601318359375,0,1071.139404296875,7.0443590917342,2.0858130912221693,
dcrlme_seed0,dcrlme,0,leg4_paralysed,random,2,4,490,1053.7578125,0,1071.139404296875,7.0443590917342,2.0858130912221693,
dcrlme_seed0,dcrlme,0,leg4_paralysed,random,2,5,802,996.0397338867188,0,1071.139404296875,7.0443590917342,2.0858130912221693,
dcrlme_seed0,dcrlme,0,leg4_paralysed,random,2,6,218,1047.022216796875,0,1071.139404296875,7.0443590917342,2.0858130912221693,
dcrlme_seed0,dcrlme,0,leg4_paralysed,random,2,7,385,1072.1790771484375,0,1071.139404296875,7.0443590917342,2.0858130912221693,
dcrlme_seed0,dcrlme,0,leg4_paralysed,random,2,8,488,1100.7373046875,488,1102.9384765625,25.051980556320164,7.4178144987994745,
dcrlme_seed0,dcrlme,0,leg4_paralysed,random,2,9,838,1075.707763671875,488,1102.9384765625,25.051980556320164,7.4178144987994745,
dcrlme_seed0,dcrlme,0,leg4_paralysed,random,2,10,169,1005.3534545898438,488,1102.9384765625,25.051980556320164,7.4178144987994745,
dcrlme_seed0,dcrlme,0,leg4_paralysed,random,2,11,122,1079.789794921875,488,1102.9384765625,25.051980556320164,7.4178144987994745,
dcrlme_seed0,dcrlme,0,leg4_paralysed,random,2,12,89,1057.953857421875,488,1102.9384765625,25.051980556320164,7.4178144987994745,
dcrlme_seed0,dcrlme,0,leg4_paralysed,random,2,13,943,1062.4521484375,488,1102.9384765625,25.051980556320164,7.4178144987994745,
dcrlme_seed0,dcrlme,0,leg4_paralysed,random,2,14,808,1086.5767822265625,488,1102.9384765625,25.051980556320164,7.4178144987994745,
dcrlme_seed0,dcrlme,0,leg4_paralysed,random,2,15,880,1061.8673095703125,488,1102.9384765625,25.051980556320164,7.4178144987994745,
dcrlme_seed0,dcrlme,0,leg4_paralysed,random,2,16,475,1070.438720703125,488,1102.9384765625,25.051980556320164,7.4178144987994745,
dcrlme_seed0,dcrlme,0,leg4_paralysed,random,2,17,900,1087.7822265625,488,1102.9384765625,25.051980556320164,7.4178144987994745,
dcrlme_seed0,dcrlme,0,leg4_paralysed,random,2,18,427,1059.2822265625,488,1102.9384765625,25.051980556320164,7.4178144987994745,
dcrlme_seed0,dcrlme,0,leg4_paralysed,random,2,19,23,1066.850341796875,488,1102.9384765625,25.051980556320164,7.4178144987994745,
dcrlme_seed0,dcrlme,0,leg4_paralysed,random,2,20,389,1109.7974853515625,389,1104.0322265625,25.6713645374743,7.601212193261208,
dcrlme_seed0,dcrlme,0,leg4_paralysed,random,3,1,807,1060.922607421875,807,1062.20556640625,1.9851809617401561,0.5878059855439967,
dcrlme_seed0,dcrlme,0,leg4_paralysed,random,3,2,766,1078.3641357421875,766,1080.7677001953125,12.49680457315524,3.700265451787932,
dcrlme_seed0,dcrlme,0,leg4_paralysed,random,3,3,697,1103.072265625,697,1115.974853515625,32.434401637053966,9.603726706650631,
dcrlme_seed0,dcrlme,0,leg4_paralysed,random,3,4,953,1115.4949951171875,953,1102.9769287109375,25.073755774407616,7.424262073995395,
dcrlme_seed0,dcrlme,0,leg4_paralysed,random,3,5,438,1067.5537109375,953,1102.9769287109375,25.073755774407616,7.424262073995395,
dcrlme_seed0,dcrlme,0,leg4_paralysed,random,3,6,607,779.495361328125,953,1102.9769287109375,25.073755774407616,7.424262073995395,
dcrlme_seed0,dcrlme,0,leg4_paralysed,random,3,7,913,1081.2613525390625,953,1102.9769287109375,25.073755774407616,7.424262073995395,
dcrlme_seed0,dcrlme,0,leg4_paralysed,random,3,8,484,910.6285400390625,953,1102.9769287109375,25.073755774407616,7.424262073995395,
dcrlme_seed0,dcrlme,0,leg4_paralysed,random,3,9,771,1066.46923828125,953,1102.9769287109375,25.073755774407616,7.424262073995395,
dcrlme_seed0,dcrlme,0,leg4_paralysed,random,3,10,535,1089.9990234375,953,1102.9769287109375,25.073755774407616,7.424262073995395,
dcrlme_seed0,dcrlme,0,leg4_paralysed,random,3,11,975,1185.4296875,975,1225.50537109375,94.46086841228798,27.96957301250526,
dcrlme_seed0,dcrlme,0,leg4_paralysed,random,3,12,742,1088.138671875,975,1225.50537109375,94.46086841228798,27.96957301250526,
dcrlme_seed0,dcrlme,0,leg4_paralysed,random,3,13,198,1093.2547607421875,975,1225.50537109375,94.46086841228798,27.96957301250526,
dcrlme_seed0,dcrlme,0,leg4_paralysed,random,3,14,271,911.3386840820312,975,1225.50537109375,94.46086841228798,27.96957301250526,
dcrlme_seed0,dcrlme,0,leg4_paralysed,random,3,15,83,1068.597412109375,975,1225.50537109375,94.46086841228798,27.96957301250526,
dcrlme_seed0,dcrlme,0,leg4_paralysed,random,3,16,510,821.8782348632812,975,1225.50537109375,94.46086841228798,27.96957301250526,
dcrlme_seed0,dcrlme,0,leg4_paralysed,random,3,17,588,1078.911376953125,975,1225.50537109375,94.46086841228798,27.96957301250526,
dcrlme_seed0,dcrlme,0,leg4_paralysed,random,3,18,373,1085.6378173828125,975,1225.50537109375,94.46086841228798,27.96957301250526,
dcrlme_seed0,dcrlme,0,leg4_paralysed,random,3,19,655,626.2575073242188,975,1225.50537109375,94.46086841228798,27.96957301250526,
dcrlme_seed0,dcrlme,0,leg4_paralysed,random,3,20,832,1067.349609375,975,1225.50537109375,94.46086841228798,27.96957301250526,
dcrlme_seed0,dcrlme,0,leg4_paralysed,random,4,1,849,1048.539306640625,849,1050.798583984375,-4.474523893497504,-1.3248927819416227,
dcrlme_seed0,dcrlme,0,leg4_paralysed,random,4,2,399,1067.764892578125,399,1074.088134765625,8.714207244497517,2.5802500005321733,
dcrlme_seed0,dcrlme,0,leg4_paralysed,random,4,3,535,1077.73193359375,535,1084.440185546875,14.576510719697895,4.316060054230036,
dcrlme_seed0,dcrlme,0,leg4_paralysed,random,4,4,332,1074.81689453125,535,1084.440185546875,14.576510719697895,4.316060054230036,
dcrlme_seed0,dcrlme,0,leg4_paralysed,random,4,5,600,1056.987548828125,535,1084.440185546875,14.576510719697895,4.316060054230036,
dcrlme_seed0,dcrlme,0,leg4_paralysed,random,4,6,968,1059.934326171875,535,1084.440185546875,14.576510719697895,4.316060054230036,
dcrlme_seed0,dcrlme,0,leg4_paralysed,random,4,7,1012,1178.44287109375,1012,1224.214111328125,93.72963585060846,27.753057296878453,
dcrlme_seed0,dcrlme,0,leg4_paralysed,random,4,8,897,1091.606201171875,1012,1224.214111328125,93.72963585060846,27.753057296878453,
dcrlme_seed0,dcrlme,0,leg4_paralysed,random,4,9,190,1150.257568359375,1012,1224.214111328125,93.72963585060846,27.753057296878453,
dcrlme_seed0,dcrlme,0,leg4_paralysed,random,4,10,963,1094.305908203125,1012,1224.214111328125,93.72963585060846,27.753057296878453,
dcrlme_seed0,dcrlme,0,leg4_paralysed,random,4,11,536,1039.097412109375,1012,1224.214111328125,93.72963585060846,27.753057296878453,
dcrlme_seed0,dcrlme,0,leg4_paralysed,random,4,12,1007,1065.982177734375,1012,1224.214111328125,93.72963585060846,27.753057296878453,
dcrlme_seed0,dcrlme,0,leg4_paralysed,random,4,13,708,1071.54345703125,1012,1224.214111328125,93.72963585060846,27.753057296878453,
dcrlme_seed0,dcrlme,0,leg4_paralysed,random,4,14,53,1088.011474609375,1012,1224.214111328125,93.72963585060846,27.753057296878453,
dcrlme_seed0,dcrlme,0,leg4_paralysed,random,4,15,254,1059.458251953125,1012,1224.214111328125,93.72963585060846,27.753057296878453,
dcrlme_seed0,dcrlme,0,leg4_paralysed,random,4,16,309,1060.0869140625,1012,1224.214111328125,93.72963585060846,27.753057296878453,
dcrlme_seed0,dcrlme,0,leg4_paralysed,random,4,17,651,938.6819458007812,1012,1224.214111328125,93.72963585060846,27.753057296878453,
dcrlme_seed0,dcrlme,0,leg4_paralysed,random,4,18,985,1096.24267578125,1012,1224.214111328125,93.72963585060846,27.753057296878453,
dcrlme_seed0,dcrlme,0,leg4_paralysed,random,4,19,499,1060.793701171875,1012,1224.214111328125,93.72963585060846,27.753057296878453,
dcrlme_seed0,dcrlme,0,leg4_paralysed,random,4,20,1017,1054.3287353515625,1012,1224.214111328125,93.72963585060846,27.753057296878453,
dcrlme_seed0,dcrlme,0,leg4_paralysed,best_intact,0,1,724,1066.5660400390625,724,1065.792236328125,4.016290351725741,1.1892112376282213,
dcrlme_seed0,dcrlme,0,leg4_paralysed,best_intact,1,1,724,1054.568359375,724,1065.792236328125,4.016290351725741,1.1892112376282213,
dcrlme_seed0,dcrlme,0,leg4_paralysed,best_intact,2,1,724,1059.0643310546875,724,1065.792236328125,4.016290351725741,1.1892112376282213,
dcrlme_seed0,dcrlme,0,leg4_paralysed,best_intact,3,1,724,1048.33642578125,724,1065.792236328125,4.016290351725741,1.1892112376282213,
dcrlme_seed0,dcrlme,0,leg4_paralysed,best_intact,4,1,724,1061.07421875,724,1065.792236328125,4.016290351725741,1.1892112376282213,
dcrlme_seed0,dcrlme,0,leg1_weak,ite,0,1,724,1466.7470703125,724,1471.0089111328125,86.01889014153548,69.1350891042611,2
dcrlme_seed0,dcrlme,0,leg1_weak,ite,0,2,218,1260.5450439453125,724,1471.0089111328125,86.01889014153548,69.1350891042611,2
dcrlme_seed0,dcrlme,0,leg1_weak,ite,0,3,724,1474.824951171875,724,1471.0089111328125,86.01889014153548,69.1350891042611,2
dcrlme_seed0,dcrlme,0,leg1_weak,ite,0,4,724,1471.822509765625,724,1471.0089111328125,86.01889014153548,69.1350891042611,2
dcrlme_seed0,dcrlme,0,leg1_weak,ite,0,5,724,1473.127197265625,724,1471.0089111328125,86.01889014153548,69.1350891042611,2
dcrlme_seed0,dcrlme,0,leg1_weak,ite,0,6,724,1481.3184814453125,724,1471.0089111328125,86.01889014153548,69.1350891042611,2
dcrlme_seed0,dcrlme,0,leg1_weak,ite,0,7,724,1464.5191650390625,724,1471.0089111328125,86.01889014153548,69.1350891042611,2
dcrlme_seed0,dcrlme,0,leg1_weak,ite,0,8,724,1458.13037109375,724,1471.0089111328125,86.01889014153548,69.1350891042611,2
dcrlme_seed0,dcrlme,0,leg1_weak,ite,0,9,724,1463.320068359375,724,1471.0089111328125,86.01889014153548,69.1350891042611,2
dcrlme_seed0,dcrlme,0,leg1_weak,ite,0,10,724,1461.7354736328125,724,1471.0089111328125,86.01889014153548,69.1350891042611,2
dcrlme_seed0,dcrlme,0,leg1_weak,ite,0,11,724,1477.35009765625,724,1471.0089111328125,86.01889014153548,69.1350891042611,2
dcrlme_seed0,dcrlme,0,leg1_weak,ite,0,12,724,1479.93212890625,724,1471.0089111328125,86.01889014153548,69.1350891042611,2
dcrlme_seed0,dcrlme,0,leg1_weak,ite,0,13,724,1466.337890625,724,1471.0089111328125,86.01889014153548,69.1350891042611,2
dcrlme_seed0,dcrlme,0,leg1_weak,ite,0,14,724,1467.2474365234375,724,1471.0089111328125,86.01889014153548,69.1350891042611,2
dcrlme_seed0,dcrlme,0,leg1_weak,ite,0,15,724,1459.377197265625,724,1471.0089111328125,86.01889014153548,69.1350891042611,2
dcrlme_seed0,dcrlme,0,leg1_weak,ite,0,16,724,1466.3402099609375,724,1471.0089111328125,86.01889014153548,69.1350891042611,2
dcrlme_seed0,dcrlme,0,leg1_weak,ite,0,17,724,1482.262451171875,724,1471.0089111328125,86.01889014153548,69.1350891042611,2
dcrlme_seed0,dcrlme,0,leg1_weak,ite,0,18,724,1464.98876953125,724,1471.0089111328125,86.01889014153548,69.1350891042611,2
dcrlme_seed0,dcrlme,0,leg1_weak,ite,0,19,724,1461.39111328125,724,1471.0089111328125,86.01889014153548,69.1350891042611,2
dcrlme_seed0,dcrlme,0,leg1_weak,ite,0,20,724,1474.657470703125,724,1471.0089111328125,86.01889014153548,69.1350891042611,2
dcrlme_seed0,dcrlme,0,leg1_weak,ite,1,1,724,1473.5164794921875,724,1471.0089111328125,86.01889014153548,69.1350891042611,2
dcrlme_seed0,dcrlme,0,leg1_weak,ite,1,2,218,1364.3988037109375,724,1471.0089111328125,86.01889014153548,69.1350891042611,2
dcrlme_seed0,dcrlme,0,leg1_weak,ite,1,3,724,1482.299560546875,724,1471.0089111328125,86.01889014153548,69.1350891042611,2
dcrlme_seed0,dcrlme,0,leg1_weak,ite,1,4,724,1484.98486328125,724,1471.0089111328125,86.01889014153548,69.1350891042611,2
dcrlme_seed0,dcrlme,0,leg1_weak,ite,1,5,724,1474.010009765625,724,1471.0089111328125,86.01889014153548,69.1350891042611,2
dcrlme_seed0,dcrlme,0,leg1_weak,ite,1,6,724,1482.3748779296875,724,1471.0089111328125,86.01889014153548,69.1350891042611,2
dcrlme_seed0,dcrlme,0,leg1_weak,ite,1,7,724,1475.73828125,724,1471.0089111328125,86.01889014153548,69.1350891042611,2
dcrlme_seed0,dcrlme,0,leg1_weak,ite,1,8,724,1479.5478515625,724,1471.0089111328125,86.01889014153548,69.1350891042611,2
dcrlme_seed0,dcrlme,0,leg1_weak,ite,1,9,724,1471.759521484375,724,1471.0089111328125,86.01889014153548,69.1350891042611,2
dcrlme_seed0,dcrlme,0,leg1_weak,ite,1,10,724,1465.374755859375,724,1471.0089111328125,86.01889014153548,69.1350891042611,2
dcrlme_seed0,dcrlme,0,leg1_weak,ite,1,11,724,1482.2122802734375,724,1471.0089111328125,86.01889014153548,69.1350891042611,2
dcrlme_seed0,dcrlme,0,leg1_weak,ite,1,12,724,1461.956298828125,724,1471.0089111328125,86.01889014153548,69.1350891042611,2
dcrlme_seed0,dcrlme,0,leg1_weak,ite,1,13,724,1460.677978515625,724,1471.0089111328125,86.01889014153548,69.1350891042611,2
dcrlme_seed0,dcrlme,0,leg1_weak,ite,1,14,724,1472.8597412109375,724,1471.0089111328125,86.01889014153548,69.1350891042611,2
dcrlme_seed0,dcrlme,0,leg1_weak,ite,1,15,724,1468.397216796875,724,1471.0089111328125,86.01889014153548,69.1350891042611,2
dcrlme_seed0,dcrlme,0,leg1_weak,ite,1,16,724,1484.4375,724,1471.0089111328125,86.01889014153548,69.1350891042611,2
dcrlme_seed0,dcrlme,0,leg1_weak,ite,1,17,724,1466.8614501953125,724,1471.0089111328125,86.01889014153548,69.1350891042611,2
dcrlme_seed0,dcrlme,0,leg1_weak,ite,1,18,724,1466.28955078125,724,1471.0089111328125,86.01889014153548,69.1350891042611,2
dcrlme_seed0,dcrlme,0,leg1_weak,ite,1,19,724,1455.1533203125,724,1471.0089111328125,86.01889014153548,69.1350891042611,2
dcrlme_seed0,dcrlme,0,leg1_weak,ite,1,20,724,1466.9998779296875,724,1471.0089111328125,86.01889014153548,69.1350891042611,2
dcrlme_seed0,dcrlme,0,leg1_weak,ite,2,1,724,1489.697998046875,724,1471.0089111328125,86.01889014153548,69.1350891042611,2
dcrlme_seed0,dcrlme,0,leg1_weak,ite,2,2,218,1346.75390625,724,1471.0089111328125,86.01889014153548,69.1350891042611,2
dcrlme_seed0,dcrlme,0,leg1_weak,ite,2,3,724,1478.50244140625,724,1471.0089111328125,86.01889014153548,69.1350891042611,2
dcrlme_seed0,dcrlme,0,leg1_weak,ite,2,4,724,1462.63037109375,724,1471.0089111328125,86.01889014153548,69.1350891042611,2
dcrlme_seed0,dcrlme,0,leg1_weak,ite,2,5,724,1475.3961181640625,724,1471.0089111328125,86.01889014153548,69.1350891042611,2
dcrlme_seed0,dcrlme,0,leg1_weak,ite,2,6,724,1463.63916015625,724,1471.0089111328125,86.01889014153548,69.1350891042611,2
dcrlme_seed0,dcrlme,0,leg1_weak,ite,2,7,724,1482.03662109375,724,1471.0089111328125,86.01889014153548,69.1350891042611,2
dcrlme_seed0,dcrlme,0,leg1_weak,ite,2,8,724,1471.517578125,724,1471.0089111328125,86.01889014153548,69.1350891042611,2
dcrlme_seed0,dcrlme,0,leg1_weak,ite,2,9,724,1474.4833984375,724,1471.0089111328125,86.01889014153548,69.1350891042611,2
dcrlme_seed0,dcrlme,0,leg1_weak,ite,2,10,724,1464.77392578125,724,1471.0089111328125,86.01889014153548,69.1350891042611,2
dcrlme_seed0,dcrlme,0,leg1_weak,ite,2,11,724,1452.5919189453125,724,1471.0089111328125,86.01889014153548,69.1350891042611,2
dcrlme_seed0,dcrlme,0,leg1_weak,ite,2,12,724,1472.9866943359375,724,1471.0089111328125,86.01889014153548,69.1350891042611,2
dcrlme_seed0,dcrlme,0,leg1_weak,ite,2,13,724,1446.0750732421875,724,1471.0089111328125,86.01889014153548,69.1350891042611,2
dcrlme_seed0,dcrlme,0,leg1_weak,ite,2,14,724,1461.6187744140625,724,1471.0089111328125,86.01889014153548,69.1350891042611,2
dcrlme_seed0,dcrlme,0,leg1_weak,ite,2,15,724,1482.23486328125,724,1471.0089111328125,86.01889014153548,69.1350891042611,2
dcrlme_seed0,dcrlme,0,leg1_weak,ite,2,16,724,1462.238037109375,724,1471.0089111328125,86.01889014153548,69.1350891042611,2
dcrlme_seed0,dcrlme,0,leg1_weak,ite,2,17,724,1469.820556640625,724,1471.0089111328125,86.01889014153548,69.1350891042611,2
dcrlme_seed0,dcrlme,0,leg1_weak,ite,2,18,724,1479.125244140625,724,1471.0089111328125,86.01889014153548,69.1350891042611,2
dcrlme_seed0,dcrlme,0,leg1_weak,ite,2,19,724,1484.418212890625,724,1471.0089111328125,86.01889014153548,69.1350891042611,2
dcrlme_seed0,dcrlme,0,leg1_weak,ite,2,20,724,1487.770263671875,724,1471.0089111328125,86.01889014153548,69.1350891042611,2
dcrlme_seed0,dcrlme,0,leg1_weak,ite,3,1,724,1479.8145751953125,724,1471.0089111328125,86.01889014153548,69.1350891042611,2
dcrlme_seed0,dcrlme,0,leg1_weak,ite,3,2,218,1307.727783203125,724,1471.0089111328125,86.01889014153548,69.1350891042611,2
dcrlme_seed0,dcrlme,0,leg1_weak,ite,3,3,724,1478.852783203125,724,1471.0089111328125,86.01889014153548,69.1350891042611,2
dcrlme_seed0,dcrlme,0,leg1_weak,ite,3,4,724,1467.30419921875,724,1471.0089111328125,86.01889014153548,69.1350891042611,2
dcrlme_seed0,dcrlme,0,leg1_weak,ite,3,5,724,1467.65380859375,724,1471.0089111328125,86.01889014153548,69.1350891042611,2
dcrlme_seed0,dcrlme,0,leg1_weak,ite,3,6,724,1478.7799072265625,724,1471.0089111328125,86.01889014153548,69.1350891042611,2
dcrlme_seed0,dcrlme,0,leg1_weak,ite,3,7,724,1470.782470703125,724,1471.0089111328125,86.01889014153548,69.1350891042611,2
dcrlme_seed0,dcrlme,0,leg1_weak,ite,3,8,724,1467.900146484375,724,1471.0089111328125,86.01889014153548,69.1350891042611,2
dcrlme_seed0,dcrlme,0,leg1_weak,ite,3,9,724,1483.0224609375,724,1471.0089111328125,86.01889014153548,69.1350891042611,2
dcrlme_seed0,dcrlme,0,leg1_weak,ite,3,10,724,1450.6883544921875,724,1471.0089111328125,86.01889014153548,69.1350891042611,2
dcrlme_seed0,dcrlme,0,leg1_weak,ite,3,11,724,1460.306640625,724,1471.0089111328125,86.01889014153548,69.1350891042611,2
dcrlme_seed0,dcrlme,0,leg1_weak,ite,3,12,724,1466.422119140625,724,1471.0089111328125,86.01889014153548,69.1350891042611,2
dcrlme_seed0,dcrlme,0,leg1_weak,ite,3,13,724,1451.2784423828125,724,1471.0089111328125,86.01889014153548,69.1350891042611,2
dcrlme_seed0,dcrlme,0,leg1_weak,ite,3,14,724,1457.6986083984375,724,1471.0089111328125,86.01889014153548,69.1350891042611,2
dcrlme_seed0,dcrlme,0,leg1_weak,ite,3,15,724,1463.336181640625,724,1471.0089111328125,86.01889014153548,69.1350891042611,2
dcrlme_seed0,dcrlme,0,leg1_weak,ite,3,16,724,1477.719482421875,724,1471.0089111328125,86.01889014153548,69.1350891042611,2
dcrlme_seed0,dcrlme,0,leg1_weak,ite,3,17,724,1469.9842529296875,724,1471.0089111328125,86.01889014153548,69.1350891042611,2
dcrlme_seed0,dcrlme,0,leg1_weak,ite,3,18,724,1466.6395263671875,724,1471.0089111328125,86.01889014153548,69.1350891042611,2
dcrlme_seed0,dcrlme,0,leg1_weak,ite,3,19,724,1474.575927734375,724,1471.0089111328125,86.01889014153548,69.1350891042611,2
dcrlme_seed0,dcrlme,0,leg1_weak,ite,3,20,724,1486.5482177734375,724,1471.0089111328125,86.01889014153548,69.1350891042611,2
dcrlme_seed0,dcrlme,0,leg1_weak,ite,4,1,724,1471.5609130859375,724,1471.0089111328125,86.01889014153548,69.1350891042611,2
dcrlme_seed0,dcrlme,0,leg1_weak,ite,4,2,218,1269.028076171875,724,1471.0089111328125,86.01889014153548,69.1350891042611,2
dcrlme_seed0,dcrlme,0,leg1_weak,ite,4,3,724,1468.22021484375,724,1471.0089111328125,86.01889014153548,69.1350891042611,2
dcrlme_seed0,dcrlme,0,leg1_weak,ite,4,4,724,1459.796630859375,724,1471.0089111328125,86.01889014153548,69.1350891042611,2
dcrlme_seed0,dcrlme,0,leg1_weak,ite,4,5,724,1469.9349365234375,724,1471.0089111328125,86.01889014153548,69.1350891042611,2
dcrlme_seed0,dcrlme,0,leg1_weak,ite,4,6,724,1461.544189453125,724,1471.0089111328125,86.01889014153548,69.1350891042611,2
dcrlme_seed0,dcrlme,0,leg1_weak,ite,4,7,724,1456.7415771484375,724,1471.0089111328125,86.01889014153548,69.1350891042611,2
dcrlme_seed0,dcrlme,0,leg1_weak,ite,4,8,724,1480.22998046875,724,1471.0089111328125,86.01889014153548,69.1350891042611,2
dcrlme_seed0,dcrlme,0,leg1_weak,ite,4,9,724,1476.2125244140625,724,1471.0089111328125,86.01889014153548,69.1350891042611,2
dcrlme_seed0,dcrlme,0,leg1_weak,ite,4,10,724,1464.36474609375,724,1471.0089111328125,86.01889014153548,69.1350891042611,2
dcrlme_seed0,dcrlme,0,leg1_weak,ite,4,11,724,1472.999267578125,724,1471.0089111328125,86.01889014153548,69.1350891042611,2
dcrlme_seed0,dcrlme,0,leg1_weak,ite,4,12,724,1481.184326171875,724,1471.0089111328125,86.01889014153548,69.1350891042611,2
dcrlme_seed0,dcrlme,0,leg1_weak,ite,4,13,724,1474.44873046875,724,1471.0089111328125,86.01889014153548,69.1350891042611,2
dcrlme_seed0,dcrlme,0,leg1_weak,ite,4,14,724,1474.1536865234375,724,1471.0089111328125,86.01889014153548,69.1350891042611,2
dcrlme_seed0,dcrlme,0,leg1_weak,ite,4,15,724,1475.352294921875,724,1471.0089111328125,86.01889014153548,69.1350891042611,2
dcrlme_seed0,dcrlme,0,leg1_weak,ite,4,16,724,1480.8572998046875,724,1471.0089111328125,86.01889014153548,69.1350891042611,2
dcrlme_seed0,dcrlme,0,leg1_weak,ite,4,17,724,1468.950927734375,724,1471.0089111328125,86.01889014153548,69.1350891042611,2
dcrlme_seed0,dcrlme,0,leg1_weak,ite,4,18,724,1461.843017578125,724,1471.0089111328125,86.01889014153548,69.1350891042611,2
dcrlme_seed0,dcrlme,0,leg1_weak,ite,4,19,724,1466.1123046875,724,1471.0089111328125,86.01889014153548,69.1350891042611,2
dcrlme_seed0,dcrlme,0,leg1_weak,ite,4,20,724,1471.1396484375,724,1471.0089111328125,86.01889014153548,69.1350891042611,2
dcrlme_seed0,dcrlme,0,leg1_weak,top_k,0,1,724,1474.4129638671875,724,1471.0089111328125,86.01889014153548,69.1350891042611,
dcrlme_seed0,dcrlme,0,leg1_weak,top_k,0,2,342,1338.79443359375,724,1471.0089111328125,86.01889014153548,69.1350891042611,
dcrlme_seed0,dcrlme,0,leg1_weak,top_k,0,3,716,1329.08544921875,724,1471.0089111328125,86.01889014153548,69.1350891042611,
dcrlme_seed0,dcrlme,0,leg1_weak,top_k,0,4,218,1337.007568359375,724,1471.0089111328125,86.01889014153548,69.1350891042611,
dcrlme_seed0,dcrlme,0,leg1_weak,top_k,0,5,939,1316.0904541015625,724,1471.0089111328125,86.01889014153548,69.1350891042611,
dcrlme_seed0,dcrlme,0,leg1_weak,top_k,0,6,880,1314.2275390625,724,1471.0089111328125,86.01889014153548,69.1350891042611,
dcrlme_seed0,dcrlme,0,leg1_weak,top_k,0,7,330,1370.643798828125,724,1471.0089111328125,86.01889014153548,69.1350891042611,
dcrlme_seed0,dcrlme,0,leg1_weak,top_k,0,8,381,1258.6705322265625,724,1471.0089111328125,86.01889014153548,69.1350891042611,
dcrlme_seed0,dcrlme,0,leg1_weak,top_k,0,9,901,1198.2236328125,724,1471.0089111328125,86.01889014153548,69.1350891042611,
dcrlme_seed0,dcrlme,0,leg1_weak,top_k,0,10,131,1305.182373046875,724,1471.0089111328125,86.01889014153548,69.1350891042611,
dcrlme_seed0,dcrlme,0,leg1_weak,top_k,0,11,858,1302.45947265625,724,1471.0089111328125,86.01889014153548,69.1350891042611,
dcrlme_seed0,dcrlme,0,leg1_weak,top_k,0,12,126,1318.094482421875,724,1471.0089111328125,86.01889014153548,69.1350891042611,
dcrlme_seed0,dcrlme,0,leg1_weak,top_k,0,13,41,1365.842529296875,724,1471.0089111328125,86.01889014153548,69.1350891042611,
dcrlme_seed0,dcrlme,0,leg1_weak,top_k,0,14,229,1254.23681640625,724,1471.0089111328125,86.01889014153548,69.1350891042611,
dcrlme_seed0,dcrlme,0,leg1_weak,top_k,0,15,244,1228.277587890625,724,1471.0089111328125,86.01889014153548,69.1350891042611,
dcrlme_seed0,dcrlme,0,leg1_weak,top_k,0,16,73,1256.7789306640625,724,1471.0089111328125,86.01889014153548,69.1350891042611,
dcrlme_seed0,dcrlme,0,leg1_weak,top_k,0,17,535,1248.15234375,724,1471.0089111328125,86.01889014153548,69.1350891042611,
dcrlme_seed0,dcrlme,0,leg1_weak,top_k,0,18,43,1305.91357421875,724,1471.0089111328125,86.01889014153548,69.1350891042611,
dcrlme_seed0,dcrlme,0,leg1_weak,top_k,0,19,217,1394.931396484375,724,1471.0089111328125,86.01889014153548,69.1350891042611,
dcrlme_seed0,dcrlme,0,leg1_weak,top_k,0,20,26,1327.89794921875,724,1471.0089111328125,86.01889014153548,69.1350891042611,
dcrlme_seed0,dcrlme,0,leg1_weak,top_k,1,1,724,1465.328369140625,724,1471.0089111328125,86.01889014153548,69.1350891042611,
dcrlme_seed0,dcrlme,0,leg1_weak,top_k,1,2,342,1406.9208984375,724,1471.0089111328125,86.01889014153548,69.1350891042611,
dcrlme_seed0,dcrlme,0,leg1_weak,top_k,1,3,716,1338.236328125,724,1471.0089111328125,86.01889014153548,69.1350891042611,
dcrlme_seed0,dcrlme,0,leg1_weak,top_k,1,4,218,1269.2374267578125,724,1471.0089111328125,86.01889014153548,69.1350891042611,
dcrlme_seed0,dcrlme,0,leg1_weak,top_k,1,5,939,1336.629638671875,724,1471.0089111328125,86.01889014153548,69.1350891042611,
dcrlme_seed0,dcrlme,0,leg1_weak,top_k,1,6,880,1274.108154296875,724,1471.0089111328125,86.01889014153548,69.1350891042611,
dcrlme_seed0,dcrlme,0,leg1_weak,top_k,1,7,330,1357.298095703125,724,1471.0089111328125,86.01889014153548,69.1350891042611,
dcrlme_seed0,dcrlme,0,leg1_weak,top_k,1,8,381,1324.52783203125,724,1471.0089111328125,86.01889014153548,69.1350891042611,
dcrlme_seed0,dcrlme,0,leg1_weak,top_k,1,9,901,1167.6829833984375,724,1471.0089111328125,86.01889014153548,69.1350891042611,
dcrlme_seed0,dcrlme,0,leg1_weak,top_k,1,10,131,1299.92431640625,724,1471.0089111328125,86.01889014153548,69.1350891042611,
dcrlme_seed0,dcrlme,0,leg1_weak,top_k,1,11,858,1308.443359375,724,1471.0089111328125,86.01889014153548,69.1350891042611,
dcrlme_seed0,dcrlme,0,leg1_weak,top_k,1,12,126,1321.809326171875,724,1471.0089111328125,86.01889014153548,69.1350891042611,
dcrlme_seed0,dcrlme,0,leg1_weak,top_k,1,13,41,1363.9268798828125,724,1471.0089111328125,86.01889014153548,69.1350891042611,
dcrlme_seed0,dcrlme,0,leg1_weak,top_k,1,14,229,1248.4237060546875,724,1471.0089111328125,86.01889014153548,69.1350891042611,
dcrlme_seed0,dcrlme,0,leg1_weak,top_k,1,15,244,1228.29638671875,724,1471.0089111328125,86.01889014153548,69.1350891042611,
dcrlme_seed0,dcrlme,0,leg1_weak,top_k,1,16,73,1269.5731201171875,724,1471.0089111328125,86.01889014153548,69.1350891042611,
dcrlme_seed0,dcrlme,0,leg1_weak,top_k,1,17,535,1235.214111328125,724,1471.0089111328125,86.01889014153548,69.1350891042611,
dcrlme_seed0,dcrlme,0,leg1_weak,top_k,1,18,43,1297.8665771484375,724,1471.0089111328125,86.01889014153548,69.1350891042611,
dcrlme_seed0,dcrlme,0,leg1_weak,top_k,1,19,217,1378.452392578125,724,1471.0089111328125,86.01889014153548,69.1350891042611,
dcrlme_seed0,dcrlme,0,leg1_weak,top_k,1,20,26,1408.068115234375,724,1471.0089111328125,86.01889014153548,69.1350891042611,
dcrlme_seed0,dcrlme,0,leg1_weak,top_k,2,1,724,1469.987548828125,724,1471.0089111328125,86.01889014153548,69.1350891042611,
dcrlme_seed0,dcrlme,0,leg1_weak,top_k,2,2,342,1404.897216796875,724,1471.0089111328125,86.01889014153548,69.1350891042611,
dcrlme_seed0,dcrlme,0,leg1_weak,top_k,2,3,716,1334.55517578125,724,1471.0089111328125,86.01889014153548,69.1350891042611,
dcrlme_seed0,dcrlme,0,leg1_weak,top_k,2,4,218,1243.9400634765625,724,1471.0089111328125,86.01889014153548,69.1350891042611,
dcrlme_seed0,dcrlme,0,leg1_weak,top_k,2,5,939,1354.051513671875,724,1471.0089111328125,86.01889014153548,69.1350891042611,
dcrlme_seed0,dcrlme,0,leg1_weak,top_k,2,6,880,1331.875244140625,724,1471.0089111328125,86.01889014153548,69.1350891042611,
dcrlme_seed0,dcrlme,0,leg1_weak,top_k,2,7,330,1371.995361328125,724,1471.0089111328125,86.01889014153548,69.1350891042611,
dcrlme_seed0,dcrlme,0,leg1_weak,top_k,2,8,381,1299.16015625,724,1471.0089111328125,86.01889014153548,69.1350891042611,
dcrlme_seed0,dcrlme,0,leg1_weak,top_k,2,9,901,1215.64453125,724,1471.0089111328125,86.01889014153548,69.1350891042611,
dcrlme_seed0,dcrlme,0,leg1_weak,top_k,2,10,131,1293.7132568359375,724,1471.0089111328125,86.01889014153548,69.1350891042611,
dcrlme_seed0,dcrlme,0,leg1_weak,top_k,2,11,858,1274.2764892578125,724,1471.0089111328125,86.01889014153548,69.1350891042611,
dcrlme_seed0,dcrlme,0,leg1_weak,top_k,2,12,126,1332.814453125,724,1471.0089111328125,86.01889014153548,69.1350891042611,
dcrlme_seed0,dcrlme,0,leg1_weak,top_k,2,13,41,1366.466064453125,724,1471.0089111328125,86.01889014153548,69.1350891042611,
dcrlme_seed0,dcrlme,0,leg1_weak,top_k,2,14,229,1260.04833984375,724,1471.0089111328125,86.01889014153548,69.1350891042611,
dcrlme_seed0,dcrlme,0,leg1_weak,top_k,2,15,244,1258.9791259765625,724,1471.0089111328125,86.01889014153548,69.1350891042611,
dcrlme_seed0,dcrlme,0,leg1_weak,top_k,2,16,73,1201.4708251953125,724,1471.0089111328125,86.01889014153548,69.1350891042611,
dcrlme_seed0,dcrlme,0,leg1_weak,top_k,2,17,535,1211.6065673828125,724,1471.0089111328125,86.01889014153548,69.1350891042611,
dcrlme_seed0,dcrlme,0,leg1_weak,top_k,2,18,43,1284.9693603515625,724,1471.0089111328125,86.01889014153548,69.1350891042611,
dcrlme_seed0,dcrlme,0,leg1_weak,top_k,2,19,217,1488.22314453125,217,1426.1314697265625,76.65623122749145,61.61013432734883,
dcrlme_seed0,dcrlme,0,leg1_weak,top_k,2,20,26,1260.0572509765625,217,1426.1314697265625,76.65623122749145,61.61013432734883,
dcrlme_seed0,dcrlme,0,leg1_weak,top_k,3,1,724,1460.1558837890625,724,1471.0089111328125,86.01889014153548,69.1350891042611,
dcrlme_seed0,dcrlme,0,leg1_weak,top_k,3,2,342,1388.3699951171875,724,1471.0089111328125,86.01889014153548,69.1350891042611,
dcrlme_seed0,dcrlme,0,leg1_weak,top_k,3,3,716,1342.6461181640625,724,1471.0089111328125,86.01889014153548,69.1350891042611,
dcrlme_seed0,dcrlme,0,leg1_weak,top_k,3,4,218,1259.9071044921875,724,1471.0089111328125,86.01889014153548,69.1350891042611,
dcrlme_seed0,dcrlme,0,leg1_weak,top_k,3,5,939,1377.51318359375,724,1471.0089111328125,86.01889014153548,69.1350891042611,
dcrlme_seed0,dcrlme,0,leg1_weak,top_k,3,6,880,1326.952392578125,724,1471.0089111328125,86.01889014153548,69.1350891042611,
dcrlme_seed0,dcrlme,0,leg1_weak,top_k,3,7,330,1451.514892578125,724,1471.0089111328125,86.01889014153548,69.1350891042611,
dcrlme_seed0,dcrlme,0,leg1_weak,top_k,3,8,381,1262.390380859375,724,1471.0089111328125,86.01889014153548,69.1350891042611,
dcrlme_seed0,dcrlme,0,leg1_weak,top_k,3,9,901,1181.401123046875,724,1471.0089111328125,86.01889014153548,69.1350891042611,
dcrlme_seed0,dcrlme,0,leg1_weak,top_k,3,10,131,1303.63134765625,724,1471.0089111328125,86.01889014153548,69.1350891042611,
dcrlme_seed0,dcrlme,0,leg1_weak,top_k,3,11,858,1290.94140625,724,1471.0089111328125,86.01889014153548,69.1350891042611,
dcrlme_seed0,dcrlme,0,leg1_weak,top_k,3,12,126,1330.19873046875,724,1471.0089111328125,86.01889014153548,69.1350891042611,
dcrlme_seed0,dcrlme,0,leg1_weak,top_k,3,13,41,1353.636474609375,724,1471.0089111328125,86.01889014153548,69.1350891042611,
dcrlme_seed0,dcrlme,0,leg1_weak,top_k,3,14,229,1235.0146484375,724,1471.0089111328125,86.01889014153548,69.1350891042611,
dcrlme_seed0,dcrlme,0,leg1_weak,top_k,3,15,244,1291.656982421875,724,1471.0089111328125,86.01889014153548,69.1350891042611,
dcrlme_seed0,dcrlme,0,leg1_weak,top_k,3,16,73,1258.52099609375,724,1471.0089111328125,86.01889014153548,69.1350891042611,
dcrlme_seed0,dcrlme,0,leg1_weak,top_k,3,17,535,1261.4254150390625,724,1471.0089111328125,86.01889014153548,69.1350891042611,
dcrlme_seed0,dcrlme,0,leg1_weak,top_k,3,18,43,1307.478271484375,724,1471.0089111328125,86.01889014153548,69.1350891042611,
dcrlme_seed0,dcrlme,0,leg1_weak,top_k,3,19,217,1375.6031494140625,724,1471.0089111328125,86.01889014153548,69.1350891042611,
dcrlme_seed0,dcrlme,0,leg1_weak,top_k,3,20,26,1341.444580078125,724,1471.0089111328125,86.01889014153548,69.1350891042611,
dcrlme_seed0,dcrlme,0,leg1_weak,top_k,4,1,724,1459.0166015625,724,1471.0089111328125,86.01889014153548,69.1350891042611,
dcrlme_seed0,dcrlme,0,leg1_weak,top_k,4,2,342,1409.1414794921875,724,1471.0089111328125,86.01889014153548,69.1350891042611,
dcrlme_seed0,dcrlme,0,leg1_weak,top_k,4,3,716,1336.9014892578125,724,1471.0089111328125,86.01889014153548,69.1350891042611,
dcrlme_seed0,dcrlme,0,leg1_weak,top_k,4,4,218,1239.062744140625,724,1471.0089111328125,86.01889014153548,69.1350891042611,
dcrlme_seed0,dcrlme,0,leg1_weak,top_k,4,5,939,1350.4300537109375,724,1471.0089111328125,86.01889014153548,69.1350891042611,
dcrlme_seed0,dcrlme,0,leg1_weak,top_k,4,6,880,1341.4873046875,724,1471.0089111328125,86.01889014153548,69.1350891042611,
dcrlme_seed0,dcrlme,0,leg1_weak,top_k,4,7,330,1386.7919921875,724,1471.0089111328125,86.01889014153548,69.1350891042611,
dcrlme_seed0,dcrlme,0,leg1_weak,top_k,4,8,381,1341.67919921875,724,1471.0089111328125,86.01889014153548,69.1350891042611,
dcrlme_seed0,dcrlme,0,leg1_weak,top_k,4,9,901,1148.91357421875,724,1471.0089111328125,86.01889014153548,69.1350891042611,
dcrlme_seed0,dcrlme,0,leg1_weak,top_k,4,10,131,1307.2626953125,724,1471.0089111328125,86.01889014153548,69.1350891042611,
dcrlme_seed0,dcrlme,0,leg1_weak,top_k,4,11,858,1235.4837646484375,724,1471.0089111328125,86.01889014153548,69.1350891042611,
dcrlme_seed0,dcrlme,0,leg1_weak,top_k,4,12,126,1317.236572265625,724,1471.0089111328125,86.01889014153548,69.1350891042611,
dcrlme_seed0,dcrlme,0,leg1_weak,top_k,4,13,41,1367.8382568359375,724,1471.0089111328125,86.01889014153548,69.1350891042611,
dcrlme_seed0,dcrlme,0,leg1_weak,top_k,4,14,229,1238.91357421875,724,1471.0089111328125,86.01889014153548,69.1350891042611,
dcrlme_seed0,dcrlme,0,leg1_weak,top_k,4,15,244,1237.567138671875,724,1471.0089111328125,86.01889014153548,69.1350891042611,
dcrlme_seed0,dcrlme,0,leg1_weak,top_k,4,16,73,1290.123291015625,724,1471.0089111328125,86.01889014153548,69.1350891042611,
dcrlme_seed0,dcrlme,0,leg1_weak,top_k,4,17,535,1280.111083984375,724,1471.0089111328125,86.01889014153548,69.1350891042611,
dcrlme_seed0,dcrlme,0,leg1_weak,top_k,4,18,43,1302.340087890625,724,1471.0089111328125,86.01889014153548,69.1350891042611,
dcrlme_seed0,dcrlme,0,leg1_weak,top_k,4,19,217,1372.136474609375,724,1471.0089111328125,86.01889014153548,69.1350891042611,
dcrlme_seed0,dcrlme,0,leg1_weak,top_k,4,20,26,1298.0655517578125,724,1471.0089111328125,86.01889014153548,69.1350891042611,
dcrlme_seed0,dcrlme,0,leg1_weak,random,0,1,883,1272.2603759765625,883,1259.267822265625,41.84392091355119,33.630789656435525,
dcrlme_seed0,dcrlme,0,leg1_weak,random,0,2,335,1115.7255859375,883,1259.267822265625,41.84392091355119,33.630789656435525,
dcrlme_seed0,dcrlme,0,leg1_weak,random,0,3,112,1140.7724609375,883,1259.267822265625,41.84392091355119,33.630789656435525,
dcrlme_seed0,dcrlme,0,leg1_weak,random,0,4,597,526.0440673828125,883,1259.267822265625,41.84392091355119,33.630789656435525,
dcrlme_seed0,dcrlme,0,leg1_weak,random,0,5,343,1065.062255859375,883,1259.267822265625,41.84392091355119,33.630789656435525,
dcrlme_seed0,dcrlme,0,leg1_weak,random,0,6,865,655.6493530273438,883,1259.267822265625,41.84392091355119,33.630789656435525,
dcrlme_seed0,dcrlme,0,leg1_weak,random,0,7,581,1173.284912109375,883,1259.267822265625,41.84392091355119,33.630789656435525,
dcrlme_seed0,dcrlme,0,leg1_weak,random,0,8,444,1099.9112548828125,883,1259.267822265625,41.84392091355119,33.630789656435525,
dcrlme_seed0,dcrlme,0,leg1_weak,random,0,9,192,1106.9246826171875,883,1259.267822265625,41.84392091355119,33.630789656435525,
dcrlme_seed0,dcrlme,0,leg1_weak,random,0,10,89,1424.2618408203125,89,1361.138916015625,63.09701097605686,50.7123199202482,
dcrlme_seed0,dcrlme,0,leg1_weak,random,0,11,496,1345.932861328125,89,1361.138916015625,63.09701097605686,50.7123199202482,
dcrlme_seed0,dcrlme,0,leg1_weak,random,0,12,233,1211.516845703125,89,1361.138916015625,63.09701097605686,50.7123199202482,
dcrlme_seed0,dcrlme,0,leg1_weak,random,0,13,492,1320.006103515625,89,1361.138916015625,63.09701097605686,50.7123199202482,
dcrlme_seed0,dcrlme,0,leg1_weak,random,0,14,923,1172.093505859375,89,1361.138916015625,63.09701097605686,50.7123199202482,
dcrlme_seed0,dcrlme,0,leg1_weak,random,0,15,40,1071.154052734375,89,1361.138916015625,63.09701097605686,50.7123199202482,
dcrlme_seed0,dcrlme,0,leg1_weak,random,0,16,1022,1319.291015625,89,1361.138916015625,63.09701097605686,50.7123199202482,
dcrlme_seed0,dcrlme,0,leg1_weak,random,0,17,693,1049.27197265625,89,1361.138916015625,63.09701097605686,50.7123199202482,
dcrlme_seed0,dcrlme,0,leg1_weak,random,0,18,815,1295.501220703125,89,1361.138916015625,63.09701097605686,50.7123199202482,
dcrlme_seed0,dcrlme,0,leg1_weak,random,0,19,249,1105.342529296875,89,1361.138916015625,63.09701097605686,50.7123199202482,
dcrlme_seed0,dcrlme,0,leg1_weak,random,0,20,892,1076.036865234375,89,1361.138916015625,63.09701097605686,50.7123199202482,
dcrlme_seed0,dcrlme,0,leg1_weak,random,1,1,887,1133.5966796875,887,1129.7523193359375,14.823452722540265,11.913903133595225,
dcrlme_seed0,dcrlme,0,leg1_weak,random,1,2,395,1306.577880859375,395,1305.5469970703125,51.499019665668655,41.39078413485494,
dcrlme_seed0,dcrlme,0,leg1_weak,random,1,3,777,1140.6470947265625,395,1305.5469970703125,51.499019665668655,41.39078413485494,
dcrlme_seed0,dcrlme,0,leg1_weak,random,1,4,710,1122.851318359375,395,1305.5469970703125,51.499019665668655,41.39078413485494,
dcrlme_seed0,dcrlme,0,leg1_weak,random,1,5,180,1014.1943359375,395,1305.5469970703125,51.499019665668655,41.39078413485494,
dcrlme_seed0,dcrlme,0,leg1_weak,random,1,6,978,906.0908203125,395,1305.5469970703125,51.499019665668655,41.39078413485494,
dcrlme_seed0,dcrlme,0,leg1_weak,random,1,7,306,1387.729736328125,306,1337.12939453125,58.08796961131656,46.686453967915554,
dcrlme_seed0,dcrlme,0,leg1_weak,random,1,8,718,1173.5599365234375,306,1337.12939453125,58.08796961131656,46.686453967915554,
dcrlme_seed0,dcrlme,0,leg1_weak,random,1,9,818,1230.81591796875,306,1337.12939453125,58.08796961131656,46.686453967915554,
dcrlme_seed0,dcrlme,0,leg1_weak,random,1,10,179,1198.061279296875,306,1337.12939453125,58.08796961131656,46.686453967915554,
dcrlme_seed0,dcrlme,0,leg1_weak,random,1,11,380,1138.324462890625,306,1337.12939453125,58.08796961131656,46.686453967915554,
dcrlme_seed0,dcrlme,0,leg1_weak,random,1,12,944,1213.838134765625,306,1337.12939453125,58.08796961131656,46.686453967915554,
dcrlme_seed0,dcrlme,0,leg1_weak,random,1,13,430,1263.560791015625,306,1337.12939453125,58.08796961131656,46.686453967915554,
dcrlme_seed0,dcrlme,0,leg1_weak,random,1,14,543,1115.172607421875,306,1337.12939453125,58.08796961131656,46.686453967915554,
dcrlme_seed0,dcrlme,0,leg1_weak,random,1,15,88,1128.53271484375,306,1337.12939453125,58.08796961131656,46.686453967915554,
dcrlme_seed0,dcrlme,0,leg1_weak,random,1,16,968,1093.4066162109375,306,1337.12939453125,58.08796961131656,46.686453967915554,
dcrlme_seed0,dcrlme,0,leg1_weak,random,1,17,702,1050.7216796875,306,1337.12939453125,58.08796961131656,46.686453967915554,
dcrlme_seed0,dcrlme,0,leg1_weak,random,1,18,647,1148.9676513671875,306,1337.12939453125,58.08796961131656,46.686453967915554,
dcrlme_seed0,dcrlme,0,leg1_weak,random,1,19,745,1298.6558837890625,306,1337.12939453125,58.08796961131656,46.686453967915554,
dcrlme_seed0,dcrlme,0,leg1_weak,random,1,20,36,1146.8603515625,306,1337.12939453125,58.08796961131656,46.686453967915554,
dcrlme_seed0,dcrlme,0,leg1_weak,random,2,1,409,1113.990966796875,409,1164.584228515625,22.09033948692152,17.754444241942817,
dcrlme_seed0,dcrlme,0,leg1_weak,random,2,2,0,1212.585205078125,0,1210.970458984375,31.76777297194767,25.532389588447383,
dcrlme_seed0,dcrlme,0,leg1_weak,random,2,3,1019,1031.374755859375,0,1210.970458984375,31.76777297194767,25.532389588447383,
dcrlme_seed0,dcrlme,0,leg1_weak,random,2,4,490,1101.754150390625,0,1210.970458984375,31.76777297194767,25.532389588447383,
dcrlme_seed0,dcrlme,0,leg1_weak,random,2,5,802,1087.28564453125,0,1210.970458984375,31.76777297194767,25.532389588447383,
dcrlme_seed0,dcrlme,0,leg1_weak,random,2,6,218,1242.30908203125,218,1273.688232421875,44.852411983070624,36.04877363435445,
dcrlme_seed0,dcrlme,0,leg1_weak,random,2,7,385,1062.178466796875,218,1273.688232421875,44.852411983070624,36.04877363435445,
dcrlme_seed0,dcrlme,0,leg1_weak,random,2,8,488,1239.339599609375,218,1273.688232421875,44.852411983070624,36.04877363435445,
dcrlme_seed0,dcrlme,0,leg1_weak,random,2,9,838,1215.8145751953125,218,1273.688232421875,44.852411983070624,36.04877363435445,
dcrlme_seed0,dcrlme,0,leg1_weak,random,2,10,169,1043.938232421875,218,1273.688232421875,44.852411983070624,36.04877363435445,
dcrlme_seed0,dcrlme,0,leg1_weak,random,2,11,122,1146.5648193359375,218,1273.688232421875,44.852411983070624,36.04877363435445,
dcrlme_seed0,dcrlme,0,leg1_weak,random,2,12,89,1369.218994140625,89,1361.138916015625,63.09701097605686,50.7123199202482,
dcrlme_seed0,dcrlme,0,leg1_weak,random,2,13,943,1363.61181640625,89,1361.138916015625,63.09701097605686,50.7123199202482,
dcrlme_seed0,dcrlme,0,leg1_weak,random,2,14,808,1279.200927734375,89,1361.138916015625,63.09701097605686,50.7123199202482,
dcrlme_seed0,dcrlme,0,leg1_weak,random,2,15,880,1238.783935546875,89,1361.138916015625,63.09701097605686,50.7123199202482,
dcrlme_seed0,dcrlme,0,leg1_weak,random,2,16,475,1236.844482421875,89,1361.138916015625,63.09701097605686,50.7123199202482,
dcrlme_seed0,dcrlme,0,leg1_weak,random,2,17,900,1096.1329345703125,89,1361.138916015625,63.09701097605686,50.7123199202482,
dcrlme_seed0,dcrlme,0,leg1_weak,random,2,18,427,1175.7274169921875,89,1361.138916015625,63.09701097605686,50.7123199202482,
dcrlme_seed0,dcrlme,0,leg1_weak,random,2,19,23,1131.973876953125,89,1361.138916015625,63.09701097605686,50.7123199202482,
dcrlme_seed0,dcrlme,0,leg1_weak,random,2,20,389,1319.2144775390625,89,1361.138916015625,63.09701097605686,50.7123199202482,
dcrlme_seed0,dcrlme,0,leg1_weak,random,3,1,807,1203.0478515625,807,1196.124267578125,28.67045231475949,23.043011508041577,
dcrlme_seed0,dcrlme,0,leg1_weak,random,3,2,766,1114.60693359375,807,1196.124267578125,28.67045231475949,23.043011508041577,
dcrlme_seed0,dcrlme,0,leg1_weak,random,3,3,697,1286.71142578125,697,1230.372802734375,35.81563133846731,28.785733689845348,
dcrlme_seed0,dcrlme,0,leg1_weak,random,3,4,953,1071.411376953125,697,1230.372802734375,35.81563133846731,28.785733689845348,
dcrlme_seed0,dcrlme,0,leg1_weak,random,3,5,438,1207.6416015625,697,1230.372802734375,35.81563133846731,28.785733689845348,
dcrlme_seed0,dcrlme,0,leg1_weak,random,3,6,607,611.0676879882812,697,1230.372802734375,35.81563133846731,28.785733689845348,
dcrlme_seed0,dcrlme,0,leg1_weak,random,3,7,913,1032.4281005859375,697,1230.372802734375,35.81563133846731,28.785733689845348,
dcrlme_seed0,dcrlme,0,leg1_weak,random,3,8,484,813.1806030273438,697,1230.372802734375,35.81563133846731,28.785733689845348,
dcrlme_seed0,dcrlme,0,leg1_weak,random,3,9,771,1070.189208984375,697,1230.372802734375,35.81563133846731,28.785733689845348,
dcrlme_seed0,dcrlme,0,leg1_weak,random,3,10,535,1283.6153564453125,697,1230.372802734375,35.81563133846731,28.785733689845348,
dcrlme_seed0,dcrlme,0,leg1_weak,random,3,11,975,1291.8834228515625,975,1275.147705078125,45.15689780593974,36.29349493290182,
dcrlme_seed0,dcrlme,0,leg1_weak,random,3,12,742,1215.505859375,975,1275.147705078125,45.15689780593974,36.29349493290182,
dcrlme_seed0,dcrlme,0,leg1_weak,random,3,13,198,1214.5859375,975,1275.147705078125,45.15689780593974,36.29349493290182,
dcrlme_seed0,dcrlme,0,leg1_weak,random,3,14,271,792.109619140625,975,1275.147705078125,45.15689780593974,36.29349493290182,
dcrlme_seed0,dcrlme,0,leg1_weak,random,3,15,83,1135.63671875,975,1275.147705078125,45.15689780593974,36.29349493290182,
dcrlme_seed0,dcrlme,0,leg1_weak,random,3,16,510,744.4411010742188,975,1275.147705078125,45.15689780593974,36.29349493290182,
dcrlme_seed0,dcrlme,0,leg1_weak,random,3,17,588,1248.2789306640625,975,1275.147705078125,45.15689780593974,36.29349493290182,
dcrlme_seed0,dcrlme,0,leg1_weak,random,3,18,373,1383.8802490234375,373,1478.0224609375,87.48210801983466,70.31110635150428,
dcrlme_seed0,dcrlme,0,leg1_weak,random,3,19,655,663.8675537109375,373,1478.0224609375,87.48210801983466,70.31110635150428,
dcrlme_seed0,dcrlme,0,leg1_weak,random,3,20,832,1214.667236328125,373,1478.0224609375,87.48210801983466,70.31110635150428,
dcrlme_seed0,dcrlme,0,leg1_weak,random,4,1,849,1135.55908203125,849,1119.5684814453125,12.698826237204125,10.206298662817929,
dcrlme_seed0,dcrlme,0,leg1_weak,random,4,2,399,1106.728271484375,849,1119.5684814453125,12.698826237204125,10.206298662817929,
dcrlme_seed0,dcrlme,0,leg1_weak,random,4,3,535,1238.379638671875,535,1283.794677734375,46.960892264684865,37.74340108076916,
dcrlme_seed0,dcrlme,0,leg1_weak,random,4,4,332,1233.2347412109375,535,1283.794677734375,46.960892264684865,37.74340108076916,
dcrlme_seed0,dcrlme,0,leg1_weak,random,4,5,600,1414.2347412109375,600,1321.445556640625,54.81589303939704,44.05662109070211,
dcrlme_seed0,dcrlme,0,leg1_weak,random,4,6,968,1081.781494140625,600,1321.445556640625,54.81589303939704,44.05662109070211,
dcrlme_seed0,dcrlme,0,leg1_weak,random,4,7,1012,1256.84814453125,600,1321.445556640625,54.81589303939704,44.05662109070211,
dcrlme_seed0,dcrlme,0,leg1_weak,random,4,8,897,1095.6746826171875,600,1321.445556640625,54.81589303939704,44.05662109070211,
dcrlme_seed0,dcrlme,0,leg1_weak,random,4,9,190,1228.540771484375,600,1321.445556640625,54.81589303939704,44.05662109070211,
dcrlme_seed0,dcrlme,0,leg1_weak,random,4,10,963,1254.0650634765625,600,1321.445556640625,54.81589303939704,44.05662109070211,
dcrlme_seed0,dcrlme,0,leg1_weak,random,4,11,536,1322.1641845703125,600,1321.445556640625,54.81589303939704,44.05662109070211,
dcrlme_seed0,dcrlme,0,leg1_weak,random,4,12,1007,1362.25146484375,600,1321.445556640625,54.81589303939704,44.05662109070211,
dcrlme_seed0,dcrlme,0,leg1_weak,random,4,13,708,1252.070068359375,600,1321.445556640625,54.81589303939704,44.05662109070211,
dcrlme_seed0,dcrlme,0,leg1_weak,random,4,14,53,1193.827392578125,600,1321.445556640625,54.81589303939704,44.05662109070211,
dcrlme_seed0,dcrlme,0,leg1_weak,random,4,15,254,1068.1368408203125,600,1321.445556640625,54.81589303939704,44.05662109070211,
dcrlme_seed0,dcrlme,0,leg1_weak,random,4,16,309,1079.2333984375,600,1321.445556640625,54.81589303939704,44.05662109070211,
dcrlme_seed0,dcrlme,0,leg1_weak,random,4,17,651,960.502197265625,600,1321.445556640625,54.81589303939704,44.05662109070211,
dcrlme_seed0,dcrlme,0,leg1_weak,random,4,18,985,1300.1624755859375,600,1321.445556640625,54.81589303939704,44.05662109070211,
dcrlme_seed0,dcrlme,0,leg1_weak,random,4,19,499,1140.0341796875,600,1321.445556640625,54.81589303939704,44.05662109070211,
dcrlme_seed0,dcrlme,0,leg1_weak,random,4,20,1017,1288.232177734375,600,1321.445556640625,54.81589303939704,44.05662109070211,
dcrlme_seed0,dcrlme,0,leg1_weak,best_intact,0,1,724,1481.4864501953125,724,1471.0089111328125,86.01889014153548,69.1350891042611,
dcrlme_seed0,dcrlme,0,leg1_weak,best_intact,1,1,724,1478.073486328125,724,1471.0089111328125,86.01889014153548,69.1350891042611,
dcrlme_seed0,dcrlme,0,leg1_weak,best_intact,2,1,724,1478.3365478515625,724,1471.0089111328125,86.01889014153548,69.1350891042611,
dcrlme_seed0,dcrlme,0,leg1_weak,best_intact,3,1,724,1473.2347412109375,724,1471.0089111328125,86.01889014153548,69.1350891042611,
dcrlme_seed0,dcrlme,0,leg1_weak,best_intact,4,1,724,1469.148193359375,724,1471.0089111328125,86.01889014153548,69.1350891042611,
dcrlme_seed0,dcrlme,0,leg2_weak,ite,0,1,724,1431.978759765625,724,1408.774169921875,83.22903660047984,58.6996988839104,2
dcrlme_seed0,dcrlme,0,leg2_weak,ite,0,2,218,1191.5653076171875,724,1408.774169921875,83.22903660047984,58.6996988839104,2
dcrlme_seed0,dcrlme,0,leg2_weak,ite,0,3,724,1319.7882080078125,724,1408.774169921875,83.22903660047984,58.6996988839104,2
dcrlme_seed0,dcrlme,0,leg2_weak,ite,0,4,393,1181.360595703125,724,1408.774169921875,83.22903660047984,58.6996988839104,2
dcrlme_seed0,dcrlme,0,leg2_weak,ite,0,5,724,1447.032470703125,724,1408.774169921875,83.22903660047984,58.6996988839104,2
dcrlme_seed0,dcrlme,0,leg2_weak,ite,0,6,724,1448.176025390625,724,1408.774169921875,83.22903660047984,58.6996988839104,2
dcrlme_seed0,dcrlme,0,leg2_weak,ite,0,7,724,1424.6839599609375,724,1408.774169921875,83.22903660047984,58.6996988839104,2
dcrlme_seed0,dcrlme,0,leg2_weak,ite,0,8,724,1317.4935302734375,724,1408.774169921875,83.22903660047984,58.6996988839104,2
dcrlme_seed0,dcrlme,0,leg2_weak,ite,0,9,724,1434.735595703125,724,1408.774169921875,83.22903660047984,58.6996988839104,2
dcrlme_seed0,dcrlme,0,leg2_weak,ite,0,10,724,1448.977294921875,724,1408.774169921875,83.22903660047984,58.6996988839104,2
dcrlme_seed0,dcrlme,0,leg2_weak,ite,0,11,724,1416.980712890625,724,1408.774169921875,83.22903660047984,58.6996988839104,2
dcrlme_seed0,dcrlme,0,leg2_weak,ite,0,12,724,1508.88623046875,724,1408.774169921875,83.22903660047984,58.6996988839104,2
dcrlme_seed0,dcrlme,0,leg2_weak,ite,0,13,724,1376.5126953125,724,1408.774169921875,83.22903660047984,58.6996988839104,2
dcrlme_seed0,dcrlme,0,leg2_weak,ite,0,14,724,1463.5419921875,724,1408.774169921875,83.22903660047984,58.6996988839104,2
dcrlme_seed0,dcrlme,0,leg2_weak,ite,0,15,724,1438.0616455078125,724,1408.774169921875,83.22903660047984,58.6996988839104,2
dcrlme_seed0,dcrlme,0,leg2_weak,ite,0,16,724,1373.768798828125,724,1408.774169921875,83.22903660047984,58.6996988839104,2
dcrlme_seed0,dcrlme,0,leg2_weak,ite,0,17,724,1450.7947998046875,724,1408.774169921875,83.22903660047984,58.6996988839104,2
dcrlme_seed0,dcrlme,0,leg2_weak,ite,0,18,724,1398.062255859375,724,1408.774169921875,83.22903660047984,58.6996988839104,2
dcrlme_seed0,dcrlme,0,leg2_weak,ite,0,19,724,1468.150634765625,724,1408.774169921875,83.22903660047984,58.6996988839104,2
dcrlme_seed0,dcrlme,0,leg2_weak,ite,0,20,724,1394.1614990234375,724,1408.774169921875,83.22903660047984,58.6996988839104,2
dcrlme_seed0,dcrlme,0,leg2_weak,ite,1,1,724,1391.1937255859375,724,1408.774169921875,83.22903660047984,58.6996988839104,3
dcrlme_seed0,dcrlme,0,leg2_weak,ite,1,2,218,1186.388671875,724,1408.774169921875,83.22903660047984,58.6996988839104,3
dcrlme_seed0,dcrlme,0,leg2_weak,ite,1,3,724,1478.0040283203125,724,1408.774169921875,83.22903660047984,58.6996988839104,3
dcrlme_seed0,dcrlme,0,leg2_weak,ite,1,4,724,1448.4937744140625,724,1408.774169921875,83.22903660047984,58.6996988839104,3
dcrlme_seed0,dcrlme,0,leg2_weak,ite,1,5,724,1304.1622314453125,724,1408.774169921875,83.22903660047984,58.6996988839104,3
dcrlme_seed0,dcrlme,0,leg2_weak,ite,1,6,393,1167.34375,724,1408.774169921875,83.22903660047984,58.6996988839104,3
dcrlme_seed0,dcrlme,0,leg2_weak,ite,1,7,724,1473.3673095703125,724,1408.774169921875,83.22903660047984,58.6996988839104,3
dcrlme_seed0,dcrlme,0,leg2_weak,ite,1,8,724,1455.2362060546875,724,1408.774169921875,83.22903660047984,58.6996988839104,3
dcrlme_seed0,dcrlme,0,leg2_weak,ite,1,9,724,1406.2496337890625,724,1408.774169921875,83.22903660047984,58.6996988839104,3
dcrlme_seed0,dcrlme,0,leg2_weak,ite,1,10,724,1443.8876953125,724,1408.774169921875,83.22903660047984,58.6996988839104,3
dcrlme_seed0,dcrlme,0,leg2_weak,ite,1,11,724,1475.878662109375,724,1408.774169921875,83.22903660047984,58.6996988839104,3
dcrlme_seed0,dcrlme,0,leg2_weak,ite,1,12,724,1486.297607421875,724,1408.774169921875,83.22903660047984,58.6996988839104,3
dcrlme_seed0,dcrlme,0,leg2_weak,ite,1,13,724,1469.7493896484375,724,1408.774169921875,83.22903660047984,58.6996988839104,3
dcrlme_seed0,dcrlme,0,leg2_weak,ite,1,14,724,1487.056396484375,724,1408.774169921875,83.22903660047984,58.6996988839104,3
dcrlme_seed0,dcrlme,0,leg2_weak,ite,1,15,724,1410.816650390625,724,1408.774169921875,83.22903660047984,58.6996988839104,3
dcrlme_seed0,dcrlme,0,leg2_weak,ite,1,16,724,1489.029541015625,724,1408.774169921875,83.22903660047984,58.6996988839104,3
dcrlme_seed0,dcrlme,0,leg2_weak,ite,1,17,724,1353.685546875,724,1408.774169921875,83.22903660047984,58.6996988839104,3
dcrlme_seed0,dcrlme,0,leg2_weak,ite,1,18,724,1288.2646484375,724,1408.774169921875,83.22903660047984,58.6996988839104,3
dcrlme_seed0,dcrlme,0,leg2_weak,ite,1,19,724,1301.5919189453125,724,1408.774169921875,83.22903660047984,58.6996988839104,3
dcrlme_seed0,dcrlme,0,leg2_weak,ite,1,20,724,1492.7767333984375,724,1408.774169921875,83.22903660047984,58.6996988839104,3
dcrlme_seed0,dcrlme,0,leg2_weak,ite,2,1,724,1357.436279296875,724,1408.774169921875,83.22903660047984,58.6996988839104,3
dcrlme_seed0,dcrlme,0,leg2_weak,ite,2,2,218,1165.679931640625,724,1408.774169921875,83.22903660047984,58.6996988839104,3
dcrlme_seed0,dcrlme,0,leg2_weak,ite,2,3,393,1150.79150390625,724,1408.774169921875,83.22903660047984,58.6996988839104,3
dcrlme_seed0,dcrlme,0,leg2_weak,ite,2,4,724,1409.549072265625,724,1408.774169921875,83.22903660047984,58.6996988839104,3
dcrlme_seed0,dcrlme,0,leg2_weak,ite,2,5,724,1435.36279296875,724,1408.774169921875,83.22903660047984,58.6996988839104,3
dcrlme_seed0,dcrlme,0,leg2_weak,ite,2,6,724,1488.18359375,724,1408.774169921875,83.22903660047984,58.6996988839104,3
dcrlme_seed0,dcrlme,0,leg2_weak,ite,2,7,724,1380.97119140625,724,1408.774169921875,83.22903660047984,58.6996988839104,3
dcrlme_seed0,dcrlme,0,leg2_weak,ite,2,8,724,1414.2530517578125,724,1408.774169921875,83.22903660047984,58.6996988839104,3
dcrlme_seed0,dcrlme,0,leg2_weak,ite,2,9,724,1350.06689453125,724,1408.774169921875,83.22903660047984,58.6996988839104,3
dcrlme_seed0,dcrlme,0,leg2_weak,ite,2,10,724,1454.705322265625,724,1408.774169921875,83.22903660047984,58.6996988839104,3
dcrlme_seed0,dcrlme,0,leg2_weak,ite,2,11,724,1307.4217529296875,724,1408.774169921875,83.22903660047984,58.6996988839104,3
dcrlme_seed0,dcrlme,0,leg2_weak,ite,2,12,724,1348.20263671875,724,1408.774169921875,83.22903660047984,58.6996988839104,3
dcrlme_seed0,dcrlme,0,leg2_weak,ite,2,13,724,1461.00537109375,724,1408.774169921875,83.22903660047984,58.6996988839104,3
dcrlme_seed0,dcrlme,0,leg2_weak,ite,2,14,724,1314.1688232421875,724,1408.774169921875,83.22903660047984,58.6996988839104,3
dcrlme_seed0,dcrlme,0,leg2_weak,ite,2,15,724,1285.662109375,724,1408.774169921875,83.22903660047984,58.6996988839104,3
dcrlme_seed0,dcrlme,0,leg2_weak,ite,2,16,724,1397.912109375,724,1408.774169921875,83.22903660047984,58.6996988839104,3
dcrlme_seed0,dcrlme,0,leg2_weak,ite,2,17,724,1445.016357421875,724,1408.774169921875,83.22903660047984,58.6996988839104,3
dcrlme_seed0,dcrlme,0,leg2_weak,ite,2,18,724,1369.58984375,724,1408.774169921875,83.22903660047984,58.6996988839104,3
dcrlme_seed0,dcrlme,0,leg2_weak,ite,2,19,724,1423.474365234375,724,1408.774169921875,83.22903660047984,58.6996988839104,3
dcrlme_seed0,dcrlme,0,leg2_weak,ite,2,20,724,1457.51806640625,724,1408.774169921875,83.22903660047984,58.6996988839104,3
dcrlme_seed0,dcrlme,0,leg2_weak,ite,3,1,724,1381.2822265625,724,1408.774169921875,83.22903660047984,58.6996988839104,3
dcrlme_seed0,dcrlme,0,leg2_weak,ite,3,2,218,1131.789306640625,724,1408.774169921875,83.22903660047984,58.6996988839104,3
dcrlme_seed0,dcrlme,0,leg2_weak,ite,3,3,724,1490.7940673828125,724,1408.774169921875,83.22903660047984,58.6996988839104,3
dcrlme_seed0,dcrlme,0,leg2_weak,ite,3,4,724,1459.563720703125,724,1408.774169921875,83.22903660047984,58.6996988839104,3
dcrlme_seed0,dcrlme,0,leg2_weak,ite,3,5,724,1386.5277099609375,724,1408.774169921875,83.22903660047984,58.6996988839104,3
dcrlme_seed0,dcrlme,0,leg2_weak,ite,3,6,724,1427.4857177734375,724,1408.774169921875,83.22903660047984,58.6996988839104,3
dcrlme_seed0,dcrlme,0,leg2_weak,ite,3,7,724,1433.8450927734375,724,1408.774169921875,83.22903660047984,58.6996988839104,3
dcrlme_seed0,dcrlme,0,leg2_weak,ite,3,8,724,1460.2054443359375,724,1408.774169921875,83.22903660047984,58.6996988839104,3
dcrlme_seed0,dcrlme,0,leg2_weak,ite,3,9,724,1336.422607421875,724,1408.774169921875,83.22903660047984,58.6996988839104,3
dcrlme_seed0,dcrlme,0,leg2_weak,ite,3,10,724,1473.1654052734375,724,1408.774169921875,83.22903660047984,58.6996988839104,3
dcrlme_seed0,dcrlme,0,leg2_weak,ite,3,11,724,1415.143310546875,724,1408.774169921875,83.22903660047984,58.6996988839104,3
dcrlme_seed0,dcrlme,0,leg2_weak,ite,3,12,724,1422.1676025390625,724,1408.774169921875,83.22903660047984,58.6996988839104,3
dcrlme_seed0,dcrlme,0,leg2_weak,ite,3,13,724,1416.349365234375,724,1408.774169921875,83.22903660047984,58.6996988839104,3
dcrlme_seed0,dcrlme,0,leg2_weak,ite,3,14,724,1458.6702880859375,724,1408.774169921875,83.22903660047984,58.6996988839104,3
dcrlme_seed0,dcrlme,0,leg2_weak,ite,3,15,724,1497.2564697265625,724,1408.774169921875,83.22903660047984,58.6996988839104,3
dcrlme_seed0,dcrlme,0,leg2_weak,ite,3,16,724,1442.2991943359375,724,1408.774169921875,83.22903660047984,58.6996988839104,3
dcrlme_seed0,dcrlme,0,leg2_weak,ite,3,17,724,1439.469970703125,724,1408.774169921875,83.22903660047984,58.6996988839104,3
dcrlme_seed0,dcrlme,0,leg2_weak,ite,3,18,724,1439.8096923828125,724,1408.774169921875,83.22903660047984,58.6996988839104,3
dcrlme_seed0,dcrlme,0,leg2_weak,ite,3,19,724,1376.49560546875,724,1408.774169921875,83.22903660047984,58.6996988839104,3
dcrlme_seed0,dcrlme,0,leg2_weak,ite,3,20,724,1424.667236328125,724,1408.774169921875,83.22903660047984,58.6996988839104,3
dcrlme_seed0,dcrlme,0,leg2_weak,ite,4,1,724,1476.72265625,724,1408.774169921875,83.22903660047984,58.6996988839104,2
dcrlme_seed0,dcrlme,0,leg2_weak,ite,4,2,218,1195.3961181640625,724,1408.774169921875,83.22903660047984,58.6996988839104,2
dcrlme_seed0,dcrlme,0,leg2_weak,ite,4,3,724,1448.7587890625,724,1408.774169921875,83.22903660047984,58.6996988839104,2
dcrlme_seed0,dcrlme,0,leg2_weak,ite,4,4,724,1474.1546630859375,724,1408.774169921875,83.22903660047984,58.6996988839104,2
dcrlme_seed0,dcrlme,0,leg2_weak,ite,4,5,724,1487.9051513671875,724,1408.774169921875,83.22903660047984,58.6996988839104,2
dcrlme_seed0,dcrlme,0,leg2_weak,ite,4,6,724,1439.770263671875,724,1408.774169921875,83.22903660047984,58.6996988839104,2
dcrlme_seed0,dcrlme,0,leg2_weak,ite,4,7,724,1295.226318359375,724,1408.774169921875,83.22903660047984,58.6996988839104,2
dcrlme_seed0,dcrlme,0,leg2_weak,ite,4,8,724,1481.9813232421875,724,1408.774169921875,83.22903660047984,58.6996988839104,2
dcrlme_seed0,dcrlme,0,leg2_weak,ite,4,9,724,1435.7120361328125,724,1408.774169921875,83.22903660047984,58.6996988839104,2
dcrlme_seed0,dcrlme,0,leg2_weak,ite,4,10,724,1394.481689453125,724,1408.774169921875,83.22903660047984,58.6996988839104,2
dcrlme_seed0,dcrlme,0,leg2_weak,ite,4,11,724,1453.40966796875,724,1408.774169921875,83.22903660047984,58.6996988839104,2
dcrlme_seed0,dcrlme,0,leg2_weak,ite,4,12,724,1448.98291015625,724,1408.774169921875,83.22903660047984,58.6996988839104,2
dcrlme_seed0,dcrlme,0,leg2_weak,ite,4,13,724,1353.834716796875,724,1408.774169921875,83.22903660047984,58.6996988839104,2
dcrlme_seed0,dcrlme,0,leg2_weak,ite,4,14,724,1448.9564208984375,724,1408.774169921875,83.22903660047984,58.6996988839104,2
dcrlme_seed0,dcrlme,0,leg2_weak,ite,4,15,724,1381.5511474609375,724,1408.774169921875,83.22903660047984,58.6996988839104,2
dcrlme_seed0,dcrlme,0,leg2_weak,ite,4,16,724,1431.91650390625,724,1408.774169921875,83.22903660047984,58.6996988839104,2
dcrlme_seed0,dcrlme,0,leg2_weak,ite,4,17,724,1416.19384765625,724,1408.774169921875,83.22903660047984,58.6996988839104,2
dcrlme_seed0,dcrlme,0,leg2_weak,ite,4,18,724,1467.5966796875,724,1408.774169921875,83.22903660047984,58.6996988839104,2
dcrlme_seed0,dcrlme,0,leg2_weak,ite,4,19,724,1446.8695068359375,724,1408.774169921875,83.22903660047984,58.6996988839104,2
dcrlme_seed0,dcrlme,0,leg2_weak,ite,4,20,724,1482.871337890625,724,1408.774169921875,83.22903660047984,58.6996988839104,2
dcrlme_seed0,dcrlme,0,leg2_weak,top_k,0,1,724,1464.7335205078125,724,1408.774169921875,83.22903660047984,58.6996988839104,
dcrlme_seed0,dcrlme,0,leg2_weak,top_k,0,2,342,1217.724365234375,724,1408.774169921875,83.22903660047984,58.6996988839104,
dcrlme_seed0,dcrlme,0,leg2_weak,top_k,0,3,716,1381.42138671875,724,1408.774169921875,83.22903660047984,58.6996988839104,
dcrlme_seed0,dcrlme,0,leg2_weak,top_k,0,4,218,1210.38134765625,724,1408.774169921875,83.22903660047984,58.6996988839104,
dcrlme_seed0,dcrlme,0,leg2_weak,top_k,0,5,939,1343.744384765625,724,1408.774169921875,83.22903660047984,58.6996988839104,
dcrlme_seed0,dcrlme,0,leg2_weak,top_k,0,6,880,1216.8291015625,724,1408.774169921875,83.22903660047984,58.6996988839104,
dcrlme_seed0,dcrlme,0,leg2_weak,top_k,0,7,330,1285.811767578125,724,1408.774169921875,83.22903660047984,58.6996988839104,
dcrlme_seed0,dcrlme,0,leg2_weak,top_k,0,8,381,1292.422607421875,724,1408.774169921875,83.22903660047984,58.6996988839104,
dcrlme_seed0,dcrlme,0,leg2_weak,top_k,0,9,901,1363.1474609375,724,1408.774169921875,83.22903660047984,58.6996988839104,
dcrlme_seed0,dcrlme,0,leg2_weak,top_k,0,10,131,1252.469482421875,724,1408.774169921875,83.22903660047984,58.6996988839104,
dcrlme_seed0,dcrlme,0,leg2_weak,top_k,0,11,858,1194.1005859375,724,1408.774169921875,83.22903660047984,58.6996988839104,
dcrlme_seed0,dcrlme,0,leg2_weak,top_k,0,12,126,1358.2479248046875,724,1408.774169921875,83.22903660047984,58.6996988839104,
dcrlme_seed0,dcrlme,0,leg2_weak,top_k,0,13,41,1311.3492431640625,724,1408.774169921875,83.22903660047984,58.6996988839104,
dcrlme_seed0,dcrlme,0,leg2_weak,top_k,0,14,229,1198.903076171875,724,1408.774169921875,83.22903660047984,58.6996988839104,
dcrlme_seed0,dcrlme,0,leg2_weak,top_k,0,15,244,1264.8619384765625,724,1408.774169921875,83.22903660047984,58.6996988839104,
dcrlme_seed0,dcrlme,0,leg2_weak,top_k,0,16,73,1204.8861083984375,724,1408.774169921875,83.22903660047984,58.6996988839104,
dcrlme_seed0,dcrlme,0,leg2_weak,top_k,0,17,535,1244.7110595703125,724,1408.774169921875,83.22903660047984,58.6996988839104,
dcrlme_seed0,dcrlme,0,leg2_weak,top_k,0,18,43,1186.7177734375,724,1408.774169921875,83.22903660047984,58.6996988839104,
dcrlme_seed0,dcrlme,0,leg2_weak,top_k,0,19,217,1233.177978515625,724,1408.774169921875,83.22903660047984,58.6996988839104,
dcrlme_seed0,dcrlme,0,leg2_weak,top_k,0,20,26,1291.973388671875,724,1408.774169921875,83.22903660047984,58.6996988839104,
dcrlme_seed0,dcrlme,0,leg2_weak,top_k,1,1,724,1404.8876953125,724,1408.774169921875,83.22903660047984,58.6996988839104,
dcrlme_seed0,dcrlme,0,leg2_weak,top_k,1,2,342,1256.796630859375,724,1408.774169921875,83.22903660047984,58.6996988839104,
dcrlme_seed0,dcrlme,0,leg2_weak,top_k,1,3,716,1395.8182373046875,724,1408.774169921875,83.22903660047984,58.6996988839104,
dcrlme_seed0,dcrlme,0,leg2_weak,top_k,1,4,218,1178.3675537109375,724,1408.774169921875,83.22903660047984,58.6996988839104,
dcrlme_seed0,dcrlme,0,leg2_weak,top_k,1,5,939,1301.84521484375,724,1408.774169921875,83.22903660047984,58.6996988839104,
dcrlme_seed0,dcrlme,0,leg2_weak,top_k,1,6,880,1207.9306640625,724,1408.774169921875,83.22903660047984,58.6996988839104,
dcrlme_seed0,dcrlme,0,leg2_weak,top_k,1,7,330,1273.5201416015625,724,1408.774169921875,83.22903660047984,58.6996988839104,
dcrlme_seed0,dcrlme,0,leg2_weak,top_k,1,8,381,1262.764404296875,724,1408.774169921875,83.22903660047984,58.6996988839104,
dcrlme_seed0,dcrlme,0,leg2_weak,top_k,1,9,901,1356.579345703125,724,1408.774169921875,83.22903660047984,58.6996988839104,
dcrlme_seed0,dcrlme,0,leg2_weak,top_k,1,10,131,1267.365478515625,724,1408.774169921875,83.22903660047984,58.6996988839104,
dcrlme_seed0,dcrlme,0,leg2_weak,top_k,1,11,858,1187.046142578125,724,1408.774169921875,83.22903660047984,58.6996988839104,
dcrlme_seed0,dcrlme,0,leg2_weak,top_k,1,12,126,1462.9365234375,126,1412.2327880859375,84.05131222803638,59.27963268716757,
dcrlme_seed0,dcrlme,0,leg2_weak,top_k,1,13,41,1350.80029296875,126,1412.2327880859375,84.05131222803638,59.27963268716757,
dcrlme_seed0,dcrlme,0,leg2_weak,top_k,1,14,229,1219.3143310546875,126,1412.2327880859375,84.05131222803638,59.27963268716757,
dcrlme_seed0,dcrlme,0,leg2_weak,top_k,1,15,244,1243.2265625,126,1412.2327880859375,84.05131222803638,59.27963268716757,
dcrlme_seed0,dcrlme,0,leg2_weak,top_k,1,16,73,1229.88818359375,126,1412.2327880859375,84.05131222803638,59.27963268716757,
dcrlme_seed0,dcrlme,0,leg2_weak,top_k,1,17,535,1272.080078125,126,1412.2327880859375,84.05131222803638,59.27963268716757,
dcrlme_seed0,dcrlme,0,leg2_weak,top_k,1,18,43,1215.243896484375,126,1412.2327880859375,84.05131222803638,59.27963268716757,
dcrlme_seed0,dcrlme,0,leg2_weak,top_k,1,19,217,1221.344970703125,126,1412.2327880859375,84.05131222803638,59.27963268716757,
dcrlme_seed0,dcrlme,0,leg2_weak,top_k,1,20,26,1289.5020751953125,126,1412.2327880859375,84.05131222803638,59.27963268716757,
dcrlme_seed0,dcrlme,0,leg2_weak,top_k,2,1,724,1370.4732666015625,724,1408.774169921875,83.22903660047984,58.6996988839104,
dcrlme_seed0,dcrlme,0,leg2_weak,top_k,2,2,342,1232.40576171875,724,1408.774169921875,83.22903660047984,58.6996988839104,
dcrlme_seed0,dcrlme,0,leg2_weak,top_k,2,3,716,1398.3038330078125,716,1387.2923583984375,78.1218032449661,55.0976740096156,
dcrlme_seed0,dcrlme,0,leg2_weak,top_k,2,4,218,1150.6666259765625,716,1387.2923583984375,78.1218032449661,55.0976740096156,
dcrlme_seed0,dcrlme,0,leg2_weak,top_k,2,5,939,1350.0623779296875,716,1387.2923583984375,78.1218032449661,55.0976740096156,
dcrlme_seed0,dcrlme,0,leg2_weak,top_k,2,6,880,1212.65625,716,1387.2923583984375,78.1218032449661,55.0976740096156,
dcrlme_seed0,dcrlme,0,leg2_weak,top_k,2,7,330,1240.7713623046875,716,1387.2923583984375,78.1218032449661,55.0976740096156,
dcrlme_seed0,dcrlme,0,leg2_weak,top_k,2,8,381,1281.25634765625,716,1387.2923583984375,78.1218032449661,55.0976740096156,
dcrlme_seed0,dcrlme,0,leg2_weak,top_k,2,9,901,1372.172119140625,716,1387.2923583984375,78.1218032449661,55.0976740096156,
dcrlme_seed0,dcrlme,0,leg2_weak,top_k,2,10,131,1257.858642578125,716,1387.2923583984375,78.1218032449661,55.0976740096156,
dcrlme_seed0,dcrlme,0,leg2_weak,top_k,2,11,858,1205.379150390625,716,1387.2923583984375,78.1218032449661,55.0976740096156,
dcrlme_seed0,dcrlme,0,leg2_weak,top_k,2,12,126,1418.004150390625,126,1412.2327880859375,84.05131222803638,59.27963268716757,
dcrlme_seed0,dcrlme,0,leg2_weak,top_k,2,13,41,1372.9801025390625,126,1412.2327880859375,84.05131222803638,59.27963268716757,
dcrlme_seed0,dcrlme,0,leg2_weak,top_k,2,14,229,1213.7685546875,126,1412.2327880859375,84.05131222803638,59.27963268716757,
dcrlme_seed0,dcrlme,0,leg2_weak,top_k,2,15,244,1259.716552734375,126,1412.2327880859375,84.05131222803638,59.27963268716757,
dcrlme_seed0,dcrlme,0,leg2_weak,top_k,2,16,73,1204.8330078125,126,1412.2327880859375,84.05131222803638,59.27963268716757,
dcrlme_seed0,dcrlme,0,leg2_weak,top_k,2,17,535,1240.835205078125,126,1412.2327880859375,84.05131222803638,59.27963268716757,
dcrlme_seed0,dcrlme,0,leg2_weak,top_k,2,18,43,1208.352294921875,126,1412.2327880859375,84.05131222803638,59.27963268716757,
dcrlme_seed0,dcrlme,0,leg2_weak,top_k,2,19,217,1247.4068603515625,126,1412.2327880859375,84.05131222803638,59.27963268716757,
dcrlme_seed0,dcrlme,0,leg2_weak,top_k,2,20,26,1284.1363525390625,126,1412.2327880859375,84.05131222803638,59.27963268716757,
dcrlme_seed0,dcrlme,0,leg2_weak,top_k,3,1,724,1480.65869140625,724,1408.774169921875,83.22903660047984,58.6996988839104,
dcrlme_seed0,dcrlme,0,leg2_weak,top_k,3,2,342,1217.693115234375,724,1408.774169921875,83.22903660047984,58.6996988839104,
dcrlme_seed0,dcrlme,0,leg2_weak,top_k,3,3,716,1393.447265625,724,1408.774169921875,83.22903660047984,58.6996988839104,
dcrlme_seed0,dcrlme,0,leg2_weak,top_k,3,4,218,1177.54541015625,724,1408.774169921875,83.22903660047984,58.6996988839104,
dcrlme_seed0,dcrlme,0,leg2_weak,top_k,3,5,939,1307.69140625,724,1408.774169921875,83.22903660047984,58.6996988839104,
dcrlme_seed0,dcrlme,0,leg2_weak,top_k,3,6,880,1200.39013671875,724,1408.774169921875,83.22903660047984,58.6996988839104,
dcrlme_seed0,dcrlme,0,leg2_weak,top_k,3,7,330,1258.447265625,724,1408.774169921875,83.22903660047984,58.6996988839104,
dcrlme_seed0,dcrlme,0,leg2_weak,top_k,3,8,381,1296.19677734375,724,1408.774169921875,83.22903660047984,58.6996988839104,
dcrlme_seed0,dcrlme,0,leg2_weak,top_k,3,9,901,1365.419189453125,724,1408.774169921875,83.22903660047984,58.6996988839104,
dcrlme_seed0,dcrlme,0,leg2_weak,top_k,3,10,131,1280.1240234375,724,1408.774169921875,83.22903660047984,58.6996988839104,
dcrlme_seed0,dcrlme,0,leg2_weak,top_k,3,11,858,1219.75048828125,724,1408.774169921875,83.22903660047984,58.6996988839104,
dcrlme_seed0,dcrlme,0,leg2_weak,top_k,3,12,126,1409.777099609375,724,1408.774169921875,83.22903660047984,58.6996988839104,
dcrlme_seed0,dcrlme,0,leg2_weak,top_k,3,13,41,1356.9599609375,724,1408.774169921875,83.22903660047984,58.6996988839104,
dcrlme_seed0,dcrlme,0,leg2_weak,top_k,3,14,229,1224.468017578125,724,1408.774169921875,83.22903660047984,58.6996988839104,
dcrlme_seed0,dcrlme,0,leg2_weak,top_k,3,15,244,1256.237060546875,724,1408.774169921875,83.22903660047984,58.6996988839104,
dcrlme_seed0,dcrlme,0,leg2_weak,top_k,3,16,73,1228.922607421875,724,1408.774169921875,83.22903660047984,58.6996988839104,
dcrlme_seed0,dcrlme,0,leg2_weak,top_k,3,17,535,1260.8597412109375,724,1408.774169921875,83.22903660047984,58.6996988839104,
dcrlme_seed0,dcrlme,0,leg2_weak,top_k,3,18,43,1247.302978515625,724,1408.774169921875,83.22903660047984,58.6996988839104,
dcrlme_seed0,dcrlme,0,leg2_weak,top_k,3,19,217,1264.5960693359375,724,1408.774169921875,83.22903660047984,58.6996988839104,
dcrlme_seed0,dcrlme,0,leg2_weak,top_k,3,20,26,1271.6326904296875,724,1408.774169921875,83.22903660047984,58.6996988839104,
dcrlme_seed0,dcrlme,0,leg2_weak,top_k,4,1,724,1293.624267578125,724,1408.774169921875,83.22903660047984,58.6996988839104,
dcrlme_seed0,dcrlme,0,leg2_weak,top_k,4,2,342,1247.65869140625,724,1408.774169921875,83.22903660047984,58.6996988839104,
dcrlme_seed0,dcrlme,0,leg2_weak,top_k,4,3,716,1386.2799072265625,716,1387.2923583984375,78.1218032449661,55.0976740096156,
dcrlme_seed0,dcrlme,0,leg2_weak,top_k,4,4,218,1136.982177734375,716,1387.2923583984375,78.1218032449661,55.0976740096156,
dcrlme_seed0,dcrlme,0,leg2_weak,top_k,4,5,939,1328.97998046875,716,1387.2923583984375,78.1218032449661,55.0976740096156,
dcrlme_seed0,dcrlme,0,leg2_weak,top_k,4,6,880,1208.036865234375,716,1387.2923583984375,78.1218032449661,55.0976740096156,
dcrlme_seed0,dcrlme,0,leg2_weak,top_k,4,7,330,1279.26123046875,716,1387.2923583984375,78.1218032449661,55.0976740096156,
dcrlme_seed0,dcrlme,0,leg2_weak,top_k,4,8,381,1300.5078125,716,1387.2923583984375,78.1218032449661,55.0976740096156,
dcrlme_seed0,dcrlme,0,leg2_weak,top_k,4,9,901,1375.427734375,716,1387.2923583984375,78.1218032449661,55.0976740096156,
dcrlme_seed0,dcrlme,0,leg2_weak,top_k,4,10,131,1267.4317626953125,716,1387.2923583984375,78.1218032449661,55.0976740096156,
dcrlme_seed0,dcrlme,0,leg2_weak,top_k,4,11,858,1198.040771484375,716,1387.2923583984375,78.1218032449661,55.0976740096156,
dcrlme_seed0,dcrlme,0,leg2_weak,top_k,4,12,126,1421.212890625,126,1412.2327880859375,84.05131222803638,59.27963268716757,
dcrlme_seed0,dcrlme,0,leg2_weak,top_k,4,13,41,1354.152587890625,126,1412.2327880859375,84.05131222803638,59.27963268716757,
dcrlme_seed0,dcrlme,0,leg2_weak,top_k,4,14,229,1204.292724609375,126,1412.2327880859375,84.05131222803638,59.27963268716757,
dcrlme_seed0,dcrlme,0,leg2_weak,top_k,4,15,244,1265.205078125,126,1412.2327880859375,84.05131222803638,59.27963268716757,
dcrlme_seed0,dcrlme,0,leg2_weak,top_k,4,16,73,1229.62158203125,126,1412.2327880859375,84.05131222803638,59.27963268716757,
dcrlme_seed0,dcrlme,0,leg2_weak,top_k,4,17,535,1261.11962890625,126,1412.2327880859375,84.05131222803638,59.27963268716757,
dcrlme_seed0,dcrlme,0,leg2_weak,top_k,4,18,43,1214.37158203125,126,1412.2327880859375,84.05131222803638,59.27963268716757,
dcrlme_seed0,dcrlme,0,leg2_weak,top_k,4,19,217,1251.71826171875,126,1412.2327880859375,84.05131222803638,59.27963268716757,
dcrlme_seed0,dcrlme,0,leg2_weak,top_k,4,20,26,1281.882568359375,126,1412.2327880859375,84.05131222803638,59.27963268716757,
dcrlme_seed0,dcrlme,0,leg2_weak,random,0,1,883,1222.397705078125,883,1209.5791015625,35.87103346983656,25.299089708818492,
dcrlme_seed0,dcrlme,0,leg2_weak,random,0,2,335,1100.61279296875,883,1209.5791015625,35.87103346983656,25.299089708818492,
dcrlme_seed0,dcrlme,0,leg2_weak,random,0,3,112,1165.3543701171875,883,1209.5791015625,35.87103346983656,25.299089708818492,
dcrlme_seed0,dcrlme,0,leg2_weak,random,0,4,597,437.11712646484375,883,1209.5791015625,35.87103346983656,25.299089708818492,
dcrlme_seed0,dcrlme,0,leg2_weak,random,0,5,343,1096.14892578125,883,1209.5791015625,35.87103346983656,25.299089708818492,
dcrlme_seed0,dcrlme,0,leg2_weak,random,0,6,865,628.2923583984375,883,1209.5791015625,35.87103346983656,25.299089708818492,
dcrlme_seed0,dcrlme,0,leg2_weak,random,0,7,581,1165.2025146484375,883,1209.5791015625,35.87103346983656,25.299089708818492,
dcrlme_seed0,dcrlme,0,leg2_weak,random,0,8,444,1207.703369140625,883,1209.5791015625,35.87103346983656,25.299089708818492,
dcrlme_seed0,dcrlme,0,leg2_weak,random,0,9,192,1268.459228515625,192,1219.39599609375,38.20496937383883,26.945165890583294,
dcrlme_seed0,dcrlme,0,leg2_weak,random,0,10,89,1334.0321044921875,89,1332.361328125,65.06212297735229,45.886954643621436,
dcrlme_seed0,dcrlme,0,leg2_weak,random,0,11,496,1319.326416015625,89,1332.361328125,65.06212297735229,45.886954643621436,
dcrlme_seed0,dcrlme,0,leg2_weak,random,0,12,233,1140.285400390625,89,1332.361328125,65.06212297735229,45.886954643621436,
dcrlme_seed0,dcrlme,0,leg2_weak,random,0,13,492,1414.2408447265625,492,1366.0848388671875,73.07978195083376,51.54164183838504,
dcrlme_seed0,dcrlme,0,leg2_weak,random,0,14,923,1204.049072265625,492,1366.0848388671875,73.07978195083376,51.54164183838504,
dcrlme_seed0,dcrlme,0,leg2_weak,random,0,15,40,1073.8740234375,492,1366.0848388671875,73.07978195083376,51.54164183838504,
dcrlme_seed0,dcrlme,0,leg2_weak,random,0,16,1022,1340.63623046875,492,1366.0848388671875,73.07978195083376,51.54164183838504,
dcrlme_seed0,dcrlme,0,leg2_weak,random,0,17,693,1071.0284423828125,492,1366.0848388671875,73.07978195083376,51.54164183838504,
dcrlme_seed0,dcrlme,0,leg2_weak,random,0,18,815,1225.0045166015625,492,1366.0848388671875,73.07978195083376,51.54164183838504,
dcrlme_seed0,dcrlme,0,leg2_weak,random,0,19,249,1170.26171875,492,1366.0848388671875,73.07978195083376,51.54164183838504,
dcrlme_seed0,dcrlme,0,leg2_weak,random,0,20,892,1369.0908203125,492,1366.0848388671875,73.07978195083376,51.54164183838504,
dcrlme_seed0,dcrlme,0,leg2_weak,random,1,1,887,1125.234130859375,887,1160.743896484375,24.26061653520162,17.110505462058207,
dcrlme_seed0,dcrlme,0,leg2_weak,random,1,2,395,1306.88916015625,395,998.1989135742188,-14.383943658636376,-10.144694640382511,
dcrlme_seed0,dcrlme,0,leg2_weak,random,1,3,777,1130.3306884765625,395,998.1989135742188,-14.383943658636376,-10.144694640382511,
dcrlme_seed0,dcrlme,0,leg2_weak,random,1,4,710,1158.197021484375,395,998.1989135742188,-14.383943658636376,-10.144694640382511,
dcrlme_seed0,dcrlme,0,leg2_weak,random,1,5,180,1156.8798828125,395,998.1989135742188,-14.383943658636376,-10.144694640382511,
dcrlme_seed0,dcrlme,0,leg2_weak,random,1,6,978,1104.807373046875,395,998.1989135742188,-14.383943658636376,-10.144694640382511,
dcrlme_seed0,dcrlme,0,leg2_weak,random,1,7,306,1245.633056640625,395,998.1989135742188,-14.383943658636376,-10.144694640382511,
dcrlme_seed0,dcrlme,0,leg2_weak,random,1,8,718,1194.7652587890625,395,998.1989135742188,-14.383943658636376,-10.144694640382511,
dcrlme_seed0,dcrlme,0,leg2_weak,random,1,9,818,1098.98828125,395,998.1989135742188,-14.383943658636376,-10.144694640382511,
dcrlme_seed0,dcrlme,0,leg2_weak,random,1,10,179,1227.822998046875,395,998.1989135742188,-14.383943658636376,-10.144694640382511,
dcrlme_seed0,dcrlme,0,leg2_weak,random,1,11,380,1237.4234619140625,395,998.1989135742188,-14.383943658636376,-10.144694640382511,
dcrlme_seed0,dcrlme,0,leg2_weak,random,1,12,944,1231.573486328125,395,998.1989135742188,-14.383943658636376,-10.144694640382511,
dcrlme_seed0,dcrlme,0,leg2_weak,random,1,13,430,1294.337890625,395,998.1989135742188,-14.383943658636376,-10.144694640382511,
dcrlme_seed0,dcrlme,0,leg2_weak,random,1,14,543,1101.300048828125,395,998.1989135742188,-14.383943658636376,-10.144694640382511,
dcrlme_seed0,dcrlme,0,leg2_weak,random,1,15,88,1120.9989013671875,395,998.1989135742188,-14.383943658636376,-10.144694640382511,
dcrlme_seed0,dcrlme,0,leg2_weak,random,1,16,968,1154.057373046875,395,998.1989135742188,-14.383943658636376,-10.144694640382511,
dcrlme_seed0,dcrlme,0,leg2_weak,random,1,17,702,1066.0447998046875,395,998.1989135742188,-14.383943658636376,-10.144694640382511,
dcrlme_seed0,dcrlme,0,leg2_weak,random,1,18,647,1275.67041015625,395,998.1989135742188,-14.383943658636376,-10.144694640382511,
dcrlme_seed0,dcrlme,0,leg2_weak,random,1,19,745,1145.93798828125,395,998.1989135742188,-14.383943658636376,-10.144694640382511,
dcrlme_seed0,dcrlme,0,leg2_weak,random,1,20,36,1275.1263427734375,395,998.1989135742188,-14.383943658636376,-10.144694640382511,
dcrlme_seed0,dcrlme,0,leg2_weak,random,2,1,409,1147.00244140625,409,1142.234375,19.8600358199086,14.006867916161704,
dcrlme_seed0,dcrlme,0,leg2_weak,random,2,2,0,1144.83935546875,409,1142.234375,19.8600358199086,14.006867916161704,
dcrlme_seed0,dcrlme,0,leg2_weak,random,2,3,1019,1074.6571044921875,409,1142.234375,19.8600358199086,14.006867916161704,
dcrlme_seed0,dcrlme,0,leg2_weak,random,2,4,490,1085.084716796875,409,1142.234375,19.8600358199086,14.006867916161704,
dcrlme_seed0,dcrlme,0,leg2_weak,random,2,5,802,1042.18115234375,409,1142.234375,19.8600358199086,14.006867916161704,
dcrlme_seed0,dcrlme,0,leg2_weak,random,2,6,218,1204.47119140625,218,1191.195556640625,31.50040328740763,22.21657564737339,
dcrlme_seed0,dcrlme,0,leg2_weak,random,2,7,385,1075.400634765625,218,1191.195556640625,31.50040328740763,22.21657564737339,
dcrlme_seed0,dcrlme,0,leg2_weak,random,2,8,488,1271.370361328125,488,1260.446533203125,47.964605899744186,33.828433421806345,
dcrlme_seed0,dcrlme,0,leg2_weak,random,2,9,838,1223.13818359375,488,1260.446533203125,47.964605899744186,33.828433421806345,
dcrlme_seed0,dcrlme,0,leg2_weak,random,2,10,169,1049.7108154296875,488,1260.446533203125,47.964605899744186,33.828433421806345,
dcrlme_seed0,dcrlme,0,leg2_weak,random,2,11,122,1095.52880859375,488,1260.446533203125,47.964605899744186,33.828433421806345,
dcrlme_seed0,dcrlme,0,leg2_weak,random,2,12,89,1380.3890380859375,89,1332.361328125,65.06212297735229,45.886954643621436,
dcrlme_seed0,dcrlme,0,leg2_weak,random,2,13,943,1386.2491455078125,943,1343.770263671875,67.77456164260795,47.79998090699002,
dcrlme_seed0,dcrlme,0,leg2_weak,random,2,14,808,1263.7725830078125,943,1343.770263671875,67.77456164260795,47.79998090699002,
dcrlme_seed0,dcrlme,0,leg2_weak,random,2,15,880,1227.880615234375,943,1343.770263671875,67.77456164260795,47.79998090699002,
dcrlme_seed0,dcrlme,0,leg2_weak,random,2,16,475,1221.9677734375,943,1343.770263671875,67.77456164260795,47.79998090699002,
dcrlme_seed0,dcrlme,0,leg2_weak,random,2,17,900,1088.292724609375,943,1343.770263671875,67.77456164260795,47.79998090699002,
dcrlme_seed0,dcrlme,0,leg2_weak,random,2,18,427,1160.7894287109375,943,1343.770263671875,67.77456164260795,47.79998090699002,
dcrlme_seed0,dcrlme,0,leg2_weak,random,2,19,23,1168.015380859375,943,1343.770263671875,67.77456164260795,47.79998090699002,
dcrlme_seed0,dcrlme,0,leg2_weak,random,2,20,389,1230.38623046875,943,1343.770263671875,67.77456164260795,47.79998090699002,
dcrlme_seed0,dcrlme,0,leg2_weak,random,3,1,807,1091.5369873046875,807,1090.341064453125,7.522563895630974,5.305506990645236,
dcrlme_seed0,dcrlme,0,leg2_weak,random,3,2,766,1100.4453125,766,1100.70947265625,9.987620446416166,7.044059822362951,
dcrlme_seed0,dcrlme,0,leg2_weak,random,3,3,697,1119.7177734375,697,1109.62255859375,12.106678690219075,8.538587284284596,
dcrlme_seed0,dcrlme,0,leg2_weak,random,3,4,953,1122.68798828125,953,1123.229248046875,15.341626457882809,10.820128289962229,
dcrlme_seed0,dcrlme,0,leg2_weak,random,3,5,438,1232.125,438,1248.397705078125,45.10003477976607,31.80811131978057,
dcrlme_seed0,dcrlme,0,leg2_weak,random,3,6,607,707.1326293945312,438,1248.397705078125,45.10003477976607,31.80811131978057,
dcrlme_seed0,dcrlme,0,leg2_weak,random,3,7,913,1114.65185546875,438,1248.397705078125,45.10003477976607,31.80811131978057,
dcrlme_seed0,dcrlme,0,leg2_weak,random,3,8,484,910.9117431640625,438,1248.397705078125,45.10003477976607,31.80811131978057,
dcrlme_seed0,dcrlme,0,leg2_weak,random,3,9,771,1239.6627197265625,771,1229.87158203125,40.69550709502584,28.701690058878842,
dcrlme_seed0,dcrlme,0,leg2_weak,random,3,10,535,1266.43408203125,535,1238.9981689453125,42.86532452679319,30.23201691450736,
dcrlme_seed0,dcrlme,0,leg2_weak,random,3,11,975,1405.598876953125,975,1364.8037109375,72.77519780121297,51.326825007651124,
dcrlme_seed0,dcrlme,0,leg2_weak,random,3,12,742,1243.9776611328125,975,1364.8037109375,72.77519780121297,51.326825007651124,
dcrlme_seed0,dcrlme,0,leg2_weak,random,3,13,198,1115.38916015625,975,1364.8037109375,72.77519780121297,51.326825007651124,
dcrlme_seed0,dcrlme,0,leg2_weak,random,3,14,271,1085.9085693359375,975,1364.8037109375,72.77519780121297,51.326825007651124,
dcrlme_seed0,dcrlme,0,leg2_weak,random,3,15,83,1177.446044921875,975,1364.8037109375,72.77519780121297,51.326825007651124,
dcrlme_seed0,dcrlme,0,leg2_weak,random,3,16,510,742.3675537109375,975,1364.8037109375,72.77519780121297,51.326825007651124,
dcrlme_seed0,dcrlme,0,leg2_weak,random,3,17,588,1232.954345703125,975,1364.8037109375,72.77519780121297,51.326825007651124,
dcrlme_seed0,dcrlme,0,leg2_weak,random,3,18,373,1203.042724609375,975,1364.8037109375,72.77519780121297,51.326825007651124,
dcrlme_seed0,dcrlme,0,leg2_weak,random,3,19,655,657.697509765625,975,1364.8037109375,72.77519780121297,51.326825007651124,
dcrlme_seed0,dcrlme,0,leg2_weak,random,3,20,832,1157.375,975,1364.8037109375,72.77519780121297,51.326825007651124,
dcrlme_seed0,dcrlme,0,leg2_weak,random,4,1,849,1229.644775390625,849,1178.9493408203125,28.588903861575595,20.16315599267522,
dcrlme_seed0,dcrlme,0,leg2_weak,random,4,2,399,1113.8131103515625,849,1178.9493408203125,28.588903861575595,20.16315599267522,
dcrlme_seed0,dcrlme,0,leg2_weak,random,4,3,535,1341.7220458984375,535,1238.9981689453125,42.86532452679319,30.23201691450736,
dcrlme_seed0,dcrlme,0,leg2_weak,random,4,4,332,1089.450439453125,535,1238.9981689453125,42.86532452679319,30.23201691450736,
dcrlme_seed0,dcrlme,0,leg2_weak,random,4,5,600,1203.47216796875,535,1238.9981689453125,42.86532452679319,30.23201691450736,
dcrlme_seed0,dcrlme,0,leg2_weak,random,4,6,968,1162.7926025390625,535,1238.9981689453125,42.86532452679319,30.23201691450736,
dcrlme_seed0,dcrlme,0,leg2_weak,random,4,7,1012,1499.236328125,1012,1411.3795166015625,83.84844960718367,59.1365579232962,
dcrlme_seed0,dcrlme,0,leg2_weak,random,4,8,897,1138.0828857421875,1012,1411.3795166015625,83.84844960718367,59.1365579232962,
dcrlme_seed0,dcrlme,0,leg2_weak,random,4,9,190,1141.2275390625,1012,1411.3795166015625,83.84844960718367,59.1365579232962,
dcrlme_seed0,dcrlme,0,leg2_weak,random,4,10,963,1095.305419921875,1012,1411.3795166015625,83.84844960718367,59.1365579232962,
dcrlme_seed0,dcrlme,0,leg2_weak,random,4,11,536,1236.9808349609375,1012,1411.3795166015625,83.84844960718367,59.1365579232962,
dcrlme_seed0,dcrlme,0,leg2_weak,random,4,12,1007,1126.3076171875,1012,1411.3795166015625,83.84844960718367,59.1365579232962,
dcrlme_seed0,dcrlme,0,leg2_weak,random,4,13,708,1099.511474609375,1012,1411.3795166015625,83.84844960718367,59.1365579232962,
dcrlme_seed0,dcrlme,0,leg2_weak,random,4,14,53,1114.2042236328125,1012,1411.3795166015625,83.84844960718367,59.1365579232962,
dcrlme_seed0,dcrlme,0,leg2_weak,random,4,15,254,1128.6539306640625,1012,1411.3795166015625,83.84844960718367,59.1365579232962,
dcrlme_seed0,dcrlme,0,leg2_weak,random,4,16,309,1080.4583740234375,1012,1411.3795166015625,83.84844960718367,59.1365579232962,
dcrlme_seed0,dcrlme,0,leg2_weak,random,4,17,651,954.8358764648438,1012,1411.3795166015625,83.84844960718367,59.1365579232962,
dcrlme_seed0,dcrlme,0,leg2_weak,random,4,18,985,1125.333740234375,1012,1411.3795166015625,83.84844960718367,59.1365579232962,
dcrlme_seed0,dcrlme,0,leg2_weak,random,4,19,499,1071.6015625,1012,1411.3795166015625,83.84844960718367,59.1365579232962,
dcrlme_seed0,dcrlme,0,leg2_weak,random,4,20,1017,1116.6212158203125,1012,1411.3795166015625,83.84844960718367,59.1365579232962,
dcrlme_seed0,dcrlme,0,leg2_weak,best_intact,0,1,724,1474.63037109375,724,1408.774169921875,83.22903660047984,58.6996988839104,
dcrlme_seed0,dcrlme,0,leg2_weak,best_intact,1,1,724,1434.921875,724,1408.774169921875,83.22903660047984,58.6996988839104,
dcrlme_seed0,dcrlme,0,leg2_weak,best_intact,2,1,724,1434.32080078125,724,1408.774169921875,83.22903660047984,58.6996988839104,
dcrlme_seed0,dcrlme,0,leg2_weak,best_intact,3,1,724,1351.4521484375,724,1408.774169921875,83.22903660047984,58.6996988839104,
dcrlme_seed0,dcrlme,0,leg2_weak,best_intact,4,1,724,1439.179931640625,724,1408.774169921875,83.22903660047984,58.6996988839104,
dcrlme_seed0,dcrlme,0,leg3_weak,ite,0,1,724,1131.4041748046875,724,1141.6375732421875,18.146008706350194,13.906797455422483,2
dcrlme_seed0,dcrlme,0,leg3_weak,ite,0,2,218,1454.41162109375,218,1417.225341796875,78.44217909168331,60.11677356951026,2
dcrlme_seed0,dcrlme,0,leg3_weak,ite,0,3,218,1432.1629638671875,218,1417.225341796875,78.44217909168331,60.11677356951026,2
dcrlme_seed0,dcrlme,0,leg3_weak,ite,0,4,218,1337.732666015625,218,1417.225341796875,78.44217909168331,60.11677356951026,2
dcrlme_seed0,dcrlme,0,leg3_weak,ite,0,5,205,1282.576416015625,218,1417.225341796875,78.44217909168331,60.11677356951026,2
dcrlme_seed0,dcrlme,0,leg3_weak,ite,0,6,218,1330.074951171875,218,1417.225341796875,78.44217909168331,60.11677356951026,2
dcrlme_seed0,dcrlme,0,leg3_weak,ite,0,7,218,1432.470703125,218,1417.225341796875,78.44217909168331,60.11677356951026,2
dcrlme_seed0,dcrlme,0,leg3_weak,ite,0,8,218,1329.874267578125,218,1417.225341796875,78.44217909168331,60.11677356951026,2
dcrlme_seed0,dcrlme,0,leg3_weak,ite,0,9,218,1277.658203125,218,1417.225341796875,78.44217909168331,60.11677356951026,2
dcrlme_seed0,dcrlme,0,leg3_weak,ite,0,10,218,1254.21240234375,218,1417.225341796875,78.44217909168331,60.11677356951026,2
dcrlme_seed0,dcrlme,0,leg3_weak,ite,0,11,218,1428.63916015625,218,1417.225341796875,78.44217909168331,60.11677356951026,2
dcrlme_seed0,dcrlme,0,leg3_weak,ite,0,12,218,1444.970947265625,218,1417.225341796875,78.44217909168331,60.11677356951026,2
dcrlme_seed0,dcrlme,0,leg3_weak,ite,0,13,218,1372.9736328125,218,1417.225341796875,78.44217909168331,60.11677356951026,2
dcrlme_seed0,dcrlme,0,leg3_weak,ite,0,14,218,1365.5166015625,218,1417.225341796875,78.44217909168331,60.11677356951026,2
dcrlme_seed0,dcrlme,0,leg3_weak,ite,0,15,218,1285.46923828125,218,1417.225341796875,78.44217909168331,60.11677356951026,2
dcrlme_seed0,dcrlme,0,leg3_weak,ite,0,16,218,1365.893310546875,218,1417.225341796875,78.44217909168331,60.11677356951026,2
dcrlme_seed0,dcrlme,0,leg3_weak,ite,0,17,218,1365.59423828125,218,1417.225341796875,78.44217909168331,60.11677356951026,2
dcrlme_seed0,dcrlme,0,leg3_weak,ite,0,18,218,1449.489990234375,218,1417.225341796875,78.44217909168331,60.11677356951026,2
dcrlme_seed0,dcrlme,0,leg3_weak,ite,0,19,218,1311.27685546875,218,1417.225341796875,78.44217909168331,60.11677356951026,2
dcrlme_seed0,dcrlme,0,leg3_weak,ite,0,20,218,1310.8358154296875,218,1417.225341796875,78.44217909168331,60.11677356951026,2
dcrlme_seed0,dcrlme,0,leg3_weak,ite,1,1,724,1139.64404296875,724,1141.6375732421875,18.146008706350194,13.906797455422483,2
dcrlme_seed0,dcrlme,0,leg3_weak,ite,1,2,218,1507.5140380859375,218,1417.225341796875,78.44217909168331,60.11677356951026,2
dcrlme_seed0,dcrlme,0,leg3_weak,ite,1,3,218,1497.9007568359375,218,1417.225341796875,78.44217909168331,60.11677356951026,2
dcrlme_seed0,dcrlme,0,leg3_weak,ite,1,4,218,1471.187255859375,218,1417.225341796875,78.44217909168331,60.11677356951026,2
dcrlme_seed0,dcrlme,0,leg3_weak,ite,1,5,218,1343.4681396484375,218,1417.225341796875,78.44217909168331,60.11677356951026,2
dcrlme_seed0,dcrlme,0,leg3_weak,ite,1,6,218,1459.92431640625,218,1417.225341796875,78.44217909168331,60.11677356951026,2
dcrlme_seed0,dcrlme,0,leg3_weak,ite,1,7,218,1511.822021484375,218,1417.225341796875,78.44217909168331,60.11677356951026,2
dcrlme_seed0,dcrlme,0,leg3_weak,ite,1,8,218,1463.835693359375,218,1417.225341796875,78.44217909168331,60.11677356951026,2
dcrlme_seed0,dcrlme,0,leg3_weak,ite,1,9,218,1426.3590087890625,218,1417.225341796875,78.44217909168331,60.11677356951026,2
dcrlme_seed0,dcrlme,0,leg3_weak,ite,1,10,218,1203.4129638671875,218,1417.225341796875,78.44217909168331,60.11677356951026,2
dcrlme_seed0,dcrlme,0,leg3_weak,ite,1,11,218,1504.0269775390625,218,1417.225341796875,78.44217909168331,60.11677356951026,2
dcrlme_seed0,dcrlme,0,leg3_weak,ite,1,12,218,1387.9935302734375,218,1417.225341796875,78.44217909168331,60.11677356951026,2
dcrlme_seed0,dcrlme,0,leg3_weak,ite,1,13,218,1423.971435546875,218,1417.225341796875,78.44217909168331,60.11677356951026,2
dcrlme_seed0,dcrlme,0,leg3_weak,ite,1,14,218,1347.03173828125,218,1417.225341796875,78.44217909168331,60.11677356951026,2
dcrlme_seed0,dcrlme,0,leg3_weak,ite,1,15,218,1445.1260986328125,218,1417.225341796875,78.44217909168331,60.11677356951026,2
dcrlme_seed0,dcrlme,0,leg3_weak,ite,1,16,218,1468.1121826171875,218,1417.225341796875,78.44217909168331,60.11677356951026,2
dcrlme_seed0,dcrlme,0,leg3_weak,ite,1,17,218,1409.1728515625,218,1417.225341796875,78.44217909168331,60.11677356951026,2
dcrlme_seed0,dcrlme,0,leg3_weak,ite,1,18,218,1261.2716064453125,218,1417.225341796875,78.44217909168331,60.11677356951026,2
dcrlme_seed0,dcrlme,0,leg3_weak,ite,1,19,205,1315.4547119140625,218,1417.225341796875,78.44217909168331,60.11677356951026,2
dcrlme_seed0,dcrlme,0,leg3_weak,ite,1,20,218,1325.03515625,218,1417.225341796875,78.44217909168331,60.11677356951026,2
dcrlme_seed0,dcrlme,0,leg3_weak,ite,2,1,724,1154.9658203125,724,1141.6375732421875,18.146008706350194,13.906797455422483,2
dcrlme_seed0,dcrlme,0,leg3_weak,ite,2,2,218,1522.291748046875,218,1417.225341796875,78.44217909168331,60.11677356951026,2
dcrlme_seed0,dcrlme,0,leg3_weak,ite,2,3,218,1402.279052734375,218,1417.225341796875,78.44217909168331,60.11677356951026,2
dcrlme_seed0,dcrlme,0,leg3_weak,ite,2,4,218,1186.081298828125,218,1417.225341796875,78.44217909168331,60.11677356951026,2
dcrlme_seed0,dcrlme,0,leg3_weak,ite,2,5,205,1239.6578369140625,218,1417.225341796875,78.44217909168331,60.11677356951026,2
dcrlme_seed0,dcrlme,0,leg3_weak,ite,2,6,218,1445.131591796875,218,1417.225341796875,78.44217909168331,60.11677356951026,2
dcrlme_seed0,dcrlme,0,leg3_weak,ite,2,7,218,1402.469482421875,218,1417.225341796875,78.44217909168331,60.11677356951026,2
dcrlme_seed0,dcrlme,0,leg3_weak,ite,2,8,218,1405.804443359375,218,1417.225341796875,78.44217909168331,60.11677356951026,2
dcrlme_seed0,dcrlme,0,leg3_weak,ite,2,9,218,1377.653564453125,218,1417.225341796875,78.44217909168331,60.11677356951026,2
dcrlme_seed0,dcrlme,0,leg3_weak,ite,2,10,218,1271.5987548828125,218,1417.225341796875,78.44217909168331,60.11677356951026,2
dcrlme_seed0,dcrlme,0,leg3_weak,ite,2,11,218,1414.88525390625,218,1417.225341796875,78.44217909168331,60.11677356951026,2
dcrlme_seed0,dcrlme,0,leg3_weak,ite,2,12,218,1393.02099609375,218,1417.225341796875,78.44217909168331,60.11677356951026,2
dcrlme_seed0,dcrlme,0,leg3_weak,ite,2,13,218,1358.2093505859375,218,1417.225341796875,78.44217909168331,60.11677356951026,2
dcrlme_seed0,dcrlme,0,leg3_weak,ite,2,14,218,1306.657958984375,218,1417.225341796875,78.44217909168331,60.11677356951026,2
dcrlme_seed0,dcrlme,0,leg3_weak,ite,2,15,218,1277.0489501953125,218,1417.225341796875,78.44217909168331,60.11677356951026,2
dcrlme_seed0,dcrlme,0,leg3_weak,ite,2,16,218,1402.67724609375,218,1417.225341796875,78.44217909168331,60.11677356951026,2
dcrlme_seed0,dcrlme,0,leg3_weak,ite,2,17,218,1305.052978515625,218,1417.225341796875,78.44217909168331,60.11677356951026,2
dcrlme_seed0,dcrlme,0,leg3_weak,ite,2,18,218,1389.158935546875,218,1417.225341796875,78.44217909168331,60.11677356951026,2
dcrlme_seed0,dcrlme,0,leg3_weak,ite,2,19,218,1309.8800048828125,218,1417.225341796875,78.44217909168331,60.11677356951026,2
dcrlme_seed0,dcrlme,0,leg3_weak,ite,2,20,218,1360.1513671875,218,1417.225341796875,78.44217909168331,60.11677356951026,2
dcrlme_seed0,dcrlme,0,leg3_weak,ite,3,1,724,1144.36669921875,724,1141.6375732421875,18.146008706350194,13.906797455422483,2
dcrlme_seed0,dcrlme,0,leg3_weak,ite,3,2,218,1402.322998046875,218,1417.225341796875,78.44217909168331,60.11677356951026,2
dcrlme_seed0,dcrlme,0,leg3_weak,ite,3,3,205,1259.770263671875,218,1417.225341796875,78.44217909168331,60.11677356951026,2
dcrlme_seed0,dcrlme,0,leg3_weak,ite,3,4,218,1340.8819580078125,218,1417.225341796875,78.44217909168331,60.11677356951026,2
dcrlme_seed0,dcrlme,0,leg3_weak,ite,3,5,218,1496.1103515625,218,1417.225341796875,78.44217909168331,60.11677356951026,2
dcrlme_seed0,dcrlme,0,leg3_weak,ite,3,6,218,1378.9754638671875,218,1417.225341796875,78.44217909168331,60.11677356951026,2
dcrlme_seed0,dcrlme,0,leg3_weak,ite,3,7,218,1388.1455078125,218,1417.225341796875,78.44217909168331,60.11677356951026,2
dcrlme_seed0,dcrlme,0,leg3_weak,ite,3,8,218,1364.7174072265625,218,1417.225341796875,78.44217909168331,60.11677356951026,2
dcrlme_seed0,dcrlme,0,leg3_weak,ite,3,9,218,1292.829345703125,218,1417.225341796875,78.44217909168331,60.11677356951026,2
dcrlme_seed0,dcrlme,0,leg3_weak,ite,3,10,218,1422.418701171875,218,1417.225341796875,78.44217909168331,60.11677356951026,2
dcrlme_seed0,dcrlme,0,leg3_weak,ite,3,11,218,1394.7518310546875,218,1417.225341796875,78.44217909168331,60.11677356951026,2
dcrlme_seed0,dcrlme,0,leg3_weak,ite,3,12,218,1403.59716796875,218,1417.225341796875,78.44217909168331,60.11677356951026,2
dcrlme_seed0,dcrlme,0,leg3_weak,ite,3,13,218,1188.6512451171875,218,1417.225341796875,78.44217909168331,60.11677356951026,2
dcrlme_seed0,dcrlme,0,leg3_weak,ite,3,14,218,1262.491943359375,218,1417.225341796875,78.44217909168331,60.11677356951026,2
dcrlme_seed0,dcrlme,0,leg3_weak,ite,3,15,218,1396.732177734375,218,1417.225341796875,78.44217909168331,60.11677356951026,2
dcrlme_seed0,dcrlme,0,leg3_weak,ite,3,16,218,1179.8157958984375,218,1417.225341796875,78.44217909168331,60.11677356951026,2
dcrlme_seed0,dcrlme,0,leg3_weak,ite,3,17,218,1315.7828369140625,218,1417.225341796875,78.44217909168331,60.11677356951026,2
dcrlme_seed0,dcrlme,0,leg3_weak,ite,3,18,218,1433.111083984375,218,1417.225341796875,78.44217909168331,60.11677356951026,2
dcrlme_seed0,dcrlme,0,leg3_weak,ite,3,19,218,1413.175537109375,218,1417.225341796875,78.44217909168331,60.11677356951026,2
dcrlme_seed0,dcrlme,0,leg3_weak,ite,3,20,218,1312.76611328125,218,1417.225341796875,78.44217909168331,60.11677356951026,2
dcrlme_seed0,dcrlme,0,leg3_weak,ite,4,1,724,1124.0439453125,724,1141.6375732421875,18.146008706350194,13.906797455422483,2
dcrlme_seed0,dcrlme,0,leg3_weak,ite,4,2,218,1490.9827880859375,218,1417.225341796875,78.44217909168331,60.11677356951026,2
dcrlme_seed0,dcrlme,0,leg3_weak,ite,4,3,218,1313.882080078125,218,1417.225341796875,78.44217909168331,60.11677356951026,2
dcrlme_seed0,dcrlme,0,leg3_weak,ite,4,4,205,1259.9586181640625,218,1417.225341796875,78.44217909168331,60.11677356951026,2
dcrlme_seed0,dcrlme,0,leg3_weak,ite,4,5,218,1194.651123046875,218,1417.225341796875,78.44217909168331,60.11677356951026,2
dcrlme_seed0,dcrlme,0,leg3_weak,ite,4,6,218,1309.8173828125,218,1417.225341796875,78.44217909168331,60.11677356951026,2
dcrlme_seed0,dcrlme,0,leg3_weak,ite,4,7,218,1449.53076171875,218,1417.225341796875,78.44217909168331,60.11677356951026,2
dcrlme_seed0,dcrlme,0,leg3_weak,ite,4,8,218,1378.371826171875,218,1417.225341796875,78.44217909168331,60.11677356951026,2
dcrlme_seed0,dcrlme,0,leg3_weak,ite,4,9,218,1536.083251953125,218,1417.225341796875,78.44217909168331,60.11677356951026,2
dcrlme_seed0,dcrlme,0,leg3_weak,ite,4,10,218,1271.046142578125,218,1417.225341796875,78.44217909168331,60.11677356951026,2
dcrlme_seed0,dcrlme,0,leg3_weak,ite,4,11,218,1421.634033203125,218,1417.225341796875,78.44217909168331,60.11677356951026,2
dcrlme_seed0,dcrlme,0,leg3_weak,ite,4,12,218,1377.1689453125,218,1417.225341796875,78.44217909168331,60.11677356951026,2
dcrlme_seed0,dcrlme,0,leg3_weak,ite,4,13,218,1411.3544921875,218,1417.225341796875,78.44217909168331,60.11677356951026,2
dcrlme_seed0,dcrlme,0,leg3_weak,ite,4,14,218,1347.864501953125,218,1417.225341796875,78.44217909168331,60.11677356951026,2
dcrlme_seed0,dcrlme,0,leg3_weak,ite,4,15,218,1368.8907470703125,218,1417.225341796875,78.44217909168331,60.11677356951026,2
dcrlme_seed0,dcrlme,0,leg3_weak,ite,4,16,218,1267.907958984375,218,1417.225341796875,78.44217909168331,60.11677356951026,2
dcrlme_seed0,dcrlme,0,leg3_weak,ite,4,17,218,1356.1768798828125,218,1417.225341796875,78.44217909168331,60.11677356951026,2
dcrlme_seed0,dcrlme,0,leg3_weak,ite,4,18,218,1310.0394287109375,218,1417.225341796875,78.44217909168331,60.11677356951026,2
dcrlme_seed0,dcrlme,0,leg3_weak,ite,4,19,218,1212.04150390625,218,1417.225341796875,78.44217909168331,60.11677356951026,2
dcrlme_seed0,dcrlme,0,leg3_weak,ite,4,20,218,1442.0518798828125,218,1417.225341796875,78.44217909168331,60.11677356951026,2
dcrlme_seed0,dcrlme,0,leg3_weak,top_k,0,1,724,1142.093994140625,724,1141.6375732421875,18.146008706350194,13.906797455422483,
dcrlme_seed0,dcrlme,0,leg3_weak,top_k,0,2,342,1146.6480712890625,342,1200.935546875,31.119881750209707,23.84975667874635,
dcrlme_seed0,dcrlme,0,leg3_weak,top_k,0,3,716,1323.152099609375,716,1332.7008056640625,59.94895691736915,45.943877521779704,
dcrlme_seed0,dcrlme,0,leg3_weak,top_k,0,4,218,1474.2371826171875,218,1417.225341796875,78.44217909168331,60.11677356951026,
dcrlme_seed0,dcrlme,0,leg3_weak,top_k,0,5,939,1326.2713623046875,218,1417.225341796875,78.44217909168331,60.11677356951026,
dcrlme_seed0,dcrlme,0,leg3_weak,top_k,0,6,880,1348.0577392578125,218,1417.225341796875,78.44217909168331,60.11677356951026,
dcrlme_seed0,dcrlme,0,leg3_weak,top_k,0,7,330,1393.6339111328125,218,1417.225341796875,78.44217909168331,60.11677356951026,
dcrlme_seed0,dcrlme,0,leg3_weak,top_k,0,8,381,1105.182373046875,218,1417.225341796875,78.44217909168331,60.11677356951026,
dcrlme_seed0,dcrlme,0,leg3_weak,top_k,0,9,901,1324.4267578125,218,1417.225341796875,78.44217909168331,60.11677356951026,
dcrlme_seed0,dcrlme,0,leg3_weak,top_k,0,10,131,1212.2772216796875,218,1417.225341796875,78.44217909168331,60.11677356951026,
dcrlme_seed0,dcrlme,0,leg3_weak,top_k,0,11,858,1258.678466796875,218,1417.225341796875,78.44217909168331,60.11677356951026,
dcrlme_seed0,dcrlme,0,leg3_weak,top_k,0,12,126,1276.0062255859375,218,1417.225341796875,78.44217909168331,60.11677356951026,
dcrlme_seed0,dcrlme,0,leg3_weak,top_k,0,13,41,1313.4591064453125,218,1417.225341796875,78.44217909168331,60.11677356951026,
dcrlme_seed0,dcrlme,0,leg3_weak,top_k,0,14,229,1174.08203125,218,1417.225341796875,78.44217909168331,60.11677356951026,
dcrlme_seed0,dcrlme,0,leg3_weak,top_k,0,15,244,1166.6812744140625,218,1417.225341796875,78.44217909168331,60.11677356951026,
dcrlme_seed0,dcrlme,0,leg3_weak,top_k,0,16,73,1170.560302734375,218,1417.225341796875,78.44217909168331,60.11677356951026,
dcrlme_seed0,dcrlme,0,leg3_weak,top_k,0,17,535,1167.5751953125,218,1417.225341796875,78.44217909168331,60.11677356951026,
dcrlme_seed0,dcrlme,0,leg3_weak,top_k,0,18,43,1165.711669921875,218,1417.225341796875,78.44217909168331,60.11677356951026,
dcrlme_seed0,dcrlme,0,leg3_weak,top_k,0,19,217,1359.456787109375,218,1417.225341796875,78.44217909168331,60.11677356951026,
dcrlme_seed0,dcrlme,0,leg3_weak,top_k,0,20,26,1250.701904296875,218,1417.225341796875,78.44217909168331,60.11677356951026,
dcrlme_seed0,dcrlme,0,leg3_weak,top_k,1,1,724,1131.30078125,724,1141.6375732421875,18.146008706350194,13.906797455422483,
dcrlme_seed0,dcrlme,0,leg3_weak,top_k,1,2,342,1175.520263671875,342,1200.935546875,31.119881750209707,23.84975667874635,
dcrlme_seed0,dcrlme,0,leg3_weak,top_k,1,3,716,1358.1995849609375,716,1332.7008056640625,59.94895691736915,45.943877521779704,
dcrlme_seed0,dcrlme,0,leg3_weak,top_k,1,4,218,1412.930419921875,218,1417.225341796875,78.44217909168331,60.11677356951026,
dcrlme_seed0,dcrlme,0,leg3_weak,top_k,1,5,939,1346.18310546875,218,1417.225341796875,78.44217909168331,60.11677356951026,
dcrlme_seed0,dcrlme,0,leg3_weak,top_k,1,6,880,1363.798583984375,218,1417.225341796875,78.44217909168331,60.11677356951026,
dcrlme_seed0,dcrlme,0,leg3_weak,top_k,1,7,330,1352.325927734375,218,1417.225341796875,78.44217909168331,60.11677356951026,
dcrlme_seed0,dcrlme,0,leg3_weak,top_k,1,8,381,1114.4149169921875,218,1417.225341796875,78.44217909168331,60.11677356951026,
dcrlme_seed0,dcrlme,0,leg3_weak,top_k,1,9,901,1298.8809814453125,218,1417.225341796875,78.44217909168331,60.11677356951026,
dcrlme_seed0,dcrlme,0,leg3_weak,top_k,1,10,131,1208.041015625,218,1417.225341796875,78.44217909168331,60.11677356951026,
dcrlme_seed0,dcrlme,0,leg3_weak,top_k,1,11,858,1299.42041015625,218,1417.225341796875,78.44217909168331,60.11677356951026,
dcrlme_seed0,dcrlme,0,leg3_weak,top_k,1,12,126,1283.70751953125,218,1417.225341796875,78.44217909168331,60.11677356951026,
dcrlme_seed0,dcrlme,0,leg3_weak,top_k,1,13,41,1306.6826171875,218,1417.225341796875,78.44217909168331,60.11677356951026,
dcrlme_seed0,dcrlme,0,leg3_weak,top_k,1,14,229,1185.863525390625,218,1417.225341796875,78.44217909168331,60.11677356951026,
dcrlme_seed0,dcrlme,0,leg3_weak,top_k,1,15,244,1143.5926513671875,218,1417.225341796875,78.44217909168331,60.11677356951026,
dcrlme_seed0,dcrlme,0,leg3_weak,top_k,1,16,73,1126.177001953125,218,1417.225341796875,78.44217909168331,60.11677356951026,
dcrlme_seed0,dcrlme,0,leg3_weak,top_k,1,17,535,1147.278076171875,218,1417.225341796875,78.44217909168331,60.11677356951026,
dcrlme_seed0,dcrlme,0,leg3_weak,top_k,1,18,43,1139.77978515625,218,1417.225341796875,78.44217909168331,60.11677356951026,
dcrlme_seed0,dcrlme,0,leg3_weak,top_k,1,19,217,1405.617919921875,218,1417.225341796875,78.44217909168331,60.11677356951026,
dcrlme_seed0,dcrlme,0,leg3_weak,top_k,1,20,26,1306.786865234375,218,1417.225341796875,78.44217909168331,60.11677356951026,
dcrlme_seed0,dcrlme,0,leg3_weak,top_k,2,1,724,1149.5946044921875,724,1141.6375732421875,18.146008706350194,13.906797455422483,
dcrlme_seed0,dcrlme,0,leg3_weak,top_k,2,2,342,1151.43896484375,342,1200.935546875,31.119881750209707,23.84975667874635,
dcrlme_seed0,dcrlme,0,leg3_weak,top_k,2,3,716,1306.58056640625,716,1332.7008056640625,59.94895691736915,45.943877521779704,
dcrlme_seed0,dcrlme,0,leg3_weak,top_k,2,4,218,1311.35498046875,218,1417.225341796875,78.44217909168331,60.11677356951026,
dcrlme_seed0,dcrlme,0,leg3_weak,top_k,2,5,939,1360.4012451171875,939,1329.3975830078125,59.226240966851854,45.39000010971112,
dcrlme_seed0,dcrlme,0,leg3_weak,top_k,2,6,880,1335.522216796875,939,1329.3975830078125,59.226240966851854,45.39000010971112,
dcrlme_seed0,dcrlme,0,leg3_weak,top_k,2,7,330,1426.801513671875,330,1398.6312255859375,74.3739506463527,56.99895135818273,
dcrlme_seed0,dcrlme,0,leg3_weak,top_k,2,8,381,1109.249755859375,330,1398.6312255859375,74.3739506463527,56.99895135818273,
dcrlme_seed0,dcrlme,0,leg3_weak,top_k,2,9,901,1346.12646484375,330,1398.6312255859375,74.3739506463527,56.99895135818273,
dcrlme_seed0,dcrlme,0,leg3_weak,top_k,2,10,131,1201.785888671875,330,1398.6312255859375,74.3739506463527,56.99895135818273,
dcrlme_seed0,dcrlme,0,leg3_weak,top_k,2,11,858,1414.821533203125,330,1398.6312255859375,74.3739506463527,56.99895135818273,
dcrlme_seed0,dcrlme,0,leg3_weak,top_k,2,12,126,1308.48046875,330,1398.6312255859375,74.3739506463527,56.99895135818273,
dcrlme_seed0,dcrlme,0,leg3_weak,top_k,2,13,41,1314.1878662109375,330,1398.6312255859375,74.3739506463527,56.99895135818273,
dcrlme_seed0,dcrlme,0,leg3_weak,top_k,2,14,229,1166.8111572265625,330,1398.6312255859375,74.3739506463527,56.99895135818273,
dcrlme_seed0,dcrlme,0,leg3_weak,top_k,2,15,244,1313.671875,330,1398.6312255859375,74.3739506463527,56.99895135818273,
dcrlme_seed0,dcrlme,0,leg3_weak,top_k,2,16,73,1174.43798828125,330,1398.6312255859375,74.3739506463527,56.99895135818273,
dcrlme_seed0,dcrlme,0,leg3_weak,top_k,2,17,535,1164.58349609375,330,1398.6312255859375,74.3739506463527,56.99895135818273,
dcrlme_seed0,dcrlme,0,leg3_weak,top_k,2,18,43,1148.515380859375,330,1398.6312255859375,74.3739506463527,56.99895135818273,
dcrlme_seed0,dcrlme,0,leg3_weak,top_k,2,19,217,1380.915771484375,330,1398.6312255859375,74.3739506463527,56.99895135818273,
dcrlme_seed0,dcrlme,0,leg3_weak,top_k,2,20,26,1301.279052734375,330,1398.6312255859375,74.3739506463527,56.99895135818273,
dcrlme_seed0,dcrlme,0,leg3_weak,top_k,3,1,724,1129.5947265625,724,1141.6375732421875,18.146008706350194,13.906797455422483,
dcrlme_seed0,dcrlme,0,leg3_weak,top_k,3,2,342,1148.680908203125,342,1200.935546875,31.119881750209707,23.84975667874635,
dcrlme_seed0,dcrlme,0,leg3_weak,top_k,3,3,716,1351.60498046875,716,1332.7008056640625,59.94895691736915,45.943877521779704,
dcrlme_seed0,dcrlme,0,leg3_weak,top_k,3,4,218,1328.426513671875,716,1332.7008056640625,59.94895691736915,45.943877521779704,
dcrlme_seed0,dcrlme,0,leg3_weak,top_k,3,5,939,1335.58203125,716,1332.7008056640625,59.94895691736915,45.943877521779704,
dcrlme_seed0,dcrlme,0,leg3_weak,top_k,3,6,880,1368.085693359375,880,1313.845458984375,55.82357355207892,42.782252736105285,
dcrlme_seed0,dcrlme,0,leg3_weak,top_k,3,7,330,1379.801025390625,330,1398.6312255859375,74.3739506463527,56.99895135818273,
dcrlme_seed0,dcrlme,0,leg3_weak,top_k,3,8,381,1111.7850341796875,330,1398.6312255859375,74.3739506463527,56.99895135818273,
dcrlme_seed0,dcrlme,0,leg3_weak,top_k,3,9,901,1328.211669921875,330,1398.6312255859375,74.3739506463527,56.99895135818273,
dcrlme_seed0,dcrlme,0,leg3_weak,top_k,3,10,131,1206.1531982421875,330,1398.6312255859375,74.3739506463527,56.99895135818273,
dcrlme_seed0,dcrlme,0,leg3_weak,top_k,3,11,858,1244.726318359375,330,1398.6312255859375,74.3739506463527,56.99895135818273,
dcrlme_seed0,dcrlme,0,leg3_weak,top_k,3,12,126,1282.257568359375,330,1398.6312255859375,74.3739506463527,56.99895135818273,
dcrlme_seed0,dcrlme,0,leg3_weak,top_k,3,13,41,1319.306884765625,330,1398.6312255859375,74.3739506463527,56.99895135818273,
dcrlme_seed0,dcrlme,0,leg3_weak,top_k,3,14,229,1169.9066162109375,330,1398.6312255859375,74.3739506463527,56.99895135818273,
dcrlme_seed0,dcrlme,0,leg3_weak,top_k,3,15,244,1165.392822265625,330,1398.6312255859375,74.3739506463527,56.99895135818273,
dcrlme_seed0,dcrlme,0,leg3_weak,top_k,3,16,73,1142.3251953125,330,1398.6312255859375,74.3739506463527,56.99895135818273,
dcrlme_seed0,dcrlme,0,leg3_weak,top_k,3,17,535,1149.695556640625,330,1398.6312255859375,74.3739506463527,56.99895135818273,
dcrlme_seed0,dcrlme,0,leg3_weak,top_k,3,18,43,1157.770751953125,330,1398.6312255859375,74.3739506463527,56.99895135818273,
dcrlme_seed0,dcrlme,0,leg3_weak,top_k,3,19,217,1379.05224609375,330,1398.6312255859375,74.3739506463527,56.99895135818273,
dcrlme_seed0,dcrlme,0,leg3_weak,top_k,3,20,26,1314.7481689453125,330,1398.6312255859375,74.3739506463527,56.99895135818273,
dcrlme_seed0,dcrlme,0,leg3_weak,top_k,4,1,724,1119.5853271484375,724,1141.6375732421875,18.146008706350194,13.906797455422483,
dcrlme_seed0,dcrlme,0,leg3_weak,top_k,4,2,342,1203.85888671875,342,1200.935546875,31.119881750209707,23.84975667874635,
dcrlme_seed0,dcrlme,0,leg3_weak,top_k,4,3,716,1361.280029296875,716,1332.7008056640625,59.94895691736915,45.943877521779704,
dcrlme_seed0,dcrlme,0,leg3_weak,top_k,4,4,218,1446.501220703125,218,1417.225341796875,78.44217909168331,60.11677356951026,
dcrlme_seed0,dcrlme,0,leg3_weak,top_k,4,5,939,1346.218017578125,218,1417.225341796875,78.44217909168331,60.11677356951026,
dcrlme_seed0,dcrlme,0,leg3_weak,top_k,4,6,880,1300.461669921875,218,1417.225341796875,78.44217909168331,60.11677356951026,
dcrlme_seed0,dcrlme,0,leg3_weak,top_k,4,7,330,1211.26611328125,218,1417.225341796875,78.44217909168331,60.11677356951026,
dcrlme_seed0,dcrlme,0,leg3_weak,top_k,4,8,381,1114.7017822265625,218,1417.225341796875,78.44217909168331,60.11677356951026,
dcrlme_seed0,dcrlme,0,leg3_weak,top_k,4,9,901,1361.30126953125,218,1417.225341796875,78.44217909168331,60.11677356951026,
dcrlme_seed0,dcrlme,0,leg3_weak,top_k,4,10,131,1192.593994140625,218,1417.225341796875,78.44217909168331,60.11677356951026,
dcrlme_seed0,dcrlme,0,leg3_weak,top_k,4,11,858,1248.7236328125,218,1417.225341796875,78.44217909168331,60.11677356951026,
dcrlme_seed0,dcrlme,0,leg3_weak,top_k,4,12,126,1291.093505859375,218,1417.225341796875,78.44217909168331,60.11677356951026,
dcrlme_seed0,dcrlme,0,leg3_weak,top_k,4,13,41,1307.777587890625,218,1417.225341796875,78.44217909168331,60.11677356951026,
dcrlme_seed0,dcrlme,0,leg3_weak,top_k,4,14,229,1165.13427734375,218,1417.225341796875,78.44217909168331,60.11677356951026,
dcrlme_seed0,dcrlme,0,leg3_weak,top_k,4,15,244,1144.44970703125,218,1417.225341796875,78.44217909168331,60.11677356951026,
dcrlme_seed0,dcrlme,0,leg3_weak,top_k,4,16,73,1143.8634033203125,218,1417.225341796875,78.44217909168331,60.11677356951026,
dcrlme_seed0,dcrlme,0,leg3_weak,top_k,4,17,535,1148.4473876953125,218,1417.225341796875,78.44217909168331,60.11677356951026,
dcrlme_seed0,dcrlme,0,leg3_weak,top_k,4,18,43,1171.276611328125,218,1417.225341796875,78.44217909168331,60.11677356951026,
dcrlme_seed0,dcrlme,0,leg3_weak,top_k,4,19,217,1421.595947265625,218,1417.225341796875,78.44217909168331,60.11677356951026,
dcrlme_seed0,dcrlme,0,leg3_weak,top_k,4,20,26,1312.763916015625,218,1417.225341796875,78.44217909168331,60.11677356951026,
dcrlme_seed0,dcrlme,0,leg3_weak,random,0,1,883,1131.671875,883,1128.418701171875,15.253836216861355,11.69028485100656,
dcrlme_seed0,dcrlme,0,leg3_weak,random,0,2,335,1174.053955078125,335,1162.9815673828125,22.815886161928535,17.485713401475397,
dcrlme_seed0,dcrlme,0,leg3_weak,random,0,3,112,1069.666748046875,335,1162.9815673828125,22.815886161928535,17.485713401475397,
dcrlme_seed0,dcrlme,0,leg3_weak,random,0,4,597,640.6558837890625,335,1162.9815673828125,22.815886161928535,17.485713401475397,
dcrlme_seed0,dcrlme,0,leg3_weak,random,0,5,343,1116.9837646484375,335,1162.9815673828125,22.815886161928535,17.485713401475397,
dcrlme_seed0,dcrlme,0,leg3_weak,random,0,6,865,639.480224609375,335,1162.9815673828125,22.815886161928535,17.485713401475397,
dcrlme_seed0,dcrlme,0,leg3_weak,random,0,7,581,1109.242431640625,335,1162.9815673828125,22.815886161928535,17.485713401475397,
dcrlme_seed0,dcrlme,0,leg3_weak,random,0,8,444,1148.8812255859375,335,1162.9815673828125,22.815886161928535,17.485713401475397,
dcrlme_seed0,dcrlme,0,leg3_weak,random,0,9,192,1294.6195068359375,192,1267.436279296875,45.66965481846956,35.000459312975856,
dcrlme_seed0,dcrlme,0,leg3_weak,random,0,10,89,1449.65771484375,89,1430.7908935546875,81.41020203569799,62.39141669315289,
dcrlme_seed0,dcrlme,0,leg3_weak,random,0,11,496,1222.9212646484375,89,1430.7908935546875,81.41020203569799,62.39141669315289,
dcrlme_seed0,dcrlme,0,leg3_weak,random,0,12,233,1190.5682373046875,89,1430.7908935546875,81.41020203569799,62.39141669315289,
dcrlme_seed0,dcrlme,0,leg3_weak,random,0,13,492,1202.936767578125,89,1430.7908935546875,81.41020203569799,62.39141669315289,
dcrlme_seed0,dcrlme,0,leg3_weak,random,0,14,923,1216.90869140625,89,1430.7908935546875,81.41020203569799,62.39141669315289,
dcrlme_seed0,dcrlme,0,leg3_weak,random,0,15,40,1078.73583984375,89,1430.7908935546875,81.41020203569799,62.39141669315289,
dcrlme_seed0,dcrlme,0,leg3_weak,random,0,16,1022,1171.38232421875,89,1430.7908935546875,81.41020203569799,62.39141669315289,
dcrlme_seed0,dcrlme,0,leg3_weak,random,0,17,693,1140.82177734375,89,1430.7908935546875,81.41020203569799,62.39141669315289,
dcrlme_seed0,dcrlme,0,leg3_weak,random,0,18,815,1263.6915283203125,89,1430.7908935546875,81.41020203569799,62.39141669315289,
dcrlme_seed0,dcrlme,0,leg3_weak,random,0,19,249,1204.463134765625,89,1430.7908935546875,81.41020203569799,62.39141669315289,
dcrlme_seed0,dcrlme,0,leg3_weak,random,0,20,892,1261.7266845703125,89,1430.7908935546875,81.41020203569799,62.39141669315289,
dcrlme_seed0,dcrlme,0,leg3_weak,random,1,1,887,1109.067138671875,887,1133.77392578125,16.425512076033343,12.588237625117749,
dcrlme_seed0,dcrlme,0,leg3_weak,random,1,2,395,1272.9166259765625,395,1336.4266357421875,60.76413564026971,46.568616855525356,
dcrlme_seed0,dcrlme,0,leg3_weak,random,1,3,777,1128.5274658203125,395,1336.4266357421875,60.76413564026971,46.568616855525356,
dcrlme_seed0,dcrlme,0,leg3_weak,random,1,4,710,1311.445556640625,710,1236.986083984375,39.0074209520749,29.8946347495729,
dcrlme_seed0,dcrlme,0,leg3_weak,random,1,5,180,1057.94384765625,710,1236.986083984375,39.0074209520749,29.8946347495729,
dcrlme_seed0,dcrlme,0,leg3_weak,random,1,6,978,1114.462890625,710,1236.986083984375,39.0074209520749,29.8946347495729,
dcrlme_seed0,dcrlme,0,leg3_weak,random,1,7,306,1276.1011962890625,710,1236.986083984375,39.0074209520749,29.8946347495729,
dcrlme_seed0,dcrlme,0,leg3_weak,random,1,8,718,1219.4478759765625,710,1236.986083984375,39.0074209520749,29.8946347495729,
dcrlme_seed0,dcrlme,0,leg3_weak,random,1,9,818,1236.61865234375,710,1236.986083984375,39.0074209520749,29.8946347495729,
dcrlme_seed0,dcrlme,0,leg3_weak,random,1,10,179,1088.5096435546875,710,1236.986083984375,39.0074209520749,29.8946347495729,
dcrlme_seed0,dcrlme,0,leg3_weak,random,1,11,380,1230.799560546875,710,1236.986083984375,39.0074209520749,29.8946347495729,
dcrlme_seed0,dcrlme,0,leg3_weak,random,1,12,944,1093.55224609375,710,1236.986083984375,39.0074209520749,29.8946347495729,
dcrlme_seed0,dcrlme,0,leg3_weak,random,1,13,430,1339.2021484375,430,1353.228271484375,64.44018518621394,49.38587972025957,
dcrlme_seed0,dcrlme,0,leg3_weak,random,1,14,543,1188.755859375,430,1353.228271484375,64.44018518621394,49.38587972025957,
dcrlme_seed0,dcrlme,0,leg3_weak,random,1,15,88,1360.918701171875,88,1331.3358154296875,59.650309106626935,45.71499883657087,
dcrlme_seed0,dcrlme,0,leg3_weak,random,1,16,968,1162.189453125,88,1331.3358154296875,59.650309106626935,45.71499883657087,
dcrlme_seed0,dcrlme,0,leg3_weak,random,1,17,702,1117.93408203125,88,1331.3358154296875,59.650309106626935,45.71499883657087,
dcrlme_seed0,dcrlme,0,leg3_weak,random,1,18,647,1078.90625,88,1331.3358154296875,59.650309106626935,45.71499883657087,
dcrlme_seed0,dcrlme,0,leg3_weak,random,1,19,745,1217.658935546875,88,1331.3358154296875,59.650309106626935,45.71499883657087,
dcrlme_seed0,dcrlme,0,leg3_weak,random,1,20,36,1210.22607421875,88,1331.3358154296875,59.650309106626935,45.71499883657087,
dcrlme_seed0,dcrlme,0,leg3_weak,random,2,1,409,1171.92822265625,409,1191.4742431640625,29.04983203931745,22.263305216174295,
dcrlme_seed0,dcrlme,0,leg3_weak,random,2,2,0,1386.4921875,0,1338.563232421875,61.23160412814496,46.92687688299898,
dcrlme_seed0,dcrlme,0,leg3_weak,random,2,3,1019,1059.6065673828125,0,1338.563232421875,61.23160412814496,46.92687688299898,
dcrlme_seed0,dcrlme,0,leg3_weak,random,2,4,490,1203.3115234375,0,1338.563232421875,61.23160412814496,46.92687688299898,
dcrlme_seed0,dcrlme,0,leg3_weak,random,2,5,802,1123.89306640625,0,1338.563232421875,61.23160412814496,46.92687688299898,
dcrlme_seed0,dcrlme,0,leg3_weak,random,2,6,218,1439.4293212890625,218,1417.225341796875,78.44217909168331,60.11677356951026,
dcrlme_seed0,dcrlme,0,leg3_weak,random,2,7,385,1063.208251953125,218,1417.225341796875,78.44217909168331,60.11677356951026,
dcrlme_seed0,dcrlme,0,leg3_weak,random,2,8,488,1223.367919921875,218,1417.225341796875,78.44217909168331,60.11677356951026,
dcrlme_seed0,dcrlme,0,leg3_weak,random,2,9,838,1157.90576171875,218,1417.225341796875,78.44217909168331,60.11677356951026,
dcrlme_seed0,dcrlme,0,leg3_weak,random,2,10,169,1035.5203857421875,218,1417.225341796875,78.44217909168331,60.11677356951026,
dcrlme_seed0,dcrlme,0,leg3_weak,random,2,11,122,1091.6947021484375,218,1417.225341796875,78.44217909168331,60.11677356951026,
dcrlme_seed0,dcrlme,0,leg3_weak,random,2,12,89,1457.510986328125,89,1430.7908935546875,81.41020203569799,62.39141669315289,
dcrlme_seed0,dcrlme,0,leg3_weak,random,2,13,943,1321.6214599609375,89,1430.7908935546875,81.41020203569799,62.39141669315289,
dcrlme_seed0,dcrlme,0,leg3_weak,random,2,14,808,1196.30029296875,89,1430.7908935546875,81.41020203569799,62.39141669315289,
dcrlme_seed0,dcrlme,0,leg3_weak,random,2,15,880,1352.0950927734375,89,1430.7908935546875,81.41020203569799,62.39141669315289,
dcrlme_seed0,dcrlme,0,leg3_weak,random,2,16,475,1409.5462646484375,89,1430.7908935546875,81.41020203569799,62.39141669315289,
dcrlme_seed0,dcrlme,0,leg3_weak,random,2,17,900,1076.68310546875,89,1430.7908935546875,81.41020203569799,62.39141669315289,
dcrlme_seed0,dcrlme,0,leg3_weak,random,2,18,427,1230.265380859375,89,1430.7908935546875,81.41020203569799,62.39141669315289,
dcrlme_seed0,dcrlme,0,leg3_weak,random,2,19,23,1189.943359375,89,1430.7908935546875,81.41020203569799,62.39141669315289,
dcrlme_seed0,dcrlme,0,leg3_weak,random,2,20,389,1196.6435546875,89,1430.7908935546875,81.41020203569799,62.39141669315289,
dcrlme_seed0,dcrlme,0,leg3_weak,random,3,1,807,1151.694580078125,807,1155.336669921875,21.143250100101227,16.20383311006301,
dcrlme_seed0,dcrlme,0,leg3_weak,random,3,2,766,1148.559326171875,807,1155.336669921875,21.143250100101227,16.20383311006301,
dcrlme_seed0,dcrlme,0,leg3_weak,random,3,3,697,1183.272216796875,697,1187.0775146484375,28.08786666216549,21.52607104662935,
dcrlme_seed0,dcrlme,0,leg3_weak,random,3,4,953,1200.2196044921875,953,1183.32421875,27.266678660297217,20.89672630202947,
dcrlme_seed0,dcrlme,0,leg3_weak,random,3,5,438,1526.096923828125,438,1411.1070556640625,77.10355210883492,59.09087224762225,
dcrlme_seed0,dcrlme,0,leg3_weak,random,3,6,607,711.279296875,438,1411.1070556640625,77.10355210883492,59.09087224762225,
dcrlme_seed0,dcrlme,0,leg3_weak,random,3,7,913,1044.3125,438,1411.1070556640625,77.10355210883492,59.09087224762225,
dcrlme_seed0,dcrlme,0,leg3_weak,random,3,8,484,837.567626953125,438,1411.1070556640625,77.10355210883492,59.09087224762225,
dcrlme_seed0,dcrlme,0,leg3_weak,random,3,9,771,1123.71630859375,438,1411.1070556640625,77.10355210883492,59.09087224762225,
dcrlme_seed0,dcrlme,0,leg3_weak,random,3,10,535,1171.2098388671875,438,1411.1070556640625,77.10355210883492,59.09087224762225,
dcrlme_seed0,dcrlme,0,leg3_weak,random,3,11,975,1144.2685546875,438,1411.1070556640625,77.10355210883492,59.09087224762225,
dcrlme_seed0,dcrlme,0,leg3_weak,random,3,12,742,1241.8656005859375,438,1411.1070556640625,77.10355210883492,59.09087224762225,
dcrlme_seed0,dcrlme,0,leg3_weak,random,3,13,198,1137.49755859375,438,1411.1070556640625,77.10355210883492,59.09087224762225,
dcrlme_seed0,dcrlme,0,leg3_weak,random,3,14,271,1187.5245361328125,438,1411.1070556640625,77.10355210883492,59.09087224762225,
dcrlme_seed0,dcrlme,0,leg3_weak,random,3,15,83,1181.6845703125,438,1411.1070556640625,77.10355210883492,59.09087224762225,
dcrlme_seed0,dcrlme,0,leg3_weak,random,3,16,510,113.94635009765625,438,1411.1070556640625,77.10355210883492,59.09087224762225,
dcrlme_seed0,dcrlme,0,leg3_weak,random,3,17,588,1161.160888671875,438,1411.1070556640625,77.10355210883492,59.09087224762225,
dcrlme_seed0,dcrlme,0,leg3_weak,random,3,18,373,1254.73095703125,438,1411.1070556640625,77.10355210883492,59.09087224762225,
dcrlme_seed0,dcrlme,0,leg3_weak,random,3,19,655,588.4895629882812,438,1411.1070556640625,77.10355210883492,59.09087224762225,
dcrlme_seed0,dcrlme,0,leg3_weak,random,3,20,832,1279.04931640625,438,1411.1070556640625,77.10355210883492,59.09087224762225,
dcrlme_seed0,dcrlme,0,leg3_weak,random,4,1,849,1125.67724609375,849,1167.78857421875,23.867616812904913,18.29174217493618,
dcrlme_seed0,dcrlme,0,leg3_weak,random,4,2,399,1143.3802490234375,399,1146.945556640625,19.307348605697708,14.796828922864398,
dcrlme_seed0,dcrlme,0,leg3_weak,random,4,3,535,1153.7530517578125,535,1155.744140625,21.23240109207561,16.27215693864708,
dcrlme_seed0,dcrlme,0,leg3_weak,random,4,4,332,1093.6282958984375,535,1155.744140625,21.23240109207561,16.27215693864708,
dcrlme_seed0,dcrlme,0,leg3_weak,random,4,5,600,1356.28759765625,600,1314.9449462890625,56.06413166613322,42.966612449723236,
dcrlme_seed0,dcrlme,0,leg3_weak,random,4,6,968,1159.28662109375,600,1314.9449462890625,56.06413166613322,42.966612449723236,
dcrlme_seed0,dcrlme,0,leg3_weak,random,4,7,1012,1235.601806640625,600,1314.9449462890625,56.06413166613322,42.966612449723236,
dcrlme_seed0,dcrlme,0,leg3_weak,random,4,8,897,1153.300537109375,600,1314.9449462890625,56.06413166613322,42.966612449723236,
dcrlme_seed0,dcrlme,0,leg3_weak,random,4,9,190,1113.459228515625,600,1314.9449462890625,56.06413166613322,42.966612449723236,
dcrlme_seed0,dcrlme,0,leg3_weak,random,4,10,963,1162.0284423828125,600,1314.9449462890625,56.06413166613322,42.966612449723236,
dcrlme_seed0,dcrlme,0,leg3_weak,random,4,11,536,1209.1610107421875,600,1314.9449462890625,56.06413166613322,42.966612449723236,
dcrlme_seed0,dcrlme,0,leg3_weak,random,4,12,1007,1236.087158203125,600,1314.9449462890625,56.06413166613322,42.966612449723236,
dcrlme_seed0,dcrlme,0,leg3_weak,random,4,13,708,1269.212158203125,600,1314.9449462890625,56.06413166613322,42.966612449723236,
dcrlme_seed0,dcrlme,0,leg3_weak,random,4,14,53,1308.818603515625,600,1314.9449462890625,56.06413166613322,42.966612449723236,
dcrlme_seed0,dcrlme,0,leg3_weak,random,4,15,254,1061.316650390625,600,1314.9449462890625,56.06413166613322,42.966612449723236,
dcrlme_seed0,dcrlme,0,leg3_weak,random,4,16,309,1102.4228515625,600,1314.9449462890625,56.06413166613322,42.966612449723236,
dcrlme_seed0,dcrlme,0,leg3_weak,random,4,17,651,1028.2406005859375,600,1314.9449462890625,56.06413166613322,42.966612449723236,
dcrlme_seed0,dcrlme,0,leg3_weak,random,4,18,985,1244.7176513671875,600,1314.9449462890625,56.06413166613322,42.966612449723236,
dcrlme_seed0,dcrlme,0,leg3_weak,random,4,19,499,1054.75537109375,600,1314.9449462890625,56.06413166613322,42.966612449723236,
dcrlme_seed0,dcrlme,0,leg3_weak,random,4,20,1017,1256.3671875,600,1314.9449462890625,56.06413166613322,42.966612449723236,
dcrlme_seed0,dcrlme,0,leg3_weak,best_intact,0,1,724,1148.6676025390625,724,1141.6375732421875,18.146008706350194,13.906797455422483,
dcrlme_seed0,dcrlme,0,leg3_weak,best_intact,1,1,724,1155.6474609375,724,1141.6375732421875,18.146008706350194,13.906797455422483,
dcrlme_seed0,dcrlme,0,leg3_weak,best_intact,2,1,724,1124.380126953125,724,1141.6375732421875,18.146008706350194,13.906797455422483,
dcrlme_seed0,dcrlme,0,leg3_weak,best_intact,3,1,724,1136.176025390625,724,1141.6375732421875,18.146008706350194,13.906797455422483,
dcrlme_seed0,dcrlme,0,leg3_weak,best_intact,4,1,724,1157.9234619140625,724,1141.6375732421875,18.146008706350194,13.906797455422483,
dcrlme_seed0,dcrlme,0,leg4_weak,ite,0,1,724,1328.2681884765625,724,1349.701416015625,62.386097940069575,48.79450402959122,4
dcrlme_seed0,dcrlme,0,leg4_weak,ite,0,2,218,1231.67041015625,724,1349.701416015625,62.386097940069575,48.79450402959122,4
dcrlme_seed0,dcrlme,0,leg4_weak,ite,0,3,393,1135.7894287109375,724,1349.701416015625,62.386097940069575,48.79450402959122,4
dcrlme_seed0,dcrlme,0,leg4_weak,ite,0,4,724,1357.4691162109375,724,1349.701416015625,62.386097940069575,48.79450402959122,4
dcrlme_seed0,dcrlme,0,leg4_weak,ite,0,5,724,1421.654296875,724,1349.701416015625,62.386097940069575,48.79450402959122,4
dcrlme_seed0,dcrlme,0,leg4_weak,ite,0,6,724,1383.700927734375,724,1349.701416015625,62.386097940069575,48.79450402959122,4
dcrlme_seed0,dcrlme,0,leg4_weak,ite,0,7,724,1291.673095703125,724,1349.701416015625,62.386097940069575,48.79450402959122,4
dcrlme_seed0,dcrlme,0,leg4_weak,ite,0,8,724,1334.4111328125,724,1349.701416015625,62.386097940069575,48.79450402959122,4
dcrlme_seed0,dcrlme,0,leg4_weak,ite,0,9,724,1326.340576171875,724,1349.701416015625,62.386097940069575,48.79450402959122,4
dcrlme_seed0,dcrlme,0,leg4_weak,ite,0,10,724,1410.0416259765625,724,1349.701416015625,62.386097940069575,48.79450402959122,4
dcrlme_seed0,dcrlme,0,leg4_weak,ite,0,11,724,1438.0618896484375,724,1349.701416015625,62.386097940069575,48.79450402959122,4
dcrlme_seed0,dcrlme,0,leg4_weak,ite,0,12,724,1403.16064453125,724,1349.701416015625,62.386097940069575,48.79450402959122,4
dcrlme_seed0,dcrlme,0,leg4_weak,ite,0,13,724,1371.7669677734375,724,1349.701416015625,62.386097940069575,48.79450402959122,4
dcrlme_seed0,dcrlme,0,leg4_weak,ite,0,14,724,1354.30712890625,724,1349.701416015625,62.386097940069575,48.79450402959122,4
dcrlme_seed0,dcrlme,0,leg4_weak,ite,0,15,724,1375.4906005859375,724,1349.701416015625,62.386097940069575,48.79450402959122,4
dcrlme_seed0,dcrlme,0,leg4_weak,ite,0,16,724,1418.552490234375,724,1349.701416015625,62.386097940069575,48.79450402959122,4
dcrlme_seed0,dcrlme,0,leg4_weak,ite,0,17,724,1365.02587890625,724,1349.701416015625,62.386097940069575,48.79450402959122,4
dcrlme_seed0,dcrlme,0,leg4_weak,ite,0,18,724,1298.0272216796875,724,1349.701416015625,62.386097940069575,48.79450402959122,4
dcrlme_seed0,dcrlme,0,leg4_weak,ite,0,19,724,1379.6060791015625,724,1349.701416015625,62.386097940069575,48.79450402959122,4
dcrlme_seed0,dcrlme,0,leg4_weak,ite,0,20,724,1388.273681640625,724,1349.701416015625,62.386097940069575,48.79450402959122,4
dcrlme_seed0,dcrlme,0,leg4_weak,ite,1,1,724,1365.711181640625,724,1349.701416015625,62.386097940069575,48.79450402959122,4
dcrlme_seed0,dcrlme,0,leg4_weak,ite,1,2,218,1324.570068359375,724,1349.701416015625,62.386097940069575,48.79450402959122,4
dcrlme_seed0,dcrlme,0,leg4_weak,ite,1,3,393,1166.1534423828125,724,1349.701416015625,62.386097940069575,48.79450402959122,4
dcrlme_seed0,dcrlme,0,leg4_weak,ite,1,4,724,1406.383056640625,724,1349.701416015625,62.386097940069575,48.79450402959122,4
dcrlme_seed0,dcrlme,0,leg4_weak,ite,1,5,724,1290.863525390625,724,1349.701416015625,62.386097940069575,48.79450402959122,4
dcrlme_seed0,dcrlme,0,leg4_weak,ite,1,6,724,1448.26318359375,724,1349.701416015625,62.386097940069575,48.79450402959122,4
dcrlme_seed0,dcrlme,0,leg4_weak,ite,1,7,724,1408.1396484375,724,1349.701416015625,62.386097940069575,48.79450402959122,4
dcrlme_seed0,dcrlme,0,leg4_weak,ite,1,8,724,1316.083740234375,724,1349.701416015625,62.386097940069575,48.79450402959122,4
dcrlme_seed0,dcrlme,0,leg4_weak,ite,1,9,724,1376.939453125,724,1349.701416015625,62.386097940069575,48.79450402959122,4
dcrlme_seed0,dcrlme,0,leg4_weak,ite,1,10,724,1358.177978515625,724,1349.701416015625,62.386097940069575,48.79450402959122,4
dcrlme_seed0,dcrlme,0,leg4_weak,ite,1,11,724,1392.572509765625,724,1349.701416015625,62.386097940069575,48.79450402959122,4
dcrlme_seed0,dcrlme,0,leg4_weak,ite,1,12,724,1323.6373291015625,724,1349.701416015625,62.386097940069575,48.79450402959122,4
dcrlme_seed0,dcrlme,0,leg4_weak,ite,1,13,724,1424.92578125,724,1349.701416015625,62.386097940069575,48.79450402959122,4
dcrlme_seed0,dcrlme,0,leg4_weak,ite,1,14,724,1428.035400390625,724,1349.701416015625,62.386097940069575,48.79450402959122,4
dcrlme_seed0,dcrlme,0,leg4_weak,ite,1,15,724,1331.452880859375,724,1349.701416015625,62.386097940069575,48.79450402959122,4
dcrlme_seed0,dcrlme,0,leg4_weak,ite,1,16,724,1356.234375,724,1349.701416015625,62.386097940069575,48.79450402959122,4
dcrlme_seed0,dcrlme,0,leg4_weak,ite,1,17,724,1433.247314453125,724,1349.701416015625,62.386097940069575,48.79450402959122,4
dcrlme_seed0,dcrlme,0,leg4_weak,ite,1,18,724,1345.980712890625,724,1349.701416015625,62.386097940069575,48.79450402959122,4
dcrlme_seed0,dcrlme,0,leg4_weak,ite,1,19,724,1432.50732421875,724,1349.701416015625,62.386097940069575,48.79450402959122,4
dcrlme_seed0,dcrlme,0,leg4_weak,ite,1,20,724,1390.5,724,1349.701416015625,62.386097940069575,48.79450402959122,4
dcrlme_seed0,dcrlme,0,leg4_weak,ite,2,1,724,1396.399658203125,724,1349.701416015625,62.386097940069575,48.79450402959122,3
dcrlme_seed0,dcrlme,0,leg4_weak,ite,2,2,218,1245.460205078125,724,1349.701416015625,62.386097940069575,48.79450402959122,3
dcrlme_seed0,dcrlme,0,leg4_weak,ite,2,3,724,1395.967529296875,724,1349.701416015625,62.386097940069575,48.79450402959122,3
dcrlme_seed0,dcrlme,0,leg4_weak,ite,2,4,393,1184.71484375,724,1349.701416015625,62.386097940069575,48.79450402959122,3
dcrlme_seed0,dcrlme,0,leg4_weak,ite,2,5,724,1348.6392822265625,724,1349.701416015625,62.386097940069575,48.79450402959122,3
dcrlme_seed0,dcrlme,0,leg4_weak,ite,2,6,724,1392.89599609375,724,1349.701416015625,62.386097940069575,48.79450402959122,3
dcrlme_seed0,dcrlme,0,leg4_weak,ite,2,7,724,1455.938720703125,724,1349.701416015625,62.386097940069575,48.79450402959122,3
dcrlme_seed0,dcrlme,0,leg4_weak,ite,2,8,724,1380.4283447265625,724,1349.701416015625,62.386097940069575,48.79450402959122,3
dcrlme_seed0,dcrlme,0,leg4_weak,ite,2,9,724,1285.7060546875,724,1349.701416015625,62.386097940069575,48.79450402959122,3
dcrlme_seed0,dcrlme,0,leg4_weak,ite,2,10,724,1314.82080078125,724,1349.701416015625,62.386097940069575,48.79450402959122,3
dcrlme_seed0,dcrlme,0,leg4_weak,ite,2,11,724,1396.7373046875,724,1349.701416015625,62.386097940069575,48.79450402959122,3
dcrlme_seed0,dcrlme,0,leg4_weak,ite,2,12,724,1459.8687744140625,724,1349.701416015625,62.386097940069575,48.79450402959122,3
dcrlme_seed0,dcrlme,0,leg4_weak,ite,2,13,724,1332.867919921875,724,1349.701416015625,62.386097940069575,48.79450402959122,3
dcrlme_seed0,dcrlme,0,leg4_weak,ite,2,14,724,1339.782958984375,724,1349.701416015625,62.386097940069575,48.79450402959122,3
dcrlme_seed0,dcrlme,0,leg4_weak,ite,2,15,724,1365.4906005859375,724,1349.701416015625,62.386097940069575,48.79450402959122,3
dcrlme_seed0,dcrlme,0,leg4_weak,ite,2,16,724,1364.9462890625,724,1349.701416015625,62.386097940069575,48.79450402959122,3
dcrlme_seed0,dcrlme,0,leg4_weak,ite,2,17,724,1347.98388671875,724,1349.701416015625,62.386097940069575,48.79450402959122,3
dcrlme_seed0,dcrlme,0,leg4_weak,ite,2,18,724,1329.331298828125,724,1349.701416015625,62.386097940069575,48.79450402959122,3
dcrlme_seed0,dcrlme,0,leg4_weak,ite,2,19,724,1420.38330078125,724,1349.701416015625,62.386097940069575,48.79450402959122,3
dcrlme_seed0,dcrlme,0,leg4_weak,ite,2,20,724,1426.951171875,724,1349.701416015625,62.386097940069575,48.79450402959122,3
dcrlme_seed0,dcrlme,0,leg4_weak,ite,3,1,724,1340.5819091796875,724,1349.701416015625,62.386097940069575,48.79450402959122,4
dcrlme_seed0,dcrlme,0,leg4_weak,ite,3,2,218,1271.868408203125,724,1349.701416015625,62.386097940069575,48.79450402959122,4
dcrlme_seed0,dcrlme,0,leg4_weak,ite,3,3,393,1197.3221435546875,724,1349.701416015625,62.386097940069575,48.79450402959122,4
dcrlme_seed0,dcrlme,0,leg4_weak,ite,3,4,724,1375.9560546875,724,1349.701416015625,62.386097940069575,48.79450402959122,4
dcrlme_seed0,dcrlme,0,leg4_weak,ite,3,5,724,1409.6934814453125,724,1349.701416015625,62.386097940069575,48.79450402959122,4
dcrlme_seed0,dcrlme,0,leg4_weak,ite,3,6,724,1357.062744140625,724,1349.701416015625,62.386097940069575,48.79450402959122,4
dcrlme_seed0,dcrlme,0,leg4_weak,ite,3,7,724,1342.1195068359375,724,1349.701416015625,62.386097940069575,48.79450402959122,4
dcrlme_seed0,dcrlme,0,leg4_weak,ite,3,8,724,1436.736083984375,724,1349.701416015625,62.386097940069575,48.79450402959122,4
dcrlme_seed0,dcrlme,0,leg4_weak,ite,3,9,724,1379.3232421875,724,1349.701416015625,62.386097940069575,48.79450402959122,4
dcrlme_seed0,dcrlme,0,leg4_weak,ite,3,10,724,1407.8515625,724,1349.701416015625,62.386097940069575,48.79450402959122,4
dcrlme_seed0,dcrlme,0,leg4_weak,ite,3,11,724,1385.11328125,724,1349.701416015625,62.386097940069575,48.79450402959122,4
dcrlme_seed0,dcrlme,0,leg4_weak,ite,3,12,724,1318.456787109375,724,1349.701416015625,62.386097940069575,48.79450402959122,4
dcrlme_seed0,dcrlme,0,leg4_weak,ite,3,13,724,1412.26953125,724,1349.701416015625,62.386097940069575,48.79450402959122,4
dcrlme_seed0,dcrlme,0,leg4_weak,ite,3,14,724,1406.342041015625,724,1349.701416015625,62.386097940069575,48.79450402959122,4
dcrlme_seed0,dcrlme,0,leg4_weak,ite,3,15,724,1379.283935546875,724,1349.701416015625,62.386097940069575,48.79450402959122,4
dcrlme_seed0,dcrlme,0,leg4_weak,ite,3,16,724,1316.1328125,724,1349.701416015625,62.386097940069575,48.79450402959122,4
dcrlme_seed0,dcrlme,0,leg4_weak,ite,3,17,724,1410.370849609375,724,1349.701416015625,62.386097940069575,48.79450402959122,4
dcrlme_seed0,dcrlme,0,leg4_weak,ite,3,18,724,1306.10009765625,724,1349.701416015625,62.386097940069575,48.79450402959122,4
dcrlme_seed0,dcrlme,0,leg4_weak,ite,3,19,724,1400.353271484375,724,1349.701416015625,62.386097940069575,48.79450402959122,4
dcrlme_seed0,dcrlme,0,leg4_weak,ite,3,20,724,1367.2633056640625,724,1349.701416015625,62.386097940069575,48.79450402959122,4
dcrlme_seed0,dcrlme,0,leg4_weak,ite,4,1,724,1382.9111328125,724,1349.701416015625,62.386097940069575,48.79450402959122,4
dcrlme_seed0,dcrlme,0,leg4_weak,ite,4,2,218,1366.73583984375,724,1349.701416015625,62.386097940069575,48.79450402959122,4
dcrlme_seed0,dcrlme,0,leg4_weak,ite,4,3,393,1171.7847900390625,724,1349.701416015625,62.386097940069575,48.79450402959122,4
dcrlme_seed0,dcrlme,0,leg4_weak,ite,4,4,724,1335.649658203125,724,1349.701416015625,62.386097940069575,48.79450402959122,4
dcrlme_seed0,dcrlme,0,leg4_weak,ite,4,5,218,1386.9537353515625,218,1288.931884765625,49.358072234067315,38.60479712694411,4
dcrlme_seed0,dcrlme,0,leg4_weak,ite,4,6,218,1341.3857421875,218,1288.931884765625,49.358072234067315,38.60479712694411,4
dcrlme_seed0,dcrlme,0,leg4_weak,ite,4,7,724,1359.988525390625,218,1288.931884765625,49.358072234067315,38.60479712694411,4
dcrlme_seed0,dcrlme,0,leg4_weak,ite,4,8,724,1407.5302734375,724,1349.701416015625,62.386097940069575,48.79450402959122,4
dcrlme_seed0,dcrlme,0,leg4_weak,ite,4,9,724,1381.9921875,724,1349.701416015625,62.386097940069575,48.79450402959122,4
dcrlme_seed0,dcrlme,0,leg4_weak,ite,4,10,724,1407.110595703125,724,1349.701416015625,62.386097940069575,48.79450402959122,4
dcrlme_seed0,dcrlme,0,leg4_weak,ite,4,11,724,1376.99072265625,724,1349.701416015625,62.386097940069575,48.79450402959122,4
dcrlme_seed0,dcrlme,0,leg4_weak,ite,4,12,724,1394.2186279296875,724,1349.701416015625,62.386097940069575,48.79450402959122,4
dcrlme_seed0,dcrlme,0,leg4_weak,ite,4,13,724,1320.110595703125,724,1349.701416015625,62.386097940069575,48.79450402959122,4
dcrlme_seed0,dcrlme,0,leg4_weak,ite,4,14,724,1248.6114501953125,724,1349.701416015625,62.386097940069575,48.79450402959122,4
dcrlme_seed0,dcrlme,0,leg4_weak,ite,4,15,218,1375.52197265625,724,1349.701416015625,62.386097940069575,48.79450402959122,4
dcrlme_seed0,dcrlme,0,leg4_weak,ite,4,16,218,1345.4085693359375,724,1349.701416015625,62.386097940069575,48.79450402959122,4
dcrlme_seed0,dcrlme,0,leg4_weak,ite,4,17,218,1414.435302734375,218,1288.931884765625,49.358072234067315,38.60479712694411,4
dcrlme_seed0,dcrlme,0,leg4_weak,ite,4,18,218,1295.239501953125,218,1288.931884765625,49.358072234067315,38.60479712694411,4
dcrlme_seed0,dcrlme,0,leg4_weak,ite,4,19,724,1380.5887451171875,218,1288.931884765625,49.358072234067315,38.60479712694411,4
dcrlme_seed0,dcrlme,0,leg4_weak,ite,4,20,724,1313.820556640625,218,1288.931884765625,49.358072234067315,38.60479712694411,4
dcrlme_seed0,dcrlme,0,leg4_weak,top_k,0,1,724,1403.7315673828125,724,1349.701416015625,62.386097940069575,48.79450402959122,
dcrlme_seed0,dcrlme,0,leg4_weak,top_k,0,2,342,1150.76708984375,724,1349.701416015625,62.386097940069575,48.79450402959122,
dcrlme_seed0,dcrlme,0,leg4_weak,top_k,0,3,716,1329.80224609375,724,1349.701416015625,62.386097940069575,48.79450402959122,
dcrlme_seed0,dcrlme,0,leg4_weak,top_k,0,4,218,1276.56201171875,724,1349.701416015625,62.386097940069575,48.79450402959122,
dcrlme_seed0,dcrlme,0,leg4_weak,top_k,0,5,939,1346.06884765625,724,1349.701416015625,62.386097940069575,48.79450402959122,
dcrlme_seed0,dcrlme,0,leg4_weak,top_k,0,6,880,1163.22265625,724,1349.701416015625,62.386097940069575,48.79450402959122,
dcrlme_seed0,dcrlme,0,leg4_weak,top_k,0,7,330,1166.1246337890625,724,1349.701416015625,62.386097940069575,48.79450402959122,
dcrlme_seed0,dcrlme,0,leg4_weak,top_k,0,8,381,1406.1300048828125,381,1422.46044921875,77.98448310803454,60.99458534681895,
dcrlme_seed0,dcrlme,0,leg4_weak,top_k,0,9,901,1359.6116943359375,381,1422.46044921875,77.98448310803454,60.99458534681895,
dcrlme_seed0,dcrlme,0,leg4_weak,top_k,0,10,131,1307.4425048828125,381,1422.46044921875,77.98448310803454,60.99458534681895,
dcrlme_seed0,dcrlme,0,leg4_weak,top_k,0,11,858,1211.72607421875,381,1422.46044921875,77.98448310803454,60.99458534681895,
dcrlme_seed0,dcrlme,0,leg4_weak,top_k,0,12,126,1313.648681640625,381,1422.46044921875,77.98448310803454,60.99458534681895,
dcrlme_seed0,dcrlme,0,leg4_weak,top_k,0,13,41,1320.0831298828125,381,1422.46044921875,77.98448310803454,60.99458534681895,
dcrlme_seed0,dcrlme,0,leg4_weak,top_k,0,14,229,1320.096923828125,381,1422.46044921875,77.98448310803454,60.99458534681895,
dcrlme_seed0,dcrlme,0,leg4_weak,top_k,0,15,244,1265.5604248046875,381,1422.46044921875,77.98448310803454,60.99458534681895,
dcrlme_seed0,dcrlme,0,leg4_weak,top_k,0,16,73,1380.7835693359375,381,1422.46044921875,77.98448310803454,60.99458534681895,
dcrlme_seed0,dcrlme,0,leg4_weak,top_k,0,17,535,1275.7689208984375,381,1422.46044921875,77.98448310803454,60.99458534681895,
dcrlme_seed0,dcrlme,0,leg4_weak,top_k,0,18,43,1339.574951171875,381,1422.46044921875,77.98448310803454,60.99458534681895,
dcrlme_seed0,dcrlme,0,leg4_weak,top_k,0,19,217,1189.2750244140625,381,1422.46044921875,77.98448310803454,60.99458534681895,
dcrlme_seed0,dcrlme,0,leg4_weak,top_k,0,20,26,1294.983642578125,381,1422.46044921875,77.98448310803454,60.99458534681895,
dcrlme_seed0,dcrlme,0,leg4_weak,top_k,1,1,724,1456.4158935546875,724,1349.701416015625,62.386097940069575,48.79450402959122,
dcrlme_seed0,dcrlme,0,leg4_weak,top_k,1,2,342,1140.382080078125,724,1349.701416015625,62.386097940069575,48.79450402959122,
dcrlme_seed0,dcrlme,0,leg4_weak,top_k,1,3,716,1314.23046875,724,1349.701416015625,62.386097940069575,48.79450402959122,
dcrlme_seed0,dcrlme,0,leg4_weak,top_k,1,4,218,1357.4337158203125,724,1349.701416015625,62.386097940069575,48.79450402959122,
dcrlme_seed0,dcrlme,0,leg4_weak,top_k,1,5,939,1305.716796875,724,1349.701416015625,62.386097940069575,48.79450402959122,
dcrlme_seed0,dcrlme,0,leg4_weak,top_k,1,6,880,1151.42431640625,724,1349.701416015625,62.386097940069575,48.79450402959122,
dcrlme_seed0,dcrlme,0,leg4_weak,top_k,1,7,330,1162.1156005859375,724,1349.701416015625,62.386097940069575,48.79450402959122,
dcrlme_seed0,dcrlme,0,leg4_weak,top_k,1,8,381,1418.9339599609375,724,1349.701416015625,62.386097940069575,48.79450402959122,
dcrlme_seed0,dcrlme,0,leg4_weak,top_k,1,9,901,1365.338134765625,724,1349.701416015625,62.386097940069575,48.79450402959122,
dcrlme_seed0,dcrlme,0,leg4_weak,top_k,1,10,131,1286.380859375,724,1349.701416015625,62.386097940069575,48.79450402959122,
dcrlme_seed0,dcrlme,0,leg4_weak,top_k,1,11,858,1195.705810546875,724,1349.701416015625,62.386097940069575,48.79450402959122,
dcrlme_seed0,dcrlme,0,leg4_weak,top_k,1,12,126,1304.915283203125,724,1349.701416015625,62.386097940069575,48.79450402959122,
dcrlme_seed0,dcrlme,0,leg4_weak,top_k,1,13,41,1305.9197998046875,724,1349.701416015625,62.386097940069575,48.79450402959122,
dcrlme_seed0,dcrlme,0,leg4_weak,top_k,1,14,229,1293.792236328125,724,1349.701416015625,62.386097940069575,48.79450402959122,
dcrlme_seed0,dcrlme,0,leg4_weak,top_k,1,15,244,1182.4576416015625,724,1349.701416015625,62.386097940069575,48.79450402959122,
dcrlme_seed0,dcrlme,0,leg4_weak,top_k,1,16,73,1342.569091796875,724,1349.701416015625,62.386097940069575,48.79450402959122,
dcrlme_seed0,dcrlme,0,leg4_weak,top_k,1,17,535,1259.252685546875,724,1349.701416015625,62.386097940069575,48.79450402959122,
dcrlme_seed0,dcrlme,0,leg4_weak,top_k,1,18,43,1347.6451416015625,724,1349.701416015625,62.386097940069575,48.79450402959122,
dcrlme_seed0,dcrlme,0,leg4_weak,top_k,1,19,217,1197.9840087890625,724,1349.701416015625,62.386097940069575,48.79450402959122,
dcrlme_seed0,dcrlme,0,leg4_weak,top_k,1,20,26,1306.8656005859375,724,1349.701416015625,62.386097940069575,48.79450402959122,
dcrlme_seed0,dcrlme,0,leg4_weak,top_k,2,1,724,1306.981689453125,724,1349.701416015625,62.386097940069575,48.79450402959122,
dcrlme_seed0,dcrlme,0,leg4_weak,top_k,2,2,342,1167.27294921875,724,1349.701416015625,62.386097940069575,48.79450402959122,
dcrlme_seed0,dcrlme,0,leg4_weak,top_k,2,3,716,1342.3663330078125,716,1338.3858642578125,59.9602227334317,46.89713616312701,
dcrlme_seed0,dcrlme,0,leg4_weak,top_k,2,4,218,1288.4287109375,716,1338.3858642578125,59.9602227334317,46.89713616312701,
dcrlme_seed0,dcrlme,0,leg4_weak,top_k,2,5,939,1346.384033203125,939,1355.2880859375,63.5837915515887,49.73126506583404,
dcrlme_seed0,dcrlme,0,leg4_weak,top_k,2,6,880,1151.728515625,939,1355.2880859375,63.5837915515887,49.73126506583404,
dcrlme_seed0,dcrlme,0,leg4_weak,top_k,2,7,330,1173.302001953125,939,1355.2880859375,63.5837915515887,49.73126506583404,
dcrlme_seed0,dcrlme,0,leg4_weak,top_k,2,8,381,1451.74658203125,381,1422.46044921875,77.98448310803454,60.99458534681895,
dcrlme_seed0,dcrlme,0,leg4_weak,top_k,2,9,901,1375.298828125,381,1422.46044921875,77.98448310803454,60.99458534681895,
dcrlme_seed0,dcrlme,0,leg4_weak,top_k,2,10,131,1326.980712890625,381,1422.46044921875,77.98448310803454,60.99458534681895,
dcrlme_seed0,dcrlme,0,leg4_weak,top_k,2,11,858,1205.4486083984375,381,1422.46044921875,77.98448310803454,60.99458534681895,
dcrlme_seed0,dcrlme,0,leg4_weak,top_k,2,12,126,1292.6107177734375,381,1422.46044921875,77.98448310803454,60.99458534681895,
dcrlme_seed0,dcrlme,0,leg4_weak,top_k,2,13,41,1308.089111328125,381,1422.46044921875,77.98448310803454,60.99458534681895,
dcrlme_seed0,dcrlme,0,leg4_weak,top_k,2,14,229,1322.47314453125,381,1422.46044921875,77.98448310803454,60.99458534681895,
dcrlme_seed0,dcrlme,0,leg4_weak,top_k,2,15,244,1243.9952392578125,381,1422.46044921875,77.98448310803454,60.99458534681895,
dcrlme_seed0,dcrlme,0,leg4_weak,top_k,2,16,73,1348.249755859375,381,1422.46044921875,77.98448310803454,60.99458534681895,
dcrlme_seed0,dcrlme,0,leg4_weak,top_k,2,17,535,1292.345458984375,381,1422.46044921875,77.98448310803454,60.99458534681895,
dcrlme_seed0,dcrlme,0,leg4_weak,top_k,2,18,43,1304.395263671875,381,1422.46044921875,77.98448310803454,60.99458534681895,
dcrlme_seed0,dcrlme,0,leg4_weak,top_k,2,19,217,1193.7037353515625,381,1422.46044921875,77.98448310803454,60.99458534681895,
dcrlme_seed0,dcrlme,0,leg4_weak,top_k,2,20,26,1291.68798828125,381,1422.46044921875,77.98448310803454,60.99458534681895,
dcrlme_seed0,dcrlme,0,leg4_weak,top_k,3,1,724,1359.8995361328125,724,1349.701416015625,62.386097940069575,48.79450402959122,
dcrlme_seed0,dcrlme,0,leg4_weak,top_k,3,2,342,1139.89990234375,724,1349.701416015625,62.386097940069575,48.79450402959122,
dcrlme_seed0,dcrlme,0,leg4_weak,top_k,3,3,716,1307.9500732421875,724,1349.701416015625,62.386097940069575,48.79450402959122,
dcrlme_seed0,dcrlme,0,leg4_weak,top_k,3,4,218,1372.72216796875,218,1288.931884765625,49.358072234067315,38.60479712694411,
dcrlme_seed0,dcrlme,0,leg4_weak,top_k,3,5,939,1364.3173828125,218,1288.931884765625,49.358072234067315,38.60479712694411,
dcrlme_seed0,dcrlme,0,leg4_weak,top_k,3,6,880,1145.823486328125,218,1288.931884765625,49.358072234067315,38.60479712694411,
dcrlme_seed0,dcrlme,0,leg4_weak,top_k,3,7,330,1215.328857421875,218,1288.931884765625,49.358072234067315,38.60479712694411,
dcrlme_seed0,dcrlme,0,leg4_weak,top_k,3,8,381,1424.220703125,381,1422.46044921875,77.98448310803454,60.99458534681895,
dcrlme_seed0,dcrlme,0,leg4_weak,top_k,3,9,901,1390.14111328125,381,1422.46044921875,77.98448310803454,60.99458534681895,
dcrlme_seed0,dcrlme,0,leg4_weak,top_k,3,10,131,1297.185546875,381,1422.46044921875,77.98448310803454,60.99458534681895,
dcrlme_seed0,dcrlme,0,leg4_weak,top_k,3,11,858,1223.927490234375,381,1422.46044921875,77.98448310803454,60.99458534681895,
dcrlme_seed0,dcrlme,0,leg4_weak,top_k,3,12,126,1312.3231201171875,381,1422.46044921875,77.98448310803454,60.99458534681895,
dcrlme_seed0,dcrlme,0,leg4_weak,top_k,3,13,41,1291.52392578125,381,1422.46044921875,77.98448310803454,60.99458534681895,
dcrlme_seed0,dcrlme,0,leg4_weak,top_k,3,14,229,1320.6470947265625,381,1422.46044921875,77.98448310803454,60.99458534681895,
dcrlme_seed0,dcrlme,0,leg4_weak,top_k,3,15,244,1267.0450439453125,381,1422.46044921875,77.98448310803454,60.99458534681895,
dcrlme_seed0,dcrlme,0,leg4_weak,top_k,3,16,73,1378.6318359375,381,1422.46044921875,77.98448310803454,60.99458534681895,
dcrlme_seed0,dcrlme,0,leg4_weak,top_k,3,17,535,1302.2298583984375,381,1422.46044921875,77.98448310803454,60.99458534681895,
dcrlme_seed0,dcrlme,0,leg4_weak,top_k,3,18,43,1319.5364990234375,381,1422.46044921875,77.98448310803454,60.99458534681895,
dcrlme_seed0,dcrlme,0,leg4_weak,top_k,3,19,217,1207.49267578125,381,1422.46044921875,77.98448310803454,60.99458534681895,
dcrlme_seed0,dcrlme,0,leg4_weak,top_k,3,20,26,1277.119140625,381,1422.46044921875,77.98448310803454,60.99458534681895,
dcrlme_seed0,dcrlme,0,leg4_weak,top_k,4,1,724,1363.157470703125,724,1349.701416015625,62.386097940069575,48.79450402959122,
dcrlme_seed0,dcrlme,0,leg4_weak,top_k,4,2,342,1164.987548828125,724,1349.701416015625,62.386097940069575,48.79450402959122,
dcrlme_seed0,dcrlme,0,leg4_weak,top_k,4,3,716,1358.73095703125,724,1349.701416015625,62.386097940069575,48.79450402959122,
dcrlme_seed0,dcrlme,0,leg4_weak,top_k,4,4,218,1351.6409912109375,724,1349.701416015625,62.386097940069575,48.79450402959122,
dcrlme_seed0,dcrlme,0,leg4_weak,top_k,4,5,939,1346.91357421875,724,1349.701416015625,62.386097940069575,48.79450402959122,
dcrlme_seed0,dcrlme,0,leg4_weak,top_k,4,6,880,1120.3697509765625,724,1349.701416015625,62.386097940069575,48.79450402959122,
dcrlme_seed0,dcrlme,0,leg4_weak,top_k,4,7,330,1155.340576171875,724,1349.701416015625,62.386097940069575,48.79450402959122,
dcrlme_seed0,dcrlme,0,leg4_weak,top_k,4,8,381,1428.3529052734375,381,1422.46044921875,77.98448310803454,60.99458534681895,
dcrlme_seed0,dcrlme,0,leg4_weak,top_k,4,9,901,1357.0224609375,381,1422.46044921875,77.98448310803454,60.99458534681895,
dcrlme_seed0,dcrlme,0,leg4_weak,top_k,4,10,131,1316.1431884765625,381,1422.46044921875,77.98448310803454,60.99458534681895,
dcrlme_seed0,dcrlme,0,leg4_weak,top_k,4,11,858,1155.690673828125,381,1422.46044921875,77.98448310803454,60.99458534681895,
dcrlme_seed0,dcrlme,0,leg4_weak,top_k,4,12,126,1336.1051025390625,381,1422.46044921875,77.98448310803454,60.99458534681895,
dcrlme_seed0,dcrlme,0,leg4_weak,top_k,4,13,41,1294.7347412109375,381,1422.46044921875,77.98448310803454,60.99458534681895,
dcrlme_seed0,dcrlme,0,leg4_weak,top_k,4,14,229,1312.301025390625,381,1422.46044921875,77.98448310803454,60.99458534681895,
dcrlme_seed0,dcrlme,0,leg4_weak,top_k,4,15,244,1192.0712890625,381,1422.46044921875,77.98448310803454,60.99458534681895,
dcrlme_seed0,dcrlme,0,leg4_weak,top_k,4,16,73,1363.2294921875,381,1422.46044921875,77.98448310803454,60.99458534681895,
dcrlme_seed0,dcrlme,0,leg4_weak,top_k,4,17,535,1300.888671875,381,1422.46044921875,77.98448310803454,60.99458534681895,
dcrlme_seed0,dcrlme,0,leg4_weak,top_k,4,18,43,1329.99169921875,381,1422.46044921875,77.98448310803454,60.99458534681895,
dcrlme_seed0,dcrlme,0,leg4_weak,top_k,4,19,217,1213.962890625,381,1422.46044921875,77.98448310803454,60.99458534681895,
dcrlme_seed0,dcrlme,0,leg4_weak,top_k,4,20,26,1268.429443359375,381,1422.46044921875,77.98448310803454,60.99458534681895,
dcrlme_seed0,dcrlme,0,leg4_weak,random,0,1,883,1145.018310546875,883,1148.66650390625,19.287394545597664,15.085393732744032,
dcrlme_seed0,dcrlme,0,leg4_weak,random,0,2,335,1225.0972900390625,335,1240.2509765625,38.921655983746994,30.44208505493825,
dcrlme_seed0,dcrlme,0,leg4_weak,random,0,3,112,1155.7646484375,335,1240.2509765625,38.921655983746994,30.44208505493825,
dcrlme_seed0,dcrlme,0,leg4_weak,random,0,4,597,698.3881225585938,335,1240.2509765625,38.921655983746994,30.44208505493825,
dcrlme_seed0,dcrlme,0,leg4_weak,random,0,5,343,1038.525146484375,335,1240.2509765625,38.921655983746994,30.44208505493825,
dcrlme_seed0,dcrlme,0,leg4_weak,random,0,6,865,688.5611572265625,335,1240.2509765625,38.921655983746994,30.44208505493825,
dcrlme_seed0,dcrlme,0,leg4_weak,random,0,7,581,1086.044921875,335,1240.2509765625,38.921655983746994,30.44208505493825,
dcrlme_seed0,dcrlme,0,leg4_weak,random,0,8,444,1183.41357421875,335,1240.2509765625,38.921655983746994,30.44208505493825,
dcrlme_seed0,dcrlme,0,leg4_weak,random,0,9,192,1067.52294921875,335,1240.2509765625,38.921655983746994,30.44208505493825,
dcrlme_seed0,dcrlme,0,leg4_weak,random,0,10,89,1350.7327880859375,89,1284.401123046875,48.38674862953242,37.84508855243053,
dcrlme_seed0,dcrlme,0,leg4_weak,random,0,11,496,1217.245361328125,89,1284.401123046875,48.38674862953242,37.84508855243053,
dcrlme_seed0,dcrlme,0,leg4_weak,random,0,12,233,1078.401123046875,89,1284.401123046875,48.38674862953242,37.84508855243053,
dcrlme_seed0,dcrlme,0,leg4_weak,random,0,13,492,1515.930908203125,492,1460.783447265625,86.20032735458304,67.42050487747805,
dcrlme_seed0,dcrlme,0,leg4_weak,random,0,14,923,1084.822998046875,492,1460.783447265625,86.20032735458304,67.42050487747805,
dcrlme_seed0,dcrlme,0,leg4_weak,random,0,15,40,1070.4127197265625,492,1460.783447265625,86.20032735458304,67.42050487747805,
dcrlme_seed0,dcrlme,0,leg4_weak,random,0,16,1022,1121.3189697265625,492,1460.783447265625,86.20032735458304,67.42050487747805,
dcrlme_seed0,dcrlme,0,leg4_weak,random,0,17,693,1066.4154052734375,492,1460.783447265625,86.20032735458304,67.42050487747805,
dcrlme_seed0,dcrlme,0,leg4_weak,random,0,18,815,1245.072998046875,492,1460.783447265625,86.20032735458304,67.42050487747805,
dcrlme_seed0,dcrlme,0,leg4_weak,random,0,19,249,1168.4158935546875,492,1460.783447265625,86.20032735458304,67.42050487747805,
dcrlme_seed0,dcrlme,0,leg4_weak,random,0,20,892,1477.5101318359375,492,1460.783447265625,86.20032735458304,67.42050487747805,
dcrlme_seed0,dcrlme,0,leg4_weak,random,1,1,887,1274.162841796875,887,1253.284912109375,41.71592547805158,32.6275878929357,
dcrlme_seed0,dcrlme,0,leg4_weak,random,1,2,395,1306.443359375,395,1252.0458984375,41.45030055656141,32.41983269217827,
dcrlme_seed0,dcrlme,0,leg4_weak,random,1,3,777,1191.2974853515625,395,1252.0458984375,41.45030055656141,32.41983269217827,
dcrlme_seed0,dcrlme,0,leg4_weak,random,1,4,710,1227.341552734375,395,1252.0458984375,41.45030055656141,32.41983269217827,
dcrlme_seed0,dcrlme,0,leg4_weak,random,1,5,180,1053.8663330078125,395,1252.0458984375,41.45030055656141,32.41983269217827,
dcrlme_seed0,dcrlme,0,leg4_weak,random,1,6,978,1091.017578125,395,1252.0458984375,41.45030055656141,32.41983269217827,
dcrlme_seed0,dcrlme,0,leg4_weak,random,1,7,306,1228.07275390625,395,1252.0458984375,41.45030055656141,32.41983269217827,
dcrlme_seed0,dcrlme,0,leg4_weak,random,1,8,718,1074.893798828125,395,1252.0458984375,41.45030055656141,32.41983269217827,
dcrlme_seed0,dcrlme,0,leg4_weak,random,1,9,818,1270.037841796875,395,1252.0458984375,41.45030055656141,32.41983269217827,
dcrlme_seed0,dcrlme,0,leg4_weak,random,1,10,179,1157.151123046875,395,1252.0458984375,41.45030055656141,32.41983269217827,
dcrlme_seed0,dcrlme,0,leg4_weak,random,1,11,380,1190.01171875,395,1252.0458984375,41.45030055656141,32.41983269217827,
dcrlme_seed0,dcrlme,0,leg4_weak,random,1,12,944,1097.641845703125,395,1252.0458984375,41.45030055656141,32.41983269217827,
dcrlme_seed0,dcrlme,0,leg4_weak,random,1,13,430,1334.3096923828125,430,1314.6331787109375,54.8680228838356,42.91433591940457,
dcrlme_seed0,dcrlme,0,leg4_weak,random,1,14,543,1272.421875,430,1314.6331787109375,54.8680228838356,42.91433591940457,
dcrlme_seed0,dcrlme,0,leg4_weak,random,1,15,88,1123.776611328125,430,1314.6331787109375,54.8680228838356,42.91433591940457,
dcrlme_seed0,dcrlme,0,leg4_weak,random,1,16,968,1080.919189453125,430,1314.6331787109375,54.8680228838356,42.91433591940457,
dcrlme_seed0,dcrlme,0,leg4_weak,random,1,17,702,1088.873291015625,430,1314.6331787109375,54.8680228838356,42.91433591940457,
dcrlme_seed0,dcrlme,0,leg4_weak,random,1,18,647,1082.5357666015625,430,1314.6331787109375,54.8680228838356,42.91433591940457,
dcrlme_seed0,dcrlme,0,leg4_weak,random,1,19,745,1269.303955078125,430,1314.6331787109375,54.8680228838356,42.91433591940457,
dcrlme_seed0,dcrlme,0,leg4_weak,random,1,20,36,1122.7125244140625,430,1314.6331787109375,54.8680228838356,42.91433591940457,
dcrlme_seed0,dcrlme,0,leg4_weak,random,2,1,409,1304.3916015625,409,1296.4384765625,50.96736670915269,39.863486616143874,
dcrlme_seed0,dcrlme,0,leg4_weak,random,2,2,0,1142.28662109375,409,1296.4384765625,50.96736670915269,39.863486616143874,
dcrlme_seed0,dcrlme,0,leg4_weak,random,2,3,1019,1037.0859375,409,1296.4384765625,50.96736670915269,39.863486616143874,
dcrlme_seed0,dcrlme,0,leg4_weak,random,2,4,490,1207.86279296875,409,1296.4384765625,50.96736670915269,39.863486616143874,
dcrlme_seed0,dcrlme,0,leg4_weak,random,2,5,802,1018.0405883789062,409,1296.4384765625,50.96736670915269,39.863486616143874,
dcrlme_seed0,dcrlme,0,leg4_weak,random,2,6,218,1344.099365234375,218,1288.931884765625,49.358072234067315,38.60479712694411,
dcrlme_seed0,dcrlme,0,leg4_weak,random,2,7,385,1093.2012939453125,218,1288.931884765625,49.358072234067315,38.60479712694411,
dcrlme_seed0,dcrlme,0,leg4_weak,random,2,8,488,1196.1077880859375,218,1288.931884765625,49.358072234067315,38.60479712694411,
dcrlme_seed0,dcrlme,0,leg4_weak,random,2,9,838,1074.62841796875,218,1288.931884765625,49.358072234067315,38.60479712694411,
dcrlme_seed0,dcrlme,0,leg4_weak,random,2,10,169,1019.5972290039062,218,1288.931884765625,49.358072234067315,38.60479712694411,
dcrlme_seed0,dcrlme,0,leg4_weak,random,2,11,122,1103.904052734375,218,1288.931884765625,49.358072234067315,38.60479712694411,
dcrlme_seed0,dcrlme,0,leg4_weak,random,2,12,89,1387.7269287109375,89,1284.401123046875,48.38674862953242,37.84508855243053,
dcrlme_seed0,dcrlme,0,leg4_weak,random,2,13,943,1281.203369140625,89,1284.401123046875,48.38674862953242,37.84508855243053,
dcrlme_seed0,dcrlme,0,leg4_weak,random,2,14,808,1122.180908203125,89,1284.401123046875,48.38674862953242,37.84508855243053,
dcrlme_seed0,dcrlme,0,leg4_weak,random,2,15,880,1154.3271484375,89,1284.401123046875,48.38674862953242,37.84508855243053,
dcrlme_seed0,dcrlme,0,leg4_weak,random,2,16,475,1065.648193359375,89,1284.401123046875,48.38674862953242,37.84508855243053,
dcrlme_seed0,dcrlme,0,leg4_weak,random,2,17,900,1221.023681640625,89,1284.401123046875,48.38674862953242,37.84508855243053,
dcrlme_seed0,dcrlme,0,leg4_weak,random,2,18,427,1083.291748046875,89,1284.401123046875,48.38674862953242,37.84508855243053,
dcrlme_seed0,dcrlme,0,leg4_weak,random,2,19,23,1168.0185546875,89,1284.401123046875,48.38674862953242,37.84508855243053,
dcrlme_seed0,dcrlme,0,leg4_weak,random,2,20,389,1195.14794921875,89,1284.401123046875,48.38674862953242,37.84508855243053,
dcrlme_seed0,dcrlme,0,leg4_weak,random,3,1,807,1237.4080810546875,807,1247.401123046875,40.454534225260815,31.64100654549646,
dcrlme_seed0,dcrlme,0,leg4_weak,random,3,2,766,1100.078125,807,1247.401123046875,40.454534225260815,31.64100654549646,
dcrlme_seed0,dcrlme,0,leg4_weak,random,3,3,697,1173.9534912109375,807,1247.401123046875,40.454534225260815,31.64100654549646,
dcrlme_seed0,dcrlme,0,leg4_weak,random,3,4,953,1112.84130859375,807,1247.401123046875,40.454534225260815,31.64100654549646,
dcrlme_seed0,dcrlme,0,leg4_weak,random,3,5,438,1069.4263916015625,807,1247.401123046875,40.454534225260815,31.64100654549646,
dcrlme_seed0,dcrlme,0,leg4_weak,random,3,6,607,711.2802124023438,807,1247.401123046875,40.454534225260815,31.64100654549646,
dcrlme_seed0,dcrlme,0,leg4_weak,random,3,7,913,1134.9305419921875,807,1247.401123046875,40.454534225260815,31.64100654549646,
dcrlme_seed0,dcrlme,0,leg4_weak,random,3,8,484,887.9855346679688,807,1247.401123046875,40.454534225260815,31.64100654549646,
dcrlme_seed0,dcrlme,0,leg4_weak,random,3,9,771,1152.627685546875,807,1247.401123046875,40.454534225260815,31.64100654549646,
dcrlme_seed0,dcrlme,0,leg4_weak,random,3,10,535,1295.977294921875,535,1295.9481201171875,50.8622420481058,39.78126468102638,
dcrlme_seed0,dcrlme,0,leg4_weak,random,3,11,975,1353.85302734375,975,1466.924560546875,87.51688484722615,68.45023380749824,
dcrlme_seed0,dcrlme,0,leg4_weak,random,3,12,742,1269.81787109375,975,1466.924560546875,87.51688484722615,68.45023380749824,
dcrlme_seed0,dcrlme,0,leg4_weak,random,3,13,198,1167.2052001953125,975,1466.924560546875,87.51688484722615,68.45023380749824,
dcrlme_seed0,dcrlme,0,leg4_weak,random,3,14,271,967.3844604492188,975,1466.924560546875,87.51688484722615,68.45023380749824,
dcrlme_seed0,dcrlme,0,leg4_weak,random,3,15,83,1129.958251953125,975,1466.924560546875,87.51688484722615,68.45023380749824,
dcrlme_seed0,dcrlme,0,leg4_weak,random,3,16,510,794.0574951171875,975,1466.924560546875,87.51688484722615,68.45023380749824,
dcrlme_seed0,dcrlme,0,leg4_weak,random,3,17,588,1297.5250244140625,975,1466.924560546875,87.51688484722615,68.45023380749824,
dcrlme_seed0,dcrlme,0,leg4_weak,random,3,18,373,1123.0162353515625,975,1466.924560546875,87.51688484722615,68.45023380749824,
dcrlme_seed0,dcrlme,0,leg4_weak,random,3,19,655,603.6827392578125,975,1466.924560546875,87.51688484722615,68.45023380749824,
dcrlme_seed0,dcrlme,0,leg4_weak,random,3,20,832,1240.257080078125,975,1466.924560546875,87.51688484722615,68.45023380749824,
dcrlme_seed0,dcrlme,0,leg4_weak,random,4,1,849,1091.5625,849,1088.1298828125,6.309301090846959,4.93474071414079,
dcrlme_seed0,dcrlme,0,leg4_weak,random,4,2,399,1191.373291015625,399,1178.244873046875,25.628528755114647,20.045032321387424,
dcrlme_seed0,dcrlme,0,leg4_weak,random,4,3,535,1315.425048828125,535,1295.9481201171875,50.8622420481058,39.78126468102638,
dcrlme_seed0,dcrlme,0,leg4_weak,random,4,4,332,1153.9091796875,535,1295.9481201171875,50.8622420481058,39.78126468102638,
dcrlme_seed0,dcrlme,0,leg4_weak,random,4,5,600,1081.8984375,535,1295.9481201171875,50.8622420481058,39.78126468102638,
dcrlme_seed0,dcrlme,0,leg4_weak,random,4,6,968,1094.5367431640625,535,1295.9481201171875,50.8622420481058,39.78126468102638,
dcrlme_seed0,dcrlme,0,leg4_weak,random,4,7,1012,1406.8692626953125,1012,1525.15234375,100.0,78.21374575544867,
dcrlme_seed0,dcrlme,0,leg4_weak,random,4,8,897,1256.37353515625,1012,1525.15234375,100.0,78.21374575544867,
dcrlme_seed0,dcrlme,0,leg4_weak,random,4,9,190,1128.643798828125,1012,1525.15234375,100.0,78.21374575544867,
dcrlme_seed0,dcrlme,0,leg4_weak,random,4,10,963,1325.893798828125,1012,1525.15234375,100.0,78.21374575544867,
dcrlme_seed0,dcrlme,0,leg4_weak,random,4,11,536,1128.6785888671875,1012,1525.15234375,100.0,78.21374575544867,
dcrlme_seed0,dcrlme,0,leg4_weak,random,4,12,1007,1347.0804443359375,1012,1525.15234375,100.0,78.21374575544867,
dcrlme_seed0,dcrlme,0,leg4_weak,random,4,13,708,1078.976318359375,1012,1525.15234375,100.0,78.21374575544867,
dcrlme_seed0,dcrlme,0,leg4_weak,random,4,14,53,1256.4163818359375,1012,1525.15234375,100.0,78.21374575544867,
dcrlme_seed0,dcrlme,0,leg4_weak,random,4,15,254,1067.25390625,1012,1525.15234375,100.0,78.21374575544867,
dcrlme_seed0,dcrlme,0,leg4_weak,random,4,16,309,1061.464599609375,1012,1525.15234375,100.0,78.21374575544867,
dcrlme_seed0,dcrlme,0,leg4_weak,random,4,17,651,938.2998046875,1012,1525.15234375,100.0,78.21374575544867,
dcrlme_seed0,dcrlme,0,leg4_weak,random,4,18,985,1102.2684326171875,1012,1525.15234375,100.0,78.21374575544867,
dcrlme_seed0,dcrlme,0,leg4_weak,random,4,19,499,1064.345947265625,1012,1525.15234375,100.0,78.21374575544867,
dcrlme_seed0,dcrlme,0,leg4_weak,random,4,20,1017,1314.77783203125,1012,1525.15234375,100.0,78.21374575544867,
dcrlme_seed0,dcrlme,0,leg4_weak,best_intact,0,1,724,1439.41650390625,724,1349.701416015625,62.386097940069575,48.79450402959122,
dcrlme_seed0,dcrlme,0,leg4_weak,best_intact,1,1,724,1401.99267578125,724,1349.701416015625,62.386097940069575,48.79450402959122,
dcrlme_seed0,dcrlme,0,leg4_weak,best_intact,2,1,724,1310.1904296875,724,1349.701416015625,62.386097940069575,48.79450402959122,
dcrlme_seed0,dcrlme,0,leg4_weak,best_intact,3,1,724,1369.5272216796875,724,1349.701416015625,62.386097940069575,48.79450402959122,
dcrlme_seed0,dcrlme,0,leg4_weak,best_intact,4,1,724,1388.6859130859375,724,1349.701416015625,62.386097940069575,48.79450402959122,
dcrlme_seed0,dcrlme,0,legs12_paralysed,ite,0,1,724,1063.909912109375,724,1064.8739013671875,13.005387647291077,1.0352267671554958,
dcrlme_seed0,dcrlme,0,legs12_paralysed,ite,0,2,218,1060.999267578125,724,1064.8739013671875,13.005387647291077,1.0352267671554958,
dcrlme_seed0,dcrlme,0,legs12_paralysed,ite,0,3,393,1057.431884765625,724,1064.8739013671875,13.005387647291077,1.0352267671554958,
dcrlme_seed0,dcrlme,0,legs12_paralysed,ite,0,4,1001,1048.6903076171875,724,1064.8739013671875,13.005387647291077,1.0352267671554958,
dcrlme_seed0,dcrlme,0,legs12_paralysed,ite,0,5,986,1057.488037109375,724,1064.8739013671875,13.005387647291077,1.0352267671554958,
dcrlme_seed0,dcrlme,0,legs12_paralysed,ite,0,6,930,1059.5699462890625,724,1064.8739013671875,13.005387647291077,1.0352267671554958,
dcrlme_seed0,dcrlme,0,legs12_paralysed,ite,0,7,87,1057.754638671875,724,1064.8739013671875,13.005387647291077,1.0352267671554958,
dcrlme_seed0,dcrlme,0,legs12_paralysed,ite,0,8,375,1061.450439453125,724,1064.8739013671875,13.005387647291077,1.0352267671554958,
dcrlme_seed0,dcrlme,0,legs12_paralysed,ite,0,9,24,1070.142822265625,24,1064.8675537109375,12.992016243170214,1.0341624055358518,
dcrlme_seed0,dcrlme,0,legs12_paralysed,ite,0,10,743,1059.8616943359375,24,1064.8675537109375,12.992016243170214,1.0341624055358518,
dcrlme_seed0,dcrlme,0,legs12_paralysed,ite,0,11,880,1059.572021484375,24,1064.8675537109375,12.992016243170214,1.0341624055358518,
dcrlme_seed0,dcrlme,0,legs12_paralysed,ite,0,12,863,1065.330322265625,24,1064.8675537109375,12.992016243170214,1.0341624055358518,
dcrlme_seed0,dcrlme,0,legs12_paralysed,ite,0,13,724,1062.4075927734375,24,1064.8675537109375,12.992016243170214,1.0341624055358518,
dcrlme_seed0,dcrlme,0,legs12_paralysed,ite,0,14,700,1053.7340087890625,24,1064.8675537109375,12.992016243170214,1.0341624055358518,
dcrlme_seed0,dcrlme,0,legs12_paralysed,ite,0,15,229,1066.492919921875,24,1064.8675537109375,12.992016243170214,1.0341624055358518,
dcrlme_seed0,dcrlme,0,legs12_paralysed,ite,0,16,348,1062.48193359375,24,1064.8675537109375,12.992016243170214,1.0341624055358518,
dcrlme_seed0,dcrlme,0,legs12_paralysed,ite,0,17,24,1050.8140869140625,24,1064.8675537109375,12.992016243170214,1.0341624055358518,
dcrlme_seed0,dcrlme,0,legs12_paralysed,ite,0,18,986,1058.65283203125,24,1064.8675537109375,12.992016243170214,1.0341624055358518,
dcrlme_seed0,dcrlme,0,legs12_paralysed,ite,0,19,1001,1046.719970703125,24,1064.8675537109375,12.992016243170214,1.0341624055358518,
dcrlme_seed0,dcrlme,0,legs12_paralysed,ite,0,20,724,1064.1923828125,24,1064.8675537109375,12.992016243170214,1.0341624055358518,
dcrlme_seed0,dcrlme,0,legs12_paralysed,ite,1,1,724,1062.559326171875,724,1064.8739013671875,13.005387647291077,1.0352267671554958,
dcrlme_seed0,dcrlme,0,legs12_paralysed,ite,1,2,218,1059.42822265625,724,1064.8739013671875,13.005387647291077,1.0352267671554958,
dcrlme_seed0,dcrlme,0,legs12_paralysed,ite,1,3,393,1056.7412109375,724,1064.8739013671875,13.005387647291077,1.0352267671554958,
dcrlme_seed0,dcrlme,0,legs12_paralysed,ite,1,4,1001,1053.98779296875,724,1064.8739013671875,13.005387647291077,1.0352267671554958,
dcrlme_seed0,dcrlme,0,legs12_paralysed,ite,1,5,986,1057.047119140625,724,1064.8739013671875,13.005387647291077,1.0352267671554958,
dcrlme_seed0,dcrlme,0,legs12_paralysed,ite,1,6,930,1064.52490234375,930,1058.88623046875,0.3922964255150122,0.03122673244093218,
dcrlme_seed0,dcrlme,0,legs12_paralysed,ite,1,7,87,1078.23046875,87,1056.66552734375,-4.285637877690838,-0.34113608649298033,
dcrlme_seed0,dcrlme,0,legs12_paralysed,ite,1,8,375,1060.264404296875,87,1056.66552734375,-4.285637877690838,-0.34113608649298033,
dcrlme_seed0,dcrlme,0,legs12_paralysed,ite,1,9,24,1072.2950439453125,87,1056.66552734375,-4.285637877690838,-0.34113608649298033,
dcrlme_seed0,dcrlme,0,legs12_paralysed,ite,1,10,743,1067.79296875,87,1056.66552734375,-4.285637877690838,-0.34113608649298033,
dcrlme_seed0,dcrlme,0,legs12_paralysed,ite,1,11,880,1061.50048828125,87,1056.66552734375,-4.285637877690838,-0.34113608649298033,
dcrlme_seed0,dcrlme,0,legs12_paralysed,ite,1,12,348,1067.365234375,87,1056.66552734375,-4.285637877690838,-0.34113608649298033,
dcrlme_seed0,dcrlme,0,legs12_paralysed,ite,1,13,724,1062.14697265625,87,1056.66552734375,-4.285637877690838,-0.34113608649298033,
dcrlme_seed0,dcrlme,0,legs12_paralysed,ite,1,14,863,1062.7744140625,87,1056.66552734375,-4.285637877690838,-0.34113608649298033,
dcrlme_seed0,dcrlme,0,legs12_paralysed,ite,1,15,700,1050.0821533203125,87,1056.66552734375,-4.285637877690838,-0.34113608649298033,
dcrlme_seed0,dcrlme,0,legs12_paralysed,ite,1,16,229,1067.32861328125,87,1056.66552734375,-4.285637877690838,-0.34113608649298033,
dcrlme_seed0,dcrlme,0,legs12_paralysed,ite,1,17,24,1069.179443359375,87,1056.66552734375,-4.285637877690838,-0.34113608649298033,
dcrlme_seed0,dcrlme,0,legs12_paralysed,ite,1,18,1001,1051.35546875,87,1056.66552734375,-4.285637877690838,-0.34113608649298033,
dcrlme_seed0,dcrlme,0,legs12_paralysed,ite,1,19,986,1057.912841796875,87,1056.66552734375,-4.285637877690838,-0.34113608649298033,
dcrlme_seed0,dcrlme,0,legs12_paralysed,ite,1,20,87,1060.7784423828125,87,1056.66552734375,-4.285637877690838,-0.34113608649298033,
dcrlme_seed0,dcrlme,0,legs12_paralysed,ite,2,1,724,1062.0338134765625,724,1064.8739013671875,13.005387647291077,1.0352267671554958,
dcrlme_seed0,dcrlme,0,legs12_paralysed,ite,2,2,218,1059.88330078125,724,1064.8739013671875,13.005387647291077,1.0352267671554958,
dcrlme_seed0,dcrlme,0,legs12_paralysed,ite,2,3,393,1056.2255859375,724,1064.8739013671875,13.005387647291077,1.0352267671554958,
dcrlme_seed0,dcrlme,0,legs12_paralysed,ite,2,4,1001,1042.0216064453125,724,1064.8739013671875,13.005387647291077,1.0352267671554958,
dcrlme_seed0,dcrlme,0,legs12_paralysed,ite,2,5,986,1056.4775390625,724,1064.8739013671875,13.005387647291077,1.0352267671554958,
dcrlme_seed0,dcrlme,0,legs12_paralysed,ite,2,6,930,1063.430419921875,930,1058.88623046875,0.3922964255150122,0.03122673244093218,
dcrlme_seed0,dcrlme,0,legs12_paralysed,ite,2,7,87,1060.859375,930,1058.88623046875,0.3922964255150122,0.03122673244093218,
dcrlme_seed0,dcrlme,0,legs12_paralysed,ite,2,8,375,1060.826171875,930,1058.88623046875,0.3922964255150122,0.03122673244093218,
dcrlme_seed0,dcrlme,0,legs12_paralysed,ite,2,9,24,1072.018798828125,24,1064.8675537109375,12.992016243170214,1.0341624055358518,
dcrlme_seed0,dcrlme,0,legs12_paralysed,ite,2,10,743,1062.862060546875,24,1064.8675537109375,12.992016243170214,1.0341624055358518,
dcrlme_seed0,dcrlme,0,legs12_paralysed,ite,2,11,880,1060.231201171875,24,1064.8675537109375,12.992016243170214,1.0341624055358518,
dcrlme_seed0,dcrlme,0,legs12_paralysed,ite,2,12,863,1064.0494384765625,24,1064.8675537109375,12.992016243170214,1.0341624055358518,
dcrlme_seed0,dcrlme,0,legs12_paralysed,ite,2,13,724,1063.8828125,24,1064.8675537109375,12.992016243170214,1.0341624055358518,
dcrlme_seed0,dcrlme,0,legs12_paralysed,ite,2,14,700,1049.8104248046875,24,1064.8675537109375,12.992016243170214,1.0341624055358518,
dcrlme_seed0,dcrlme,0,legs12_paralysed,ite,2,15,348,1059.5567626953125,24,1064.8675537109375,12.992016243170214,1.0341624055358518,
dcrlme_seed0,dcrlme,0,legs12_paralysed,ite,2,16,229,1063.557861328125,24,1064.8675537109375,12.992016243170214,1.0341624055358518,
dcrlme_seed0,dcrlme,0,legs12_paralysed,ite,2,17,24,1080.411865234375,24,1064.8675537109375,12.992016243170214,1.0341624055358518,
dcrlme_seed0,dcrlme,0,legs12_paralysed,ite,2,18,986,1056.445556640625,24,1064.8675537109375,12.992016243170214,1.0341624055358518,
dcrlme_seed0,dcrlme,0,legs12_paralysed,ite,2,19,1001,1048.43994140625,24,1064.8675537109375,12.992016243170214,1.0341624055358518,
dcrlme_seed0,dcrlme,0,legs12_paralysed,ite,2,20,724,1062.34619140625,24,1064.8675537109375,12.992016243170214,1.0341624055358518,
dcrlme_seed0,dcrlme,0,legs12_paralysed,ite,3,1,724,1065.7847900390625,724,1064.8739013671875,13.005387647291077,1.0352267671554958,
dcrlme_seed0,dcrlme,0,legs12_paralysed,ite,3,2,218,1057.358154296875,724,1064.8739013671875,13.005387647291077,1.0352267671554958,
dcrlme_seed0,dcrlme,0,legs12_paralysed,ite,3,3,393,1057.308837890625,724,1064.8739013671875,13.005387647291077,1.0352267671554958,
dcrlme_seed0,dcrlme,0,legs12_paralysed,ite,3,4,1001,1050.927978515625,724,1064.8739013671875,13.005387647291077,1.0352267671554958,
dcrlme_seed0,dcrlme,0,legs12_paralysed,ite,3,5,986,1056.5126953125,724,1064.8739013671875,13.005387647291077,1.0352267671554958,
dcrlme_seed0,dcrlme,0,legs12_paralysed,ite,3,6,930,1064.369140625,724,1064.8739013671875,13.005387647291077,1.0352267671554958,
dcrlme_seed0,dcrlme,0,legs12_paralysed,ite,3,7,87,1056.734375,724,1064.8739013671875,13.005387647291077,1.0352267671554958,
dcrlme_seed0,dcrlme,0,legs12_paralysed,ite,3,8,375,1060.6383056640625,724,1064.8739013671875,13.005387647291077,1.0352267671554958,
dcrlme_seed0,dcrlme,0,legs12_paralysed,ite,3,9,24,1072.0272216796875,24,1064.8675537109375,12.992016243170214,1.0341624055358518,
dcrlme_seed0,dcrlme,0,legs12_paralysed,ite,3,10,743,1063.231689453125,24,1064.8675537109375,12.992016243170214,1.0341624055358518,
dcrlme_seed0,dcrlme,0,legs12_paralysed,ite,3,11,880,1063.266845703125,24,1064.8675537109375,12.992016243170214,1.0341624055358518,
dcrlme_seed0,dcrlme,0,legs12_paralysed,ite,3,12,863,1062.982177734375,24,1064.8675537109375,12.992016243170214,1.0341624055358518,
dcrlme_seed0,dcrlme,0,legs12_paralysed,ite,3,13,724,1063.0010986328125,24,1064.8675537109375,12.992016243170214,1.0341624055358518,
dcrlme_seed0,dcrlme,0,legs12_paralysed,ite,3,14,700,1058.5643310546875,24,1064.8675537109375,12.992016243170214,1.0341624055358518,
dcrlme_seed0,dcrlme,0,legs12_paralysed,ite,3,15,229,1066.5572509765625,24,1064.8675537109375,12.992016243170214,1.0341624055358518,
dcrlme_seed0,dcrlme,0,legs12_paralysed,ite,3,16,348,1067.07080078125,24,1064.8675537109375,12.992016243170214,1.0341624055358518,
dcrlme_seed0,dcrlme,0,legs12_paralysed,ite,3,17,24,1049.974365234375,24,1064.8675537109375,12.992016243170214,1.0341624055358518,
dcrlme_seed0,dcrlme,0,legs12_paralysed,ite,3,18,1001,1055.304931640625,24,1064.8675537109375,12.992016243170214,1.0341624055358518,
dcrlme_seed0,dcrlme,0,legs12_paralysed,ite,3,19,986,1056.2001953125,24,1064.8675537109375,12.992016243170214,1.0341624055358518,
dcrlme_seed0,dcrlme,0,legs12_paralysed,ite,3,20,724,1062.5263671875,24,1064.8675537109375,12.992016243170214,1.0341624055358518,
dcrlme_seed0,dcrlme,0,legs12_paralysed,ite,4,1,724,1062.60546875,724,1064.8739013671875,13.005387647291077,1.0352267671554958,
dcrlme_seed0,dcrlme,0,legs12_paralysed,ite,4,2,218,1058.49853515625,724,1064.8739013671875,13.005387647291077,1.0352267671554958,
dcrlme_seed0,dcrlme,0,legs12_paralysed,ite,4,3,393,1055.8349609375,724,1064.8739013671875,13.005387647291077,1.0352267671554958,
dcrlme_seed0,dcrlme,0,legs12_paralysed,ite,4,4,1001,1046.449462890625,724,1064.8739013671875,13.005387647291077,1.0352267671554958,
dcrlme_seed0,dcrlme,0,legs12_paralysed,ite,4,5,986,1056.800537109375,724,1064.8739013671875,13.005387647291077,1.0352267671554958,
dcrlme_seed0,dcrlme,0,legs12_paralysed,ite,4,6,930,1059.0576171875,724,1064.8739013671875,13.005387647291077,1.0352267671554958,
dcrlme_seed0,dcrlme,0,legs12_paralysed,ite,4,7,87,1060.6512451171875,724,1064.8739013671875,13.005387647291077,1.0352267671554958,
dcrlme_seed0,dcrlme,0,legs12_paralysed,ite,4,8,375,1064.658935546875,375,1062.799560546875,8.63576706602585,0.6874056709514514,
dcrlme_seed0,dcrlme,0,legs12_paralysed,ite,4,9,24,1065.6954345703125,24,1064.8675537109375,12.992016243170214,1.0341624055358518,
dcrlme_seed0,dcrlme,0,legs12_paralysed,ite,4,10,743,1060.34375,24,1064.8675537109375,12.992016243170214,1.0341624055358518,
dcrlme_seed0,dcrlme,0,legs12_paralysed,ite,4,11,880,1061.0411376953125,24,1064.8675537109375,12.992016243170214,1.0341624055358518,
dcrlme_seed0,dcrlme,0,legs12_paralysed,ite,4,12,863,1071.7080078125,863,1064.2757568359375,11.745389951286862,0.9349311529967353,
dcrlme_seed0,dcrlme,0,legs12_paralysed,ite,4,13,724,1065.302734375,863,1064.2757568359375,11.745389951286862,0.9349311529967353,
dcrlme_seed0,dcrlme,0,legs12_paralysed,ite,4,14,229,1064.038330078125,863,1064.2757568359375,11.745389951286862,0.9349311529967353,
dcrlme_seed0,dcrlme,0,legs12_paralysed,ite,4,15,700,1051.8565673828125,863,1064.2757568359375,11.745389951286862,0.9349311529967353,
dcrlme_seed0,dcrlme,0,legs12_paralysed,ite,4,16,348,1060.4359130859375,863,1064.2757568359375,11.745389951286862,0.9349311529967353,
dcrlme_seed0,dcrlme,0,legs12_paralysed,ite,4,17,986,1057.012451171875,863,1064.2757568359375,11.745389951286862,0.9349311529967353,
dcrlme_seed0,dcrlme,0,legs12_paralysed,ite,4,18,24,1080.583740234375,24,1064.8675537109375,12.992016243170214,1.0341624055358518,
dcrlme_seed0,dcrlme,0,legs12_paralysed,ite,4,19,1001,1052.203125,24,1064.8675537109375,12.992016243170214,1.0341624055358518,
dcrlme_seed0,dcrlme,0,legs12_paralysed,ite,4,20,724,1060.7515869140625,24,1064.8675537109375,12.992016243170214,1.0341624055358518,
dcrlme_seed0,dcrlme,0,legs12_paralysed,top_k,0,1,724,1061.670166015625,724,1064.8739013671875,13.005387647291077,1.0352267671554958,
dcrlme_seed0,dcrlme,0,legs12_paralysed,top_k,0,2,342,1057.913330078125,724,1064.8739013671875,13.005387647291077,1.0352267671554958,
dcrlme_seed0,dcrlme,0,legs12_paralysed,top_k,0,3,716,1064.3760986328125,716,1065.1993408203125,13.690929250872145,1.0897957686549358,
dcrlme_seed0,dcrlme,0,legs12_paralysed,top_k,0,4,218,1054.7828369140625,716,1065.1993408203125,13.690929250872145,1.0897957686549358,
dcrlme_seed0,dcrlme,0,legs12_paralysed,top_k,0,5,939,1063.4788818359375,716,1065.1993408203125,13.690929250872145,1.0897957686549358,
dcrlme_seed0,dcrlme,0,legs12_paralysed,top_k,0,6,880,1064.60888671875,880,1063.8018798828125,10.747163205187196,0.8554724643917745,
dcrlme_seed0,dcrlme,0,legs12_paralysed,top_k,0,7,330,1057.8319091796875,880,1063.8018798828125,10.747163205187196,0.8554724643917745,
dcrlme_seed0,dcrlme,0,legs12_paralysed,top_k,0,8,381,1061.920654296875,880,1063.8018798828125,10.747163205187196,0.8554724643917745,
dcrlme_seed0,dcrlme,0,legs12_paralysed,top_k,0,9,901,1066.73583984375,901,1066.5655517578125,16.568866845500544,1.318879138790619,
dcrlme_seed0,dcrlme,0,legs12_paralysed,top_k,0,10,131,1070.190673828125,131,1065.6495361328125,14.63927037390552,1.1652835696789172,
dcrlme_seed0,dcrlme,0,legs12_paralysed,top_k,0,11,858,1061.9317626953125,131,1065.6495361328125,14.63927037390552,1.1652835696789172,
dcrlme_seed0,dcrlme,0,legs12_paralysed,top_k,0,12,126,1069.4295654296875,131,1065.6495361328125,14.63927037390552,1.1652835696789172,
dcrlme_seed0,dcrlme,0,legs12_paralysed,top_k,0,13,41,1066.1259765625,131,1065.6495361328125,14.63927037390552,1.1652835696789172,
dcrlme_seed0,dcrlme,0,legs12_paralysed,top_k,0,14,229,1066.17431640625,131,1065.6495361328125,14.63927037390552,1.1652835696789172,
dcrlme_seed0,dcrlme,0,legs12_paralysed,top_k,0,15,244,1064.171142578125,131,1065.6495361328125,14.63927037390552,1.1652835696789172,
dcrlme_seed0,dcrlme,0,legs12_paralysed,top_k,0,16,73,1065.64306640625,131,1065.6495361328125,14.63927037390552,1.1652835696789172,
dcrlme_seed0,dcrlme,0,legs12_paralysed,top_k,0,17,535,1062.9505615234375,131,1065.6495361328125,14.63927037390552,1.1652835696789172,
dcrlme_seed0,dcrlme,0,legs12_paralysed,top_k,0,18,43,1065.6771240234375,131,1065.6495361328125,14.63927037390552,1.1652835696789172,
dcrlme_seed0,dcrlme,0,legs12_paralysed,top_k,0,19,217,1062.95947265625,131,1065.6495361328125,14.63927037390552,1.1652835696789172,
dcrlme_seed0,dcrlme,0,legs12_paralysed,top_k,0,20,26,1056.842041015625,131,1065.6495361328125,14.63927037390552,1.1652835696789172,
dcrlme_seed0,dcrlme,0,legs12_paralysed,top_k,1,1,724,1061.662109375,724,1064.8739013671875,13.005387647291077,1.0352267671554958,
dcrlme_seed0,dcrlme,0,legs12_paralysed,top_k,1,2,342,1060.912109375,724,1064.8739013671875,13.005387647291077,1.0352267671554958,
dcrlme_seed0,dcrlme,0,legs12_paralysed,top_k,1,3,716,1065.2996826171875,716,1065.1993408203125,13.690929250872145,1.0897957686549358,
dcrlme_seed0,dcrlme,0,legs12_paralysed,top_k,1,4,218,1057.700439453125,716,1065.1993408203125,13.690929250872145,1.0897957686549358,
dcrlme_seed0,dcrlme,0,legs12_paralysed,top_k,1,5,939,1064.8660888671875,716,1065.1993408203125,13.690929250872145,1.0897957686549358,
dcrlme_seed0,dcrlme,0,legs12_paralysed,top_k,1,6,880,1062.2462158203125,716,1065.1993408203125,13.690929250872145,1.0897957686549358,
dcrlme_seed0,dcrlme,0,legs12_paralysed,top_k,1,7,330,1057.2313232421875,716,1065.1993408203125,13.690929250872145,1.0897957686549358,
dcrlme_seed0,dcrlme,0,legs12_paralysed,top_k,1,8,381,1061.7734375,716,1065.1993408203125,13.690929250872145,1.0897957686549358,
dcrlme_seed0,dcrlme,0,legs12_paralysed,top_k,1,9,901,1061.50732421875,716,1065.1993408203125,13.690929250872145,1.0897957686549358,
dcrlme_seed0,dcrlme,0,legs12_paralysed,top_k,1,10,131,1065.564453125,131,1065.6495361328125,14.63927037390552,1.1652835696789172,
dcrlme_seed0,dcrlme,0,legs12_paralysed,top_k,1,11,858,1060.1396484375,131,1065.6495361328125,14.63927037390552,1.1652835696789172,
dcrlme_seed0,dcrlme,0,legs12_paralysed,top_k,1,12,126,1067.454345703125,126,1066.993408203125,17.47015091172397,1.3906212056531608,
dcrlme_seed0,dcrlme,0,legs12_paralysed,top_k,1,13,41,1065.69677734375,126,1066.993408203125,17.47015091172397,1.3906212056531608,
dcrlme_seed0,dcrlme,0,legs12_paralysed,top_k,1,14,229,1069.1279296875,229,1066.20361328125,15.806439668224526,1.2581900579782261,
dcrlme_seed0,dcrlme,0,legs12_paralysed,top_k,1,15,244,1079.742431640625,244,1061.867431640625,6.672227799354792,0.5311082608052687,
dcrlme_seed0,dcrlme,0,legs12_paralysed,top_k,1,16,73,1066.172119140625,244,1061.867431640625,6.672227799354792,0.5311082608052687,
dcrlme_seed0,dcrlme,0,legs12_paralysed,top_k,1,17,535,1062.9072265625,244,1061.867431640625,6.672227799354792,0.5311082608052687,
dcrlme_seed0,dcrlme,0,legs12_paralysed,top_k,1,18,43,1072.1690673828125,244,1061.867431640625,6.672227799354792,0.5311082608052687,
dcrlme_seed0,dcrlme,0,legs12_paralysed,top_k,1,19,217,1064.301025390625,244,1061.867431640625,6.672227799354792,0.5311082608052687,
dcrlme_seed0,dcrlme,0,legs12_paralysed,top_k,1,20,26,1061.64501953125,244,1061.867431640625,6.672227799354792,0.5311082608052687,
dcrlme_seed0,dcrlme,0,legs12_paralysed,top_k,2,1,724,1062.32861328125,724,1064.8739013671875,13.005387647291077,1.0352267671554958,
dcrlme_seed0,dcrlme,0,legs12_paralysed,top_k,2,2,342,1061.181640625,724,1064.8739013671875,13.005387647291077,1.0352267671554958,
dcrlme_seed0,dcrlme,0,legs12_paralysed,top_k,2,3,716,1066.1895751953125,716,1065.1993408203125,13.690929250872145,1.0897957686549358,
dcrlme_seed0,dcrlme,0,legs12_paralysed,top_k,2,4,218,1063.550537109375,716,1065.1993408203125,13.690929250872145,1.0897957686549358,
dcrlme_seed0,dcrlme,0,legs12_paralysed,top_k,2,5,939,1065.162841796875,716,1065.1993408203125,13.690929250872145,1.0897957686549358,
dcrlme_seed0,dcrlme,0,legs12_paralysed,top_k,2,6,880,1059.02685546875,716,1065.1993408203125,13.690929250872145,1.0897957686549358,
dcrlme_seed0,dcrlme,0,legs12_paralysed,top_k,2,7,330,1060.4635009765625,716,1065.1993408203125,13.690929250872145,1.0897957686549358,
dcrlme_seed0,dcrlme,0,legs12_paralysed,top_k,2,8,381,1059.827392578125,716,1065.1993408203125,13.690929250872145,1.0897957686549358,
dcrlme_seed0,dcrlme,0,legs12_paralysed,top_k,2,9,901,1056.857177734375,716,1065.1993408203125,13.690929250872145,1.0897957686549358,
dcrlme_seed0,dcrlme,0,legs12_paralysed,top_k,2,10,131,1068.703125,131,1065.6495361328125,14.63927037390552,1.1652835696789172,
dcrlme_seed0,dcrlme,0,legs12_paralysed,top_k,2,11,858,1059.257568359375,131,1065.6495361328125,14.63927037390552,1.1652835696789172,
dcrlme_seed0,dcrlme,0,legs12_paralysed,top_k,2,12,126,1067.46142578125,131,1065.6495361328125,14.63927037390552,1.1652835696789172,
dcrlme_seed0,dcrlme,0,legs12_paralysed,top_k,2,13,41,1062.7099609375,131,1065.6495361328125,14.63927037390552,1.1652835696789172,
dcrlme_seed0,dcrlme,0,legs12_paralysed,top_k,2,14,229,1066.942626953125,131,1065.6495361328125,14.63927037390552,1.1652835696789172,
dcrlme_seed0,dcrlme,0,legs12_paralysed,top_k,2,15,244,1059.77587890625,131,1065.6495361328125,14.63927037390552,1.1652835696789172,
dcrlme_seed0,dcrlme,0,legs12_paralysed,top_k,2,16,73,1067.9874267578125,131,1065.6495361328125,14.63927037390552,1.1652835696789172,
dcrlme_seed0,dcrlme,0,legs12_paralysed,top_k,2,17,535,1065.34130859375,131,1065.6495361328125,14.63927037390552,1.1652835696789172,
dcrlme_seed0,dcrlme,0,legs12_paralysed,top_k,2,18,43,1066.8056640625,131,1065.6495361328125,14.63927037390552,1.1652835696789172,
dcrlme_seed0,dcrlme,0,legs12_paralysed,top_k,2,19,217,1064.0416259765625,131,1065.6495361328125,14.63927037390552,1.1652835696789172,
dcrlme_seed0,dcrlme,0,legs12_paralysed,top_k,2,20,26,1058.0687255859375,131,1065.6495361328125,14.63927037390552,1.1652835696789172,
dcrlme_seed0,dcrlme,0,legs12_paralysed,top_k,3,1,724,1063.683349609375,724,1064.8739013671875,13.005387647291077,1.0352267671554958,
dcrlme_seed0,dcrlme,0,legs12_paralysed,top_k,3,2,342,1059.787109375,724,1064.8739013671875,13.005387647291077,1.0352267671554958,
dcrlme_seed0,dcrlme,0,legs12_paralysed,top_k,3,3,716,1066.66455078125,716,1065.1993408203125,13.690929250872145,1.0897957686549358,
dcrlme_seed0,dcrlme,0,legs12_paralysed,top_k,3,4,218,1058.995361328125,716,1065.1993408203125,13.690929250872145,1.0897957686549358,
dcrlme_seed0,dcrlme,0,legs12_paralysed,top_k,3,5,939,1066.18408203125,716,1065.1993408203125,13.690929250872145,1.0897957686549358,
dcrlme_seed0,dcrlme,0,legs12_paralysed,top_k,3,6,880,1058.8890380859375,716,1065.1993408203125,13.690929250872145,1.0897957686549358,
dcrlme_seed0,dcrlme,0,legs12_paralysed,top_k,3,7,330,1058.47705078125,716,1065.1993408203125,13.690929250872145,1.0897957686549358,
dcrlme_seed0,dcrlme,0,legs12_paralysed,top_k,3,8,381,1061.5213623046875,716,1065.1993408203125,13.690929250872145,1.0897957686549358,
dcrlme_seed0,dcrlme,0,legs12_paralysed,top_k,3,9,901,1079.482666015625,901,1066.5655517578125,16.568866845500544,1.318879138790619,
dcrlme_seed0,dcrlme,0,legs12_paralysed,top_k,3,10,131,1065.781982421875,901,1066.5655517578125,16.568866845500544,1.318879138790619,
dcrlme_seed0,dcrlme,0,legs12_paralysed,top_k,3,11,858,1061.0875244140625,901,1066.5655517578125,16.568866845500544,1.318879138790619,
dcrlme_seed0,dcrlme,0,legs12_paralysed,top_k,3,12,126,1069.025390625,901,1066.5655517578125,16.568866845500544,1.318879138790619,
dcrlme_seed0,dcrlme,0,legs12_paralysed,top_k,3,13,41,1064.080810546875,901,1066.5655517578125,16.568866845500544,1.318879138790619,
dcrlme_seed0,dcrlme,0,legs12_paralysed,top_k,3,14,229,1065.990478515625,901,1066.5655517578125,16.568866845500544,1.318879138790619,
dcrlme_seed0,dcrlme,0,legs12_paralysed,top_k,3,15,244,1063.255126953125,901,1066.5655517578125,16.568866845500544,1.318879138790619,
dcrlme_seed0,dcrlme,0,legs12_paralysed,top_k,3,16,73,1065.658935546875,901,1066.5655517578125,16.568866845500544,1.318879138790619,
dcrlme_seed0,dcrlme,0,legs12_paralysed,top_k,3,17,535,1063.17919921875,901,1066.5655517578125,16.568866845500544,1.318879138790619,
dcrlme_seed0,dcrlme,0,legs12_paralysed,top_k,3,18,43,1071.2412109375,901,1066.5655517578125,16.568866845500544,1.318879138790619,
dcrlme_seed0,dcrlme,0,legs12_paralysed,top_k,3,19,217,1066.312744140625,901,1066.5655517578125,16.568866845500544,1.318879138790619,
dcrlme_seed0,dcrlme,0,legs12_paralysed,top_k,3,20,26,1058.5096435546875,901,1066.5655517578125,16.568866845500544,1.318879138790619,
dcrlme_seed0,dcrlme,0,legs12_paralysed,top_k,4,1,724,1060.4580078125,724,1064.8739013671875,13.005387647291077,1.0352267671554958,
dcrlme_seed0,dcrlme,0,legs12_paralysed,top_k,4,2,342,1061.5338134765625,342,1061.3450927734375,5.571915525640091,0.44352358060417973,
dcrlme_seed0,dcrlme,0,legs12_paralysed,top_k,4,3,716,1064.811767578125,716,1065.1993408203125,13.690929250872145,1.0897957686549358,
dcrlme_seed0,dcrlme,0,legs12_paralysed,top_k,4,4,218,1049.26171875,716,1065.1993408203125,13.690929250872145,1.0897957686549358,
dcrlme_seed0,dcrlme,0,legs12_paralysed,top_k,4,5,939,1063.158203125,716,1065.1993408203125,13.690929250872145,1.0897957686549358,
dcrlme_seed0,dcrlme,0,legs12_paralysed,top_k,4,6,880,1061.13330078125,716,1065.1993408203125,13.690929250872145,1.0897957686549358,
dcrlme_seed0,dcrlme,0,legs12_paralysed,top_k,4,7,330,1056.2049560546875,716,1065.1993408203125,13.690929250872145,1.0897957686549358,
dcrlme_seed0,dcrlme,0,legs12_paralysed,top_k,4,8,381,1061.7001953125,716,1065.1993408203125,13.690929250872145,1.0897957686549358,
dcrlme_seed0,dcrlme,0,legs12_paralysed,top_k,4,9,901,1065.12353515625,901,1066.5655517578125,16.568866845500544,1.318879138790619,
dcrlme_seed0,dcrlme,0,legs12_paralysed,top_k,4,10,131,1065.2178955078125,131,1065.6495361328125,14.63927037390552,1.1652835696789172,
dcrlme_seed0,dcrlme,0,legs12_paralysed,top_k,4,11,858,1058.985107421875,131,1065.6495361328125,14.63927037390552,1.1652835696789172,
dcrlme_seed0,dcrlme,0,legs12_paralysed,top_k,4,12,126,1068.299072265625,126,1066.993408203125,17.47015091172397,1.3906212056531608,
dcrlme_seed0,dcrlme,0,legs12_paralysed,top_k,4,13,41,1065.39990234375,126,1066.993408203125,17.47015091172397,1.3906212056531608,
dcrlme_seed0,dcrlme,0,legs12_paralysed,top_k,4,14,229,1064.3251953125,126,1066.993408203125,17.47015091172397,1.3906212056531608,
dcrlme_seed0,dcrlme,0,legs12_paralysed,top_k,4,15,244,1055.8377685546875,126,1066.993408203125,17.47015091172397,1.3906212056531608,
dcrlme_seed0,dcrlme,0,legs12_paralysed,top_k,4,16,73,1064.8035888671875,126,1066.993408203125,17.47015091172397,1.3906212056531608,
dcrlme_seed0,dcrlme,0,legs12_paralysed,top_k,4,17,535,1064.030029296875,126,1066.993408203125,17.47015091172397,1.3906212056531608,
dcrlme_seed0,dcrlme,0,legs12_paralysed,top_k,4,18,43,1066.9407958984375,126,1066.993408203125,17.47015091172397,1.3906212056531608,
dcrlme_seed0,dcrlme,0,legs12_paralysed,top_k,4,19,217,1062.32373046875,126,1066.993408203125,17.47015091172397,1.3906212056531608,
dcrlme_seed0,dcrlme,0,legs12_paralysed,top_k,4,20,26,1055.7913818359375,126,1066.993408203125,17.47015091172397,1.3906212056531608,
dcrlme_seed0,dcrlme,0,legs12_paralysed,random,0,1,883,1064.6358642578125,883,1066.4901123046875,16.40995285037185,1.3062296103110038,
dcrlme_seed0,dcrlme,0,legs12_paralysed,random,0,2,335,1086.659912109375,335,1084.089111328125,53.482427917846046,4.257192669266649,
dcrlme_seed0,dcrlme,0,legs12_paralysed,random,0,3,112,1057.4635009765625,335,1084.089111328125,53.482427917846046,4.257192669266649,
dcrlme_seed0,dcrlme,0,legs12_paralysed,random,0,4,597,600.0227661132812,335,1084.089111328125,53.482427917846046,4.257192669266649,
dcrlme_seed0,dcrlme,0,legs12_paralysed,random,0,5,343,1059.1278076171875,335,1084.089111328125,53.482427917846046,4.257192669266649,
dcrlme_seed0,dcrlme,0,legs12_paralysed,random,0,6,865,866.1799926757812,335,1084.089111328125,53.482427917846046,4.257192669266649,
dcrlme_seed0,dcrlme,0,legs12_paralysed,random,0,7,581,1064.57763671875,335,1084.089111328125,53.482427917846046,4.257192669266649,
dcrlme_seed0,dcrlme,0,legs12_paralysed,random,0,8,444,1061.00341796875,335,1084.089111328125,53.482427917846046,4.257192669266649,
dcrlme_seed0,dcrlme,0,legs12_paralysed,random,0,9,192,1023.51708984375,335,1084.089111328125,53.482427917846046,4.257192669266649,
dcrlme_seed0,dcrlme,0,legs12_paralysed,random,0,10,89,1045.1507568359375,335,1084.089111328125,53.482427917846046,4.257192669266649,
dcrlme_seed0,dcrlme,0,legs12_paralysed,random,0,11,496,1061.367431640625,335,1084.089111328125,53.482427917846046,4.257192669266649,
dcrlme_seed0,dcrlme,0,legs12_paralysed,random,0,12,233,1060.9996337890625,335,1084.089111328125,53.482427917846046,4.257192669266649,
dcrlme_seed0,dcrlme,0,legs12_paralysed,random,0,13,492,1072.213623046875,335,1084.089111328125,53.482427917846046,4.257192669266649,
dcrlme_seed0,dcrlme,0,legs12_paralysed,random,0,14,923,1067.204833984375,335,1084.089111328125,53.482427917846046,4.257192669266649,
dcrlme_seed0,dcrlme,0,legs12_paralysed,random,0,15,40,1059.740478515625,335,1084.089111328125,53.482427917846046,4.257192669266649,
dcrlme_seed0,dcrlme,0,legs12_paralysed,random,0,16,1022,1062.02685546875,335,1084.089111328125,53.482427917846046,4.257192669266649,
dcrlme_seed0,dcrlme,0,legs12_paralysed,random,0,17,693,1014.0316772460938,335,1084.089111328125,53.482427917846046,4.257192669266649,
dcrlme_seed0,dcrlme,0,legs12_paralysed,random,0,18,815,1057.7462158203125,335,1084.089111328125,53.482427917846046,4.257192669266649,
dcrlme_seed0,dcrlme,0,legs12_paralysed,random,0,19,249,1056.72900390625,335,1084.089111328125,53.482427917846046,4.257192669266649,
dcrlme_seed0,dcrlme,0,legs12_paralysed,random,0,20,892,1070.6407470703125,335,1084.089111328125,53.482427917846046,4.257192669266649,
dcrlme_seed0,dcrlme,0,legs12_paralysed,random,1,1,887,1057.9649658203125,887,1056.080322265625,-5.518378480679451,-0.43926204042708195,
dcrlme_seed0,dcrlme,0,legs12_paralysed,random,1,2,395,1065.10595703125,395,1058.6871337890625,-0.02710280758353338,-0.002157379129055249,
dcrlme_seed0,dcrlme,0,legs12_paralysed,random,1,3,777,1068.006591796875,777,1076.85107421875,38.235427226647296,3.043533863974905,
dcrlme_seed0,dcrlme,0,legs12_paralysed,random,1,4,710,1056.2958984375,777,1076.85107421875,38.235427226647296,3.043533863974905,
dcrlme_seed0,dcrlme,0,legs12_paralysed,random,1,5,180,1020.6148681640625,777,1076.85107421875,38.235427226647296,3.043533863974905,
dcrlme_seed0,dcrlme,0,legs12_paralysed,random,1,6,978,1026.690673828125,777,1076.85107421875,38.235427226647296,3.043533863974905,
dcrlme_seed0,dcrlme,0,legs12_paralysed,random,1,7,306,1056.5550537109375,777,1076.85107421875,38.235427226647296,3.043533863974905,
dcrlme_seed0,dcrlme,0,legs12_paralysed,random,1,8,718,1063.494384765625,777,1076.85107421875,38.235427226647296,3.043533863974905,
dcrlme_seed0,dcrlme,0,legs12_paralysed,random,1,9,818,1041.6170654296875,777,1076.85107421875,38.235427226647296,3.043533863974905,
dcrlme_seed0,dcrlme,0,legs12_paralysed,random,1,10,179,1033.606201171875,777,1076.85107421875,38.235427226647296,3.043533863974905,
dcrlme_seed0,dcrlme,0,legs12_paralysed,random,1,11,380,1056.81103515625,777,1076.85107421875,38.235427226647296,3.043533863974905,
dcrlme_seed0,dcrlme,0,legs12_paralysed,random,1,12,944,1062.0809326171875,777,1076.85107421875,38.235427226647296,3.043533863974905,
dcrlme_seed0,dcrlme,0,legs12_paralysed,random,1,13,430,1059.7904052734375,777,1076.85107421875,38.235427226647296,3.043533863974905,
dcrlme_seed0,dcrlme,0,legs12_paralysed,random,1,14,543,1062.448974609375,777,1076.85107421875,38.235427226647296,3.043533863974905,
dcrlme_seed0,dcrlme,0,legs12_paralysed,random,1,15,88,1057.64892578125,777,1076.85107421875,38.235427226647296,3.043533863974905,
dcrlme_seed0,dcrlme,0,legs12_paralysed,random,1,16,968,1066.7989501953125,777,1076.85107421875,38.235427226647296,3.043533863974905,
dcrlme_seed0,dcrlme,0,legs12_paralysed,random,1,17,702,1040.1107177734375,777,1076.85107421875,38.235427226647296,3.043533863974905,
dcrlme_seed0,dcrlme,0,legs12_paralysed,random,1,18,647,1057.478759765625,777,1076.85107421875,38.235427226647296,3.043533863974905,
dcrlme_seed0,dcrlme,0,legs12_paralysed,random,1,19,745,1061.42236328125,777,1076.85107421875,38.235427226647296,3.043533863974905,
dcrlme_seed0,dcrlme,0,legs12_paralysed,random,1,20,36,1064.828369140625,777,1076.85107421875,38.235427226647296,3.043533863974905,
dcrlme_seed0,dcrlme,0,legs12_paralysed,random,2,1,409,1068.857666015625,409,1068.24560546875,20.10791751695075,1.6005870036206233,
dcrlme_seed0,dcrlme,0,legs12_paralysed,random,2,2,0,1059.527587890625,409,1068.24560546875,20.10791751695075,1.6005870036206233,
dcrlme_seed0,dcrlme,0,legs12_paralysed,random,2,3,1019,1039.7919921875,409,1068.24560546875,20.10791751695075,1.6005870036206233,
dcrlme_seed0,dcrlme,0,legs12_paralysed,random,2,4,490,1062.758056640625,409,1068.24560546875,20.10791751695075,1.6005870036206233,
dcrlme_seed0,dcrlme,0,legs12_paralysed,random,2,5,802,1046.364501953125,409,1068.24560546875,20.10791751695075,1.6005870036206233,
dcrlme_seed0,dcrlme,0,legs12_paralysed,random,2,6,218,1060.088623046875,409,1068.24560546875,20.10791751695075,1.6005870036206233,
dcrlme_seed0,dcrlme,0,legs12_paralysed,random,2,7,385,1057.25732421875,409,1068.24560546875,20.10791751695075,1.6005870036206233,
dcrlme_seed0,dcrlme,0,legs12_paralysed,random,2,8,488,1055.0523681640625,409,1068.24560546875,20.10791751695075,1.6005870036206233,
dcrlme_seed0,dcrlme,0,legs12_paralysed,random,2,9,838,1057.0098876953125,409,1068.24560546875,20.10791751695075,1.6005870036206233,
dcrlme_seed0,dcrlme,0,legs12_paralysed,random,2,10,169,1031.4332275390625,409,1068.24560546875,20.10791751695075,1.6005870036206233,
dcrlme_seed0,dcrlme,0,legs12_paralysed,random,2,11,122,1059.411376953125,409,1068.24560546875,20.10791751695075,1.6005870036206233,
dcrlme_seed0,dcrlme,0,legs12_paralysed,random,2,12,89,1046.346435546875,409,1068.24560546875,20.10791751695075,1.6005870036206233,
dcrlme_seed0,dcrlme,0,legs12_paralysed,random,2,13,943,1061.7222900390625,409,1068.24560546875,20.10791751695075,1.6005870036206233,
dcrlme_seed0,dcrlme,0,legs12_paralysed,random,2,14,808,1054.18505859375,409,1068.24560546875,20.10791751695075,1.6005870036206233,
dcrlme_seed0,dcrlme,0,legs12_paralysed,random,2,15,880,1059.9205322265625,409,1068.24560546875,20.10791751695075,1.6005870036206233,
dcrlme_seed0,dcrlme,0,legs12_paralysed,random,2,16,475,1037.6971435546875,409,1068.24560546875,20.10791751695075,1.6005870036206233,
dcrlme_seed0,dcrlme,0,legs12_paralysed,random,2,17,900,1057.8865966796875,409,1068.24560546875,20.10791751695075,1.6005870036206233,
dcrlme_seed0,dcrlme,0,legs12_paralysed,random,2,18,427,1051.7188720703125,409,1068.24560546875,20.10791751695075,1.6005870036206233,
dcrlme_seed0,dcrlme,0,legs12_paralysed,random,2,19,23,1068.0216064453125,409,1068.24560546875,20.10791751695075,1.6005870036206233,
dcrlme_seed0,dcrlme,0,legs12_paralysed,random,2,20,389,1066.5574951171875,409,1068.24560546875,20.10791751695075,1.6005870036206233,
dcrlme_seed0,dcrlme,0,legs12_paralysed,random,3,1,807,1064.4315185546875,807,1064.727783203125,12.697588210124332,1.0107259814109986,
dcrlme_seed0,dcrlme,0,legs12_paralysed,random,3,2,766,1060.582275390625,807,1064.727783203125,12.697588210124332,1.0107259814109986,
dcrlme_seed0,dcrlme,0,legs12_paralysed,random,3,3,697,1061.3861083984375,807,1064.727783203125,12.697588210124332,1.0107259814109986,
dcrlme_seed0,dcrlme,0,legs12_paralysed,random,3,4,953,1064.79638671875,953,1067.470458984375,18.475063359884064,1.470612075067944,
dcrlme_seed0,dcrlme,0,legs12_paralysed,random,3,5,438,1039.7764892578125,953,1067.470458984375,18.475063359884064,1.470612075067944,
dcrlme_seed0,dcrlme,0,legs12_paralysed,random,3,6,607,806.939453125,953,1067.470458984375,18.475063359884064,1.470612075067944,
dcrlme_seed0,dcrlme,0,legs12_paralysed,random,3,7,913,1066.9698486328125,913,1065.45166015625,14.22244256467637,1.1321041430357843,
dcrlme_seed0,dcrlme,0,legs12_paralysed,random,3,8,484,793.961669921875,913,1065.45166015625,14.22244256467637,1.1321041430357843,
dcrlme_seed0,dcrlme,0,legs12_paralysed,random,3,9,771,1072.469482421875,771,1072.29736328125,28.642987624251134,2.2799772128364557,
dcrlme_seed0,dcrlme,0,legs12_paralysed,random,3,10,535,1062.98779296875,771,1072.29736328125,28.642987624251134,2.2799772128364557,
dcrlme_seed0,dcrlme,0,legs12_paralysed,random,3,11,975,1060.7572021484375,771,1072.29736328125,28.642987624251134,2.2799772128364557,
dcrlme_seed0,dcrlme,0,legs12_paralysed,random,3,12,742,1054.19921875,771,1072.29736328125,28.642987624251134,2.2799772128364557,
dcrlme_seed0,dcrlme,0,legs12_paralysed,random,3,13,198,1062.3363037109375,771,1072.29736328125,28.642987624251134,2.2799772128364557,
dcrlme_seed0,dcrlme,0,legs12_paralysed,random,3,14,271,872.066162109375,771,1072.29736328125,28.642987624251134,2.2799772128364557,
dcrlme_seed0,dcrlme,0,legs12_paralysed,random,3,15,83,1059.612060546875,771,1072.29736328125,28.642987624251134,2.2799772128364557,
dcrlme_seed0,dcrlme,0,legs12_paralysed,random,3,16,510,939.3795776367188,771,1072.29736328125,28.642987624251134,2.2799772128364557,
dcrlme_seed0,dcrlme,0,legs12_paralysed,random,3,17,588,1065.7049560546875,771,1072.29736328125,28.642987624251134,2.2799772128364557,
dcrlme_seed0,dcrlme,0,legs12_paralysed,random,3,18,373,1059.9281005859375,771,1072.29736328125,28.642987624251134,2.2799772128364557,
dcrlme_seed0,dcrlme,0,legs12_paralysed,random,3,19,655,901.72998046875,771,1072.29736328125,28.642987624251134,2.2799772128364557,
dcrlme_seed0,dcrlme,0,legs12_paralysed,random,3,20,832,1068.332275390625,771,1072.29736328125,28.642987624251134,2.2799772128364557,
dcrlme_seed0,dcrlme,0,legs12_paralysed,random,4,1,849,1128.729736328125,849,1086.976318359375,59.56435965374231,4.74131345826318,
dcrlme_seed0,dcrlme,0,legs12_paralysed,random,4,2,399,1060.664306640625,849,1086.976318359375,59.56435965374231,4.74131345826318,
dcrlme_seed0,dcrlme,0,legs12_paralysed,random,4,3,535,1062.7691650390625,849,1086.976318359375,59.56435965374231,4.74131345826318,
dcrlme_seed0,dcrlme,0,legs12_paralysed,random,4,4,332,1059.879150390625,849,1086.976318359375,59.56435965374231,4.74131345826318,
dcrlme_seed0,dcrlme,0,legs12_paralysed,random,4,5,600,1048.047119140625,849,1086.976318359375,59.56435965374231,4.74131345826318,
dcrlme_seed0,dcrlme,0,legs12_paralysed,random,4,6,968,1066.6866455078125,849,1086.976318359375,59.56435965374231,4.74131345826318,
dcrlme_seed0,dcrlme,0,legs12_paralysed,random,4,7,1012,1065.441162109375,849,1086.976318359375,59.56435965374231,4.74131345826318,
dcrlme_seed0,dcrlme,0,legs12_paralysed,random,4,8,897,1060.921630859375,849,1086.976318359375,59.56435965374231,4.74131345826318,
dcrlme_seed0,dcrlme,0,legs12_paralysed,random,4,9,190,1058.5087890625,849,1086.976318359375,59.56435965374231,4.74131345826318,
dcrlme_seed0,dcrlme,0,legs12_paralysed,random,4,10,963,1070.8123779296875,849,1086.976318359375,59.56435965374231,4.74131345826318,
dcrlme_seed0,dcrlme,0,legs12_paralysed,random,4,11,536,1066.15966796875,849,1086.976318359375,59.56435965374231,4.74131345826318,
dcrlme_seed0,dcrlme,0,legs12_paralysed,random,4,12,1007,1084.000244140625,849,1086.976318359375,59.56435965374231,4.74131345826318,
dcrlme_seed0,dcrlme,0,legs12_paralysed,random,4,13,708,1041.932373046875,849,1086.976318359375,59.56435965374231,4.74131345826318,
dcrlme_seed0,dcrlme,0,legs12_paralysed,random,4,14,53,1065.018310546875,849,1086.976318359375,59.56435965374231,4.74131345826318,
dcrlme_seed0,dcrlme,0,legs12_paralysed,random,4,15,254,1063.7591552734375,849,1086.976318359375,59.56435965374231,4.74131345826318,
dcrlme_seed0,dcrlme,0,legs12_paralysed,random,4,16,309,1052.494140625,849,1086.976318359375,59.56435965374231,4.74131345826318,
dcrlme_seed0,dcrlme,0,legs12_paralysed,random,4,17,651,949.409423828125,849,1086.976318359375,59.56435965374231,4.74131345826318,
dcrlme_seed0,dcrlme,0,legs12_paralysed,random,4,18,985,1059.82421875,849,1086.976318359375,59.56435965374231,4.74131345826318,
dcrlme_seed0,dcrlme,0,legs12_paralysed,random,4,19,499,1059.056640625,849,1086.976318359375,59.56435965374231,4.74131345826318,
dcrlme_seed0,dcrlme,0,legs12_paralysed,random,4,20,1017,1062.0479736328125,849,1086.976318359375,59.56435965374231,4.74131345826318,
dcrlme_seed0,dcrlme,0,legs12_paralysed,best_intact,0,1,724,1063.3248291015625,724,1064.8739013671875,13.005387647291077,1.0352267671554958,
dcrlme_seed0,dcrlme,0,legs12_paralysed,best_intact,1,1,724,1063.018798828125,724,1064.8739013671875,13.005387647291077,1.0352267671554958,
dcrlme_seed0,dcrlme,0,legs12_paralysed,best_intact,2,1,724,1060.239501953125,724,1064.8739013671875,13.005387647291077,1.0352267671554958,
dcrlme_seed0,dcrlme,0,legs12_paralysed,best_intact,3,1,724,1062.6856689453125,724,1064.8739013671875,13.005387647291077,1.0352267671554958,
dcrlme_seed0,dcrlme,0,legs12_paralysed,best_intact,4,1,724,1064.322998046875,724,1064.8739013671875,13.005387647291077,1.0352267671554958,
dcrlme_seed0,dcrlme,0,legs14_paralysed,ite,0,1,724,1063.583251953125,724,1068.904541015625,27.690326358934453,1.7110759271367435,
dcrlme_seed0,dcrlme,0,legs14_paralysed,ite,0,2,218,1063.33447265625,724,1068.904541015625,27.690326358934453,1.7110759271367435,
dcrlme_seed0,dcrlme,0,legs14_paralysed,ite,0,3,393,1080.501220703125,393,1072.5828857421875,37.671624467612126,2.3278530172277496,
dcrlme_seed0,dcrlme,0,legs14_paralysed,ite,0,4,1001,1041.4517822265625,393,1072.5828857421875,37.671624467612126,2.3278530172277496,
dcrlme_seed0,dcrlme,0,legs14_paralysed,ite,0,5,986,1053.308837890625,393,1072.5828857421875,37.671624467612126,2.3278530172277496,
dcrlme_seed0,dcrlme,0,legs14_paralysed,ite,0,6,930,1056.7510986328125,393,1072.5828857421875,37.671624467612126,2.3278530172277496,
dcrlme_seed0,dcrlme,0,legs14_paralysed,ite,0,7,87,1051.0548095703125,393,1072.5828857421875,37.671624467612126,2.3278530172277496,
dcrlme_seed0,dcrlme,0,legs14_paralysed,ite,0,8,229,1061.6630859375,393,1072.5828857421875,37.671624467612126,2.3278530172277496,
dcrlme_seed0,dcrlme,0,legs14_paralysed,ite,0,9,24,1083.60986328125,24,1083.41015625,67.05174587422229,4.143346912950113,
dcrlme_seed0,dcrlme,0,legs14_paralysed,ite,0,10,743,1053.3665771484375,24,1083.41015625,67.05174587422229,4.143346912950113,
dcrlme_seed0,dcrlme,0,legs14_paralysed,ite,0,11,880,1071.07568359375,24,1083.41015625,67.05174587422229,4.143346912950113,
dcrlme_seed0,dcrlme,0,legs14_paralysed,ite,0,12,724,1063.5750732421875,24,1083.41015625,67.05174587422229,4.143346912950113,
dcrlme_seed0,dcrlme,0,legs14_paralysed,ite,0,13,863,1051.090576171875,24,1083.41015625,67.05174587422229,4.143346912950113,
dcrlme_seed0,dcrlme,0,legs14_paralysed,ite,0,14,700,1052.5260009765625,24,1083.41015625,67.05174587422229,4.143346912950113,
dcrlme_seed0,dcrlme,0,legs14_paralysed,ite,0,15,24,1083.419677734375,24,1083.41015625,67.05174587422229,4.143346912950113,
dcrlme_seed0,dcrlme,0,legs14_paralysed,ite,0,16,375,1059.8861083984375,24,1083.41015625,67.05174587422229,4.143346912950113,
dcrlme_seed0,dcrlme,0,legs14_paralysed,ite,0,17,348,1052.9024658203125,24,1083.41015625,67.05174587422229,4.143346912950113,
dcrlme_seed0,dcrlme,0,legs14_paralysed,ite,0,18,24,1087.139404296875,24,1083.41015625,67.05174587422229,4.143346912950113,
dcrlme_seed0,dcrlme,0,legs14_paralysed,ite,0,19,986,1057.6754150390625,24,1083.41015625,67.05174587422229,4.143346912950113,
dcrlme_seed0,dcrlme,0,legs14_paralysed,ite,0,20,1001,1044.054443359375,24,1083.41015625,67.05174587422229,4.143346912950113,
dcrlme_seed0,dcrlme,0,legs14_paralysed,ite,1,1,724,1071.4818115234375,724,1068.904541015625,27.690326358934453,1.7110759271367435,
dcrlme_seed0,dcrlme,0,legs14_paralysed,ite,1,2,218,1058.77587890625,724,1068.904541015625,27.690326358934453,1.7110759271367435,
dcrlme_seed0,dcrlme,0,legs14_paralysed,ite,1,3,393,1079.1053466796875,393,1072.5828857421875,37.671624467612126,2.3278530172277496,
dcrlme_seed0,dcrlme,0,legs14_paralysed,ite,1,4,1001,1040.3251953125,393,1072.5828857421875,37.671624467612126,2.3278530172277496,
dcrlme_seed0,dcrlme,0,legs14_paralysed,ite,1,5,986,1053.2518310546875,393,1072.5828857421875,37.671624467612126,2.3278530172277496,
dcrlme_seed0,dcrlme,0,legs14_paralysed,ite,1,6,930,1058.55419921875,393,1072.5828857421875,37.671624467612126,2.3278530172277496,
dcrlme_seed0,dcrlme,0,legs14_paralysed,ite,1,7,87,1050.24169921875,393,1072.5828857421875,37.671624467612126,2.3278530172277496,
dcrlme_seed0,dcrlme,0,legs14_paralysed,ite,1,8,229,1066.3045654296875,393,1072.5828857421875,37.671624467612126,2.3278530172277496,
dcrlme_seed0,dcrlme,0,legs14_paralysed,ite,1,9,24,1082.7283935546875,24,1083.41015625,67.05174587422229,4.143346912950113,
dcrlme_seed0,dcrlme,0,legs14_paralysed,ite,1,10,743,1052.43212890625,24,1083.41015625,67.05174587422229,4.143346912950113,
dcrlme_seed0,dcrlme,0,legs14_paralysed,ite,1,11,724,1071.742431640625,24,1083.41015625,67.05174587422229,4.143346912950113,
dcrlme_seed0,dcrlme,0,legs14_paralysed,ite,1,12,880,1061.693359375,24,1083.41015625,67.05174587422229,4.143346912950113,
dcrlme_seed0,dcrlme,0,legs14_paralysed,ite,1,13,863,1051.5927734375,24,1083.41015625,67.05174587422229,4.143346912950113,
dcrlme_seed0,dcrlme,0,legs14_paralysed,ite,1,14,700,1054.33837890625,24,1083.41015625,67.05174587422229,4.143346912950113,
dcrlme_seed0,dcrlme,0,legs14_paralysed,ite,1,15,375,1057.6514892578125,24,1083.41015625,67.05174587422229,4.143346912950113,
dcrlme_seed0,dcrlme,0,legs14_paralysed,ite,1,16,24,1088.09619140625,24,1083.41015625,67.05174587422229,4.143346912950113,
dcrlme_seed0,dcrlme,0,legs14_paralysed,ite,1,17,348,1052.1397705078125,24,1083.41015625,67.05174587422229,4.143346912950113,
dcrlme_seed0,dcrlme,0,legs14_paralysed,ite,1,18,24,1076.2249755859375,24,1083.41015625,67.05174587422229,4.143346912950113,
dcrlme_seed0,dcrlme,0,legs14_paralysed,ite,1,19,724,1066.5020751953125,24,1083.41015625,67.05174587422229,4.143346912950113,
dcrlme_seed0,dcrlme,0,legs14_paralysed,ite,1,20,986,1054.3603515625,24,1083.41015625,67.05174587422229,4.143346912950113,
dcrlme_seed0,dcrlme,0,legs14_paralysed,ite,2,1,724,1067.8292236328125,724,1068.904541015625,27.690326358934453,1.7110759271367435,
dcrlme_seed0,dcrlme,0,legs14_paralysed,ite,2,2,218,1058.885498046875,724,1068.904541015625,27.690326358934453,1.7110759271367435,
dcrlme_seed0,dcrlme,0,legs14_paralysed,ite,2,3,393,1072.07177734375,393,1072.5828857421875,37.671624467612126,2.3278530172277496,
dcrlme_seed0,dcrlme,0,legs14_paralysed,ite,2,4,1001,1040.4058837890625,393,1072.5828857421875,37.671624467612126,2.3278530172277496,
dcrlme_seed0,dcrlme,0,legs14_paralysed,ite,2,5,986,1053.369873046875,393,1072.5828857421875,37.671624467612126,2.3278530172277496,
dcrlme_seed0,dcrlme,0,legs14_paralysed,ite,2,6,930,1064.705322265625,393,1072.5828857421875,37.671624467612126,2.3278530172277496,
dcrlme_seed0,dcrlme,0,legs14_paralysed,ite,2,7,87,1054.3955078125,393,1072.5828857421875,37.671624467612126,2.3278530172277496,
dcrlme_seed0,dcrlme,0,legs14_paralysed,ite,2,8,229,1064.283935546875,393,1072.5828857421875,37.671624467612126,2.3278530172277496,
dcrlme_seed0,dcrlme,0,legs14_paralysed,ite,2,9,24,1082.1080322265625,24,1083.41015625,67.05174587422229,4.143346912950113,
dcrlme_seed0,dcrlme,0,legs14_paralysed,ite,2,10,743,1054.0194091796875,24,1083.41015625,67.05174587422229,4.143346912950113,
dcrlme_seed0,dcrlme,0,legs14_paralysed,ite,2,11,724,1072.59033203125,24,1083.41015625,67.05174587422229,4.143346912950113,
dcrlme_seed0,dcrlme,0,legs14_paralysed,ite,2,12,880,1064.8121337890625,24,1083.41015625,67.05174587422229,4.143346912950113,
dcrlme_seed0,dcrlme,0,legs14_paralysed,ite,2,13,863,1050.188232421875,24,1083.41015625,67.05174587422229,4.143346912950113,
dcrlme_seed0,dcrlme,0,legs14_paralysed,ite,2,14,700,1055.64892578125,24,1083.41015625,67.05174587422229,4.143346912950113,
dcrlme_seed0,dcrlme,0,legs14_paralysed,ite,2,15,375,1063.378173828125,24,1083.41015625,67.05174587422229,4.143346912950113,
dcrlme_seed0,dcrlme,0,legs14_paralysed,ite,2,16,24,1078.27783203125,24,1083.41015625,67.05174587422229,4.143346912950113,
dcrlme_seed0,dcrlme,0,legs14_paralysed,ite,2,17,348,1052.642822265625,24,1083.41015625,67.05174587422229,4.143346912950113,
dcrlme_seed0,dcrlme,0,legs14_paralysed,ite,2,18,724,1067.1329345703125,24,1083.41015625,67.05174587422229,4.143346912950113,
dcrlme_seed0,dcrlme,0,legs14_paralysed,ite,2,19,986,1053.128662109375,24,1083.41015625,67.05174587422229,4.143346912950113,
dcrlme_seed0,dcrlme,0,legs14_paralysed,ite,2,20,24,1088.20166015625,24,1083.41015625,67.05174587422229,4.143346912950113,
dcrlme_seed0,dcrlme,0,legs14_paralysed,ite,3,1,724,1068.264892578125,724,1068.904541015625,27.690326358934453,1.7110759271367435,
dcrlme_seed0,dcrlme,0,legs14_paralysed,ite,3,2,218,1063.970703125,724,1068.904541015625,27.690326358934453,1.7110759271367435,
dcrlme_seed0,dcrlme,0,legs14_paralysed,ite,3,3,393,1054.317138671875,724,1068.904541015625,27.690326358934453,1.7110759271367435,
dcrlme_seed0,dcrlme,0,legs14_paralysed,ite,3,4,1001,1041.09228515625,724,1068.904541015625,27.690326358934453,1.7110759271367435,
dcrlme_seed0,dcrlme,0,legs14_paralysed,ite,3,5,986,1052.548828125,724,1068.904541015625,27.690326358934453,1.7110759271367435,
dcrlme_seed0,dcrlme,0,legs14_paralysed,ite,3,6,930,1062.0628662109375,724,1068.904541015625,27.690326358934453,1.7110759271367435,
dcrlme_seed0,dcrlme,0,legs14_paralysed,ite,3,7,87,1050.7767333984375,724,1068.904541015625,27.690326358934453,1.7110759271367435,
dcrlme_seed0,dcrlme,0,legs14_paralysed,ite,3,8,375,1058.884033203125,724,1068.904541015625,27.690326358934453,1.7110759271367435,
dcrlme_seed0,dcrlme,0,legs14_paralysed,ite,3,9,24,1080.056884765625,24,1083.41015625,67.05174587422229,4.143346912950113,
dcrlme_seed0,dcrlme,0,legs14_paralysed,ite,3,10,743,1052.253662109375,24,1083.41015625,67.05174587422229,4.143346912950113,
dcrlme_seed0,dcrlme,0,legs14_paralysed,ite,3,11,880,1070.3084716796875,24,1083.41015625,67.05174587422229,4.143346912950113,
dcrlme_seed0,dcrlme,0,legs14_paralysed,ite,3,12,863,1050.342041015625,24,1083.41015625,67.05174587422229,4.143346912950113,
dcrlme_seed0,dcrlme,0,legs14_paralysed,ite,3,13,724,1063.765380859375,24,1083.41015625,67.05174587422229,4.143346912950113,
dcrlme_seed0,dcrlme,0,legs14_paralysed,ite,3,14,24,1086.72705078125,24,1083.41015625,67.05174587422229,4.143346912950113,
dcrlme_seed0,dcrlme,0,legs14_paralysed,ite,3,15,700,1054.05908203125,24,1083.41015625,67.05174587422229,4.143346912950113,
dcrlme_seed0,dcrlme,0,legs14_paralysed,ite,3,16,229,1067.4752197265625,24,1083.41015625,67.05174587422229,4.143346912950113,
dcrlme_seed0,dcrlme,0,legs14_paralysed,ite,3,17,348,1055.8221435546875,24,1083.41015625,67.05174587422229,4.143346912950113,
dcrlme_seed0,dcrlme,0,legs14_paralysed,ite,3,18,24,1085.958984375,24,1083.41015625,67.05174587422229,4.143346912950113,
dcrlme_seed0,dcrlme,0,legs14_paralysed,ite,3,19,986,1053.3297119140625,24,1083.41015625,67.05174587422229,4.143346912950113,
dcrlme_seed0,dcrlme,0,legs14_paralysed,ite,3,20,724,1068.03662109375,24,1083.41015625,67.05174587422229,4.143346912950113,
dcrlme_seed0,dcrlme,0,legs14_paralysed,ite,4,1,724,1062.92822265625,724,1068.904541015625,27.690326358934453,1.7110759271367435,
dcrlme_seed0,dcrlme,0,legs14_paralysed,ite,4,2,218,1055.860107421875,724,1068.904541015625,27.690326358934453,1.7110759271367435,
dcrlme_seed0,dcrlme,0,legs14_paralysed,ite,4,3,393,1080.4576416015625,393,1072.5828857421875,37.671624467612126,2.3278530172277496,
dcrlme_seed0,dcrlme,0,legs14_paralysed,ite,4,4,1001,1039.5263671875,393,1072.5828857421875,37.671624467612126,2.3278530172277496,
dcrlme_seed0,dcrlme,0,legs14_paralysed,ite,4,5,986,1055.8524169921875,393,1072.5828857421875,37.671624467612126,2.3278530172277496,
dcrlme_seed0,dcrlme,0,legs14_paralysed,ite,4,6,930,1062.374267578125,393,1072.5828857421875,37.671624467612126,2.3278530172277496,
dcrlme_seed0,dcrlme,0,legs14_paralysed,ite,4,7,87,1050.689208984375,393,1072.5828857421875,37.671624467612126,2.3278530172277496,
dcrlme_seed0,dcrlme,0,legs14_paralysed,ite,4,8,229,1064.5185546875,393,1072.5828857421875,37.671624467612126,2.3278530172277496,
dcrlme_seed0,dcrlme,0,legs14_paralysed,ite,4,9,24,1092.6624755859375,24,1083.41015625,67.05174587422229,4.143346912950113,
dcrlme_seed0,dcrlme,0,legs14_paralysed,ite,4,10,743,1053.580078125,24,1083.41015625,67.05174587422229,4.143346912950113,
dcrlme_seed0,dcrlme,0,legs14_paralysed,ite,4,11,724,1066.80419921875,24,1083.41015625,67.05174587422229,4.143346912950113,
dcrlme_seed0,dcrlme,0,legs14_paralysed,ite,4,12,700,1055.383056640625,24,1083.41015625,67.05174587422229,4.143346912950113,
dcrlme_seed0,dcrlme,0,legs14_paralysed,ite,4,13,880,1072.919677734375,24,1083.41015625,67.05174587422229,4.143346912950113,
dcrlme_seed0,dcrlme,0,legs14_paralysed,ite,4,14,863,1051.31298828125,24,1083.41015625,67.05174587422229,4.143346912950113,
dcrlme_seed0,dcrlme,0,legs14_paralysed,ite,4,15,24,1083.8671875,24,1083.41015625,67.05174587422229,4.143346912950113,
dcrlme_seed0,dcrlme,0,legs14_paralysed,ite,4,16,375,1058.5830078125,24,1083.41015625,67.05174587422229,4.143346912950113,
dcrlme_seed0,dcrlme,0,legs14_paralysed,ite,4,17,24,1084.828369140625,24,1083.41015625,67.05174587422229,4.143346912950113,
dcrlme_seed0,dcrlme,0,legs14_paralysed,ite,4,18,348,1051.407470703125,24,1083.41015625,67.05174587422229,4.143346912950113,
dcrlme_seed0,dcrlme,0,legs14_paralysed,ite,4,19,986,1054.5419921875,24,1083.41015625,67.05174587422229,4.143346912950113,
dcrlme_seed0,dcrlme,0,legs14_paralysed,ite,4,20,724,1066.35546875,24,1083.41015625,67.05174587422229,4.143346912950113,
dcrlme_seed0,dcrlme,0,legs14_paralysed,top_k,0,1,724,1071.1844482421875,724,1068.904541015625,27.690326358934453,1.7110759271367435,
dcrlme_seed0,dcrlme,0,legs14_paralysed,top_k,0,2,342,1080.232177734375,342,1069.3587646484375,28.92287573212629,1.787239188419345,
dcrlme_seed0,dcrlme,0,legs14_paralysed,top_k,0,3,716,1057.80126953125,342,1069.3587646484375,28.92287573212629,1.787239188419345,
dcrlme_seed0,dcrlme,0,legs14_paralysed,top_k,0,4,218,1062.6595458984375,342,1069.3587646484375,28.92287573212629,1.787239188419345,
dcrlme_seed0,dcrlme,0,legs14_paralysed,top_k,0,5,939,1059.0421142578125,342,1069.3587646484375,28.92287573212629,1.787239188419345,
dcrlme_seed0,dcrlme,0,legs14_paralysed,top_k,0,6,880,1064.6319580078125,342,1069.3587646484375,28.92287573212629,1.787239188419345,
dcrlme_seed0,dcrlme,0,legs14_paralysed,top_k,0,7,330,1060.5731201171875,342,1069.3587646484375,28.92287573212629,1.787239188419345,
dcrlme_seed0,dcrlme,0,legs14_paralysed,top_k,0,8,381,1062.248046875,342,1069.3587646484375,28.92287573212629,1.787239188419345,
dcrlme_seed0,dcrlme,0,legs14_paralysed,top_k,0,9,901,1083.6173095703125,901,1095.5523681640625,100.0,6.179327411880267,
dcrlme_seed0,dcrlme,0,legs14_paralysed,top_k,0,10,131,1062.2314453125,901,1095.5523681640625,100.0,6.179327411880267,
dcrlme_seed0,dcrlme,0,legs14_paralysed,top_k,0,11,858,1058.774658203125,901,1095.5523681640625,100.0,6.179327411880267,
dcrlme_seed0,dcrlme,0,legs14_paralysed,top_k,0,12,126,1071.5467529296875,901,1095.5523681640625,100.0,6.179327411880267,
dcrlme_seed0,dcrlme,0,legs14_paralysed,top_k,0,13,41,1064.857421875,901,1095.5523681640625,100.0,6.179327411880267,
dcrlme_seed0,dcrlme,0,legs14_paralysed,top_k,0,14,229,1062.8226318359375,901,1095.5523681640625,100.0,6.179327411880267,
dcrlme_seed0,dcrlme,0,legs14_paralysed,top_k,0,15,244,1083.163818359375,901,1095.5523681640625,100.0,6.179327411880267,
dcrlme_seed0,dcrlme,0,legs14_paralysed,top_k,0,16,73,1057.976318359375,901,1095.5523681640625,100.0,6.179327411880267,
dcrlme_seed0,dcrlme,0,legs14_paralysed,top_k,0,17,535,1065.64697265625,901,1095.5523681640625,100.0,6.179327411880267,
dcrlme_seed0,dcrlme,0,legs14_paralysed,top_k,0,18,43,1051.968994140625,901,1095.5523681640625,100.0,6.179327411880267,
dcrlme_seed0,dcrlme,0,legs14_paralysed,top_k,0,19,217,1061.193359375,901,1095.5523681640625,100.0,6.179327411880267,
dcrlme_seed0,dcrlme,0,legs14_paralysed,top_k,0,20,26,1055.7822265625,901,1095.5523681640625,100.0,6.179327411880267,
dcrlme_seed0,dcrlme,0,legs14_paralysed,top_k,1,1,724,1069.42724609375,724,1068.904541015625,27.690326358934453,1.7110759271367435,
dcrlme_seed0,dcrlme,0,legs14_paralysed,top_k,1,2,342,1071.83349609375,342,1069.3587646484375,28.92287573212629,1.787239188419345,
dcrlme_seed0,dcrlme,0,legs14_paralysed,top_k,1,3,716,1060.91552734375,342,1069.3587646484375,28.92287573212629,1.787239188419345,
dcrlme_seed0,dcrlme,0,legs14_paralysed,top_k,1,4,218,1063.10009765625,342,1069.3587646484375,28.92287573212629,1.787239188419345,
dcrlme_seed0,dcrlme,0,legs14_paralysed,top_k,1,5,939,1056.306396484375,342,1069.3587646484375,28.92287573212629,1.787239188419345,
dcrlme_seed0,dcrlme,0,legs14_paralysed,top_k,1,6,880,1069.77880859375,342,1069.3587646484375,28.92287573212629,1.787239188419345,
dcrlme_seed0,dcrlme,0,legs14_paralysed,top_k,1,7,330,1065.46435546875,342,1069.3587646484375,28.92287573212629,1.787239188419345,
dcrlme_seed0,dcrlme,0,legs14_paralysed,top_k,1,8,381,1060.8310546875,342,1069.3587646484375,28.92287573212629,1.787239188419345,
dcrlme_seed0,dcrlme,0,legs14_paralysed,top_k,1,9,901,1109.616943359375,901,1095.5523681640625,100.0,6.179327411880267,
dcrlme_seed0,dcrlme,0,legs14_paralysed,top_k,1,10,131,1062.697998046875,901,1095.5523681640625,100.0,6.179327411880267,
dcrlme_seed0,dcrlme,0,legs14_paralysed,top_k,1,11,858,1063.909423828125,901,1095.5523681640625,100.0,6.179327411880267,
dcrlme_seed0,dcrlme,0,legs14_paralysed,top_k,1,12,126,1071.156005859375,901,1095.5523681640625,100.0,6.179327411880267,
dcrlme_seed0,dcrlme,0,legs14_paralysed,top_k,1,13,41,1066.084228515625,901,1095.5523681640625,100.0,6.179327411880267,
dcrlme_seed0,dcrlme,0,legs14_paralysed,top_k,1,14,229,1062.17822265625,901,1095.5523681640625,100.0,6.179327411880267,
dcrlme_seed0,dcrlme,0,legs14_paralysed,top_k,1,15,244,1055.542724609375,901,1095.5523681640625,100.0,6.179327411880267,
dcrlme_seed0,dcrlme,0,legs14_paralysed,top_k,1,16,73,1060.064697265625,901,1095.5523681640625,100.0,6.179327411880267,
dcrlme_seed0,dcrlme,0,legs14_paralysed,top_k,1,17,535,1064.220947265625,901,1095.5523681640625,100.0,6.179327411880267,
dcrlme_seed0,dcrlme,0,legs14_paralysed,top_k,1,18,43,1048.98193359375,901,1095.5523681640625,100.0,6.179327411880267,
dcrlme_seed0,dcrlme,0,legs14_paralysed,top_k,1,19,217,1063.0833740234375,901,1095.5523681640625,100.0,6.179327411880267,
dcrlme_seed0,dcrlme,0,legs14_paralysed,top_k,1,20,26,1055.9058837890625,901,1095.5523681640625,100.0,6.179327411880267,
dcrlme_seed0,dcrlme,0,legs14_paralysed,top_k,2,1,724,1070.3504638671875,724,1068.904541015625,27.690326358934453,1.7110759271367435,
dcrlme_seed0,dcrlme,0,legs14_paralysed,top_k,2,2,342,1070.392578125,342,1069.3587646484375,28.92287573212629,1.787239188419345,
dcrlme_seed0,dcrlme,0,legs14_paralysed,top_k,2,3,716,1057.1236572265625,342,1069.3587646484375,28.92287573212629,1.787239188419345,
dcrlme_seed0,dcrlme,0,legs14_paralysed,top_k,2,4,218,1059.2894287109375,342,1069.3587646484375,28.92287573212629,1.787239188419345,
dcrlme_seed0,dcrlme,0,legs14_paralysed,top_k,2,5,939,1057.2562255859375,342,1069.3587646484375,28.92287573212629,1.787239188419345,
dcrlme_seed0,dcrlme,0,legs14_paralysed,top_k,2,6,880,1061.4346923828125,342,1069.3587646484375,28.92287573212629,1.787239188419345,
dcrlme_seed0,dcrlme,0,legs14_paralysed,top_k,2,7,330,1064.62158203125,342,1069.3587646484375,28.92287573212629,1.787239188419345,
dcrlme_seed0,dcrlme,0,legs14_paralysed,top_k,2,8,381,1061.029541015625,342,1069.3587646484375,28.92287573212629,1.787239188419345,
dcrlme_seed0,dcrlme,0,legs14_paralysed,top_k,2,9,901,1099.197265625,901,1095.5523681640625,100.0,6.179327411880267,
dcrlme_seed0,dcrlme,0,legs14_paralysed,top_k,2,10,131,1059.974365234375,901,1095.5523681640625,100.0,6.179327411880267,
dcrlme_seed0,dcrlme,0,legs14_paralysed,top_k,2,11,858,1060.6328125,901,1095.5523681640625,100.0,6.179327411880267,
dcrlme_seed0,dcrlme,0,legs14_paralysed,top_k,2,12,126,1066.5179443359375,901,1095.5523681640625,100.0,6.179327411880267,
dcrlme_seed0,dcrlme,0,legs14_paralysed,top_k,2,13,41,1065.462158203125,901,1095.5523681640625,100.0,6.179327411880267,
dcrlme_seed0,dcrlme,0,legs14_paralysed,top_k,2,14,229,1063.752685546875,901,1095.5523681640625,100.0,6.179327411880267,
dcrlme_seed0,dcrlme,0,legs14_paralysed,top_k,2,15,244,1089.9249267578125,901,1095.5523681640625,100.0,6.179327411880267,
dcrlme_seed0,dcrlme,0,legs14_paralysed,top_k,2,16,73,1061.527587890625,901,1095.5523681640625,100.0,6.179327411880267,
dcrlme_seed0,dcrlme,0,legs14_paralysed,top_k,2,17,535,1064.801025390625,901,1095.5523681640625,100.0,6.179327411880267,
dcrlme_seed0,dcrlme,0,legs14_paralysed,top_k,2,18,43,1041.0341796875,901,1095.5523681640625,100.0,6.179327411880267,
dcrlme_seed0,dcrlme,0,legs14_paralysed,top_k,2,19,217,1058.8238525390625,901,1095.5523681640625,100.0,6.179327411880267,
dcrlme_seed0,dcrlme,0,legs14_paralysed,top_k,2,20,26,1054.16943359375,901,1095.5523681640625,100.0,6.179327411880267,
dcrlme_seed0,dcrlme,0,legs14_paralysed,top_k,3,1,724,1060.8194580078125,724,1068.904541015625,27.690326358934453,1.7110759271367435,
dcrlme_seed0,dcrlme,0,legs14_paralysed,top_k,3,2,342,1067.3304443359375,342,1069.3587646484375,28.92287573212629,1.787239188419345,
dcrlme_seed0,dcrlme,0,legs14_paralysed,top_k,3,3,716,1060.2530517578125,342,1069.3587646484375,28.92287573212629,1.787239188419345,
dcrlme_seed0,dcrlme,0,legs14_paralysed,top_k,3,4,218,1054.318359375,342,1069.3587646484375,28.92287573212629,1.787239188419345,
dcrlme_seed0,dcrlme,0,legs14_paralysed,top_k,3,5,939,1057.5166015625,342,1069.3587646484375,28.92287573212629,1.787239188419345,
dcrlme_seed0,dcrlme,0,legs14_paralysed,top_k,3,6,880,1068.78466796875,880,1064.2630615234375,15.095533341768844,0.9328024297574473,
dcrlme_seed0,dcrlme,0,legs14_paralysed,top_k,3,7,330,1058.4647216796875,880,1064.2630615234375,15.095533341768844,0.9328024297574473,
dcrlme_seed0,dcrlme,0,legs14_paralysed,top_k,3,8,381,1064.304931640625,880,1064.2630615234375,15.095533341768844,0.9328024297574473,
dcrlme_seed0,dcrlme,0,legs14_paralysed,top_k,3,9,901,1095.137451171875,901,1095.5523681640625,100.0,6.179327411880267,
dcrlme_seed0,dcrlme,0,legs14_paralysed,top_k,3,10,131,1058.57373046875,901,1095.5523681640625,100.0,6.179327411880267,
dcrlme_seed0,dcrlme,0,legs14_paralysed,top_k,3,11,858,1063.36572265625,901,1095.5523681640625,100.0,6.179327411880267,
dcrlme_seed0,dcrlme,0,legs14_paralysed,top_k,3,12,126,1066.524658203125,901,1095.5523681640625,100.0,6.179327411880267,
dcrlme_seed0,dcrlme,0,legs14_paralysed,top_k,3,13,41,1073.1962890625,901,1095.5523681640625,100.0,6.179327411880267,
dcrlme_seed0,dcrlme,0,legs14_paralysed,top_k,3,14,229,1068.12548828125,901,1095.5523681640625,100.0,6.179327411880267,
dcrlme_seed0,dcrlme,0,legs14_paralysed,top_k,3,15,244,1089.4996337890625,901,1095.5523681640625,100.0,6.179327411880267,
dcrlme_seed0,dcrlme,0,legs14_paralysed,top_k,3,16,73,1059.9888916015625,901,1095.5523681640625,100.0,6.179327411880267,
dcrlme_seed0,dcrlme,0,legs14_paralysed,top_k,3,17,535,1058.5384521484375,901,1095.5523681640625,100.0,6.179327411880267,
dcrlme_seed0,dcrlme,0,legs14_paralysed,top_k,3,18,43,1040.4246826171875,901,1095.5523681640625,100.0,6.179327411880267,
dcrlme_seed0,dcrlme,0,legs14_paralysed,top_k,3,19,217,1058.9847412109375,901,1095.5523681640625,100.0,6.179327411880267,
dcrlme_seed0,dcrlme,0,legs14_paralysed,top_k,3,20,26,1056.1881103515625,901,1095.5523681640625,100.0,6.179327411880267,
dcrlme_seed0,dcrlme,0,legs14_paralysed,top_k,4,1,724,1067.59814453125,724,1068.904541015625,27.690326358934453,1.7110759271367435,
dcrlme_seed0,dcrlme,0,legs14_paralysed,top_k,4,2,342,1073.64404296875,342,1069.3587646484375,28.92287573212629,1.787239188419345,
dcrlme_seed0,dcrlme,0,legs14_paralysed,top_k,4,3,716,1057.543701171875,342,1069.3587646484375,28.92287573212629,1.787239188419345,
dcrlme_seed0,dcrlme,0,legs14_paralysed,top_k,4,4,218,1062.25634765625,342,1069.3587646484375,28.92287573212629,1.787239188419345,
dcrlme_seed0,dcrlme,0,legs14_paralysed,top_k,4,5,939,1056.81005859375,342,1069.3587646484375,28.92287573212629,1.787239188419345,
dcrlme_seed0,dcrlme,0,legs14_paralysed,top_k,4,6,880,1066.313232421875,342,1069.3587646484375,28.92287573212629,1.787239188419345,
dcrlme_seed0,dcrlme,0,legs14_paralysed,top_k,4,7,330,1057.625,342,1069.3587646484375,28.92287573212629,1.787239188419345,
dcrlme_seed0,dcrlme,0,legs14_paralysed,top_k,4,8,381,1061.858642578125,342,1069.3587646484375,28.92287573212629,1.787239188419345,
dcrlme_seed0,dcrlme,0,legs14_paralysed,top_k,4,9,901,1077.395751953125,901,1095.5523681640625,100.0,6.179327411880267,
dcrlme_seed0,dcrlme,0,legs14_paralysed,top_k,4,10,131,1063.186767578125,901,1095.5523681640625,100.0,6.179327411880267,
dcrlme_seed0,dcrlme,0,legs14_paralysed,top_k,4,11,858,1064.044677734375,901,1095.5523681640625,100.0,6.179327411880267,
dcrlme_seed0,dcrlme,0,legs14_paralysed,top_k,4,12,126,1069.979736328125,901,1095.5523681640625,100.0,6.179327411880267,
dcrlme_seed0,dcrlme,0,legs14_paralysed,top_k,4,13,41,1063.6474609375,901,1095.5523681640625,100.0,6.179327411880267,
dcrlme_seed0,dcrlme,0,legs14_paralysed,top_k,4,14,229,1063.6153564453125,901,1095.5523681640625,100.0,6.179327411880267,
dcrlme_seed0,dcrlme,0,legs14_paralysed,top_k,4,15,244,1087.9959716796875,244,1074.991943359375,44.208674153164644,2.731798720375329,
dcrlme_seed0,dcrlme,0,legs14_paralysed,top_k,4,16,73,1061.4384765625,244,1074.991943359375,44.208674153164644,2.731798720375329,
dcrlme_seed0,dcrlme,0,legs14_paralysed,top_k,4,17,535,1064.157470703125,244,1074.991943359375,44.208674153164644,2.731798720375329,
dcrlme_seed0,dcrlme,0,legs14_paralysed,top_k,4,18,43,1040.4625244140625,244,1074.991943359375,44.208674153164644,2.731798720375329,
dcrlme_seed0,dcrlme,0,legs14_paralysed,top_k,4,19,217,1063.728271484375,244,1074.991943359375,44.208674153164644,2.731798720375329,
dcrlme_seed0,dcrlme,0,legs14_paralysed,top_k,4,20,26,1057.3468017578125,244,1074.991943359375,44.208674153164644,2.731798720375329,
dcrlme_seed0,dcrlme,0,legs14_paralysed,random,0,1,883,1054.2197265625,883,1054.9056396484375,-10.296109966856118,-0.6362303455392763,
dcrlme_seed0,dcrlme,0,legs14_paralysed,random,0,2,335,1050.92236328125,883,1054.9056396484375,-10.296109966856118,-0.6362303455392763,
dcrlme_seed0,dcrlme,0,legs14_paralysed,random,0,3,112,1049.222412109375,883,1054.9056396484375,-10.296109966856118,-0.6362303455392763,
dcrlme_seed0,dcrlme,0,legs14_paralysed,random,0,4,597,861.056640625,883,1054.9056396484375,-10.296109966856118,-0.6362303455392763,
dcrlme_seed0,dcrlme,0,legs14_paralysed,random,0,5,343,1056.85595703125,343,1056.6466064453125,-5.571944645581734,-0.3443087028592268,
dcrlme_seed0,dcrlme,0,legs14_paralysed,random,0,6,865,917.7951049804688,343,1056.6466064453125,-5.571944645581734,-0.3443087028592268,
dcrlme_seed0,dcrlme,0,legs14_paralysed,random,0,7,581,1053.101806640625,343,1056.6466064453125,-5.571944645581734,-0.3443087028592268,
dcrlme_seed0,dcrlme,0,legs14_paralysed,random,0,8,444,1054.0758056640625,343,1056.6466064453125,-5.571944645581734,-0.3443087028592268,
dcrlme_seed0,dcrlme,0,legs14_paralysed,random,0,9,192,1018.2353515625,343,1056.6466064453125,-5.571944645581734,-0.3443087028592268,
dcrlme_seed0,dcrlme,0,legs14_paralysed,random,0,10,89,1055.3258056640625,343,1056.6466064453125,-5.571944645581734,-0.3443087028592268,
dcrlme_seed0,dcrlme,0,legs14_paralysed,random,0,11,496,1052.74462890625,343,1056.6466064453125,-5.571944645581734,-0.3443087028592268,
dcrlme_seed0,dcrlme,0,legs14_paralysed,random,0,12,233,1039.1600341796875,343,1056.6466064453125,-5.571944645581734,-0.3443087028592268,
dcrlme_seed0,dcrlme,0,legs14_paralysed,random,0,13,492,1076.902099609375,492,1068.90771484375,27.698938636199433,1.7116081079465655,
dcrlme_seed0,dcrlme,0,legs14_paralysed,random,0,14,923,1055.057373046875,492,1068.90771484375,27.698938636199433,1.7116081079465655,
dcrlme_seed0,dcrlme,0,legs14_paralysed,random,0,15,40,1054.792724609375,492,1068.90771484375,27.698938636199433,1.7116081079465655,
dcrlme_seed0,dcrlme,0,legs14_paralysed,random,0,16,1022,1053.6402587890625,492,1068.90771484375,27.698938636199433,1.7116081079465655,
dcrlme_seed0,dcrlme,0,legs14_paralysed,random,0,17,693,977.5659790039062,492,1068.90771484375,27.698938636199433,1.7116081079465655,
dcrlme_seed0,dcrlme,0,legs14_paralysed,random,0,18,815,1053.445556640625,492,1068.90771484375,27.698938636199433,1.7116081079465655,
dcrlme_seed0,dcrlme,0,legs14_paralysed,random,0,19,249,1055.818359375,492,1068.90771484375,27.698938636199433,1.7116081079465655,
dcrlme_seed0,dcrlme,0,legs14_paralysed,random,0,20,892,1062.4423828125,492,1068.90771484375,27.698938636199433,1.7116081079465655,
dcrlme_seed0,dcrlme,0,legs14_paralysed,random,1,1,887,1030.051025390625,887,1034.32177734375,-66.15103416887901,-4.087688987639822,
dcrlme_seed0,dcrlme,0,legs14_paralysed,random,1,2,395,1050.74560546875,395,1048.626220703125,-27.335500535617555,-1.6891500777720925,
dcrlme_seed0,dcrlme,0,legs14_paralysed,random,1,3,777,1052.3878173828125,777,1052.549072265625,-16.69072583610321,-1.0313745968321073,
dcrlme_seed0,dcrlme,0,legs14_paralysed,random,1,4,710,1055.8485107421875,710,1056.734375,-5.3337820550617305,-0.32959185661838014,
dcrlme_seed0,dcrlme,0,legs14_paralysed,random,1,5,180,1005.939208984375,710,1056.734375,-5.3337820550617305,-0.32959185661838014,
dcrlme_seed0,dcrlme,0,legs14_paralysed,random,1,6,978,1012.2376708984375,710,1056.734375,-5.3337820550617305,-0.32959185661838014,
dcrlme_seed0,dcrlme,0,legs14_paralysed,random,1,7,306,1054.347412109375,710,1056.734375,-5.3337820550617305,-0.32959185661838014,
dcrlme_seed0,dcrlme,0,legs14_paralysed,random,1,8,718,1043.6658935546875,710,1056.734375,-5.3337820550617305,-0.32959185661838014,
dcrlme_seed0,dcrlme,0,legs14_paralysed,random,1,9,818,1041.18359375,710,1056.734375,-5.3337820550617305,-0.32959185661838014,
dcrlme_seed0,dcrlme,0,legs14_paralysed,random,1,10,179,1028.6263427734375,710,1056.734375,-5.3337820550617305,-0.32959185661838014,
dcrlme_seed0,dcrlme,0,legs14_paralysed,random,1,11,380,1050.6204833984375,710,1056.734375,-5.3337820550617305,-0.32959185661838014,
dcrlme_seed0,dcrlme,0,legs14_paralysed,random,1,12,944,1043.92578125,710,1056.734375,-5.3337820550617305,-0.32959185661838014,
dcrlme_seed0,dcrlme,0,legs14_paralysed,random,1,13,430,1060.57373046875,430,1059.5185546875,2.2211725549246775,0.13725352455162187,
dcrlme_seed0,dcrlme,0,legs14_paralysed,random,1,14,543,1050.8115234375,430,1059.5185546875,2.2211725549246775,0.13725352455162187,
dcrlme_seed0,dcrlme,0,legs14_paralysed,random,1,15,88,1054.1932373046875,430,1059.5185546875,2.2211725549246775,0.13725352455162187,
dcrlme_seed0,dcrlme,0,legs14_paralysed,random,1,16,968,1054.454345703125,430,1059.5185546875,2.2211725549246775,0.13725352455162187,
dcrlme_seed0,dcrlme,0,legs14_paralysed,random,1,17,702,1043.754150390625,430,1059.5185546875,2.2211725549246775,0.13725352455162187,
dcrlme_seed0,dcrlme,0,legs14_paralysed,random,1,18,647,1051.77392578125,430,1059.5185546875,2.2211725549246775,0.13725352455162187,
dcrlme_seed0,dcrlme,0,legs14_paralysed,random,1,19,745,1053.0736083984375,430,1059.5185546875,2.2211725549246775,0.13725352455162187,
dcrlme_seed0,dcrlme,0,legs14_paralysed,random,1,20,36,1051.88623046875,430,1059.5185546875,2.2211725549246775,0.13725352455162187,
dcrlme_seed0,dcrlme,0,legs14_paralysed,random,2,1,409,1051.489013671875,409,1050.320068359375,-22.739194407584787,-1.4051292732686311,
dcrlme_seed0,dcrlme,0,legs14_paralysed,random,2,2,0,1050.96728515625,409,1050.320068359375,-22.739194407584787,-1.4051292732686311,
dcrlme_seed0,dcrlme,0,legs14_paralysed,random,2,3,1019,1012.696044921875,409,1050.320068359375,-22.739194407584787,-1.4051292732686311,
dcrlme_seed0,dcrlme,0,legs14_paralysed,random,2,4,490,1049.780517578125,409,1050.320068359375,-22.739194407584787,-1.4051292732686311,
dcrlme_seed0,dcrlme,0,legs14_paralysed,random,2,5,802,992.0247802734375,409,1050.320068359375,-22.739194407584787,-1.4051292732686311,
dcrlme_seed0,dcrlme,0,legs14_paralysed,random,2,6,218,1060.0068359375,218,1063.506591796875,13.042830179804367,0.8059591805856435,
dcrlme_seed0,dcrlme,0,legs14_paralysed,random,2,7,385,1054.10498046875,218,1063.506591796875,13.042830179804367,0.8059591805856435,
dcrlme_seed0,dcrlme,0,legs14_paralysed,random,2,8,488,1050.313232421875,218,1063.506591796875,13.042830179804367,0.8059591805856435,
dcrlme_seed0,dcrlme,0,legs14_paralysed,random,2,9,838,1061.2939453125,838,1053.6500244140625,-13.703259349455214,-0.8467692613019315,
dcrlme_seed0,dcrlme,0,legs14_paralysed,random,2,10,169,1006.2262573242188,838,1053.6500244140625,-13.703259349455214,-0.8467692613019315,
dcrlme_seed0,dcrlme,0,legs14_paralysed,random,2,11,122,1060.9796142578125,838,1053.6500244140625,-13.703259349455214,-0.8467692613019315,
dcrlme_seed0,dcrlme,0,legs14_paralysed,random,2,12,89,1050.601806640625,838,1053.6500244140625,-13.703259349455214,-0.8467692613019315,
dcrlme_seed0,dcrlme,0,legs14_paralysed,random,2,13,943,1049.9207763671875,838,1053.6500244140625,-13.703259349455214,-0.8467692613019315,
dcrlme_seed0,dcrlme,0,legs14_paralysed,random,2,14,808,1052.375244140625,838,1053.6500244140625,-13.703259349455214,-0.8467692613019315,
dcrlme_seed0,dcrlme,0,legs14_paralysed,random,2,15,880,1062.6591796875,880,1064.2630615234375,15.095533341768844,0.9328024297574473,
dcrlme_seed0,dcrlme,0,legs14_paralysed,random,2,16,475,1036.04345703125,880,1064.2630615234375,15.095533341768844,0.9328024297574473,
dcrlme_seed0,dcrlme,0,legs14_paralysed,random,2,17,900,1053.775146484375,880,1064.2630615234375,15.095533341768844,0.9328024297574473,
dcrlme_seed0,dcrlme,0,legs14_paralysed,random,2,18,427,1051.935791015625,880,1064.2630615234375,15.095533341768844,0.9328024297574473,
dcrlme_seed0,dcrlme,0,legs14_paralysed,random,2,19,23,1054.50537109375,880,1064.2630615234375,15.095533341768844,0.9328024297574473,
dcrlme_seed0,dcrlme,0,legs14_paralysed,random,2,20,389,1055.5599365234375,880,1064.2630615234375,15.095533341768844,0.9328024297574473,
dcrlme_seed0,dcrlme,0,legs14_paralysed,random,3,1,807,1048.4871826171875,807,1052.35302734375,-17.22269957793231,-1.064246996084958,
dcrlme_seed0,dcrlme,0,legs14_paralysed,random,3,2,766,1056.678466796875,766,1056.1162109375,-7.0111886731330735,-0.43324430357755633,
dcrlme_seed0,dcrlme,0,legs14_paralysed,random,3,3,697,1078.2572021484375,697,1078.6915283203125,54.24760827123103,3.3521373281936055,
dcrlme_seed0,dcrlme,0,legs14_paralysed,random,3,4,953,1050.431884765625,697,1078.6915283203125,54.24760827123103,3.3521373281936055,
dcrlme_seed0,dcrlme,0,legs14_paralysed,random,3,5,438,1040.3494873046875,697,1078.6915283203125,54.24760827123103,3.3521373281936055,
dcrlme_seed0,dcrlme,0,legs14_paralysed,random,3,6,607,844.677978515625,697,1078.6915283203125,54.24760827123103,3.3521373281936055,
dcrlme_seed0,dcrlme,0,legs14_paralysed,random,3,7,913,1047.667724609375,697,1078.6915283203125,54.24760827123103,3.3521373281936055,
dcrlme_seed0,dcrlme,0,legs14_paralysed,random,3,8,484,907.794921875,697,1078.6915283203125,54.24760827123103,3.3521373281936055,
dcrlme_seed0,dcrlme,0,legs14_paralysed,random,3,9,771,1052.793701171875,697,1078.6915283203125,54.24760827123103,3.3521373281936055,
dcrlme_seed0,dcrlme,0,legs14_paralysed,random,3,10,535,1061.15234375,697,1078.6915283203125,54.24760827123103,3.3521373281936055,
dcrlme_seed0,dcrlme,0,legs14_paralysed,random,3,11,975,1050.3074951171875,697,1078.6915283203125,54.24760827123103,3.3521373281936055,
dcrlme_seed0,dcrlme,0,legs14_paralysed,random,3,12,742,1056.3096923828125,697,1078.6915283203125,54.24760827123103,3.3521373281936055,
dcrlme_seed0,dcrlme,0,legs14_paralysed,random,3,13,198,1051.3079833984375,697,1078.6915283203125,54.24760827123103,3.3521373281936055,
dcrlme_seed0,dcrlme,0,legs14_paralysed,random,3,14,271,1031.010986328125,697,1078.6915283203125,54.24760827123103,3.3521373281936055,
dcrlme_seed0,dcrlme,0,legs14_paralysed,random,3,15,83,1053.049560546875,697,1078.6915283203125,54.24760827123103,3.3521373281936055,
dcrlme_seed0,dcrlme,0,legs14_paralysed,random,3,16,510,974.2398681640625,697,1078.6915283203125,54.24760827123103,3.3521373281936055,
dcrlme_seed0,dcrlme,0,legs14_paralysed,random,3,17,588,1067.9296875,697,1078.6915283203125,54.24760827123103,3.3521373281936055,
dcrlme_seed0,dcrlme,0,legs14_paralysed,random,3,18,373,1055.5616455078125,697,1078.6915283203125,54.24760827123103,3.3521373281936055,
dcrlme_seed0,dcrlme,0,legs14_paralysed,random,3,19,655,973.7237548828125,697,1078.6915283203125,54.24760827123103,3.3521373281936055,
dcrlme_seed0,dcrlme,0,legs14_paralysed,random,3,20,832,1071.3145751953125,697,1078.6915283203125,54.24760827123103,3.3521373281936055,
dcrlme_seed0,dcrlme,0,legs14_paralysed,random,4,1,849,1047.9613037109375,849,1046.4197998046875,-33.32268944194447,-2.059118083061806,
dcrlme_seed0,dcrlme,0,legs14_paralysed,random,4,2,399,1054.8551025390625,399,1054.54931640625,-11.263003710566673,-0.695977875688138,
dcrlme_seed0,dcrlme,0,legs14_paralysed,random,4,3,535,1060.1373291015625,535,1061.6170654296875,7.915544034242301,0.48912738230738756,
dcrlme_seed0,dcrlme,0,legs14_paralysed,random,4,4,332,1054.772705078125,535,1061.6170654296875,7.915544034242301,0.48912738230738756,
dcrlme_seed0,dcrlme,0,legs14_paralysed,random,4,5,600,1022.7974243164062,535,1061.6170654296875,7.915544034242301,0.48912738230738756,
dcrlme_seed0,dcrlme,0,legs14_paralysed,random,4,6,968,1053.995361328125,535,1061.6170654296875,7.915544034242301,0.48912738230738756,
dcrlme_seed0,dcrlme,0,legs14_paralysed,random,4,7,1012,1050.948974609375,535,1061.6170654296875,7.915544034242301,0.48912738230738756,
dcrlme_seed0,dcrlme,0,legs14_paralysed,random,4,8,897,1053.6861572265625,535,1061.6170654296875,7.915544034242301,0.48912738230738756,
dcrlme_seed0,dcrlme,0,legs14_paralysed,random,4,9,190,1095.36962890625,190,1066.978271484375,22.463336541958586,1.3880831125601638,
dcrlme_seed0,dcrlme,0,legs14_paralysed,random,4,10,963,1055.843994140625,190,1066.978271484375,22.463336541958586,1.3880831125601638,
dcrlme_seed0,dcrlme,0,legs14_paralysed,random,4,11,536,1067.7001953125,190,1066.978271484375,22.463336541958586,1.3880831125601638,
dcrlme_seed0,dcrlme,0,legs14_paralysed,random,4,12,1007,1027.683837890625,190,1066.978271484375,22.463336541958586,1.3880831125601638,
dcrlme_seed0,dcrlme,0,legs14_paralysed,random,4,13,708,1052.409912109375,190,1066.978271484375,22.463336541958586,1.3880831125601638,
dcrlme_seed0,dcrlme,0,legs14_paralysed,random,4,14,53,1050.79150390625,190,1066.978271484375,22.463336541958586,1.3880831125601638,
dcrlme_seed0,dcrlme,0,legs14_paralysed,random,4,15,254,1045.53564453125,190,1066.978271484375,22.463336541958586,1.3880831125601638,
dcrlme_seed0,dcrlme,0,legs14_paralysed,random,4,16,309,1055.40966796875,190,1066.978271484375,22.463336541958586,1.3880831125601638,
dcrlme_seed0,dcrlme,0,legs14_paralysed,random,4,17,651,940.564453125,190,1066.978271484375,22.463336541958586,1.3880831125601638,
dcrlme_seed0,dcrlme,0,legs14_paralysed,random,4,18,985,1041.18701171875,190,1066.978271484375,22.463336541958586,1.3880831125601638,
dcrlme_seed0,dcrlme,0,legs14_paralysed,random,4,19,499,1053.873779296875,190,1066.978271484375,22.463336541958586,1.3880831125601638,
dcrlme_seed0,dcrlme,0,legs14_paralysed,random,4,20,1017,1056.124267578125,190,1066.978271484375,22.463336541958586,1.3880831125601638,
dcrlme_seed0,dcrlme,0,legs14_paralysed,best_intact,0,1,724,1067.24853515625,724,1068.904541015625,27.690326358934453,1.7110759271367435,
dcrlme_seed0,dcrlme,0,legs14_paralysed,best_intact,1,1,724,1068.028076171875,724,1068.904541015625,27.690326358934453,1.7110759271367435,
dcrlme_seed0,dcrlme,0,legs14_paralysed,best_intact,2,1,724,1066.1448974609375,724,1068.904541015625,27.690326358934453,1.7110759271367435,
dcrlme_seed0,dcrlme,0,legs14_paralysed,best_intact,3,1,724,1067.48583984375,724,1068.904541015625,27.690326358934453,1.7110759271367435,
dcrlme_seed0,dcrlme,0,legs14_paralysed,best_intact,4,1,724,1065.919677734375,724,1068.904541015625,27.690326358934453,1.7110759271367435,
dcrlme_seed0,dcrlme,0,ankle1_paralysed,ite,0,1,724,1202.3585205078125,724,1192.24267578125,26.484492899131407,22.392154377629275,2
dcrlme_seed0,dcrlme,0,ankle1_paralysed,ite,0,2,218,1512.5870361328125,218,1483.176025390625,84.18306892940035,71.17524517569908,2
dcrlme_seed0,dcrlme,0,ankle1_paralysed,ite,0,3,218,1492.5986328125,218,1483.176025390625,84.18306892940035,71.17524517569908,2
dcrlme_seed0,dcrlme,0,ankle1_paralysed,ite,0,4,218,1502.8927001953125,218,1483.176025390625,84.18306892940035,71.17524517569908,2
dcrlme_seed0,dcrlme,0,ankle1_paralysed,ite,0,5,218,1518.93115234375,218,1483.176025390625,84.18306892940035,71.17524517569908,2
dcrlme_seed0,dcrlme,0,ankle1_paralysed,ite,0,6,218,1615.5235595703125,218,1483.176025390625,84.18306892940035,71.17524517569908,2
dcrlme_seed0,dcrlme,0,ankle1_paralysed,ite,0,7,218,1440.357421875,218,1483.176025390625,84.18306892940035,71.17524517569908,2
dcrlme_seed0,dcrlme,0,ankle1_paralysed,ite,0,8,218,1608.8226318359375,218,1483.176025390625,84.18306892940035,71.17524517569908,2
dcrlme_seed0,dcrlme,0,ankle1_paralysed,ite,0,9,218,1510.761962890625,218,1483.176025390625,84.18306892940035,71.17524517569908,2
dcrlme_seed0,dcrlme,0,ankle1_paralysed,ite,0,10,218,1729.0166015625,218,1483.176025390625,84.18306892940035,71.17524517569908,2
dcrlme_seed0,dcrlme,0,ankle1_paralysed,ite,0,11,218,1428.792236328125,218,1483.176025390625,84.18306892940035,71.17524517569908,2
dcrlme_seed0,dcrlme,0,ankle1_paralysed,ite,0,12,218,1497.927490234375,218,1483.176025390625,84.18306892940035,71.17524517569908,2
dcrlme_seed0,dcrlme,0,ankle1_paralysed,ite,0,13,218,1600.256591796875,218,1483.176025390625,84.18306892940035,71.17524517569908,2
dcrlme_seed0,dcrlme,0,ankle1_paralysed,ite,0,14,218,1598.123046875,218,1483.176025390625,84.18306892940035,71.17524517569908,2
dcrlme_seed0,dcrlme,0,ankle1_paralysed,ite,0,15,218,1585.0491943359375,218,1483.176025390625,84.18306892940035,71.17524517569908,2
dcrlme_seed0,dcrlme,0,ankle1_paralysed,ite,0,16,218,1670.66162109375,218,1483.176025390625,84.18306892940035,71.17524517569908,2
dcrlme_seed0,dcrlme,0,ankle1_paralysed,ite,0,17,218,1528.29443359375,218,1483.176025390625,84.18306892940035,71.17524517569908,2
dcrlme_seed0,dcrlme,0,ankle1_paralysed,ite,0,18,218,1592.2579345703125,218,1483.176025390625,84.18306892940035,71.17524517569908,2
dcrlme_seed0,dcrlme,0,ankle1_paralysed,ite,0,19,218,1718.3251953125,218,1483.176025390625,84.18306892940035,71.17524517569908,2
dcrlme_seed0,dcrlme,0,ankle1_paralysed,ite,0,20,218,1419.0416259765625,218,1483.176025390625,84.18306892940035,71.17524517569908,2
dcrlme_seed0,dcrlme,0,ankle1_paralysed,ite,1,1,724,1188.621337890625,724,1192.24267578125,26.484492899131407,22.392154377629275,2
dcrlme_seed0,dcrlme,0,ankle1_paralysed,ite,1,2,218,1541.272216796875,218,1483.176025390625,84.18306892940035,71.17524517569908,2
dcrlme_seed0,dcrlme,0,ankle1_paralysed,ite,1,3,218,1493.0068359375,218,1483.176025390625,84.18306892940035,71.17524517569908,2
dcrlme_seed0,dcrlme,0,ankle1_paralysed,ite,1,4,218,1460.3402099609375,218,1483.176025390625,84.18306892940035,71.17524517569908,2
dcrlme_seed0,dcrlme,0,ankle1_paralysed,ite,1,5,218,1452.678955078125,218,1483.176025390625,84.18306892940035,71.17524517569908,2
dcrlme_seed0,dcrlme,0,ankle1_paralysed,ite,1,6,218,1512.209716796875,218,1483.176025390625,84.18306892940035,71.17524517569908,2
dcrlme_seed0,dcrlme,0,ankle1_paralysed,ite,1,7,218,1616.916259765625,218,1483.176025390625,84.18306892940035,71.17524517569908,2
dcrlme_seed0,dcrlme,0,ankle1_paralysed,ite,1,8,218,1587.0360107421875,218,1483.176025390625,84.18306892940035,71.17524517569908,2
dcrlme_seed0,dcrlme,0,ankle1_paralysed,ite,1,9,218,1513.7908935546875,218,1483.176025390625,84.18306892940035,71.17524517569908,2
dcrlme_seed0,dcrlme,0,ankle1_paralysed,ite,1,10,218,1561.021728515625,218,1483.176025390625,84.18306892940035,71.17524517569908,2
dcrlme_seed0,dcrlme,0,ankle1_paralysed,ite,1,11,218,1559.05419921875,218,1483.176025390625,84.18306892940035,71.17524517569908,2
dcrlme_seed0,dcrlme,0,ankle1_paralysed,ite,1,12,218,1567.532470703125,218,1483.176025390625,84.18306892940035,71.17524517569908,2
dcrlme_seed0,dcrlme,0,ankle1_paralysed,ite,1,13,218,1407.6904296875,218,1483.176025390625,84.18306892940035,71.17524517569908,2
dcrlme_seed0,dcrlme,0,ankle1_paralysed,ite,1,14,218,1480.1497802734375,218,1483.176025390625,84.18306892940035,71.17524517569908,2
dcrlme_seed0,dcrlme,0,ankle1_paralysed,ite,1,15,218,1456.48876953125,218,1483.176025390625,84.18306892940035,71.17524517569908,2
dcrlme_seed0,dcrlme,0,ankle1_paralysed,ite,1,16,218,1645.9140625,218,1483.176025390625,84.18306892940035,71.17524517569908,2
dcrlme_seed0,dcrlme,0,ankle1_paralysed,ite,1,17,218,1595.64501953125,218,1483.176025390625,84.18306892940035,71.17524517569908,2
dcrlme_seed0,dcrlme,0,ankle1_paralysed,ite,1,18,218,1520.6502685546875,218,1483.176025390625,84.18306892940035,71.17524517569908,2
dcrlme_seed0,dcrlme,0,ankle1_paralysed,ite,1,19,218,1526.165283203125,218,1483.176025390625,84.18306892940035,71.17524517569908,2
dcrlme_seed0,dcrlme,0,ankle1_paralysed,ite,1,20,218,1486.52294921875,218,1483.176025390625,84.18306892940035,71.17524517569908,2
dcrlme_seed0,dcrlme,0,ankle1_paralysed,ite,2,1,724,1189.329833984375,724,1192.24267578125,26.484492899131407,22.392154377629275,2
dcrlme_seed0,dcrlme,0,ankle1_paralysed,ite,2,2,218,1622.978271484375,218,1483.176025390625,84.18306892940035,71.17524517569908,2
dcrlme_seed0,dcrlme,0,ankle1_paralysed,ite,2,3,218,1375.437744140625,218,1483.176025390625,84.18306892940035,71.17524517569908,2
dcrlme_seed0,dcrlme,0,ankle1_paralysed,ite,2,4,218,1450.20654296875,218,1483.176025390625,84.18306892940035,71.17524517569908,2
dcrlme_seed0,dcrlme,0,ankle1_paralysed,ite,2,5,218,1509.38037109375,218,1483.176025390625,84.18306892940035,71.17524517569908,2
dcrlme_seed0,dcrlme,0,ankle1_paralysed,ite,2,6,218,1481.4124755859375,218,1483.176025390625,84.18306892940035,71.17524517569908,2
dcrlme_seed0,dcrlme,0,ankle1_paralysed,ite,2,7,218,1622.10302734375,218,1483.176025390625,84.18306892940035,71.17524517569908,2
dcrlme_seed0,dcrlme,0,ankle1_paralysed,ite,2,8,218,1496.0341796875,218,1483.176025390625,84.18306892940035,71.17524517569908,2
dcrlme_seed0,dcrlme,0,ankle1_paralysed,ite,2,9,218,1446.5888671875,218,1483.176025390625,84.18306892940035,71.17524517569908,2
dcrlme_seed0,dcrlme,0,ankle1_paralysed,ite,2,10,218,1513.2432861328125,218,1483.176025390625,84.18306892940035,71.17524517569908,2
dcrlme_seed0,dcrlme,0,ankle1_paralysed,ite,2,11,218,1491.816162109375,218,1483.176025390625,84.18306892940035,71.17524517569908,2
dcrlme_seed0,dcrlme,0,ankle1_paralysed,ite,2,12,218,1491.750244140625,218,1483.176025390625,84.18306892940035,71.17524517569908,2
dcrlme_seed0,dcrlme,0,ankle1_paralysed,ite,2,13,218,1666.064208984375,218,1483.176025390625,84.18306892940035,71.17524517569908,2
dcrlme_seed0,dcrlme,0,ankle1_paralysed,ite,2,14,218,1563.5430908203125,218,1483.176025390625,84.18306892940035,71.17524517569908,2
dcrlme_seed0,dcrlme,0,ankle1_paralysed,ite,2,15,218,1566.895263671875,218,1483.176025390625,84.18306892940035,71.17524517569908,2
dcrlme_seed0,dcrlme,0,ankle1_paralysed,ite,2,16,218,1519.312255859375,218,1483.176025390625,84.18306892940035,71.17524517569908,2
dcrlme_seed0,dcrlme,0,ankle1_paralysed,ite,2,17,218,1503.8837890625,218,1483.176025390625,84.18306892940035,71.17524517569908,2
dcrlme_seed0,dcrlme,0,ankle1_paralysed,ite,2,18,218,1593.38134765625,218,1483.176025390625,84.18306892940035,71.17524517569908,2
dcrlme_seed0,dcrlme,0,ankle1_paralysed,ite,2,19,218,1489.79052734375,218,1483.176025390625,84.18306892940035,71.17524517569908,2
dcrlme_seed0,dcrlme,0,ankle1_paralysed,ite,2,20,218,1574.599609375,218,1483.176025390625,84.18306892940035,71.17524517569908,2
dcrlme_seed0,dcrlme,0,ankle1_paralysed,ite,3,1,724,1173.21337890625,724,1192.24267578125,26.484492899131407,22.392154377629275,2
dcrlme_seed0,dcrlme,0,ankle1_paralysed,ite,3,2,218,1452.515625,218,1483.176025390625,84.18306892940035,71.17524517569908,2
dcrlme_seed0,dcrlme,0,ankle1_paralysed,ite,3,3,218,1584.2957763671875,218,1483.176025390625,84.18306892940035,71.17524517569908,2
dcrlme_seed0,dcrlme,0,ankle1_paralysed,ite,3,4,218,1485.5242919921875,218,1483.176025390625,84.18306892940035,71.17524517569908,2
dcrlme_seed0,dcrlme,0,ankle1_paralysed,ite,3,5,218,1615.2222900390625,218,1483.176025390625,84.18306892940035,71.17524517569908,2
dcrlme_seed0,dcrlme,0,ankle1_paralysed,ite,3,6,218,1470.677734375,218,1483.176025390625,84.18306892940035,71.17524517569908,2
dcrlme_seed0,dcrlme,0,ankle1_paralysed,ite,3,7,218,1538.0001220703125,218,1483.176025390625,84.18306892940035,71.17524517569908,2
dcrlme_seed0,dcrlme,0,ankle1_paralysed,ite,3,8,218,1524.74267578125,218,1483.176025390625,84.18306892940035,71.17524517569908,2
dcrlme_seed0,dcrlme,0,ankle1_paralysed,ite,3,9,218,1391.4365234375,218,1483.176025390625,84.18306892940035,71.17524517569908,2
dcrlme_seed0,dcrlme,0,ankle1_paralysed,ite,3,10,218,1386.645263671875,218,1483.176025390625,84.18306892940035,71.17524517569908,2
dcrlme_seed0,dcrlme,0,ankle1_paralysed,ite,3,11,218,1343.1944580078125,218,1483.176025390625,84.18306892940035,71.17524517569908,2
dcrlme_seed0,dcrlme,0,ankle1_paralysed,ite,3,12,218,1449.844970703125,218,1483.176025390625,84.18306892940035,71.17524517569908,2
dcrlme_seed0,dcrlme,0,ankle1_paralysed,ite,3,13,218,1597.52587890625,218,1483.176025390625,84.18306892940035,71.17524517569908,2
dcrlme_seed0,dcrlme,0,ankle1_paralysed,ite,3,14,218,1402.23486328125,218,1483.176025390625,84.18306892940035,71.17524517569908,2
dcrlme_seed0,dcrlme,0,ankle1_paralysed,ite,3,15,218,1669.766357421875,218,1483.176025390625,84.18306892940035,71.17524517569908,2
dcrlme_seed0,dcrlme,0,ankle1_paralysed,ite,3,16,218,1452.1513671875,218,1483.176025390625,84.18306892940035,71.17524517569908,2
dcrlme_seed0,dcrlme,0,ankle1_paralysed,ite,3,17,218,1434.697021484375,218,1483.176025390625,84.18306892940035,71.17524517569908,2
dcrlme_seed0,dcrlme,0,ankle1_paralysed,ite,3,18,218,1505.81787109375,218,1483.176025390625,84.18306892940035,71.17524517569908,2
dcrlme_seed0,dcrlme,0,ankle1_paralysed,ite,3,19,218,1537.566650390625,218,1483.176025390625,84.18306892940035,71.17524517569908,2
dcrlme_seed0,dcrlme,0,ankle1_paralysed,ite,3,20,218,1298.303955078125,218,1483.176025390625,84.18306892940035,71.17524517569908,2
dcrlme_seed0,dcrlme,0,ankle1_paralysed,ite,4,1,724,1180.84423828125,724,1192.24267578125,26.484492899131407,22.392154377629275,2
dcrlme_seed0,dcrlme,0,ankle1_paralysed,ite,4,2,218,1512.095703125,218,1483.176025390625,84.18306892940035,71.17524517569908,2
dcrlme_seed0,dcrlme,0,ankle1_paralysed,ite,4,3,218,1551.81689453125,218,1483.176025390625,84.18306892940035,71.17524517569908,2
dcrlme_seed0,dcrlme,0,ankle1_paralysed,ite,4,4,218,1475.5904541015625,218,1483.176025390625,84.18306892940035,71.17524517569908,2
dcrlme_seed0,dcrlme,0,ankle1_paralysed,ite,4,5,218,1605.9825439453125,218,1483.176025390625,84.18306892940035,71.17524517569908,2
dcrlme_seed0,dcrlme,0,ankle1_paralysed,ite,4,6,218,1466.67724609375,218,1483.176025390625,84.18306892940035,71.17524517569908,2
dcrlme_seed0,dcrlme,0,ankle1_paralysed,ite,4,7,218,1490.917236328125,218,1483.176025390625,84.18306892940035,71.17524517569908,2
dcrlme_seed0,dcrlme,0,ankle1_paralysed,ite,4,8,218,1451.2894287109375,218,1483.176025390625,84.18306892940035,71.17524517569908,2
dcrlme_seed0,dcrlme,0,ankle1_paralysed,ite,4,9,218,1438.5191650390625,218,1483.176025390625,84.18306892940035,71.17524517569908,2
dcrlme_seed0,dcrlme,0,ankle1_paralysed,ite,4,10,218,1472.5234375,218,1483.176025390625,84.18306892940035,71.17524517569908,2
dcrlme_seed0,dcrlme,0,ankle1_paralysed,ite,4,11,218,1492.0350341796875,218,1483.176025390625,84.18306892940035,71.17524517569908,2
dcrlme_seed0,dcrlme,0,ankle1_paralysed,ite,4,12,218,1525.510009765625,218,1483.176025390625,84.18306892940035,71.17524517569908,2
dcrlme_seed0,dcrlme,0,ankle1_paralysed,ite,4,13,218,1553.7725830078125,218,1483.176025390625,84.18306892940035,71.17524517569908,2
dcrlme_seed0,dcrlme,0,ankle1_paralysed,ite,4,14,218,1633.43359375,218,1483.176025390625,84.18306892940035,71.17524517569908,2
dcrlme_seed0,dcrlme,0,ankle1_paralysed,ite,4,15,218,1607.010009765625,218,1483.176025390625,84.18306892940035,71.17524517569908,2
dcrlme_seed0,dcrlme,0,ankle1_paralysed,ite,4,16,218,1445.317138671875,218,1483.176025390625,84.18306892940035,71.17524517569908,2
dcrlme_seed0,dcrlme,0,ankle1_paralysed,ite,4,17,218,1343.677978515625,218,1483.176025390625,84.18306892940035,71.17524517569908,2
dcrlme_seed0,dcrlme,0,ankle1_paralysed,ite,4,18,218,1590.60888671875,218,1483.176025390625,84.18306892940035,71.17524517569908,2
dcrlme_seed0,dcrlme,0,ankle1_paralysed,ite,4,19,218,1510.3115234375,218,1483.176025390625,84.18306892940035,71.17524517569908,2
dcrlme_seed0,dcrlme,0,ankle1_paralysed,ite,4,20,218,1660.410888671875,218,1483.176025390625,84.18306892940035,71.17524517569908,2
dcrlme_seed0,dcrlme,0,ankle1_paralysed,top_k,0,1,724,1180.044677734375,724,1192.24267578125,26.484492899131407,22.392154377629275,
dcrlme_seed0,dcrlme,0,ankle1_paralysed,top_k,0,2,342,1414.18798828125,342,1540.02490234375,95.45746993402683,80.70754503027453,
dcrlme_seed0,dcrlme,0,ankle1_paralysed,top_k,0,3,716,1165.63671875,342,1540.02490234375,95.45746993402683,80.70754503027453,
dcrlme_seed0,dcrlme,0,ankle1_paralysed,top_k,0,4,218,1513.076416015625,218,1483.176025390625,84.18306892940035,71.17524517569908,
dcrlme_seed0,dcrlme,0,ankle1_paralysed,top_k,0,5,939,1128.328125,218,1483.176025390625,84.18306892940035,71.17524517569908,
dcrlme_seed0,dcrlme,0,ankle1_paralysed,top_k,0,6,880,1591.226806640625,880,1534.1561279296875,94.29356099340887,79.7234813074356,
dcrlme_seed0,dcrlme,0,ankle1_paralysed,top_k,0,7,330,1384.0537109375,880,1534.1561279296875,94.29356099340887,79.7234813074356,
dcrlme_seed0,dcrlme,0,ankle1_paralysed,top_k,0,8,381,1229.1536865234375,880,1534.1561279296875,94.29356099340887,79.7234813074356,
dcrlme_seed0,dcrlme,0,ankle1_paralysed,top_k,0,9,901,1059.051513671875,880,1534.1561279296875,94.29356099340887,79.7234813074356,
dcrlme_seed0,dcrlme,0,ankle1_paralysed,top_k,0,10,131,1175.241943359375,880,1534.1561279296875,94.29356099340887,79.7234813074356,
dcrlme_seed0,dcrlme,0,ankle1_paralysed,top_k,0,11,858,1612.577880859375,858,1561.3489990234375,99.68651419863839,84.28312461201972,
dcrlme_seed0,dcrlme,0,ankle1_paralysed,top_k,0,12,126,1200.4862060546875,858,1561.3489990234375,99.68651419863839,84.28312461201972,
dcrlme_seed0,dcrlme,0,ankle1_paralysed,top_k,0,13,41,1596.09765625,858,1561.3489990234375,99.68651419863839,84.28312461201972,
dcrlme_seed0,dcrlme,0,ankle1_paralysed,top_k,0,14,229,1223.7376708984375,858,1561.3489990234375,99.68651419863839,84.28312461201972,
dcrlme_seed0,dcrlme,0,ankle1_paralysed,top_k,0,15,244,1082.8502197265625,858,1561.3489990234375,99.68651419863839,84.28312461201972,
dcrlme_seed0,dcrlme,0,ankle1_paralysed,top_k,0,16,73,1357.95751953125,858,1561.3489990234375,99.68651419863839,84.28312461201972,
dcrlme_seed0,dcrlme,0,ankle1_paralysed,top_k,0,17,535,1156.0828857421875,858,1561.3489990234375,99.68651419863839,84.28312461201972,
dcrlme_seed0,dcrlme,0,ankle1_paralysed,top_k,0,18,43,1152.5924072265625,858,1561.3489990234375,99.68651419863839,84.28312461201972,
dcrlme_seed0,dcrlme,0,ankle1_paralysed,top_k,0,19,217,1527.8048095703125,858,1561.3489990234375,99.68651419863839,84.28312461201972,
dcrlme_seed0,dcrlme,0,ankle1_paralysed,top_k,0,20,26,1053.415771484375,858,1561.3489990234375,99.68651419863839,84.28312461201972,
dcrlme_seed0,dcrlme,0,ankle1_paralysed,top_k,1,1,724,1163.397216796875,724,1192.24267578125,26.484492899131407,22.392154377629275,
dcrlme_seed0,dcrlme,0,ankle1_paralysed,top_k,1,2,342,1610.4537353515625,342,1540.02490234375,95.45746993402683,80.70754503027453,
dcrlme_seed0,dcrlme,0,ankle1_paralysed,top_k,1,3,716,1148.9892578125,342,1540.02490234375,95.45746993402683,80.70754503027453,
dcrlme_seed0,dcrlme,0,ankle1_paralysed,top_k,1,4,218,1664.135986328125,218,1483.176025390625,84.18306892940035,71.17524517569908,
dcrlme_seed0,dcrlme,0,ankle1_paralysed,top_k,1,5,939,1121.66259765625,218,1483.176025390625,84.18306892940035,71.17524517569908,
dcrlme_seed0,dcrlme,0,ankle1_paralysed,top_k,1,6,880,1550.716796875,218,1483.176025390625,84.18306892940035,71.17524517569908,
dcrlme_seed0,dcrlme,0,ankle1_paralysed,top_k,1,7,330,1399.118896484375,218,1483.176025390625,84.18306892940035,71.17524517569908,
dcrlme_seed0,dcrlme,0,ankle1_paralysed,top_k,1,8,381,1195.970703125,218,1483.176025390625,84.18306892940035,71.17524517569908,
dcrlme_seed0,dcrlme,0,ankle1_paralysed,top_k,1,9,901,1072.45361328125,218,1483.176025390625,84.18306892940035,71.17524517569908,
dcrlme_seed0,dcrlme,0,ankle1_paralysed,top_k,1,10,131,1161.4459228515625,218,1483.176025390625,84.18306892940035,71.17524517569908,
dcrlme_seed0,dcrlme,0,ankle1_paralysed,top_k,1,11,858,1458.509033203125,218,1483.176025390625,84.18306892940035,71.17524517569908,
dcrlme_seed0,dcrlme,0,ankle1_paralysed,top_k,1,12,126,1146.67431640625,218,1483.176025390625,84.18306892940035,71.17524517569908,
dcrlme_seed0,dcrlme,0,ankle1_paralysed,top_k,1,13,41,1436.1011962890625,218,1483.176025390625,84.18306892940035,71.17524517569908,
dcrlme_seed0,dcrlme,0,ankle1_paralysed,top_k,1,14,229,1226.37353515625,218,1483.176025390625,84.18306892940035,71.17524517569908,
dcrlme_seed0,dcrlme,0,ankle1_paralysed,top_k,1,15,244,1058.481689453125,218,1483.176025390625,84.18306892940035,71.17524517569908,
dcrlme_seed0,dcrlme,0,ankle1_paralysed,top_k,1,16,73,1323.3619384765625,218,1483.176025390625,84.18306892940035,71.17524517569908,
dcrlme_seed0,dcrlme,0,ankle1_paralysed,top_k,1,17,535,1161.80078125,218,1483.176025390625,84.18306892940035,71.17524517569908,
dcrlme_seed0,dcrlme,0,ankle1_paralysed,top_k,1,18,43,1145.7835693359375,218,1483.176025390625,84.18306892940035,71.17524517569908,
dcrlme_seed0,dcrlme,0,ankle1_paralysed,top_k,1,19,217,1587.7054443359375,218,1483.176025390625,84.18306892940035,71.17524517569908,
dcrlme_seed0,dcrlme,0,ankle1_paralysed,top_k,1,20,26,1040.876953125,218,1483.176025390625,84.18306892940035,71.17524517569908,
dcrlme_seed0,dcrlme,0,ankle1_paralysed,top_k,2,1,724,1207.04248046875,724,1192.24267578125,26.484492899131407,22.392154377629275,
dcrlme_seed0,dcrlme,0,ankle1_paralysed,top_k,2,2,342,1563.900146484375,342,1540.02490234375,95.45746993402683,80.70754503027453,
dcrlme_seed0,dcrlme,0,ankle1_paralysed,top_k,2,3,716,1121.818603515625,342,1540.02490234375,95.45746993402683,80.70754503027453,
dcrlme_seed0,dcrlme,0,ankle1_paralysed,top_k,2,4,218,1527.7833251953125,342,1540.02490234375,95.45746993402683,80.70754503027453,
dcrlme_seed0,dcrlme,0,ankle1_paralysed,top_k,2,5,939,1132.9912109375,342,1540.02490234375,95.45746993402683,80.70754503027453,
dcrlme_seed0,dcrlme,0,ankle1_paralysed,top_k,2,6,880,1511.945556640625,342,1540.02490234375,95.45746993402683,80.70754503027453,
dcrlme_seed0,dcrlme,0,ankle1_paralysed,top_k,2,7,330,1555.259765625,342,1540.02490234375,95.45746993402683,80.70754503027453,
dcrlme_seed0,dcrlme,0,ankle1_paralysed,top_k,2,8,381,1179.3187255859375,342,1540.02490234375,95.45746993402683,80.70754503027453,
dcrlme_seed0,dcrlme,0,ankle1_paralysed,top_k,2,9,901,1094.833251953125,342,1540.02490234375,95.45746993402683,80.70754503027453,
dcrlme_seed0,dcrlme,0,ankle1_paralysed,top_k,2,10,131,1175.489013671875,342,1540.02490234375,95.45746993402683,80.70754503027453,
dcrlme_seed0,dcrlme,0,ankle1_paralysed,top_k,2,11,858,1407.76611328125,342,1540.02490234375,95.45746993402683,80.70754503027453,
dcrlme_seed0,dcrlme,0,ankle1_paralysed,top_k,2,12,126,1116.032958984375,342,1540.02490234375,95.45746993402683,80.70754503027453,
dcrlme_seed0,dcrlme,0,ankle1_paralysed,top_k,2,13,41,1493.087890625,342,1540.02490234375,95.45746993402683,80.70754503027453,
dcrlme_seed0,dcrlme,0,ankle1_paralysed,top_k,2,14,229,1195.2608642578125,342,1540.02490234375,95.45746993402683,80.70754503027453,
dcrlme_seed0,dcrlme,0,ankle1_paralysed,top_k,2,15,244,1070.5390625,342,1540.02490234375,95.45746993402683,80.70754503027453,
dcrlme_seed0,dcrlme,0,ankle1_paralysed,top_k,2,16,73,1348.69287109375,342,1540.02490234375,95.45746993402683,80.70754503027453,
dcrlme_seed0,dcrlme,0,ankle1_paralysed,top_k,2,17,535,1171.5877685546875,342,1540.02490234375,95.45746993402683,80.70754503027453,
dcrlme_seed0,dcrlme,0,ankle1_paralysed,top_k,2,18,43,1132.4053955078125,342,1540.02490234375,95.45746993402683,80.70754503027453,
dcrlme_seed0,dcrlme,0,ankle1_paralysed,top_k,2,19,217,1584.0086669921875,217,1555.576171875,98.54163374206323,83.31514912443157,
dcrlme_seed0,dcrlme,0,ankle1_paralysed,top_k,2,20,26,1048.2247314453125,217,1555.576171875,98.54163374206323,83.31514912443157,
dcrlme_seed0,dcrlme,0,ankle1_paralysed,top_k,3,1,724,1158.735107421875,724,1192.24267578125,26.484492899131407,22.392154377629275,
dcrlme_seed0,dcrlme,0,ankle1_paralysed,top_k,3,2,342,1328.317138671875,342,1540.02490234375,95.45746993402683,80.70754503027453,
dcrlme_seed0,dcrlme,0,ankle1_paralysed,top_k,3,3,716,1123.79736328125,342,1540.02490234375,95.45746993402683,80.70754503027453,
dcrlme_seed0,dcrlme,0,ankle1_paralysed,top_k,3,4,218,1493.0986328125,218,1483.176025390625,84.18306892940035,71.17524517569908,
dcrlme_seed0,dcrlme,0,ankle1_paralysed,top_k,3,5,939,1113.1651611328125,218,1483.176025390625,84.18306892940035,71.17524517569908,
dcrlme_seed0,dcrlme,0,ankle1_paralysed,top_k,3,6,880,1403.1715087890625,218,1483.176025390625,84.18306892940035,71.17524517569908,
dcrlme_seed0,dcrlme,0,ankle1_paralysed,top_k,3,7,330,1412.2073974609375,218,1483.176025390625,84.18306892940035,71.17524517569908,
dcrlme_seed0,dcrlme,0,ankle1_paralysed,top_k,3,8,381,1182.12744140625,218,1483.176025390625,84.18306892940035,71.17524517569908,
dcrlme_seed0,dcrlme,0,ankle1_paralysed,top_k,3,9,901,1082.44482421875,218,1483.176025390625,84.18306892940035,71.17524517569908,
dcrlme_seed0,dcrlme,0,ankle1_paralysed,top_k,3,10,131,1145.7958984375,218,1483.176025390625,84.18306892940035,71.17524517569908,
dcrlme_seed0,dcrlme,0,ankle1_paralysed,top_k,3,11,858,1528.03515625,858,1561.3489990234375,99.68651419863839,84.28312461201972,
dcrlme_seed0,dcrlme,0,ankle1_paralysed,top_k,3,12,126,1173.46826171875,858,1561.3489990234375,99.68651419863839,84.28312461201972,
dcrlme_seed0,dcrlme,0,ankle1_paralysed,top_k,3,13,41,1506.067138671875,858,1561.3489990234375,99.68651419863839,84.28312461201972,
dcrlme_seed0,dcrlme,0,ankle1_paralysed,top_k,3,14,229,1187.10595703125,858,1561.3489990234375,99.68651419863839,84.28312461201972,
dcrlme_seed0,dcrlme,0,ankle1_paralysed,top_k,3,15,244,1109.56005859375,858,1561.3489990234375,99.68651419863839,84.28312461201972,
dcrlme_seed0,dcrlme,0,ankle1_paralysed,top_k,3,16,73,1349.323974609375,858,1561.3489990234375,99.68651419863839,84.28312461201972,
dcrlme_seed0,dcrlme,0,ankle1_paralysed,top_k,3,17,535,1151.682373046875,858,1561.3489990234375,99.68651419863839,84.28312461201972,
dcrlme_seed0,dcrlme,0,ankle1_paralysed,top_k,3,18,43,1200.59521484375,858,1561.3489990234375,99.68651419863839,84.28312461201972,
dcrlme_seed0,dcrlme,0,ankle1_paralysed,top_k,3,19,217,1575.89990234375,217,1555.576171875,98.54163374206323,83.31514912443157,
dcrlme_seed0,dcrlme,0,ankle1_paralysed,top_k,3,20,26,1048.640625,217,1555.576171875,98.54163374206323,83.31514912443157,
dcrlme_seed0,dcrlme,0,ankle1_paralysed,top_k,4,1,724,1200.9150390625,724,1192.24267578125,26.484492899131407,22.392154377629275,
dcrlme_seed0,dcrlme,0,ankle1_paralysed,top_k,4,2,342,1400.185302734375,342,1540.02490234375,95.45746993402683,80.70754503027453,
dcrlme_seed0,dcrlme,0,ankle1_paralysed,top_k,4,3,716,1123.976318359375,342,1540.02490234375,95.45746993402683,80.70754503027453,
dcrlme_seed0,dcrlme,0,ankle1_paralysed,top_k,4,4,218,1522.572265625,218,1483.176025390625,84.18306892940035,71.17524517569908,
dcrlme_seed0,dcrlme,0,ankle1_paralysed,top_k,4,5,939,1131.6181640625,218,1483.176025390625,84.18306892940035,71.17524517569908,
dcrlme_seed0,dcrlme,0,ankle1_paralysed,top_k,4,6,880,1363.700439453125,218,1483.176025390625,84.18306892940035,71.17524517569908,
dcrlme_seed0,dcrlme,0,ankle1_paralysed,top_k,4,7,330,1442.2958984375,218,1483.176025390625,84.18306892940035,71.17524517569908,
dcrlme_seed0,dcrlme,0,ankle1_paralysed,top_k,4,8,381,1153.76220703125,218,1483.176025390625,84.18306892940035,71.17524517569908,
dcrlme_seed0,dcrlme,0,ankle1_paralysed,top_k,4,9,901,1091.5498046875,218,1483.176025390625,84.18306892940035,71.17524517569908,
dcrlme_seed0,dcrlme,0,ankle1_paralysed,top_k,4,10,131,1199.9051513671875,218,1483.176025390625,84.18306892940035,71.17524517569908,
dcrlme_seed0,dcrlme,0,ankle1_paralysed,top_k,4,11,858,1307.5240478515625,218,1483.176025390625,84.18306892940035,71.17524517569908,
dcrlme_seed0,dcrlme,0,ankle1_paralysed,top_k,4,12,126,1328.287109375,218,1483.176025390625,84.18306892940035,71.17524517569908,
dcrlme_seed0,dcrlme,0,ankle1_paralysed,top_k,4,13,41,1262.1136474609375,218,1483.176025390625,84.18306892940035,71.17524517569908,
dcrlme_seed0,dcrlme,0,ankle1_paralysed,top_k,4,14,229,1225.6424560546875,218,1483.176025390625,84.18306892940035,71.17524517569908,
dcrlme_seed0,dcrlme,0,ankle1_paralysed,top_k,4,15,244,1059.91162109375,218,1483.176025390625,84.18306892940035,71.17524517569908,
dcrlme_seed0,dcrlme,0,ankle1_paralysed,top_k,4,16,73,1332.5693359375,218,1483.176025390625,84.18306892940035,71.17524517569908,
dcrlme_seed0,dcrlme,0,ankle1_paralysed,top_k,4,17,535,1156.278564453125,218,1483.176025390625,84.18306892940035,71.17524517569908,
dcrlme_seed0,dcrlme,0,ankle1_paralysed,top_k,4,18,43,1152.3162841796875,218,1483.176025390625,84.18306892940035,71.17524517569908,
dcrlme_seed0,dcrlme,0,ankle1_paralysed,top_k,4,19,217,1470.16796875,218,1483.176025390625,84.18306892940035,71.17524517569908,
dcrlme_seed0,dcrlme,0,ankle1_paralysed,top_k,4,20,26,1057.16357421875,218,1483.176025390625,84.18306892940035,71.17524517569908,
dcrlme_seed0,dcrlme,0,ankle1_paralysed,random,0,1,883,1079.64404296875,883,1093.248046875,6.851648709200598,5.792943675456812,
dcrlme_seed0,dcrlme,0,ankle1_paralysed,random,0,2,335,1083.087158203125,335,1093.81005859375,6.963108175527638,5.887180615780677,
dcrlme_seed0,dcrlme,0,ankle1_paralysed,random,0,3,112,1028.4736328125,335,1093.81005859375,6.963108175527638,5.887180615780677,
dcrlme_seed0,dcrlme,0,ankle1_paralysed,random,0,4,597,512.6647338867188,335,1093.81005859375,6.963108175527638,5.887180615780677,
dcrlme_seed0,dcrlme,0,ankle1_paralysed,random,0,5,343,1071.21728515625,335,1093.81005859375,6.963108175527638,5.887180615780677,
dcrlme_seed0,dcrlme,0,ankle1_paralysed,random,0,6,865,657.0595092773438,335,1093.81005859375,6.963108175527638,5.887180615780677,
dcrlme_seed0,dcrlme,0,ankle1_paralysed,random,0,7,581,1018.1893920898438,335,1093.81005859375,6.963108175527638,5.887180615780677,
dcrlme_seed0,dcrlme,0,ankle1_paralysed,random,0,8,444,1061.65234375,335,1093.81005859375,6.963108175527638,5.887180615780677,
dcrlme_seed0,dcrlme,0,ankle1_paralysed,random,0,9,192,1008.0335693359375,335,1093.81005859375,6.963108175527638,5.887180615780677,
dcrlme_seed0,dcrlme,0,ankle1_paralysed,random,0,10,89,1119.1375732421875,89,1181.893310546875,24.43198280483534,20.656794630770495,
dcrlme_seed0,dcrlme,0,ankle1_paralysed,random,0,11,496,1107.5810546875,89,1181.893310546875,24.43198280483534,20.656794630770495,
dcrlme_seed0,dcrlme,0,ankle1_paralysed,random,0,12,233,1078.5447998046875,89,1181.893310546875,24.43198280483534,20.656794630770495,
dcrlme_seed0,dcrlme,0,ankle1_paralysed,random,0,13,492,1270.764892578125,492,1209.570556640625,29.920998382433595,25.29765691433051,
dcrlme_seed0,dcrlme,0,ankle1_paralysed,random,0,14,923,1057.467041015625,492,1209.570556640625,29.920998382433595,25.29765691433051,
dcrlme_seed0,dcrlme,0,ankle1_paralysed,random,0,15,40,1054.094482421875,492,1209.570556640625,29.920998382433595,25.29765691433051,
dcrlme_seed0,dcrlme,0,ankle1_paralysed,random,0,16,1022,1320.628662109375,1022,1303.709716796875,48.59089475902289,41.08271285144606,
dcrlme_seed0,dcrlme,0,ankle1_paralysed,random,0,17,693,1046.7891845703125,1022,1303.709716796875,48.59089475902289,41.08271285144606,
dcrlme_seed0,dcrlme,0,ankle1_paralysed,random,0,18,815,1038.263427734375,1022,1303.709716796875,48.59089475902289,41.08271285144606,
dcrlme_seed0,dcrlme,0,ankle1_paralysed,random,0,19,249,1043.14404296875,1022,1303.709716796875,48.59089475902289,41.08271285144606,
dcrlme_seed0,dcrlme,0,ankle1_paralysed,random,0,20,892,1072.3253173828125,1022,1303.709716796875,48.59089475902289,41.08271285144606,
dcrlme_seed0,dcrlme,0,ankle1_paralysed,random,1,1,887,1041.3623046875,887,1041.70068359375,-3.371343819625862,-2.850409541789056,
dcrlme_seed0,dcrlme,0,ankle1_paralysed,random,1,2,395,1021.08837890625,887,1041.70068359375,-3.371343819625862,-2.850409541789056,
dcrlme_seed0,dcrlme,0,ankle1_paralysed,random,1,3,777,1065.52783203125,777,1073.202392578125,2.876148100289108,2.431730617606466,
dcrlme_seed0,dcrlme,0,ankle1_paralysed,random,1,4,710,1049.629150390625,777,1073.202392578125,2.876148100289108,2.431730617606466,
dcrlme_seed0,dcrlme,0,ankle1_paralysed,random,1,5,180,1013.8125,777,1073.202392578125,2.876148100289108,2.431730617606466,
dcrlme_seed0,dcrlme,0,ankle1_paralysed,random,1,6,978,983.858642578125,777,1073.202392578125,2.876148100289108,2.431730617606466,
dcrlme_seed0,dcrlme,0,ankle1_paralysed,random,1,7,306,1053.366455078125,777,1073.202392578125,2.876148100289108,2.431730617606466,
dcrlme_seed0,dcrlme,0,ankle1_paralysed,random,1,8,718,1041.390869140625,777,1073.202392578125,2.876148100289108,2.431730617606466,
dcrlme_seed0,dcrlme,0,ankle1_paralysed,random,1,9,818,1228.0,818,1062.9808349609375,0.8489851087828808,0.7178013825893615,
dcrlme_seed0,dcrlme,0,ankle1_paralysed,random,1,10,179,1042.171142578125,818,1062.9808349609375,0.8489851087828808,0.7178013825893615,
dcrlme_seed0,dcrlme,0,ankle1_paralysed,random,1,11,380,1048.876220703125,818,1062.9808349609375,0.8489851087828808,0.7178013825893615,
dcrlme_seed0,dcrlme,0,ankle1_paralysed,random,1,12,944,1059.4053955078125,818,1062.9808349609375,0.8489851087828808,0.7178013825893615,
dcrlme_seed0,dcrlme,0,ankle1_paralysed,random,1,13,430,1070.1021728515625,818,1062.9808349609375,0.8489851087828808,0.7178013825893615,
dcrlme_seed0,dcrlme,0,ankle1_paralysed,random,1,14,543,1062.971923828125,818,1062.9808349609375,0.8489851087828808,0.7178013825893615,
dcrlme_seed0,dcrlme,0,ankle1_paralysed,random,1,15,88,1045.637939453125,818,1062.9808349609375,0.8489851087828808,0.7178013825893615,
dcrlme_seed0,dcrlme,0,ankle1_paralysed,random,1,16,968,1087.7158203125,818,1062.9808349609375,0.8489851087828808,0.7178013825893615,
dcrlme_seed0,dcrlme,0,ankle1_paralysed,random,1,17,702,1056.1722412109375,818,1062.9808349609375,0.8489851087828808,0.7178013825893615,
dcrlme_seed0,dcrlme,0,ankle1_paralysed,random,1,18,647,1078.56396484375,818,1062.9808349609375,0.8489851087828808,0.7178013825893615,
dcrlme_seed0,dcrlme,0,ankle1_paralysed,random,1,19,745,1235.34521484375,745,1272.717529296875,42.44445232052605,35.88600818051966,
dcrlme_seed0,dcrlme,0,ankle1_paralysed,random,1,20,36,1108.2725830078125,745,1272.717529296875,42.44445232052605,35.88600818051966,
dcrlme_seed0,dcrlme,0,ankle1_paralysed,random,2,1,409,1162.7030029296875,409,1129.00634765625,13.943317777426575,11.78882017479437,
dcrlme_seed0,dcrlme,0,ankle1_paralysed,random,2,2,0,1356.228271484375,0,1303.934814453125,48.63553664779506,41.12045675195805,
dcrlme_seed0,dcrlme,0,ankle1_paralysed,random,2,3,1019,1033.82763671875,0,1303.934814453125,48.63553664779506,41.12045675195805,
dcrlme_seed0,dcrlme,0,ankle1_paralysed,random,2,4,490,1064.28173828125,0,1303.934814453125,48.63553664779506,41.12045675195805,
dcrlme_seed0,dcrlme,0,ankle1_paralysed,random,2,5,802,1001.0965576171875,0,1303.934814453125,48.63553664779506,41.12045675195805,
dcrlme_seed0,dcrlme,0,ankle1_paralysed,random,2,6,218,1462.6798095703125,218,1483.176025390625,84.18306892940035,71.17524517569908,
dcrlme_seed0,dcrlme,0,ankle1_paralysed,random,2,7,385,1059.975341796875,218,1483.176025390625,84.18306892940035,71.17524517569908,
dcrlme_seed0,dcrlme,0,ankle1_paralysed,random,2,8,488,1048.68701171875,218,1483.176025390625,84.18306892940035,71.17524517569908,
dcrlme_seed0,dcrlme,0,ankle1_paralysed,random,2,9,838,1045.3984375,218,1483.176025390625,84.18306892940035,71.17524517569908,
dcrlme_seed0,dcrlme,0,ankle1_paralysed,random,2,10,169,1041.07275390625,218,1483.176025390625,84.18306892940035,71.17524517569908,
dcrlme_seed0,dcrlme,0,ankle1_paralysed,random,2,11,122,1091.282958984375,218,1483.176025390625,84.18306892940035,71.17524517569908,
dcrlme_seed0,dcrlme,0,ankle1_paralysed,random,2,12,89,1122.43798828125,218,1483.176025390625,84.18306892940035,71.17524517569908,
dcrlme_seed0,dcrlme,0,ankle1_paralysed,random,2,13,943,1285.46142578125,218,1483.176025390625,84.18306892940035,71.17524517569908,
dcrlme_seed0,dcrlme,0,ankle1_paralysed,random,2,14,808,1066.7911376953125,218,1483.176025390625,84.18306892940035,71.17524517569908,
dcrlme_seed0,dcrlme,0,ankle1_paralysed,random,2,15,880,1505.69677734375,880,1534.1561279296875,94.29356099340887,79.7234813074356,
dcrlme_seed0,dcrlme,0,ankle1_paralysed,random,2,16,475,1029.958251953125,880,1534.1561279296875,94.29356099340887,79.7234813074356,
dcrlme_seed0,dcrlme,0,ankle1_paralysed,random,2,17,900,1076.030517578125,880,1534.1561279296875,94.29356099340887,79.7234813074356,
dcrlme_seed0,dcrlme,0,ankle1_paralysed,random,2,18,427,1104.9937744140625,880,1534.1561279296875,94.29356099340887,79.7234813074356,
dcrlme_seed0,dcrlme,0,ankle1_paralysed,random,2,19,23,1114.20458984375,880,1534.1561279296875,94.29356099340887,79.7234813074356,
dcrlme_seed0,dcrlme,0,ankle1_paralysed,random,2,20,389,1070.7637939453125,880,1534.1561279296875,94.29356099340887,79.7234813074356,
dcrlme_seed0,dcrlme,0,ankle1_paralysed,random,3,1,807,1145.6038818359375,807,1172.927978515625,22.653957382393312,19.15350665397947,
dcrlme_seed0,dcrlme,0,ankle1_paralysed,random,3,2,766,1096.75146484375,807,1172.927978515625,22.653957382393312,19.15350665397947,
dcrlme_seed0,dcrlme,0,ankle1_paralysed,random,3,3,697,1065.49658203125,807,1172.927978515625,22.653957382393312,19.15350665397947,
dcrlme_seed0,dcrlme,0,ankle1_paralysed,random,3,4,953,1051.16552734375,807,1172.927978515625,22.653957382393312,19.15350665397947,
dcrlme_seed0,dcrlme,0,ankle1_paralysed,random,3,5,438,1039.339111328125,807,1172.927978515625,22.653957382393312,19.15350665397947,
dcrlme_seed0,dcrlme,0,ankle1_paralysed,random,3,6,607,546.8093872070312,807,1172.927978515625,22.653957382393312,19.15350665397947,
dcrlme_seed0,dcrlme,0,ankle1_paralysed,random,3,7,913,1035.138671875,807,1172.927978515625,22.653957382393312,19.15350665397947,
dcrlme_seed0,dcrlme,0,ankle1_paralysed,random,3,8,484,743.70947265625,807,1172.927978515625,22.653957382393312,19.15350665397947,
dcrlme_seed0,dcrlme,0,ankle1_paralysed,random,3,9,771,1077.229736328125,807,1172.927978515625,22.653957382393312,19.15350665397947,
dcrlme_seed0,dcrlme,0,ankle1_paralysed,random,3,10,535,1138.182373046875,807,1172.927978515625,22.653957382393312,19.15350665397947,
dcrlme_seed0,dcrlme,0,ankle1_paralysed,random,3,11,975,1253.97314453125,975,1180.7724609375,24.209693313129243,20.468852930932588,
dcrlme_seed0,dcrlme,0,ankle1_paralysed,random,3,12,742,1056.463623046875,975,1180.7724609375,24.209693313129243,20.468852930932588,
dcrlme_seed0,dcrlme,0,ankle1_paralysed,random,3,13,198,1091.8546142578125,975,1180.7724609375,24.209693313129243,20.468852930932588,
dcrlme_seed0,dcrlme,0,ankle1_paralysed,random,3,14,271,1016.21240234375,975,1180.7724609375,24.209693313129243,20.468852930932588,
dcrlme_seed0,dcrlme,0,ankle1_paralysed,random,3,15,83,1085.318115234375,975,1180.7724609375,24.209693313129243,20.468852930932588,
dcrlme_seed0,dcrlme,0,ankle1_paralysed,random,3,16,510,680.2049560546875,975,1180.7724609375,24.209693313129243,20.468852930932588,
dcrlme_seed0,dcrlme,0,ankle1_paralysed,random,3,17,588,1151.17724609375,975,1180.7724609375,24.209693313129243,20.468852930932588,
dcrlme_seed0,dcrlme,0,ankle1_paralysed,random,3,18,373,1374.419189453125,373,1356.257568359375,59.01230644206664,49.893825834741975,
dcrlme_seed0,dcrlme,0,ankle1_paralysed,random,3,19,655,504.1188049316406,373,1356.257568359375,59.01230644206664,49.893825834741975,
dcrlme_seed0,dcrlme,0,ankle1_paralysed,random,3,20,832,1071.078125,373,1356.257568359375,59.01230644206664,49.893825834741975,
dcrlme_seed0,dcrlme,0,ankle1_paralysed,random,4,1,849,1068.8665771484375,849,1081.9014892578125,4.6013731109024505,3.890376811850497,
dcrlme_seed0,dcrlme,0,ankle1_paralysed,random,4,2,399,1072.9835205078125,399,1075.466796875,3.3252300074060903,2.8114211569217735,
dcrlme_seed0,dcrlme,0,ankle1_paralysed,random,4,3,535,1162.9520263671875,535,1160.3759765625,20.16461527019866,17.048813425104225,
dcrlme_seed0,dcrlme,0,ankle1_paralysed,random,4,4,332,1148.531982421875,535,1160.3759765625,20.16461527019866,17.048813425104225,
dcrlme_seed0,dcrlme,0,ankle1_paralysed,random,4,5,600,1182.4755859375,600,1249.575439453125,37.85485943905772,32.0055913372099,
dcrlme_seed0,dcrlme,0,ankle1_paralysed,random,4,6,968,1091.2965087890625,600,1249.575439453125,37.85485943905772,32.0055913372099,
dcrlme_seed0,dcrlme,0,ankle1_paralysed,random,4,7,1012,1146.92724609375,600,1249.575439453125,37.85485943905772,32.0055913372099,
dcrlme_seed0,dcrlme,0,ankle1_paralysed,random,4,8,897,1061.5179443359375,600,1249.575439453125,37.85485943905772,32.0055913372099,
dcrlme_seed0,dcrlme,0,ankle1_paralysed,random,4,9,190,1087.077880859375,600,1249.575439453125,37.85485943905772,32.0055913372099,
dcrlme_seed0,dcrlme,0,ankle1_paralysed,random,4,10,963,1218.1044921875,963,1191.386474609375,26.314689098780004,22.24858836993345,
dcrlme_seed0,dcrlme,0,ankle1_paralysed,random,4,11,536,1483.528564453125,536,1339.2327880859375,55.63591256929661,47.039146565378736,
dcrlme_seed0,dcrlme,0,ankle1_paralysed,random,4,12,1007,1029.4537353515625,536,1339.2327880859375,55.63591256929661,47.039146565378736,
dcrlme_seed0,dcrlme,0,ankle1_paralysed,random,4,13,708,1040.027587890625,536,1339.2327880859375,55.63591256929661,47.039146565378736,
dcrlme_seed0,dcrlme,0,ankle1_paralysed,random,4,14,53,1289.6905517578125,536,1339.2327880859375,55.63591256929661,47.039146565378736,
dcrlme_seed0,dcrlme,0,ankle1_paralysed,random,4,15,254,1027.90966796875,536,1339.2327880859375,55.63591256929661,47.039146565378736,
dcrlme_seed0,dcrlme,0,ankle1_paralysed,random,4,16,309,1093.041015625,536,1339.2327880859375,55.63591256929661,47.039146565378736,
dcrlme_seed0,dcrlme,0,ankle1_paralysed,random,4,17,651,944.631103515625,536,1339.2327880859375,55.63591256929661,47.039146565378736,
dcrlme_seed0,dcrlme,0,ankle1_paralysed,random,4,18,985,1176.580810546875,536,1339.2327880859375,55.63591256929661,47.039146565378736,
dcrlme_seed0,dcrlme,0,ankle1_paralysed,random,4,19,499,1042.265869140625,536,1339.2327880859375,55.63591256929661,47.039146565378736,
dcrlme_seed0,dcrlme,0,ankle1_paralysed,random,4,20,1017,1251.3619384765625,536,1339.2327880859375,55.63591256929661,47.039146565378736,
dcrlme_seed0,dcrlme,0,ankle1_paralysed,best_intact,0,1,724,1171.257080078125,724,1192.24267578125,26.484492899131407,22.392154377629275,
dcrlme_seed0,dcrlme,0,ankle1_paralysed,best_intact,1,1,724,1164.232177734375,724,1192.24267578125,26.484492899131407,22.392154377629275,
dcrlme_seed0,dcrlme,0,ankle1_paralysed,best_intact,2,1,724,1188.820556640625,724,1192.24267578125,26.484492899131407,22.392154377629275,
dcrlme_seed0,dcrlme,0,ankle1_paralysed,best_intact,3,1,724,1197.987060546875,724,1192.24267578125,26.484492899131407,22.392154377629275,
dcrlme_seed0,dcrlme,0,ankle1_paralysed,best_intact,4,1,724,1167.8978271484375,724,1192.24267578125,26.484492899131407,22.392154377629275,
dcrlme_seed0,dcrlme,0,ankle3_paralysed,ite,0,1,724,1263.1072998046875,724,1253.3284912109375,39.709271920578495,32.634895144824405,3
dcrlme_seed0,dcrlme,0,ankle3_paralysed,ite,0,2,218,1399.2001953125,218,1514.599365234375,93.01532242209342,76.44424456279053,3
dcrlme_seed0,dcrlme,0,ankle3_paralysed,ite,0,3,205,1217.702392578125,218,1514.599365234375,93.01532242209342,76.44424456279053,3
dcrlme_seed0,dcrlme,0,ankle3_paralysed,ite,0,4,218,1309.052978515625,218,1514.599365234375,93.01532242209342,76.44424456279053,3
dcrlme_seed0,dcrlme,0,ankle3_paralysed,ite,0,5,218,1419.768310546875,218,1514.599365234375,93.01532242209342,76.44424456279053,3
dcrlme_seed0,dcrlme,0,ankle3_paralysed,ite,0,6,218,1527.2598876953125,218,1514.599365234375,93.01532242209342,76.44424456279053,3
dcrlme_seed0,dcrlme,0,ankle3_paralysed,ite,0,7,218,850.068603515625,218,1514.599365234375,93.01532242209342,76.44424456279053,3
dcrlme_seed0,dcrlme,0,ankle3_paralysed,ite,0,8,724,1275.6202392578125,218,1514.599365234375,93.01532242209342,76.44424456279053,3
dcrlme_seed0,dcrlme,0,ankle3_paralysed,ite,0,9,1001,1324.379638671875,218,1514.599365234375,93.01532242209342,76.44424456279053,3
dcrlme_seed0,dcrlme,0,ankle3_paralysed,ite,0,10,1001,1418.917236328125,218,1514.599365234375,93.01532242209342,76.44424456279053,3
dcrlme_seed0,dcrlme,0,ankle3_paralysed,ite,0,11,1001,1414.023193359375,218,1514.599365234375,93.01532242209342,76.44424456279053,3
dcrlme_seed0,dcrlme,0,ankle3_paralysed,ite,0,12,1001,1391.425048828125,218,1514.599365234375,93.01532242209342,76.44424456279053,3
dcrlme_seed0,dcrlme,0,ankle3_paralysed,ite,0,13,1001,1374.201904296875,218,1514.599365234375,93.01532242209342,76.44424456279053,3
dcrlme_seed0,dcrlme,0,ankle3_paralysed,ite,0,14,1001,1450.855224609375,218,1514.599365234375,93.01532242209342,76.44424456279053,3
dcrlme_seed0,dcrlme,0,ankle3_paralysed,ite,0,15,1001,1424.607666015625,218,1514.599365234375,93.01532242209342,76.44424456279053,3
dcrlme_seed0,dcrlme,0,ankle3_paralysed,ite,0,16,1001,1433.0908203125,218,1514.599365234375,93.01532242209342,76.44424456279053,3
dcrlme_seed0,dcrlme,0,ankle3_paralysed,ite,0,17,1001,1389.12939453125,218,1514.599365234375,93.01532242209342,76.44424456279053,3
dcrlme_seed0,dcrlme,0,ankle3_paralysed,ite,0,18,1001,1351.9989013671875,218,1514.599365234375,93.01532242209342,76.44424456279053,3
dcrlme_seed0,dcrlme,0,ankle3_paralysed,ite,0,19,1001,1448.5107421875,218,1514.599365234375,93.01532242209342,76.44424456279053,3
dcrlme_seed0,dcrlme,0,ankle3_paralysed,ite,0,20,1001,1440.4111328125,218,1514.599365234375,93.01532242209342,76.44424456279053,3
dcrlme_seed0,dcrlme,0,ankle3_paralysed,ite,1,1,724,1236.5443115234375,724,1253.3284912109375,39.709271920578495,32.634895144824405,2
dcrlme_seed0,dcrlme,0,ankle3_paralysed,ite,1,2,218,1484.412109375,218,1514.599365234375,93.01532242209342,76.44424456279053,2
dcrlme_seed0,dcrlme,0,ankle3_paralysed,ite,1,3,218,1472.404541015625,218,1514.599365234375,93.01532242209342,76.44424456279053,2
dcrlme_seed0,dcrlme,0,ankle3_paralysed,ite,1,4,218,1492.8740234375,218,1514.599365234375,93.01532242209342,76.44424456279053,2
dcrlme_seed0,dcrlme,0,ankle3_paralysed,ite,1,5,218,1502.1160888671875,218,1514.599365234375,93.01532242209342,76.44424456279053,2
dcrlme_seed0,dcrlme,0,ankle3_paralysed,ite,1,6,218,1560.516357421875,218,1514.599365234375,93.01532242209342,76.44424456279053,2
dcrlme_seed0,dcrlme,0,ankle3_paralysed,ite,1,7,218,1461.8690185546875,218,1514.599365234375,93.01532242209342,76.44424456279053,2
dcrlme_seed0,dcrlme,0,ankle3_paralysed,ite,1,8,218,1489.2813720703125,218,1514.599365234375,93.01532242209342,76.44424456279053,2
dcrlme_seed0,dcrlme,0,ankle3_paralysed,ite,1,9,218,655.670166015625,218,1514.599365234375,93.01532242209342,76.44424456279053,2
dcrlme_seed0,dcrlme,0,ankle3_paralysed,ite,1,10,205,1203.1170654296875,218,1514.599365234375,93.01532242209342,76.44424456279053,2
dcrlme_seed0,dcrlme,0,ankle3_paralysed,ite,1,11,218,1426.240234375,218,1514.599365234375,93.01532242209342,76.44424456279053,2
dcrlme_seed0,dcrlme,0,ankle3_paralysed,ite,1,12,218,1511.80615234375,218,1514.599365234375,93.01532242209342,76.44424456279053,2
dcrlme_seed0,dcrlme,0,ankle3_paralysed,ite,1,13,218,1590.624267578125,218,1514.599365234375,93.01532242209342,76.44424456279053,2
dcrlme_seed0,dcrlme,0,ankle3_paralysed,ite,1,14,218,1501.941162109375,218,1514.599365234375,93.01532242209342,76.44424456279053,2
dcrlme_seed0,dcrlme,0,ankle3_paralysed,ite,1,15,218,1467.8199462890625,218,1514.599365234375,93.01532242209342,76.44424456279053,2
dcrlme_seed0,dcrlme,0,ankle3_paralysed,ite,1,16,218,1427.0452880859375,218,1514.599365234375,93.01532242209342,76.44424456279053,2
dcrlme_seed0,dcrlme,0,ankle3_paralysed,ite,1,17,218,1296.259033203125,218,1514.599365234375,93.01532242209342,76.44424456279053,2
dcrlme_seed0,dcrlme,0,ankle3_paralysed,ite,1,18,218,1472.4541015625,218,1514.599365234375,93.01532242209342,76.44424456279053,2
dcrlme_seed0,dcrlme,0,ankle3_paralysed,ite,1,19,218,1447.06494140625,218,1514.599365234375,93.01532242209342,76.44424456279053,2
dcrlme_seed0,dcrlme,0,ankle3_paralysed,ite,1,20,218,1404.800048828125,218,1514.599365234375,93.01532242209342,76.44424456279053,2
dcrlme_seed0,dcrlme,0,ankle3_paralysed,ite,2,1,724,1275.0555419921875,724,1253.3284912109375,39.709271920578495,32.634895144824405,2
dcrlme_seed0,dcrlme,0,ankle3_paralysed,ite,2,2,218,1645.329833984375,218,1514.599365234375,93.01532242209342,76.44424456279053,2
dcrlme_seed0,dcrlme,0,ankle3_paralysed,ite,2,3,218,1582.2554931640625,218,1514.599365234375,93.01532242209342,76.44424456279053,2
dcrlme_seed0,dcrlme,0,ankle3_paralysed,ite,2,4,218,1530.5845947265625,218,1514.599365234375,93.01532242209342,76.44424456279053,2
dcrlme_seed0,dcrlme,0,ankle3_paralysed,ite,2,5,218,1467.02587890625,218,1514.599365234375,93.01532242209342,76.44424456279053,2
dcrlme_seed0,dcrlme,0,ankle3_paralysed,ite,2,6,218,1408.32568359375,218,1514.599365234375,93.01532242209342,76.44424456279053,2
dcrlme_seed0,dcrlme,0,ankle3_paralysed,ite,2,7,218,1516.9718017578125,218,1514.599365234375,93.01532242209342,76.44424456279053,2
dcrlme_seed0,dcrlme,0,ankle3_paralysed,ite,2,8,218,1501.78271484375,218,1514.599365234375,93.01532242209342,76.44424456279053,2
dcrlme_seed0,dcrlme,0,ankle3_paralysed,ite,2,9,218,1242.2486572265625,218,1514.599365234375,93.01532242209342,76.44424456279053,2
dcrlme_seed0,dcrlme,0,ankle3_paralysed,ite,2,10,218,1430.124267578125,218,1514.599365234375,93.01532242209342,76.44424456279053,2
dcrlme_seed0,dcrlme,0,ankle3_paralysed,ite,2,11,218,987.60888671875,218,1514.599365234375,93.01532242209342,76.44424456279053,2
dcrlme_seed0,dcrlme,0,ankle3_paralysed,ite,2,12,205,1211.096923828125,218,1514.599365234375,93.01532242209342,76.44424456279053,2
dcrlme_seed0,dcrlme,0,ankle3_paralysed,ite,2,13,218,1418.99169921875,218,1514.599365234375,93.01532242209342,76.44424456279053,2
dcrlme_seed0,dcrlme,0,ankle3_paralysed,ite,2,14,218,1455.7376708984375,218,1514.599365234375,93.01532242209342,76.44424456279053,2
dcrlme_seed0,dcrlme,0,ankle3_paralysed,ite,2,15,218,1464.836669921875,218,1514.599365234375,93.01532242209342,76.44424456279053,2
dcrlme_seed0,dcrlme,0,ankle3_paralysed,ite,2,16,218,1547.48388671875,218,1514.599365234375,93.01532242209342,76.44424456279053,2
dcrlme_seed0,dcrlme,0,ankle3_paralysed,ite,2,17,218,1464.03271484375,218,1514.599365234375,93.01532242209342,76.44424456279053,2
dcrlme_seed0,dcrlme,0,ankle3_paralysed,ite,2,18,218,517.4465942382812,218,1514.599365234375,93.01532242209342,76.44424456279053,2
dcrlme_seed0,dcrlme,0,ankle3_paralysed,ite,2,19,218,1479.9281005859375,218,1514.599365234375,93.01532242209342,76.44424456279053,2
dcrlme_seed0,dcrlme,0,ankle3_paralysed,ite,2,20,218,1479.9520263671875,218,1514.599365234375,93.01532242209342,76.44424456279053,2
dcrlme_seed0,dcrlme,0,ankle3_paralysed,ite,3,1,724,1243.27783203125,724,1253.3284912109375,39.709271920578495,32.634895144824405,5
dcrlme_seed0,dcrlme,0,ankle3_paralysed,ite,3,2,218,968.0135498046875,724,1253.3284912109375,39.709271920578495,32.634895144824405,5
dcrlme_seed0,dcrlme,0,ankle3_paralysed,ite,3,3,393,1230.196044921875,724,1253.3284912109375,39.709271920578495,32.634895144824405,5
dcrlme_seed0,dcrlme,0,ankle3_paralysed,ite,3,4,229,1269.75537109375,229,1290.410888671875,47.27504502543924,38.85279338432117,5
dcrlme_seed0,dcrlme,0,ankle3_paralysed,ite,3,5,724,1228.67529296875,229,1290.410888671875,47.27504502543924,38.85279338432117,5
dcrlme_seed0,dcrlme,0,ankle3_paralysed,ite,3,6,986,1246.992919921875,229,1290.410888671875,47.27504502543924,38.85279338432117,5
dcrlme_seed0,dcrlme,0,ankle3_paralysed,ite,3,7,229,1276.25634765625,229,1290.410888671875,47.27504502543924,38.85279338432117,5
dcrlme_seed0,dcrlme,0,ankle3_paralysed,ite,3,8,229,1326.937255859375,229,1290.410888671875,47.27504502543924,38.85279338432117,5
dcrlme_seed0,dcrlme,0,ankle3_paralysed,ite,3,9,229,1339.244873046875,229,1290.410888671875,47.27504502543924,38.85279338432117,5
dcrlme_seed0,dcrlme,0,ankle3_paralysed,ite,3,10,229,1309.205322265625,229,1290.410888671875,47.27504502543924,38.85279338432117,5
dcrlme_seed0,dcrlme,0,ankle3_paralysed,ite,3,11,229,1264.7255859375,229,1290.410888671875,47.27504502543924,38.85279338432117,5
dcrlme_seed0,dcrlme,0,ankle3_paralysed,ite,3,12,229,1293.6470947265625,229,1290.410888671875,47.27504502543924,38.85279338432117,5
dcrlme_seed0,dcrlme,0,ankle3_paralysed,ite,3,13,229,1324.52197265625,229,1290.410888671875,47.27504502543924,38.85279338432117,5
dcrlme_seed0,dcrlme,0,ankle3_paralysed,ite,3,14,229,1308.441162109375,229,1290.410888671875,47.27504502543924,38.85279338432117,5
dcrlme_seed0,dcrlme,0,ankle3_paralysed,ite,3,15,229,1296.65087890625,229,1290.410888671875,47.27504502543924,38.85279338432117,5
dcrlme_seed0,dcrlme,0,ankle3_paralysed,ite,3,16,229,1283.161865234375,229,1290.410888671875,47.27504502543924,38.85279338432117,5
dcrlme_seed0,dcrlme,0,ankle3_paralysed,ite,3,17,229,1307.07568359375,229,1290.410888671875,47.27504502543924,38.85279338432117,5
dcrlme_seed0,dcrlme,0,ankle3_paralysed,ite,3,18,229,1303.83544921875,229,1290.410888671875,47.27504502543924,38.85279338432117,5
dcrlme_seed0,dcrlme,0,ankle3_paralysed,ite,3,19,229,1337.335693359375,229,1290.410888671875,47.27504502543924,38.85279338432117,5
dcrlme_seed0,dcrlme,0,ankle3_paralysed,ite,3,20,229,1315.4609375,229,1290.410888671875,47.27504502543924,38.85279338432117,5
dcrlme_seed0,dcrlme,0,ankle3_paralysed,ite,4,1,724,1255.8563232421875,724,1253.3284912109375,39.709271920578495,32.634895144824405,2
dcrlme_seed0,dcrlme,0,ankle3_paralysed,ite,4,2,218,1435.620849609375,218,1514.599365234375,93.01532242209342,76.44424456279053,2
dcrlme_seed0,dcrlme,0,ankle3_paralysed,ite,4,3,218,1465.580078125,218,1514.599365234375,93.01532242209342,76.44424456279053,2
dcrlme_seed0,dcrlme,0,ankle3_paralysed,ite,4,4,218,1449.340087890625,218,1514.599365234375,93.01532242209342,76.44424456279053,2
dcrlme_seed0,dcrlme,0,ankle3_paralysed,ite,4,5,218,1426.2398681640625,218,1514.599365234375,93.01532242209342,76.44424456279053,2
dcrlme_seed0,dcrlme,0,ankle3_paralysed,ite,4,6,205,1203.03857421875,218,1514.599365234375,93.01532242209342,76.44424456279053,2
dcrlme_seed0,dcrlme,0,ankle3_paralysed,ite,4,7,218,1532.9764404296875,218,1514.599365234375,93.01532242209342,76.44424456279053,2
dcrlme_seed0,dcrlme,0,ankle3_paralysed,ite,4,8,218,1518.1015625,218,1514.599365234375,93.01532242209342,76.44424456279053,2
dcrlme_seed0,dcrlme,0,ankle3_paralysed,ite,4,9,218,1459.998291015625,218,1514.599365234375,93.01532242209342,76.44424456279053,2
dcrlme_seed0,dcrlme,0,ankle3_paralysed,ite,4,10,218,1406.060302734375,218,1514.599365234375,93.01532242209342,76.44424456279053,2
dcrlme_seed0,dcrlme,0,ankle3_paralysed,ite,4,11,218,1445.086669921875,218,1514.599365234375,93.01532242209342,76.44424456279053,2
dcrlme_seed0,dcrlme,0,ankle3_paralysed,ite,4,12,218,1561.53125,218,1514.599365234375,93.01532242209342,76.44424456279053,2
dcrlme_seed0,dcrlme,0,ankle3_paralysed,ite,4,13,218,1619.118896484375,218,1514.599365234375,93.01532242209342,76.44424456279053,2
dcrlme_seed0,dcrlme,0,ankle3_paralysed,ite,4,14,218,1497.6873779296875,218,1514.599365234375,93.01532242209342,76.44424456279053,2
dcrlme_seed0,dcrlme,0,ankle3_paralysed,ite,4,15,218,1569.607421875,218,1514.599365234375,93.01532242209342,76.44424456279053,2
dcrlme_seed0,dcrlme,0,ankle3_paralysed,ite,4,16,218,1529.8052978515625,218,1514.599365234375,93.01532242209342,76.44424456279053,2
dcrlme_seed0,dcrlme,0,ankle3_paralysed,ite,4,17,218,1407.8525390625,218,1514.599365234375,93.01532242209342,76.44424456279053,2
dcrlme_seed0,dcrlme,0,ankle3_paralysed,ite,4,18,218,1415.670654296875,218,1514.599365234375,93.01532242209342,76.44424456279053,2
dcrlme_seed0,dcrlme,0,ankle3_paralysed,ite,4,19,218,1522.773681640625,218,1514.599365234375,93.01532242209342,76.44424456279053,2
dcrlme_seed0,dcrlme,0,ankle3_paralysed,ite,4,20,218,1554.281494140625,218,1514.599365234375,93.01532242209342,76.44424456279053,2
dcrlme_seed0,dcrlme,0,ankle3_paralysed,top_k,0,1,724,1263.2965087890625,724,1253.3284912109375,39.709271920578495,32.634895144824405,
dcrlme_seed0,dcrlme,0,ankle3_paralysed,top_k,0,2,342,1482.64892578125,342,1542.249267578125,98.65662130857272,81.08052190398901,
dcrlme_seed0,dcrlme,0,ankle3_paralysed,top_k,0,3,716,1290.5382080078125,342,1542.249267578125,98.65662130857272,81.08052190398901,
dcrlme_seed0,dcrlme,0,ankle3_paralysed,top_k,0,4,218,1498.816162109375,218,1514.599365234375,93.01532242209342,76.44424456279053,
dcrlme_seed0,dcrlme,0,ankle3_paralysed,top_k,0,5,939,1281.991455078125,218,1514.599365234375,93.01532242209342,76.44424456279053,
dcrlme_seed0,dcrlme,0,ankle3_paralysed,top_k,0,6,880,1451.780517578125,218,1514.599365234375,93.01532242209342,76.44424456279053,
dcrlme_seed0,dcrlme,0,ankle3_paralysed,top_k,0,7,330,1463.4769287109375,218,1514.599365234375,93.01532242209342,76.44424456279053,
dcrlme_seed0,dcrlme,0,ankle3_paralysed,top_k,0,8,381,1181.36865234375,218,1514.599365234375,93.01532242209342,76.44424456279053,
dcrlme_seed0,dcrlme,0,ankle3_paralysed,top_k,0,9,901,1278.429931640625,218,1514.599365234375,93.01532242209342,76.44424456279053,
dcrlme_seed0,dcrlme,0,ankle3_paralysed,top_k,0,10,131,1349.158203125,218,1514.599365234375,93.01532242209342,76.44424456279053,
dcrlme_seed0,dcrlme,0,ankle3_paralysed,top_k,0,11,858,1373.7696533203125,218,1514.599365234375,93.01532242209342,76.44424456279053,
dcrlme_seed0,dcrlme,0,ankle3_paralysed,top_k,0,12,126,1224.06103515625,218,1514.599365234375,93.01532242209342,76.44424456279053,
dcrlme_seed0,dcrlme,0,ankle3_paralysed,top_k,0,13,41,1302.643310546875,218,1514.599365234375,93.01532242209342,76.44424456279053,
dcrlme_seed0,dcrlme,0,ankle3_paralysed,top_k,0,14,229,1320.79296875,218,1514.599365234375,93.01532242209342,76.44424456279053,
dcrlme_seed0,dcrlme,0,ankle3_paralysed,top_k,0,15,244,1231.18017578125,218,1514.599365234375,93.01532242209342,76.44424456279053,
dcrlme_seed0,dcrlme,0,ankle3_paralysed,top_k,0,16,73,1398.127197265625,218,1514.599365234375,93.01532242209342,76.44424456279053,
dcrlme_seed0,dcrlme,0,ankle3_paralysed,top_k,0,17,535,1250.4051513671875,218,1514.599365234375,93.01532242209342,76.44424456279053,
dcrlme_seed0,dcrlme,0,ankle3_paralysed,top_k,0,18,43,1267.308349609375,218,1514.599365234375,93.01532242209342,76.44424456279053,
dcrlme_seed0,dcrlme,0,ankle3_paralysed,top_k,0,19,217,1441.0458984375,218,1514.599365234375,93.01532242209342,76.44424456279053,
dcrlme_seed0,dcrlme,0,ankle3_paralysed,top_k,0,20,26,1234.120361328125,218,1514.599365234375,93.01532242209342,76.44424456279053,
dcrlme_seed0,dcrlme,0,ankle3_paralysed,top_k,1,1,724,1238.8603515625,724,1253.3284912109375,39.709271920578495,32.634895144824405,
dcrlme_seed0,dcrlme,0,ankle3_paralysed,top_k,1,2,342,1464.703857421875,342,1542.249267578125,98.65662130857272,81.08052190398901,
dcrlme_seed0,dcrlme,0,ankle3_paralysed,top_k,1,3,716,1355.8199462890625,342,1542.249267578125,98.65662130857272,81.08052190398901,
dcrlme_seed0,dcrlme,0,ankle3_paralysed,top_k,1,4,218,1502.815673828125,218,1514.599365234375,93.01532242209342,76.44424456279053,
dcrlme_seed0,dcrlme,0,ankle3_paralysed,top_k,1,5,939,1357.8563232421875,218,1514.599365234375,93.01532242209342,76.44424456279053,
dcrlme_seed0,dcrlme,0,ankle3_paralysed,top_k,1,6,880,1583.65185546875,880,1528.907958984375,95.93464752441898,78.84347940140957,
dcrlme_seed0,dcrlme,0,ankle3_paralysed,top_k,1,7,330,1535.3455810546875,880,1528.907958984375,95.93464752441898,78.84347940140957,
dcrlme_seed0,dcrlme,0,ankle3_paralysed,top_k,1,8,381,1189.420166015625,880,1528.907958984375,95.93464752441898,78.84347940140957,
dcrlme_seed0,dcrlme,0,ankle3_paralysed,top_k,1,9,901,1262.2965087890625,880,1528.907958984375,95.93464752441898,78.84347940140957,
dcrlme_seed0,dcrlme,0,ankle3_paralysed,top_k,1,10,131,1350.74853515625,880,1528.907958984375,95.93464752441898,78.84347940140957,
dcrlme_seed0,dcrlme,0,ankle3_paralysed,top_k,1,11,858,1576.797607421875,880,1528.907958984375,95.93464752441898,78.84347940140957,
dcrlme_seed0,dcrlme,0,ankle3_paralysed,top_k,1,12,126,1226.1063232421875,880,1528.907958984375,95.93464752441898,78.84347940140957,
dcrlme_seed0,dcrlme,0,ankle3_paralysed,top_k,1,13,41,1332.2510986328125,880,1528.907958984375,95.93464752441898,78.84347940140957,
dcrlme_seed0,dcrlme,0,ankle3_paralysed,top_k,1,14,229,1290.7052001953125,880,1528.907958984375,95.93464752441898,78.84347940140957,
dcrlme_seed0,dcrlme,0,ankle3_paralysed,top_k,1,15,244,1202.350341796875,880,1528.907958984375,95.93464752441898,78.84347940140957,
dcrlme_seed0,dcrlme,0,ankle3_paralysed,top_k,1,16,73,1325.743408203125,880,1528.907958984375,95.93464752441898,78.84347940140957,
dcrlme_seed0,dcrlme,0,ankle3_paralysed,top_k,1,17,535,1262.7716064453125,880,1528.907958984375,95.93464752441898,78.84347940140957,
dcrlme_seed0,dcrlme,0,ankle3_paralysed,top_k,1,18,43,1305.633544921875,880,1528.907958984375,95.93464752441898,78.84347940140957,
dcrlme_seed0,dcrlme,0,ankle3_paralysed,top_k,1,19,217,1509.592529296875,880,1528.907958984375,95.93464752441898,78.84347940140957,
dcrlme_seed0,dcrlme,0,ankle3_paralysed,top_k,1,20,26,1250.9996337890625,880,1528.907958984375,95.93464752441898,78.84347940140957,
dcrlme_seed0,dcrlme,0,ankle3_paralysed,top_k,2,1,724,1237.5072021484375,724,1253.3284912109375,39.709271920578495,32.634895144824405,
dcrlme_seed0,dcrlme,0,ankle3_paralysed,top_k,2,2,342,1572.019775390625,342,1542.249267578125,98.65662130857272,81.08052190398901,
dcrlme_seed0,dcrlme,0,ankle3_paralysed,top_k,2,3,716,1327.1971435546875,342,1542.249267578125,98.65662130857272,81.08052190398901,
dcrlme_seed0,dcrlme,0,ankle3_paralysed,top_k,2,4,218,1549.12890625,342,1542.249267578125,98.65662130857272,81.08052190398901,
dcrlme_seed0,dcrlme,0,ankle3_paralysed,top_k,2,5,939,1299.52490234375,342,1542.249267578125,98.65662130857272,81.08052190398901,
dcrlme_seed0,dcrlme,0,ankle3_paralysed,top_k,2,6,880,1394.983642578125,342,1542.249267578125,98.65662130857272,81.08052190398901,
dcrlme_seed0,dcrlme,0,ankle3_paralysed,top_k,2,7,330,1542.755615234375,342,1542.249267578125,98.65662130857272,81.08052190398901,
dcrlme_seed0,dcrlme,0,ankle3_paralysed,top_k,2,8,381,1238.527587890625,342,1542.249267578125,98.65662130857272,81.08052190398901,
dcrlme_seed0,dcrlme,0,ankle3_paralysed,top_k,2,9,901,1276.209716796875,342,1542.249267578125,98.65662130857272,81.08052190398901,
dcrlme_seed0,dcrlme,0,ankle3_paralysed,top_k,2,10,131,1327.890380859375,342,1542.249267578125,98.65662130857272,81.08052190398901,
dcrlme_seed0,dcrlme,0,ankle3_paralysed,top_k,2,11,858,1471.055908203125,342,1542.249267578125,98.65662130857272,81.08052190398901,
dcrlme_seed0,dcrlme,0,ankle3_paralysed,top_k,2,12,126,1178.068603515625,342,1542.249267578125,98.65662130857272,81.08052190398901,
dcrlme_seed0,dcrlme,0,ankle3_paralysed,top_k,2,13,41,1307.457763671875,342,1542.249267578125,98.65662130857272,81.08052190398901,
dcrlme_seed0,dcrlme,0,ankle3_paralysed,top_k,2,14,229,1316.6324462890625,342,1542.249267578125,98.65662130857272,81.08052190398901,
dcrlme_seed0,dcrlme,0,ankle3_paralysed,top_k,2,15,244,1245.02587890625,342,1542.249267578125,98.65662130857272,81.08052190398901,
dcrlme_seed0,dcrlme,0,ankle3_paralysed,top_k,2,16,73,1381.580322265625,342,1542.249267578125,98.65662130857272,81.08052190398901,
dcrlme_seed0,dcrlme,0,ankle3_paralysed,top_k,2,17,535,1233.13330078125,342,1542.249267578125,98.65662130857272,81.08052190398901,
dcrlme_seed0,dcrlme,0,ankle3_paralysed,top_k,2,18,43,1246.732666015625,342,1542.249267578125,98.65662130857272,81.08052190398901,
dcrlme_seed0,dcrlme,0,ankle3_paralysed,top_k,2,19,217,1531.1759033203125,342,1542.249267578125,98.65662130857272,81.08052190398901,
dcrlme_seed0,dcrlme,0,ankle3_paralysed,top_k,2,20,26,1243.658447265625,342,1542.249267578125,98.65662130857272,81.08052190398901,
dcrlme_seed0,dcrlme,0,ankle3_paralysed,top_k,3,1,724,1246.517578125,724,1253.3284912109375,39.709271920578495,32.634895144824405,
dcrlme_seed0,dcrlme,0,ankle3_paralysed,top_k,3,2,342,1509.95947265625,342,1542.249267578125,98.65662130857272,81.08052190398901,
dcrlme_seed0,dcrlme,0,ankle3_paralysed,top_k,3,3,716,1321.129638671875,342,1542.249267578125,98.65662130857272,81.08052190398901,
dcrlme_seed0,dcrlme,0,ankle3_paralysed,top_k,3,4,218,1534.96630859375,218,1514.599365234375,93.01532242209342,76.44424456279053,
dcrlme_seed0,dcrlme,0,ankle3_paralysed,top_k,3,5,939,1318.7041015625,218,1514.599365234375,93.01532242209342,76.44424456279053,
dcrlme_seed0,dcrlme,0,ankle3_paralysed,top_k,3,6,880,1524.806396484375,218,1514.599365234375,93.01532242209342,76.44424456279053,
dcrlme_seed0,dcrlme,0,ankle3_paralysed,top_k,3,7,330,1585.1904296875,330,1548.8336181640625,100.0,82.18457193095011,
dcrlme_seed0,dcrlme,0,ankle3_paralysed,top_k,3,8,381,1187.841796875,330,1548.8336181640625,100.0,82.18457193095011,
dcrlme_seed0,dcrlme,0,ankle3_paralysed,top_k,3,9,901,1259.253173828125,330,1548.8336181640625,100.0,82.18457193095011,
dcrlme_seed0,dcrlme,0,ankle3_paralysed,top_k,3,10,131,1321.1859130859375,330,1548.8336181640625,100.0,82.18457193095011,
dcrlme_seed0,dcrlme,0,ankle3_paralysed,top_k,3,11,858,1498.927734375,330,1548.8336181640625,100.0,82.18457193095011,
dcrlme_seed0,dcrlme,0,ankle3_paralysed,top_k,3,12,126,1224.400146484375,330,1548.8336181640625,100.0,82.18457193095011,
dcrlme_seed0,dcrlme,0,ankle3_paralysed,top_k,3,13,41,1314.2010498046875,330,1548.8336181640625,100.0,82.18457193095011,
dcrlme_seed0,dcrlme,0,ankle3_paralysed,top_k,3,14,229,1310.632080078125,330,1548.8336181640625,100.0,82.18457193095011,
dcrlme_seed0,dcrlme,0,ankle3_paralysed,top_k,3,15,244,1239.5244140625,330,1548.8336181640625,100.0,82.18457193095011,
dcrlme_seed0,dcrlme,0,ankle3_paralysed,top_k,3,16,73,1344.897705078125,330,1548.8336181640625,100.0,82.18457193095011,
dcrlme_seed0,dcrlme,0,ankle3_paralysed,top_k,3,17,535,1230.751220703125,330,1548.8336181640625,100.0,82.18457193095011,
dcrlme_seed0,dcrlme,0,ankle3_paralysed,top_k,3,18,43,1281.575927734375,330,1548.8336181640625,100.0,82.18457193095011,
dcrlme_seed0,dcrlme,0,ankle3_paralysed,top_k,3,19,217,1449.025390625,330,1548.8336181640625,100.0,82.18457193095011,
dcrlme_seed0,dcrlme,0,ankle3_paralysed,top_k,3,20,26,1304.801025390625,330,1548.8336181640625,100.0,82.18457193095011,
dcrlme_seed0,dcrlme,0,ankle3_paralysed,top_k,4,1,724,1308.0513916015625,724,1253.3284912109375,39.709271920578495,32.634895144824405,
dcrlme_seed0,dcrlme,0,ankle3_paralysed,top_k,4,2,342,1570.031982421875,342,1542.249267578125,98.65662130857272,81.08052190398901,
dcrlme_seed0,dcrlme,0,ankle3_paralysed,top_k,4,3,716,1332.0849609375,342,1542.249267578125,98.65662130857272,81.08052190398901,
dcrlme_seed0,dcrlme,0,ankle3_paralysed,top_k,4,4,218,1552.398193359375,342,1542.249267578125,98.65662130857272,81.08052190398901,
dcrlme_seed0,dcrlme,0,ankle3_paralysed,top_k,4,5,939,1351.94775390625,342,1542.249267578125,98.65662130857272,81.08052190398901,
dcrlme_seed0,dcrlme,0,ankle3_paralysed,top_k,4,6,880,1533.291015625,342,1542.249267578125,98.65662130857272,81.08052190398901,
dcrlme_seed0,dcrlme,0,ankle3_paralysed,top_k,4,7,330,1514.859619140625,342,1542.249267578125,98.65662130857272,81.08052190398901,
dcrlme_seed0,dcrlme,0,ankle3_paralysed,top_k,4,8,381,1168.3416748046875,342,1542.249267578125,98.65662130857272,81.08052190398901,
dcrlme_seed0,dcrlme,0,ankle3_paralysed,top_k,4,9,901,1202.606201171875,342,1542.249267578125,98.65662130857272,81.08052190398901,
dcrlme_seed0,dcrlme,0,ankle3_paralysed,top_k,4,10,131,1339.074951171875,342,1542.249267578125,98.65662130857272,81.08052190398901,
dcrlme_seed0,dcrlme,0,ankle3_paralysed,top_k,4,11,858,1574.16455078125,858,1494.85498046875,88.98695463953173,73.1335477448879,
dcrlme_seed0,dcrlme,0,ankle3_paralysed,top_k,4,12,126,1230.29248046875,858,1494.85498046875,88.98695463953173,73.1335477448879,
dcrlme_seed0,dcrlme,0,ankle3_paralysed,top_k,4,13,41,1308.11962890625,858,1494.85498046875,88.98695463953173,73.1335477448879,
dcrlme_seed0,dcrlme,0,ankle3_paralysed,top_k,4,14,229,1305.5509033203125,858,1494.85498046875,88.98695463953173,73.1335477448879,
dcrlme_seed0,dcrlme,0,ankle3_paralysed,top_k,4,15,244,1214.986572265625,858,1494.85498046875,88.98695463953173,73.1335477448879,
dcrlme_seed0,dcrlme,0,ankle3_paralysed,top_k,4,16,73,1331.045166015625,858,1494.85498046875,88.98695463953173,73.1335477448879,
dcrlme_seed0,dcrlme,0,ankle3_paralysed,top_k,4,17,535,1254.6610107421875,858,1494.85498046875,88.98695463953173,73.1335477448879,
dcrlme_seed0,dcrlme,0,ankle3_paralysed,top_k,4,18,43,1265.583984375,858,1494.85498046875,88.98695463953173,73.1335477448879,
dcrlme_seed0,dcrlme,0,ankle3_paralysed,top_k,4,19,217,1460.22802734375,858,1494.85498046875,88.98695463953173,73.1335477448879,
dcrlme_seed0,dcrlme,0,ankle3_paralysed,top_k,4,20,26,1248.43310546875,858,1494.85498046875,88.98695463953173,73.1335477448879,
dcrlme_seed0,dcrlme,0,ankle3_paralysed,random,0,1,883,1076.146484375,883,1078.283935546875,3.995631970774064,3.28379303111685,
dcrlme_seed0,dcrlme,0,ankle3_paralysed,random,0,2,335,1164.1043701171875,335,1139.5400390625,16.4934695492445,13.5550873456082,
dcrlme_seed0,dcrlme,0,ankle3_paralysed,random,0,3,112,1163.3780517578125,335,1139.5400390625,16.4934695492445,13.5550873456082,
dcrlme_seed0,dcrlme,0,ankle3_paralysed,random,0,4,597,812.8291625976562,335,1139.5400390625,16.4934695492445,13.5550873456082,
dcrlme_seed0,dcrlme,0,ankle3_paralysed,random,0,5,343,1127.5709228515625,335,1139.5400390625,16.4934695492445,13.5550873456082,
dcrlme_seed0,dcrlme,0,ankle3_paralysed,random,0,6,865,546.6968994140625,335,1139.5400390625,16.4934695492445,13.5550873456082,
dcrlme_seed0,dcrlme,0,ankle3_paralysed,random,0,7,581,1112.8311767578125,335,1139.5400390625,16.4934695492445,13.5550873456082,
dcrlme_seed0,dcrlme,0,ankle3_paralysed,random,0,8,444,1142.128173828125,335,1139.5400390625,16.4934695492445,13.5550873456082,
dcrlme_seed0,dcrlme,0,ankle3_paralysed,random,0,9,192,1268.935302734375,192,1210.03955078125,30.877202699977225,25.376296863228053,
dcrlme_seed0,dcrlme,0,ankle3_paralysed,random,0,10,89,1417.432373046875,89,1425.7177734375,74.88116706058062,61.5407666056378,
dcrlme_seed0,dcrlme,0,ankle3_paralysed,random,0,11,496,1329.3172607421875,89,1425.7177734375,74.88116706058062,61.5407666056378,
dcrlme_seed0,dcrlme,0,ankle3_paralysed,random,0,12,233,698.1571655273438,89,1425.7177734375,74.88116706058062,61.5407666056378,
dcrlme_seed0,dcrlme,0,ankle3_paralysed,random,0,13,492,1331.24462890625,89,1425.7177734375,74.88116706058062,61.5407666056378,
dcrlme_seed0,dcrlme,0,ankle3_paralysed,random,0,14,923,1132.5130615234375,89,1425.7177734375,74.88116706058062,61.5407666056378,
dcrlme_seed0,dcrlme,0,ankle3_paralysed,random,0,15,40,1065.5389404296875,89,1425.7177734375,74.88116706058062,61.5407666056378,
dcrlme_seed0,dcrlme,0,ankle3_paralysed,random,0,16,1022,1182.42138671875,89,1425.7177734375,74.88116706058062,61.5407666056378,
dcrlme_seed0,dcrlme,0,ankle3_paralysed,random,0,17,693,1151.3203125,89,1425.7177734375,74.88116706058062,61.5407666056378,
dcrlme_seed0,dcrlme,0,ankle3_paralysed,random,0,18,815,1242.8828125,89,1425.7177734375,74.88116706058062,61.5407666056378,
dcrlme_seed0,dcrlme,0,ankle3_paralysed,random,0,19,249,1199.88427734375,89,1425.7177734375,74.88116706058062,61.5407666056378,
dcrlme_seed0,dcrlme,0,ankle3_paralysed,random,0,20,892,1389.86474609375,89,1425.7177734375,74.88116706058062,61.5407666056378,
dcrlme_seed0,dcrlme,0,ankle3_paralysed,random,1,1,887,1131.3265380859375,887,1161.65869140625,21.006249641049227,17.26389634624305,
dcrlme_seed0,dcrlme,0,ankle3_paralysed,random,1,2,395,1309.0372314453125,395,1366.4073486328125,62.78029852051764,51.59571959606003,
dcrlme_seed0,dcrlme,0,ankle3_paralysed,random,1,3,777,1178.9254150390625,395,1366.4073486328125,62.78029852051764,51.59571959606003,
dcrlme_seed0,dcrlme,0,ankle3_paralysed,random,1,4,710,1179.0751953125,395,1366.4073486328125,62.78029852051764,51.59571959606003,
dcrlme_seed0,dcrlme,0,ankle3_paralysed,random,1,5,180,1053.541748046875,395,1366.4073486328125,62.78029852051764,51.59571959606003,
dcrlme_seed0,dcrlme,0,ankle3_paralysed,random,1,6,978,1111.7919921875,395,1366.4073486328125,62.78029852051764,51.59571959606003,
dcrlme_seed0,dcrlme,0,ankle3_paralysed,random,1,7,306,1226.87548828125,395,1366.4073486328125,62.78029852051764,51.59571959606003,
dcrlme_seed0,dcrlme,0,ankle3_paralysed,random,1,8,718,1168.33642578125,395,1366.4073486328125,62.78029852051764,51.59571959606003,
dcrlme_seed0,dcrlme,0,ankle3_paralysed,random,1,9,818,1293.1103515625,395,1366.4073486328125,62.78029852051764,51.59571959606003,
dcrlme_seed0,dcrlme,0,ankle3_paralysed,random,1,10,179,1123.5648193359375,395,1366.4073486328125,62.78029852051764,51.59571959606003,
dcrlme_seed0,dcrlme,0,ankle3_paralysed,random,1,11,380,1200.2479248046875,395,1366.4073486328125,62.78029852051764,51.59571959606003,
dcrlme_seed0,dcrlme,0,ankle3_paralysed,random,1,12,944,1106.708740234375,395,1366.4073486328125,62.78029852051764,51.59571959606003,
dcrlme_seed0,dcrlme,0,ankle3_paralysed,random,1,13,430,1220.5797119140625,395,1366.4073486328125,62.78029852051764,51.59571959606003,
dcrlme_seed0,dcrlme,0,ankle3_paralysed,random,1,14,543,1138.45361328125,395,1366.4073486328125,62.78029852051764,51.59571959606003,
dcrlme_seed0,dcrlme,0,ankle3_paralysed,random,1,15,88,1246.248046875,395,1366.4073486328125,62.78029852051764,51.59571959606003,
dcrlme_seed0,dcrlme,0,ankle3_paralysed,random,1,16,968,1167.2745361328125,395,1366.4073486328125,62.78029852051764,51.59571959606003,
dcrlme_seed0,dcrlme,0,ankle3_paralysed,random,1,17,702,1156.142333984375,395,1366.4073486328125,62.78029852051764,51.59571959606003,
dcrlme_seed0,dcrlme,0,ankle3_paralysed,random,1,18,647,1098.8150634765625,395,1366.4073486328125,62.78029852051764,51.59571959606003,
dcrlme_seed0,dcrlme,0,ankle3_paralysed,random,1,19,745,1213.05419921875,395,1366.4073486328125,62.78029852051764,51.59571959606003,
dcrlme_seed0,dcrlme,0,ankle3_paralysed,random,1,20,36,1320.810302734375,36,1273.270751953125,43.77801154649663,35.978771389370166,
dcrlme_seed0,dcrlme,0,ankle3_paralysed,random,2,1,409,1242.529052734375,409,1250.539794921875,39.14030538049329,32.167292429425046,
dcrlme_seed0,dcrlme,0,ankle3_paralysed,random,2,2,0,1380.7437744140625,0,1397.744384765625,69.17386855356177,56.85024775882285,
dcrlme_seed0,dcrlme,0,ankle3_paralysed,random,2,3,1019,1043.182861328125,0,1397.744384765625,69.17386855356177,56.85024775882285,
dcrlme_seed0,dcrlme,0,ankle3_paralysed,random,2,4,490,1068.7720947265625,0,1397.744384765625,69.17386855356177,56.85024775882285,
dcrlme_seed0,dcrlme,0,ankle3_paralysed,random,2,5,802,1095.018798828125,0,1397.744384765625,69.17386855356177,56.85024775882285,
dcrlme_seed0,dcrlme,0,ankle3_paralysed,random,2,6,218,1561.63134765625,218,1514.599365234375,93.01532242209342,76.44424456279053,
dcrlme_seed0,dcrlme,0,ankle3_paralysed,random,2,7,385,1098.3675537109375,218,1514.599365234375,93.01532242209342,76.44424456279053,
dcrlme_seed0,dcrlme,0,ankle3_paralysed,random,2,8,488,1193.446533203125,218,1514.599365234375,93.01532242209342,76.44424456279053,
dcrlme_seed0,dcrlme,0,ankle3_paralysed,random,2,9,838,1250.052001953125,218,1514.599365234375,93.01532242209342,76.44424456279053,
dcrlme_seed0,dcrlme,0,ankle3_paralysed,random,2,10,169,1030.6429443359375,218,1514.599365234375,93.01532242209342,76.44424456279053,
dcrlme_seed0,dcrlme,0,ankle3_paralysed,random,2,11,122,1074.54833984375,218,1514.599365234375,93.01532242209342,76.44424456279053,
dcrlme_seed0,dcrlme,0,ankle3_paralysed,random,2,12,89,1342.2647705078125,218,1514.599365234375,93.01532242209342,76.44424456279053,
dcrlme_seed0,dcrlme,0,ankle3_paralysed,random,2,13,943,1400.6629638671875,218,1514.599365234375,93.01532242209342,76.44424456279053,
dcrlme_seed0,dcrlme,0,ankle3_paralysed,random,2,14,808,1111.0047607421875,218,1514.599365234375,93.01532242209342,76.44424456279053,
dcrlme_seed0,dcrlme,0,ankle3_paralysed,random,2,15,880,1421.1668701171875,218,1514.599365234375,93.01532242209342,76.44424456279053,
dcrlme_seed0,dcrlme,0,ankle3_paralysed,random,2,16,475,1393.0709228515625,218,1514.599365234375,93.01532242209342,76.44424456279053,
dcrlme_seed0,dcrlme,0,ankle3_paralysed,random,2,17,900,1156.32958984375,218,1514.599365234375,93.01532242209342,76.44424456279053,
dcrlme_seed0,dcrlme,0,ankle3_paralysed,random,2,18,427,1240.6641845703125,218,1514.599365234375,93.01532242209342,76.44424456279053,
dcrlme_seed0,dcrlme,0,ankle3_paralysed,random,2,19,23,1147.09716796875,218,1514.599365234375,93.01532242209342,76.44424456279053,
dcrlme_seed0,dcrlme,0,ankle3_paralysed,random,2,20,389,1142.177978515625,218,1514.599365234375,93.01532242209342,76.44424456279053,
dcrlme_seed0,dcrlme,0,ankle3_paralysed,random,3,1,807,1212.45263671875,807,1204.4915771484375,29.745271849448336,24.446024339166524,
dcrlme_seed0,dcrlme,0,ankle3_paralysed,random,3,2,766,1122.207275390625,807,1204.4915771484375,29.745271849448336,24.446024339166524,
dcrlme_seed0,dcrlme,0,ankle3_paralysed,random,3,3,697,1212.89697265625,697,1233.3802490234375,35.63931192431831,29.290015944137057,
dcrlme_seed0,dcrlme,0,ankle3_paralysed,random,3,4,953,1122.848388671875,697,1233.3802490234375,35.63931192431831,29.290015944137057,
dcrlme_seed0,dcrlme,0,ankle3_paralysed,random,3,5,438,1401.88818359375,438,1357.1080322265625,60.882996221384744,50.03642982328158,
dcrlme_seed0,dcrlme,0,ankle3_paralysed,random,3,6,607,624.031982421875,438,1357.1080322265625,60.882996221384744,50.03642982328158,
dcrlme_seed0,dcrlme,0,ankle3_paralysed,random,3,7,913,1070.666748046875,438,1357.1080322265625,60.882996221384744,50.03642982328158,
dcrlme_seed0,dcrlme,0,ankle3_paralysed,random,3,8,484,787.5364379882812,438,1357.1080322265625,60.882996221384744,50.03642982328158,
dcrlme_seed0,dcrlme,0,ankle3_paralysed,random,3,9,771,1221.78857421875,438,1357.1080322265625,60.882996221384744,50.03642982328158,
dcrlme_seed0,dcrlme,0,ankle3_paralysed,random,3,10,535,1273.052734375,438,1357.1080322265625,60.882996221384744,50.03642982328158,
dcrlme_seed0,dcrlme,0,ankle3_paralysed,random,3,11,975,822.8253173828125,438,1357.1080322265625,60.882996221384744,50.03642982328158,
dcrlme_seed0,dcrlme,0,ankle3_paralysed,random,3,12,742,1187.6546630859375,438,1357.1080322265625,60.882996221384744,50.03642982328158,
dcrlme_seed0,dcrlme,0,ankle3_paralysed,random,3,13,198,1103.4678955078125,438,1357.1080322265625,60.882996221384744,50.03642982328158,
dcrlme_seed0,dcrlme,0,ankle3_paralysed,random,3,14,271,1025.0576171875,438,1357.1080322265625,60.882996221384744,50.03642982328158,
dcrlme_seed0,dcrlme,0,ankle3_paralysed,random,3,15,83,1104.83447265625,438,1357.1080322265625,60.882996221384744,50.03642982328158,
dcrlme_seed0,dcrlme,0,ankle3_paralysed,random,3,16,510,595.4393310546875,438,1357.1080322265625,60.882996221384744,50.03642982328158,
dcrlme_seed0,dcrlme,0,ankle3_paralysed,random,3,17,588,1190.2232666015625,438,1357.1080322265625,60.882996221384744,50.03642982328158,
dcrlme_seed0,dcrlme,0,ankle3_paralysed,random,3,18,373,1393.033447265625,438,1357.1080322265625,60.882996221384744,50.03642982328158,
dcrlme_seed0,dcrlme,0,ankle3_paralysed,random,3,19,655,616.2218627929688,438,1357.1080322265625,60.882996221384744,50.03642982328158,
dcrlme_seed0,dcrlme,0,ankle3_paralysed,random,3,20,832,1223.3907470703125,438,1357.1080322265625,60.882996221384744,50.03642982328158,
dcrlme_seed0,dcrlme,0,ankle3_paralysed,random,4,1,849,1160.24267578125,849,1160.9444580078125,20.86052746000136,17.144135195540418,
dcrlme_seed0,dcrlme,0,ankle3_paralysed,random,4,2,399,1131.340576171875,849,1160.9444580078125,20.86052746000136,17.144135195540418,
dcrlme_seed0,dcrlme,0,ankle3_paralysed,random,4,3,535,1268.72998046875,535,1261.6265869140625,41.402299167762216,34.0263023405967,
dcrlme_seed0,dcrlme,0,ankle3_paralysed,random,4,4,332,1079.361328125,535,1261.6265869140625,41.402299167762216,34.0263023405967,
dcrlme_seed0,dcrlme,0,ankle3_paralysed,random,4,5,600,1269.59814453125,600,1273.1351318359375,43.75034151690439,35.95603089399662,
dcrlme_seed0,dcrlme,0,ankle3_paralysed,random,4,6,968,1152.751220703125,600,1273.1351318359375,43.75034151690439,35.95603089399662,
dcrlme_seed0,dcrlme,0,ankle3_paralysed,random,4,7,1012,1298.1634521484375,1012,1350.763427734375,59.58853196570829,48.97257991595473,
dcrlme_seed0,dcrlme,0,ankle3_paralysed,random,4,8,897,1078.677490234375,1012,1350.763427734375,59.58853196570829,48.97257991595473,
dcrlme_seed0,dcrlme,0,ankle3_paralysed,random,4,9,190,1088.1142578125,1012,1350.763427734375,59.58853196570829,48.97257991595473,
dcrlme_seed0,dcrlme,0,ankle3_paralysed,random,4,10,963,1205.69775390625,1012,1350.763427734375,59.58853196570829,48.97257991595473,
dcrlme_seed0,dcrlme,0,ankle3_paralysed,random,4,11,536,1445.46142578125,536,1373.996337890625,64.32864961837525,52.86822531782247,
dcrlme_seed0,dcrlme,0,ankle3_paralysed,random,4,12,1007,1239.7728271484375,536,1373.996337890625,64.32864961837525,52.86822531782247,
dcrlme_seed0,dcrlme,0,ankle3_paralysed,random,4,13,708,1305.8670654296875,536,1373.996337890625,64.32864961837525,52.86822531782247,
dcrlme_seed0,dcrlme,0,ankle3_paralysed,random,4,14,53,1181.27734375,536,1373.996337890625,64.32864961837525,52.86822531782247,
dcrlme_seed0,dcrlme,0,ankle3_paralysed,random,4,15,254,1135.924072265625,536,1373.996337890625,64.32864961837525,52.86822531782247,
dcrlme_seed0,dcrlme,0,ankle3_paralysed,random,4,16,309,1102.81689453125,536,1373.996337890625,64.32864961837525,52.86822531782247,
dcrlme_seed0,dcrlme,0,ankle3_paralysed,random,4,17,651,890.90625,536,1373.996337890625,64.32864961837525,52.86822531782247,
dcrlme_seed0,dcrlme,0,ankle3_paralysed,random,4,18,985,1238.00830078125,536,1373.996337890625,64.32864961837525,52.86822531782247,
dcrlme_seed0,dcrlme,0,ankle3_paralysed,random,4,19,499,1066.580078125,536,1373.996337890625,64.32864961837525,52.86822531782247,
dcrlme_seed0,dcrlme,0,ankle3_paralysed,random,4,20,1017,1119.1317138671875,536,1373.996337890625,64.32864961837525,52.86822531782247,
dcrlme_seed0,dcrlme,0,ankle3_paralysed,best_intact,0,1,724,1305.432861328125,724,1253.3284912109375,39.709271920578495,32.634895144824405,
dcrlme_seed0,dcrlme,0,ankle3_paralysed,best_intact,1,1,724,1260.5281982421875,724,1253.3284912109375,39.709271920578495,32.634895144824405,
dcrlme_seed0,dcrlme,0,ankle3_paralysed,best_intact,2,1,724,1238.4306640625,724,1253.3284912109375,39.709271920578495,32.634895144824405,
dcrlme_seed0,dcrlme,0,ankle3_paralysed,best_intact,3,1,724,1293.7164306640625,724,1253.3284912109375,39.709271920578495,32.634895144824405,
dcrlme_seed0,dcrlme,0,ankle3_paralysed,best_intact,4,1,724,1263.7607421875,724,1253.3284912109375,39.709271920578495,32.634895144824405,
