run,algo,seed,scenario,method,rep,trial,cell,observed,recommended_cell,recommended_true,pct_oracle,pct_intact,stop_trial
pgame_seed1,pgame,1,leg1_paralysed,ite,0,1,578,1148.1094970703125,578,1266.4722900390625,70.96107325380464,22.325860461604613,6
pgame_seed1,pgame,1,leg1_paralysed,ite,0,2,401,1180.4034423828125,401,1270.392822265625,72.30006400406637,22.747135384304855,6
pgame_seed1,pgame,1,leg1_paralysed,ite,0,3,94,1261.9296875,94,1263.391357421875,69.90883339498046,21.99480345833434,6
pgame_seed1,pgame,1,leg1_paralysed,ite,0,4,130,1080.48193359375,94,1263.391357421875,69.90883339498046,21.99480345833434,6
pgame_seed1,pgame,1,leg1_paralysed,ite,0,5,243,1184.9305419921875,94,1263.391357421875,69.90883339498046,21.99480345833434,6
pgame_seed1,pgame,1,leg1_paralysed,ite,0,6,61,1323.5712890625,61,1176.2286376953125,40.1398967463321,12.628863863100875,6
pgame_seed1,pgame,1,leg1_paralysed,ite,0,7,94,1263.772216796875,61,1176.2286376953125,40.1398967463321,12.628863863100875,6
pgame_seed1,pgame,1,leg1_paralysed,ite,0,8,711,1064.69873046875,61,1176.2286376953125,40.1398967463321,12.628863863100875,6
pgame_seed1,pgame,1,leg1_paralysed,ite,0,9,28,1364.620849609375,28,1272.8116455078125,73.12617172634543,23.007046415637337,6
pgame_seed1,pgame,1,leg1_paralysed,ite,0,10,28,1327.088134765625,28,1272.8116455078125,73.12617172634543,23.007046415637337,6
pgame_seed1,pgame,1,leg1_paralysed,ite,0,11,28,1332.3150634765625,28,1272.8116455078125,73.12617172634543,23.007046415637337,6
pgame_seed1,pgame,1,leg1_paralysed,ite,0,12,28,1320.762939453125,28,1272.8116455078125,73.12617172634543,23.007046415637337,6
pgame_seed1,pgame,1,leg1_paralysed,ite,0,13,28,1158.9183349609375,28,1272.8116455078125,73.12617172634543,23.007046415637337,6
pgame_seed1,pgame,1,leg1_paralysed,ite,0,14,28,1172.8890380859375,28,1272.8116455078125,73.12617172634543,23.007046415637337,6
pgame_seed1,pgame,1,leg1_paralysed,ite,0,15,94,1262.9385986328125,28,1272.8116455078125,73.12617172634543,23.007046415637337,6
pgame_seed1,pgame,1,leg1_paralysed,ite,0,16,61,1049.503173828125,28,1272.8116455078125,73.12617172634543,23.007046415637337,6
pgame_seed1,pgame,1,leg1_paralysed,ite,0,17,94,1263.884033203125,28,1272.8116455078125,73.12617172634543,23.007046415637337,6
pgame_seed1,pgame,1,leg1_paralysed,ite,0,18,94,1274.890380859375,28,1272.8116455078125,73.12617172634543,23.007046415637337,6
pgame_seed1,pgame,1,leg1_paralysed,ite,0,19,94,1256.0848388671875,28,1272.8116455078125,73.12617172634543,23.007046415637337,6
pgame_seed1,pgame,1,leg1_paralysed,ite,0,20,243,1184.7332763671875,28,1272.8116455078125,73.12617172634543,23.007046415637337,6
pgame_seed1,pgame,1,leg1_paralysed,ite,1,1,578,1277.7044677734375,578,1266.4722900390625,70.96107325380464,22.325860461604613,8
pgame_seed1,pgame,1,leg1_paralysed,ite,1,2,243,1148.228515625,578,1266.4722900390625,70.96107325380464,22.325860461604613,8
pgame_seed1,pgame,1,leg1_paralysed,ite,1,3,94,1261.129150390625,578,1266.4722900390625,70.96107325380464,22.325860461604613,8
pgame_seed1,pgame,1,leg1_paralysed,ite,1,4,130,1025.093994140625,578,1266.4722900390625,70.96107325380464,22.325860461604613,8
pgame_seed1,pgame,1,leg1_paralysed,ite,1,5,61,1134.243896484375,578,1266.4722900390625,70.96107325380464,22.325860461604613,8
pgame_seed1,pgame,1,leg1_paralysed,ite,1,6,401,1089.80908203125,578,1266.4722900390625,70.96107325380464,22.325860461604613,8
pgame_seed1,pgame,1,leg1_paralysed,ite,1,7,365,1264.520263671875,578,1266.4722900390625,70.96107325380464,22.325860461604613,8
pgame_seed1,pgame,1,leg1_paralysed,ite,1,8,94,1246.2867431640625,578,1266.4722900390625,70.96107325380464,22.325860461604613,8
pgame_seed1,pgame,1,leg1_paralysed,ite,1,9,365,1268.3345947265625,578,1266.4722900390625,70.96107325380464,22.325860461604613,8
pgame_seed1,pgame,1,leg1_paralysed,ite,1,10,94,1251.95654296875,578,1266.4722900390625,70.96107325380464,22.325860461604613,8
pgame_seed1,pgame,1,leg1_paralysed,ite,1,11,365,1193.814453125,578,1266.4722900390625,70.96107325380464,22.325860461604613,8
pgame_seed1,pgame,1,leg1_paralysed,ite,1,12,94,1271.33203125,578,1266.4722900390625,70.96107325380464,22.325860461604613,8
pgame_seed1,pgame,1,leg1_paralysed,ite,1,13,94,1145.8955078125,578,1266.4722900390625,70.96107325380464,22.325860461604613,8
pgame_seed1,pgame,1,leg1_paralysed,ite,1,14,578,1121.665283203125,578,1266.4722900390625,70.96107325380464,22.325860461604613,8
pgame_seed1,pgame,1,leg1_paralysed,ite,1,15,711,1034.090087890625,578,1266.4722900390625,70.96107325380464,22.325860461604613,8
pgame_seed1,pgame,1,leg1_paralysed,ite,1,16,94,1263.079345703125,578,1266.4722900390625,70.96107325380464,22.325860461604613,8
pgame_seed1,pgame,1,leg1_paralysed,ite,1,17,94,1122.6611328125,578,1266.4722900390625,70.96107325380464,22.325860461604613,8
pgame_seed1,pgame,1,leg1_paralysed,ite,1,18,365,1134.6871337890625,578,1266.4722900390625,70.96107325380464,22.325860461604613,8
pgame_seed1,pgame,1,leg1_paralysed,ite,1,19,243,1123.4879150390625,578,1266.4722900390625,70.96107325380464,22.325860461604613,8
pgame_seed1,pgame,1,leg1_paralysed,ite,1,20,94,1262.2452392578125,578,1266.4722900390625,70.96107325380464,22.325860461604613,8
pgame_seed1,pgame,1,leg1_paralysed,ite,2,1,578,1246.756103515625,578,1266.4722900390625,70.96107325380464,22.325860461604613,9
pgame_seed1,pgame,1,leg1_paralysed,ite,2,2,243,1184.5555419921875,578,1266.4722900390625,70.96107325380464,22.325860461604613,9
pgame_seed1,pgame,1,leg1_paralysed,ite,2,3,94,1264.1480712890625,94,1263.391357421875,69.90883339498046,21.99480345833434,9
pgame_seed1,pgame,1,leg1_paralysed,ite,2,4,130,1048.3779296875,94,1263.391357421875,69.90883339498046,21.99480345833434,9
pgame_seed1,pgame,1,leg1_paralysed,ite,2,5,61,1107.7694091796875,94,1263.391357421875,69.90883339498046,21.99480345833434,9
pgame_seed1,pgame,1,leg1_paralysed,ite,2,6,401,1228.682861328125,94,1263.391357421875,69.90883339498046,21.99480345833434,9
pgame_seed1,pgame,1,leg1_paralysed,ite,2,7,94,1255.648681640625,94,1263.391357421875,69.90883339498046,21.99480345833434,9
pgame_seed1,pgame,1,leg1_paralysed,ite,2,8,243,1157.29052734375,94,1263.391357421875,69.90883339498046,21.99480345833434,9
pgame_seed1,pgame,1,leg1_paralysed,ite,2,9,94,1261.707275390625,94,1263.391357421875,69.90883339498046,21.99480345833434,9
pgame_seed1,pgame,1,leg1_paralysed,ite,2,10,94,1261.8863525390625,94,1263.391357421875,69.90883339498046,21.99480345833434,9
pgame_seed1,pgame,1,leg1_paralysed,ite,2,11,365,1262.93212890625,94,1263.391357421875,69.90883339498046,21.99480345833434,9
pgame_seed1,pgame,1,leg1_paralysed,ite,2,12,711,1033.0654296875,94,1263.391357421875,69.90883339498046,21.99480345833434,9
pgame_seed1,pgame,1,leg1_paralysed,ite,2,13,365,1053.18310546875,94,1263.391357421875,69.90883339498046,21.99480345833434,9
pgame_seed1,pgame,1,leg1_paralysed,ite,2,14,94,1262.5797119140625,94,1263.391357421875,69.90883339498046,21.99480345833434,9
pgame_seed1,pgame,1,leg1_paralysed,ite,2,15,94,1259.79150390625,94,1263.391357421875,69.90883339498046,21.99480345833434,9
pgame_seed1,pgame,1,leg1_paralysed,ite,2,16,94,1259.3974609375,94,1263.391357421875,69.90883339498046,21.99480345833434,9
pgame_seed1,pgame,1,leg1_paralysed,ite,2,17,94,1258.3580322265625,94,1263.391357421875,69.90883339498046,21.99480345833434,9
pgame_seed1,pgame,1,leg1_paralysed,ite,2,18,94,1257.223876953125,94,1263.391357421875,69.90883339498046,21.99480345833434,9
pgame_seed1,pgame,1,leg1_paralysed,ite,2,19,94,1260.0947265625,94,1263.391357421875,69.90883339498046,21.99480345833434,9
pgame_seed1,pgame,1,leg1_paralysed,ite,2,20,94,1252.74853515625,94,1263.391357421875,69.90883339498046,21.99480345833434,9
pgame_seed1,pgame,1,leg1_paralysed,ite,3,1,578,1298.819580078125,578,1266.4722900390625,70.96107325380464,22.325860461604613,8
pgame_seed1,pgame,1,leg1_paralysed,ite,3,2,243,1168.028076171875,578,1266.4722900390625,70.96107325380464,22.325860461604613,8
pgame_seed1,pgame,1,leg1_paralysed,ite,3,3,94,1255.1739501953125,578,1266.4722900390625,70.96107325380464,22.325860461604613,8
pgame_seed1,pgame,1,leg1_paralysed,ite,3,4,130,1058.7490234375,578,1266.4722900390625,70.96107325380464,22.325860461604613,8
pgame_seed1,pgame,1,leg1_paralysed,ite,3,5,61,1276.949462890625,578,1266.4722900390625,70.96107325380464,22.325860461604613,8
pgame_seed1,pgame,1,leg1_paralysed,ite,3,6,401,1086.206298828125,578,1266.4722900390625,70.96107325380464,22.325860461604613,8
pgame_seed1,pgame,1,leg1_paralysed,ite,3,7,578,1147.7548828125,578,1266.4722900390625,70.96107325380464,22.325860461604613,8
pgame_seed1,pgame,1,leg1_paralysed,ite,3,8,94,1259.9007568359375,578,1266.4722900390625,70.96107325380464,22.325860461604613,8
pgame_seed1,pgame,1,leg1_paralysed,ite,3,9,94,1156.9959716796875,578,1266.4722900390625,70.96107325380464,22.325860461604613,8
pgame_seed1,pgame,1,leg1_paralysed,ite,3,10,61,1127.791015625,578,1266.4722900390625,70.96107325380464,22.325860461604613,8
pgame_seed1,pgame,1,leg1_paralysed,ite,3,11,365,1169.650634765625,578,1266.4722900390625,70.96107325380464,22.325860461604613,8
pgame_seed1,pgame,1,leg1_paralysed,ite,3,12,711,1056.43359375,578,1266.4722900390625,70.96107325380464,22.325860461604613,8
pgame_seed1,pgame,1,leg1_paralysed,ite,3,13,243,1145.095947265625,578,1266.4722900390625,70.96107325380464,22.325860461604613,8
pgame_seed1,pgame,1,leg1_paralysed,ite,3,14,693,1316.3916015625,693,1284.606201171875,77.15440055472415,24.274412742075675,8
pgame_seed1,pgame,1,leg1_paralysed,ite,3,15,693,1330.019775390625,693,1284.606201171875,77.15440055472415,24.274412742075675,8
pgame_seed1,pgame,1,leg1_paralysed,ite,3,16,693,1292.390625,693,1284.606201171875,77.15440055472415,24.274412742075675,8
pgame_seed1,pgame,1,leg1_paralysed,ite,3,17,693,1314.227294921875,693,1284.606201171875,77.15440055472415,24.274412742075675,8
pgame_seed1,pgame,1,leg1_paralysed,ite,3,18,693,1196.0302734375,693,1284.606201171875,77.15440055472415,24.274412742075675,8
pgame_seed1,pgame,1,leg1_paralysed,ite,3,19,693,1329.0423583984375,693,1284.606201171875,77.15440055472415,24.274412742075675,8
pgame_seed1,pgame,1,leg1_paralysed,ite,3,20,693,1313.812255859375,693,1284.606201171875,77.15440055472415,24.274412742075675,8
pgame_seed1,pgame,1,leg1_paralysed,ite,4,1,578,1127.2755126953125,578,1266.4722900390625,70.96107325380464,22.325860461604613,8
pgame_seed1,pgame,1,leg1_paralysed,ite,4,2,401,1019.994140625,578,1266.4722900390625,70.96107325380464,22.325860461604613,8
pgame_seed1,pgame,1,leg1_paralysed,ite,4,3,94,1262.9661865234375,94,1263.391357421875,69.90883339498046,21.99480345833434,8
pgame_seed1,pgame,1,leg1_paralysed,ite,4,4,130,1038.5098876953125,94,1263.391357421875,69.90883339498046,21.99480345833434,8
pgame_seed1,pgame,1,leg1_paralysed,ite,4,5,94,1252.681884765625,94,1263.391357421875,69.90883339498046,21.99480345833434,8
pgame_seed1,pgame,1,leg1_paralysed,ite,4,6,243,1198.9169921875,94,1263.391357421875,69.90883339498046,21.99480345833434,8
pgame_seed1,pgame,1,leg1_paralysed,ite,4,7,94,1256.1077880859375,94,1263.391357421875,69.90883339498046,21.99480345833434,8
pgame_seed1,pgame,1,leg1_paralysed,ite,4,8,61,1274.767822265625,61,1176.2286376953125,40.1398967463321,12.628863863100875,8
pgame_seed1,pgame,1,leg1_paralysed,ite,4,9,94,1251.548828125,61,1176.2286376953125,40.1398967463321,12.628863863100875,8
pgame_seed1,pgame,1,leg1_paralysed,ite,4,10,711,1057.2320556640625,61,1176.2286376953125,40.1398967463321,12.628863863100875,8
pgame_seed1,pgame,1,leg1_paralysed,ite,4,11,693,1300.757080078125,693,1284.606201171875,77.15440055472415,24.274412742075675,8
pgame_seed1,pgame,1,leg1_paralysed,ite,4,12,693,1302.440185546875,693,1284.606201171875,77.15440055472415,24.274412742075675,8
pgame_seed1,pgame,1,leg1_paralysed,ite,4,13,693,1206.947509765625,693,1284.606201171875,77.15440055472415,24.274412742075675,8
pgame_seed1,pgame,1,leg1_paralysed,ite,4,14,693,1184.593017578125,693,1284.606201171875,77.15440055472415,24.274412742075675,8
pgame_seed1,pgame,1,leg1_paralysed,ite,4,15,94,1263.6083984375,693,1284.606201171875,77.15440055472415,24.274412742075675,8
pgame_seed1,pgame,1,leg1_paralysed,ite,4,16,94,1259.21728515625,693,1284.606201171875,77.15440055472415,24.274412742075675,8
pgame_seed1,pgame,1,leg1_paralysed,ite,4,17,94,1264.2060546875,693,1284.606201171875,77.15440055472415,24.274412742075675,8
pgame_seed1,pgame,1,leg1_paralysed,ite,4,18,94,1275.7886962890625,693,1284.606201171875,77.15440055472415,24.274412742075675,8
pgame_seed1,pgame,1,leg1_paralysed,ite,4,19,94,1261.646240234375,693,1284.606201171875,77.15440055472415,24.274412742075675,8
pgame_seed1,pgame,1,leg1_paralysed,ite,4,20,94,1268.289794921875,693,1284.606201171875,77.15440055472415,24.274412742075675,8
pgame_seed1,pgame,1,leg1_paralysed,top_k,0,1,578,1147.555908203125,578,1266.4722900390625,70.96107325380464,22.325860461604613,
pgame_seed1,pgame,1,leg1_paralysed,top_k,0,2,243,1203.95361328125,243,1166.5283203125,36.826919196450454,11.586530776810912,
pgame_seed1,pgame,1,leg1_paralysed,top_k,0,3,61,1109.474853515625,243,1166.5283203125,36.826919196450454,11.586530776810912,
pgame_seed1,pgame,1,leg1_paralysed,top_k,0,4,128,1156.85546875,243,1166.5283203125,36.826919196450454,11.586530776810912,
pgame_seed1,pgame,1,leg1_paralysed,top_k,0,5,193,1294.2574462890625,193,1263.5419921875,69.9602801236856,22.010989691625493,
pgame_seed1,pgame,1,leg1_paralysed,top_k,0,6,617,1115.028564453125,193,1263.5419921875,69.9602801236856,22.010989691625493,
pgame_seed1,pgame,1,leg1_paralysed,top_k,0,7,311,1028.58447265625,193,1263.5419921875,69.9602801236856,22.010989691625493,
pgame_seed1,pgame,1,leg1_paralysed,top_k,0,8,863,1298.140625,863,1314.9227294921875,87.50849246242888,27.532029919189767,
pgame_seed1,pgame,1,leg1_paralysed,top_k,0,9,365,1094.5299072265625,863,1314.9227294921875,87.50849246242888,27.532029919189767,
pgame_seed1,pgame,1,leg1_paralysed,top_k,0,10,810,1093.5177001953125,863,1314.9227294921875,87.50849246242888,27.532029919189767,
pgame_seed1,pgame,1,leg1_paralysed,top_k,0,11,783,1284.273681640625,863,1314.9227294921875,87.50849246242888,27.532029919189767,
pgame_seed1,pgame,1,leg1_paralysed,top_k,0,12,28,1166.431884765625,863,1314.9227294921875,87.50849246242888,27.532029919189767,
pgame_seed1,pgame,1,leg1_paralysed,top_k,0,13,157,1062.67626953125,863,1314.9227294921875,87.50849246242888,27.532029919189767,
pgame_seed1,pgame,1,leg1_paralysed,top_k,0,14,736,1068.240234375,863,1314.9227294921875,87.50849246242888,27.532029919189767,
pgame_seed1,pgame,1,leg1_paralysed,top_k,0,15,399,1253.5062255859375,863,1314.9227294921875,87.50849246242888,27.532029919189767,
pgame_seed1,pgame,1,leg1_paralysed,top_k,0,16,276,1227.027099609375,863,1314.9227294921875,87.50849246242888,27.532029919189767,
pgame_seed1,pgame,1,leg1_paralysed,top_k,0,17,414,1363.477783203125,414,1320.9420166015625,89.56427705922827,28.178823406699465,
pgame_seed1,pgame,1,leg1_paralysed,top_k,0,18,693,1276.7796630859375,414,1320.9420166015625,89.56427705922827,28.178823406699465,
pgame_seed1,pgame,1,leg1_paralysed,top_k,0,19,751,1062.3017578125,414,1320.9420166015625,89.56427705922827,28.178823406699465,
pgame_seed1,pgame,1,leg1_paralysed,top_k,0,20,27,1196.2900390625,414,1320.9420166015625,89.56427705922827,28.178823406699465,
pgame_seed1,pgame,1,leg1_paralysed,top_k,1,1,578,1282.339599609375,578,1266.4722900390625,70.96107325380464,22.325860461604613,
pgame_seed1,pgame,1,leg1_paralysed,top_k,1,2,243,1178.0030517578125,578,1266.4722900390625,70.96107325380464,22.325860461604613,
pgame_seed1,pgame,1,leg1_paralysed,top_k,1,3,61,1306.644775390625,61,1176.2286376953125,40.1398967463321,12.628863863100875,
pgame_seed1,pgame,1,leg1_paralysed,top_k,1,4,128,1164.7344970703125,61,1176.2286376953125,40.1398967463321,12.628863863100875,
pgame_seed1,pgame,1,leg1_paralysed,top_k,1,5,193,1234.356201171875,61,1176.2286376953125,40.1398967463321,12.628863863100875,
pgame_seed1,pgame,1,leg1_paralysed,top_k,1,6,617,1109.8685302734375,61,1176.2286376953125,40.1398967463321,12.628863863100875,
pgame_seed1,pgame,1,leg1_paralysed,top_k,1,7,311,1277.16455078125,61,1176.2286376953125,40.1398967463321,12.628863863100875,
pgame_seed1,pgame,1,leg1_paralysed,top_k,1,8,863,1212.332275390625,61,1176.2286376953125,40.1398967463321,12.628863863100875,
pgame_seed1,pgame,1,leg1_paralysed,top_k,1,9,365,1181.1600341796875,61,1176.2286376953125,40.1398967463321,12.628863863100875,
pgame_seed1,pgame,1,leg1_paralysed,top_k,1,10,810,1115.60107421875,61,1176.2286376953125,40.1398967463321,12.628863863100875,
pgame_seed1,pgame,1,leg1_paralysed,top_k,1,11,783,1235.5645751953125,61,1176.2286376953125,40.1398967463321,12.628863863100875,
pgame_seed1,pgame,1,leg1_paralysed,top_k,1,12,28,1310.8341064453125,28,1272.8116455078125,73.12617172634543,23.007046415637337,
pgame_seed1,pgame,1,leg1_paralysed,top_k,1,13,157,1281.4345703125,28,1272.8116455078125,73.12617172634543,23.007046415637337,
pgame_seed1,pgame,1,leg1_paralysed,top_k,1,14,736,1100.531494140625,28,1272.8116455078125,73.12617172634543,23.007046415637337,
pgame_seed1,pgame,1,leg1_paralysed,top_k,1,15,399,1237.3348388671875,28,1272.8116455078125,73.12617172634543,23.007046415637337,
pgame_seed1,pgame,1,leg1_paralysed,top_k,1,16,276,1192.356201171875,28,1272.8116455078125,73.12617172634543,23.007046415637337,
pgame_seed1,pgame,1,leg1_paralysed,top_k,1,17,414,1356.0634765625,414,1320.9420166015625,89.56427705922827,28.178823406699465,
pgame_seed1,pgame,1,leg1_paralysed,top_k,1,18,693,1307.881103515625,414,1320.9420166015625,89.56427705922827,28.178823406699465,
pgame_seed1,pgame,1,leg1_paralysed,top_k,1,19,751,1139.065673828125,414,1320.9420166015625,89.56427705922827,28.178823406699465,
pgame_seed1,pgame,1,leg1_paralysed,top_k,1,20,27,1165.53076171875,414,1320.9420166015625,89.56427705922827,28.178823406699465,
pgame_seed1,pgame,1,leg1_paralysed,top_k,2,1,578,1156.3106689453125,578,1266.4722900390625,70.96107325380464,22.325860461604613,
pgame_seed1,pgame,1,leg1_paralysed,top_k,2,2,243,1145.6075439453125,578,1266.4722900390625,70.96107325380464,22.325860461604613,
pgame_seed1,pgame,1,leg1_paralysed,top_k,2,3,61,1307.2236328125,61,1176.2286376953125,40.1398967463321,12.628863863100875,
pgame_seed1,pgame,1,leg1_paralysed,top_k,2,4,128,1122.9912109375,61,1176.2286376953125,40.1398967463321,12.628863863100875,
pgame_seed1,pgame,1,leg1_paralysed,top_k,2,5,193,1307.8507080078125,193,1263.5419921875,69.9602801236856,22.010989691625493,
pgame_seed1,pgame,1,leg1_paralysed,top_k,2,6,617,1314.1251220703125,617,1260.83544921875,69.03590664811804,21.72016216769394,
pgame_seed1,pgame,1,leg1_paralysed,top_k,2,7,311,1069.7685546875,617,1260.83544921875,69.03590664811804,21.72016216769394,
pgame_seed1,pgame,1,leg1_paralysed,top_k,2,8,863,1330.7664794921875,863,1314.9227294921875,87.50849246242888,27.532029919189767,
pgame_seed1,pgame,1,leg1_paralysed,top_k,2,9,365,1272.92822265625,863,1314.9227294921875,87.50849246242888,27.532029919189767,
pgame_seed1,pgame,1,leg1_paralysed,top_k,2,10,810,1123.573486328125,863,1314.9227294921875,87.50849246242888,27.532029919189767,
pgame_seed1,pgame,1,leg1_paralysed,top_k,2,11,783,1101.2552490234375,863,1314.9227294921875,87.50849246242888,27.532029919189767,
pgame_seed1,pgame,1,leg1_paralysed,top_k,2,12,28,1311.572265625,863,1314.9227294921875,87.50849246242888,27.532029919189767,
pgame_seed1,pgame,1,leg1_paralysed,top_k,2,13,157,1218.76953125,863,1314.9227294921875,87.50849246242888,27.532029919189767,
pgame_seed1,pgame,1,leg1_paralysed,top_k,2,14,736,1075.97802734375,863,1314.9227294921875,87.50849246242888,27.532029919189767,
pgame_seed1,pgame,1,leg1_paralysed,top_k,2,15,399,1249.918701171875,863,1314.9227294921875,87.50849246242888,27.532029919189767,
pgame_seed1,pgame,1,leg1_paralysed,top_k,2,16,276,1199.01953125,863,1314.9227294921875,87.50849246242888,27.532029919189767,
pgame_seed1,pgame,1,leg1_paralysed,top_k,2,17,414,1175.5927734375,863,1314.9227294921875,87.50849246242888,27.532029919189767,
pgame_seed1,pgame,1,leg1_paralysed,top_k,2,18,693,1318.760986328125,863,1314.9227294921875,87.50849246242888,27.532029919189767,
pgame_seed1,pgame,1,leg1_paralysed,top_k,2,19,751,1081.784423828125,863,1314.9227294921875,87.50849246242888,27.532029919189767,
pgame_seed1,pgame,1,leg1_paralysed,top_k,2,20,27,1244.98388671875,863,1314.9227294921875,87.50849246242888,27.532029919189767,
pgame_seed1,pgame,1,leg1_paralysed,top_k,3,1,578,1279.6500244140625,578,1266.4722900390625,70.96107325380464,22.325860461604613,
pgame_seed1,pgame,1,leg1_paralysed,top_k,3,2,243,1178.6925048828125,578,1266.4722900390625,70.96107325380464,22.325860461604613,
pgame_seed1,pgame,1,leg1_paralysed,top_k,3,3,61,1159.513427734375,578,1266.4722900390625,70.96107325380464,22.325860461604613,
pgame_seed1,pgame,1,leg1_paralysed,top_k,3,4,128,1283.3240966796875,128,1220.6141357421875,55.299004718423795,17.39824112571396,
pgame_seed1,pgame,1,leg1_paralysed,top_k,3,5,193,1318.574951171875,193,1263.5419921875,69.9602801236856,22.010989691625493,
pgame_seed1,pgame,1,leg1_paralysed,top_k,3,6,617,1291.605224609375,193,1263.5419921875,69.9602801236856,22.010989691625493,
pgame_seed1,pgame,1,leg1_paralysed,top_k,3,7,311,1300.5186767578125,193,1263.5419921875,69.9602801236856,22.010989691625493,
pgame_seed1,pgame,1,leg1_paralysed,top_k,3,8,863,1140.521728515625,193,1263.5419921875,69.9602801236856,22.010989691625493,
pgame_seed1,pgame,1,leg1_paralysed,top_k,3,9,365,1278.7998046875,193,1263.5419921875,69.9602801236856,22.010989691625493,
pgame_seed1,pgame,1,leg1_paralysed,top_k,3,10,810,1095.1865234375,193,1263.5419921875,69.9602801236856,22.010989691625493,
pgame_seed1,pgame,1,leg1_paralysed,top_k,3,11,783,1262.20556640625,193,1263.5419921875,69.9602801236856,22.010989691625493,
pgame_seed1,pgame,1,leg1_paralysed,top_k,3,12,28,1311.879638671875,193,1263.5419921875,69.9602801236856,22.010989691625493,
pgame_seed1,pgame,1,leg1_paralysed,top_k,3,13,157,1281.86572265625,193,1263.5419921875,69.9602801236856,22.010989691625493,
pgame_seed1,pgame,1,leg1_paralysed,top_k,3,14,736,1082.5380859375,193,1263.5419921875,69.9602801236856,22.010989691625493,
pgame_seed1,pgame,1,leg1_paralysed,top_k,3,15,399,1254.527099609375,193,1263.5419921875,69.9602801236856,22.010989691625493,
pgame_seed1,pgame,1,leg1_paralysed,top_k,3,16,276,1200.117431640625,193,1263.5419921875,69.9602801236856,22.010989691625493,
pgame_seed1,pgame,1,leg1_paralysed,top_k,3,17,414,1345.66162109375,414,1320.9420166015625,89.56427705922827,28.178823406699465,
pgame_seed1,pgame,1,leg1_paralysed,top_k,3,18,693,1319.1103515625,414,1320.9420166015625,89.56427705922827,28.178823406699465,
pgame_seed1,pgame,1,leg1_paralysed,top_k,3,19,751,1167.891845703125,414,1320.9420166015625,89.56427705922827,28.178823406699465,
pgame_seed1,pgame,1,leg1_paralysed,top_k,3,20,27,1227.3978271484375,414,1320.9420166015625,89.56427705922827,28.178823406699465,
pgame_seed1,pgame,1,leg1_paralysed,top_k,4,1,578,1109.287353515625,578,1266.4722900390625,70.96107325380464,22.325860461604613,
pgame_seed1,pgame,1,leg1_paralysed,top_k,4,2,243,1249.26025390625,243,1166.5283203125,36.826919196450454,11.586530776810912,
pgame_seed1,pgame,1,leg1_paralysed,top_k,4,3,61,1296.037353515625,61,1176.2286376953125,40.1398967463321,12.628863863100875,
pgame_seed1,pgame,1,leg1_paralysed,top_k,4,4,128,1331.999267578125,128,1220.6141357421875,55.299004718423795,17.39824112571396,
pgame_seed1,pgame,1,leg1_paralysed,top_k,4,5,193,1298.955078125,128,1220.6141357421875,55.299004718423795,17.39824112571396,
pgame_seed1,pgame,1,leg1_paralysed,top_k,4,6,617,1116.240234375,128,1220.6141357421875,55.299004718423795,17.39824112571396,
pgame_seed1,pgame,1,leg1_paralysed,top_k,4,7,311,1079.87255859375,128,1220.6141357421875,55.299004718423795,17.39824112571396,
pgame_seed1,pgame,1,leg1_paralysed,top_k,4,8,863,1290.72119140625,128,1220.6141357421875,55.299004718423795,17.39824112571396,
pgame_seed1,pgame,1,leg1_paralysed,top_k,4,9,365,1268.008544921875,128,1220.6141357421875,55.299004718423795,17.39824112571396,
pgame_seed1,pgame,1,leg1_paralysed,top_k,4,10,810,1115.96630859375,128,1220.6141357421875,55.299004718423795,17.39824112571396,
pgame_seed1,pgame,1,leg1_paralysed,top_k,4,11,783,1147.636474609375,128,1220.6141357421875,55.299004718423795,17.39824112571396,
pgame_seed1,pgame,1,leg1_paralysed,top_k,4,12,28,1324.97998046875,128,1220.6141357421875,55.299004718423795,17.39824112571396,
pgame_seed1,pgame,1,leg1_paralysed,top_k,4,13,157,1294.768798828125,128,1220.6141357421875,55.299004718423795,17.39824112571396,
pgame_seed1,pgame,1,leg1_paralysed,top_k,4,14,736,1102.313232421875,128,1220.6141357421875,55.299004718423795,17.39824112571396,
pgame_seed1,pgame,1,leg1_paralysed,top_k,4,15,399,1272.011474609375,128,1220.6141357421875,55.299004718423795,17.39824112571396,
pgame_seed1,pgame,1,leg1_paralysed,top_k,4,16,276,1193.6715087890625,128,1220.6141357421875,55.299004718423795,17.39824112571396,
pgame_seed1,pgame,1,leg1_paralysed,top_k,4,17,414,1129.0257568359375,128,1220.6141357421875,55.299004718423795,17.39824112571396,
pgame_seed1,pgame,1,leg1_paralysed,top_k,4,18,693,1312.64404296875,128,1220.6141357421875,55.299004718423795,17.39824112571396,
pgame_seed1,pgame,1,leg1_paralysed,top_k,4,19,751,1346.72265625,751,1243.9915771484375,63.283170132414035,19.91022910393353,
pgame_seed1,pgame,1,leg1_paralysed,top_k,4,20,27,1194.765380859375,751,1243.9915771484375,63.283170132414035,19.91022910393353,
pgame_seed1,pgame,1,leg2_paralysed,ite,0,1,578,1410.9736328125,578,1389.672607421875,64.23878911506087,35.56416617694784,3
pgame_seed1,pgame,1,leg2_paralysed,ite,0,2,243,1528.02783203125,243,1499.5560302734375,85.56616748267633,47.37152492130329,3
pgame_seed1,pgame,1,leg2_paralysed,ite,0,3,61,1296.7701416015625,243,1499.5560302734375,85.56616748267633,47.37152492130329,3
pgame_seed1,pgame,1,leg2_paralysed,ite,0,4,243,1489.633056640625,243,1499.5560302734375,85.56616748267633,47.37152492130329,3
pgame_seed1,pgame,1,leg2_paralysed,ite,0,5,243,1556.566650390625,243,1499.5560302734375,85.56616748267633,47.37152492130329,3
pgame_seed1,pgame,1,leg2_paralysed,ite,0,6,243,1471.4788818359375,243,1499.5560302734375,85.56616748267633,47.37152492130329,3
pgame_seed1,pgame,1,leg2_paralysed,ite,0,7,243,1580.24951171875,243,1499.5560302734375,85.56616748267633,47.37152492130329,3
pgame_seed1,pgame,1,leg2_paralysed,ite,0,8,243,1562.135498046875,243,1499.5560302734375,85.56616748267633,47.37152492130329,3
pgame_seed1,pgame,1,leg2_paralysed,ite,0,9,243,1487.8905029296875,243,1499.5560302734375,85.56616748267633,47.37152492130329,3
pgame_seed1,pgame,1,leg2_paralysed,ite,0,10,243,1526.92822265625,243,1499.5560302734375,85.56616748267633,47.37152492130329,3
pgame_seed1,pgame,1,leg2_paralysed,ite,0,11,243,1575.42919921875,243,1499.5560302734375,85.56616748267633,47.37152492130329,3
pgame_seed1,pgame,1,leg2_paralysed,ite,0,12,243,1436.7569580078125,243,1499.5560302734375,85.56616748267633,47.37152492130329,3
pgame_seed1,pgame,1,leg2_paralysed,ite,0,13,243,1393.845458984375,243,1499.5560302734375,85.56616748267633,47.37152492130329,3
pgame_seed1,pgame,1,leg2_paralysed,ite,0,14,243,1541.240234375,243,1499.5560302734375,85.56616748267633,47.37152492130329,3
pgame_seed1,pgame,1,leg2_paralysed,ite,0,15,243,1473.0916748046875,243,1499.5560302734375,85.56616748267633,47.37152492130329,3
pgame_seed1,pgame,1,leg2_paralysed,ite,0,16,243,1482.5233154296875,243,1499.5560302734375,85.56616748267633,47.37152492130329,3
pgame_seed1,pgame,1,leg2_paralysed,ite,0,17,243,1512.76220703125,243,1499.5560302734375,85.56616748267633,47.37152492130329,3
pgame_seed1,pgame,1,leg2_paralysed,ite,0,18,243,1461.989013671875,243,1499.5560302734375,85.56616748267633,47.37152492130329,3
pgame_seed1,pgame,1,leg2_paralysed,ite,0,19,243,1504.03125,243,1499.5560302734375,85.56616748267633,47.37152492130329,3
pgame_seed1,pgame,1,leg2_paralysed,ite,0,20,243,1551.3656005859375,243,1499.5560302734375,85.56616748267633,47.37152492130329,3
pgame_seed1,pgame,1,leg2_paralysed,ite,1,1,578,1330.947998046875,578,1389.672607421875,64.23878911506087,35.56416617694784,3
pgame_seed1,pgame,1,leg2_paralysed,ite,1,2,243,1543.12060546875,243,1499.5560302734375,85.56616748267633,47.37152492130329,3
pgame_seed1,pgame,1,leg2_paralysed,ite,1,3,61,1280.403076171875,243,1499.5560302734375,85.56616748267633,47.37152492130329,3
pgame_seed1,pgame,1,leg2_paralysed,ite,1,4,243,1420.7308349609375,243,1499.5560302734375,85.56616748267633,47.37152492130329,3
pgame_seed1,pgame,1,leg2_paralysed,ite,1,5,243,1522.435546875,243,1499.5560302734375,85.56616748267633,47.37152492130329,3
pgame_seed1,pgame,1,leg2_paralysed,ite,1,6,243,1451.4835205078125,243,1499.5560302734375,85.56616748267633,47.37152492130329,3
pgame_seed1,pgame,1,leg2_paralysed,ite,1,7,243,1472.794189453125,243,1499.5560302734375,85.56616748267633,47.37152492130329,3
pgame_seed1,pgame,1,leg2_paralysed,ite,1,8,243,1529.21875,243,1499.5560302734375,85.56616748267633,47.37152492130329,3
pgame_seed1,pgame,1,leg2_paralysed,ite,1,9,243,1508.620361328125,243,1499.5560302734375,85.56616748267633,47.37152492130329,3
pgame_seed1,pgame,1,leg2_paralysed,ite,1,10,243,1486.620361328125,243,1499.5560302734375,85.56616748267633,47.37152492130329,3
pgame_seed1,pgame,1,leg2_paralysed,ite,1,11,243,1497.7017822265625,243,1499.5560302734375,85.56616748267633,47.37152492130329,3
pgame_seed1,pgame,1,leg2_paralysed,ite,1,12,243,1513.0458984375,243,1499.5560302734375,85.56616748267633,47.37152492130329,3
pgame_seed1,pgame,1,leg2_paralysed,ite,1,13,243,1517.489501953125,243,1499.5560302734375,85.56616748267633,47.37152492130329,3
pgame_seed1,pgame,1,leg2_paralysed,ite,1,14,243,1502.98828125,243,1499.5560302734375,85.56616748267633,47.37152492130329,3
pgame_seed1,pgame,1,leg2_paralysed,ite,1,15,243,1523.861083984375,243,1499.5560302734375,85.56616748267633,47.37152492130329,3
pgame_seed1,pgame,1,leg2_paralysed,ite,1,16,243,1514.5859375,243,1499.5560302734375,85.56616748267633,47.37152492130329,3
pgame_seed1,pgame,1,leg2_paralysed,ite,1,17,243,1505.3046875,243,1499.5560302734375,85.56616748267633,47.37152492130329,3
pgame_seed1,pgame,1,leg2_paralysed,ite,1,18,243,1446.499267578125,243,1499.5560302734375,85.56616748267633,47.37152492130329,3
pgame_seed1,pgame,1,leg2_paralysed,ite,1,19,243,1446.86962890625,243,1499.5560302734375,85.56616748267633,47.37152492130329,3
pgame_seed1,pgame,1,leg2_paralysed,ite,1,20,243,1475.6318359375,243,1499.5560302734375,85.56616748267633,47.37152492130329,3
pgame_seed1,pgame,1,leg2_paralysed,ite,2,1,578,1403.56982421875,578,1389.672607421875,64.23878911506087,35.56416617694784,3
pgame_seed1,pgame,1,leg2_paralysed,ite,2,2,243,1538.0574951171875,243,1499.5560302734375,85.56616748267633,47.37152492130329,3
pgame_seed1,pgame,1,leg2_paralysed,ite,2,3,61,1400.08984375,243,1499.5560302734375,85.56616748267633,47.37152492130329,3
pgame_seed1,pgame,1,leg2_paralysed,ite,2,4,243,1453.598876953125,243,1499.5560302734375,85.56616748267633,47.37152492130329,3
pgame_seed1,pgame,1,leg2_paralysed,ite,2,5,243,1461.6142578125,243,1499.5560302734375,85.56616748267633,47.37152492130329,3
pgame_seed1,pgame,1,leg2_paralysed,ite,2,6,94,1283.929931640625,243,1499.5560302734375,85.56616748267633,47.37152492130329,3
pgame_seed1,pgame,1,leg2_paralysed,ite,2,7,243,1481.78466796875,243,1499.5560302734375,85.56616748267633,47.37152492130329,3
pgame_seed1,pgame,1,leg2_paralysed,ite,2,8,243,1460.3623046875,243,1499.5560302734375,85.56616748267633,47.37152492130329,3
pgame_seed1,pgame,1,leg2_paralysed,ite,2,9,243,1539.1585693359375,243,1499.5560302734375,85.56616748267633,47.37152492130329,3
pgame_seed1,pgame,1,leg2_paralysed,ite,2,10,243,1538.689208984375,243,1499.5560302734375,85.56616748267633,47.37152492130329,3
pgame_seed1,pgame,1,leg2_paralysed,ite,2,11,243,1485.1893310546875,243,1499.5560302734375,85.56616748267633,47.37152492130329,3
pgame_seed1,pgame,1,leg2_paralysed,ite,2,12,243,1399.501953125,243,1499.5560302734375,85.56616748267633,47.37152492130329,3
pgame_seed1,pgame,1,leg2_paralysed,ite,2,13,243,1554.773193359375,243,1499.5560302734375,85.56616748267633,47.37152492130329,3
pgame_seed1,pgame,1,leg2_paralysed,ite,2,14,243,1495.7685546875,243,1499.5560302734375,85.56616748267633,47.37152492130329,3
pgame_seed1,pgame,1,leg2_paralysed,ite,2,15,243,1522.3359375,243,1499.5560302734375,85.56616748267633,47.37152492130329,3
pgame_seed1,pgame,1,leg2_paralysed,ite,2,16,243,1508.261962890625,243,1499.5560302734375,85.56616748267633,47.37152492130329,3
pgame_seed1,pgame,1,leg2_paralysed,ite,2,17,243,1475.14404296875,243,1499.5560302734375,85.56616748267633,47.37152492130329,3
pgame_seed1,pgame,1,leg2_paralysed,ite,2,18,243,1505.668212890625,243,1499.5560302734375,85.56616748267633,47.37152492130329,3
pgame_seed1,pgame,1,leg2_paralysed,ite,2,19,243,1507.9971923828125,243,1499.5560302734375,85.56616748267633,47.37152492130329,3
pgame_seed1,pgame,1,leg2_paralysed,ite,2,20,243,1482.5076904296875,243,1499.5560302734375,85.56616748267633,47.37152492130329,3
pgame_seed1,pgame,1,leg2_paralysed,ite,3,1,578,1408.7027587890625,578,1389.672607421875,64.23878911506087,35.56416617694784,4
pgame_seed1,pgame,1,leg2_paralysed,ite,3,2,243,1485.33447265625,243,1499.5560302734375,85.56616748267633,47.37152492130329,4
pgame_seed1,pgame,1,leg2_paralysed,ite,3,3,61,1340.36865234375,243,1499.5560302734375,85.56616748267633,47.37152492130329,4
pgame_seed1,pgame,1,leg2_paralysed,ite,3,4,243,1464.890869140625,243,1499.5560302734375,85.56616748267633,47.37152492130329,4
pgame_seed1,pgame,1,leg2_paralysed,ite,3,5,243,1487.9749755859375,243,1499.5560302734375,85.56616748267633,47.37152492130329,4
pgame_seed1,pgame,1,leg2_paralysed,ite,3,6,243,1453.614501953125,243,1499.5560302734375,85.56616748267633,47.37152492130329,4
pgame_seed1,pgame,1,leg2_paralysed,ite,3,7,243,1503.7774658203125,243,1499.5560302734375,85.56616748267633,47.37152492130329,4
pgame_seed1,pgame,1,leg2_paralysed,ite,3,8,243,1470.123779296875,243,1499.5560302734375,85.56616748267633,47.37152492130329,4
pgame_seed1,pgame,1,leg2_paralysed,ite,3,9,243,1508.8157958984375,243,1499.5560302734375,85.56616748267633,47.37152492130329,4
pgame_seed1,pgame,1,leg2_paralysed,ite,3,10,243,1451.9049072265625,243,1499.5560302734375,85.56616748267633,47.37152492130329,4
pgame_seed1,pgame,1,leg2_paralysed,ite,3,11,94,1296.52294921875,243,1499.5560302734375,85.56616748267633,47.37152492130329,4
pgame_seed1,pgame,1,leg2_paralysed,ite,3,12,243,1626.83984375,243,1499.5560302734375,85.56616748267633,47.37152492130329,4
pgame_seed1,pgame,1,leg2_paralysed,ite,3,13,243,1501.888427734375,243,1499.5560302734375,85.56616748267633,47.37152492130329,4
pgame_seed1,pgame,1,leg2_paralysed,ite,3,14,243,1424.22216796875,243,1499.5560302734375,85.56616748267633,47.37152492130329,4
pgame_seed1,pgame,1,leg2_paralysed,ite,3,15,243,1514.145263671875,243,1499.5560302734375,85.56616748267633,47.37152492130329,4
pgame_seed1,pgame,1,leg2_paralysed,ite,3,16,243,1499.7315673828125,243,1499.5560302734375,85.56616748267633,47.37152492130329,4
pgame_seed1,pgame,1,leg2_paralysed,ite,3,17,243,1469.34130859375,243,1499.5560302734375,85.56616748267633,47.37152492130329,4
pgame_seed1,pgame,1,leg2_paralysed,ite,3,18,243,1428.98291015625,243,1499.5560302734375,85.56616748267633,47.37152492130329,4
pgame_seed1,pgame,1,leg2_paralysed,ite,3,19,243,1517.35205078125,243,1499.5560302734375,85.56616748267633,47.37152492130329,4
pgame_seed1,pgame,1,leg2_paralysed,ite,3,20,243,1547.166015625,243,1499.5560302734375,85.56616748267633,47.37152492130329,4
pgame_seed1,pgame,1,leg2_paralysed,ite,4,1,578,1358.7786865234375,578,1389.672607421875,64.23878911506087,35.56416617694784,4
pgame_seed1,pgame,1,leg2_paralysed,ite,4,2,243,1477.82958984375,243,1499.5560302734375,85.56616748267633,47.37152492130329,4
pgame_seed1,pgame,1,leg2_paralysed,ite,4,3,61,1337.302978515625,243,1499.5560302734375,85.56616748267633,47.37152492130329,4
pgame_seed1,pgame,1,leg2_paralysed,ite,4,4,243,1354.7347412109375,243,1499.5560302734375,85.56616748267633,47.37152492130329,4
pgame_seed1,pgame,1,leg2_paralysed,ite,4,5,94,1265.895263671875,243,1499.5560302734375,85.56616748267633,47.37152492130329,4
pgame_seed1,pgame,1,leg2_paralysed,ite,4,6,540,1066.18701171875,243,1499.5560302734375,85.56616748267633,47.37152492130329,4
pgame_seed1,pgame,1,leg2_paralysed,ite,4,7,243,1439.14697265625,243,1499.5560302734375,85.56616748267633,47.37152492130329,4
pgame_seed1,pgame,1,leg2_paralysed,ite,4,8,243,1530.5543212890625,243,1499.5560302734375,85.56616748267633,47.37152492130329,4
pgame_seed1,pgame,1,leg2_paralysed,ite,4,9,243,1487.772216796875,243,1499.5560302734375,85.56616748267633,47.37152492130329,4
pgame_seed1,pgame,1,leg2_paralysed,ite,4,10,243,1477.34130859375,243,1499.5560302734375,85.56616748267633,47.37152492130329,4
pgame_seed1,pgame,1,leg2_paralysed,ite,4,11,243,1514.3299560546875,243,1499.5560302734375,85.56616748267633,47.37152492130329,4
pgame_seed1,pgame,1,leg2_paralysed,ite,4,12,243,1481.7301025390625,243,1499.5560302734375,85.56616748267633,47.37152492130329,4
pgame_seed1,pgame,1,leg2_paralysed,ite,4,13,243,1518.3126220703125,243,1499.5560302734375,85.56616748267633,47.37152492130329,4
pgame_seed1,pgame,1,leg2_paralysed,ite,4,14,243,1566.426025390625,243,1499.5560302734375,85.56616748267633,47.37152492130329,4
pgame_seed1,pgame,1,leg2_paralysed,ite,4,15,243,1434.90869140625,243,1499.5560302734375,85.56616748267633,47.37152492130329,4
pgame_seed1,pgame,1,leg2_paralysed,ite,4,16,243,1568.51171875,243,1499.5560302734375,85.56616748267633,47.37152492130329,4
pgame_seed1,pgame,1,leg2_paralysed,ite,4,17,243,1498.519287109375,243,1499.5560302734375,85.56616748267633,47.37152492130329,4
pgame_seed1,pgame,1,leg2_paralysed,ite,4,18,243,1555.78662109375,243,1499.5560302734375,85.56616748267633,47.37152492130329,4
pgame_seed1,pgame,1,leg2_paralysed,ite,4,19,243,1420.1385498046875,243,1499.5560302734375,85.56616748267633,47.37152492130329,4
pgame_seed1,pgame,1,leg2_paralysed,ite,4,20,243,1585.849853515625,243,1499.5560302734375,85.56616748267633,47.37152492130329,4
pgame_seed1,pgame,1,leg2_paralysed,top_k,0,1,578,1388.1553955078125,578,1389.672607421875,64.23878911506087,35.56416617694784,
pgame_seed1,pgame,1,leg2_paralysed,top_k,0,2,243,1430.80615234375,243,1499.5560302734375,85.56616748267633,47.37152492130329,
pgame_seed1,pgame,1,leg2_paralysed,top_k,0,3,61,1303.58251953125,243,1499.5560302734375,85.56616748267633,47.37152492130329,
pgame_seed1,pgame,1,leg2_paralysed,top_k,0,4,128,1366.77978515625,243,1499.5560302734375,85.56616748267633,47.37152492130329,
pgame_seed1,pgame,1,leg2_paralysed,top_k,0,5,193,1373.654052734375,243,1499.5560302734375,85.56616748267633,47.37152492130329,
pgame_seed1,pgame,1,leg2_paralysed,top_k,0,6,617,1463.6416015625,617,1386.5623779296875,63.63512170583203,35.229961121821916,
pgame_seed1,pgame,1,leg2_paralysed,top_k,0,7,311,1360.956787109375,617,1386.5623779296875,63.63512170583203,35.229961121821916,
pgame_seed1,pgame,1,leg2_paralysed,top_k,0,8,863,1410.93212890625,617,1386.5623779296875,63.63512170583203,35.229961121821916,
pgame_seed1,pgame,1,leg2_paralysed,top_k,0,9,365,1375.738525390625,617,1386.5623779296875,63.63512170583203,35.229961121821916,
pgame_seed1,pgame,1,leg2_paralysed,top_k,0,10,810,1397.61962890625,617,1386.5623779296875,63.63512170583203,35.229961121821916,
pgame_seed1,pgame,1,leg2_paralysed,top_k,0,11,783,1368.3726806640625,617,1386.5623779296875,63.63512170583203,35.229961121821916,
pgame_seed1,pgame,1,leg2_paralysed,top_k,0,12,28,1430.646484375,617,1386.5623779296875,63.63512170583203,35.229961121821916,
pgame_seed1,pgame,1,leg2_paralysed,top_k,0,13,157,1412.124267578125,617,1386.5623779296875,63.63512170583203,35.229961121821916,
pgame_seed1,pgame,1,leg2_paralysed,top_k,0,14,736,1454.65185546875,617,1386.5623779296875,63.63512170583203,35.229961121821916,
pgame_seed1,pgame,1,leg2_paralysed,top_k,0,15,399,1522.40673828125,399,1515.32763671875,88.62729362341085,49.066239287146736,
pgame_seed1,pgame,1,leg2_paralysed,top_k,0,16,276,1506.050537109375,399,1515.32763671875,88.62729362341085,49.066239287146736,
pgame_seed1,pgame,1,leg2_paralysed,top_k,0,17,414,1482.5029296875,399,1515.32763671875,88.62729362341085,49.066239287146736,
pgame_seed1,pgame,1,leg2_paralysed,top_k,0,18,693,1463.879638671875,399,1515.32763671875,88.62729362341085,49.066239287146736,
pgame_seed1,pgame,1,leg2_paralysed,top_k,0,19,751,1451.719482421875,399,1515.32763671875,88.62729362341085,49.066239287146736,
pgame_seed1,pgame,1,leg2_paralysed,top_k,0,20,27,1482.7335205078125,399,1515.32763671875,88.62729362341085,49.066239287146736,
pgame_seed1,pgame,1,leg2_paralysed,top_k,1,1,578,1420.0455322265625,578,1389.672607421875,64.23878911506087,35.56416617694784,
pgame_seed1,pgame,1,leg2_paralysed,top_k,1,2,243,1333.7626953125,578,1389.672607421875,64.23878911506087,35.56416617694784,
pgame_seed1,pgame,1,leg2_paralysed,top_k,1,3,61,1332.711669921875,578,1389.672607421875,64.23878911506087,35.56416617694784,
pgame_seed1,pgame,1,leg2_paralysed,top_k,1,4,128,1358.542724609375,578,1389.672607421875,64.23878911506087,35.56416617694784,
pgame_seed1,pgame,1,leg2_paralysed,top_k,1,5,193,1375.06787109375,578,1389.672607421875,64.23878911506087,35.56416617694784,
pgame_seed1,pgame,1,leg2_paralysed,top_k,1,6,617,1489.323974609375,617,1386.5623779296875,63.63512170583203,35.229961121821916,
pgame_seed1,pgame,1,leg2_paralysed,top_k,1,7,311,1350.1572265625,617,1386.5623779296875,63.63512170583203,35.229961121821916,
pgame_seed1,pgame,1,leg2_paralysed,top_k,1,8,863,1492.109375,863,1420.41064453125,70.20476406102719,38.86707595013517,
pgame_seed1,pgame,1,leg2_paralysed,top_k,1,9,365,1379.4892578125,863,1420.41064453125,70.20476406102719,38.86707595013517,
pgame_seed1,pgame,1,leg2_paralysed,top_k,1,10,810,1404.427001953125,863,1420.41064453125,70.20476406102719,38.86707595013517,
pgame_seed1,pgame,1,leg2_paralysed,top_k,1,11,783,1355.476806640625,863,1420.41064453125,70.20476406102719,38.86707595013517,
pgame_seed1,pgame,1,leg2_paralysed,top_k,1,12,28,1392.351806640625,863,1420.41064453125,70.20476406102719,38.86707595013517,
pgame_seed1,pgame,1,leg2_paralysed,top_k,1,13,157,1408.23095703125,863,1420.41064453125,70.20476406102719,38.86707595013517,
pgame_seed1,pgame,1,leg2_paralysed,top_k,1,14,736,1438.6268310546875,863,1420.41064453125,70.20476406102719,38.86707595013517,
pgame_seed1,pgame,1,leg2_paralysed,top_k,1,15,399,1472.41015625,863,1420.41064453125,70.20476406102719,38.86707595013517,
pgame_seed1,pgame,1,leg2_paralysed,top_k,1,16,276,1502.4371337890625,276,1507.233642578125,87.05632257916551,48.19651126072577,
pgame_seed1,pgame,1,leg2_paralysed,top_k,1,17,414,1493.5423583984375,276,1507.233642578125,87.05632257916551,48.19651126072577,
pgame_seed1,pgame,1,leg2_paralysed,top_k,1,18,693,1415.899169921875,276,1507.233642578125,87.05632257916551,48.19651126072577,
pgame_seed1,pgame,1,leg2_paralysed,top_k,1,19,751,1475.653564453125,276,1507.233642578125,87.05632257916551,48.19651126072577,
pgame_seed1,pgame,1,leg2_paralysed,top_k,1,20,27,1616.9737548828125,27,1463.50537109375,78.56906065095906,43.497755294741204,
pgame_seed1,pgame,1,leg2_paralysed,top_k,2,1,578,1396.199951171875,578,1389.672607421875,64.23878911506087,35.56416617694784,
pgame_seed1,pgame,1,leg2_paralysed,top_k,2,2,243,1464.0166015625,243,1499.5560302734375,85.56616748267633,47.37152492130329,
pgame_seed1,pgame,1,leg2_paralysed,top_k,2,3,61,1380.527099609375,243,1499.5560302734375,85.56616748267633,47.37152492130329,
pgame_seed1,pgame,1,leg2_paralysed,top_k,2,4,128,1403.8692626953125,243,1499.5560302734375,85.56616748267633,47.37152492130329,
pgame_seed1,pgame,1,leg2_paralysed,top_k,2,5,193,1402.4547119140625,243,1499.5560302734375,85.56616748267633,47.37152492130329,
pgame_seed1,pgame,1,leg2_paralysed,top_k,2,6,617,1292.8358154296875,243,1499.5560302734375,85.56616748267633,47.37152492130329,
pgame_seed1,pgame,1,leg2_paralysed,top_k,2,7,311,1431.8697509765625,243,1499.5560302734375,85.56616748267633,47.37152492130329,
pgame_seed1,pgame,1,leg2_paralysed,top_k,2,8,863,1428.3094482421875,243,1499.5560302734375,85.56616748267633,47.37152492130329,
pgame_seed1,pgame,1,leg2_paralysed,top_k,2,9,365,1330.7987060546875,243,1499.5560302734375,85.56616748267633,47.37152492130329,
pgame_seed1,pgame,1,leg2_paralysed,top_k,2,10,810,1385.2283935546875,243,1499.5560302734375,85.56616748267633,47.37152492130329,
pgame_seed1,pgame,1,leg2_paralysed,top_k,2,11,783,1377.56884765625,243,1499.5560302734375,85.56616748267633,47.37152492130329,
pgame_seed1,pgame,1,leg2_paralysed,top_k,2,12,28,1399.0179443359375,243,1499.5560302734375,85.56616748267633,47.37152492130329,
pgame_seed1,pgame,1,leg2_paralysed,top_k,2,13,157,1350.046875,243,1499.5560302734375,85.56616748267633,47.37152492130329,
pgame_seed1,pgame,1,leg2_paralysed,top_k,2,14,736,1544.202392578125,736,1482.5411376953125,82.26373075035676,45.5432151048355,
pgame_seed1,pgame,1,leg2_paralysed,top_k,2,15,399,1492.702880859375,736,1482.5411376953125,82.26373075035676,45.5432151048355,
pgame_seed1,pgame,1,leg2_paralysed,top_k,2,16,276,1510.9635009765625,736,1482.5411376953125,82.26373075035676,45.5432151048355,
pgame_seed1,pgame,1,leg2_paralysed,top_k,2,17,414,1473.1973876953125,736,1482.5411376953125,82.26373075035676,45.5432151048355,
pgame_seed1,pgame,1,leg2_paralysed,top_k,2,18,693,1421.7864990234375,736,1482.5411376953125,82.26373075035676,45.5432151048355,
pgame_seed1,pgame,1,leg2_paralysed,top_k,2,19,751,1429.577880859375,736,1482.5411376953125,82.26373075035676,45.5432151048355,
pgame_seed1,pgame,1,leg2_paralysed,top_k,2,20,27,1425.3651123046875,736,1482.5411376953125,82.26373075035676,45.5432151048355,
pgame_seed1,pgame,1,leg2_paralysed,top_k,3,1,578,1465.525146484375,578,1389.672607421875,64.23878911506087,35.56416617694784,
pgame_seed1,pgame,1,leg2_paralysed,top_k,3,2,243,1562.127197265625,243,1499.5560302734375,85.56616748267633,47.37152492130329,
pgame_seed1,pgame,1,leg2_paralysed,top_k,3,3,61,1409.911865234375,243,1499.5560302734375,85.56616748267633,47.37152492130329,
pgame_seed1,pgame,1,leg2_paralysed,top_k,3,4,128,1363.7392578125,243,1499.5560302734375,85.56616748267633,47.37152492130329,
pgame_seed1,pgame,1,leg2_paralysed,top_k,3,5,193,1375.042724609375,243,1499.5560302734375,85.56616748267633,47.37152492130329,
pgame_seed1,pgame,1,leg2_paralysed,top_k,3,6,617,1399.67822265625,243,1499.5560302734375,85.56616748267633,47.37152492130329,
pgame_seed1,pgame,1,leg2_paralysed,top_k,3,7,311,1431.6435546875,243,1499.5560302734375,85.56616748267633,47.37152492130329,
pgame_seed1,pgame,1,leg2_paralysed,top_k,3,8,863,1473.29931640625,243,1499.5560302734375,85.56616748267633,47.37152492130329,
pgame_seed1,pgame,1,leg2_paralysed,top_k,3,9,365,1373.4207763671875,243,1499.5560302734375,85.56616748267633,47.37152492130329,
pgame_seed1,pgame,1,leg2_paralysed,top_k,3,10,810,1348.46533203125,243,1499.5560302734375,85.56616748267633,47.37152492130329,
pgame_seed1,pgame,1,leg2_paralysed,top_k,3,11,783,1423.060302734375,243,1499.5560302734375,85.56616748267633,47.37152492130329,
pgame_seed1,pgame,1,leg2_paralysed,top_k,3,12,28,1410.03564453125,243,1499.5560302734375,85.56616748267633,47.37152492130329,
pgame_seed1,pgame,1,leg2_paralysed,top_k,3,13,157,1377.2607421875,243,1499.5560302734375,85.56616748267633,47.37152492130329,
pgame_seed1,pgame,1,leg2_paralysed,top_k,3,14,736,1505.622314453125,243,1499.5560302734375,85.56616748267633,47.37152492130329,
pgame_seed1,pgame,1,leg2_paralysed,top_k,3,15,399,1447.7474365234375,243,1499.5560302734375,85.56616748267633,47.37152492130329,
pgame_seed1,pgame,1,leg2_paralysed,top_k,3,16,276,1453.0625,243,1499.5560302734375,85.56616748267633,47.37152492130329,
pgame_seed1,pgame,1,leg2_paralysed,top_k,3,17,414,1490.6988525390625,243,1499.5560302734375,85.56616748267633,47.37152492130329,
pgame_seed1,pgame,1,leg2_paralysed,top_k,3,18,693,1472.0511474609375,243,1499.5560302734375,85.56616748267633,47.37152492130329,
pgame_seed1,pgame,1,leg2_paralysed,top_k,3,19,751,1430.0810546875,243,1499.5560302734375,85.56616748267633,47.37152492130329,
pgame_seed1,pgame,1,leg2_paralysed,top_k,3,20,27,1559.049560546875,243,1499.5560302734375,85.56616748267633,47.37152492130329,
pgame_seed1,pgame,1,leg2_paralysed,top_k,4,1,578,1366.6865234375,578,1389.672607421875,64.23878911506087,35.56416617694784,
pgame_seed1,pgame,1,leg2_paralysed,top_k,4,2,243,1525.457275390625,243,1499.5560302734375,85.56616748267633,47.37152492130329,
pgame_seed1,pgame,1,leg2_paralysed,top_k,4,3,61,1383.582275390625,243,1499.5560302734375,85.56616748267633,47.37152492130329,
pgame_seed1,pgame,1,leg2_paralysed,top_k,4,4,128,1344.383544921875,243,1499.5560302734375,85.56616748267633,47.37152492130329,
pgame_seed1,pgame,1,leg2_paralysed,top_k,4,5,193,1398.0377197265625,243,1499.5560302734375,85.56616748267633,47.37152492130329,
pgame_seed1,pgame,1,leg2_paralysed,top_k,4,6,617,1431.58154296875,243,1499.5560302734375,85.56616748267633,47.37152492130329,
pgame_seed1,pgame,1,leg2_paralysed,top_k,4,7,311,1398.37158203125,243,1499.5560302734375,85.56616748267633,47.37152492130329,
pgame_seed1,pgame,1,leg2_paralysed,top_k,4,8,863,1415.70166015625,243,1499.5560302734375,85.56616748267633,47.37152492130329,
pgame_seed1,pgame,1,leg2_paralysed,top_k,4,9,365,1370.713134765625,243,1499.5560302734375,85.56616748267633,47.37152492130329,
pgame_seed1,pgame,1,leg2_paralysed,top_k,4,10,810,1373.012939453125,243,1499.5560302734375,85.56616748267633,47.37152492130329,
pgame_seed1,pgame,1,leg2_paralysed,top_k,4,11,783,1373.3214111328125,243,1499.5560302734375,85.56616748267633,47.37152492130329,
pgame_seed1,pgame,1,leg2_paralysed,top_k,4,12,28,1362.1044921875,243,1499.5560302734375,85.56616748267633,47.37152492130329,
pgame_seed1,pgame,1,leg2_paralysed,top_k,4,13,157,1400.1756591796875,243,1499.5560302734375,85.56616748267633,47.37152492130329,
pgame_seed1,pgame,1,leg2_paralysed,top_k,4,14,736,1442.496826171875,243,1499.5560302734375,85.56616748267633,47.37152492130329,
pgame_seed1,pgame,1,leg2_paralysed,top_k,4,15,399,1527.249755859375,399,1515.32763671875,88.62729362341085,49.066239287146736,
pgame_seed1,pgame,1,leg2_paralysed,top_k,4,16,276,1550.1044921875,276,1507.233642578125,87.05632257916551,48.19651126072577,
pgame_seed1,pgame,1,leg2_paralysed,top_k,4,17,414,1481.423583984375,276,1507.233642578125,87.05632257916551,48.19651126072577,
pgame_seed1,pgame,1,leg2_paralysed,top_k,4,18,693,1446.8232421875,276,1507.233642578125,87.05632257916551,48.19651126072577,
pgame_seed1,pgame,1,leg2_paralysed,top_k,4,19,751,1447.44775390625,276,1507.233642578125,87.05632257916551,48.19651126072577,
pgame_seed1,pgame,1,leg2_paralysed,top_k,4,20,27,1506.6424560546875,276,1507.233642578125,87.05632257916551,48.19651126072577,
pgame_seed1,pgame,1,leg3_paralysed,ite,0,1,578,1379.3345947265625,578,1359.189208984375,55.97619027261612,32.28861822113925,7
pgame_seed1,pgame,1,leg3_paralysed,ite,0,2,243,1403.749755859375,243,1409.9754638671875,65.43683305630329,37.745779229799204,7
pgame_seed1,pgame,1,leg3_paralysed,ite,0,3,94,1400.646240234375,243,1409.9754638671875,65.43683305630329,37.745779229799204,7
pgame_seed1,pgame,1,leg3_paralysed,ite,0,4,61,1287.274169921875,243,1409.9754638671875,65.43683305630329,37.745779229799204,7
pgame_seed1,pgame,1,leg3_paralysed,ite,0,5,243,1397.2471923828125,243,1409.9754638671875,65.43683305630329,37.745779229799204,7
pgame_seed1,pgame,1,leg3_paralysed,ite,0,6,540,1059.700927734375,243,1409.9754638671875,65.43683305630329,37.745779229799204,7
pgame_seed1,pgame,1,leg3_paralysed,ite,0,7,243,1426.5670166015625,243,1409.9754638671875,65.43683305630329,37.745779229799204,7
pgame_seed1,pgame,1,leg3_paralysed,ite,0,8,243,1450.4859619140625,243,1409.9754638671875,65.43683305630329,37.745779229799204,7
pgame_seed1,pgame,1,leg3_paralysed,ite,0,9,243,1503.12060546875,243,1409.9754638671875,65.43683305630329,37.745779229799204,7
pgame_seed1,pgame,1,leg3_paralysed,ite,0,10,243,1385.673828125,243,1409.9754638671875,65.43683305630329,37.745779229799204,7
pgame_seed1,pgame,1,leg3_paralysed,ite,0,11,243,1333.12744140625,243,1409.9754638671875,65.43683305630329,37.745779229799204,7
pgame_seed1,pgame,1,leg3_paralysed,ite,0,12,243,1366.007080078125,243,1409.9754638671875,65.43683305630329,37.745779229799204,7
pgame_seed1,pgame,1,leg3_paralysed,ite,0,13,94,1355.552001953125,243,1409.9754638671875,65.43683305630329,37.745779229799204,7
pgame_seed1,pgame,1,leg3_paralysed,ite,0,14,243,1422.458984375,243,1409.9754638671875,65.43683305630329,37.745779229799204,7
pgame_seed1,pgame,1,leg3_paralysed,ite,0,15,243,1451.31103515625,243,1409.9754638671875,65.43683305630329,37.745779229799204,7
pgame_seed1,pgame,1,leg3_paralysed,ite,0,16,243,1433.766845703125,243,1409.9754638671875,65.43683305630329,37.745779229799204,7
pgame_seed1,pgame,1,leg3_paralysed,ite,0,17,243,1426.035888671875,243,1409.9754638671875,65.43683305630329,37.745779229799204,7
pgame_seed1,pgame,1,leg3_paralysed,ite,0,18,243,1354.841552734375,243,1409.9754638671875,65.43683305630329,37.745779229799204,7
pgame_seed1,pgame,1,leg3_paralysed,ite,0,19,243,1375.4404296875,243,1409.9754638671875,65.43683305630329,37.745779229799204,7
pgame_seed1,pgame,1,leg3_paralysed,ite,0,20,243,1495.5615234375,243,1409.9754638671875,65.43683305630329,37.745779229799204,7
pgame_seed1,pgame,1,leg3_paralysed,ite,1,1,578,1344.869384765625,578,1359.189208984375,55.97619027261612,32.28861822113925,5
pgame_seed1,pgame,1,leg3_paralysed,ite,1,2,243,1412.850830078125,243,1409.9754638671875,65.43683305630329,37.745779229799204,5
pgame_seed1,pgame,1,leg3_paralysed,ite,1,3,94,1375.598388671875,243,1409.9754638671875,65.43683305630329,37.745779229799204,5
pgame_seed1,pgame,1,leg3_paralysed,ite,1,4,61,1318.7193603515625,243,1409.9754638671875,65.43683305630329,37.745779229799204,5
pgame_seed1,pgame,1,leg3_paralysed,ite,1,5,243,1430.03369140625,243,1409.9754638671875,65.43683305630329,37.745779229799204,5
pgame_seed1,pgame,1,leg3_paralysed,ite,1,6,540,1063.0279541015625,243,1409.9754638671875,65.43683305630329,37.745779229799204,5
pgame_seed1,pgame,1,leg3_paralysed,ite,1,7,243,1437.366943359375,243,1409.9754638671875,65.43683305630329,37.745779229799204,5
pgame_seed1,pgame,1,leg3_paralysed,ite,1,8,243,1262.04638671875,243,1409.9754638671875,65.43683305630329,37.745779229799204,5
pgame_seed1,pgame,1,leg3_paralysed,ite,1,9,401,1568.47509765625,401,1497.127685546875,81.67185646999624,47.11059077311772,5
pgame_seed1,pgame,1,leg3_paralysed,ite,1,10,401,1497.6419677734375,401,1497.127685546875,81.67185646999624,47.11059077311772,5
pgame_seed1,pgame,1,leg3_paralysed,ite,1,11,401,1386.402099609375,401,1497.127685546875,81.67185646999624,47.11059077311772,5
pgame_seed1,pgame,1,leg3_paralysed,ite,1,12,401,1506.280517578125,401,1497.127685546875,81.67185646999624,47.11059077311772,5
pgame_seed1,pgame,1,leg3_paralysed,ite,1,13,401,1532.8115234375,401,1497.127685546875,81.67185646999624,47.11059077311772,5
pgame_seed1,pgame,1,leg3_paralysed,ite,1,14,401,1490.9305419921875,401,1497.127685546875,81.67185646999624,47.11059077311772,5
pgame_seed1,pgame,1,leg3_paralysed,ite,1,15,401,1547.738525390625,401,1497.127685546875,81.67185646999624,47.11059077311772,5
pgame_seed1,pgame,1,leg3_paralysed,ite,1,16,401,1547.048583984375,401,1497.127685546875,81.67185646999624,47.11059077311772,5
pgame_seed1,pgame,1,leg3_paralysed,ite,1,17,401,1399.45751953125,401,1497.127685546875,81.67185646999624,47.11059077311772,5
pgame_seed1,pgame,1,leg3_paralysed,ite,1,18,401,1453.1571044921875,401,1497.127685546875,81.67185646999624,47.11059077311772,5
pgame_seed1,pgame,1,leg3_paralysed,ite,1,19,401,1430.007080078125,401,1497.127685546875,81.67185646999624,47.11059077311772,5
pgame_seed1,pgame,1,leg3_paralysed,ite,1,20,401,1416.120849609375,401,1497.127685546875,81.67185646999624,47.11059077311772,5
pgame_seed1,pgame,1,leg3_paralysed,ite,2,1,578,1435.74951171875,578,1359.189208984375,55.97619027261612,32.28861822113925,5
pgame_seed1,pgame,1,leg3_paralysed,ite,2,2,243,1426.1605224609375,578,1359.189208984375,55.97619027261612,32.28861822113925,5
pgame_seed1,pgame,1,leg3_paralysed,ite,2,3,61,1271.93896484375,578,1359.189208984375,55.97619027261612,32.28861822113925,5
pgame_seed1,pgame,1,leg3_paralysed,ite,2,4,243,1417.4122314453125,578,1359.189208984375,55.97619027261612,32.28861822113925,5
pgame_seed1,pgame,1,leg3_paralysed,ite,2,5,540,1062.8546142578125,578,1359.189208984375,55.97619027261612,32.28861822113925,5
pgame_seed1,pgame,1,leg3_paralysed,ite,2,6,243,1368.7293701171875,578,1359.189208984375,55.97619027261612,32.28861822113925,5
pgame_seed1,pgame,1,leg3_paralysed,ite,2,7,94,1375.4466552734375,578,1359.189208984375,55.97619027261612,32.28861822113925,5
pgame_seed1,pgame,1,leg3_paralysed,ite,2,8,243,1428.037109375,578,1359.189208984375,55.97619027261612,32.28861822113925,5
pgame_seed1,pgame,1,leg3_paralysed,ite,2,9,243,1439.244384765625,243,1409.9754638671875,65.43683305630329,37.745779229799204,5
pgame_seed1,pgame,1,leg3_paralysed,ite,2,10,243,1378.834716796875,243,1409.9754638671875,65.43683305630329,37.745779229799204,5
pgame_seed1,pgame,1,leg3_paralysed,ite,2,11,578,1331.099609375,243,1409.9754638671875,65.43683305630329,37.745779229799204,5
pgame_seed1,pgame,1,leg3_paralysed,ite,2,12,243,1420.456298828125,243,1409.9754638671875,65.43683305630329,37.745779229799204,5
pgame_seed1,pgame,1,leg3_paralysed,ite,2,13,243,1443.821044921875,243,1409.9754638671875,65.43683305630329,37.745779229799204,5
pgame_seed1,pgame,1,leg3_paralysed,ite,2,14,243,1443.77001953125,243,1409.9754638671875,65.43683305630329,37.745779229799204,5
pgame_seed1,pgame,1,leg3_paralysed,ite,2,15,243,1485.66748046875,243,1409.9754638671875,65.43683305630329,37.745779229799204,5
pgame_seed1,pgame,1,leg3_paralysed,ite,2,16,243,1433.1614990234375,243,1409.9754638671875,65.43683305630329,37.745779229799204,5
pgame_seed1,pgame,1,leg3_paralysed,ite,2,17,243,1414.91552734375,243,1409.9754638671875,65.43683305630329,37.745779229799204,5
pgame_seed1,pgame,1,leg3_paralysed,ite,2,18,243,1438.203857421875,243,1409.9754638671875,65.43683305630329,37.745779229799204,5
pgame_seed1,pgame,1,leg3_paralysed,ite,2,19,243,1407.63134765625,243,1409.9754638671875,65.43683305630329,37.745779229799204,5
pgame_seed1,pgame,1,leg3_paralysed,ite,2,20,243,1415.758544921875,243,1409.9754638671875,65.43683305630329,37.745779229799204,5
pgame_seed1,pgame,1,leg3_paralysed,ite,3,1,578,1324.58154296875,578,1359.189208984375,55.97619027261612,32.28861822113925,5
pgame_seed1,pgame,1,leg3_paralysed,ite,3,2,243,1417.4617919921875,243,1409.9754638671875,65.43683305630329,37.745779229799204,5
pgame_seed1,pgame,1,leg3_paralysed,ite,3,3,94,1396.461669921875,243,1409.9754638671875,65.43683305630329,37.745779229799204,5
pgame_seed1,pgame,1,leg3_paralysed,ite,3,4,61,1249.774658203125,243,1409.9754638671875,65.43683305630329,37.745779229799204,5
pgame_seed1,pgame,1,leg3_paralysed,ite,3,5,243,1444.538330078125,243,1409.9754638671875,65.43683305630329,37.745779229799204,5
pgame_seed1,pgame,1,leg3_paralysed,ite,3,6,243,1485.8662109375,243,1409.9754638671875,65.43683305630329,37.745779229799204,5
pgame_seed1,pgame,1,leg3_paralysed,ite,3,7,243,1418.045654296875,243,1409.9754638671875,65.43683305630329,37.745779229799204,5
pgame_seed1,pgame,1,leg3_paralysed,ite,3,8,540,1063.06591796875,243,1409.9754638671875,65.43683305630329,37.745779229799204,5
pgame_seed1,pgame,1,leg3_paralysed,ite,3,9,243,1344.65478515625,243,1409.9754638671875,65.43683305630329,37.745779229799204,5
pgame_seed1,pgame,1,leg3_paralysed,ite,3,10,243,1366.1690673828125,243,1409.9754638671875,65.43683305630329,37.745779229799204,5
pgame_seed1,pgame,1,leg3_paralysed,ite,3,11,243,1428.4063720703125,243,1409.9754638671875,65.43683305630329,37.745779229799204,5
pgame_seed1,pgame,1,leg3_paralysed,ite,3,12,243,1463.97021484375,243,1409.9754638671875,65.43683305630329,37.745779229799204,5
pgame_seed1,pgame,1,leg3_paralysed,ite,3,13,243,1418.2508544921875,243,1409.9754638671875,65.43683305630329,37.745779229799204,5
pgame_seed1,pgame,1,leg3_paralysed,ite,3,14,243,1434.6524658203125,243,1409.9754638671875,65.43683305630329,37.745779229799204,5
pgame_seed1,pgame,1,leg3_paralysed,ite,3,15,243,1369.41015625,243,1409.9754638671875,65.43683305630329,37.745779229799204,5
pgame_seed1,pgame,1,leg3_paralysed,ite,3,16,243,1402.20654296875,243,1409.9754638671875,65.43683305630329,37.745779229799204,5
pgame_seed1,pgame,1,leg3_paralysed,ite,3,17,243,1411.150146484375,243,1409.9754638671875,65.43683305630329,37.745779229799204,5
pgame_seed1,pgame,1,leg3_paralysed,ite,3,18,243,1409.2373046875,243,1409.9754638671875,65.43683305630329,37.745779229799204,5
pgame_seed1,pgame,1,leg3_paralysed,ite,3,19,243,1427.6312255859375,243,1409.9754638671875,65.43683305630329,37.745779229799204,5
pgame_seed1,pgame,1,leg3_paralysed,ite,3,20,243,1452.7200927734375,243,1409.9754638671875,65.43683305630329,37.745779229799204,5
pgame_seed1,pgame,1,leg3_paralysed,ite,4,1,578,1367.685302734375,578,1359.189208984375,55.97619027261612,32.28861822113925,6
pgame_seed1,pgame,1,leg3_paralysed,ite,4,2,243,1366.52734375,578,1359.189208984375,55.97619027261612,32.28861822113925,6
pgame_seed1,pgame,1,leg3_paralysed,ite,4,3,94,1361.848876953125,578,1359.189208984375,55.97619027261612,32.28861822113925,6
pgame_seed1,pgame,1,leg3_paralysed,ite,4,4,61,1298.9970703125,578,1359.189208984375,55.97619027261612,32.28861822113925,6
pgame_seed1,pgame,1,leg3_paralysed,ite,4,5,540,1054.048583984375,578,1359.189208984375,55.97619027261612,32.28861822113925,6
pgame_seed1,pgame,1,leg3_paralysed,ite,4,6,243,1406.869873046875,243,1409.9754638671875,65.43683305630329,37.745779229799204,6
pgame_seed1,pgame,1,leg3_paralysed,ite,4,7,243,1419.83154296875,243,1409.9754638671875,65.43683305630329,37.745779229799204,6
pgame_seed1,pgame,1,leg3_paralysed,ite,4,8,243,1410.60107421875,243,1409.9754638671875,65.43683305630329,37.745779229799204,6
pgame_seed1,pgame,1,leg3_paralysed,ite,4,9,243,1425.37890625,243,1409.9754638671875,65.43683305630329,37.745779229799204,6
pgame_seed1,pgame,1,leg3_paralysed,ite,4,10,243,1397.439208984375,243,1409.9754638671875,65.43683305630329,37.745779229799204,6
pgame_seed1,pgame,1,leg3_paralysed,ite,4,11,243,1403.2537841796875,243,1409.9754638671875,65.43683305630329,37.745779229799204,6
pgame_seed1,pgame,1,leg3_paralysed,ite,4,12,243,1404.6575927734375,243,1409.9754638671875,65.43683305630329,37.745779229799204,6
pgame_seed1,pgame,1,leg3_paralysed,ite,4,13,243,1431.4886474609375,243,1409.9754638671875,65.43683305630329,37.745779229799204,6
pgame_seed1,pgame,1,leg3_paralysed,ite,4,14,243,1322.842529296875,243,1409.9754638671875,65.43683305630329,37.745779229799204,6
pgame_seed1,pgame,1,leg3_paralysed,ite,4,15,243,1452.44921875,243,1409.9754638671875,65.43683305630329,37.745779229799204,6
pgame_seed1,pgame,1,leg3_paralysed,ite,4,16,243,1360.277099609375,243,1409.9754638671875,65.43683305630329,37.745779229799204,6
pgame_seed1,pgame,1,leg3_paralysed,ite,4,17,243,1389.839111328125,243,1409.9754638671875,65.43683305630329,37.745779229799204,6
pgame_seed1,pgame,1,leg3_paralysed,ite,4,18,401,1461.755859375,401,1497.127685546875,81.67185646999624,47.11059077311772,6
pgame_seed1,pgame,1,leg3_paralysed,ite,4,19,401,1493.19189453125,401,1497.127685546875,81.67185646999624,47.11059077311772,6
pgame_seed1,pgame,1,leg3_paralysed,ite,4,20,401,1382.1817626953125,401,1497.127685546875,81.67185646999624,47.11059077311772,6
pgame_seed1,pgame,1,leg3_paralysed,top_k,0,1,578,1346.3543701171875,578,1359.189208984375,55.97619027261612,32.28861822113925,
pgame_seed1,pgame,1,leg3_paralysed,top_k,0,2,243,1407.08837890625,243,1409.9754638671875,65.43683305630329,37.745779229799204,
pgame_seed1,pgame,1,leg3_paralysed,top_k,0,3,61,1303.470703125,243,1409.9754638671875,65.43683305630329,37.745779229799204,
pgame_seed1,pgame,1,leg3_paralysed,top_k,0,4,128,1209.0693359375,243,1409.9754638671875,65.43683305630329,37.745779229799204,
pgame_seed1,pgame,1,leg3_paralysed,top_k,0,5,193,1323.950439453125,243,1409.9754638671875,65.43683305630329,37.745779229799204,
pgame_seed1,pgame,1,leg3_paralysed,top_k,0,6,617,1388.678466796875,243,1409.9754638671875,65.43683305630329,37.745779229799204,
pgame_seed1,pgame,1,leg3_paralysed,top_k,0,7,311,1359.529052734375,243,1409.9754638671875,65.43683305630329,37.745779229799204,
pgame_seed1,pgame,1,leg3_paralysed,top_k,0,8,863,1440.2327880859375,863,1360.348876953125,56.19221731428996,32.41322860709225,
pgame_seed1,pgame,1,leg3_paralysed,top_k,0,9,365,1390.9912109375,863,1360.348876953125,56.19221731428996,32.41322860709225,
pgame_seed1,pgame,1,leg3_paralysed,top_k,0,10,810,1427.1654052734375,863,1360.348876953125,56.19221731428996,32.41322860709225,
pgame_seed1,pgame,1,leg3_paralysed,top_k,0,11,783,1391.974853515625,863,1360.348876953125,56.19221731428996,32.41322860709225,
pgame_seed1,pgame,1,leg3_paralysed,top_k,0,12,28,1304.457275390625,863,1360.348876953125,56.19221731428996,32.41322860709225,
pgame_seed1,pgame,1,leg3_paralysed,top_k,0,13,157,1388.581298828125,863,1360.348876953125,56.19221731428996,32.41322860709225,
pgame_seed1,pgame,1,leg3_paralysed,top_k,0,14,736,1561.419677734375,736,1537.458740234375,89.18486766501782,51.44430389267367,
pgame_seed1,pgame,1,leg3_paralysed,top_k,0,15,399,1506.08740234375,736,1537.458740234375,89.18486766501782,51.44430389267367,
pgame_seed1,pgame,1,leg3_paralysed,top_k,0,16,276,1369.04296875,736,1537.458740234375,89.18486766501782,51.44430389267367,
pgame_seed1,pgame,1,leg3_paralysed,top_k,0,17,414,1277.68994140625,736,1537.458740234375,89.18486766501782,51.44430389267367,
pgame_seed1,pgame,1,leg3_paralysed,top_k,0,18,693,1326.942138671875,736,1537.458740234375,89.18486766501782,51.44430389267367,
pgame_seed1,pgame,1,leg3_paralysed,top_k,0,19,751,1371.4332275390625,736,1537.458740234375,89.18486766501782,51.44430389267367,
pgame_seed1,pgame,1,leg3_paralysed,top_k,0,20,27,1509.2474365234375,736,1537.458740234375,89.18486766501782,51.44430389267367,
pgame_seed1,pgame,1,leg3_paralysed,top_k,1,1,578,1284.885498046875,578,1359.189208984375,55.97619027261612,32.28861822113925,
pgame_seed1,pgame,1,leg3_paralysed,top_k,1,2,243,1426.7607421875,243,1409.9754638671875,65.43683305630329,37.745779229799204,
pgame_seed1,pgame,1,leg3_paralysed,top_k,1,3,61,1265.441162109375,243,1409.9754638671875,65.43683305630329,37.745779229799204,
pgame_seed1,pgame,1,leg3_paralysed,top_k,1,4,128,1296.177734375,243,1409.9754638671875,65.43683305630329,37.745779229799204,
pgame_seed1,pgame,1,leg3_paralysed,top_k,1,5,193,1361.324462890625,243,1409.9754638671875,65.43683305630329,37.745779229799204,
pgame_seed1,pgame,1,leg3_paralysed,top_k,1,6,617,1334.608642578125,243,1409.9754638671875,65.43683305630329,37.745779229799204,
pgame_seed1,pgame,1,leg3_paralysed,top_k,1,7,311,1363.93310546875,243,1409.9754638671875,65.43683305630329,37.745779229799204,
pgame_seed1,pgame,1,leg3_paralysed,top_k,1,8,863,1399.986572265625,243,1409.9754638671875,65.43683305630329,37.745779229799204,
pgame_seed1,pgame,1,leg3_paralysed,top_k,1,9,365,1335.2838134765625,243,1409.9754638671875,65.43683305630329,37.745779229799204,
pgame_seed1,pgame,1,leg3_paralysed,top_k,1,10,810,1346.406982421875,243,1409.9754638671875,65.43683305630329,37.745779229799204,
pgame_seed1,pgame,1,leg3_paralysed,top_k,1,11,783,1354.111328125,243,1409.9754638671875,65.43683305630329,37.745779229799204,
pgame_seed1,pgame,1,leg3_paralysed,top_k,1,12,28,1248.664306640625,243,1409.9754638671875,65.43683305630329,37.745779229799204,
pgame_seed1,pgame,1,leg3_paralysed,top_k,1,13,157,1329.8001708984375,243,1409.9754638671875,65.43683305630329,37.745779229799204,
pgame_seed1,pgame,1,leg3_paralysed,top_k,1,14,736,1506.65771484375,736,1537.458740234375,89.18486766501782,51.44430389267367,
pgame_seed1,pgame,1,leg3_paralysed,top_k,1,15,399,1502.993896484375,736,1537.458740234375,89.18486766501782,51.44430389267367,
pgame_seed1,pgame,1,leg3_paralysed,top_k,1,16,276,1380.1712646484375,736,1537.458740234375,89.18486766501782,51.44430389267367,
pgame_seed1,pgame,1,leg3_paralysed,top_k,1,17,414,1351.1478271484375,736,1537.458740234375,89.18486766501782,51.44430389267367,
pgame_seed1,pgame,1,leg3_paralysed,top_k,1,18,693,1246.422607421875,736,1537.458740234375,89.18486766501782,51.44430389267367,
pgame_seed1,pgame,1,leg3_paralysed,top_k,1,19,751,1406.33984375,736,1537.458740234375,89.18486766501782,51.44430389267367,
pgame_seed1,pgame,1,leg3_paralysed,top_k,1,20,27,1552.384033203125,27,1486.7928466796875,79.74664621428754,46.00007613038737,
pgame_seed1,pgame,1,leg3_paralysed,top_k,2,1,578,1356.252197265625,578,1359.189208984375,55.97619027261612,32.28861822113925,
pgame_seed1,pgame,1,leg3_paralysed,top_k,2,2,243,1432.38623046875,243,1409.9754638671875,65.43683305630329,37.745779229799204,
pgame_seed1,pgame,1,leg3_paralysed,top_k,2,3,61,1296.421630859375,243,1409.9754638671875,65.43683305630329,37.745779229799204,
pgame_seed1,pgame,1,leg3_paralysed,top_k,2,4,128,1213.7257080078125,243,1409.9754638671875,65.43683305630329,37.745779229799204,
pgame_seed1,pgame,1,leg3_paralysed,top_k,2,5,193,1367.02587890625,243,1409.9754638671875,65.43683305630329,37.745779229799204,
pgame_seed1,pgame,1,leg3_paralysed,top_k,2,6,617,1307.5841064453125,243,1409.9754638671875,65.43683305630329,37.745779229799204,
pgame_seed1,pgame,1,leg3_paralysed,top_k,2,7,311,1341.7803955078125,243,1409.9754638671875,65.43683305630329,37.745779229799204,
pgame_seed1,pgame,1,leg3_paralysed,top_k,2,8,863,1389.54052734375,243,1409.9754638671875,65.43683305630329,37.745779229799204,
pgame_seed1,pgame,1,leg3_paralysed,top_k,2,9,365,1356.260986328125,243,1409.9754638671875,65.43683305630329,37.745779229799204,
pgame_seed1,pgame,1,leg3_paralysed,top_k,2,10,810,1331.26611328125,243,1409.9754638671875,65.43683305630329,37.745779229799204,
pgame_seed1,pgame,1,leg3_paralysed,top_k,2,11,783,1477.06884765625,783,1415.041259765625,66.38050739340042,38.290116746290074,
pgame_seed1,pgame,1,leg3_paralysed,top_k,2,12,28,1270.30908203125,783,1415.041259765625,66.38050739340042,38.290116746290074,
pgame_seed1,pgame,1,leg3_paralysed,top_k,2,13,157,1367.6748046875,783,1415.041259765625,66.38050739340042,38.290116746290074,
pgame_seed1,pgame,1,leg3_paralysed,top_k,2,14,736,1528.3524169921875,736,1537.458740234375,89.18486766501782,51.44430389267367,
pgame_seed1,pgame,1,leg3_paralysed,top_k,2,15,399,1511.78564453125,736,1537.458740234375,89.18486766501782,51.44430389267367,
pgame_seed1,pgame,1,leg3_paralysed,top_k,2,16,276,1390.933349609375,736,1537.458740234375,89.18486766501782,51.44430389267367,
pgame_seed1,pgame,1,leg3_paralysed,top_k,2,17,414,1302.8673095703125,736,1537.458740234375,89.18486766501782,51.44430389267367,
pgame_seed1,pgame,1,leg3_paralysed,top_k,2,18,693,1317.80029296875,736,1537.458740234375,89.18486766501782,51.44430389267367,
pgame_seed1,pgame,1,leg3_paralysed,top_k,2,19,751,1387.6533203125,736,1537.458740234375,89.18486766501782,51.44430389267367,
pgame_seed1,pgame,1,leg3_paralysed,top_k,2,20,27,1475.3150634765625,736,1537.458740234375,89.18486766501782,51.44430389267367,
pgame_seed1,pgame,1,leg3_paralysed,top_k,3,1,578,1367.8701171875,578,1359.189208984375,55.97619027261612,32.28861822113925,
pgame_seed1,pgame,1,leg3_paralysed,top_k,3,2,243,1397.792724609375,243,1409.9754638671875,65.43683305630329,37.745779229799204,
pgame_seed1,pgame,1,leg3_paralysed,top_k,3,3,61,1229.667236328125,243,1409.9754638671875,65.43683305630329,37.745779229799204,
pgame_seed1,pgame,1,leg3_paralysed,top_k,3,4,128,1321.900146484375,243,1409.9754638671875,65.43683305630329,37.745779229799204,
pgame_seed1,pgame,1,leg3_paralysed,top_k,3,5,193,1340.8809814453125,243,1409.9754638671875,65.43683305630329,37.745779229799204,
pgame_seed1,pgame,1,leg3_paralysed,top_k,3,6,617,1366.466552734375,243,1409.9754638671875,65.43683305630329,37.745779229799204,
pgame_seed1,pgame,1,leg3_paralysed,top_k,3,7,311,1325.9498291015625,243,1409.9754638671875,65.43683305630329,37.745779229799204,
pgame_seed1,pgame,1,leg3_paralysed,top_k,3,8,863,1391.5791015625,243,1409.9754638671875,65.43683305630329,37.745779229799204,
pgame_seed1,pgame,1,leg3_paralysed,top_k,3,9,365,1327.72607421875,243,1409.9754638671875,65.43683305630329,37.745779229799204,
pgame_seed1,pgame,1,leg3_paralysed,top_k,3,10,810,1411.86328125,810,1383.952392578125,60.58916350145361,34.94950905213129,
pgame_seed1,pgame,1,leg3_paralysed,top_k,3,11,783,1451.0380859375,783,1415.041259765625,66.38050739340042,38.290116746290074,
pgame_seed1,pgame,1,leg3_paralysed,top_k,3,12,28,1297.1763916015625,783,1415.041259765625,66.38050739340042,38.290116746290074,
pgame_seed1,pgame,1,leg3_paralysed,top_k,3,13,157,1329.37890625,783,1415.041259765625,66.38050739340042,38.290116746290074,
pgame_seed1,pgame,1,leg3_paralysed,top_k,3,14,736,1492.45751953125,736,1537.458740234375,89.18486766501782,51.44430389267367,
pgame_seed1,pgame,1,leg3_paralysed,top_k,3,15,399,1522.003662109375,399,1491.2806396484375,80.58264812587672,46.48230520714272,
pgame_seed1,pgame,1,leg3_paralysed,top_k,3,16,276,1418.36376953125,399,1491.2806396484375,80.58264812587672,46.48230520714272,
pgame_seed1,pgame,1,leg3_paralysed,top_k,3,17,414,1334.397216796875,399,1491.2806396484375,80.58264812587672,46.48230520714272,
pgame_seed1,pgame,1,leg3_paralysed,top_k,3,18,693,1303.213134765625,399,1491.2806396484375,80.58264812587672,46.48230520714272,
pgame_seed1,pgame,1,leg3_paralysed,top_k,3,19,751,1361.96826171875,399,1491.2806396484375,80.58264812587672,46.48230520714272,
pgame_seed1,pgame,1,leg3_paralysed,top_k,3,20,27,1518.369140625,399,1491.2806396484375,80.58264812587672,46.48230520714272,
pgame_seed1,pgame,1,leg3_paralysed,top_k,4,1,578,1410.4959716796875,578,1359.189208984375,55.97619027261612,32.28861822113925,
pgame_seed1,pgame,1,leg3_paralysed,top_k,4,2,243,1443.899658203125,243,1409.9754638671875,65.43683305630329,37.745779229799204,
pgame_seed1,pgame,1,leg3_paralysed,top_k,4,3,61,1310.5498046875,243,1409.9754638671875,65.43683305630329,37.745779229799204,
pgame_seed1,pgame,1,leg3_paralysed,top_k,4,4,128,1245.57421875,243,1409.9754638671875,65.43683305630329,37.745779229799204,
pgame_seed1,pgame,1,leg3_paralysed,top_k,4,5,193,1370.38134765625,243,1409.9754638671875,65.43683305630329,37.745779229799204,
pgame_seed1,pgame,1,leg3_paralysed,top_k,4,6,617,1330.385009765625,243,1409.9754638671875,65.43683305630329,37.745779229799204,
pgame_seed1,pgame,1,leg3_paralysed,top_k,4,7,311,1344.20068359375,243,1409.9754638671875,65.43683305630329,37.745779229799204,
pgame_seed1,pgame,1,leg3_paralysed,top_k,4,8,863,1365.3988037109375,243,1409.9754638671875,65.43683305630329,37.745779229799204,
pgame_seed1,pgame,1,leg3_paralysed,top_k,4,9,365,1305.1434326171875,243,1409.9754638671875,65.43683305630329,37.745779229799204,
pgame_seed1,pgame,1,leg3_paralysed,top_k,4,10,810,1382.1143798828125,243,1409.9754638671875,65.43683305630329,37.745779229799204,
pgame_seed1,pgame,1,leg3_paralysed,top_k,4,11,783,1385.994384765625,243,1409.9754638671875,65.43683305630329,37.745779229799204,
pgame_seed1,pgame,1,leg3_paralysed,top_k,4,12,28,1263.876953125,243,1409.9754638671875,65.43683305630329,37.745779229799204,
pgame_seed1,pgame,1,leg3_paralysed,top_k,4,13,157,1351.05908203125,243,1409.9754638671875,65.43683305630329,37.745779229799204,
pgame_seed1,pgame,1,leg3_paralysed,top_k,4,14,736,1485.152099609375,736,1537.458740234375,89.18486766501782,51.44430389267367,
pgame_seed1,pgame,1,leg3_paralysed,top_k,4,15,399,1527.224609375,399,1491.2806396484375,80.58264812587672,46.48230520714272,
pgame_seed1,pgame,1,leg3_paralysed,top_k,4,16,276,1441.1436767578125,399,1491.2806396484375,80.58264812587672,46.48230520714272,
pgame_seed1,pgame,1,leg3_paralysed,top_k,4,17,414,1285.7755126953125,399,1491.2806396484375,80.58264812587672,46.48230520714272,
pgame_seed1,pgame,1,leg3_paralysed,top_k,4,18,693,1289.1162109375,399,1491.2806396484375,80.58264812587672,46.48230520714272,
pgame_seed1,pgame,1,leg3_paralysed,top_k,4,19,751,1397.698486328125,399,1491.2806396484375,80.58264812587672,46.48230520714272,
pgame_seed1,pgame,1,leg3_paralysed,top_k,4,20,27,1523.5316162109375,399,1491.2806396484375,80.58264812587672,46.48230520714272,
pgame_seed1,pgame,1,leg4_paralysed,ite,0,1,578,1366.376708984375,578,1346.8468017578125,99.00138765594353,30.962383325000175,5
pgame_seed1,pgame,1,leg4_paralysed,ite,0,2,243,1194.207763671875,578,1346.8468017578125,99.00138765594353,30.962383325000175,5
pgame_seed1,pgame,1,leg4_paralysed,ite,0,3,94,1079.840087890625,578,1346.8468017578125,99.00138765594353,30.962383325000175,5
pgame_seed1,pgame,1,leg4_paralysed,ite,0,4,540,1312.679931640625,578,1346.8468017578125,99.00138765594353,30.962383325000175,5
pgame_seed1,pgame,1,leg4_paralysed,ite,0,5,578,1354.151611328125,578,1346.8468017578125,99.00138765594353,30.962383325000175,5
pgame_seed1,pgame,1,leg4_paralysed,ite,0,6,578,1294.1944580078125,578,1346.8468017578125,99.00138765594353,30.962383325000175,5
pgame_seed1,pgame,1,leg4_paralysed,ite,0,7,401,1117.8416748046875,578,1346.8468017578125,99.00138765594353,30.962383325000175,5
pgame_seed1,pgame,1,leg4_paralysed,ite,0,8,130,1242.03466796875,578,1346.8468017578125,99.00138765594353,30.962383325000175,5
pgame_seed1,pgame,1,leg4_paralysed,ite,0,9,578,1337.335693359375,578,1346.8468017578125,99.00138765594353,30.962383325000175,5
pgame_seed1,pgame,1,leg4_paralysed,ite,0,10,578,1333.3729248046875,578,1346.8468017578125,99.00138765594353,30.962383325000175,5
pgame_seed1,pgame,1,leg4_paralysed,ite,0,11,578,1317.414794921875,578,1346.8468017578125,99.00138765594353,30.962383325000175,5
pgame_seed1,pgame,1,leg4_paralysed,ite,0,12,578,1339.498779296875,578,1346.8468017578125,99.00138765594353,30.962383325000175,5
pgame_seed1,pgame,1,leg4_paralysed,ite,0,13,578,1316.36181640625,578,1346.8468017578125,99.00138765594353,30.962383325000175,5
pgame_seed1,pgame,1,leg4_paralysed,ite,0,14,578,1346.0552978515625,578,1346.8468017578125,99.00138765594353,30.962383325000175,5
pgame_seed1,pgame,1,leg4_paralysed,ite,0,15,578,1371.252197265625,578,1346.8468017578125,99.00138765594353,30.962383325000175,5
pgame_seed1,pgame,1,leg4_paralysed,ite,0,16,578,1340.733642578125,578,1346.8468017578125,99.00138765594353,30.962383325000175,5
pgame_seed1,pgame,1,leg4_paralysed,ite,0,17,578,1307.7806396484375,578,1346.8468017578125,99.00138765594353,30.962383325000175,5
pgame_seed1,pgame,1,leg4_paralysed,ite,0,18,578,1365.760498046875,578,1346.8468017578125,99.00138765594353,30.962383325000175,5
pgame_seed1,pgame,1,leg4_paralysed,ite,0,19,578,1359.94921875,578,1346.8468017578125,99.00138765594353,30.962383325000175,5
pgame_seed1,pgame,1,leg4_paralysed,ite,0,20,578,1345.0745849609375,578,1346.8468017578125,99.00138765594353,30.962383325000175,5
pgame_seed1,pgame,1,leg4_paralysed,ite,1,1,578,1340.632080078125,578,1346.8468017578125,99.00138765594353,30.962383325000175,5
pgame_seed1,pgame,1,leg4_paralysed,ite,1,2,243,1210.7799072265625,578,1346.8468017578125,99.00138765594353,30.962383325000175,5
pgame_seed1,pgame,1,leg4_paralysed,ite,1,3,94,1080.458251953125,578,1346.8468017578125,99.00138765594353,30.962383325000175,5
pgame_seed1,pgame,1,leg4_paralysed,ite,1,4,540,1271.297607421875,578,1346.8468017578125,99.00138765594353,30.962383325000175,5
pgame_seed1,pgame,1,leg4_paralysed,ite,1,5,578,1370.445556640625,578,1346.8468017578125,99.00138765594353,30.962383325000175,5
pgame_seed1,pgame,1,leg4_paralysed,ite,1,6,401,1110.09033203125,578,1346.8468017578125,99.00138765594353,30.962383325000175,5
pgame_seed1,pgame,1,leg4_paralysed,ite,1,7,578,1383.7457275390625,578,1346.8468017578125,99.00138765594353,30.962383325000175,5
pgame_seed1,pgame,1,leg4_paralysed,ite,1,8,578,1362.888671875,578,1346.8468017578125,99.00138765594353,30.962383325000175,5
pgame_seed1,pgame,1,leg4_paralysed,ite,1,9,578,1342.969970703125,578,1346.8468017578125,99.00138765594353,30.962383325000175,5
pgame_seed1,pgame,1,leg4_paralysed,ite,1,10,578,1363.803466796875,578,1346.8468017578125,99.00138765594353,30.962383325000175,5
pgame_seed1,pgame,1,leg4_paralysed,ite,1,11,578,1361.041259765625,578,1346.8468017578125,99.00138765594353,30.962383325000175,5
pgame_seed1,pgame,1,leg4_paralysed,ite,1,12,578,1274.491455078125,578,1346.8468017578125,99.00138765594353,30.962383325000175,5
pgame_seed1,pgame,1,leg4_paralysed,ite,1,13,578,1333.298828125,578,1346.8468017578125,99.00138765594353,30.962383325000175,5
pgame_seed1,pgame,1,leg4_paralysed,ite,1,14,578,1353.498291015625,578,1346.8468017578125,99.00138765594353,30.962383325000175,5
pgame_seed1,pgame,1,leg4_paralysed,ite,1,15,578,1324.7882080078125,578,1346.8468017578125,99.00138765594353,30.962383325000175,5
pgame_seed1,pgame,1,leg4_paralysed,ite,1,16,578,1303.5228271484375,578,1346.8468017578125,99.00138765594353,30.962383325000175,5
pgame_seed1,pgame,1,leg4_paralysed,ite,1,17,578,1333.5615234375,578,1346.8468017578125,99.00138765594353,30.962383325000175,5
pgame_seed1,pgame,1,leg4_paralysed,ite,1,18,578,1325.3153076171875,578,1346.8468017578125,99.00138765594353,30.962383325000175,5
pgame_seed1,pgame,1,leg4_paralysed,ite,1,19,578,1347.365478515625,578,1346.8468017578125,99.00138765594353,30.962383325000175,5
pgame_seed1,pgame,1,leg4_paralysed,ite,1,20,578,1290.975341796875,578,1346.8468017578125,99.00138765594353,30.962383325000175,5
pgame_seed1,pgame,1,leg4_paralysed,ite,2,1,578,1353.88720703125,578,1346.8468017578125,99.00138765594353,30.962383325000175,6
pgame_seed1,pgame,1,leg4_paralysed,ite,2,2,243,1227.22509765625,578,1346.8468017578125,99.00138765594353,30.962383325000175,6
pgame_seed1,pgame,1,leg4_paralysed,ite,2,3,94,1075.87109375,578,1346.8468017578125,99.00138765594353,30.962383325000175,6
pgame_seed1,pgame,1,leg4_paralysed,ite,2,4,540,1205.35986328125,578,1346.8468017578125,99.00138765594353,30.962383325000175,6
pgame_seed1,pgame,1,leg4_paralysed,ite,2,5,578,1340.9046630859375,578,1346.8468017578125,99.00138765594353,30.962383325000175,6
pgame_seed1,pgame,1,leg4_paralysed,ite,2,6,401,1084.345947265625,578,1346.8468017578125,99.00138765594353,30.962383325000175,6
pgame_seed1,pgame,1,leg4_paralysed,ite,2,7,578,1312.84814453125,578,1346.8468017578125,99.00138765594353,30.962383325000175,6
pgame_seed1,pgame,1,leg4_paralysed,ite,2,8,578,1363.361328125,578,1346.8468017578125,99.00138765594353,30.962383325000175,6
pgame_seed1,pgame,1,leg4_paralysed,ite,2,9,578,1313.136962890625,578,1346.8468017578125,99.00138765594353,30.962383325000175,6
pgame_seed1,pgame,1,leg4_paralysed,ite,2,10,578,1356.669189453125,578,1346.8468017578125,99.00138765594353,30.962383325000175,6
pgame_seed1,pgame,1,leg4_paralysed,ite,2,11,578,1334.4935302734375,578,1346.8468017578125,99.00138765594353,30.962383325000175,6
pgame_seed1,pgame,1,leg4_paralysed,ite,2,12,578,1367.796630859375,578,1346.8468017578125,99.00138765594353,30.962383325000175,6
pgame_seed1,pgame,1,leg4_paralysed,ite,2,13,578,1324.6802978515625,578,1346.8468017578125,99.00138765594353,30.962383325000175,6
pgame_seed1,pgame,1,leg4_paralysed,ite,2,14,578,1349.5933837890625,578,1346.8468017578125,99.00138765594353,30.962383325000175,6
pgame_seed1,pgame,1,leg4_paralysed,ite,2,15,578,1334.22705078125,578,1346.8468017578125,99.00138765594353,30.962383325000175,6
pgame_seed1,pgame,1,leg4_paralysed,ite,2,16,578,1304.231201171875,578,1346.8468017578125,99.00138765594353,30.962383325000175,6
pgame_seed1,pgame,1,leg4_paralysed,ite,2,17,578,1318.8702392578125,578,1346.8468017578125,99.00138765594353,30.962383325000175,6
pgame_seed1,pgame,1,leg4_paralysed,ite,2,18,578,1339.7286376953125,578,1346.8468017578125,99.00138765594353,30.962383325000175,6
pgame_seed1,pgame,1,leg4_paralysed,ite,2,19,578,1323.03271484375,578,1346.8468017578125,99.00138765594353,30.962383325000175,6
pgame_seed1,pgame,1,leg4_paralysed,ite,2,20,578,1337.669189453125,578,1346.8468017578125,99.00138765594353,30.962383325000175,6
pgame_seed1,pgame,1,leg4_paralysed,ite,3,1,578,1370.2623291015625,578,1346.8468017578125,99.00138765594353,30.962383325000175,4
pgame_seed1,pgame,1,leg4_paralysed,ite,3,2,243,1183.397705078125,578,1346.8468017578125,99.00138765594353,30.962383325000175,4
pgame_seed1,pgame,1,leg4_paralysed,ite,3,3,94,1074.9207763671875,578,1346.8468017578125,99.00138765594353,30.962383325000175,4
pgame_seed1,pgame,1,leg4_paralysed,ite,3,4,540,1248.41357421875,578,1346.8468017578125,99.00138765594353,30.962383325000175,4
pgame_seed1,pgame,1,leg4_paralysed,ite,3,5,578,1297.7659912109375,578,1346.8468017578125,99.00138765594353,30.962383325000175,4
pgame_seed1,pgame,1,leg4_paralysed,ite,3,6,401,1083.09912109375,578,1346.8468017578125,99.00138765594353,30.962383325000175,4
pgame_seed1,pgame,1,leg4_paralysed,ite,3,7,578,1316.88623046875,578,1346.8468017578125,99.00138765594353,30.962383325000175,4
pgame_seed1,pgame,1,leg4_paralysed,ite,3,8,578,1354.89404296875,578,1346.8468017578125,99.00138765594353,30.962383325000175,4
pgame_seed1,pgame,1,leg4_paralysed,ite,3,9,578,1356.420166015625,578,1346.8468017578125,99.00138765594353,30.962383325000175,4
pgame_seed1,pgame,1,leg4_paralysed,ite,3,10,578,1344.7694091796875,578,1346.8468017578125,99.00138765594353,30.962383325000175,4
pgame_seed1,pgame,1,leg4_paralysed,ite,3,11,578,1359.96533203125,578,1346.8468017578125,99.00138765594353,30.962383325000175,4
pgame_seed1,pgame,1,leg4_paralysed,ite,3,12,578,1368.3465576171875,578,1346.8468017578125,99.00138765594353,30.962383325000175,4
pgame_seed1,pgame,1,leg4_paralysed,ite,3,13,578,1362.779541015625,578,1346.8468017578125,99.00138765594353,30.962383325000175,4
pgame_seed1,pgame,1,leg4_paralysed,ite,3,14,578,1346.612060546875,578,1346.8468017578125,99.00138765594353,30.962383325000175,4
pgame_seed1,pgame,1,leg4_paralysed,ite,3,15,578,1357.113037109375,578,1346.8468017578125,99.00138765594353,30.962383325000175,4
pgame_seed1,pgame,1,leg4_paralysed,ite,3,16,578,1368.9298095703125,578,1346.8468017578125,99.00138765594353,30.962383325000175,4
pgame_seed1,pgame,1,leg4_paralysed,ite,3,17,578,1299.91552734375,578,1346.8468017578125,99.00138765594353,30.962383325000175,4
pgame_seed1,pgame,1,leg4_paralysed,ite,3,18,578,1358.0545654296875,578,1346.8468017578125,99.00138765594353,30.962383325000175,4
pgame_seed1,pgame,1,leg4_paralysed,ite,3,19,578,1332.388916015625,578,1346.8468017578125,99.00138765594353,30.962383325000175,4
pgame_seed1,pgame,1,leg4_paralysed,ite,3,20,578,1347.0072021484375,578,1346.8468017578125,99.00138765594353,30.962383325000175,4
pgame_seed1,pgame,1,leg4_paralysed,ite,4,1,578,1355.9017333984375,578,1346.8468017578125,99.00138765594353,30.962383325000175,5
pgame_seed1,pgame,1,leg4_paralysed,ite,4,2,243,1151.2841796875,578,1346.8468017578125,99.00138765594353,30.962383325000175,5
pgame_seed1,pgame,1,leg4_paralysed,ite,4,3,94,1074.722412109375,578,1346.8468017578125,99.00138765594353,30.962383325000175,5
pgame_seed1,pgame,1,leg4_paralysed,ite,4,4,130,1220.491943359375,578,1346.8468017578125,99.00138765594353,30.962383325000175,5
pgame_seed1,pgame,1,leg4_paralysed,ite,4,5,578,1350.2265625,578,1346.8468017578125,99.00138765594353,30.962383325000175,5
pgame_seed1,pgame,1,leg4_paralysed,ite,4,6,578,1309.1875,578,1346.8468017578125,99.00138765594353,30.962383325000175,5
pgame_seed1,pgame,1,leg4_paralysed,ite,4,7,61,1272.498779296875,578,1346.8468017578125,99.00138765594353,30.962383325000175,5
pgame_seed1,pgame,1,leg4_paralysed,ite,4,8,578,1344.091552734375,578,1346.8468017578125,99.00138765594353,30.962383325000175,5
pgame_seed1,pgame,1,leg4_paralysed,ite,4,9,578,1298.877685546875,578,1346.8468017578125,99.00138765594353,30.962383325000175,5
pgame_seed1,pgame,1,leg4_paralysed,ite,4,10,401,1091.248046875,578,1346.8468017578125,99.00138765594353,30.962383325000175,5
pgame_seed1,pgame,1,leg4_paralysed,ite,4,11,365,1171.5146484375,578,1346.8468017578125,99.00138765594353,30.962383325000175,5
pgame_seed1,pgame,1,leg4_paralysed,ite,4,12,578,1346.69873046875,578,1346.8468017578125,99.00138765594353,30.962383325000175,5
pgame_seed1,pgame,1,leg4_paralysed,ite,4,13,578,1344.620849609375,578,1346.8468017578125,99.00138765594353,30.962383325000175,5
pgame_seed1,pgame,1,leg4_paralysed,ite,4,14,578,1322.611328125,578,1346.8468017578125,99.00138765594353,30.962383325000175,5
pgame_seed1,pgame,1,leg4_paralysed,ite,4,15,578,1310.825927734375,578,1346.8468017578125,99.00138765594353,30.962383325000175,5
pgame_seed1,pgame,1,leg4_paralysed,ite,4,16,578,1276.05810546875,578,1346.8468017578125,99.00138765594353,30.962383325000175,5
pgame_seed1,pgame,1,leg4_paralysed,ite,4,17,578,1373.5843505859375,578,1346.8468017578125,99.00138765594353,30.962383325000175,5
pgame_seed1,pgame,1,leg4_paralysed,ite,4,18,578,1356.333984375,578,1346.8468017578125,99.00138765594353,30.962383325000175,5
pgame_seed1,pgame,1,leg4_paralysed,ite,4,19,578,1318.2852783203125,578,1346.8468017578125,99.00138765594353,30.962383325000175,5
pgame_seed1,pgame,1,leg4_paralysed,ite,4,20,578,1372.3262939453125,578,1346.8468017578125,99.00138765594353,30.962383325000175,5
pgame_seed1,pgame,1,leg4_paralysed,top_k,0,1,578,1317.4503173828125,578,1346.8468017578125,99.00138765594353,30.962383325000175,
pgame_seed1,pgame,1,leg4_paralysed,top_k,0,2,243,1127.60107421875,578,1346.8468017578125,99.00138765594353,30.962383325000175,
pgame_seed1,pgame,1,leg4_paralysed,top_k,0,3,61,1256.56640625,578,1346.8468017578125,99.00138765594353,30.962383325000175,
pgame_seed1,pgame,1,leg4_paralysed,top_k,0,4,128,1264.8603515625,578,1346.8468017578125,99.00138765594353,30.962383325000175,
pgame_seed1,pgame,1,leg4_paralysed,top_k,0,5,193,1283.2716064453125,578,1346.8468017578125,99.00138765594353,30.962383325000175,
pgame_seed1,pgame,1,leg4_paralysed,top_k,0,6,617,1313.650634765625,578,1346.8468017578125,99.00138765594353,30.962383325000175,
pgame_seed1,pgame,1,leg4_paralysed,top_k,0,7,311,1330.9693603515625,311,1253.748779296875,67.01479833608786,20.95867465757656,
pgame_seed1,pgame,1,leg4_paralysed,top_k,0,8,863,1245.750244140625,311,1253.748779296875,67.01479833608786,20.95867465757656,
pgame_seed1,pgame,1,leg4_paralysed,top_k,0,9,365,1124.92529296875,311,1253.748779296875,67.01479833608786,20.95867465757656,
pgame_seed1,pgame,1,leg4_paralysed,top_k,0,10,810,1319.61328125,311,1253.748779296875,67.01479833608786,20.95867465757656,
pgame_seed1,pgame,1,leg4_paralysed,top_k,0,11,783,1285.488525390625,311,1253.748779296875,67.01479833608786,20.95867465757656,
pgame_seed1,pgame,1,leg4_paralysed,top_k,0,12,28,1307.193115234375,311,1253.748779296875,67.01479833608786,20.95867465757656,
pgame_seed1,pgame,1,leg4_paralysed,top_k,0,13,157,1252.624755859375,311,1253.748779296875,67.01479833608786,20.95867465757656,
pgame_seed1,pgame,1,leg4_paralysed,top_k,0,14,736,1222.893798828125,311,1253.748779296875,67.01479833608786,20.95867465757656,
pgame_seed1,pgame,1,leg4_paralysed,top_k,0,15,399,1170.81201171875,311,1253.748779296875,67.01479833608786,20.95867465757656,
pgame_seed1,pgame,1,leg4_paralysed,top_k,0,16,276,1025.7900390625,311,1253.748779296875,67.01479833608786,20.95867465757656,
pgame_seed1,pgame,1,leg4_paralysed,top_k,0,17,414,1172.24658203125,311,1253.748779296875,67.01479833608786,20.95867465757656,
pgame_seed1,pgame,1,leg4_paralysed,top_k,0,18,693,1277.712158203125,311,1253.748779296875,67.01479833608786,20.95867465757656,
pgame_seed1,pgame,1,leg4_paralysed,top_k,0,19,751,1236.2103271484375,311,1253.748779296875,67.01479833608786,20.95867465757656,
pgame_seed1,pgame,1,leg4_paralysed,top_k,0,20,27,1185.59814453125,311,1253.748779296875,67.01479833608786,20.95867465757656,
pgame_seed1,pgame,1,leg4_paralysed,top_k,1,1,578,1332.082763671875,578,1346.8468017578125,99.00138765594353,30.962383325000175,
pgame_seed1,pgame,1,leg4_paralysed,top_k,1,2,243,1201.184814453125,578,1346.8468017578125,99.00138765594353,30.962383325000175,
pgame_seed1,pgame,1,leg4_paralysed,top_k,1,3,61,1186.956787109375,578,1346.8468017578125,99.00138765594353,30.962383325000175,
pgame_seed1,pgame,1,leg4_paralysed,top_k,1,4,128,1210.16259765625,578,1346.8468017578125,99.00138765594353,30.962383325000175,
pgame_seed1,pgame,1,leg4_paralysed,top_k,1,5,193,1317.2177734375,578,1346.8468017578125,99.00138765594353,30.962383325000175,
pgame_seed1,pgame,1,leg4_paralysed,top_k,1,6,617,1337.078369140625,617,1315.2938232421875,88.16042520670354,27.571905242694726,
pgame_seed1,pgame,1,leg4_paralysed,top_k,1,7,311,1300.0,617,1315.2938232421875,88.16042520670354,27.571905242694726,
pgame_seed1,pgame,1,leg4_paralysed,top_k,1,8,863,1232.9913330078125,617,1315.2938232421875,88.16042520670354,27.571905242694726,
pgame_seed1,pgame,1,leg4_paralysed,top_k,1,9,365,1216.6025390625,617,1315.2938232421875,88.16042520670354,27.571905242694726,
pgame_seed1,pgame,1,leg4_paralysed,top_k,1,10,810,1236.667236328125,617,1315.2938232421875,88.16042520670354,27.571905242694726,
pgame_seed1,pgame,1,leg4_paralysed,top_k,1,11,783,1276.10205078125,617,1315.2938232421875,88.16042520670354,27.571905242694726,
pgame_seed1,pgame,1,leg4_paralysed,top_k,1,12,28,1213.97998046875,617,1315.2938232421875,88.16042520670354,27.571905242694726,
pgame_seed1,pgame,1,leg4_paralysed,top_k,1,13,157,1334.030029296875,617,1315.2938232421875,88.16042520670354,27.571905242694726,
pgame_seed1,pgame,1,leg4_paralysed,top_k,1,14,736,1252.4105224609375,617,1315.2938232421875,88.16042520670354,27.571905242694726,
pgame_seed1,pgame,1,leg4_paralysed,top_k,1,15,399,1132.4287109375,617,1315.2938232421875,88.16042520670354,27.571905242694726,
pgame_seed1,pgame,1,leg4_paralysed,top_k,1,16,276,1065.86328125,617,1315.2938232421875,88.16042520670354,27.571905242694726,
pgame_seed1,pgame,1,leg4_paralysed,top_k,1,17,414,1217.68310546875,617,1315.2938232421875,88.16042520670354,27.571905242694726,
pgame_seed1,pgame,1,leg4_paralysed,top_k,1,18,693,1227.2252197265625,617,1315.2938232421875,88.16042520670354,27.571905242694726,
pgame_seed1,pgame,1,leg4_paralysed,top_k,1,19,751,1220.5579833984375,617,1315.2938232421875,88.16042520670354,27.571905242694726,
pgame_seed1,pgame,1,leg4_paralysed,top_k,1,20,27,1200.57080078125,617,1315.2938232421875,88.16042520670354,27.571905242694726,
pgame_seed1,pgame,1,leg4_paralysed,top_k,2,1,578,1308.56982421875,578,1346.8468017578125,99.00138765594353,30.962383325000175,
pgame_seed1,pgame,1,leg4_paralysed,top_k,2,2,243,1211.76220703125,578,1346.8468017578125,99.00138765594353,30.962383325000175,
pgame_seed1,pgame,1,leg4_paralysed,top_k,2,3,61,1205.939697265625,578,1346.8468017578125,99.00138765594353,30.962383325000175,
pgame_seed1,pgame,1,leg4_paralysed,top_k,2,4,128,1256.5068359375,578,1346.8468017578125,99.00138765594353,30.962383325000175,
pgame_seed1,pgame,1,leg4_paralysed,top_k,2,5,193,1354.275146484375,193,1324.14013671875,91.1998388128114,28.52247261739236,
pgame_seed1,pgame,1,leg4_paralysed,top_k,2,6,617,1320.2454833984375,193,1324.14013671875,91.1998388128114,28.52247261739236,
pgame_seed1,pgame,1,leg4_paralysed,top_k,2,7,311,1285.30859375,193,1324.14013671875,91.1998388128114,28.52247261739236,
pgame_seed1,pgame,1,leg4_paralysed,top_k,2,8,863,1243.6116943359375,193,1324.14013671875,91.1998388128114,28.52247261739236,
pgame_seed1,pgame,1,leg4_paralysed,top_k,2,9,365,1226.245849609375,193,1324.14013671875,91.1998388128114,28.52247261739236,
pgame_seed1,pgame,1,leg4_paralysed,top_k,2,10,810,1228.361572265625,193,1324.14013671875,91.1998388128114,28.52247261739236,
pgame_seed1,pgame,1,leg4_paralysed,top_k,2,11,783,1253.31640625,193,1324.14013671875,91.1998388128114,28.52247261739236,
pgame_seed1,pgame,1,leg4_paralysed,top_k,2,12,28,1195.2862548828125,193,1324.14013671875,91.1998388128114,28.52247261739236,
pgame_seed1,pgame,1,leg4_paralysed,top_k,2,13,157,1322.2071533203125,193,1324.14013671875,91.1998388128114,28.52247261739236,
pgame_seed1,pgame,1,leg4_paralysed,top_k,2,14,736,1214.457275390625,193,1324.14013671875,91.1998388128114,28.52247261739236,
pgame_seed1,pgame,1,leg4_paralysed,top_k,2,15,399,1170.621337890625,193,1324.14013671875,91.1998388128114,28.52247261739236,
pgame_seed1,pgame,1,leg4_paralysed,top_k,2,16,276,1064.8912353515625,193,1324.14013671875,91.1998388128114,28.52247261739236,
pgame_seed1,pgame,1,leg4_paralysed,top_k,2,17,414,1268.1226806640625,193,1324.14013671875,91.1998388128114,28.52247261739236,
pgame_seed1,pgame,1,leg4_paralysed,top_k,2,18,693,1240.36865234375,193,1324.14013671875,91.1998388128114,28.52247261739236,
pgame_seed1,pgame,1,leg4_paralysed,top_k,2,19,751,1220.12109375,193,1324.14013671875,91.1998388128114,28.52247261739236,
pgame_seed1,pgame,1,leg4_paralysed,top_k,2,20,27,1194.278564453125,193,1324.14013671875,91.1998388128114,28.52247261739236,
pgame_seed1,pgame,1,leg4_paralysed,top_k,3,1,578,1352.24072265625,578,1346.8468017578125,99.00138765594353,30.962383325000175,
pgame_seed1,pgame,1,leg4_paralysed,top_k,3,2,243,1152.8243408203125,578,1346.8468017578125,99.00138765594353,30.962383325000175,
pgame_seed1,pgame,1,leg4_paralysed,top_k,3,3,61,1170.844970703125,578,1346.8468017578125,99.00138765594353,30.962383325000175,
pgame_seed1,pgame,1,leg4_paralysed,top_k,3,4,128,1208.517333984375,578,1346.8468017578125,99.00138765594353,30.962383325000175,
pgame_seed1,pgame,1,leg4_paralysed,top_k,3,5,193,1321.650146484375,578,1346.8468017578125,99.00138765594353,30.962383325000175,
pgame_seed1,pgame,1,leg4_paralysed,top_k,3,6,617,1327.2681884765625,578,1346.8468017578125,99.00138765594353,30.962383325000175,
pgame_seed1,pgame,1,leg4_paralysed,top_k,3,7,311,1299.468505859375,578,1346.8468017578125,99.00138765594353,30.962383325000175,
pgame_seed1,pgame,1,leg4_paralysed,top_k,3,8,863,1263.406005859375,578,1346.8468017578125,99.00138765594353,30.962383325000175,
pgame_seed1,pgame,1,leg4_paralysed,top_k,3,9,365,1219.928955078125,578,1346.8468017578125,99.00138765594353,30.962383325000175,
pgame_seed1,pgame,1,leg4_paralysed,top_k,3,10,810,1241.2137451171875,578,1346.8468017578125,99.00138765594353,30.962383325000175,
pgame_seed1,pgame,1,leg4_paralysed,top_k,3,11,783,1283.7574462890625,578,1346.8468017578125,99.00138765594353,30.962383325000175,
pgame_seed1,pgame,1,leg4_paralysed,top_k,3,12,28,1192.154541015625,578,1346.8468017578125,99.00138765594353,30.962383325000175,
pgame_seed1,pgame,1,leg4_paralysed,top_k,3,13,157,1300.6044921875,578,1346.8468017578125,99.00138765594353,30.962383325000175,
pgame_seed1,pgame,1,leg4_paralysed,top_k,3,14,736,1234.8011474609375,578,1346.8468017578125,99.00138765594353,30.962383325000175,
pgame_seed1,pgame,1,leg4_paralysed,top_k,3,15,399,1177.101806640625,578,1346.8468017578125,99.00138765594353,30.962383325000175,
pgame_seed1,pgame,1,leg4_paralysed,top_k,3,16,276,1091.83837890625,578,1346.8468017578125,99.00138765594353,30.962383325000175,
pgame_seed1,pgame,1,leg4_paralysed,top_k,3,17,414,1239.071044921875,578,1346.8468017578125,99.00138765594353,30.962383325000175,
pgame_seed1,pgame,1,leg4_paralysed,top_k,3,18,693,1287.9324951171875,578,1346.8468017578125,99.00138765594353,30.962383325000175,
pgame_seed1,pgame,1,leg4_paralysed,top_k,3,19,751,1249.401611328125,578,1346.8468017578125,99.00138765594353,30.962383325000175,
pgame_seed1,pgame,1,leg4_paralysed,top_k,3,20,27,1234.1412353515625,578,1346.8468017578125,99.00138765594353,30.962383325000175,
pgame_seed1,pgame,1,leg4_paralysed,top_k,4,1,578,1313.6351318359375,578,1346.8468017578125,99.00138765594353,30.962383325000175,
pgame_seed1,pgame,1,leg4_paralysed,top_k,4,2,243,1224.982177734375,578,1346.8468017578125,99.00138765594353,30.962383325000175,
pgame_seed1,pgame,1,leg4_paralysed,top_k,4,3,61,1205.615478515625,578,1346.8468017578125,99.00138765594353,30.962383325000175,
pgame_seed1,pgame,1,leg4_paralysed,top_k,4,4,128,1231.33203125,578,1346.8468017578125,99.00138765594353,30.962383325000175,
pgame_seed1,pgame,1,leg4_paralysed,top_k,4,5,193,1346.165283203125,193,1324.14013671875,91.1998388128114,28.52247261739236,
pgame_seed1,pgame,1,leg4_paralysed,top_k,4,6,617,1385.9091796875,617,1315.2938232421875,88.16042520670354,27.571905242694726,
pgame_seed1,pgame,1,leg4_paralysed,top_k,4,7,311,1246.51416015625,617,1315.2938232421875,88.16042520670354,27.571905242694726,
pgame_seed1,pgame,1,leg4_paralysed,top_k,4,8,863,1279.229736328125,617,1315.2938232421875,88.16042520670354,27.571905242694726,
pgame_seed1,pgame,1,leg4_paralysed,top_k,4,9,365,1193.26123046875,617,1315.2938232421875,88.16042520670354,27.571905242694726,
pgame_seed1,pgame,1,leg4_paralysed,top_k,4,10,810,1299.7763671875,617,1315.2938232421875,88.16042520670354,27.571905242694726,
pgame_seed1,pgame,1,leg4_paralysed,top_k,4,11,783,1271.577880859375,617,1315.2938232421875,88.16042520670354,27.571905242694726,
pgame_seed1,pgame,1,leg4_paralysed,top_k,4,12,28,1177.52099609375,617,1315.2938232421875,88.16042520670354,27.571905242694726,
pgame_seed1,pgame,1,leg4_paralysed,top_k,4,13,157,1326.129638671875,617,1315.2938232421875,88.16042520670354,27.571905242694726,
pgame_seed1,pgame,1,leg4_paralysed,top_k,4,14,736,1184.584228515625,617,1315.2938232421875,88.16042520670354,27.571905242694726,
pgame_seed1,pgame,1,leg4_paralysed,top_k,4,15,399,1188.583984375,617,1315.2938232421875,88.16042520670354,27.571905242694726,
pgame_seed1,pgame,1,leg4_paralysed,top_k,4,16,276,1078.1241455078125,617,1315.2938232421875,88.16042520670354,27.571905242694726,
pgame_seed1,pgame,1,leg4_paralysed,top_k,4,17,414,1173.68408203125,617,1315.2938232421875,88.16042520670354,27.571905242694726,
pgame_seed1,pgame,1,leg4_paralysed,top_k,4,18,693,1155.997314453125,617,1315.2938232421875,88.16042520670354,27.571905242694726,
pgame_seed1,pgame,1,leg4_paralysed,top_k,4,19,751,1230.516357421875,617,1315.2938232421875,88.16042520670354,27.571905242694726,
pgame_seed1,pgame,1,leg4_paralysed,top_k,4,20,27,1155.049560546875,617,1315.2938232421875,88.16042520670354,27.571905242694726,
pgame_seed1,pgame,1,leg1_weak,ite,0,1,578,1686.287109375,578,1732.5576171875,85.31086862661046,72.40836171892342,3
pgame_seed1,pgame,1,leg1_weak,ite,0,2,243,1715.760498046875,243,1630.257080078125,72.35954558867378,61.41581061299049,3
pgame_seed1,pgame,1,leg1_weak,ite,0,3,61,1746.406982421875,61,1740.001953125,86.25332701689635,73.20828169544524,3
pgame_seed1,pgame,1,leg1_weak,ite,0,4,61,1736.6695556640625,61,1740.001953125,86.25332701689635,73.20828169544524,3
pgame_seed1,pgame,1,leg1_weak,ite,0,5,61,1745.0076904296875,61,1740.001953125,86.25332701689635,73.20828169544524,3
pgame_seed1,pgame,1,leg1_weak,ite,0,6,61,1740.26318359375,61,1740.001953125,86.25332701689635,73.20828169544524,3
pgame_seed1,pgame,1,leg1_weak,ite,0,7,243,1743.97900390625,61,1740.001953125,86.25332701689635,73.20828169544524,3
pgame_seed1,pgame,1,leg1_weak,ite,0,8,61,1757.953125,61,1740.001953125,86.25332701689635,73.20828169544524,3
pgame_seed1,pgame,1,leg1_weak,ite,0,9,61,1701.47412109375,61,1740.001953125,86.25332701689635,73.20828169544524,3
pgame_seed1,pgame,1,leg1_weak,ite,0,10,243,1675.3817138671875,61,1740.001953125,86.25332701689635,73.20828169544524,3
pgame_seed1,pgame,1,leg1_weak,ite,0,11,61,1769.812744140625,61,1740.001953125,86.25332701689635,73.20828169544524,3
pgame_seed1,pgame,1,leg1_weak,ite,0,12,61,1738.659423828125,61,1740.001953125,86.25332701689635,73.20828169544524,3
pgame_seed1,pgame,1,leg1_weak,ite,0,13,61,1746.211181640625,61,1740.001953125,86.25332701689635,73.20828169544524,3
pgame_seed1,pgame,1,leg1_weak,ite,0,14,61,1702.4564208984375,61,1740.001953125,86.25332701689635,73.20828169544524,3
pgame_seed1,pgame,1,leg1_weak,ite,0,15,61,1703.696533203125,61,1740.001953125,86.25332701689635,73.20828169544524,3
pgame_seed1,pgame,1,leg1_weak,ite,0,16,61,1736.205078125,61,1740.001953125,86.25332701689635,73.20828169544524,3
pgame_seed1,pgame,1,leg1_weak,ite,0,17,61,1737.096435546875,61,1740.001953125,86.25332701689635,73.20828169544524,3
pgame_seed1,pgame,1,leg1_weak,ite,0,18,61,1694.8917236328125,61,1740.001953125,86.25332701689635,73.20828169544524,3
pgame_seed1,pgame,1,leg1_weak,ite,0,19,61,1737.202392578125,61,1740.001953125,86.25332701689635,73.20828169544524,3
pgame_seed1,pgame,1,leg1_weak,ite,0,20,61,1699.908935546875,61,1740.001953125,86.25332701689635,73.20828169544524,3
pgame_seed1,pgame,1,leg1_weak,ite,1,1,578,1756.09033203125,578,1732.5576171875,85.31086862661046,72.40836171892342,2
pgame_seed1,pgame,1,leg1_weak,ite,1,2,243,1567.951171875,578,1732.5576171875,85.31086862661046,72.40836171892342,2
pgame_seed1,pgame,1,leg1_weak,ite,1,3,61,1705.783935546875,578,1732.5576171875,85.31086862661046,72.40836171892342,2
pgame_seed1,pgame,1,leg1_weak,ite,1,4,578,1713.7607421875,578,1732.5576171875,85.31086862661046,72.40836171892342,2
pgame_seed1,pgame,1,leg1_weak,ite,1,5,61,1709.3212890625,578,1732.5576171875,85.31086862661046,72.40836171892342,2
pgame_seed1,pgame,1,leg1_weak,ite,1,6,578,1665.10107421875,578,1732.5576171875,85.31086862661046,72.40836171892342,2
pgame_seed1,pgame,1,leg1_weak,ite,1,7,61,1727.8447265625,578,1732.5576171875,85.31086862661046,72.40836171892342,2
pgame_seed1,pgame,1,leg1_weak,ite,1,8,61,1678.10546875,578,1732.5576171875,85.31086862661046,72.40836171892342,2
pgame_seed1,pgame,1,leg1_weak,ite,1,9,61,1712.132568359375,578,1732.5576171875,85.31086862661046,72.40836171892342,2
pgame_seed1,pgame,1,leg1_weak,ite,1,10,61,1750.48779296875,578,1732.5576171875,85.31086862661046,72.40836171892342,2
pgame_seed1,pgame,1,leg1_weak,ite,1,11,61,1726.4864501953125,578,1732.5576171875,85.31086862661046,72.40836171892342,2
pgame_seed1,pgame,1,leg1_weak,ite,1,12,61,1740.00537109375,578,1732.5576171875,85.31086862661046,72.40836171892342,2
pgame_seed1,pgame,1,leg1_weak,ite,1,13,61,1718.9691162109375,578,1732.5576171875,85.31086862661046,72.40836171892342,2
pgame_seed1,pgame,1,leg1_weak,ite,1,14,61,1723.108154296875,578,1732.5576171875,85.31086862661046,72.40836171892342,2
pgame_seed1,pgame,1,leg1_weak,ite,1,15,61,1727.89990234375,578,1732.5576171875,85.31086862661046,72.40836171892342,2
pgame_seed1,pgame,1,leg1_weak,ite,1,16,61,1716.9326171875,578,1732.5576171875,85.31086862661046,72.40836171892342,2
pgame_seed1,pgame,1,leg1_weak,ite,1,17,61,1743.5526123046875,578,1732.5576171875,85.31086862661046,72.40836171892342,2
pgame_seed1,pgame,1,leg1_weak,ite,1,18,61,1727.898681640625,578,1732.5576171875,85.31086862661046,72.40836171892342,2
pgame_seed1,pgame,1,leg1_weak,ite,1,19,61,1717.485107421875,578,1732.5576171875,85.31086862661046,72.40836171892342,2
pgame_seed1,pgame,1,leg1_weak,ite,1,20,61,1736.060791015625,578,1732.5576171875,85.31086862661046,72.40836171892342,2
pgame_seed1,pgame,1,leg1_weak,ite,2,1,578,1696.9425048828125,578,1732.5576171875,85.31086862661046,72.40836171892342,3
pgame_seed1,pgame,1,leg1_weak,ite,2,2,243,1671.609130859375,578,1732.5576171875,85.31086862661046,72.40836171892342,3
pgame_seed1,pgame,1,leg1_weak,ite,2,3,61,1713.692626953125,61,1740.001953125,86.25332701689635,73.20828169544524,3
pgame_seed1,pgame,1,leg1_weak,ite,2,4,61,1737.7677001953125,61,1740.001953125,86.25332701689635,73.20828169544524,3
pgame_seed1,pgame,1,leg1_weak,ite,2,5,61,1711.033447265625,61,1740.001953125,86.25332701689635,73.20828169544524,3
pgame_seed1,pgame,1,leg1_weak,ite,2,6,61,1702.93994140625,61,1740.001953125,86.25332701689635,73.20828169544524,3
pgame_seed1,pgame,1,leg1_weak,ite,2,7,578,1729.5992431640625,61,1740.001953125,86.25332701689635,73.20828169544524,3
pgame_seed1,pgame,1,leg1_weak,ite,2,8,578,1738.76416015625,578,1732.5576171875,85.31086862661046,72.40836171892342,3
pgame_seed1,pgame,1,leg1_weak,ite,2,9,578,1719.719970703125,578,1732.5576171875,85.31086862661046,72.40836171892342,3
pgame_seed1,pgame,1,leg1_weak,ite,2,10,578,1748.3251953125,578,1732.5576171875,85.31086862661046,72.40836171892342,3
pgame_seed1,pgame,1,leg1_weak,ite,2,11,578,1759.9385986328125,578,1732.5576171875,85.31086862661046,72.40836171892342,3
pgame_seed1,pgame,1,leg1_weak,ite,2,12,578,1744.541259765625,578,1732.5576171875,85.31086862661046,72.40836171892342,3
pgame_seed1,pgame,1,leg1_weak,ite,2,13,578,1742.300048828125,578,1732.5576171875,85.31086862661046,72.40836171892342,3
pgame_seed1,pgame,1,leg1_weak,ite,2,14,578,1715.498046875,578,1732.5576171875,85.31086862661046,72.40836171892342,3
pgame_seed1,pgame,1,leg1_weak,ite,2,15,578,1752.9786376953125,578,1732.5576171875,85.31086862661046,72.40836171892342,3
pgame_seed1,pgame,1,leg1_weak,ite,2,16,578,1743.5498046875,578,1732.5576171875,85.31086862661046,72.40836171892342,3
pgame_seed1,pgame,1,leg1_weak,ite,2,17,578,1702.12451171875,578,1732.5576171875,85.31086862661046,72.40836171892342,3
pgame_seed1,pgame,1,leg1_weak,ite,2,18,578,1746.0313720703125,578,1732.5576171875,85.31086862661046,72.40836171892342,3
pgame_seed1,pgame,1,leg1_weak,ite,2,19,578,1734.6329345703125,578,1732.5576171875,85.31086862661046,72.40836171892342,3
pgame_seed1,pgame,1,leg1_weak,ite,2,20,578,1736.169921875,578,1732.5576171875,85.31086862661046,72.40836171892342,3
pgame_seed1,pgame,1,leg1_weak,ite,3,1,578,1696.160400390625,578,1732.5576171875,85.31086862661046,72.40836171892342,3
pgame_seed1,pgame,1,leg1_weak,ite,3,2,243,1652.337646484375,578,1732.5576171875,85.31086862661046,72.40836171892342,3
pgame_seed1,pgame,1,leg1_weak,ite,3,3,61,1746.5892333984375,61,1740.001953125,86.25332701689635,73.20828169544524,3
pgame_seed1,pgame,1,leg1_weak,ite,3,4,61,1708.998779296875,61,1740.001953125,86.25332701689635,73.20828169544524,3
pgame_seed1,pgame,1,leg1_weak,ite,3,5,61,1710.394775390625,61,1740.001953125,86.25332701689635,73.20828169544524,3
pgame_seed1,pgame,1,leg1_weak,ite,3,6,61,1755.8792724609375,61,1740.001953125,86.25332701689635,73.20828169544524,3
pgame_seed1,pgame,1,leg1_weak,ite,3,7,61,1705.506103515625,61,1740.001953125,86.25332701689635,73.20828169544524,3
pgame_seed1,pgame,1,leg1_weak,ite,3,8,61,1726.9605712890625,61,1740.001953125,86.25332701689635,73.20828169544524,3
pgame_seed1,pgame,1,leg1_weak,ite,3,9,61,1706.516845703125,61,1740.001953125,86.25332701689635,73.20828169544524,3
pgame_seed1,pgame,1,leg1_weak,ite,3,10,578,1721.32666015625,61,1740.001953125,86.25332701689635,73.20828169544524,3
pgame_seed1,pgame,1,leg1_weak,ite,3,11,61,1740.439208984375,61,1740.001953125,86.25332701689635,73.20828169544524,3
pgame_seed1,pgame,1,leg1_weak,ite,3,12,61,1719.1785888671875,61,1740.001953125,86.25332701689635,73.20828169544524,3
pgame_seed1,pgame,1,leg1_weak,ite,3,13,61,1722.7705078125,61,1740.001953125,86.25332701689635,73.20828169544524,3
pgame_seed1,pgame,1,leg1_weak,ite,3,14,61,1723.3509521484375,61,1740.001953125,86.25332701689635,73.20828169544524,3
pgame_seed1,pgame,1,leg1_weak,ite,3,15,61,1721.62109375,61,1740.001953125,86.25332701689635,73.20828169544524,3
pgame_seed1,pgame,1,leg1_weak,ite,3,16,61,1714.5654296875,61,1740.001953125,86.25332701689635,73.20828169544524,3
pgame_seed1,pgame,1,leg1_weak,ite,3,17,61,1691.571533203125,61,1740.001953125,86.25332701689635,73.20828169544524,3
pgame_seed1,pgame,1,leg1_weak,ite,3,18,578,1720.6923828125,61,1740.001953125,86.25332701689635,73.20828169544524,3
pgame_seed1,pgame,1,leg1_weak,ite,3,19,578,1723.10546875,61,1740.001953125,86.25332701689635,73.20828169544524,3
pgame_seed1,pgame,1,leg1_weak,ite,3,20,578,1749.843994140625,61,1740.001953125,86.25332701689635,73.20828169544524,3
pgame_seed1,pgame,1,leg1_weak,ite,4,1,578,1752.75146484375,578,1732.5576171875,85.31086862661046,72.40836171892342,2
pgame_seed1,pgame,1,leg1_weak,ite,4,2,243,1645.704833984375,578,1732.5576171875,85.31086862661046,72.40836171892342,2
pgame_seed1,pgame,1,leg1_weak,ite,4,3,61,1733.894287109375,578,1732.5576171875,85.31086862661046,72.40836171892342,2
pgame_seed1,pgame,1,leg1_weak,ite,4,4,61,1731.79638671875,578,1732.5576171875,85.31086862661046,72.40836171892342,2
pgame_seed1,pgame,1,leg1_weak,ite,4,5,578,1718.6522216796875,578,1732.5576171875,85.31086862661046,72.40836171892342,2
pgame_seed1,pgame,1,leg1_weak,ite,4,6,61,1765.858154296875,61,1740.001953125,86.25332701689635,73.20828169544524,2
pgame_seed1,pgame,1,leg1_weak,ite,4,7,61,1739.0220947265625,61,1740.001953125,86.25332701689635,73.20828169544524,2
pgame_seed1,pgame,1,leg1_weak,ite,4,8,61,1689.116943359375,61,1740.001953125,86.25332701689635,73.20828169544524,2
pgame_seed1,pgame,1,leg1_weak,ite,4,9,578,1740.31201171875,61,1740.001953125,86.25332701689635,73.20828169544524,2
pgame_seed1,pgame,1,leg1_weak,ite,4,10,578,1721.349609375,61,1740.001953125,86.25332701689635,73.20828169544524,2
pgame_seed1,pgame,1,leg1_weak,ite,4,11,61,1735.44873046875,61,1740.001953125,86.25332701689635,73.20828169544524,2
pgame_seed1,pgame,1,leg1_weak,ite,4,12,578,1747.8896484375,61,1740.001953125,86.25332701689635,73.20828169544524,2
pgame_seed1,pgame,1,leg1_weak,ite,4,13,578,1763.504638671875,61,1740.001953125,86.25332701689635,73.20828169544524,2
pgame_seed1,pgame,1,leg1_weak,ite,4,14,578,1661.253173828125,61,1740.001953125,86.25332701689635,73.20828169544524,2
pgame_seed1,pgame,1,leg1_weak,ite,4,15,61,1720.41748046875,61,1740.001953125,86.25332701689635,73.20828169544524,2
pgame_seed1,pgame,1,leg1_weak,ite,4,16,61,1712.9395751953125,61,1740.001953125,86.25332701689635,73.20828169544524,2
pgame_seed1,pgame,1,leg1_weak,ite,4,17,61,1751.302490234375,61,1740.001953125,86.25332701689635,73.20828169544524,2
pgame_seed1,pgame,1,leg1_weak,ite,4,18,61,1698.6124267578125,61,1740.001953125,86.25332701689635,73.20828169544524,2
pgame_seed1,pgame,1,leg1_weak,ite,4,19,578,1723.162109375,61,1740.001953125,86.25332701689635,73.20828169544524,2
pgame_seed1,pgame,1,leg1_weak,ite,4,20,578,1743.334228515625,61,1740.001953125,86.25332701689635,73.20828169544524,2
pgame_seed1,pgame,1,leg1_weak,top_k,0,1,578,1761.557861328125,578,1732.5576171875,85.31086862661046,72.40836171892342,
pgame_seed1,pgame,1,leg1_weak,top_k,0,2,243,1639.9945068359375,578,1732.5576171875,85.31086862661046,72.40836171892342,
pgame_seed1,pgame,1,leg1_weak,top_k,0,3,61,1754.9239501953125,578,1732.5576171875,85.31086862661046,72.40836171892342,
pgame_seed1,pgame,1,leg1_weak,top_k,0,4,128,1690.943115234375,578,1732.5576171875,85.31086862661046,72.40836171892342,
pgame_seed1,pgame,1,leg1_weak,top_k,0,5,193,1737.3935546875,578,1732.5576171875,85.31086862661046,72.40836171892342,
pgame_seed1,pgame,1,leg1_weak,top_k,0,6,617,1708.0909423828125,578,1732.5576171875,85.31086862661046,72.40836171892342,
pgame_seed1,pgame,1,leg1_weak,top_k,0,7,311,1711.9095458984375,578,1732.5576171875,85.31086862661046,72.40836171892342,
pgame_seed1,pgame,1,leg1_weak,top_k,0,8,863,1717.917236328125,578,1732.5576171875,85.31086862661046,72.40836171892342,
pgame_seed1,pgame,1,leg1_weak,top_k,0,9,365,1773.036376953125,365,1734.907958984375,85.60842362212674,72.6609141790433,
pgame_seed1,pgame,1,leg1_weak,top_k,0,10,810,1687.1937255859375,365,1734.907958984375,85.60842362212674,72.6609141790433,
pgame_seed1,pgame,1,leg1_weak,top_k,0,11,783,1770.0018310546875,365,1734.907958984375,85.60842362212674,72.6609141790433,
pgame_seed1,pgame,1,leg1_weak,top_k,0,12,28,1723.5047607421875,365,1734.907958984375,85.60842362212674,72.6609141790433,
pgame_seed1,pgame,1,leg1_weak,top_k,0,13,157,1712.7457275390625,365,1734.907958984375,85.60842362212674,72.6609141790433,
pgame_seed1,pgame,1,leg1_weak,top_k,0,14,736,1660.416748046875,365,1734.907958984375,85.60842362212674,72.6609141790433,
pgame_seed1,pgame,1,leg1_weak,top_k,0,15,399,1874.0599365234375,399,1848.2232666015625,99.95422468594998,84.83704096452321,
pgame_seed1,pgame,1,leg1_weak,top_k,0,16,276,1862.426025390625,399,1848.2232666015625,99.95422468594998,84.83704096452321,
pgame_seed1,pgame,1,leg1_weak,top_k,0,17,414,1640.9459228515625,399,1848.2232666015625,99.95422468594998,84.83704096452321,
pgame_seed1,pgame,1,leg1_weak,top_k,0,18,693,1648.6015625,399,1848.2232666015625,99.95422468594998,84.83704096452321,
pgame_seed1,pgame,1,leg1_weak,top_k,0,19,751,1722.5859375,399,1848.2232666015625,99.95422468594998,84.83704096452321,
pgame_seed1,pgame,1,leg1_weak,top_k,0,20,27,1784.322021484375,399,1848.2232666015625,99.95422468594998,84.83704096452321,
pgame_seed1,pgame,1,leg1_weak,top_k,1,1,578,1760.569580078125,578,1732.5576171875,85.31086862661046,72.40836171892342,
pgame_seed1,pgame,1,leg1_weak,top_k,1,2,243,1698.97265625,578,1732.5576171875,85.31086862661046,72.40836171892342,
pgame_seed1,pgame,1,leg1_weak,top_k,1,3,61,1739.5216064453125,578,1732.5576171875,85.31086862661046,72.40836171892342,
pgame_seed1,pgame,1,leg1_weak,top_k,1,4,128,1727.169189453125,578,1732.5576171875,85.31086862661046,72.40836171892342,
pgame_seed1,pgame,1,leg1_weak,top_k,1,5,193,1705.541748046875,578,1732.5576171875,85.31086862661046,72.40836171892342,
pgame_seed1,pgame,1,leg1_weak,top_k,1,6,617,1657.08642578125,578,1732.5576171875,85.31086862661046,72.40836171892342,
pgame_seed1,pgame,1,leg1_weak,top_k,1,7,311,1670.974609375,578,1732.5576171875,85.31086862661046,72.40836171892342,
pgame_seed1,pgame,1,leg1_weak,top_k,1,8,863,1709.359130859375,578,1732.5576171875,85.31086862661046,72.40836171892342,
pgame_seed1,pgame,1,leg1_weak,top_k,1,9,365,1739.6231689453125,578,1732.5576171875,85.31086862661046,72.40836171892342,
pgame_seed1,pgame,1,leg1_weak,top_k,1,10,810,1676.8310546875,578,1732.5576171875,85.31086862661046,72.40836171892342,
pgame_seed1,pgame,1,leg1_weak,top_k,1,11,783,1734.6251220703125,578,1732.5576171875,85.31086862661046,72.40836171892342,
pgame_seed1,pgame,1,leg1_weak,top_k,1,12,28,1699.1170654296875,578,1732.5576171875,85.31086862661046,72.40836171892342,
pgame_seed1,pgame,1,leg1_weak,top_k,1,13,157,1702.196533203125,578,1732.5576171875,85.31086862661046,72.40836171892342,
pgame_seed1,pgame,1,leg1_weak,top_k,1,14,736,1693.1702880859375,578,1732.5576171875,85.31086862661046,72.40836171892342,
pgame_seed1,pgame,1,leg1_weak,top_k,1,15,399,1843.2529296875,399,1848.2232666015625,99.95422468594998,84.83704096452321,
pgame_seed1,pgame,1,leg1_weak,top_k,1,16,276,1822.5885009765625,399,1848.2232666015625,99.95422468594998,84.83704096452321,
pgame_seed1,pgame,1,leg1_weak,top_k,1,17,414,1638.4063720703125,399,1848.2232666015625,99.95422468594998,84.83704096452321,
pgame_seed1,pgame,1,leg1_weak,top_k,1,18,693,1665.00830078125,399,1848.2232666015625,99.95422468594998,84.83704096452321,
pgame_seed1,pgame,1,leg1_weak,top_k,1,19,751,1737.80517578125,399,1848.2232666015625,99.95422468594998,84.83704096452321,
pgame_seed1,pgame,1,leg1_weak,top_k,1,20,27,1745.0272216796875,399,1848.2232666015625,99.95422468594998,84.83704096452321,
pgame_seed1,pgame,1,leg1_weak,top_k,2,1,578,1719.8406982421875,578,1732.5576171875,85.31086862661046,72.40836171892342,
pgame_seed1,pgame,1,leg1_weak,top_k,2,2,243,1658.3197021484375,578,1732.5576171875,85.31086862661046,72.40836171892342,
pgame_seed1,pgame,1,leg1_weak,top_k,2,3,61,1719.9954833984375,61,1740.001953125,86.25332701689635,73.20828169544524,
pgame_seed1,pgame,1,leg1_weak,top_k,2,4,128,1685.85595703125,61,1740.001953125,86.25332701689635,73.20828169544524,
pgame_seed1,pgame,1,leg1_weak,top_k,2,5,193,1763.33544921875,193,1717.93017578125,83.45902381500122,70.836591894926,
pgame_seed1,pgame,1,leg1_weak,top_k,2,6,617,1716.4219970703125,193,1717.93017578125,83.45902381500122,70.836591894926,
pgame_seed1,pgame,1,leg1_weak,top_k,2,7,311,1697.30126953125,193,1717.93017578125,83.45902381500122,70.836591894926,
pgame_seed1,pgame,1,leg1_weak,top_k,2,8,863,1706.284912109375,193,1717.93017578125,83.45902381500122,70.836591894926,
pgame_seed1,pgame,1,leg1_weak,top_k,2,9,365,1757.8515625,193,1717.93017578125,83.45902381500122,70.836591894926,
pgame_seed1,pgame,1,leg1_weak,top_k,2,10,810,1679.479248046875,193,1717.93017578125,83.45902381500122,70.836591894926,
pgame_seed1,pgame,1,leg1_weak,top_k,2,11,783,1743.971435546875,193,1717.93017578125,83.45902381500122,70.836591894926,
pgame_seed1,pgame,1,leg1_weak,top_k,2,12,28,1728.1561279296875,193,1717.93017578125,83.45902381500122,70.836591894926,
pgame_seed1,pgame,1,leg1_weak,top_k,2,13,157,1730.044189453125,193,1717.93017578125,83.45902381500122,70.836591894926,
pgame_seed1,pgame,1,leg1_weak,top_k,2,14,736,1622.4774169921875,193,1717.93017578125,83.45902381500122,70.836591894926,
pgame_seed1,pgame,1,leg1_weak,top_k,2,15,399,1805.35107421875,399,1848.2232666015625,99.95422468594998,84.83704096452321,
pgame_seed1,pgame,1,leg1_weak,top_k,2,16,276,1823.068359375,276,1848.5848388671875,100.0,84.8758931711751,
pgame_seed1,pgame,1,leg1_weak,top_k,2,17,414,1625.3734130859375,276,1848.5848388671875,100.0,84.8758931711751,
pgame_seed1,pgame,1,leg1_weak,top_k,2,18,693,1666.87939453125,276,1848.5848388671875,100.0,84.8758931711751,
pgame_seed1,pgame,1,leg1_weak,top_k,2,19,751,1743.044921875,276,1848.5848388671875,100.0,84.8758931711751,
pgame_seed1,pgame,1,leg1_weak,top_k,2,20,27,1737.8251953125,276,1848.5848388671875,100.0,84.8758931711751,
pgame_seed1,pgame,1,leg1_weak,top_k,3,1,578,1755.681396484375,578,1732.5576171875,85.31086862661046,72.40836171892342,
pgame_seed1,pgame,1,leg1_weak,top_k,3,2,243,1627.87744140625,578,1732.5576171875,85.31086862661046,72.40836171892342,
pgame_seed1,pgame,1,leg1_weak,top_k,3,3,61,1713.390380859375,578,1732.5576171875,85.31086862661046,72.40836171892342,
pgame_seed1,pgame,1,leg1_weak,top_k,3,4,128,1697.505859375,578,1732.5576171875,85.31086862661046,72.40836171892342,
pgame_seed1,pgame,1,leg1_weak,top_k,3,5,193,1682.8251953125,578,1732.5576171875,85.31086862661046,72.40836171892342,
pgame_seed1,pgame,1,leg1_weak,top_k,3,6,617,1672.8028564453125,578,1732.5576171875,85.31086862661046,72.40836171892342,
pgame_seed1,pgame,1,leg1_weak,top_k,3,7,311,1723.056884765625,578,1732.5576171875,85.31086862661046,72.40836171892342,
pgame_seed1,pgame,1,leg1_weak,top_k,3,8,863,1741.990234375,578,1732.5576171875,85.31086862661046,72.40836171892342,
pgame_seed1,pgame,1,leg1_weak,top_k,3,9,365,1726.771240234375,578,1732.5576171875,85.31086862661046,72.40836171892342,
pgame_seed1,pgame,1,leg1_weak,top_k,3,10,810,1645.023193359375,578,1732.5576171875,85.31086862661046,72.40836171892342,
pgame_seed1,pgame,1,leg1_weak,top_k,3,11,783,1750.609619140625,578,1732.5576171875,85.31086862661046,72.40836171892342,
pgame_seed1,pgame,1,leg1_weak,top_k,3,12,28,1687.6092529296875,578,1732.5576171875,85.31086862661046,72.40836171892342,
pgame_seed1,pgame,1,leg1_weak,top_k,3,13,157,1721.30810546875,578,1732.5576171875,85.31086862661046,72.40836171892342,
pgame_seed1,pgame,1,leg1_weak,top_k,3,14,736,1690.469970703125,578,1732.5576171875,85.31086862661046,72.40836171892342,
pgame_seed1,pgame,1,leg1_weak,top_k,3,15,399,1837.34423828125,399,1848.2232666015625,99.95422468594998,84.83704096452321,
pgame_seed1,pgame,1,leg1_weak,top_k,3,16,276,1779.754150390625,399,1848.2232666015625,99.95422468594998,84.83704096452321,
pgame_seed1,pgame,1,leg1_weak,top_k,3,17,414,1632.02783203125,399,1848.2232666015625,99.95422468594998,84.83704096452321,
pgame_seed1,pgame,1,leg1_weak,top_k,3,18,693,1661.273193359375,399,1848.2232666015625,99.95422468594998,84.83704096452321,
pgame_seed1,pgame,1,leg1_weak,top_k,3,19,751,1756.6578369140625,399,1848.2232666015625,99.95422468594998,84.83704096452321,
pgame_seed1,pgame,1,leg1_weak,top_k,3,20,27,1735.673583984375,399,1848.2232666015625,99.95422468594998,84.83704096452321,
pgame_seed1,pgame,1,leg1_weak,top_k,4,1,578,1746.755859375,578,1732.5576171875,85.31086862661046,72.40836171892342,
pgame_seed1,pgame,1,leg1_weak,top_k,4,2,243,1676.04345703125,578,1732.5576171875,85.31086862661046,72.40836171892342,
pgame_seed1,pgame,1,leg1_weak,top_k,4,3,61,1709.357177734375,578,1732.5576171875,85.31086862661046,72.40836171892342,
pgame_seed1,pgame,1,leg1_weak,top_k,4,4,128,1665.220947265625,578,1732.5576171875,85.31086862661046,72.40836171892342,
pgame_seed1,pgame,1,leg1_weak,top_k,4,5,193,1753.828857421875,193,1717.93017578125,83.45902381500122,70.836591894926,
pgame_seed1,pgame,1,leg1_weak,top_k,4,6,617,1710.9246826171875,193,1717.93017578125,83.45902381500122,70.836591894926,
pgame_seed1,pgame,1,leg1_weak,top_k,4,7,311,1730.3134765625,193,1717.93017578125,83.45902381500122,70.836591894926,
pgame_seed1,pgame,1,leg1_weak,top_k,4,8,863,1719.0341796875,193,1717.93017578125,83.45902381500122,70.836591894926,
pgame_seed1,pgame,1,leg1_weak,top_k,4,9,365,1782.32568359375,365,1734.907958984375,85.60842362212674,72.6609141790433,
pgame_seed1,pgame,1,leg1_weak,top_k,4,10,810,1688.0596923828125,365,1734.907958984375,85.60842362212674,72.6609141790433,
pgame_seed1,pgame,1,leg1_weak,top_k,4,11,783,1765.7662353515625,365,1734.907958984375,85.60842362212674,72.6609141790433,
pgame_seed1,pgame,1,leg1_weak,top_k,4,12,28,1727.809326171875,365,1734.907958984375,85.60842362212674,72.6609141790433,
pgame_seed1,pgame,1,leg1_weak,top_k,4,13,157,1678.6265869140625,365,1734.907958984375,85.60842362212674,72.6609141790433,
pgame_seed1,pgame,1,leg1_weak,top_k,4,14,736,1626.809814453125,365,1734.907958984375,85.60842362212674,72.6609141790433,
pgame_seed1,pgame,1,leg1_weak,top_k,4,15,399,1820.2353515625,399,1848.2232666015625,99.95422468594998,84.83704096452321,
pgame_seed1,pgame,1,leg1_weak,top_k,4,16,276,1872.32421875,276,1848.5848388671875,100.0,84.8758931711751,
pgame_seed1,pgame,1,leg1_weak,top_k,4,17,414,1641.401123046875,276,1848.5848388671875,100.0,84.8758931711751,
pgame_seed1,pgame,1,leg1_weak,top_k,4,18,693,1616.762451171875,276,1848.5848388671875,100.0,84.8758931711751,
pgame_seed1,pgame,1,leg1_weak,top_k,4,19,751,1755.853515625,276,1848.5848388671875,100.0,84.8758931711751,
pgame_seed1,pgame,1,leg1_weak,top_k,4,20,27,1846.25732421875,276,1848.5848388671875,100.0,84.8758931711751,
pgame_seed1,pgame,1,leg2_weak,ite,0,1,578,1702.48583984375,578,1753.3851318359375,92.70333119197674,74.64635113375645,2
pgame_seed1,pgame,1,leg2_weak,ite,0,2,243,1779.97509765625,243,1791.198974609375,97.74945788969796,78.70958101449801,2
pgame_seed1,pgame,1,leg2_weak,ite,0,3,61,1731.3751220703125,243,1791.198974609375,97.74945788969796,78.70958101449801,2
pgame_seed1,pgame,1,leg2_weak,ite,0,4,243,1798.6881103515625,243,1791.198974609375,97.74945788969796,78.70958101449801,2
pgame_seed1,pgame,1,leg2_weak,ite,0,5,243,1756.4293212890625,243,1791.198974609375,97.74945788969796,78.70958101449801,2
pgame_seed1,pgame,1,leg2_weak,ite,0,6,243,1729.272705078125,243,1791.198974609375,97.74945788969796,78.70958101449801,2
pgame_seed1,pgame,1,leg2_weak,ite,0,7,243,1661.503173828125,243,1791.198974609375,97.74945788969796,78.70958101449801,2
pgame_seed1,pgame,1,leg2_weak,ite,0,8,61,1770.458251953125,243,1791.198974609375,97.74945788969796,78.70958101449801,2
pgame_seed1,pgame,1,leg2_weak,ite,0,9,61,1798.5479736328125,243,1791.198974609375,97.74945788969796,78.70958101449801,2
pgame_seed1,pgame,1,leg2_weak,ite,0,10,61,1732.2398681640625,243,1791.198974609375,97.74945788969796,78.70958101449801,2
pgame_seed1,pgame,1,leg2_weak,ite,0,11,61,1732.2288818359375,243,1791.198974609375,97.74945788969796,78.70958101449801,2
pgame_seed1,pgame,1,leg2_weak,ite,0,12,61,1810.04052734375,61,1791.4833984375,97.78741326707573,78.74014335126333,2
pgame_seed1,pgame,1,leg2_weak,ite,0,13,61,1788.443603515625,61,1791.4833984375,97.78741326707573,78.74014335126333,2
pgame_seed1,pgame,1,leg2_weak,ite,0,14,61,1822.147705078125,61,1791.4833984375,97.78741326707573,78.74014335126333,2
pgame_seed1,pgame,1,leg2_weak,ite,0,15,61,1660.601318359375,61,1791.4833984375,97.78741326707573,78.74014335126333,2
pgame_seed1,pgame,1,leg2_weak,ite,0,16,61,1874.036376953125,61,1791.4833984375,97.78741326707573,78.74014335126333,2
pgame_seed1,pgame,1,leg2_weak,ite,0,17,61,1778.1666259765625,61,1791.4833984375,97.78741326707573,78.74014335126333,2
pgame_seed1,pgame,1,leg2_weak,ite,0,18,61,1666.21923828125,61,1791.4833984375,97.78741326707573,78.74014335126333,2
pgame_seed1,pgame,1,leg2_weak,ite,0,19,61,1850.376708984375,61,1791.4833984375,97.78741326707573,78.74014335126333,2
pgame_seed1,pgame,1,leg2_weak,ite,0,20,61,1777.5545654296875,61,1791.4833984375,97.78741326707573,78.74014335126333,2
pgame_seed1,pgame,1,leg2_weak,ite,1,1,578,1741.1109619140625,578,1753.3851318359375,92.70333119197674,74.64635113375645,2
pgame_seed1,pgame,1,leg2_weak,ite,1,2,243,1772.7451171875,243,1791.198974609375,97.74945788969796,78.70958101449801,2
pgame_seed1,pgame,1,leg2_weak,ite,1,3,61,1803.61279296875,61,1791.4833984375,97.78741326707573,78.74014335126333,2
pgame_seed1,pgame,1,leg2_weak,ite,1,4,61,1834.983642578125,61,1791.4833984375,97.78741326707573,78.74014335126333,2
pgame_seed1,pgame,1,leg2_weak,ite,1,5,61,1658.668212890625,61,1791.4833984375,97.78741326707573,78.74014335126333,2
pgame_seed1,pgame,1,leg2_weak,ite,1,6,243,1737.65185546875,61,1791.4833984375,97.78741326707573,78.74014335126333,2
pgame_seed1,pgame,1,leg2_weak,ite,1,7,578,1719.78271484375,61,1791.4833984375,97.78741326707573,78.74014335126333,2
pgame_seed1,pgame,1,leg2_weak,ite,1,8,61,1730.331787109375,61,1791.4833984375,97.78741326707573,78.74014335126333,2
pgame_seed1,pgame,1,leg2_weak,ite,1,9,243,1700.51171875,61,1791.4833984375,97.78741326707573,78.74014335126333,2
pgame_seed1,pgame,1,leg2_weak,ite,1,10,61,1779.9814453125,61,1791.4833984375,97.78741326707573,78.74014335126333,2
pgame_seed1,pgame,1,leg2_weak,ite,1,11,61,1752.9765625,61,1791.4833984375,97.78741326707573,78.74014335126333,2
pgame_seed1,pgame,1,leg2_weak,ite,1,12,61,1734.8697509765625,61,1791.4833984375,97.78741326707573,78.74014335126333,2
pgame_seed1,pgame,1,leg2_weak,ite,1,13,61,1743.468994140625,61,1791.4833984375,97.78741326707573,78.74014335126333,2
pgame_seed1,pgame,1,leg2_weak,ite,1,14,61,1765.3013916015625,61,1791.4833984375,97.78741326707573,78.74014335126333,2
pgame_seed1,pgame,1,leg2_weak,ite,1,15,61,1837.157958984375,61,1791.4833984375,97.78741326707573,78.74014335126333,2
pgame_seed1,pgame,1,leg2_weak,ite,1,16,61,1782.8349609375,61,1791.4833984375,97.78741326707573,78.74014335126333,2
pgame_seed1,pgame,1,leg2_weak,ite,1,17,61,1758.68115234375,61,1791.4833984375,97.78741326707573,78.74014335126333,2
pgame_seed1,pgame,1,leg2_weak,ite,1,18,61,1769.014404296875,61,1791.4833984375,97.78741326707573,78.74014335126333,2
pgame_seed1,pgame,1,leg2_weak,ite,1,19,61,1730.6632080078125,61,1791.4833984375,97.78741326707573,78.74014335126333,2
pgame_seed1,pgame,1,leg2_weak,ite,1,20,61,1804.7587890625,61,1791.4833984375,97.78741326707573,78.74014335126333,2
pgame_seed1,pgame,1,leg2_weak,ite,2,1,578,1720.7552490234375,578,1753.3851318359375,92.70333119197674,74.64635113375645,3
pgame_seed1,pgame,1,leg2_weak,ite,2,2,243,1687.8984375,578,1753.3851318359375,92.70333119197674,74.64635113375645,3
pgame_seed1,pgame,1,leg2_weak,ite,2,3,61,1725.823974609375,61,1791.4833984375,97.78741326707573,78.74014335126333,3
pgame_seed1,pgame,1,leg2_weak,ite,2,4,61,1810.7281494140625,61,1791.4833984375,97.78741326707573,78.74014335126333,3
pgame_seed1,pgame,1,leg2_weak,ite,2,5,61,1641.9764404296875,61,1791.4833984375,97.78741326707573,78.74014335126333,3
pgame_seed1,pgame,1,leg2_weak,ite,2,6,578,1764.675048828125,61,1791.4833984375,97.78741326707573,78.74014335126333,3
pgame_seed1,pgame,1,leg2_weak,ite,2,7,578,1696.0682373046875,61,1791.4833984375,97.78741326707573,78.74014335126333,3
pgame_seed1,pgame,1,leg2_weak,ite,2,8,61,1811.24609375,61,1791.4833984375,97.78741326707573,78.74014335126333,3
pgame_seed1,pgame,1,leg2_weak,ite,2,9,61,1719.0672607421875,61,1791.4833984375,97.78741326707573,78.74014335126333,3
pgame_seed1,pgame,1,leg2_weak,ite,2,10,61,1734.6531982421875,61,1791.4833984375,97.78741326707573,78.74014335126333,3
pgame_seed1,pgame,1,leg2_weak,ite,2,11,61,1729.099853515625,61,1791.4833984375,97.78741326707573,78.74014335126333,3
pgame_seed1,pgame,1,leg2_weak,ite,2,12,61,1796.179931640625,61,1791.4833984375,97.78741326707573,78.74014335126333,3
pgame_seed1,pgame,1,leg2_weak,ite,2,13,61,1676.063232421875,61,1791.4833984375,97.78741326707573,78.74014335126333,3
pgame_seed1,pgame,1,leg2_weak,ite,2,14,61,1764.090087890625,61,1791.4833984375,97.78741326707573,78.74014335126333,3
pgame_seed1,pgame,1,leg2_weak,ite,2,15,61,1786.4072265625,61,1791.4833984375,97.78741326707573,78.74014335126333,3
pgame_seed1,pgame,1,leg2_weak,ite,2,16,61,1759.38720703125,61,1791.4833984375,97.78741326707573,78.74014335126333,3
pgame_seed1,pgame,1,leg2_weak,ite,2,17,61,1800.3778076171875,61,1791.4833984375,97.78741326707573,78.74014335126333,3
pgame_seed1,pgame,1,leg2_weak,ite,2,18,61,1806.478759765625,61,1791.4833984375,97.78741326707573,78.74014335126333,3
pgame_seed1,pgame,1,leg2_weak,ite,2,19,61,1805.1171875,61,1791.4833984375,97.78741326707573,78.74014335126333,3
pgame_seed1,pgame,1,leg2_weak,ite,2,20,61,1705.1015625,61,1791.4833984375,97.78741326707573,78.74014335126333,3
pgame_seed1,pgame,1,leg2_weak,ite,3,1,578,1661.151123046875,578,1753.3851318359375,92.70333119197674,74.64635113375645,2
pgame_seed1,pgame,1,leg2_weak,ite,3,2,243,1838.655029296875,243,1791.198974609375,97.74945788969796,78.70958101449801,2
pgame_seed1,pgame,1,leg2_weak,ite,3,3,243,1420.8206787109375,243,1791.198974609375,97.74945788969796,78.70958101449801,2
pgame_seed1,pgame,1,leg2_weak,ite,3,4,61,1750.50341796875,243,1791.198974609375,97.74945788969796,78.70958101449801,2
pgame_seed1,pgame,1,leg2_weak,ite,3,5,61,1846.545166015625,61,1791.4833984375,97.78741326707573,78.74014335126333,2
pgame_seed1,pgame,1,leg2_weak,ite,3,6,61,1807.4129638671875,61,1791.4833984375,97.78741326707573,78.74014335126333,2
pgame_seed1,pgame,1,leg2_weak,ite,3,7,61,1840.603271484375,61,1791.4833984375,97.78741326707573,78.74014335126333,2
pgame_seed1,pgame,1,leg2_weak,ite,3,8,61,1817.135498046875,61,1791.4833984375,97.78741326707573,78.74014335126333,2
pgame_seed1,pgame,1,leg2_weak,ite,3,9,61,1717.53271484375,61,1791.4833984375,97.78741326707573,78.74014335126333,2
pgame_seed1,pgame,1,leg2_weak,ite,3,10,61,1777.814453125,61,1791.4833984375,97.78741326707573,78.74014335126333,2
pgame_seed1,pgame,1,leg2_weak,ite,3,11,61,1821.52392578125,61,1791.4833984375,97.78741326707573,78.74014335126333,2
pgame_seed1,pgame,1,leg2_weak,ite,3,12,61,1758.705322265625,61,1791.4833984375,97.78741326707573,78.74014335126333,2
pgame_seed1,pgame,1,leg2_weak,ite,3,13,61,1710.7998046875,61,1791.4833984375,97.78741326707573,78.74014335126333,2
pgame_seed1,pgame,1,leg2_weak,ite,3,14,61,1845.53515625,61,1791.4833984375,97.78741326707573,78.74014335126333,2
pgame_seed1,pgame,1,leg2_weak,ite,3,15,61,1778.4322509765625,61,1791.4833984375,97.78741326707573,78.74014335126333,2
pgame_seed1,pgame,1,leg2_weak,ite,3,16,61,1840.44384765625,61,1791.4833984375,97.78741326707573,78.74014335126333,2
pgame_seed1,pgame,1,leg2_weak,ite,3,17,61,1859.227294921875,61,1791.4833984375,97.78741326707573,78.74014335126333,2
pgame_seed1,pgame,1,leg2_weak,ite,3,18,61,1841.4013671875,61,1791.4833984375,97.78741326707573,78.74014335126333,2
pgame_seed1,pgame,1,leg2_weak,ite,3,19,61,1835.8564453125,61,1791.4833984375,97.78741326707573,78.74014335126333,2
pgame_seed1,pgame,1,leg2_weak,ite,3,20,61,1769.328369140625,61,1791.4833984375,97.78741326707573,78.74014335126333,2
pgame_seed1,pgame,1,leg2_weak,ite,4,1,578,1713.876953125,578,1753.3851318359375,92.70333119197674,74.64635113375645,2
pgame_seed1,pgame,1,leg2_weak,ite,4,2,243,1772.676025390625,243,1791.198974609375,97.74945788969796,78.70958101449801,2
pgame_seed1,pgame,1,leg2_weak,ite,4,3,61,1788.861328125,61,1791.4833984375,97.78741326707573,78.74014335126333,2
pgame_seed1,pgame,1,leg2_weak,ite,4,4,61,1802.41845703125,61,1791.4833984375,97.78741326707573,78.74014335126333,2
pgame_seed1,pgame,1,leg2_weak,ite,4,5,61,1731.157470703125,61,1791.4833984375,97.78741326707573,78.74014335126333,2
pgame_seed1,pgame,1,leg2_weak,ite,4,6,243,1736.3221435546875,61,1791.4833984375,97.78741326707573,78.74014335126333,2
pgame_seed1,pgame,1,leg2_weak,ite,4,7,61,1680.93359375,61,1791.4833984375,97.78741326707573,78.74014335126333,2
pgame_seed1,pgame,1,leg2_weak,ite,4,8,243,1630.977783203125,61,1791.4833984375,97.78741326707573,78.74014335126333,2
pgame_seed1,pgame,1,leg2_weak,ite,4,9,61,1805.489990234375,61,1791.4833984375,97.78741326707573,78.74014335126333,2
pgame_seed1,pgame,1,leg2_weak,ite,4,10,61,1776.3641357421875,61,1791.4833984375,97.78741326707573,78.74014335126333,2
pgame_seed1,pgame,1,leg2_weak,ite,4,11,61,1750.6802978515625,61,1791.4833984375,97.78741326707573,78.74014335126333,2
pgame_seed1,pgame,1,leg2_weak,ite,4,12,61,1826.39404296875,61,1791.4833984375,97.78741326707573,78.74014335126333,2
pgame_seed1,pgame,1,leg2_weak,ite,4,13,61,1809.385986328125,61,1791.4833984375,97.78741326707573,78.74014335126333,2
pgame_seed1,pgame,1,leg2_weak,ite,4,14,61,1675.97900390625,61,1791.4833984375,97.78741326707573,78.74014335126333,2
pgame_seed1,pgame,1,leg2_weak,ite,4,15,61,1833.30615234375,61,1791.4833984375,97.78741326707573,78.74014335126333,2
pgame_seed1,pgame,1,leg2_weak,ite,4,16,61,1778.6163330078125,61,1791.4833984375,97.78741326707573,78.74014335126333,2
pgame_seed1,pgame,1,leg2_weak,ite,4,17,61,1708.4443359375,61,1791.4833984375,97.78741326707573,78.74014335126333,2
pgame_seed1,pgame,1,leg2_weak,ite,4,18,61,1839.9871826171875,61,1791.4833984375,97.78741326707573,78.74014335126333,2
pgame_seed1,pgame,1,leg2_weak,ite,4,19,61,1817.5640869140625,61,1791.4833984375,97.78741326707573,78.74014335126333,2
pgame_seed1,pgame,1,leg2_weak,ite,4,20,61,1752.2611083984375,61,1791.4833984375,97.78741326707573,78.74014335126333,2
pgame_seed1,pgame,1,leg2_weak,top_k,0,1,578,1732.129638671875,578,1753.3851318359375,92.70333119197674,74.64635113375645,
pgame_seed1,pgame,1,leg2_weak,top_k,0,2,243,1803.5791015625,243,1791.198974609375,97.74945788969796,78.70958101449801,
pgame_seed1,pgame,1,leg2_weak,top_k,0,3,61,1779.9547119140625,243,1791.198974609375,97.74945788969796,78.70958101449801,
pgame_seed1,pgame,1,leg2_weak,top_k,0,4,128,1800.273193359375,243,1791.198974609375,97.74945788969796,78.70958101449801,
pgame_seed1,pgame,1,leg2_weak,top_k,0,5,193,1795.198974609375,243,1791.198974609375,97.74945788969796,78.70958101449801,
pgame_seed1,pgame,1,leg2_weak,top_k,0,6,617,1730.767822265625,243,1791.198974609375,97.74945788969796,78.70958101449801,
pgame_seed1,pgame,1,leg2_weak,top_k,0,7,311,1784.284912109375,243,1791.198974609375,97.74945788969796,78.70958101449801,
pgame_seed1,pgame,1,leg2_weak,top_k,0,8,863,1706.10595703125,243,1791.198974609375,97.74945788969796,78.70958101449801,
pgame_seed1,pgame,1,leg2_weak,top_k,0,9,365,1712.267578125,243,1791.198974609375,97.74945788969796,78.70958101449801,
pgame_seed1,pgame,1,leg2_weak,top_k,0,10,810,1680.690673828125,243,1791.198974609375,97.74945788969796,78.70958101449801,
pgame_seed1,pgame,1,leg2_weak,top_k,0,11,783,1707.969482421875,243,1791.198974609375,97.74945788969796,78.70958101449801,
pgame_seed1,pgame,1,leg2_weak,top_k,0,12,28,1757.9443359375,243,1791.198974609375,97.74945788969796,78.70958101449801,
pgame_seed1,pgame,1,leg2_weak,top_k,0,13,157,1693.135498046875,243,1791.198974609375,97.74945788969796,78.70958101449801,
pgame_seed1,pgame,1,leg2_weak,top_k,0,14,736,1783.7431640625,243,1791.198974609375,97.74945788969796,78.70958101449801,
pgame_seed1,pgame,1,leg2_weak,top_k,0,15,399,1722.505615234375,243,1791.198974609375,97.74945788969796,78.70958101449801,
pgame_seed1,pgame,1,leg2_weak,top_k,0,16,276,1440.27001953125,243,1791.198974609375,97.74945788969796,78.70958101449801,
pgame_seed1,pgame,1,leg2_weak,top_k,0,17,414,1691.826416015625,243,1791.198974609375,97.74945788969796,78.70958101449801,
pgame_seed1,pgame,1,leg2_weak,top_k,0,18,693,1755.989501953125,243,1791.198974609375,97.74945788969796,78.70958101449801,
pgame_seed1,pgame,1,leg2_weak,top_k,0,19,751,1807.12109375,751,1773.2713623046875,95.3570799550061,76.78319626584386,
pgame_seed1,pgame,1,leg2_weak,top_k,0,20,27,1783.551025390625,751,1773.2713623046875,95.3570799550061,76.78319626584386,
pgame_seed1,pgame,1,leg2_weak,top_k,1,1,578,1753.279296875,578,1753.3851318359375,92.70333119197674,74.64635113375645,
pgame_seed1,pgame,1,leg2_weak,top_k,1,2,243,1728.615478515625,578,1753.3851318359375,92.70333119197674,74.64635113375645,
pgame_seed1,pgame,1,leg2_weak,top_k,1,3,61,1754.260498046875,61,1791.4833984375,97.78741326707573,78.74014335126333,
pgame_seed1,pgame,1,leg2_weak,top_k,1,4,128,1768.475830078125,128,1792.24951171875,97.8896484380727,78.82246490728869,
pgame_seed1,pgame,1,leg2_weak,top_k,1,5,193,1792.962158203125,193,1749.1080322265625,92.132567023495,74.18676179659634,
pgame_seed1,pgame,1,leg2_weak,top_k,1,6,617,1714.978515625,193,1749.1080322265625,92.132567023495,74.18676179659634,
pgame_seed1,pgame,1,leg2_weak,top_k,1,7,311,1787.98828125,193,1749.1080322265625,92.132567023495,74.18676179659634,
pgame_seed1,pgame,1,leg2_weak,top_k,1,8,863,1776.248046875,193,1749.1080322265625,92.132567023495,74.18676179659634,
pgame_seed1,pgame,1,leg2_weak,top_k,1,9,365,1695.2060546875,193,1749.1080322265625,92.132567023495,74.18676179659634,
pgame_seed1,pgame,1,leg2_weak,top_k,1,10,810,1700.540283203125,193,1749.1080322265625,92.132567023495,74.18676179659634,
pgame_seed1,pgame,1,leg2_weak,top_k,1,11,783,1763.626953125,193,1749.1080322265625,92.132567023495,74.18676179659634,
pgame_seed1,pgame,1,leg2_weak,top_k,1,12,28,1792.364990234375,193,1749.1080322265625,92.132567023495,74.18676179659634,
pgame_seed1,pgame,1,leg2_weak,top_k,1,13,157,1729.75,193,1749.1080322265625,92.132567023495,74.18676179659634,
pgame_seed1,pgame,1,leg2_weak,top_k,1,14,736,1834.623046875,736,1796.798583984375,98.49670641805558,79.31127865917546,
pgame_seed1,pgame,1,leg2_weak,top_k,1,15,399,1652.962646484375,736,1796.798583984375,98.49670641805558,79.31127865917546,
pgame_seed1,pgame,1,leg2_weak,top_k,1,16,276,1723.073486328125,736,1796.798583984375,98.49670641805558,79.31127865917546,
pgame_seed1,pgame,1,leg2_weak,top_k,1,17,414,1770.422607421875,736,1796.798583984375,98.49670641805558,79.31127865917546,
pgame_seed1,pgame,1,leg2_weak,top_k,1,18,693,1744.751953125,736,1796.798583984375,98.49670641805558,79.31127865917546,
pgame_seed1,pgame,1,leg2_weak,top_k,1,19,751,1810.136962890625,736,1796.798583984375,98.49670641805558,79.31127865917546,
pgame_seed1,pgame,1,leg2_weak,top_k,1,20,27,1753.74951171875,736,1796.798583984375,98.49670641805558,79.31127865917546,
pgame_seed1,pgame,1,leg2_weak,top_k,2,1,578,1736.4326171875,578,1753.3851318359375,92.70333119197674,74.64635113375645,
pgame_seed1,pgame,1,leg2_weak,top_k,2,2,243,1748.3834228515625,243,1791.198974609375,97.74945788969796,78.70958101449801,
pgame_seed1,pgame,1,leg2_weak,top_k,2,3,61,1838.544677734375,61,1791.4833984375,97.78741326707573,78.74014335126333,
pgame_seed1,pgame,1,leg2_weak,top_k,2,4,128,1796.2840576171875,61,1791.4833984375,97.78741326707573,78.74014335126333,
pgame_seed1,pgame,1,leg2_weak,top_k,2,5,193,1736.12548828125,61,1791.4833984375,97.78741326707573,78.74014335126333,
pgame_seed1,pgame,1,leg2_weak,top_k,2,6,617,1756.055908203125,61,1791.4833984375,97.78741326707573,78.74014335126333,
pgame_seed1,pgame,1,leg2_weak,top_k,2,7,311,1712.321533203125,61,1791.4833984375,97.78741326707573,78.74014335126333,
pgame_seed1,pgame,1,leg2_weak,top_k,2,8,863,1774.36669921875,61,1791.4833984375,97.78741326707573,78.74014335126333,
pgame_seed1,pgame,1,leg2_weak,top_k,2,9,365,1785.7921142578125,61,1791.4833984375,97.78741326707573,78.74014335126333,
pgame_seed1,pgame,1,leg2_weak,top_k,2,10,810,1707.70263671875,61,1791.4833984375,97.78741326707573,78.74014335126333,
pgame_seed1,pgame,1,leg2_weak,top_k,2,11,783,1647.9705810546875,61,1791.4833984375,97.78741326707573,78.74014335126333,
pgame_seed1,pgame,1,leg2_weak,top_k,2,12,28,1693.39990234375,61,1791.4833984375,97.78741326707573,78.74014335126333,
pgame_seed1,pgame,1,leg2_weak,top_k,2,13,157,1758.9036865234375,61,1791.4833984375,97.78741326707573,78.74014335126333,
pgame_seed1,pgame,1,leg2_weak,top_k,2,14,736,1751.77392578125,61,1791.4833984375,97.78741326707573,78.74014335126333,
pgame_seed1,pgame,1,leg2_weak,top_k,2,15,399,1716.840576171875,61,1791.4833984375,97.78741326707573,78.74014335126333,
pgame_seed1,pgame,1,leg2_weak,top_k,2,16,276,1779.9530029296875,61,1791.4833984375,97.78741326707573,78.74014335126333,
pgame_seed1,pgame,1,leg2_weak,top_k,2,17,414,1775.77880859375,61,1791.4833984375,97.78741326707573,78.74014335126333,
pgame_seed1,pgame,1,leg2_weak,top_k,2,18,693,1790.49755859375,61,1791.4833984375,97.78741326707573,78.74014335126333,
pgame_seed1,pgame,1,leg2_weak,top_k,2,19,751,1732.5550537109375,61,1791.4833984375,97.78741326707573,78.74014335126333,
pgame_seed1,pgame,1,leg2_weak,top_k,2,20,27,1869.2056884765625,27,1521.986328125,61.82396015786569,49.7817390064061,
pgame_seed1,pgame,1,leg2_weak,top_k,3,1,578,1791.1781005859375,578,1753.3851318359375,92.70333119197674,74.64635113375645,
pgame_seed1,pgame,1,leg2_weak,top_k,3,2,243,1822.13525390625,243,1791.198974609375,97.74945788969796,78.70958101449801,
pgame_seed1,pgame,1,leg2_weak,top_k,3,3,61,1770.15087890625,243,1791.198974609375,97.74945788969796,78.70958101449801,
pgame_seed1,pgame,1,leg2_weak,top_k,3,4,128,1828.11279296875,128,1792.24951171875,97.8896484380727,78.82246490728869,
pgame_seed1,pgame,1,leg2_weak,top_k,3,5,193,1759.29833984375,128,1792.24951171875,97.8896484380727,78.82246490728869,
pgame_seed1,pgame,1,leg2_weak,top_k,3,6,617,1724.3675537109375,128,1792.24951171875,97.8896484380727,78.82246490728869,
pgame_seed1,pgame,1,leg2_weak,top_k,3,7,311,1778.458251953125,128,1792.24951171875,97.8896484380727,78.82246490728869,
pgame_seed1,pgame,1,leg2_weak,top_k,3,8,863,1780.8201904296875,128,1792.24951171875,97.8896484380727,78.82246490728869,
pgame_seed1,pgame,1,leg2_weak,top_k,3,9,365,1753.6083984375,128,1792.24951171875,97.8896484380727,78.82246490728869,
pgame_seed1,pgame,1,leg2_weak,top_k,3,10,810,1694.234619140625,128,1792.24951171875,97.8896484380727,78.82246490728869,
pgame_seed1,pgame,1,leg2_weak,top_k,3,11,783,1774.4315185546875,128,1792.24951171875,97.8896484380727,78.82246490728869,
pgame_seed1,pgame,1,leg2_weak,top_k,3,12,28,1768.997314453125,128,1792.24951171875,97.8896484380727,78.82246490728869,
pgame_seed1,pgame,1,leg2_weak,top_k,3,13,157,1773.0577392578125,128,1792.24951171875,97.8896484380727,78.82246490728869,
pgame_seed1,pgame,1,leg2_weak,top_k,3,14,736,1815.7080078125,128,1792.24951171875,97.8896484380727,78.82246490728869,
pgame_seed1,pgame,1,leg2_weak,top_k,3,15,399,1749.117919921875,128,1792.24951171875,97.8896484380727,78.82246490728869,
pgame_seed1,pgame,1,leg2_weak,top_k,3,16,276,1835.62646484375,276,1747.47509765625,91.91465754573429,74.0112972562918,
pgame_seed1,pgame,1,leg2_weak,top_k,3,17,414,1751.7906494140625,276,1747.47509765625,91.91465754573429,74.0112972562918,
pgame_seed1,pgame,1,leg2_weak,top_k,3,18,693,1776.6751708984375,276,1747.47509765625,91.91465754573429,74.0112972562918,
pgame_seed1,pgame,1,leg2_weak,top_k,3,19,751,1775.95361328125,276,1747.47509765625,91.91465754573429,74.0112972562918,
pgame_seed1,pgame,1,leg2_weak,top_k,3,20,27,1797.3948974609375,276,1747.47509765625,91.91465754573429,74.0112972562918,
pgame_seed1,pgame,1,leg2_weak,top_k,4,1,578,1727.346923828125,578,1753.3851318359375,92.70333119197674,74.64635113375645,
pgame_seed1,pgame,1,leg2_weak,top_k,4,2,243,1828.1473388671875,243,1791.198974609375,97.74945788969796,78.70958101449801,
pgame_seed1,pgame,1,leg2_weak,top_k,4,3,61,1830.091064453125,61,1791.4833984375,97.78741326707573,78.74014335126333,
pgame_seed1,pgame,1,leg2_weak,top_k,4,4,128,1795.6868896484375,61,1791.4833984375,97.78741326707573,78.74014335126333,
pgame_seed1,pgame,1,leg2_weak,top_k,4,5,193,1743.8543701171875,61,1791.4833984375,97.78741326707573,78.74014335126333,
pgame_seed1,pgame,1,leg2_weak,top_k,4,6,617,1712.35986328125,61,1791.4833984375,97.78741326707573,78.74014335126333,
pgame_seed1,pgame,1,leg2_weak,top_k,4,7,311,1809.82275390625,61,1791.4833984375,97.78741326707573,78.74014335126333,
pgame_seed1,pgame,1,leg2_weak,top_k,4,8,863,1780.197265625,61,1791.4833984375,97.78741326707573,78.74014335126333,
pgame_seed1,pgame,1,leg2_weak,top_k,4,9,365,1774.6827392578125,61,1791.4833984375,97.78741326707573,78.74014335126333,
pgame_seed1,pgame,1,leg2_weak,top_k,4,10,810,1682.638916015625,61,1791.4833984375,97.78741326707573,78.74014335126333,
pgame_seed1,pgame,1,leg2_weak,top_k,4,11,783,1831.417236328125,783,1802.2459716796875,99.2236414890784,79.89661955108623,
pgame_seed1,pgame,1,leg2_weak,top_k,4,12,28,1758.235107421875,783,1802.2459716796875,99.2236414890784,79.89661955108623,
pgame_seed1,pgame,1,leg2_weak,top_k,4,13,157,1723.5013427734375,783,1802.2459716796875,99.2236414890784,79.89661955108623,
pgame_seed1,pgame,1,leg2_weak,top_k,4,14,736,1766.3199462890625,783,1802.2459716796875,99.2236414890784,79.89661955108623,
pgame_seed1,pgame,1,leg2_weak,top_k,4,15,399,1768.3663330078125,783,1802.2459716796875,99.2236414890784,79.89661955108623,
pgame_seed1,pgame,1,leg2_weak,top_k,4,16,276,1725.2911376953125,783,1802.2459716796875,99.2236414890784,79.89661955108623,
pgame_seed1,pgame,1,leg2_weak,top_k,4,17,414,1688.2744140625,783,1802.2459716796875,99.2236414890784,79.89661955108623,
pgame_seed1,pgame,1,leg2_weak,top_k,4,18,693,1776.4139404296875,783,1802.2459716796875,99.2236414890784,79.89661955108623,
pgame_seed1,pgame,1,leg2_weak,top_k,4,19,751,1792.7840576171875,783,1802.2459716796875,99.2236414890784,79.89661955108623,
pgame_seed1,pgame,1,leg2_weak,top_k,4,20,27,1772.66552734375,783,1802.2459716796875,99.2236414890784,79.89661955108623,
pgame_seed1,pgame,1,leg3_weak,ite,0,1,578,1689.844970703125,578,1771.1859130859375,92.29764060123944,76.55910744125218,3
pgame_seed1,pgame,1,leg3_weak,ite,0,2,243,1614.767822265625,578,1771.1859130859375,92.29764060123944,76.55910744125218,3
pgame_seed1,pgame,1,leg3_weak,ite,0,3,61,1742.98046875,61,1771.1298828125,92.29038226539652,76.55308679207823,3
pgame_seed1,pgame,1,leg3_weak,ite,0,4,61,1723.1005859375,61,1771.1298828125,92.29038226539652,76.55308679207823,3
pgame_seed1,pgame,1,leg3_weak,ite,0,5,61,1719.658203125,61,1771.1298828125,92.29038226539652,76.55308679207823,3
pgame_seed1,pgame,1,leg3_weak,ite,0,6,61,1740.7843017578125,61,1771.1298828125,92.29038226539652,76.55308679207823,3
pgame_seed1,pgame,1,leg3_weak,ite,0,7,61,1718.6513671875,61,1771.1298828125,92.29038226539652,76.55308679207823,3
pgame_seed1,pgame,1,leg3_weak,ite,0,8,61,1666.2318115234375,61,1771.1298828125,92.29038226539652,76.55308679207823,3
pgame_seed1,pgame,1,leg3_weak,ite,0,9,61,1724.57080078125,61,1771.1298828125,92.29038226539652,76.55308679207823,3
pgame_seed1,pgame,1,leg3_weak,ite,0,10,61,1740.002685546875,61,1771.1298828125,92.29038226539652,76.55308679207823,3
pgame_seed1,pgame,1,leg3_weak,ite,0,11,61,1661.326904296875,61,1771.1298828125,92.29038226539652,76.55308679207823,3
pgame_seed1,pgame,1,leg3_weak,ite,0,12,61,1792.30419921875,61,1771.1298828125,92.29038226539652,76.55308679207823,3
pgame_seed1,pgame,1,leg3_weak,ite,0,13,61,1779.1085205078125,61,1771.1298828125,92.29038226539652,76.55308679207823,3
pgame_seed1,pgame,1,leg3_weak,ite,0,14,61,1769.74072265625,61,1771.1298828125,92.29038226539652,76.55308679207823,3
pgame_seed1,pgame,1,leg3_weak,ite,0,15,61,1704.510009765625,61,1771.1298828125,92.29038226539652,76.55308679207823,3
pgame_seed1,pgame,1,leg3_weak,ite,0,16,61,1764.0030517578125,61,1771.1298828125,92.29038226539652,76.55308679207823,3
pgame_seed1,pgame,1,leg3_weak,ite,0,17,61,1706.9306640625,61,1771.1298828125,92.29038226539652,76.55308679207823,3
pgame_seed1,pgame,1,leg3_weak,ite,0,18,61,1750.998291015625,61,1771.1298828125,92.29038226539652,76.55308679207823,3
pgame_seed1,pgame,1,leg3_weak,ite,0,19,61,1723.806884765625,61,1771.1298828125,92.29038226539652,76.55308679207823,3
pgame_seed1,pgame,1,leg3_weak,ite,0,20,61,1718.4951171875,61,1771.1298828125,92.29038226539652,76.55308679207823,3
pgame_seed1,pgame,1,leg3_weak,ite,1,1,578,1678.6922607421875,578,1771.1859130859375,92.29764060123944,76.55910744125218,3
pgame_seed1,pgame,1,leg3_weak,ite,1,2,243,1627.923828125,578,1771.1859130859375,92.29764060123944,76.55910744125218,3
pgame_seed1,pgame,1,leg3_weak,ite,1,3,61,1783.0252685546875,61,1771.1298828125,92.29038226539652,76.55308679207823,3
pgame_seed1,pgame,1,leg3_weak,ite,1,4,61,1727.7655029296875,61,1771.1298828125,92.29038226539652,76.55308679207823,3
pgame_seed1,pgame,1,leg3_weak,ite,1,5,61,1782.35205078125,61,1771.1298828125,92.29038226539652,76.55308679207823,3
pgame_seed1,pgame,1,leg3_weak,ite,1,6,61,1759.73193359375,61,1771.1298828125,92.29038226539652,76.55308679207823,3
pgame_seed1,pgame,1,leg3_weak,ite,1,7,61,1681.5391845703125,61,1771.1298828125,92.29038226539652,76.55308679207823,3
pgame_seed1,pgame,1,leg3_weak,ite,1,8,61,1739.4345703125,61,1771.1298828125,92.29038226539652,76.55308679207823,3
pgame_seed1,pgame,1,leg3_weak,ite,1,9,61,1740.24462890625,61,1771.1298828125,92.29038226539652,76.55308679207823,3
pgame_seed1,pgame,1,leg3_weak,ite,1,10,61,1679.505859375,61,1771.1298828125,92.29038226539652,76.55308679207823,3
pgame_seed1,pgame,1,leg3_weak,ite,1,11,61,1733.964599609375,61,1771.1298828125,92.29038226539652,76.55308679207823,3
pgame_seed1,pgame,1,leg3_weak,ite,1,12,61,1725.000244140625,61,1771.1298828125,92.29038226539652,76.55308679207823,3
pgame_seed1,pgame,1,leg3_weak,ite,1,13,61,1671.5947265625,61,1771.1298828125,92.29038226539652,76.55308679207823,3
pgame_seed1,pgame,1,leg3_weak,ite,1,14,61,1831.6568603515625,61,1771.1298828125,92.29038226539652,76.55308679207823,3
pgame_seed1,pgame,1,leg3_weak,ite,1,15,61,1690.27197265625,61,1771.1298828125,92.29038226539652,76.55308679207823,3
pgame_seed1,pgame,1,leg3_weak,ite,1,16,61,1753.605712890625,61,1771.1298828125,92.29038226539652,76.55308679207823,3
pgame_seed1,pgame,1,leg3_weak,ite,1,17,61,1688.7706298828125,61,1771.1298828125,92.29038226539652,76.55308679207823,3
pgame_seed1,pgame,1,leg3_weak,ite,1,18,61,1748.89453125,61,1771.1298828125,92.29038226539652,76.55308679207823,3
pgame_seed1,pgame,1,leg3_weak,ite,1,19,61,1799.961669921875,61,1771.1298828125,92.29038226539652,76.55308679207823,3
pgame_seed1,pgame,1,leg3_weak,ite,1,20,61,1765.9036865234375,61,1771.1298828125,92.29038226539652,76.55308679207823,3
pgame_seed1,pgame,1,leg3_weak,ite,2,1,578,1805.695068359375,578,1771.1859130859375,92.29764060123944,76.55910744125218,1
pgame_seed1,pgame,1,leg3_weak,ite,2,2,243,1695.8267822265625,578,1771.1859130859375,92.29764060123944,76.55910744125218,1
pgame_seed1,pgame,1,leg3_weak,ite,2,3,61,1810.1959228515625,61,1771.1298828125,92.29038226539652,76.55308679207823,1
pgame_seed1,pgame,1,leg3_weak,ite,2,4,61,1641.789794921875,61,1771.1298828125,92.29038226539652,76.55308679207823,1
pgame_seed1,pgame,1,leg3_weak,ite,2,5,578,1826.973876953125,578,1771.1859130859375,92.29764060123944,76.55910744125218,1
pgame_seed1,pgame,1,leg3_weak,ite,2,6,578,1698.70068359375,578,1771.1859130859375,92.29764060123944,76.55910744125218,1
pgame_seed1,pgame,1,leg3_weak,ite,2,7,578,1735.92529296875,578,1771.1859130859375,92.29764060123944,76.55910744125218,1
pgame_seed1,pgame,1,leg3_weak,ite,2,8,578,1745.03369140625,578,1771.1859130859375,92.29764060123944,76.55910744125218,1
pgame_seed1,pgame,1,leg3_weak,ite,2,9,578,1776.5015869140625,578,1771.1859130859375,92.29764060123944,76.55910744125218,1
pgame_seed1,pgame,1,leg3_weak,ite,2,10,578,1680.872314453125,578,1771.1859130859375,92.29764060123944,76.55910744125218,1
pgame_seed1,pgame,1,leg3_weak,ite,2,11,578,1770.50390625,578,1771.1859130859375,92.29764060123944,76.55910744125218,1
pgame_seed1,pgame,1,leg3_weak,ite,2,12,578,1826.9364013671875,578,1771.1859130859375,92.29764060123944,76.55910744125218,1
pgame_seed1,pgame,1,leg3_weak,ite,2,13,578,1775.9931640625,578,1771.1859130859375,92.29764060123944,76.55910744125218,1
pgame_seed1,pgame,1,leg3_weak,ite,2,14,578,1659.228759765625,578,1771.1859130859375,92.29764060123944,76.55910744125218,1
pgame_seed1,pgame,1,leg3_weak,ite,2,15,578,1759.354248046875,578,1771.1859130859375,92.29764060123944,76.55910744125218,1
pgame_seed1,pgame,1,leg3_weak,ite,2,16,578,1692.8043212890625,578,1771.1859130859375,92.29764060123944,76.55910744125218,1
pgame_seed1,pgame,1,leg3_weak,ite,2,17,578,1797.4044189453125,578,1771.1859130859375,92.29764060123944,76.55910744125218,1
pgame_seed1,pgame,1,leg3_weak,ite,2,18,578,1752.757568359375,578,1771.1859130859375,92.29764060123944,76.55910744125218,1
pgame_seed1,pgame,1,leg3_weak,ite,2,19,578,1740.5517578125,578,1771.1859130859375,92.29764060123944,76.55910744125218,1
pgame_seed1,pgame,1,leg3_weak,ite,2,20,578,1798.1397705078125,578,1771.1859130859375,92.29764060123944,76.55910744125218,1
pgame_seed1,pgame,1,leg3_weak,ite,3,1,578,1738.619140625,578,1771.1859130859375,92.29764060123944,76.55910744125218,3
pgame_seed1,pgame,1,leg3_weak,ite,3,2,243,1712.5712890625,578,1771.1859130859375,92.29764060123944,76.55910744125218,3
pgame_seed1,pgame,1,leg3_weak,ite,3,3,61,1746.951904296875,61,1771.1298828125,92.29038226539652,76.55308679207823,3
pgame_seed1,pgame,1,leg3_weak,ite,3,4,61,1729.4859619140625,61,1771.1298828125,92.29038226539652,76.55308679207823,3
pgame_seed1,pgame,1,leg3_weak,ite,3,5,578,1746.2646484375,61,1771.1298828125,92.29038226539652,76.55308679207823,3
pgame_seed1,pgame,1,leg3_weak,ite,3,6,578,1770.667724609375,578,1771.1859130859375,92.29764060123944,76.55910744125218,3
pgame_seed1,pgame,1,leg3_weak,ite,3,7,578,1810.6712646484375,578,1771.1859130859375,92.29764060123944,76.55910744125218,3
pgame_seed1,pgame,1,leg3_weak,ite,3,8,578,1826.0135498046875,578,1771.1859130859375,92.29764060123944,76.55910744125218,3
pgame_seed1,pgame,1,leg3_weak,ite,3,9,578,1660.556640625,578,1771.1859130859375,92.29764060123944,76.55910744125218,3
pgame_seed1,pgame,1,leg3_weak,ite,3,10,578,1708.096435546875,578,1771.1859130859375,92.29764060123944,76.55910744125218,3
pgame_seed1,pgame,1,leg3_weak,ite,3,11,61,1739.365966796875,578,1771.1859130859375,92.29764060123944,76.55910744125218,3
pgame_seed1,pgame,1,leg3_weak,ite,3,12,578,1818.88671875,578,1771.1859130859375,92.29764060123944,76.55910744125218,3
pgame_seed1,pgame,1,leg3_weak,ite,3,13,578,1801.0469970703125,578,1771.1859130859375,92.29764060123944,76.55910744125218,3
pgame_seed1,pgame,1,leg3_weak,ite,3,14,578,1695.924072265625,578,1771.1859130859375,92.29764060123944,76.55910744125218,3
pgame_seed1,pgame,1,leg3_weak,ite,3,15,578,1791.2542724609375,578,1771.1859130859375,92.29764060123944,76.55910744125218,3
pgame_seed1,pgame,1,leg3_weak,ite,3,16,578,1710.821044921875,578,1771.1859130859375,92.29764060123944,76.55910744125218,3
pgame_seed1,pgame,1,leg3_weak,ite,3,17,578,1820.7373046875,578,1771.1859130859375,92.29764060123944,76.55910744125218,3
pgame_seed1,pgame,1,leg3_weak,ite,3,18,578,1671.251953125,578,1771.1859130859375,92.29764060123944,76.55910744125218,3
pgame_seed1,pgame,1,leg3_weak,ite,3,19,578,1710.979248046875,578,1771.1859130859375,92.29764060123944,76.55910744125218,3
pgame_seed1,pgame,1,leg3_weak,ite,3,20,243,1667.173828125,578,1771.1859130859375,92.29764060123944,76.55910744125218,3
pgame_seed1,pgame,1,leg3_weak,ite,4,1,578,1766.58349609375,578,1771.1859130859375,92.29764060123944,76.55910744125218,2
pgame_seed1,pgame,1,leg3_weak,ite,4,2,243,1659.43310546875,578,1771.1859130859375,92.29764060123944,76.55910744125218,2
pgame_seed1,pgame,1,leg3_weak,ite,4,3,61,1764.23583984375,578,1771.1859130859375,92.29764060123944,76.55910744125218,2
pgame_seed1,pgame,1,leg3_weak,ite,4,4,61,1744.56494140625,578,1771.1859130859375,92.29764060123944,76.55910744125218,2
pgame_seed1,pgame,1,leg3_weak,ite,4,5,578,1783.7403564453125,578,1771.1859130859375,92.29764060123944,76.55910744125218,2
pgame_seed1,pgame,1,leg3_weak,ite,4,6,578,1673.260498046875,578,1771.1859130859375,92.29764060123944,76.55910744125218,2
pgame_seed1,pgame,1,leg3_weak,ite,4,7,61,1744.701416015625,578,1771.1859130859375,92.29764060123944,76.55910744125218,2
pgame_seed1,pgame,1,leg3_weak,ite,4,8,61,1732.1279296875,578,1771.1859130859375,92.29764060123944,76.55910744125218,2
pgame_seed1,pgame,1,leg3_weak,ite,4,9,61,1730.3583984375,578,1771.1859130859375,92.29764060123944,76.55910744125218,2
pgame_seed1,pgame,1,leg3_weak,ite,4,10,61,1707.3970947265625,578,1771.1859130859375,92.29764060123944,76.55910744125218,2
pgame_seed1,pgame,1,leg3_weak,ite,4,11,578,1767.6868896484375,578,1771.1859130859375,92.29764060123944,76.55910744125218,2
pgame_seed1,pgame,1,leg3_weak,ite,4,12,578,1795.4573974609375,578,1771.1859130859375,92.29764060123944,76.55910744125218,2
pgame_seed1,pgame,1,leg3_weak,ite,4,13,578,1714.230224609375,578,1771.1859130859375,92.29764060123944,76.55910744125218,2
pgame_seed1,pgame,1,leg3_weak,ite,4,14,578,1756.294677734375,578,1771.1859130859375,92.29764060123944,76.55910744125218,2
pgame_seed1,pgame,1,leg3_weak,ite,4,15,578,1770.2568359375,578,1771.1859130859375,92.29764060123944,76.55910744125218,2
pgame_seed1,pgame,1,leg3_weak,ite,4,16,578,1762.832275390625,578,1771.1859130859375,92.29764060123944,76.55910744125218,2
pgame_seed1,pgame,1,leg3_weak,ite,4,17,578,1729.9888916015625,578,1771.1859130859375,92.29764060123944,76.55910744125218,2
pgame_seed1,pgame,1,leg3_weak,ite,4,18,578,1780.3404541015625,578,1771.1859130859375,92.29764060123944,76.55910744125218,2
pgame_seed1,pgame,1,leg3_weak,ite,4,19,578,1763.70068359375,578,1771.1859130859375,92.29764060123944,76.55910744125218,2
pgame_seed1,pgame,1,leg3_weak,ite,4,20,578,1823.345458984375,578,1771.1859130859375,92.29764060123944,76.55910744125218,2
pgame_seed1,pgame,1,leg3_weak,top_k,0,1,578,1799.262939453125,578,1771.1859130859375,92.29764060123944,76.55910744125218,
pgame_seed1,pgame,1,leg3_weak,top_k,0,2,243,1634.0572509765625,578,1771.1859130859375,92.29764060123944,76.55910744125218,
pgame_seed1,pgame,1,leg3_weak,top_k,0,3,61,1718.4686279296875,578,1771.1859130859375,92.29764060123944,76.55910744125218,
pgame_seed1,pgame,1,leg3_weak,top_k,0,4,128,1740.953125,578,1771.1859130859375,92.29764060123944,76.55910744125218,
pgame_seed1,pgame,1,leg3_weak,top_k,0,5,193,1750.69873046875,578,1771.1859130859375,92.29764060123944,76.55910744125218,
pgame_seed1,pgame,1,leg3_weak,top_k,0,6,617,1739.22412109375,578,1771.1859130859375,92.29764060123944,76.55910744125218,
pgame_seed1,pgame,1,leg3_weak,top_k,0,7,311,1724.37890625,578,1771.1859130859375,92.29764060123944,76.55910744125218,
pgame_seed1,pgame,1,leg3_weak,top_k,0,8,863,1732.981689453125,578,1771.1859130859375,92.29764060123944,76.55910744125218,
pgame_seed1,pgame,1,leg3_weak,top_k,0,9,365,1682.56201171875,578,1771.1859130859375,92.29764060123944,76.55910744125218,
pgame_seed1,pgame,1,leg3_weak,top_k,0,10,810,1733.75048828125,578,1771.1859130859375,92.29764060123944,76.55910744125218,
pgame_seed1,pgame,1,leg3_weak,top_k,0,11,783,1763.412109375,578,1771.1859130859375,92.29764060123944,76.55910744125218,
pgame_seed1,pgame,1,leg3_weak,top_k,0,12,28,1688.2711181640625,578,1771.1859130859375,92.29764060123944,76.55910744125218,
pgame_seed1,pgame,1,leg3_weak,top_k,0,13,157,1722.175048828125,578,1771.1859130859375,92.29764060123944,76.55910744125218,
pgame_seed1,pgame,1,leg3_weak,top_k,0,14,736,1804.7735595703125,736,1810.1826171875,97.3493949078046,80.74943991566579,
pgame_seed1,pgame,1,leg3_weak,top_k,0,15,399,1717.17822265625,736,1810.1826171875,97.3493949078046,80.74943991566579,
pgame_seed1,pgame,1,leg3_weak,top_k,0,16,276,1761.7783203125,736,1810.1826171875,97.3493949078046,80.74943991566579,
pgame_seed1,pgame,1,leg3_weak,top_k,0,17,414,1701.5966796875,736,1810.1826171875,97.3493949078046,80.74943991566579,
pgame_seed1,pgame,1,leg3_weak,top_k,0,18,693,1731.804931640625,736,1810.1826171875,97.3493949078046,80.74943991566579,
pgame_seed1,pgame,1,leg3_weak,top_k,0,19,751,1702.3065185546875,736,1810.1826171875,97.3493949078046,80.74943991566579,
pgame_seed1,pgame,1,leg3_weak,top_k,0,20,27,1721.974365234375,736,1810.1826171875,97.3493949078046,80.74943991566579,
pgame_seed1,pgame,1,leg3_weak,top_k,1,1,578,1772.329833984375,578,1771.1859130859375,92.29764060123944,76.55910744125218,
pgame_seed1,pgame,1,leg3_weak,top_k,1,2,243,1677.066650390625,578,1771.1859130859375,92.29764060123944,76.55910744125218,
pgame_seed1,pgame,1,leg3_weak,top_k,1,3,61,1724.742919921875,578,1771.1859130859375,92.29764060123944,76.55910744125218,
pgame_seed1,pgame,1,leg3_weak,top_k,1,4,128,1804.364013671875,128,1737.7420654296875,87.96522058477962,72.96544884542969,
pgame_seed1,pgame,1,leg3_weak,top_k,1,5,193,1763.3121337890625,128,1737.7420654296875,87.96522058477962,72.96544884542969,
pgame_seed1,pgame,1,leg3_weak,top_k,1,6,617,1782.9796142578125,128,1737.7420654296875,87.96522058477962,72.96544884542969,
pgame_seed1,pgame,1,leg3_weak,top_k,1,7,311,1802.760498046875,128,1737.7420654296875,87.96522058477962,72.96544884542969,
pgame_seed1,pgame,1,leg3_weak,top_k,1,8,863,1762.25830078125,128,1737.7420654296875,87.96522058477962,72.96544884542969,
pgame_seed1,pgame,1,leg3_weak,top_k,1,9,365,1674.55517578125,128,1737.7420654296875,87.96522058477962,72.96544884542969,
pgame_seed1,pgame,1,leg3_weak,top_k,1,10,810,1779.11669921875,128,1737.7420654296875,87.96522058477962,72.96544884542969,
pgame_seed1,pgame,1,leg3_weak,top_k,1,11,783,1784.569091796875,128,1737.7420654296875,87.96522058477962,72.96544884542969,
pgame_seed1,pgame,1,leg3_weak,top_k,1,12,28,1682.8543701171875,128,1737.7420654296875,87.96522058477962,72.96544884542969,
pgame_seed1,pgame,1,leg3_weak,top_k,1,13,157,1781.234130859375,128,1737.7420654296875,87.96522058477962,72.96544884542969,
pgame_seed1,pgame,1,leg3_weak,top_k,1,14,736,1816.20751953125,736,1810.1826171875,97.3493949078046,80.74943991566579,
pgame_seed1,pgame,1,leg3_weak,top_k,1,15,399,1759.4586181640625,736,1810.1826171875,97.3493949078046,80.74943991566579,
pgame_seed1,pgame,1,leg3_weak,top_k,1,16,276,1741.59765625,736,1810.1826171875,97.3493949078046,80.74943991566579,
pgame_seed1,pgame,1,leg3_weak,top_k,1,17,414,1662.894775390625,736,1810.1826171875,97.3493949078046,80.74943991566579,
pgame_seed1,pgame,1,leg3_weak,top_k,1,18,693,1653.4398193359375,736,1810.1826171875,97.3493949078046,80.74943991566579,
pgame_seed1,pgame,1,leg3_weak,top_k,1,19,751,1693.324951171875,736,1810.1826171875,97.3493949078046,80.74943991566579,
pgame_seed1,pgame,1,leg3_weak,top_k,1,20,27,1665.884765625,736,1810.1826171875,97.3493949078046,80.74943991566579,
pgame_seed1,pgame,1,leg3_weak,top_k,2,1,578,1785.057373046875,578,1771.1859130859375,92.29764060123944,76.55910744125218,
pgame_seed1,pgame,1,leg3_weak,top_k,2,2,243,1693.25927734375,578,1771.1859130859375,92.29764060123944,76.55910744125218,
pgame_seed1,pgame,1,leg3_weak,top_k,2,3,61,1740.013427734375,578,1771.1859130859375,92.29764060123944,76.55910744125218,
pgame_seed1,pgame,1,leg3_weak,top_k,2,4,128,1742.62890625,578,1771.1859130859375,92.29764060123944,76.55910744125218,
pgame_seed1,pgame,1,leg3_weak,top_k,2,5,193,1773.3486328125,578,1771.1859130859375,92.29764060123944,76.55910744125218,
pgame_seed1,pgame,1,leg3_weak,top_k,2,6,617,1750.27734375,578,1771.1859130859375,92.29764060123944,76.55910744125218,
pgame_seed1,pgame,1,leg3_weak,top_k,2,7,311,1805.576904296875,311,1787.57421875,94.42063267513669,78.32008829865715,
pgame_seed1,pgame,1,leg3_weak,top_k,2,8,863,1739.139404296875,311,1787.57421875,94.42063267513669,78.32008829865715,
pgame_seed1,pgame,1,leg3_weak,top_k,2,9,365,1672.72216796875,311,1787.57421875,94.42063267513669,78.32008829865715,
pgame_seed1,pgame,1,leg3_weak,top_k,2,10,810,1791.478271484375,311,1787.57421875,94.42063267513669,78.32008829865715,
pgame_seed1,pgame,1,leg3_weak,top_k,2,11,783,1648.3428955078125,311,1787.57421875,94.42063267513669,78.32008829865715,
pgame_seed1,pgame,1,leg3_weak,top_k,2,12,28,1682.790771484375,311,1787.57421875,94.42063267513669,78.32008829865715,
pgame_seed1,pgame,1,leg3_weak,top_k,2,13,157,1769.1011962890625,311,1787.57421875,94.42063267513669,78.32008829865715,
pgame_seed1,pgame,1,leg3_weak,top_k,2,14,736,1837.640869140625,736,1810.1826171875,97.3493949078046,80.74943991566579,
pgame_seed1,pgame,1,leg3_weak,top_k,2,15,399,1733.2293701171875,736,1810.1826171875,97.3493949078046,80.74943991566579,
pgame_seed1,pgame,1,leg3_weak,top_k,2,16,276,1680.832763671875,736,1810.1826171875,97.3493949078046,80.74943991566579,
pgame_seed1,pgame,1,leg3_weak,top_k,2,17,414,1689.6661376953125,736,1810.1826171875,97.3493949078046,80.74943991566579,
pgame_seed1,pgame,1,leg3_weak,top_k,2,18,693,1705.139892578125,736,1810.1826171875,97.3493949078046,80.74943991566579,
pgame_seed1,pgame,1,leg3_weak,top_k,2,19,751,1709.3956298828125,736,1810.1826171875,97.3493949078046,80.74943991566579,
pgame_seed1,pgame,1,leg3_weak,top_k,2,20,27,1721.4949951171875,736,1810.1826171875,97.3493949078046,80.74943991566579,
pgame_seed1,pgame,1,leg3_weak,top_k,3,1,578,1745.9356689453125,578,1771.1859130859375,92.29764060123944,76.55910744125218,
pgame_seed1,pgame,1,leg3_weak,top_k,3,2,243,1686.9893798828125,578,1771.1859130859375,92.29764060123944,76.55910744125218,
pgame_seed1,pgame,1,leg3_weak,top_k,3,3,61,1714.099609375,578,1771.1859130859375,92.29764060123944,76.55910744125218,
pgame_seed1,pgame,1,leg3_weak,top_k,3,4,128,1825.89892578125,128,1737.7420654296875,87.96522058477962,72.96544884542969,
pgame_seed1,pgame,1,leg3_weak,top_k,3,5,193,1722.74560546875,128,1737.7420654296875,87.96522058477962,72.96544884542969,
pgame_seed1,pgame,1,leg3_weak,top_k,3,6,617,1663.1434326171875,128,1737.7420654296875,87.96522058477962,72.96544884542969,
pgame_seed1,pgame,1,leg3_weak,top_k,3,7,311,1814.248779296875,128,1737.7420654296875,87.96522058477962,72.96544884542969,
pgame_seed1,pgame,1,leg3_weak,top_k,3,8,863,1655.1832275390625,128,1737.7420654296875,87.96522058477962,72.96544884542969,
pgame_seed1,pgame,1,leg3_weak,top_k,3,9,365,1614.7420654296875,128,1737.7420654296875,87.96522058477962,72.96544884542969,
pgame_seed1,pgame,1,leg3_weak,top_k,3,10,810,1787.943115234375,128,1737.7420654296875,87.96522058477962,72.96544884542969,
pgame_seed1,pgame,1,leg3_weak,top_k,3,11,783,1786.9029541015625,128,1737.7420654296875,87.96522058477962,72.96544884542969,
pgame_seed1,pgame,1,leg3_weak,top_k,3,12,28,1633.2626953125,128,1737.7420654296875,87.96522058477962,72.96544884542969,
pgame_seed1,pgame,1,leg3_weak,top_k,3,13,157,1648.9466552734375,128,1737.7420654296875,87.96522058477962,72.96544884542969,
pgame_seed1,pgame,1,leg3_weak,top_k,3,14,736,1832.5379638671875,736,1810.1826171875,97.3493949078046,80.74943991566579,
pgame_seed1,pgame,1,leg3_weak,top_k,3,15,399,1766.387939453125,736,1810.1826171875,97.3493949078046,80.74943991566579,
pgame_seed1,pgame,1,leg3_weak,top_k,3,16,276,1735.29736328125,736,1810.1826171875,97.3493949078046,80.74943991566579,
pgame_seed1,pgame,1,leg3_weak,top_k,3,17,414,1692.7421875,736,1810.1826171875,97.3493949078046,80.74943991566579,
pgame_seed1,pgame,1,leg3_weak,top_k,3,18,693,1724.915283203125,736,1810.1826171875,97.3493949078046,80.74943991566579,
pgame_seed1,pgame,1,leg3_weak,top_k,3,19,751,1766.6226806640625,736,1810.1826171875,97.3493949078046,80.74943991566579,
pgame_seed1,pgame,1,leg3_weak,top_k,3,20,27,1763.64306640625,736,1810.1826171875,97.3493949078046,80.74943991566579,
pgame_seed1,pgame,1,leg3_weak,top_k,4,1,578,1699.0069580078125,578,1771.1859130859375,92.29764060123944,76.55910744125218,
pgame_seed1,pgame,1,leg3_weak,top_k,4,2,243,1582.043701171875,578,1771.1859130859375,92.29764060123944,76.55910744125218,
pgame_seed1,pgame,1,leg3_weak,top_k,4,3,61,1755.2816162109375,61,1771.1298828125,92.29038226539652,76.55308679207823,
pgame_seed1,pgame,1,leg3_weak,top_k,4,4,128,1733.0003662109375,61,1771.1298828125,92.29038226539652,76.55308679207823,
pgame_seed1,pgame,1,leg3_weak,top_k,4,5,193,1773.6220703125,193,1754.93701171875,90.19270739342629,74.81310606392702,
pgame_seed1,pgame,1,leg3_weak,top_k,4,6,617,1750.5115966796875,193,1754.93701171875,90.19270739342629,74.81310606392702,
pgame_seed1,pgame,1,leg3_weak,top_k,4,7,311,1777.6514892578125,311,1787.57421875,94.42063267513669,78.32008829865715,
pgame_seed1,pgame,1,leg3_weak,top_k,4,8,863,1737.891357421875,311,1787.57421875,94.42063267513669,78.32008829865715,
pgame_seed1,pgame,1,leg3_weak,top_k,4,9,365,1695.656494140625,311,1787.57421875,94.42063267513669,78.32008829865715,
pgame_seed1,pgame,1,leg3_weak,top_k,4,10,810,1807.65966796875,810,1780.306396484375,93.4791363801139,77.53913533456564,
pgame_seed1,pgame,1,leg3_weak,top_k,4,11,783,1746.767822265625,810,1780.306396484375,93.4791363801139,77.53913533456564,
pgame_seed1,pgame,1,leg3_weak,top_k,4,12,28,1680.09716796875,810,1780.306396484375,93.4791363801139,77.53913533456564,
pgame_seed1,pgame,1,leg3_weak,top_k,4,13,157,1807.35986328125,810,1780.306396484375,93.4791363801139,77.53913533456564,
pgame_seed1,pgame,1,leg3_weak,top_k,4,14,736,1783.957275390625,810,1780.306396484375,93.4791363801139,77.53913533456564,
pgame_seed1,pgame,1,leg3_weak,top_k,4,15,399,1723.748046875,810,1780.306396484375,93.4791363801139,77.53913533456564,
pgame_seed1,pgame,1,leg3_weak,top_k,4,16,276,1560.185791015625,810,1780.306396484375,93.4791363801139,77.53913533456564,
pgame_seed1,pgame,1,leg3_weak,top_k,4,17,414,1588.0341796875,810,1780.306396484375,93.4791363801139,77.53913533456564,
pgame_seed1,pgame,1,leg3_weak,top_k,4,18,693,1689.1207275390625,810,1780.306396484375,93.4791363801139,77.53913533456564,
pgame_seed1,pgame,1,leg3_weak,top_k,4,19,751,1716.80322265625,810,1780.306396484375,93.4791363801139,77.53913533456564,
pgame_seed1,pgame,1,leg3_weak,top_k,4,20,27,1714.637939453125,810,1780.306396484375,93.4791363801139,77.53913533456564,
pgame_seed1,pgame,1,leg4_weak,ite,0,1,578,1610.993896484375,578,1615.327880859375,74.09616693702637,59.81161585487984,2
pgame_seed1,pgame,1,leg4_weak,ite,0,2,243,1712.268310546875,243,1809.83740234375,99.98852783080001,80.7123453713,2
pgame_seed1,pgame,1,leg4_weak,ite,0,3,61,1590.88525390625,243,1809.83740234375,99.98852783080001,80.7123453713,2
pgame_seed1,pgame,1,leg4_weak,ite,0,4,243,1768.27490234375,243,1809.83740234375,99.98852783080001,80.7123453713,2
pgame_seed1,pgame,1,leg4_weak,ite,0,5,243,1749.7745361328125,243,1809.83740234375,99.98852783080001,80.7123453713,2
pgame_seed1,pgame,1,leg4_weak,ite,0,6,243,1797.43994140625,243,1809.83740234375,99.98852783080001,80.7123453713,2
pgame_seed1,pgame,1,leg4_weak,ite,0,7,243,1789.640625,243,1809.83740234375,99.98852783080001,80.7123453713,2
pgame_seed1,pgame,1,leg4_weak,ite,0,8,243,1689.010009765625,243,1809.83740234375,99.98852783080001,80.7123453713,2
pgame_seed1,pgame,1,leg4_weak,ite,0,9,243,1856.7283935546875,243,1809.83740234375,99.98852783080001,80.7123453713,2
pgame_seed1,pgame,1,leg4_weak,ite,0,10,243,1810.8692626953125,243,1809.83740234375,99.98852783080001,80.7123453713,2
pgame_seed1,pgame,1,leg4_weak,ite,0,11,243,1770.498779296875,243,1809.83740234375,99.98852783080001,80.7123453713,2
pgame_seed1,pgame,1,leg4_weak,ite,0,12,243,1760.2149658203125,243,1809.83740234375,99.98852783080001,80.7123453713,2
pgame_seed1,pgame,1,leg4_weak,ite,0,13,243,1809.6953125,243,1809.83740234375,99.98852783080001,80.7123453713,2
pgame_seed1,pgame,1,leg4_weak,ite,0,14,243,1799.429931640625,243,1809.83740234375,99.98852783080001,80.7123453713,2
pgame_seed1,pgame,1,leg4_weak,ite,0,15,243,1766.994140625,243,1809.83740234375,99.98852783080001,80.7123453713,2
pgame_seed1,pgame,1,leg4_weak,ite,0,16,243,1793.382080078125,243,1809.83740234375,99.98852783080001,80.7123453713,2
pgame_seed1,pgame,1,leg4_weak,ite,0,17,243,1815.577880859375,243,1809.83740234375,99.98852783080001,80.7123453713,2
pgame_seed1,pgame,1,leg4_weak,ite,0,18,243,1819.965576171875,243,1809.83740234375,99.98852783080001,80.7123453713,2
pgame_seed1,pgame,1,leg4_weak,ite,0,19,243,1811.4632568359375,243,1809.83740234375,99.98852783080001,80.7123453713,2
pgame_seed1,pgame,1,leg4_weak,ite,0,20,243,1774.0546875,243,1809.83740234375,99.98852783080001,80.7123453713,2
pgame_seed1,pgame,1,leg4_weak,ite,1,1,578,1615.89111328125,578,1615.327880859375,74.09616693702637,59.81161585487984,2
pgame_seed1,pgame,1,leg4_weak,ite,1,2,243,1800.24951171875,243,1809.83740234375,99.98852783080001,80.7123453713,2
pgame_seed1,pgame,1,leg4_weak,ite,1,3,243,1813.205322265625,243,1809.83740234375,99.98852783080001,80.7123453713,2
pgame_seed1,pgame,1,leg4_weak,ite,1,4,243,1854.061279296875,243,1809.83740234375,99.98852783080001,80.7123453713,2
pgame_seed1,pgame,1,leg4_weak,ite,1,5,243,1811.956298828125,243,1809.83740234375,99.98852783080001,80.7123453713,2
pgame_seed1,pgame,1,leg4_weak,ite,1,6,243,1744.0606689453125,243,1809.83740234375,99.98852783080001,80.7123453713,2
pgame_seed1,pgame,1,leg4_weak,ite,1,7,243,1837.26953125,243,1809.83740234375,99.98852783080001,80.7123453713,2
pgame_seed1,pgame,1,leg4_weak,ite,1,8,243,1859.152099609375,243,1809.83740234375,99.98852783080001,80.7123453713,2
pgame_seed1,pgame,1,leg4_weak,ite,1,9,243,1782.267578125,243,1809.83740234375,99.98852783080001,80.7123453713,2
pgame_seed1,pgame,1,leg4_weak,ite,1,10,243,1797.402099609375,243,1809.83740234375,99.98852783080001,80.7123453713,2
pgame_seed1,pgame,1,leg4_weak,ite,1,11,243,1860.9471435546875,243,1809.83740234375,99.98852783080001,80.7123453713,2
pgame_seed1,pgame,1,leg4_weak,ite,1,12,243,1796.743408203125,243,1809.83740234375,99.98852783080001,80.7123453713,2
pgame_seed1,pgame,1,leg4_weak,ite,1,13,243,1826.550048828125,243,1809.83740234375,99.98852783080001,80.7123453713,2
pgame_seed1,pgame,1,leg4_weak,ite,1,14,243,1572.410888671875,243,1809.83740234375,99.98852783080001,80.7123453713,2
pgame_seed1,pgame,1,leg4_weak,ite,1,15,243,1771.109375,243,1809.83740234375,99.98852783080001,80.7123453713,2
pgame_seed1,pgame,1,leg4_weak,ite,1,16,243,1816.257568359375,243,1809.83740234375,99.98852783080001,80.7123453713,2
pgame_seed1,pgame,1,leg4_weak,ite,1,17,243,1800.6834716796875,243,1809.83740234375,99.98852783080001,80.7123453713,2
pgame_seed1,pgame,1,leg4_weak,ite,1,18,243,1830.57421875,243,1809.83740234375,99.98852783080001,80.7123453713,2
pgame_seed1,pgame,1,leg4_weak,ite,1,19,243,1809.8316650390625,243,1809.83740234375,99.98852783080001,80.7123453713,2
pgame_seed1,pgame,1,leg4_weak,ite,1,20,243,1779.669677734375,243,1809.83740234375,99.98852783080001,80.7123453713,2
pgame_seed1,pgame,1,leg4_weak,ite,2,1,578,1613.6915283203125,578,1615.327880859375,74.09616693702637,59.81161585487984,2
pgame_seed1,pgame,1,leg4_weak,ite,2,2,243,1806.1435546875,243,1809.83740234375,99.98852783080001,80.7123453713,2
pgame_seed1,pgame,1,leg4_weak,ite,2,3,243,1816.750732421875,243,1809.83740234375,99.98852783080001,80.7123453713,2
pgame_seed1,pgame,1,leg4_weak,ite,2,4,243,1835.9127197265625,243,1809.83740234375,99.98852783080001,80.7123453713,2
pgame_seed1,pgame,1,leg4_weak,ite,2,5,243,1836.783935546875,243,1809.83740234375,99.98852783080001,80.7123453713,2
pgame_seed1,pgame,1,leg4_weak,ite,2,6,243,1604.818115234375,243,1809.83740234375,99.98852783080001,80.7123453713,2
pgame_seed1,pgame,1,leg4_weak,ite,2,7,243,1787.325927734375,243,1809.83740234375,99.98852783080001,80.7123453713,2
pgame_seed1,pgame,1,leg4_weak,ite,2,8,243,1811.9278564453125,243,1809.83740234375,99.98852783080001,80.7123453713,2
pgame_seed1,pgame,1,leg4_weak,ite,2,9,243,1805.057861328125,243,1809.83740234375,99.98852783080001,80.7123453713,2
pgame_seed1,pgame,1,leg4_weak,ite,2,10,243,1762.467041015625,243,1809.83740234375,99.98852783080001,80.7123453713,2
pgame_seed1,pgame,1,leg4_weak,ite,2,11,243,1793.053955078125,243,1809.83740234375,99.98852783080001,80.7123453713,2
pgame_seed1,pgame,1,leg4_weak,ite,2,12,243,1832.8896484375,243,1809.83740234375,99.98852783080001,80.7123453713,2
pgame_seed1,pgame,1,leg4_weak,ite,2,13,243,1806.54296875,243,1809.83740234375,99.98852783080001,80.7123453713,2
pgame_seed1,pgame,1,leg4_weak,ite,2,14,243,1843.172607421875,243,1809.83740234375,99.98852783080001,80.7123453713,2
pgame_seed1,pgame,1,leg4_weak,ite,2,15,243,1807.6180419921875,243,1809.83740234375,99.98852783080001,80.7123453713,2
pgame_seed1,pgame,1,leg4_weak,ite,2,16,243,1817.36572265625,243,1809.83740234375,99.98852783080001,80.7123453713,2
pgame_seed1,pgame,1,leg4_weak,ite,2,17,243,1780.4573974609375,243,1809.83740234375,99.98852783080001,80.7123453713,2
pgame_seed1,pgame,1,leg4_weak,ite,2,18,243,1828.605224609375,243,1809.83740234375,99.98852783080001,80.7123453713,2
pgame_seed1,pgame,1,leg4_weak,ite,2,19,243,1842.63037109375,243,1809.83740234375,99.98852783080001,80.7123453713,2
pgame_seed1,pgame,1,leg4_weak,ite,2,20,243,1837.4833984375,243,1809.83740234375,99.98852783080001,80.7123453713,2
pgame_seed1,pgame,1,leg4_weak,ite,3,1,578,1621.161865234375,578,1615.327880859375,74.09616693702637,59.81161585487984,2
pgame_seed1,pgame,1,leg4_weak,ite,3,2,243,1820.1392822265625,243,1809.83740234375,99.98852783080001,80.7123453713,2
pgame_seed1,pgame,1,leg4_weak,ite,3,3,243,1693.7696533203125,243,1809.83740234375,99.98852783080001,80.7123453713,2
pgame_seed1,pgame,1,leg4_weak,ite,3,4,61,1611.20654296875,243,1809.83740234375,99.98852783080001,80.7123453713,2
pgame_seed1,pgame,1,leg4_weak,ite,3,5,243,1827.990478515625,243,1809.83740234375,99.98852783080001,80.7123453713,2
pgame_seed1,pgame,1,leg4_weak,ite,3,6,243,1824.8408203125,243,1809.83740234375,99.98852783080001,80.7123453713,2
pgame_seed1,pgame,1,leg4_weak,ite,3,7,243,1768.701171875,243,1809.83740234375,99.98852783080001,80.7123453713,2
pgame_seed1,pgame,1,leg4_weak,ite,3,8,243,1826.5213623046875,243,1809.83740234375,99.98852783080001,80.7123453713,2
pgame_seed1,pgame,1,leg4_weak,ite,3,9,243,1700.981689453125,243,1809.83740234375,99.98852783080001,80.7123453713,2
pgame_seed1,pgame,1,leg4_weak,ite,3,10,243,1761.347412109375,243,1809.83740234375,99.98852783080001,80.7123453713,2
pgame_seed1,pgame,1,leg4_weak,ite,3,11,243,1741.0009765625,243,1809.83740234375,99.98852783080001,80.7123453713,2
pgame_seed1,pgame,1,leg4_weak,ite,3,12,243,1749.4229736328125,243,1809.83740234375,99.98852783080001,80.7123453713,2
pgame_seed1,pgame,1,leg4_weak,ite,3,13,243,1793.2666015625,243,1809.83740234375,99.98852783080001,80.7123453713,2
pgame_seed1,pgame,1,leg4_weak,ite,3,14,243,1837.841552734375,243,1809.83740234375,99.98852783080001,80.7123453713,2
pgame_seed1,pgame,1,leg4_weak,ite,3,15,243,1791.7445068359375,243,1809.83740234375,99.98852783080001,80.7123453713,2
pgame_seed1,pgame,1,leg4_weak,ite,3,16,243,1807.2822265625,243,1809.83740234375,99.98852783080001,80.7123453713,2
pgame_seed1,pgame,1,leg4_weak,ite,3,17,243,1780.499267578125,243,1809.83740234375,99.98852783080001,80.7123453713,2
pgame_seed1,pgame,1,leg4_weak,ite,3,18,243,1821.802978515625,243,1809.83740234375,99.98852783080001,80.7123453713,2
pgame_seed1,pgame,1,leg4_weak,ite,3,19,243,1866.636962890625,243,1809.83740234375,99.98852783080001,80.7123453713,2
pgame_seed1,pgame,1,leg4_weak,ite,3,20,243,1597.927001953125,243,1809.83740234375,99.98852783080001,80.7123453713,2
pgame_seed1,pgame,1,leg4_weak,ite,4,1,578,1618.1224365234375,578,1615.327880859375,74.09616693702637,59.81161585487984,2
pgame_seed1,pgame,1,leg4_weak,ite,4,2,243,1825.95361328125,243,1809.83740234375,99.98852783080001,80.7123453713,2
pgame_seed1,pgame,1,leg4_weak,ite,4,3,243,1838.960205078125,243,1809.83740234375,99.98852783080001,80.7123453713,2
pgame_seed1,pgame,1,leg4_weak,ite,4,4,243,1563.27197265625,243,1809.83740234375,99.98852783080001,80.7123453713,2
pgame_seed1,pgame,1,leg4_weak,ite,4,5,61,1626.6690673828125,243,1809.83740234375,99.98852783080001,80.7123453713,2
pgame_seed1,pgame,1,leg4_weak,ite,4,6,243,1757.5496826171875,243,1809.83740234375,99.98852783080001,80.7123453713,2
pgame_seed1,pgame,1,leg4_weak,ite,4,7,243,1775.54541015625,243,1809.83740234375,99.98852783080001,80.7123453713,2
pgame_seed1,pgame,1,leg4_weak,ite,4,8,243,1831.856201171875,243,1809.83740234375,99.98852783080001,80.7123453713,2
pgame_seed1,pgame,1,leg4_weak,ite,4,9,243,1771.4544677734375,243,1809.83740234375,99.98852783080001,80.7123453713,2
pgame_seed1,pgame,1,leg4_weak,ite,4,10,243,1800.1947021484375,243,1809.83740234375,99.98852783080001,80.7123453713,2
pgame_seed1,pgame,1,leg4_weak,ite,4,11,243,1814.5889892578125,243,1809.83740234375,99.98852783080001,80.7123453713,2
pgame_seed1,pgame,1,leg4_weak,ite,4,12,243,1822.7486572265625,243,1809.83740234375,99.98852783080001,80.7123453713,2
pgame_seed1,pgame,1,leg4_weak,ite,4,13,243,1798.4853515625,243,1809.83740234375,99.98852783080001,80.7123453713,2
pgame_seed1,pgame,1,leg4_weak,ite,4,14,243,1856.0843505859375,243,1809.83740234375,99.98852783080001,80.7123453713,2
pgame_seed1,pgame,1,leg4_weak,ite,4,15,243,1826.552734375,243,1809.83740234375,99.98852783080001,80.7123453713,2
pgame_seed1,pgame,1,leg4_weak,ite,4,16,243,1823.91015625,243,1809.83740234375,99.98852783080001,80.7123453713,2
pgame_seed1,pgame,1,leg4_weak,ite,4,17,243,1776.8017578125,243,1809.83740234375,99.98852783080001,80.7123453713,2
pgame_seed1,pgame,1,leg4_weak,ite,4,18,243,1849.909423828125,243,1809.83740234375,99.98852783080001,80.7123453713,2
pgame_seed1,pgame,1,leg4_weak,ite,4,19,243,1801.72314453125,243,1809.83740234375,99.98852783080001,80.7123453713,2
pgame_seed1,pgame,1,leg4_weak,ite,4,20,243,1803.2283935546875,243,1809.83740234375,99.98852783080001,80.7123453713,2
pgame_seed1,pgame,1,leg4_weak,top_k,0,1,578,1641.977783203125,578,1615.327880859375,74.09616693702637,59.81161585487984,
pgame_seed1,pgame,1,leg4_weak,top_k,0,2,243,1781.937255859375,243,1809.83740234375,99.98852783080001,80.7123453713,
pgame_seed1,pgame,1,leg4_weak,top_k,0,3,61,1635.681396484375,243,1809.83740234375,99.98852783080001,80.7123453713,
pgame_seed1,pgame,1,leg4_weak,top_k,0,4,128,1605.8797607421875,243,1809.83740234375,99.98852783080001,80.7123453713,
pgame_seed1,pgame,1,leg4_weak,top_k,0,5,193,1615.80859375,243,1809.83740234375,99.98852783080001,80.7123453713,
pgame_seed1,pgame,1,leg4_weak,top_k,0,6,617,1657.695068359375,243,1809.83740234375,99.98852783080001,80.7123453713,
pgame_seed1,pgame,1,leg4_weak,top_k,0,7,311,1619.7410888671875,243,1809.83740234375,99.98852783080001,80.7123453713,
pgame_seed1,pgame,1,leg4_weak,top_k,0,8,863,1764.392578125,243,1809.83740234375,99.98852783080001,80.7123453713,
pgame_seed1,pgame,1,leg4_weak,top_k,0,9,365,1593.426025390625,243,1809.83740234375,99.98852783080001,80.7123453713,
pgame_seed1,pgame,1,leg4_weak,top_k,0,10,810,1592.13671875,243,1809.83740234375,99.98852783080001,80.7123453713,
pgame_seed1,pgame,1,leg4_weak,top_k,0,11,783,1687.5350341796875,243,1809.83740234375,99.98852783080001,80.7123453713,
pgame_seed1,pgame,1,leg4_weak,top_k,0,12,28,1711.8828125,243,1809.83740234375,99.98852783080001,80.7123453713,
pgame_seed1,pgame,1,leg4_weak,top_k,0,13,157,1648.1634521484375,243,1809.83740234375,99.98852783080001,80.7123453713,
pgame_seed1,pgame,1,leg4_weak,top_k,0,14,736,1580.7724609375,243,1809.83740234375,99.98852783080001,80.7123453713,
pgame_seed1,pgame,1,leg4_weak,top_k,0,15,399,1737.780029296875,243,1809.83740234375,99.98852783080001,80.7123453713,
pgame_seed1,pgame,1,leg4_weak,top_k,0,16,276,1844.7801513671875,276,1766.777099609375,94.25650561366064,76.08536498762436,
pgame_seed1,pgame,1,leg4_weak,top_k,0,17,414,1651.65869140625,276,1766.777099609375,94.25650561366064,76.08536498762436,
pgame_seed1,pgame,1,leg4_weak,top_k,0,18,693,1676.96875,276,1766.777099609375,94.25650561366064,76.08536498762436,
pgame_seed1,pgame,1,leg4_weak,top_k,0,19,751,1666.962158203125,276,1766.777099609375,94.25650561366064,76.08536498762436,
pgame_seed1,pgame,1,leg4_weak,top_k,0,20,27,1766.5101318359375,276,1766.777099609375,94.25650561366064,76.08536498762436,
pgame_seed1,pgame,1,leg4_weak,top_k,1,1,578,1594.26708984375,578,1615.327880859375,74.09616693702637,59.81161585487984,
pgame_seed1,pgame,1,leg4_weak,top_k,1,2,243,1839.803466796875,243,1809.83740234375,99.98852783080001,80.7123453713,
pgame_seed1,pgame,1,leg4_weak,top_k,1,3,61,1626.041748046875,243,1809.83740234375,99.98852783080001,80.7123453713,
pgame_seed1,pgame,1,leg4_weak,top_k,1,4,128,1590.629150390625,243,1809.83740234375,99.98852783080001,80.7123453713,
pgame_seed1,pgame,1,leg4_weak,top_k,1,5,193,1591.1064453125,243,1809.83740234375,99.98852783080001,80.7123453713,
pgame_seed1,pgame,1,leg4_weak,top_k,1,6,617,1664.4344482421875,243,1809.83740234375,99.98852783080001,80.7123453713,
pgame_seed1,pgame,1,leg4_weak,top_k,1,7,311,1611.75244140625,243,1809.83740234375,99.98852783080001,80.7123453713,
pgame_seed1,pgame,1,leg4_weak,top_k,1,8,863,1748.11865234375,243,1809.83740234375,99.98852783080001,80.7123453713,
pgame_seed1,pgame,1,leg4_weak,top_k,1,9,365,1628.750732421875,243,1809.83740234375,99.98852783080001,80.7123453713,
pgame_seed1,pgame,1,leg4_weak,top_k,1,10,810,1582.290771484375,243,1809.83740234375,99.98852783080001,80.7123453713,
pgame_seed1,pgame,1,leg4_weak,top_k,1,11,783,1702.59765625,243,1809.83740234375,99.98852783080001,80.7123453713,
pgame_seed1,pgame,1,leg4_weak,top_k,1,12,28,1712.9119873046875,243,1809.83740234375,99.98852783080001,80.7123453713,
pgame_seed1,pgame,1,leg4_weak,top_k,1,13,157,1632.594970703125,243,1809.83740234375,99.98852783080001,80.7123453713,
pgame_seed1,pgame,1,leg4_weak,top_k,1,14,736,1628.46728515625,243,1809.83740234375,99.98852783080001,80.7123453713,
pgame_seed1,pgame,1,leg4_weak,top_k,1,15,399,1716.119140625,243,1809.83740234375,99.98852783080001,80.7123453713,
pgame_seed1,pgame,1,leg4_weak,top_k,1,16,276,1678.8017578125,243,1809.83740234375,99.98852783080001,80.7123453713,
pgame_seed1,pgame,1,leg4_weak,top_k,1,17,414,1694.412109375,243,1809.83740234375,99.98852783080001,80.7123453713,
pgame_seed1,pgame,1,leg4_weak,top_k,1,18,693,1689.30029296875,243,1809.83740234375,99.98852783080001,80.7123453713,
pgame_seed1,pgame,1,leg4_weak,top_k,1,19,751,1711.571044921875,243,1809.83740234375,99.98852783080001,80.7123453713,
pgame_seed1,pgame,1,leg4_weak,top_k,1,20,27,1769.83349609375,243,1809.83740234375,99.98852783080001,80.7123453713,
pgame_seed1,pgame,1,leg4_weak,top_k,2,1,578,1614.7469482421875,578,1615.327880859375,74.09616693702637,59.81161585487984,
pgame_seed1,pgame,1,leg4_weak,top_k,2,2,243,1850.1815185546875,243,1809.83740234375,99.98852783080001,80.7123453713,
pgame_seed1,pgame,1,leg4_weak,top_k,2,3,61,1592.6923828125,243,1809.83740234375,99.98852783080001,80.7123453713,
pgame_seed1,pgame,1,leg4_weak,top_k,2,4,128,1611.729248046875,243,1809.83740234375,99.98852783080001,80.7123453713,
pgame_seed1,pgame,1,leg4_weak,top_k,2,5,193,1646.333984375,243,1809.83740234375,99.98852783080001,80.7123453713,
pgame_seed1,pgame,1,leg4_weak,top_k,2,6,617,1630.978515625,243,1809.83740234375,99.98852783080001,80.7123453713,
pgame_seed1,pgame,1,leg4_weak,top_k,2,7,311,1641.219482421875,243,1809.83740234375,99.98852783080001,80.7123453713,
pgame_seed1,pgame,1,leg4_weak,top_k,2,8,863,1792.780029296875,243,1809.83740234375,99.98852783080001,80.7123453713,
pgame_seed1,pgame,1,leg4_weak,top_k,2,9,365,1627.6697998046875,243,1809.83740234375,99.98852783080001,80.7123453713,
pgame_seed1,pgame,1,leg4_weak,top_k,2,10,810,1577.369384765625,243,1809.83740234375,99.98852783080001,80.7123453713,
pgame_seed1,pgame,1,leg4_weak,top_k,2,11,783,1709.150634765625,243,1809.83740234375,99.98852783080001,80.7123453713,
pgame_seed1,pgame,1,leg4_weak,top_k,2,12,28,1681.224853515625,243,1809.83740234375,99.98852783080001,80.7123453713,
pgame_seed1,pgame,1,leg4_weak,top_k,2,13,157,1641.501708984375,243,1809.83740234375,99.98852783080001,80.7123453713,
pgame_seed1,pgame,1,leg4_weak,top_k,2,14,736,1567.598388671875,243,1809.83740234375,99.98852783080001,80.7123453713,
pgame_seed1,pgame,1,leg4_weak,top_k,2,15,399,1759.9033203125,243,1809.83740234375,99.98852783080001,80.7123453713,
pgame_seed1,pgame,1,leg4_weak,top_k,2,16,276,1737.2696533203125,243,1809.83740234375,99.98852783080001,80.7123453713,
pgame_seed1,pgame,1,leg4_weak,top_k,2,17,414,1705.1689453125,243,1809.83740234375,99.98852783080001,80.7123453713,
pgame_seed1,pgame,1,leg4_weak,top_k,2,18,693,1666.5933837890625,243,1809.83740234375,99.98852783080001,80.7123453713,
pgame_seed1,pgame,1,leg4_weak,top_k,2,19,751,1686.64013671875,243,1809.83740234375,99.98852783080001,80.7123453713,
pgame_seed1,pgame,1,leg4_weak,top_k,2,20,27,1766.080322265625,243,1809.83740234375,99.98852783080001,80.7123453713,
pgame_seed1,pgame,1,leg4_weak,top_k,3,1,578,1608.897216796875,578,1615.327880859375,74.09616693702637,59.81161585487984,
pgame_seed1,pgame,1,leg4_weak,top_k,3,2,243,1804.655517578125,243,1809.83740234375,99.98852783080001,80.7123453713,
pgame_seed1,pgame,1,leg4_weak,top_k,3,3,61,1625.8271484375,243,1809.83740234375,99.98852783080001,80.7123453713,
pgame_seed1,pgame,1,leg4_weak,top_k,3,4,128,1564.817626953125,243,1809.83740234375,99.98852783080001,80.7123453713,
pgame_seed1,pgame,1,leg4_weak,top_k,3,5,193,1632.3292236328125,243,1809.83740234375,99.98852783080001,80.7123453713,
pgame_seed1,pgame,1,leg4_weak,top_k,3,6,617,1636.81103515625,243,1809.83740234375,99.98852783080001,80.7123453713,
pgame_seed1,pgame,1,leg4_weak,top_k,3,7,311,1608.914794921875,243,1809.83740234375,99.98852783080001,80.7123453713,
pgame_seed1,pgame,1,leg4_weak,top_k,3,8,863,1753.2410888671875,243,1809.83740234375,99.98852783080001,80.7123453713,
pgame_seed1,pgame,1,leg4_weak,top_k,3,9,365,1668.4052734375,243,1809.83740234375,99.98852783080001,80.7123453713,
pgame_seed1,pgame,1,leg4_weak,top_k,3,10,810,1595.627685546875,243,1809.83740234375,99.98852783080001,80.7123453713,
pgame_seed1,pgame,1,leg4_weak,top_k,3,11,783,1690.461669921875,243,1809.83740234375,99.98852783080001,80.7123453713,
pgame_seed1,pgame,1,leg4_weak,top_k,3,12,28,1633.0577392578125,243,1809.83740234375,99.98852783080001,80.7123453713,
pgame_seed1,pgame,1,leg4_weak,top_k,3,13,157,1620.343017578125,243,1809.83740234375,99.98852783080001,80.7123453713,
pgame_seed1,pgame,1,leg4_weak,top_k,3,14,736,1625.93115234375,243,1809.83740234375,99.98852783080001,80.7123453713,
pgame_seed1,pgame,1,leg4_weak,top_k,3,15,399,1721.12060546875,243,1809.83740234375,99.98852783080001,80.7123453713,
pgame_seed1,pgame,1,leg4_weak,top_k,3,16,276,1759.577392578125,243,1809.83740234375,99.98852783080001,80.7123453713,
pgame_seed1,pgame,1,leg4_weak,top_k,3,17,414,1657.40869140625,243,1809.83740234375,99.98852783080001,80.7123453713,
pgame_seed1,pgame,1,leg4_weak,top_k,3,18,693,1678.15771484375,243,1809.83740234375,99.98852783080001,80.7123453713,
pgame_seed1,pgame,1,leg4_weak,top_k,3,19,751,1640.29833984375,243,1809.83740234375,99.98852783080001,80.7123453713,
pgame_seed1,pgame,1,leg4_weak,top_k,3,20,27,1739.8223876953125,243,1809.83740234375,99.98852783080001,80.7123453713,
pgame_seed1,pgame,1,leg4_weak,top_k,4,1,578,1623.7587890625,578,1615.327880859375,74.09616693702637,59.81161585487984,
pgame_seed1,pgame,1,leg4_weak,top_k,4,2,243,1815.3292236328125,243,1809.83740234375,99.98852783080001,80.7123453713,
pgame_seed1,pgame,1,leg4_weak,top_k,4,3,61,1582.7822265625,243,1809.83740234375,99.98852783080001,80.7123453713,
pgame_seed1,pgame,1,leg4_weak,top_k,4,4,128,1584.8590087890625,243,1809.83740234375,99.98852783080001,80.7123453713,
pgame_seed1,pgame,1,leg4_weak,top_k,4,5,193,1585.5015869140625,243,1809.83740234375,99.98852783080001,80.7123453713,
pgame_seed1,pgame,1,leg4_weak,top_k,4,6,617,1657.942138671875,243,1809.83740234375,99.98852783080001,80.7123453713,
pgame_seed1,pgame,1,leg4_weak,top_k,4,7,311,1634.687255859375,243,1809.83740234375,99.98852783080001,80.7123453713,
pgame_seed1,pgame,1,leg4_weak,top_k,4,8,863,1772.901123046875,243,1809.83740234375,99.98852783080001,80.7123453713,
pgame_seed1,pgame,1,leg4_weak,top_k,4,9,365,1633.9189453125,243,1809.83740234375,99.98852783080001,80.7123453713,
pgame_seed1,pgame,1,leg4_weak,top_k,4,10,810,1611.582763671875,243,1809.83740234375,99.98852783080001,80.7123453713,
pgame_seed1,pgame,1,leg4_weak,top_k,4,11,783,1670.2783203125,243,1809.83740234375,99.98852783080001,80.7123453713,
pgame_seed1,pgame,1,leg4_weak,top_k,4,12,28,1707.113037109375,243,1809.83740234375,99.98852783080001,80.7123453713,
pgame_seed1,pgame,1,leg4_weak,top_k,4,13,157,1624.64111328125,243,1809.83740234375,99.98852783080001,80.7123453713,
pgame_seed1,pgame,1,leg4_weak,top_k,4,14,736,1604.15625,243,1809.83740234375,99.98852783080001,80.7123453713,
pgame_seed1,pgame,1,leg4_weak,top_k,4,15,399,1713.809814453125,243,1809.83740234375,99.98852783080001,80.7123453713,
pgame_seed1,pgame,1,leg4_weak,top_k,4,16,276,1776.6544189453125,243,1809.83740234375,99.98852783080001,80.7123453713,
pgame_seed1,pgame,1,leg4_weak,top_k,4,17,414,1690.63916015625,243,1809.83740234375,99.98852783080001,80.7123453713,
pgame_seed1,pgame,1,leg4_weak,top_k,4,18,693,1709.425048828125,243,1809.83740234375,99.98852783080001,80.7123453713,
pgame_seed1,pgame,1,leg4_weak,top_k,4,19,751,1714.1591796875,243,1809.83740234375,99.98852783080001,80.7123453713,
pgame_seed1,pgame,1,leg4_weak,top_k,4,20,27,1161.5645751953125,243,1809.83740234375,99.98852783080001,80.7123453713,
pgame_seed1,pgame,1,legs12_paralysed,ite,0,1,578,1026.467529296875,578,1025.0628662109375,-153.98319992668462,-3.614427867940174,
pgame_seed1,pgame,1,legs12_paralysed,ite,0,2,401,1064.6666259765625,401,1058.377197265625,-1.4777179974922705,-0.034686284696225624,
pgame_seed1,pgame,1,legs12_paralysed,ite,0,3,94,1066.6868896484375,94,1057.7855224609375,-4.186271595224848,-0.09826381529771629,
pgame_seed1,pgame,1,legs12_paralysed,ite,0,4,130,1046.470703125,94,1057.7855224609375,-4.186271595224848,-0.09826381529771629,
pgame_seed1,pgame,1,legs12_paralysed,ite,0,5,243,952.659912109375,94,1057.7855224609375,-4.186271595224848,-0.09826381529771629,
pgame_seed1,pgame,1,legs12_paralysed,ite,0,6,711,1043.3890380859375,94,1057.7855224609375,-4.186271595224848,-0.09826381529771629,
pgame_seed1,pgame,1,legs12_paralysed,ite,0,7,693,1048.119384765625,94,1057.7855224609375,-4.186271595224848,-0.09826381529771629,
pgame_seed1,pgame,1,legs12_paralysed,ite,0,8,527,1041.841064453125,94,1057.7855224609375,-4.186271595224848,-0.09826381529771629,
pgame_seed1,pgame,1,legs12_paralysed,ite,0,9,85,1031.95654296875,94,1057.7855224609375,-4.186271595224848,-0.09826381529771629,
pgame_seed1,pgame,1,legs12_paralysed,ite,0,10,94,1053.28125,94,1057.7855224609375,-4.186271595224848,-0.09826381529771629,
pgame_seed1,pgame,1,legs12_paralysed,ite,0,11,130,1051.2747802734375,94,1057.7855224609375,-4.186271595224848,-0.09826381529771629,
pgame_seed1,pgame,1,legs12_paralysed,ite,0,12,401,1017.3509521484375,94,1057.7855224609375,-4.186271595224848,-0.09826381529771629,
pgame_seed1,pgame,1,legs12_paralysed,ite,0,13,61,1027.792236328125,94,1057.7855224609375,-4.186271595224848,-0.09826381529771629,
pgame_seed1,pgame,1,legs12_paralysed,ite,0,14,494,1051.730224609375,94,1057.7855224609375,-4.186271595224848,-0.09826381529771629,
pgame_seed1,pgame,1,legs12_paralysed,ite,0,15,94,1065.8023681640625,94,1057.7855224609375,-4.186271595224848,-0.09826381529771629,
pgame_seed1,pgame,1,legs12_paralysed,ite,0,16,130,1054.089599609375,94,1057.7855224609375,-4.186271595224848,-0.09826381529771629,
pgame_seed1,pgame,1,legs12_paralysed,ite,0,17,94,1070.316162109375,94,1057.7855224609375,-4.186271595224848,-0.09826381529771629,
pgame_seed1,pgame,1,legs12_paralysed,ite,0,18,243,954.2381591796875,94,1057.7855224609375,-4.186271595224848,-0.09826381529771629,
pgame_seed1,pgame,1,legs12_paralysed,ite,0,19,94,1057.545166015625,94,1057.7855224609375,-4.186271595224848,-0.09826381529771629,
pgame_seed1,pgame,1,legs12_paralysed,ite,0,20,130,1045.9344482421875,94,1057.7855224609375,-4.186271595224848,-0.09826381529771629,
pgame_seed1,pgame,1,legs12_paralysed,ite,1,1,578,1024.66845703125,578,1025.0628662109375,-153.98319992668462,-3.614427867940174,
pgame_seed1,pgame,1,legs12_paralysed,ite,1,2,401,989.4533081054688,578,1025.0628662109375,-153.98319992668462,-3.614427867940174,
pgame_seed1,pgame,1,legs12_paralysed,ite,1,3,94,1065.61572265625,94,1057.7855224609375,-4.186271595224848,-0.09826381529771629,
pgame_seed1,pgame,1,legs12_paralysed,ite,1,4,130,1053.09228515625,94,1057.7855224609375,-4.186271595224848,-0.09826381529771629,
pgame_seed1,pgame,1,legs12_paralysed,ite,1,5,243,957.738525390625,94,1057.7855224609375,-4.186271595224848,-0.09826381529771629,
pgame_seed1,pgame,1,legs12_paralysed,ite,1,6,711,1032.5478515625,94,1057.7855224609375,-4.186271595224848,-0.09826381529771629,
pgame_seed1,pgame,1,legs12_paralysed,ite,1,7,693,1017.3385009765625,94,1057.7855224609375,-4.186271595224848,-0.09826381529771629,
pgame_seed1,pgame,1,legs12_paralysed,ite,1,8,527,1035.2178955078125,94,1057.7855224609375,-4.186271595224848,-0.09826381529771629,
pgame_seed1,pgame,1,legs12_paralysed,ite,1,9,85,1036.5677490234375,94,1057.7855224609375,-4.186271595224848,-0.09826381529771629,
pgame_seed1,pgame,1,legs12_paralysed,ite,1,10,130,1051.526123046875,94,1057.7855224609375,-4.186271595224848,-0.09826381529771629,
pgame_seed1,pgame,1,legs12_paralysed,ite,1,11,94,1076.6533203125,94,1057.7855224609375,-4.186271595224848,-0.09826381529771629,
pgame_seed1,pgame,1,legs12_paralysed,ite,1,12,94,1028.385986328125,94,1057.7855224609375,-4.186271595224848,-0.09826381529771629,
pgame_seed1,pgame,1,legs12_paralysed,ite,1,13,494,1052.1351318359375,94,1057.7855224609375,-4.186271595224848,-0.09826381529771629,
pgame_seed1,pgame,1,legs12_paralysed,ite,1,14,130,1051.0806884765625,94,1057.7855224609375,-4.186271595224848,-0.09826381529771629,
pgame_seed1,pgame,1,legs12_paralysed,ite,1,15,578,1012.572998046875,94,1057.7855224609375,-4.186271595224848,-0.09826381529771629,
pgame_seed1,pgame,1,legs12_paralysed,ite,1,16,94,1055.01318359375,94,1057.7855224609375,-4.186271595224848,-0.09826381529771629,
pgame_seed1,pgame,1,legs12_paralysed,ite,1,17,243,943.5438232421875,94,1057.7855224609375,-4.186271595224848,-0.09826381529771629,
pgame_seed1,pgame,1,legs12_paralysed,ite,1,18,130,1049.212890625,94,1057.7855224609375,-4.186271595224848,-0.09826381529771629,
pgame_seed1,pgame,1,legs12_paralysed,ite,1,19,711,1042.690185546875,94,1057.7855224609375,-4.186271595224848,-0.09826381529771629,
pgame_seed1,pgame,1,legs12_paralysed,ite,1,20,94,1051.400146484375,94,1057.7855224609375,-4.186271595224848,-0.09826381529771629,
pgame_seed1,pgame,1,legs12_paralysed,ite,2,1,578,1034.608642578125,578,1025.0628662109375,-153.98319992668462,-3.614427867940174,
pgame_seed1,pgame,1,legs12_paralysed,ite,2,2,401,1041.842529296875,401,1058.377197265625,-1.4777179974922705,-0.034686284696225624,
pgame_seed1,pgame,1,legs12_paralysed,ite,2,3,94,1060.6943359375,94,1057.7855224609375,-4.186271595224848,-0.09826381529771629,
pgame_seed1,pgame,1,legs12_paralysed,ite,2,4,130,1053.08251953125,94,1057.7855224609375,-4.186271595224848,-0.09826381529771629,
pgame_seed1,pgame,1,legs12_paralysed,ite,2,5,243,968.5541381835938,94,1057.7855224609375,-4.186271595224848,-0.09826381529771629,
pgame_seed1,pgame,1,legs12_paralysed,ite,2,6,711,1047.53173828125,94,1057.7855224609375,-4.186271595224848,-0.09826381529771629,
pgame_seed1,pgame,1,legs12_paralysed,ite,2,7,693,1018.4502563476562,94,1057.7855224609375,-4.186271595224848,-0.09826381529771629,
pgame_seed1,pgame,1,legs12_paralysed,ite,2,8,527,1039.5966796875,94,1057.7855224609375,-4.186271595224848,-0.09826381529771629,
pgame_seed1,pgame,1,legs12_paralysed,ite,2,9,85,1049.439208984375,94,1057.7855224609375,-4.186271595224848,-0.09826381529771629,
pgame_seed1,pgame,1,legs12_paralysed,ite,2,10,130,1052.016845703125,94,1057.7855224609375,-4.186271595224848,-0.09826381529771629,
pgame_seed1,pgame,1,legs12_paralysed,ite,2,11,94,1070.830322265625,94,1057.7855224609375,-4.186271595224848,-0.09826381529771629,
pgame_seed1,pgame,1,legs12_paralysed,ite,2,12,243,951.0654296875,94,1057.7855224609375,-4.186271595224848,-0.09826381529771629,
pgame_seed1,pgame,1,legs12_paralysed,ite,2,13,494,1055.7392578125,94,1057.7855224609375,-4.186271595224848,-0.09826381529771629,
pgame_seed1,pgame,1,legs12_paralysed,ite,2,14,94,1037.2373046875,94,1057.7855224609375,-4.186271595224848,-0.09826381529771629,
pgame_seed1,pgame,1,legs12_paralysed,ite,2,15,130,1052.257080078125,94,1057.7855224609375,-4.186271595224848,-0.09826381529771629,
pgame_seed1,pgame,1,legs12_paralysed,ite,2,16,61,1030.63623046875,94,1057.7855224609375,-4.186271595224848,-0.09826381529771629,
pgame_seed1,pgame,1,legs12_paralysed,ite,2,17,711,1047.55126953125,94,1057.7855224609375,-4.186271595224848,-0.09826381529771629,
pgame_seed1,pgame,1,legs12_paralysed,ite,2,18,130,1050.059814453125,94,1057.7855224609375,-4.186271595224848,-0.09826381529771629,
pgame_seed1,pgame,1,legs12_paralysed,ite,2,19,94,1071.50048828125,94,1057.7855224609375,-4.186271595224848,-0.09826381529771629,
pgame_seed1,pgame,1,legs12_paralysed,ite,2,20,365,1025.41162109375,94,1057.7855224609375,-4.186271595224848,-0.09826381529771629,
pgame_seed1,pgame,1,legs12_paralysed,ite,3,1,578,1027.448974609375,578,1025.0628662109375,-153.98319992668462,-3.614427867940174,
pgame_seed1,pgame,1,legs12_paralysed,ite,3,2,401,1056.5428466796875,401,1058.377197265625,-1.4777179974922705,-0.034686284696225624,
pgame_seed1,pgame,1,legs12_paralysed,ite,3,3,94,1057.5849609375,94,1057.7855224609375,-4.186271595224848,-0.09826381529771629,
pgame_seed1,pgame,1,legs12_paralysed,ite,3,4,130,1049.91845703125,94,1057.7855224609375,-4.186271595224848,-0.09826381529771629,
pgame_seed1,pgame,1,legs12_paralysed,ite,3,5,243,959.9320068359375,94,1057.7855224609375,-4.186271595224848,-0.09826381529771629,
pgame_seed1,pgame,1,legs12_paralysed,ite,3,6,711,1045.17333984375,94,1057.7855224609375,-4.186271595224848,-0.09826381529771629,
pgame_seed1,pgame,1,legs12_paralysed,ite,3,7,693,1032.0960693359375,94,1057.7855224609375,-4.186271595224848,-0.09826381529771629,
pgame_seed1,pgame,1,legs12_paralysed,ite,3,8,527,1043.4759521484375,94,1057.7855224609375,-4.186271595224848,-0.09826381529771629,
pgame_seed1,pgame,1,legs12_paralysed,ite,3,9,85,1040.8453369140625,94,1057.7855224609375,-4.186271595224848,-0.09826381529771629,
pgame_seed1,pgame,1,legs12_paralysed,ite,3,10,130,1051.07568359375,94,1057.7855224609375,-4.186271595224848,-0.09826381529771629,
pgame_seed1,pgame,1,legs12_paralysed,ite,3,11,94,1058.5400390625,94,1057.7855224609375,-4.186271595224848,-0.09826381529771629,
pgame_seed1,pgame,1,legs12_paralysed,ite,3,12,401,1040.680419921875,94,1057.7855224609375,-4.186271595224848,-0.09826381529771629,
pgame_seed1,pgame,1,legs12_paralysed,ite,3,13,494,1052.326171875,94,1057.7855224609375,-4.186271595224848,-0.09826381529771629,
pgame_seed1,pgame,1,legs12_paralysed,ite,3,14,61,1037.14990234375,94,1057.7855224609375,-4.186271595224848,-0.09826381529771629,
pgame_seed1,pgame,1,legs12_paralysed,ite,3,15,94,1060.5166015625,94,1057.7855224609375,-4.186271595224848,-0.09826381529771629,
pgame_seed1,pgame,1,legs12_paralysed,ite,3,16,130,1049.448974609375,94,1057.7855224609375,-4.186271595224848,-0.09826381529771629,
pgame_seed1,pgame,1,legs12_paralysed,ite,3,17,243,959.4030151367188,94,1057.7855224609375,-4.186271595224848,-0.09826381529771629,
pgame_seed1,pgame,1,legs12_paralysed,ite,3,18,94,1069.5382080078125,94,1057.7855224609375,-4.186271595224848,-0.09826381529771629,
pgame_seed1,pgame,1,legs12_paralysed,ite,3,19,711,1041.1676025390625,94,1057.7855224609375,-4.186271595224848,-0.09826381529771629,
pgame_seed1,pgame,1,legs12_paralysed,ite,3,20,94,1063.145263671875,94,1057.7855224609375,-4.186271595224848,-0.09826381529771629,
pgame_seed1,pgame,1,legs12_paralysed,ite,4,1,578,1008.5709228515625,578,1025.0628662109375,-153.98319992668462,-3.614427867940174,
pgame_seed1,pgame,1,legs12_paralysed,ite,4,2,401,1061.8399658203125,401,1058.377197265625,-1.4777179974922705,-0.034686284696225624,
pgame_seed1,pgame,1,legs12_paralysed,ite,4,3,94,1067.670166015625,94,1057.7855224609375,-4.186271595224848,-0.09826381529771629,
pgame_seed1,pgame,1,legs12_paralysed,ite,4,4,130,1054.8560791015625,94,1057.7855224609375,-4.186271595224848,-0.09826381529771629,
pgame_seed1,pgame,1,legs12_paralysed,ite,4,5,243,944.51171875,94,1057.7855224609375,-4.186271595224848,-0.09826381529771629,
pgame_seed1,pgame,1,legs12_paralysed,ite,4,6,711,1045.3597412109375,94,1057.7855224609375,-4.186271595224848,-0.09826381529771629,
pgame_seed1,pgame,1,legs12_paralysed,ite,4,7,94,1059.82568359375,94,1057.7855224609375,-4.186271595224848,-0.09826381529771629,
pgame_seed1,pgame,1,legs12_paralysed,ite,4,8,527,1036.73486328125,94,1057.7855224609375,-4.186271595224848,-0.09826381529771629,
pgame_seed1,pgame,1,legs12_paralysed,ite,4,9,130,1053.2666015625,94,1057.7855224609375,-4.186271595224848,-0.09826381529771629,
pgame_seed1,pgame,1,legs12_paralysed,ite,4,10,28,1020.5982666015625,94,1057.7855224609375,-4.186271595224848,-0.09826381529771629,
pgame_seed1,pgame,1,legs12_paralysed,ite,4,11,85,1081.919921875,85,1042.2337646484375,-75.37870575060556,-1.7693546753410236,
pgame_seed1,pgame,1,legs12_paralysed,ite,4,12,401,1065.1143798828125,85,1042.2337646484375,-75.37870575060556,-1.7693546753410236,
pgame_seed1,pgame,1,legs12_paralysed,ite,4,13,94,1047.468994140625,85,1042.2337646484375,-75.37870575060556,-1.7693546753410236,
pgame_seed1,pgame,1,legs12_paralysed,ite,4,14,494,1047.986572265625,85,1042.2337646484375,-75.37870575060556,-1.7693546753410236,
pgame_seed1,pgame,1,legs12_paralysed,ite,4,15,130,1048.37548828125,85,1042.2337646484375,-75.37870575060556,-1.7693546753410236,
pgame_seed1,pgame,1,legs12_paralysed,ite,4,16,365,1007.2354125976562,85,1042.2337646484375,-75.37870575060556,-1.7693546753410236,
pgame_seed1,pgame,1,legs12_paralysed,ite,4,17,401,1056.7899169921875,85,1042.2337646484375,-75.37870575060556,-1.7693546753410236,
pgame_seed1,pgame,1,legs12_paralysed,ite,4,18,94,1059.237060546875,85,1042.2337646484375,-75.37870575060556,-1.7693546753410236,
pgame_seed1,pgame,1,legs12_paralysed,ite,4,19,711,1043.9029541015625,85,1042.2337646484375,-75.37870575060556,-1.7693546753410236,
pgame_seed1,pgame,1,legs12_paralysed,ite,4,20,130,1051.2440185546875,85,1042.2337646484375,-75.37870575060556,-1.7693546753410236,
pgame_seed1,pgame,1,legs12_paralysed,top_k,0,1,578,1034.61474609375,578,1025.0628662109375,-153.98319992668462,-3.614427867940174,
pgame_seed1,pgame,1,legs12_paralysed,top_k,0,2,243,979.633056640625,578,1025.0628662109375,-153.98319992668462,-3.614427867940174,
pgame_seed1,pgame,1,legs12_paralysed,top_k,0,3,61,1035.0760498046875,61,1030.4302978515625,-129.41231036772,-3.037678534218791,
pgame_seed1,pgame,1,legs12_paralysed,top_k,0,4,128,1029.201171875,61,1030.4302978515625,-129.41231036772,-3.037678534218791,
pgame_seed1,pgame,1,legs12_paralysed,top_k,0,5,193,1008.8301391601562,61,1030.4302978515625,-129.41231036772,-3.037678534218791,
pgame_seed1,pgame,1,legs12_paralysed,top_k,0,6,617,1047.8900146484375,617,1051.8955078125,-31.149428113523705,-0.7311665239943381,
pgame_seed1,pgame,1,legs12_paralysed,top_k,0,7,311,1021.576171875,617,1051.8955078125,-31.149428113523705,-0.7311665239943381,
pgame_seed1,pgame,1,legs12_paralysed,top_k,0,8,863,1030.590576171875,617,1051.8955078125,-31.149428113523705,-0.7311665239943381,
pgame_seed1,pgame,1,legs12_paralysed,top_k,0,9,365,1003.456787109375,617,1051.8955078125,-31.149428113523705,-0.7311665239943381,
pgame_seed1,pgame,1,legs12_paralysed,top_k,0,10,810,1011.7982177734375,617,1051.8955078125,-31.149428113523705,-0.7311665239943381,
pgame_seed1,pgame,1,legs12_paralysed,top_k,0,11,783,1020.2946166992188,617,1051.8955078125,-31.149428113523705,-0.7311665239943381,
pgame_seed1,pgame,1,legs12_paralysed,top_k,0,12,28,1031.0140380859375,617,1051.8955078125,-31.149428113523705,-0.7311665239943381,
pgame_seed1,pgame,1,legs12_paralysed,top_k,0,13,157,1025.2152099609375,617,1051.8955078125,-31.149428113523705,-0.7311665239943381,
pgame_seed1,pgame,1,legs12_paralysed,top_k,0,14,736,1016.6922607421875,617,1051.8955078125,-31.149428113523705,-0.7311665239943381,
pgame_seed1,pgame,1,legs12_paralysed,top_k,0,15,399,1111.2965087890625,399,1080.544677734375,100.0,2.3472871518848137,
pgame_seed1,pgame,1,legs12_paralysed,top_k,0,16,276,963.171142578125,399,1080.544677734375,100.0,2.3472871518848137,
pgame_seed1,pgame,1,legs12_paralysed,top_k,0,17,414,1039.159912109375,399,1080.544677734375,100.0,2.3472871518848137,
pgame_seed1,pgame,1,legs12_paralysed,top_k,0,18,693,1033.6474609375,399,1080.544677734375,100.0,2.3472871518848137,
pgame_seed1,pgame,1,legs12_paralysed,top_k,0,19,751,1003.4501953125,399,1080.544677734375,100.0,2.3472871518848137,
pgame_seed1,pgame,1,legs12_paralysed,top_k,0,20,27,967.4273071289062,399,1080.544677734375,100.0,2.3472871518848137,
pgame_seed1,pgame,1,legs12_paralysed,top_k,1,1,578,1025.943359375,578,1025.0628662109375,-153.98319992668462,-3.614427867940174,
pgame_seed1,pgame,1,legs12_paralysed,top_k,1,2,243,950.239990234375,578,1025.0628662109375,-153.98319992668462,-3.614427867940174,
pgame_seed1,pgame,1,legs12_paralysed,top_k,1,3,61,994.4072875976562,578,1025.0628662109375,-153.98319992668462,-3.614427867940174,
pgame_seed1,pgame,1,legs12_paralysed,top_k,1,4,128,1047.227783203125,128,1031.73583984375,-123.4358340467483,-2.8973934734011837,
pgame_seed1,pgame,1,legs12_paralysed,top_k,1,5,193,1035.3599853515625,128,1031.73583984375,-123.4358340467483,-2.8973934734011837,
pgame_seed1,pgame,1,legs12_paralysed,top_k,1,6,617,1042.478271484375,128,1031.73583984375,-123.4358340467483,-2.8973934734011837,
pgame_seed1,pgame,1,legs12_paralysed,top_k,1,7,311,995.9673461914062,128,1031.73583984375,-123.4358340467483,-2.8973934734011837,
pgame_seed1,pgame,1,legs12_paralysed,top_k,1,8,863,1035.4345703125,128,1031.73583984375,-123.4358340467483,-2.8973934734011837,
pgame_seed1,pgame,1,legs12_paralysed,top_k,1,9,365,1000.447998046875,128,1031.73583984375,-123.4358340467483,-2.8973934734011837,
pgame_seed1,pgame,1,legs12_paralysed,top_k,1,10,810,999.70263671875,128,1031.73583984375,-123.4358340467483,-2.8973934734011837,
pgame_seed1,pgame,1,legs12_paralysed,top_k,1,11,783,1008.5068359375,128,1031.73583984375,-123.4358340467483,-2.8973934734011837,
pgame_seed1,pgame,1,legs12_paralysed,top_k,1,12,28,1038.279052734375,128,1031.73583984375,-123.4358340467483,-2.8973934734011837,
pgame_seed1,pgame,1,legs12_paralysed,top_k,1,13,157,1004.9686279296875,128,1031.73583984375,-123.4358340467483,-2.8973934734011837,
pgame_seed1,pgame,1,legs12_paralysed,top_k,1,14,736,1018.1146240234375,128,1031.73583984375,-123.4358340467483,-2.8973934734011837,
pgame_seed1,pgame,1,legs12_paralysed,top_k,1,15,399,1054.439453125,399,1080.544677734375,100.0,2.3472871518848137,
pgame_seed1,pgame,1,legs12_paralysed,top_k,1,16,276,980.8401489257812,399,1080.544677734375,100.0,2.3472871518848137,
pgame_seed1,pgame,1,legs12_paralysed,top_k,1,17,414,1027.152099609375,399,1080.544677734375,100.0,2.3472871518848137,
pgame_seed1,pgame,1,legs12_paralysed,top_k,1,18,693,1030.6546630859375,399,1080.544677734375,100.0,2.3472871518848137,
pgame_seed1,pgame,1,legs12_paralysed,top_k,1,19,751,1010.7698974609375,399,1080.544677734375,100.0,2.3472871518848137,
pgame_seed1,pgame,1,legs12_paralysed,top_k,1,20,27,943.6131591796875,399,1080.544677734375,100.0,2.3472871518848137,
pgame_seed1,pgame,1,legs12_paralysed,top_k,2,1,578,1021.1823120117188,578,1025.0628662109375,-153.98319992668462,-3.614427867940174,
pgame_seed1,pgame,1,legs12_paralysed,top_k,2,2,243,970.0458984375,578,1025.0628662109375,-153.98319992668462,-3.614427867940174,
pgame_seed1,pgame,1,legs12_paralysed,top_k,2,3,61,984.1856079101562,578,1025.0628662109375,-153.98319992668462,-3.614427867940174,
pgame_seed1,pgame,1,legs12_paralysed,top_k,2,4,128,1028.33349609375,128,1031.73583984375,-123.4358340467483,-2.8973934734011837,
pgame_seed1,pgame,1,legs12_paralysed,top_k,2,5,193,1041.724853515625,193,1030.2840576171875,-130.0817651253193,-3.0533925597316,
pgame_seed1,pgame,1,legs12_paralysed,top_k,2,6,617,1040.110595703125,193,1030.2840576171875,-130.0817651253193,-3.0533925597316,
pgame_seed1,pgame,1,legs12_paralysed,top_k,2,7,311,1033.3865966796875,193,1030.2840576171875,-130.0817651253193,-3.0533925597316,
pgame_seed1,pgame,1,legs12_paralysed,top_k,2,8,863,998.1983642578125,193,1030.2840576171875,-130.0817651253193,-3.0533925597316,
pgame_seed1,pgame,1,legs12_paralysed,top_k,2,9,365,999.951416015625,193,1030.2840576171875,-130.0817651253193,-3.0533925597316,
pgame_seed1,pgame,1,legs12_paralysed,top_k,2,10,810,1041.4261474609375,193,1030.2840576171875,-130.0817651253193,-3.0533925597316,
pgame_seed1,pgame,1,legs12_paralysed,top_k,2,11,783,1014.8009033203125,193,1030.2840576171875,-130.0817651253193,-3.0533925597316,
pgame_seed1,pgame,1,legs12_paralysed,top_k,2,12,28,1036.5589599609375,193,1030.2840576171875,-130.0817651253193,-3.0533925597316,
pgame_seed1,pgame,1,legs12_paralysed,top_k,2,13,157,1028.828125,193,1030.2840576171875,-130.0817651253193,-3.0533925597316,
pgame_seed1,pgame,1,legs12_paralysed,top_k,2,14,736,1021.1131591796875,193,1030.2840576171875,-130.0817651253193,-3.0533925597316,
pgame_seed1,pgame,1,legs12_paralysed,top_k,2,15,399,1057.3515625,399,1080.544677734375,100.0,2.3472871518848137,
pgame_seed1,pgame,1,legs12_paralysed,top_k,2,16,276,1007.1029052734375,399,1080.544677734375,100.0,2.3472871518848137,
pgame_seed1,pgame,1,legs12_paralysed,top_k,2,17,414,1034.49169921875,399,1080.544677734375,100.0,2.3472871518848137,
pgame_seed1,pgame,1,legs12_paralysed,top_k,2,18,693,1011.2794799804688,399,1080.544677734375,100.0,2.3472871518848137,
pgame_seed1,pgame,1,legs12_paralysed,top_k,2,19,751,986.248291015625,399,1080.544677734375,100.0,2.3472871518848137,
pgame_seed1,pgame,1,legs12_paralysed,top_k,2,20,27,958.8610229492188,399,1080.544677734375,100.0,2.3472871518848137,
pgame_seed1,pgame,1,legs12_paralysed,top_k,3,1,578,1026.06298828125,578,1025.0628662109375,-153.98319992668462,-3.614427867940174,
pgame_seed1,pgame,1,legs12_paralysed,top_k,3,2,243,967.980224609375,578,1025.0628662109375,-153.98319992668462,-3.614427867940174,
pgame_seed1,pgame,1,legs12_paralysed,top_k,3,3,61,1032.008056640625,61,1030.4302978515625,-129.41231036772,-3.037678534218791,
pgame_seed1,pgame,1,legs12_paralysed,top_k,3,4,128,1039.204345703125,128,1031.73583984375,-123.4358340467483,-2.8973934734011837,
pgame_seed1,pgame,1,legs12_paralysed,top_k,3,5,193,1042.28759765625,193,1030.2840576171875,-130.0817651253193,-3.0533925597316,
pgame_seed1,pgame,1,legs12_paralysed,top_k,3,6,617,1020.25146484375,193,1030.2840576171875,-130.0817651253193,-3.0533925597316,
pgame_seed1,pgame,1,legs12_paralysed,top_k,3,7,311,1028.87109375,193,1030.2840576171875,-130.0817651253193,-3.0533925597316,
pgame_seed1,pgame,1,legs12_paralysed,top_k,3,8,863,1022.5665283203125,193,1030.2840576171875,-130.0817651253193,-3.0533925597316,
pgame_seed1,pgame,1,legs12_paralysed,top_k,3,9,365,1009.462646484375,193,1030.2840576171875,-130.0817651253193,-3.0533925597316,
pgame_seed1,pgame,1,legs12_paralysed,top_k,3,10,810,1007.953857421875,193,1030.2840576171875,-130.0817651253193,-3.0533925597316,
pgame_seed1,pgame,1,legs12_paralysed,top_k,3,11,783,1017.9264526367188,193,1030.2840576171875,-130.0817651253193,-3.0533925597316,
pgame_seed1,pgame,1,legs12_paralysed,top_k,3,12,28,1037.66650390625,193,1030.2840576171875,-130.0817651253193,-3.0533925597316,
pgame_seed1,pgame,1,legs12_paralysed,top_k,3,13,157,1030.9053955078125,193,1030.2840576171875,-130.0817651253193,-3.0533925597316,
pgame_seed1,pgame,1,legs12_paralysed,top_k,3,14,736,1046.2623291015625,736,1019.7093505859375,-178.4903851097174,-4.189681877030122,
pgame_seed1,pgame,1,legs12_paralysed,top_k,3,15,399,1056.069091796875,399,1080.544677734375,100.0,2.3472871518848137,
pgame_seed1,pgame,1,legs12_paralysed,top_k,3,16,276,971.8094482421875,399,1080.544677734375,100.0,2.3472871518848137,
pgame_seed1,pgame,1,legs12_paralysed,top_k,3,17,414,1026.96484375,399,1080.544677734375,100.0,2.3472871518848137,
pgame_seed1,pgame,1,legs12_paralysed,top_k,3,18,693,1012.5924072265625,399,1080.544677734375,100.0,2.3472871518848137,
pgame_seed1,pgame,1,legs12_paralysed,top_k,3,19,751,983.39111328125,399,1080.544677734375,100.0,2.3472871518848137,
pgame_seed1,pgame,1,legs12_paralysed,top_k,3,20,27,964.3220825195312,399,1080.544677734375,100.0,2.3472871518848137,
pgame_seed1,pgame,1,legs12_paralysed,top_k,4,1,578,1021.1136474609375,578,1025.0628662109375,-153.98319992668462,-3.614427867940174,
pgame_seed1,pgame,1,legs12_paralysed,top_k,4,2,243,975.6385498046875,578,1025.0628662109375,-153.98319992668462,-3.614427867940174,
pgame_seed1,pgame,1,legs12_paralysed,top_k,4,3,61,1017.19287109375,578,1025.0628662109375,-153.98319992668462,-3.614427867940174,
pgame_seed1,pgame,1,legs12_paralysed,top_k,4,4,128,1038.9169921875,128,1031.73583984375,-123.4358340467483,-2.8973934734011837,
pgame_seed1,pgame,1,legs12_paralysed,top_k,4,5,193,1034.4912109375,128,1031.73583984375,-123.4358340467483,-2.8973934734011837,
pgame_seed1,pgame,1,legs12_paralysed,top_k,4,6,617,1032.539794921875,128,1031.73583984375,-123.4358340467483,-2.8973934734011837,
pgame_seed1,pgame,1,legs12_paralysed,top_k,4,7,311,1001.0458374023438,128,1031.73583984375,-123.4358340467483,-2.8973934734011837,
pgame_seed1,pgame,1,legs12_paralysed,top_k,4,8,863,1008.999267578125,128,1031.73583984375,-123.4358340467483,-2.8973934734011837,
pgame_seed1,pgame,1,legs12_paralysed,top_k,4,9,365,999.4224853515625,128,1031.73583984375,-123.4358340467483,-2.8973934734011837,
pgame_seed1,pgame,1,legs12_paralysed,top_k,4,10,810,1013.91943359375,128,1031.73583984375,-123.4358340467483,-2.8973934734011837,
pgame_seed1,pgame,1,legs12_paralysed,top_k,4,11,783,1020.1097412109375,128,1031.73583984375,-123.4358340467483,-2.8973934734011837,
pgame_seed1,pgame,1,legs12_paralysed,top_k,4,12,28,1036.596923828125,128,1031.73583984375,-123.4358340467483,-2.8973934734011837,
pgame_seed1,pgame,1,legs12_paralysed,top_k,4,13,157,1034.215576171875,128,1031.73583984375,-123.4358340467483,-2.8973934734011837,
pgame_seed1,pgame,1,legs12_paralysed,top_k,4,14,736,980.2735595703125,128,1031.73583984375,-123.4358340467483,-2.8973934734011837,
pgame_seed1,pgame,1,legs12_paralysed,top_k,4,15,399,1104.6500244140625,399,1080.544677734375,100.0,2.3472871518848137,
pgame_seed1,pgame,1,legs12_paralysed,top_k,4,16,276,949.3800659179688,399,1080.544677734375,100.0,2.3472871518848137,
pgame_seed1,pgame,1,legs12_paralysed,top_k,4,17,414,1029.11669921875,399,1080.544677734375,100.0,2.3472871518848137,
pgame_seed1,pgame,1,legs12_paralysed,top_k,4,18,693,1028.1787109375,399,1080.544677734375,100.0,2.3472871518848137,
pgame_seed1,pgame,1,legs12_paralysed,top_k,4,19,751,1021.3753662109375,399,1080.544677734375,100.0,2.3472871518848137,
pgame_seed1,pgame,1,legs12_paralysed,top_k,4,20,27,1001.4949340820312,399,1080.544677734375,100.0,2.3472871518848137,
pgame_seed1,pgame,1,legs14_paralysed,ite,0,1,578,1057.9410400390625,578,1053.5377197265625,-10.770428958984793,-0.5547051006021669,
pgame_seed1,pgame,1,legs14_paralysed,ite,0,2,401,958.2257080078125,578,1053.5377197265625,-10.770428958984793,-0.5547051006021669,
pgame_seed1,pgame,1,legs14_paralysed,ite,0,3,94,1029.6153564453125,578,1053.5377197265625,-10.770428958984793,-0.5547051006021669,
pgame_seed1,pgame,1,legs14_paralysed,ite,0,4,130,1042.365478515625,578,1053.5377197265625,-10.770428958984793,-0.5547051006021669,
pgame_seed1,pgame,1,legs14_paralysed,ite,0,5,243,998.4654541015625,578,1053.5377197265625,-10.770428958984793,-0.5547051006021669,
pgame_seed1,pgame,1,legs14_paralysed,ite,0,6,711,1046.460693359375,578,1053.5377197265625,-10.770428958984793,-0.5547051006021669,
pgame_seed1,pgame,1,legs14_paralysed,ite,0,7,365,1055.7735595703125,578,1053.5377197265625,-10.770428958984793,-0.5547051006021669,
pgame_seed1,pgame,1,legs14_paralysed,ite,0,8,527,1044.238037109375,578,1053.5377197265625,-10.770428958984793,-0.5547051006021669,
pgame_seed1,pgame,1,legs14_paralysed,ite,0,9,28,1080.276611328125,28,1081.1746826171875,46.89051343253775,2.4149833836641195,
pgame_seed1,pgame,1,legs14_paralysed,ite,0,10,130,1041.7054443359375,28,1081.1746826171875,46.89051343253775,2.4149833836641195,
pgame_seed1,pgame,1,legs14_paralysed,ite,0,11,94,1031.4736328125,28,1081.1746826171875,46.89051343253775,2.4149833836641195,
pgame_seed1,pgame,1,legs14_paralysed,ite,0,12,85,1022.333740234375,28,1081.1746826171875,46.89051343253775,2.4149833836641195,
pgame_seed1,pgame,1,legs14_paralysed,ite,0,13,61,1082.46240234375,61,1066.169921875,15.585024179688574,0.8026692751424294,
pgame_seed1,pgame,1,legs14_paralysed,ite,0,14,243,1003.7823486328125,61,1066.169921875,15.585024179688574,0.8026692751424294,
pgame_seed1,pgame,1,legs14_paralysed,ite,0,15,494,1048.6077880859375,61,1066.169921875,15.585024179688574,0.8026692751424294,
pgame_seed1,pgame,1,legs14_paralysed,ite,0,16,28,1067.983154296875,61,1066.169921875,15.585024179688574,0.8026692751424294,
pgame_seed1,pgame,1,legs14_paralysed,ite,0,17,578,1067.9906005859375,61,1066.169921875,15.585024179688574,0.8026692751424294,
pgame_seed1,pgame,1,legs14_paralysed,ite,0,18,130,1037.0003662109375,61,1066.169921875,15.585024179688574,0.8026692751424294,
pgame_seed1,pgame,1,legs14_paralysed,ite,0,19,94,1031.8818359375,61,1066.169921875,15.585024179688574,0.8026692751424294,
pgame_seed1,pgame,1,legs14_paralysed,ite,0,20,61,1038.168212890625,61,1066.169921875,15.585024179688574,0.8026692751424294,
pgame_seed1,pgame,1,legs14_paralysed,ite,1,1,578,1079.0391845703125,578,1053.5377197265625,-10.770428958984793,-0.5547051006021669,
pgame_seed1,pgame,1,legs14_paralysed,ite,1,2,401,958.4061279296875,578,1053.5377197265625,-10.770428958984793,-0.5547051006021669,
pgame_seed1,pgame,1,legs14_paralysed,ite,1,3,94,1036.890380859375,578,1053.5377197265625,-10.770428958984793,-0.5547051006021669,
pgame_seed1,pgame,1,legs14_paralysed,ite,1,4,130,1045.3953857421875,578,1053.5377197265625,-10.770428958984793,-0.5547051006021669,
pgame_seed1,pgame,1,legs14_paralysed,ite,1,5,243,1017.2447509765625,578,1053.5377197265625,-10.770428958984793,-0.5547051006021669,
pgame_seed1,pgame,1,legs14_paralysed,ite,1,6,711,1051.2208251953125,578,1053.5377197265625,-10.770428958984793,-0.5547051006021669,
pgame_seed1,pgame,1,legs14_paralysed,ite,1,7,365,1066.55126953125,578,1053.5377197265625,-10.770428958984793,-0.5547051006021669,
pgame_seed1,pgame,1,legs14_paralysed,ite,1,8,28,1054.396728515625,578,1053.5377197265625,-10.770428958984793,-0.5547051006021669,
pgame_seed1,pgame,1,legs14_paralysed,ite,1,9,527,1041.933837890625,578,1053.5377197265625,-10.770428958984793,-0.5547051006021669,
pgame_seed1,pgame,1,legs14_paralysed,ite,1,10,130,1036.40185546875,578,1053.5377197265625,-10.770428958984793,-0.5547051006021669,
pgame_seed1,pgame,1,legs14_paralysed,ite,1,11,94,1022.0989990234375,578,1053.5377197265625,-10.770428958984793,-0.5547051006021669,
pgame_seed1,pgame,1,legs14_paralysed,ite,1,12,243,1032.2203369140625,578,1053.5377197265625,-10.770428958984793,-0.5547051006021669,
pgame_seed1,pgame,1,legs14_paralysed,ite,1,13,85,1022.51611328125,578,1053.5377197265625,-10.770428958984793,-0.5547051006021669,
pgame_seed1,pgame,1,legs14_paralysed,ite,1,14,578,1064.673095703125,578,1053.5377197265625,-10.770428958984793,-0.5547051006021669,
pgame_seed1,pgame,1,legs14_paralysed,ite,1,15,494,1046.3052978515625,578,1053.5377197265625,-10.770428958984793,-0.5547051006021669,
pgame_seed1,pgame,1,legs14_paralysed,ite,1,16,61,1047.17236328125,578,1053.5377197265625,-10.770428958984793,-0.5547051006021669,
pgame_seed1,pgame,1,legs14_paralysed,ite,1,17,130,1046.6412353515625,578,1053.5377197265625,-10.770428958984793,-0.5547051006021669,
pgame_seed1,pgame,1,legs14_paralysed,ite,1,18,578,1049.3668212890625,578,1053.5377197265625,-10.770428958984793,-0.5547051006021669,
pgame_seed1,pgame,1,legs14_paralysed,ite,1,19,94,1037.07275390625,578,1053.5377197265625,-10.770428958984793,-0.5547051006021669,
pgame_seed1,pgame,1,legs14_paralysed,ite,1,20,711,1047.6409912109375,578,1053.5377197265625,-10.770428958984793,-0.5547051006021669,
pgame_seed1,pgame,1,legs14_paralysed,ite,2,1,578,1038.5166015625,578,1053.5377197265625,-10.770428958984793,-0.5547051006021669,15
pgame_seed1,pgame,1,legs14_paralysed,ite,2,2,401,961.613037109375,578,1053.5377197265625,-10.770428958984793,-0.5547051006021669,15
pgame_seed1,pgame,1,legs14_paralysed,ite,2,3,94,1024.7523193359375,578,1053.5377197265625,-10.770428958984793,-0.5547051006021669,15
pgame_seed1,pgame,1,legs14_paralysed,ite,2,4,130,1041.594970703125,130,1042.4527587890625,-33.89776377355966,-1.7458229877200055,15
pgame_seed1,pgame,1,legs14_paralysed,ite,2,5,243,1007.5626220703125,130,1042.4527587890625,-33.89776377355966,-1.7458229877200055,15
pgame_seed1,pgame,1,legs14_paralysed,ite,2,6,711,1049.6947021484375,711,1049.7177734375,-18.740251974054956,-0.9651717119313287,15
pgame_seed1,pgame,1,legs14_paralysed,ite,2,7,85,1026.747802734375,711,1049.7177734375,-18.740251974054956,-0.9651717119313287,15
pgame_seed1,pgame,1,legs14_paralysed,ite,2,8,527,1037.7666015625,711,1049.7177734375,-18.740251974054956,-0.9651717119313287,15
pgame_seed1,pgame,1,legs14_paralysed,ite,2,9,28,1095.876220703125,28,1081.1746826171875,46.89051343253775,2.4149833836641195,15
pgame_seed1,pgame,1,legs14_paralysed,ite,2,10,130,1039.919921875,28,1081.1746826171875,46.89051343253775,2.4149833836641195,15
pgame_seed1,pgame,1,legs14_paralysed,ite,2,11,94,1038.381103515625,28,1081.1746826171875,46.89051343253775,2.4149833836641195,15
pgame_seed1,pgame,1,legs14_paralysed,ite,2,12,578,1068.488037109375,28,1081.1746826171875,46.89051343253775,2.4149833836641195,15
pgame_seed1,pgame,1,legs14_paralysed,ite,2,13,243,1021.04052734375,28,1081.1746826171875,46.89051343253775,2.4149833836641195,15
pgame_seed1,pgame,1,legs14_paralysed,ite,2,14,61,1053.412109375,28,1081.1746826171875,46.89051343253775,2.4149833836641195,15
pgame_seed1,pgame,1,legs14_paralysed,ite,2,15,494,1049.5458984375,28,1081.1746826171875,46.89051343253775,2.4149833836641195,15
pgame_seed1,pgame,1,legs14_paralysed,ite,2,16,94,1033.5660400390625,28,1081.1746826171875,46.89051343253775,2.4149833836641195,15
pgame_seed1,pgame,1,legs14_paralysed,ite,2,17,130,1039.5341796875,28,1081.1746826171875,46.89051343253775,2.4149833836641195,15
pgame_seed1,pgame,1,legs14_paralysed,ite,2,18,578,1050.4072265625,28,1081.1746826171875,46.89051343253775,2.4149833836641195,15
pgame_seed1,pgame,1,legs14_paralysed,ite,2,19,711,1048.8974609375,28,1081.1746826171875,46.89051343253775,2.4149833836641195,15
pgame_seed1,pgame,1,legs14_paralysed,ite,2,20,28,1079.83935546875,28,1081.1746826171875,46.89051343253775,2.4149833836641195,15
pgame_seed1,pgame,1,legs14_paralysed,ite,3,1,578,1069.150390625,578,1053.5377197265625,-10.770428958984793,-0.5547051006021669,19
pgame_seed1,pgame,1,legs14_paralysed,ite,3,2,401,956.0471801757812,578,1053.5377197265625,-10.770428958984793,-0.5547051006021669,19
pgame_seed1,pgame,1,legs14_paralysed,ite,3,3,94,1031.6170654296875,578,1053.5377197265625,-10.770428958984793,-0.5547051006021669,19
pgame_seed1,pgame,1,legs14_paralysed,ite,3,4,130,1046.71240234375,578,1053.5377197265625,-10.770428958984793,-0.5547051006021669,19
pgame_seed1,pgame,1,legs14_paralysed,ite,3,5,243,1019.5733642578125,578,1053.5377197265625,-10.770428958984793,-0.5547051006021669,19
pgame_seed1,pgame,1,legs14_paralysed,ite,3,6,711,1048.7813720703125,578,1053.5377197265625,-10.770428958984793,-0.5547051006021669,19
pgame_seed1,pgame,1,legs14_paralysed,ite,3,7,365,1089.595458984375,365,1066.021484375,15.275328567688277,0.7867191457404462,19
pgame_seed1,pgame,1,legs14_paralysed,ite,3,8,28,1059.202392578125,365,1066.021484375,15.275328567688277,0.7867191457404462,19
pgame_seed1,pgame,1,legs14_paralysed,ite,3,9,527,1034.527099609375,365,1066.021484375,15.275328567688277,0.7867191457404462,19
pgame_seed1,pgame,1,legs14_paralysed,ite,3,10,130,1045.014892578125,365,1066.021484375,15.275328567688277,0.7867191457404462,19
pgame_seed1,pgame,1,legs14_paralysed,ite,3,11,85,1026.3360595703125,365,1066.021484375,15.275328567688277,0.7867191457404462,19
pgame_seed1,pgame,1,legs14_paralysed,ite,3,12,94,1040.195068359375,365,1066.021484375,15.275328567688277,0.7867191457404462,19
pgame_seed1,pgame,1,legs14_paralysed,ite,3,13,243,966.4156494140625,365,1066.021484375,15.275328567688277,0.7867191457404462,19
pgame_seed1,pgame,1,legs14_paralysed,ite,3,14,578,1065.75390625,365,1066.021484375,15.275328567688277,0.7867191457404462,19
pgame_seed1,pgame,1,legs14_paralysed,ite,3,15,494,1048.6763916015625,365,1066.021484375,15.275328567688277,0.7867191457404462,19
pgame_seed1,pgame,1,legs14_paralysed,ite,3,16,61,1060.998046875,365,1066.021484375,15.275328567688277,0.7867191457404462,19
pgame_seed1,pgame,1,legs14_paralysed,ite,3,17,130,1041.787109375,365,1066.021484375,15.275328567688277,0.7867191457404462,19
pgame_seed1,pgame,1,legs14_paralysed,ite,3,18,94,1034.7880859375,365,1066.021484375,15.275328567688277,0.7867191457404462,19
pgame_seed1,pgame,1,legs14_paralysed,ite,3,19,578,1045.623046875,365,1066.021484375,15.275328567688277,0.7867191457404462,19
pgame_seed1,pgame,1,legs14_paralysed,ite,3,20,711,1050.76953125,365,1066.021484375,15.275328567688277,0.7867191457404462,19
pgame_seed1,pgame,1,legs14_paralysed,ite,4,1,578,1065.219482421875,578,1053.5377197265625,-10.770428958984793,-0.5547051006021669,
pgame_seed1,pgame,1,legs14_paralysed,ite,4,2,401,958.5435791015625,578,1053.5377197265625,-10.770428958984793,-0.5547051006021669,
pgame_seed1,pgame,1,legs14_paralysed,ite,4,3,94,1035.037353515625,578,1053.5377197265625,-10.770428958984793,-0.5547051006021669,
pgame_seed1,pgame,1,legs14_paralysed,ite,4,4,130,1041.35302734375,578,1053.5377197265625,-10.770428958984793,-0.5547051006021669,
pgame_seed1,pgame,1,legs14_paralysed,ite,4,5,243,985.28515625,578,1053.5377197265625,-10.770428958984793,-0.5547051006021669,
pgame_seed1,pgame,1,legs14_paralysed,ite,4,6,711,1050.679931640625,578,1053.5377197265625,-10.770428958984793,-0.5547051006021669,
pgame_seed1,pgame,1,legs14_paralysed,ite,4,7,28,1058.277587890625,578,1053.5377197265625,-10.770428958984793,-0.5547051006021669,
pgame_seed1,pgame,1,legs14_paralysed,ite,4,8,85,1029.7757568359375,578,1053.5377197265625,-10.770428958984793,-0.5547051006021669,
pgame_seed1,pgame,1,legs14_paralysed,ite,4,9,527,1045.2078857421875,578,1053.5377197265625,-10.770428958984793,-0.5547051006021669,
pgame_seed1,pgame,1,legs14_paralysed,ite,4,10,130,1043.036376953125,578,1053.5377197265625,-10.770428958984793,-0.5547051006021669,
pgame_seed1,pgame,1,legs14_paralysed,ite,4,11,94,1034.725830078125,578,1053.5377197265625,-10.770428958984793,-0.5547051006021669,
pgame_seed1,pgame,1,legs14_paralysed,ite,4,12,578,1037.14453125,578,1053.5377197265625,-10.770428958984793,-0.5547051006021669,
pgame_seed1,pgame,1,legs14_paralysed,ite,4,13,494,1049.773193359375,578,1053.5377197265625,-10.770428958984793,-0.5547051006021669,
pgame_seed1,pgame,1,legs14_paralysed,ite,4,14,243,1034.10546875,578,1053.5377197265625,-10.770428958984793,-0.5547051006021669,
pgame_seed1,pgame,1,legs14_paralysed,ite,4,15,94,1031.53564453125,578,1053.5377197265625,-10.770428958984793,-0.5547051006021669,
pgame_seed1,pgame,1,legs14_paralysed,ite,4,16,130,1039.339599609375,578,1053.5377197265625,-10.770428958984793,-0.5547051006021669,
pgame_seed1,pgame,1,legs14_paralysed,ite,4,17,578,1055.8201904296875,578,1053.5377197265625,-10.770428958984793,-0.5547051006021669,
pgame_seed1,pgame,1,legs14_paralysed,ite,4,18,711,1051.37646484375,578,1053.5377197265625,-10.770428958984793,-0.5547051006021669,
pgame_seed1,pgame,1,legs14_paralysed,ite,4,19,61,1059.7618408203125,578,1053.5377197265625,-10.770428958984793,-0.5547051006021669,
pgame_seed1,pgame,1,legs14_paralysed,ite,4,20,365,1066.1641845703125,365,1066.021484375,15.275328567688277,0.7867191457404462,
pgame_seed1,pgame,1,legs14_paralysed,top_k,0,1,578,1034.702392578125,578,1053.5377197265625,-10.770428958984793,-0.5547051006021669,
pgame_seed1,pgame,1,legs14_paralysed,top_k,0,2,243,955.4752197265625,578,1053.5377197265625,-10.770428958984793,-0.5547051006021669,
pgame_seed1,pgame,1,legs14_paralysed,top_k,0,3,61,1057.125244140625,61,1066.169921875,15.585024179688574,0.8026692751424294,
pgame_seed1,pgame,1,legs14_paralysed,top_k,0,4,128,1041.335693359375,61,1066.169921875,15.585024179688574,0.8026692751424294,
pgame_seed1,pgame,1,legs14_paralysed,top_k,0,5,193,1065.16748046875,193,1043.6060791015625,-31.49151036716261,-1.6218946796690703,
pgame_seed1,pgame,1,legs14_paralysed,top_k,0,6,617,1060.90576171875,193,1043.6060791015625,-31.49151036716261,-1.6218946796690703,
pgame_seed1,pgame,1,legs14_paralysed,top_k,0,7,311,1040.57373046875,193,1043.6060791015625,-31.49151036716261,-1.6218946796690703,
pgame_seed1,pgame,1,legs14_paralysed,top_k,0,8,863,1064.76123046875,193,1043.6060791015625,-31.49151036716261,-1.6218946796690703,
pgame_seed1,pgame,1,legs14_paralysed,top_k,0,9,365,1070.417236328125,365,1066.021484375,15.275328567688277,0.7867191457404462,
pgame_seed1,pgame,1,legs14_paralysed,top_k,0,10,810,1086.6119384765625,810,1087.3177490234375,59.707225585747445,3.0750773902639574,
pgame_seed1,pgame,1,legs14_paralysed,top_k,0,11,783,1076.70263671875,810,1087.3177490234375,59.707225585747445,3.0750773902639574,
pgame_seed1,pgame,1,legs14_paralysed,top_k,0,12,28,1044.7276611328125,810,1087.3177490234375,59.707225585747445,3.0750773902639574,
pgame_seed1,pgame,1,legs14_paralysed,top_k,0,13,157,1069.8238525390625,810,1087.3177490234375,59.707225585747445,3.0750773902639574,
pgame_seed1,pgame,1,legs14_paralysed,top_k,0,14,736,1008.9385986328125,810,1087.3177490234375,59.707225585747445,3.0750773902639574,
pgame_seed1,pgame,1,legs14_paralysed,top_k,0,15,399,970.193115234375,810,1087.3177490234375,59.707225585747445,3.0750773902639574,
pgame_seed1,pgame,1,legs14_paralysed,top_k,0,16,276,938.6759033203125,810,1087.3177490234375,59.707225585747445,3.0750773902639574,
pgame_seed1,pgame,1,legs14_paralysed,top_k,0,17,414,1054.2374267578125,810,1087.3177490234375,59.707225585747445,3.0750773902639574,
pgame_seed1,pgame,1,legs14_paralysed,top_k,0,18,693,1039.21533203125,810,1087.3177490234375,59.707225585747445,3.0750773902639574,
pgame_seed1,pgame,1,legs14_paralysed,top_k,0,19,751,1067.0079345703125,810,1087.3177490234375,59.707225585747445,3.0750773902639574,
pgame_seed1,pgame,1,legs14_paralysed,top_k,0,20,27,983.2899169921875,810,1087.3177490234375,59.707225585747445,3.0750773902639574,
pgame_seed1,pgame,1,legs14_paralysed,top_k,1,1,578,1048.0791015625,578,1053.5377197265625,-10.770428958984793,-0.5547051006021669,
pgame_seed1,pgame,1,legs14_paralysed,top_k,1,2,243,994.5401000976562,578,1053.5377197265625,-10.770428958984793,-0.5547051006021669,
pgame_seed1,pgame,1,legs14_paralysed,top_k,1,3,61,1064.8895263671875,61,1066.169921875,15.585024179688574,0.8026692751424294,
pgame_seed1,pgame,1,legs14_paralysed,top_k,1,4,128,1048.8646240234375,61,1066.169921875,15.585024179688574,0.8026692751424294,
pgame_seed1,pgame,1,legs14_paralysed,top_k,1,5,193,1051.189453125,61,1066.169921875,15.585024179688574,0.8026692751424294,
pgame_seed1,pgame,1,legs14_paralysed,top_k,1,6,617,1050.129638671875,61,1066.169921875,15.585024179688574,0.8026692751424294,
pgame_seed1,pgame,1,legs14_paralysed,top_k,1,7,311,1052.49609375,61,1066.169921875,15.585024179688574,0.8026692751424294,
pgame_seed1,pgame,1,legs14_paralysed,top_k,1,8,863,1094.3411865234375,863,1056.783447265625,-3.998638969284203,-0.2059403056438349,
pgame_seed1,pgame,1,legs14_paralysed,top_k,1,9,365,1090.6568603515625,863,1056.783447265625,-3.998638969284203,-0.2059403056438349,
pgame_seed1,pgame,1,legs14_paralysed,top_k,1,10,810,1045.927001953125,863,1056.783447265625,-3.998638969284203,-0.2059403056438349,
pgame_seed1,pgame,1,legs14_paralysed,top_k,1,11,783,1034.176025390625,863,1056.783447265625,-3.998638969284203,-0.2059403056438349,
pgame_seed1,pgame,1,legs14_paralysed,top_k,1,12,28,1090.8634033203125,863,1056.783447265625,-3.998638969284203,-0.2059403056438349,
pgame_seed1,pgame,1,legs14_paralysed,top_k,1,13,157,1054.1767578125,863,1056.783447265625,-3.998638969284203,-0.2059403056438349,
pgame_seed1,pgame,1,legs14_paralysed,top_k,1,14,736,1020.779541015625,863,1056.783447265625,-3.998638969284203,-0.2059403056438349,
pgame_seed1,pgame,1,legs14_paralysed,top_k,1,15,399,957.1591796875,863,1056.783447265625,-3.998638969284203,-0.2059403056438349,
pgame_seed1,pgame,1,legs14_paralysed,top_k,1,16,276,960.2410888671875,863,1056.783447265625,-3.998638969284203,-0.2059403056438349,
pgame_seed1,pgame,1,legs14_paralysed,top_k,1,17,414,1081.2115478515625,863,1056.783447265625,-3.998638969284203,-0.2059403056438349,
pgame_seed1,pgame,1,legs14_paralysed,top_k,1,18,693,1079.9456787109375,863,1056.783447265625,-3.998638969284203,-0.2059403056438349,
pgame_seed1,pgame,1,legs14_paralysed,top_k,1,19,751,1060.8629150390625,863,1056.783447265625,-3.998638969284203,-0.2059403056438349,
pgame_seed1,pgame,1,legs14_paralysed,top_k,1,20,27,996.93408203125,863,1056.783447265625,-3.998638969284203,-0.2059403056438349,
pgame_seed1,pgame,1,legs14_paralysed,top_k,2,1,578,1060.0745849609375,578,1053.5377197265625,-10.770428958984793,-0.5547051006021669,
pgame_seed1,pgame,1,legs14_paralysed,top_k,2,2,243,1019.670166015625,578,1053.5377197265625,-10.770428958984793,-0.5547051006021669,
pgame_seed1,pgame,1,legs14_paralysed,top_k,2,3,61,1076.7510986328125,61,1066.169921875,15.585024179688574,0.8026692751424294,
pgame_seed1,pgame,1,legs14_paralysed,top_k,2,4,128,1099.2392578125,128,1055.7120361328125,-6.233999484519905,-0.32106718538166934,
pgame_seed1,pgame,1,legs14_paralysed,top_k,2,5,193,1029.5059814453125,128,1055.7120361328125,-6.233999484519905,-0.32106718538166934,
pgame_seed1,pgame,1,legs14_paralysed,top_k,2,6,617,1050.983154296875,128,1055.7120361328125,-6.233999484519905,-0.32106718538166934,
pgame_seed1,pgame,1,legs14_paralysed,top_k,2,7,311,1080.8912353515625,128,1055.7120361328125,-6.233999484519905,-0.32106718538166934,
pgame_seed1,pgame,1,legs14_paralysed,top_k,2,8,863,1049.57470703125,128,1055.7120361328125,-6.233999484519905,-0.32106718538166934,
pgame_seed1,pgame,1,legs14_paralysed,top_k,2,9,365,1106.15234375,365,1066.021484375,15.275328567688277,0.7867191457404462,
pgame_seed1,pgame,1,legs14_paralysed,top_k,2,10,810,1095.5889892578125,365,1066.021484375,15.275328567688277,0.7867191457404462,
pgame_seed1,pgame,1,legs14_paralysed,top_k,2,11,783,1070.3673095703125,365,1066.021484375,15.275328567688277,0.7867191457404462,
pgame_seed1,pgame,1,legs14_paralysed,top_k,2,12,28,1070.83349609375,365,1066.021484375,15.275328567688277,0.7867191457404462,
pgame_seed1,pgame,1,legs14_paralysed,top_k,2,13,157,1091.701171875,365,1066.021484375,15.275328567688277,0.7867191457404462,
pgame_seed1,pgame,1,legs14_paralysed,top_k,2,14,736,1014.6160888671875,365,1066.021484375,15.275328567688277,0.7867191457404462,
pgame_seed1,pgame,1,legs14_paralysed,top_k,2,15,399,960.0734252929688,365,1066.021484375,15.275328567688277,0.7867191457404462,
pgame_seed1,pgame,1,legs14_paralysed,top_k,2,16,276,939.1907348632812,365,1066.021484375,15.275328567688277,0.7867191457404462,
pgame_seed1,pgame,1,legs14_paralysed,top_k,2,17,414,1086.71533203125,365,1066.021484375,15.275328567688277,0.7867191457404462,
pgame_seed1,pgame,1,legs14_paralysed,top_k,2,18,693,1064.6917724609375,365,1066.021484375,15.275328567688277,0.7867191457404462,
pgame_seed1,pgame,1,legs14_paralysed,top_k,2,19,751,1048.919189453125,365,1066.021484375,15.275328567688277,0.7867191457404462,
pgame_seed1,pgame,1,legs14_paralysed,top_k,2,20,27,977.9213256835938,365,1066.021484375,15.275328567688277,0.7867191457404462,
pgame_seed1,pgame,1,legs14_paralysed,top_k,3,1,578,1056.346435546875,578,1053.5377197265625,-10.770428958984793,-0.5547051006021669,
pgame_seed1,pgame,1,legs14_paralysed,top_k,3,2,243,1002.8825073242188,578,1053.5377197265625,-10.770428958984793,-0.5547051006021669,
pgame_seed1,pgame,1,legs14_paralysed,top_k,3,3,61,1130.240478515625,61,1066.169921875,15.585024179688574,0.8026692751424294,
pgame_seed1,pgame,1,legs14_paralysed,top_k,3,4,128,1044.6424560546875,61,1066.169921875,15.585024179688574,0.8026692751424294,
pgame_seed1,pgame,1,legs14_paralysed,top_k,3,5,193,1047.0830078125,61,1066.169921875,15.585024179688574,0.8026692751424294,
pgame_seed1,pgame,1,legs14_paralysed,top_k,3,6,617,1040.091064453125,61,1066.169921875,15.585024179688574,0.8026692751424294,
pgame_seed1,pgame,1,legs14_paralysed,top_k,3,7,311,1023.8736572265625,61,1066.169921875,15.585024179688574,0.8026692751424294,
pgame_seed1,pgame,1,legs14_paralysed,top_k,3,8,863,1067.5523681640625,61,1066.169921875,15.585024179688574,0.8026692751424294,
pgame_seed1,pgame,1,legs14_paralysed,top_k,3,9,365,1070.75,61,1066.169921875,15.585024179688574,0.8026692751424294,
pgame_seed1,pgame,1,legs14_paralysed,top_k,3,10,810,1067.1219482421875,61,1066.169921875,15.585024179688574,0.8026692751424294,
pgame_seed1,pgame,1,legs14_paralysed,top_k,3,11,783,1050.58056640625,61,1066.169921875,15.585024179688574,0.8026692751424294,
pgame_seed1,pgame,1,legs14_paralysed,top_k,3,12,28,1064.0567626953125,61,1066.169921875,15.585024179688574,0.8026692751424294,
pgame_seed1,pgame,1,legs14_paralysed,top_k,3,13,157,1062.5526123046875,61,1066.169921875,15.585024179688574,0.8026692751424294,
pgame_seed1,pgame,1,legs14_paralysed,top_k,3,14,736,1007.9345703125,61,1066.169921875,15.585024179688574,0.8026692751424294,
pgame_seed1,pgame,1,legs14_paralysed,top_k,3,15,399,968.1351318359375,61,1066.169921875,15.585024179688574,0.8026692751424294,
pgame_seed1,pgame,1,legs14_paralysed,top_k,3,16,276,951.2763671875,61,1066.169921875,15.585024179688574,0.8026692751424294,
pgame_seed1,pgame,1,legs14_paralysed,top_k,3,17,414,1049.35986328125,61,1066.169921875,15.585024179688574,0.8026692751424294,
pgame_seed1,pgame,1,legs14_paralysed,top_k,3,18,693,1068.192138671875,61,1066.169921875,15.585024179688574,0.8026692751424294,
pgame_seed1,pgame,1,legs14_paralysed,top_k,3,19,751,1053.0799560546875,61,1066.169921875,15.585024179688574,0.8026692751424294,
pgame_seed1,pgame,1,legs14_paralysed,top_k,3,20,27,969.0283203125,61,1066.169921875,15.585024179688574,0.8026692751424294,
pgame_seed1,pgame,1,legs14_paralysed,top_k,4,1,578,1037.873046875,578,1053.5377197265625,-10.770428958984793,-0.5547051006021669,
pgame_seed1,pgame,1,legs14_paralysed,top_k,4,2,243,1000.7484130859375,578,1053.5377197265625,-10.770428958984793,-0.5547051006021669,
pgame_seed1,pgame,1,legs14_paralysed,top_k,4,3,61,1046.708251953125,61,1066.169921875,15.585024179688574,0.8026692751424294,
pgame_seed1,pgame,1,legs14_paralysed,top_k,4,4,128,1049.9703369140625,128,1055.7120361328125,-6.233999484519905,-0.32106718538166934,
pgame_seed1,pgame,1,legs14_paralysed,top_k,4,5,193,1045.1822509765625,128,1055.7120361328125,-6.233999484519905,-0.32106718538166934,
pgame_seed1,pgame,1,legs14_paralysed,top_k,4,6,617,1072.1025390625,617,1040.1116943359375,-38.78209144374199,-1.9973785647522704,
pgame_seed1,pgame,1,legs14_paralysed,top_k,4,7,311,1058.337158203125,617,1040.1116943359375,-38.78209144374199,-1.9973785647522704,
pgame_seed1,pgame,1,legs14_paralysed,top_k,4,8,863,1063.104736328125,617,1040.1116943359375,-38.78209144374199,-1.9973785647522704,
pgame_seed1,pgame,1,legs14_paralysed,top_k,4,9,365,1055.5870361328125,617,1040.1116943359375,-38.78209144374199,-1.9973785647522704,
pgame_seed1,pgame,1,legs14_paralysed,top_k,4,10,810,1075.2218017578125,810,1087.3177490234375,59.707225585747445,3.0750773902639574,
pgame_seed1,pgame,1,legs14_paralysed,top_k,4,11,783,1054.0849609375,810,1087.3177490234375,59.707225585747445,3.0750773902639574,
pgame_seed1,pgame,1,legs14_paralysed,top_k,4,12,28,1098.637451171875,28,1081.1746826171875,46.89051343253775,2.4149833836641195,
pgame_seed1,pgame,1,legs14_paralysed,top_k,4,13,157,1103.9571533203125,157,1075.9052734375,35.89657389041863,1.848766906776447,
pgame_seed1,pgame,1,legs14_paralysed,top_k,4,14,736,1000.851806640625,157,1075.9052734375,35.89657389041863,1.848766906776447,
pgame_seed1,pgame,1,legs14_paralysed,top_k,4,15,399,978.9434814453125,157,1075.9052734375,35.89657389041863,1.848766906776447,
pgame_seed1,pgame,1,legs14_paralysed,top_k,4,16,276,954.5894775390625,157,1075.9052734375,35.89657389041863,1.848766906776447,
pgame_seed1,pgame,1,legs14_paralysed,top_k,4,17,414,1043.426513671875,157,1075.9052734375,35.89657389041863,1.848766906776447,
pgame_seed1,pgame,1,legs14_paralysed,top_k,4,18,693,1070.235107421875,157,1075.9052734375,35.89657389041863,1.848766906776447,
pgame_seed1,pgame,1,legs14_paralysed,top_k,4,19,751,1052.585693359375,157,1075.9052734375,35.89657389041863,1.848766906776447,
pgame_seed1,pgame,1,legs14_paralysed,top_k,4,20,27,991.2814331054688,157,1075.9052734375,35.89657389041863,1.848766906776447,
pgame_seed1,pgame,1,ankle1_paralysed,ite,0,1,578,1548.211181640625,578,1501.7255859375,64.33171279149846,47.60465127809724,3
pgame_seed1,pgame,1,ankle1_paralysed,ite,0,2,243,1353.051513671875,578,1501.7255859375,64.33171279149846,47.60465127809724,3
pgame_seed1,pgame,1,ankle1_paralysed,ite,0,3,61,1612.655029296875,61,1599.286376953125,78.49850808854033,58.08790006131618,3
pgame_seed1,pgame,1,ankle1_paralysed,ite,0,4,61,1611.7408447265625,61,1599.286376953125,78.49850808854033,58.08790006131618,3
pgame_seed1,pgame,1,ankle1_paralysed,ite,0,5,28,1607.775146484375,61,1599.286376953125,78.49850808854033,58.08790006131618,3
pgame_seed1,pgame,1,ankle1_paralysed,ite,0,6,61,1651.73583984375,61,1599.286376953125,78.49850808854033,58.08790006131618,3
pgame_seed1,pgame,1,ankle1_paralysed,ite,0,7,61,1603.58544921875,61,1599.286376953125,78.49850808854033,58.08790006131618,3
pgame_seed1,pgame,1,ankle1_paralysed,ite,0,8,61,1551.2344970703125,61,1599.286376953125,78.49850808854033,58.08790006131618,3
pgame_seed1,pgame,1,ankle1_paralysed,ite,0,9,61,1617.2265625,61,1599.286376953125,78.49850808854033,58.08790006131618,3
pgame_seed1,pgame,1,ankle1_paralysed,ite,0,10,61,1703.06103515625,61,1599.286376953125,78.49850808854033,58.08790006131618,3
pgame_seed1,pgame,1,ankle1_paralysed,ite,0,11,61,1534.361572265625,61,1599.286376953125,78.49850808854033,58.08790006131618,3
pgame_seed1,pgame,1,ankle1_paralysed,ite,0,12,61,1559.8658447265625,61,1599.286376953125,78.49850808854033,58.08790006131618,3
pgame_seed1,pgame,1,ankle1_paralysed,ite,0,13,28,1625.803955078125,61,1599.286376953125,78.49850808854033,58.08790006131618,3
pgame_seed1,pgame,1,ankle1_paralysed,ite,0,14,28,1582.5621337890625,61,1599.286376953125,78.49850808854033,58.08790006131618,3
pgame_seed1,pgame,1,ankle1_paralysed,ite,0,15,61,1641.27783203125,61,1599.286376953125,78.49850808854033,58.08790006131618,3
pgame_seed1,pgame,1,ankle1_paralysed,ite,0,16,61,1641.76513671875,61,1599.286376953125,78.49850808854033,58.08790006131618,3
pgame_seed1,pgame,1,ankle1_paralysed,ite,0,17,61,1588.31298828125,61,1599.286376953125,78.49850808854033,58.08790006131618,3
pgame_seed1,pgame,1,ankle1_paralysed,ite,0,18,61,1632.88671875,61,1599.286376953125,78.49850808854033,58.08790006131618,3
pgame_seed1,pgame,1,ankle1_paralysed,ite,0,19,61,1678.8958740234375,61,1599.286376953125,78.49850808854033,58.08790006131618,3
pgame_seed1,pgame,1,ankle1_paralysed,ite,0,20,61,1579.6231689453125,61,1599.286376953125,78.49850808854033,58.08790006131618,3
pgame_seed1,pgame,1,ankle1_paralysed,ite,1,1,578,1619.790771484375,578,1501.7255859375,64.33171279149846,47.60465127809724,3
pgame_seed1,pgame,1,ankle1_paralysed,ite,1,2,243,1493.91064453125,578,1501.7255859375,64.33171279149846,47.60465127809724,3
pgame_seed1,pgame,1,ankle1_paralysed,ite,1,3,61,1687.337158203125,61,1599.286376953125,78.49850808854033,58.08790006131618,3
pgame_seed1,pgame,1,ankle1_paralysed,ite,1,4,61,1650.61181640625,61,1599.286376953125,78.49850808854033,58.08790006131618,3
pgame_seed1,pgame,1,ankle1_paralysed,ite,1,5,61,1587.714599609375,61,1599.286376953125,78.49850808854033,58.08790006131618,3
pgame_seed1,pgame,1,ankle1_paralysed,ite,1,6,61,1598.655029296875,61,1599.286376953125,78.49850808854033,58.08790006131618,3
pgame_seed1,pgame,1,ankle1_paralysed,ite,1,7,61,1516.107666015625,61,1599.286376953125,78.49850808854033,58.08790006131618,3
pgame_seed1,pgame,1,ankle1_paralysed,ite,1,8,578,1534.33447265625,61,1599.286376953125,78.49850808854033,58.08790006131618,3
pgame_seed1,pgame,1,ankle1_paralysed,ite,1,9,61,1629.31982421875,61,1599.286376953125,78.49850808854033,58.08790006131618,3
pgame_seed1,pgame,1,ankle1_paralysed,ite,1,10,61,1682.911865234375,61,1599.286376953125,78.49850808854033,58.08790006131618,3
pgame_seed1,pgame,1,ankle1_paralysed,ite,1,11,61,1647.725830078125,61,1599.286376953125,78.49850808854033,58.08790006131618,3
pgame_seed1,pgame,1,ankle1_paralysed,ite,1,12,61,1651.533447265625,61,1599.286376953125,78.49850808854033,58.08790006131618,3
pgame_seed1,pgame,1,ankle1_paralysed,ite,1,13,61,1607.4462890625,61,1599.286376953125,78.49850808854033,58.08790006131618,3
pgame_seed1,pgame,1,ankle1_paralysed,ite,1,14,61,1515.322509765625,61,1599.286376953125,78.49850808854033,58.08790006131618,3
pgame_seed1,pgame,1,ankle1_paralysed,ite,1,15,61,1605.892822265625,61,1599.286376953125,78.49850808854033,58.08790006131618,3
pgame_seed1,pgame,1,ankle1_paralysed,ite,1,16,61,1617.5830078125,61,1599.286376953125,78.49850808854033,58.08790006131618,3
pgame_seed1,pgame,1,ankle1_paralysed,ite,1,17,61,1639.7158203125,61,1599.286376953125,78.49850808854033,58.08790006131618,3
pgame_seed1,pgame,1,ankle1_paralysed,ite,1,18,61,1568.6982421875,61,1599.286376953125,78.49850808854033,58.08790006131618,3
pgame_seed1,pgame,1,ankle1_paralysed,ite,1,19,61,1630.842529296875,61,1599.286376953125,78.49850808854033,58.08790006131618,3
pgame_seed1,pgame,1,ankle1_paralysed,ite,1,20,61,1644.347900390625,61,1599.286376953125,78.49850808854033,58.08790006131618,3
pgame_seed1,pgame,1,ankle1_paralysed,ite,2,1,578,1467.7525634765625,578,1501.7255859375,64.33171279149846,47.60465127809724,3
pgame_seed1,pgame,1,ankle1_paralysed,ite,2,2,243,1420.0947265625,578,1501.7255859375,64.33171279149846,47.60465127809724,3
pgame_seed1,pgame,1,ankle1_paralysed,ite,2,3,61,1619.1392822265625,61,1599.286376953125,78.49850808854033,58.08790006131618,3
pgame_seed1,pgame,1,ankle1_paralysed,ite,2,4,61,1626.3756103515625,61,1599.286376953125,78.49850808854033,58.08790006131618,3
pgame_seed1,pgame,1,ankle1_paralysed,ite,2,5,61,1622.626220703125,61,1599.286376953125,78.49850808854033,58.08790006131618,3
pgame_seed1,pgame,1,ankle1_paralysed,ite,2,6,61,1511.8277587890625,61,1599.286376953125,78.49850808854033,58.08790006131618,3
pgame_seed1,pgame,1,ankle1_paralysed,ite,2,7,61,1601.736328125,61,1599.286376953125,78.49850808854033,58.08790006131618,3
pgame_seed1,pgame,1,ankle1_paralysed,ite,2,8,61,1651.8753662109375,61,1599.286376953125,78.49850808854033,58.08790006131618,3
pgame_seed1,pgame,1,ankle1_paralysed,ite,2,9,61,1544.025390625,61,1599.286376953125,78.49850808854033,58.08790006131618,3
pgame_seed1,pgame,1,ankle1_paralysed,ite,2,10,61,1744.6795654296875,61,1599.286376953125,78.49850808854033,58.08790006131618,3
pgame_seed1,pgame,1,ankle1_paralysed,ite,2,11,61,1549.046142578125,61,1599.286376953125,78.49850808854033,58.08790006131618,3
pgame_seed1,pgame,1,ankle1_paralysed,ite,2,12,61,1582.390869140625,61,1599.286376953125,78.49850808854033,58.08790006131618,3
pgame_seed1,pgame,1,ankle1_paralysed,ite,2,13,61,1749.9134521484375,61,1599.286376953125,78.49850808854033,58.08790006131618,3
pgame_seed1,pgame,1,ankle1_paralysed,ite,2,14,61,1678.263671875,61,1599.286376953125,78.49850808854033,58.08790006131618,3
pgame_seed1,pgame,1,ankle1_paralysed,ite,2,15,61,1692.76416015625,61,1599.286376953125,78.49850808854033,58.08790006131618,3
pgame_seed1,pgame,1,ankle1_paralysed,ite,2,16,61,1689.6231689453125,61,1599.286376953125,78.49850808854033,58.08790006131618,3
pgame_seed1,pgame,1,ankle1_paralysed,ite,2,17,61,1534.0972900390625,61,1599.286376953125,78.49850808854033,58.08790006131618,3
pgame_seed1,pgame,1,ankle1_paralysed,ite,2,18,61,1635.196044921875,61,1599.286376953125,78.49850808854033,58.08790006131618,3
pgame_seed1,pgame,1,ankle1_paralysed,ite,2,19,61,1767.4361572265625,61,1599.286376953125,78.49850808854033,58.08790006131618,3
pgame_seed1,pgame,1,ankle1_paralysed,ite,2,20,61,1713.3731689453125,61,1599.286376953125,78.49850808854033,58.08790006131618,3
pgame_seed1,pgame,1,ankle1_paralysed,ite,3,1,578,1529.2181396484375,578,1501.7255859375,64.33171279149846,47.60465127809724,3
pgame_seed1,pgame,1,ankle1_paralysed,ite,3,2,243,1368.812744140625,578,1501.7255859375,64.33171279149846,47.60465127809724,3
pgame_seed1,pgame,1,ankle1_paralysed,ite,3,3,61,1643.012451171875,61,1599.286376953125,78.49850808854033,58.08790006131618,3
pgame_seed1,pgame,1,ankle1_paralysed,ite,3,4,61,1614.406005859375,61,1599.286376953125,78.49850808854033,58.08790006131618,3
pgame_seed1,pgame,1,ankle1_paralysed,ite,3,5,61,1629.731689453125,61,1599.286376953125,78.49850808854033,58.08790006131618,3
pgame_seed1,pgame,1,ankle1_paralysed,ite,3,6,61,1596.956298828125,61,1599.286376953125,78.49850808854033,58.08790006131618,3
pgame_seed1,pgame,1,ankle1_paralysed,ite,3,7,61,1700.731201171875,61,1599.286376953125,78.49850808854033,58.08790006131618,3
pgame_seed1,pgame,1,ankle1_paralysed,ite,3,8,61,1530.309326171875,61,1599.286376953125,78.49850808854033,58.08790006131618,3
pgame_seed1,pgame,1,ankle1_paralysed,ite,3,9,61,1569.495849609375,61,1599.286376953125,78.49850808854033,58.08790006131618,3
pgame_seed1,pgame,1,ankle1_paralysed,ite,3,10,61,1634.631103515625,61,1599.286376953125,78.49850808854033,58.08790006131618,3
pgame_seed1,pgame,1,ankle1_paralysed,ite,3,11,61,1701.512451171875,61,1599.286376953125,78.49850808854033,58.08790006131618,3
pgame_seed1,pgame,1,ankle1_paralysed,ite,3,12,61,1670.226318359375,61,1599.286376953125,78.49850808854033,58.08790006131618,3
pgame_seed1,pgame,1,ankle1_paralysed,ite,3,13,61,1566.49365234375,61,1599.286376953125,78.49850808854033,58.08790006131618,3
pgame_seed1,pgame,1,ankle1_paralysed,ite,3,14,61,1631.957763671875,61,1599.286376953125,78.49850808854033,58.08790006131618,3
pgame_seed1,pgame,1,ankle1_paralysed,ite,3,15,61,1710.1805419921875,61,1599.286376953125,78.49850808854033,58.08790006131618,3
pgame_seed1,pgame,1,ankle1_paralysed,ite,3,16,61,1609.989013671875,61,1599.286376953125,78.49850808854033,58.08790006131618,3
pgame_seed1,pgame,1,ankle1_paralysed,ite,3,17,61,1602.357666015625,61,1599.286376953125,78.49850808854033,58.08790006131618,3
pgame_seed1,pgame,1,ankle1_paralysed,ite,3,18,61,1621.914306640625,61,1599.286376953125,78.49850808854033,58.08790006131618,3
pgame_seed1,pgame,1,ankle1_paralysed,ite,3,19,61,1695.822998046875,61,1599.286376953125,78.49850808854033,58.08790006131618,3
pgame_seed1,pgame,1,ankle1_paralysed,ite,3,20,61,1704.806884765625,61,1599.286376953125,78.49850808854033,58.08790006131618,3
pgame_seed1,pgame,1,ankle1_paralysed,ite,4,1,578,1494.677490234375,578,1501.7255859375,64.33171279149846,47.60465127809724,3
pgame_seed1,pgame,1,ankle1_paralysed,ite,4,2,243,1382.5247802734375,578,1501.7255859375,64.33171279149846,47.60465127809724,3
pgame_seed1,pgame,1,ankle1_paralysed,ite,4,3,61,1571.066162109375,61,1599.286376953125,78.49850808854033,58.08790006131618,3
pgame_seed1,pgame,1,ankle1_paralysed,ite,4,4,61,1623.63525390625,61,1599.286376953125,78.49850808854033,58.08790006131618,3
pgame_seed1,pgame,1,ankle1_paralysed,ite,4,5,61,1649.7430419921875,61,1599.286376953125,78.49850808854033,58.08790006131618,3
pgame_seed1,pgame,1,ankle1_paralysed,ite,4,6,61,1600.523193359375,61,1599.286376953125,78.49850808854033,58.08790006131618,3
pgame_seed1,pgame,1,ankle1_paralysed,ite,4,7,61,1639.4012451171875,61,1599.286376953125,78.49850808854033,58.08790006131618,3
pgame_seed1,pgame,1,ankle1_paralysed,ite,4,8,61,1648.3687744140625,61,1599.286376953125,78.49850808854033,58.08790006131618,3
pgame_seed1,pgame,1,ankle1_paralysed,ite,4,9,61,1722.0687255859375,61,1599.286376953125,78.49850808854033,58.08790006131618,3
pgame_seed1,pgame,1,ankle1_paralysed,ite,4,10,61,1598.180419921875,61,1599.286376953125,78.49850808854033,58.08790006131618,3
pgame_seed1,pgame,1,ankle1_paralysed,ite,4,11,61,1596.3348388671875,61,1599.286376953125,78.49850808854033,58.08790006131618,3
pgame_seed1,pgame,1,ankle1_paralysed,ite,4,12,61,1761.1553955078125,61,1599.286376953125,78.49850808854033,58.08790006131618,3
pgame_seed1,pgame,1,ankle1_paralysed,ite,4,13,61,1713.452880859375,61,1599.286376953125,78.49850808854033,58.08790006131618,3
pgame_seed1,pgame,1,ankle1_paralysed,ite,4,14,61,1571.7869873046875,61,1599.286376953125,78.49850808854033,58.08790006131618,3
pgame_seed1,pgame,1,ankle1_paralysed,ite,4,15,61,1584.155517578125,61,1599.286376953125,78.49850808854033,58.08790006131618,3
pgame_seed1,pgame,1,ankle1_paralysed,ite,4,16,61,1603.0087890625,61,1599.286376953125,78.49850808854033,58.08790006131618,3
pgame_seed1,pgame,1,ankle1_paralysed,ite,4,17,61,1627.271240234375,61,1599.286376953125,78.49850808854033,58.08790006131618,3
pgame_seed1,pgame,1,ankle1_paralysed,ite,4,18,61,1610.533935546875,61,1599.286376953125,78.49850808854033,58.08790006131618,3
pgame_seed1,pgame,1,ankle1_paralysed,ite,4,19,61,1513.2813720703125,61,1599.286376953125,78.49850808854033,58.08790006131618,3
pgame_seed1,pgame,1,ankle1_paralysed,ite,4,20,61,1603.2265625,61,1599.286376953125,78.49850808854033,58.08790006131618,3
pgame_seed1,pgame,1,ankle1_paralysed,top_k,0,1,578,1390.455322265625,578,1501.7255859375,64.33171279149846,47.60465127809724,
pgame_seed1,pgame,1,ankle1_paralysed,top_k,0,2,243,1471.3603515625,243,1428.7596435546875,53.73633365781039,39.764205144583066,
pgame_seed1,pgame,1,ankle1_paralysed,top_k,0,3,61,1573.578125,61,1599.286376953125,78.49850808854033,58.08790006131618,
pgame_seed1,pgame,1,ankle1_paralysed,top_k,0,4,128,1660.7681884765625,128,1634.1685791015625,83.56375010023952,61.83611488636857,
pgame_seed1,pgame,1,ankle1_paralysed,top_k,0,5,193,1624.81982421875,128,1634.1685791015625,83.56375010023952,61.83611488636857,
pgame_seed1,pgame,1,ankle1_paralysed,top_k,0,6,617,1684.298828125,617,1638.7047119140625,84.22244161274058,62.32353824868576,
pgame_seed1,pgame,1,ankle1_paralysed,top_k,0,7,311,1527.521728515625,617,1638.7047119140625,84.22244161274058,62.32353824868576,
pgame_seed1,pgame,1,ankle1_paralysed,top_k,0,8,863,1499.4822998046875,617,1638.7047119140625,84.22244161274058,62.32353824868576,
pgame_seed1,pgame,1,ankle1_paralysed,top_k,0,9,365,1654.2164306640625,617,1638.7047119140625,84.22244161274058,62.32353824868576,
pgame_seed1,pgame,1,ankle1_paralysed,top_k,0,10,810,1498.0859375,617,1638.7047119140625,84.22244161274058,62.32353824868576,
pgame_seed1,pgame,1,ankle1_paralysed,top_k,0,11,783,1564.250244140625,617,1638.7047119140625,84.22244161274058,62.32353824868576,
pgame_seed1,pgame,1,ankle1_paralysed,top_k,0,12,28,1629.781494140625,617,1638.7047119140625,84.22244161274058,62.32353824868576,
pgame_seed1,pgame,1,ankle1_paralysed,top_k,0,13,157,1576.870849609375,617,1638.7047119140625,84.22244161274058,62.32353824868576,
pgame_seed1,pgame,1,ankle1_paralysed,top_k,0,14,736,1490.173583984375,617,1638.7047119140625,84.22244161274058,62.32353824868576,
pgame_seed1,pgame,1,ankle1_paralysed,top_k,0,15,399,1442.169677734375,617,1638.7047119140625,84.22244161274058,62.32353824868576,
pgame_seed1,pgame,1,ankle1_paralysed,top_k,0,16,276,1527.1717529296875,617,1638.7047119140625,84.22244161274058,62.32353824868576,
pgame_seed1,pgame,1,ankle1_paralysed,top_k,0,17,414,1684.3150634765625,414,1576.6043701171875,75.20485554200278,55.6506389640202,
pgame_seed1,pgame,1,ankle1_paralysed,top_k,0,18,693,1665.652099609375,414,1576.6043701171875,75.20485554200278,55.6506389640202,
pgame_seed1,pgame,1,ankle1_paralysed,top_k,0,19,751,1593.63427734375,414,1576.6043701171875,75.20485554200278,55.6506389640202,
pgame_seed1,pgame,1,ankle1_paralysed,top_k,0,20,27,1100.2437744140625,414,1576.6043701171875,75.20485554200278,55.6506389640202,
pgame_seed1,pgame,1,ankle1_paralysed,top_k,1,1,578,1419.748291015625,578,1501.7255859375,64.33171279149846,47.60465127809724,
pgame_seed1,pgame,1,ankle1_paralysed,top_k,1,2,243,1393.22607421875,578,1501.7255859375,64.33171279149846,47.60465127809724,
pgame_seed1,pgame,1,ankle1_paralysed,top_k,1,3,61,1601.226806640625,61,1599.286376953125,78.49850808854033,58.08790006131618,
pgame_seed1,pgame,1,ankle1_paralysed,top_k,1,4,128,1674.289306640625,128,1634.1685791015625,83.56375010023952,61.83611488636857,
pgame_seed1,pgame,1,ankle1_paralysed,top_k,1,5,193,1482.91748046875,128,1634.1685791015625,83.56375010023952,61.83611488636857,
pgame_seed1,pgame,1,ankle1_paralysed,top_k,1,6,617,1682.2353515625,617,1638.7047119140625,84.22244161274058,62.32353824868576,
pgame_seed1,pgame,1,ankle1_paralysed,top_k,1,7,311,1553.1717529296875,617,1638.7047119140625,84.22244161274058,62.32353824868576,
pgame_seed1,pgame,1,ankle1_paralysed,top_k,1,8,863,1586.875,617,1638.7047119140625,84.22244161274058,62.32353824868576,
pgame_seed1,pgame,1,ankle1_paralysed,top_k,1,9,365,1520.92138671875,617,1638.7047119140625,84.22244161274058,62.32353824868576,
pgame_seed1,pgame,1,ankle1_paralysed,top_k,1,10,810,1477.59228515625,617,1638.7047119140625,84.22244161274058,62.32353824868576,
pgame_seed1,pgame,1,ankle1_paralysed,top_k,1,11,783,1250.185546875,617,1638.7047119140625,84.22244161274058,62.32353824868576,
pgame_seed1,pgame,1,ankle1_paralysed,top_k,1,12,28,1637.757080078125,617,1638.7047119140625,84.22244161274058,62.32353824868576,
pgame_seed1,pgame,1,ankle1_paralysed,top_k,1,13,157,1604.135498046875,617,1638.7047119140625,84.22244161274058,62.32353824868576,
pgame_seed1,pgame,1,ankle1_paralysed,top_k,1,14,736,1553.7032470703125,617,1638.7047119140625,84.22244161274058,62.32353824868576,
pgame_seed1,pgame,1,ankle1_paralysed,top_k,1,15,399,1484.110595703125,617,1638.7047119140625,84.22244161274058,62.32353824868576,
pgame_seed1,pgame,1,ankle1_paralysed,top_k,1,16,276,1382.017578125,617,1638.7047119140625,84.22244161274058,62.32353824868576,
pgame_seed1,pgame,1,ankle1_paralysed,top_k,1,17,414,1655.118896484375,617,1638.7047119140625,84.22244161274058,62.32353824868576,
pgame_seed1,pgame,1,ankle1_paralysed,top_k,1,18,693,1577.80712890625,617,1638.7047119140625,84.22244161274058,62.32353824868576,
pgame_seed1,pgame,1,ankle1_paralysed,top_k,1,19,751,1672.0411376953125,617,1638.7047119140625,84.22244161274058,62.32353824868576,
pgame_seed1,pgame,1,ankle1_paralysed,top_k,1,20,27,1627.39501953125,617,1638.7047119140625,84.22244161274058,62.32353824868576,
pgame_seed1,pgame,1,ankle1_paralysed,top_k,2,1,578,1528.2642822265625,578,1501.7255859375,64.33171279149846,47.60465127809724,
pgame_seed1,pgame,1,ankle1_paralysed,top_k,2,2,243,1394.545166015625,578,1501.7255859375,64.33171279149846,47.60465127809724,
pgame_seed1,pgame,1,ankle1_paralysed,top_k,2,3,61,1606.428466796875,61,1599.286376953125,78.49850808854033,58.08790006131618,
pgame_seed1,pgame,1,ankle1_paralysed,top_k,2,4,128,1637.6107177734375,128,1634.1685791015625,83.56375010023952,61.83611488636857,
pgame_seed1,pgame,1,ankle1_paralysed,top_k,2,5,193,1733.49658203125,193,1667.091796875,88.34452813474233,65.37382997733953,
pgame_seed1,pgame,1,ankle1_paralysed,top_k,2,6,617,1728.298828125,193,1667.091796875,88.34452813474233,65.37382997733953,
pgame_seed1,pgame,1,ankle1_paralysed,top_k,2,7,311,1526.67626953125,193,1667.091796875,88.34452813474233,65.37382997733953,
pgame_seed1,pgame,1,ankle1_paralysed,top_k,2,8,863,1550.395263671875,193,1667.091796875,88.34452813474233,65.37382997733953,
pgame_seed1,pgame,1,ankle1_paralysed,top_k,2,9,365,1635.02587890625,193,1667.091796875,88.34452813474233,65.37382997733953,
pgame_seed1,pgame,1,ankle1_paralysed,top_k,2,10,810,1498.5462646484375,193,1667.091796875,88.34452813474233,65.37382997733953,
pgame_seed1,pgame,1,ankle1_paralysed,top_k,2,11,783,1417.408447265625,193,1667.091796875,88.34452813474233,65.37382997733953,
pgame_seed1,pgame,1,ankle1_paralysed,top_k,2,12,28,1625.427734375,193,1667.091796875,88.34452813474233,65.37382997733953,
pgame_seed1,pgame,1,ankle1_paralysed,top_k,2,13,157,1508.1290283203125,193,1667.091796875,88.34452813474233,65.37382997733953,
pgame_seed1,pgame,1,ankle1_paralysed,top_k,2,14,736,1553.166015625,193,1667.091796875,88.34452813474233,65.37382997733953,
pgame_seed1,pgame,1,ankle1_paralysed,top_k,2,15,399,1395.6728515625,193,1667.091796875,88.34452813474233,65.37382997733953,
pgame_seed1,pgame,1,ankle1_paralysed,top_k,2,16,276,1245.2529296875,193,1667.091796875,88.34452813474233,65.37382997733953,
pgame_seed1,pgame,1,ankle1_paralysed,top_k,2,17,414,1512.362060546875,193,1667.091796875,88.34452813474233,65.37382997733953,
pgame_seed1,pgame,1,ankle1_paralysed,top_k,2,18,693,1661.9327392578125,193,1667.091796875,88.34452813474233,65.37382997733953,
pgame_seed1,pgame,1,ankle1_paralysed,top_k,2,19,751,1631.22412109375,193,1667.091796875,88.34452813474233,65.37382997733953,
pgame_seed1,pgame,1,ankle1_paralysed,top_k,2,20,27,1070.507568359375,193,1667.091796875,88.34452813474233,65.37382997733953,
pgame_seed1,pgame,1,ankle1_paralysed,top_k,3,1,578,1549.178466796875,578,1501.7255859375,64.33171279149846,47.60465127809724,
pgame_seed1,pgame,1,ankle1_paralysed,top_k,3,2,243,1471.653076171875,578,1501.7255859375,64.33171279149846,47.60465127809724,
pgame_seed1,pgame,1,ankle1_paralysed,top_k,3,3,61,1683.595947265625,61,1599.286376953125,78.49850808854033,58.08790006131618,
pgame_seed1,pgame,1,ankle1_paralysed,top_k,3,4,128,1676.37158203125,61,1599.286376953125,78.49850808854033,58.08790006131618,
pgame_seed1,pgame,1,ankle1_paralysed,top_k,3,5,193,1706.826171875,193,1667.091796875,88.34452813474233,65.37382997733953,
pgame_seed1,pgame,1,ankle1_paralysed,top_k,3,6,617,1648.63720703125,193,1667.091796875,88.34452813474233,65.37382997733953,
pgame_seed1,pgame,1,ankle1_paralysed,top_k,3,7,311,1647.7930908203125,193,1667.091796875,88.34452813474233,65.37382997733953,
pgame_seed1,pgame,1,ankle1_paralysed,top_k,3,8,863,1509.38427734375,193,1667.091796875,88.34452813474233,65.37382997733953,
pgame_seed1,pgame,1,ankle1_paralysed,top_k,3,9,365,1543.34033203125,193,1667.091796875,88.34452813474233,65.37382997733953,
pgame_seed1,pgame,1,ankle1_paralysed,top_k,3,10,810,1494.51953125,193,1667.091796875,88.34452813474233,65.37382997733953,
pgame_seed1,pgame,1,ankle1_paralysed,top_k,3,11,783,1608.2244873046875,193,1667.091796875,88.34452813474233,65.37382997733953,
pgame_seed1,pgame,1,ankle1_paralysed,top_k,3,12,28,1633.5328369140625,193,1667.091796875,88.34452813474233,65.37382997733953,
pgame_seed1,pgame,1,ankle1_paralysed,top_k,3,13,157,1428.774169921875,193,1667.091796875,88.34452813474233,65.37382997733953,
pgame_seed1,pgame,1,ankle1_paralysed,top_k,3,14,736,1525.888916015625,193,1667.091796875,88.34452813474233,65.37382997733953,
pgame_seed1,pgame,1,ankle1_paralysed,top_k,3,15,399,1535.41357421875,193,1667.091796875,88.34452813474233,65.37382997733953,
pgame_seed1,pgame,1,ankle1_paralysed,top_k,3,16,276,1737.3408203125,276,1576.201904296875,75.14641350979836,55.607392601653146,
pgame_seed1,pgame,1,ankle1_paralysed,top_k,3,17,414,1703.610107421875,276,1576.201904296875,75.14641350979836,55.607392601653146,
pgame_seed1,pgame,1,ankle1_paralysed,top_k,3,18,693,1714.73095703125,276,1576.201904296875,75.14641350979836,55.607392601653146,
pgame_seed1,pgame,1,ankle1_paralysed,top_k,3,19,751,1465.1402587890625,276,1576.201904296875,75.14641350979836,55.607392601653146,
pgame_seed1,pgame,1,ankle1_paralysed,top_k,3,20,27,972.3592529296875,276,1576.201904296875,75.14641350979836,55.607392601653146,
pgame_seed1,pgame,1,ankle1_paralysed,top_k,4,1,578,1541.770751953125,578,1501.7255859375,64.33171279149846,47.60465127809724,
pgame_seed1,pgame,1,ankle1_paralysed,top_k,4,2,243,1363.08349609375,578,1501.7255859375,64.33171279149846,47.60465127809724,
pgame_seed1,pgame,1,ankle1_paralysed,top_k,4,3,61,1620.703125,61,1599.286376953125,78.49850808854033,58.08790006131618,
pgame_seed1,pgame,1,ankle1_paralysed,top_k,4,4,128,1642.2432861328125,128,1634.1685791015625,83.56375010023952,61.83611488636857,
pgame_seed1,pgame,1,ankle1_paralysed,top_k,4,5,193,1657.053466796875,193,1667.091796875,88.34452813474233,65.37382997733953,
pgame_seed1,pgame,1,ankle1_paralysed,top_k,4,6,617,1696.64013671875,617,1638.7047119140625,84.22244161274058,62.32353824868576,
pgame_seed1,pgame,1,ankle1_paralysed,top_k,4,7,311,1588.125,617,1638.7047119140625,84.22244161274058,62.32353824868576,
pgame_seed1,pgame,1,ankle1_paralysed,top_k,4,8,863,1476.2210693359375,617,1638.7047119140625,84.22244161274058,62.32353824868576,
pgame_seed1,pgame,1,ankle1_paralysed,top_k,4,9,365,1586.194091796875,617,1638.7047119140625,84.22244161274058,62.32353824868576,
pgame_seed1,pgame,1,ankle1_paralysed,top_k,4,10,810,1400.30419921875,617,1638.7047119140625,84.22244161274058,62.32353824868576,
pgame_seed1,pgame,1,ankle1_paralysed,top_k,4,11,783,1444.26416015625,617,1638.7047119140625,84.22244161274058,62.32353824868576,
pgame_seed1,pgame,1,ankle1_paralysed,top_k,4,12,28,1592.153076171875,617,1638.7047119140625,84.22244161274058,62.32353824868576,
pgame_seed1,pgame,1,ankle1_paralysed,top_k,4,13,157,1521.052001953125,617,1638.7047119140625,84.22244161274058,62.32353824868576,
pgame_seed1,pgame,1,ankle1_paralysed,top_k,4,14,736,1683.7713623046875,617,1638.7047119140625,84.22244161274058,62.32353824868576,
pgame_seed1,pgame,1,ankle1_paralysed,top_k,4,15,399,1544.4697265625,617,1638.7047119140625,84.22244161274058,62.32353824868576,
pgame_seed1,pgame,1,ankle1_paralysed,top_k,4,16,276,1616.955810546875,617,1638.7047119140625,84.22244161274058,62.32353824868576,
pgame_seed1,pgame,1,ankle1_paralysed,top_k,4,17,414,1593.80908203125,617,1638.7047119140625,84.22244161274058,62.32353824868576,
pgame_seed1,pgame,1,ankle1_paralysed,top_k,4,18,693,1718.658203125,693,1637.1185302734375,83.99211229321854,62.15309747446752,
pgame_seed1,pgame,1,ankle1_paralysed,top_k,4,19,751,1735.7681884765625,751,1447.9385986328125,56.52130831591298,41.82505105812187,
pgame_seed1,pgame,1,ankle1_paralysed,top_k,4,20,27,1693.6309814453125,751,1447.9385986328125,56.52130831591298,41.82505105812187,
pgame_seed1,pgame,1,ankle3_paralysed,ite,0,1,578,1703.333740234375,578,1719.6494140625,73.64064838290533,71.021330071322,3
pgame_seed1,pgame,1,ankle3_paralysed,ite,0,2,243,1643.3095703125,578,1719.6494140625,73.64064838290533,71.021330071322,3
pgame_seed1,pgame,1,ankle3_paralysed,ite,0,3,61,1723.503173828125,61,1695.551513671875,70.95574546647049,68.43192625121878,3
pgame_seed1,pgame,1,ankle3_paralysed,ite,0,4,61,1751.596923828125,61,1695.551513671875,70.95574546647049,68.43192625121878,3
pgame_seed1,pgame,1,ankle3_paralysed,ite,0,5,61,1784.49609375,61,1695.551513671875,70.95574546647049,68.43192625121878,3
pgame_seed1,pgame,1,ankle3_paralysed,ite,0,6,61,1814.73583984375,61,1695.551513671875,70.95574546647049,68.43192625121878,3
pgame_seed1,pgame,1,ankle3_paralysed,ite,0,7,61,1902.9788818359375,61,1695.551513671875,70.95574546647049,68.43192625121878,3
pgame_seed1,pgame,1,ankle3_paralysed,ite,0,8,61,1834.9468994140625,61,1695.551513671875,70.95574546647049,68.43192625121878,3
pgame_seed1,pgame,1,ankle3_paralysed,ite,0,9,61,1694.0390625,61,1695.551513671875,70.95574546647049,68.43192625121878,3
pgame_seed1,pgame,1,ankle3_paralysed,ite,0,10,61,1759.12548828125,61,1695.551513671875,70.95574546647049,68.43192625121878,3
pgame_seed1,pgame,1,ankle3_paralysed,ite,0,11,61,1668.525390625,61,1695.551513671875,70.95574546647049,68.43192625121878,3
pgame_seed1,pgame,1,ankle3_paralysed,ite,0,12,61,1716.394287109375,61,1695.551513671875,70.95574546647049,68.43192625121878,3
pgame_seed1,pgame,1,ankle3_paralysed,ite,0,13,61,1691.283935546875,61,1695.551513671875,70.95574546647049,68.43192625121878,3
pgame_seed1,pgame,1,ankle3_paralysed,ite,0,14,61,1676.597412109375,61,1695.551513671875,70.95574546647049,68.43192625121878,3
pgame_seed1,pgame,1,ankle3_paralysed,ite,0,15,61,1824.9013671875,61,1695.551513671875,70.95574546647049,68.43192625121878,3
pgame_seed1,pgame,1,ankle3_paralysed,ite,0,16,61,1765.4481201171875,61,1695.551513671875,70.95574546647049,68.43192625121878,3
pgame_seed1,pgame,1,ankle3_paralysed,ite,0,17,61,1699.2047119140625,61,1695.551513671875,70.95574546647049,68.43192625121878,3
pgame_seed1,pgame,1,ankle3_paralysed,ite,0,18,61,1798.8052978515625,61,1695.551513671875,70.95574546647049,68.43192625121878,3
pgame_seed1,pgame,1,ankle3_paralysed,ite,0,19,61,1778.83056640625,61,1695.551513671875,70.95574546647049,68.43192625121878,3
pgame_seed1,pgame,1,ankle3_paralysed,ite,0,20,61,1715.506103515625,61,1695.551513671875,70.95574546647049,68.43192625121878,3
pgame_seed1,pgame,1,ankle3_paralysed,ite,1,1,578,1712.987060546875,578,1719.6494140625,73.64064838290533,71.021330071322,2
pgame_seed1,pgame,1,ankle3_paralysed,ite,1,2,243,1741.74169921875,243,1790.90576171875,81.57977886877904,78.67807426217601,2
pgame_seed1,pgame,1,ankle3_paralysed,ite,1,3,61,1637.089599609375,243,1790.90576171875,81.57977886877904,78.67807426217601,2
pgame_seed1,pgame,1,ankle3_paralysed,ite,1,4,243,1797.138427734375,243,1790.90576171875,81.57977886877904,78.67807426217601,2
pgame_seed1,pgame,1,ankle3_paralysed,ite,1,5,243,1613.730712890625,243,1790.90576171875,81.57977886877904,78.67807426217601,2
pgame_seed1,pgame,1,ankle3_paralysed,ite,1,6,578,1686.09716796875,243,1790.90576171875,81.57977886877904,78.67807426217601,2
pgame_seed1,pgame,1,ankle3_paralysed,ite,1,7,243,1744.3748779296875,243,1790.90576171875,81.57977886877904,78.67807426217601,2
pgame_seed1,pgame,1,ankle3_paralysed,ite,1,8,243,1719.68115234375,243,1790.90576171875,81.57977886877904,78.67807426217601,2
pgame_seed1,pgame,1,ankle3_paralysed,ite,1,9,243,1697.179931640625,243,1790.90576171875,81.57977886877904,78.67807426217601,2
pgame_seed1,pgame,1,ankle3_paralysed,ite,1,10,243,1651.349365234375,243,1790.90576171875,81.57977886877904,78.67807426217601,2
pgame_seed1,pgame,1,ankle3_paralysed,ite,1,11,243,1700.1416015625,243,1790.90576171875,81.57977886877904,78.67807426217601,2
pgame_seed1,pgame,1,ankle3_paralysed,ite,1,12,578,1770.5311279296875,243,1790.90576171875,81.57977886877904,78.67807426217601,2
pgame_seed1,pgame,1,ankle3_paralysed,ite,1,13,578,1593.0830078125,243,1790.90576171875,81.57977886877904,78.67807426217601,2
pgame_seed1,pgame,1,ankle3_paralysed,ite,1,14,243,1769.833740234375,243,1790.90576171875,81.57977886877904,78.67807426217601,2
pgame_seed1,pgame,1,ankle3_paralysed,ite,1,15,243,1745.7620849609375,243,1790.90576171875,81.57977886877904,78.67807426217601,2
pgame_seed1,pgame,1,ankle3_paralysed,ite,1,16,243,1640.504150390625,243,1790.90576171875,81.57977886877904,78.67807426217601,2
pgame_seed1,pgame,1,ankle3_paralysed,ite,1,17,243,1703.448486328125,243,1790.90576171875,81.57977886877904,78.67807426217601,2
pgame_seed1,pgame,1,ankle3_paralysed,ite,1,18,243,1539.22412109375,243,1790.90576171875,81.57977886877904,78.67807426217601,2
pgame_seed1,pgame,1,ankle3_paralysed,ite,1,19,243,1750.634521484375,243,1790.90576171875,81.57977886877904,78.67807426217601,2
pgame_seed1,pgame,1,ankle3_paralysed,ite,1,20,243,1700.324951171875,243,1790.90576171875,81.57977886877904,78.67807426217601,2
pgame_seed1,pgame,1,ankle3_paralysed,ite,2,1,578,1740.7066650390625,578,1719.6494140625,73.64064838290533,71.021330071322,3
pgame_seed1,pgame,1,ankle3_paralysed,ite,2,2,243,1695.2987060546875,578,1719.6494140625,73.64064838290533,71.021330071322,3
pgame_seed1,pgame,1,ankle3_paralysed,ite,2,3,61,1819.322998046875,61,1695.551513671875,70.95574546647049,68.43192625121878,3
pgame_seed1,pgame,1,ankle3_paralysed,ite,2,4,61,1874.452880859375,61,1695.551513671875,70.95574546647049,68.43192625121878,3
pgame_seed1,pgame,1,ankle3_paralysed,ite,2,5,61,1729.860107421875,61,1695.551513671875,70.95574546647049,68.43192625121878,3
pgame_seed1,pgame,1,ankle3_paralysed,ite,2,6,61,1786.24609375,61,1695.551513671875,70.95574546647049,68.43192625121878,3
pgame_seed1,pgame,1,ankle3_paralysed,ite,2,7,61,1564.9281005859375,61,1695.551513671875,70.95574546647049,68.43192625121878,3
pgame_seed1,pgame,1,ankle3_paralysed,ite,2,8,578,1625.95361328125,61,1695.551513671875,70.95574546647049,68.43192625121878,3
pgame_seed1,pgame,1,ankle3_paralysed,ite,2,9,61,1728.6876220703125,61,1695.551513671875,70.95574546647049,68.43192625121878,3
pgame_seed1,pgame,1,ankle3_paralysed,ite,2,10,61,1813.6376953125,61,1695.551513671875,70.95574546647049,68.43192625121878,3
pgame_seed1,pgame,1,ankle3_paralysed,ite,2,11,61,1643.0711669921875,61,1695.551513671875,70.95574546647049,68.43192625121878,3
pgame_seed1,pgame,1,ankle3_paralysed,ite,2,12,61,1801.3699951171875,61,1695.551513671875,70.95574546647049,68.43192625121878,3
pgame_seed1,pgame,1,ankle3_paralysed,ite,2,13,61,1758.4884033203125,61,1695.551513671875,70.95574546647049,68.43192625121878,3
pgame_seed1,pgame,1,ankle3_paralysed,ite,2,14,61,1801.8133544921875,61,1695.551513671875,70.95574546647049,68.43192625121878,3
pgame_seed1,pgame,1,ankle3_paralysed,ite,2,15,61,1806.7301025390625,61,1695.551513671875,70.95574546647049,68.43192625121878,3
pgame_seed1,pgame,1,ankle3_paralysed,ite,2,16,61,1724.6575927734375,61,1695.551513671875,70.95574546647049,68.43192625121878,3
pgame_seed1,pgame,1,ankle3_paralysed,ite,2,17,61,1795.72607421875,61,1695.551513671875,70.95574546647049,68.43192625121878,3
pgame_seed1,pgame,1,ankle3_paralysed,ite,2,18,61,1651.077880859375,61,1695.551513671875,70.95574546647049,68.43192625121878,3
pgame_seed1,pgame,1,ankle3_paralysed,ite,2,19,61,1792.365234375,61,1695.551513671875,70.95574546647049,68.43192625121878,3
pgame_seed1,pgame,1,ankle3_paralysed,ite,2,20,61,1679.6522216796875,61,1695.551513671875,70.95574546647049,68.43192625121878,3
pgame_seed1,pgame,1,ankle3_paralysed,ite,3,1,578,1730.88232421875,578,1719.6494140625,73.64064838290533,71.021330071322,2
pgame_seed1,pgame,1,ankle3_paralysed,ite,3,2,243,1924.9140625,243,1790.90576171875,81.57977886877904,78.67807426217601,2
pgame_seed1,pgame,1,ankle3_paralysed,ite,3,3,243,1747.493896484375,243,1790.90576171875,81.57977886877904,78.67807426217601,2
pgame_seed1,pgame,1,ankle3_paralysed,ite,3,4,243,1794.725341796875,243,1790.90576171875,81.57977886877904,78.67807426217601,2
pgame_seed1,pgame,1,ankle3_paralysed,ite,3,5,61,1721.56787109375,243,1790.90576171875,81.57977886877904,78.67807426217601,2
pgame_seed1,pgame,1,ankle3_paralysed,ite,3,6,243,1716.5250244140625,243,1790.90576171875,81.57977886877904,78.67807426217601,2
pgame_seed1,pgame,1,ankle3_paralysed,ite,3,7,243,1651.449462890625,243,1790.90576171875,81.57977886877904,78.67807426217601,2
pgame_seed1,pgame,1,ankle3_paralysed,ite,3,8,243,1485.0560302734375,243,1790.90576171875,81.57977886877904,78.67807426217601,2
pgame_seed1,pgame,1,ankle3_paralysed,ite,3,9,61,1794.7000732421875,243,1790.90576171875,81.57977886877904,78.67807426217601,2
pgame_seed1,pgame,1,ankle3_paralysed,ite,3,10,61,1660.72216796875,243,1790.90576171875,81.57977886877904,78.67807426217601,2
pgame_seed1,pgame,1,ankle3_paralysed,ite,3,11,578,1759.264404296875,243,1790.90576171875,81.57977886877904,78.67807426217601,2
pgame_seed1,pgame,1,ankle3_paralysed,ite,3,12,578,1497.9481201171875,243,1790.90576171875,81.57977886877904,78.67807426217601,2
pgame_seed1,pgame,1,ankle3_paralysed,ite,3,13,61,1752.813232421875,243,1790.90576171875,81.57977886877904,78.67807426217601,2
pgame_seed1,pgame,1,ankle3_paralysed,ite,3,14,61,1748.0660400390625,243,1790.90576171875,81.57977886877904,78.67807426217601,2
pgame_seed1,pgame,1,ankle3_paralysed,ite,3,15,61,1759.1083984375,243,1790.90576171875,81.57977886877904,78.67807426217601,2
pgame_seed1,pgame,1,ankle3_paralysed,ite,3,16,61,1525.2677001953125,243,1790.90576171875,81.57977886877904,78.67807426217601,2
pgame_seed1,pgame,1,ankle3_paralysed,ite,3,17,243,701.6198120117188,243,1790.90576171875,81.57977886877904,78.67807426217601,2
pgame_seed1,pgame,1,ankle3_paralysed,ite,3,18,61,1730.2099609375,243,1790.90576171875,81.57977886877904,78.67807426217601,2
pgame_seed1,pgame,1,ankle3_paralysed,ite,3,19,61,1680.4541015625,243,1790.90576171875,81.57977886877904,78.67807426217601,2
pgame_seed1,pgame,1,ankle3_paralysed,ite,3,20,61,1649.841796875,243,1790.90576171875,81.57977886877904,78.67807426217601,2
pgame_seed1,pgame,1,ankle3_paralysed,ite,4,1,578,1805.571533203125,578,1719.6494140625,73.64064838290533,71.021330071322,1
pgame_seed1,pgame,1,ankle3_paralysed,ite,4,2,243,1742.3106689453125,578,1719.6494140625,73.64064838290533,71.021330071322,1
pgame_seed1,pgame,1,ankle3_paralysed,ite,4,3,61,1708.0015869140625,578,1719.6494140625,73.64064838290533,71.021330071322,1
pgame_seed1,pgame,1,ankle3_paralysed,ite,4,4,578,1714.967041015625,578,1719.6494140625,73.64064838290533,71.021330071322,1
pgame_seed1,pgame,1,ankle3_paralysed,ite,4,5,243,784.826171875,578,1719.6494140625,73.64064838290533,71.021330071322,1
pgame_seed1,pgame,1,ankle3_paralysed,ite,4,6,28,1746.6231689453125,578,1719.6494140625,73.64064838290533,71.021330071322,1
pgame_seed1,pgame,1,ankle3_paralysed,ite,4,7,28,1631.53759765625,578,1719.6494140625,73.64064838290533,71.021330071322,1
pgame_seed1,pgame,1,ankle3_paralysed,ite,4,8,28,1611.18115234375,578,1719.6494140625,73.64064838290533,71.021330071322,1
pgame_seed1,pgame,1,ankle3_paralysed,ite,4,9,578,1848.0263671875,578,1719.6494140625,73.64064838290533,71.021330071322,1
pgame_seed1,pgame,1,ankle3_paralysed,ite,4,10,578,1790.8555908203125,578,1719.6494140625,73.64064838290533,71.021330071322,1
pgame_seed1,pgame,1,ankle3_paralysed,ite,4,11,578,1832.1728515625,578,1719.6494140625,73.64064838290533,71.021330071322,1
pgame_seed1,pgame,1,ankle3_paralysed,ite,4,12,578,1769.295166015625,578,1719.6494140625,73.64064838290533,71.021330071322,1
pgame_seed1,pgame,1,ankle3_paralysed,ite,4,13,578,1637.743408203125,578,1719.6494140625,73.64064838290533,71.021330071322,1
pgame_seed1,pgame,1,ankle3_paralysed,ite,4,14,578,1767.2669677734375,578,1719.6494140625,73.64064838290533,71.021330071322,1
pgame_seed1,pgame,1,ankle3_paralysed,ite,4,15,578,1530.4268798828125,578,1719.6494140625,73.64064838290533,71.021330071322,1
pgame_seed1,pgame,1,ankle3_paralysed,ite,4,16,578,1690.3436279296875,578,1719.6494140625,73.64064838290533,71.021330071322,1
pgame_seed1,pgame,1,ankle3_paralysed,ite,4,17,578,1762.344970703125,578,1719.6494140625,73.64064838290533,71.021330071322,1
pgame_seed1,pgame,1,ankle3_paralysed,ite,4,18,578,1808.03125,578,1719.6494140625,73.64064838290533,71.021330071322,1
pgame_seed1,pgame,1,ankle3_paralysed,ite,4,19,578,1761.6439208984375,578,1719.6494140625,73.64064838290533,71.021330071322,1
pgame_seed1,pgame,1,ankle3_paralysed,ite,4,20,578,1952.7869873046875,578,1719.6494140625,73.64064838290533,71.021330071322,1
pgame_seed1,pgame,1,ankle3_paralysed,top_k,0,1,578,1793.5155029296875,578,1719.6494140625,73.64064838290533,71.021330071322,
pgame_seed1,pgame,1,ankle3_paralysed,top_k,0,2,243,1775.7413330078125,578,1719.6494140625,73.64064838290533,71.021330071322,
pgame_seed1,pgame,1,ankle3_paralysed,top_k,0,3,61,1637.048095703125,578,1719.6494140625,73.64064838290533,71.021330071322,
pgame_seed1,pgame,1,ankle3_paralysed,top_k,0,4,128,1530.6357421875,578,1719.6494140625,73.64064838290533,71.021330071322,
pgame_seed1,pgame,1,ankle3_paralysed,top_k,0,5,193,1772.769775390625,578,1719.6494140625,73.64064838290533,71.021330071322,
pgame_seed1,pgame,1,ankle3_paralysed,top_k,0,6,617,1806.6507568359375,617,1721.294677734375,73.82395784801706,71.19811941678248,
pgame_seed1,pgame,1,ankle3_paralysed,top_k,0,7,311,1759.7154541015625,617,1721.294677734375,73.82395784801706,71.19811941678248,
pgame_seed1,pgame,1,ankle3_paralysed,top_k,0,8,863,1840.358154296875,863,1794.779541015625,82.01138167081614,79.09432541878994,
pgame_seed1,pgame,1,ankle3_paralysed,top_k,0,9,365,1492.518310546875,863,1794.779541015625,82.01138167081614,79.09432541878994,
pgame_seed1,pgame,1,ankle3_paralysed,top_k,0,10,810,1700.042236328125,863,1794.779541015625,82.01138167081614,79.09432541878994,
pgame_seed1,pgame,1,ankle3_paralysed,top_k,0,11,783,1800.7802734375,863,1794.779541015625,82.01138167081614,79.09432541878994,
pgame_seed1,pgame,1,ankle3_paralysed,top_k,0,12,28,1900.650634765625,28,1706.31787109375,72.15529496965533,69.58880907440638,
pgame_seed1,pgame,1,ankle3_paralysed,top_k,0,13,157,1777.351318359375,28,1706.31787109375,72.15529496965533,69.58880907440638,
pgame_seed1,pgame,1,ankle3_paralysed,top_k,0,14,736,1885.114013671875,28,1706.31787109375,72.15529496965533,69.58880907440638,
pgame_seed1,pgame,1,ankle3_paralysed,top_k,0,15,399,1634.6881103515625,28,1706.31787109375,72.15529496965533,69.58880907440638,
pgame_seed1,pgame,1,ankle3_paralysed,top_k,0,16,276,1603.966552734375,28,1706.31787109375,72.15529496965533,69.58880907440638,
pgame_seed1,pgame,1,ankle3_paralysed,top_k,0,17,414,1545.330322265625,28,1706.31787109375,72.15529496965533,69.58880907440638,
pgame_seed1,pgame,1,ankle3_paralysed,top_k,0,18,693,1603.2017822265625,28,1706.31787109375,72.15529496965533,69.58880907440638,
pgame_seed1,pgame,1,ankle3_paralysed,top_k,0,19,751,1750.669921875,28,1706.31787109375,72.15529496965533,69.58880907440638,
pgame_seed1,pgame,1,ankle3_paralysed,top_k,0,20,27,954.3509521484375,28,1706.31787109375,72.15529496965533,69.58880907440638,
pgame_seed1,pgame,1,ankle3_paralysed,top_k,1,1,578,1728.50244140625,578,1719.6494140625,73.64064838290533,71.021330071322,
pgame_seed1,pgame,1,ankle3_paralysed,top_k,1,2,243,1675.5167236328125,578,1719.6494140625,73.64064838290533,71.021330071322,
pgame_seed1,pgame,1,ankle3_paralysed,top_k,1,3,61,1707.969970703125,578,1719.6494140625,73.64064838290533,71.021330071322,
pgame_seed1,pgame,1,ankle3_paralysed,top_k,1,4,128,1749.2568359375,128,1767.245849609375,78.94367505909752,76.13573381731483,
pgame_seed1,pgame,1,ankle3_paralysed,top_k,1,5,193,1706.2177734375,128,1767.245849609375,78.94367505909752,76.13573381731483,
pgame_seed1,pgame,1,ankle3_paralysed,top_k,1,6,617,1850.196533203125,617,1721.294677734375,73.82395784801706,71.19811941678248,
pgame_seed1,pgame,1,ankle3_paralysed,top_k,1,7,311,1816.689453125,617,1721.294677734375,73.82395784801706,71.19811941678248,
pgame_seed1,pgame,1,ankle3_paralysed,top_k,1,8,863,1597.03759765625,617,1721.294677734375,73.82395784801706,71.19811941678248,
pgame_seed1,pgame,1,ankle3_paralysed,top_k,1,9,365,1476.6715087890625,617,1721.294677734375,73.82395784801706,71.19811941678248,
pgame_seed1,pgame,1,ankle3_paralysed,top_k,1,10,810,1620.16796875,617,1721.294677734375,73.82395784801706,71.19811941678248,
pgame_seed1,pgame,1,ankle3_paralysed,top_k,1,11,783,1589.9422607421875,617,1721.294677734375,73.82395784801706,71.19811941678248,
pgame_seed1,pgame,1,ankle3_paralysed,top_k,1,12,28,1715.31787109375,617,1721.294677734375,73.82395784801706,71.19811941678248,
pgame_seed1,pgame,1,ankle3_paralysed,top_k,1,13,157,1688.416748046875,617,1721.294677734375,73.82395784801706,71.19811941678248,
pgame_seed1,pgame,1,ankle3_paralysed,top_k,1,14,736,1683.6640625,617,1721.294677734375,73.82395784801706,71.19811941678248,
pgame_seed1,pgame,1,ankle3_paralysed,top_k,1,15,399,1682.485595703125,617,1721.294677734375,73.82395784801706,71.19811941678248,
pgame_seed1,pgame,1,ankle3_paralysed,top_k,1,16,276,1412.2000732421875,617,1721.294677734375,73.82395784801706,71.19811941678248,
pgame_seed1,pgame,1,ankle3_paralysed,top_k,1,17,414,1754.30908203125,617,1721.294677734375,73.82395784801706,71.19811941678248,
pgame_seed1,pgame,1,ankle3_paralysed,top_k,1,18,693,1688.736328125,617,1721.294677734375,73.82395784801706,71.19811941678248,
pgame_seed1,pgame,1,ankle3_paralysed,top_k,1,19,751,1857.4293212890625,751,1672.059326171875,68.33832894014432,65.90760840323122,
pgame_seed1,pgame,1,ankle3_paralysed,top_k,1,20,27,1897.99072265625,27,1599.10009765625,60.20946948570637,58.0678836982673,
pgame_seed1,pgame,1,ankle3_paralysed,top_k,2,1,578,1688.250244140625,578,1719.6494140625,73.64064838290533,71.021330071322,
pgame_seed1,pgame,1,ankle3_paralysed,top_k,2,2,243,1757.240478515625,243,1790.90576171875,81.57977886877904,78.67807426217601,
pgame_seed1,pgame,1,ankle3_paralysed,top_k,2,3,61,1753.3734130859375,243,1790.90576171875,81.57977886877904,78.67807426217601,
pgame_seed1,pgame,1,ankle3_paralysed,top_k,2,4,128,1831.7857666015625,128,1767.245849609375,78.94367505909752,76.13573381731483,
pgame_seed1,pgame,1,ankle3_paralysed,top_k,2,5,193,1867.409423828125,193,1772.1949462890625,79.4950859245097,76.667531593914,
pgame_seed1,pgame,1,ankle3_paralysed,top_k,2,6,617,1781.20556640625,193,1772.1949462890625,79.4950859245097,76.667531593914,
pgame_seed1,pgame,1,ankle3_paralysed,top_k,2,7,311,1900.080078125,311,1780.8492431640625,80.45931710410323,77.59746611207437,
pgame_seed1,pgame,1,ankle3_paralysed,top_k,2,8,863,1863.702392578125,311,1780.8492431640625,80.45931710410323,77.59746611207437,
pgame_seed1,pgame,1,ankle3_paralysed,top_k,2,9,365,1244.617919921875,311,1780.8492431640625,80.45931710410323,77.59746611207437,
pgame_seed1,pgame,1,ankle3_paralysed,top_k,2,10,810,1589.156982421875,311,1780.8492431640625,80.45931710410323,77.59746611207437,
pgame_seed1,pgame,1,ankle3_paralysed,top_k,2,11,783,1722.0322265625,311,1780.8492431640625,80.45931710410323,77.59746611207437,
pgame_seed1,pgame,1,ankle3_paralysed,top_k,2,12,28,1551.83837890625,311,1780.8492431640625,80.45931710410323,77.59746611207437,
pgame_seed1,pgame,1,ankle3_paralysed,top_k,2,13,157,1783.0975341796875,311,1780.8492431640625,80.45931710410323,77.59746611207437,
pgame_seed1,pgame,1,ankle3_paralysed,top_k,2,14,736,1961.45849609375,736,1956.2333984375,100.0,96.44310802647502,
pgame_seed1,pgame,1,ankle3_paralysed,top_k,2,15,399,1647.1036376953125,736,1956.2333984375,100.0,96.44310802647502,
pgame_seed1,pgame,1,ankle3_paralysed,top_k,2,16,276,1543.6290283203125,736,1956.2333984375,100.0,96.44310802647502,
pgame_seed1,pgame,1,ankle3_paralysed,top_k,2,17,414,1497.662841796875,736,1956.2333984375,100.0,96.44310802647502,
pgame_seed1,pgame,1,ankle3_paralysed,top_k,2,18,693,1479.21044921875,736,1956.2333984375,100.0,96.44310802647502,
pgame_seed1,pgame,1,ankle3_paralysed,top_k,2,19,751,1657.494384765625,736,1956.2333984375,100.0,96.44310802647502,
pgame_seed1,pgame,1,ankle3_paralysed,top_k,2,20,27,1613.827392578125,736,1956.2333984375,100.0,96.44310802647502,
pgame_seed1,pgame,1,ankle3_paralysed,top_k,3,1,578,1762.20849609375,578,1719.6494140625,73.64064838290533,71.021330071322,
pgame_seed1,pgame,1,ankle3_paralysed,top_k,3,2,243,1743.06787109375,578,1719.6494140625,73.64064838290533,71.021330071322,
pgame_seed1,pgame,1,ankle3_paralysed,top_k,3,3,61,1736.203369140625,578,1719.6494140625,73.64064838290533,71.021330071322,
pgame_seed1,pgame,1,ankle3_paralysed,top_k,3,4,128,1721.8056640625,578,1719.6494140625,73.64064838290533,71.021330071322,
pgame_seed1,pgame,1,ankle3_paralysed,top_k,3,5,193,1734.06982421875,578,1719.6494140625,73.64064838290533,71.021330071322,
pgame_seed1,pgame,1,ankle3_paralysed,top_k,3,6,617,1895.3878173828125,617,1721.294677734375,73.82395784801706,71.19811941678248,
pgame_seed1,pgame,1,ankle3_paralysed,top_k,3,7,311,1884.0704345703125,617,1721.294677734375,73.82395784801706,71.19811941678248,
pgame_seed1,pgame,1,ankle3_paralysed,top_k,3,8,863,1831.8541259765625,617,1721.294677734375,73.82395784801706,71.19811941678248,
pgame_seed1,pgame,1,ankle3_paralysed,top_k,3,9,365,1521.00146484375,617,1721.294677734375,73.82395784801706,71.19811941678248,
pgame_seed1,pgame,1,ankle3_paralysed,top_k,3,10,810,1822.70947265625,617,1721.294677734375,73.82395784801706,71.19811941678248,
pgame_seed1,pgame,1,ankle3_paralysed,top_k,3,11,783,1708.6688232421875,617,1721.294677734375,73.82395784801706,71.19811941678248,
pgame_seed1,pgame,1,ankle3_paralysed,top_k,3,12,28,1664.8565673828125,617,1721.294677734375,73.82395784801706,71.19811941678248,
pgame_seed1,pgame,1,ankle3_paralysed,top_k,3,13,157,1666.771484375,617,1721.294677734375,73.82395784801706,71.19811941678248,
pgame_seed1,pgame,1,ankle3_paralysed,top_k,3,14,736,1811.0040283203125,617,1721.294677734375,73.82395784801706,71.19811941678248,
pgame_seed1,pgame,1,ankle3_paralysed,top_k,3,15,399,1543.065673828125,617,1721.294677734375,73.82395784801706,71.19811941678248,
pgame_seed1,pgame,1,ankle3_paralysed,top_k,3,16,276,1688.156982421875,617,1721.294677734375,73.82395784801706,71.19811941678248,
pgame_seed1,pgame,1,ankle3_paralysed,top_k,3,17,414,1509.751953125,617,1721.294677734375,73.82395784801706,71.19811941678248,
pgame_seed1,pgame,1,ankle3_paralysed,top_k,3,18,693,1738.7939453125,617,1721.294677734375,73.82395784801706,71.19811941678248,
pgame_seed1,pgame,1,ankle3_paralysed,top_k,3,19,751,1422.551513671875,617,1721.294677734375,73.82395784801706,71.19811941678248,
pgame_seed1,pgame,1,ankle3_paralysed,top_k,3,20,27,1495.955078125,617,1721.294677734375,73.82395784801706,71.19811941678248,
pgame_seed1,pgame,1,ankle3_paralysed,top_k,4,1,578,1809.01123046875,578,1719.6494140625,73.64064838290533,71.021330071322,
pgame_seed1,pgame,1,ankle3_paralysed,top_k,4,2,243,1775.366455078125,578,1719.6494140625,73.64064838290533,71.021330071322,
pgame_seed1,pgame,1,ankle3_paralysed,top_k,4,3,61,1672.2108154296875,578,1719.6494140625,73.64064838290533,71.021330071322,
pgame_seed1,pgame,1,ankle3_paralysed,top_k,4,4,128,1721.32958984375,578,1719.6494140625,73.64064838290533,71.021330071322,
pgame_seed1,pgame,1,ankle3_paralysed,top_k,4,5,193,1880.1727294921875,193,1772.1949462890625,79.4950859245097,76.667531593914,
pgame_seed1,pgame,1,ankle3_paralysed,top_k,4,6,617,1728.362548828125,193,1772.1949462890625,79.4950859245097,76.667531593914,
pgame_seed1,pgame,1,ankle3_paralysed,top_k,4,7,311,1786.7474365234375,193,1772.1949462890625,79.4950859245097,76.667531593914,
pgame_seed1,pgame,1,ankle3_paralysed,top_k,4,8,863,1733.136474609375,193,1772.1949462890625,79.4950859245097,76.667531593914,
pgame_seed1,pgame,1,ankle3_paralysed,top_k,4,9,365,1558.9854736328125,193,1772.1949462890625,79.4950859245097,76.667531593914,
pgame_seed1,pgame,1,ankle3_paralysed,top_k,4,10,810,1798.817626953125,193,1772.1949462890625,79.4950859245097,76.667531593914,
pgame_seed1,pgame,1,ankle3_paralysed,top_k,4,11,783,1713.5146484375,193,1772.1949462890625,79.4950859245097,76.667531593914,
pgame_seed1,pgame,1,ankle3_paralysed,top_k,4,12,28,1679.576171875,193,1772.1949462890625,79.4950859245097,76.667531593914,
pgame_seed1,pgame,1,ankle3_paralysed,top_k,4,13,157,1587.2349853515625,193,1772.1949462890625,79.4950859245097,76.667531593914,
pgame_seed1,pgame,1,ankle3_paralysed,top_k,4,14,736,1951.123779296875,736,1956.2333984375,100.0,96.44310802647502,
pgame_seed1,pgame,1,ankle3_paralysed,top_k,4,15,399,1751.0009765625,736,1956.2333984375,100.0,96.44310802647502,
pgame_seed1,pgame,1,ankle3_paralysed,top_k,4,16,276,1632.800537109375,736,1956.2333984375,100.0,96.44310802647502,
pgame_seed1,pgame,1,ankle3_paralysed,top_k,4,17,414,1675.43017578125,736,1956.2333984375,100.0,96.44310802647502,
pgame_seed1,pgame,1,ankle3_paralysed,top_k,4,18,693,1758.071533203125,736,1956.2333984375,100.0,96.44310802647502,
pgame_seed1,pgame,1,ankle3_paralysed,top_k,4,19,751,1741.789306640625,736,1956.2333984375,100.0,96.44310802647502,
pgame_seed1,pgame,1,ankle3_paralysed,top_k,4,20,27,1881.33740234375,736,1956.2333984375,100.0,96.44310802647502,
