run,algo,seed,scenario,method,rep,trial,cell,observed,recommended_cell,recommended_true,pct_oracle,pct_intact,stop_trial
pgame_seed0,pgame,0,leg1_paralysed,ite,0,1,884,1052.5924072265625,884,1045.539794921875,-9.691046889506259,-2.0363936005102823,10
pgame_seed0,pgame,0,leg1_paralysed,ite,0,2,973,1107.4705810546875,973,1128.887939453125,51.68571525140462,10.860793573264765,10
pgame_seed0,pgame,0,leg1_paralysed,ite,0,3,771,1032.6513671875,973,1128.887939453125,51.68571525140462,10.860793573264765,10
pgame_seed0,pgame,0,leg1_paralysed,ite,0,4,1012,1133.3331298828125,1012,1093.445556640625,25.58628962142778,5.376483783428766,10
pgame_seed0,pgame,0,leg1_paralysed,ite,0,5,593,1106.384033203125,1012,1093.445556640625,25.58628962142778,5.376483783428766,10
pgame_seed0,pgame,0,leg1_paralysed,ite,0,6,352,1005.6364135742188,1012,1093.445556640625,25.58628962142778,5.376483783428766,10
pgame_seed0,pgame,0,leg1_paralysed,ite,0,7,1012,1068.5828857421875,1012,1093.445556640625,25.58628962142778,5.376483783428766,10
pgame_seed0,pgame,0,leg1_paralysed,ite,0,8,740,1082.159912109375,1012,1093.445556640625,25.58628962142778,5.376483783428766,10
pgame_seed0,pgame,0,leg1_paralysed,ite,0,9,1012,1039.044921875,1012,1093.445556640625,25.58628962142778,5.376483783428766,10
pgame_seed0,pgame,0,leg1_paralysed,ite,0,10,973,1230.285888671875,973,1128.887939453125,51.68571525140462,10.860793573264765,10
pgame_seed0,pgame,0,leg1_paralysed,ite,0,11,973,1048.74755859375,973,1128.887939453125,51.68571525140462,10.860793573264765,10
pgame_seed0,pgame,0,leg1_paralysed,ite,0,12,97,1051.3006591796875,973,1128.887939453125,51.68571525140462,10.860793573264765,10
pgame_seed0,pgame,0,leg1_paralysed,ite,0,13,973,1058.7916259765625,973,1128.887939453125,51.68571525140462,10.860793573264765,10
pgame_seed0,pgame,0,leg1_paralysed,ite,0,14,1012,1047.124755859375,973,1128.887939453125,51.68571525140462,10.860793573264765,10
pgame_seed0,pgame,0,leg1_paralysed,ite,0,15,593,1048.380859375,973,1128.887939453125,51.68571525140462,10.860793573264765,10
pgame_seed0,pgame,0,leg1_paralysed,ite,0,16,973,1039.7833251953125,973,1128.887939453125,51.68571525140462,10.860793573264765,10
pgame_seed0,pgame,0,leg1_paralysed,ite,0,17,1012,1216.118896484375,973,1128.887939453125,51.68571525140462,10.860793573264765,10
pgame_seed0,pgame,0,leg1_paralysed,ite,0,18,1012,1050.1435546875,973,1128.887939453125,51.68571525140462,10.860793573264765,10
pgame_seed0,pgame,0,leg1_paralysed,ite,0,19,1012,1055.6036376953125,973,1128.887939453125,51.68571525140462,10.860793573264765,10
pgame_seed0,pgame,0,leg1_paralysed,ite,0,20,1012,1034.045166015625,973,1128.887939453125,51.68571525140462,10.860793573264765,10
pgame_seed0,pgame,0,leg1_paralysed,ite,1,1,884,1112.8046875,884,1045.539794921875,-9.691046889506259,-2.0363936005102823,13
pgame_seed0,pgame,0,leg1_paralysed,ite,1,2,973,1094.71484375,884,1045.539794921875,-9.691046889506259,-2.0363936005102823,13
pgame_seed0,pgame,0,leg1_paralysed,ite,1,3,1012,986.8402709960938,884,1045.539794921875,-9.691046889506259,-2.0363936005102823,13
pgame_seed0,pgame,0,leg1_paralysed,ite,1,4,771,1049.6746826171875,884,1045.539794921875,-9.691046889506259,-2.0363936005102823,13
pgame_seed0,pgame,0,leg1_paralysed,ite,1,5,593,1104.0750732421875,884,1045.539794921875,-9.691046889506259,-2.0363936005102823,13
pgame_seed0,pgame,0,leg1_paralysed,ite,1,6,352,1006.7582397460938,884,1045.539794921875,-9.691046889506259,-2.0363936005102823,13
pgame_seed0,pgame,0,leg1_paralysed,ite,1,7,740,1080.5849609375,884,1045.539794921875,-9.691046889506259,-2.0363936005102823,13
pgame_seed0,pgame,0,leg1_paralysed,ite,1,8,1012,1116.781982421875,1012,1093.445556640625,25.58628962142778,5.376483783428766,13
pgame_seed0,pgame,0,leg1_paralysed,ite,1,9,97,1079.5926513671875,1012,1093.445556640625,25.58628962142778,5.376483783428766,13
pgame_seed0,pgame,0,leg1_paralysed,ite,1,10,973,1054.96435546875,1012,1093.445556640625,25.58628962142778,5.376483783428766,13
pgame_seed0,pgame,0,leg1_paralysed,ite,1,11,1012,1062.117431640625,1012,1093.445556640625,25.58628962142778,5.376483783428766,13
pgame_seed0,pgame,0,leg1_paralysed,ite,1,12,593,1097.95556640625,1012,1093.445556640625,25.58628962142778,5.376483783428766,13
pgame_seed0,pgame,0,leg1_paralysed,ite,1,13,1012,1061.1668701171875,1012,1093.445556640625,25.58628962142778,5.376483783428766,13
pgame_seed0,pgame,0,leg1_paralysed,ite,1,14,593,1127.895751953125,593,1113.8719482421875,40.62808552194894,8.537237958003159,13
pgame_seed0,pgame,0,leg1_paralysed,ite,1,15,593,1055.515380859375,593,1113.8719482421875,40.62808552194894,8.537237958003159,13
pgame_seed0,pgame,0,leg1_paralysed,ite,1,16,1012,1004.81103515625,593,1113.8719482421875,40.62808552194894,8.537237958003159,13
pgame_seed0,pgame,0,leg1_paralysed,ite,1,17,973,1138.940673828125,973,1128.887939453125,51.68571525140462,10.860793573264765,13
pgame_seed0,pgame,0,leg1_paralysed,ite,1,18,973,1152.37451171875,973,1128.887939453125,51.68571525140462,10.860793573264765,13
pgame_seed0,pgame,0,leg1_paralysed,ite,1,19,973,1067.2412109375,973,1128.887939453125,51.68571525140462,10.860793573264765,13
pgame_seed0,pgame,0,leg1_paralysed,ite,1,20,973,1081.022705078125,973,1128.887939453125,51.68571525140462,10.860793573264765,13
pgame_seed0,pgame,0,leg1_paralysed,ite,2,1,884,1246.6055908203125,884,1045.539794921875,-9.691046889506259,-2.0363936005102823,3
pgame_seed0,pgame,0,leg1_paralysed,ite,2,2,973,1050.664794921875,884,1045.539794921875,-9.691046889506259,-2.0363936005102823,3
pgame_seed0,pgame,0,leg1_paralysed,ite,2,3,1012,1040.897705078125,884,1045.539794921875,-9.691046889506259,-2.0363936005102823,3
pgame_seed0,pgame,0,leg1_paralysed,ite,2,4,771,1021.3223876953125,884,1045.539794921875,-9.691046889506259,-2.0363936005102823,3
pgame_seed0,pgame,0,leg1_paralysed,ite,2,5,593,1126.3438720703125,884,1045.539794921875,-9.691046889506259,-2.0363936005102823,3
pgame_seed0,pgame,0,leg1_paralysed,ite,2,6,1012,1221.1328125,884,1045.539794921875,-9.691046889506259,-2.0363936005102823,3
pgame_seed0,pgame,0,leg1_paralysed,ite,2,7,1012,1018.0733032226562,884,1045.539794921875,-9.691046889506259,-2.0363936005102823,3
pgame_seed0,pgame,0,leg1_paralysed,ite,2,8,352,1005.5052490234375,884,1045.539794921875,-9.691046889506259,-2.0363936005102823,3
pgame_seed0,pgame,0,leg1_paralysed,ite,2,9,740,1080.8927001953125,884,1045.539794921875,-9.691046889506259,-2.0363936005102823,3
pgame_seed0,pgame,0,leg1_paralysed,ite,2,10,1012,1040.39794921875,884,1045.539794921875,-9.691046889506259,-2.0363936005102823,3
pgame_seed0,pgame,0,leg1_paralysed,ite,2,11,884,1200.46923828125,884,1045.539794921875,-9.691046889506259,-2.0363936005102823,3
pgame_seed0,pgame,0,leg1_paralysed,ite,2,12,884,1167.06201171875,884,1045.539794921875,-9.691046889506259,-2.0363936005102823,3
pgame_seed0,pgame,0,leg1_paralysed,ite,2,13,884,1038.9637451171875,884,1045.539794921875,-9.691046889506259,-2.0363936005102823,3
pgame_seed0,pgame,0,leg1_paralysed,ite,2,14,1012,1166.6268310546875,884,1045.539794921875,-9.691046889506259,-2.0363936005102823,3
pgame_seed0,pgame,0,leg1_paralysed,ite,2,15,1012,1112.887939453125,884,1045.539794921875,-9.691046889506259,-2.0363936005102823,3
pgame_seed0,pgame,0,leg1_paralysed,ite,2,16,1012,1255.119384765625,1012,1093.445556640625,25.58628962142778,5.376483783428766,3
pgame_seed0,pgame,0,leg1_paralysed,ite,2,17,1012,1097.98583984375,1012,1093.445556640625,25.58628962142778,5.376483783428766,3
pgame_seed0,pgame,0,leg1_paralysed,ite,2,18,1012,1052.623291015625,1012,1093.445556640625,25.58628962142778,5.376483783428766,3
pgame_seed0,pgame,0,leg1_paralysed,ite,2,19,97,1049.203125,1012,1093.445556640625,25.58628962142778,5.376483783428766,3
pgame_seed0,pgame,0,leg1_paralysed,ite,2,20,884,1038.162353515625,1012,1093.445556640625,25.58628962142778,5.376483783428766,3
pgame_seed0,pgame,0,leg1_paralysed,ite,3,1,884,1055.450927734375,884,1045.539794921875,-9.691046889506259,-2.0363936005102823,10
pgame_seed0,pgame,0,leg1_paralysed,ite,3,2,973,1101.0126953125,973,1128.887939453125,51.68571525140462,10.860793573264765,10
pgame_seed0,pgame,0,leg1_paralysed,ite,3,3,771,1039.529541015625,973,1128.887939453125,51.68571525140462,10.860793573264765,10
pgame_seed0,pgame,0,leg1_paralysed,ite,3,4,1012,1046.9979248046875,973,1128.887939453125,51.68571525140462,10.860793573264765,10
pgame_seed0,pgame,0,leg1_paralysed,ite,3,5,593,1077.70458984375,973,1128.887939453125,51.68571525140462,10.860793573264765,10
pgame_seed0,pgame,0,leg1_paralysed,ite,3,6,352,999.5062255859375,973,1128.887939453125,51.68571525140462,10.860793573264765,10
pgame_seed0,pgame,0,leg1_paralysed,ite,3,7,97,1083.7313232421875,973,1128.887939453125,51.68571525140462,10.860793573264765,10
pgame_seed0,pgame,0,leg1_paralysed,ite,3,8,1012,1135.1619873046875,1012,1093.445556640625,25.58628962142778,5.376483783428766,10
pgame_seed0,pgame,0,leg1_paralysed,ite,3,9,1012,1052.293212890625,1012,1093.445556640625,25.58628962142778,5.376483783428766,10
pgame_seed0,pgame,0,leg1_paralysed,ite,3,10,973,1052.666015625,1012,1093.445556640625,25.58628962142778,5.376483783428766,10
pgame_seed0,pgame,0,leg1_paralysed,ite,3,11,740,1085.5877685546875,1012,1093.445556640625,25.58628962142778,5.376483783428766,10
pgame_seed0,pgame,0,leg1_paralysed,ite,3,12,1012,1055.04443359375,1012,1093.445556640625,25.58628962142778,5.376483783428766,10
pgame_seed0,pgame,0,leg1_paralysed,ite,3,13,1012,1186.82177734375,1012,1093.445556640625,25.58628962142778,5.376483783428766,10
pgame_seed0,pgame,0,leg1_paralysed,ite,3,14,1012,1090.0633544921875,1012,1093.445556640625,25.58628962142778,5.376483783428766,10
pgame_seed0,pgame,0,leg1_paralysed,ite,3,15,1012,1200.72314453125,1012,1093.445556640625,25.58628962142778,5.376483783428766,10
pgame_seed0,pgame,0,leg1_paralysed,ite,3,16,1012,1057.1787109375,1012,1093.445556640625,25.58628962142778,5.376483783428766,10
pgame_seed0,pgame,0,leg1_paralysed,ite,3,17,1012,1062.5489501953125,1012,1093.445556640625,25.58628962142778,5.376483783428766,10
pgame_seed0,pgame,0,leg1_paralysed,ite,3,18,1012,1043.2667236328125,1012,1093.445556640625,25.58628962142778,5.376483783428766,10
pgame_seed0,pgame,0,leg1_paralysed,ite,3,19,593,1102.6273193359375,1012,1093.445556640625,25.58628962142778,5.376483783428766,10
pgame_seed0,pgame,0,leg1_paralysed,ite,3,20,1012,1033.522705078125,1012,1093.445556640625,25.58628962142778,5.376483783428766,10
pgame_seed0,pgame,0,leg1_paralysed,ite,4,1,884,1184.461181640625,884,1045.539794921875,-9.691046889506259,-2.0363936005102823,9
pgame_seed0,pgame,0,leg1_paralysed,ite,4,2,973,1155.455322265625,884,1045.539794921875,-9.691046889506259,-2.0363936005102823,9
pgame_seed0,pgame,0,leg1_paralysed,ite,4,3,1012,1166.264892578125,884,1045.539794921875,-9.691046889506259,-2.0363936005102823,9
pgame_seed0,pgame,0,leg1_paralysed,ite,4,4,740,1083.2310791015625,884,1045.539794921875,-9.691046889506259,-2.0363936005102823,9
pgame_seed0,pgame,0,leg1_paralysed,ite,4,5,1012,1199.5302734375,1012,1093.445556640625,25.58628962142778,5.376483783428766,9
pgame_seed0,pgame,0,leg1_paralysed,ite,4,6,352,1018.08154296875,1012,1093.445556640625,25.58628962142778,5.376483783428766,9
pgame_seed0,pgame,0,leg1_paralysed,ite,4,7,1012,1170.109619140625,1012,1093.445556640625,25.58628962142778,5.376483783428766,9
pgame_seed0,pgame,0,leg1_paralysed,ite,4,8,771,1066.0264892578125,1012,1093.445556640625,25.58628962142778,5.376483783428766,9
pgame_seed0,pgame,0,leg1_paralysed,ite,4,9,1012,1155.8509521484375,1012,1093.445556640625,25.58628962142778,5.376483783428766,9
pgame_seed0,pgame,0,leg1_paralysed,ite,4,10,1012,1067.8447265625,1012,1093.445556640625,25.58628962142778,5.376483783428766,9
pgame_seed0,pgame,0,leg1_paralysed,ite,4,11,1012,1019.5279541015625,1012,1093.445556640625,25.58628962142778,5.376483783428766,9
pgame_seed0,pgame,0,leg1_paralysed,ite,4,12,973,1059.20458984375,1012,1093.445556640625,25.58628962142778,5.376483783428766,9
pgame_seed0,pgame,0,leg1_paralysed,ite,4,13,593,1122.31005859375,1012,1093.445556640625,25.58628962142778,5.376483783428766,9
pgame_seed0,pgame,0,leg1_paralysed,ite,4,14,1012,1044.860595703125,1012,1093.445556640625,25.58628962142778,5.376483783428766,9
pgame_seed0,pgame,0,leg1_paralysed,ite,4,15,1012,1053.21337890625,1012,1093.445556640625,25.58628962142778,5.376483783428766,9
pgame_seed0,pgame,0,leg1_paralysed,ite,4,16,97,1047.7935791015625,1012,1093.445556640625,25.58628962142778,5.376483783428766,9
pgame_seed0,pgame,0,leg1_paralysed,ite,4,17,1012,1033.9827880859375,1012,1093.445556640625,25.58628962142778,5.376483783428766,9
pgame_seed0,pgame,0,leg1_paralysed,ite,4,18,593,1115.626708984375,1012,1093.445556640625,25.58628962142778,5.376483783428766,9
pgame_seed0,pgame,0,leg1_paralysed,ite,4,19,973,1070.8057861328125,1012,1093.445556640625,25.58628962142778,5.376483783428766,9
pgame_seed0,pgame,0,leg1_paralysed,ite,4,20,1012,1121.0511474609375,1012,1093.445556640625,25.58628962142778,5.376483783428766,9
pgame_seed0,pgame,0,leg1_paralysed,top_k,0,1,884,1039.8629150390625,884,1045.539794921875,-9.691046889506259,-2.0363936005102823,
pgame_seed0,pgame,0,leg1_paralysed,top_k,0,2,1012,1032.4849853515625,884,1045.539794921875,-9.691046889506259,-2.0363936005102823,
pgame_seed0,pgame,0,leg1_paralysed,top_k,0,3,80,1053.5350341796875,80,1091.2149658203125,23.943704258766363,5.031324962204035,
pgame_seed0,pgame,0,leg1_paralysed,top_k,0,4,553,1046.3824462890625,80,1091.2149658203125,23.943704258766363,5.031324962204035,
pgame_seed0,pgame,0,leg1_paralysed,top_k,0,5,976,989.3531494140625,80,1091.2149658203125,23.943704258766363,5.031324962204035,
pgame_seed0,pgame,0,leg1_paralysed,top_k,0,6,8,1033.463134765625,80,1091.2149658203125,23.943704258766363,5.031324962204035,
pgame_seed0,pgame,0,leg1_paralysed,top_k,0,7,183,979.0628662109375,80,1091.2149658203125,23.943704258766363,5.031324962204035,
pgame_seed0,pgame,0,leg1_paralysed,top_k,0,8,997,1029.205322265625,80,1091.2149658203125,23.943704258766363,5.031324962204035,
pgame_seed0,pgame,0,leg1_paralysed,top_k,0,9,277,1003.4547119140625,80,1091.2149658203125,23.943704258766363,5.031324962204035,
pgame_seed0,pgame,0,leg1_paralysed,top_k,0,10,879,1122.995361328125,879,1120.1448974609375,45.2474242521216,9.507906239352497,
pgame_seed0,pgame,0,leg1_paralysed,top_k,0,11,69,1075.57275390625,879,1120.1448974609375,45.2474242521216,9.507906239352497,
pgame_seed0,pgame,0,leg1_paralysed,top_k,0,12,930,1064.679931640625,879,1120.1448974609375,45.2474242521216,9.507906239352497,
pgame_seed0,pgame,0,leg1_paralysed,top_k,0,13,195,1045.791748046875,879,1120.1448974609375,45.2474242521216,9.507906239352497,
pgame_seed0,pgame,0,leg1_paralysed,top_k,0,14,975,788.9500122070312,879,1120.1448974609375,45.2474242521216,9.507906239352497,
pgame_seed0,pgame,0,leg1_paralysed,top_k,0,15,579,1127.3807373046875,579,1134.497802734375,55.81676395312127,11.728856769685919,
pgame_seed0,pgame,0,leg1_paralysed,top_k,0,16,202,1030.76220703125,579,1134.497802734375,55.81676395312127,11.728856769685919,
pgame_seed0,pgame,0,leg1_paralysed,top_k,0,17,973,1068.927978515625,579,1134.497802734375,55.81676395312127,11.728856769685919,
pgame_seed0,pgame,0,leg1_paralysed,top_k,0,18,540,1015.6436157226562,579,1134.497802734375,55.81676395312127,11.728856769685919,
pgame_seed0,pgame,0,leg1_paralysed,top_k,0,19,342,1012.5044555664062,579,1134.497802734375,55.81676395312127,11.728856769685919,
pgame_seed0,pgame,0,leg1_paralysed,top_k,0,20,466,1004.956787109375,579,1134.497802734375,55.81676395312127,11.728856769685919,
pgame_seed0,pgame,0,leg1_paralysed,top_k,1,1,884,1154.64404296875,884,1045.539794921875,-9.691046889506259,-2.0363936005102823,
pgame_seed0,pgame,0,leg1_paralysed,top_k,1,2,1012,1075.252197265625,884,1045.539794921875,-9.691046889506259,-2.0363936005102823,
pgame_seed0,pgame,0,leg1_paralysed,top_k,1,3,80,1072.874755859375,884,1045.539794921875,-9.691046889506259,-2.0363936005102823,
pgame_seed0,pgame,0,leg1_paralysed,top_k,1,4,553,1211.5169677734375,553,1139.781494140625,59.7076228617535,12.546448539942102,
pgame_seed0,pgame,0,leg1_paralysed,top_k,1,5,976,1017.1553955078125,553,1139.781494140625,59.7076228617535,12.546448539942102,
pgame_seed0,pgame,0,leg1_paralysed,top_k,1,6,8,998.5877685546875,553,1139.781494140625,59.7076228617535,12.546448539942102,
pgame_seed0,pgame,0,leg1_paralysed,top_k,1,7,183,994.764404296875,553,1139.781494140625,59.7076228617535,12.546448539942102,
pgame_seed0,pgame,0,leg1_paralysed,top_k,1,8,997,1015.163818359375,553,1139.781494140625,59.7076228617535,12.546448539942102,
pgame_seed0,pgame,0,leg1_paralysed,top_k,1,9,277,946.3114013671875,553,1139.781494140625,59.7076228617535,12.546448539942102,
pgame_seed0,pgame,0,leg1_paralysed,top_k,1,10,879,1118.6640625,553,1139.781494140625,59.7076228617535,12.546448539942102,
pgame_seed0,pgame,0,leg1_paralysed,top_k,1,11,69,1079.203369140625,553,1139.781494140625,59.7076228617535,12.546448539942102,
pgame_seed0,pgame,0,leg1_paralysed,top_k,1,12,930,1066.20263671875,553,1139.781494140625,59.7076228617535,12.546448539942102,
pgame_seed0,pgame,0,leg1_paralysed,top_k,1,13,195,1047.44775390625,553,1139.781494140625,59.7076228617535,12.546448539942102,
pgame_seed0,pgame,0,leg1_paralysed,top_k,1,14,975,789.2178955078125,553,1139.781494140625,59.7076228617535,12.546448539942102,
pgame_seed0,pgame,0,leg1_paralysed,top_k,1,15,579,1131.650634765625,553,1139.781494140625,59.7076228617535,12.546448539942102,
pgame_seed0,pgame,0,leg1_paralysed,top_k,1,16,202,884.8551025390625,553,1139.781494140625,59.7076228617535,12.546448539942102,
pgame_seed0,pgame,0,leg1_paralysed,top_k,1,17,973,1052.4866943359375,553,1139.781494140625,59.7076228617535,12.546448539942102,
pgame_seed0,pgame,0,leg1_paralysed,top_k,1,18,540,998.864990234375,553,1139.781494140625,59.7076228617535,12.546448539942102,
pgame_seed0,pgame,0,leg1_paralysed,top_k,1,19,342,1050.56103515625,553,1139.781494140625,59.7076228617535,12.546448539942102,
pgame_seed0,pgame,0,leg1_paralysed,top_k,1,20,466,1009.8719482421875,553,1139.781494140625,59.7076228617535,12.546448539942102,
pgame_seed0,pgame,0,leg1_paralysed,top_k,2,1,884,1031.5009765625,884,1045.539794921875,-9.691046889506259,-2.0363936005102823,
pgame_seed0,pgame,0,leg1_paralysed,top_k,2,2,1012,1076.9947509765625,1012,1093.445556640625,25.58628962142778,5.376483783428766,
pgame_seed0,pgame,0,leg1_paralysed,top_k,2,3,80,1047.433837890625,1012,1093.445556640625,25.58628962142778,5.376483783428766,
pgame_seed0,pgame,0,leg1_paralysed,top_k,2,4,553,1170.072265625,553,1139.781494140625,59.7076228617535,12.546448539942102,
pgame_seed0,pgame,0,leg1_paralysed,top_k,2,5,976,1030.91796875,553,1139.781494140625,59.7076228617535,12.546448539942102,
pgame_seed0,pgame,0,leg1_paralysed,top_k,2,6,8,1057.36962890625,553,1139.781494140625,59.7076228617535,12.546448539942102,
pgame_seed0,pgame,0,leg1_paralysed,top_k,2,7,183,978.3736572265625,553,1139.781494140625,59.7076228617535,12.546448539942102,
pgame_seed0,pgame,0,leg1_paralysed,top_k,2,8,997,995.9017333984375,553,1139.781494140625,59.7076228617535,12.546448539942102,
pgame_seed0,pgame,0,leg1_paralysed,top_k,2,9,277,976.2257080078125,553,1139.781494140625,59.7076228617535,12.546448539942102,
pgame_seed0,pgame,0,leg1_paralysed,top_k,2,10,879,1102.697265625,553,1139.781494140625,59.7076228617535,12.546448539942102,
pgame_seed0,pgame,0,leg1_paralysed,top_k,2,11,69,1118.024169921875,553,1139.781494140625,59.7076228617535,12.546448539942102,
pgame_seed0,pgame,0,leg1_paralysed,top_k,2,12,930,1016.4383544921875,553,1139.781494140625,59.7076228617535,12.546448539942102,
pgame_seed0,pgame,0,leg1_paralysed,top_k,2,13,195,1041.285888671875,553,1139.781494140625,59.7076228617535,12.546448539942102,
pgame_seed0,pgame,0,leg1_paralysed,top_k,2,14,975,778.4854736328125,553,1139.781494140625,59.7076228617535,12.546448539942102,
pgame_seed0,pgame,0,leg1_paralysed,top_k,2,15,579,1149.75,553,1139.781494140625,59.7076228617535,12.546448539942102,
pgame_seed0,pgame,0,leg1_paralysed,top_k,2,16,202,777.1732788085938,553,1139.781494140625,59.7076228617535,12.546448539942102,
pgame_seed0,pgame,0,leg1_paralysed,top_k,2,17,973,1069.3026123046875,553,1139.781494140625,59.7076228617535,12.546448539942102,
pgame_seed0,pgame,0,leg1_paralysed,top_k,2,18,540,1008.4540405273438,553,1139.781494140625,59.7076228617535,12.546448539942102,
pgame_seed0,pgame,0,leg1_paralysed,top_k,2,19,342,1026.052001953125,553,1139.781494140625,59.7076228617535,12.546448539942102,
pgame_seed0,pgame,0,leg1_paralysed,top_k,2,20,466,976.4774169921875,553,1139.781494140625,59.7076228617535,12.546448539942102,
pgame_seed0,pgame,0,leg1_paralysed,top_k,3,1,884,1033.129150390625,884,1045.539794921875,-9.691046889506259,-2.0363936005102823,
pgame_seed0,pgame,0,leg1_paralysed,top_k,3,2,1012,1045.930908203125,1012,1093.445556640625,25.58628962142778,5.376483783428766,
pgame_seed0,pgame,0,leg1_paralysed,top_k,3,3,80,1116.9949951171875,80,1091.2149658203125,23.943704258766363,5.031324962204035,
pgame_seed0,pgame,0,leg1_paralysed,top_k,3,4,553,1098.24658203125,80,1091.2149658203125,23.943704258766363,5.031324962204035,
pgame_seed0,pgame,0,leg1_paralysed,top_k,3,5,976,1034.8818359375,80,1091.2149658203125,23.943704258766363,5.031324962204035,
pgame_seed0,pgame,0,leg1_paralysed,top_k,3,6,8,1009.4708862304688,80,1091.2149658203125,23.943704258766363,5.031324962204035,
pgame_seed0,pgame,0,leg1_paralysed,top_k,3,7,183,956.2741088867188,80,1091.2149658203125,23.943704258766363,5.031324962204035,
pgame_seed0,pgame,0,leg1_paralysed,top_k,3,8,997,1063.68701171875,80,1091.2149658203125,23.943704258766363,5.031324962204035,
pgame_seed0,pgame,0,leg1_paralysed,top_k,3,9,277,907.1320190429688,80,1091.2149658203125,23.943704258766363,5.031324962204035,
pgame_seed0,pgame,0,leg1_paralysed,top_k,3,10,879,1135.8846435546875,879,1120.1448974609375,45.2474242521216,9.507906239352497,
pgame_seed0,pgame,0,leg1_paralysed,top_k,3,11,69,1101.6612548828125,879,1120.1448974609375,45.2474242521216,9.507906239352497,
pgame_seed0,pgame,0,leg1_paralysed,top_k,3,12,930,1001.3167724609375,879,1120.1448974609375,45.2474242521216,9.507906239352497,
pgame_seed0,pgame,0,leg1_paralysed,top_k,3,13,195,1052.68115234375,879,1120.1448974609375,45.2474242521216,9.507906239352497,
pgame_seed0,pgame,0,leg1_paralysed,top_k,3,14,975,757.1041870117188,879,1120.1448974609375,45.2474242521216,9.507906239352497,
pgame_seed0,pgame,0,leg1_paralysed,top_k,3,15,579,1127.3719482421875,879,1120.1448974609375,45.2474242521216,9.507906239352497,
pgame_seed0,pgame,0,leg1_paralysed,top_k,3,16,202,837.6060791015625,879,1120.1448974609375,45.2474242521216,9.507906239352497,
pgame_seed0,pgame,0,leg1_paralysed,top_k,3,17,973,1120.77783203125,879,1120.1448974609375,45.2474242521216,9.507906239352497,
pgame_seed0,pgame,0,leg1_paralysed,top_k,3,18,540,1006.2927856445312,879,1120.1448974609375,45.2474242521216,9.507906239352497,
pgame_seed0,pgame,0,leg1_paralysed,top_k,3,19,342,1021.64111328125,879,1120.1448974609375,45.2474242521216,9.507906239352497,
pgame_seed0,pgame,0,leg1_paralysed,top_k,3,20,466,1046.65869140625,879,1120.1448974609375,45.2474242521216,9.507906239352497,
pgame_seed0,pgame,0,leg1_paralysed,top_k,4,1,884,1044.1695556640625,884,1045.539794921875,-9.691046889506259,-2.0363936005102823,
pgame_seed0,pgame,0,leg1_paralysed,top_k,4,2,1012,1060.162353515625,1012,1093.445556640625,25.58628962142778,5.376483783428766,
pgame_seed0,pgame,0,leg1_paralysed,top_k,4,3,80,1086.50244140625,80,1091.2149658203125,23.943704258766363,5.031324962204035,
pgame_seed0,pgame,0,leg1_paralysed,top_k,4,4,553,1130.1549072265625,553,1139.781494140625,59.7076228617535,12.546448539942102,
pgame_seed0,pgame,0,leg1_paralysed,top_k,4,5,976,1005.916748046875,553,1139.781494140625,59.7076228617535,12.546448539942102,
pgame_seed0,pgame,0,leg1_paralysed,top_k,4,6,8,1060.455810546875,553,1139.781494140625,59.7076228617535,12.546448539942102,
pgame_seed0,pgame,0,leg1_paralysed,top_k,4,7,183,995.2166748046875,553,1139.781494140625,59.7076228617535,12.546448539942102,
pgame_seed0,pgame,0,leg1_paralysed,top_k,4,8,997,1030.96435546875,553,1139.781494140625,59.7076228617535,12.546448539942102,
pgame_seed0,pgame,0,leg1_paralysed,top_k,4,9,277,976.9317626953125,553,1139.781494140625,59.7076228617535,12.546448539942102,
pgame_seed0,pgame,0,leg1_paralysed,top_k,4,10,879,1142.487060546875,879,1120.1448974609375,45.2474242521216,9.507906239352497,
pgame_seed0,pgame,0,leg1_paralysed,top_k,4,11,69,1182.36865234375,69,1124.6290283203125,48.549494558694384,10.201775015080033,
pgame_seed0,pgame,0,leg1_paralysed,top_k,4,12,930,1025.4219970703125,69,1124.6290283203125,48.549494558694384,10.201775015080033,
pgame_seed0,pgame,0,leg1_paralysed,top_k,4,13,195,1019.7960205078125,69,1124.6290283203125,48.549494558694384,10.201775015080033,
pgame_seed0,pgame,0,leg1_paralysed,top_k,4,14,975,724.1976928710938,69,1124.6290283203125,48.549494558694384,10.201775015080033,
pgame_seed0,pgame,0,leg1_paralysed,top_k,4,15,579,1103.609619140625,69,1124.6290283203125,48.549494558694384,10.201775015080033,
pgame_seed0,pgame,0,leg1_paralysed,top_k,4,16,202,828.515625,69,1124.6290283203125,48.549494558694384,10.201775015080033,
pgame_seed0,pgame,0,leg1_paralysed,top_k,4,17,973,1161.671142578125,69,1124.6290283203125,48.549494558694384,10.201775015080033,
pgame_seed0,pgame,0,leg1_paralysed,top_k,4,18,540,1004.9266967773438,69,1124.6290283203125,48.549494558694384,10.201775015080033,
pgame_seed0,pgame,0,leg1_paralysed,top_k,4,19,342,1025.681884765625,69,1124.6290283203125,48.549494558694384,10.201775015080033,
pgame_seed0,pgame,0,leg1_paralysed,top_k,4,20,466,994.772705078125,69,1124.6290283203125,48.549494558694384,10.201775015080033,
pgame_seed0,pgame,0,leg1_paralysed,best_intact,0,1,884,1235.2708740234375,884,1045.539794921875,-9.691046889506259,-2.0363936005102823,
pgame_seed0,pgame,0,leg1_paralysed,best_intact,1,1,884,1208.7529296875,884,1045.539794921875,-9.691046889506259,-2.0363936005102823,
pgame_seed0,pgame,0,leg1_paralysed,best_intact,2,1,884,1014.392822265625,884,1045.539794921875,-9.691046889506259,-2.0363936005102823,
pgame_seed0,pgame,0,leg1_paralysed,best_intact,3,1,884,1237.11474609375,884,1045.539794921875,-9.691046889506259,-2.0363936005102823,
pgame_seed0,pgame,0,leg1_paralysed,best_intact,4,1,884,1279.187255859375,884,1045.539794921875,-9.691046889506259,-2.0363936005102823,
pgame_seed0,pgame,0,leg2_paralysed,ite,0,1,884,1558.7899169921875,884,1579.9022216796875,86.30093986354483,80.65017699188259,2
pgame_seed0,pgame,0,leg2_paralysed,ite,0,2,884,1590.9853515625,884,1579.9022216796875,86.30093986354483,80.65017699188259,2
pgame_seed0,pgame,0,leg2_paralysed,ite,0,3,884,1637.38037109375,884,1579.9022216796875,86.30093986354483,80.65017699188259,2
pgame_seed0,pgame,0,leg2_paralysed,ite,0,4,884,1526.13671875,884,1579.9022216796875,86.30093986354483,80.65017699188259,2
pgame_seed0,pgame,0,leg2_paralysed,ite,0,5,884,1571.474853515625,884,1579.9022216796875,86.30093986354483,80.65017699188259,2
pgame_seed0,pgame,0,leg2_paralysed,ite,0,6,1012,1583.236572265625,884,1579.9022216796875,86.30093986354483,80.65017699188259,2
pgame_seed0,pgame,0,leg2_paralysed,ite,0,7,884,1557.240478515625,884,1579.9022216796875,86.30093986354483,80.65017699188259,2
pgame_seed0,pgame,0,leg2_paralysed,ite,0,8,884,1554.485595703125,884,1579.9022216796875,86.30093986354483,80.65017699188259,2
pgame_seed0,pgame,0,leg2_paralysed,ite,0,9,1012,1503.35986328125,884,1579.9022216796875,86.30093986354483,80.65017699188259,2
pgame_seed0,pgame,0,leg2_paralysed,ite,0,10,884,1579.818603515625,884,1579.9022216796875,86.30093986354483,80.65017699188259,2
pgame_seed0,pgame,0,leg2_paralysed,ite,0,11,884,1540.1416015625,884,1579.9022216796875,86.30093986354483,80.65017699188259,2
pgame_seed0,pgame,0,leg2_paralysed,ite,0,12,884,1555.7359619140625,884,1579.9022216796875,86.30093986354483,80.65017699188259,2
pgame_seed0,pgame,0,leg2_paralysed,ite,0,13,884,1446.96142578125,884,1579.9022216796875,86.30093986354483,80.65017699188259,2
pgame_seed0,pgame,0,leg2_paralysed,ite,0,14,884,1540.193359375,884,1579.9022216796875,86.30093986354483,80.65017699188259,2
pgame_seed0,pgame,0,leg2_paralysed,ite,0,15,884,1539.0919189453125,884,1579.9022216796875,86.30093986354483,80.65017699188259,2
pgame_seed0,pgame,0,leg2_paralysed,ite,0,16,884,1580.6363525390625,884,1579.9022216796875,86.30093986354483,80.65017699188259,2
pgame_seed0,pgame,0,leg2_paralysed,ite,0,17,884,1614.639404296875,884,1579.9022216796875,86.30093986354483,80.65017699188259,2
pgame_seed0,pgame,0,leg2_paralysed,ite,0,18,884,1535.6934814453125,884,1579.9022216796875,86.30093986354483,80.65017699188259,2
pgame_seed0,pgame,0,leg2_paralysed,ite,0,19,884,1528.5660400390625,884,1579.9022216796875,86.30093986354483,80.65017699188259,2
pgame_seed0,pgame,0,leg2_paralysed,ite,0,20,884,1555.7799072265625,884,1579.9022216796875,86.30093986354483,80.65017699188259,2
pgame_seed0,pgame,0,leg2_paralysed,ite,1,1,884,1554.8172607421875,884,1579.9022216796875,86.30093986354483,80.65017699188259,2
pgame_seed0,pgame,0,leg2_paralysed,ite,1,2,884,1589.099853515625,884,1579.9022216796875,86.30093986354483,80.65017699188259,2
pgame_seed0,pgame,0,leg2_paralysed,ite,1,3,884,1542.6302490234375,884,1579.9022216796875,86.30093986354483,80.65017699188259,2
pgame_seed0,pgame,0,leg2_paralysed,ite,1,4,1012,1570.502197265625,884,1579.9022216796875,86.30093986354483,80.65017699188259,2
pgame_seed0,pgame,0,leg2_paralysed,ite,1,5,884,1562.029052734375,884,1579.9022216796875,86.30093986354483,80.65017699188259,2
pgame_seed0,pgame,0,leg2_paralysed,ite,1,6,884,1503.6043701171875,884,1579.9022216796875,86.30093986354483,80.65017699188259,2
pgame_seed0,pgame,0,leg2_paralysed,ite,1,7,1012,1538.09228515625,884,1579.9022216796875,86.30093986354483,80.65017699188259,2
pgame_seed0,pgame,0,leg2_paralysed,ite,1,8,884,1500.6865234375,884,1579.9022216796875,86.30093986354483,80.65017699188259,2
pgame_seed0,pgame,0,leg2_paralysed,ite,1,9,1012,1556.43603515625,884,1579.9022216796875,86.30093986354483,80.65017699188259,2
pgame_seed0,pgame,0,leg2_paralysed,ite,1,10,1012,1541.416259765625,884,1579.9022216796875,86.30093986354483,80.65017699188259,2
pgame_seed0,pgame,0,leg2_paralysed,ite,1,11,884,1444.4476318359375,884,1579.9022216796875,86.30093986354483,80.65017699188259,2
pgame_seed0,pgame,0,leg2_paralysed,ite,1,12,1012,1521.673583984375,884,1579.9022216796875,86.30093986354483,80.65017699188259,2
pgame_seed0,pgame,0,leg2_paralysed,ite,1,13,1012,1555.405029296875,884,1579.9022216796875,86.30093986354483,80.65017699188259,2
pgame_seed0,pgame,0,leg2_paralysed,ite,1,14,1012,1590.918212890625,1012,1493.5751953125,72.0068651239865,67.29204138520944,2
pgame_seed0,pgame,0,leg2_paralysed,ite,1,15,1012,1502.9478759765625,1012,1493.5751953125,72.0068651239865,67.29204138520944,2
pgame_seed0,pgame,0,leg2_paralysed,ite,1,16,1012,1551.856201171875,1012,1493.5751953125,72.0068651239865,67.29204138520944,2
pgame_seed0,pgame,0,leg2_paralysed,ite,1,17,1012,1524.99462890625,1012,1493.5751953125,72.0068651239865,67.29204138520944,2
pgame_seed0,pgame,0,leg2_paralysed,ite,1,18,1012,1517.754638671875,1012,1493.5751953125,72.0068651239865,67.29204138520944,2
pgame_seed0,pgame,0,leg2_paralysed,ite,1,19,1012,1506.805908203125,1012,1493.5751953125,72.0068651239865,67.29204138520944,2
pgame_seed0,pgame,0,leg2_paralysed,ite,1,20,1012,1589.1776123046875,1012,1493.5751953125,72.0068651239865,67.29204138520944,2
pgame_seed0,pgame,0,leg2_paralysed,ite,2,1,884,1591.564453125,884,1579.9022216796875,86.30093986354483,80.65017699188259,1
pgame_seed0,pgame,0,leg2_paralysed,ite,2,2,884,1509.8404541015625,884,1579.9022216796875,86.30093986354483,80.65017699188259,1
pgame_seed0,pgame,0,leg2_paralysed,ite,2,3,1012,1547.749755859375,884,1579.9022216796875,86.30093986354483,80.65017699188259,1
pgame_seed0,pgame,0,leg2_paralysed,ite,2,4,884,1613.083251953125,884,1579.9022216796875,86.30093986354483,80.65017699188259,1
pgame_seed0,pgame,0,leg2_paralysed,ite,2,5,884,1511.51416015625,884,1579.9022216796875,86.30093986354483,80.65017699188259,1
pgame_seed0,pgame,0,leg2_paralysed,ite,2,6,884,1497.59375,884,1579.9022216796875,86.30093986354483,80.65017699188259,1
pgame_seed0,pgame,0,leg2_paralysed,ite,2,7,884,1564.65625,884,1579.9022216796875,86.30093986354483,80.65017699188259,1
pgame_seed0,pgame,0,leg2_paralysed,ite,2,8,884,1603.660400390625,884,1579.9022216796875,86.30093986354483,80.65017699188259,1
pgame_seed0,pgame,0,leg2_paralysed,ite,2,9,884,1549.174072265625,884,1579.9022216796875,86.30093986354483,80.65017699188259,1
pgame_seed0,pgame,0,leg2_paralysed,ite,2,10,884,1569.3189697265625,884,1579.9022216796875,86.30093986354483,80.65017699188259,1
pgame_seed0,pgame,0,leg2_paralysed,ite,2,11,884,1564.426025390625,884,1579.9022216796875,86.30093986354483,80.65017699188259,1
pgame_seed0,pgame,0,leg2_paralysed,ite,2,12,884,1595.050537109375,884,1579.9022216796875,86.30093986354483,80.65017699188259,1
pgame_seed0,pgame,0,leg2_paralysed,ite,2,13,884,1559.2215576171875,884,1579.9022216796875,86.30093986354483,80.65017699188259,1
pgame_seed0,pgame,0,leg2_paralysed,ite,2,14,884,1516.589599609375,884,1579.9022216796875,86.30093986354483,80.65017699188259,1
pgame_seed0,pgame,0,leg2_paralysed,ite,2,15,884,1512.644775390625,884,1579.9022216796875,86.30093986354483,80.65017699188259,1
pgame_seed0,pgame,0,leg2_paralysed,ite,2,16,884,1578.683837890625,884,1579.9022216796875,86.30093986354483,80.65017699188259,1
pgame_seed0,pgame,0,leg2_paralysed,ite,2,17,884,1578.803955078125,884,1579.9022216796875,86.30093986354483,80.65017699188259,1
pgame_seed0,pgame,0,leg2_paralysed,ite,2,18,884,1587.056396484375,884,1579.9022216796875,86.30093986354483,80.65017699188259,1
pgame_seed0,pgame,0,leg2_paralysed,ite,2,19,884,1560.184814453125,884,1579.9022216796875,86.30093986354483,80.65017699188259,1
pgame_seed0,pgame,0,leg2_paralysed,ite,2,20,884,1551.138916015625,884,1579.9022216796875,86.30093986354483,80.65017699188259,1
pgame_seed0,pgame,0,leg2_paralysed,ite,3,1,884,1603.9593505859375,884,1579.9022216796875,86.30093986354483,80.65017699188259,1
pgame_seed0,pgame,0,leg2_paralysed,ite,3,2,884,1469.5205078125,884,1579.9022216796875,86.30093986354483,80.65017699188259,1
pgame_seed0,pgame,0,leg2_paralysed,ite,3,3,1012,1546.99169921875,884,1579.9022216796875,86.30093986354483,80.65017699188259,1
pgame_seed0,pgame,0,leg2_paralysed,ite,3,4,884,1570.0843505859375,884,1579.9022216796875,86.30093986354483,80.65017699188259,1
pgame_seed0,pgame,0,leg2_paralysed,ite,3,5,884,1551.4111328125,884,1579.9022216796875,86.30093986354483,80.65017699188259,1
pgame_seed0,pgame,0,leg2_paralysed,ite,3,6,884,1519.224853515625,884,1579.9022216796875,86.30093986354483,80.65017699188259,1
pgame_seed0,pgame,0,leg2_paralysed,ite,3,7,884,1580.5537109375,884,1579.9022216796875,86.30093986354483,80.65017699188259,1
pgame_seed0,pgame,0,leg2_paralysed,ite,3,8,884,1616.4234619140625,884,1579.9022216796875,86.30093986354483,80.65017699188259,1
pgame_seed0,pgame,0,leg2_paralysed,ite,3,9,884,1541.9293212890625,884,1579.9022216796875,86.30093986354483,80.65017699188259,1
pgame_seed0,pgame,0,leg2_paralysed,ite,3,10,884,1565.88134765625,884,1579.9022216796875,86.30093986354483,80.65017699188259,1
pgame_seed0,pgame,0,leg2_paralysed,ite,3,11,884,1523.516357421875,884,1579.9022216796875,86.30093986354483,80.65017699188259,1
pgame_seed0,pgame,0,leg2_paralysed,ite,3,12,884,1552.63671875,884,1579.9022216796875,86.30093986354483,80.65017699188259,1
pgame_seed0,pgame,0,leg2_paralysed,ite,3,13,884,1507.134521484375,884,1579.9022216796875,86.30093986354483,80.65017699188259,1
pgame_seed0,pgame,0,leg2_paralysed,ite,3,14,884,1532.7974853515625,884,1579.9022216796875,86.30093986354483,80.65017699188259,1
pgame_seed0,pgame,0,leg2_paralysed,ite,3,15,1012,1497.568603515625,884,1579.9022216796875,86.30093986354483,80.65017699188259,1
pgame_seed0,pgame,0,leg2_paralysed,ite,3,16,884,1503.1990966796875,884,1579.9022216796875,86.30093986354483,80.65017699188259,1
pgame_seed0,pgame,0,leg2_paralysed,ite,3,17,884,1505.105224609375,884,1579.9022216796875,86.30093986354483,80.65017699188259,1
pgame_seed0,pgame,0,leg2_paralysed,ite,3,18,884,1624.1658935546875,884,1579.9022216796875,86.30093986354483,80.65017699188259,1
pgame_seed0,pgame,0,leg2_paralysed,ite,3,19,884,1629.351318359375,884,1579.9022216796875,86.30093986354483,80.65017699188259,1
pgame_seed0,pgame,0,leg2_paralysed,ite,3,20,884,1557.071044921875,884,1579.9022216796875,86.30093986354483,80.65017699188259,1
pgame_seed0,pgame,0,leg2_paralysed,ite,4,1,884,1619.8935546875,884,1579.9022216796875,86.30093986354483,80.65017699188259,1
pgame_seed0,pgame,0,leg2_paralysed,ite,4,2,884,1605.2392578125,884,1579.9022216796875,86.30093986354483,80.65017699188259,1
pgame_seed0,pgame,0,leg2_paralysed,ite,4,3,884,1610.0133056640625,884,1579.9022216796875,86.30093986354483,80.65017699188259,1
pgame_seed0,pgame,0,leg2_paralysed,ite,4,4,884,1608.054443359375,884,1579.9022216796875,86.30093986354483,80.65017699188259,1
pgame_seed0,pgame,0,leg2_paralysed,ite,4,5,884,1574.457763671875,884,1579.9022216796875,86.30093986354483,80.65017699188259,1
pgame_seed0,pgame,0,leg2_paralysed,ite,4,6,884,1569.593505859375,884,1579.9022216796875,86.30093986354483,80.65017699188259,1
pgame_seed0,pgame,0,leg2_paralysed,ite,4,7,884,1633.66748046875,884,1579.9022216796875,86.30093986354483,80.65017699188259,1
pgame_seed0,pgame,0,leg2_paralysed,ite,4,8,884,1552.531982421875,884,1579.9022216796875,86.30093986354483,80.65017699188259,1
pgame_seed0,pgame,0,leg2_paralysed,ite,4,9,884,1544.48291015625,884,1579.9022216796875,86.30093986354483,80.65017699188259,1
pgame_seed0,pgame,0,leg2_paralysed,ite,4,10,884,1681.891357421875,884,1579.9022216796875,86.30093986354483,80.65017699188259,1
pgame_seed0,pgame,0,leg2_paralysed,ite,4,11,884,1531.543701171875,884,1579.9022216796875,86.30093986354483,80.65017699188259,1
pgame_seed0,pgame,0,leg2_paralysed,ite,4,12,884,1560.5443115234375,884,1579.9022216796875,86.30093986354483,80.65017699188259,1
pgame_seed0,pgame,0,leg2_paralysed,ite,4,13,1012,1542.8321533203125,884,1579.9022216796875,86.30093986354483,80.65017699188259,1
pgame_seed0,pgame,0,leg2_paralysed,ite,4,14,884,1434.908203125,884,1579.9022216796875,86.30093986354483,80.65017699188259,1
pgame_seed0,pgame,0,leg2_paralysed,ite,4,15,884,1639.8477783203125,884,1579.9022216796875,86.30093986354483,80.65017699188259,1
pgame_seed0,pgame,0,leg2_paralysed,ite,4,16,884,1541.1044921875,884,1579.9022216796875,86.30093986354483,80.65017699188259,1
pgame_seed0,pgame,0,leg2_paralysed,ite,4,17,884,1601.9512939453125,884,1579.9022216796875,86.30093986354483,80.65017699188259,1
pgame_seed0,pgame,0,leg2_paralysed,ite,4,18,884,1555.2470703125,884,1579.9022216796875,86.30093986354483,80.65017699188259,1
pgame_seed0,pgame,0,leg2_paralysed,ite,4,19,884,1533.0565185546875,884,1579.9022216796875,86.30093986354483,80.65017699188259,1
pgame_seed0,pgame,0,leg2_paralysed,ite,4,20,884,1503.400390625,884,1579.9022216796875,86.30093986354483,80.65017699188259,1
pgame_seed0,pgame,0,leg2_paralysed,top_k,0,1,884,1659.828857421875,884,1579.9022216796875,86.30093986354483,80.65017699188259,
pgame_seed0,pgame,0,leg2_paralysed,top_k,0,2,1012,1538.449951171875,884,1579.9022216796875,86.30093986354483,80.65017699188259,
pgame_seed0,pgame,0,leg2_paralysed,top_k,0,3,80,1470.423583984375,884,1579.9022216796875,86.30093986354483,80.65017699188259,
pgame_seed0,pgame,0,leg2_paralysed,top_k,0,4,553,1625.118408203125,884,1579.9022216796875,86.30093986354483,80.65017699188259,
pgame_seed0,pgame,0,leg2_paralysed,top_k,0,5,976,1440.22314453125,884,1579.9022216796875,86.30093986354483,80.65017699188259,
pgame_seed0,pgame,0,leg2_paralysed,top_k,0,6,8,1448.29541015625,884,1579.9022216796875,86.30093986354483,80.65017699188259,
pgame_seed0,pgame,0,leg2_paralysed,top_k,0,7,183,1453.88525390625,884,1579.9022216796875,86.30093986354483,80.65017699188259,
pgame_seed0,pgame,0,leg2_paralysed,top_k,0,8,997,1445.9156494140625,884,1579.9022216796875,86.30093986354483,80.65017699188259,
pgame_seed0,pgame,0,leg2_paralysed,top_k,0,9,277,1563.68701171875,884,1579.9022216796875,86.30093986354483,80.65017699188259,
pgame_seed0,pgame,0,leg2_paralysed,top_k,0,10,879,1502.1439208984375,884,1579.9022216796875,86.30093986354483,80.65017699188259,
pgame_seed0,pgame,0,leg2_paralysed,top_k,0,11,69,1442.984619140625,884,1579.9022216796875,86.30093986354483,80.65017699188259,
pgame_seed0,pgame,0,leg2_paralysed,top_k,0,12,930,1439.09619140625,884,1579.9022216796875,86.30093986354483,80.65017699188259,
pgame_seed0,pgame,0,leg2_paralysed,top_k,0,13,195,1436.503173828125,884,1579.9022216796875,86.30093986354483,80.65017699188259,
pgame_seed0,pgame,0,leg2_paralysed,top_k,0,14,975,1532.3016357421875,884,1579.9022216796875,86.30093986354483,80.65017699188259,
pgame_seed0,pgame,0,leg2_paralysed,top_k,0,15,579,1517.832275390625,884,1579.9022216796875,86.30093986354483,80.65017699188259,
pgame_seed0,pgame,0,leg2_paralysed,top_k,0,16,202,1582.873779296875,884,1579.9022216796875,86.30093986354483,80.65017699188259,
pgame_seed0,pgame,0,leg2_paralysed,top_k,0,17,973,1368.8643798828125,884,1579.9022216796875,86.30093986354483,80.65017699188259,
pgame_seed0,pgame,0,leg2_paralysed,top_k,0,18,540,1386.834228515625,884,1579.9022216796875,86.30093986354483,80.65017699188259,
pgame_seed0,pgame,0,leg2_paralysed,top_k,0,19,342,1321.34375,884,1579.9022216796875,86.30093986354483,80.65017699188259,
pgame_seed0,pgame,0,leg2_paralysed,top_k,0,20,466,1340.6990966796875,884,1579.9022216796875,86.30093986354483,80.65017699188259,
pgame_seed0,pgame,0,leg2_paralysed,top_k,1,1,884,1527.7940673828125,884,1579.9022216796875,86.30093986354483,80.65017699188259,
pgame_seed0,pgame,0,leg2_paralysed,top_k,1,2,1012,1563.77880859375,1012,1493.5751953125,72.0068651239865,67.29204138520944,
pgame_seed0,pgame,0,leg2_paralysed,top_k,1,3,80,1461.717529296875,1012,1493.5751953125,72.0068651239865,67.29204138520944,
pgame_seed0,pgame,0,leg2_paralysed,top_k,1,4,553,1615.256103515625,553,1662.6357421875,100.0,93.45225801642837,
pgame_seed0,pgame,0,leg2_paralysed,top_k,1,5,976,1386.779296875,553,1662.6357421875,100.0,93.45225801642837,
pgame_seed0,pgame,0,leg2_paralysed,top_k,1,6,8,1323.2559814453125,553,1662.6357421875,100.0,93.45225801642837,
pgame_seed0,pgame,0,leg2_paralysed,top_k,1,7,183,1517.722900390625,553,1662.6357421875,100.0,93.45225801642837,
pgame_seed0,pgame,0,leg2_paralysed,top_k,1,8,997,1424.814453125,553,1662.6357421875,100.0,93.45225801642837,
pgame_seed0,pgame,0,leg2_paralysed,top_k,1,9,277,1634.2322998046875,277,1495.8858642578125,72.38946691154474,67.64959139489383,
pgame_seed0,pgame,0,leg2_paralysed,top_k,1,10,879,1490.298095703125,277,1495.8858642578125,72.38946691154474,67.64959139489383,
pgame_seed0,pgame,0,leg2_paralysed,top_k,1,11,69,1422.74169921875,277,1495.8858642578125,72.38946691154474,67.64959139489383,
pgame_seed0,pgame,0,leg2_paralysed,top_k,1,12,930,1378.753173828125,277,1495.8858642578125,72.38946691154474,67.64959139489383,
pgame_seed0,pgame,0,leg2_paralysed,top_k,1,13,195,1382.81591796875,277,1495.8858642578125,72.38946691154474,67.64959139489383,
pgame_seed0,pgame,0,leg2_paralysed,top_k,1,14,975,1559.923583984375,277,1495.8858642578125,72.38946691154474,67.64959139489383,
pgame_seed0,pgame,0,leg2_paralysed,top_k,1,15,579,1578.3441162109375,277,1495.8858642578125,72.38946691154474,67.64959139489383,
pgame_seed0,pgame,0,leg2_paralysed,top_k,1,16,202,1526.73583984375,277,1495.8858642578125,72.38946691154474,67.64959139489383,
pgame_seed0,pgame,0,leg2_paralysed,top_k,1,17,973,1389.34912109375,277,1495.8858642578125,72.38946691154474,67.64959139489383,
pgame_seed0,pgame,0,leg2_paralysed,top_k,1,18,540,1378.5142822265625,277,1495.8858642578125,72.38946691154474,67.64959139489383,
pgame_seed0,pgame,0,leg2_paralysed,top_k,1,19,342,1402.07421875,277,1495.8858642578125,72.38946691154474,67.64959139489383,
pgame_seed0,pgame,0,leg2_paralysed,top_k,1,20,466,1392.414306640625,277,1495.8858642578125,72.38946691154474,67.64959139489383,
pgame_seed0,pgame,0,leg2_paralysed,top_k,2,1,884,1557.849365234375,884,1579.9022216796875,86.30093986354483,80.65017699188259,
pgame_seed0,pgame,0,leg2_paralysed,top_k,2,2,1012,1575.9747314453125,1012,1493.5751953125,72.0068651239865,67.29204138520944,
pgame_seed0,pgame,0,leg2_paralysed,top_k,2,3,80,1569.0938720703125,1012,1493.5751953125,72.0068651239865,67.29204138520944,
pgame_seed0,pgame,0,leg2_paralysed,top_k,2,4,553,1668.68017578125,553,1662.6357421875,100.0,93.45225801642837,
pgame_seed0,pgame,0,leg2_paralysed,top_k,2,5,976,1411.814208984375,553,1662.6357421875,100.0,93.45225801642837,
pgame_seed0,pgame,0,leg2_paralysed,top_k,2,6,8,1442.841552734375,553,1662.6357421875,100.0,93.45225801642837,
pgame_seed0,pgame,0,leg2_paralysed,top_k,2,7,183,1460.89208984375,553,1662.6357421875,100.0,93.45225801642837,
pgame_seed0,pgame,0,leg2_paralysed,top_k,2,8,997,1441.1934814453125,553,1662.6357421875,100.0,93.45225801642837,
pgame_seed0,pgame,0,leg2_paralysed,top_k,2,9,277,1574.683349609375,553,1662.6357421875,100.0,93.45225801642837,
pgame_seed0,pgame,0,leg2_paralysed,top_k,2,10,879,1531.506591796875,553,1662.6357421875,100.0,93.45225801642837,
pgame_seed0,pgame,0,leg2_paralysed,top_k,2,11,69,1418.10400390625,553,1662.6357421875,100.0,93.45225801642837,
pgame_seed0,pgame,0,leg2_paralysed,top_k,2,12,930,1413.152099609375,553,1662.6357421875,100.0,93.45225801642837,
pgame_seed0,pgame,0,leg2_paralysed,top_k,2,13,195,1403.7119140625,553,1662.6357421875,100.0,93.45225801642837,
pgame_seed0,pgame,0,leg2_paralysed,top_k,2,14,975,1537.04833984375,553,1662.6357421875,100.0,93.45225801642837,
pgame_seed0,pgame,0,leg2_paralysed,top_k,2,15,579,1403.5205078125,553,1662.6357421875,100.0,93.45225801642837,
pgame_seed0,pgame,0,leg2_paralysed,top_k,2,16,202,1549.1304931640625,553,1662.6357421875,100.0,93.45225801642837,
pgame_seed0,pgame,0,leg2_paralysed,top_k,2,17,973,1354.458740234375,553,1662.6357421875,100.0,93.45225801642837,
pgame_seed0,pgame,0,leg2_paralysed,top_k,2,18,540,1405.2784423828125,553,1662.6357421875,100.0,93.45225801642837,
pgame_seed0,pgame,0,leg2_paralysed,top_k,2,19,342,1386.315185546875,553,1662.6357421875,100.0,93.45225801642837,
pgame_seed0,pgame,0,leg2_paralysed,top_k,2,20,466,1333.529052734375,553,1662.6357421875,100.0,93.45225801642837,
pgame_seed0,pgame,0,leg2_paralysed,top_k,3,1,884,1599.219482421875,884,1579.9022216796875,86.30093986354483,80.65017699188259,
pgame_seed0,pgame,0,leg2_paralysed,top_k,3,2,1012,1523.58544921875,884,1579.9022216796875,86.30093986354483,80.65017699188259,
pgame_seed0,pgame,0,leg2_paralysed,top_k,3,3,80,1573.907470703125,884,1579.9022216796875,86.30093986354483,80.65017699188259,
pgame_seed0,pgame,0,leg2_paralysed,top_k,3,4,553,1642.47021484375,553,1662.6357421875,100.0,93.45225801642837,
pgame_seed0,pgame,0,leg2_paralysed,top_k,3,5,976,1389.432373046875,553,1662.6357421875,100.0,93.45225801642837,
pgame_seed0,pgame,0,leg2_paralysed,top_k,3,6,8,1387.267333984375,553,1662.6357421875,100.0,93.45225801642837,
pgame_seed0,pgame,0,leg2_paralysed,top_k,3,7,183,1474.474365234375,553,1662.6357421875,100.0,93.45225801642837,
pgame_seed0,pgame,0,leg2_paralysed,top_k,3,8,997,1454.140869140625,553,1662.6357421875,100.0,93.45225801642837,
pgame_seed0,pgame,0,leg2_paralysed,top_k,3,9,277,1518.42041015625,553,1662.6357421875,100.0,93.45225801642837,
pgame_seed0,pgame,0,leg2_paralysed,top_k,3,10,879,1538.4132080078125,553,1662.6357421875,100.0,93.45225801642837,
pgame_seed0,pgame,0,leg2_paralysed,top_k,3,11,69,1464.405517578125,553,1662.6357421875,100.0,93.45225801642837,
pgame_seed0,pgame,0,leg2_paralysed,top_k,3,12,930,1443.681884765625,553,1662.6357421875,100.0,93.45225801642837,
pgame_seed0,pgame,0,leg2_paralysed,top_k,3,13,195,1424.8135986328125,553,1662.6357421875,100.0,93.45225801642837,
pgame_seed0,pgame,0,leg2_paralysed,top_k,3,14,975,1600.0919189453125,553,1662.6357421875,100.0,93.45225801642837,
pgame_seed0,pgame,0,leg2_paralysed,top_k,3,15,579,1436.572509765625,553,1662.6357421875,100.0,93.45225801642837,
pgame_seed0,pgame,0,leg2_paralysed,top_k,3,16,202,1542.089111328125,553,1662.6357421875,100.0,93.45225801642837,
pgame_seed0,pgame,0,leg2_paralysed,top_k,3,17,973,1465.0198974609375,553,1662.6357421875,100.0,93.45225801642837,
pgame_seed0,pgame,0,leg2_paralysed,top_k,3,18,540,1352.413330078125,553,1662.6357421875,100.0,93.45225801642837,
pgame_seed0,pgame,0,leg2_paralysed,top_k,3,19,342,1361.2325439453125,553,1662.6357421875,100.0,93.45225801642837,
pgame_seed0,pgame,0,leg2_paralysed,top_k,3,20,466,1419.302734375,553,1662.6357421875,100.0,93.45225801642837,
pgame_seed0,pgame,0,leg2_paralysed,top_k,4,1,884,1536.166259765625,884,1579.9022216796875,86.30093986354483,80.65017699188259,
pgame_seed0,pgame,0,leg2_paralysed,top_k,4,2,1012,1506.33154296875,884,1579.9022216796875,86.30093986354483,80.65017699188259,
pgame_seed0,pgame,0,leg2_paralysed,top_k,4,3,80,1454.5250244140625,884,1579.9022216796875,86.30093986354483,80.65017699188259,
pgame_seed0,pgame,0,leg2_paralysed,top_k,4,4,553,1710.6591796875,553,1662.6357421875,100.0,93.45225801642837,
pgame_seed0,pgame,0,leg2_paralysed,top_k,4,5,976,1415.22607421875,553,1662.6357421875,100.0,93.45225801642837,
pgame_seed0,pgame,0,leg2_paralysed,top_k,4,6,8,1400.0625,553,1662.6357421875,100.0,93.45225801642837,
pgame_seed0,pgame,0,leg2_paralysed,top_k,4,7,183,1444.2987060546875,553,1662.6357421875,100.0,93.45225801642837,
pgame_seed0,pgame,0,leg2_paralysed,top_k,4,8,997,1401.28076171875,553,1662.6357421875,100.0,93.45225801642837,
pgame_seed0,pgame,0,leg2_paralysed,top_k,4,9,277,1635.8939208984375,553,1662.6357421875,100.0,93.45225801642837,
pgame_seed0,pgame,0,leg2_paralysed,top_k,4,10,879,1469.7144775390625,553,1662.6357421875,100.0,93.45225801642837,
pgame_seed0,pgame,0,leg2_paralysed,top_k,4,11,69,1385.732421875,553,1662.6357421875,100.0,93.45225801642837,
pgame_seed0,pgame,0,leg2_paralysed,top_k,4,12,930,1445.1292724609375,553,1662.6357421875,100.0,93.45225801642837,
pgame_seed0,pgame,0,leg2_paralysed,top_k,4,13,195,1390.968017578125,553,1662.6357421875,100.0,93.45225801642837,
pgame_seed0,pgame,0,leg2_paralysed,top_k,4,14,975,1572.916259765625,553,1662.6357421875,100.0,93.45225801642837,
pgame_seed0,pgame,0,leg2_paralysed,top_k,4,15,579,1631.138916015625,553,1662.6357421875,100.0,93.45225801642837,
pgame_seed0,pgame,0,leg2_paralysed,top_k,4,16,202,1543.8748779296875,553,1662.6357421875,100.0,93.45225801642837,
pgame_seed0,pgame,0,leg2_paralysed,top_k,4,17,973,1379.492431640625,553,1662.6357421875,100.0,93.45225801642837,
pgame_seed0,pgame,0,leg2_paralysed,top_k,4,18,540,1362.810302734375,553,1662.6357421875,100.0,93.45225801642837,
pgame_seed0,pgame,0,leg2_paralysed,top_k,4,19,342,1376.446533203125,553,1662.6357421875,100.0,93.45225801642837,
pgame_seed0,pgame,0,leg2_paralysed,top_k,4,20,466,1298.4228515625,553,1662.6357421875,100.0,93.45225801642837,
pgame_seed0,pgame,0,leg2_paralysed,best_intact,0,1,884,1482.8682861328125,884,1579.9022216796875,86.30093986354483,80.65017699188259,
pgame_seed0,pgame,0,leg2_paralysed,best_intact,1,1,884,1618.6558837890625,884,1579.9022216796875,86.30093986354483,80.65017699188259,
pgame_seed0,pgame,0,leg2_paralysed,best_intact,2,1,884,1531.0238037109375,884,1579.9022216796875,86.30093986354483,80.65017699188259,
pgame_seed0,pgame,0,leg2_paralysed,best_intact,3,1,884,1574.25,884,1579.9022216796875,86.30093986354483,80.65017699188259,
pgame_seed0,pgame,0,leg2_paralysed,best_intact,4,1,884,1558.75830078125,884,1579.9022216796875,86.30093986354483,80.65017699188259,
pgame_seed0,pgame,0,leg3_paralysed,ite,0,1,884,1057.1119384765625,884,1066.5948486328125,4.003499702498028,1.2216389590751842,15
pgame_seed0,pgame,0,leg3_paralysed,ite,0,2,973,1101.9598388671875,973,1082.93896484375,12.2916464968681,3.750706968301935,15
pgame_seed0,pgame,0,leg3_paralysed,ite,0,3,771,1032.3740234375,973,1082.93896484375,12.2916464968681,3.750706968301935,15
pgame_seed0,pgame,0,leg3_paralysed,ite,0,4,1012,1096.91845703125,973,1082.93896484375,12.2916464968681,3.750706968301935,15
pgame_seed0,pgame,0,leg3_paralysed,ite,0,5,593,1032.8037109375,973,1082.93896484375,12.2916464968681,3.750706968301935,15
pgame_seed0,pgame,0,leg3_paralysed,ite,0,6,352,1053.148681640625,973,1082.93896484375,12.2916464968681,3.750706968301935,15
pgame_seed0,pgame,0,leg3_paralysed,ite,0,7,1012,1079.211181640625,973,1082.93896484375,12.2916464968681,3.750706968301935,15
pgame_seed0,pgame,0,leg3_paralysed,ite,0,8,97,1079.060302734375,973,1082.93896484375,12.2916464968681,3.750706968301935,15
pgame_seed0,pgame,0,leg3_paralysed,ite,0,9,973,1101.2138671875,973,1082.93896484375,12.2916464968681,3.750706968301935,15
pgame_seed0,pgame,0,leg3_paralysed,ite,0,10,1012,1062.723876953125,973,1082.93896484375,12.2916464968681,3.750706968301935,15
pgame_seed0,pgame,0,leg3_paralysed,ite,0,11,973,1086.34765625,973,1082.93896484375,12.2916464968681,3.750706968301935,15
pgame_seed0,pgame,0,leg3_paralysed,ite,0,12,1012,1061.4639892578125,973,1082.93896484375,12.2916464968681,3.750706968301935,15
pgame_seed0,pgame,0,leg3_paralysed,ite,0,13,740,1109.492919921875,740,1085.023681640625,13.348812183540483,4.073293426402738,15
pgame_seed0,pgame,0,leg3_paralysed,ite,0,14,973,1072.73779296875,740,1085.023681640625,13.348812183540483,4.073293426402738,15
pgame_seed0,pgame,0,leg3_paralysed,ite,0,15,1012,1093.8428955078125,740,1085.023681640625,13.348812183540483,4.073293426402738,15
pgame_seed0,pgame,0,leg3_paralysed,ite,0,16,740,1098.046142578125,740,1085.023681640625,13.348812183540483,4.073293426402738,15
pgame_seed0,pgame,0,leg3_paralysed,ite,0,17,1012,1086.142822265625,740,1085.023681640625,13.348812183540483,4.073293426402738,15
pgame_seed0,pgame,0,leg3_paralysed,ite,0,18,43,1102.3468017578125,740,1085.023681640625,13.348812183540483,4.073293426402738,15
pgame_seed0,pgame,0,leg3_paralysed,ite,0,19,1012,1065.8265380859375,740,1085.023681640625,13.348812183540483,4.073293426402738,15
pgame_seed0,pgame,0,leg3_paralysed,ite,0,20,973,1096.859619140625,740,1085.023681640625,13.348812183540483,4.073293426402738,15
pgame_seed0,pgame,0,leg3_paralysed,ite,1,1,884,1055.2822265625,884,1066.5948486328125,4.003499702498028,1.2216389590751842,15
pgame_seed0,pgame,0,leg3_paralysed,ite,1,2,973,1091.735595703125,973,1082.93896484375,12.2916464968681,3.750706968301935,15
pgame_seed0,pgame,0,leg3_paralysed,ite,1,3,771,1035.362548828125,973,1082.93896484375,12.2916464968681,3.750706968301935,15
pgame_seed0,pgame,0,leg3_paralysed,ite,1,4,1012,1061.1187744140625,973,1082.93896484375,12.2916464968681,3.750706968301935,15
pgame_seed0,pgame,0,leg3_paralysed,ite,1,5,593,1030.0823974609375,973,1082.93896484375,12.2916464968681,3.750706968301935,15
pgame_seed0,pgame,0,leg3_paralysed,ite,1,6,352,1062.494873046875,973,1082.93896484375,12.2916464968681,3.750706968301935,15
pgame_seed0,pgame,0,leg3_paralysed,ite,1,7,1012,1066.40283203125,973,1082.93896484375,12.2916464968681,3.750706968301935,15
pgame_seed0,pgame,0,leg3_paralysed,ite,1,8,97,1072.8839111328125,973,1082.93896484375,12.2916464968681,3.750706968301935,15
pgame_seed0,pgame,0,leg3_paralysed,ite,1,9,973,1108.753662109375,973,1082.93896484375,12.2916464968681,3.750706968301935,15
pgame_seed0,pgame,0,leg3_paralysed,ite,1,10,1012,1087.4371337890625,973,1082.93896484375,12.2916464968681,3.750706968301935,15
pgame_seed0,pgame,0,leg3_paralysed,ite,1,11,973,1080.4354248046875,973,1082.93896484375,12.2916464968681,3.750706968301935,15
pgame_seed0,pgame,0,leg3_paralysed,ite,1,12,1012,1080.345703125,973,1082.93896484375,12.2916464968681,3.750706968301935,15
pgame_seed0,pgame,0,leg3_paralysed,ite,1,13,740,1060.6046142578125,973,1082.93896484375,12.2916464968681,3.750706968301935,15
pgame_seed0,pgame,0,leg3_paralysed,ite,1,14,973,1091.08837890625,973,1082.93896484375,12.2916464968681,3.750706968301935,15
pgame_seed0,pgame,0,leg3_paralysed,ite,1,15,1012,1109.3594970703125,1012,1077.7431640625,9.656841467735688,2.9467152829405037,15
pgame_seed0,pgame,0,leg3_paralysed,ite,1,16,1012,1058.47265625,1012,1077.7431640625,9.656841467735688,2.9467152829405037,15
pgame_seed0,pgame,0,leg3_paralysed,ite,1,17,973,1094.20166015625,1012,1077.7431640625,9.656841467735688,2.9467152829405037,15
pgame_seed0,pgame,0,leg3_paralysed,ite,1,18,973,1092.6943359375,1012,1077.7431640625,9.656841467735688,2.9467152829405037,15
pgame_seed0,pgame,0,leg3_paralysed,ite,1,19,1012,1062.0489501953125,1012,1077.7431640625,9.656841467735688,2.9467152829405037,15
pgame_seed0,pgame,0,leg3_paralysed,ite,1,20,973,1087.04541015625,1012,1077.7431640625,9.656841467735688,2.9467152829405037,15
pgame_seed0,pgame,0,leg3_paralysed,ite,2,1,884,1054.7568359375,884,1066.5948486328125,4.003499702498028,1.2216389590751842,17
pgame_seed0,pgame,0,leg3_paralysed,ite,2,2,973,1079.540283203125,973,1082.93896484375,12.2916464968681,3.750706968301935,17
pgame_seed0,pgame,0,leg3_paralysed,ite,2,3,771,1029.754638671875,973,1082.93896484375,12.2916464968681,3.750706968301935,17
pgame_seed0,pgame,0,leg3_paralysed,ite,2,4,1012,1098.3623046875,1012,1077.7431640625,9.656841467735688,2.9467152829405037,17
pgame_seed0,pgame,0,leg3_paralysed,ite,2,5,593,1034.08935546875,1012,1077.7431640625,9.656841467735688,2.9467152829405037,17
pgame_seed0,pgame,0,leg3_paralysed,ite,2,6,352,1075.50830078125,1012,1077.7431640625,9.656841467735688,2.9467152829405037,17
pgame_seed0,pgame,0,leg3_paralysed,ite,2,7,1012,1053.94921875,1012,1077.7431640625,9.656841467735688,2.9467152829405037,17
pgame_seed0,pgame,0,leg3_paralysed,ite,2,8,97,1075.642333984375,1012,1077.7431640625,9.656841467735688,2.9467152829405037,17
pgame_seed0,pgame,0,leg3_paralysed,ite,2,9,1012,1057.7568359375,1012,1077.7431640625,9.656841467735688,2.9467152829405037,17
pgame_seed0,pgame,0,leg3_paralysed,ite,2,10,973,1104.1104736328125,973,1082.93896484375,12.2916464968681,3.750706968301935,17
pgame_seed0,pgame,0,leg3_paralysed,ite,2,11,973,1090.3619384765625,973,1082.93896484375,12.2916464968681,3.750706968301935,17
pgame_seed0,pgame,0,leg3_paralysed,ite,2,12,1012,1095.416015625,973,1082.93896484375,12.2916464968681,3.750706968301935,17
pgame_seed0,pgame,0,leg3_paralysed,ite,2,13,740,1086.0606689453125,973,1082.93896484375,12.2916464968681,3.750706968301935,17
pgame_seed0,pgame,0,leg3_paralysed,ite,2,14,1012,1074.173828125,973,1082.93896484375,12.2916464968681,3.750706968301935,17
pgame_seed0,pgame,0,leg3_paralysed,ite,2,15,973,1064.069091796875,973,1082.93896484375,12.2916464968681,3.750706968301935,17
pgame_seed0,pgame,0,leg3_paralysed,ite,2,16,352,1053.1334228515625,973,1082.93896484375,12.2916464968681,3.750706968301935,17
pgame_seed0,pgame,0,leg3_paralysed,ite,2,17,1012,1067.7587890625,973,1082.93896484375,12.2916464968681,3.750706968301935,17
pgame_seed0,pgame,0,leg3_paralysed,ite,2,18,1012,1082.1142578125,973,1082.93896484375,12.2916464968681,3.750706968301935,17
pgame_seed0,pgame,0,leg3_paralysed,ite,2,19,43,1056.451904296875,973,1082.93896484375,12.2916464968681,3.750706968301935,17
pgame_seed0,pgame,0,leg3_paralysed,ite,2,20,1012,1094.758056640625,973,1082.93896484375,12.2916464968681,3.750706968301935,17
pgame_seed0,pgame,0,leg3_paralysed,ite,3,1,884,1116.18017578125,884,1066.5948486328125,4.003499702498028,1.2216389590751842,13
pgame_seed0,pgame,0,leg3_paralysed,ite,3,2,973,1086.314697265625,884,1066.5948486328125,4.003499702498028,1.2216389590751842,13
pgame_seed0,pgame,0,leg3_paralysed,ite,3,3,1012,1084.1873779296875,884,1066.5948486328125,4.003499702498028,1.2216389590751842,13
pgame_seed0,pgame,0,leg3_paralysed,ite,3,4,771,1038.7235107421875,884,1066.5948486328125,4.003499702498028,1.2216389590751842,13
pgame_seed0,pgame,0,leg3_paralysed,ite,3,5,593,1049.3048095703125,884,1066.5948486328125,4.003499702498028,1.2216389590751842,13
pgame_seed0,pgame,0,leg3_paralysed,ite,3,6,352,1080.6539306640625,884,1066.5948486328125,4.003499702498028,1.2216389590751842,13
pgame_seed0,pgame,0,leg3_paralysed,ite,3,7,1012,1101.3262939453125,884,1066.5948486328125,4.003499702498028,1.2216389590751842,13
pgame_seed0,pgame,0,leg3_paralysed,ite,3,8,1012,1069.8880615234375,884,1066.5948486328125,4.003499702498028,1.2216389590751842,13
pgame_seed0,pgame,0,leg3_paralysed,ite,3,9,97,1073.9599609375,884,1066.5948486328125,4.003499702498028,1.2216389590751842,13
pgame_seed0,pgame,0,leg3_paralysed,ite,3,10,973,1086.0968017578125,884,1066.5948486328125,4.003499702498028,1.2216389590751842,13
pgame_seed0,pgame,0,leg3_paralysed,ite,3,11,1012,1059.059326171875,884,1066.5948486328125,4.003499702498028,1.2216389590751842,13
pgame_seed0,pgame,0,leg3_paralysed,ite,3,12,740,1069.7236328125,884,1066.5948486328125,4.003499702498028,1.2216389590751842,13
pgame_seed0,pgame,0,leg3_paralysed,ite,3,13,1012,1074.324462890625,884,1066.5948486328125,4.003499702498028,1.2216389590751842,13
pgame_seed0,pgame,0,leg3_paralysed,ite,3,14,973,1085.9384765625,884,1066.5948486328125,4.003499702498028,1.2216389590751842,13
pgame_seed0,pgame,0,leg3_paralysed,ite,3,15,1012,1053.1866455078125,884,1066.5948486328125,4.003499702498028,1.2216389590751842,13
pgame_seed0,pgame,0,leg3_paralysed,ite,3,16,352,1050.4188232421875,884,1066.5948486328125,4.003499702498028,1.2216389590751842,13
pgame_seed0,pgame,0,leg3_paralysed,ite,3,17,1012,1100.020263671875,884,1066.5948486328125,4.003499702498028,1.2216389590751842,13
pgame_seed0,pgame,0,leg3_paralysed,ite,3,18,1012,1078.8515625,884,1066.5948486328125,4.003499702498028,1.2216389590751842,13
pgame_seed0,pgame,0,leg3_paralysed,ite,3,19,973,1114.466796875,884,1066.5948486328125,4.003499702498028,1.2216389590751842,13
pgame_seed0,pgame,0,leg3_paralysed,ite,3,20,973,1097.66552734375,884,1066.5948486328125,4.003499702498028,1.2216389590751842,13
pgame_seed0,pgame,0,leg3_paralysed,ite,4,1,884,1063.0106201171875,884,1066.5948486328125,4.003499702498028,1.2216389590751842,17
pgame_seed0,pgame,0,leg3_paralysed,ite,4,2,973,1104.1795654296875,973,1082.93896484375,12.2916464968681,3.750706968301935,17
pgame_seed0,pgame,0,leg3_paralysed,ite,4,3,771,1027.0291748046875,973,1082.93896484375,12.2916464968681,3.750706968301935,17
pgame_seed0,pgame,0,leg3_paralysed,ite,4,4,1012,1088.6552734375,973,1082.93896484375,12.2916464968681,3.750706968301935,17
pgame_seed0,pgame,0,leg3_paralysed,ite,4,5,593,1028.5078125,973,1082.93896484375,12.2916464968681,3.750706968301935,17
pgame_seed0,pgame,0,leg3_paralysed,ite,4,6,352,1084.8182373046875,973,1082.93896484375,12.2916464968681,3.750706968301935,17
pgame_seed0,pgame,0,leg3_paralysed,ite,4,7,1012,1067.305419921875,973,1082.93896484375,12.2916464968681,3.750706968301935,17
pgame_seed0,pgame,0,leg3_paralysed,ite,4,8,97,1084.815673828125,973,1082.93896484375,12.2916464968681,3.750706968301935,17
pgame_seed0,pgame,0,leg3_paralysed,ite,4,9,973,1087.072998046875,973,1082.93896484375,12.2916464968681,3.750706968301935,17
pgame_seed0,pgame,0,leg3_paralysed,ite,4,10,1012,1066.283203125,973,1082.93896484375,12.2916464968681,3.750706968301935,17
pgame_seed0,pgame,0,leg3_paralysed,ite,4,11,973,1088.80810546875,973,1082.93896484375,12.2916464968681,3.750706968301935,17
pgame_seed0,pgame,0,leg3_paralysed,ite,4,12,1012,1061.6221923828125,973,1082.93896484375,12.2916464968681,3.750706968301935,17
pgame_seed0,pgame,0,leg3_paralysed,ite,4,13,740,1064.908935546875,973,1082.93896484375,12.2916464968681,3.750706968301935,17
pgame_seed0,pgame,0,leg3_paralysed,ite,4,14,352,1057.2613525390625,973,1082.93896484375,12.2916464968681,3.750706968301935,17
pgame_seed0,pgame,0,leg3_paralysed,ite,4,15,973,1090.693359375,973,1082.93896484375,12.2916464968681,3.750706968301935,17
pgame_seed0,pgame,0,leg3_paralysed,ite,4,16,1012,1066.7822265625,973,1082.93896484375,12.2916464968681,3.750706968301935,17
pgame_seed0,pgame,0,leg3_paralysed,ite,4,17,973,1064.20458984375,973,1082.93896484375,12.2916464968681,3.750706968301935,17
pgame_seed0,pgame,0,leg3_paralysed,ite,4,18,1012,1087.383544921875,973,1082.93896484375,12.2916464968681,3.750706968301935,17
pgame_seed0,pgame,0,leg3_paralysed,ite,4,19,43,1103.3843994140625,973,1082.93896484375,12.2916464968681,3.750706968301935,17
pgame_seed0,pgame,0,leg3_paralysed,ite,4,20,1012,1055.1529541015625,973,1082.93896484375,12.2916464968681,3.750706968301935,17
pgame_seed0,pgame,0,leg3_paralysed,top_k,0,1,884,1070.969482421875,884,1066.5948486328125,4.003499702498028,1.2216389590751842,
pgame_seed0,pgame,0,leg3_paralysed,top_k,0,2,1012,1070.251220703125,884,1066.5948486328125,4.003499702498028,1.2216389590751842,
pgame_seed0,pgame,0,leg3_paralysed,top_k,0,3,80,1077.480224609375,80,1112.221923828125,27.141116453132966,8.281915253110984,
pgame_seed0,pgame,0,leg3_paralysed,top_k,0,4,553,1233.859130859375,553,1164.74267578125,53.7745358635319,16.40891042806531,
pgame_seed0,pgame,0,leg3_paralysed,top_k,0,5,976,1158.42529296875,553,1164.74267578125,53.7745358635319,16.40891042806531,
pgame_seed0,pgame,0,leg3_paralysed,top_k,0,6,8,1218.59033203125,553,1164.74267578125,53.7745358635319,16.40891042806531,
pgame_seed0,pgame,0,leg3_paralysed,top_k,0,7,183,1063.38671875,553,1164.74267578125,53.7745358635319,16.40891042806531,
pgame_seed0,pgame,0,leg3_paralysed,top_k,0,8,997,1170.8529052734375,553,1164.74267578125,53.7745358635319,16.40891042806531,
pgame_seed0,pgame,0,leg3_paralysed,top_k,0,9,277,1185.649169921875,553,1164.74267578125,53.7745358635319,16.40891042806531,
pgame_seed0,pgame,0,leg3_paralysed,top_k,0,10,879,1147.9891357421875,553,1164.74267578125,53.7745358635319,16.40891042806531,
pgame_seed0,pgame,0,leg3_paralysed,top_k,0,11,69,1166.295654296875,553,1164.74267578125,53.7745358635319,16.40891042806531,
pgame_seed0,pgame,0,leg3_paralysed,top_k,0,12,930,1173.8267822265625,553,1164.74267578125,53.7745358635319,16.40891042806531,
pgame_seed0,pgame,0,leg3_paralysed,top_k,0,13,195,1202.0325927734375,553,1164.74267578125,53.7745358635319,16.40891042806531,
pgame_seed0,pgame,0,leg3_paralysed,top_k,0,14,975,1129.223876953125,553,1164.74267578125,53.7745358635319,16.40891042806531,
pgame_seed0,pgame,0,leg3_paralysed,top_k,0,15,579,1003.64306640625,553,1164.74267578125,53.7745358635319,16.40891042806531,
pgame_seed0,pgame,0,leg3_paralysed,top_k,0,16,202,1096.2435302734375,553,1164.74267578125,53.7745358635319,16.40891042806531,
pgame_seed0,pgame,0,leg3_paralysed,top_k,0,17,973,1076.05615234375,553,1164.74267578125,53.7745358635319,16.40891042806531,
pgame_seed0,pgame,0,leg3_paralysed,top_k,0,18,540,1152.9183349609375,553,1164.74267578125,53.7745358635319,16.40891042806531,
pgame_seed0,pgame,0,leg3_paralysed,top_k,0,19,342,1182.76513671875,553,1164.74267578125,53.7745358635319,16.40891042806531,
pgame_seed0,pgame,0,leg3_paralysed,top_k,0,20,466,1086.8460693359375,553,1164.74267578125,53.7745358635319,16.40891042806531,
pgame_seed0,pgame,0,leg3_paralysed,top_k,1,1,884,1069.8212890625,884,1066.5948486328125,4.003499702498028,1.2216389590751842,
pgame_seed0,pgame,0,leg3_paralysed,top_k,1,2,1012,1092.6729736328125,1012,1077.7431640625,9.656841467735688,2.9467152829405037,
pgame_seed0,pgame,0,leg3_paralysed,top_k,1,3,80,1122.9462890625,80,1112.221923828125,27.141116453132966,8.281915253110984,
pgame_seed0,pgame,0,leg3_paralysed,top_k,1,4,553,1163.1474609375,553,1164.74267578125,53.7745358635319,16.40891042806531,
pgame_seed0,pgame,0,leg3_paralysed,top_k,1,5,976,1208.559326171875,976,1111.907958984375,26.98190400752333,8.233332727625843,
pgame_seed0,pgame,0,leg3_paralysed,top_k,1,6,8,1185.263916015625,976,1111.907958984375,26.98190400752333,8.233332727625843,
pgame_seed0,pgame,0,leg3_paralysed,top_k,1,7,183,1062.62060546875,976,1111.907958984375,26.98190400752333,8.233332727625843,
pgame_seed0,pgame,0,leg3_paralysed,top_k,1,8,997,1202.324951171875,976,1111.907958984375,26.98190400752333,8.233332727625843,
pgame_seed0,pgame,0,leg3_paralysed,top_k,1,9,277,1185.0323486328125,976,1111.907958984375,26.98190400752333,8.233332727625843,
pgame_seed0,pgame,0,leg3_paralysed,top_k,1,10,879,1122.6025390625,976,1111.907958984375,26.98190400752333,8.233332727625843,
pgame_seed0,pgame,0,leg3_paralysed,top_k,1,11,69,1115.631591796875,976,1111.907958984375,26.98190400752333,8.233332727625843,
pgame_seed0,pgame,0,leg3_paralysed,top_k,1,12,930,1276.617431640625,930,1168.52294921875,55.69152303913035,16.99386519059404,
pgame_seed0,pgame,0,leg3_paralysed,top_k,1,13,195,1094.422119140625,930,1168.52294921875,55.69152303913035,16.99386519059404,
pgame_seed0,pgame,0,leg3_paralysed,top_k,1,14,975,1119.197509765625,930,1168.52294921875,55.69152303913035,16.99386519059404,
pgame_seed0,pgame,0,leg3_paralysed,top_k,1,15,579,1238.0595703125,930,1168.52294921875,55.69152303913035,16.99386519059404,
pgame_seed0,pgame,0,leg3_paralysed,top_k,1,16,202,1128.2156982421875,930,1168.52294921875,55.69152303913035,16.99386519059404,
pgame_seed0,pgame,0,leg3_paralysed,top_k,1,17,973,1067.737548828125,930,1168.52294921875,55.69152303913035,16.99386519059404,
pgame_seed0,pgame,0,leg3_paralysed,top_k,1,18,540,1142.1982421875,930,1168.52294921875,55.69152303913035,16.99386519059404,
pgame_seed0,pgame,0,leg3_paralysed,top_k,1,19,342,1237.40087890625,930,1168.52294921875,55.69152303913035,16.99386519059404,
pgame_seed0,pgame,0,leg3_paralysed,top_k,1,20,466,1206.7763671875,930,1168.52294921875,55.69152303913035,16.99386519059404,
pgame_seed0,pgame,0,leg3_paralysed,top_k,2,1,884,1077.603515625,884,1066.5948486328125,4.003499702498028,1.2216389590751842,
pgame_seed0,pgame,0,leg3_paralysed,top_k,2,2,1012,1066.8076171875,884,1066.5948486328125,4.003499702498028,1.2216389590751842,
pgame_seed0,pgame,0,leg3_paralysed,top_k,2,3,80,1169.34716796875,80,1112.221923828125,27.141116453132966,8.281915253110984,
pgame_seed0,pgame,0,leg3_paralysed,top_k,2,4,553,1126.6243896484375,80,1112.221923828125,27.141116453132966,8.281915253110984,
pgame_seed0,pgame,0,leg3_paralysed,top_k,2,5,976,1205.301025390625,976,1111.907958984375,26.98190400752333,8.233332727625843,
pgame_seed0,pgame,0,leg3_paralysed,top_k,2,6,8,1184.601318359375,976,1111.907958984375,26.98190400752333,8.233332727625843,
pgame_seed0,pgame,0,leg3_paralysed,top_k,2,7,183,1063.812744140625,976,1111.907958984375,26.98190400752333,8.233332727625843,
pgame_seed0,pgame,0,leg3_paralysed,top_k,2,8,997,1188.670166015625,976,1111.907958984375,26.98190400752333,8.233332727625843,
pgame_seed0,pgame,0,leg3_paralysed,top_k,2,9,277,1173.122314453125,976,1111.907958984375,26.98190400752333,8.233332727625843,
pgame_seed0,pgame,0,leg3_paralysed,top_k,2,10,879,1212.460205078125,879,1218.636474609375,81.10423116359537,24.748369151486543,
pgame_seed0,pgame,0,leg3_paralysed,top_k,2,11,69,1064.892333984375,879,1218.636474609375,81.10423116359537,24.748369151486543,
pgame_seed0,pgame,0,leg3_paralysed,top_k,2,12,930,1144.5081787109375,879,1218.636474609375,81.10423116359537,24.748369151486543,
pgame_seed0,pgame,0,leg3_paralysed,top_k,2,13,195,1171.335693359375,879,1218.636474609375,81.10423116359537,24.748369151486543,
pgame_seed0,pgame,0,leg3_paralysed,top_k,2,14,975,1079.09228515625,879,1218.636474609375,81.10423116359537,24.748369151486543,
pgame_seed0,pgame,0,leg3_paralysed,top_k,2,15,579,1175.40771484375,879,1218.636474609375,81.10423116359537,24.748369151486543,
pgame_seed0,pgame,0,leg3_paralysed,top_k,2,16,202,1086.778564453125,879,1218.636474609375,81.10423116359537,24.748369151486543,
pgame_seed0,pgame,0,leg3_paralysed,top_k,2,17,973,1076.53857421875,879,1218.636474609375,81.10423116359537,24.748369151486543,
pgame_seed0,pgame,0,leg3_paralysed,top_k,2,18,540,1119.5623779296875,879,1218.636474609375,81.10423116359537,24.748369151486543,
pgame_seed0,pgame,0,leg3_paralysed,top_k,2,19,342,1180.99072265625,879,1218.636474609375,81.10423116359537,24.748369151486543,
pgame_seed0,pgame,0,leg3_paralysed,top_k,2,20,466,1040.6923828125,879,1218.636474609375,81.10423116359537,24.748369151486543,
pgame_seed0,pgame,0,leg3_paralysed,top_k,3,1,884,1063.170654296875,884,1066.5948486328125,4.003499702498028,1.2216389590751842,
pgame_seed0,pgame,0,leg3_paralysed,top_k,3,2,1012,1074.239990234375,1012,1077.7431640625,9.656841467735688,2.9467152829405037,
pgame_seed0,pgame,0,leg3_paralysed,top_k,3,3,80,1094.13720703125,80,1112.221923828125,27.141116453132966,8.281915253110984,
pgame_seed0,pgame,0,leg3_paralysed,top_k,3,4,553,1219.388427734375,553,1164.74267578125,53.7745358635319,16.40891042806531,
pgame_seed0,pgame,0,leg3_paralysed,top_k,3,5,976,1158.2791748046875,553,1164.74267578125,53.7745358635319,16.40891042806531,
pgame_seed0,pgame,0,leg3_paralysed,top_k,3,6,8,1195.07373046875,553,1164.74267578125,53.7745358635319,16.40891042806531,
pgame_seed0,pgame,0,leg3_paralysed,top_k,3,7,183,1054.66064453125,553,1164.74267578125,53.7745358635319,16.40891042806531,
pgame_seed0,pgame,0,leg3_paralysed,top_k,3,8,997,1117.9560546875,553,1164.74267578125,53.7745358635319,16.40891042806531,
pgame_seed0,pgame,0,leg3_paralysed,top_k,3,9,277,1149.07421875,553,1164.74267578125,53.7745358635319,16.40891042806531,
pgame_seed0,pgame,0,leg3_paralysed,top_k,3,10,879,1222.1748046875,879,1218.636474609375,81.10423116359537,24.748369151486543,
pgame_seed0,pgame,0,leg3_paralysed,top_k,3,11,69,1093.507080078125,879,1218.636474609375,81.10423116359537,24.748369151486543,
pgame_seed0,pgame,0,leg3_paralysed,top_k,3,12,930,1237.14501953125,930,1168.52294921875,55.69152303913035,16.99386519059404,
pgame_seed0,pgame,0,leg3_paralysed,top_k,3,13,195,1174.079345703125,930,1168.52294921875,55.69152303913035,16.99386519059404,
pgame_seed0,pgame,0,leg3_paralysed,top_k,3,14,975,1098.797119140625,930,1168.52294921875,55.69152303913035,16.99386519059404,
pgame_seed0,pgame,0,leg3_paralysed,top_k,3,15,579,1300.3818359375,579,1203.4339599609375,73.3949936971185,22.395951133837183,
pgame_seed0,pgame,0,leg3_paralysed,top_k,3,16,202,1117.5640869140625,579,1203.4339599609375,73.3949936971185,22.395951133837183,
pgame_seed0,pgame,0,leg3_paralysed,top_k,3,17,973,1120.981689453125,579,1203.4339599609375,73.3949936971185,22.395951133837183,
pgame_seed0,pgame,0,leg3_paralysed,top_k,3,18,540,1148.111572265625,579,1203.4339599609375,73.3949936971185,22.395951133837183,
pgame_seed0,pgame,0,leg3_paralysed,top_k,3,19,342,1167.10009765625,579,1203.4339599609375,73.3949936971185,22.395951133837183,
pgame_seed0,pgame,0,leg3_paralysed,top_k,3,20,466,1173.7276611328125,579,1203.4339599609375,73.3949936971185,22.395951133837183,
pgame_seed0,pgame,0,leg3_paralysed,top_k,4,1,884,1069.3582763671875,884,1066.5948486328125,4.003499702498028,1.2216389590751842,
pgame_seed0,pgame,0,leg3_paralysed,top_k,4,2,1012,1068.0616455078125,884,1066.5948486328125,4.003499702498028,1.2216389590751842,
pgame_seed0,pgame,0,leg3_paralysed,top_k,4,3,80,1099.8941650390625,80,1112.221923828125,27.141116453132966,8.281915253110984,
pgame_seed0,pgame,0,leg3_paralysed,top_k,4,4,553,1160.57421875,553,1164.74267578125,53.7745358635319,16.40891042806531,
pgame_seed0,pgame,0,leg3_paralysed,top_k,4,5,976,1118.744873046875,553,1164.74267578125,53.7745358635319,16.40891042806531,
pgame_seed0,pgame,0,leg3_paralysed,top_k,4,6,8,1159.88330078125,553,1164.74267578125,53.7745358635319,16.40891042806531,
pgame_seed0,pgame,0,leg3_paralysed,top_k,4,7,183,1065.5958251953125,553,1164.74267578125,53.7745358635319,16.40891042806531,
pgame_seed0,pgame,0,leg3_paralysed,top_k,4,8,997,1195.03955078125,997,1145.902587890625,44.22067488744323,13.493618896834398,
pgame_seed0,pgame,0,leg3_paralysed,top_k,4,9,277,1047.0384521484375,997,1145.902587890625,44.22067488744323,13.493618896834398,
pgame_seed0,pgame,0,leg3_paralysed,top_k,4,10,879,1063.630859375,997,1145.902587890625,44.22067488744323,13.493618896834398,
pgame_seed0,pgame,0,leg3_paralysed,top_k,4,11,69,1213.1597900390625,69,1119.042236328125,30.599715893685687,9.337281840943751,
pgame_seed0,pgame,0,leg3_paralysed,top_k,4,12,930,1211.535400390625,69,1119.042236328125,30.599715893685687,9.337281840943751,
pgame_seed0,pgame,0,leg3_paralysed,top_k,4,13,195,1203.4534912109375,69,1119.042236328125,30.599715893685687,9.337281840943751,
pgame_seed0,pgame,0,leg3_paralysed,top_k,4,14,975,1161.1724853515625,69,1119.042236328125,30.599715893685687,9.337281840943751,
pgame_seed0,pgame,0,leg3_paralysed,top_k,4,15,579,1096.15576171875,69,1119.042236328125,30.599715893685687,9.337281840943751,
pgame_seed0,pgame,0,leg3_paralysed,top_k,4,16,202,1072.616943359375,69,1119.042236328125,30.599715893685687,9.337281840943751,
pgame_seed0,pgame,0,leg3_paralysed,top_k,4,17,973,1082.974365234375,69,1119.042236328125,30.599715893685687,9.337281840943751,
pgame_seed0,pgame,0,leg3_paralysed,top_k,4,18,540,1134.612548828125,69,1119.042236328125,30.599715893685687,9.337281840943751,
pgame_seed0,pgame,0,leg3_paralysed,top_k,4,19,342,1197.405517578125,69,1119.042236328125,30.599715893685687,9.337281840943751,
pgame_seed0,pgame,0,leg3_paralysed,top_k,4,20,466,1225.9434814453125,466,1193.23974609375,68.22547948821246,20.818511287107118,
pgame_seed0,pgame,0,leg3_paralysed,best_intact,0,1,884,1080.140625,884,1066.5948486328125,4.003499702498028,1.2216389590751842,
pgame_seed0,pgame,0,leg3_paralysed,best_intact,1,1,884,1066.59912109375,884,1066.5948486328125,4.003499702498028,1.2216389590751842,
pgame_seed0,pgame,0,leg3_paralysed,best_intact,2,1,884,1057.0205078125,884,1066.5948486328125,4.003499702498028,1.2216389590751842,
pgame_seed0,pgame,0,leg3_paralysed,best_intact,3,1,884,1056.38671875,884,1066.5948486328125,4.003499702498028,1.2216389590751842,
pgame_seed0,pgame,0,leg3_paralysed,best_intact,4,1,884,1071.4932861328125,884,1066.5948486328125,4.003499702498028,1.2216389590751842,
pgame_seed0,pgame,0,leg4_paralysed,ite,0,1,884,1386.3780517578125,884,1268.482666015625,55.588579079328134,32.46150618749084,3
pgame_seed0,pgame,0,leg4_paralysed,ite,0,2,1012,1252.93017578125,884,1268.482666015625,55.588579079328134,32.46150618749084,3
pgame_seed0,pgame,0,leg4_paralysed,ite,0,3,973,1102.6646728515625,884,1268.482666015625,55.588579079328134,32.46150618749084,3
pgame_seed0,pgame,0,leg4_paralysed,ite,0,4,1012,1197.58349609375,884,1268.482666015625,55.588579079328134,32.46150618749084,3
pgame_seed0,pgame,0,leg4_paralysed,ite,0,5,884,1223.69775390625,884,1268.482666015625,55.588579079328134,32.46150618749084,3
pgame_seed0,pgame,0,leg4_paralysed,ite,0,6,1012,1190.451904296875,884,1268.482666015625,55.588579079328134,32.46150618749084,3
pgame_seed0,pgame,0,leg4_paralysed,ite,0,7,884,1201.55859375,884,1268.482666015625,55.588579079328134,32.46150618749084,3
pgame_seed0,pgame,0,leg4_paralysed,ite,0,8,740,1098.9935302734375,884,1268.482666015625,55.588579079328134,32.46150618749084,3
pgame_seed0,pgame,0,leg4_paralysed,ite,0,9,1012,1214.41552734375,884,1268.482666015625,55.588579079328134,32.46150618749084,3
pgame_seed0,pgame,0,leg4_paralysed,ite,0,10,1012,1122.601318359375,884,1268.482666015625,55.588579079328134,32.46150618749084,3
pgame_seed0,pgame,0,leg4_paralysed,ite,0,11,771,994.3118896484375,884,1268.482666015625,55.588579079328134,32.46150618749084,3
pgame_seed0,pgame,0,leg4_paralysed,ite,0,12,884,1230.67333984375,884,1268.482666015625,55.588579079328134,32.46150618749084,3
pgame_seed0,pgame,0,leg4_paralysed,ite,0,13,884,1264.201171875,884,1268.482666015625,55.588579079328134,32.46150618749084,3
pgame_seed0,pgame,0,leg4_paralysed,ite,0,14,884,1332.5816650390625,884,1268.482666015625,55.588579079328134,32.46150618749084,3
pgame_seed0,pgame,0,leg4_paralysed,ite,0,15,884,1262.85693359375,884,1268.482666015625,55.588579079328134,32.46150618749084,3
pgame_seed0,pgame,0,leg4_paralysed,ite,0,16,884,1331.747314453125,884,1268.482666015625,55.588579079328134,32.46150618749084,3
pgame_seed0,pgame,0,leg4_paralysed,ite,0,17,884,1291.909423828125,884,1268.482666015625,55.588579079328134,32.46150618749084,3
pgame_seed0,pgame,0,leg4_paralysed,ite,0,18,884,1296.651611328125,884,1268.482666015625,55.588579079328134,32.46150618749084,3
pgame_seed0,pgame,0,leg4_paralysed,ite,0,19,884,1222.3837890625,884,1268.482666015625,55.588579079328134,32.46150618749084,3
pgame_seed0,pgame,0,leg4_paralysed,ite,0,20,884,1331.0830078125,884,1268.482666015625,55.588579079328134,32.46150618749084,3
pgame_seed0,pgame,0,leg4_paralysed,ite,1,1,884,1120.5643310546875,884,1268.482666015625,55.588579079328134,32.46150618749084,5
pgame_seed0,pgame,0,leg4_paralysed,ite,1,2,973,1140.2099609375,973,1118.335693359375,15.802370706887988,9.227952269595383,5
pgame_seed0,pgame,0,leg4_paralysed,ite,1,3,1012,1232.8359375,1012,1291.613037109375,61.717705413261555,36.04067075165364,5
pgame_seed0,pgame,0,leg4_paralysed,ite,1,4,740,1100.134033203125,1012,1291.613037109375,61.717705413261555,36.04067075165364,5
pgame_seed0,pgame,0,leg4_paralysed,ite,1,5,1012,1245.14208984375,1012,1291.613037109375,61.717705413261555,36.04067075165364,5
pgame_seed0,pgame,0,leg4_paralysed,ite,1,6,1012,1243.059326171875,1012,1291.613037109375,61.717705413261555,36.04067075165364,5
pgame_seed0,pgame,0,leg4_paralysed,ite,1,7,1012,1202.48876953125,1012,1291.613037109375,61.717705413261555,36.04067075165364,5
pgame_seed0,pgame,0,leg4_paralysed,ite,1,8,771,1002.03564453125,1012,1291.613037109375,61.717705413261555,36.04067075165364,5
pgame_seed0,pgame,0,leg4_paralysed,ite,1,9,1012,1407.572509765625,1012,1291.613037109375,61.717705413261555,36.04067075165364,5
pgame_seed0,pgame,0,leg4_paralysed,ite,1,10,1012,1215.49755859375,1012,1291.613037109375,61.717705413261555,36.04067075165364,5
pgame_seed0,pgame,0,leg4_paralysed,ite,1,11,1012,1195.5157470703125,1012,1291.613037109375,61.717705413261555,36.04067075165364,5
pgame_seed0,pgame,0,leg4_paralysed,ite,1,12,1012,1229.0189208984375,1012,1291.613037109375,61.717705413261555,36.04067075165364,5
pgame_seed0,pgame,0,leg4_paralysed,ite,1,13,1012,1364.093017578125,1012,1291.613037109375,61.717705413261555,36.04067075165364,5
pgame_seed0,pgame,0,leg4_paralysed,ite,1,14,1012,1226.1151123046875,1012,1291.613037109375,61.717705413261555,36.04067075165364,5
pgame_seed0,pgame,0,leg4_paralysed,ite,1,15,1012,1202.417724609375,1012,1291.613037109375,61.717705413261555,36.04067075165364,5
pgame_seed0,pgame,0,leg4_paralysed,ite,1,16,1012,1296.4066162109375,1012,1291.613037109375,61.717705413261555,36.04067075165364,5
pgame_seed0,pgame,0,leg4_paralysed,ite,1,17,1012,1222.339111328125,1012,1291.613037109375,61.717705413261555,36.04067075165364,5
pgame_seed0,pgame,0,leg4_paralysed,ite,1,18,1012,1241.004150390625,1012,1291.613037109375,61.717705413261555,36.04067075165364,5
pgame_seed0,pgame,0,leg4_paralysed,ite,1,19,1012,1313.7548828125,1012,1291.613037109375,61.717705413261555,36.04067075165364,5
pgame_seed0,pgame,0,leg4_paralysed,ite,1,20,1012,1302.939453125,1012,1291.613037109375,61.717705413261555,36.04067075165364,5
pgame_seed0,pgame,0,leg4_paralysed,ite,2,1,884,1225.6962890625,884,1268.482666015625,55.588579079328134,32.46150618749084,5
pgame_seed0,pgame,0,leg4_paralysed,ite,2,2,973,1107.9232177734375,884,1268.482666015625,55.588579079328134,32.46150618749084,5
pgame_seed0,pgame,0,leg4_paralysed,ite,2,3,1012,1243.5263671875,1012,1291.613037109375,61.717705413261555,36.04067075165364,5
pgame_seed0,pgame,0,leg4_paralysed,ite,2,4,1012,1278.22021484375,1012,1291.613037109375,61.717705413261555,36.04067075165364,5
pgame_seed0,pgame,0,leg4_paralysed,ite,2,5,1012,1263.114990234375,1012,1291.613037109375,61.717705413261555,36.04067075165364,5
pgame_seed0,pgame,0,leg4_paralysed,ite,2,6,1012,1245.432861328125,1012,1291.613037109375,61.717705413261555,36.04067075165364,5
pgame_seed0,pgame,0,leg4_paralysed,ite,2,7,1012,1268.856689453125,1012,1291.613037109375,61.717705413261555,36.04067075165364,5
pgame_seed0,pgame,0,leg4_paralysed,ite,2,8,1012,1337.4256591796875,1012,1291.613037109375,61.717705413261555,36.04067075165364,5
pgame_seed0,pgame,0,leg4_paralysed,ite,2,9,1012,1336.224853515625,1012,1291.613037109375,61.717705413261555,36.04067075165364,5
pgame_seed0,pgame,0,leg4_paralysed,ite,2,10,1012,1312.6337890625,1012,1291.613037109375,61.717705413261555,36.04067075165364,5
pgame_seed0,pgame,0,leg4_paralysed,ite,2,11,1012,1238.646728515625,1012,1291.613037109375,61.717705413261555,36.04067075165364,5
pgame_seed0,pgame,0,leg4_paralysed,ite,2,12,1012,1250.960693359375,1012,1291.613037109375,61.717705413261555,36.04067075165364,5
pgame_seed0,pgame,0,leg4_paralysed,ite,2,13,1012,1272.927490234375,1012,1291.613037109375,61.717705413261555,36.04067075165364,5
pgame_seed0,pgame,0,leg4_paralysed,ite,2,14,1012,1248.1416015625,1012,1291.613037109375,61.717705413261555,36.04067075165364,5
pgame_seed0,pgame,0,leg4_paralysed,ite,2,15,1012,1254.694580078125,1012,1291.613037109375,61.717705413261555,36.04067075165364,5
pgame_seed0,pgame,0,leg4_paralysed,ite,2,16,1012,1232.9061279296875,1012,1291.613037109375,61.717705413261555,36.04067075165364,5
pgame_seed0,pgame,0,leg4_paralysed,ite,2,17,1012,1264.9412841796875,1012,1291.613037109375,61.717705413261555,36.04067075165364,5
pgame_seed0,pgame,0,leg4_paralysed,ite,2,18,1012,1316.806396484375,1012,1291.613037109375,61.717705413261555,36.04067075165364,5
pgame_seed0,pgame,0,leg4_paralysed,ite,2,19,1012,1216.477294921875,1012,1291.613037109375,61.717705413261555,36.04067075165364,5
pgame_seed0,pgame,0,leg4_paralysed,ite,2,20,1012,1290.608154296875,1012,1291.613037109375,61.717705413261555,36.04067075165364,5
pgame_seed0,pgame,0,leg4_paralysed,ite,3,1,884,1355.48681640625,884,1268.482666015625,55.588579079328134,32.46150618749084,3
pgame_seed0,pgame,0,leg4_paralysed,ite,3,2,1012,1251.2606201171875,884,1268.482666015625,55.588579079328134,32.46150618749084,3
pgame_seed0,pgame,0,leg4_paralysed,ite,3,3,973,1122.91796875,884,1268.482666015625,55.588579079328134,32.46150618749084,3
pgame_seed0,pgame,0,leg4_paralysed,ite,3,4,1012,1238.9329833984375,884,1268.482666015625,55.588579079328134,32.46150618749084,3
pgame_seed0,pgame,0,leg4_paralysed,ite,3,5,1012,1289.844970703125,884,1268.482666015625,55.588579079328134,32.46150618749084,3
pgame_seed0,pgame,0,leg4_paralysed,ite,3,6,884,1392.04833984375,884,1268.482666015625,55.588579079328134,32.46150618749084,3
pgame_seed0,pgame,0,leg4_paralysed,ite,3,7,884,1338.3675537109375,884,1268.482666015625,55.588579079328134,32.46150618749084,3
pgame_seed0,pgame,0,leg4_paralysed,ite,3,8,884,1293.434814453125,884,1268.482666015625,55.588579079328134,32.46150618749084,3
pgame_seed0,pgame,0,leg4_paralysed,ite,3,9,884,1208.660888671875,884,1268.482666015625,55.588579079328134,32.46150618749084,3
pgame_seed0,pgame,0,leg4_paralysed,ite,3,10,1012,1295.1590576171875,884,1268.482666015625,55.588579079328134,32.46150618749084,3
pgame_seed0,pgame,0,leg4_paralysed,ite,3,11,1012,1073.926025390625,884,1268.482666015625,55.588579079328134,32.46150618749084,3
pgame_seed0,pgame,0,leg4_paralysed,ite,3,12,884,1244.99267578125,884,1268.482666015625,55.588579079328134,32.46150618749084,3
pgame_seed0,pgame,0,leg4_paralysed,ite,3,13,884,1283.052978515625,884,1268.482666015625,55.588579079328134,32.46150618749084,3
pgame_seed0,pgame,0,leg4_paralysed,ite,3,14,884,1344.08251953125,884,1268.482666015625,55.588579079328134,32.46150618749084,3
pgame_seed0,pgame,0,leg4_paralysed,ite,3,15,884,1307.718505859375,884,1268.482666015625,55.588579079328134,32.46150618749084,3
pgame_seed0,pgame,0,leg4_paralysed,ite,3,16,884,1213.8118896484375,884,1268.482666015625,55.588579079328134,32.46150618749084,3
pgame_seed0,pgame,0,leg4_paralysed,ite,3,17,884,1298.76708984375,884,1268.482666015625,55.588579079328134,32.46150618749084,3
pgame_seed0,pgame,0,leg4_paralysed,ite,3,18,884,1211.6405029296875,884,1268.482666015625,55.588579079328134,32.46150618749084,3
pgame_seed0,pgame,0,leg4_paralysed,ite,3,19,884,1282.846435546875,884,1268.482666015625,55.588579079328134,32.46150618749084,3
pgame_seed0,pgame,0,leg4_paralysed,ite,3,20,884,1371.777099609375,884,1268.482666015625,55.588579079328134,32.46150618749084,3
pgame_seed0,pgame,0,leg4_paralysed,ite,4,1,884,1353.532958984375,884,1268.482666015625,55.588579079328134,32.46150618749084,4
pgame_seed0,pgame,0,leg4_paralysed,ite,4,2,1012,1296.515625,884,1268.482666015625,55.588579079328134,32.46150618749084,4
pgame_seed0,pgame,0,leg4_paralysed,ite,4,3,973,1132.3216552734375,884,1268.482666015625,55.588579079328134,32.46150618749084,4
pgame_seed0,pgame,0,leg4_paralysed,ite,4,4,1012,1289.396728515625,884,1268.482666015625,55.588579079328134,32.46150618749084,4
pgame_seed0,pgame,0,leg4_paralysed,ite,4,5,1012,1224.850830078125,884,1268.482666015625,55.588579079328134,32.46150618749084,4
pgame_seed0,pgame,0,leg4_paralysed,ite,4,6,1012,1250.353759765625,884,1268.482666015625,55.588579079328134,32.46150618749084,4
pgame_seed0,pgame,0,leg4_paralysed,ite,4,7,884,1328.5281982421875,884,1268.482666015625,55.588579079328134,32.46150618749084,4
pgame_seed0,pgame,0,leg4_paralysed,ite,4,8,884,1288.938720703125,884,1268.482666015625,55.588579079328134,32.46150618749084,4
pgame_seed0,pgame,0,leg4_paralysed,ite,4,9,884,1287.828369140625,884,1268.482666015625,55.588579079328134,32.46150618749084,4
pgame_seed0,pgame,0,leg4_paralysed,ite,4,10,884,1257.1357421875,884,1268.482666015625,55.588579079328134,32.46150618749084,4
pgame_seed0,pgame,0,leg4_paralysed,ite,4,11,1012,1288.9090576171875,884,1268.482666015625,55.588579079328134,32.46150618749084,4
pgame_seed0,pgame,0,leg4_paralysed,ite,4,12,1012,1224.70947265625,884,1268.482666015625,55.588579079328134,32.46150618749084,4
pgame_seed0,pgame,0,leg4_paralysed,ite,4,13,884,1373.474365234375,884,1268.482666015625,55.588579079328134,32.46150618749084,4
pgame_seed0,pgame,0,leg4_paralysed,ite,4,14,884,1243.5406494140625,884,1268.482666015625,55.588579079328134,32.46150618749084,4
pgame_seed0,pgame,0,leg4_paralysed,ite,4,15,884,1226.361572265625,884,1268.482666015625,55.588579079328134,32.46150618749084,4
pgame_seed0,pgame,0,leg4_paralysed,ite,4,16,884,1308.382568359375,884,1268.482666015625,55.588579079328134,32.46150618749084,4
pgame_seed0,pgame,0,leg4_paralysed,ite,4,17,884,1226.7271728515625,884,1268.482666015625,55.588579079328134,32.46150618749084,4
pgame_seed0,pgame,0,leg4_paralysed,ite,4,18,1012,1346.697265625,884,1268.482666015625,55.588579079328134,32.46150618749084,4
pgame_seed0,pgame,0,leg4_paralysed,ite,4,19,1012,1237.1329345703125,884,1268.482666015625,55.588579079328134,32.46150618749084,4
pgame_seed0,pgame,0,leg4_paralysed,ite,4,20,1012,1183.840087890625,884,1268.482666015625,55.588579079328134,32.46150618749084,4
pgame_seed0,pgame,0,leg4_paralysed,top_k,0,1,884,1179.2569580078125,884,1268.482666015625,55.588579079328134,32.46150618749084,
pgame_seed0,pgame,0,leg4_paralysed,top_k,0,2,1012,1299.754150390625,1012,1291.613037109375,61.717705413261555,36.04067075165364,
pgame_seed0,pgame,0,leg4_paralysed,top_k,0,3,80,1363.336669921875,80,1299.777099609375,63.88103302516266,37.303967526321735,
pgame_seed0,pgame,0,leg4_paralysed,top_k,0,4,553,1478.550048828125,553,1418.27783203125,95.28156511059753,55.640621987793686,
pgame_seed0,pgame,0,leg4_paralysed,top_k,0,5,976,1267.856201171875,553,1418.27783203125,95.28156511059753,55.640621987793686,
pgame_seed0,pgame,0,leg4_paralysed,top_k,0,6,8,1329.3428955078125,553,1418.27783203125,95.28156511059753,55.640621987793686,
pgame_seed0,pgame,0,leg4_paralysed,top_k,0,7,183,1325.47607421875,553,1418.27783203125,95.28156511059753,55.640621987793686,
pgame_seed0,pgame,0,leg4_paralysed,top_k,0,8,997,1325.6593017578125,553,1418.27783203125,95.28156511059753,55.640621987793686,
pgame_seed0,pgame,0,leg4_paralysed,top_k,0,9,277,1248.0247802734375,553,1418.27783203125,95.28156511059753,55.640621987793686,
pgame_seed0,pgame,0,leg4_paralysed,top_k,0,10,879,1224.1051025390625,553,1418.27783203125,95.28156511059753,55.640621987793686,
pgame_seed0,pgame,0,leg4_paralysed,top_k,0,11,69,1410.358642578125,553,1418.27783203125,95.28156511059753,55.640621987793686,
pgame_seed0,pgame,0,leg4_paralysed,top_k,0,12,930,1273.1456298828125,553,1418.27783203125,95.28156511059753,55.640621987793686,
pgame_seed0,pgame,0,leg4_paralysed,top_k,0,13,195,1220.6900634765625,553,1418.27783203125,95.28156511059753,55.640621987793686,
pgame_seed0,pgame,0,leg4_paralysed,top_k,0,14,975,1285.938232421875,553,1418.27783203125,95.28156511059753,55.640621987793686,
pgame_seed0,pgame,0,leg4_paralysed,top_k,0,15,579,1214.852294921875,553,1418.27783203125,95.28156511059753,55.640621987793686,
pgame_seed0,pgame,0,leg4_paralysed,top_k,0,16,202,1342.852294921875,553,1418.27783203125,95.28156511059753,55.640621987793686,
pgame_seed0,pgame,0,leg4_paralysed,top_k,0,17,973,1131.1361083984375,553,1418.27783203125,95.28156511059753,55.640621987793686,
pgame_seed0,pgame,0,leg4_paralysed,top_k,0,18,540,1272.9481201171875,553,1418.27783203125,95.28156511059753,55.640621987793686,
pgame_seed0,pgame,0,leg4_paralysed,top_k,0,19,342,1174.247314453125,553,1418.27783203125,95.28156511059753,55.640621987793686,
pgame_seed0,pgame,0,leg4_paralysed,top_k,0,20,466,1281.0687255859375,553,1418.27783203125,95.28156511059753,55.640621987793686,
pgame_seed0,pgame,0,leg4_paralysed,top_k,1,1,884,1344.0091552734375,884,1268.482666015625,55.588579079328134,32.46150618749084,
pgame_seed0,pgame,0,leg4_paralysed,top_k,1,2,1012,1210.201904296875,884,1268.482666015625,55.588579079328134,32.46150618749084,
pgame_seed0,pgame,0,leg4_paralysed,top_k,1,3,80,1115.6490478515625,884,1268.482666015625,55.588579079328134,32.46150618749084,
pgame_seed0,pgame,0,leg4_paralysed,top_k,1,4,553,1413.76025390625,553,1418.27783203125,95.28156511059753,55.640621987793686,
pgame_seed0,pgame,0,leg4_paralysed,top_k,1,5,976,1307.6021728515625,553,1418.27783203125,95.28156511059753,55.640621987793686,
pgame_seed0,pgame,0,leg4_paralysed,top_k,1,6,8,1308.027587890625,553,1418.27783203125,95.28156511059753,55.640621987793686,
pgame_seed0,pgame,0,leg4_paralysed,top_k,1,7,183,1306.3759765625,553,1418.27783203125,95.28156511059753,55.640621987793686,
pgame_seed0,pgame,0,leg4_paralysed,top_k,1,8,997,1267.949951171875,553,1418.27783203125,95.28156511059753,55.640621987793686,
pgame_seed0,pgame,0,leg4_paralysed,top_k,1,9,277,1502.600830078125,277,1354.455810546875,78.3698938287457,45.76488256345582,
pgame_seed0,pgame,0,leg4_paralysed,top_k,1,10,879,1290.744384765625,277,1354.455810546875,78.3698938287457,45.76488256345582,
pgame_seed0,pgame,0,leg4_paralysed,top_k,1,11,69,1472.414306640625,277,1354.455810546875,78.3698938287457,45.76488256345582,
pgame_seed0,pgame,0,leg4_paralysed,top_k,1,12,930,1249.1171875,277,1354.455810546875,78.3698938287457,45.76488256345582,
pgame_seed0,pgame,0,leg4_paralysed,top_k,1,13,195,1255.0091552734375,277,1354.455810546875,78.3698938287457,45.76488256345582,
pgame_seed0,pgame,0,leg4_paralysed,top_k,1,14,975,1271.135498046875,277,1354.455810546875,78.3698938287457,45.76488256345582,
pgame_seed0,pgame,0,leg4_paralysed,top_k,1,15,579,1261.461669921875,277,1354.455810546875,78.3698938287457,45.76488256345582,
pgame_seed0,pgame,0,leg4_paralysed,top_k,1,16,202,1338.2861328125,277,1354.455810546875,78.3698938287457,45.76488256345582,
pgame_seed0,pgame,0,leg4_paralysed,top_k,1,17,973,1113.2064208984375,277,1354.455810546875,78.3698938287457,45.76488256345582,
pgame_seed0,pgame,0,leg4_paralysed,top_k,1,18,540,1231.8349609375,277,1354.455810546875,78.3698938287457,45.76488256345582,
pgame_seed0,pgame,0,leg4_paralysed,top_k,1,19,342,1249.8553466796875,277,1354.455810546875,78.3698938287457,45.76488256345582,
pgame_seed0,pgame,0,leg4_paralysed,top_k,1,20,466,1244.935302734375,277,1354.455810546875,78.3698938287457,45.76488256345582,
pgame_seed0,pgame,0,leg4_paralysed,top_k,2,1,884,1243.231201171875,884,1268.482666015625,55.588579079328134,32.46150618749084,
pgame_seed0,pgame,0,leg4_paralysed,top_k,2,2,1012,1275.785888671875,1012,1291.613037109375,61.717705413261555,36.04067075165364,
pgame_seed0,pgame,0,leg4_paralysed,top_k,2,3,80,1406.47119140625,80,1299.777099609375,63.88103302516266,37.303967526321735,
pgame_seed0,pgame,0,leg4_paralysed,top_k,2,4,553,1395.75390625,80,1299.777099609375,63.88103302516266,37.303967526321735,
pgame_seed0,pgame,0,leg4_paralysed,top_k,2,5,976,1261.83349609375,80,1299.777099609375,63.88103302516266,37.303967526321735,
pgame_seed0,pgame,0,leg4_paralysed,top_k,2,6,8,1262.2646484375,80,1299.777099609375,63.88103302516266,37.303967526321735,
pgame_seed0,pgame,0,leg4_paralysed,top_k,2,7,183,1267.921630859375,80,1299.777099609375,63.88103302516266,37.303967526321735,
pgame_seed0,pgame,0,leg4_paralysed,top_k,2,8,997,1377.6318359375,80,1299.777099609375,63.88103302516266,37.303967526321735,
pgame_seed0,pgame,0,leg4_paralysed,top_k,2,9,277,1365.74072265625,80,1299.777099609375,63.88103302516266,37.303967526321735,
pgame_seed0,pgame,0,leg4_paralysed,top_k,2,10,879,1198.56298828125,80,1299.777099609375,63.88103302516266,37.303967526321735,
pgame_seed0,pgame,0,leg4_paralysed,top_k,2,11,69,1403.813232421875,80,1299.777099609375,63.88103302516266,37.303967526321735,
pgame_seed0,pgame,0,leg4_paralysed,top_k,2,12,930,1273.80908203125,80,1299.777099609375,63.88103302516266,37.303967526321735,
pgame_seed0,pgame,0,leg4_paralysed,top_k,2,13,195,1290.031494140625,80,1299.777099609375,63.88103302516266,37.303967526321735,
pgame_seed0,pgame,0,leg4_paralysed,top_k,2,14,975,1333.998291015625,80,1299.777099609375,63.88103302516266,37.303967526321735,
pgame_seed0,pgame,0,leg4_paralysed,top_k,2,15,579,1292.454345703125,80,1299.777099609375,63.88103302516266,37.303967526321735,
pgame_seed0,pgame,0,leg4_paralysed,top_k,2,16,202,1324.4451904296875,80,1299.777099609375,63.88103302516266,37.303967526321735,
pgame_seed0,pgame,0,leg4_paralysed,top_k,2,17,973,1109.4105224609375,80,1299.777099609375,63.88103302516266,37.303967526321735,
pgame_seed0,pgame,0,leg4_paralysed,top_k,2,18,540,1217.05419921875,80,1299.777099609375,63.88103302516266,37.303967526321735,
pgame_seed0,pgame,0,leg4_paralysed,top_k,2,19,342,1241.671630859375,80,1299.777099609375,63.88103302516266,37.303967526321735,
pgame_seed0,pgame,0,leg4_paralysed,top_k,2,20,466,1253.8402099609375,80,1299.777099609375,63.88103302516266,37.303967526321735,
pgame_seed0,pgame,0,leg4_paralysed,top_k,3,1,884,1276.695556640625,884,1268.482666015625,55.588579079328134,32.46150618749084,
pgame_seed0,pgame,0,leg4_paralysed,top_k,3,2,1012,1223.7587890625,884,1268.482666015625,55.588579079328134,32.46150618749084,
pgame_seed0,pgame,0,leg4_paralysed,top_k,3,3,80,1405.193603515625,80,1299.777099609375,63.88103302516266,37.303967526321735,
pgame_seed0,pgame,0,leg4_paralysed,top_k,3,4,553,1402.2554931640625,80,1299.777099609375,63.88103302516266,37.303967526321735,
pgame_seed0,pgame,0,leg4_paralysed,top_k,3,5,976,1331.09619140625,80,1299.777099609375,63.88103302516266,37.303967526321735,
pgame_seed0,pgame,0,leg4_paralysed,top_k,3,6,8,1316.654541015625,80,1299.777099609375,63.88103302516266,37.303967526321735,
pgame_seed0,pgame,0,leg4_paralysed,top_k,3,7,183,1138.6649169921875,80,1299.777099609375,63.88103302516266,37.303967526321735,
pgame_seed0,pgame,0,leg4_paralysed,top_k,3,8,997,1275.503662109375,80,1299.777099609375,63.88103302516266,37.303967526321735,
pgame_seed0,pgame,0,leg4_paralysed,top_k,3,9,277,1382.60205078125,80,1299.777099609375,63.88103302516266,37.303967526321735,
pgame_seed0,pgame,0,leg4_paralysed,top_k,3,10,879,1271.482421875,80,1299.777099609375,63.88103302516266,37.303967526321735,
pgame_seed0,pgame,0,leg4_paralysed,top_k,3,11,69,1317.561279296875,80,1299.777099609375,63.88103302516266,37.303967526321735,
pgame_seed0,pgame,0,leg4_paralysed,top_k,3,12,930,1199.069580078125,80,1299.777099609375,63.88103302516266,37.303967526321735,
pgame_seed0,pgame,0,leg4_paralysed,top_k,3,13,195,1236.8427734375,80,1299.777099609375,63.88103302516266,37.303967526321735,
pgame_seed0,pgame,0,leg4_paralysed,top_k,3,14,975,1322.925537109375,80,1299.777099609375,63.88103302516266,37.303967526321735,
pgame_seed0,pgame,0,leg4_paralysed,top_k,3,15,579,1227.6888427734375,80,1299.777099609375,63.88103302516266,37.303967526321735,
pgame_seed0,pgame,0,leg4_paralysed,top_k,3,16,202,1385.923095703125,80,1299.777099609375,63.88103302516266,37.303967526321735,
pgame_seed0,pgame,0,leg4_paralysed,top_k,3,17,973,1121.177978515625,80,1299.777099609375,63.88103302516266,37.303967526321735,
pgame_seed0,pgame,0,leg4_paralysed,top_k,3,18,540,1255.0535888671875,80,1299.777099609375,63.88103302516266,37.303967526321735,
pgame_seed0,pgame,0,leg4_paralysed,top_k,3,19,342,1224.342529296875,80,1299.777099609375,63.88103302516266,37.303967526321735,
pgame_seed0,pgame,0,leg4_paralysed,top_k,3,20,466,1249.1407470703125,80,1299.777099609375,63.88103302516266,37.303967526321735,
pgame_seed0,pgame,0,leg4_paralysed,top_k,4,1,884,1324.6038818359375,884,1268.482666015625,55.588579079328134,32.46150618749084,
pgame_seed0,pgame,0,leg4_paralysed,top_k,4,2,1012,1241.688720703125,884,1268.482666015625,55.588579079328134,32.46150618749084,
pgame_seed0,pgame,0,leg4_paralysed,top_k,4,3,80,1320.456298828125,884,1268.482666015625,55.588579079328134,32.46150618749084,
pgame_seed0,pgame,0,leg4_paralysed,top_k,4,4,553,1487.957275390625,553,1418.27783203125,95.28156511059753,55.640621987793686,
pgame_seed0,pgame,0,leg4_paralysed,top_k,4,5,976,1372.11572265625,553,1418.27783203125,95.28156511059753,55.640621987793686,
pgame_seed0,pgame,0,leg4_paralysed,top_k,4,6,8,1336.52734375,553,1418.27783203125,95.28156511059753,55.640621987793686,
pgame_seed0,pgame,0,leg4_paralysed,top_k,4,7,183,1147.9810791015625,553,1418.27783203125,95.28156511059753,55.640621987793686,
pgame_seed0,pgame,0,leg4_paralysed,top_k,4,8,997,1215.2078857421875,553,1418.27783203125,95.28156511059753,55.640621987793686,
pgame_seed0,pgame,0,leg4_paralysed,top_k,4,9,277,1459.431640625,553,1418.27783203125,95.28156511059753,55.640621987793686,
pgame_seed0,pgame,0,leg4_paralysed,top_k,4,10,879,1262.21044921875,553,1418.27783203125,95.28156511059753,55.640621987793686,
pgame_seed0,pgame,0,leg4_paralysed,top_k,4,11,69,1443.968994140625,553,1418.27783203125,95.28156511059753,55.640621987793686,
pgame_seed0,pgame,0,leg4_paralysed,top_k,4,12,930,1260.6376953125,553,1418.27783203125,95.28156511059753,55.640621987793686,
pgame_seed0,pgame,0,leg4_paralysed,top_k,4,13,195,1202.681884765625,553,1418.27783203125,95.28156511059753,55.640621987793686,
pgame_seed0,pgame,0,leg4_paralysed,top_k,4,14,975,1375.0655517578125,553,1418.27783203125,95.28156511059753,55.640621987793686,
pgame_seed0,pgame,0,leg4_paralysed,top_k,4,15,579,1167.369384765625,553,1418.27783203125,95.28156511059753,55.640621987793686,
pgame_seed0,pgame,0,leg4_paralysed,top_k,4,16,202,1308.8155517578125,553,1418.27783203125,95.28156511059753,55.640621987793686,
pgame_seed0,pgame,0,leg4_paralysed,top_k,4,17,973,1124.2281494140625,553,1418.27783203125,95.28156511059753,55.640621987793686,
pgame_seed0,pgame,0,leg4_paralysed,top_k,4,18,540,1259.615234375,553,1418.27783203125,95.28156511059753,55.640621987793686,
pgame_seed0,pgame,0,leg4_paralysed,top_k,4,19,342,1261.425048828125,553,1418.27783203125,95.28156511059753,55.640621987793686,
pgame_seed0,pgame,0,leg4_paralysed,top_k,4,20,466,1259.0889892578125,553,1418.27783203125,95.28156511059753,55.640621987793686,
pgame_seed0,pgame,0,leg4_paralysed,best_intact,0,1,884,1161.644287109375,884,1268.482666015625,55.588579079328134,32.46150618749084,
pgame_seed0,pgame,0,leg4_paralysed,best_intact,1,1,884,1151.65478515625,884,1268.482666015625,55.588579079328134,32.46150618749084,
pgame_seed0,pgame,0,leg4_paralysed,best_intact,2,1,884,1302.984619140625,884,1268.482666015625,55.588579079328134,32.46150618749084,
pgame_seed0,pgame,0,leg4_paralysed,best_intact,3,1,884,1274.050537109375,884,1268.482666015625,55.588579079328134,32.46150618749084,
pgame_seed0,pgame,0,leg4_paralysed,best_intact,4,1,884,1246.3983154296875,884,1268.482666015625,55.588579079328134,32.46150618749084,
pgame_seed0,pgame,0,leg1_weak,ite,0,1,884,1553.51025390625,884,1484.6719970703125,77.19243828078103,65.91437167437785,2
pgame_seed0,pgame,0,leg1_weak,ite,0,2,884,1494.503173828125,884,1484.6719970703125,77.19243828078103,65.91437167437785,2
pgame_seed0,pgame,0,leg1_weak,ite,0,3,1012,1498.73828125,884,1484.6719970703125,77.19243828078103,65.91437167437785,2
pgame_seed0,pgame,0,leg1_weak,ite,0,4,884,1578.1630859375,884,1484.6719970703125,77.19243828078103,65.91437167437785,2
pgame_seed0,pgame,0,leg1_weak,ite,0,5,884,1430.449462890625,884,1484.6719970703125,77.19243828078103,65.91437167437785,2
pgame_seed0,pgame,0,leg1_weak,ite,0,6,884,1531.0791015625,884,1484.6719970703125,77.19243828078103,65.91437167437785,2
pgame_seed0,pgame,0,leg1_weak,ite,0,7,884,1514.751220703125,884,1484.6719970703125,77.19243828078103,65.91437167437785,2
pgame_seed0,pgame,0,leg1_weak,ite,0,8,884,1534.3203125,884,1484.6719970703125,77.19243828078103,65.91437167437785,2
pgame_seed0,pgame,0,leg1_weak,ite,0,9,884,1555.9306640625,884,1484.6719970703125,77.19243828078103,65.91437167437785,2
pgame_seed0,pgame,0,leg1_weak,ite,0,10,884,1511.0302734375,884,1484.6719970703125,77.19243828078103,65.91437167437785,2
pgame_seed0,pgame,0,leg1_weak,ite,0,11,884,1497.81787109375,884,1484.6719970703125,77.19243828078103,65.91437167437785,2
pgame_seed0,pgame,0,leg1_weak,ite,0,12,884,1500.2835693359375,884,1484.6719970703125,77.19243828078103,65.91437167437785,2
pgame_seed0,pgame,0,leg1_weak,ite,0,13,884,1467.6251220703125,884,1484.6719970703125,77.19243828078103,65.91437167437785,2
pgame_seed0,pgame,0,leg1_weak,ite,0,14,884,1535.263916015625,884,1484.6719970703125,77.19243828078103,65.91437167437785,2
pgame_seed0,pgame,0,leg1_weak,ite,0,15,884,1498.9638671875,884,1484.6719970703125,77.19243828078103,65.91437167437785,2
pgame_seed0,pgame,0,leg1_weak,ite,0,16,884,1580.9384765625,884,1484.6719970703125,77.19243828078103,65.91437167437785,2
pgame_seed0,pgame,0,leg1_weak,ite,0,17,884,1516.90185546875,884,1484.6719970703125,77.19243828078103,65.91437167437785,2
pgame_seed0,pgame,0,leg1_weak,ite,0,18,884,1468.96533203125,884,1484.6719970703125,77.19243828078103,65.91437167437785,2
pgame_seed0,pgame,0,leg1_weak,ite,0,19,884,1452.9564208984375,884,1484.6719970703125,77.19243828078103,65.91437167437785,2
pgame_seed0,pgame,0,leg1_weak,ite,0,20,884,1515.930908203125,884,1484.6719970703125,77.19243828078103,65.91437167437785,2
pgame_seed0,pgame,0,leg1_weak,ite,1,1,884,1462.232666015625,884,1484.6719970703125,77.19243828078103,65.91437167437785,2
pgame_seed0,pgame,0,leg1_weak,ite,1,2,1012,1552.1685791015625,1012,1549.330322265625,88.90948496766447,75.91951968429065,2
pgame_seed0,pgame,0,leg1_weak,ite,1,3,1012,1553.464111328125,1012,1549.330322265625,88.90948496766447,75.91951968429065,2
pgame_seed0,pgame,0,leg1_weak,ite,1,4,1012,1500.24169921875,1012,1549.330322265625,88.90948496766447,75.91951968429065,2
pgame_seed0,pgame,0,leg1_weak,ite,1,5,884,1451.754638671875,1012,1549.330322265625,88.90948496766447,75.91951968429065,2
pgame_seed0,pgame,0,leg1_weak,ite,1,6,1012,1512.2998046875,1012,1549.330322265625,88.90948496766447,75.91951968429065,2
pgame_seed0,pgame,0,leg1_weak,ite,1,7,1012,1548.1510009765625,1012,1549.330322265625,88.90948496766447,75.91951968429065,2
pgame_seed0,pgame,0,leg1_weak,ite,1,8,1012,1486.011962890625,1012,1549.330322265625,88.90948496766447,75.91951968429065,2
pgame_seed0,pgame,0,leg1_weak,ite,1,9,1012,1435.3489990234375,1012,1549.330322265625,88.90948496766447,75.91951968429065,2
pgame_seed0,pgame,0,leg1_weak,ite,1,10,1012,1449.5465087890625,1012,1549.330322265625,88.90948496766447,75.91951968429065,2
pgame_seed0,pgame,0,leg1_weak,ite,1,11,1012,1549.971923828125,1012,1549.330322265625,88.90948496766447,75.91951968429065,2
pgame_seed0,pgame,0,leg1_weak,ite,1,12,1012,1511.10791015625,1012,1549.330322265625,88.90948496766447,75.91951968429065,2
pgame_seed0,pgame,0,leg1_weak,ite,1,13,1012,1511.5379638671875,1012,1549.330322265625,88.90948496766447,75.91951968429065,2
pgame_seed0,pgame,0,leg1_weak,ite,1,14,1012,1592.071533203125,1012,1549.330322265625,88.90948496766447,75.91951968429065,2
pgame_seed0,pgame,0,leg1_weak,ite,1,15,1012,1466.746337890625,1012,1549.330322265625,88.90948496766447,75.91951968429065,2
pgame_seed0,pgame,0,leg1_weak,ite,1,16,1012,1531.387939453125,1012,1549.330322265625,88.90948496766447,75.91951968429065,2
pgame_seed0,pgame,0,leg1_weak,ite,1,17,1012,1526.8583984375,1012,1549.330322265625,88.90948496766447,75.91951968429065,2
pgame_seed0,pgame,0,leg1_weak,ite,1,18,1012,1463.8148193359375,1012,1549.330322265625,88.90948496766447,75.91951968429065,2
pgame_seed0,pgame,0,leg1_weak,ite,1,19,1012,1574.94580078125,1012,1549.330322265625,88.90948496766447,75.91951968429065,2
pgame_seed0,pgame,0,leg1_weak,ite,1,20,1012,1629.75,1012,1549.330322265625,88.90948496766447,75.91951968429065,2
pgame_seed0,pgame,0,leg1_weak,ite,2,1,884,1608.041015625,884,1484.6719970703125,77.19243828078103,65.91437167437785,1
pgame_seed0,pgame,0,leg1_weak,ite,2,2,884,1484.9031982421875,884,1484.6719970703125,77.19243828078103,65.91437167437785,1
pgame_seed0,pgame,0,leg1_weak,ite,2,3,1012,1597.1923828125,884,1484.6719970703125,77.19243828078103,65.91437167437785,1
pgame_seed0,pgame,0,leg1_weak,ite,2,4,1012,1591.5120849609375,884,1484.6719970703125,77.19243828078103,65.91437167437785,1
pgame_seed0,pgame,0,leg1_weak,ite,2,5,1012,1442.0028076171875,884,1484.6719970703125,77.19243828078103,65.91437167437785,1
pgame_seed0,pgame,0,leg1_weak,ite,2,6,884,1472.6392822265625,884,1484.6719970703125,77.19243828078103,65.91437167437785,1
pgame_seed0,pgame,0,leg1_weak,ite,2,7,884,1560.3916015625,884,1484.6719970703125,77.19243828078103,65.91437167437785,1
pgame_seed0,pgame,0,leg1_weak,ite,2,8,884,1496.06591796875,884,1484.6719970703125,77.19243828078103,65.91437167437785,1
pgame_seed0,pgame,0,leg1_weak,ite,2,9,1012,1574.0875244140625,884,1484.6719970703125,77.19243828078103,65.91437167437785,1
pgame_seed0,pgame,0,leg1_weak,ite,2,10,1012,1618.8310546875,1012,1549.330322265625,88.90948496766447,75.91951968429065,1
pgame_seed0,pgame,0,leg1_weak,ite,2,11,1012,1528.103759765625,1012,1549.330322265625,88.90948496766447,75.91951968429065,1
pgame_seed0,pgame,0,leg1_weak,ite,2,12,1012,1531.074462890625,1012,1549.330322265625,88.90948496766447,75.91951968429065,1
pgame_seed0,pgame,0,leg1_weak,ite,2,13,1012,1554.7344970703125,1012,1549.330322265625,88.90948496766447,75.91951968429065,1
pgame_seed0,pgame,0,leg1_weak,ite,2,14,1012,1551.2032470703125,1012,1549.330322265625,88.90948496766447,75.91951968429065,1
pgame_seed0,pgame,0,leg1_weak,ite,2,15,1012,1510.0396728515625,1012,1549.330322265625,88.90948496766447,75.91951968429065,1
pgame_seed0,pgame,0,leg1_weak,ite,2,16,1012,1549.91357421875,1012,1549.330322265625,88.90948496766447,75.91951968429065,1
pgame_seed0,pgame,0,leg1_weak,ite,2,17,1012,1467.885009765625,1012,1549.330322265625,88.90948496766447,75.91951968429065,1
pgame_seed0,pgame,0,leg1_weak,ite,2,18,1012,1509.298583984375,1012,1549.330322265625,88.90948496766447,75.91951968429065,1
pgame_seed0,pgame,0,leg1_weak,ite,2,19,884,1527.958984375,1012,1549.330322265625,88.90948496766447,75.91951968429065,1
pgame_seed0,pgame,0,leg1_weak,ite,2,20,1012,1478.78271484375,1012,1549.330322265625,88.90948496766447,75.91951968429065,1
pgame_seed0,pgame,0,leg1_weak,ite,3,1,884,1528.00732421875,884,1484.6719970703125,77.19243828078103,65.91437167437785,2
pgame_seed0,pgame,0,leg1_weak,ite,3,2,884,1516.6680908203125,884,1484.6719970703125,77.19243828078103,65.91437167437785,2
pgame_seed0,pgame,0,leg1_weak,ite,3,3,1012,1542.4105224609375,1012,1549.330322265625,88.90948496766447,75.91951968429065,2
pgame_seed0,pgame,0,leg1_weak,ite,3,4,884,1509.8868408203125,1012,1549.330322265625,88.90948496766447,75.91951968429065,2
pgame_seed0,pgame,0,leg1_weak,ite,3,5,1012,1488.822509765625,1012,1549.330322265625,88.90948496766447,75.91951968429065,2
pgame_seed0,pgame,0,leg1_weak,ite,3,6,884,1556.9927978515625,884,1484.6719970703125,77.19243828078103,65.91437167437785,2
pgame_seed0,pgame,0,leg1_weak,ite,3,7,884,1507.767822265625,884,1484.6719970703125,77.19243828078103,65.91437167437785,2
pgame_seed0,pgame,0,leg1_weak,ite,3,8,884,1602.695556640625,884,1484.6719970703125,77.19243828078103,65.91437167437785,2
pgame_seed0,pgame,0,leg1_weak,ite,3,9,884,1463.8314208984375,884,1484.6719970703125,77.19243828078103,65.91437167437785,2
pgame_seed0,pgame,0,leg1_weak,ite,3,10,884,1439.479248046875,884,1484.6719970703125,77.19243828078103,65.91437167437785,2
pgame_seed0,pgame,0,leg1_weak,ite,3,11,884,1539.6614990234375,884,1484.6719970703125,77.19243828078103,65.91437167437785,2
pgame_seed0,pgame,0,leg1_weak,ite,3,12,884,1451.519775390625,884,1484.6719970703125,77.19243828078103,65.91437167437785,2
pgame_seed0,pgame,0,leg1_weak,ite,3,13,1012,1508.7841796875,884,1484.6719970703125,77.19243828078103,65.91437167437785,2
pgame_seed0,pgame,0,leg1_weak,ite,3,14,884,1565.738525390625,884,1484.6719970703125,77.19243828078103,65.91437167437785,2
pgame_seed0,pgame,0,leg1_weak,ite,3,15,884,1466.34814453125,884,1484.6719970703125,77.19243828078103,65.91437167437785,2
pgame_seed0,pgame,0,leg1_weak,ite,3,16,884,1560.98486328125,884,1484.6719970703125,77.19243828078103,65.91437167437785,2
pgame_seed0,pgame,0,leg1_weak,ite,3,17,884,1498.003662109375,884,1484.6719970703125,77.19243828078103,65.91437167437785,2
pgame_seed0,pgame,0,leg1_weak,ite,3,18,884,1522.6376953125,884,1484.6719970703125,77.19243828078103,65.91437167437785,2
pgame_seed0,pgame,0,leg1_weak,ite,3,19,884,1427.0631103515625,884,1484.6719970703125,77.19243828078103,65.91437167437785,2
pgame_seed0,pgame,0,leg1_weak,ite,3,20,1012,1589.87646484375,884,1484.6719970703125,77.19243828078103,65.91437167437785,2
pgame_seed0,pgame,0,leg1_weak,ite,4,1,884,1514.5494384765625,884,1484.6719970703125,77.19243828078103,65.91437167437785,2
pgame_seed0,pgame,0,leg1_weak,ite,4,2,1012,1520.01904296875,1012,1549.330322265625,88.90948496766447,75.91951968429065,2
pgame_seed0,pgame,0,leg1_weak,ite,4,3,884,1450.1368408203125,1012,1549.330322265625,88.90948496766447,75.91951968429065,2
pgame_seed0,pgame,0,leg1_weak,ite,4,4,1012,1520.158203125,1012,1549.330322265625,88.90948496766447,75.91951968429065,2
pgame_seed0,pgame,0,leg1_weak,ite,4,5,1012,1490.3797607421875,1012,1549.330322265625,88.90948496766447,75.91951968429065,2
pgame_seed0,pgame,0,leg1_weak,ite,4,6,884,1525.072998046875,884,1484.6719970703125,77.19243828078103,65.91437167437785,2
pgame_seed0,pgame,0,leg1_weak,ite,4,7,884,1548.959716796875,884,1484.6719970703125,77.19243828078103,65.91437167437785,2
pgame_seed0,pgame,0,leg1_weak,ite,4,8,884,1426.692138671875,884,1484.6719970703125,77.19243828078103,65.91437167437785,2
pgame_seed0,pgame,0,leg1_weak,ite,4,9,1012,1544.246337890625,884,1484.6719970703125,77.19243828078103,65.91437167437785,2
pgame_seed0,pgame,0,leg1_weak,ite,4,10,1012,1503.586181640625,884,1484.6719970703125,77.19243828078103,65.91437167437785,2
pgame_seed0,pgame,0,leg1_weak,ite,4,11,1012,1512.3155517578125,884,1484.6719970703125,77.19243828078103,65.91437167437785,2
pgame_seed0,pgame,0,leg1_weak,ite,4,12,1012,1572.7451171875,1012,1549.330322265625,88.90948496766447,75.91951968429065,2
pgame_seed0,pgame,0,leg1_weak,ite,4,13,1012,1590.736328125,1012,1549.330322265625,88.90948496766447,75.91951968429065,2
pgame_seed0,pgame,0,leg1_weak,ite,4,14,1012,1627.576416015625,1012,1549.330322265625,88.90948496766447,75.91951968429065,2
pgame_seed0,pgame,0,leg1_weak,ite,4,15,1012,1489.9854736328125,1012,1549.330322265625,88.90948496766447,75.91951968429065,2
pgame_seed0,pgame,0,leg1_weak,ite,4,16,1012,1586.6585693359375,1012,1549.330322265625,88.90948496766447,75.91951968429065,2
pgame_seed0,pgame,0,leg1_weak,ite,4,17,1012,1565.314697265625,1012,1549.330322265625,88.90948496766447,75.91951968429065,2
pgame_seed0,pgame,0,leg1_weak,ite,4,18,1012,1555.578857421875,1012,1549.330322265625,88.90948496766447,75.91951968429065,2
pgame_seed0,pgame,0,leg1_weak,ite,4,19,1012,1483.0478515625,1012,1549.330322265625,88.90948496766447,75.91951968429065,2
pgame_seed0,pgame,0,leg1_weak,ite,4,20,1012,1523.82958984375,1012,1549.330322265625,88.90948496766447,75.91951968429065,2
pgame_seed0,pgame,0,leg1_weak,top_k,0,1,884,1531.1494140625,884,1484.6719970703125,77.19243828078103,65.91437167437785,
pgame_seed0,pgame,0,leg1_weak,top_k,0,2,1012,1567.405029296875,1012,1549.330322265625,88.90948496766447,75.91951968429065,
pgame_seed0,pgame,0,leg1_weak,top_k,0,3,80,1441.912109375,1012,1549.330322265625,88.90948496766447,75.91951968429065,
pgame_seed0,pgame,0,leg1_weak,top_k,0,4,553,1432.9678955078125,1012,1549.330322265625,88.90948496766447,75.91951968429065,
pgame_seed0,pgame,0,leg1_weak,top_k,0,5,976,1467.6529541015625,1012,1549.330322265625,88.90948496766447,75.91951968429065,
pgame_seed0,pgame,0,leg1_weak,top_k,0,6,8,1468.958251953125,1012,1549.330322265625,88.90948496766447,75.91951968429065,
pgame_seed0,pgame,0,leg1_weak,top_k,0,7,183,1303.5146484375,1012,1549.330322265625,88.90948496766447,75.91951968429065,
pgame_seed0,pgame,0,leg1_weak,top_k,0,8,997,1447.287353515625,1012,1549.330322265625,88.90948496766447,75.91951968429065,
pgame_seed0,pgame,0,leg1_weak,top_k,0,9,277,1409.29150390625,1012,1549.330322265625,88.90948496766447,75.91951968429065,
pgame_seed0,pgame,0,leg1_weak,top_k,0,10,879,1422.0059814453125,1012,1549.330322265625,88.90948496766447,75.91951968429065,
pgame_seed0,pgame,0,leg1_weak,top_k,0,11,69,1545.2716064453125,1012,1549.330322265625,88.90948496766447,75.91951968429065,
pgame_seed0,pgame,0,leg1_weak,top_k,0,12,930,1287.63671875,1012,1549.330322265625,88.90948496766447,75.91951968429065,
pgame_seed0,pgame,0,leg1_weak,top_k,0,13,195,1245.2021484375,1012,1549.330322265625,88.90948496766447,75.91951968429065,
pgame_seed0,pgame,0,leg1_weak,top_k,0,14,975,1342.44970703125,1012,1549.330322265625,88.90948496766447,75.91951968429065,
pgame_seed0,pgame,0,leg1_weak,top_k,0,15,579,1423.14404296875,1012,1549.330322265625,88.90948496766447,75.91951968429065,
pgame_seed0,pgame,0,leg1_weak,top_k,0,16,202,1426.9652099609375,1012,1549.330322265625,88.90948496766447,75.91951968429065,
pgame_seed0,pgame,0,leg1_weak,top_k,0,17,973,1404.427490234375,1012,1549.330322265625,88.90948496766447,75.91951968429065,
pgame_seed0,pgame,0,leg1_weak,top_k,0,18,540,1395.2607421875,1012,1549.330322265625,88.90948496766447,75.91951968429065,
pgame_seed0,pgame,0,leg1_weak,top_k,0,19,342,1302.92041015625,1012,1549.330322265625,88.90948496766447,75.91951968429065,
pgame_seed0,pgame,0,leg1_weak,top_k,0,20,466,1512.726318359375,1012,1549.330322265625,88.90948496766447,75.91951968429065,
pgame_seed0,pgame,0,leg1_weak,top_k,1,1,884,1492.3463134765625,884,1484.6719970703125,77.19243828078103,65.91437167437785,
pgame_seed0,pgame,0,leg1_weak,top_k,1,2,1012,1571.6917724609375,1012,1549.330322265625,88.90948496766447,75.91951968429065,
pgame_seed0,pgame,0,leg1_weak,top_k,1,3,80,1413.3818359375,1012,1549.330322265625,88.90948496766447,75.91951968429065,
pgame_seed0,pgame,0,leg1_weak,top_k,1,4,553,1487.564453125,1012,1549.330322265625,88.90948496766447,75.91951968429065,
pgame_seed0,pgame,0,leg1_weak,top_k,1,5,976,1440.739990234375,1012,1549.330322265625,88.90948496766447,75.91951968429065,
pgame_seed0,pgame,0,leg1_weak,top_k,1,6,8,1529.1888427734375,1012,1549.330322265625,88.90948496766447,75.91951968429065,
pgame_seed0,pgame,0,leg1_weak,top_k,1,7,183,1260.287353515625,1012,1549.330322265625,88.90948496766447,75.91951968429065,
pgame_seed0,pgame,0,leg1_weak,top_k,1,8,997,1464.3472900390625,1012,1549.330322265625,88.90948496766447,75.91951968429065,
pgame_seed0,pgame,0,leg1_weak,top_k,1,9,277,1528.11962890625,1012,1549.330322265625,88.90948496766447,75.91951968429065,
pgame_seed0,pgame,0,leg1_weak,top_k,1,10,879,1408.8193359375,1012,1549.330322265625,88.90948496766447,75.91951968429065,
pgame_seed0,pgame,0,leg1_weak,top_k,1,11,69,1428.802001953125,1012,1549.330322265625,88.90948496766447,75.91951968429065,
pgame_seed0,pgame,0,leg1_weak,top_k,1,12,930,1304.4151611328125,1012,1549.330322265625,88.90948496766447,75.91951968429065,
pgame_seed0,pgame,0,leg1_weak,top_k,1,13,195,1308.7965087890625,1012,1549.330322265625,88.90948496766447,75.91951968429065,
pgame_seed0,pgame,0,leg1_weak,top_k,1,14,975,1413.295166015625,1012,1549.330322265625,88.90948496766447,75.91951968429065,
pgame_seed0,pgame,0,leg1_weak,top_k,1,15,579,1339.156494140625,1012,1549.330322265625,88.90948496766447,75.91951968429065,
pgame_seed0,pgame,0,leg1_weak,top_k,1,16,202,1314.619140625,1012,1549.330322265625,88.90948496766447,75.91951968429065,
pgame_seed0,pgame,0,leg1_weak,top_k,1,17,973,1397.419677734375,1012,1549.330322265625,88.90948496766447,75.91951968429065,
pgame_seed0,pgame,0,leg1_weak,top_k,1,18,540,1391.469482421875,1012,1549.330322265625,88.90948496766447,75.91951968429065,
pgame_seed0,pgame,0,leg1_weak,top_k,1,19,342,1243.2802734375,1012,1549.330322265625,88.90948496766447,75.91951968429065,
pgame_seed0,pgame,0,leg1_weak,top_k,1,20,466,1468.25341796875,1012,1549.330322265625,88.90948496766447,75.91951968429065,
pgame_seed0,pgame,0,leg1_weak,top_k,2,1,884,1469.25927734375,884,1484.6719970703125,77.19243828078103,65.91437167437785,
pgame_seed0,pgame,0,leg1_weak,top_k,2,2,1012,1543.7252197265625,1012,1549.330322265625,88.90948496766447,75.91951968429065,
pgame_seed0,pgame,0,leg1_weak,top_k,2,3,80,1415.005859375,1012,1549.330322265625,88.90948496766447,75.91951968429065,
pgame_seed0,pgame,0,leg1_weak,top_k,2,4,553,1376.41845703125,1012,1549.330322265625,88.90948496766447,75.91951968429065,
pgame_seed0,pgame,0,leg1_weak,top_k,2,5,976,1432.513916015625,1012,1549.330322265625,88.90948496766447,75.91951968429065,
pgame_seed0,pgame,0,leg1_weak,top_k,2,6,8,1515.3270263671875,1012,1549.330322265625,88.90948496766447,75.91951968429065,
pgame_seed0,pgame,0,leg1_weak,top_k,2,7,183,1256.2236328125,1012,1549.330322265625,88.90948496766447,75.91951968429065,
pgame_seed0,pgame,0,leg1_weak,top_k,2,8,997,1531.107177734375,1012,1549.330322265625,88.90948496766447,75.91951968429065,
pgame_seed0,pgame,0,leg1_weak,top_k,2,9,277,1625.006591796875,277,1601.96728515625,98.4480826622722,84.06449719371692,
pgame_seed0,pgame,0,leg1_weak,top_k,2,10,879,1451.0614013671875,277,1601.96728515625,98.4480826622722,84.06449719371692,
pgame_seed0,pgame,0,leg1_weak,top_k,2,11,69,1451.598388671875,277,1601.96728515625,98.4480826622722,84.06449719371692,
pgame_seed0,pgame,0,leg1_weak,top_k,2,12,930,1408.025390625,277,1601.96728515625,98.4480826622722,84.06449719371692,
pgame_seed0,pgame,0,leg1_weak,top_k,2,13,195,1342.405517578125,277,1601.96728515625,98.4480826622722,84.06449719371692,
pgame_seed0,pgame,0,leg1_weak,top_k,2,14,975,1494.259521484375,277,1601.96728515625,98.4480826622722,84.06449719371692,
pgame_seed0,pgame,0,leg1_weak,top_k,2,15,579,1330.9986572265625,277,1601.96728515625,98.4480826622722,84.06449719371692,
pgame_seed0,pgame,0,leg1_weak,top_k,2,16,202,1419.189208984375,277,1601.96728515625,98.4480826622722,84.06449719371692,
pgame_seed0,pgame,0,leg1_weak,top_k,2,17,973,1427.5931396484375,277,1601.96728515625,98.4480826622722,84.06449719371692,
pgame_seed0,pgame,0,leg1_weak,top_k,2,18,540,1392.8363037109375,277,1601.96728515625,98.4480826622722,84.06449719371692,
pgame_seed0,pgame,0,leg1_weak,top_k,2,19,342,1326.5653076171875,277,1601.96728515625,98.4480826622722,84.06449719371692,
pgame_seed0,pgame,0,leg1_weak,top_k,2,20,466,1487.349853515625,277,1601.96728515625,98.4480826622722,84.06449719371692,
pgame_seed0,pgame,0,leg1_weak,top_k,3,1,884,1445.8121337890625,884,1484.6719970703125,77.19243828078103,65.91437167437785,
pgame_seed0,pgame,0,leg1_weak,top_k,3,2,1012,1578.955322265625,1012,1549.330322265625,88.90948496766447,75.91951968429065,
pgame_seed0,pgame,0,leg1_weak,top_k,3,3,80,1448.5484619140625,1012,1549.330322265625,88.90948496766447,75.91951968429065,
pgame_seed0,pgame,0,leg1_weak,top_k,3,4,553,1390.534423828125,1012,1549.330322265625,88.90948496766447,75.91951968429065,
pgame_seed0,pgame,0,leg1_weak,top_k,3,5,976,1510.4110107421875,1012,1549.330322265625,88.90948496766447,75.91951968429065,
pgame_seed0,pgame,0,leg1_weak,top_k,3,6,8,1501.9447021484375,1012,1549.330322265625,88.90948496766447,75.91951968429065,
pgame_seed0,pgame,0,leg1_weak,top_k,3,7,183,1268.71923828125,1012,1549.330322265625,88.90948496766447,75.91951968429065,
pgame_seed0,pgame,0,leg1_weak,top_k,3,8,997,1458.835693359375,1012,1549.330322265625,88.90948496766447,75.91951968429065,
pgame_seed0,pgame,0,leg1_weak,top_k,3,9,277,1590.872314453125,277,1601.96728515625,98.4480826622722,84.06449719371692,
pgame_seed0,pgame,0,leg1_weak,top_k,3,10,879,1381.096923828125,277,1601.96728515625,98.4480826622722,84.06449719371692,
pgame_seed0,pgame,0,leg1_weak,top_k,3,11,69,1547.6123046875,277,1601.96728515625,98.4480826622722,84.06449719371692,
pgame_seed0,pgame,0,leg1_weak,top_k,3,12,930,1343.0496826171875,277,1601.96728515625,98.4480826622722,84.06449719371692,
pgame_seed0,pgame,0,leg1_weak,top_k,3,13,195,1355.4306640625,277,1601.96728515625,98.4480826622722,84.06449719371692,
pgame_seed0,pgame,0,leg1_weak,top_k,3,14,975,1375.0350341796875,277,1601.96728515625,98.4480826622722,84.06449719371692,
pgame_seed0,pgame,0,leg1_weak,top_k,3,15,579,1412.978759765625,277,1601.96728515625,98.4480826622722,84.06449719371692,
pgame_seed0,pgame,0,leg1_weak,top_k,3,16,202,1328.957763671875,277,1601.96728515625,98.4480826622722,84.06449719371692,
pgame_seed0,pgame,0,leg1_weak,top_k,3,17,973,1356.3682861328125,277,1601.96728515625,98.4480826622722,84.06449719371692,
pgame_seed0,pgame,0,leg1_weak,top_k,3,18,540,1402.360595703125,277,1601.96728515625,98.4480826622722,84.06449719371692,
pgame_seed0,pgame,0,leg1_weak,top_k,3,19,342,1417.9716796875,277,1601.96728515625,98.4480826622722,84.06449719371692,
pgame_seed0,pgame,0,leg1_weak,top_k,3,20,466,1495.5587158203125,277,1601.96728515625,98.4480826622722,84.06449719371692,
pgame_seed0,pgame,0,leg1_weak,top_k,4,1,884,1510.092529296875,884,1484.6719970703125,77.19243828078103,65.91437167437785,
pgame_seed0,pgame,0,leg1_weak,top_k,4,2,1012,1610.4019775390625,1012,1549.330322265625,88.90948496766447,75.91951968429065,
pgame_seed0,pgame,0,leg1_weak,top_k,4,3,80,1416.6767578125,1012,1549.330322265625,88.90948496766447,75.91951968429065,
pgame_seed0,pgame,0,leg1_weak,top_k,4,4,553,1373.708984375,1012,1549.330322265625,88.90948496766447,75.91951968429065,
pgame_seed0,pgame,0,leg1_weak,top_k,4,5,976,1452.7705078125,1012,1549.330322265625,88.90948496766447,75.91951968429065,
pgame_seed0,pgame,0,leg1_weak,top_k,4,6,8,1471.3204345703125,1012,1549.330322265625,88.90948496766447,75.91951968429065,
pgame_seed0,pgame,0,leg1_weak,top_k,4,7,183,1282.724365234375,1012,1549.330322265625,88.90948496766447,75.91951968429065,
pgame_seed0,pgame,0,leg1_weak,top_k,4,8,997,1563.0263671875,1012,1549.330322265625,88.90948496766447,75.91951968429065,
pgame_seed0,pgame,0,leg1_weak,top_k,4,9,277,1486.489501953125,1012,1549.330322265625,88.90948496766447,75.91951968429065,
pgame_seed0,pgame,0,leg1_weak,top_k,4,10,879,1498.3974609375,1012,1549.330322265625,88.90948496766447,75.91951968429065,
pgame_seed0,pgame,0,leg1_weak,top_k,4,11,69,1441.801025390625,1012,1549.330322265625,88.90948496766447,75.91951968429065,
pgame_seed0,pgame,0,leg1_weak,top_k,4,12,930,1292.06640625,1012,1549.330322265625,88.90948496766447,75.91951968429065,
pgame_seed0,pgame,0,leg1_weak,top_k,4,13,195,1341.755615234375,1012,1549.330322265625,88.90948496766447,75.91951968429065,
pgame_seed0,pgame,0,leg1_weak,top_k,4,14,975,1458.0400390625,1012,1549.330322265625,88.90948496766447,75.91951968429065,
pgame_seed0,pgame,0,leg1_weak,top_k,4,15,579,1408.81689453125,1012,1549.330322265625,88.90948496766447,75.91951968429065,
pgame_seed0,pgame,0,leg1_weak,top_k,4,16,202,1321.241943359375,1012,1549.330322265625,88.90948496766447,75.91951968429065,
pgame_seed0,pgame,0,leg1_weak,top_k,4,17,973,1413.68701171875,1012,1549.330322265625,88.90948496766447,75.91951968429065,
pgame_seed0,pgame,0,leg1_weak,top_k,4,18,540,1400.840087890625,1012,1549.330322265625,88.90948496766447,75.91951968429065,
pgame_seed0,pgame,0,leg1_weak,top_k,4,19,342,1274.6502685546875,1012,1549.330322265625,88.90948496766447,75.91951968429065,
pgame_seed0,pgame,0,leg1_weak,top_k,4,20,466,1488.9052734375,1012,1549.330322265625,88.90948496766447,75.91951968429065,
pgame_seed0,pgame,0,leg1_weak,best_intact,0,1,884,1485.90380859375,884,1484.6719970703125,77.19243828078103,65.91437167437785,
pgame_seed0,pgame,0,leg1_weak,best_intact,1,1,884,1427.32421875,884,1484.6719970703125,77.19243828078103,65.91437167437785,
pgame_seed0,pgame,0,leg1_weak,best_intact,2,1,884,1427.2607421875,884,1484.6719970703125,77.19243828078103,65.91437167437785,
pgame_seed0,pgame,0,leg1_weak,best_intact,3,1,884,1485.6260986328125,884,1484.6719970703125,77.19243828078103,65.91437167437785,
pgame_seed0,pgame,0,leg1_weak,best_intact,4,1,884,1492.500732421875,884,1484.6719970703125,77.19243828078103,65.91437167437785,
pgame_seed0,pgame,0,leg2_weak,ite,0,1,884,1703.67431640625,884,1698.6962890625,100.0,99.03222173669079,1
pgame_seed0,pgame,0,leg2_weak,ite,0,2,884,1745.42431640625,884,1698.6962890625,100.0,99.03222173669079,1
pgame_seed0,pgame,0,leg2_weak,ite,0,3,884,1709.2034912109375,884,1698.6962890625,100.0,99.03222173669079,1
pgame_seed0,pgame,0,leg2_weak,ite,0,4,884,1618.673828125,884,1698.6962890625,100.0,99.03222173669079,1
pgame_seed0,pgame,0,leg2_weak,ite,0,5,884,1695.6331787109375,884,1698.6962890625,100.0,99.03222173669079,1
pgame_seed0,pgame,0,leg2_weak,ite,0,6,884,1626.81298828125,884,1698.6962890625,100.0,99.03222173669079,1
pgame_seed0,pgame,0,leg2_weak,ite,0,7,884,1707.364501953125,884,1698.6962890625,100.0,99.03222173669079,1
pgame_seed0,pgame,0,leg2_weak,ite,0,8,884,1683.09375,884,1698.6962890625,100.0,99.03222173669079,1
pgame_seed0,pgame,0,leg2_weak,ite,0,9,884,1636.9906005859375,884,1698.6962890625,100.0,99.03222173669079,1
pgame_seed0,pgame,0,leg2_weak,ite,0,10,884,1641.2850341796875,884,1698.6962890625,100.0,99.03222173669079,1
pgame_seed0,pgame,0,leg2_weak,ite,0,11,884,1649.731201171875,884,1698.6962890625,100.0,99.03222173669079,1
pgame_seed0,pgame,0,leg2_weak,ite,0,12,884,1698.895751953125,884,1698.6962890625,100.0,99.03222173669079,1
pgame_seed0,pgame,0,leg2_weak,ite,0,13,884,1656.0302734375,884,1698.6962890625,100.0,99.03222173669079,1
pgame_seed0,pgame,0,leg2_weak,ite,0,14,884,1741.015625,884,1698.6962890625,100.0,99.03222173669079,1
pgame_seed0,pgame,0,leg2_weak,ite,0,15,884,1698.341064453125,884,1698.6962890625,100.0,99.03222173669079,1
pgame_seed0,pgame,0,leg2_weak,ite,0,16,884,1643.7056884765625,884,1698.6962890625,100.0,99.03222173669079,1
pgame_seed0,pgame,0,leg2_weak,ite,0,17,884,1758.249755859375,884,1698.6962890625,100.0,99.03222173669079,1
pgame_seed0,pgame,0,leg2_weak,ite,0,18,884,1712.060302734375,884,1698.6962890625,100.0,99.03222173669079,1
pgame_seed0,pgame,0,leg2_weak,ite,0,19,884,1732.658935546875,884,1698.6962890625,100.0,99.03222173669079,1
pgame_seed0,pgame,0,leg2_weak,ite,0,20,884,1727.982666015625,884,1698.6962890625,100.0,99.03222173669079,1
pgame_seed0,pgame,0,leg2_weak,ite,1,1,884,1591.2755126953125,884,1698.6962890625,100.0,99.03222173669079,1
pgame_seed0,pgame,0,leg2_weak,ite,1,2,884,1648.5521240234375,884,1698.6962890625,100.0,99.03222173669079,1
pgame_seed0,pgame,0,leg2_weak,ite,1,3,884,1687.381103515625,884,1698.6962890625,100.0,99.03222173669079,1
pgame_seed0,pgame,0,leg2_weak,ite,1,4,884,1690.0616455078125,884,1698.6962890625,100.0,99.03222173669079,1
pgame_seed0,pgame,0,leg2_weak,ite,1,5,884,1641.074462890625,884,1698.6962890625,100.0,99.03222173669079,1
pgame_seed0,pgame,0,leg2_weak,ite,1,6,884,1595.0538330078125,884,1698.6962890625,100.0,99.03222173669079,1
pgame_seed0,pgame,0,leg2_weak,ite,1,7,884,1637.781494140625,884,1698.6962890625,100.0,99.03222173669079,1
pgame_seed0,pgame,0,leg2_weak,ite,1,8,884,1619.2681884765625,884,1698.6962890625,100.0,99.03222173669079,1
pgame_seed0,pgame,0,leg2_weak,ite,1,9,884,1667.141845703125,884,1698.6962890625,100.0,99.03222173669079,1
pgame_seed0,pgame,0,leg2_weak,ite,1,10,884,1628.2354736328125,884,1698.6962890625,100.0,99.03222173669079,1
pgame_seed0,pgame,0,leg2_weak,ite,1,11,884,1655.6790771484375,884,1698.6962890625,100.0,99.03222173669079,1
pgame_seed0,pgame,0,leg2_weak,ite,1,12,884,1640.289306640625,884,1698.6962890625,100.0,99.03222173669079,1
pgame_seed0,pgame,0,leg2_weak,ite,1,13,884,1663.7418212890625,884,1698.6962890625,100.0,99.03222173669079,1
pgame_seed0,pgame,0,leg2_weak,ite,1,14,884,1632.8677978515625,884,1698.6962890625,100.0,99.03222173669079,1
pgame_seed0,pgame,0,leg2_weak,ite,1,15,884,1736.73779296875,884,1698.6962890625,100.0,99.03222173669079,1
pgame_seed0,pgame,0,leg2_weak,ite,1,16,884,1710.25341796875,884,1698.6962890625,100.0,99.03222173669079,1
pgame_seed0,pgame,0,leg2_weak,ite,1,17,884,1730.972900390625,884,1698.6962890625,100.0,99.03222173669079,1
pgame_seed0,pgame,0,leg2_weak,ite,1,18,884,1620.2559814453125,884,1698.6962890625,100.0,99.03222173669079,1
pgame_seed0,pgame,0,leg2_weak,ite,1,19,884,1712.066162109375,884,1698.6962890625,100.0,99.03222173669079,1
pgame_seed0,pgame,0,leg2_weak,ite,1,20,884,1687.752685546875,884,1698.6962890625,100.0,99.03222173669079,1
pgame_seed0,pgame,0,leg2_weak,ite,2,1,884,1625.3951416015625,884,1698.6962890625,100.0,99.03222173669079,1
pgame_seed0,pgame,0,leg2_weak,ite,2,2,884,1718.502685546875,884,1698.6962890625,100.0,99.03222173669079,1
pgame_seed0,pgame,0,leg2_weak,ite,2,3,884,1679.4708251953125,884,1698.6962890625,100.0,99.03222173669079,1
pgame_seed0,pgame,0,leg2_weak,ite,2,4,884,1688.497802734375,884,1698.6962890625,100.0,99.03222173669079,1
pgame_seed0,pgame,0,leg2_weak,ite,2,5,884,1749.3641357421875,884,1698.6962890625,100.0,99.03222173669079,1
pgame_seed0,pgame,0,leg2_weak,ite,2,6,884,1733.441650390625,884,1698.6962890625,100.0,99.03222173669079,1
pgame_seed0,pgame,0,leg2_weak,ite,2,7,884,1625.49853515625,884,1698.6962890625,100.0,99.03222173669079,1
pgame_seed0,pgame,0,leg2_weak,ite,2,8,884,1613.8455810546875,884,1698.6962890625,100.0,99.03222173669079,1
pgame_seed0,pgame,0,leg2_weak,ite,2,9,884,1688.23779296875,884,1698.6962890625,100.0,99.03222173669079,1
pgame_seed0,pgame,0,leg2_weak,ite,2,10,884,1765.77392578125,884,1698.6962890625,100.0,99.03222173669079,1
pgame_seed0,pgame,0,leg2_weak,ite,2,11,884,1752.1416015625,884,1698.6962890625,100.0,99.03222173669079,1
pgame_seed0,pgame,0,leg2_weak,ite,2,12,884,1640.44140625,884,1698.6962890625,100.0,99.03222173669079,1
pgame_seed0,pgame,0,leg2_weak,ite,2,13,884,1646.955078125,884,1698.6962890625,100.0,99.03222173669079,1
pgame_seed0,pgame,0,leg2_weak,ite,2,14,884,1649.912353515625,884,1698.6962890625,100.0,99.03222173669079,1
pgame_seed0,pgame,0,leg2_weak,ite,2,15,884,1737.57861328125,884,1698.6962890625,100.0,99.03222173669079,1
pgame_seed0,pgame,0,leg2_weak,ite,2,16,884,1590.4598388671875,884,1698.6962890625,100.0,99.03222173669079,1
pgame_seed0,pgame,0,leg2_weak,ite,2,17,884,1731.223876953125,884,1698.6962890625,100.0,99.03222173669079,1
pgame_seed0,pgame,0,leg2_weak,ite,2,18,884,1699.953369140625,884,1698.6962890625,100.0,99.03222173669079,1
pgame_seed0,pgame,0,leg2_weak,ite,2,19,884,1654.080322265625,884,1698.6962890625,100.0,99.03222173669079,1
pgame_seed0,pgame,0,leg2_weak,ite,2,20,884,1676.80224609375,884,1698.6962890625,100.0,99.03222173669079,1
pgame_seed0,pgame,0,leg2_weak,ite,3,1,884,1707.251708984375,884,1698.6962890625,100.0,99.03222173669079,1
pgame_seed0,pgame,0,leg2_weak,ite,3,2,884,1668.80859375,884,1698.6962890625,100.0,99.03222173669079,1
pgame_seed0,pgame,0,leg2_weak,ite,3,3,884,1685.147216796875,884,1698.6962890625,100.0,99.03222173669079,1
pgame_seed0,pgame,0,leg2_weak,ite,3,4,884,1630.807861328125,884,1698.6962890625,100.0,99.03222173669079,1
pgame_seed0,pgame,0,leg2_weak,ite,3,5,884,1725.218994140625,884,1698.6962890625,100.0,99.03222173669079,1
pgame_seed0,pgame,0,leg2_weak,ite,3,6,884,1659.999755859375,884,1698.6962890625,100.0,99.03222173669079,1
pgame_seed0,pgame,0,leg2_weak,ite,3,7,884,1673.4327392578125,884,1698.6962890625,100.0,99.03222173669079,1
pgame_seed0,pgame,0,leg2_weak,ite,3,8,884,1634.681884765625,884,1698.6962890625,100.0,99.03222173669079,1
pgame_seed0,pgame,0,leg2_weak,ite,3,9,884,1604.021240234375,884,1698.6962890625,100.0,99.03222173669079,1
pgame_seed0,pgame,0,leg2_weak,ite,3,10,884,1707.21435546875,884,1698.6962890625,100.0,99.03222173669079,1
pgame_seed0,pgame,0,leg2_weak,ite,3,11,884,1701.8077392578125,884,1698.6962890625,100.0,99.03222173669079,1
pgame_seed0,pgame,0,leg2_weak,ite,3,12,884,1659.46923828125,884,1698.6962890625,100.0,99.03222173669079,1
pgame_seed0,pgame,0,leg2_weak,ite,3,13,884,1738.26220703125,884,1698.6962890625,100.0,99.03222173669079,1
pgame_seed0,pgame,0,leg2_weak,ite,3,14,884,1653.43505859375,884,1698.6962890625,100.0,99.03222173669079,1
pgame_seed0,pgame,0,leg2_weak,ite,3,15,884,1545.998291015625,884,1698.6962890625,100.0,99.03222173669079,1
pgame_seed0,pgame,0,leg2_weak,ite,3,16,884,1649.2191162109375,884,1698.6962890625,100.0,99.03222173669079,1
pgame_seed0,pgame,0,leg2_weak,ite,3,17,884,1712.5830078125,884,1698.6962890625,100.0,99.03222173669079,1
pgame_seed0,pgame,0,leg2_weak,ite,3,18,884,1667.6103515625,884,1698.6962890625,100.0,99.03222173669079,1
pgame_seed0,pgame,0,leg2_weak,ite,3,19,884,1643.7271728515625,884,1698.6962890625,100.0,99.03222173669079,1
pgame_seed0,pgame,0,leg2_weak,ite,3,20,884,1628.2672119140625,884,1698.6962890625,100.0,99.03222173669079,1
pgame_seed0,pgame,0,leg2_weak,ite,4,1,884,1669.794189453125,884,1698.6962890625,100.0,99.03222173669079,1
pgame_seed0,pgame,0,leg2_weak,ite,4,2,884,1679.69580078125,884,1698.6962890625,100.0,99.03222173669079,1
pgame_seed0,pgame,0,leg2_weak,ite,4,3,884,1631.10595703125,884,1698.6962890625,100.0,99.03222173669079,1
pgame_seed0,pgame,0,leg2_weak,ite,4,4,884,1674.18017578125,884,1698.6962890625,100.0,99.03222173669079,1
pgame_seed0,pgame,0,leg2_weak,ite,4,5,884,1705.9063720703125,884,1698.6962890625,100.0,99.03222173669079,1
pgame_seed0,pgame,0,leg2_weak,ite,4,6,884,1701.208251953125,884,1698.6962890625,100.0,99.03222173669079,1
pgame_seed0,pgame,0,leg2_weak,ite,4,7,884,1642.005615234375,884,1698.6962890625,100.0,99.03222173669079,1
pgame_seed0,pgame,0,leg2_weak,ite,4,8,884,1696.0177001953125,884,1698.6962890625,100.0,99.03222173669079,1
pgame_seed0,pgame,0,leg2_weak,ite,4,9,884,1662.6405029296875,884,1698.6962890625,100.0,99.03222173669079,1
pgame_seed0,pgame,0,leg2_weak,ite,4,10,884,1721.4298095703125,884,1698.6962890625,100.0,99.03222173669079,1
pgame_seed0,pgame,0,leg2_weak,ite,4,11,884,1627.6263427734375,884,1698.6962890625,100.0,99.03222173669079,1
pgame_seed0,pgame,0,leg2_weak,ite,4,12,884,1670.6287841796875,884,1698.6962890625,100.0,99.03222173669079,1
pgame_seed0,pgame,0,leg2_weak,ite,4,13,884,1772.3565673828125,884,1698.6962890625,100.0,99.03222173669079,1
pgame_seed0,pgame,0,leg2_weak,ite,4,14,884,1720.967529296875,884,1698.6962890625,100.0,99.03222173669079,1
pgame_seed0,pgame,0,leg2_weak,ite,4,15,884,1608.8990478515625,884,1698.6962890625,100.0,99.03222173669079,1
pgame_seed0,pgame,0,leg2_weak,ite,4,16,884,1740.005615234375,884,1698.6962890625,100.0,99.03222173669079,1
pgame_seed0,pgame,0,leg2_weak,ite,4,17,884,1719.81298828125,884,1698.6962890625,100.0,99.03222173669079,1
pgame_seed0,pgame,0,leg2_weak,ite,4,18,884,1693.8349609375,884,1698.6962890625,100.0,99.03222173669079,1
pgame_seed0,pgame,0,leg2_weak,ite,4,19,884,1613.3251953125,884,1698.6962890625,100.0,99.03222173669079,1
pgame_seed0,pgame,0,leg2_weak,ite,4,20,884,1696.5045166015625,884,1698.6962890625,100.0,99.03222173669079,1
pgame_seed0,pgame,0,leg2_weak,top_k,0,1,884,1708.2684326171875,884,1698.6962890625,100.0,99.03222173669079,
pgame_seed0,pgame,0,leg2_weak,top_k,0,2,1012,1631.5279541015625,884,1698.6962890625,100.0,99.03222173669079,
pgame_seed0,pgame,0,leg2_weak,top_k,0,3,80,1554.315185546875,884,1698.6962890625,100.0,99.03222173669079,
pgame_seed0,pgame,0,leg2_weak,top_k,0,4,553,1684.323974609375,884,1698.6962890625,100.0,99.03222173669079,
pgame_seed0,pgame,0,leg2_weak,top_k,0,5,976,1483.920654296875,884,1698.6962890625,100.0,99.03222173669079,
pgame_seed0,pgame,0,leg2_weak,top_k,0,6,8,1473.0919189453125,884,1698.6962890625,100.0,99.03222173669079,
pgame_seed0,pgame,0,leg2_weak,top_k,0,7,183,1509.8206787109375,884,1698.6962890625,100.0,99.03222173669079,
pgame_seed0,pgame,0,leg2_weak,top_k,0,8,997,1477.819580078125,884,1698.6962890625,100.0,99.03222173669079,
pgame_seed0,pgame,0,leg2_weak,top_k,0,9,277,1675.2763671875,884,1698.6962890625,100.0,99.03222173669079,
pgame_seed0,pgame,0,leg2_weak,top_k,0,10,879,1630.8736572265625,884,1698.6962890625,100.0,99.03222173669079,
pgame_seed0,pgame,0,leg2_weak,top_k,0,11,69,1490.907958984375,884,1698.6962890625,100.0,99.03222173669079,
pgame_seed0,pgame,0,leg2_weak,top_k,0,12,930,1432.5421142578125,884,1698.6962890625,100.0,99.03222173669079,
pgame_seed0,pgame,0,leg2_weak,top_k,0,13,195,1412.181396484375,884,1698.6962890625,100.0,99.03222173669079,
pgame_seed0,pgame,0,leg2_weak,top_k,0,14,975,1522.7890625,884,1698.6962890625,100.0,99.03222173669079,
pgame_seed0,pgame,0,leg2_weak,top_k,0,15,579,1568.406494140625,884,1698.6962890625,100.0,99.03222173669079,
pgame_seed0,pgame,0,leg2_weak,top_k,0,16,202,1506.1190185546875,884,1698.6962890625,100.0,99.03222173669079,
pgame_seed0,pgame,0,leg2_weak,top_k,0,17,973,1500.04345703125,884,1698.6962890625,100.0,99.03222173669079,
pgame_seed0,pgame,0,leg2_weak,top_k,0,18,540,1449.9351806640625,884,1698.6962890625,100.0,99.03222173669079,
pgame_seed0,pgame,0,leg2_weak,top_k,0,19,342,1444.4072265625,884,1698.6962890625,100.0,99.03222173669079,
pgame_seed0,pgame,0,leg2_weak,top_k,0,20,466,1377.94482421875,884,1698.6962890625,100.0,99.03222173669079,
pgame_seed0,pgame,0,leg2_weak,top_k,1,1,884,1787.088623046875,884,1698.6962890625,100.0,99.03222173669079,
pgame_seed0,pgame,0,leg2_weak,top_k,1,2,1012,1608.72802734375,884,1698.6962890625,100.0,99.03222173669079,
pgame_seed0,pgame,0,leg2_weak,top_k,1,3,80,1562.9810791015625,884,1698.6962890625,100.0,99.03222173669079,
pgame_seed0,pgame,0,leg2_weak,top_k,1,4,553,1588.4993896484375,884,1698.6962890625,100.0,99.03222173669079,
pgame_seed0,pgame,0,leg2_weak,top_k,1,5,976,1521.447021484375,884,1698.6962890625,100.0,99.03222173669079,
pgame_seed0,pgame,0,leg2_weak,top_k,1,6,8,1451.564208984375,884,1698.6962890625,100.0,99.03222173669079,
pgame_seed0,pgame,0,leg2_weak,top_k,1,7,183,1469.82373046875,884,1698.6962890625,100.0,99.03222173669079,
pgame_seed0,pgame,0,leg2_weak,top_k,1,8,997,1456.4912109375,884,1698.6962890625,100.0,99.03222173669079,
pgame_seed0,pgame,0,leg2_weak,top_k,1,9,277,1588.202880859375,884,1698.6962890625,100.0,99.03222173669079,
pgame_seed0,pgame,0,leg2_weak,top_k,1,10,879,1612.8118896484375,884,1698.6962890625,100.0,99.03222173669079,
pgame_seed0,pgame,0,leg2_weak,top_k,1,11,69,1494.24609375,884,1698.6962890625,100.0,99.03222173669079,
pgame_seed0,pgame,0,leg2_weak,top_k,1,12,930,1463.78271484375,884,1698.6962890625,100.0,99.03222173669079,
pgame_seed0,pgame,0,leg2_weak,top_k,1,13,195,1417.2005615234375,884,1698.6962890625,100.0,99.03222173669079,
pgame_seed0,pgame,0,leg2_weak,top_k,1,14,975,1598.2125244140625,884,1698.6962890625,100.0,99.03222173669079,
pgame_seed0,pgame,0,leg2_weak,top_k,1,15,579,1598.362548828125,884,1698.6962890625,100.0,99.03222173669079,
pgame_seed0,pgame,0,leg2_weak,top_k,1,16,202,1600.824462890625,884,1698.6962890625,100.0,99.03222173669079,
pgame_seed0,pgame,0,leg2_weak,top_k,1,17,973,1468.5400390625,884,1698.6962890625,100.0,99.03222173669079,
pgame_seed0,pgame,0,leg2_weak,top_k,1,18,540,1413.7618408203125,884,1698.6962890625,100.0,99.03222173669079,
pgame_seed0,pgame,0,leg2_weak,top_k,1,19,342,1469.871826171875,884,1698.6962890625,100.0,99.03222173669079,
pgame_seed0,pgame,0,leg2_weak,top_k,1,20,466,1429.061767578125,884,1698.6962890625,100.0,99.03222173669079,
pgame_seed0,pgame,0,leg2_weak,top_k,2,1,884,1729.252685546875,884,1698.6962890625,100.0,99.03222173669079,
pgame_seed0,pgame,0,leg2_weak,top_k,2,2,1012,1628.70849609375,884,1698.6962890625,100.0,99.03222173669079,
pgame_seed0,pgame,0,leg2_weak,top_k,2,3,80,1571.558349609375,884,1698.6962890625,100.0,99.03222173669079,
pgame_seed0,pgame,0,leg2_weak,top_k,2,4,553,1634.173095703125,884,1698.6962890625,100.0,99.03222173669079,
pgame_seed0,pgame,0,leg2_weak,top_k,2,5,976,1497.744873046875,884,1698.6962890625,100.0,99.03222173669079,
pgame_seed0,pgame,0,leg2_weak,top_k,2,6,8,1463.237548828125,884,1698.6962890625,100.0,99.03222173669079,
pgame_seed0,pgame,0,leg2_weak,top_k,2,7,183,1503.2567138671875,884,1698.6962890625,100.0,99.03222173669079,
pgame_seed0,pgame,0,leg2_weak,top_k,2,8,997,1485.454833984375,884,1698.6962890625,100.0,99.03222173669079,
pgame_seed0,pgame,0,leg2_weak,top_k,2,9,277,1475.6484375,884,1698.6962890625,100.0,99.03222173669079,
pgame_seed0,pgame,0,leg2_weak,top_k,2,10,879,1489.47216796875,884,1698.6962890625,100.0,99.03222173669079,
pgame_seed0,pgame,0,leg2_weak,top_k,2,11,69,1493.676025390625,884,1698.6962890625,100.0,99.03222173669079,
pgame_seed0,pgame,0,leg2_weak,top_k,2,12,930,1488.603759765625,884,1698.6962890625,100.0,99.03222173669079,
pgame_seed0,pgame,0,leg2_weak,top_k,2,13,195,1464.3721923828125,884,1698.6962890625,100.0,99.03222173669079,
pgame_seed0,pgame,0,leg2_weak,top_k,2,14,975,1538.9327392578125,884,1698.6962890625,100.0,99.03222173669079,
pgame_seed0,pgame,0,leg2_weak,top_k,2,15,579,1513.1363525390625,884,1698.6962890625,100.0,99.03222173669079,
pgame_seed0,pgame,0,leg2_weak,top_k,2,16,202,1459.769287109375,884,1698.6962890625,100.0,99.03222173669079,
pgame_seed0,pgame,0,leg2_weak,top_k,2,17,973,1510.548828125,884,1698.6962890625,100.0,99.03222173669079,
pgame_seed0,pgame,0,leg2_weak,top_k,2,18,540,1424.943603515625,884,1698.6962890625,100.0,99.03222173669079,
pgame_seed0,pgame,0,leg2_weak,top_k,2,19,342,1400.7344970703125,884,1698.6962890625,100.0,99.03222173669079,
pgame_seed0,pgame,0,leg2_weak,top_k,2,20,466,1411.85009765625,884,1698.6962890625,100.0,99.03222173669079,
pgame_seed0,pgame,0,leg2_weak,top_k,3,1,884,1753.90869140625,884,1698.6962890625,100.0,99.03222173669079,
pgame_seed0,pgame,0,leg2_weak,top_k,3,2,1012,1659.38916015625,884,1698.6962890625,100.0,99.03222173669079,
pgame_seed0,pgame,0,leg2_weak,top_k,3,3,80,1624.6046142578125,884,1698.6962890625,100.0,99.03222173669079,
pgame_seed0,pgame,0,leg2_weak,top_k,3,4,553,1634.306884765625,884,1698.6962890625,100.0,99.03222173669079,
pgame_seed0,pgame,0,leg2_weak,top_k,3,5,976,1431.1578369140625,884,1698.6962890625,100.0,99.03222173669079,
pgame_seed0,pgame,0,leg2_weak,top_k,3,6,8,1429.5361328125,884,1698.6962890625,100.0,99.03222173669079,
pgame_seed0,pgame,0,leg2_weak,top_k,3,7,183,1473.50732421875,884,1698.6962890625,100.0,99.03222173669079,
pgame_seed0,pgame,0,leg2_weak,top_k,3,8,997,1480.16064453125,884,1698.6962890625,100.0,99.03222173669079,
pgame_seed0,pgame,0,leg2_weak,top_k,3,9,277,1492.286865234375,884,1698.6962890625,100.0,99.03222173669079,
pgame_seed0,pgame,0,leg2_weak,top_k,3,10,879,1604.489501953125,884,1698.6962890625,100.0,99.03222173669079,
pgame_seed0,pgame,0,leg2_weak,top_k,3,11,69,1472.5985107421875,884,1698.6962890625,100.0,99.03222173669079,
pgame_seed0,pgame,0,leg2_weak,top_k,3,12,930,1434.65625,884,1698.6962890625,100.0,99.03222173669079,
pgame_seed0,pgame,0,leg2_weak,top_k,3,13,195,1455.272216796875,884,1698.6962890625,100.0,99.03222173669079,
pgame_seed0,pgame,0,leg2_weak,top_k,3,14,975,1634.8035888671875,884,1698.6962890625,100.0,99.03222173669079,
pgame_seed0,pgame,0,leg2_weak,top_k,3,15,579,1557.9393310546875,884,1698.6962890625,100.0,99.03222173669079,
pgame_seed0,pgame,0,leg2_weak,top_k,3,16,202,1506.515869140625,884,1698.6962890625,100.0,99.03222173669079,
pgame_seed0,pgame,0,leg2_weak,top_k,3,17,973,1494.405029296875,884,1698.6962890625,100.0,99.03222173669079,
pgame_seed0,pgame,0,leg2_weak,top_k,3,18,540,1454.717041015625,884,1698.6962890625,100.0,99.03222173669079,
pgame_seed0,pgame,0,leg2_weak,top_k,3,19,342,1404.004150390625,884,1698.6962890625,100.0,99.03222173669079,
pgame_seed0,pgame,0,leg2_weak,top_k,3,20,466,1353.678955078125,884,1698.6962890625,100.0,99.03222173669079,
pgame_seed0,pgame,0,leg2_weak,top_k,4,1,884,1696.0029296875,884,1698.6962890625,100.0,99.03222173669079,
pgame_seed0,pgame,0,leg2_weak,top_k,4,2,1012,1693.728271484375,884,1698.6962890625,100.0,99.03222173669079,
pgame_seed0,pgame,0,leg2_weak,top_k,4,3,80,1572.9979248046875,884,1698.6962890625,100.0,99.03222173669079,
pgame_seed0,pgame,0,leg2_weak,top_k,4,4,553,1613.913818359375,884,1698.6962890625,100.0,99.03222173669079,
pgame_seed0,pgame,0,leg2_weak,top_k,4,5,976,1422.884033203125,884,1698.6962890625,100.0,99.03222173669079,
pgame_seed0,pgame,0,leg2_weak,top_k,4,6,8,1431.766357421875,884,1698.6962890625,100.0,99.03222173669079,
pgame_seed0,pgame,0,leg2_weak,top_k,4,7,183,1475.5147705078125,884,1698.6962890625,100.0,99.03222173669079,
pgame_seed0,pgame,0,leg2_weak,top_k,4,8,997,1438.224853515625,884,1698.6962890625,100.0,99.03222173669079,
pgame_seed0,pgame,0,leg2_weak,top_k,4,9,277,1590.5220947265625,884,1698.6962890625,100.0,99.03222173669079,
pgame_seed0,pgame,0,leg2_weak,top_k,4,10,879,1606.65234375,884,1698.6962890625,100.0,99.03222173669079,
pgame_seed0,pgame,0,leg2_weak,top_k,4,11,69,1547.51953125,884,1698.6962890625,100.0,99.03222173669079,
pgame_seed0,pgame,0,leg2_weak,top_k,4,12,930,1452.3255615234375,884,1698.6962890625,100.0,99.03222173669079,
pgame_seed0,pgame,0,leg2_weak,top_k,4,13,195,1452.263916015625,884,1698.6962890625,100.0,99.03222173669079,
pgame_seed0,pgame,0,leg2_weak,top_k,4,14,975,1599.646728515625,884,1698.6962890625,100.0,99.03222173669079,
pgame_seed0,pgame,0,leg2_weak,top_k,4,15,579,1569.0048828125,884,1698.6962890625,100.0,99.03222173669079,
pgame_seed0,pgame,0,leg2_weak,top_k,4,16,202,1646.33349609375,884,1698.6962890625,100.0,99.03222173669079,
pgame_seed0,pgame,0,leg2_weak,top_k,4,17,973,1484.580322265625,884,1698.6962890625,100.0,99.03222173669079,
pgame_seed0,pgame,0,leg2_weak,top_k,4,18,540,1405.1895751953125,884,1698.6962890625,100.0,99.03222173669079,
pgame_seed0,pgame,0,leg2_weak,top_k,4,19,342,1400.56201171875,884,1698.6962890625,100.0,99.03222173669079,
pgame_seed0,pgame,0,leg2_weak,top_k,4,20,466,1387.47509765625,884,1698.6962890625,100.0,99.03222173669079,
pgame_seed0,pgame,0,leg2_weak,best_intact,0,1,884,1731.387451171875,884,1698.6962890625,100.0,99.03222173669079,
pgame_seed0,pgame,0,leg2_weak,best_intact,1,1,884,1651.6529541015625,884,1698.6962890625,100.0,99.03222173669079,
pgame_seed0,pgame,0,leg2_weak,best_intact,2,1,884,1708.1107177734375,884,1698.6962890625,100.0,99.03222173669079,
pgame_seed0,pgame,0,leg2_weak,best_intact,3,1,884,1669.64404296875,884,1698.6962890625,100.0,99.03222173669079,
pgame_seed0,pgame,0,leg2_weak,best_intact,4,1,884,1666.9384765625,884,1698.6962890625,100.0,99.03222173669079,
pgame_seed0,pgame,0,leg3_weak,ite,0,1,884,1340.602294921875,884,1353.447265625,56.62372486554803,45.60882158928854,4
pgame_seed0,pgame,0,leg3_weak,ite,0,2,1012,1355.132568359375,1012,1327.2705078125,51.59492322728997,41.55826297146819,4
pgame_seed0,pgame,0,leg3_weak,ite,0,3,973,1339.3028564453125,1012,1327.2705078125,51.59492322728997,41.55826297146819,4
pgame_seed0,pgame,0,leg3_weak,ite,0,4,1012,1447.82373046875,1012,1327.2705078125,51.59492322728997,41.55826297146819,4
pgame_seed0,pgame,0,leg3_weak,ite,0,5,1012,1323.9781494140625,1012,1327.2705078125,51.59492322728997,41.55826297146819,4
pgame_seed0,pgame,0,leg3_weak,ite,0,6,884,1339.6728515625,1012,1327.2705078125,51.59492322728997,41.55826297146819,4
pgame_seed0,pgame,0,leg3_weak,ite,0,7,1012,1356.1771240234375,1012,1327.2705078125,51.59492322728997,41.55826297146819,4
pgame_seed0,pgame,0,leg3_weak,ite,0,8,1012,1268.8236083984375,1012,1327.2705078125,51.59492322728997,41.55826297146819,4
pgame_seed0,pgame,0,leg3_weak,ite,0,9,884,1290.187744140625,1012,1327.2705078125,51.59492322728997,41.55826297146819,4
pgame_seed0,pgame,0,leg3_weak,ite,0,10,973,1382.2525634765625,1012,1327.2705078125,51.59492322728997,41.55826297146819,4
pgame_seed0,pgame,0,leg3_weak,ite,0,11,973,1411.6090087890625,1012,1327.2705078125,51.59492322728997,41.55826297146819,4
pgame_seed0,pgame,0,leg3_weak,ite,0,12,973,1378.1248779296875,1012,1327.2705078125,51.59492322728997,41.55826297146819,4
pgame_seed0,pgame,0,leg3_weak,ite,0,13,973,1362.44287109375,1012,1327.2705078125,51.59492322728997,41.55826297146819,4
pgame_seed0,pgame,0,leg3_weak,ite,0,14,973,1363.5955810546875,1012,1327.2705078125,51.59492322728997,41.55826297146819,4
pgame_seed0,pgame,0,leg3_weak,ite,0,15,973,1331.629150390625,1012,1327.2705078125,51.59492322728997,41.55826297146819,4
pgame_seed0,pgame,0,leg3_weak,ite,0,16,973,1348.430908203125,1012,1327.2705078125,51.59492322728997,41.55826297146819,4
pgame_seed0,pgame,0,leg3_weak,ite,0,17,973,1373.4088134765625,1012,1327.2705078125,51.59492322728997,41.55826297146819,4
pgame_seed0,pgame,0,leg3_weak,ite,0,18,973,1376.99658203125,1012,1327.2705078125,51.59492322728997,41.55826297146819,4
pgame_seed0,pgame,0,leg3_weak,ite,0,19,973,1337.6092529296875,1012,1327.2705078125,51.59492322728997,41.55826297146819,4
pgame_seed0,pgame,0,leg3_weak,ite,0,20,973,1326.317138671875,1012,1327.2705078125,51.59492322728997,41.55826297146819,4
pgame_seed0,pgame,0,leg3_weak,ite,1,1,884,1335.24658203125,884,1353.447265625,56.62372486554803,45.60882158928854,4
pgame_seed0,pgame,0,leg3_weak,ite,1,2,1012,1352.24462890625,1012,1327.2705078125,51.59492322728997,41.55826297146819,4
pgame_seed0,pgame,0,leg3_weak,ite,1,3,973,1307.718994140625,1012,1327.2705078125,51.59492322728997,41.55826297146819,4
pgame_seed0,pgame,0,leg3_weak,ite,1,4,1012,1255.8504638671875,1012,1327.2705078125,51.59492322728997,41.55826297146819,4
pgame_seed0,pgame,0,leg3_weak,ite,1,5,884,1344.65576171875,1012,1327.2705078125,51.59492322728997,41.55826297146819,4
pgame_seed0,pgame,0,leg3_weak,ite,1,6,884,1409.2587890625,884,1353.447265625,56.62372486554803,45.60882158928854,4
pgame_seed0,pgame,0,leg3_weak,ite,1,7,884,1360.349365234375,884,1353.447265625,56.62372486554803,45.60882158928854,4
pgame_seed0,pgame,0,leg3_weak,ite,1,8,884,1298.41943359375,884,1353.447265625,56.62372486554803,45.60882158928854,4
pgame_seed0,pgame,0,leg3_weak,ite,1,9,884,1360.13427734375,884,1353.447265625,56.62372486554803,45.60882158928854,4
pgame_seed0,pgame,0,leg3_weak,ite,1,10,884,1299.23583984375,884,1353.447265625,56.62372486554803,45.60882158928854,4
pgame_seed0,pgame,0,leg3_weak,ite,1,11,884,1374.8167724609375,884,1353.447265625,56.62372486554803,45.60882158928854,4
pgame_seed0,pgame,0,leg3_weak,ite,1,12,884,1346.0455322265625,884,1353.447265625,56.62372486554803,45.60882158928854,4
pgame_seed0,pgame,0,leg3_weak,ite,1,13,884,1417.599365234375,884,1353.447265625,56.62372486554803,45.60882158928854,4
pgame_seed0,pgame,0,leg3_weak,ite,1,14,884,1298.2989501953125,884,1353.447265625,56.62372486554803,45.60882158928854,4
pgame_seed0,pgame,0,leg3_weak,ite,1,15,884,1347.771484375,884,1353.447265625,56.62372486554803,45.60882158928854,4
pgame_seed0,pgame,0,leg3_weak,ite,1,16,884,1356.1630859375,884,1353.447265625,56.62372486554803,45.60882158928854,4
pgame_seed0,pgame,0,leg3_weak,ite,1,17,884,1488.572509765625,884,1353.447265625,56.62372486554803,45.60882158928854,4
pgame_seed0,pgame,0,leg3_weak,ite,1,18,884,1369.148193359375,884,1353.447265625,56.62372486554803,45.60882158928854,4
pgame_seed0,pgame,0,leg3_weak,ite,1,19,884,1316.5440673828125,884,1353.447265625,56.62372486554803,45.60882158928854,4
pgame_seed0,pgame,0,leg3_weak,ite,1,20,884,1396.6287841796875,884,1353.447265625,56.62372486554803,45.60882158928854,4
pgame_seed0,pgame,0,leg3_weak,ite,2,1,884,1213.905029296875,884,1353.447265625,56.62372486554803,45.60882158928854,2
pgame_seed0,pgame,0,leg3_weak,ite,2,2,973,1355.946533203125,973,1356.1455078125,57.14208259457273,46.026344195557435,2
pgame_seed0,pgame,0,leg3_weak,ite,2,3,1012,1249.019775390625,973,1356.1455078125,57.14208259457273,46.026344195557435,2
pgame_seed0,pgame,0,leg3_weak,ite,2,4,973,1354.513916015625,973,1356.1455078125,57.14208259457273,46.026344195557435,2
pgame_seed0,pgame,0,leg3_weak,ite,2,5,973,1348.869140625,973,1356.1455078125,57.14208259457273,46.026344195557435,2
pgame_seed0,pgame,0,leg3_weak,ite,2,6,973,1343.262939453125,973,1356.1455078125,57.14208259457273,46.026344195557435,2
pgame_seed0,pgame,0,leg3_weak,ite,2,7,973,1367.72314453125,973,1356.1455078125,57.14208259457273,46.026344195557435,2
pgame_seed0,pgame,0,leg3_weak,ite,2,8,973,1359.31884765625,973,1356.1455078125,57.14208259457273,46.026344195557435,2
pgame_seed0,pgame,0,leg3_weak,ite,2,9,973,1381.5009765625,973,1356.1455078125,57.14208259457273,46.026344195557435,2
pgame_seed0,pgame,0,leg3_weak,ite,2,10,973,1391.1595458984375,973,1356.1455078125,57.14208259457273,46.026344195557435,2
pgame_seed0,pgame,0,leg3_weak,ite,2,11,973,1407.716552734375,973,1356.1455078125,57.14208259457273,46.026344195557435,2
pgame_seed0,pgame,0,leg3_weak,ite,2,12,973,1376.9884033203125,973,1356.1455078125,57.14208259457273,46.026344195557435,2
pgame_seed0,pgame,0,leg3_weak,ite,2,13,973,1359.1185302734375,973,1356.1455078125,57.14208259457273,46.026344195557435,2
pgame_seed0,pgame,0,leg3_weak,ite,2,14,973,1364.63525390625,973,1356.1455078125,57.14208259457273,46.026344195557435,2
pgame_seed0,pgame,0,leg3_weak,ite,2,15,973,1378.526123046875,973,1356.1455078125,57.14208259457273,46.026344195557435,2
pgame_seed0,pgame,0,leg3_weak,ite,2,16,973,1356.2396240234375,973,1356.1455078125,57.14208259457273,46.026344195557435,2
pgame_seed0,pgame,0,leg3_weak,ite,2,17,973,1340.97216796875,973,1356.1455078125,57.14208259457273,46.026344195557435,2
pgame_seed0,pgame,0,leg3_weak,ite,2,18,973,1383.569091796875,973,1356.1455078125,57.14208259457273,46.026344195557435,2
pgame_seed0,pgame,0,leg3_weak,ite,2,19,973,1335.6156005859375,973,1356.1455078125,57.14208259457273,46.026344195557435,2
pgame_seed0,pgame,0,leg3_weak,ite,2,20,973,1344.2763671875,973,1356.1455078125,57.14208259457273,46.026344195557435,2
pgame_seed0,pgame,0,leg3_weak,ite,3,1,884,1378.43115234375,884,1353.447265625,56.62372486554803,45.60882158928854,4
pgame_seed0,pgame,0,leg3_weak,ite,3,2,1012,1333.25634765625,884,1353.447265625,56.62372486554803,45.60882158928854,4
pgame_seed0,pgame,0,leg3_weak,ite,3,3,973,1367.309814453125,884,1353.447265625,56.62372486554803,45.60882158928854,4
pgame_seed0,pgame,0,leg3_weak,ite,3,4,884,1247.60205078125,884,1353.447265625,56.62372486554803,45.60882158928854,4
pgame_seed0,pgame,0,leg3_weak,ite,3,5,973,1374.303955078125,884,1353.447265625,56.62372486554803,45.60882158928854,4
pgame_seed0,pgame,0,leg3_weak,ite,3,6,973,1345.99365234375,884,1353.447265625,56.62372486554803,45.60882158928854,4
pgame_seed0,pgame,0,leg3_weak,ite,3,7,1012,1244.371826171875,884,1353.447265625,56.62372486554803,45.60882158928854,4
pgame_seed0,pgame,0,leg3_weak,ite,3,8,973,1343.8714599609375,884,1353.447265625,56.62372486554803,45.60882158928854,4
pgame_seed0,pgame,0,leg3_weak,ite,3,9,973,1373.14306640625,884,1353.447265625,56.62372486554803,45.60882158928854,4
pgame_seed0,pgame,0,leg3_weak,ite,3,10,973,1355.63232421875,884,1353.447265625,56.62372486554803,45.60882158928854,4
pgame_seed0,pgame,0,leg3_weak,ite,3,11,973,1366.309326171875,884,1353.447265625,56.62372486554803,45.60882158928854,4
pgame_seed0,pgame,0,leg3_weak,ite,3,12,973,1359.26220703125,884,1353.447265625,56.62372486554803,45.60882158928854,4
pgame_seed0,pgame,0,leg3_weak,ite,3,13,973,1380.535400390625,973,1356.1455078125,57.14208259457273,46.026344195557435,4
pgame_seed0,pgame,0,leg3_weak,ite,3,14,973,1397.067626953125,973,1356.1455078125,57.14208259457273,46.026344195557435,4
pgame_seed0,pgame,0,leg3_weak,ite,3,15,973,1345.0047607421875,973,1356.1455078125,57.14208259457273,46.026344195557435,4
pgame_seed0,pgame,0,leg3_weak,ite,3,16,973,1389.22265625,973,1356.1455078125,57.14208259457273,46.026344195557435,4
pgame_seed0,pgame,0,leg3_weak,ite,3,17,973,1387.861572265625,973,1356.1455078125,57.14208259457273,46.026344195557435,4
pgame_seed0,pgame,0,leg3_weak,ite,3,18,973,1413.851806640625,973,1356.1455078125,57.14208259457273,46.026344195557435,4
pgame_seed0,pgame,0,leg3_weak,ite,3,19,973,1378.86083984375,973,1356.1455078125,57.14208259457273,46.026344195557435,4
pgame_seed0,pgame,0,leg3_weak,ite,3,20,973,1386.223388671875,973,1356.1455078125,57.14208259457273,46.026344195557435,4
pgame_seed0,pgame,0,leg3_weak,ite,4,1,884,1341.0240478515625,884,1353.447265625,56.62372486554803,45.60882158928854,4
pgame_seed0,pgame,0,leg3_weak,ite,4,2,1012,1272.2314453125,884,1353.447265625,56.62372486554803,45.60882158928854,4
pgame_seed0,pgame,0,leg3_weak,ite,4,3,973,1347.44873046875,973,1356.1455078125,57.14208259457273,46.026344195557435,4
pgame_seed0,pgame,0,leg3_weak,ite,4,4,884,1302.71337890625,973,1356.1455078125,57.14208259457273,46.026344195557435,4
pgame_seed0,pgame,0,leg3_weak,ite,4,5,973,1361.649658203125,973,1356.1455078125,57.14208259457273,46.026344195557435,4
pgame_seed0,pgame,0,leg3_weak,ite,4,6,973,1316.1353759765625,973,1356.1455078125,57.14208259457273,46.026344195557435,4
pgame_seed0,pgame,0,leg3_weak,ite,4,7,1012,1468.58984375,1012,1327.2705078125,51.59492322728997,41.55826297146819,4
pgame_seed0,pgame,0,leg3_weak,ite,4,8,1012,1397.95556640625,1012,1327.2705078125,51.59492322728997,41.55826297146819,4
pgame_seed0,pgame,0,leg3_weak,ite,4,9,1012,1325.4326171875,1012,1327.2705078125,51.59492322728997,41.55826297146819,4
pgame_seed0,pgame,0,leg3_weak,ite,4,10,1012,1439.38525390625,1012,1327.2705078125,51.59492322728997,41.55826297146819,4
pgame_seed0,pgame,0,leg3_weak,ite,4,11,1012,1393.3636474609375,1012,1327.2705078125,51.59492322728997,41.55826297146819,4
pgame_seed0,pgame,0,leg3_weak,ite,4,12,1012,1390.1724853515625,1012,1327.2705078125,51.59492322728997,41.55826297146819,4
pgame_seed0,pgame,0,leg3_weak,ite,4,13,1012,1345.1640625,1012,1327.2705078125,51.59492322728997,41.55826297146819,4
pgame_seed0,pgame,0,leg3_weak,ite,4,14,1012,1357.4781494140625,1012,1327.2705078125,51.59492322728997,41.55826297146819,4
pgame_seed0,pgame,0,leg3_weak,ite,4,15,1012,1364.620849609375,1012,1327.2705078125,51.59492322728997,41.55826297146819,4
pgame_seed0,pgame,0,leg3_weak,ite,4,16,1012,1327.6650390625,1012,1327.2705078125,51.59492322728997,41.55826297146819,4
pgame_seed0,pgame,0,leg3_weak,ite,4,17,1012,1371.033447265625,1012,1327.2705078125,51.59492322728997,41.55826297146819,4
pgame_seed0,pgame,0,leg3_weak,ite,4,18,1012,1353.754638671875,1012,1327.2705078125,51.59492322728997,41.55826297146819,4
pgame_seed0,pgame,0,leg3_weak,ite,4,19,1012,1315.887939453125,1012,1327.2705078125,51.59492322728997,41.55826297146819,4
pgame_seed0,pgame,0,leg3_weak,ite,4,20,1012,1322.8671875,1012,1327.2705078125,51.59492322728997,41.55826297146819,4
pgame_seed0,pgame,0,leg3_weak,top_k,0,1,884,1312.2921142578125,884,1353.447265625,56.62372486554803,45.60882158928854,
pgame_seed0,pgame,0,leg3_weak,top_k,0,2,1012,1361.900634765625,1012,1327.2705078125,51.59492322728997,41.55826297146819,
pgame_seed0,pgame,0,leg3_weak,top_k,0,3,80,1352.2891845703125,1012,1327.2705078125,51.59492322728997,41.55826297146819,
pgame_seed0,pgame,0,leg3_weak,top_k,0,4,553,1464.598388671875,553,1499.0616455078125,84.5976182466048,68.14100779575755,
pgame_seed0,pgame,0,leg3_weak,top_k,0,5,976,1398.00048828125,553,1499.0616455078125,84.5976182466048,68.14100779575755,
pgame_seed0,pgame,0,leg3_weak,top_k,0,6,8,1511.408935546875,8,1414.0684814453125,68.26963119260314,54.98927236636905,
pgame_seed0,pgame,0,leg3_weak,top_k,0,7,183,1407.69921875,8,1414.0684814453125,68.26963119260314,54.98927236636905,
pgame_seed0,pgame,0,leg3_weak,top_k,0,8,997,1493.7578125,8,1414.0684814453125,68.26963119260314,54.98927236636905,
pgame_seed0,pgame,0,leg3_weak,top_k,0,9,277,1446.0556640625,8,1414.0684814453125,68.26963119260314,54.98927236636905,
pgame_seed0,pgame,0,leg3_weak,top_k,0,10,879,1517.4727783203125,879,1476.2354736328125,80.21249571376973,64.60891463653603,
pgame_seed0,pgame,0,leg3_weak,top_k,0,11,69,1402.7618408203125,879,1476.2354736328125,80.21249571376973,64.60891463653603,
pgame_seed0,pgame,0,leg3_weak,top_k,0,12,930,1472.314453125,879,1476.2354736328125,80.21249571376973,64.60891463653603,
pgame_seed0,pgame,0,leg3_weak,top_k,0,13,195,1495.847412109375,879,1476.2354736328125,80.21249571376973,64.60891463653603,
pgame_seed0,pgame,0,leg3_weak,top_k,0,14,975,1361.39599609375,879,1476.2354736328125,80.21249571376973,64.60891463653603,
pgame_seed0,pgame,0,leg3_weak,top_k,0,15,579,1480.3519287109375,879,1476.2354736328125,80.21249571376973,64.60891463653603,
pgame_seed0,pgame,0,leg3_weak,top_k,0,16,202,1454.6483154296875,879,1476.2354736328125,80.21249571376973,64.60891463653603,
pgame_seed0,pgame,0,leg3_weak,top_k,0,17,973,1389.77099609375,879,1476.2354736328125,80.21249571376973,64.60891463653603,
pgame_seed0,pgame,0,leg3_weak,top_k,0,18,540,1410.8214111328125,879,1476.2354736328125,80.21249571376973,64.60891463653603,
pgame_seed0,pgame,0,leg3_weak,top_k,0,19,342,1402.237060546875,879,1476.2354736328125,80.21249571376973,64.60891463653603,
pgame_seed0,pgame,0,leg3_weak,top_k,0,20,466,1519.6268310546875,466,1466.391845703125,78.32144210759787,63.085724017330584,
pgame_seed0,pgame,0,leg3_weak,top_k,1,1,884,1327.3486328125,884,1353.447265625,56.62372486554803,45.60882158928854,
pgame_seed0,pgame,0,leg3_weak,top_k,1,2,1012,1456.856201171875,1012,1327.2705078125,51.59492322728997,41.55826297146819,
pgame_seed0,pgame,0,leg3_weak,top_k,1,3,80,1399.921142578125,1012,1327.2705078125,51.59492322728997,41.55826297146819,
pgame_seed0,pgame,0,leg3_weak,top_k,1,4,553,1558.33837890625,553,1499.0616455078125,84.5976182466048,68.14100779575755,
pgame_seed0,pgame,0,leg3_weak,top_k,1,5,976,1435.836181640625,553,1499.0616455078125,84.5976182466048,68.14100779575755,
pgame_seed0,pgame,0,leg3_weak,top_k,1,6,8,1438.621337890625,553,1499.0616455078125,84.5976182466048,68.14100779575755,
pgame_seed0,pgame,0,leg3_weak,top_k,1,7,183,1386.240478515625,553,1499.0616455078125,84.5976182466048,68.14100779575755,
pgame_seed0,pgame,0,leg3_weak,top_k,1,8,997,1493.449951171875,553,1499.0616455078125,84.5976182466048,68.14100779575755,
pgame_seed0,pgame,0,leg3_weak,top_k,1,9,277,1389.1295166015625,553,1499.0616455078125,84.5976182466048,68.14100779575755,
pgame_seed0,pgame,0,leg3_weak,top_k,1,10,879,1521.7425537109375,553,1499.0616455078125,84.5976182466048,68.14100779575755,
pgame_seed0,pgame,0,leg3_weak,top_k,1,11,69,1413.83349609375,553,1499.0616455078125,84.5976182466048,68.14100779575755,
pgame_seed0,pgame,0,leg3_weak,top_k,1,12,930,1420.703125,553,1499.0616455078125,84.5976182466048,68.14100779575755,
pgame_seed0,pgame,0,leg3_weak,top_k,1,13,195,1452.646240234375,553,1499.0616455078125,84.5976182466048,68.14100779575755,
pgame_seed0,pgame,0,leg3_weak,top_k,1,14,975,1438.28271484375,553,1499.0616455078125,84.5976182466048,68.14100779575755,
pgame_seed0,pgame,0,leg3_weak,top_k,1,15,579,1467.098876953125,553,1499.0616455078125,84.5976182466048,68.14100779575755,
pgame_seed0,pgame,0,leg3_weak,top_k,1,16,202,1422.746337890625,553,1499.0616455078125,84.5976182466048,68.14100779575755,
pgame_seed0,pgame,0,leg3_weak,top_k,1,17,973,1381.2054443359375,553,1499.0616455078125,84.5976182466048,68.14100779575755,
pgame_seed0,pgame,0,leg3_weak,top_k,1,18,540,1386.44921875,553,1499.0616455078125,84.5976182466048,68.14100779575755,
pgame_seed0,pgame,0,leg3_weak,top_k,1,19,342,1447.6787109375,553,1499.0616455078125,84.5976182466048,68.14100779575755,
pgame_seed0,pgame,0,leg3_weak,top_k,1,20,466,1417.4903564453125,553,1499.0616455078125,84.5976182466048,68.14100779575755,
pgame_seed0,pgame,0,leg3_weak,top_k,2,1,884,1346.904296875,884,1353.447265625,56.62372486554803,45.60882158928854,
pgame_seed0,pgame,0,leg3_weak,top_k,2,2,1012,1314.4942626953125,884,1353.447265625,56.62372486554803,45.60882158928854,
pgame_seed0,pgame,0,leg3_weak,top_k,2,3,80,1375.294189453125,80,1368.935791015625,59.599216422465865,48.00549654986624,
pgame_seed0,pgame,0,leg3_weak,top_k,2,4,553,1542.779052734375,553,1499.0616455078125,84.5976182466048,68.14100779575755,
pgame_seed0,pgame,0,leg3_weak,top_k,2,5,976,1471.4248046875,553,1499.0616455078125,84.5976182466048,68.14100779575755,
pgame_seed0,pgame,0,leg3_weak,top_k,2,6,8,1478.283447265625,553,1499.0616455078125,84.5976182466048,68.14100779575755,
pgame_seed0,pgame,0,leg3_weak,top_k,2,7,183,1375.8048095703125,553,1499.0616455078125,84.5976182466048,68.14100779575755,
pgame_seed0,pgame,0,leg3_weak,top_k,2,8,997,1532.7276611328125,553,1499.0616455078125,84.5976182466048,68.14100779575755,
pgame_seed0,pgame,0,leg3_weak,top_k,2,9,277,1450.6004638671875,553,1499.0616455078125,84.5976182466048,68.14100779575755,
pgame_seed0,pgame,0,leg3_weak,top_k,2,10,879,1484.642822265625,553,1499.0616455078125,84.5976182466048,68.14100779575755,
pgame_seed0,pgame,0,leg3_weak,top_k,2,11,69,1395.216552734375,553,1499.0616455078125,84.5976182466048,68.14100779575755,
pgame_seed0,pgame,0,leg3_weak,top_k,2,12,930,1460.025390625,553,1499.0616455078125,84.5976182466048,68.14100779575755,
pgame_seed0,pgame,0,leg3_weak,top_k,2,13,195,1441.4609375,553,1499.0616455078125,84.5976182466048,68.14100779575755,
pgame_seed0,pgame,0,leg3_weak,top_k,2,14,975,1460.481201171875,553,1499.0616455078125,84.5976182466048,68.14100779575755,
pgame_seed0,pgame,0,leg3_weak,top_k,2,15,579,1523.621826171875,553,1499.0616455078125,84.5976182466048,68.14100779575755,
pgame_seed0,pgame,0,leg3_weak,top_k,2,16,202,1419.8724365234375,553,1499.0616455078125,84.5976182466048,68.14100779575755,
pgame_seed0,pgame,0,leg3_weak,top_k,2,17,973,1378.5845947265625,553,1499.0616455078125,84.5976182466048,68.14100779575755,
pgame_seed0,pgame,0,leg3_weak,top_k,2,18,540,1390.123291015625,553,1499.0616455078125,84.5976182466048,68.14100779575755,
pgame_seed0,pgame,0,leg3_weak,top_k,2,19,342,1425.866943359375,553,1499.0616455078125,84.5976182466048,68.14100779575755,
pgame_seed0,pgame,0,leg3_weak,top_k,2,20,466,1463.037353515625,553,1499.0616455078125,84.5976182466048,68.14100779575755,
pgame_seed0,pgame,0,leg3_weak,top_k,3,1,884,1327.66845703125,884,1353.447265625,56.62372486554803,45.60882158928854,
pgame_seed0,pgame,0,leg3_weak,top_k,3,2,1012,1332.199462890625,1012,1327.2705078125,51.59492322728997,41.55826297146819,
pgame_seed0,pgame,0,leg3_weak,top_k,3,3,80,1357.166015625,80,1368.935791015625,59.599216422465865,48.00549654986624,
pgame_seed0,pgame,0,leg3_weak,top_k,3,4,553,1535.53173828125,553,1499.0616455078125,84.5976182466048,68.14100779575755,
pgame_seed0,pgame,0,leg3_weak,top_k,3,5,976,1437.9810791015625,553,1499.0616455078125,84.5976182466048,68.14100779575755,
pgame_seed0,pgame,0,leg3_weak,top_k,3,6,8,1396.616943359375,553,1499.0616455078125,84.5976182466048,68.14100779575755,
pgame_seed0,pgame,0,leg3_weak,top_k,3,7,183,1371.3973388671875,553,1499.0616455078125,84.5976182466048,68.14100779575755,
pgame_seed0,pgame,0,leg3_weak,top_k,3,8,997,1463.046630859375,553,1499.0616455078125,84.5976182466048,68.14100779575755,
pgame_seed0,pgame,0,leg3_weak,top_k,3,9,277,1400.542236328125,553,1499.0616455078125,84.5976182466048,68.14100779575755,
pgame_seed0,pgame,0,leg3_weak,top_k,3,10,879,1489.9088134765625,553,1499.0616455078125,84.5976182466048,68.14100779575755,
pgame_seed0,pgame,0,leg3_weak,top_k,3,11,69,1444.867919921875,553,1499.0616455078125,84.5976182466048,68.14100779575755,
pgame_seed0,pgame,0,leg3_weak,top_k,3,12,930,1465.815673828125,553,1499.0616455078125,84.5976182466048,68.14100779575755,
pgame_seed0,pgame,0,leg3_weak,top_k,3,13,195,1383.006103515625,553,1499.0616455078125,84.5976182466048,68.14100779575755,
pgame_seed0,pgame,0,leg3_weak,top_k,3,14,975,1426.99462890625,553,1499.0616455078125,84.5976182466048,68.14100779575755,
pgame_seed0,pgame,0,leg3_weak,top_k,3,15,579,1565.9283447265625,579,1469.307373046875,78.88154236094685,63.536869055700386,
pgame_seed0,pgame,0,leg3_weak,top_k,3,16,202,1321.66259765625,579,1469.307373046875,78.88154236094685,63.536869055700386,
pgame_seed0,pgame,0,leg3_weak,top_k,3,17,973,1336.29833984375,579,1469.307373046875,78.88154236094685,63.536869055700386,
pgame_seed0,pgame,0,leg3_weak,top_k,3,18,540,1393.6695556640625,579,1469.307373046875,78.88154236094685,63.536869055700386,
pgame_seed0,pgame,0,leg3_weak,top_k,3,19,342,1415.744384765625,579,1469.307373046875,78.88154236094685,63.536869055700386,
pgame_seed0,pgame,0,leg3_weak,top_k,3,20,466,1402.5223388671875,579,1469.307373046875,78.88154236094685,63.536869055700386,
pgame_seed0,pgame,0,leg3_weak,top_k,4,1,884,1364.7401123046875,884,1353.447265625,56.62372486554803,45.60882158928854,
pgame_seed0,pgame,0,leg3_weak,top_k,4,2,1012,1315.88623046875,884,1353.447265625,56.62372486554803,45.60882158928854,
pgame_seed0,pgame,0,leg3_weak,top_k,4,3,80,1372.1639404296875,80,1368.935791015625,59.599216422465865,48.00549654986624,
pgame_seed0,pgame,0,leg3_weak,top_k,4,4,553,1515.75341796875,553,1499.0616455078125,84.5976182466048,68.14100779575755,
pgame_seed0,pgame,0,leg3_weak,top_k,4,5,976,1438.515625,553,1499.0616455078125,84.5976182466048,68.14100779575755,
pgame_seed0,pgame,0,leg3_weak,top_k,4,6,8,1442.022216796875,553,1499.0616455078125,84.5976182466048,68.14100779575755,
pgame_seed0,pgame,0,leg3_weak,top_k,4,7,183,1429.1309814453125,553,1499.0616455078125,84.5976182466048,68.14100779575755,
pgame_seed0,pgame,0,leg3_weak,top_k,4,8,997,1473.55859375,553,1499.0616455078125,84.5976182466048,68.14100779575755,
pgame_seed0,pgame,0,leg3_weak,top_k,4,9,277,1419.49072265625,553,1499.0616455078125,84.5976182466048,68.14100779575755,
pgame_seed0,pgame,0,leg3_weak,top_k,4,10,879,1528.2808837890625,879,1476.2354736328125,80.21249571376973,64.60891463653603,
pgame_seed0,pgame,0,leg3_weak,top_k,4,11,69,1365.6556396484375,879,1476.2354736328125,80.21249571376973,64.60891463653603,
pgame_seed0,pgame,0,leg3_weak,top_k,4,12,930,1435.857421875,879,1476.2354736328125,80.21249571376973,64.60891463653603,
pgame_seed0,pgame,0,leg3_weak,top_k,4,13,195,1384.8017578125,879,1476.2354736328125,80.21249571376973,64.60891463653603,
pgame_seed0,pgame,0,leg3_weak,top_k,4,14,975,1499.25146484375,879,1476.2354736328125,80.21249571376973,64.60891463653603,
pgame_seed0,pgame,0,leg3_weak,top_k,4,15,579,1548.1507568359375,579,1469.307373046875,78.88154236094685,63.536869055700386,
pgame_seed0,pgame,0,leg3_weak,top_k,4,16,202,1423.405029296875,579,1469.307373046875,78.88154236094685,63.536869055700386,
pgame_seed0,pgame,0,leg3_weak,top_k,4,17,973,1414.33251953125,579,1469.307373046875,78.88154236094685,63.536869055700386,
pgame_seed0,pgame,0,leg3_weak,top_k,4,18,540,1390.50244140625,579,1469.307373046875,78.88154236094685,63.536869055700386,
pgame_seed0,pgame,0,leg3_weak,top_k,4,19,342,1396.841796875,579,1469.307373046875,78.88154236094685,63.536869055700386,
pgame_seed0,pgame,0,leg3_weak,top_k,4,20,466,1468.00732421875,579,1469.307373046875,78.88154236094685,63.536869055700386,
pgame_seed0,pgame,0,leg3_weak,best_intact,0,1,884,1393.574951171875,884,1353.447265625,56.62372486554803,45.60882158928854,
pgame_seed0,pgame,0,leg3_weak,best_intact,1,1,884,1321.15625,884,1353.447265625,56.62372486554803,45.60882158928854,
pgame_seed0,pgame,0,leg3_weak,best_intact,2,1,884,1306.1656494140625,884,1353.447265625,56.62372486554803,45.60882158928854,
pgame_seed0,pgame,0,leg3_weak,best_intact,3,1,884,1347.227294921875,884,1353.447265625,56.62372486554803,45.60882158928854,
pgame_seed0,pgame,0,leg3_weak,best_intact,4,1,884,1338.8345947265625,884,1353.447265625,56.62372486554803,45.60882158928854,
pgame_seed0,pgame,0,leg4_weak,ite,0,1,884,1551.98876953125,884,1577.972900390625,80.85877485985901,80.35163623943599,2
pgame_seed0,pgame,0,leg4_weak,ite,0,2,884,1596.5927734375,884,1577.972900390625,80.85877485985901,80.35163623943599,2
pgame_seed0,pgame,0,leg4_weak,ite,0,3,884,1638.06689453125,884,1577.972900390625,80.85877485985901,80.35163623943599,2
pgame_seed0,pgame,0,leg4_weak,ite,0,4,884,1590.960693359375,884,1577.972900390625,80.85877485985901,80.35163623943599,2
pgame_seed0,pgame,0,leg4_weak,ite,0,5,884,1670.625244140625,884,1577.972900390625,80.85877485985901,80.35163623943599,2
pgame_seed0,pgame,0,leg4_weak,ite,0,6,884,1618.6043701171875,884,1577.972900390625,80.85877485985901,80.35163623943599,2
pgame_seed0,pgame,0,leg4_weak,ite,0,7,884,1556.6500244140625,884,1577.972900390625,80.85877485985901,80.35163623943599,2
pgame_seed0,pgame,0,leg4_weak,ite,0,8,884,1555.6270751953125,884,1577.972900390625,80.85877485985901,80.35163623943599,2
pgame_seed0,pgame,0,leg4_weak,ite,0,9,884,1601.432861328125,884,1577.972900390625,80.85877485985901,80.35163623943599,2
pgame_seed0,pgame,0,leg4_weak,ite,0,10,884,1613.2757568359375,884,1577.972900390625,80.85877485985901,80.35163623943599,2
pgame_seed0,pgame,0,leg4_weak,ite,0,11,884,1631.835205078125,884,1577.972900390625,80.85877485985901,80.35163623943599,2
pgame_seed0,pgame,0,leg4_weak,ite,0,12,884,1565.015380859375,884,1577.972900390625,80.85877485985901,80.35163623943599,2
pgame_seed0,pgame,0,leg4_weak,ite,0,13,884,1614.0869140625,884,1577.972900390625,80.85877485985901,80.35163623943599,2
pgame_seed0,pgame,0,leg4_weak,ite,0,14,884,1588.842041015625,884,1577.972900390625,80.85877485985901,80.35163623943599,2
pgame_seed0,pgame,0,leg4_weak,ite,0,15,884,1565.254150390625,884,1577.972900390625,80.85877485985901,80.35163623943599,2
pgame_seed0,pgame,0,leg4_weak,ite,0,16,884,1622.800048828125,884,1577.972900390625,80.85877485985901,80.35163623943599,2
pgame_seed0,pgame,0,leg4_weak,ite,0,17,884,1612.83740234375,884,1577.972900390625,80.85877485985901,80.35163623943599,2
pgame_seed0,pgame,0,leg4_weak,ite,0,18,884,1540.418212890625,884,1577.972900390625,80.85877485985901,80.35163623943599,2
pgame_seed0,pgame,0,leg4_weak,ite,0,19,1012,1553.23486328125,884,1577.972900390625,80.85877485985901,80.35163623943599,2
pgame_seed0,pgame,0,leg4_weak,ite,0,20,884,1572.0604248046875,884,1577.972900390625,80.85877485985901,80.35163623943599,2
pgame_seed0,pgame,0,leg4_weak,ite,1,1,884,1596.1573486328125,884,1577.972900390625,80.85877485985901,80.35163623943599,1
pgame_seed0,pgame,0,leg4_weak,ite,1,2,884,1622.426025390625,884,1577.972900390625,80.85877485985901,80.35163623943599,1
pgame_seed0,pgame,0,leg4_weak,ite,1,3,884,1544.6728515625,884,1577.972900390625,80.85877485985901,80.35163623943599,1
pgame_seed0,pgame,0,leg4_weak,ite,1,4,884,1552.3170166015625,884,1577.972900390625,80.85877485985901,80.35163623943599,1
pgame_seed0,pgame,0,leg4_weak,ite,1,5,884,1581.0693359375,884,1577.972900390625,80.85877485985901,80.35163623943599,1
pgame_seed0,pgame,0,leg4_weak,ite,1,6,1012,1622.858642578125,1012,1586.5625,82.19630759154656,81.68078009180283,1
pgame_seed0,pgame,0,leg4_weak,ite,1,7,1012,1585.5478515625,1012,1586.5625,82.19630759154656,81.68078009180283,1
pgame_seed0,pgame,0,leg4_weak,ite,1,8,1012,1541.192626953125,1012,1586.5625,82.19630759154656,81.68078009180283,1
pgame_seed0,pgame,0,leg4_weak,ite,1,9,884,1590.465087890625,1012,1586.5625,82.19630759154656,81.68078009180283,1
pgame_seed0,pgame,0,leg4_weak,ite,1,10,884,1648.179931640625,884,1577.972900390625,80.85877485985901,80.35163623943599,1
pgame_seed0,pgame,0,leg4_weak,ite,1,11,884,1580.5693359375,884,1577.972900390625,80.85877485985901,80.35163623943599,1
pgame_seed0,pgame,0,leg4_weak,ite,1,12,884,1645.6640625,884,1577.972900390625,80.85877485985901,80.35163623943599,1
pgame_seed0,pgame,0,leg4_weak,ite,1,13,884,1584.3026123046875,884,1577.972900390625,80.85877485985901,80.35163623943599,1
pgame_seed0,pgame,0,leg4_weak,ite,1,14,884,1563.9814453125,884,1577.972900390625,80.85877485985901,80.35163623943599,1
pgame_seed0,pgame,0,leg4_weak,ite,1,15,884,1650.697998046875,884,1577.972900390625,80.85877485985901,80.35163623943599,1
pgame_seed0,pgame,0,leg4_weak,ite,1,16,884,1581.94287109375,884,1577.972900390625,80.85877485985901,80.35163623943599,1
pgame_seed0,pgame,0,leg4_weak,ite,1,17,884,1482.193359375,884,1577.972900390625,80.85877485985901,80.35163623943599,1
pgame_seed0,pgame,0,leg4_weak,ite,1,18,884,1620.047607421875,884,1577.972900390625,80.85877485985901,80.35163623943599,1
pgame_seed0,pgame,0,leg4_weak,ite,1,19,884,1575.2364501953125,884,1577.972900390625,80.85877485985901,80.35163623943599,1
pgame_seed0,pgame,0,leg4_weak,ite,1,20,884,1644.9322509765625,884,1577.972900390625,80.85877485985901,80.35163623943599,1
pgame_seed0,pgame,0,leg4_weak,ite,2,1,884,1622.357666015625,884,1577.972900390625,80.85877485985901,80.35163623943599,1
pgame_seed0,pgame,0,leg4_weak,ite,2,2,884,1628.43359375,884,1577.972900390625,80.85877485985901,80.35163623943599,1
pgame_seed0,pgame,0,leg4_weak,ite,2,3,884,1549.9703369140625,884,1577.972900390625,80.85877485985901,80.35163623943599,1
pgame_seed0,pgame,0,leg4_weak,ite,2,4,884,1630.890869140625,884,1577.972900390625,80.85877485985901,80.35163623943599,1
pgame_seed0,pgame,0,leg4_weak,ite,2,5,884,1549.219482421875,884,1577.972900390625,80.85877485985901,80.35163623943599,1
pgame_seed0,pgame,0,leg4_weak,ite,2,6,884,1592.4000244140625,884,1577.972900390625,80.85877485985901,80.35163623943599,1
pgame_seed0,pgame,0,leg4_weak,ite,2,7,884,1613.990966796875,884,1577.972900390625,80.85877485985901,80.35163623943599,1
pgame_seed0,pgame,0,leg4_weak,ite,2,8,884,1608.300048828125,884,1577.972900390625,80.85877485985901,80.35163623943599,1
pgame_seed0,pgame,0,leg4_weak,ite,2,9,884,1548.45947265625,884,1577.972900390625,80.85877485985901,80.35163623943599,1
pgame_seed0,pgame,0,leg4_weak,ite,2,10,884,1572.242919921875,884,1577.972900390625,80.85877485985901,80.35163623943599,1
pgame_seed0,pgame,0,leg4_weak,ite,2,11,884,1597.7994384765625,884,1577.972900390625,80.85877485985901,80.35163623943599,1
pgame_seed0,pgame,0,leg4_weak,ite,2,12,1012,1613.2196044921875,884,1577.972900390625,80.85877485985901,80.35163623943599,1
pgame_seed0,pgame,0,leg4_weak,ite,2,13,1012,1524.705078125,884,1577.972900390625,80.85877485985901,80.35163623943599,1
pgame_seed0,pgame,0,leg4_weak,ite,2,14,884,1612.5977783203125,884,1577.972900390625,80.85877485985901,80.35163623943599,1
pgame_seed0,pgame,0,leg4_weak,ite,2,15,884,1592.7952880859375,884,1577.972900390625,80.85877485985901,80.35163623943599,1
pgame_seed0,pgame,0,leg4_weak,ite,2,16,884,1667.81591796875,884,1577.972900390625,80.85877485985901,80.35163623943599,1
pgame_seed0,pgame,0,leg4_weak,ite,2,17,884,1575.136962890625,884,1577.972900390625,80.85877485985901,80.35163623943599,1
pgame_seed0,pgame,0,leg4_weak,ite,2,18,884,1617.31005859375,884,1577.972900390625,80.85877485985901,80.35163623943599,1
pgame_seed0,pgame,0,leg4_weak,ite,2,19,884,1561.0244140625,884,1577.972900390625,80.85877485985901,80.35163623943599,1
pgame_seed0,pgame,0,leg4_weak,ite,2,20,884,1619.83837890625,884,1577.972900390625,80.85877485985901,80.35163623943599,1
pgame_seed0,pgame,0,leg4_weak,ite,3,1,884,1625.0343017578125,884,1577.972900390625,80.85877485985901,80.35163623943599,1
pgame_seed0,pgame,0,leg4_weak,ite,3,2,884,1547.49267578125,884,1577.972900390625,80.85877485985901,80.35163623943599,1
pgame_seed0,pgame,0,leg4_weak,ite,3,3,884,1594.5711669921875,884,1577.972900390625,80.85877485985901,80.35163623943599,1
pgame_seed0,pgame,0,leg4_weak,ite,3,4,884,1567.5423583984375,884,1577.972900390625,80.85877485985901,80.35163623943599,1
pgame_seed0,pgame,0,leg4_weak,ite,3,5,884,1513.3114013671875,884,1577.972900390625,80.85877485985901,80.35163623943599,1
pgame_seed0,pgame,0,leg4_weak,ite,3,6,1012,1604.62255859375,884,1577.972900390625,80.85877485985901,80.35163623943599,1
pgame_seed0,pgame,0,leg4_weak,ite,3,7,1012,1525.1053466796875,884,1577.972900390625,80.85877485985901,80.35163623943599,1
pgame_seed0,pgame,0,leg4_weak,ite,3,8,884,1569.673828125,884,1577.972900390625,80.85877485985901,80.35163623943599,1
pgame_seed0,pgame,0,leg4_weak,ite,3,9,884,1622.012451171875,884,1577.972900390625,80.85877485985901,80.35163623943599,1
pgame_seed0,pgame,0,leg4_weak,ite,3,10,884,1568.031982421875,884,1577.972900390625,80.85877485985901,80.35163623943599,1
pgame_seed0,pgame,0,leg4_weak,ite,3,11,884,1560.886474609375,884,1577.972900390625,80.85877485985901,80.35163623943599,1
pgame_seed0,pgame,0,leg4_weak,ite,3,12,884,1609.521240234375,884,1577.972900390625,80.85877485985901,80.35163623943599,1
pgame_seed0,pgame,0,leg4_weak,ite,3,13,884,1617.728271484375,884,1577.972900390625,80.85877485985901,80.35163623943599,1
pgame_seed0,pgame,0,leg4_weak,ite,3,14,884,1554.810302734375,884,1577.972900390625,80.85877485985901,80.35163623943599,1
pgame_seed0,pgame,0,leg4_weak,ite,3,15,884,1604.296630859375,884,1577.972900390625,80.85877485985901,80.35163623943599,1
pgame_seed0,pgame,0,leg4_weak,ite,3,16,884,1634.388671875,884,1577.972900390625,80.85877485985901,80.35163623943599,1
pgame_seed0,pgame,0,leg4_weak,ite,3,17,884,1591.10791015625,884,1577.972900390625,80.85877485985901,80.35163623943599,1
pgame_seed0,pgame,0,leg4_weak,ite,3,18,884,1500.410888671875,884,1577.972900390625,80.85877485985901,80.35163623943599,1
pgame_seed0,pgame,0,leg4_weak,ite,3,19,884,1666.647216796875,884,1577.972900390625,80.85877485985901,80.35163623943599,1
pgame_seed0,pgame,0,leg4_weak,ite,3,20,884,1564.12841796875,884,1577.972900390625,80.85877485985901,80.35163623943599,1
pgame_seed0,pgame,0,leg4_weak,ite,4,1,884,1575.073486328125,884,1577.972900390625,80.85877485985901,80.35163623943599,1
pgame_seed0,pgame,0,leg4_weak,ite,4,2,884,1518.578857421875,884,1577.972900390625,80.85877485985901,80.35163623943599,1
pgame_seed0,pgame,0,leg4_weak,ite,4,3,1012,1597.35986328125,1012,1586.5625,82.19630759154656,81.68078009180283,1
pgame_seed0,pgame,0,leg4_weak,ite,4,4,1012,1563.379150390625,1012,1586.5625,82.19630759154656,81.68078009180283,1
pgame_seed0,pgame,0,leg4_weak,ite,4,5,884,1571.6956787109375,1012,1586.5625,82.19630759154656,81.68078009180283,1
pgame_seed0,pgame,0,leg4_weak,ite,4,6,1012,1590.6962890625,1012,1586.5625,82.19630759154656,81.68078009180283,1
pgame_seed0,pgame,0,leg4_weak,ite,4,7,1012,1563.572021484375,1012,1586.5625,82.19630759154656,81.68078009180283,1
pgame_seed0,pgame,0,leg4_weak,ite,4,8,884,1594.44873046875,1012,1586.5625,82.19630759154656,81.68078009180283,1
pgame_seed0,pgame,0,leg4_weak,ite,4,9,884,1584.84326171875,1012,1586.5625,82.19630759154656,81.68078009180283,1
pgame_seed0,pgame,0,leg4_weak,ite,4,10,884,1572.6990966796875,1012,1586.5625,82.19630759154656,81.68078009180283,1
pgame_seed0,pgame,0,leg4_weak,ite,4,11,884,1602.336181640625,884,1577.972900390625,80.85877485985901,80.35163623943599,1
pgame_seed0,pgame,0,leg4_weak,ite,4,12,884,1515.0,884,1577.972900390625,80.85877485985901,80.35163623943599,1
pgame_seed0,pgame,0,leg4_weak,ite,4,13,1012,1635.0447998046875,1012,1586.5625,82.19630759154656,81.68078009180283,1
pgame_seed0,pgame,0,leg4_weak,ite,4,14,1012,1618.659912109375,1012,1586.5625,82.19630759154656,81.68078009180283,1
pgame_seed0,pgame,0,leg4_weak,ite,4,15,1012,1596.188720703125,1012,1586.5625,82.19630759154656,81.68078009180283,1
pgame_seed0,pgame,0,leg4_weak,ite,4,16,1012,1537.2786865234375,1012,1586.5625,82.19630759154656,81.68078009180283,1
pgame_seed0,pgame,0,leg4_weak,ite,4,17,1012,1575.6173095703125,1012,1586.5625,82.19630759154656,81.68078009180283,1
pgame_seed0,pgame,0,leg4_weak,ite,4,18,1012,1583.113037109375,1012,1586.5625,82.19630759154656,81.68078009180283,1
pgame_seed0,pgame,0,leg4_weak,ite,4,19,1012,1574.7601318359375,1012,1586.5625,82.19630759154656,81.68078009180283,1
pgame_seed0,pgame,0,leg4_weak,ite,4,20,1012,1521.9197998046875,1012,1586.5625,82.19630759154656,81.68078009180283,1
pgame_seed0,pgame,0,leg4_weak,top_k,0,1,884,1602.8568115234375,884,1577.972900390625,80.85877485985901,80.35163623943599,
pgame_seed0,pgame,0,leg4_weak,top_k,0,2,1012,1643.6572265625,1012,1586.5625,82.19630759154656,81.68078009180283,
pgame_seed0,pgame,0,leg4_weak,top_k,0,3,80,1608.8408203125,1012,1586.5625,82.19630759154656,81.68078009180283,
pgame_seed0,pgame,0,leg4_weak,top_k,0,4,553,1590.618408203125,1012,1586.5625,82.19630759154656,81.68078009180283,
pgame_seed0,pgame,0,leg4_weak,top_k,0,5,976,1533.23291015625,1012,1586.5625,82.19630759154656,81.68078009180283,
pgame_seed0,pgame,0,leg4_weak,top_k,0,6,8,1443.6258544921875,1012,1586.5625,82.19630759154656,81.68078009180283,
pgame_seed0,pgame,0,leg4_weak,top_k,0,7,183,1491.0064697265625,1012,1586.5625,82.19630759154656,81.68078009180283,
pgame_seed0,pgame,0,leg4_weak,top_k,0,8,997,1543.6160888671875,1012,1586.5625,82.19630759154656,81.68078009180283,
pgame_seed0,pgame,0,leg4_weak,top_k,0,9,277,1570.21923828125,1012,1586.5625,82.19630759154656,81.68078009180283,
pgame_seed0,pgame,0,leg4_weak,top_k,0,10,879,1519.6434326171875,1012,1586.5625,82.19630759154656,81.68078009180283,
pgame_seed0,pgame,0,leg4_weak,top_k,0,11,69,1461.904541015625,1012,1586.5625,82.19630759154656,81.68078009180283,
pgame_seed0,pgame,0,leg4_weak,top_k,0,12,930,1433.52783203125,1012,1586.5625,82.19630759154656,81.68078009180283,
pgame_seed0,pgame,0,leg4_weak,top_k,0,13,195,1476.739501953125,1012,1586.5625,82.19630759154656,81.68078009180283,
pgame_seed0,pgame,0,leg4_weak,top_k,0,14,975,1621.0205078125,1012,1586.5625,82.19630759154656,81.68078009180283,
pgame_seed0,pgame,0,leg4_weak,top_k,0,15,579,1567.3433837890625,1012,1586.5625,82.19630759154656,81.68078009180283,
pgame_seed0,pgame,0,leg4_weak,top_k,0,16,202,1596.9852294921875,1012,1586.5625,82.19630759154656,81.68078009180283,
pgame_seed0,pgame,0,leg4_weak,top_k,0,17,973,1394.6923828125,1012,1586.5625,82.19630759154656,81.68078009180283,
pgame_seed0,pgame,0,leg4_weak,top_k,0,18,540,1433.107421875,1012,1586.5625,82.19630759154656,81.68078009180283,
pgame_seed0,pgame,0,leg4_weak,top_k,0,19,342,1470.858642578125,1012,1586.5625,82.19630759154656,81.68078009180283,
pgame_seed0,pgame,0,leg4_weak,top_k,0,20,466,1484.6585693359375,1012,1586.5625,82.19630759154656,81.68078009180283,
pgame_seed0,pgame,0,leg4_weak,top_k,1,1,884,1557.0682373046875,884,1577.972900390625,80.85877485985901,80.35163623943599,
pgame_seed0,pgame,0,leg4_weak,top_k,1,2,1012,1606.4991455078125,1012,1586.5625,82.19630759154656,81.68078009180283,
pgame_seed0,pgame,0,leg4_weak,top_k,1,3,80,1614.1363525390625,80,1541.112060546875,75.11897532895918,74.64783619060412,
pgame_seed0,pgame,0,leg4_weak,top_k,1,4,553,1506.0546875,80,1541.112060546875,75.11897532895918,74.64783619060412,
pgame_seed0,pgame,0,leg4_weak,top_k,1,5,976,1590.144775390625,80,1541.112060546875,75.11897532895918,74.64783619060412,
pgame_seed0,pgame,0,leg4_weak,top_k,1,6,8,1461.245361328125,80,1541.112060546875,75.11897532895918,74.64783619060412,
pgame_seed0,pgame,0,leg4_weak,top_k,1,7,183,1497.383056640625,80,1541.112060546875,75.11897532895918,74.64783619060412,
pgame_seed0,pgame,0,leg4_weak,top_k,1,8,997,1452.5794677734375,80,1541.112060546875,75.11897532895918,74.64783619060412,
pgame_seed0,pgame,0,leg4_weak,top_k,1,9,277,1533.0068359375,80,1541.112060546875,75.11897532895918,74.64783619060412,
pgame_seed0,pgame,0,leg4_weak,top_k,1,10,879,1556.1986083984375,80,1541.112060546875,75.11897532895918,74.64783619060412,
pgame_seed0,pgame,0,leg4_weak,top_k,1,11,69,1497.6279296875,80,1541.112060546875,75.11897532895918,74.64783619060412,
pgame_seed0,pgame,0,leg4_weak,top_k,1,12,930,1496.1539306640625,80,1541.112060546875,75.11897532895918,74.64783619060412,
pgame_seed0,pgame,0,leg4_weak,top_k,1,13,195,1509.8460693359375,80,1541.112060546875,75.11897532895918,74.64783619060412,
pgame_seed0,pgame,0,leg4_weak,top_k,1,14,975,1597.2393798828125,80,1541.112060546875,75.11897532895918,74.64783619060412,
pgame_seed0,pgame,0,leg4_weak,top_k,1,15,579,1474.5433349609375,80,1541.112060546875,75.11897532895918,74.64783619060412,
pgame_seed0,pgame,0,leg4_weak,top_k,1,16,202,1471.4669189453125,80,1541.112060546875,75.11897532895918,74.64783619060412,
pgame_seed0,pgame,0,leg4_weak,top_k,1,17,973,1346.246826171875,80,1541.112060546875,75.11897532895918,74.64783619060412,
pgame_seed0,pgame,0,leg4_weak,top_k,1,18,540,1418.806640625,80,1541.112060546875,75.11897532895918,74.64783619060412,
pgame_seed0,pgame,0,leg4_weak,top_k,1,19,342,1446.0538330078125,80,1541.112060546875,75.11897532895918,74.64783619060412,
pgame_seed0,pgame,0,leg4_weak,top_k,1,20,466,1426.4287109375,80,1541.112060546875,75.11897532895918,74.64783619060412,
pgame_seed0,pgame,0,leg4_weak,top_k,2,1,884,1628.50390625,884,1577.972900390625,80.85877485985901,80.35163623943599,
pgame_seed0,pgame,0,leg4_weak,top_k,2,2,1012,1672.6904296875,1012,1586.5625,82.19630759154656,81.68078009180283,
pgame_seed0,pgame,0,leg4_weak,top_k,2,3,80,1509.757080078125,1012,1586.5625,82.19630759154656,81.68078009180283,
pgame_seed0,pgame,0,leg4_weak,top_k,2,4,553,1573.970458984375,1012,1586.5625,82.19630759154656,81.68078009180283,
pgame_seed0,pgame,0,leg4_weak,top_k,2,5,976,1435.795654296875,1012,1586.5625,82.19630759154656,81.68078009180283,
pgame_seed0,pgame,0,leg4_weak,top_k,2,6,8,1419.67431640625,1012,1586.5625,82.19630759154656,81.68078009180283,
pgame_seed0,pgame,0,leg4_weak,top_k,2,7,183,1525.8270263671875,1012,1586.5625,82.19630759154656,81.68078009180283,
pgame_seed0,pgame,0,leg4_weak,top_k,2,8,997,1479.326904296875,1012,1586.5625,82.19630759154656,81.68078009180283,
pgame_seed0,pgame,0,leg4_weak,top_k,2,9,277,1619.56689453125,1012,1586.5625,82.19630759154656,81.68078009180283,
pgame_seed0,pgame,0,leg4_weak,top_k,2,10,879,1597.73876953125,1012,1586.5625,82.19630759154656,81.68078009180283,
pgame_seed0,pgame,0,leg4_weak,top_k,2,11,69,1561.73876953125,1012,1586.5625,82.19630759154656,81.68078009180283,
pgame_seed0,pgame,0,leg4_weak,top_k,2,12,930,1463.9368896484375,1012,1586.5625,82.19630759154656,81.68078009180283,
pgame_seed0,pgame,0,leg4_weak,top_k,2,13,195,1492.227783203125,1012,1586.5625,82.19630759154656,81.68078009180283,
pgame_seed0,pgame,0,leg4_weak,top_k,2,14,975,1587.9254150390625,1012,1586.5625,82.19630759154656,81.68078009180283,
pgame_seed0,pgame,0,leg4_weak,top_k,2,15,579,1520.5440673828125,1012,1586.5625,82.19630759154656,81.68078009180283,
pgame_seed0,pgame,0,leg4_weak,top_k,2,16,202,1568.607421875,1012,1586.5625,82.19630759154656,81.68078009180283,
pgame_seed0,pgame,0,leg4_weak,top_k,2,17,973,1387.21533203125,1012,1586.5625,82.19630759154656,81.68078009180283,
pgame_seed0,pgame,0,leg4_weak,top_k,2,18,540,1423.9775390625,1012,1586.5625,82.19630759154656,81.68078009180283,
pgame_seed0,pgame,0,leg4_weak,top_k,2,19,342,1473.449951171875,1012,1586.5625,82.19630759154656,81.68078009180283,
pgame_seed0,pgame,0,leg4_weak,top_k,2,20,466,1419.2257080078125,1012,1586.5625,82.19630759154656,81.68078009180283,
pgame_seed0,pgame,0,leg4_weak,top_k,3,1,884,1619.885986328125,884,1577.972900390625,80.85877485985901,80.35163623943599,
pgame_seed0,pgame,0,leg4_weak,top_k,3,2,1012,1612.6800537109375,884,1577.972900390625,80.85877485985901,80.35163623943599,
pgame_seed0,pgame,0,leg4_weak,top_k,3,3,80,1578.994384765625,884,1577.972900390625,80.85877485985901,80.35163623943599,
pgame_seed0,pgame,0,leg4_weak,top_k,3,4,553,1550.072021484375,884,1577.972900390625,80.85877485985901,80.35163623943599,
pgame_seed0,pgame,0,leg4_weak,top_k,3,5,976,1431.12158203125,884,1577.972900390625,80.85877485985901,80.35163623943599,
pgame_seed0,pgame,0,leg4_weak,top_k,3,6,8,1462.821044921875,884,1577.972900390625,80.85877485985901,80.35163623943599,
pgame_seed0,pgame,0,leg4_weak,top_k,3,7,183,1494.8504638671875,884,1577.972900390625,80.85877485985901,80.35163623943599,
pgame_seed0,pgame,0,leg4_weak,top_k,3,8,997,1467.38134765625,884,1577.972900390625,80.85877485985901,80.35163623943599,
pgame_seed0,pgame,0,leg4_weak,top_k,3,9,277,1656.63818359375,277,1570.85595703125,79.75055734965738,79.25036936508343,
pgame_seed0,pgame,0,leg4_weak,top_k,3,10,879,1583.9390869140625,277,1570.85595703125,79.75055734965738,79.25036936508343,
pgame_seed0,pgame,0,leg4_weak,top_k,3,11,69,1513.78125,277,1570.85595703125,79.75055734965738,79.25036936508343,
pgame_seed0,pgame,0,leg4_weak,top_k,3,12,930,1482.6846923828125,277,1570.85595703125,79.75055734965738,79.25036936508343,
pgame_seed0,pgame,0,leg4_weak,top_k,3,13,195,1530.3638916015625,277,1570.85595703125,79.75055734965738,79.25036936508343,
pgame_seed0,pgame,0,leg4_weak,top_k,3,14,975,1569.6827392578125,277,1570.85595703125,79.75055734965738,79.25036936508343,
pgame_seed0,pgame,0,leg4_weak,top_k,3,15,579,1425.701416015625,277,1570.85595703125,79.75055734965738,79.25036936508343,
pgame_seed0,pgame,0,leg4_weak,top_k,3,16,202,1631.724609375,277,1570.85595703125,79.75055734965738,79.25036936508343,
pgame_seed0,pgame,0,leg4_weak,top_k,3,17,973,1387.341064453125,277,1570.85595703125,79.75055734965738,79.25036936508343,
pgame_seed0,pgame,0,leg4_weak,top_k,3,18,540,1401.044677734375,277,1570.85595703125,79.75055734965738,79.25036936508343,
pgame_seed0,pgame,0,leg4_weak,top_k,3,19,342,1465.540283203125,277,1570.85595703125,79.75055734965738,79.25036936508343,
pgame_seed0,pgame,0,leg4_weak,top_k,3,20,466,1440.5936279296875,277,1570.85595703125,79.75055734965738,79.25036936508343,
pgame_seed0,pgame,0,leg4_weak,top_k,4,1,884,1571.605712890625,884,1577.972900390625,80.85877485985901,80.35163623943599,
pgame_seed0,pgame,0,leg4_weak,top_k,4,2,1012,1514.5946044921875,884,1577.972900390625,80.85877485985901,80.35163623943599,
pgame_seed0,pgame,0,leg4_weak,top_k,4,3,80,1569.4691162109375,884,1577.972900390625,80.85877485985901,80.35163623943599,
pgame_seed0,pgame,0,leg4_weak,top_k,4,4,553,1630.265380859375,553,1606.432373046875,85.29035234139319,84.75541928438393,
pgame_seed0,pgame,0,leg4_weak,top_k,4,5,976,1437.4755859375,553,1606.432373046875,85.29035234139319,84.75541928438393,
pgame_seed0,pgame,0,leg4_weak,top_k,4,6,8,1390.4483642578125,553,1606.432373046875,85.29035234139319,84.75541928438393,
pgame_seed0,pgame,0,leg4_weak,top_k,4,7,183,1480.7271728515625,553,1606.432373046875,85.29035234139319,84.75541928438393,
pgame_seed0,pgame,0,leg4_weak,top_k,4,8,997,1532.3636474609375,553,1606.432373046875,85.29035234139319,84.75541928438393,
pgame_seed0,pgame,0,leg4_weak,top_k,4,9,277,1557.9970703125,553,1606.432373046875,85.29035234139319,84.75541928438393,
pgame_seed0,pgame,0,leg4_weak,top_k,4,10,879,1567.10888671875,553,1606.432373046875,85.29035234139319,84.75541928438393,
pgame_seed0,pgame,0,leg4_weak,top_k,4,11,69,1540.87451171875,553,1606.432373046875,85.29035234139319,84.75541928438393,
pgame_seed0,pgame,0,leg4_weak,top_k,4,12,930,1449.97265625,553,1606.432373046875,85.29035234139319,84.75541928438393,
pgame_seed0,pgame,0,leg4_weak,top_k,4,13,195,1495.694091796875,553,1606.432373046875,85.29035234139319,84.75541928438393,
pgame_seed0,pgame,0,leg4_weak,top_k,4,14,975,1529.029541015625,553,1606.432373046875,85.29035234139319,84.75541928438393,
pgame_seed0,pgame,0,leg4_weak,top_k,4,15,579,1553.365234375,553,1606.432373046875,85.29035234139319,84.75541928438393,
pgame_seed0,pgame,0,leg4_weak,top_k,4,16,202,1504.987060546875,553,1606.432373046875,85.29035234139319,84.75541928438393,
pgame_seed0,pgame,0,leg4_weak,top_k,4,17,973,1418.2109375,553,1606.432373046875,85.29035234139319,84.75541928438393,
pgame_seed0,pgame,0,leg4_weak,top_k,4,18,540,1437.1953125,553,1606.432373046875,85.29035234139319,84.75541928438393,
pgame_seed0,pgame,0,leg4_weak,top_k,4,19,342,1503.3121337890625,553,1606.432373046875,85.29035234139319,84.75541928438393,
pgame_seed0,pgame,0,leg4_weak,top_k,4,20,466,1415.943115234375,553,1606.432373046875,85.29035234139319,84.75541928438393,
pgame_seed0,pgame,0,leg4_weak,best_intact,0,1,884,1675.87353515625,884,1577.972900390625,80.85877485985901,80.35163623943599,
pgame_seed0,pgame,0,leg4_weak,best_intact,1,1,884,1525.45361328125,884,1577.972900390625,80.85877485985901,80.35163623943599,
pgame_seed0,pgame,0,leg4_weak,best_intact,2,1,884,1600.7579345703125,884,1577.972900390625,80.85877485985901,80.35163623943599,
pgame_seed0,pgame,0,leg4_weak,best_intact,3,1,884,1576.7867431640625,884,1577.972900390625,80.85877485985901,80.35163623943599,
pgame_seed0,pgame,0,leg4_weak,best_intact,4,1,884,1669.1392822265625,884,1577.972900390625,80.85877485985901,80.35163623943599,
pgame_seed0,pgame,0,legs12_paralysed,ite,0,1,884,1017.3304443359375,884,977.166259765625,-101.07178482710543,-12.616428532328335,17
pgame_seed0,pgame,0,legs12_paralysed,ite,0,2,973,1062.177734375,973,1031.0418701171875,-34.285886360665025,-4.279784270920045,17
pgame_seed0,pgame,0,legs12_paralysed,ite,0,3,771,1013.150634765625,973,1031.0418701171875,-34.285886360665025,-4.279784270920045,17
pgame_seed0,pgame,0,legs12_paralysed,ite,0,4,593,1085.2236328125,593,1081.3309326171875,28.054014759361355,3.5018820817483656,17
pgame_seed0,pgame,0,legs12_paralysed,ite,0,5,1012,978.1455078125,593,1081.3309326171875,28.054014759361355,3.5018820817483656,17
pgame_seed0,pgame,0,legs12_paralysed,ite,0,6,352,1067.5400390625,593,1081.3309326171875,28.054014759361355,3.5018820817483656,17
pgame_seed0,pgame,0,legs12_paralysed,ite,0,7,97,1072.847412109375,593,1081.3309326171875,28.054014759361355,3.5018820817483656,17
pgame_seed0,pgame,0,legs12_paralysed,ite,0,8,740,1063.15625,593,1081.3309326171875,28.054014759361355,3.5018820817483656,17
pgame_seed0,pgame,0,legs12_paralysed,ite,0,9,973,1053.1392822265625,593,1081.3309326171875,28.054014759361355,3.5018820817483656,17
pgame_seed0,pgame,0,legs12_paralysed,ite,0,10,593,1078.450439453125,593,1081.3309326171875,28.054014759361355,3.5018820817483656,17
pgame_seed0,pgame,0,legs12_paralysed,ite,0,11,1012,978.9493408203125,593,1081.3309326171875,28.054014759361355,3.5018820817483656,17
pgame_seed0,pgame,0,legs12_paralysed,ite,0,12,352,1061.3702392578125,593,1081.3309326171875,28.054014759361355,3.5018820817483656,17
pgame_seed0,pgame,0,legs12_paralysed,ite,0,13,593,1083.5198974609375,593,1081.3309326171875,28.054014759361355,3.5018820817483656,17
pgame_seed0,pgame,0,legs12_paralysed,ite,0,14,593,1078.1397705078125,593,1081.3309326171875,28.054014759361355,3.5018820817483656,17
pgame_seed0,pgame,0,legs12_paralysed,ite,0,15,97,1058.319091796875,593,1081.3309326171875,28.054014759361355,3.5018820817483656,17
pgame_seed0,pgame,0,legs12_paralysed,ite,0,16,973,1037.917724609375,593,1081.3309326171875,28.054014759361355,3.5018820817483656,17
pgame_seed0,pgame,0,legs12_paralysed,ite,0,17,593,1051.0308837890625,593,1081.3309326171875,28.054014759361355,3.5018820817483656,17
pgame_seed0,pgame,0,legs12_paralysed,ite,0,18,43,985.196044921875,593,1081.3309326171875,28.054014759361355,3.5018820817483656,17
pgame_seed0,pgame,0,legs12_paralysed,ite,0,19,593,1082.504638671875,593,1081.3309326171875,28.054014759361355,3.5018820817483656,17
pgame_seed0,pgame,0,legs12_paralysed,ite,0,20,352,1056.2578125,593,1081.3309326171875,28.054014759361355,3.5018820817483656,17
pgame_seed0,pgame,0,legs12_paralysed,ite,1,1,884,954.4776611328125,884,977.166259765625,-101.07178482710543,-12.616428532328335,10
pgame_seed0,pgame,0,legs12_paralysed,ite,1,2,973,1052.643310546875,973,1031.0418701171875,-34.285886360665025,-4.279784270920045,10
pgame_seed0,pgame,0,legs12_paralysed,ite,1,3,771,1021.4708251953125,973,1031.0418701171875,-34.285886360665025,-4.279784270920045,10
pgame_seed0,pgame,0,legs12_paralysed,ite,1,4,593,1086.12646484375,593,1081.3309326171875,28.054014759361355,3.5018820817483656,10
pgame_seed0,pgame,0,legs12_paralysed,ite,1,5,352,993.062255859375,593,1081.3309326171875,28.054014759361355,3.5018820817483656,10
pgame_seed0,pgame,0,legs12_paralysed,ite,1,6,1012,965.7496337890625,593,1081.3309326171875,28.054014759361355,3.5018820817483656,10
pgame_seed0,pgame,0,legs12_paralysed,ite,1,7,97,1074.7049560546875,593,1081.3309326171875,28.054014759361355,3.5018820817483656,10
pgame_seed0,pgame,0,legs12_paralysed,ite,1,8,740,1062.9423828125,593,1081.3309326171875,28.054014759361355,3.5018820817483656,10
pgame_seed0,pgame,0,legs12_paralysed,ite,1,9,593,1076.816650390625,593,1081.3309326171875,28.054014759361355,3.5018820817483656,10
pgame_seed0,pgame,0,legs12_paralysed,ite,1,10,973,1101.01611328125,973,1031.0418701171875,-34.285886360665025,-4.279784270920045,10
pgame_seed0,pgame,0,legs12_paralysed,ite,1,11,973,1052.3121337890625,973,1031.0418701171875,-34.285886360665025,-4.279784270920045,10
pgame_seed0,pgame,0,legs12_paralysed,ite,1,12,593,1087.8441162109375,973,1031.0418701171875,-34.285886360665025,-4.279784270920045,10
pgame_seed0,pgame,0,legs12_paralysed,ite,1,13,593,1078.3228759765625,973,1031.0418701171875,-34.285886360665025,-4.279784270920045,10
pgame_seed0,pgame,0,legs12_paralysed,ite,1,14,97,1075.07666015625,973,1031.0418701171875,-34.285886360665025,-4.279784270920045,10
pgame_seed0,pgame,0,legs12_paralysed,ite,1,15,593,1052.006103515625,973,1031.0418701171875,-34.285886360665025,-4.279784270920045,10
pgame_seed0,pgame,0,legs12_paralysed,ite,1,16,973,1058.6571044921875,973,1031.0418701171875,-34.285886360665025,-4.279784270920045,10
pgame_seed0,pgame,0,legs12_paralysed,ite,1,17,97,1055.139404296875,973,1031.0418701171875,-34.285886360665025,-4.279784270920045,10
pgame_seed0,pgame,0,legs12_paralysed,ite,1,18,593,1082.06103515625,973,1031.0418701171875,-34.285886360665025,-4.279784270920045,10
pgame_seed0,pgame,0,legs12_paralysed,ite,1,19,43,999.57568359375,973,1031.0418701171875,-34.285886360665025,-4.279784270920045,10
pgame_seed0,pgame,0,legs12_paralysed,ite,1,20,593,1085.392333984375,973,1031.0418701171875,-34.285886360665025,-4.279784270920045,10
pgame_seed0,pgame,0,legs12_paralysed,ite,2,1,884,978.21728515625,884,977.166259765625,-101.07178482710543,-12.616428532328335,16
pgame_seed0,pgame,0,legs12_paralysed,ite,2,2,973,1055.188232421875,973,1031.0418701171875,-34.285886360665025,-4.279784270920045,16
pgame_seed0,pgame,0,legs12_paralysed,ite,2,3,771,1030.7554931640625,973,1031.0418701171875,-34.285886360665025,-4.279784270920045,16
pgame_seed0,pgame,0,legs12_paralysed,ite,2,4,593,1088.4320068359375,593,1081.3309326171875,28.054014759361355,3.5018820817483656,16
pgame_seed0,pgame,0,legs12_paralysed,ite,2,5,352,1069.120849609375,593,1081.3309326171875,28.054014759361355,3.5018820817483656,16
pgame_seed0,pgame,0,legs12_paralysed,ite,2,6,1012,948.7147216796875,593,1081.3309326171875,28.054014759361355,3.5018820817483656,16
pgame_seed0,pgame,0,legs12_paralysed,ite,2,7,97,1071.470703125,593,1081.3309326171875,28.054014759361355,3.5018820817483656,16
pgame_seed0,pgame,0,legs12_paralysed,ite,2,8,740,1059.9805908203125,593,1081.3309326171875,28.054014759361355,3.5018820817483656,16
pgame_seed0,pgame,0,legs12_paralysed,ite,2,9,973,1055.9376220703125,593,1081.3309326171875,28.054014759361355,3.5018820817483656,16
pgame_seed0,pgame,0,legs12_paralysed,ite,2,10,593,1082.490234375,593,1081.3309326171875,28.054014759361355,3.5018820817483656,16
pgame_seed0,pgame,0,legs12_paralysed,ite,2,11,352,1065.0404052734375,593,1081.3309326171875,28.054014759361355,3.5018820817483656,16
pgame_seed0,pgame,0,legs12_paralysed,ite,2,12,593,1087.9879150390625,593,1081.3309326171875,28.054014759361355,3.5018820817483656,16
pgame_seed0,pgame,0,legs12_paralysed,ite,2,13,593,1079.138671875,593,1081.3309326171875,28.054014759361355,3.5018820817483656,16
pgame_seed0,pgame,0,legs12_paralysed,ite,2,14,593,1081.4005126953125,593,1081.3309326171875,28.054014759361355,3.5018820817483656,16
pgame_seed0,pgame,0,legs12_paralysed,ite,2,15,43,991.2520751953125,593,1081.3309326171875,28.054014759361355,3.5018820817483656,16
pgame_seed0,pgame,0,legs12_paralysed,ite,2,16,593,1084.224853515625,593,1081.3309326171875,28.054014759361355,3.5018820817483656,16
pgame_seed0,pgame,0,legs12_paralysed,ite,2,17,593,1077.6875,593,1081.3309326171875,28.054014759361355,3.5018820817483656,16
pgame_seed0,pgame,0,legs12_paralysed,ite,2,18,97,1061.4017333984375,593,1081.3309326171875,28.054014759361355,3.5018820817483656,16
pgame_seed0,pgame,0,legs12_paralysed,ite,2,19,593,1080.400634765625,593,1081.3309326171875,28.054014759361355,3.5018820817483656,16
pgame_seed0,pgame,0,legs12_paralysed,ite,2,20,593,1083.436767578125,593,1081.3309326171875,28.054014759361355,3.5018820817483656,16
pgame_seed0,pgame,0,legs12_paralysed,ite,3,1,884,986.734130859375,884,977.166259765625,-101.07178482710543,-12.616428532328335,18
pgame_seed0,pgame,0,legs12_paralysed,ite,3,2,973,1062.5404052734375,973,1031.0418701171875,-34.285886360665025,-4.279784270920045,18
pgame_seed0,pgame,0,legs12_paralysed,ite,3,3,771,1018.396240234375,973,1031.0418701171875,-34.285886360665025,-4.279784270920045,18
pgame_seed0,pgame,0,legs12_paralysed,ite,3,4,593,1084.0706787109375,593,1081.3309326171875,28.054014759361355,3.5018820817483656,18
pgame_seed0,pgame,0,legs12_paralysed,ite,3,5,352,1061.95751953125,593,1081.3309326171875,28.054014759361355,3.5018820817483656,18
pgame_seed0,pgame,0,legs12_paralysed,ite,3,6,1012,996.22119140625,593,1081.3309326171875,28.054014759361355,3.5018820817483656,18
pgame_seed0,pgame,0,legs12_paralysed,ite,3,7,97,1070.3680419921875,593,1081.3309326171875,28.054014759361355,3.5018820817483656,18
pgame_seed0,pgame,0,legs12_paralysed,ite,3,8,740,1060.20556640625,593,1081.3309326171875,28.054014759361355,3.5018820817483656,18
pgame_seed0,pgame,0,legs12_paralysed,ite,3,9,973,1075.358642578125,593,1081.3309326171875,28.054014759361355,3.5018820817483656,18
pgame_seed0,pgame,0,legs12_paralysed,ite,3,10,593,1086.35009765625,593,1081.3309326171875,28.054014759361355,3.5018820817483656,18
pgame_seed0,pgame,0,legs12_paralysed,ite,3,11,1012,1022.697265625,593,1081.3309326171875,28.054014759361355,3.5018820817483656,18
pgame_seed0,pgame,0,legs12_paralysed,ite,3,12,352,989.8152465820312,593,1081.3309326171875,28.054014759361355,3.5018820817483656,18
pgame_seed0,pgame,0,legs12_paralysed,ite,3,13,593,1078.81005859375,593,1081.3309326171875,28.054014759361355,3.5018820817483656,18
pgame_seed0,pgame,0,legs12_paralysed,ite,3,14,973,1070.462890625,593,1081.3309326171875,28.054014759361355,3.5018820817483656,18
pgame_seed0,pgame,0,legs12_paralysed,ite,3,15,593,1086.9324951171875,593,1081.3309326171875,28.054014759361355,3.5018820817483656,18
pgame_seed0,pgame,0,legs12_paralysed,ite,3,16,593,1073.6541748046875,593,1081.3309326171875,28.054014759361355,3.5018820817483656,18
pgame_seed0,pgame,0,legs12_paralysed,ite,3,17,97,1078.8779296875,593,1081.3309326171875,28.054014759361355,3.5018820817483656,18
pgame_seed0,pgame,0,legs12_paralysed,ite,3,18,973,1067.9696044921875,593,1081.3309326171875,28.054014759361355,3.5018820817483656,18
pgame_seed0,pgame,0,legs12_paralysed,ite,3,19,593,1082.925537109375,593,1081.3309326171875,28.054014759361355,3.5018820817483656,18
pgame_seed0,pgame,0,legs12_paralysed,ite,3,20,593,1081.5894775390625,593,1081.3309326171875,28.054014759361355,3.5018820817483656,18
pgame_seed0,pgame,0,legs12_paralysed,ite,4,1,884,991.8965454101562,884,977.166259765625,-101.07178482710543,-12.616428532328335,12
pgame_seed0,pgame,0,legs12_paralysed,ite,4,2,973,1024.8858642578125,973,1031.0418701171875,-34.285886360665025,-4.279784270920045,12
pgame_seed0,pgame,0,legs12_paralysed,ite,4,3,771,1052.63427734375,771,1040.2589111328125,-22.860152871732115,-2.853550923610106,12
pgame_seed0,pgame,0,legs12_paralysed,ite,4,4,593,1077.280517578125,593,1081.3309326171875,28.054014759361355,3.5018820817483656,12
pgame_seed0,pgame,0,legs12_paralysed,ite,4,5,1012,1024.7091064453125,593,1081.3309326171875,28.054014759361355,3.5018820817483656,12
pgame_seed0,pgame,0,legs12_paralysed,ite,4,6,352,1093.7762451171875,352,1049.261962890625,-11.699687186763123,-1.4604300052175285,12
pgame_seed0,pgame,0,legs12_paralysed,ite,4,7,97,1074.564697265625,352,1049.261962890625,-11.699687186763123,-1.4604300052175285,12
pgame_seed0,pgame,0,legs12_paralysed,ite,4,8,740,1058.71240234375,352,1049.261962890625,-11.699687186763123,-1.4604300052175285,12
pgame_seed0,pgame,0,legs12_paralysed,ite,4,9,1012,974.4068603515625,352,1049.261962890625,-11.699687186763123,-1.4604300052175285,12
pgame_seed0,pgame,0,legs12_paralysed,ite,4,10,352,1041.0716552734375,352,1049.261962890625,-11.699687186763123,-1.4604300052175285,12
pgame_seed0,pgame,0,legs12_paralysed,ite,4,11,593,1079.409912109375,352,1049.261962890625,-11.699687186763123,-1.4604300052175285,12
pgame_seed0,pgame,0,legs12_paralysed,ite,4,12,771,1030.139892578125,352,1049.261962890625,-11.699687186763123,-1.4604300052175285,12
pgame_seed0,pgame,0,legs12_paralysed,ite,4,13,593,1075.8621826171875,352,1049.261962890625,-11.699687186763123,-1.4604300052175285,12
pgame_seed0,pgame,0,legs12_paralysed,ite,4,14,97,1071.2177734375,352,1049.261962890625,-11.699687186763123,-1.4604300052175285,12
pgame_seed0,pgame,0,legs12_paralysed,ite,4,15,973,1043.5924072265625,352,1049.261962890625,-11.699687186763123,-1.4604300052175285,12
pgame_seed0,pgame,0,legs12_paralysed,ite,4,16,593,1084.023193359375,352,1049.261962890625,-11.699687186763123,-1.4604300052175285,12
pgame_seed0,pgame,0,legs12_paralysed,ite,4,17,593,1078.993896484375,352,1049.261962890625,-11.699687186763123,-1.4604300052175285,12
pgame_seed0,pgame,0,legs12_paralysed,ite,4,18,352,1068.37890625,352,1049.261962890625,-11.699687186763123,-1.4604300052175285,12
pgame_seed0,pgame,0,legs12_paralysed,ite,4,19,593,1084.3944091796875,352,1049.261962890625,-11.699687186763123,-1.4604300052175285,12
pgame_seed0,pgame,0,legs12_paralysed,ite,4,20,593,1083.114501953125,352,1049.261962890625,-11.699687186763123,-1.4604300052175285,12
pgame_seed0,pgame,0,legs12_paralysed,top_k,0,1,884,983.6516723632812,884,977.166259765625,-101.07178482710543,-12.616428532328335,
pgame_seed0,pgame,0,legs12_paralysed,top_k,0,2,1012,1024.184814453125,1012,996.5645751953125,-77.02502384837769,-9.614757573008946,
pgame_seed0,pgame,0,legs12_paralysed,top_k,0,3,80,1016.9154052734375,1012,996.5645751953125,-77.02502384837769,-9.614757573008946,
pgame_seed0,pgame,0,legs12_paralysed,top_k,0,4,553,1024.2237548828125,553,1078.9228515625,25.068881862158758,3.1292586446389548,
pgame_seed0,pgame,0,legs12_paralysed,top_k,0,5,976,979.67041015625,553,1078.9228515625,25.068881862158758,3.1292586446389548,
pgame_seed0,pgame,0,legs12_paralysed,top_k,0,6,8,896.3849487304688,553,1078.9228515625,25.068881862158758,3.1292586446389548,
pgame_seed0,pgame,0,legs12_paralysed,top_k,0,7,183,996.441162109375,553,1078.9228515625,25.068881862158758,3.1292586446389548,
pgame_seed0,pgame,0,legs12_paralysed,top_k,0,8,997,924.6039428710938,553,1078.9228515625,25.068881862158758,3.1292586446389548,
pgame_seed0,pgame,0,legs12_paralysed,top_k,0,9,277,1025.928466796875,277,927.9752197265625,-162.05054282297013,-20.228188268846335,
pgame_seed0,pgame,0,legs12_paralysed,top_k,0,10,879,1045.348388671875,879,1037.36962890625,-26.44179785291974,-3.300634825518285,
pgame_seed0,pgame,0,legs12_paralysed,top_k,0,11,69,991.1598510742188,879,1037.36962890625,-26.44179785291974,-3.300634825518285,
pgame_seed0,pgame,0,legs12_paralysed,top_k,0,12,930,1004.939208984375,879,1037.36962890625,-26.44179785291974,-3.300634825518285,
pgame_seed0,pgame,0,legs12_paralysed,top_k,0,13,195,954.3123779296875,879,1037.36962890625,-26.44179785291974,-3.300634825518285,
pgame_seed0,pgame,0,legs12_paralysed,top_k,0,14,975,893.51806640625,879,1037.36962890625,-26.44179785291974,-3.300634825518285,
pgame_seed0,pgame,0,legs12_paralysed,top_k,0,15,579,1022.3478393554688,879,1037.36962890625,-26.44179785291974,-3.300634825518285,
pgame_seed0,pgame,0,legs12_paralysed,top_k,0,16,202,989.1729736328125,879,1037.36962890625,-26.44179785291974,-3.300634825518285,
pgame_seed0,pgame,0,legs12_paralysed,top_k,0,17,973,1046.251953125,973,1031.0418701171875,-34.285886360665025,-4.279784270920045,
pgame_seed0,pgame,0,legs12_paralysed,top_k,0,18,540,946.5921630859375,973,1031.0418701171875,-34.285886360665025,-4.279784270920045,
pgame_seed0,pgame,0,legs12_paralysed,top_k,0,19,342,966.8741455078125,973,1031.0418701171875,-34.285886360665025,-4.279784270920045,
pgame_seed0,pgame,0,legs12_paralysed,top_k,0,20,466,963.8391723632812,973,1031.0418701171875,-34.285886360665025,-4.279784270920045,
pgame_seed0,pgame,0,legs12_paralysed,top_k,1,1,884,993.499755859375,884,977.166259765625,-101.07178482710543,-12.616428532328335,
pgame_seed0,pgame,0,legs12_paralysed,top_k,1,2,1012,988.123046875,884,977.166259765625,-101.07178482710543,-12.616428532328335,
pgame_seed0,pgame,0,legs12_paralysed,top_k,1,3,80,1000.1646728515625,80,1022.7146606445312,-44.60855672524256,-5.568326203174018,
pgame_seed0,pgame,0,legs12_paralysed,top_k,1,4,553,1002.364501953125,553,1078.9228515625,25.068881862158758,3.1292586446389548,
pgame_seed0,pgame,0,legs12_paralysed,top_k,1,5,976,969.1255493164062,553,1078.9228515625,25.068881862158758,3.1292586446389548,
pgame_seed0,pgame,0,legs12_paralysed,top_k,1,6,8,880.2921752929688,553,1078.9228515625,25.068881862158758,3.1292586446389548,
pgame_seed0,pgame,0,legs12_paralysed,top_k,1,7,183,996.6973876953125,553,1078.9228515625,25.068881862158758,3.1292586446389548,
pgame_seed0,pgame,0,legs12_paralysed,top_k,1,8,997,941.12158203125,553,1078.9228515625,25.068881862158758,3.1292586446389548,
pgame_seed0,pgame,0,legs12_paralysed,top_k,1,9,277,974.560546875,553,1078.9228515625,25.068881862158758,3.1292586446389548,
pgame_seed0,pgame,0,legs12_paralysed,top_k,1,10,879,1062.345703125,879,1037.36962890625,-26.44179785291974,-3.300634825518285,
pgame_seed0,pgame,0,legs12_paralysed,top_k,1,11,69,999.5277709960938,879,1037.36962890625,-26.44179785291974,-3.300634825518285,
pgame_seed0,pgame,0,legs12_paralysed,top_k,1,12,930,991.5497436523438,879,1037.36962890625,-26.44179785291974,-3.300634825518285,
pgame_seed0,pgame,0,legs12_paralysed,top_k,1,13,195,988.6153564453125,879,1037.36962890625,-26.44179785291974,-3.300634825518285,
pgame_seed0,pgame,0,legs12_paralysed,top_k,1,14,975,981.8527221679688,879,1037.36962890625,-26.44179785291974,-3.300634825518285,
pgame_seed0,pgame,0,legs12_paralysed,top_k,1,15,579,1006.173583984375,879,1037.36962890625,-26.44179785291974,-3.300634825518285,
pgame_seed0,pgame,0,legs12_paralysed,top_k,1,16,202,1032.4400634765625,879,1037.36962890625,-26.44179785291974,-3.300634825518285,
pgame_seed0,pgame,0,legs12_paralysed,top_k,1,17,973,1074.37646484375,973,1031.0418701171875,-34.285886360665025,-4.279784270920045,
pgame_seed0,pgame,0,legs12_paralysed,top_k,1,18,540,957.9449462890625,973,1031.0418701171875,-34.285886360665025,-4.279784270920045,
pgame_seed0,pgame,0,legs12_paralysed,top_k,1,19,342,983.1387329101562,973,1031.0418701171875,-34.285886360665025,-4.279784270920045,
pgame_seed0,pgame,0,legs12_paralysed,top_k,1,20,466,946.5609741210938,973,1031.0418701171875,-34.285886360665025,-4.279784270920045,
pgame_seed0,pgame,0,legs12_paralysed,top_k,2,1,884,993.8724365234375,884,977.166259765625,-101.07178482710543,-12.616428532328335,
pgame_seed0,pgame,0,legs12_paralysed,top_k,2,2,1012,990.40966796875,884,977.166259765625,-101.07178482710543,-12.616428532328335,
pgame_seed0,pgame,0,legs12_paralysed,top_k,2,3,80,1026.4954833984375,80,1022.7146606445312,-44.60855672524256,-5.568326203174018,
pgame_seed0,pgame,0,legs12_paralysed,top_k,2,4,553,1072.697021484375,553,1078.9228515625,25.068881862158758,3.1292586446389548,
pgame_seed0,pgame,0,legs12_paralysed,top_k,2,5,976,941.396728515625,553,1078.9228515625,25.068881862158758,3.1292586446389548,
pgame_seed0,pgame,0,legs12_paralysed,top_k,2,6,8,982.5008544921875,553,1078.9228515625,25.068881862158758,3.1292586446389548,
pgame_seed0,pgame,0,legs12_paralysed,top_k,2,7,183,991.34375,553,1078.9228515625,25.068881862158758,3.1292586446389548,
pgame_seed0,pgame,0,legs12_paralysed,top_k,2,8,997,965.1806030273438,553,1078.9228515625,25.068881862158758,3.1292586446389548,
pgame_seed0,pgame,0,legs12_paralysed,top_k,2,9,277,1026.46875,553,1078.9228515625,25.068881862158758,3.1292586446389548,
pgame_seed0,pgame,0,legs12_paralysed,top_k,2,10,879,1047.440185546875,553,1078.9228515625,25.068881862158758,3.1292586446389548,
pgame_seed0,pgame,0,legs12_paralysed,top_k,2,11,69,894.5444946289062,553,1078.9228515625,25.068881862158758,3.1292586446389548,
pgame_seed0,pgame,0,legs12_paralysed,top_k,2,12,930,1045.17041015625,553,1078.9228515625,25.068881862158758,3.1292586446389548,
pgame_seed0,pgame,0,legs12_paralysed,top_k,2,13,195,978.0005493164062,553,1078.9228515625,25.068881862158758,3.1292586446389548,
pgame_seed0,pgame,0,legs12_paralysed,top_k,2,14,975,908.9957275390625,553,1078.9228515625,25.068881862158758,3.1292586446389548,
pgame_seed0,pgame,0,legs12_paralysed,top_k,2,15,579,991.4112548828125,553,1078.9228515625,25.068881862158758,3.1292586446389548,
pgame_seed0,pgame,0,legs12_paralysed,top_k,2,16,202,934.52197265625,553,1078.9228515625,25.068881862158758,3.1292586446389548,
pgame_seed0,pgame,0,legs12_paralysed,top_k,2,17,973,1044.51123046875,553,1078.9228515625,25.068881862158758,3.1292586446389548,
pgame_seed0,pgame,0,legs12_paralysed,top_k,2,18,540,940.5528564453125,553,1078.9228515625,25.068881862158758,3.1292586446389548,
pgame_seed0,pgame,0,legs12_paralysed,top_k,2,19,342,957.3967895507812,553,1078.9228515625,25.068881862158758,3.1292586446389548,
pgame_seed0,pgame,0,legs12_paralysed,top_k,2,20,466,878.232177734375,553,1078.9228515625,25.068881862158758,3.1292586446389548,
pgame_seed0,pgame,0,legs12_paralysed,top_k,3,1,884,983.272216796875,884,977.166259765625,-101.07178482710543,-12.616428532328335,
pgame_seed0,pgame,0,legs12_paralysed,top_k,3,2,1012,997.8477783203125,1012,996.5645751953125,-77.02502384837769,-9.614757573008946,
pgame_seed0,pgame,0,legs12_paralysed,top_k,3,3,80,1034.2874755859375,80,1022.7146606445312,-44.60855672524256,-5.568326203174018,
pgame_seed0,pgame,0,legs12_paralysed,top_k,3,4,553,1067.48486328125,553,1078.9228515625,25.068881862158758,3.1292586446389548,
pgame_seed0,pgame,0,legs12_paralysed,top_k,3,5,976,878.3712158203125,553,1078.9228515625,25.068881862158758,3.1292586446389548,
pgame_seed0,pgame,0,legs12_paralysed,top_k,3,6,8,938.46533203125,553,1078.9228515625,25.068881862158758,3.1292586446389548,
pgame_seed0,pgame,0,legs12_paralysed,top_k,3,7,183,983.5443115234375,553,1078.9228515625,25.068881862158758,3.1292586446389548,
pgame_seed0,pgame,0,legs12_paralysed,top_k,3,8,997,888.5538330078125,553,1078.9228515625,25.068881862158758,3.1292586446389548,
pgame_seed0,pgame,0,legs12_paralysed,top_k,3,9,277,900.9089965820312,553,1078.9228515625,25.068881862158758,3.1292586446389548,
pgame_seed0,pgame,0,legs12_paralysed,top_k,3,10,879,1022.59619140625,553,1078.9228515625,25.068881862158758,3.1292586446389548,
pgame_seed0,pgame,0,legs12_paralysed,top_k,3,11,69,1003.351318359375,553,1078.9228515625,25.068881862158758,3.1292586446389548,
pgame_seed0,pgame,0,legs12_paralysed,top_k,3,12,930,1013.8258056640625,553,1078.9228515625,25.068881862158758,3.1292586446389548,
pgame_seed0,pgame,0,legs12_paralysed,top_k,3,13,195,1002.5489501953125,553,1078.9228515625,25.068881862158758,3.1292586446389548,
pgame_seed0,pgame,0,legs12_paralysed,top_k,3,14,975,972.5352783203125,553,1078.9228515625,25.068881862158758,3.1292586446389548,
pgame_seed0,pgame,0,legs12_paralysed,top_k,3,15,579,1014.958984375,553,1078.9228515625,25.068881862158758,3.1292586446389548,
pgame_seed0,pgame,0,legs12_paralysed,top_k,3,16,202,928.3565673828125,553,1078.9228515625,25.068881862158758,3.1292586446389548,
pgame_seed0,pgame,0,legs12_paralysed,top_k,3,17,973,1058.7327880859375,553,1078.9228515625,25.068881862158758,3.1292586446389548,
pgame_seed0,pgame,0,legs12_paralysed,top_k,3,18,540,945.5589599609375,553,1078.9228515625,25.068881862158758,3.1292586446389548,
pgame_seed0,pgame,0,legs12_paralysed,top_k,3,19,342,928.3229370117188,553,1078.9228515625,25.068881862158758,3.1292586446389548,
pgame_seed0,pgame,0,legs12_paralysed,top_k,3,20,466,939.2646484375,553,1078.9228515625,25.068881862158758,3.1292586446389548,
pgame_seed0,pgame,0,legs12_paralysed,top_k,4,1,884,1004.1599731445312,884,977.166259765625,-101.07178482710543,-12.616428532328335,
pgame_seed0,pgame,0,legs12_paralysed,top_k,4,2,1012,978.663330078125,884,977.166259765625,-101.07178482710543,-12.616428532328335,
pgame_seed0,pgame,0,legs12_paralysed,top_k,4,3,80,1040.658447265625,80,1022.7146606445312,-44.60855672524256,-5.568326203174018,
pgame_seed0,pgame,0,legs12_paralysed,top_k,4,4,553,1001.9232177734375,80,1022.7146606445312,-44.60855672524256,-5.568326203174018,
pgame_seed0,pgame,0,legs12_paralysed,top_k,4,5,976,924.0518798828125,80,1022.7146606445312,-44.60855672524256,-5.568326203174018,
pgame_seed0,pgame,0,legs12_paralysed,top_k,4,6,8,1019.7615966796875,80,1022.7146606445312,-44.60855672524256,-5.568326203174018,
pgame_seed0,pgame,0,legs12_paralysed,top_k,4,7,183,989.8544921875,80,1022.7146606445312,-44.60855672524256,-5.568326203174018,
pgame_seed0,pgame,0,legs12_paralysed,top_k,4,8,997,961.2064208984375,80,1022.7146606445312,-44.60855672524256,-5.568326203174018,
pgame_seed0,pgame,0,legs12_paralysed,top_k,4,9,277,981.1016845703125,80,1022.7146606445312,-44.60855672524256,-5.568326203174018,
pgame_seed0,pgame,0,legs12_paralysed,top_k,4,10,879,1030.39697265625,80,1022.7146606445312,-44.60855672524256,-5.568326203174018,
pgame_seed0,pgame,0,legs12_paralysed,top_k,4,11,69,920.847900390625,80,1022.7146606445312,-44.60855672524256,-5.568326203174018,
pgame_seed0,pgame,0,legs12_paralysed,top_k,4,12,930,1039.63916015625,80,1022.7146606445312,-44.60855672524256,-5.568326203174018,
pgame_seed0,pgame,0,legs12_paralysed,top_k,4,13,195,954.6021118164062,80,1022.7146606445312,-44.60855672524256,-5.568326203174018,
pgame_seed0,pgame,0,legs12_paralysed,top_k,4,14,975,895.4451904296875,80,1022.7146606445312,-44.60855672524256,-5.568326203174018,
pgame_seed0,pgame,0,legs12_paralysed,top_k,4,15,579,1053.28076171875,579,1031.4521484375,-33.777292470692,-4.21629831907107,
pgame_seed0,pgame,0,legs12_paralysed,top_k,4,16,202,921.7822875976562,579,1031.4521484375,-33.777292470692,-4.21629831907107,
pgame_seed0,pgame,0,legs12_paralysed,top_k,4,17,973,1081.86181640625,973,1031.0418701171875,-34.285886360665025,-4.279784270920045,
pgame_seed0,pgame,0,legs12_paralysed,top_k,4,18,540,960.2566528320312,973,1031.0418701171875,-34.285886360665025,-4.279784270920045,
pgame_seed0,pgame,0,legs12_paralysed,top_k,4,19,342,986.160400390625,973,1031.0418701171875,-34.285886360665025,-4.279784270920045,
pgame_seed0,pgame,0,legs12_paralysed,top_k,4,20,466,928.0745239257812,973,1031.0418701171875,-34.285886360665025,-4.279784270920045,
pgame_seed0,pgame,0,legs12_paralysed,best_intact,0,1,884,1003.2162475585938,884,977.166259765625,-101.07178482710543,-12.616428532328335,
pgame_seed0,pgame,0,legs12_paralysed,best_intact,1,1,884,995.9362182617188,884,977.166259765625,-101.07178482710543,-12.616428532328335,
pgame_seed0,pgame,0,legs12_paralysed,best_intact,2,1,884,985.297119140625,884,977.166259765625,-101.07178482710543,-12.616428532328335,
pgame_seed0,pgame,0,legs12_paralysed,best_intact,3,1,884,981.1270751953125,884,977.166259765625,-101.07178482710543,-12.616428532328335,
pgame_seed0,pgame,0,legs12_paralysed,best_intact,4,1,884,974.261474609375,884,977.166259765625,-101.07178482710543,-12.616428532328335,
pgame_seed0,pgame,0,legs14_paralysed,ite,0,1,884,1067.434326171875,884,1058.525146484375,-0.2333523829508053,-0.02705661333784452,
pgame_seed0,pgame,0,legs14_paralysed,ite,0,2,973,1059.98681640625,884,1058.525146484375,-0.2333523829508053,-0.02705661333784452,
pgame_seed0,pgame,0,legs14_paralysed,ite,0,3,771,1018.2977294921875,884,1058.525146484375,-0.2333523829508053,-0.02705661333784452,
pgame_seed0,pgame,0,legs14_paralysed,ite,0,4,1012,1053.787353515625,884,1058.525146484375,-0.2333523829508053,-0.02705661333784452,
pgame_seed0,pgame,0,legs14_paralysed,ite,0,5,593,1051.710205078125,884,1058.525146484375,-0.2333523829508053,-0.02705661333784452,
pgame_seed0,pgame,0,legs14_paralysed,ite,0,6,352,1027.4166259765625,884,1058.525146484375,-0.2333523829508053,-0.02705661333784452,
pgame_seed0,pgame,0,legs14_paralysed,ite,0,7,1012,1065.0838623046875,884,1058.525146484375,-0.2333523829508053,-0.02705661333784452,
pgame_seed0,pgame,0,legs14_paralysed,ite,0,8,97,1053.7333984375,884,1058.525146484375,-0.2333523829508053,-0.02705661333784452,
pgame_seed0,pgame,0,legs14_paralysed,ite,0,9,1012,1066.32080078125,884,1058.525146484375,-0.2333523829508053,-0.02705661333784452,
pgame_seed0,pgame,0,legs14_paralysed,ite,0,10,973,1048.4644775390625,884,1058.525146484375,-0.2333523829508053,-0.02705661333784452,
pgame_seed0,pgame,0,legs14_paralysed,ite,0,11,1012,1064.7469482421875,884,1058.525146484375,-0.2333523829508053,-0.02705661333784452,
pgame_seed0,pgame,0,legs14_paralysed,ite,0,12,740,1040.7125244140625,884,1058.525146484375,-0.2333523829508053,-0.02705661333784452,
pgame_seed0,pgame,0,legs14_paralysed,ite,0,13,1012,1071.66943359375,1012,1077.043212890625,24.48010509654372,2.8384057179592417,
pgame_seed0,pgame,0,legs14_paralysed,ite,0,14,1012,1048.746826171875,1012,1077.043212890625,24.48010509654372,2.8384057179592417,
pgame_seed0,pgame,0,legs14_paralysed,ite,0,15,1012,1055.5457763671875,1012,1077.043212890625,24.48010509654372,2.8384057179592417,
pgame_seed0,pgame,0,legs14_paralysed,ite,0,16,973,1056.105712890625,1012,1077.043212890625,24.48010509654372,2.8384057179592417,
pgame_seed0,pgame,0,legs14_paralysed,ite,0,17,1012,1066.1787109375,1012,1077.043212890625,24.48010509654372,2.8384057179592417,
pgame_seed0,pgame,0,legs14_paralysed,ite,0,18,593,1054.357421875,1012,1077.043212890625,24.48010509654372,2.8384057179592417,
pgame_seed0,pgame,0,legs14_paralysed,ite,0,19,43,1080.8507080078125,43,1076.18115234375,23.329634188698034,2.7050115519498807,
pgame_seed0,pgame,0,legs14_paralysed,ite,0,20,1012,1062.85498046875,43,1076.18115234375,23.329634188698034,2.7050115519498807,
pgame_seed0,pgame,0,legs14_paralysed,ite,1,1,884,1065.92138671875,884,1058.525146484375,-0.2333523829508053,-0.02705661333784452,10
pgame_seed0,pgame,0,legs14_paralysed,ite,1,2,973,1058.538330078125,884,1058.525146484375,-0.2333523829508053,-0.02705661333784452,10
pgame_seed0,pgame,0,legs14_paralysed,ite,1,3,771,1028.167724609375,884,1058.525146484375,-0.2333523829508053,-0.02705661333784452,10
pgame_seed0,pgame,0,legs14_paralysed,ite,1,4,1012,1125.510009765625,1012,1077.043212890625,24.48010509654372,2.8384057179592417,10
pgame_seed0,pgame,0,legs14_paralysed,ite,1,5,593,1049.595947265625,1012,1077.043212890625,24.48010509654372,2.8384057179592417,10
pgame_seed0,pgame,0,legs14_paralysed,ite,1,6,352,1032.171630859375,1012,1077.043212890625,24.48010509654372,2.8384057179592417,10
pgame_seed0,pgame,0,legs14_paralysed,ite,1,7,1012,1065.603271484375,1012,1077.043212890625,24.48010509654372,2.8384057179592417,10
pgame_seed0,pgame,0,legs14_paralysed,ite,1,8,97,1054.53125,1012,1077.043212890625,24.48010509654372,2.8384057179592417,10
pgame_seed0,pgame,0,legs14_paralysed,ite,1,9,1012,1072.4183349609375,1012,1077.043212890625,24.48010509654372,2.8384057179592417,10
pgame_seed0,pgame,0,legs14_paralysed,ite,1,10,1012,1064.10546875,1012,1077.043212890625,24.48010509654372,2.8384057179592417,10
pgame_seed0,pgame,0,legs14_paralysed,ite,1,11,1012,1043.900390625,1012,1077.043212890625,24.48010509654372,2.8384057179592417,10
pgame_seed0,pgame,0,legs14_paralysed,ite,1,12,973,1066.3515625,1012,1077.043212890625,24.48010509654372,2.8384057179592417,10
pgame_seed0,pgame,0,legs14_paralysed,ite,1,13,740,1041.110107421875,1012,1077.043212890625,24.48010509654372,2.8384057179592417,10
pgame_seed0,pgame,0,legs14_paralysed,ite,1,14,1012,1078.35498046875,1012,1077.043212890625,24.48010509654372,2.8384057179592417,10
pgame_seed0,pgame,0,legs14_paralysed,ite,1,15,1012,1056.312744140625,1012,1077.043212890625,24.48010509654372,2.8384057179592417,10
pgame_seed0,pgame,0,legs14_paralysed,ite,1,16,1012,1091.0987548828125,1012,1077.043212890625,24.48010509654372,2.8384057179592417,10
pgame_seed0,pgame,0,legs14_paralysed,ite,1,17,1012,1068.23876953125,1012,1077.043212890625,24.48010509654372,2.8384057179592417,10
pgame_seed0,pgame,0,legs14_paralysed,ite,1,18,973,1062.17333984375,1012,1077.043212890625,24.48010509654372,2.8384057179592417,10
pgame_seed0,pgame,0,legs14_paralysed,ite,1,19,1012,1061.0242919921875,1012,1077.043212890625,24.48010509654372,2.8384057179592417,10
pgame_seed0,pgame,0,legs14_paralysed,ite,1,20,1012,1068.4124755859375,1012,1077.043212890625,24.48010509654372,2.8384057179592417,10
pgame_seed0,pgame,0,legs14_paralysed,ite,2,1,884,1054.9222412109375,884,1058.525146484375,-0.2333523829508053,-0.02705661333784452,
pgame_seed0,pgame,0,legs14_paralysed,ite,2,2,973,1058.442138671875,973,1063.674560546875,6.638845971136189,0.7697572494402456,
pgame_seed0,pgame,0,legs14_paralysed,ite,2,3,771,1013.85400390625,973,1063.674560546875,6.638845971136189,0.7697572494402456,
pgame_seed0,pgame,0,legs14_paralysed,ite,2,4,1012,1055.05810546875,973,1063.674560546875,6.638845971136189,0.7697572494402456,
pgame_seed0,pgame,0,legs14_paralysed,ite,2,5,593,1052.612548828125,973,1063.674560546875,6.638845971136189,0.7697572494402456,
pgame_seed0,pgame,0,legs14_paralysed,ite,2,6,352,1026.4920654296875,973,1063.674560546875,6.638845971136189,0.7697572494402456,
pgame_seed0,pgame,0,legs14_paralysed,ite,2,7,1012,1079.2880859375,1012,1077.043212890625,24.48010509654372,2.8384057179592417,
pgame_seed0,pgame,0,legs14_paralysed,ite,2,8,97,1048.07373046875,1012,1077.043212890625,24.48010509654372,2.8384057179592417,
pgame_seed0,pgame,0,legs14_paralysed,ite,2,9,1012,1067.224365234375,1012,1077.043212890625,24.48010509654372,2.8384057179592417,
pgame_seed0,pgame,0,legs14_paralysed,ite,2,10,973,1052.7119140625,1012,1077.043212890625,24.48010509654372,2.8384057179592417,
pgame_seed0,pgame,0,legs14_paralysed,ite,2,11,1012,1052.3642578125,1012,1077.043212890625,24.48010509654372,2.8384057179592417,
pgame_seed0,pgame,0,legs14_paralysed,ite,2,12,740,1043.528076171875,1012,1077.043212890625,24.48010509654372,2.8384057179592417,
pgame_seed0,pgame,0,legs14_paralysed,ite,2,13,1012,1068.34326171875,1012,1077.043212890625,24.48010509654372,2.8384057179592417,
pgame_seed0,pgame,0,legs14_paralysed,ite,2,14,1012,1072.533203125,1012,1077.043212890625,24.48010509654372,2.8384057179592417,
pgame_seed0,pgame,0,legs14_paralysed,ite,2,15,1012,1062.477294921875,1012,1077.043212890625,24.48010509654372,2.8384057179592417,
pgame_seed0,pgame,0,legs14_paralysed,ite,2,16,1012,1061.845703125,1012,1077.043212890625,24.48010509654372,2.8384057179592417,
pgame_seed0,pgame,0,legs14_paralysed,ite,2,17,973,1054.71484375,1012,1077.043212890625,24.48010509654372,2.8384057179592417,
pgame_seed0,pgame,0,legs14_paralysed,ite,2,18,1012,1054.86279296875,1012,1077.043212890625,24.48010509654372,2.8384057179592417,
pgame_seed0,pgame,0,legs14_paralysed,ite,2,19,593,1052.8084716796875,1012,1077.043212890625,24.48010509654372,2.8384057179592417,
pgame_seed0,pgame,0,legs14_paralysed,ite,2,20,43,1079.28076171875,1012,1077.043212890625,24.48010509654372,2.8384057179592417,
pgame_seed0,pgame,0,legs14_paralysed,ite,3,1,884,1059.34716796875,884,1058.525146484375,-0.2333523829508053,-0.02705661333784452,19
pgame_seed0,pgame,0,legs14_paralysed,ite,3,2,973,1048.866943359375,884,1058.525146484375,-0.2333523829508053,-0.02705661333784452,19
pgame_seed0,pgame,0,legs14_paralysed,ite,3,3,771,1012.203125,884,1058.525146484375,-0.2333523829508053,-0.02705661333784452,19
pgame_seed0,pgame,0,legs14_paralysed,ite,3,4,1012,1080.6082763671875,1012,1077.043212890625,24.48010509654372,2.8384057179592417,19
pgame_seed0,pgame,0,legs14_paralysed,ite,3,5,593,1051.9459228515625,1012,1077.043212890625,24.48010509654372,2.8384057179592417,19
pgame_seed0,pgame,0,legs14_paralysed,ite,3,6,352,1030.8853759765625,1012,1077.043212890625,24.48010509654372,2.8384057179592417,19
pgame_seed0,pgame,0,legs14_paralysed,ite,3,7,1012,1067.6282958984375,1012,1077.043212890625,24.48010509654372,2.8384057179592417,19
pgame_seed0,pgame,0,legs14_paralysed,ite,3,8,97,1053.876708984375,1012,1077.043212890625,24.48010509654372,2.8384057179592417,19
pgame_seed0,pgame,0,legs14_paralysed,ite,3,9,1012,1087.290283203125,1012,1077.043212890625,24.48010509654372,2.8384057179592417,19
pgame_seed0,pgame,0,legs14_paralysed,ite,3,10,1012,1068.3240966796875,1012,1077.043212890625,24.48010509654372,2.8384057179592417,19
pgame_seed0,pgame,0,legs14_paralysed,ite,3,11,740,1041.046875,1012,1077.043212890625,24.48010509654372,2.8384057179592417,19
pgame_seed0,pgame,0,legs14_paralysed,ite,3,12,1012,1066.40380859375,1012,1077.043212890625,24.48010509654372,2.8384057179592417,19
pgame_seed0,pgame,0,legs14_paralysed,ite,3,13,973,1060.5943603515625,1012,1077.043212890625,24.48010509654372,2.8384057179592417,19
pgame_seed0,pgame,0,legs14_paralysed,ite,3,14,1012,1071.89208984375,1012,1077.043212890625,24.48010509654372,2.8384057179592417,19
pgame_seed0,pgame,0,legs14_paralysed,ite,3,15,1012,1058.5338134765625,1012,1077.043212890625,24.48010509654372,2.8384057179592417,19
pgame_seed0,pgame,0,legs14_paralysed,ite,3,16,1012,1066.0263671875,1012,1077.043212890625,24.48010509654372,2.8384057179592417,19
pgame_seed0,pgame,0,legs14_paralysed,ite,3,17,1012,1056.932861328125,1012,1077.043212890625,24.48010509654372,2.8384057179592417,19
pgame_seed0,pgame,0,legs14_paralysed,ite,3,18,1012,1075.9267578125,1012,1077.043212890625,24.48010509654372,2.8384057179592417,19
pgame_seed0,pgame,0,legs14_paralysed,ite,3,19,973,1052.5623779296875,1012,1077.043212890625,24.48010509654372,2.8384057179592417,19
pgame_seed0,pgame,0,legs14_paralysed,ite,3,20,1012,1066.006103515625,1012,1077.043212890625,24.48010509654372,2.8384057179592417,19
pgame_seed0,pgame,0,legs14_paralysed,ite,4,1,884,1071.513916015625,884,1058.525146484375,-0.2333523829508053,-0.02705661333784452,
pgame_seed0,pgame,0,legs14_paralysed,ite,4,2,973,1049.39892578125,884,1058.525146484375,-0.2333523829508053,-0.02705661333784452,
pgame_seed0,pgame,0,legs14_paralysed,ite,4,3,771,1018.1611328125,884,1058.525146484375,-0.2333523829508053,-0.02705661333784452,
pgame_seed0,pgame,0,legs14_paralysed,ite,4,4,1012,1064.85888671875,884,1058.525146484375,-0.2333523829508053,-0.02705661333784452,
pgame_seed0,pgame,0,legs14_paralysed,ite,4,5,593,1053.2906494140625,884,1058.525146484375,-0.2333523829508053,-0.02705661333784452,
pgame_seed0,pgame,0,legs14_paralysed,ite,4,6,352,1032.36474609375,884,1058.525146484375,-0.2333523829508053,-0.02705661333784452,
pgame_seed0,pgame,0,legs14_paralysed,ite,4,7,1012,1061.7142333984375,884,1058.525146484375,-0.2333523829508053,-0.02705661333784452,
pgame_seed0,pgame,0,legs14_paralysed,ite,4,8,97,1049.39990234375,884,1058.525146484375,-0.2333523829508053,-0.02705661333784452,
pgame_seed0,pgame,0,legs14_paralysed,ite,4,9,1012,1057.835205078125,884,1058.525146484375,-0.2333523829508053,-0.02705661333784452,
pgame_seed0,pgame,0,legs14_paralysed,ite,4,10,1012,1074.6578369140625,1012,1077.043212890625,24.48010509654372,2.8384057179592417,
pgame_seed0,pgame,0,legs14_paralysed,ite,4,11,740,1039.8115234375,1012,1077.043212890625,24.48010509654372,2.8384057179592417,
pgame_seed0,pgame,0,legs14_paralysed,ite,4,12,973,1053.377197265625,1012,1077.043212890625,24.48010509654372,2.8384057179592417,
pgame_seed0,pgame,0,legs14_paralysed,ite,4,13,1012,1074.138427734375,1012,1077.043212890625,24.48010509654372,2.8384057179592417,
pgame_seed0,pgame,0,legs14_paralysed,ite,4,14,1012,1056.3133544921875,1012,1077.043212890625,24.48010509654372,2.8384057179592417,
pgame_seed0,pgame,0,legs14_paralysed,ite,4,15,1012,1054.83056640625,1012,1077.043212890625,24.48010509654372,2.8384057179592417,
pgame_seed0,pgame,0,legs14_paralysed,ite,4,16,1012,1069.548828125,1012,1077.043212890625,24.48010509654372,2.8384057179592417,
pgame_seed0,pgame,0,legs14_paralysed,ite,4,17,1012,1065.5435791015625,1012,1077.043212890625,24.48010509654372,2.8384057179592417,
pgame_seed0,pgame,0,legs14_paralysed,ite,4,18,43,1075.5955810546875,43,1076.18115234375,23.329634188698034,2.7050115519498807,
pgame_seed0,pgame,0,legs14_paralysed,ite,4,19,593,1051.6873779296875,43,1076.18115234375,23.329634188698034,2.7050115519498807,
pgame_seed0,pgame,0,legs14_paralysed,ite,4,20,973,1057.3916015625,43,1076.18115234375,23.329634188698034,2.7050115519498807,
pgame_seed0,pgame,0,legs14_paralysed,top_k,0,1,884,1046.1854248046875,884,1058.525146484375,-0.2333523829508053,-0.02705661333784452,
pgame_seed0,pgame,0,legs14_paralysed,top_k,0,2,1012,1061.184814453125,1012,1077.043212890625,24.48010509654372,2.8384057179592417,
pgame_seed0,pgame,0,legs14_paralysed,top_k,0,3,80,1073.403076171875,80,1078.40771484375,26.30111384872427,3.0495470359502685,
pgame_seed0,pgame,0,legs14_paralysed,top_k,0,4,553,1077.792236328125,553,1070.1800537109375,15.320812282637188,1.7764090887402826,
pgame_seed0,pgame,0,legs14_paralysed,top_k,0,5,976,1071.842041015625,553,1070.1800537109375,15.320812282637188,1.7764090887402826,
pgame_seed0,pgame,0,legs14_paralysed,top_k,0,6,8,1086.525146484375,8,1079.3917236328125,27.61433191558126,3.2018113197510982,
pgame_seed0,pgame,0,legs14_paralysed,top_k,0,7,183,1075.631103515625,8,1079.3917236328125,27.61433191558126,3.2018113197510982,
pgame_seed0,pgame,0,legs14_paralysed,top_k,0,8,997,1077.28564453125,8,1079.3917236328125,27.61433191558126,3.2018113197510982,
pgame_seed0,pgame,0,legs14_paralysed,top_k,0,9,277,942.7513427734375,8,1079.3917236328125,27.61433191558126,3.2018113197510982,
pgame_seed0,pgame,0,legs14_paralysed,top_k,0,10,879,1047.13232421875,8,1079.3917236328125,27.61433191558126,3.2018113197510982,
pgame_seed0,pgame,0,legs14_paralysed,top_k,0,11,69,1080.719970703125,8,1079.3917236328125,27.61433191558126,3.2018113197510982,
pgame_seed0,pgame,0,legs14_paralysed,top_k,0,12,930,1056.9688720703125,8,1079.3917236328125,27.61433191558126,3.2018113197510982,
pgame_seed0,pgame,0,legs14_paralysed,top_k,0,13,195,1080.6279296875,8,1079.3917236328125,27.61433191558126,3.2018113197510982,
pgame_seed0,pgame,0,legs14_paralysed,top_k,0,14,975,926.21875,8,1079.3917236328125,27.61433191558126,3.2018113197510982,
pgame_seed0,pgame,0,legs14_paralysed,top_k,0,15,579,1052.9957275390625,8,1079.3917236328125,27.61433191558126,3.2018113197510982,
pgame_seed0,pgame,0,legs14_paralysed,top_k,0,16,202,973.8992919921875,8,1079.3917236328125,27.61433191558126,3.2018113197510982,
pgame_seed0,pgame,0,legs14_paralysed,top_k,0,17,973,1065.174560546875,8,1079.3917236328125,27.61433191558126,3.2018113197510982,
pgame_seed0,pgame,0,legs14_paralysed,top_k,0,18,540,1082.0823974609375,8,1079.3917236328125,27.61433191558126,3.2018113197510982,
pgame_seed0,pgame,0,legs14_paralysed,top_k,0,19,342,1077.786376953125,8,1079.3917236328125,27.61433191558126,3.2018113197510982,
pgame_seed0,pgame,0,legs14_paralysed,top_k,0,20,466,1085.4185791015625,8,1079.3917236328125,27.61433191558126,3.2018113197510982,
pgame_seed0,pgame,0,legs14_paralysed,top_k,1,1,884,1058.46826171875,884,1058.525146484375,-0.2333523829508053,-0.02705661333784452,
pgame_seed0,pgame,0,legs14_paralysed,top_k,1,2,1012,1060.252685546875,1012,1077.043212890625,24.48010509654372,2.8384057179592417,
pgame_seed0,pgame,0,legs14_paralysed,top_k,1,3,80,1079.19482421875,80,1078.40771484375,26.30111384872427,3.0495470359502685,
pgame_seed0,pgame,0,legs14_paralysed,top_k,1,4,553,1097.9996337890625,553,1070.1800537109375,15.320812282637188,1.7764090887402826,
pgame_seed0,pgame,0,legs14_paralysed,top_k,1,5,976,1070.438232421875,553,1070.1800537109375,15.320812282637188,1.7764090887402826,
pgame_seed0,pgame,0,legs14_paralysed,top_k,1,6,8,1087.71826171875,553,1070.1800537109375,15.320812282637188,1.7764090887402826,
pgame_seed0,pgame,0,legs14_paralysed,top_k,1,7,183,1075.12158203125,553,1070.1800537109375,15.320812282637188,1.7764090887402826,
pgame_seed0,pgame,0,legs14_paralysed,top_k,1,8,997,1075.011962890625,553,1070.1800537109375,15.320812282637188,1.7764090887402826,
pgame_seed0,pgame,0,legs14_paralysed,top_k,1,9,277,943.9557495117188,553,1070.1800537109375,15.320812282637188,1.7764090887402826,
pgame_seed0,pgame,0,legs14_paralysed,top_k,1,10,879,1055.6959228515625,553,1070.1800537109375,15.320812282637188,1.7764090887402826,
pgame_seed0,pgame,0,legs14_paralysed,top_k,1,11,69,1144.14892578125,69,1133.631103515625,100.0,11.594744821418223,
pgame_seed0,pgame,0,legs14_paralysed,top_k,1,12,930,1047.38916015625,69,1133.631103515625,100.0,11.594744821418223,
pgame_seed0,pgame,0,legs14_paralysed,top_k,1,13,195,1067.0205078125,69,1133.631103515625,100.0,11.594744821418223,
pgame_seed0,pgame,0,legs14_paralysed,top_k,1,14,975,937.7508544921875,69,1133.631103515625,100.0,11.594744821418223,
pgame_seed0,pgame,0,legs14_paralysed,top_k,1,15,579,1058.0423583984375,69,1133.631103515625,100.0,11.594744821418223,
pgame_seed0,pgame,0,legs14_paralysed,top_k,1,16,202,988.0339965820312,69,1133.631103515625,100.0,11.594744821418223,
pgame_seed0,pgame,0,legs14_paralysed,top_k,1,17,973,1053.16162109375,69,1133.631103515625,100.0,11.594744821418223,
pgame_seed0,pgame,0,legs14_paralysed,top_k,1,18,540,1072.021484375,69,1133.631103515625,100.0,11.594744821418223,
pgame_seed0,pgame,0,legs14_paralysed,top_k,1,19,342,1088.594482421875,69,1133.631103515625,100.0,11.594744821418223,
pgame_seed0,pgame,0,legs14_paralysed,top_k,1,20,466,1072.564208984375,69,1133.631103515625,100.0,11.594744821418223,
pgame_seed0,pgame,0,legs14_paralysed,top_k,2,1,884,1064.8974609375,884,1058.525146484375,-0.2333523829508053,-0.02705661333784452,
pgame_seed0,pgame,0,legs14_paralysed,top_k,2,2,1012,1070.63330078125,1012,1077.043212890625,24.48010509654372,2.8384057179592417,
pgame_seed0,pgame,0,legs14_paralysed,top_k,2,3,80,1099.38330078125,80,1078.40771484375,26.30111384872427,3.0495470359502685,
pgame_seed0,pgame,0,legs14_paralysed,top_k,2,4,553,1048.101806640625,80,1078.40771484375,26.30111384872427,3.0495470359502685,
pgame_seed0,pgame,0,legs14_paralysed,top_k,2,5,976,1055.4571533203125,80,1078.40771484375,26.30111384872427,3.0495470359502685,
pgame_seed0,pgame,0,legs14_paralysed,top_k,2,6,8,1087.251220703125,80,1078.40771484375,26.30111384872427,3.0495470359502685,
pgame_seed0,pgame,0,legs14_paralysed,top_k,2,7,183,1076.7418212890625,80,1078.40771484375,26.30111384872427,3.0495470359502685,
pgame_seed0,pgame,0,legs14_paralysed,top_k,2,8,997,1109.2476806640625,997,1087.32275390625,38.198762013803005,4.429048980441296,
pgame_seed0,pgame,0,legs14_paralysed,top_k,2,9,277,929.3616943359375,997,1087.32275390625,38.198762013803005,4.429048980441296,
pgame_seed0,pgame,0,legs14_paralysed,top_k,2,10,879,1054.169921875,997,1087.32275390625,38.198762013803005,4.429048980441296,
pgame_seed0,pgame,0,legs14_paralysed,top_k,2,11,69,1089.7001953125,997,1087.32275390625,38.198762013803005,4.429048980441296,
pgame_seed0,pgame,0,legs14_paralysed,top_k,2,12,930,1040.799072265625,997,1087.32275390625,38.198762013803005,4.429048980441296,
pgame_seed0,pgame,0,legs14_paralysed,top_k,2,13,195,1097.224609375,997,1087.32275390625,38.198762013803005,4.429048980441296,
pgame_seed0,pgame,0,legs14_paralysed,top_k,2,14,975,920.597900390625,997,1087.32275390625,38.198762013803005,4.429048980441296,
pgame_seed0,pgame,0,legs14_paralysed,top_k,2,15,579,1043.5457763671875,997,1087.32275390625,38.198762013803005,4.429048980441296,
pgame_seed0,pgame,0,legs14_paralysed,top_k,2,16,202,940.8697509765625,997,1087.32275390625,38.198762013803005,4.429048980441296,
pgame_seed0,pgame,0,legs14_paralysed,top_k,2,17,973,1067.42578125,997,1087.32275390625,38.198762013803005,4.429048980441296,
pgame_seed0,pgame,0,legs14_paralysed,top_k,2,18,540,1076.208251953125,997,1087.32275390625,38.198762013803005,4.429048980441296,
pgame_seed0,pgame,0,legs14_paralysed,top_k,2,19,342,1094.772216796875,997,1087.32275390625,38.198762013803005,4.429048980441296,
pgame_seed0,pgame,0,legs14_paralysed,top_k,2,20,466,1067.593017578125,997,1087.32275390625,38.198762013803005,4.429048980441296,
pgame_seed0,pgame,0,legs14_paralysed,top_k,3,1,884,1062.2200927734375,884,1058.525146484375,-0.2333523829508053,-0.02705661333784452,
pgame_seed0,pgame,0,legs14_paralysed,top_k,3,2,1012,1052.185791015625,884,1058.525146484375,-0.2333523829508053,-0.02705661333784452,
pgame_seed0,pgame,0,legs14_paralysed,top_k,3,3,80,1090.35205078125,80,1078.40771484375,26.30111384872427,3.0495470359502685,
pgame_seed0,pgame,0,legs14_paralysed,top_k,3,4,553,1230.631591796875,553,1070.1800537109375,15.320812282637188,1.7764090887402826,
pgame_seed0,pgame,0,legs14_paralysed,top_k,3,5,976,1055.611572265625,553,1070.1800537109375,15.320812282637188,1.7764090887402826,
pgame_seed0,pgame,0,legs14_paralysed,top_k,3,6,8,1078.08642578125,553,1070.1800537109375,15.320812282637188,1.7764090887402826,
pgame_seed0,pgame,0,legs14_paralysed,top_k,3,7,183,1060.40771484375,553,1070.1800537109375,15.320812282637188,1.7764090887402826,
pgame_seed0,pgame,0,legs14_paralysed,top_k,3,8,997,1055.1527099609375,553,1070.1800537109375,15.320812282637188,1.7764090887402826,
pgame_seed0,pgame,0,legs14_paralysed,top_k,3,9,277,928.735595703125,553,1070.1800537109375,15.320812282637188,1.7764090887402826,
pgame_seed0,pgame,0,legs14_paralysed,top_k,3,10,879,1063.538330078125,553,1070.1800537109375,15.320812282637188,1.7764090887402826,
pgame_seed0,pgame,0,legs14_paralysed,top_k,3,11,69,1079.77783203125,553,1070.1800537109375,15.320812282637188,1.7764090887402826,
pgame_seed0,pgame,0,legs14_paralysed,top_k,3,12,930,1050.3411865234375,553,1070.1800537109375,15.320812282637188,1.7764090887402826,
pgame_seed0,pgame,0,legs14_paralysed,top_k,3,13,195,1070.365234375,553,1070.1800537109375,15.320812282637188,1.7764090887402826,
pgame_seed0,pgame,0,legs14_paralysed,top_k,3,14,975,905.4645385742188,553,1070.1800537109375,15.320812282637188,1.7764090887402826,
pgame_seed0,pgame,0,legs14_paralysed,top_k,3,15,579,1033.967041015625,553,1070.1800537109375,15.320812282637188,1.7764090887402826,
pgame_seed0,pgame,0,legs14_paralysed,top_k,3,16,202,902.7742919921875,553,1070.1800537109375,15.320812282637188,1.7764090887402826,
pgame_seed0,pgame,0,legs14_paralysed,top_k,3,17,973,1048.6357421875,553,1070.1800537109375,15.320812282637188,1.7764090887402826,
pgame_seed0,pgame,0,legs14_paralysed,top_k,3,18,540,1076.259765625,553,1070.1800537109375,15.320812282637188,1.7764090887402826,
pgame_seed0,pgame,0,legs14_paralysed,top_k,3,19,342,1097.07177734375,553,1070.1800537109375,15.320812282637188,1.7764090887402826,
pgame_seed0,pgame,0,legs14_paralysed,top_k,3,20,466,1072.3834228515625,553,1070.1800537109375,15.320812282637188,1.7764090887402826,
pgame_seed0,pgame,0,legs14_paralysed,top_k,4,1,884,1070.36376953125,884,1058.525146484375,-0.2333523829508053,-0.02705661333784452,
pgame_seed0,pgame,0,legs14_paralysed,top_k,4,2,1012,1063.2626953125,884,1058.525146484375,-0.2333523829508053,-0.02705661333784452,
pgame_seed0,pgame,0,legs14_paralysed,top_k,4,3,80,1081.0179443359375,80,1078.40771484375,26.30111384872427,3.0495470359502685,
pgame_seed0,pgame,0,legs14_paralysed,top_k,4,4,553,1039.864501953125,80,1078.40771484375,26.30111384872427,3.0495470359502685,
pgame_seed0,pgame,0,legs14_paralysed,top_k,4,5,976,1063.9202880859375,80,1078.40771484375,26.30111384872427,3.0495470359502685,
pgame_seed0,pgame,0,legs14_paralysed,top_k,4,6,8,1078.8763427734375,80,1078.40771484375,26.30111384872427,3.0495470359502685,
pgame_seed0,pgame,0,legs14_paralysed,top_k,4,7,183,1065.0947265625,80,1078.40771484375,26.30111384872427,3.0495470359502685,
pgame_seed0,pgame,0,legs14_paralysed,top_k,4,8,997,1062.354248046875,80,1078.40771484375,26.30111384872427,3.0495470359502685,
pgame_seed0,pgame,0,legs14_paralysed,top_k,4,9,277,937.4951782226562,80,1078.40771484375,26.30111384872427,3.0495470359502685,
pgame_seed0,pgame,0,legs14_paralysed,top_k,4,10,879,1045.481689453125,80,1078.40771484375,26.30111384872427,3.0495470359502685,
pgame_seed0,pgame,0,legs14_paralysed,top_k,4,11,69,1079.192138671875,80,1078.40771484375,26.30111384872427,3.0495470359502685,
pgame_seed0,pgame,0,legs14_paralysed,top_k,4,12,930,1054.4151611328125,80,1078.40771484375,26.30111384872427,3.0495470359502685,
pgame_seed0,pgame,0,legs14_paralysed,top_k,4,13,195,1097.3037109375,195,1092.194580078125,44.7005028708012,5.182909241760127,
pgame_seed0,pgame,0,legs14_paralysed,top_k,4,14,975,929.5372314453125,195,1092.194580078125,44.7005028708012,5.182909241760127,
pgame_seed0,pgame,0,legs14_paralysed,top_k,4,15,579,1053.0789794921875,195,1092.194580078125,44.7005028708012,5.182909241760127,
pgame_seed0,pgame,0,legs14_paralysed,top_k,4,16,202,983.7169189453125,195,1092.194580078125,44.7005028708012,5.182909241760127,
pgame_seed0,pgame,0,legs14_paralysed,top_k,4,17,973,1056.1142578125,195,1092.194580078125,44.7005028708012,5.182909241760127,
pgame_seed0,pgame,0,legs14_paralysed,top_k,4,18,540,1079.216064453125,195,1092.194580078125,44.7005028708012,5.182909241760127,
pgame_seed0,pgame,0,legs14_paralysed,top_k,4,19,342,1091.853515625,195,1092.194580078125,44.7005028708012,5.182909241760127,
pgame_seed0,pgame,0,legs14_paralysed,top_k,4,20,466,1076.7806396484375,195,1092.194580078125,44.7005028708012,5.182909241760127,
pgame_seed0,pgame,0,legs14_paralysed,best_intact,0,1,884,1053.09423828125,884,1058.525146484375,-0.2333523829508053,-0.02705661333784452,
pgame_seed0,pgame,0,legs14_paralysed,best_intact,1,1,884,1055.958740234375,884,1058.525146484375,-0.2333523829508053,-0.02705661333784452,
pgame_seed0,pgame,0,legs14_paralysed,best_intact,2,1,884,1053.568359375,884,1058.525146484375,-0.2333523829508053,-0.02705661333784452,
pgame_seed0,pgame,0,legs14_paralysed,best_intact,3,1,884,1058.00341796875,884,1058.525146484375,-0.2333523829508053,-0.02705661333784452,
pgame_seed0,pgame,0,legs14_paralysed,best_intact,4,1,884,1065.0146484375,884,1058.525146484375,-0.2333523829508053,-0.02705661333784452,
pgame_seed0,pgame,0,ankle1_paralysed,ite,0,1,884,1092.920654296875,884,1168.6865234375,27.792712131398837,17.01917645970372,7
pgame_seed0,pgame,0,ankle1_paralysed,ite,0,2,973,1197.2628173828125,973,1170.898681640625,28.35170676280477,17.36148304090191,7
pgame_seed0,pgame,0,ankle1_paralysed,ite,0,3,1012,1090.9259033203125,973,1170.898681640625,28.35170676280477,17.36148304090191,7
pgame_seed0,pgame,0,ankle1_paralysed,ite,0,4,740,1045.65576171875,973,1170.898681640625,28.35170676280477,17.36148304090191,7
pgame_seed0,pgame,0,ankle1_paralysed,ite,0,5,352,1106.9952392578125,973,1170.898681640625,28.35170676280477,17.36148304090191,7
pgame_seed0,pgame,0,ankle1_paralysed,ite,0,6,771,1028.3271484375,973,1170.898681640625,28.35170676280477,17.36148304090191,7
pgame_seed0,pgame,0,ankle1_paralysed,ite,0,7,973,1212.62744140625,973,1170.898681640625,28.35170676280477,17.36148304090191,7
pgame_seed0,pgame,0,ankle1_paralysed,ite,0,8,973,1181.5372314453125,973,1170.898681640625,28.35170676280477,17.36148304090191,7
pgame_seed0,pgame,0,ankle1_paralysed,ite,0,9,973,1202.951416015625,973,1170.898681640625,28.35170676280477,17.36148304090191,7
pgame_seed0,pgame,0,ankle1_paralysed,ite,0,10,973,1200.557373046875,973,1170.898681640625,28.35170676280477,17.36148304090191,7
pgame_seed0,pgame,0,ankle1_paralysed,ite,0,11,973,1120.122314453125,973,1170.898681640625,28.35170676280477,17.36148304090191,7
pgame_seed0,pgame,0,ankle1_paralysed,ite,0,12,1012,1149.0140380859375,973,1170.898681640625,28.35170676280477,17.36148304090191,7
pgame_seed0,pgame,0,ankle1_paralysed,ite,0,13,973,1188.5662841796875,973,1170.898681640625,28.35170676280477,17.36148304090191,7
pgame_seed0,pgame,0,ankle1_paralysed,ite,0,14,973,1115.8670654296875,973,1170.898681640625,28.35170676280477,17.36148304090191,7
pgame_seed0,pgame,0,ankle1_paralysed,ite,0,15,973,1182.62744140625,973,1170.898681640625,28.35170676280477,17.36148304090191,7
pgame_seed0,pgame,0,ankle1_paralysed,ite,0,16,973,1184.1202392578125,973,1170.898681640625,28.35170676280477,17.36148304090191,7
pgame_seed0,pgame,0,ankle1_paralysed,ite,0,17,973,1173.200439453125,973,1170.898681640625,28.35170676280477,17.36148304090191,7
pgame_seed0,pgame,0,ankle1_paralysed,ite,0,18,973,1190.952880859375,973,1170.898681640625,28.35170676280477,17.36148304090191,7
pgame_seed0,pgame,0,ankle1_paralysed,ite,0,19,973,1183.7354736328125,973,1170.898681640625,28.35170676280477,17.36148304090191,7
pgame_seed0,pgame,0,ankle1_paralysed,ite,0,20,973,1191.4736328125,973,1170.898681640625,28.35170676280477,17.36148304090191,7
pgame_seed0,pgame,0,ankle1_paralysed,ite,1,1,884,1079.279052734375,884,1168.6865234375,27.792712131398837,17.01917645970372,5
pgame_seed0,pgame,0,ankle1_paralysed,ite,1,2,973,1217.864013671875,973,1170.898681640625,28.35170676280477,17.36148304090191,5
pgame_seed0,pgame,0,ankle1_paralysed,ite,1,3,352,1018.4171752929688,973,1170.898681640625,28.35170676280477,17.36148304090191,5
pgame_seed0,pgame,0,ankle1_paralysed,ite,1,4,1012,1091.693603515625,973,1170.898681640625,28.35170676280477,17.36148304090191,5
pgame_seed0,pgame,0,ankle1_paralysed,ite,1,5,740,1094.904296875,973,1170.898681640625,28.35170676280477,17.36148304090191,5
pgame_seed0,pgame,0,ankle1_paralysed,ite,1,6,771,1018.42578125,973,1170.898681640625,28.35170676280477,17.36148304090191,5
pgame_seed0,pgame,0,ankle1_paralysed,ite,1,7,973,1215.340576171875,973,1170.898681640625,28.35170676280477,17.36148304090191,5
pgame_seed0,pgame,0,ankle1_paralysed,ite,1,8,973,1211.13037109375,973,1170.898681640625,28.35170676280477,17.36148304090191,5
pgame_seed0,pgame,0,ankle1_paralysed,ite,1,9,973,1118.061279296875,973,1170.898681640625,28.35170676280477,17.36148304090191,5
pgame_seed0,pgame,0,ankle1_paralysed,ite,1,10,973,1166.860595703125,973,1170.898681640625,28.35170676280477,17.36148304090191,5
pgame_seed0,pgame,0,ankle1_paralysed,ite,1,11,973,1184.703369140625,973,1170.898681640625,28.35170676280477,17.36148304090191,5
pgame_seed0,pgame,0,ankle1_paralysed,ite,1,12,973,1119.103515625,973,1170.898681640625,28.35170676280477,17.36148304090191,5
pgame_seed0,pgame,0,ankle1_paralysed,ite,1,13,1012,1131.872802734375,973,1170.898681640625,28.35170676280477,17.36148304090191,5
pgame_seed0,pgame,0,ankle1_paralysed,ite,1,14,593,1098.0660400390625,973,1170.898681640625,28.35170676280477,17.36148304090191,5
pgame_seed0,pgame,0,ankle1_paralysed,ite,1,15,973,1159.9071044921875,973,1170.898681640625,28.35170676280477,17.36148304090191,5
pgame_seed0,pgame,0,ankle1_paralysed,ite,1,16,973,1135.218994140625,973,1170.898681640625,28.35170676280477,17.36148304090191,5
pgame_seed0,pgame,0,ankle1_paralysed,ite,1,17,973,1253.631591796875,973,1170.898681640625,28.35170676280477,17.36148304090191,5
pgame_seed0,pgame,0,ankle1_paralysed,ite,1,18,973,1161.119140625,973,1170.898681640625,28.35170676280477,17.36148304090191,5
pgame_seed0,pgame,0,ankle1_paralysed,ite,1,19,973,1176.869873046875,973,1170.898681640625,28.35170676280477,17.36148304090191,5
pgame_seed0,pgame,0,ankle1_paralysed,ite,1,20,973,1202.623046875,973,1170.898681640625,28.35170676280477,17.36148304090191,5
pgame_seed0,pgame,0,ankle1_paralysed,ite,2,1,884,1108.9677734375,884,1168.6865234375,27.792712131398837,17.01917645970372,8
pgame_seed0,pgame,0,ankle1_paralysed,ite,2,2,973,1172.5545654296875,973,1170.898681640625,28.35170676280477,17.36148304090191,8
pgame_seed0,pgame,0,ankle1_paralysed,ite,2,3,1012,1123.93505859375,973,1170.898681640625,28.35170676280477,17.36148304090191,8
pgame_seed0,pgame,0,ankle1_paralysed,ite,2,4,740,1062.4332275390625,973,1170.898681640625,28.35170676280477,17.36148304090191,8
pgame_seed0,pgame,0,ankle1_paralysed,ite,2,5,352,974.9476318359375,973,1170.898681640625,28.35170676280477,17.36148304090191,8
pgame_seed0,pgame,0,ankle1_paralysed,ite,2,6,771,1017.1065673828125,973,1170.898681640625,28.35170676280477,17.36148304090191,8
pgame_seed0,pgame,0,ankle1_paralysed,ite,2,7,1012,1040.280029296875,973,1170.898681640625,28.35170676280477,17.36148304090191,8
pgame_seed0,pgame,0,ankle1_paralysed,ite,2,8,973,1162.34521484375,973,1170.898681640625,28.35170676280477,17.36148304090191,8
pgame_seed0,pgame,0,ankle1_paralysed,ite,2,9,973,1183.0701904296875,973,1170.898681640625,28.35170676280477,17.36148304090191,8
pgame_seed0,pgame,0,ankle1_paralysed,ite,2,10,973,1144.560546875,973,1170.898681640625,28.35170676280477,17.36148304090191,8
pgame_seed0,pgame,0,ankle1_paralysed,ite,2,11,973,1126.3878173828125,973,1170.898681640625,28.35170676280477,17.36148304090191,8
pgame_seed0,pgame,0,ankle1_paralysed,ite,2,12,593,1117.1583251953125,973,1170.898681640625,28.35170676280477,17.36148304090191,8
pgame_seed0,pgame,0,ankle1_paralysed,ite,2,13,973,1156.419921875,973,1170.898681640625,28.35170676280477,17.36148304090191,8
pgame_seed0,pgame,0,ankle1_paralysed,ite,2,14,973,1234.0,973,1170.898681640625,28.35170676280477,17.36148304090191,8
pgame_seed0,pgame,0,ankle1_paralysed,ite,2,15,973,1179.513916015625,973,1170.898681640625,28.35170676280477,17.36148304090191,8
pgame_seed0,pgame,0,ankle1_paralysed,ite,2,16,973,1187.87109375,973,1170.898681640625,28.35170676280477,17.36148304090191,8
pgame_seed0,pgame,0,ankle1_paralysed,ite,2,17,973,1222.97705078125,973,1170.898681640625,28.35170676280477,17.36148304090191,8
pgame_seed0,pgame,0,ankle1_paralysed,ite,2,18,973,1170.731201171875,973,1170.898681640625,28.35170676280477,17.36148304090191,8
pgame_seed0,pgame,0,ankle1_paralysed,ite,2,19,973,1188.155517578125,973,1170.898681640625,28.35170676280477,17.36148304090191,8
pgame_seed0,pgame,0,ankle1_paralysed,ite,2,20,973,1158.631103515625,973,1170.898681640625,28.35170676280477,17.36148304090191,8
pgame_seed0,pgame,0,ankle1_paralysed,ite,3,1,884,1214.753662109375,884,1168.6865234375,27.792712131398837,17.01917645970372,5
pgame_seed0,pgame,0,ankle1_paralysed,ite,3,2,973,1151.0047607421875,884,1168.6865234375,27.792712131398837,17.01917645970372,5
pgame_seed0,pgame,0,ankle1_paralysed,ite,3,3,1012,1119.175537109375,884,1168.6865234375,27.792712131398837,17.01917645970372,5
pgame_seed0,pgame,0,ankle1_paralysed,ite,3,4,740,1035.8758544921875,884,1168.6865234375,27.792712131398837,17.01917645970372,5
pgame_seed0,pgame,0,ankle1_paralysed,ite,3,5,1012,1253.14990234375,1012,1158.07958984375,25.112425103911548,15.377872880988713,5
pgame_seed0,pgame,0,ankle1_paralysed,ite,3,6,1012,1137.027099609375,1012,1158.07958984375,25.112425103911548,15.377872880988713,5
pgame_seed0,pgame,0,ankle1_paralysed,ite,3,7,352,974.188232421875,1012,1158.07958984375,25.112425103911548,15.377872880988713,5
pgame_seed0,pgame,0,ankle1_paralysed,ite,3,8,771,1032.2486572265625,1012,1158.07958984375,25.112425103911548,15.377872880988713,5
pgame_seed0,pgame,0,ankle1_paralysed,ite,3,9,1012,1246.5096435546875,1012,1158.07958984375,25.112425103911548,15.377872880988713,5
pgame_seed0,pgame,0,ankle1_paralysed,ite,3,10,1012,1155.0535888671875,1012,1158.07958984375,25.112425103911548,15.377872880988713,5
pgame_seed0,pgame,0,ankle1_paralysed,ite,3,11,1012,1111.00927734375,1012,1158.07958984375,25.112425103911548,15.377872880988713,5
pgame_seed0,pgame,0,ankle1_paralysed,ite,3,12,1012,1294.12744140625,1012,1158.07958984375,25.112425103911548,15.377872880988713,5
pgame_seed0,pgame,0,ankle1_paralysed,ite,3,13,1012,1237.9049072265625,1012,1158.07958984375,25.112425103911548,15.377872880988713,5
pgame_seed0,pgame,0,ankle1_paralysed,ite,3,14,1012,1253.8076171875,1012,1158.07958984375,25.112425103911548,15.377872880988713,5
pgame_seed0,pgame,0,ankle1_paralysed,ite,3,15,1012,998.6665649414062,1012,1158.07958984375,25.112425103911548,15.377872880988713,5
pgame_seed0,pgame,0,ankle1_paralysed,ite,3,16,1012,1170.2998046875,1012,1158.07958984375,25.112425103911548,15.377872880988713,5
pgame_seed0,pgame,0,ankle1_paralysed,ite,3,17,1012,1258.75537109375,1012,1158.07958984375,25.112425103911548,15.377872880988713,5
pgame_seed0,pgame,0,ankle1_paralysed,ite,3,18,1012,1314.201171875,1012,1158.07958984375,25.112425103911548,15.377872880988713,5
pgame_seed0,pgame,0,ankle1_paralysed,ite,3,19,1012,1257.0498046875,1012,1158.07958984375,25.112425103911548,15.377872880988713,5
pgame_seed0,pgame,0,ankle1_paralysed,ite,3,20,1012,1058.828369140625,1012,1158.07958984375,25.112425103911548,15.377872880988713,5
pgame_seed0,pgame,0,ankle1_paralysed,ite,4,1,884,1125.8861083984375,884,1168.6865234375,27.792712131398837,17.01917645970372,8
pgame_seed0,pgame,0,ankle1_paralysed,ite,4,2,973,1173.9993896484375,973,1170.898681640625,28.35170676280477,17.36148304090191,8
pgame_seed0,pgame,0,ankle1_paralysed,ite,4,3,1012,1071.6351318359375,973,1170.898681640625,28.35170676280477,17.36148304090191,8
pgame_seed0,pgame,0,ankle1_paralysed,ite,4,4,740,1060.327392578125,973,1170.898681640625,28.35170676280477,17.36148304090191,8
pgame_seed0,pgame,0,ankle1_paralysed,ite,4,5,352,971.5016479492188,973,1170.898681640625,28.35170676280477,17.36148304090191,8
pgame_seed0,pgame,0,ankle1_paralysed,ite,4,6,771,1015.059326171875,973,1170.898681640625,28.35170676280477,17.36148304090191,8
pgame_seed0,pgame,0,ankle1_paralysed,ite,4,7,1012,1128.5772705078125,973,1170.898681640625,28.35170676280477,17.36148304090191,8
pgame_seed0,pgame,0,ankle1_paralysed,ite,4,8,973,1200.0469970703125,973,1170.898681640625,28.35170676280477,17.36148304090191,8
pgame_seed0,pgame,0,ankle1_paralysed,ite,4,9,973,1162.390625,973,1170.898681640625,28.35170676280477,17.36148304090191,8
pgame_seed0,pgame,0,ankle1_paralysed,ite,4,10,973,1130.87890625,973,1170.898681640625,28.35170676280477,17.36148304090191,8
pgame_seed0,pgame,0,ankle1_paralysed,ite,4,11,1012,1086.382080078125,973,1170.898681640625,28.35170676280477,17.36148304090191,8
pgame_seed0,pgame,0,ankle1_paralysed,ite,4,12,973,1143.047119140625,973,1170.898681640625,28.35170676280477,17.36148304090191,8
pgame_seed0,pgame,0,ankle1_paralysed,ite,4,13,973,1101.8427734375,973,1170.898681640625,28.35170676280477,17.36148304090191,8
pgame_seed0,pgame,0,ankle1_paralysed,ite,4,14,593,1086.5799560546875,973,1170.898681640625,28.35170676280477,17.36148304090191,8
pgame_seed0,pgame,0,ankle1_paralysed,ite,4,15,973,1186.8172607421875,973,1170.898681640625,28.35170676280477,17.36148304090191,8
pgame_seed0,pgame,0,ankle1_paralysed,ite,4,16,973,1164.36474609375,973,1170.898681640625,28.35170676280477,17.36148304090191,8
pgame_seed0,pgame,0,ankle1_paralysed,ite,4,17,973,1227.021484375,973,1170.898681640625,28.35170676280477,17.36148304090191,8
pgame_seed0,pgame,0,ankle1_paralysed,ite,4,18,973,1187.245361328125,973,1170.898681640625,28.35170676280477,17.36148304090191,8
pgame_seed0,pgame,0,ankle1_paralysed,ite,4,19,973,1245.581787109375,973,1170.898681640625,28.35170676280477,17.36148304090191,8
pgame_seed0,pgame,0,ankle1_paralysed,ite,4,20,973,1178.0166015625,973,1170.898681640625,28.35170676280477,17.36148304090191,8
pgame_seed0,pgame,0,ankle1_paralysed,top_k,0,1,884,1096.614990234375,884,1168.6865234375,27.792712131398837,17.01917645970372,
pgame_seed0,pgame,0,ankle1_paralysed,top_k,0,2,1012,1415.58642578125,1012,1158.07958984375,25.112425103911548,15.377872880988713,
pgame_seed0,pgame,0,ankle1_paralysed,top_k,0,3,80,1168.3876953125,1012,1158.07958984375,25.112425103911548,15.377872880988713,
pgame_seed0,pgame,0,ankle1_paralysed,top_k,0,4,553,1451.9130859375,553,1432.1844482421875,94.37652387883665,57.79251430927265,
pgame_seed0,pgame,0,ankle1_paralysed,top_k,0,5,976,1428.48974609375,553,1432.1844482421875,94.37652387883665,57.79251430927265,
pgame_seed0,pgame,0,ankle1_paralysed,top_k,0,6,8,1365.59423828125,553,1432.1844482421875,94.37652387883665,57.79251430927265,
pgame_seed0,pgame,0,ankle1_paralysed,top_k,0,7,183,990.77587890625,553,1432.1844482421875,94.37652387883665,57.79251430927265,
pgame_seed0,pgame,0,ankle1_paralysed,top_k,0,8,997,1366.2567138671875,553,1432.1844482421875,94.37652387883665,57.79251430927265,
pgame_seed0,pgame,0,ankle1_paralysed,top_k,0,9,277,1445.511474609375,553,1432.1844482421875,94.37652387883665,57.79251430927265,
pgame_seed0,pgame,0,ankle1_paralysed,top_k,0,10,879,1420.04833984375,553,1432.1844482421875,94.37652387883665,57.79251430927265,
pgame_seed0,pgame,0,ankle1_paralysed,top_k,0,11,69,1317.760986328125,553,1432.1844482421875,94.37652387883665,57.79251430927265,
pgame_seed0,pgame,0,ankle1_paralysed,top_k,0,12,930,1321.363525390625,553,1432.1844482421875,94.37652387883665,57.79251430927265,
pgame_seed0,pgame,0,ankle1_paralysed,top_k,0,13,195,1247.1849365234375,553,1432.1844482421875,94.37652387883665,57.79251430927265,
pgame_seed0,pgame,0,ankle1_paralysed,top_k,0,14,975,1342.242919921875,553,1432.1844482421875,94.37652387883665,57.79251430927265,
pgame_seed0,pgame,0,ankle1_paralysed,top_k,0,15,579,1384.72265625,553,1432.1844482421875,94.37652387883665,57.79251430927265,
pgame_seed0,pgame,0,ankle1_paralysed,top_k,0,16,202,1287.087158203125,553,1432.1844482421875,94.37652387883665,57.79251430927265,
pgame_seed0,pgame,0,ankle1_paralysed,top_k,0,17,973,1078.7109375,553,1432.1844482421875,94.37652387883665,57.79251430927265,
pgame_seed0,pgame,0,ankle1_paralysed,top_k,0,18,540,1239.9312744140625,553,1432.1844482421875,94.37652387883665,57.79251430927265,
pgame_seed0,pgame,0,ankle1_paralysed,top_k,0,19,342,1185.24853515625,553,1432.1844482421875,94.37652387883665,57.79251430927265,
pgame_seed0,pgame,0,ankle1_paralysed,top_k,0,20,466,1364.341552734375,553,1432.1844482421875,94.37652387883665,57.79251430927265,
pgame_seed0,pgame,0,ankle1_paralysed,top_k,1,1,884,1229.361328125,884,1168.6865234375,27.792712131398837,17.01917645970372,
pgame_seed0,pgame,0,ankle1_paralysed,top_k,1,2,1012,1181.242919921875,884,1168.6865234375,27.792712131398837,17.01917645970372,
pgame_seed0,pgame,0,ankle1_paralysed,top_k,1,3,80,1272.35498046875,80,1151.627197265625,23.48195726223541,14.379437759645922,
pgame_seed0,pgame,0,ankle1_paralysed,top_k,1,4,553,1473.2843017578125,553,1432.1844482421875,94.37652387883665,57.79251430927265,
pgame_seed0,pgame,0,ankle1_paralysed,top_k,1,5,976,1290.058349609375,553,1432.1844482421875,94.37652387883665,57.79251430927265,
pgame_seed0,pgame,0,ankle1_paralysed,top_k,1,6,8,1329.794677734375,553,1432.1844482421875,94.37652387883665,57.79251430927265,
pgame_seed0,pgame,0,ankle1_paralysed,top_k,1,7,183,977.9981689453125,553,1432.1844482421875,94.37652387883665,57.79251430927265,
pgame_seed0,pgame,0,ankle1_paralysed,top_k,1,8,997,1425.85791015625,553,1432.1844482421875,94.37652387883665,57.79251430927265,
pgame_seed0,pgame,0,ankle1_paralysed,top_k,1,9,277,1514.9862060546875,277,1454.438720703125,100.0,61.23611247164429,
pgame_seed0,pgame,0,ankle1_paralysed,top_k,1,10,879,1413.6424560546875,277,1454.438720703125,100.0,61.23611247164429,
pgame_seed0,pgame,0,ankle1_paralysed,top_k,1,11,69,1357.3515625,277,1454.438720703125,100.0,61.23611247164429,
pgame_seed0,pgame,0,ankle1_paralysed,top_k,1,12,930,1308.291015625,277,1454.438720703125,100.0,61.23611247164429,
pgame_seed0,pgame,0,ankle1_paralysed,top_k,1,13,195,1212.435791015625,277,1454.438720703125,100.0,61.23611247164429,
pgame_seed0,pgame,0,ankle1_paralysed,top_k,1,14,975,1320.712158203125,277,1454.438720703125,100.0,61.23611247164429,
pgame_seed0,pgame,0,ankle1_paralysed,top_k,1,15,579,1469.9033203125,277,1454.438720703125,100.0,61.23611247164429,
pgame_seed0,pgame,0,ankle1_paralysed,top_k,1,16,202,1545.671630859375,202,1227.7613525390625,42.720447531311656,26.16034129866379,
pgame_seed0,pgame,0,ankle1_paralysed,top_k,1,17,973,1211.57861328125,202,1227.7613525390625,42.720447531311656,26.16034129866379,
pgame_seed0,pgame,0,ankle1_paralysed,top_k,1,18,540,1209.6697998046875,202,1227.7613525390625,42.720447531311656,26.16034129866379,
pgame_seed0,pgame,0,ankle1_paralysed,top_k,1,19,342,1194.587646484375,202,1227.7613525390625,42.720447531311656,26.16034129866379,
pgame_seed0,pgame,0,ankle1_paralysed,top_k,1,20,466,1341.900390625,202,1227.7613525390625,42.720447531311656,26.16034129866379,
pgame_seed0,pgame,0,ankle1_paralysed,top_k,2,1,884,1185.8150634765625,884,1168.6865234375,27.792712131398837,17.01917645970372,
pgame_seed0,pgame,0,ankle1_paralysed,top_k,2,2,1012,1198.371337890625,1012,1158.07958984375,25.112425103911548,15.377872880988713,
pgame_seed0,pgame,0,ankle1_paralysed,top_k,2,3,80,1343.1549072265625,80,1151.627197265625,23.48195726223541,14.379437759645922,
pgame_seed0,pgame,0,ankle1_paralysed,top_k,2,4,553,1345.011962890625,553,1432.1844482421875,94.37652387883665,57.79251430927265,
pgame_seed0,pgame,0,ankle1_paralysed,top_k,2,5,976,1407.437744140625,976,1442.5322265625,96.99132444773909,59.39371652655493,
pgame_seed0,pgame,0,ankle1_paralysed,top_k,2,6,8,1349.1044921875,976,1442.5322265625,96.99132444773909,59.39371652655493,
pgame_seed0,pgame,0,ankle1_paralysed,top_k,2,7,183,1011.016845703125,976,1442.5322265625,96.99132444773909,59.39371652655493,
pgame_seed0,pgame,0,ankle1_paralysed,top_k,2,8,997,1272.8203125,976,1442.5322265625,96.99132444773909,59.39371652655493,
pgame_seed0,pgame,0,ankle1_paralysed,top_k,2,9,277,1474.163330078125,277,1454.438720703125,100.0,61.23611247164429,
pgame_seed0,pgame,0,ankle1_paralysed,top_k,2,10,879,1444.893798828125,277,1454.438720703125,100.0,61.23611247164429,
pgame_seed0,pgame,0,ankle1_paralysed,top_k,2,11,69,1368.8857421875,277,1454.438720703125,100.0,61.23611247164429,
pgame_seed0,pgame,0,ankle1_paralysed,top_k,2,12,930,1197.6180419921875,277,1454.438720703125,100.0,61.23611247164429,
pgame_seed0,pgame,0,ankle1_paralysed,top_k,2,13,195,1226.07421875,277,1454.438720703125,100.0,61.23611247164429,
pgame_seed0,pgame,0,ankle1_paralysed,top_k,2,14,975,1423.31591796875,277,1454.438720703125,100.0,61.23611247164429,
pgame_seed0,pgame,0,ankle1_paralysed,top_k,2,15,579,1324.5794677734375,277,1454.438720703125,100.0,61.23611247164429,
pgame_seed0,pgame,0,ankle1_paralysed,top_k,2,16,202,1456.8507080078125,277,1454.438720703125,100.0,61.23611247164429,
pgame_seed0,pgame,0,ankle1_paralysed,top_k,2,17,973,1137.1168212890625,277,1454.438720703125,100.0,61.23611247164429,
pgame_seed0,pgame,0,ankle1_paralysed,top_k,2,18,540,1201.0069580078125,277,1454.438720703125,100.0,61.23611247164429,
pgame_seed0,pgame,0,ankle1_paralysed,top_k,2,19,342,1219.04443359375,277,1454.438720703125,100.0,61.23611247164429,
pgame_seed0,pgame,0,ankle1_paralysed,top_k,2,20,466,1390.69775390625,277,1454.438720703125,100.0,61.23611247164429,
pgame_seed0,pgame,0,ankle1_paralysed,top_k,3,1,884,1015.367431640625,884,1168.6865234375,27.792712131398837,17.01917645970372,
pgame_seed0,pgame,0,ankle1_paralysed,top_k,3,2,1012,1109.2227783203125,1012,1158.07958984375,25.112425103911548,15.377872880988713,
pgame_seed0,pgame,0,ankle1_paralysed,top_k,3,3,80,1437.471923828125,80,1151.627197265625,23.48195726223541,14.379437759645922,
pgame_seed0,pgame,0,ankle1_paralysed,top_k,3,4,553,1340.945068359375,80,1151.627197265625,23.48195726223541,14.379437759645922,
pgame_seed0,pgame,0,ankle1_paralysed,top_k,3,5,976,1490.278564453125,976,1442.5322265625,96.99132444773909,59.39371652655493,
pgame_seed0,pgame,0,ankle1_paralysed,top_k,3,6,8,1428.439697265625,976,1442.5322265625,96.99132444773909,59.39371652655493,
pgame_seed0,pgame,0,ankle1_paralysed,top_k,3,7,183,992.342529296875,976,1442.5322265625,96.99132444773909,59.39371652655493,
pgame_seed0,pgame,0,ankle1_paralysed,top_k,3,8,997,1387.93603515625,976,1442.5322265625,96.99132444773909,59.39371652655493,
pgame_seed0,pgame,0,ankle1_paralysed,top_k,3,9,277,1489.484375,976,1442.5322265625,96.99132444773909,59.39371652655493,
pgame_seed0,pgame,0,ankle1_paralysed,top_k,3,10,879,1257.1612548828125,976,1442.5322265625,96.99132444773909,59.39371652655493,
pgame_seed0,pgame,0,ankle1_paralysed,top_k,3,11,69,1479.456298828125,976,1442.5322265625,96.99132444773909,59.39371652655493,
pgame_seed0,pgame,0,ankle1_paralysed,top_k,3,12,930,1344.23828125,976,1442.5322265625,96.99132444773909,59.39371652655493,
pgame_seed0,pgame,0,ankle1_paralysed,top_k,3,13,195,1219.852294921875,976,1442.5322265625,96.99132444773909,59.39371652655493,
pgame_seed0,pgame,0,ankle1_paralysed,top_k,3,14,975,1275.1915283203125,976,1442.5322265625,96.99132444773909,59.39371652655493,
pgame_seed0,pgame,0,ankle1_paralysed,top_k,3,15,579,1088.302001953125,976,1442.5322265625,96.99132444773909,59.39371652655493,
pgame_seed0,pgame,0,ankle1_paralysed,top_k,3,16,202,1421.3128662109375,976,1442.5322265625,96.99132444773909,59.39371652655493,
pgame_seed0,pgame,0,ankle1_paralysed,top_k,3,17,973,1208.875,976,1442.5322265625,96.99132444773909,59.39371652655493,
pgame_seed0,pgame,0,ankle1_paralysed,top_k,3,18,540,1281.205810546875,976,1442.5322265625,96.99132444773909,59.39371652655493,
pgame_seed0,pgame,0,ankle1_paralysed,top_k,3,19,342,1132.5484619140625,976,1442.5322265625,96.99132444773909,59.39371652655493,
pgame_seed0,pgame,0,ankle1_paralysed,top_k,3,20,466,1380.007568359375,976,1442.5322265625,96.99132444773909,59.39371652655493,
pgame_seed0,pgame,0,ankle1_paralysed,top_k,4,1,884,1188.4168701171875,884,1168.6865234375,27.792712131398837,17.01917645970372,
pgame_seed0,pgame,0,ankle1_paralysed,top_k,4,2,1012,1135.5760498046875,884,1168.6865234375,27.792712131398837,17.01917645970372,
pgame_seed0,pgame,0,ankle1_paralysed,top_k,4,3,80,1332.14501953125,80,1151.627197265625,23.48195726223541,14.379437759645922,
pgame_seed0,pgame,0,ankle1_paralysed,top_k,4,4,553,1449.153564453125,553,1432.1844482421875,94.37652387883665,57.79251430927265,
pgame_seed0,pgame,0,ankle1_paralysed,top_k,4,5,976,1408.25146484375,553,1432.1844482421875,94.37652387883665,57.79251430927265,
pgame_seed0,pgame,0,ankle1_paralysed,top_k,4,6,8,1354.3297119140625,553,1432.1844482421875,94.37652387883665,57.79251430927265,
pgame_seed0,pgame,0,ankle1_paralysed,top_k,4,7,183,997.055908203125,553,1432.1844482421875,94.37652387883665,57.79251430927265,
pgame_seed0,pgame,0,ankle1_paralysed,top_k,4,8,997,1399.151611328125,553,1432.1844482421875,94.37652387883665,57.79251430927265,
pgame_seed0,pgame,0,ankle1_paralysed,top_k,4,9,277,1603.6207275390625,277,1454.438720703125,100.0,61.23611247164429,
pgame_seed0,pgame,0,ankle1_paralysed,top_k,4,10,879,1417.28271484375,277,1454.438720703125,100.0,61.23611247164429,
pgame_seed0,pgame,0,ankle1_paralysed,top_k,4,11,69,1336.76171875,277,1454.438720703125,100.0,61.23611247164429,
pgame_seed0,pgame,0,ankle1_paralysed,top_k,4,12,930,1323.30810546875,277,1454.438720703125,100.0,61.23611247164429,
pgame_seed0,pgame,0,ankle1_paralysed,top_k,4,13,195,1208.9912109375,277,1454.438720703125,100.0,61.23611247164429,
pgame_seed0,pgame,0,ankle1_paralysed,top_k,4,14,975,1449.0101318359375,277,1454.438720703125,100.0,61.23611247164429,
pgame_seed0,pgame,0,ankle1_paralysed,top_k,4,15,579,1380.491943359375,277,1454.438720703125,100.0,61.23611247164429,
pgame_seed0,pgame,0,ankle1_paralysed,top_k,4,16,202,1266.1822509765625,277,1454.438720703125,100.0,61.23611247164429,
pgame_seed0,pgame,0,ankle1_paralysed,top_k,4,17,973,1299.8974609375,277,1454.438720703125,100.0,61.23611247164429,
pgame_seed0,pgame,0,ankle1_paralysed,top_k,4,18,540,1181.05908203125,277,1454.438720703125,100.0,61.23611247164429,
pgame_seed0,pgame,0,ankle1_paralysed,top_k,4,19,342,1203.9024658203125,277,1454.438720703125,100.0,61.23611247164429,
pgame_seed0,pgame,0,ankle1_paralysed,top_k,4,20,466,1415.1494140625,277,1454.438720703125,100.0,61.23611247164429,
pgame_seed0,pgame,0,ankle1_paralysed,best_intact,0,1,884,1214.5196533203125,884,1168.6865234375,27.792712131398837,17.01917645970372,
pgame_seed0,pgame,0,ankle1_paralysed,best_intact,1,1,884,1291.566650390625,884,1168.6865234375,27.792712131398837,17.01917645970372,
pgame_seed0,pgame,0,ankle1_paralysed,best_intact,2,1,884,1051.487548828125,884,1168.6865234375,27.792712131398837,17.01917645970372,
pgame_seed0,pgame,0,ankle1_paralysed,best_intact,3,1,884,1324.12353515625,884,1168.6865234375,27.792712131398837,17.01917645970372,
pgame_seed0,pgame,0,ankle1_paralysed,best_intact,4,1,884,1148.017333984375,884,1168.6865234375,27.792712131398837,17.01917645970372,
pgame_seed0,pgame,0,ankle3_paralysed,ite,0,1,884,1585.2083740234375,884,1533.9169921875,94.76914172403806,73.53448035190068,1
pgame_seed0,pgame,0,ankle3_paralysed,ite,0,2,884,1462.677978515625,884,1533.9169921875,94.76914172403806,73.53448035190068,1
pgame_seed0,pgame,0,ankle3_paralysed,ite,0,3,1012,1516.09228515625,884,1533.9169921875,94.76914172403806,73.53448035190068,1
pgame_seed0,pgame,0,ankle3_paralysed,ite,0,4,884,1447.8153076171875,884,1533.9169921875,94.76914172403806,73.53448035190068,1
pgame_seed0,pgame,0,ankle3_paralysed,ite,0,5,1012,1507.3392333984375,884,1533.9169921875,94.76914172403806,73.53448035190068,1
pgame_seed0,pgame,0,ankle3_paralysed,ite,0,6,884,1446.492431640625,884,1533.9169921875,94.76914172403806,73.53448035190068,1
pgame_seed0,pgame,0,ankle3_paralysed,ite,0,7,1012,1505.6353759765625,884,1533.9169921875,94.76914172403806,73.53448035190068,1
pgame_seed0,pgame,0,ankle3_paralysed,ite,0,8,1012,1683.85498046875,1012,1541.29541015625,96.24056709323817,74.67620747881513,1
pgame_seed0,pgame,0,ankle3_paralysed,ite,0,9,1012,1560.952880859375,1012,1541.29541015625,96.24056709323817,74.67620747881513,1
pgame_seed0,pgame,0,ankle3_paralysed,ite,0,10,1012,1498.17431640625,1012,1541.29541015625,96.24056709323817,74.67620747881513,1
pgame_seed0,pgame,0,ankle3_paralysed,ite,0,11,1012,1507.942626953125,1012,1541.29541015625,96.24056709323817,74.67620747881513,1
pgame_seed0,pgame,0,ankle3_paralysed,ite,0,12,1012,1599.3896484375,1012,1541.29541015625,96.24056709323817,74.67620747881513,1
pgame_seed0,pgame,0,ankle3_paralysed,ite,0,13,1012,1473.4791259765625,1012,1541.29541015625,96.24056709323817,74.67620747881513,1
pgame_seed0,pgame,0,ankle3_paralysed,ite,0,14,1012,1500.798095703125,1012,1541.29541015625,96.24056709323817,74.67620747881513,1
pgame_seed0,pgame,0,ankle3_paralysed,ite,0,15,1012,1509.3427734375,1012,1541.29541015625,96.24056709323817,74.67620747881513,1
pgame_seed0,pgame,0,ankle3_paralysed,ite,0,16,1012,1541.8480224609375,1012,1541.29541015625,96.24056709323817,74.67620747881513,1
pgame_seed0,pgame,0,ankle3_paralysed,ite,0,17,1012,1494.150634765625,1012,1541.29541015625,96.24056709323817,74.67620747881513,1
pgame_seed0,pgame,0,ankle3_paralysed,ite,0,18,1012,1507.1959228515625,1012,1541.29541015625,96.24056709323817,74.67620747881513,1
pgame_seed0,pgame,0,ankle3_paralysed,ite,0,19,1012,1641.4368896484375,1012,1541.29541015625,96.24056709323817,74.67620747881513,1
pgame_seed0,pgame,0,ankle3_paralysed,ite,0,20,1012,1484.443115234375,1012,1541.29541015625,96.24056709323817,74.67620747881513,1
pgame_seed0,pgame,0,ankle3_paralysed,ite,1,1,884,1574.2613525390625,884,1533.9169921875,94.76914172403806,73.53448035190068,1
pgame_seed0,pgame,0,ankle3_paralysed,ite,1,2,884,1548.4100341796875,884,1533.9169921875,94.76914172403806,73.53448035190068,1
pgame_seed0,pgame,0,ankle3_paralysed,ite,1,3,884,1441.392333984375,884,1533.9169921875,94.76914172403806,73.53448035190068,1
pgame_seed0,pgame,0,ankle3_paralysed,ite,1,4,1012,1534.19384765625,884,1533.9169921875,94.76914172403806,73.53448035190068,1
pgame_seed0,pgame,0,ankle3_paralysed,ite,1,5,884,1435.7314453125,884,1533.9169921875,94.76914172403806,73.53448035190068,1
pgame_seed0,pgame,0,ankle3_paralysed,ite,1,6,1012,1522.216064453125,884,1533.9169921875,94.76914172403806,73.53448035190068,1
pgame_seed0,pgame,0,ankle3_paralysed,ite,1,7,1012,1509.8460693359375,884,1533.9169921875,94.76914172403806,73.53448035190068,1
pgame_seed0,pgame,0,ankle3_paralysed,ite,1,8,1012,1534.7470703125,884,1533.9169921875,94.76914172403806,73.53448035190068,1
pgame_seed0,pgame,0,ankle3_paralysed,ite,1,9,1012,1478.816162109375,884,1533.9169921875,94.76914172403806,73.53448035190068,1
pgame_seed0,pgame,0,ankle3_paralysed,ite,1,10,884,1514.905029296875,884,1533.9169921875,94.76914172403806,73.53448035190068,1
pgame_seed0,pgame,0,ankle3_paralysed,ite,1,11,884,1456.0784912109375,884,1533.9169921875,94.76914172403806,73.53448035190068,1
pgame_seed0,pgame,0,ankle3_paralysed,ite,1,12,1012,1541.48681640625,884,1533.9169921875,94.76914172403806,73.53448035190068,1
pgame_seed0,pgame,0,ankle3_paralysed,ite,1,13,1012,1528.883056640625,884,1533.9169921875,94.76914172403806,73.53448035190068,1
pgame_seed0,pgame,0,ankle3_paralysed,ite,1,14,1012,1593.3173828125,1012,1541.29541015625,96.24056709323817,74.67620747881513,1
pgame_seed0,pgame,0,ankle3_paralysed,ite,1,15,1012,1670.501708984375,1012,1541.29541015625,96.24056709323817,74.67620747881513,1
pgame_seed0,pgame,0,ankle3_paralysed,ite,1,16,1012,1550.546630859375,1012,1541.29541015625,96.24056709323817,74.67620747881513,1
pgame_seed0,pgame,0,ankle3_paralysed,ite,1,17,1012,1507.68896484375,1012,1541.29541015625,96.24056709323817,74.67620747881513,1
pgame_seed0,pgame,0,ankle3_paralysed,ite,1,18,1012,1554.368896484375,1012,1541.29541015625,96.24056709323817,74.67620747881513,1
pgame_seed0,pgame,0,ankle3_paralysed,ite,1,19,1012,1507.14013671875,1012,1541.29541015625,96.24056709323817,74.67620747881513,1
pgame_seed0,pgame,0,ankle3_paralysed,ite,1,20,1012,1524.1171875,1012,1541.29541015625,96.24056709323817,74.67620747881513,1
pgame_seed0,pgame,0,ankle3_paralysed,ite,2,1,884,1557.5289306640625,884,1533.9169921875,94.76914172403806,73.53448035190068,2
pgame_seed0,pgame,0,ankle3_paralysed,ite,2,2,884,1486.39990234375,884,1533.9169921875,94.76914172403806,73.53448035190068,2
pgame_seed0,pgame,0,ankle3_paralysed,ite,2,3,1012,1579.04296875,1012,1541.29541015625,96.24056709323817,74.67620747881513,2
pgame_seed0,pgame,0,ankle3_paralysed,ite,2,4,1012,1442.25244140625,1012,1541.29541015625,96.24056709323817,74.67620747881513,2
pgame_seed0,pgame,0,ankle3_paralysed,ite,2,5,884,1493.937255859375,1012,1541.29541015625,96.24056709323817,74.67620747881513,2
pgame_seed0,pgame,0,ankle3_paralysed,ite,2,6,884,1563.14501953125,1012,1541.29541015625,96.24056709323817,74.67620747881513,2
pgame_seed0,pgame,0,ankle3_paralysed,ite,2,7,884,1457.895263671875,1012,1541.29541015625,96.24056709323817,74.67620747881513,2
pgame_seed0,pgame,0,ankle3_paralysed,ite,2,8,884,1412.3040771484375,1012,1541.29541015625,96.24056709323817,74.67620747881513,2
pgame_seed0,pgame,0,ankle3_paralysed,ite,2,9,1012,1530.15283203125,1012,1541.29541015625,96.24056709323817,74.67620747881513,2
pgame_seed0,pgame,0,ankle3_paralysed,ite,2,10,1012,1558.557373046875,1012,1541.29541015625,96.24056709323817,74.67620747881513,2
pgame_seed0,pgame,0,ankle3_paralysed,ite,2,11,1012,1574.406982421875,1012,1541.29541015625,96.24056709323817,74.67620747881513,2
pgame_seed0,pgame,0,ankle3_paralysed,ite,2,12,1012,1526.250732421875,1012,1541.29541015625,96.24056709323817,74.67620747881513,2
pgame_seed0,pgame,0,ankle3_paralysed,ite,2,13,1012,1449.80859375,1012,1541.29541015625,96.24056709323817,74.67620747881513,2
pgame_seed0,pgame,0,ankle3_paralysed,ite,2,14,1012,1578.5902099609375,1012,1541.29541015625,96.24056709323817,74.67620747881513,2
pgame_seed0,pgame,0,ankle3_paralysed,ite,2,15,1012,1557.53173828125,1012,1541.29541015625,96.24056709323817,74.67620747881513,2
pgame_seed0,pgame,0,ankle3_paralysed,ite,2,16,1012,1569.827880859375,1012,1541.29541015625,96.24056709323817,74.67620747881513,2
pgame_seed0,pgame,0,ankle3_paralysed,ite,2,17,1012,1527.026123046875,1012,1541.29541015625,96.24056709323817,74.67620747881513,2
pgame_seed0,pgame,0,ankle3_paralysed,ite,2,18,1012,1473.69482421875,1012,1541.29541015625,96.24056709323817,74.67620747881513,2
pgame_seed0,pgame,0,ankle3_paralysed,ite,2,19,1012,1549.8865966796875,1012,1541.29541015625,96.24056709323817,74.67620747881513,2
pgame_seed0,pgame,0,ankle3_paralysed,ite,2,20,1012,1563.4588623046875,1012,1541.29541015625,96.24056709323817,74.67620747881513,2
pgame_seed0,pgame,0,ankle3_paralysed,ite,3,1,884,1435.312744140625,884,1533.9169921875,94.76914172403806,73.53448035190068,2
pgame_seed0,pgame,0,ankle3_paralysed,ite,3,2,1012,1485.030029296875,1012,1541.29541015625,96.24056709323817,74.67620747881513,2
pgame_seed0,pgame,0,ankle3_paralysed,ite,3,3,884,1568.37060546875,884,1533.9169921875,94.76914172403806,73.53448035190068,2
pgame_seed0,pgame,0,ankle3_paralysed,ite,3,4,884,1452.309326171875,884,1533.9169921875,94.76914172403806,73.53448035190068,2
pgame_seed0,pgame,0,ankle3_paralysed,ite,3,5,884,1510.18212890625,884,1533.9169921875,94.76914172403806,73.53448035190068,2
pgame_seed0,pgame,0,ankle3_paralysed,ite,3,6,884,1587.698486328125,884,1533.9169921875,94.76914172403806,73.53448035190068,2
pgame_seed0,pgame,0,ankle3_paralysed,ite,3,7,884,1480.263671875,884,1533.9169921875,94.76914172403806,73.53448035190068,2
pgame_seed0,pgame,0,ankle3_paralysed,ite,3,8,884,1502.897705078125,884,1533.9169921875,94.76914172403806,73.53448035190068,2
pgame_seed0,pgame,0,ankle3_paralysed,ite,3,9,884,1489.2242431640625,884,1533.9169921875,94.76914172403806,73.53448035190068,2
pgame_seed0,pgame,0,ankle3_paralysed,ite,3,10,884,1576.5882568359375,884,1533.9169921875,94.76914172403806,73.53448035190068,2
pgame_seed0,pgame,0,ankle3_paralysed,ite,3,11,884,1521.7314453125,884,1533.9169921875,94.76914172403806,73.53448035190068,2
pgame_seed0,pgame,0,ankle3_paralysed,ite,3,12,884,1553.936279296875,884,1533.9169921875,94.76914172403806,73.53448035190068,2
pgame_seed0,pgame,0,ankle3_paralysed,ite,3,13,884,1497.933837890625,884,1533.9169921875,94.76914172403806,73.53448035190068,2
pgame_seed0,pgame,0,ankle3_paralysed,ite,3,14,884,1465.74755859375,884,1533.9169921875,94.76914172403806,73.53448035190068,2
pgame_seed0,pgame,0,ankle3_paralysed,ite,3,15,884,1539.539794921875,884,1533.9169921875,94.76914172403806,73.53448035190068,2
pgame_seed0,pgame,0,ankle3_paralysed,ite,3,16,884,1539.603759765625,884,1533.9169921875,94.76914172403806,73.53448035190068,2
pgame_seed0,pgame,0,ankle3_paralysed,ite,3,17,884,1558.81689453125,884,1533.9169921875,94.76914172403806,73.53448035190068,2
pgame_seed0,pgame,0,ankle3_paralysed,ite,3,18,884,1520.655029296875,884,1533.9169921875,94.76914172403806,73.53448035190068,2
pgame_seed0,pgame,0,ankle3_paralysed,ite,3,19,884,1641.9873046875,884,1533.9169921875,94.76914172403806,73.53448035190068,2
pgame_seed0,pgame,0,ankle3_paralysed,ite,3,20,884,1503.26318359375,884,1533.9169921875,94.76914172403806,73.53448035190068,2
pgame_seed0,pgame,0,ankle3_paralysed,ite,4,1,884,1608.522705078125,884,1533.9169921875,94.76914172403806,73.53448035190068,1
pgame_seed0,pgame,0,ankle3_paralysed,ite,4,2,884,1538.03857421875,884,1533.9169921875,94.76914172403806,73.53448035190068,1
pgame_seed0,pgame,0,ankle3_paralysed,ite,4,3,884,1464.8853759765625,884,1533.9169921875,94.76914172403806,73.53448035190068,1
pgame_seed0,pgame,0,ankle3_paralysed,ite,4,4,1012,1570.07177734375,884,1533.9169921875,94.76914172403806,73.53448035190068,1
pgame_seed0,pgame,0,ankle3_paralysed,ite,4,5,1012,1559.5555419921875,884,1533.9169921875,94.76914172403806,73.53448035190068,1
pgame_seed0,pgame,0,ankle3_paralysed,ite,4,6,1012,1565.133544921875,884,1533.9169921875,94.76914172403806,73.53448035190068,1
pgame_seed0,pgame,0,ankle3_paralysed,ite,4,7,1012,1588.6025390625,884,1533.9169921875,94.76914172403806,73.53448035190068,1
pgame_seed0,pgame,0,ankle3_paralysed,ite,4,8,1012,1574.437744140625,884,1533.9169921875,94.76914172403806,73.53448035190068,1
pgame_seed0,pgame,0,ankle3_paralysed,ite,4,9,1012,1724.75634765625,1012,1541.29541015625,96.24056709323817,74.67620747881513,1
pgame_seed0,pgame,0,ankle3_paralysed,ite,4,10,1012,1619.9534912109375,1012,1541.29541015625,96.24056709323817,74.67620747881513,1
pgame_seed0,pgame,0,ankle3_paralysed,ite,4,11,1012,1601.314453125,1012,1541.29541015625,96.24056709323817,74.67620747881513,1
pgame_seed0,pgame,0,ankle3_paralysed,ite,4,12,1012,1520.938232421875,1012,1541.29541015625,96.24056709323817,74.67620747881513,1
pgame_seed0,pgame,0,ankle3_paralysed,ite,4,13,1012,1535.4541015625,1012,1541.29541015625,96.24056709323817,74.67620747881513,1
pgame_seed0,pgame,0,ankle3_paralysed,ite,4,14,1012,1493.10791015625,1012,1541.29541015625,96.24056709323817,74.67620747881513,1
pgame_seed0,pgame,0,ankle3_paralysed,ite,4,15,1012,1506.7542724609375,1012,1541.29541015625,96.24056709323817,74.67620747881513,1
pgame_seed0,pgame,0,ankle3_paralysed,ite,4,16,1012,1504.1455078125,1012,1541.29541015625,96.24056709323817,74.67620747881513,1
pgame_seed0,pgame,0,ankle3_paralysed,ite,4,17,1012,1577.670166015625,1012,1541.29541015625,96.24056709323817,74.67620747881513,1
pgame_seed0,pgame,0,ankle3_paralysed,ite,4,18,1012,1542.925048828125,1012,1541.29541015625,96.24056709323817,74.67620747881513,1
pgame_seed0,pgame,0,ankle3_paralysed,ite,4,19,1012,1594.60107421875,1012,1541.29541015625,96.24056709323817,74.67620747881513,1
pgame_seed0,pgame,0,ankle3_paralysed,ite,4,20,1012,1567.77783203125,1012,1541.29541015625,96.24056709323817,74.67620747881513,1
pgame_seed0,pgame,0,ankle3_paralysed,top_k,0,1,884,1488.322509765625,884,1533.9169921875,94.76914172403806,73.53448035190068,
pgame_seed0,pgame,0,ankle3_paralysed,top_k,0,2,1012,1502.7091064453125,1012,1541.29541015625,96.24056709323817,74.67620747881513,
pgame_seed0,pgame,0,ankle3_paralysed,top_k,0,3,80,1497.484619140625,1012,1541.29541015625,96.24056709323817,74.67620747881513,
pgame_seed0,pgame,0,ankle3_paralysed,top_k,0,4,553,1506.36572265625,553,1284.766357421875,45.082804314155695,34.98122413835245,
pgame_seed0,pgame,0,ankle3_paralysed,top_k,0,5,976,1508.7978515625,976,1483.388916015625,84.6926871980053,65.71582932392126,
pgame_seed0,pgame,0,ankle3_paralysed,top_k,0,6,8,1530.346923828125,8,1477.2305908203125,83.46457624487883,64.7628978199555,
pgame_seed0,pgame,0,ankle3_paralysed,top_k,0,7,183,1600.8973388671875,183,1524.35009765625,92.86128405355049,72.0541111111069,
pgame_seed0,pgame,0,ankle3_paralysed,top_k,0,8,997,1413.0980224609375,183,1524.35009765625,92.86128405355049,72.0541111111069,
pgame_seed0,pgame,0,ankle3_paralysed,top_k,0,9,277,1543.1710205078125,183,1524.35009765625,92.86128405355049,72.0541111111069,
pgame_seed0,pgame,0,ankle3_paralysed,top_k,0,10,879,1594.999267578125,183,1524.35009765625,92.86128405355049,72.0541111111069,
pgame_seed0,pgame,0,ankle3_paralysed,top_k,0,11,69,1410.191162109375,183,1524.35009765625,92.86128405355049,72.0541111111069,
pgame_seed0,pgame,0,ankle3_paralysed,top_k,0,12,930,1520.4091796875,183,1524.35009765625,92.86128405355049,72.0541111111069,
pgame_seed0,pgame,0,ankle3_paralysed,top_k,0,13,195,1539.6875,183,1524.35009765625,92.86128405355049,72.0541111111069,
pgame_seed0,pgame,0,ankle3_paralysed,top_k,0,14,975,1396.529052734375,183,1524.35009765625,92.86128405355049,72.0541111111069,
pgame_seed0,pgame,0,ankle3_paralysed,top_k,0,15,579,1462.759033203125,183,1524.35009765625,92.86128405355049,72.0541111111069,
pgame_seed0,pgame,0,ankle3_paralysed,top_k,0,16,202,1415.6807861328125,183,1524.35009765625,92.86128405355049,72.0541111111069,
pgame_seed0,pgame,0,ankle3_paralysed,top_k,0,17,973,1371.5806884765625,183,1524.35009765625,92.86128405355049,72.0541111111069,
pgame_seed0,pgame,0,ankle3_paralysed,top_k,0,18,540,1529.6832275390625,183,1524.35009765625,92.86128405355049,72.0541111111069,
pgame_seed0,pgame,0,ankle3_paralysed,top_k,0,19,342,1535.5465087890625,183,1524.35009765625,92.86128405355049,72.0541111111069,
pgame_seed0,pgame,0,ankle3_paralysed,top_k,0,20,466,1467.78369140625,183,1524.35009765625,92.86128405355049,72.0541111111069,
pgame_seed0,pgame,0,ankle3_paralysed,top_k,1,1,884,1552.0819091796875,884,1533.9169921875,94.76914172403806,73.53448035190068,
pgame_seed0,pgame,0,ankle3_paralysed,top_k,1,2,1012,1479.09033203125,884,1533.9169921875,94.76914172403806,73.53448035190068,
pgame_seed0,pgame,0,ankle3_paralysed,top_k,1,3,80,1586.212158203125,80,1514.1044921875,90.81807589248068,70.46871899251477,
pgame_seed0,pgame,0,ankle3_paralysed,top_k,1,4,553,1328.058349609375,80,1514.1044921875,90.81807589248068,70.46871899251477,
pgame_seed0,pgame,0,ankle3_paralysed,top_k,1,5,976,1536.533447265625,80,1514.1044921875,90.81807589248068,70.46871899251477,
pgame_seed0,pgame,0,ankle3_paralysed,top_k,1,6,8,1443.492919921875,80,1514.1044921875,90.81807589248068,70.46871899251477,
pgame_seed0,pgame,0,ankle3_paralysed,top_k,1,7,183,1455.0556640625,80,1514.1044921875,90.81807589248068,70.46871899251477,
pgame_seed0,pgame,0,ankle3_paralysed,top_k,1,8,997,1482.7314453125,80,1514.1044921875,90.81807589248068,70.46871899251477,
pgame_seed0,pgame,0,ankle3_paralysed,top_k,1,9,277,1476.332763671875,80,1514.1044921875,90.81807589248068,70.46871899251477,
pgame_seed0,pgame,0,ankle3_paralysed,top_k,1,10,879,1514.554443359375,80,1514.1044921875,90.81807589248068,70.46871899251477,
pgame_seed0,pgame,0,ankle3_paralysed,top_k,1,11,69,1425.337158203125,80,1514.1044921875,90.81807589248068,70.46871899251477,
pgame_seed0,pgame,0,ankle3_paralysed,top_k,1,12,930,1529.4139404296875,80,1514.1044921875,90.81807589248068,70.46871899251477,
pgame_seed0,pgame,0,ankle3_paralysed,top_k,1,13,195,1456.58740234375,80,1514.1044921875,90.81807589248068,70.46871899251477,
pgame_seed0,pgame,0,ankle3_paralysed,top_k,1,14,975,1523.0150146484375,80,1514.1044921875,90.81807589248068,70.46871899251477,
pgame_seed0,pgame,0,ankle3_paralysed,top_k,1,15,579,1586.71826171875,579,1489.3221435546875,85.87590852799622,66.63392949935103,
pgame_seed0,pgame,0,ankle3_paralysed,top_k,1,16,202,1440.2076416015625,579,1489.3221435546875,85.87590852799622,66.63392949935103,
pgame_seed0,pgame,0,ankle3_paralysed,top_k,1,17,973,1444.304931640625,579,1489.3221435546875,85.87590852799622,66.63392949935103,
pgame_seed0,pgame,0,ankle3_paralysed,top_k,1,18,540,1456.10693359375,579,1489.3221435546875,85.87590852799622,66.63392949935103,
pgame_seed0,pgame,0,ankle3_paralysed,top_k,1,19,342,1531.5155029296875,579,1489.3221435546875,85.87590852799622,66.63392949935103,
pgame_seed0,pgame,0,ankle3_paralysed,top_k,1,20,466,1507.810791015625,579,1489.3221435546875,85.87590852799622,66.63392949935103,
pgame_seed0,pgame,0,ankle3_paralysed,top_k,2,1,884,1792.950439453125,884,1533.9169921875,94.76914172403806,73.53448035190068,
pgame_seed0,pgame,0,ankle3_paralysed,top_k,2,2,1012,1610.3880615234375,884,1533.9169921875,94.76914172403806,73.53448035190068,
pgame_seed0,pgame,0,ankle3_paralysed,top_k,2,3,80,1551.38525390625,884,1533.9169921875,94.76914172403806,73.53448035190068,
pgame_seed0,pgame,0,ankle3_paralysed,top_k,2,4,553,1380.541748046875,884,1533.9169921875,94.76914172403806,73.53448035190068,
pgame_seed0,pgame,0,ankle3_paralysed,top_k,2,5,976,1389.677978515625,884,1533.9169921875,94.76914172403806,73.53448035190068,
pgame_seed0,pgame,0,ankle3_paralysed,top_k,2,6,8,1488.9036865234375,884,1533.9169921875,94.76914172403806,73.53448035190068,
pgame_seed0,pgame,0,ankle3_paralysed,top_k,2,7,183,1475.698974609375,884,1533.9169921875,94.76914172403806,73.53448035190068,
pgame_seed0,pgame,0,ankle3_paralysed,top_k,2,8,997,1394.6612548828125,884,1533.9169921875,94.76914172403806,73.53448035190068,
pgame_seed0,pgame,0,ankle3_paralysed,top_k,2,9,277,1492.14794921875,884,1533.9169921875,94.76914172403806,73.53448035190068,
pgame_seed0,pgame,0,ankle3_paralysed,top_k,2,10,879,1574.8896484375,884,1533.9169921875,94.76914172403806,73.53448035190068,
pgame_seed0,pgame,0,ankle3_paralysed,top_k,2,11,69,1490.907470703125,884,1533.9169921875,94.76914172403806,73.53448035190068,
pgame_seed0,pgame,0,ankle3_paralysed,top_k,2,12,930,1481.604736328125,884,1533.9169921875,94.76914172403806,73.53448035190068,
pgame_seed0,pgame,0,ankle3_paralysed,top_k,2,13,195,1507.7493896484375,884,1533.9169921875,94.76914172403806,73.53448035190068,
pgame_seed0,pgame,0,ankle3_paralysed,top_k,2,14,975,1501.08349609375,884,1533.9169921875,94.76914172403806,73.53448035190068,
pgame_seed0,pgame,0,ankle3_paralysed,top_k,2,15,579,1438.7984619140625,884,1533.9169921875,94.76914172403806,73.53448035190068,
pgame_seed0,pgame,0,ankle3_paralysed,top_k,2,16,202,1415.5501708984375,884,1533.9169921875,94.76914172403806,73.53448035190068,
pgame_seed0,pgame,0,ankle3_paralysed,top_k,2,17,973,1467.2181396484375,884,1533.9169921875,94.76914172403806,73.53448035190068,
pgame_seed0,pgame,0,ankle3_paralysed,top_k,2,18,540,1450.854248046875,884,1533.9169921875,94.76914172403806,73.53448035190068,
pgame_seed0,pgame,0,ankle3_paralysed,top_k,2,19,342,1516.05078125,884,1533.9169921875,94.76914172403806,73.53448035190068,
pgame_seed0,pgame,0,ankle3_paralysed,top_k,2,20,466,1462.767578125,884,1533.9169921875,94.76914172403806,73.53448035190068,
pgame_seed0,pgame,0,ankle3_paralysed,top_k,3,1,884,1483.92724609375,884,1533.9169921875,94.76914172403806,73.53448035190068,
pgame_seed0,pgame,0,ankle3_paralysed,top_k,3,2,1012,1461.8848876953125,884,1533.9169921875,94.76914172403806,73.53448035190068,
pgame_seed0,pgame,0,ankle3_paralysed,top_k,3,3,80,1515.290283203125,80,1514.1044921875,90.81807589248068,70.46871899251477,
pgame_seed0,pgame,0,ankle3_paralysed,top_k,3,4,553,1485.48583984375,80,1514.1044921875,90.81807589248068,70.46871899251477,
pgame_seed0,pgame,0,ankle3_paralysed,top_k,3,5,976,1472.214599609375,80,1514.1044921875,90.81807589248068,70.46871899251477,
pgame_seed0,pgame,0,ankle3_paralysed,top_k,3,6,8,1512.277099609375,80,1514.1044921875,90.81807589248068,70.46871899251477,
pgame_seed0,pgame,0,ankle3_paralysed,top_k,3,7,183,1584.3792724609375,183,1524.35009765625,92.86128405355049,72.0541111111069,
pgame_seed0,pgame,0,ankle3_paralysed,top_k,3,8,997,1520.5390625,183,1524.35009765625,92.86128405355049,72.0541111111069,
pgame_seed0,pgame,0,ankle3_paralysed,top_k,3,9,277,1498.082763671875,183,1524.35009765625,92.86128405355049,72.0541111111069,
pgame_seed0,pgame,0,ankle3_paralysed,top_k,3,10,879,1521.82470703125,183,1524.35009765625,92.86128405355049,72.0541111111069,
pgame_seed0,pgame,0,ankle3_paralysed,top_k,3,11,69,1513.041259765625,183,1524.35009765625,92.86128405355049,72.0541111111069,
pgame_seed0,pgame,0,ankle3_paralysed,top_k,3,12,930,1499.70751953125,183,1524.35009765625,92.86128405355049,72.0541111111069,
pgame_seed0,pgame,0,ankle3_paralysed,top_k,3,13,195,1495.46875,183,1524.35009765625,92.86128405355049,72.0541111111069,
pgame_seed0,pgame,0,ankle3_paralysed,top_k,3,14,975,1373.255615234375,183,1524.35009765625,92.86128405355049,72.0541111111069,
pgame_seed0,pgame,0,ankle3_paralysed,top_k,3,15,579,1540.6478271484375,183,1524.35009765625,92.86128405355049,72.0541111111069,
pgame_seed0,pgame,0,ankle3_paralysed,top_k,3,16,202,1451.7470703125,183,1524.35009765625,92.86128405355049,72.0541111111069,
pgame_seed0,pgame,0,ankle3_paralysed,top_k,3,17,973,1497.2447509765625,183,1524.35009765625,92.86128405355049,72.0541111111069,
pgame_seed0,pgame,0,ankle3_paralysed,top_k,3,18,540,1479.3668212890625,183,1524.35009765625,92.86128405355049,72.0541111111069,
pgame_seed0,pgame,0,ankle3_paralysed,top_k,3,19,342,1526.547119140625,183,1524.35009765625,92.86128405355049,72.0541111111069,
pgame_seed0,pgame,0,ankle3_paralysed,top_k,3,20,466,1434.831787109375,183,1524.35009765625,92.86128405355049,72.0541111111069,
pgame_seed0,pgame,0,ankle3_paralysed,top_k,4,1,884,1579.1015625,884,1533.9169921875,94.76914172403806,73.53448035190068,
pgame_seed0,pgame,0,ankle3_paralysed,top_k,4,2,1012,1498.7740478515625,884,1533.9169921875,94.76914172403806,73.53448035190068,
pgame_seed0,pgame,0,ankle3_paralysed,top_k,4,3,80,1521.862548828125,884,1533.9169921875,94.76914172403806,73.53448035190068,
pgame_seed0,pgame,0,ankle3_paralysed,top_k,4,4,553,1417.8880615234375,884,1533.9169921875,94.76914172403806,73.53448035190068,
pgame_seed0,pgame,0,ankle3_paralysed,top_k,4,5,976,1438.8624267578125,884,1533.9169921875,94.76914172403806,73.53448035190068,
pgame_seed0,pgame,0,ankle3_paralysed,top_k,4,6,8,1511.04931640625,884,1533.9169921875,94.76914172403806,73.53448035190068,
pgame_seed0,pgame,0,ankle3_paralysed,top_k,4,7,183,1598.02001953125,183,1524.35009765625,92.86128405355049,72.0541111111069,
pgame_seed0,pgame,0,ankle3_paralysed,top_k,4,8,997,1525.8502197265625,183,1524.35009765625,92.86128405355049,72.0541111111069,
pgame_seed0,pgame,0,ankle3_paralysed,top_k,4,9,277,1497.66650390625,183,1524.35009765625,92.86128405355049,72.0541111111069,
pgame_seed0,pgame,0,ankle3_paralysed,top_k,4,10,879,1554.858642578125,183,1524.35009765625,92.86128405355049,72.0541111111069,
pgame_seed0,pgame,0,ankle3_paralysed,top_k,4,11,69,1466.72607421875,183,1524.35009765625,92.86128405355049,72.0541111111069,
pgame_seed0,pgame,0,ankle3_paralysed,top_k,4,12,930,1446.000732421875,183,1524.35009765625,92.86128405355049,72.0541111111069,
pgame_seed0,pgame,0,ankle3_paralysed,top_k,4,13,195,1529.323974609375,183,1524.35009765625,92.86128405355049,72.0541111111069,
pgame_seed0,pgame,0,ankle3_paralysed,top_k,4,14,975,1056.98876953125,183,1524.35009765625,92.86128405355049,72.0541111111069,
pgame_seed0,pgame,0,ankle3_paralysed,top_k,4,15,579,1592.0693359375,183,1524.35009765625,92.86128405355049,72.0541111111069,
pgame_seed0,pgame,0,ankle3_paralysed,top_k,4,16,202,1440.72802734375,183,1524.35009765625,92.86128405355049,72.0541111111069,
pgame_seed0,pgame,0,ankle3_paralysed,top_k,4,17,973,1346.509033203125,183,1524.35009765625,92.86128405355049,72.0541111111069,
pgame_seed0,pgame,0,ankle3_paralysed,top_k,4,18,540,1506.015380859375,183,1524.35009765625,92.86128405355049,72.0541111111069,
pgame_seed0,pgame,0,ankle3_paralysed,top_k,4,19,342,1502.9212646484375,183,1524.35009765625,92.86128405355049,72.0541111111069,
pgame_seed0,pgame,0,ankle3_paralysed,top_k,4,20,466,1486.603515625,183,1524.35009765625,92.86128405355049,72.0541111111069,
pgame_seed0,pgame,0,ankle3_paralysed,best_intact,0,1,884,1593.7353515625,884,1533.9169921875,94.76914172403806,73.53448035190068,
pgame_seed0,pgame,0,ankle3_paralysed,best_intact,1,1,884,1390.290771484375,884,1533.9169921875,94.76914172403806,73.53448035190068,
pgame_seed0,pgame,0,ankle3_paralysed,best_intact,2,1,884,1541.531005859375,884,1533.9169921875,94.76914172403806,73.53448035190068,
pgame_seed0,pgame,0,ankle3_paralysed,best_intact,3,1,884,1655.37109375,884,1533.9169921875,94.76914172403806,73.53448035190068,
pgame_seed0,pgame,0,ankle3_paralysed,best_intact,4,1,884,1588.055419921875,884,1533.9169921875,94.76914172403806,73.53448035190068,
