run,algo,seed,scenario,method,rep,trial,cell,observed,recommended_cell,recommended_true,pct_oracle,pct_intact,stop_trial
pgame_seed1,pgame,1,leg1_paralysed,ite,0,1,578,1148.1094970703125,578,1266.4722900390625,70.96107325380464,22.325860461604613,6
pgame_seed1,pgame,1,leg1_paralysed,ite,0,2,243,1163.183349609375,243,1166.5283203125,36.826919196450454,11.586530776810912,6
pgame_seed1,pgame,1,leg1_paralysed,ite,0,3,714,1245.604248046875,714,1221.0374755859375,55.443589203958176,17.44373047502817,6
pgame_seed1,pgame,1,leg1_paralysed,ite,0,4,205,1151.001220703125,714,1221.0374755859375,55.443589203958176,17.44373047502817,6
pgame_seed1,pgame,1,leg1_paralysed,ite,0,5,187,996.56494140625,714,1221.0374755859375,55.443589203958176,17.44373047502817,6
pgame_seed1,pgame,1,leg1_paralysed,ite,0,6,61,1323.5712890625,61,1176.2286376953125,40.1398967463321,12.628863863100875,6
pgame_seed1,pgame,1,leg1_paralysed,ite,0,7,61,1317.8782958984375,61,1176.2286376953125,40.1398967463321,12.628863863100875,6
pgame_seed1,pgame,1,leg1_paralysed,ite,0,8,61,1166.167236328125,61,1176.2286376953125,40.1398967463321,12.628863863100875,6
pgame_seed1,pgame,1,leg1_paralysed,ite,0,9,540,1053.8935546875,61,1176.2286376953125,40.1398967463321,12.628863863100875,6
pgame_seed1,pgame,1,leg1_paralysed,ite,0,10,61,1111.1431884765625,61,1176.2286376953125,40.1398967463321,12.628863863100875,6
pgame_seed1,pgame,1,leg1_paralysed,ite,0,11,401,1193.0107421875,61,1176.2286376953125,40.1398967463321,12.628863863100875,6
pgame_seed1,pgame,1,leg1_paralysed,ite,0,12,714,1251.49853515625,61,1176.2286376953125,40.1398967463321,12.628863863100875,6
pgame_seed1,pgame,1,leg1_paralysed,ite,0,13,714,1261.42236328125,61,1176.2286376953125,40.1398967463321,12.628863863100875,6
pgame_seed1,pgame,1,leg1_paralysed,ite,0,14,714,1256.988037109375,61,1176.2286376953125,40.1398967463321,12.628863863100875,6
pgame_seed1,pgame,1,leg1_paralysed,ite,0,15,714,1254.5369873046875,61,1176.2286376953125,40.1398967463321,12.628863863100875,6
pgame_seed1,pgame,1,leg1_paralysed,ite,0,16,714,1252.61328125,61,1176.2286376953125,40.1398967463321,12.628863863100875,6
pgame_seed1,pgame,1,leg1_paralysed,ite,0,17,714,1253.4661865234375,61,1176.2286376953125,40.1398967463321,12.628863863100875,6
pgame_seed1,pgame,1,leg1_paralysed,ite,0,18,714,1249.359375,61,1176.2286376953125,40.1398967463321,12.628863863100875,6
pgame_seed1,pgame,1,leg1_paralysed,ite,0,19,714,1251.7091064453125,61,1176.2286376953125,40.1398967463321,12.628863863100875,6
pgame_seed1,pgame,1,leg1_paralysed,ite,0,20,714,1256.5953369140625,61,1176.2286376953125,40.1398967463321,12.628863863100875,6
pgame_seed1,pgame,1,leg1_paralysed,ite,1,1,578,1277.7044677734375,578,1266.4722900390625,70.96107325380464,22.325860461604613,7
pgame_seed1,pgame,1,leg1_paralysed,ite,1,2,243,1148.228515625,578,1266.4722900390625,70.96107325380464,22.325860461604613,7
pgame_seed1,pgame,1,leg1_paralysed,ite,1,3,714,1251.998779296875,578,1266.4722900390625,70.96107325380464,22.325860461604613,7
pgame_seed1,pgame,1,leg1_paralysed,ite,1,4,61,1146.856201171875,578,1266.4722900390625,70.96107325380464,22.325860461604613,7
pgame_seed1,pgame,1,leg1_paralysed,ite,1,5,238,1217.29150390625,578,1266.4722900390625,70.96107325380464,22.325860461604613,7
pgame_seed1,pgame,1,leg1_paralysed,ite,1,6,205,1183.109130859375,578,1266.4722900390625,70.96107325380464,22.325860461604613,7
pgame_seed1,pgame,1,leg1_paralysed,ite,1,7,187,1022.2496948242188,578,1266.4722900390625,70.96107325380464,22.325860461604613,7
pgame_seed1,pgame,1,leg1_paralysed,ite,1,8,540,1047.304931640625,578,1266.4722900390625,70.96107325380464,22.325860461604613,7
pgame_seed1,pgame,1,leg1_paralysed,ite,1,9,736,1098.1954345703125,578,1266.4722900390625,70.96107325380464,22.325860461604613,7
pgame_seed1,pgame,1,leg1_paralysed,ite,1,10,401,1140.657470703125,578,1266.4722900390625,70.96107325380464,22.325860461604613,7
pgame_seed1,pgame,1,leg1_paralysed,ite,1,11,578,1148.18603515625,578,1266.4722900390625,70.96107325380464,22.325860461604613,7
pgame_seed1,pgame,1,leg1_paralysed,ite,1,12,714,1255.3695068359375,578,1266.4722900390625,70.96107325380464,22.325860461604613,7
pgame_seed1,pgame,1,leg1_paralysed,ite,1,13,714,1225.4400634765625,578,1266.4722900390625,70.96107325380464,22.325860461604613,7
pgame_seed1,pgame,1,leg1_paralysed,ite,1,14,714,1122.650390625,578,1266.4722900390625,70.96107325380464,22.325860461604613,7
pgame_seed1,pgame,1,leg1_paralysed,ite,1,15,276,1206.118408203125,578,1266.4722900390625,70.96107325380464,22.325860461604613,7
pgame_seed1,pgame,1,leg1_paralysed,ite,1,16,238,1217.934814453125,578,1266.4722900390625,70.96107325380464,22.325860461604613,7
pgame_seed1,pgame,1,leg1_paralysed,ite,1,17,238,1220.2425537109375,578,1266.4722900390625,70.96107325380464,22.325860461604613,7
pgame_seed1,pgame,1,leg1_paralysed,ite,1,18,238,1233.606201171875,578,1266.4722900390625,70.96107325380464,22.325860461604613,7
pgame_seed1,pgame,1,leg1_paralysed,ite,1,19,238,1225.922607421875,578,1266.4722900390625,70.96107325380464,22.325860461604613,7
pgame_seed1,pgame,1,leg1_paralysed,ite,1,20,238,1252.40576171875,578,1266.4722900390625,70.96107325380464,22.325860461604613,7
pgame_seed1,pgame,1,leg1_paralysed,ite,2,1,578,1246.756103515625,578,1266.4722900390625,70.96107325380464,22.325860461604613,9
pgame_seed1,pgame,1,leg1_paralysed,ite,2,2,243,1184.5555419921875,578,1266.4722900390625,70.96107325380464,22.325860461604613,9
pgame_seed1,pgame,1,leg1_paralysed,ite,2,3,714,1254.019775390625,714,1221.0374755859375,55.443589203958176,17.44373047502817,9
pgame_seed1,pgame,1,leg1_paralysed,ite,2,4,61,1056.822021484375,714,1221.0374755859375,55.443589203958176,17.44373047502817,9
pgame_seed1,pgame,1,leg1_paralysed,ite,2,5,238,1246.253662109375,714,1221.0374755859375,55.443589203958176,17.44373047502817,9
pgame_seed1,pgame,1,leg1_paralysed,ite,2,6,205,1114.52978515625,714,1221.0374755859375,55.443589203958176,17.44373047502817,9
pgame_seed1,pgame,1,leg1_paralysed,ite,2,7,187,1006.2552490234375,714,1221.0374755859375,55.443589203958176,17.44373047502817,9
pgame_seed1,pgame,1,leg1_paralysed,ite,2,8,736,1142.8095703125,714,1221.0374755859375,55.443589203958176,17.44373047502817,9
pgame_seed1,pgame,1,leg1_paralysed,ite,2,9,540,1051.885986328125,714,1221.0374755859375,55.443589203958176,17.44373047502817,9
pgame_seed1,pgame,1,leg1_paralysed,ite,2,10,401,998.1595458984375,714,1221.0374755859375,55.443589203958176,17.44373047502817,9
pgame_seed1,pgame,1,leg1_paralysed,ite,2,11,714,1245.540771484375,714,1221.0374755859375,55.443589203958176,17.44373047502817,9
pgame_seed1,pgame,1,leg1_paralysed,ite,2,12,714,1248.3123779296875,714,1221.0374755859375,55.443589203958176,17.44373047502817,9
pgame_seed1,pgame,1,leg1_paralysed,ite,2,13,714,1259.7841796875,714,1221.0374755859375,55.443589203958176,17.44373047502817,9
pgame_seed1,pgame,1,leg1_paralysed,ite,2,14,714,1242.3916015625,714,1221.0374755859375,55.443589203958176,17.44373047502817,9
pgame_seed1,pgame,1,leg1_paralysed,ite,2,15,714,1246.322021484375,714,1221.0374755859375,55.443589203958176,17.44373047502817,9
pgame_seed1,pgame,1,leg1_paralysed,ite,2,16,714,1254.592041015625,714,1221.0374755859375,55.443589203958176,17.44373047502817,9
pgame_seed1,pgame,1,leg1_paralysed,ite,2,17,714,1256.47998046875,714,1221.0374755859375,55.443589203958176,17.44373047502817,9
pgame_seed1,pgame,1,leg1_paralysed,ite,2,18,714,1263.9674072265625,714,1221.0374755859375,55.443589203958176,17.44373047502817,9
pgame_seed1,pgame,1,leg1_paralysed,ite,2,19,714,1183.973388671875,714,1221.0374755859375,55.443589203958176,17.44373047502817,9
pgame_seed1,pgame,1,leg1_paralysed,ite,2,20,238,1221.15576171875,714,1221.0374755859375,55.443589203958176,17.44373047502817,9
pgame_seed1,pgame,1,leg1_paralysed,ite,3,1,578,1298.819580078125,578,1266.4722900390625,70.96107325380464,22.325860461604613,5
pgame_seed1,pgame,1,leg1_paralysed,ite,3,2,243,1168.028076171875,578,1266.4722900390625,70.96107325380464,22.325860461604613,5
pgame_seed1,pgame,1,leg1_paralysed,ite,3,3,128,1172.6376953125,578,1266.4722900390625,70.96107325380464,22.325860461604613,5
pgame_seed1,pgame,1,leg1_paralysed,ite,3,4,238,1214.6629638671875,578,1266.4722900390625,70.96107325380464,22.325860461604613,5
pgame_seed1,pgame,1,leg1_paralysed,ite,3,5,205,1184.40380859375,578,1266.4722900390625,70.96107325380464,22.325860461604613,5
pgame_seed1,pgame,1,leg1_paralysed,ite,3,6,187,973.6605834960938,578,1266.4722900390625,70.96107325380464,22.325860461604613,5
pgame_seed1,pgame,1,leg1_paralysed,ite,3,7,736,1100.93359375,578,1266.4722900390625,70.96107325380464,22.325860461604613,5
pgame_seed1,pgame,1,leg1_paralysed,ite,3,8,401,1137.5263671875,578,1266.4722900390625,70.96107325380464,22.325860461604613,5
pgame_seed1,pgame,1,leg1_paralysed,ite,3,9,578,1166.05078125,578,1266.4722900390625,70.96107325380464,22.325860461604613,5
pgame_seed1,pgame,1,leg1_paralysed,ite,3,10,540,1045.1236572265625,578,1266.4722900390625,70.96107325380464,22.325860461604613,5
pgame_seed1,pgame,1,leg1_paralysed,ite,3,11,276,1183.1942138671875,578,1266.4722900390625,70.96107325380464,22.325860461604613,5
pgame_seed1,pgame,1,leg1_paralysed,ite,3,12,578,1153.3399658203125,578,1266.4722900390625,70.96107325380464,22.325860461604613,5
pgame_seed1,pgame,1,leg1_paralysed,ite,3,13,238,1224.085205078125,578,1266.4722900390625,70.96107325380464,22.325860461604613,5
pgame_seed1,pgame,1,leg1_paralysed,ite,3,14,238,1209.88916015625,578,1266.4722900390625,70.96107325380464,22.325860461604613,5
pgame_seed1,pgame,1,leg1_paralysed,ite,3,15,238,1215.3316650390625,578,1266.4722900390625,70.96107325380464,22.325860461604613,5
pgame_seed1,pgame,1,leg1_paralysed,ite,3,16,238,1192.3642578125,578,1266.4722900390625,70.96107325380464,22.325860461604613,5
pgame_seed1,pgame,1,leg1_paralysed,ite,3,17,238,1171.4024658203125,578,1266.4722900390625,70.96107325380464,22.325860461604613,5
pgame_seed1,pgame,1,leg1_paralysed,ite,3,18,61,1044.89013671875,578,1266.4722900390625,70.96107325380464,22.325860461604613,5
pgame_seed1,pgame,1,leg1_paralysed,ite,3,19,714,1252.748779296875,578,1266.4722900390625,70.96107325380464,22.325860461604613,5
pgame_seed1,pgame,1,leg1_paralysed,ite,3,20,714,1260.857177734375,578,1266.4722900390625,70.96107325380464,22.325860461604613,5
pgame_seed1,pgame,1,leg1_paralysed,ite,4,1,578,1127.2755126953125,578,1266.4722900390625,70.96107325380464,22.325860461604613,5
pgame_seed1,pgame,1,leg1_paralysed,ite,4,2,243,1156.2911376953125,243,1166.5283203125,36.826919196450454,11.586530776810912,5
pgame_seed1,pgame,1,leg1_paralysed,ite,4,3,714,1263.606689453125,714,1221.0374755859375,55.443589203958176,17.44373047502817,5
pgame_seed1,pgame,1,leg1_paralysed,ite,4,4,205,1168.9656982421875,714,1221.0374755859375,55.443589203958176,17.44373047502817,5
pgame_seed1,pgame,1,leg1_paralysed,ite,4,5,187,1027.254638671875,714,1221.0374755859375,55.443589203958176,17.44373047502817,5
pgame_seed1,pgame,1,leg1_paralysed,ite,4,6,540,1054.535400390625,714,1221.0374755859375,55.443589203958176,17.44373047502817,5
pgame_seed1,pgame,1,leg1_paralysed,ite,4,7,61,1093.087158203125,714,1221.0374755859375,55.443589203958176,17.44373047502817,5
pgame_seed1,pgame,1,leg1_paralysed,ite,4,8,401,1226.8997802734375,714,1221.0374755859375,55.443589203958176,17.44373047502817,5
pgame_seed1,pgame,1,leg1_paralysed,ite,4,9,714,1247.5721435546875,714,1221.0374755859375,55.443589203958176,17.44373047502817,5
pgame_seed1,pgame,1,leg1_paralysed,ite,4,10,714,1263.08544921875,714,1221.0374755859375,55.443589203958176,17.44373047502817,5
pgame_seed1,pgame,1,leg1_paralysed,ite,4,11,714,1138.8043212890625,714,1221.0374755859375,55.443589203958176,17.44373047502817,5
pgame_seed1,pgame,1,leg1_paralysed,ite,4,12,238,1250.659912109375,714,1221.0374755859375,55.443589203958176,17.44373047502817,5
pgame_seed1,pgame,1,leg1_paralysed,ite,4,13,238,1208.54736328125,714,1221.0374755859375,55.443589203958176,17.44373047502817,5
pgame_seed1,pgame,1,leg1_paralysed,ite,4,14,736,1096.191650390625,714,1221.0374755859375,55.443589203958176,17.44373047502817,5
pgame_seed1,pgame,1,leg1_paralysed,ite,4,15,276,1200.399658203125,714,1221.0374755859375,55.443589203958176,17.44373047502817,5
pgame_seed1,pgame,1,leg1_paralysed,ite,4,16,401,1115.7862548828125,714,1221.0374755859375,55.443589203958176,17.44373047502817,5
pgame_seed1,pgame,1,leg1_paralysed,ite,4,17,238,1230.55615234375,714,1221.0374755859375,55.443589203958176,17.44373047502817,5
pgame_seed1,pgame,1,leg1_paralysed,ite,4,18,238,1203.268798828125,714,1221.0374755859375,55.443589203958176,17.44373047502817,5
pgame_seed1,pgame,1,leg1_paralysed,ite,4,19,714,1179.727294921875,714,1221.0374755859375,55.443589203958176,17.44373047502817,5
pgame_seed1,pgame,1,leg1_paralysed,ite,4,20,238,1203.05908203125,714,1221.0374755859375,55.443589203958176,17.44373047502817,5
pgame_seed1,pgame,1,leg2_paralysed,ite,0,1,578,1458.644775390625,578,1389.672607421875,64.23878911506087,35.56416617694784,4
pgame_seed1,pgame,1,leg2_paralysed,ite,0,2,243,1442.765380859375,578,1389.672607421875,64.23878911506087,35.56416617694784,4
pgame_seed1,pgame,1,leg2_paralysed,ite,0,3,128,1429.4248046875,578,1389.672607421875,64.23878911506087,35.56416617694784,4
pgame_seed1,pgame,1,leg2_paralysed,ite,0,4,276,1537.4210205078125,276,1507.233642578125,87.05632257916551,48.19651126072577,4
pgame_seed1,pgame,1,leg2_paralysed,ite,0,5,276,1562.30517578125,276,1507.233642578125,87.05632257916551,48.19651126072577,4
pgame_seed1,pgame,1,leg2_paralysed,ite,0,6,276,1497.858154296875,276,1507.233642578125,87.05632257916551,48.19651126072577,4
pgame_seed1,pgame,1,leg2_paralysed,ite,0,7,276,1462.163330078125,276,1507.233642578125,87.05632257916551,48.19651126072577,4
pgame_seed1,pgame,1,leg2_paralysed,ite,0,8,205,1497.330810546875,276,1507.233642578125,87.05632257916551,48.19651126072577,4
pgame_seed1,pgame,1,leg2_paralysed,ite,0,9,276,1536.6552734375,276,1507.233642578125,87.05632257916551,48.19651126072577,4
pgame_seed1,pgame,1,leg2_paralysed,ite,0,10,276,1517.134033203125,276,1507.233642578125,87.05632257916551,48.19651126072577,4
pgame_seed1,pgame,1,leg2_paralysed,ite,0,11,276,1523.468994140625,276,1507.233642578125,87.05632257916551,48.19651126072577,4
pgame_seed1,pgame,1,leg2_paralysed,ite,0,12,276,1451.826171875,276,1507.233642578125,87.05632257916551,48.19651126072577,4
pgame_seed1,pgame,1,leg2_paralysed,ite,0,13,276,1471.53173828125,276,1507.233642578125,87.05632257916551,48.19651126072577,4
pgame_seed1,pgame,1,leg2_paralysed,ite,0,14,276,1449.5001220703125,276,1507.233642578125,87.05632257916551,48.19651126072577,4
pgame_seed1,pgame,1,leg2_paralysed,ite,0,15,276,1543.7249755859375,276,1507.233642578125,87.05632257916551,48.19651126072577,4
pgame_seed1,pgame,1,leg2_paralysed,ite,0,16,276,1455.5045166015625,276,1507.233642578125,87.05632257916551,48.19651126072577,4
pgame_seed1,pgame,1,leg2_paralysed,ite,0,17,276,1528.1165771484375,276,1507.233642578125,87.05632257916551,48.19651126072577,4
pgame_seed1,pgame,1,leg2_paralysed,ite,0,18,276,1564.59228515625,276,1507.233642578125,87.05632257916551,48.19651126072577,4
pgame_seed1,pgame,1,leg2_paralysed,ite,0,19,276,1508.195556640625,276,1507.233642578125,87.05632257916551,48.19651126072577,4
pgame_seed1,pgame,1,leg2_paralysed,ite,0,20,276,1480.7916259765625,276,1507.233642578125,87.05632257916551,48.19651126072577,4
pgame_seed1,pgame,1,leg2_paralysed,ite,1,1,578,1414.99658203125,578,1389.672607421875,64.23878911506087,35.56416617694784,2
pgame_seed1,pgame,1,leg2_paralysed,ite,1,2,243,1534.51416015625,243,1499.5560302734375,85.56616748267633,47.37152492130329,2
pgame_seed1,pgame,1,leg2_paralysed,ite,1,3,276,1470.28173828125,243,1499.5560302734375,85.56616748267633,47.37152492130329,2
pgame_seed1,pgame,1,leg2_paralysed,ite,1,4,401,1496.32373046875,243,1499.5560302734375,85.56616748267633,47.37152492130329,2
pgame_seed1,pgame,1,leg2_paralysed,ite,1,5,243,1520.1490478515625,243,1499.5560302734375,85.56616748267633,47.37152492130329,2
pgame_seed1,pgame,1,leg2_paralysed,ite,1,6,243,1488.9976806640625,243,1499.5560302734375,85.56616748267633,47.37152492130329,2
pgame_seed1,pgame,1,leg2_paralysed,ite,1,7,61,1347.463134765625,243,1499.5560302734375,85.56616748267633,47.37152492130329,2
pgame_seed1,pgame,1,leg2_paralysed,ite,1,8,243,1513.59716796875,243,1499.5560302734375,85.56616748267633,47.37152492130329,2
pgame_seed1,pgame,1,leg2_paralysed,ite,1,9,243,1446.020751953125,243,1499.5560302734375,85.56616748267633,47.37152492130329,2
pgame_seed1,pgame,1,leg2_paralysed,ite,1,10,205,1468.469970703125,243,1499.5560302734375,85.56616748267633,47.37152492130329,2
pgame_seed1,pgame,1,leg2_paralysed,ite,1,11,736,1511.6925048828125,243,1499.5560302734375,85.56616748267633,47.37152492130329,2
pgame_seed1,pgame,1,leg2_paralysed,ite,1,12,736,1575.0562744140625,736,1482.5411376953125,82.26373075035676,45.5432151048355,2
pgame_seed1,pgame,1,leg2_paralysed,ite,1,13,736,1506.76416015625,736,1482.5411376953125,82.26373075035676,45.5432151048355,2
pgame_seed1,pgame,1,leg2_paralysed,ite,1,14,736,1487.298095703125,736,1482.5411376953125,82.26373075035676,45.5432151048355,2
pgame_seed1,pgame,1,leg2_paralysed,ite,1,15,736,1559.021484375,736,1482.5411376953125,82.26373075035676,45.5432151048355,2
pgame_seed1,pgame,1,leg2_paralysed,ite,1,16,736,1448.360595703125,736,1482.5411376953125,82.26373075035676,45.5432151048355,2
pgame_seed1,pgame,1,leg2_paralysed,ite,1,17,736,1487.6768798828125,736,1482.5411376953125,82.26373075035676,45.5432151048355,2
pgame_seed1,pgame,1,leg2_paralysed,ite,1,18,736,1536.6925048828125,736,1482.5411376953125,82.26373075035676,45.5432151048355,2
pgame_seed1,pgame,1,leg2_paralysed,ite,1,19,736,1528.865478515625,736,1482.5411376953125,82.26373075035676,45.5432151048355,2
pgame_seed1,pgame,1,leg2_paralysed,ite,1,20,736,1511.778076171875,736,1482.5411376953125,82.26373075035676,45.5432151048355,2
pgame_seed1,pgame,1,leg2_paralysed,ite,2,1,578,1457.9534912109375,578,1389.672607421875,64.23878911506087,35.56416617694784,4
pgame_seed1,pgame,1,leg2_paralysed,ite,2,2,243,1451.1912841796875,578,1389.672607421875,64.23878911506087,35.56416617694784,4
pgame_seed1,pgame,1,leg2_paralysed,ite,2,3,128,1394.9151611328125,578,1389.672607421875,64.23878911506087,35.56416617694784,4
pgame_seed1,pgame,1,leg2_paralysed,ite,2,4,276,1455.58056640625,578,1389.672607421875,64.23878911506087,35.56416617694784,4
pgame_seed1,pgame,1,leg2_paralysed,ite,2,5,401,1456.2579345703125,578,1389.672607421875,64.23878911506087,35.56416617694784,4
pgame_seed1,pgame,1,leg2_paralysed,ite,2,6,736,1547.030517578125,736,1482.5411376953125,82.26373075035676,45.5432151048355,4
pgame_seed1,pgame,1,leg2_paralysed,ite,2,7,736,1581.397216796875,736,1482.5411376953125,82.26373075035676,45.5432151048355,4
pgame_seed1,pgame,1,leg2_paralysed,ite,2,8,736,1531.995361328125,736,1482.5411376953125,82.26373075035676,45.5432151048355,4
pgame_seed1,pgame,1,leg2_paralysed,ite,2,9,736,1532.9383544921875,736,1482.5411376953125,82.26373075035676,45.5432151048355,4
pgame_seed1,pgame,1,leg2_paralysed,ite,2,10,736,1468.6376953125,736,1482.5411376953125,82.26373075035676,45.5432151048355,4
pgame_seed1,pgame,1,leg2_paralysed,ite,2,11,736,1486.45361328125,736,1482.5411376953125,82.26373075035676,45.5432151048355,4
pgame_seed1,pgame,1,leg2_paralysed,ite,2,12,736,1509.1187744140625,736,1482.5411376953125,82.26373075035676,45.5432151048355,4
pgame_seed1,pgame,1,leg2_paralysed,ite,2,13,736,1517.2186279296875,736,1482.5411376953125,82.26373075035676,45.5432151048355,4
pgame_seed1,pgame,1,leg2_paralysed,ite,2,14,736,1499.53759765625,736,1482.5411376953125,82.26373075035676,45.5432151048355,4
pgame_seed1,pgame,1,leg2_paralysed,ite,2,15,736,1436.1033935546875,736,1482.5411376953125,82.26373075035676,45.5432151048355,4
pgame_seed1,pgame,1,leg2_paralysed,ite,2,16,736,1508.7919921875,736,1482.5411376953125,82.26373075035676,45.5432151048355,4
pgame_seed1,pgame,1,leg2_paralysed,ite,2,17,736,1539.1082763671875,736,1482.5411376953125,82.26373075035676,45.5432151048355,4
pgame_seed1,pgame,1,leg2_paralysed,ite,2,18,736,1437.570556640625,736,1482.5411376953125,82.26373075035676,45.5432151048355,4
pgame_seed1,pgame,1,leg2_paralysed,ite,2,19,736,1562.461669921875,736,1482.5411376953125,82.26373075035676,45.5432151048355,4
pgame_seed1,pgame,1,leg2_paralysed,ite,2,20,736,1457.7265625,736,1482.5411376953125,82.26373075035676,45.5432151048355,4
pgame_seed1,pgame,1,leg2_paralysed,ite,3,1,578,1407.25732421875,578,1389.672607421875,64.23878911506087,35.56416617694784,3
pgame_seed1,pgame,1,leg2_paralysed,ite,3,2,243,1492.48486328125,243,1499.5560302734375,85.56616748267633,47.37152492130329,3
pgame_seed1,pgame,1,leg2_paralysed,ite,3,3,276,1487.239990234375,243,1499.5560302734375,85.56616748267633,47.37152492130329,3
pgame_seed1,pgame,1,leg2_paralysed,ite,3,4,401,1296.7100830078125,243,1499.5560302734375,85.56616748267633,47.37152492130329,3
pgame_seed1,pgame,1,leg2_paralysed,ite,3,5,61,1395.5921630859375,243,1499.5560302734375,85.56616748267633,47.37152492130329,3
pgame_seed1,pgame,1,leg2_paralysed,ite,3,6,736,1550.2030029296875,736,1482.5411376953125,82.26373075035676,45.5432151048355,3
pgame_seed1,pgame,1,leg2_paralysed,ite,3,7,736,1526.921875,736,1482.5411376953125,82.26373075035676,45.5432151048355,3
pgame_seed1,pgame,1,leg2_paralysed,ite,3,8,736,1489.677001953125,736,1482.5411376953125,82.26373075035676,45.5432151048355,3
pgame_seed1,pgame,1,leg2_paralysed,ite,3,9,736,1489.8076171875,736,1482.5411376953125,82.26373075035676,45.5432151048355,3
pgame_seed1,pgame,1,leg2_paralysed,ite,3,10,736,1518.868408203125,736,1482.5411376953125,82.26373075035676,45.5432151048355,3
pgame_seed1,pgame,1,leg2_paralysed,ite,3,11,736,1515.7899169921875,736,1482.5411376953125,82.26373075035676,45.5432151048355,3
pgame_seed1,pgame,1,leg2_paralysed,ite,3,12,736,1441.105224609375,736,1482.5411376953125,82.26373075035676,45.5432151048355,3
pgame_seed1,pgame,1,leg2_paralysed,ite,3,13,736,1603.2978515625,736,1482.5411376953125,82.26373075035676,45.5432151048355,3
pgame_seed1,pgame,1,leg2_paralysed,ite,3,14,736,1501.3240966796875,736,1482.5411376953125,82.26373075035676,45.5432151048355,3
pgame_seed1,pgame,1,leg2_paralysed,ite,3,15,736,1502.399169921875,736,1482.5411376953125,82.26373075035676,45.5432151048355,3
pgame_seed1,pgame,1,leg2_paralysed,ite,3,16,736,1568.6630859375,736,1482.5411376953125,82.26373075035676,45.5432151048355,3
pgame_seed1,pgame,1,leg2_paralysed,ite,3,17,736,1543.9283447265625,736,1482.5411376953125,82.26373075035676,45.5432151048355,3
pgame_seed1,pgame,1,leg2_paralysed,ite,3,18,736,1522.817138671875,736,1482.5411376953125,82.26373075035676,45.5432151048355,3
pgame_seed1,pgame,1,leg2_paralysed,ite,3,19,736,1549.43017578125,736,1482.5411376953125,82.26373075035676,45.5432151048355,3
pgame_seed1,pgame,1,leg2_paralysed,ite,3,20,736,1522.6744384765625,736,1482.5411376953125,82.26373075035676,45.5432151048355,3
pgame_seed1,pgame,1,leg2_paralysed,ite,4,1,578,1364.8984375,578,1389.672607421875,64.23878911506087,35.56416617694784,3
pgame_seed1,pgame,1,leg2_paralysed,ite,4,2,243,1516.766357421875,243,1499.5560302734375,85.56616748267633,47.37152492130329,3
pgame_seed1,pgame,1,leg2_paralysed,ite,4,3,276,1458.7991943359375,243,1499.5560302734375,85.56616748267633,47.37152492130329,3
pgame_seed1,pgame,1,leg2_paralysed,ite,4,4,401,1378.9166259765625,243,1499.5560302734375,85.56616748267633,47.37152492130329,3
pgame_seed1,pgame,1,leg2_paralysed,ite,4,5,243,1485.7445068359375,243,1499.5560302734375,85.56616748267633,47.37152492130329,3
pgame_seed1,pgame,1,leg2_paralysed,ite,4,6,243,1571.312744140625,243,1499.5560302734375,85.56616748267633,47.37152492130329,3
pgame_seed1,pgame,1,leg2_paralysed,ite,4,7,243,1525.86376953125,243,1499.5560302734375,85.56616748267633,47.37152492130329,3
pgame_seed1,pgame,1,leg2_paralysed,ite,4,8,243,1472.0623779296875,243,1499.5560302734375,85.56616748267633,47.37152492130329,3
pgame_seed1,pgame,1,leg2_paralysed,ite,4,9,243,1447.190185546875,243,1499.5560302734375,85.56616748267633,47.37152492130329,3
pgame_seed1,pgame,1,leg2_paralysed,ite,4,10,243,1443.4833984375,243,1499.5560302734375,85.56616748267633,47.37152492130329,3
pgame_seed1,pgame,1,leg2_paralysed,ite,4,11,243,1507.481201171875,243,1499.5560302734375,85.56616748267633,47.37152492130329,3
pgame_seed1,pgame,1,leg2_paralysed,ite,4,12,243,1475.896484375,243,1499.5560302734375,85.56616748267633,47.37152492130329,3
pgame_seed1,pgame,1,leg2_paralysed,ite,4,13,243,1485.702880859375,243,1499.5560302734375,85.56616748267633,47.37152492130329,3
pgame_seed1,pgame,1,leg2_paralysed,ite,4,14,243,1427.899169921875,243,1499.5560302734375,85.56616748267633,47.37152492130329,3
pgame_seed1,pgame,1,leg2_paralysed,ite,4,15,243,1511.3388671875,243,1499.5560302734375,85.56616748267633,47.37152492130329,3
pgame_seed1,pgame,1,leg2_paralysed,ite,4,16,243,1500.869384765625,243,1499.5560302734375,85.56616748267633,47.37152492130329,3
pgame_seed1,pgame,1,leg2_paralysed,ite,4,17,243,1455.5130615234375,243,1499.5560302734375,85.56616748267633,47.37152492130329,3
pgame_seed1,pgame,1,leg2_paralysed,ite,4,18,243,1530.54541015625,243,1499.5560302734375,85.56616748267633,47.37152492130329,3
pgame_seed1,pgame,1,leg2_paralysed,ite,4,19,243,1494.149658203125,243,1499.5560302734375,85.56616748267633,47.37152492130329,3
pgame_seed1,pgame,1,leg2_paralysed,ite,4,20,243,1493.482177734375,243,1499.5560302734375,85.56616748267633,47.37152492130329,3
pgame_seed1,pgame,1,leg3_paralysed,ite,0,1,578,1378.3753662109375,578,1359.189208984375,55.97619027261612,32.28861822113925,3
pgame_seed1,pgame,1,leg3_paralysed,ite,0,2,243,1409.6612548828125,243,1409.9754638671875,65.43683305630329,37.745779229799204,3
pgame_seed1,pgame,1,leg3_paralysed,ite,0,3,205,1503.53515625,205,1434.711181640625,70.04468985520639,40.40371876217656,3
pgame_seed1,pgame,1,leg3_paralysed,ite,0,4,205,1477.2724609375,205,1434.711181640625,70.04468985520639,40.40371876217656,3
pgame_seed1,pgame,1,leg3_paralysed,ite,0,5,276,1415.268798828125,205,1434.711181640625,70.04468985520639,40.40371876217656,3
pgame_seed1,pgame,1,leg3_paralysed,ite,0,6,128,1332.996337890625,205,1434.711181640625,70.04468985520639,40.40371876217656,3
pgame_seed1,pgame,1,leg3_paralysed,ite,0,7,205,1480.8231201171875,205,1434.711181640625,70.04468985520639,40.40371876217656,3
pgame_seed1,pgame,1,leg3_paralysed,ite,0,8,205,1509.91845703125,205,1434.711181640625,70.04468985520639,40.40371876217656,3
pgame_seed1,pgame,1,leg3_paralysed,ite,0,9,205,1472.130615234375,205,1434.711181640625,70.04468985520639,40.40371876217656,3
pgame_seed1,pgame,1,leg3_paralysed,ite,0,10,205,1521.1561279296875,205,1434.711181640625,70.04468985520639,40.40371876217656,3
pgame_seed1,pgame,1,leg3_paralysed,ite,0,11,205,1546.3203125,205,1434.711181640625,70.04468985520639,40.40371876217656,3
pgame_seed1,pgame,1,leg3_paralysed,ite,0,12,205,1444.7161865234375,205,1434.711181640625,70.04468985520639,40.40371876217656,3
pgame_seed1,pgame,1,leg3_paralysed,ite,0,13,205,1433.300048828125,205,1434.711181640625,70.04468985520639,40.40371876217656,3
pgame_seed1,pgame,1,leg3_paralysed,ite,0,14,205,1500.236083984375,205,1434.711181640625,70.04468985520639,40.40371876217656,3
pgame_seed1,pgame,1,leg3_paralysed,ite,0,15,205,1519.435791015625,205,1434.711181640625,70.04468985520639,40.40371876217656,3
pgame_seed1,pgame,1,leg3_paralysed,ite,0,16,205,1503.650390625,205,1434.711181640625,70.04468985520639,40.40371876217656,3
pgame_seed1,pgame,1,leg3_paralysed,ite,0,17,205,1526.94921875,205,1434.711181640625,70.04468985520639,40.40371876217656,3
pgame_seed1,pgame,1,leg3_paralysed,ite,0,18,205,1447.9132080078125,205,1434.711181640625,70.04468985520639,40.40371876217656,3
pgame_seed1,pgame,1,leg3_paralysed,ite,0,19,205,1410.13720703125,205,1434.711181640625,70.04468985520639,40.40371876217656,3
pgame_seed1,pgame,1,leg3_paralysed,ite,0,20,205,1517.1414794921875,205,1434.711181640625,70.04468985520639,40.40371876217656,3
pgame_seed1,pgame,1,leg3_paralysed,ite,1,1,578,1374.507080078125,578,1359.189208984375,55.97619027261612,32.28861822113925,3
pgame_seed1,pgame,1,leg3_paralysed,ite,1,2,243,1420.36279296875,243,1409.9754638671875,65.43683305630329,37.745779229799204,3
pgame_seed1,pgame,1,leg3_paralysed,ite,1,3,205,1548.142333984375,205,1434.711181640625,70.04468985520639,40.40371876217656,3
pgame_seed1,pgame,1,leg3_paralysed,ite,1,4,205,1503.460693359375,205,1434.711181640625,70.04468985520639,40.40371876217656,3
pgame_seed1,pgame,1,leg3_paralysed,ite,1,5,205,1524.2469482421875,205,1434.711181640625,70.04468985520639,40.40371876217656,3
pgame_seed1,pgame,1,leg3_paralysed,ite,1,6,205,1429.9996337890625,205,1434.711181640625,70.04468985520639,40.40371876217656,3
pgame_seed1,pgame,1,leg3_paralysed,ite,1,7,276,1372.8870849609375,205,1434.711181640625,70.04468985520639,40.40371876217656,3
pgame_seed1,pgame,1,leg3_paralysed,ite,1,8,205,1490.9342041015625,205,1434.711181640625,70.04468985520639,40.40371876217656,3
pgame_seed1,pgame,1,leg3_paralysed,ite,1,9,205,1464.8116455078125,205,1434.711181640625,70.04468985520639,40.40371876217656,3
pgame_seed1,pgame,1,leg3_paralysed,ite,1,10,401,1593.7747802734375,401,1497.127685546875,81.67185646999624,47.11059077311772,3
pgame_seed1,pgame,1,leg3_paralysed,ite,1,11,401,1550.10546875,401,1497.127685546875,81.67185646999624,47.11059077311772,3
pgame_seed1,pgame,1,leg3_paralysed,ite,1,12,401,1445.467041015625,401,1497.127685546875,81.67185646999624,47.11059077311772,3
pgame_seed1,pgame,1,leg3_paralysed,ite,1,13,401,1417.1610107421875,401,1497.127685546875,81.67185646999624,47.11059077311772,3
pgame_seed1,pgame,1,leg3_paralysed,ite,1,14,401,1436.42529296875,401,1497.127685546875,81.67185646999624,47.11059077311772,3
pgame_seed1,pgame,1,leg3_paralysed,ite,1,15,205,1493.220703125,401,1497.127685546875,81.67185646999624,47.11059077311772,3
pgame_seed1,pgame,1,leg3_paralysed,ite,1,16,205,1526.2113037109375,401,1497.127685546875,81.67185646999624,47.11059077311772,3
pgame_seed1,pgame,1,leg3_paralysed,ite,1,17,205,1482.4024658203125,401,1497.127685546875,81.67185646999624,47.11059077311772,3
pgame_seed1,pgame,1,leg3_paralysed,ite,1,18,205,1446.308349609375,401,1497.127685546875,81.67185646999624,47.11059077311772,3
pgame_seed1,pgame,1,leg3_paralysed,ite,1,19,205,1527.020263671875,401,1497.127685546875,81.67185646999624,47.11059077311772,3
pgame_seed1,pgame,1,leg3_paralysed,ite,1,20,205,1466.545654296875,401,1497.127685546875,81.67185646999624,47.11059077311772,3
pgame_seed1,pgame,1,leg3_paralysed,ite,2,1,578,1360.7744140625,578,1359.189208984375,55.97619027261612,32.28861822113925,4
pgame_seed1,pgame,1,leg3_paralysed,ite,2,2,243,1370.6290283203125,243,1409.9754638671875,65.43683305630329,37.745779229799204,4
pgame_seed1,pgame,1,leg3_paralysed,ite,2,3,128,1294.283203125,243,1409.9754638671875,65.43683305630329,37.745779229799204,4
pgame_seed1,pgame,1,leg3_paralysed,ite,2,4,205,1480.7276611328125,205,1434.711181640625,70.04468985520639,40.40371876217656,4
pgame_seed1,pgame,1,leg3_paralysed,ite,2,5,205,1490.9775390625,205,1434.711181640625,70.04468985520639,40.40371876217656,4
pgame_seed1,pgame,1,leg3_paralysed,ite,2,6,205,1482.356201171875,205,1434.711181640625,70.04468985520639,40.40371876217656,4
pgame_seed1,pgame,1,leg3_paralysed,ite,2,7,205,1475.216064453125,205,1434.711181640625,70.04468985520639,40.40371876217656,4
pgame_seed1,pgame,1,leg3_paralysed,ite,2,8,205,1492.167236328125,205,1434.711181640625,70.04468985520639,40.40371876217656,4
pgame_seed1,pgame,1,leg3_paralysed,ite,2,9,205,1493.784912109375,205,1434.711181640625,70.04468985520639,40.40371876217656,4
pgame_seed1,pgame,1,leg3_paralysed,ite,2,10,205,1488.818115234375,205,1434.711181640625,70.04468985520639,40.40371876217656,4
pgame_seed1,pgame,1,leg3_paralysed,ite,2,11,205,1537.60498046875,205,1434.711181640625,70.04468985520639,40.40371876217656,4
pgame_seed1,pgame,1,leg3_paralysed,ite,2,12,205,1430.0906982421875,205,1434.711181640625,70.04468985520639,40.40371876217656,4
pgame_seed1,pgame,1,leg3_paralysed,ite,2,13,205,1551.236328125,205,1434.711181640625,70.04468985520639,40.40371876217656,4
pgame_seed1,pgame,1,leg3_paralysed,ite,2,14,205,1492.073486328125,205,1434.711181640625,70.04468985520639,40.40371876217656,4
pgame_seed1,pgame,1,leg3_paralysed,ite,2,15,205,1509.336669921875,205,1434.711181640625,70.04468985520639,40.40371876217656,4
pgame_seed1,pgame,1,leg3_paralysed,ite,2,16,205,1499.505615234375,205,1434.711181640625,70.04468985520639,40.40371876217656,4
pgame_seed1,pgame,1,leg3_paralysed,ite,2,17,205,1497.3634033203125,205,1434.711181640625,70.04468985520639,40.40371876217656,4
pgame_seed1,pgame,1,leg3_paralysed,ite,2,18,205,1494.6002197265625,205,1434.711181640625,70.04468985520639,40.40371876217656,4
pgame_seed1,pgame,1,leg3_paralysed,ite,2,19,205,1541.5947265625,205,1434.711181640625,70.04468985520639,40.40371876217656,4
pgame_seed1,pgame,1,leg3_paralysed,ite,2,20,205,1502.91015625,205,1434.711181640625,70.04468985520639,40.40371876217656,4
pgame_seed1,pgame,1,leg3_paralysed,ite,3,1,578,1356.507080078125,578,1359.189208984375,55.97619027261612,32.28861822113925,3
pgame_seed1,pgame,1,leg3_paralysed,ite,3,2,243,1395.238037109375,243,1409.9754638671875,65.43683305630329,37.745779229799204,3
pgame_seed1,pgame,1,leg3_paralysed,ite,3,3,205,1475.1044921875,205,1434.711181640625,70.04468985520639,40.40371876217656,3
pgame_seed1,pgame,1,leg3_paralysed,ite,3,4,276,1481.1417236328125,276,1391.4371337890625,61.98344750779379,35.75377071683737,3
pgame_seed1,pgame,1,leg3_paralysed,ite,3,5,276,1379.173095703125,276,1391.4371337890625,61.98344750779379,35.75377071683737,3
pgame_seed1,pgame,1,leg3_paralysed,ite,3,6,401,1553.5582275390625,401,1497.127685546875,81.67185646999624,47.11059077311772,3
pgame_seed1,pgame,1,leg3_paralysed,ite,3,7,401,1471.78759765625,401,1497.127685546875,81.67185646999624,47.11059077311772,3
pgame_seed1,pgame,1,leg3_paralysed,ite,3,8,401,1415.56787109375,401,1497.127685546875,81.67185646999624,47.11059077311772,3
pgame_seed1,pgame,1,leg3_paralysed,ite,3,9,401,1421.0419921875,401,1497.127685546875,81.67185646999624,47.11059077311772,3
pgame_seed1,pgame,1,leg3_paralysed,ite,3,10,128,1248.5228271484375,401,1497.127685546875,81.67185646999624,47.11059077311772,3
pgame_seed1,pgame,1,leg3_paralysed,ite,3,11,205,1452.1961669921875,401,1497.127685546875,81.67185646999624,47.11059077311772,3
pgame_seed1,pgame,1,leg3_paralysed,ite,3,12,401,1560.337890625,401,1497.127685546875,81.67185646999624,47.11059077311772,3
pgame_seed1,pgame,1,leg3_paralysed,ite,3,13,401,1441.771728515625,401,1497.127685546875,81.67185646999624,47.11059077311772,3
pgame_seed1,pgame,1,leg3_paralysed,ite,3,14,401,1533.677978515625,401,1497.127685546875,81.67185646999624,47.11059077311772,3
pgame_seed1,pgame,1,leg3_paralysed,ite,3,15,401,1478.0745849609375,401,1497.127685546875,81.67185646999624,47.11059077311772,3
pgame_seed1,pgame,1,leg3_paralysed,ite,3,16,401,1578.7296142578125,401,1497.127685546875,81.67185646999624,47.11059077311772,3
pgame_seed1,pgame,1,leg3_paralysed,ite,3,17,401,1555.678466796875,401,1497.127685546875,81.67185646999624,47.11059077311772,3
pgame_seed1,pgame,1,leg3_paralysed,ite,3,18,401,1576.94677734375,401,1497.127685546875,81.67185646999624,47.11059077311772,3
pgame_seed1,pgame,1,leg3_paralysed,ite,3,19,401,1534.324462890625,401,1497.127685546875,81.67185646999624,47.11059077311772,3
pgame_seed1,pgame,1,leg3_paralysed,ite,3,20,401,1534.323974609375,401,1497.127685546875,81.67185646999624,47.11059077311772,3
pgame_seed1,pgame,1,leg3_paralysed,ite,4,1,578,1333.557373046875,578,1359.189208984375,55.97619027261612,32.28861822113925,4
pgame_seed1,pgame,1,leg3_paralysed,ite,4,2,243,1444.310302734375,243,1409.9754638671875,65.43683305630329,37.745779229799204,4
pgame_seed1,pgame,1,leg3_paralysed,ite,4,3,276,1383.2431640625,243,1409.9754638671875,65.43683305630329,37.745779229799204,4
pgame_seed1,pgame,1,leg3_paralysed,ite,4,4,401,1470.3095703125,401,1497.127685546875,81.67185646999624,47.11059077311772,4
pgame_seed1,pgame,1,leg3_paralysed,ite,4,5,401,1497.6103515625,401,1497.127685546875,81.67185646999624,47.11059077311772,4
pgame_seed1,pgame,1,leg3_paralysed,ite,4,6,401,1542.8892822265625,401,1497.127685546875,81.67185646999624,47.11059077311772,4
pgame_seed1,pgame,1,leg3_paralysed,ite,4,7,401,1485.897216796875,401,1497.127685546875,81.67185646999624,47.11059077311772,4
pgame_seed1,pgame,1,leg3_paralysed,ite,4,8,401,1590.5860595703125,401,1497.127685546875,81.67185646999624,47.11059077311772,4
pgame_seed1,pgame,1,leg3_paralysed,ite,4,9,401,1542.48291015625,401,1497.127685546875,81.67185646999624,47.11059077311772,4
pgame_seed1,pgame,1,leg3_paralysed,ite,4,10,401,1421.7109375,401,1497.127685546875,81.67185646999624,47.11059077311772,4
pgame_seed1,pgame,1,leg3_paralysed,ite,4,11,401,1588.8671875,401,1497.127685546875,81.67185646999624,47.11059077311772,4
pgame_seed1,pgame,1,leg3_paralysed,ite,4,12,401,1551.037109375,401,1497.127685546875,81.67185646999624,47.11059077311772,4
pgame_seed1,pgame,1,leg3_paralysed,ite,4,13,401,1401.91796875,401,1497.127685546875,81.67185646999624,47.11059077311772,4
pgame_seed1,pgame,1,leg3_paralysed,ite,4,14,401,1474.7275390625,401,1497.127685546875,81.67185646999624,47.11059077311772,4
pgame_seed1,pgame,1,leg3_paralysed,ite,4,15,401,1524.323486328125,401,1497.127685546875,81.67185646999624,47.11059077311772,4
pgame_seed1,pgame,1,leg3_paralysed,ite,4,16,401,1532.4134521484375,401,1497.127685546875,81.67185646999624,47.11059077311772,4
pgame_seed1,pgame,1,leg3_paralysed,ite,4,17,401,1539.86181640625,401,1497.127685546875,81.67185646999624,47.11059077311772,4
pgame_seed1,pgame,1,leg3_paralysed,ite,4,18,401,1541.743896484375,401,1497.127685546875,81.67185646999624,47.11059077311772,4
pgame_seed1,pgame,1,leg3_paralysed,ite,4,19,401,1567.223388671875,401,1497.127685546875,81.67185646999624,47.11059077311772,4
pgame_seed1,pgame,1,leg3_paralysed,ite,4,20,401,1498.45703125,401,1497.127685546875,81.67185646999624,47.11059077311772,4
pgame_seed1,pgame,1,leg4_paralysed,ite,0,1,578,1360.53369140625,578,1346.8468017578125,99.00138765594353,30.962383325000175,4
pgame_seed1,pgame,1,leg4_paralysed,ite,0,2,243,1155.691650390625,578,1346.8468017578125,99.00138765594353,30.962383325000175,4
pgame_seed1,pgame,1,leg4_paralysed,ite,0,3,128,1250.641357421875,578,1346.8468017578125,99.00138765594353,30.962383325000175,4
pgame_seed1,pgame,1,leg4_paralysed,ite,0,4,238,1037.8902587890625,578,1346.8468017578125,99.00138765594353,30.962383325000175,4
pgame_seed1,pgame,1,leg4_paralysed,ite,0,5,578,1339.087646484375,578,1346.8468017578125,99.00138765594353,30.962383325000175,4
pgame_seed1,pgame,1,leg4_paralysed,ite,0,6,578,1346.9248046875,578,1346.8468017578125,99.00138765594353,30.962383325000175,4
pgame_seed1,pgame,1,leg4_paralysed,ite,0,7,578,1371.49853515625,578,1346.8468017578125,99.00138765594353,30.962383325000175,4
pgame_seed1,pgame,1,leg4_paralysed,ite,0,8,578,1342.463623046875,578,1346.8468017578125,99.00138765594353,30.962383325000175,4
pgame_seed1,pgame,1,leg4_paralysed,ite,0,9,578,1322.561279296875,578,1346.8468017578125,99.00138765594353,30.962383325000175,4
pgame_seed1,pgame,1,leg4_paralysed,ite,0,10,578,1317.98388671875,578,1346.8468017578125,99.00138765594353,30.962383325000175,4
pgame_seed1,pgame,1,leg4_paralysed,ite,0,11,578,1289.6834716796875,578,1346.8468017578125,99.00138765594353,30.962383325000175,4
pgame_seed1,pgame,1,leg4_paralysed,ite,0,12,578,1284.287841796875,578,1346.8468017578125,99.00138765594353,30.962383325000175,4
pgame_seed1,pgame,1,leg4_paralysed,ite,0,13,401,1120.19921875,578,1346.8468017578125,99.00138765594353,30.962383325000175,4
pgame_seed1,pgame,1,leg4_paralysed,ite,0,14,578,1357.510009765625,578,1346.8468017578125,99.00138765594353,30.962383325000175,4
pgame_seed1,pgame,1,leg4_paralysed,ite,0,15,578,1330.9453125,578,1346.8468017578125,99.00138765594353,30.962383325000175,4
pgame_seed1,pgame,1,leg4_paralysed,ite,0,16,578,1355.41162109375,578,1346.8468017578125,99.00138765594353,30.962383325000175,4
pgame_seed1,pgame,1,leg4_paralysed,ite,0,17,578,1370.19580078125,578,1346.8468017578125,99.00138765594353,30.962383325000175,4
pgame_seed1,pgame,1,leg4_paralysed,ite,0,18,578,1310.565673828125,578,1346.8468017578125,99.00138765594353,30.962383325000175,4
pgame_seed1,pgame,1,leg4_paralysed,ite,0,19,578,1337.481689453125,578,1346.8468017578125,99.00138765594353,30.962383325000175,4
pgame_seed1,pgame,1,leg4_paralysed,ite,0,20,578,1370.81103515625,578,1346.8468017578125,99.00138765594353,30.962383325000175,4
pgame_seed1,pgame,1,leg4_paralysed,ite,1,1,578,1363.3310546875,578,1346.8468017578125,99.00138765594353,30.962383325000175,4
pgame_seed1,pgame,1,leg4_paralysed,ite,1,2,243,1192.313232421875,578,1346.8468017578125,99.00138765594353,30.962383325000175,4
pgame_seed1,pgame,1,leg4_paralysed,ite,1,3,128,1320.0889892578125,578,1346.8468017578125,99.00138765594353,30.962383325000175,4
pgame_seed1,pgame,1,leg4_paralysed,ite,1,4,238,1056.2508544921875,578,1346.8468017578125,99.00138765594353,30.962383325000175,4
pgame_seed1,pgame,1,leg4_paralysed,ite,1,5,401,1091.904052734375,578,1346.8468017578125,99.00138765594353,30.962383325000175,4
pgame_seed1,pgame,1,leg4_paralysed,ite,1,6,578,1338.66796875,578,1346.8468017578125,99.00138765594353,30.962383325000175,4
pgame_seed1,pgame,1,leg4_paralysed,ite,1,7,578,1335.656005859375,578,1346.8468017578125,99.00138765594353,30.962383325000175,4
pgame_seed1,pgame,1,leg4_paralysed,ite,1,8,578,1345.88671875,578,1346.8468017578125,99.00138765594353,30.962383325000175,4
pgame_seed1,pgame,1,leg4_paralysed,ite,1,9,578,1324.85546875,578,1346.8468017578125,99.00138765594353,30.962383325000175,4
pgame_seed1,pgame,1,leg4_paralysed,ite,1,10,61,1172.0849609375,578,1346.8468017578125,99.00138765594353,30.962383325000175,4
pgame_seed1,pgame,1,leg4_paralysed,ite,1,11,714,1080.1912841796875,578,1346.8468017578125,99.00138765594353,30.962383325000175,4
pgame_seed1,pgame,1,leg4_paralysed,ite,1,12,578,1336.646240234375,578,1346.8468017578125,99.00138765594353,30.962383325000175,4
pgame_seed1,pgame,1,leg4_paralysed,ite,1,13,578,1369.78271484375,578,1346.8468017578125,99.00138765594353,30.962383325000175,4
pgame_seed1,pgame,1,leg4_paralysed,ite,1,14,578,1356.8460693359375,578,1346.8468017578125,99.00138765594353,30.962383325000175,4
pgame_seed1,pgame,1,leg4_paralysed,ite,1,15,578,1269.21142578125,578,1346.8468017578125,99.00138765594353,30.962383325000175,4
pgame_seed1,pgame,1,leg4_paralysed,ite,1,16,578,1354.310302734375,578,1346.8468017578125,99.00138765594353,30.962383325000175,4
pgame_seed1,pgame,1,leg4_paralysed,ite,1,17,578,1367.6324462890625,578,1346.8468017578125,99.00138765594353,30.962383325000175,4
pgame_seed1,pgame,1,leg4_paralysed,ite,1,18,578,1325.31884765625,578,1346.8468017578125,99.00138765594353,30.962383325000175,4
pgame_seed1,pgame,1,leg4_paralysed,ite,1,19,578,1345.684326171875,578,1346.8468017578125,99.00138765594353,30.962383325000175,4
pgame_seed1,pgame,1,leg4_paralysed,ite,1,20,578,1354.0743408203125,578,1346.8468017578125,99.00138765594353,30.962383325000175,4
pgame_seed1,pgame,1,leg4_paralysed,ite,2,1,578,1303.150390625,578,1346.8468017578125,99.00138765594353,30.962383325000175,5
pgame_seed1,pgame,1,leg4_paralysed,ite,2,2,243,1166.173583984375,578,1346.8468017578125,99.00138765594353,30.962383325000175,5
pgame_seed1,pgame,1,leg4_paralysed,ite,2,3,128,1281.99560546875,578,1346.8468017578125,99.00138765594353,30.962383325000175,5
pgame_seed1,pgame,1,leg4_paralysed,ite,2,4,238,1037.7655029296875,578,1346.8468017578125,99.00138765594353,30.962383325000175,5
pgame_seed1,pgame,1,leg4_paralysed,ite,2,5,401,1099.68798828125,578,1346.8468017578125,99.00138765594353,30.962383325000175,5
pgame_seed1,pgame,1,leg4_paralysed,ite,2,6,187,1041.279296875,578,1346.8468017578125,99.00138765594353,30.962383325000175,5
pgame_seed1,pgame,1,leg4_paralysed,ite,2,7,61,1234.9283447265625,578,1346.8468017578125,99.00138765594353,30.962383325000175,5
pgame_seed1,pgame,1,leg4_paralysed,ite,2,8,714,1074.162109375,578,1346.8468017578125,99.00138765594353,30.962383325000175,5
pgame_seed1,pgame,1,leg4_paralysed,ite,2,9,578,1320.9412841796875,578,1346.8468017578125,99.00138765594353,30.962383325000175,5
pgame_seed1,pgame,1,leg4_paralysed,ite,2,10,578,1375.3367919921875,578,1346.8468017578125,99.00138765594353,30.962383325000175,5
pgame_seed1,pgame,1,leg4_paralysed,ite,2,11,578,1365.728759765625,578,1346.8468017578125,99.00138765594353,30.962383325000175,5
pgame_seed1,pgame,1,leg4_paralysed,ite,2,12,578,1303.23583984375,578,1346.8468017578125,99.00138765594353,30.962383325000175,5
pgame_seed1,pgame,1,leg4_paralysed,ite,2,13,578,1352.1820068359375,578,1346.8468017578125,99.00138765594353,30.962383325000175,5
pgame_seed1,pgame,1,leg4_paralysed,ite,2,14,578,1342.095947265625,578,1346.8468017578125,99.00138765594353,30.962383325000175,5
pgame_seed1,pgame,1,leg4_paralysed,ite,2,15,578,1354.16650390625,578,1346.8468017578125,99.00138765594353,30.962383325000175,5
pgame_seed1,pgame,1,leg4_paralysed,ite,2,16,578,1297.98046875,578,1346.8468017578125,99.00138765594353,30.962383325000175,5
pgame_seed1,pgame,1,leg4_paralysed,ite,2,17,578,1341.659912109375,578,1346.8468017578125,99.00138765594353,30.962383325000175,5
pgame_seed1,pgame,1,leg4_paralysed,ite,2,18,578,1345.62451171875,578,1346.8468017578125,99.00138765594353,30.962383325000175,5
pgame_seed1,pgame,1,leg4_paralysed,ite,2,19,578,1380.090087890625,578,1346.8468017578125,99.00138765594353,30.962383325000175,5
pgame_seed1,pgame,1,leg4_paralysed,ite,2,20,578,1338.3892822265625,578,1346.8468017578125,99.00138765594353,30.962383325000175,5
pgame_seed1,pgame,1,leg4_paralysed,ite,3,1,578,1363.1640625,578,1346.8468017578125,99.00138765594353,30.962383325000175,4
pgame_seed1,pgame,1,leg4_paralysed,ite,3,2,243,1134.7470703125,578,1346.8468017578125,99.00138765594353,30.962383325000175,4
pgame_seed1,pgame,1,leg4_paralysed,ite,3,3,128,1294.9603271484375,578,1346.8468017578125,99.00138765594353,30.962383325000175,4
pgame_seed1,pgame,1,leg4_paralysed,ite,3,4,238,1019.0740966796875,578,1346.8468017578125,99.00138765594353,30.962383325000175,4
pgame_seed1,pgame,1,leg4_paralysed,ite,3,5,578,1345.6767578125,578,1346.8468017578125,99.00138765594353,30.962383325000175,4
pgame_seed1,pgame,1,leg4_paralysed,ite,3,6,578,1335.121337890625,578,1346.8468017578125,99.00138765594353,30.962383325000175,4
pgame_seed1,pgame,1,leg4_paralysed,ite,3,7,578,1298.258056640625,578,1346.8468017578125,99.00138765594353,30.962383325000175,4
pgame_seed1,pgame,1,leg4_paralysed,ite,3,8,578,1307.720458984375,578,1346.8468017578125,99.00138765594353,30.962383325000175,4
pgame_seed1,pgame,1,leg4_paralysed,ite,3,9,578,1361.41552734375,578,1346.8468017578125,99.00138765594353,30.962383325000175,4
pgame_seed1,pgame,1,leg4_paralysed,ite,3,10,578,1345.403076171875,578,1346.8468017578125,99.00138765594353,30.962383325000175,4
pgame_seed1,pgame,1,leg4_paralysed,ite,3,11,578,1339.6923828125,578,1346.8468017578125,99.00138765594353,30.962383325000175,4
pgame_seed1,pgame,1,leg4_paralysed,ite,3,12,578,1359.673583984375,578,1346.8468017578125,99.00138765594353,30.962383325000175,4
pgame_seed1,pgame,1,leg4_paralysed,ite,3,13,578,1322.9951171875,578,1346.8468017578125,99.00138765594353,30.962383325000175,4
pgame_seed1,pgame,1,leg4_paralysed,ite,3,14,578,1339.7923583984375,578,1346.8468017578125,99.00138765594353,30.962383325000175,4
pgame_seed1,pgame,1,leg4_paralysed,ite,3,15,578,1304.190185546875,578,1346.8468017578125,99.00138765594353,30.962383325000175,4
pgame_seed1,pgame,1,leg4_paralysed,ite,3,16,578,1368.09765625,578,1346.8468017578125,99.00138765594353,30.962383325000175,4
pgame_seed1,pgame,1,leg4_paralysed,ite,3,17,578,1343.3909912109375,578,1346.8468017578125,99.00138765594353,30.962383325000175,4
pgame_seed1,pgame,1,leg4_paralysed,ite,3,18,578,1353.971923828125,578,1346.8468017578125,99.00138765594353,30.962383325000175,4
pgame_seed1,pgame,1,leg4_paralysed,ite,3,19,578,1324.396484375,578,1346.8468017578125,99.00138765594353,30.962383325000175,4
pgame_seed1,pgame,1,leg4_paralysed,ite,3,20,578,1347.7376708984375,578,1346.8468017578125,99.00138765594353,30.962383325000175,4
pgame_seed1,pgame,1,leg4_paralysed,ite,4,1,578,1343.05517578125,578,1346.8468017578125,99.00138765594353,30.962383325000175,4
pgame_seed1,pgame,1,leg4_paralysed,ite,4,2,243,1162.1240234375,578,1346.8468017578125,99.00138765594353,30.962383325000175,4
pgame_seed1,pgame,1,leg4_paralysed,ite,4,3,128,1268.0721435546875,578,1346.8468017578125,99.00138765594353,30.962383325000175,4
pgame_seed1,pgame,1,leg4_paralysed,ite,4,4,238,1059.55615234375,578,1346.8468017578125,99.00138765594353,30.962383325000175,4
pgame_seed1,pgame,1,leg4_paralysed,ite,4,5,401,1118.979248046875,578,1346.8468017578125,99.00138765594353,30.962383325000175,4
pgame_seed1,pgame,1,leg4_paralysed,ite,4,6,578,1300.793701171875,578,1346.8468017578125,99.00138765594353,30.962383325000175,4
pgame_seed1,pgame,1,leg4_paralysed,ite,4,7,187,1026.13916015625,578,1346.8468017578125,99.00138765594353,30.962383325000175,4
pgame_seed1,pgame,1,leg4_paralysed,ite,4,8,578,1351.599609375,578,1346.8468017578125,99.00138765594353,30.962383325000175,4
pgame_seed1,pgame,1,leg4_paralysed,ite,4,9,578,1338.5699462890625,578,1346.8468017578125,99.00138765594353,30.962383325000175,4
pgame_seed1,pgame,1,leg4_paralysed,ite,4,10,578,1343.4990234375,578,1346.8468017578125,99.00138765594353,30.962383325000175,4
pgame_seed1,pgame,1,leg4_paralysed,ite,4,11,578,1347.850830078125,578,1346.8468017578125,99.00138765594353,30.962383325000175,4
pgame_seed1,pgame,1,leg4_paralysed,ite,4,12,578,1300.3240966796875,578,1346.8468017578125,99.00138765594353,30.962383325000175,4
pgame_seed1,pgame,1,leg4_paralysed,ite,4,13,578,1362.26220703125,578,1346.8468017578125,99.00138765594353,30.962383325000175,4
pgame_seed1,pgame,1,leg4_paralysed,ite,4,14,578,1375.0736083984375,578,1346.8468017578125,99.00138765594353,30.962383325000175,4
pgame_seed1,pgame,1,leg4_paralysed,ite,4,15,578,1337.788330078125,578,1346.8468017578125,99.00138765594353,30.962383325000175,4
pgame_seed1,pgame,1,leg4_paralysed,ite,4,16,578,1365.4063720703125,578,1346.8468017578125,99.00138765594353,30.962383325000175,4
pgame_seed1,pgame,1,leg4_paralysed,ite,4,17,578,1358.886474609375,578,1346.8468017578125,99.00138765594353,30.962383325000175,4
pgame_seed1,pgame,1,leg4_paralysed,ite,4,18,578,1326.75341796875,578,1346.8468017578125,99.00138765594353,30.962383325000175,4
pgame_seed1,pgame,1,leg4_paralysed,ite,4,19,578,1378.0836181640625,578,1346.8468017578125,99.00138765594353,30.962383325000175,4
pgame_seed1,pgame,1,leg4_paralysed,ite,4,20,578,1307.2357177734375,578,1346.8468017578125,99.00138765594353,30.962383325000175,4
pgame_seed1,pgame,1,leg1_weak,ite,0,1,578,1715.69677734375,578,1732.5576171875,85.31086862661046,72.40836171892342,2
pgame_seed1,pgame,1,leg1_weak,ite,0,2,243,1726.394775390625,243,1630.257080078125,72.35954558867378,61.41581061299049,2
pgame_seed1,pgame,1,leg1_weak,ite,0,3,61,1711.2593994140625,243,1630.257080078125,72.35954558867378,61.41581061299049,2
pgame_seed1,pgame,1,leg1_weak,ite,0,4,243,1669.351318359375,243,1630.257080078125,72.35954558867378,61.41581061299049,2
pgame_seed1,pgame,1,leg1_weak,ite,0,5,578,1761.1097412109375,578,1732.5576171875,85.31086862661046,72.40836171892342,2
pgame_seed1,pgame,1,leg1_weak,ite,0,6,578,1735.365234375,578,1732.5576171875,85.31086862661046,72.40836171892342,2
pgame_seed1,pgame,1,leg1_weak,ite,0,7,578,1730.09326171875,578,1732.5576171875,85.31086862661046,72.40836171892342,2
pgame_seed1,pgame,1,leg1_weak,ite,0,8,578,1762.0489501953125,578,1732.5576171875,85.31086862661046,72.40836171892342,2
pgame_seed1,pgame,1,leg1_weak,ite,0,9,578,1702.44921875,578,1732.5576171875,85.31086862661046,72.40836171892342,2
pgame_seed1,pgame,1,leg1_weak,ite,0,10,578,1718.62548828125,578,1732.5576171875,85.31086862661046,72.40836171892342,2
pgame_seed1,pgame,1,leg1_weak,ite,0,11,578,1737.255859375,578,1732.5576171875,85.31086862661046,72.40836171892342,2
pgame_seed1,pgame,1,leg1_weak,ite,0,12,578,1752.5537109375,578,1732.5576171875,85.31086862661046,72.40836171892342,2
pgame_seed1,pgame,1,leg1_weak,ite,0,13,578,1719.62353515625,578,1732.5576171875,85.31086862661046,72.40836171892342,2
pgame_seed1,pgame,1,leg1_weak,ite,0,14,578,1711.927978515625,578,1732.5576171875,85.31086862661046,72.40836171892342,2
pgame_seed1,pgame,1,leg1_weak,ite,0,15,578,1747.633056640625,578,1732.5576171875,85.31086862661046,72.40836171892342,2
pgame_seed1,pgame,1,leg1_weak,ite,0,16,578,1752.6044921875,578,1732.5576171875,85.31086862661046,72.40836171892342,2
pgame_seed1,pgame,1,leg1_weak,ite,0,17,578,1751.65380859375,578,1732.5576171875,85.31086862661046,72.40836171892342,2
pgame_seed1,pgame,1,leg1_weak,ite,0,18,578,1714.54736328125,578,1732.5576171875,85.31086862661046,72.40836171892342,2
pgame_seed1,pgame,1,leg1_weak,ite,0,19,578,1720.338623046875,578,1732.5576171875,85.31086862661046,72.40836171892342,2
pgame_seed1,pgame,1,leg1_weak,ite,0,20,578,1744.354248046875,578,1732.5576171875,85.31086862661046,72.40836171892342,2
pgame_seed1,pgame,1,leg1_weak,ite,1,1,578,1714.4300537109375,578,1732.5576171875,85.31086862661046,72.40836171892342,2
pgame_seed1,pgame,1,leg1_weak,ite,1,2,243,1667.451904296875,578,1732.5576171875,85.31086862661046,72.40836171892342,2
pgame_seed1,pgame,1,leg1_weak,ite,1,3,61,1696.237548828125,578,1732.5576171875,85.31086862661046,72.40836171892342,2
pgame_seed1,pgame,1,leg1_weak,ite,1,4,578,1720.0361328125,578,1732.5576171875,85.31086862661046,72.40836171892342,2
pgame_seed1,pgame,1,leg1_weak,ite,1,5,578,1722.892822265625,578,1732.5576171875,85.31086862661046,72.40836171892342,2
pgame_seed1,pgame,1,leg1_weak,ite,1,6,578,1711.487548828125,578,1732.5576171875,85.31086862661046,72.40836171892342,2
pgame_seed1,pgame,1,leg1_weak,ite,1,7,578,1730.722412109375,578,1732.5576171875,85.31086862661046,72.40836171892342,2
pgame_seed1,pgame,1,leg1_weak,ite,1,8,578,1731.494384765625,578,1732.5576171875,85.31086862661046,72.40836171892342,2
pgame_seed1,pgame,1,leg1_weak,ite,1,9,578,1737.7823486328125,578,1732.5576171875,85.31086862661046,72.40836171892342,2
pgame_seed1,pgame,1,leg1_weak,ite,1,10,578,1749.141845703125,578,1732.5576171875,85.31086862661046,72.40836171892342,2
pgame_seed1,pgame,1,leg1_weak,ite,1,11,578,1719.1539306640625,578,1732.5576171875,85.31086862661046,72.40836171892342,2
pgame_seed1,pgame,1,leg1_weak,ite,1,12,578,1763.4910888671875,578,1732.5576171875,85.31086862661046,72.40836171892342,2
pgame_seed1,pgame,1,leg1_weak,ite,1,13,578,1739.972900390625,578,1732.5576171875,85.31086862661046,72.40836171892342,2
pgame_seed1,pgame,1,leg1_weak,ite,1,14,578,1729.5333251953125,578,1732.5576171875,85.31086862661046,72.40836171892342,2
pgame_seed1,pgame,1,leg1_weak,ite,1,15,578,1722.547607421875,578,1732.5576171875,85.31086862661046,72.40836171892342,2
pgame_seed1,pgame,1,leg1_weak,ite,1,16,578,1726.165283203125,578,1732.5576171875,85.31086862661046,72.40836171892342,2
pgame_seed1,pgame,1,leg1_weak,ite,1,17,578,1757.429931640625,578,1732.5576171875,85.31086862661046,72.40836171892342,2
pgame_seed1,pgame,1,leg1_weak,ite,1,18,578,1753.040283203125,578,1732.5576171875,85.31086862661046,72.40836171892342,2
pgame_seed1,pgame,1,leg1_weak,ite,1,19,578,1757.991943359375,578,1732.5576171875,85.31086862661046,72.40836171892342,2
pgame_seed1,pgame,1,leg1_weak,ite,1,20,578,1754.9459228515625,578,1732.5576171875,85.31086862661046,72.40836171892342,2
pgame_seed1,pgame,1,leg1_weak,ite,2,1,578,1708.35400390625,578,1732.5576171875,85.31086862661046,72.40836171892342,2
pgame_seed1,pgame,1,leg1_weak,ite,2,2,243,1497.126220703125,578,1732.5576171875,85.31086862661046,72.40836171892342,2
pgame_seed1,pgame,1,leg1_weak,ite,2,3,128,1664.04541015625,578,1732.5576171875,85.31086862661046,72.40836171892342,2
pgame_seed1,pgame,1,leg1_weak,ite,2,4,578,1755.069580078125,578,1732.5576171875,85.31086862661046,72.40836171892342,2
pgame_seed1,pgame,1,leg1_weak,ite,2,5,578,1732.727294921875,578,1732.5576171875,85.31086862661046,72.40836171892342,2
pgame_seed1,pgame,1,leg1_weak,ite,2,6,578,1761.348876953125,578,1732.5576171875,85.31086862661046,72.40836171892342,2
pgame_seed1,pgame,1,leg1_weak,ite,2,7,578,1732.551513671875,578,1732.5576171875,85.31086862661046,72.40836171892342,2
pgame_seed1,pgame,1,leg1_weak,ite,2,8,578,1736.724365234375,578,1732.5576171875,85.31086862661046,72.40836171892342,2
pgame_seed1,pgame,1,leg1_weak,ite,2,9,578,1729.040283203125,578,1732.5576171875,85.31086862661046,72.40836171892342,2
pgame_seed1,pgame,1,leg1_weak,ite,2,10,578,1739.210693359375,578,1732.5576171875,85.31086862661046,72.40836171892342,2
pgame_seed1,pgame,1,leg1_weak,ite,2,11,578,1740.486083984375,578,1732.5576171875,85.31086862661046,72.40836171892342,2
pgame_seed1,pgame,1,leg1_weak,ite,2,12,578,1728.0966796875,578,1732.5576171875,85.31086862661046,72.40836171892342,2
pgame_seed1,pgame,1,leg1_weak,ite,2,13,578,1745.282958984375,578,1732.5576171875,85.31086862661046,72.40836171892342,2
pgame_seed1,pgame,1,leg1_weak,ite,2,14,578,1735.8878173828125,578,1732.5576171875,85.31086862661046,72.40836171892342,2
pgame_seed1,pgame,1,leg1_weak,ite,2,15,578,1738.8218994140625,578,1732.5576171875,85.31086862661046,72.40836171892342,2
pgame_seed1,pgame,1,leg1_weak,ite,2,16,578,1739.163818359375,578,1732.5576171875,85.31086862661046,72.40836171892342,2
pgame_seed1,pgame,1,leg1_weak,ite,2,17,578,1741.509765625,578,1732.5576171875,85.31086862661046,72.40836171892342,2
pgame_seed1,pgame,1,leg1_weak,ite,2,18,578,1701.96337890625,578,1732.5576171875,85.31086862661046,72.40836171892342,2
pgame_seed1,pgame,1,leg1_weak,ite,2,19,578,1664.217041015625,578,1732.5576171875,85.31086862661046,72.40836171892342,2
pgame_seed1,pgame,1,leg1_weak,ite,2,20,578,1758.91015625,578,1732.5576171875,85.31086862661046,72.40836171892342,2
pgame_seed1,pgame,1,leg1_weak,ite,3,1,578,1724.000244140625,578,1732.5576171875,85.31086862661046,72.40836171892342,2
pgame_seed1,pgame,1,leg1_weak,ite,3,2,243,1626.2130126953125,578,1732.5576171875,85.31086862661046,72.40836171892342,2
pgame_seed1,pgame,1,leg1_weak,ite,3,3,128,1751.826171875,128,1695.5281982421875,80.62291702616979,68.429420926617,2
pgame_seed1,pgame,1,leg1_weak,ite,3,4,61,1746.5830078125,128,1695.5281982421875,80.62291702616979,68.429420926617,2
pgame_seed1,pgame,1,leg1_weak,ite,3,5,128,1712.9515380859375,128,1695.5281982421875,80.62291702616979,68.429420926617,2
pgame_seed1,pgame,1,leg1_weak,ite,3,6,61,1715.6063232421875,128,1695.5281982421875,80.62291702616979,68.429420926617,2
pgame_seed1,pgame,1,leg1_weak,ite,3,7,128,1674.11279296875,128,1695.5281982421875,80.62291702616979,68.429420926617,2
pgame_seed1,pgame,1,leg1_weak,ite,3,8,61,1710.878662109375,128,1695.5281982421875,80.62291702616979,68.429420926617,2
pgame_seed1,pgame,1,leg1_weak,ite,3,9,578,1728.201171875,128,1695.5281982421875,80.62291702616979,68.429420926617,2
pgame_seed1,pgame,1,leg1_weak,ite,3,10,578,1732.2545166015625,128,1695.5281982421875,80.62291702616979,68.429420926617,2
pgame_seed1,pgame,1,leg1_weak,ite,3,11,578,1751.81103515625,128,1695.5281982421875,80.62291702616979,68.429420926617,2
pgame_seed1,pgame,1,leg1_weak,ite,3,12,578,1741.8218994140625,128,1695.5281982421875,80.62291702616979,68.429420926617,2
pgame_seed1,pgame,1,leg1_weak,ite,3,13,578,1739.5947265625,128,1695.5281982421875,80.62291702616979,68.429420926617,2
pgame_seed1,pgame,1,leg1_weak,ite,3,14,578,1717.800048828125,128,1695.5281982421875,80.62291702616979,68.429420926617,2
pgame_seed1,pgame,1,leg1_weak,ite,3,15,578,1747.7662353515625,128,1695.5281982421875,80.62291702616979,68.429420926617,2
pgame_seed1,pgame,1,leg1_weak,ite,3,16,578,1745.323974609375,128,1695.5281982421875,80.62291702616979,68.429420926617,2
pgame_seed1,pgame,1,leg1_weak,ite,3,17,578,1710.452392578125,128,1695.5281982421875,80.62291702616979,68.429420926617,2
pgame_seed1,pgame,1,leg1_weak,ite,3,18,578,1745.1063232421875,128,1695.5281982421875,80.62291702616979,68.429420926617,2
pgame_seed1,pgame,1,leg1_weak,ite,3,19,578,1664.2042236328125,128,1695.5281982421875,80.62291702616979,68.429420926617,2
pgame_seed1,pgame,1,leg1_weak,ite,3,20,578,1725.40234375,128,1695.5281982421875,80.62291702616979,68.429420926617,2
pgame_seed1,pgame,1,leg1_weak,ite,4,1,578,1727.5748291015625,578,1732.5576171875,85.31086862661046,72.40836171892342,2
pgame_seed1,pgame,1,leg1_weak,ite,4,2,243,1723.36376953125,578,1732.5576171875,85.31086862661046,72.40836171892342,2
pgame_seed1,pgame,1,leg1_weak,ite,4,3,61,1729.4981689453125,61,1740.001953125,86.25332701689635,73.20828169544524,2
pgame_seed1,pgame,1,leg1_weak,ite,4,4,128,1709.7191162109375,61,1740.001953125,86.25332701689635,73.20828169544524,2
pgame_seed1,pgame,1,leg1_weak,ite,4,5,578,1732.746337890625,578,1732.5576171875,85.31086862661046,72.40836171892342,2
pgame_seed1,pgame,1,leg1_weak,ite,4,6,578,1738.5133056640625,578,1732.5576171875,85.31086862661046,72.40836171892342,2
pgame_seed1,pgame,1,leg1_weak,ite,4,7,578,1749.5018310546875,578,1732.5576171875,85.31086862661046,72.40836171892342,2
pgame_seed1,pgame,1,leg1_weak,ite,4,8,578,1752.93994140625,578,1732.5576171875,85.31086862661046,72.40836171892342,2
pgame_seed1,pgame,1,leg1_weak,ite,4,9,578,1744.1019287109375,578,1732.5576171875,85.31086862661046,72.40836171892342,2
pgame_seed1,pgame,1,leg1_weak,ite,4,10,578,1738.510498046875,578,1732.5576171875,85.31086862661046,72.40836171892342,2
pgame_seed1,pgame,1,leg1_weak,ite,4,11,578,1727.379150390625,578,1732.5576171875,85.31086862661046,72.40836171892342,2
pgame_seed1,pgame,1,leg1_weak,ite,4,12,578,1741.669921875,578,1732.5576171875,85.31086862661046,72.40836171892342,2
pgame_seed1,pgame,1,leg1_weak,ite,4,13,578,1767.135986328125,578,1732.5576171875,85.31086862661046,72.40836171892342,2
pgame_seed1,pgame,1,leg1_weak,ite,4,14,578,1747.0966796875,578,1732.5576171875,85.31086862661046,72.40836171892342,2
pgame_seed1,pgame,1,leg1_weak,ite,4,15,578,1739.19189453125,578,1732.5576171875,85.31086862661046,72.40836171892342,2
pgame_seed1,pgame,1,leg1_weak,ite,4,16,578,1713.81787109375,578,1732.5576171875,85.31086862661046,72.40836171892342,2
pgame_seed1,pgame,1,leg1_weak,ite,4,17,578,1743.276123046875,578,1732.5576171875,85.31086862661046,72.40836171892342,2
pgame_seed1,pgame,1,leg1_weak,ite,4,18,578,1732.3712158203125,578,1732.5576171875,85.31086862661046,72.40836171892342,2
pgame_seed1,pgame,1,leg1_weak,ite,4,19,578,1782.4881591796875,578,1732.5576171875,85.31086862661046,72.40836171892342,2
pgame_seed1,pgame,1,leg1_weak,ite,4,20,578,1739.2735595703125,578,1732.5576171875,85.31086862661046,72.40836171892342,2
pgame_seed1,pgame,1,leg2_weak,ite,0,1,578,1764.64404296875,578,1753.3851318359375,92.70333119197674,74.64635113375645,2
pgame_seed1,pgame,1,leg2_weak,ite,0,2,243,1785.8741455078125,243,1791.198974609375,97.74945788969796,78.70958101449801,2
pgame_seed1,pgame,1,leg2_weak,ite,0,3,61,1772.3544921875,243,1791.198974609375,97.74945788969796,78.70958101449801,2
pgame_seed1,pgame,1,leg2_weak,ite,0,4,243,1798.5146484375,243,1791.198974609375,97.74945788969796,78.70958101449801,2
pgame_seed1,pgame,1,leg2_weak,ite,0,5,243,1639.7696533203125,243,1791.198974609375,97.74945788969796,78.70958101449801,2
pgame_seed1,pgame,1,leg2_weak,ite,0,6,128,1883.755859375,128,1792.24951171875,97.8896484380727,78.82246490728869,2
pgame_seed1,pgame,1,leg2_weak,ite,0,7,128,1732.847900390625,128,1792.24951171875,97.8896484380727,78.82246490728869,2
pgame_seed1,pgame,1,leg2_weak,ite,0,8,128,1821.66357421875,128,1792.24951171875,97.8896484380727,78.82246490728869,2
pgame_seed1,pgame,1,leg2_weak,ite,0,9,128,1796.04248046875,128,1792.24951171875,97.8896484380727,78.82246490728869,2
pgame_seed1,pgame,1,leg2_weak,ite,0,10,128,1816.46728515625,128,1792.24951171875,97.8896484380727,78.82246490728869,2
pgame_seed1,pgame,1,leg2_weak,ite,0,11,128,1714.9622802734375,128,1792.24951171875,97.8896484380727,78.82246490728869,2
pgame_seed1,pgame,1,leg2_weak,ite,0,12,128,1839.482177734375,128,1792.24951171875,97.8896484380727,78.82246490728869,2
pgame_seed1,pgame,1,leg2_weak,ite,0,13,128,1744.01953125,128,1792.24951171875,97.8896484380727,78.82246490728869,2
pgame_seed1,pgame,1,leg2_weak,ite,0,14,128,1835.359130859375,128,1792.24951171875,97.8896484380727,78.82246490728869,2
pgame_seed1,pgame,1,leg2_weak,ite,0,15,128,1800.42919921875,128,1792.24951171875,97.8896484380727,78.82246490728869,2
pgame_seed1,pgame,1,leg2_weak,ite,0,16,128,1800.55615234375,128,1792.24951171875,97.8896484380727,78.82246490728869,2
pgame_seed1,pgame,1,leg2_weak,ite,0,17,128,1816.1578369140625,128,1792.24951171875,97.8896484380727,78.82246490728869,2
pgame_seed1,pgame,1,leg2_weak,ite,0,18,128,1824.6436767578125,128,1792.24951171875,97.8896484380727,78.82246490728869,2
pgame_seed1,pgame,1,leg2_weak,ite,0,19,128,1830.5260009765625,128,1792.24951171875,97.8896484380727,78.82246490728869,2
pgame_seed1,pgame,1,leg2_weak,ite,0,20,128,1805.625244140625,128,1792.24951171875,97.8896484380727,78.82246490728869,2
pgame_seed1,pgame,1,leg2_weak,ite,1,1,578,1758.063720703125,578,1753.3851318359375,92.70333119197674,74.64635113375645,2
pgame_seed1,pgame,1,leg2_weak,ite,1,2,243,1743.328125,578,1753.3851318359375,92.70333119197674,74.64635113375645,2
pgame_seed1,pgame,1,leg2_weak,ite,1,3,61,1764.102294921875,61,1791.4833984375,97.78741326707573,78.74014335126333,2
pgame_seed1,pgame,1,leg2_weak,ite,1,4,128,1790.650390625,128,1792.24951171875,97.8896484380727,78.82246490728869,2
pgame_seed1,pgame,1,leg2_weak,ite,1,5,128,1870.2587890625,128,1792.24951171875,97.8896484380727,78.82246490728869,2
pgame_seed1,pgame,1,leg2_weak,ite,1,6,128,1840.625244140625,128,1792.24951171875,97.8896484380727,78.82246490728869,2
pgame_seed1,pgame,1,leg2_weak,ite,1,7,128,1807.6021728515625,128,1792.24951171875,97.8896484380727,78.82246490728869,2
pgame_seed1,pgame,1,leg2_weak,ite,1,8,128,1840.8267822265625,128,1792.24951171875,97.8896484380727,78.82246490728869,2
pgame_seed1,pgame,1,leg2_weak,ite,1,9,128,1749.584716796875,128,1792.24951171875,97.8896484380727,78.82246490728869,2
pgame_seed1,pgame,1,leg2_weak,ite,1,10,128,1789.1802978515625,128,1792.24951171875,97.8896484380727,78.82246490728869,2
pgame_seed1,pgame,1,leg2_weak,ite,1,11,128,1727.4638671875,128,1792.24951171875,97.8896484380727,78.82246490728869,2
pgame_seed1,pgame,1,leg2_weak,ite,1,12,128,1743.01123046875,128,1792.24951171875,97.8896484380727,78.82246490728869,2
pgame_seed1,pgame,1,leg2_weak,ite,1,13,128,1804.6710205078125,128,1792.24951171875,97.8896484380727,78.82246490728869,2
pgame_seed1,pgame,1,leg2_weak,ite,1,14,128,1757.542724609375,128,1792.24951171875,97.8896484380727,78.82246490728869,2
pgame_seed1,pgame,1,leg2_weak,ite,1,15,128,1852.233154296875,128,1792.24951171875,97.8896484380727,78.82246490728869,2
pgame_seed1,pgame,1,leg2_weak,ite,1,16,128,1783.240234375,128,1792.24951171875,97.8896484380727,78.82246490728869,2
pgame_seed1,pgame,1,leg2_weak,ite,1,17,128,1810.51708984375,128,1792.24951171875,97.8896484380727,78.82246490728869,2
pgame_seed1,pgame,1,leg2_weak,ite,1,18,128,1782.5234375,128,1792.24951171875,97.8896484380727,78.82246490728869,2
pgame_seed1,pgame,1,leg2_weak,ite,1,19,128,1779.867431640625,128,1792.24951171875,97.8896484380727,78.82246490728869,2
pgame_seed1,pgame,1,leg2_weak,ite,1,20,128,1771.76318359375,128,1792.24951171875,97.8896484380727,78.82246490728869,2
pgame_seed1,pgame,1,leg2_weak,ite,2,1,578,1736.412841796875,578,1753.3851318359375,92.70333119197674,74.64635113375645,2
pgame_seed1,pgame,1,leg2_weak,ite,2,2,243,1708.614013671875,578,1753.3851318359375,92.70333119197674,74.64635113375645,2
pgame_seed1,pgame,1,leg2_weak,ite,2,3,61,1791.896484375,61,1791.4833984375,97.78741326707573,78.74014335126333,2
pgame_seed1,pgame,1,leg2_weak,ite,2,4,61,1769.33740234375,61,1791.4833984375,97.78741326707573,78.74014335126333,2
pgame_seed1,pgame,1,leg2_weak,ite,2,5,61,1787.802734375,61,1791.4833984375,97.78741326707573,78.74014335126333,2
pgame_seed1,pgame,1,leg2_weak,ite,2,6,61,1785.466552734375,61,1791.4833984375,97.78741326707573,78.74014335126333,2
pgame_seed1,pgame,1,leg2_weak,ite,2,7,61,1755.5615234375,61,1791.4833984375,97.78741326707573,78.74014335126333,2
pgame_seed1,pgame,1,leg2_weak,ite,2,8,61,1657.250244140625,61,1791.4833984375,97.78741326707573,78.74014335126333,2
pgame_seed1,pgame,1,leg2_weak,ite,2,9,128,1650.591552734375,61,1791.4833984375,97.78741326707573,78.74014335126333,2
pgame_seed1,pgame,1,leg2_weak,ite,2,10,61,1795.2603759765625,61,1791.4833984375,97.78741326707573,78.74014335126333,2
pgame_seed1,pgame,1,leg2_weak,ite,2,11,61,1760.423828125,61,1791.4833984375,97.78741326707573,78.74014335126333,2
pgame_seed1,pgame,1,leg2_weak,ite,2,12,61,1767.544921875,61,1791.4833984375,97.78741326707573,78.74014335126333,2
pgame_seed1,pgame,1,leg2_weak,ite,2,13,61,1766.238037109375,61,1791.4833984375,97.78741326707573,78.74014335126333,2
pgame_seed1,pgame,1,leg2_weak,ite,2,14,61,1826.3980712890625,61,1791.4833984375,97.78741326707573,78.74014335126333,2
pgame_seed1,pgame,1,leg2_weak,ite,2,15,61,1801.9219970703125,61,1791.4833984375,97.78741326707573,78.74014335126333,2
pgame_seed1,pgame,1,leg2_weak,ite,2,16,61,1771.8525390625,61,1791.4833984375,97.78741326707573,78.74014335126333,2
pgame_seed1,pgame,1,leg2_weak,ite,2,17,61,1764.17724609375,61,1791.4833984375,97.78741326707573,78.74014335126333,2
pgame_seed1,pgame,1,leg2_weak,ite,2,18,61,1720.706298828125,61,1791.4833984375,97.78741326707573,78.74014335126333,2
pgame_seed1,pgame,1,leg2_weak,ite,2,19,61,1790.36669921875,61,1791.4833984375,97.78741326707573,78.74014335126333,2
pgame_seed1,pgame,1,leg2_weak,ite,2,20,61,1723.605224609375,61,1791.4833984375,97.78741326707573,78.74014335126333,2
pgame_seed1,pgame,1,leg2_weak,ite,3,1,578,1739.695068359375,578,1753.3851318359375,92.70333119197674,74.64635113375645,2
pgame_seed1,pgame,1,leg2_weak,ite,3,2,243,1795.1083984375,243,1791.198974609375,97.74945788969796,78.70958101449801,2
pgame_seed1,pgame,1,leg2_weak,ite,3,3,243,1825.2989501953125,243,1791.198974609375,97.74945788969796,78.70958101449801,2
pgame_seed1,pgame,1,leg2_weak,ite,3,4,243,1709.9951171875,243,1791.198974609375,97.74945788969796,78.70958101449801,2
pgame_seed1,pgame,1,leg2_weak,ite,3,5,243,1780.9051513671875,243,1791.198974609375,97.74945788969796,78.70958101449801,2
pgame_seed1,pgame,1,leg2_weak,ite,3,6,243,1794.447265625,243,1791.198974609375,97.74945788969796,78.70958101449801,2
pgame_seed1,pgame,1,leg2_weak,ite,3,7,243,1744.1529541015625,243,1791.198974609375,97.74945788969796,78.70958101449801,2
pgame_seed1,pgame,1,leg2_weak,ite,3,8,243,1757.053955078125,243,1791.198974609375,97.74945788969796,78.70958101449801,2
pgame_seed1,pgame,1,leg2_weak,ite,3,9,61,1823.072998046875,243,1791.198974609375,97.74945788969796,78.70958101449801,2
pgame_seed1,pgame,1,leg2_weak,ite,3,10,61,1815.3514404296875,243,1791.198974609375,97.74945788969796,78.70958101449801,2
pgame_seed1,pgame,1,leg2_weak,ite,3,11,61,1811.6138916015625,243,1791.198974609375,97.74945788969796,78.70958101449801,2
pgame_seed1,pgame,1,leg2_weak,ite,3,12,61,1782.3861083984375,243,1791.198974609375,97.74945788969796,78.70958101449801,2
pgame_seed1,pgame,1,leg2_weak,ite,3,13,61,1797.81298828125,243,1791.198974609375,97.74945788969796,78.70958101449801,2
pgame_seed1,pgame,1,leg2_weak,ite,3,14,61,1689.434814453125,243,1791.198974609375,97.74945788969796,78.70958101449801,2
pgame_seed1,pgame,1,leg2_weak,ite,3,15,61,1780.12060546875,243,1791.198974609375,97.74945788969796,78.70958101449801,2
pgame_seed1,pgame,1,leg2_weak,ite,3,16,61,1794.583740234375,243,1791.198974609375,97.74945788969796,78.70958101449801,2
pgame_seed1,pgame,1,leg2_weak,ite,3,17,61,1868.5621337890625,61,1791.4833984375,97.78741326707573,78.74014335126333,2
pgame_seed1,pgame,1,leg2_weak,ite,3,18,61,1845.688720703125,61,1791.4833984375,97.78741326707573,78.74014335126333,2
pgame_seed1,pgame,1,leg2_weak,ite,3,19,61,1817.560546875,61,1791.4833984375,97.78741326707573,78.74014335126333,2
pgame_seed1,pgame,1,leg2_weak,ite,3,20,61,1796.52880859375,61,1791.4833984375,97.78741326707573,78.74014335126333,2
pgame_seed1,pgame,1,leg2_weak,ite,4,1,578,1739.36669921875,578,1753.3851318359375,92.70333119197674,74.64635113375645,2
pgame_seed1,pgame,1,leg2_weak,ite,4,2,243,1758.30810546875,243,1791.198974609375,97.74945788969796,78.70958101449801,2
pgame_seed1,pgame,1,leg2_weak,ite,4,3,61,1814.084716796875,61,1791.4833984375,97.78741326707573,78.74014335126333,2
pgame_seed1,pgame,1,leg2_weak,ite,4,4,61,1843.413818359375,61,1791.4833984375,97.78741326707573,78.74014335126333,2
pgame_seed1,pgame,1,leg2_weak,ite,4,5,61,1721.733642578125,61,1791.4833984375,97.78741326707573,78.74014335126333,2
pgame_seed1,pgame,1,leg2_weak,ite,4,6,61,1720.626220703125,61,1791.4833984375,97.78741326707573,78.74014335126333,2
pgame_seed1,pgame,1,leg2_weak,ite,4,7,61,1813.556640625,61,1791.4833984375,97.78741326707573,78.74014335126333,2
pgame_seed1,pgame,1,leg2_weak,ite,4,8,61,1836.3953857421875,61,1791.4833984375,97.78741326707573,78.74014335126333,2
pgame_seed1,pgame,1,leg2_weak,ite,4,9,61,1658.3460693359375,61,1791.4833984375,97.78741326707573,78.74014335126333,2
pgame_seed1,pgame,1,leg2_weak,ite,4,10,61,1639.291259765625,61,1791.4833984375,97.78741326707573,78.74014335126333,2
pgame_seed1,pgame,1,leg2_weak,ite,4,11,243,1810.9090576171875,61,1791.4833984375,97.78741326707573,78.74014335126333,2
pgame_seed1,pgame,1,leg2_weak,ite,4,12,243,1728.408447265625,61,1791.4833984375,97.78741326707573,78.74014335126333,2
pgame_seed1,pgame,1,leg2_weak,ite,4,13,243,1759.111328125,61,1791.4833984375,97.78741326707573,78.74014335126333,2
pgame_seed1,pgame,1,leg2_weak,ite,4,14,243,1763.7626953125,61,1791.4833984375,97.78741326707573,78.74014335126333,2
pgame_seed1,pgame,1,leg2_weak,ite,4,15,243,1725.320068359375,61,1791.4833984375,97.78741326707573,78.74014335126333,2
pgame_seed1,pgame,1,leg2_weak,ite,4,16,243,1779.1722412109375,61,1791.4833984375,97.78741326707573,78.74014335126333,2
pgame_seed1,pgame,1,leg2_weak,ite,4,17,243,1749.54931640625,61,1791.4833984375,97.78741326707573,78.74014335126333,2
pgame_seed1,pgame,1,leg2_weak,ite,4,18,243,1778.11181640625,61,1791.4833984375,97.78741326707573,78.74014335126333,2
pgame_seed1,pgame,1,leg2_weak,ite,4,19,243,1785.709228515625,61,1791.4833984375,97.78741326707573,78.74014335126333,2
pgame_seed1,pgame,1,leg2_weak,ite,4,20,243,1703.406982421875,61,1791.4833984375,97.78741326707573,78.74014335126333,2
pgame_seed1,pgame,1,leg3_weak,ite,0,1,578,1750.197998046875,578,1771.1859130859375,92.29764060123944,76.55910744125218,2
pgame_seed1,pgame,1,leg3_weak,ite,0,2,243,1617.9053955078125,578,1771.1859130859375,92.29764060123944,76.55910744125218,2
pgame_seed1,pgame,1,leg3_weak,ite,0,3,128,1764.5135498046875,128,1737.7420654296875,87.96522058477962,72.96544884542969,2
pgame_seed1,pgame,1,leg3_weak,ite,0,4,61,1695.506591796875,128,1737.7420654296875,87.96522058477962,72.96544884542969,2
pgame_seed1,pgame,1,leg3_weak,ite,0,5,578,1692.190185546875,128,1737.7420654296875,87.96522058477962,72.96544884542969,2
pgame_seed1,pgame,1,leg3_weak,ite,0,6,128,1695.5557861328125,128,1737.7420654296875,87.96522058477962,72.96544884542969,2
pgame_seed1,pgame,1,leg3_weak,ite,0,7,128,1659.9749755859375,128,1737.7420654296875,87.96522058477962,72.96544884542969,2
pgame_seed1,pgame,1,leg3_weak,ite,0,8,578,1800.239501953125,578,1771.1859130859375,92.29764060123944,76.55910744125218,2
pgame_seed1,pgame,1,leg3_weak,ite,0,9,578,1722.8203125,578,1771.1859130859375,92.29764060123944,76.55910744125218,2
pgame_seed1,pgame,1,leg3_weak,ite,0,10,578,1772.1998291015625,578,1771.1859130859375,92.29764060123944,76.55910744125218,2
pgame_seed1,pgame,1,leg3_weak,ite,0,11,578,1671.2855224609375,578,1771.1859130859375,92.29764060123944,76.55910744125218,2
pgame_seed1,pgame,1,leg3_weak,ite,0,12,578,1722.9033203125,578,1771.1859130859375,92.29764060123944,76.55910744125218,2
pgame_seed1,pgame,1,leg3_weak,ite,0,13,578,1756.42724609375,578,1771.1859130859375,92.29764060123944,76.55910744125218,2
pgame_seed1,pgame,1,leg3_weak,ite,0,14,578,1699.258544921875,578,1771.1859130859375,92.29764060123944,76.55910744125218,2
pgame_seed1,pgame,1,leg3_weak,ite,0,15,578,1777.857177734375,578,1771.1859130859375,92.29764060123944,76.55910744125218,2
pgame_seed1,pgame,1,leg3_weak,ite,0,16,578,1768.186279296875,578,1771.1859130859375,92.29764060123944,76.55910744125218,2
pgame_seed1,pgame,1,leg3_weak,ite,0,17,578,1766.851806640625,578,1771.1859130859375,92.29764060123944,76.55910744125218,2
pgame_seed1,pgame,1,leg3_weak,ite,0,18,578,1746.363525390625,578,1771.1859130859375,92.29764060123944,76.55910744125218,2
pgame_seed1,pgame,1,leg3_weak,ite,0,19,578,1779.31884765625,578,1771.1859130859375,92.29764060123944,76.55910744125218,2
pgame_seed1,pgame,1,leg3_weak,ite,0,20,578,1695.269775390625,578,1771.1859130859375,92.29764060123944,76.55910744125218,2
pgame_seed1,pgame,1,leg3_weak,ite,1,1,578,1735.7332763671875,578,1771.1859130859375,92.29764060123944,76.55910744125218,2
pgame_seed1,pgame,1,leg3_weak,ite,1,2,243,1689.79541015625,578,1771.1859130859375,92.29764060123944,76.55910744125218,2
pgame_seed1,pgame,1,leg3_weak,ite,1,3,61,1799.6644287109375,61,1771.1298828125,92.29038226539652,76.55308679207823,2
pgame_seed1,pgame,1,leg3_weak,ite,1,4,61,1631.909912109375,61,1771.1298828125,92.29038226539652,76.55308679207823,2
pgame_seed1,pgame,1,leg3_weak,ite,1,5,578,1742.3546142578125,61,1771.1298828125,92.29038226539652,76.55308679207823,2
pgame_seed1,pgame,1,leg3_weak,ite,1,6,578,1679.617919921875,61,1771.1298828125,92.29038226539652,76.55308679207823,2
pgame_seed1,pgame,1,leg3_weak,ite,1,7,578,1709.14208984375,61,1771.1298828125,92.29038226539652,76.55308679207823,2
pgame_seed1,pgame,1,leg3_weak,ite,1,8,128,1764.703125,61,1771.1298828125,92.29038226539652,76.55308679207823,2
pgame_seed1,pgame,1,leg3_weak,ite,1,9,128,1770.935791015625,61,1771.1298828125,92.29038226539652,76.55308679207823,2
pgame_seed1,pgame,1,leg3_weak,ite,1,10,128,1741.2587890625,61,1771.1298828125,92.29038226539652,76.55308679207823,2
pgame_seed1,pgame,1,leg3_weak,ite,1,11,128,1692.817626953125,61,1771.1298828125,92.29038226539652,76.55308679207823,2
pgame_seed1,pgame,1,leg3_weak,ite,1,12,128,1696.738037109375,61,1771.1298828125,92.29038226539652,76.55308679207823,2
pgame_seed1,pgame,1,leg3_weak,ite,1,13,128,1763.36279296875,61,1771.1298828125,92.29038226539652,76.55308679207823,2
pgame_seed1,pgame,1,leg3_weak,ite,1,14,128,1767.559814453125,61,1771.1298828125,92.29038226539652,76.55308679207823,2
pgame_seed1,pgame,1,leg3_weak,ite,1,15,128,1774.1595458984375,61,1771.1298828125,92.29038226539652,76.55308679207823,2
pgame_seed1,pgame,1,leg3_weak,ite,1,16,128,1755.136962890625,61,1771.1298828125,92.29038226539652,76.55308679207823,2
pgame_seed1,pgame,1,leg3_weak,ite,1,17,128,1775.7208251953125,61,1771.1298828125,92.29038226539652,76.55308679207823,2
pgame_seed1,pgame,1,leg3_weak,ite,1,18,128,1739.5482177734375,61,1771.1298828125,92.29038226539652,76.55308679207823,2
pgame_seed1,pgame,1,leg3_weak,ite,1,19,128,1780.546142578125,61,1771.1298828125,92.29038226539652,76.55308679207823,2
pgame_seed1,pgame,1,leg3_weak,ite,1,20,128,1735.2847900390625,61,1771.1298828125,92.29038226539652,76.55308679207823,2
pgame_seed1,pgame,1,leg3_weak,ite,2,1,578,1727.394775390625,578,1771.1859130859375,92.29764060123944,76.55910744125218,2
pgame_seed1,pgame,1,leg3_weak,ite,2,2,243,1705.3822021484375,578,1771.1859130859375,92.29764060123944,76.55910744125218,2
pgame_seed1,pgame,1,leg3_weak,ite,2,3,61,1747.583251953125,61,1771.1298828125,92.29038226539652,76.55308679207823,2
pgame_seed1,pgame,1,leg3_weak,ite,2,4,128,1783.34619140625,128,1737.7420654296875,87.96522058477962,72.96544884542969,2
pgame_seed1,pgame,1,leg3_weak,ite,2,5,128,1752.253173828125,128,1737.7420654296875,87.96522058477962,72.96544884542969,2
pgame_seed1,pgame,1,leg3_weak,ite,2,6,128,1799.382568359375,128,1737.7420654296875,87.96522058477962,72.96544884542969,2
pgame_seed1,pgame,1,leg3_weak,ite,2,7,128,1715.2200927734375,128,1737.7420654296875,87.96522058477962,72.96544884542969,2
pgame_seed1,pgame,1,leg3_weak,ite,2,8,128,1734.595703125,128,1737.7420654296875,87.96522058477962,72.96544884542969,2
pgame_seed1,pgame,1,leg3_weak,ite,2,9,128,1717.809814453125,128,1737.7420654296875,87.96522058477962,72.96544884542969,2
pgame_seed1,pgame,1,leg3_weak,ite,2,10,128,1745.1331787109375,128,1737.7420654296875,87.96522058477962,72.96544884542969,2
pgame_seed1,pgame,1,leg3_weak,ite,2,11,128,1757.4541015625,128,1737.7420654296875,87.96522058477962,72.96544884542969,2
pgame_seed1,pgame,1,leg3_weak,ite,2,12,128,1769.8787841796875,128,1737.7420654296875,87.96522058477962,72.96544884542969,2
pgame_seed1,pgame,1,leg3_weak,ite,2,13,128,1776.7640380859375,128,1737.7420654296875,87.96522058477962,72.96544884542969,2
pgame_seed1,pgame,1,leg3_weak,ite,2,14,128,1774.2052001953125,128,1737.7420654296875,87.96522058477962,72.96544884542969,2
pgame_seed1,pgame,1,leg3_weak,ite,2,15,128,1771.81298828125,128,1737.7420654296875,87.96522058477962,72.96544884542969,2
pgame_seed1,pgame,1,leg3_weak,ite,2,16,128,1709.864990234375,128,1737.7420654296875,87.96522058477962,72.96544884542969,2
pgame_seed1,pgame,1,leg3_weak,ite,2,17,128,1785.832275390625,128,1737.7420654296875,87.96522058477962,72.96544884542969,2
pgame_seed1,pgame,1,leg3_weak,ite,2,18,128,1706.326171875,128,1737.7420654296875,87.96522058477962,72.96544884542969,2
pgame_seed1,pgame,1,leg3_weak,ite,2,19,128,1813.686279296875,128,1737.7420654296875,87.96522058477962,72.96544884542969,2
pgame_seed1,pgame,1,leg3_weak,ite,2,20,128,1759.59765625,128,1737.7420654296875,87.96522058477962,72.96544884542969,2
pgame_seed1,pgame,1,leg3_weak,ite,3,1,578,1756.31103515625,578,1771.1859130859375,92.29764060123944,76.55910744125218,2
pgame_seed1,pgame,1,leg3_weak,ite,3,2,243,1663.980712890625,578,1771.1859130859375,92.29764060123944,76.55910744125218,2
pgame_seed1,pgame,1,leg3_weak,ite,3,3,61,1727.5941162109375,578,1771.1859130859375,92.29764060123944,76.55910744125218,2
pgame_seed1,pgame,1,leg3_weak,ite,3,4,578,1748.460693359375,578,1771.1859130859375,92.29764060123944,76.55910744125218,2
pgame_seed1,pgame,1,leg3_weak,ite,3,5,578,1739.871337890625,578,1771.1859130859375,92.29764060123944,76.55910744125218,2
pgame_seed1,pgame,1,leg3_weak,ite,3,6,578,1712.683837890625,578,1771.1859130859375,92.29764060123944,76.55910744125218,2
pgame_seed1,pgame,1,leg3_weak,ite,3,7,578,1815.614013671875,578,1771.1859130859375,92.29764060123944,76.55910744125218,2
pgame_seed1,pgame,1,leg3_weak,ite,3,8,578,1812.119384765625,578,1771.1859130859375,92.29764060123944,76.55910744125218,2
pgame_seed1,pgame,1,leg3_weak,ite,3,9,578,1766.201904296875,578,1771.1859130859375,92.29764060123944,76.55910744125218,2
pgame_seed1,pgame,1,leg3_weak,ite,3,10,578,1659.397216796875,578,1771.1859130859375,92.29764060123944,76.55910744125218,2
pgame_seed1,pgame,1,leg3_weak,ite,3,11,578,1773.7774658203125,578,1771.1859130859375,92.29764060123944,76.55910744125218,2
pgame_seed1,pgame,1,leg3_weak,ite,3,12,578,1649.452392578125,578,1771.1859130859375,92.29764060123944,76.55910744125218,2
pgame_seed1,pgame,1,leg3_weak,ite,3,13,578,1764.810791015625,578,1771.1859130859375,92.29764060123944,76.55910744125218,2
pgame_seed1,pgame,1,leg3_weak,ite,3,14,578,1788.810791015625,578,1771.1859130859375,92.29764060123944,76.55910744125218,2
pgame_seed1,pgame,1,leg3_weak,ite,3,15,578,1804.109375,578,1771.1859130859375,92.29764060123944,76.55910744125218,2
pgame_seed1,pgame,1,leg3_weak,ite,3,16,578,1798.0150146484375,578,1771.1859130859375,92.29764060123944,76.55910744125218,2
pgame_seed1,pgame,1,leg3_weak,ite,3,17,578,1762.19873046875,578,1771.1859130859375,92.29764060123944,76.55910744125218,2
pgame_seed1,pgame,1,leg3_weak,ite,3,18,578,1634.0135498046875,578,1771.1859130859375,92.29764060123944,76.55910744125218,2
pgame_seed1,pgame,1,leg3_weak,ite,3,19,578,1788.137451171875,578,1771.1859130859375,92.29764060123944,76.55910744125218,2
pgame_seed1,pgame,1,leg3_weak,ite,3,20,578,1662.0126953125,578,1771.1859130859375,92.29764060123944,76.55910744125218,2
pgame_seed1,pgame,1,leg3_weak,ite,4,1,578,1756.831787109375,578,1771.1859130859375,92.29764060123944,76.55910744125218,2
pgame_seed1,pgame,1,leg3_weak,ite,4,2,243,1672.4185791015625,578,1771.1859130859375,92.29764060123944,76.55910744125218,2
pgame_seed1,pgame,1,leg3_weak,ite,4,3,61,1700.517822265625,578,1771.1859130859375,92.29764060123944,76.55910744125218,2
pgame_seed1,pgame,1,leg3_weak,ite,4,4,578,1757.8370361328125,578,1771.1859130859375,92.29764060123944,76.55910744125218,2
pgame_seed1,pgame,1,leg3_weak,ite,4,5,578,1789.704345703125,578,1771.1859130859375,92.29764060123944,76.55910744125218,2
pgame_seed1,pgame,1,leg3_weak,ite,4,6,578,1776.6732177734375,578,1771.1859130859375,92.29764060123944,76.55910744125218,2
pgame_seed1,pgame,1,leg3_weak,ite,4,7,578,1751.58642578125,578,1771.1859130859375,92.29764060123944,76.55910744125218,2
pgame_seed1,pgame,1,leg3_weak,ite,4,8,578,1765.329833984375,578,1771.1859130859375,92.29764060123944,76.55910744125218,2
pgame_seed1,pgame,1,leg3_weak,ite,4,9,578,1803.4364013671875,578,1771.1859130859375,92.29764060123944,76.55910744125218,2
pgame_seed1,pgame,1,leg3_weak,ite,4,10,578,1786.504638671875,578,1771.1859130859375,92.29764060123944,76.55910744125218,2
pgame_seed1,pgame,1,leg3_weak,ite,4,11,578,1808.852783203125,578,1771.1859130859375,92.29764060123944,76.55910744125218,2
pgame_seed1,pgame,1,leg3_weak,ite,4,12,578,1785.2197265625,578,1771.1859130859375,92.29764060123944,76.55910744125218,2
pgame_seed1,pgame,1,leg3_weak,ite,4,13,578,1739.664794921875,578,1771.1859130859375,92.29764060123944,76.55910744125218,2
pgame_seed1,pgame,1,leg3_weak,ite,4,14,578,1811.359130859375,578,1771.1859130859375,92.29764060123944,76.55910744125218,2
pgame_seed1,pgame,1,leg3_weak,ite,4,15,578,1708.4580078125,578,1771.1859130859375,92.29764060123944,76.55910744125218,2
pgame_seed1,pgame,1,leg3_weak,ite,4,16,578,1719.741943359375,578,1771.1859130859375,92.29764060123944,76.55910744125218,2
pgame_seed1,pgame,1,leg3_weak,ite,4,17,578,1806.780029296875,578,1771.1859130859375,92.29764060123944,76.55910744125218,2
pgame_seed1,pgame,1,leg3_weak,ite,4,18,578,1827.04443359375,578,1771.1859130859375,92.29764060123944,76.55910744125218,2
pgame_seed1,pgame,1,leg3_weak,ite,4,19,578,1714.3614501953125,578,1771.1859130859375,92.29764060123944,76.55910744125218,2
pgame_seed1,pgame,1,leg3_weak,ite,4,20,578,1685.326171875,578,1771.1859130859375,92.29764060123944,76.55910744125218,2
pgame_seed1,pgame,1,leg4_weak,ite,0,1,578,1609.7373046875,578,1615.327880859375,74.09616693702637,59.81161585487984,2
pgame_seed1,pgame,1,leg4_weak,ite,0,2,243,1795.26953125,243,1809.83740234375,99.98852783080001,80.7123453713,2
pgame_seed1,pgame,1,leg4_weak,ite,0,3,243,1773.84765625,243,1809.83740234375,99.98852783080001,80.7123453713,2
pgame_seed1,pgame,1,leg4_weak,ite,0,4,243,1776.9765625,243,1809.83740234375,99.98852783080001,80.7123453713,2
pgame_seed1,pgame,1,leg4_weak,ite,0,5,243,1843.952880859375,243,1809.83740234375,99.98852783080001,80.7123453713,2
pgame_seed1,pgame,1,leg4_weak,ite,0,6,243,1878.719970703125,243,1809.83740234375,99.98852783080001,80.7123453713,2
pgame_seed1,pgame,1,leg4_weak,ite,0,7,243,1818.15234375,243,1809.83740234375,99.98852783080001,80.7123453713,2
pgame_seed1,pgame,1,leg4_weak,ite,0,8,243,1808.402587890625,243,1809.83740234375,99.98852783080001,80.7123453713,2
pgame_seed1,pgame,1,leg4_weak,ite,0,9,243,1814.8328857421875,243,1809.83740234375,99.98852783080001,80.7123453713,2
pgame_seed1,pgame,1,leg4_weak,ite,0,10,243,1839.8165283203125,243,1809.83740234375,99.98852783080001,80.7123453713,2
pgame_seed1,pgame,1,leg4_weak,ite,0,11,243,1819.141357421875,243,1809.83740234375,99.98852783080001,80.7123453713,2
pgame_seed1,pgame,1,leg4_weak,ite,0,12,243,1789.7490234375,243,1809.83740234375,99.98852783080001,80.7123453713,2
pgame_seed1,pgame,1,leg4_weak,ite,0,13,243,1804.216064453125,243,1809.83740234375,99.98852783080001,80.7123453713,2
pgame_seed1,pgame,1,leg4_weak,ite,0,14,243,1785.837158203125,243,1809.83740234375,99.98852783080001,80.7123453713,2
pgame_seed1,pgame,1,leg4_weak,ite,0,15,243,1775.8377685546875,243,1809.83740234375,99.98852783080001,80.7123453713,2
pgame_seed1,pgame,1,leg4_weak,ite,0,16,243,1841.9249267578125,243,1809.83740234375,99.98852783080001,80.7123453713,2
pgame_seed1,pgame,1,leg4_weak,ite,0,17,243,1784.9140625,243,1809.83740234375,99.98852783080001,80.7123453713,2
pgame_seed1,pgame,1,leg4_weak,ite,0,18,243,1833.9007568359375,243,1809.83740234375,99.98852783080001,80.7123453713,2
pgame_seed1,pgame,1,leg4_weak,ite,0,19,243,1453.62841796875,243,1809.83740234375,99.98852783080001,80.7123453713,2
pgame_seed1,pgame,1,leg4_weak,ite,0,20,243,1828.23095703125,243,1809.83740234375,99.98852783080001,80.7123453713,2
pgame_seed1,pgame,1,leg4_weak,ite,1,1,578,1592.0782470703125,578,1615.327880859375,74.09616693702637,59.81161585487984,2
pgame_seed1,pgame,1,leg4_weak,ite,1,2,243,1749.096923828125,243,1809.83740234375,99.98852783080001,80.7123453713,2
pgame_seed1,pgame,1,leg4_weak,ite,1,3,243,1802.568603515625,243,1809.83740234375,99.98852783080001,80.7123453713,2
pgame_seed1,pgame,1,leg4_weak,ite,1,4,243,1859.05908203125,243,1809.83740234375,99.98852783080001,80.7123453713,2
pgame_seed1,pgame,1,leg4_weak,ite,1,5,243,1834.6566162109375,243,1809.83740234375,99.98852783080001,80.7123453713,2
pgame_seed1,pgame,1,leg4_weak,ite,1,6,243,1808.114501953125,243,1809.83740234375,99.98852783080001,80.7123453713,2
pgame_seed1,pgame,1,leg4_weak,ite,1,7,243,1791.350830078125,243,1809.83740234375,99.98852783080001,80.7123453713,2
pgame_seed1,pgame,1,leg4_weak,ite,1,8,243,1813.327392578125,243,1809.83740234375,99.98852783080001,80.7123453713,2
pgame_seed1,pgame,1,leg4_weak,ite,1,9,243,1620.6180419921875,243,1809.83740234375,99.98852783080001,80.7123453713,2
pgame_seed1,pgame,1,leg4_weak,ite,1,10,243,1741.934326171875,243,1809.83740234375,99.98852783080001,80.7123453713,2
pgame_seed1,pgame,1,leg4_weak,ite,1,11,243,1807.423583984375,243,1809.83740234375,99.98852783080001,80.7123453713,2
pgame_seed1,pgame,1,leg4_weak,ite,1,12,243,1846.25390625,243,1809.83740234375,99.98852783080001,80.7123453713,2
pgame_seed1,pgame,1,leg4_weak,ite,1,13,243,1802.6962890625,243,1809.83740234375,99.98852783080001,80.7123453713,2
pgame_seed1,pgame,1,leg4_weak,ite,1,14,243,1826.4456787109375,243,1809.83740234375,99.98852783080001,80.7123453713,2
pgame_seed1,pgame,1,leg4_weak,ite,1,15,243,1770.003662109375,243,1809.83740234375,99.98852783080001,80.7123453713,2
pgame_seed1,pgame,1,leg4_weak,ite,1,16,243,1789.2454833984375,243,1809.83740234375,99.98852783080001,80.7123453713,2
pgame_seed1,pgame,1,leg4_weak,ite,1,17,243,1827.9110107421875,243,1809.83740234375,99.98852783080001,80.7123453713,2
pgame_seed1,pgame,1,leg4_weak,ite,1,18,243,1763.6121826171875,243,1809.83740234375,99.98852783080001,80.7123453713,2
pgame_seed1,pgame,1,leg4_weak,ite,1,19,243,1774.09765625,243,1809.83740234375,99.98852783080001,80.7123453713,2
pgame_seed1,pgame,1,leg4_weak,ite,1,20,243,1830.0146484375,243,1809.83740234375,99.98852783080001,80.7123453713,2
pgame_seed1,pgame,1,leg4_weak,ite,2,1,578,1580.779296875,578,1615.327880859375,74.09616693702637,59.81161585487984,2
pgame_seed1,pgame,1,leg4_weak,ite,2,2,243,1840.64111328125,243,1809.83740234375,99.98852783080001,80.7123453713,2
pgame_seed1,pgame,1,leg4_weak,ite,2,3,243,1788.2471923828125,243,1809.83740234375,99.98852783080001,80.7123453713,2
pgame_seed1,pgame,1,leg4_weak,ite,2,4,243,1837.8270263671875,243,1809.83740234375,99.98852783080001,80.7123453713,2
pgame_seed1,pgame,1,leg4_weak,ite,2,5,243,1673.623291015625,243,1809.83740234375,99.98852783080001,80.7123453713,2
pgame_seed1,pgame,1,leg4_weak,ite,2,6,243,1818.8934326171875,243,1809.83740234375,99.98852783080001,80.7123453713,2
pgame_seed1,pgame,1,leg4_weak,ite,2,7,243,1784.42724609375,243,1809.83740234375,99.98852783080001,80.7123453713,2
pgame_seed1,pgame,1,leg4_weak,ite,2,8,243,1720.44677734375,243,1809.83740234375,99.98852783080001,80.7123453713,2
pgame_seed1,pgame,1,leg4_weak,ite,2,9,243,1809.00390625,243,1809.83740234375,99.98852783080001,80.7123453713,2
pgame_seed1,pgame,1,leg4_weak,ite,2,10,243,1763.828369140625,243,1809.83740234375,99.98852783080001,80.7123453713,2
pgame_seed1,pgame,1,leg4_weak,ite,2,11,243,1807.28857421875,243,1809.83740234375,99.98852783080001,80.7123453713,2
pgame_seed1,pgame,1,leg4_weak,ite,2,12,243,1811.832275390625,243,1809.83740234375,99.98852783080001,80.7123453713,2
pgame_seed1,pgame,1,leg4_weak,ite,2,13,243,1860.4449462890625,243,1809.83740234375,99.98852783080001,80.7123453713,2
pgame_seed1,pgame,1,leg4_weak,ite,2,14,243,1794.428955078125,243,1809.83740234375,99.98852783080001,80.7123453713,2
pgame_seed1,pgame,1,leg4_weak,ite,2,15,243,1804.2490234375,243,1809.83740234375,99.98852783080001,80.7123453713,2
pgame_seed1,pgame,1,leg4_weak,ite,2,16,243,1803.27001953125,243,1809.83740234375,99.98852783080001,80.7123453713,2
pgame_seed1,pgame,1,leg4_weak,ite,2,17,243,1772.5234375,243,1809.83740234375,99.98852783080001,80.7123453713,2
pgame_seed1,pgame,1,leg4_weak,ite,2,18,243,1826.6746826171875,243,1809.83740234375,99.98852783080001,80.7123453713,2
pgame_seed1,pgame,1,leg4_weak,ite,2,19,243,1818.078125,243,1809.83740234375,99.98852783080001,80.7123453713,2
pgame_seed1,pgame,1,leg4_weak,ite,2,20,243,1769.789794921875,243,1809.83740234375,99.98852783080001,80.7123453713,2
pgame_seed1,pgame,1,leg4_weak,ite,3,1,578,1596.958251953125,578,1615.327880859375,74.09616693702637,59.81161585487984,2
pgame_seed1,pgame,1,leg4_weak,ite,3,2,243,1811.80908203125,243,1809.83740234375,99.98852783080001,80.7123453713,2
pgame_seed1,pgame,1,leg4_weak,ite,3,3,243,1805.791748046875,243,1809.83740234375,99.98852783080001,80.7123453713,2
pgame_seed1,pgame,1,leg4_weak,ite,3,4,243,1790.717041015625,243,1809.83740234375,99.98852783080001,80.7123453713,2
pgame_seed1,pgame,1,leg4_weak,ite,3,5,243,1823.423583984375,243,1809.83740234375,99.98852783080001,80.7123453713,2
pgame_seed1,pgame,1,leg4_weak,ite,3,6,243,1802.9739990234375,243,1809.83740234375,99.98852783080001,80.7123453713,2
pgame_seed1,pgame,1,leg4_weak,ite,3,7,243,1844.3118896484375,243,1809.83740234375,99.98852783080001,80.7123453713,2
pgame_seed1,pgame,1,leg4_weak,ite,3,8,243,1807.984130859375,243,1809.83740234375,99.98852783080001,80.7123453713,2
pgame_seed1,pgame,1,leg4_weak,ite,3,9,243,1556.8116455078125,243,1809.83740234375,99.98852783080001,80.7123453713,2
pgame_seed1,pgame,1,leg4_weak,ite,3,10,243,1768.0556640625,243,1809.83740234375,99.98852783080001,80.7123453713,2
pgame_seed1,pgame,1,leg4_weak,ite,3,11,243,1778.82470703125,243,1809.83740234375,99.98852783080001,80.7123453713,2
pgame_seed1,pgame,1,leg4_weak,ite,3,12,243,1629.33154296875,243,1809.83740234375,99.98852783080001,80.7123453713,2
pgame_seed1,pgame,1,leg4_weak,ite,3,13,243,1793.871337890625,243,1809.83740234375,99.98852783080001,80.7123453713,2
pgame_seed1,pgame,1,leg4_weak,ite,3,14,243,1762.984619140625,243,1809.83740234375,99.98852783080001,80.7123453713,2
pgame_seed1,pgame,1,leg4_weak,ite,3,15,243,1790.790283203125,243,1809.83740234375,99.98852783080001,80.7123453713,2
pgame_seed1,pgame,1,leg4_weak,ite,3,16,243,1807.703125,243,1809.83740234375,99.98852783080001,80.7123453713,2
pgame_seed1,pgame,1,leg4_weak,ite,3,17,243,1822.60498046875,243,1809.83740234375,99.98852783080001,80.7123453713,2
pgame_seed1,pgame,1,leg4_weak,ite,3,18,243,1593.4013671875,243,1809.83740234375,99.98852783080001,80.7123453713,2
pgame_seed1,pgame,1,leg4_weak,ite,3,19,243,1727.996826171875,243,1809.83740234375,99.98852783080001,80.7123453713,2
pgame_seed1,pgame,1,leg4_weak,ite,3,20,243,1813.205078125,243,1809.83740234375,99.98852783080001,80.7123453713,2
pgame_seed1,pgame,1,leg4_weak,ite,4,1,578,1591.37353515625,578,1615.327880859375,74.09616693702637,59.81161585487984,2
pgame_seed1,pgame,1,leg4_weak,ite,4,2,243,1806.491943359375,243,1809.83740234375,99.98852783080001,80.7123453713,2
pgame_seed1,pgame,1,leg4_weak,ite,4,3,243,1854.16455078125,243,1809.83740234375,99.98852783080001,80.7123453713,2
pgame_seed1,pgame,1,leg4_weak,ite,4,4,243,1853.19384765625,243,1809.83740234375,99.98852783080001,80.7123453713,2
pgame_seed1,pgame,1,leg4_weak,ite,4,5,243,1505.2957763671875,243,1809.83740234375,99.98852783080001,80.7123453713,2
pgame_seed1,pgame,1,leg4_weak,ite,4,6,243,1695.521240234375,243,1809.83740234375,99.98852783080001,80.7123453713,2
pgame_seed1,pgame,1,leg4_weak,ite,4,7,243,1720.8577880859375,243,1809.83740234375,99.98852783080001,80.7123453713,2
pgame_seed1,pgame,1,leg4_weak,ite,4,8,243,1821.7757568359375,243,1809.83740234375,99.98852783080001,80.7123453713,2
pgame_seed1,pgame,1,leg4_weak,ite,4,9,243,1796.0,243,1809.83740234375,99.98852783080001,80.7123453713,2
pgame_seed1,pgame,1,leg4_weak,ite,4,10,243,1828.70068359375,243,1809.83740234375,99.98852783080001,80.7123453713,2
pgame_seed1,pgame,1,leg4_weak,ite,4,11,243,1874.824951171875,243,1809.83740234375,99.98852783080001,80.7123453713,2
pgame_seed1,pgame,1,leg4_weak,ite,4,12,243,1796.3798828125,243,1809.83740234375,99.98852783080001,80.7123453713,2
pgame_seed1,pgame,1,leg4_weak,ite,4,13,243,1817.257080078125,243,1809.83740234375,99.98852783080001,80.7123453713,2
pgame_seed1,pgame,1,leg4_weak,ite,4,14,243,1192.0438232421875,243,1809.83740234375,99.98852783080001,80.7123453713,2
pgame_seed1,pgame,1,leg4_weak,ite,4,15,243,1728.75146484375,243,1809.83740234375,99.98852783080001,80.7123453713,2
pgame_seed1,pgame,1,leg4_weak,ite,4,16,243,1872.948974609375,243,1809.83740234375,99.98852783080001,80.7123453713,2
pgame_seed1,pgame,1,leg4_weak,ite,4,17,243,1786.275634765625,243,1809.83740234375,99.98852783080001,80.7123453713,2
pgame_seed1,pgame,1,leg4_weak,ite,4,18,243,1831.0439453125,243,1809.83740234375,99.98852783080001,80.7123453713,2
pgame_seed1,pgame,1,leg4_weak,ite,4,19,243,1808.132568359375,243,1809.83740234375,99.98852783080001,80.7123453713,2
pgame_seed1,pgame,1,leg4_weak,ite,4,20,243,1653.082275390625,243,1809.83740234375,99.98852783080001,80.7123453713,2
pgame_seed1,pgame,1,legs12_paralysed,ite,0,1,578,1013.10205078125,578,1025.0628662109375,-153.98319992668462,-3.614427867940174,12
pgame_seed1,pgame,1,legs12_paralysed,ite,0,2,276,972.0535888671875,578,1025.0628662109375,-153.98319992668462,-3.614427867940174,12
pgame_seed1,pgame,1,legs12_paralysed,ite,0,3,401,1051.2830810546875,401,1058.377197265625,-1.4777179974922705,-0.034686284696225624,12
pgame_seed1,pgame,1,legs12_paralysed,ite,0,4,714,1081.8125,714,1065.02197265625,28.94056269963484,0.6793181099316974,12
pgame_seed1,pgame,1,legs12_paralysed,ite,0,5,187,1014.9912109375,714,1065.02197265625,28.94056269963484,0.6793181099316974,12
pgame_seed1,pgame,1,legs12_paralysed,ite,0,6,238,1034.6944580078125,714,1065.02197265625,28.94056269963484,0.6793181099316974,12
pgame_seed1,pgame,1,legs12_paralysed,ite,0,7,61,1039.0517578125,714,1065.02197265625,28.94056269963484,0.6793181099316974,12
pgame_seed1,pgame,1,legs12_paralysed,ite,0,8,736,1029.4449462890625,714,1065.02197265625,28.94056269963484,0.6793181099316974,12
pgame_seed1,pgame,1,legs12_paralysed,ite,0,9,540,1046.7841796875,714,1065.02197265625,28.94056269963484,0.6793181099316974,12
pgame_seed1,pgame,1,legs12_paralysed,ite,0,10,205,1009.5363159179688,714,1065.02197265625,28.94056269963484,0.6793181099316974,12
pgame_seed1,pgame,1,legs12_paralysed,ite,0,11,923,1068.378173828125,714,1065.02197265625,28.94056269963484,0.6793181099316974,12
pgame_seed1,pgame,1,legs12_paralysed,ite,0,12,714,1068.444091796875,714,1065.02197265625,28.94056269963484,0.6793181099316974,12
pgame_seed1,pgame,1,legs12_paralysed,ite,0,13,714,1062.892578125,714,1065.02197265625,28.94056269963484,0.6793181099316974,12
pgame_seed1,pgame,1,legs12_paralysed,ite,0,14,243,961.7339477539062,714,1065.02197265625,28.94056269963484,0.6793181099316974,12
pgame_seed1,pgame,1,legs12_paralysed,ite,0,15,714,1051.818115234375,714,1065.02197265625,28.94056269963484,0.6793181099316974,12
pgame_seed1,pgame,1,legs12_paralysed,ite,0,16,923,1057.7554931640625,714,1065.02197265625,28.94056269963484,0.6793181099316974,12
pgame_seed1,pgame,1,legs12_paralysed,ite,0,17,714,1055.211181640625,714,1065.02197265625,28.94056269963484,0.6793181099316974,12
pgame_seed1,pgame,1,legs12_paralysed,ite,0,18,714,1053.515380859375,714,1065.02197265625,28.94056269963484,0.6793181099316974,12
pgame_seed1,pgame,1,legs12_paralysed,ite,0,19,923,1072.066650390625,714,1065.02197265625,28.94056269963484,0.6793181099316974,12
pgame_seed1,pgame,1,legs12_paralysed,ite,0,20,923,1058.017578125,714,1065.02197265625,28.94056269963484,0.6793181099316974,12
pgame_seed1,pgame,1,legs12_paralysed,ite,1,1,578,1003.22119140625,578,1025.0628662109375,-153.98319992668462,-3.614427867940174,15
pgame_seed1,pgame,1,legs12_paralysed,ite,1,2,276,995.0118408203125,578,1025.0628662109375,-153.98319992668462,-3.614427867940174,15
pgame_seed1,pgame,1,legs12_paralysed,ite,1,3,401,1046.4107666015625,401,1058.377197265625,-1.4777179974922705,-0.034686284696225624,15
pgame_seed1,pgame,1,legs12_paralysed,ite,1,4,714,1054.392578125,714,1065.02197265625,28.94056269963484,0.6793181099316974,15
pgame_seed1,pgame,1,legs12_paralysed,ite,1,5,187,1006.2705688476562,714,1065.02197265625,28.94056269963484,0.6793181099316974,15
pgame_seed1,pgame,1,legs12_paralysed,ite,1,6,238,1020.8382568359375,714,1065.02197265625,28.94056269963484,0.6793181099316974,15
pgame_seed1,pgame,1,legs12_paralysed,ite,1,7,61,1042.2388916015625,714,1065.02197265625,28.94056269963484,0.6793181099316974,15
pgame_seed1,pgame,1,legs12_paralysed,ite,1,8,736,1023.7754516601562,714,1065.02197265625,28.94056269963484,0.6793181099316974,15
pgame_seed1,pgame,1,legs12_paralysed,ite,1,9,205,1002.06689453125,714,1065.02197265625,28.94056269963484,0.6793181099316974,15
pgame_seed1,pgame,1,legs12_paralysed,ite,1,10,540,1049.205078125,714,1065.02197265625,28.94056269963484,0.6793181099316974,15
pgame_seed1,pgame,1,legs12_paralysed,ite,1,11,923,1057.83984375,923,1058.7586669921875,0.2685642374807649,0.006303973840943414,15
pgame_seed1,pgame,1,legs12_paralysed,ite,1,12,243,939.5858154296875,923,1058.7586669921875,0.2685642374807649,0.006303973840943414,15
pgame_seed1,pgame,1,legs12_paralysed,ite,1,13,894,1004.2091674804688,923,1058.7586669921875,0.2685642374807649,0.006303973840943414,15
pgame_seed1,pgame,1,legs12_paralysed,ite,1,14,714,1058.1259765625,714,1065.02197265625,28.94056269963484,0.6793181099316974,15
pgame_seed1,pgame,1,legs12_paralysed,ite,1,15,923,1060.884033203125,923,1058.7586669921875,0.2685642374807649,0.006303973840943414,15
pgame_seed1,pgame,1,legs12_paralysed,ite,1,16,923,1061.810546875,923,1058.7586669921875,0.2685642374807649,0.006303973840943414,15
pgame_seed1,pgame,1,legs12_paralysed,ite,1,17,923,1060.252197265625,923,1058.7586669921875,0.2685642374807649,0.006303973840943414,15
pgame_seed1,pgame,1,legs12_paralysed,ite,1,18,923,1057.6434326171875,923,1058.7586669921875,0.2685642374807649,0.006303973840943414,15
pgame_seed1,pgame,1,legs12_paralysed,ite,1,19,923,1057.6002197265625,923,1058.7586669921875,0.2685642374807649,0.006303973840943414,15
pgame_seed1,pgame,1,legs12_paralysed,ite,1,20,923,1059.92041015625,923,1058.7586669921875,0.2685642374807649,0.006303973840943414,15
pgame_seed1,pgame,1,legs12_paralysed,ite,2,1,578,1025.3612060546875,578,1025.0628662109375,-153.98319992668462,-3.614427867940174,14
pgame_seed1,pgame,1,legs12_paralysed,ite,2,2,243,973.4984741210938,578,1025.0628662109375,-153.98319992668462,-3.614427867940174,14
pgame_seed1,pgame,1,legs12_paralysed,ite,2,3,714,1068.029541015625,714,1065.02197265625,28.94056269963484,0.6793181099316974,14
pgame_seed1,pgame,1,legs12_paralysed,ite,2,4,187,1042.9036865234375,714,1065.02197265625,28.94056269963484,0.6793181099316974,14
pgame_seed1,pgame,1,legs12_paralysed,ite,2,5,401,1048.8763427734375,714,1065.02197265625,28.94056269963484,0.6793181099316974,14
pgame_seed1,pgame,1,legs12_paralysed,ite,2,6,238,1044.717529296875,714,1065.02197265625,28.94056269963484,0.6793181099316974,14
pgame_seed1,pgame,1,legs12_paralysed,ite,2,7,61,1031.5552978515625,714,1065.02197265625,28.94056269963484,0.6793181099316974,14
pgame_seed1,pgame,1,legs12_paralysed,ite,2,8,205,1033.1171875,714,1065.02197265625,28.94056269963484,0.6793181099316974,14
pgame_seed1,pgame,1,legs12_paralysed,ite,2,9,540,1025.098388671875,714,1065.02197265625,28.94056269963484,0.6793181099316974,14
pgame_seed1,pgame,1,legs12_paralysed,ite,2,10,894,989.4785766601562,714,1065.02197265625,28.94056269963484,0.6793181099316974,14
pgame_seed1,pgame,1,legs12_paralysed,ite,2,11,923,1060.102783203125,714,1065.02197265625,28.94056269963484,0.6793181099316974,14
pgame_seed1,pgame,1,legs12_paralysed,ite,2,12,736,1035.6627197265625,714,1065.02197265625,28.94056269963484,0.6793181099316974,14
pgame_seed1,pgame,1,legs12_paralysed,ite,2,13,276,970.036376953125,714,1065.02197265625,28.94056269963484,0.6793181099316974,14
pgame_seed1,pgame,1,legs12_paralysed,ite,2,14,714,1053.19482421875,714,1065.02197265625,28.94056269963484,0.6793181099316974,14
pgame_seed1,pgame,1,legs12_paralysed,ite,2,15,714,1066.09619140625,714,1065.02197265625,28.94056269963484,0.6793181099316974,14
pgame_seed1,pgame,1,legs12_paralysed,ite,2,16,714,1078.9378662109375,714,1065.02197265625,28.94056269963484,0.6793181099316974,14
pgame_seed1,pgame,1,legs12_paralysed,ite,2,17,714,1047.8702392578125,714,1065.02197265625,28.94056269963484,0.6793181099316974,14
pgame_seed1,pgame,1,legs12_paralysed,ite,2,18,714,1053.65087890625,714,1065.02197265625,28.94056269963484,0.6793181099316974,14
pgame_seed1,pgame,1,legs12_paralysed,ite,2,19,714,1053.528076171875,714,1065.02197265625,28.94056269963484,0.6793181099316974,14
pgame_seed1,pgame,1,legs12_paralysed,ite,2,20,923,1059.9798583984375,714,1065.02197265625,28.94056269963484,0.6793181099316974,14
pgame_seed1,pgame,1,legs12_paralysed,ite,3,1,578,1026.8358154296875,578,1025.0628662109375,-153.98319992668462,-3.614427867940174,13
pgame_seed1,pgame,1,legs12_paralysed,ite,3,2,243,952.5569458007812,578,1025.0628662109375,-153.98319992668462,-3.614427867940174,13
pgame_seed1,pgame,1,legs12_paralysed,ite,3,3,714,1059.091796875,714,1065.02197265625,28.94056269963484,0.6793181099316974,13
pgame_seed1,pgame,1,legs12_paralysed,ite,3,4,187,1042.55517578125,714,1065.02197265625,28.94056269963484,0.6793181099316974,13
pgame_seed1,pgame,1,legs12_paralysed,ite,3,5,401,1073.2066650390625,401,1058.377197265625,-1.4777179974922705,-0.034686284696225624,13
pgame_seed1,pgame,1,legs12_paralysed,ite,3,6,238,1047.0223388671875,401,1058.377197265625,-1.4777179974922705,-0.034686284696225624,13
pgame_seed1,pgame,1,legs12_paralysed,ite,3,7,61,1052.1910400390625,401,1058.377197265625,-1.4777179974922705,-0.034686284696225624,13
pgame_seed1,pgame,1,legs12_paralysed,ite,3,8,205,1025.2430419921875,401,1058.377197265625,-1.4777179974922705,-0.034686284696225624,13
pgame_seed1,pgame,1,legs12_paralysed,ite,3,9,540,1044.240234375,401,1058.377197265625,-1.4777179974922705,-0.034686284696225624,13
pgame_seed1,pgame,1,legs12_paralysed,ite,3,10,894,1005.3258056640625,401,1058.377197265625,-1.4777179974922705,-0.034686284696225624,13
pgame_seed1,pgame,1,legs12_paralysed,ite,3,11,923,1058.71142578125,401,1058.377197265625,-1.4777179974922705,-0.034686284696225624,13
pgame_seed1,pgame,1,legs12_paralysed,ite,3,12,736,1036.1524658203125,401,1058.377197265625,-1.4777179974922705,-0.034686284696225624,13
pgame_seed1,pgame,1,legs12_paralysed,ite,3,13,401,1050.560302734375,401,1058.377197265625,-1.4777179974922705,-0.034686284696225624,13
pgame_seed1,pgame,1,legs12_paralysed,ite,3,14,61,1023.3427734375,401,1058.377197265625,-1.4777179974922705,-0.034686284696225624,13
pgame_seed1,pgame,1,legs12_paralysed,ite,3,15,276,961.6102294921875,401,1058.377197265625,-1.4777179974922705,-0.034686284696225624,13
pgame_seed1,pgame,1,legs12_paralysed,ite,3,16,401,1043.221923828125,401,1058.377197265625,-1.4777179974922705,-0.034686284696225624,13
pgame_seed1,pgame,1,legs12_paralysed,ite,3,17,714,1055.940673828125,401,1058.377197265625,-1.4777179974922705,-0.034686284696225624,13
pgame_seed1,pgame,1,legs12_paralysed,ite,3,18,923,1059.6802978515625,401,1058.377197265625,-1.4777179974922705,-0.034686284696225624,13
pgame_seed1,pgame,1,legs12_paralysed,ite,3,19,714,1050.5869140625,401,1058.377197265625,-1.4777179974922705,-0.034686284696225624,13
pgame_seed1,pgame,1,legs12_paralysed,ite,3,20,923,1060.7794189453125,401,1058.377197265625,-1.4777179974922705,-0.034686284696225624,13
pgame_seed1,pgame,1,legs12_paralysed,ite,4,1,578,1014.5239868164062,578,1025.0628662109375,-153.98319992668462,-3.614427867940174,10
pgame_seed1,pgame,1,legs12_paralysed,ite,4,2,276,963.69189453125,578,1025.0628662109375,-153.98319992668462,-3.614427867940174,10
pgame_seed1,pgame,1,legs12_paralysed,ite,4,3,401,1050.6573486328125,401,1058.377197265625,-1.4777179974922705,-0.034686284696225624,10
pgame_seed1,pgame,1,legs12_paralysed,ite,4,4,714,1056.890869140625,714,1065.02197265625,28.94056269963484,0.6793181099316974,10
pgame_seed1,pgame,1,legs12_paralysed,ite,4,5,187,1019.1892700195312,714,1065.02197265625,28.94056269963484,0.6793181099316974,10
pgame_seed1,pgame,1,legs12_paralysed,ite,4,6,238,1089.67529296875,238,1055.8013916015625,-13.269174458345397,-0.31146562722192284,10
pgame_seed1,pgame,1,legs12_paralysed,ite,4,7,61,1047.1688232421875,238,1055.8013916015625,-13.269174458345397,-0.31146562722192284,10
pgame_seed1,pgame,1,legs12_paralysed,ite,4,8,736,1010.5281982421875,238,1055.8013916015625,-13.269174458345397,-0.31146562722192284,10
pgame_seed1,pgame,1,legs12_paralysed,ite,4,9,540,1050.05322265625,238,1055.8013916015625,-13.269174458345397,-0.31146562722192284,10
pgame_seed1,pgame,1,legs12_paralysed,ite,4,10,205,992.1757202148438,238,1055.8013916015625,-13.269174458345397,-0.31146562722192284,10
pgame_seed1,pgame,1,legs12_paralysed,ite,4,11,923,1058.6531982421875,238,1055.8013916015625,-13.269174458345397,-0.31146562722192284,10
pgame_seed1,pgame,1,legs12_paralysed,ite,4,12,238,1053.683349609375,238,1055.8013916015625,-13.269174458345397,-0.31146562722192284,10
pgame_seed1,pgame,1,legs12_paralysed,ite,4,13,238,1074.793212890625,238,1055.8013916015625,-13.269174458345397,-0.31146562722192284,10
pgame_seed1,pgame,1,legs12_paralysed,ite,4,14,238,1048.17626953125,238,1055.8013916015625,-13.269174458345397,-0.31146562722192284,10
pgame_seed1,pgame,1,legs12_paralysed,ite,4,15,238,1038.47265625,238,1055.8013916015625,-13.269174458345397,-0.31146562722192284,10
pgame_seed1,pgame,1,legs12_paralysed,ite,4,16,714,1057.490966796875,238,1055.8013916015625,-13.269174458345397,-0.31146562722192284,10
pgame_seed1,pgame,1,legs12_paralysed,ite,4,17,243,955.169677734375,238,1055.8013916015625,-13.269174458345397,-0.31146562722192284,10
pgame_seed1,pgame,1,legs12_paralysed,ite,4,18,238,1057.9361572265625,238,1055.8013916015625,-13.269174458345397,-0.31146562722192284,10
pgame_seed1,pgame,1,legs12_paralysed,ite,4,19,238,1054.0316162109375,238,1055.8013916015625,-13.269174458345397,-0.31146562722192284,10
pgame_seed1,pgame,1,legs12_paralysed,ite,4,20,61,1055.9818115234375,238,1055.8013916015625,-13.269174458345397,-0.31146562722192284,10
pgame_seed1,pgame,1,legs14_paralysed,ite,0,1,578,1041.0335693359375,578,1053.5377197265625,-10.770428958984793,-0.5547051006021669,12
pgame_seed1,pgame,1,legs14_paralysed,ite,0,2,243,964.5518798828125,578,1053.5377197265625,-10.770428958984793,-0.5547051006021669,12
pgame_seed1,pgame,1,legs14_paralysed,ite,0,3,714,1043.974609375,714,1039.06103515625,-40.9741556974316,-2.110275574425683,12
pgame_seed1,pgame,1,legs14_paralysed,ite,0,4,187,957.9190673828125,714,1039.06103515625,-40.9741556974316,-2.110275574425683,12
pgame_seed1,pgame,1,legs14_paralysed,ite,0,5,401,953.5272216796875,714,1039.06103515625,-40.9741556974316,-2.110275574425683,12
pgame_seed1,pgame,1,legs14_paralysed,ite,0,6,238,1019.5721435546875,714,1039.06103515625,-40.9741556974316,-2.110275574425683,12
pgame_seed1,pgame,1,legs14_paralysed,ite,0,7,61,1090.195068359375,61,1066.169921875,15.585024179688574,0.8026692751424294,12
pgame_seed1,pgame,1,legs14_paralysed,ite,0,8,540,1030.88818359375,61,1066.169921875,15.585024179688574,0.8026692751424294,12
pgame_seed1,pgame,1,legs14_paralysed,ite,0,9,894,1006.2940063476562,61,1066.169921875,15.585024179688574,0.8026692751424294,12
pgame_seed1,pgame,1,legs14_paralysed,ite,0,10,205,987.4320068359375,61,1066.169921875,15.585024179688574,0.8026692751424294,12
pgame_seed1,pgame,1,legs14_paralysed,ite,0,11,61,1040.63916015625,61,1066.169921875,15.585024179688574,0.8026692751424294,12
pgame_seed1,pgame,1,legs14_paralysed,ite,0,12,736,1010.7177734375,61,1066.169921875,15.585024179688574,0.8026692751424294,12
pgame_seed1,pgame,1,legs14_paralysed,ite,0,13,923,1063.493408203125,61,1066.169921875,15.585024179688574,0.8026692751424294,12
pgame_seed1,pgame,1,legs14_paralysed,ite,0,14,61,1045.44189453125,61,1066.169921875,15.585024179688574,0.8026692751424294,12
pgame_seed1,pgame,1,legs14_paralysed,ite,0,15,923,1060.037353515625,61,1066.169921875,15.585024179688574,0.8026692751424294,12
pgame_seed1,pgame,1,legs14_paralysed,ite,0,16,61,1069.3206787109375,61,1066.169921875,15.585024179688574,0.8026692751424294,12
pgame_seed1,pgame,1,legs14_paralysed,ite,0,17,61,1091.153564453125,61,1066.169921875,15.585024179688574,0.8026692751424294,12
pgame_seed1,pgame,1,legs14_paralysed,ite,0,18,61,1040.366455078125,61,1066.169921875,15.585024179688574,0.8026692751424294,12
pgame_seed1,pgame,1,legs14_paralysed,ite,0,19,61,1059.52587890625,61,1066.169921875,15.585024179688574,0.8026692751424294,12
pgame_seed1,pgame,1,legs14_paralysed,ite,0,20,61,1048.21630859375,61,1066.169921875,15.585024179688574,0.8026692751424294,12
pgame_seed1,pgame,1,legs14_paralysed,ite,1,1,578,1057.970458984375,578,1053.5377197265625,-10.770428958984793,-0.5547051006021669,13
pgame_seed1,pgame,1,legs14_paralysed,ite,1,2,243,1041.5826416015625,578,1053.5377197265625,-10.770428958984793,-0.5547051006021669,13
pgame_seed1,pgame,1,legs14_paralysed,ite,1,3,714,1051.805908203125,578,1053.5377197265625,-10.770428958984793,-0.5547051006021669,13
pgame_seed1,pgame,1,legs14_paralysed,ite,1,4,187,961.763427734375,578,1053.5377197265625,-10.770428958984793,-0.5547051006021669,13
pgame_seed1,pgame,1,legs14_paralysed,ite,1,5,401,958.598876953125,578,1053.5377197265625,-10.770428958984793,-0.5547051006021669,13
pgame_seed1,pgame,1,legs14_paralysed,ite,1,6,238,1005.8717651367188,578,1053.5377197265625,-10.770428958984793,-0.5547051006021669,13
pgame_seed1,pgame,1,legs14_paralysed,ite,1,7,61,1038.66064453125,578,1053.5377197265625,-10.770428958984793,-0.5547051006021669,13
pgame_seed1,pgame,1,legs14_paralysed,ite,1,8,736,1018.3331909179688,578,1053.5377197265625,-10.770428958984793,-0.5547051006021669,13
pgame_seed1,pgame,1,legs14_paralysed,ite,1,9,276,957.2603759765625,578,1053.5377197265625,-10.770428958984793,-0.5547051006021669,13
pgame_seed1,pgame,1,legs14_paralysed,ite,1,10,540,1037.011962890625,578,1053.5377197265625,-10.770428958984793,-0.5547051006021669,13
pgame_seed1,pgame,1,legs14_paralysed,ite,1,11,923,1059.51318359375,923,1062.914794921875,8.793623530346517,0.45289448021374157,13
pgame_seed1,pgame,1,legs14_paralysed,ite,1,12,205,1007.4359130859375,923,1062.914794921875,8.793623530346517,0.45289448021374157,13
pgame_seed1,pgame,1,legs14_paralysed,ite,1,13,923,1062.228759765625,923,1062.914794921875,8.793623530346517,0.45289448021374157,13
pgame_seed1,pgame,1,legs14_paralysed,ite,1,14,923,1061.1826171875,923,1062.914794921875,8.793623530346517,0.45289448021374157,13
pgame_seed1,pgame,1,legs14_paralysed,ite,1,15,923,1061.601806640625,923,1062.914794921875,8.793623530346517,0.45289448021374157,13
pgame_seed1,pgame,1,legs14_paralysed,ite,1,16,923,1056.34228515625,923,1062.914794921875,8.793623530346517,0.45289448021374157,13
pgame_seed1,pgame,1,legs14_paralysed,ite,1,17,923,1060.46435546875,923,1062.914794921875,8.793623530346517,0.45289448021374157,13
pgame_seed1,pgame,1,legs14_paralysed,ite,1,18,923,1064.757568359375,923,1062.914794921875,8.793623530346517,0.45289448021374157,13
pgame_seed1,pgame,1,legs14_paralysed,ite,1,19,923,1061.58154296875,923,1062.914794921875,8.793623530346517,0.45289448021374157,13
pgame_seed1,pgame,1,legs14_paralysed,ite,1,20,923,1066.076904296875,923,1062.914794921875,8.793623530346517,0.45289448021374157,13
pgame_seed1,pgame,1,legs14_paralysed,ite,2,1,578,1071.9071044921875,578,1053.5377197265625,-10.770428958984793,-0.5547051006021669,12
pgame_seed1,pgame,1,legs14_paralysed,ite,2,2,243,1026.1650390625,578,1053.5377197265625,-10.770428958984793,-0.5547051006021669,12
pgame_seed1,pgame,1,legs14_paralysed,ite,2,3,714,1037.8310546875,578,1053.5377197265625,-10.770428958984793,-0.5547051006021669,12
pgame_seed1,pgame,1,legs14_paralysed,ite,2,4,187,959.6751708984375,578,1053.5377197265625,-10.770428958984793,-0.5547051006021669,12
pgame_seed1,pgame,1,legs14_paralysed,ite,2,5,401,981.8992919921875,578,1053.5377197265625,-10.770428958984793,-0.5547051006021669,12
pgame_seed1,pgame,1,legs14_paralysed,ite,2,6,238,1022.8391723632812,578,1053.5377197265625,-10.770428958984793,-0.5547051006021669,12
pgame_seed1,pgame,1,legs14_paralysed,ite,2,7,61,1047.816650390625,578,1053.5377197265625,-10.770428958984793,-0.5547051006021669,12
pgame_seed1,pgame,1,legs14_paralysed,ite,2,8,736,1019.607666015625,578,1053.5377197265625,-10.770428958984793,-0.5547051006021669,12
pgame_seed1,pgame,1,legs14_paralysed,ite,2,9,276,959.3165893554688,578,1053.5377197265625,-10.770428958984793,-0.5547051006021669,12
pgame_seed1,pgame,1,legs14_paralysed,ite,2,10,540,1038.076171875,578,1053.5377197265625,-10.770428958984793,-0.5547051006021669,12
pgame_seed1,pgame,1,legs14_paralysed,ite,2,11,923,1060.852294921875,578,1053.5377197265625,-10.770428958984793,-0.5547051006021669,12
pgame_seed1,pgame,1,legs14_paralysed,ite,2,12,205,1003.5072631835938,578,1053.5377197265625,-10.770428958984793,-0.5547051006021669,12
pgame_seed1,pgame,1,legs14_paralysed,ite,2,13,578,1038.66650390625,578,1053.5377197265625,-10.770428958984793,-0.5547051006021669,12
pgame_seed1,pgame,1,legs14_paralysed,ite,2,14,61,1044.9639892578125,578,1053.5377197265625,-10.770428958984793,-0.5547051006021669,12
pgame_seed1,pgame,1,legs14_paralysed,ite,2,15,923,1060.5302734375,578,1053.5377197265625,-10.770428958984793,-0.5547051006021669,12
pgame_seed1,pgame,1,legs14_paralysed,ite,2,16,923,1061.16748046875,578,1053.5377197265625,-10.770428958984793,-0.5547051006021669,12
pgame_seed1,pgame,1,legs14_paralysed,ite,2,17,923,1060.5498046875,578,1053.5377197265625,-10.770428958984793,-0.5547051006021669,12
pgame_seed1,pgame,1,legs14_paralysed,ite,2,18,923,1062.7890625,578,1053.5377197265625,-10.770428958984793,-0.5547051006021669,12
pgame_seed1,pgame,1,legs14_paralysed,ite,2,19,923,1064.366943359375,578,1053.5377197265625,-10.770428958984793,-0.5547051006021669,12
pgame_seed1,pgame,1,legs14_paralysed,ite,2,20,923,1060.6884765625,578,1053.5377197265625,-10.770428958984793,-0.5547051006021669,12
pgame_seed1,pgame,1,legs14_paralysed,ite,3,1,578,1057.496826171875,578,1053.5377197265625,-10.770428958984793,-0.5547051006021669,13
pgame_seed1,pgame,1,legs14_paralysed,ite,3,2,243,969.0091552734375,578,1053.5377197265625,-10.770428958984793,-0.5547051006021669,13
pgame_seed1,pgame,1,legs14_paralysed,ite,3,3,714,1051.5634765625,578,1053.5377197265625,-10.770428958984793,-0.5547051006021669,13
pgame_seed1,pgame,1,legs14_paralysed,ite,3,4,187,957.595703125,578,1053.5377197265625,-10.770428958984793,-0.5547051006021669,13
pgame_seed1,pgame,1,legs14_paralysed,ite,3,5,401,973.3269653320312,578,1053.5377197265625,-10.770428958984793,-0.5547051006021669,13
pgame_seed1,pgame,1,legs14_paralysed,ite,3,6,238,1040.781005859375,578,1053.5377197265625,-10.770428958984793,-0.5547051006021669,13
pgame_seed1,pgame,1,legs14_paralysed,ite,3,7,61,1046.65185546875,578,1053.5377197265625,-10.770428958984793,-0.5547051006021669,13
pgame_seed1,pgame,1,legs14_paralysed,ite,3,8,540,1038.5665283203125,578,1053.5377197265625,-10.770428958984793,-0.5547051006021669,13
pgame_seed1,pgame,1,legs14_paralysed,ite,3,9,736,1005.3587036132812,578,1053.5377197265625,-10.770428958984793,-0.5547051006021669,13
pgame_seed1,pgame,1,legs14_paralysed,ite,3,10,205,988.819091796875,578,1053.5377197265625,-10.770428958984793,-0.5547051006021669,13
pgame_seed1,pgame,1,legs14_paralysed,ite,3,11,894,1028.733154296875,578,1053.5377197265625,-10.770428958984793,-0.5547051006021669,13
pgame_seed1,pgame,1,legs14_paralysed,ite,3,12,923,1056.9285888671875,578,1053.5377197265625,-10.770428958984793,-0.5547051006021669,13
pgame_seed1,pgame,1,legs14_paralysed,ite,3,13,61,1069.300537109375,61,1066.169921875,15.585024179688574,0.8026692751424294,13
pgame_seed1,pgame,1,legs14_paralysed,ite,3,14,61,1048.1005859375,61,1066.169921875,15.585024179688574,0.8026692751424294,13
pgame_seed1,pgame,1,legs14_paralysed,ite,3,15,61,1074.7603759765625,61,1066.169921875,15.585024179688574,0.8026692751424294,13
pgame_seed1,pgame,1,legs14_paralysed,ite,3,16,61,1093.794921875,61,1066.169921875,15.585024179688574,0.8026692751424294,13
pgame_seed1,pgame,1,legs14_paralysed,ite,3,17,61,1083.6776123046875,61,1066.169921875,15.585024179688574,0.8026692751424294,13
pgame_seed1,pgame,1,legs14_paralysed,ite,3,18,61,1067.837890625,61,1066.169921875,15.585024179688574,0.8026692751424294,13
pgame_seed1,pgame,1,legs14_paralysed,ite,3,19,61,1088.806884765625,61,1066.169921875,15.585024179688574,0.8026692751424294,13
pgame_seed1,pgame,1,legs14_paralysed,ite,3,20,61,1106.461669921875,61,1066.169921875,15.585024179688574,0.8026692751424294,13
pgame_seed1,pgame,1,legs14_paralysed,ite,4,1,578,1056.694580078125,578,1053.5377197265625,-10.770428958984793,-0.5547051006021669,13
pgame_seed1,pgame,1,legs14_paralysed,ite,4,2,243,1013.8103637695312,578,1053.5377197265625,-10.770428958984793,-0.5547051006021669,13
pgame_seed1,pgame,1,legs14_paralysed,ite,4,3,714,1049.9783935546875,578,1053.5377197265625,-10.770428958984793,-0.5547051006021669,13
pgame_seed1,pgame,1,legs14_paralysed,ite,4,4,187,962.8753662109375,578,1053.5377197265625,-10.770428958984793,-0.5547051006021669,13
pgame_seed1,pgame,1,legs14_paralysed,ite,4,5,401,993.2950439453125,578,1053.5377197265625,-10.770428958984793,-0.5547051006021669,13
pgame_seed1,pgame,1,legs14_paralysed,ite,4,6,238,1027.8487548828125,578,1053.5377197265625,-10.770428958984793,-0.5547051006021669,13
pgame_seed1,pgame,1,legs14_paralysed,ite,4,7,61,1046.2882080078125,578,1053.5377197265625,-10.770428958984793,-0.5547051006021669,13
pgame_seed1,pgame,1,legs14_paralysed,ite,4,8,276,955.0030517578125,578,1053.5377197265625,-10.770428958984793,-0.5547051006021669,13
pgame_seed1,pgame,1,legs14_paralysed,ite,4,9,736,1017.45263671875,578,1053.5377197265625,-10.770428958984793,-0.5547051006021669,13
pgame_seed1,pgame,1,legs14_paralysed,ite,4,10,540,1040.037841796875,578,1053.5377197265625,-10.770428958984793,-0.5547051006021669,13
pgame_seed1,pgame,1,legs14_paralysed,ite,4,11,923,1063.0042724609375,923,1062.914794921875,8.793623530346517,0.45289448021374157,13
pgame_seed1,pgame,1,legs14_paralysed,ite,4,12,205,1008.1766357421875,923,1062.914794921875,8.793623530346517,0.45289448021374157,13
pgame_seed1,pgame,1,legs14_paralysed,ite,4,13,923,1060.01611328125,923,1062.914794921875,8.793623530346517,0.45289448021374157,13
pgame_seed1,pgame,1,legs14_paralysed,ite,4,14,61,1079.84521484375,61,1066.169921875,15.585024179688574,0.8026692751424294,13
pgame_seed1,pgame,1,legs14_paralysed,ite,4,15,61,1058.248291015625,61,1066.169921875,15.585024179688574,0.8026692751424294,13
pgame_seed1,pgame,1,legs14_paralysed,ite,4,16,61,1046.4921875,61,1066.169921875,15.585024179688574,0.8026692751424294,13
pgame_seed1,pgame,1,legs14_paralysed,ite,4,17,923,1058.447509765625,61,1066.169921875,15.585024179688574,0.8026692751424294,13
pgame_seed1,pgame,1,legs14_paralysed,ite,4,18,61,1052.1978759765625,61,1066.169921875,15.585024179688574,0.8026692751424294,13
pgame_seed1,pgame,1,legs14_paralysed,ite,4,19,923,1060.2034912109375,61,1066.169921875,15.585024179688574,0.8026692751424294,13
pgame_seed1,pgame,1,legs14_paralysed,ite,4,20,923,1061.617431640625,61,1066.169921875,15.585024179688574,0.8026692751424294,13
pgame_seed1,pgame,1,ankle1_paralysed,ite,0,1,578,1496.2567138671875,578,1501.7255859375,64.33171279149846,47.60465127809724,3
pgame_seed1,pgame,1,ankle1_paralysed,ite,0,2,243,1423.8577880859375,578,1501.7255859375,64.33171279149846,47.60465127809724,3
pgame_seed1,pgame,1,ankle1_paralysed,ite,0,3,128,1696.74072265625,128,1634.1685791015625,83.56375010023952,61.83611488636857,3
pgame_seed1,pgame,1,ankle1_paralysed,ite,0,4,128,1656.1363525390625,128,1634.1685791015625,83.56375010023952,61.83611488636857,3
pgame_seed1,pgame,1,ankle1_paralysed,ite,0,5,128,1645.293212890625,128,1634.1685791015625,83.56375010023952,61.83611488636857,3
pgame_seed1,pgame,1,ankle1_paralysed,ite,0,6,128,1661.8758544921875,128,1634.1685791015625,83.56375010023952,61.83611488636857,3
pgame_seed1,pgame,1,ankle1_paralysed,ite,0,7,128,1605.185791015625,128,1634.1685791015625,83.56375010023952,61.83611488636857,3
pgame_seed1,pgame,1,ankle1_paralysed,ite,0,8,128,1710.04345703125,128,1634.1685791015625,83.56375010023952,61.83611488636857,3
pgame_seed1,pgame,1,ankle1_paralysed,ite,0,9,128,1611.43359375,128,1634.1685791015625,83.56375010023952,61.83611488636857,3
pgame_seed1,pgame,1,ankle1_paralysed,ite,0,10,128,1616.1995849609375,128,1634.1685791015625,83.56375010023952,61.83611488636857,3
pgame_seed1,pgame,1,ankle1_paralysed,ite,0,11,128,1739.3258056640625,128,1634.1685791015625,83.56375010023952,61.83611488636857,3
pgame_seed1,pgame,1,ankle1_paralysed,ite,0,12,128,1646.8526611328125,128,1634.1685791015625,83.56375010023952,61.83611488636857,3
pgame_seed1,pgame,1,ankle1_paralysed,ite,0,13,128,1621.197021484375,128,1634.1685791015625,83.56375010023952,61.83611488636857,3
pgame_seed1,pgame,1,ankle1_paralysed,ite,0,14,128,1681.612060546875,128,1634.1685791015625,83.56375010023952,61.83611488636857,3
pgame_seed1,pgame,1,ankle1_paralysed,ite,0,15,128,1573.944091796875,128,1634.1685791015625,83.56375010023952,61.83611488636857,3
pgame_seed1,pgame,1,ankle1_paralysed,ite,0,16,128,1660.757568359375,128,1634.1685791015625,83.56375010023952,61.83611488636857,3
pgame_seed1,pgame,1,ankle1_paralysed,ite,0,17,128,1690.5423583984375,128,1634.1685791015625,83.56375010023952,61.83611488636857,3
pgame_seed1,pgame,1,ankle1_paralysed,ite,0,18,128,1700.677001953125,128,1634.1685791015625,83.56375010023952,61.83611488636857,3
pgame_seed1,pgame,1,ankle1_paralysed,ite,0,19,128,1677.2679443359375,128,1634.1685791015625,83.56375010023952,61.83611488636857,3
pgame_seed1,pgame,1,ankle1_paralysed,ite,0,20,128,1654.36083984375,128,1634.1685791015625,83.56375010023952,61.83611488636857,3
pgame_seed1,pgame,1,ankle1_paralysed,ite,1,1,578,1581.1611328125,578,1501.7255859375,64.33171279149846,47.60465127809724,3
pgame_seed1,pgame,1,ankle1_paralysed,ite,1,2,243,1410.067138671875,578,1501.7255859375,64.33171279149846,47.60465127809724,3
pgame_seed1,pgame,1,ankle1_paralysed,ite,1,3,128,1659.9444580078125,128,1634.1685791015625,83.56375010023952,61.83611488636857,3
pgame_seed1,pgame,1,ankle1_paralysed,ite,1,4,128,1612.8984375,128,1634.1685791015625,83.56375010023952,61.83611488636857,3
pgame_seed1,pgame,1,ankle1_paralysed,ite,1,5,128,1589.468505859375,128,1634.1685791015625,83.56375010023952,61.83611488636857,3
pgame_seed1,pgame,1,ankle1_paralysed,ite,1,6,61,1642.3486328125,128,1634.1685791015625,83.56375010023952,61.83611488636857,3
pgame_seed1,pgame,1,ankle1_paralysed,ite,1,7,61,1613.0113525390625,128,1634.1685791015625,83.56375010023952,61.83611488636857,3
pgame_seed1,pgame,1,ankle1_paralysed,ite,1,8,61,1702.2880859375,61,1599.286376953125,78.49850808854033,58.08790006131618,3
pgame_seed1,pgame,1,ankle1_paralysed,ite,1,9,61,1530.351318359375,61,1599.286376953125,78.49850808854033,58.08790006131618,3
pgame_seed1,pgame,1,ankle1_paralysed,ite,1,10,128,1658.9381103515625,61,1599.286376953125,78.49850808854033,58.08790006131618,3
pgame_seed1,pgame,1,ankle1_paralysed,ite,1,11,128,1459.4183349609375,61,1599.286376953125,78.49850808854033,58.08790006131618,3
pgame_seed1,pgame,1,ankle1_paralysed,ite,1,12,61,1651.331787109375,61,1599.286376953125,78.49850808854033,58.08790006131618,3
pgame_seed1,pgame,1,ankle1_paralysed,ite,1,13,61,1512.5020751953125,61,1599.286376953125,78.49850808854033,58.08790006131618,3
pgame_seed1,pgame,1,ankle1_paralysed,ite,1,14,61,1500.197998046875,61,1599.286376953125,78.49850808854033,58.08790006131618,3
pgame_seed1,pgame,1,ankle1_paralysed,ite,1,15,128,1679.23974609375,61,1599.286376953125,78.49850808854033,58.08790006131618,3
pgame_seed1,pgame,1,ankle1_paralysed,ite,1,16,128,1660.78466796875,61,1599.286376953125,78.49850808854033,58.08790006131618,3
pgame_seed1,pgame,1,ankle1_paralysed,ite,1,17,128,1660.43701171875,61,1599.286376953125,78.49850808854033,58.08790006131618,3
pgame_seed1,pgame,1,ankle1_paralysed,ite,1,18,128,1522.695556640625,61,1599.286376953125,78.49850808854033,58.08790006131618,3
pgame_seed1,pgame,1,ankle1_paralysed,ite,1,19,128,1538.5504150390625,61,1599.286376953125,78.49850808854033,58.08790006131618,3
pgame_seed1,pgame,1,ankle1_paralysed,ite,1,20,128,1629.776611328125,61,1599.286376953125,78.49850808854033,58.08790006131618,3
pgame_seed1,pgame,1,ankle1_paralysed,ite,2,1,578,1532.03662109375,578,1501.7255859375,64.33171279149846,47.60465127809724,3
pgame_seed1,pgame,1,ankle1_paralysed,ite,2,2,243,1534.95166015625,243,1428.7596435546875,53.73633365781039,39.764205144583066,3
pgame_seed1,pgame,1,ankle1_paralysed,ite,2,3,61,1564.4659423828125,61,1599.286376953125,78.49850808854033,58.08790006131618,3
pgame_seed1,pgame,1,ankle1_paralysed,ite,2,4,276,1668.840576171875,276,1576.201904296875,75.14641350979836,55.607392601653146,3
pgame_seed1,pgame,1,ankle1_paralysed,ite,2,5,276,1578.196533203125,276,1576.201904296875,75.14641350979836,55.607392601653146,3
pgame_seed1,pgame,1,ankle1_paralysed,ite,2,6,276,1515.4923095703125,276,1576.201904296875,75.14641350979836,55.607392601653146,3
pgame_seed1,pgame,1,ankle1_paralysed,ite,2,7,276,1553.646484375,276,1576.201904296875,75.14641350979836,55.607392601653146,3
pgame_seed1,pgame,1,ankle1_paralysed,ite,2,8,276,1775.727783203125,276,1576.201904296875,75.14641350979836,55.607392601653146,3
pgame_seed1,pgame,1,ankle1_paralysed,ite,2,9,276,1820.5556640625,276,1576.201904296875,75.14641350979836,55.607392601653146,3
pgame_seed1,pgame,1,ankle1_paralysed,ite,2,10,276,1645.7894287109375,276,1576.201904296875,75.14641350979836,55.607392601653146,3
pgame_seed1,pgame,1,ankle1_paralysed,ite,2,11,276,1180.96484375,276,1576.201904296875,75.14641350979836,55.607392601653146,3
pgame_seed1,pgame,1,ankle1_paralysed,ite,2,12,276,1582.126708984375,276,1576.201904296875,75.14641350979836,55.607392601653146,3
pgame_seed1,pgame,1,ankle1_paralysed,ite,2,13,276,1454.104248046875,276,1576.201904296875,75.14641350979836,55.607392601653146,3
pgame_seed1,pgame,1,ankle1_paralysed,ite,2,14,276,1589.740234375,276,1576.201904296875,75.14641350979836,55.607392601653146,3
pgame_seed1,pgame,1,ankle1_paralysed,ite,2,15,276,1523.46435546875,276,1576.201904296875,75.14641350979836,55.607392601653146,3
pgame_seed1,pgame,1,ankle1_paralysed,ite,2,16,276,1688.7412109375,276,1576.201904296875,75.14641350979836,55.607392601653146,3
pgame_seed1,pgame,1,ankle1_paralysed,ite,2,17,276,1435.61474609375,276,1576.201904296875,75.14641350979836,55.607392601653146,3
pgame_seed1,pgame,1,ankle1_paralysed,ite,2,18,276,1689.9752197265625,276,1576.201904296875,75.14641350979836,55.607392601653146,3
pgame_seed1,pgame,1,ankle1_paralysed,ite,2,19,276,1627.697509765625,276,1576.201904296875,75.14641350979836,55.607392601653146,3
pgame_seed1,pgame,1,ankle1_paralysed,ite,2,20,276,1571.09619140625,276,1576.201904296875,75.14641350979836,55.607392601653146,3
pgame_seed1,pgame,1,ankle1_paralysed,ite,3,1,578,1484.8018798828125,578,1501.7255859375,64.33171279149846,47.60465127809724,3
pgame_seed1,pgame,1,ankle1_paralysed,ite,3,2,243,1378.9306640625,578,1501.7255859375,64.33171279149846,47.60465127809724,3
pgame_seed1,pgame,1,ankle1_paralysed,ite,3,3,128,1632.3685302734375,128,1634.1685791015625,83.56375010023952,61.83611488636857,3
pgame_seed1,pgame,1,ankle1_paralysed,ite,3,4,128,1591.085693359375,128,1634.1685791015625,83.56375010023952,61.83611488636857,3
pgame_seed1,pgame,1,ankle1_paralysed,ite,3,5,128,1668.449951171875,128,1634.1685791015625,83.56375010023952,61.83611488636857,3
pgame_seed1,pgame,1,ankle1_paralysed,ite,3,6,128,1685.9268798828125,128,1634.1685791015625,83.56375010023952,61.83611488636857,3
pgame_seed1,pgame,1,ankle1_paralysed,ite,3,7,128,1695.8809814453125,128,1634.1685791015625,83.56375010023952,61.83611488636857,3
pgame_seed1,pgame,1,ankle1_paralysed,ite,3,8,128,1688.9547119140625,128,1634.1685791015625,83.56375010023952,61.83611488636857,3
pgame_seed1,pgame,1,ankle1_paralysed,ite,3,9,128,1603.5787353515625,128,1634.1685791015625,83.56375010023952,61.83611488636857,3
pgame_seed1,pgame,1,ankle1_paralysed,ite,3,10,128,1651.7630615234375,128,1634.1685791015625,83.56375010023952,61.83611488636857,3
pgame_seed1,pgame,1,ankle1_paralysed,ite,3,11,128,1635.0709228515625,128,1634.1685791015625,83.56375010023952,61.83611488636857,3
pgame_seed1,pgame,1,ankle1_paralysed,ite,3,12,128,1661.9254150390625,128,1634.1685791015625,83.56375010023952,61.83611488636857,3
pgame_seed1,pgame,1,ankle1_paralysed,ite,3,13,128,1703.1385498046875,128,1634.1685791015625,83.56375010023952,61.83611488636857,3
pgame_seed1,pgame,1,ankle1_paralysed,ite,3,14,128,1664.32666015625,128,1634.1685791015625,83.56375010023952,61.83611488636857,3
pgame_seed1,pgame,1,ankle1_paralysed,ite,3,15,128,1677.4825439453125,128,1634.1685791015625,83.56375010023952,61.83611488636857,3
pgame_seed1,pgame,1,ankle1_paralysed,ite,3,16,128,1687.238525390625,128,1634.1685791015625,83.56375010023952,61.83611488636857,3
pgame_seed1,pgame,1,ankle1_paralysed,ite,3,17,128,1629.38037109375,128,1634.1685791015625,83.56375010023952,61.83611488636857,3
pgame_seed1,pgame,1,ankle1_paralysed,ite,3,18,128,1640.05712890625,128,1634.1685791015625,83.56375010023952,61.83611488636857,3
pgame_seed1,pgame,1,ankle1_paralysed,ite,3,19,128,1667.366943359375,128,1634.1685791015625,83.56375010023952,61.83611488636857,3
pgame_seed1,pgame,1,ankle1_paralysed,ite,3,20,128,1661.0765380859375,128,1634.1685791015625,83.56375010023952,61.83611488636857,3
pgame_seed1,pgame,1,ankle1_paralysed,ite,4,1,578,1565.55126953125,578,1501.7255859375,64.33171279149846,47.60465127809724,3
pgame_seed1,pgame,1,ankle1_paralysed,ite,4,2,243,1366.2266845703125,578,1501.7255859375,64.33171279149846,47.60465127809724,3
pgame_seed1,pgame,1,ankle1_paralysed,ite,4,3,128,1594.577392578125,128,1634.1685791015625,83.56375010023952,61.83611488636857,3
pgame_seed1,pgame,1,ankle1_paralysed,ite,4,4,61,1664.988037109375,61,1599.286376953125,78.49850808854033,58.08790006131618,3
pgame_seed1,pgame,1,ankle1_paralysed,ite,4,5,61,1531.9140625,61,1599.286376953125,78.49850808854033,58.08790006131618,3
pgame_seed1,pgame,1,ankle1_paralysed,ite,4,6,128,1702.7388916015625,128,1634.1685791015625,83.56375010023952,61.83611488636857,3
pgame_seed1,pgame,1,ankle1_paralysed,ite,4,7,128,1565.43017578125,128,1634.1685791015625,83.56375010023952,61.83611488636857,3
pgame_seed1,pgame,1,ankle1_paralysed,ite,4,8,128,1581.94873046875,128,1634.1685791015625,83.56375010023952,61.83611488636857,3
pgame_seed1,pgame,1,ankle1_paralysed,ite,4,9,128,1664.609375,128,1634.1685791015625,83.56375010023952,61.83611488636857,3
pgame_seed1,pgame,1,ankle1_paralysed,ite,4,10,128,1618.6728515625,128,1634.1685791015625,83.56375010023952,61.83611488636857,3
pgame_seed1,pgame,1,ankle1_paralysed,ite,4,11,128,1720.4671630859375,128,1634.1685791015625,83.56375010023952,61.83611488636857,3
pgame_seed1,pgame,1,ankle1_paralysed,ite,4,12,128,1645.30322265625,128,1634.1685791015625,83.56375010023952,61.83611488636857,3
pgame_seed1,pgame,1,ankle1_paralysed,ite,4,13,128,1619.492919921875,128,1634.1685791015625,83.56375010023952,61.83611488636857,3
pgame_seed1,pgame,1,ankle1_paralysed,ite,4,14,128,1686.61962890625,128,1634.1685791015625,83.56375010023952,61.83611488636857,3
pgame_seed1,pgame,1,ankle1_paralysed,ite,4,15,128,1699.20751953125,128,1634.1685791015625,83.56375010023952,61.83611488636857,3
pgame_seed1,pgame,1,ankle1_paralysed,ite,4,16,128,1660.144287109375,128,1634.1685791015625,83.56375010023952,61.83611488636857,3
pgame_seed1,pgame,1,ankle1_paralysed,ite,4,17,128,1656.7025146484375,128,1634.1685791015625,83.56375010023952,61.83611488636857,3
pgame_seed1,pgame,1,ankle1_paralysed,ite,4,18,128,1657.9620361328125,128,1634.1685791015625,83.56375010023952,61.83611488636857,3
pgame_seed1,pgame,1,ankle1_paralysed,ite,4,19,128,1612.838623046875,128,1634.1685791015625,83.56375010023952,61.83611488636857,3
pgame_seed1,pgame,1,ankle1_paralysed,ite,4,20,128,1702.273193359375,128,1634.1685791015625,83.56375010023952,61.83611488636857,3
pgame_seed1,pgame,1,ankle3_paralysed,ite,0,1,578,1642.575927734375,578,1719.6494140625,73.64064838290533,71.021330071322,2
pgame_seed1,pgame,1,ankle3_paralysed,ite,0,2,243,1799.88525390625,243,1790.90576171875,81.57977886877904,78.67807426217601,2
pgame_seed1,pgame,1,ankle3_paralysed,ite,0,3,243,1666.681640625,243,1790.90576171875,81.57977886877904,78.67807426217601,2
pgame_seed1,pgame,1,ankle3_paralysed,ite,0,4,243,1538.650390625,243,1790.90576171875,81.57977886877904,78.67807426217601,2
pgame_seed1,pgame,1,ankle3_paralysed,ite,0,5,61,1808.224365234375,61,1695.551513671875,70.95574546647049,68.43192625121878,2
pgame_seed1,pgame,1,ankle3_paralysed,ite,0,6,61,1872.285888671875,61,1695.551513671875,70.95574546647049,68.43192625121878,2
pgame_seed1,pgame,1,ankle3_paralysed,ite,0,7,61,1744.8502197265625,61,1695.551513671875,70.95574546647049,68.43192625121878,2
pgame_seed1,pgame,1,ankle3_paralysed,ite,0,8,61,1711.345458984375,61,1695.551513671875,70.95574546647049,68.43192625121878,2
pgame_seed1,pgame,1,ankle3_paralysed,ite,0,9,61,1718.8939208984375,61,1695.551513671875,70.95574546647049,68.43192625121878,2
pgame_seed1,pgame,1,ankle3_paralysed,ite,0,10,61,1854.4483642578125,61,1695.551513671875,70.95574546647049,68.43192625121878,2
pgame_seed1,pgame,1,ankle3_paralysed,ite,0,11,61,1698.7705078125,61,1695.551513671875,70.95574546647049,68.43192625121878,2
pgame_seed1,pgame,1,ankle3_paralysed,ite,0,12,61,1636.68212890625,61,1695.551513671875,70.95574546647049,68.43192625121878,2
pgame_seed1,pgame,1,ankle3_paralysed,ite,0,13,61,1508.254150390625,61,1695.551513671875,70.95574546647049,68.43192625121878,2
pgame_seed1,pgame,1,ankle3_paralysed,ite,0,14,61,1706.1875,61,1695.551513671875,70.95574546647049,68.43192625121878,2
pgame_seed1,pgame,1,ankle3_paralysed,ite,0,15,61,1806.99169921875,61,1695.551513671875,70.95574546647049,68.43192625121878,2
pgame_seed1,pgame,1,ankle3_paralysed,ite,0,16,61,1763.97021484375,61,1695.551513671875,70.95574546647049,68.43192625121878,2
pgame_seed1,pgame,1,ankle3_paralysed,ite,0,17,61,1728.7430419921875,61,1695.551513671875,70.95574546647049,68.43192625121878,2
pgame_seed1,pgame,1,ankle3_paralysed,ite,0,18,61,1752.989013671875,61,1695.551513671875,70.95574546647049,68.43192625121878,2
pgame_seed1,pgame,1,ankle3_paralysed,ite,0,19,61,1594.659423828125,61,1695.551513671875,70.95574546647049,68.43192625121878,2
pgame_seed1,pgame,1,ankle3_paralysed,ite,0,20,61,1637.041748046875,61,1695.551513671875,70.95574546647049,68.43192625121878,2
pgame_seed1,pgame,1,ankle3_paralysed,ite,1,1,578,1725.49609375,578,1719.6494140625,73.64064838290533,71.021330071322,2
pgame_seed1,pgame,1,ankle3_paralysed,ite,1,2,243,1691.054931640625,578,1719.6494140625,73.64064838290533,71.021330071322,2
pgame_seed1,pgame,1,ankle3_paralysed,ite,1,3,61,1822.6683349609375,61,1695.551513671875,70.95574546647049,68.43192625121878,2
pgame_seed1,pgame,1,ankle3_paralysed,ite,1,4,61,1739.8267822265625,61,1695.551513671875,70.95574546647049,68.43192625121878,2
pgame_seed1,pgame,1,ankle3_paralysed,ite,1,5,61,1691.4342041015625,61,1695.551513671875,70.95574546647049,68.43192625121878,2
pgame_seed1,pgame,1,ankle3_paralysed,ite,1,6,128,1694.4378662109375,61,1695.551513671875,70.95574546647049,68.43192625121878,2
pgame_seed1,pgame,1,ankle3_paralysed,ite,1,7,61,1676.708251953125,61,1695.551513671875,70.95574546647049,68.43192625121878,2
pgame_seed1,pgame,1,ankle3_paralysed,ite,1,8,61,1583.682373046875,61,1695.551513671875,70.95574546647049,68.43192625121878,2
pgame_seed1,pgame,1,ankle3_paralysed,ite,1,9,578,1755.1763916015625,61,1695.551513671875,70.95574546647049,68.43192625121878,2
pgame_seed1,pgame,1,ankle3_paralysed,ite,1,10,578,1195.2845458984375,61,1695.551513671875,70.95574546647049,68.43192625121878,2
pgame_seed1,pgame,1,ankle3_paralysed,ite,1,11,61,1707.82177734375,61,1695.551513671875,70.95574546647049,68.43192625121878,2
pgame_seed1,pgame,1,ankle3_paralysed,ite,1,12,61,1825.779052734375,61,1695.551513671875,70.95574546647049,68.43192625121878,2
pgame_seed1,pgame,1,ankle3_paralysed,ite,1,13,61,1690.9306640625,61,1695.551513671875,70.95574546647049,68.43192625121878,2
pgame_seed1,pgame,1,ankle3_paralysed,ite,1,14,61,1639.4591064453125,61,1695.551513671875,70.95574546647049,68.43192625121878,2
pgame_seed1,pgame,1,ankle3_paralysed,ite,1,15,61,1664.345947265625,61,1695.551513671875,70.95574546647049,68.43192625121878,2
pgame_seed1,pgame,1,ankle3_paralysed,ite,1,16,61,1788.48876953125,61,1695.551513671875,70.95574546647049,68.43192625121878,2
pgame_seed1,pgame,1,ankle3_paralysed,ite,1,17,61,1788.974365234375,61,1695.551513671875,70.95574546647049,68.43192625121878,2
pgame_seed1,pgame,1,ankle3_paralysed,ite,1,18,61,1880.530029296875,61,1695.551513671875,70.95574546647049,68.43192625121878,2
pgame_seed1,pgame,1,ankle3_paralysed,ite,1,19,61,1804.9259033203125,61,1695.551513671875,70.95574546647049,68.43192625121878,2
pgame_seed1,pgame,1,ankle3_paralysed,ite,1,20,61,1799.986328125,61,1695.551513671875,70.95574546647049,68.43192625121878,2
pgame_seed1,pgame,1,ankle3_paralysed,ite,2,1,578,1656.62451171875,578,1719.6494140625,73.64064838290533,71.021330071322,2
pgame_seed1,pgame,1,ankle3_paralysed,ite,2,2,243,1726.940185546875,243,1790.90576171875,81.57977886877904,78.67807426217601,2
pgame_seed1,pgame,1,ankle3_paralysed,ite,2,3,243,1101.851806640625,243,1790.90576171875,81.57977886877904,78.67807426217601,2
pgame_seed1,pgame,1,ankle3_paralysed,ite,2,4,128,1883.93359375,128,1767.245849609375,78.94367505909752,76.13573381731483,2
pgame_seed1,pgame,1,ankle3_paralysed,ite,2,5,128,1707.4659423828125,128,1767.245849609375,78.94367505909752,76.13573381731483,2
pgame_seed1,pgame,1,ankle3_paralysed,ite,2,6,128,1593.12841796875,128,1767.245849609375,78.94367505909752,76.13573381731483,2
pgame_seed1,pgame,1,ankle3_paralysed,ite,2,7,128,1651.64599609375,128,1767.245849609375,78.94367505909752,76.13573381731483,2
pgame_seed1,pgame,1,ankle3_paralysed,ite,2,8,128,1751.365234375,128,1767.245849609375,78.94367505909752,76.13573381731483,2
pgame_seed1,pgame,1,ankle3_paralysed,ite,2,9,128,1826.3309326171875,128,1767.245849609375,78.94367505909752,76.13573381731483,2
pgame_seed1,pgame,1,ankle3_paralysed,ite,2,10,128,1804.8204345703125,128,1767.245849609375,78.94367505909752,76.13573381731483,2
pgame_seed1,pgame,1,ankle3_paralysed,ite,2,11,128,1716.163818359375,128,1767.245849609375,78.94367505909752,76.13573381731483,2
pgame_seed1,pgame,1,ankle3_paralysed,ite,2,12,128,1857.4136962890625,128,1767.245849609375,78.94367505909752,76.13573381731483,2
pgame_seed1,pgame,1,ankle3_paralysed,ite,2,13,128,1720.91162109375,128,1767.245849609375,78.94367505909752,76.13573381731483,2
pgame_seed1,pgame,1,ankle3_paralysed,ite,2,14,128,1708.249267578125,128,1767.245849609375,78.94367505909752,76.13573381731483,2
pgame_seed1,pgame,1,ankle3_paralysed,ite,2,15,128,1736.6187744140625,128,1767.245849609375,78.94367505909752,76.13573381731483,2
pgame_seed1,pgame,1,ankle3_paralysed,ite,2,16,128,1830.299072265625,128,1767.245849609375,78.94367505909752,76.13573381731483,2
pgame_seed1,pgame,1,ankle3_paralysed,ite,2,17,128,1846.722412109375,128,1767.245849609375,78.94367505909752,76.13573381731483,2
pgame_seed1,pgame,1,ankle3_paralysed,ite,2,18,128,1835.351318359375,128,1767.245849609375,78.94367505909752,76.13573381731483,2
pgame_seed1,pgame,1,ankle3_paralysed,ite,2,19,128,1778.2547607421875,128,1767.245849609375,78.94367505909752,76.13573381731483,2
pgame_seed1,pgame,1,ankle3_paralysed,ite,2,20,128,1705.163330078125,128,1767.245849609375,78.94367505909752,76.13573381731483,2
pgame_seed1,pgame,1,ankle3_paralysed,ite,3,1,578,1783.3118896484375,578,1719.6494140625,73.64064838290533,71.021330071322,2
pgame_seed1,pgame,1,ankle3_paralysed,ite,3,2,243,1751.6337890625,578,1719.6494140625,73.64064838290533,71.021330071322,2
pgame_seed1,pgame,1,ankle3_paralysed,ite,3,3,61,1822.71240234375,61,1695.551513671875,70.95574546647049,68.43192625121878,2
pgame_seed1,pgame,1,ankle3_paralysed,ite,3,4,61,1714.809814453125,61,1695.551513671875,70.95574546647049,68.43192625121878,2
pgame_seed1,pgame,1,ankle3_paralysed,ite,3,5,578,1775.644287109375,61,1695.551513671875,70.95574546647049,68.43192625121878,2
pgame_seed1,pgame,1,ankle3_paralysed,ite,3,6,578,1784.9892578125,61,1695.551513671875,70.95574546647049,68.43192625121878,2
pgame_seed1,pgame,1,ankle3_paralysed,ite,3,7,578,1857.51123046875,578,1719.6494140625,73.64064838290533,71.021330071322,2
pgame_seed1,pgame,1,ankle3_paralysed,ite,3,8,578,1640.6328125,578,1719.6494140625,73.64064838290533,71.021330071322,2
pgame_seed1,pgame,1,ankle3_paralysed,ite,3,9,128,1777.050537109375,578,1719.6494140625,73.64064838290533,71.021330071322,2
pgame_seed1,pgame,1,ankle3_paralysed,ite,3,10,128,1321.587890625,578,1719.6494140625,73.64064838290533,71.021330071322,2
pgame_seed1,pgame,1,ankle3_paralysed,ite,3,11,365,1638.226318359375,578,1719.6494140625,73.64064838290533,71.021330071322,2
pgame_seed1,pgame,1,ankle3_paralysed,ite,3,12,578,1698.146484375,578,1719.6494140625,73.64064838290533,71.021330071322,2
pgame_seed1,pgame,1,ankle3_paralysed,ite,3,13,243,1873.0472412109375,243,1790.90576171875,81.57977886877904,78.67807426217601,2
pgame_seed1,pgame,1,ankle3_paralysed,ite,3,14,243,1700.3701171875,243,1790.90576171875,81.57977886877904,78.67807426217601,2
pgame_seed1,pgame,1,ankle3_paralysed,ite,3,15,243,1649.7230224609375,243,1790.90576171875,81.57977886877904,78.67807426217601,2
pgame_seed1,pgame,1,ankle3_paralysed,ite,3,16,578,1775.536865234375,243,1790.90576171875,81.57977886877904,78.67807426217601,2
pgame_seed1,pgame,1,ankle3_paralysed,ite,3,17,578,1795.3427734375,243,1790.90576171875,81.57977886877904,78.67807426217601,2
pgame_seed1,pgame,1,ankle3_paralysed,ite,3,18,578,1731.83154296875,243,1790.90576171875,81.57977886877904,78.67807426217601,2
pgame_seed1,pgame,1,ankle3_paralysed,ite,3,19,578,1724.077880859375,243,1790.90576171875,81.57977886877904,78.67807426217601,2
pgame_seed1,pgame,1,ankle3_paralysed,ite,3,20,578,1731.69189453125,243,1790.90576171875,81.57977886877904,78.67807426217601,2
pgame_seed1,pgame,1,ankle3_paralysed,ite,4,1,578,1744.36328125,578,1719.6494140625,73.64064838290533,71.021330071322,2
pgame_seed1,pgame,1,ankle3_paralysed,ite,4,2,243,1644.461669921875,578,1719.6494140625,73.64064838290533,71.021330071322,2
pgame_seed1,pgame,1,ankle3_paralysed,ite,4,3,61,1768.8297119140625,61,1695.551513671875,70.95574546647049,68.43192625121878,2
pgame_seed1,pgame,1,ankle3_paralysed,ite,4,4,128,1764.265869140625,61,1695.551513671875,70.95574546647049,68.43192625121878,2
pgame_seed1,pgame,1,ankle3_paralysed,ite,4,5,61,1750.05224609375,61,1695.551513671875,70.95574546647049,68.43192625121878,2
pgame_seed1,pgame,1,ankle3_paralysed,ite,4,6,128,1730.4544677734375,61,1695.551513671875,70.95574546647049,68.43192625121878,2
pgame_seed1,pgame,1,ankle3_paralysed,ite,4,7,61,1722.6099853515625,61,1695.551513671875,70.95574546647049,68.43192625121878,2
pgame_seed1,pgame,1,ankle3_paralysed,ite,4,8,128,1789.101318359375,128,1767.245849609375,78.94367505909752,76.13573381731483,2
pgame_seed1,pgame,1,ankle3_paralysed,ite,4,9,128,1807.87158203125,128,1767.245849609375,78.94367505909752,76.13573381731483,2
pgame_seed1,pgame,1,ankle3_paralysed,ite,4,10,128,1715.634521484375,128,1767.245849609375,78.94367505909752,76.13573381731483,2
pgame_seed1,pgame,1,ankle3_paralysed,ite,4,11,128,1716.87109375,128,1767.245849609375,78.94367505909752,76.13573381731483,2
pgame_seed1,pgame,1,ankle3_paralysed,ite,4,12,128,1856.689208984375,128,1767.245849609375,78.94367505909752,76.13573381731483,2
pgame_seed1,pgame,1,ankle3_paralysed,ite,4,13,128,1759.805908203125,128,1767.245849609375,78.94367505909752,76.13573381731483,2
pgame_seed1,pgame,1,ankle3_paralysed,ite,4,14,128,1416.2294921875,128,1767.245849609375,78.94367505909752,76.13573381731483,2
pgame_seed1,pgame,1,ankle3_paralysed,ite,4,15,578,1745.3260498046875,128,1767.245849609375,78.94367505909752,76.13573381731483,2
pgame_seed1,pgame,1,ankle3_paralysed,ite,4,16,578,1765.745849609375,128,1767.245849609375,78.94367505909752,76.13573381731483,2
pgame_seed1,pgame,1,ankle3_paralysed,ite,4,17,578,1555.264892578125,128,1767.245849609375,78.94367505909752,76.13573381731483,2
pgame_seed1,pgame,1,ankle3_paralysed,ite,4,18,61,1709.24560546875,128,1767.245849609375,78.94367505909752,76.13573381731483,2
pgame_seed1,pgame,1,ankle3_paralysed,ite,4,19,61,1723.7734375,128,1767.245849609375,78.94367505909752,76.13573381731483,2
pgame_seed1,pgame,1,ankle3_paralysed,ite,4,20,61,1680.591552734375,128,1767.245849609375,78.94367505909752,76.13573381731483,2
