run,algo,seed,scenario,method,rep,trial,cell,observed,recommended_cell,recommended_true,pct_oracle,pct_intact,stop_trial
me_seed1,me,1,leg1_paralysed,ite,0,1,385,1061.55810546875,385,1058.783203125,0.22672493568463822,0.10038681916345905,7
me_seed1,me,1,leg1_paralysed,ite,0,2,613,1051.97216796875,385,1058.783203125,0.22672493568463822,0.10038681916345905,7
me_seed1,me,1,leg1_paralysed,ite,0,3,407,1054.3173828125,385,1058.783203125,0.22672493568463822,0.10038681916345905,7
me_seed1,me,1,leg1_paralysed,ite,0,4,878,1043.585205078125,385,1058.783203125,0.22672493568463822,0.10038681916345905,7
me_seed1,me,1,leg1_paralysed,ite,0,5,165,1075.955810546875,165,1066.796875,22.063635994712318,9.769098533433356,7
me_seed1,me,1,leg1_paralysed,ite,0,6,170,1051.2330322265625,165,1066.796875,22.063635994712318,9.769098533433356,7
me_seed1,me,1,leg1_paralysed,ite,0,7,165,1070.995361328125,165,1066.796875,22.063635994712318,9.769098533433356,7
me_seed1,me,1,leg1_paralysed,ite,0,8,552,1042.7744140625,165,1066.796875,22.063635994712318,9.769098533433356,7
me_seed1,me,1,leg1_paralysed,ite,0,9,165,1073.117431640625,165,1066.796875,22.063635994712318,9.769098533433356,7
me_seed1,me,1,leg1_paralysed,ite,0,10,165,1074.176025390625,165,1066.796875,22.063635994712318,9.769098533433356,7
me_seed1,me,1,leg1_paralysed,ite,0,11,165,1067.641357421875,165,1066.796875,22.063635994712318,9.769098533433356,7
me_seed1,me,1,leg1_paralysed,ite,0,12,165,1071.922119140625,165,1066.796875,22.063635994712318,9.769098533433356,7
me_seed1,me,1,leg1_paralysed,ite,0,13,165,1054.027587890625,165,1066.796875,22.063635994712318,9.769098533433356,7
me_seed1,me,1,leg1_paralysed,ite,0,14,143,1047.9122314453125,165,1066.796875,22.063635994712318,9.769098533433356,7
me_seed1,me,1,leg1_paralysed,ite,0,15,165,1073.8902587890625,165,1066.796875,22.063635994712318,9.769098533433356,7
me_seed1,me,1,leg1_paralysed,ite,0,16,165,1072.18212890625,165,1066.796875,22.063635994712318,9.769098533433356,7
me_seed1,me,1,leg1_paralysed,ite,0,17,165,1072.519287109375,165,1066.796875,22.063635994712318,9.769098533433356,7
me_seed1,me,1,leg1_paralysed,ite,0,18,165,1073.9261474609375,165,1066.796875,22.063635994712318,9.769098533433356,7
me_seed1,me,1,leg1_paralysed,ite,0,19,165,1047.1953125,165,1066.796875,22.063635994712318,9.769098533433356,7
me_seed1,me,1,leg1_paralysed,ite,0,20,646,1049.842041015625,165,1066.796875,22.063635994712318,9.769098533433356,7
me_seed1,me,1,leg1_paralysed,ite,1,1,385,1043.98193359375,385,1058.783203125,0.22672493568463822,0.10038681916345905,8
me_seed1,me,1,leg1_paralysed,ite,1,2,613,1050.9552001953125,613,1051.892822265625,-18.54926643705903,-8.21304392394644,8
me_seed1,me,1,leg1_paralysed,ite,1,3,407,1068.0400390625,407,1059.0762939453125,1.0253848103605683,0.4540088156593466,8
me_seed1,me,1,leg1_paralysed,ite,1,4,878,1044.3052978515625,407,1059.0762939453125,1.0253848103605683,0.4540088156593466,8
me_seed1,me,1,leg1_paralysed,ite,1,5,165,1071.82763671875,165,1066.796875,22.063635994712318,9.769098533433356,8
me_seed1,me,1,leg1_paralysed,ite,1,6,552,1072.3890380859375,552,1063.25390625,12.40919859254897,5.49441097562551,8
me_seed1,me,1,leg1_paralysed,ite,1,7,165,1054.847900390625,552,1063.25390625,12.40919859254897,5.49441097562551,8
me_seed1,me,1,leg1_paralysed,ite,1,8,552,1076.656494140625,552,1063.25390625,12.40919859254897,5.49441097562551,8
me_seed1,me,1,leg1_paralysed,ite,1,9,552,1065.359375,552,1063.25390625,12.40919859254897,5.49441097562551,8
me_seed1,me,1,leg1_paralysed,ite,1,10,143,1044.8763427734375,552,1063.25390625,12.40919859254897,5.49441097562551,8
me_seed1,me,1,leg1_paralysed,ite,1,11,407,1059.8701171875,552,1063.25390625,12.40919859254897,5.49441097562551,8
me_seed1,me,1,leg1_paralysed,ite,1,12,170,1051.1881103515625,552,1063.25390625,12.40919859254897,5.49441097562551,8
me_seed1,me,1,leg1_paralysed,ite,1,13,552,1046.1124267578125,552,1063.25390625,12.40919859254897,5.49441097562551,8
me_seed1,me,1,leg1_paralysed,ite,1,14,646,1048.52001953125,552,1063.25390625,12.40919859254897,5.49441097562551,8
me_seed1,me,1,leg1_paralysed,ite,1,15,165,1049.854248046875,552,1063.25390625,12.40919859254897,5.49441097562551,8
me_seed1,me,1,leg1_paralysed,ite,1,16,407,1081.478515625,407,1059.0762939453125,1.0253848103605683,0.4540088156593466,8
me_seed1,me,1,leg1_paralysed,ite,1,17,407,1072.771240234375,407,1059.0762939453125,1.0253848103605683,0.4540088156593466,8
me_seed1,me,1,leg1_paralysed,ite,1,18,407,1056.049072265625,407,1059.0762939453125,1.0253848103605683,0.4540088156593466,8
me_seed1,me,1,leg1_paralysed,ite,1,19,407,1056.20166015625,407,1059.0762939453125,1.0253848103605683,0.4540088156593466,8
me_seed1,me,1,leg1_paralysed,ite,1,20,407,1062.79248046875,407,1059.0762939453125,1.0253848103605683,0.4540088156593466,8
me_seed1,me,1,leg1_paralysed,ite,2,1,385,1066.8453369140625,385,1058.783203125,0.22672493568463822,0.10038681916345905,8
me_seed1,me,1,leg1_paralysed,ite,2,2,613,1050.550048828125,385,1058.783203125,0.22672493568463822,0.10038681916345905,8
me_seed1,me,1,leg1_paralysed,ite,2,3,407,1057.906005859375,385,1058.783203125,0.22672493568463822,0.10038681916345905,8
me_seed1,me,1,leg1_paralysed,ite,2,4,878,1043.2294921875,385,1058.783203125,0.22672493568463822,0.10038681916345905,8
me_seed1,me,1,leg1_paralysed,ite,2,5,165,1069.324951171875,165,1066.796875,22.063635994712318,9.769098533433356,8
me_seed1,me,1,leg1_paralysed,ite,2,6,170,1076.58251953125,170,1073.564453125,40.50499520005741,17.934364458352974,8
me_seed1,me,1,leg1_paralysed,ite,2,7,552,1067.651611328125,170,1073.564453125,40.50499520005741,17.934364458352974,8
me_seed1,me,1,leg1_paralysed,ite,2,8,504,1047.525390625,170,1073.564453125,40.50499520005741,17.934364458352974,8
me_seed1,me,1,leg1_paralysed,ite,2,9,165,1071.768310546875,170,1073.564453125,40.50499520005741,17.934364458352974,8
me_seed1,me,1,leg1_paralysed,ite,2,10,143,1047.990234375,170,1073.564453125,40.50499520005741,17.934364458352974,8
me_seed1,me,1,leg1_paralysed,ite,2,11,165,1073.39990234375,170,1073.564453125,40.50499520005741,17.934364458352974,8
me_seed1,me,1,leg1_paralysed,ite,2,12,165,1071.584228515625,170,1073.564453125,40.50499520005741,17.934364458352974,8
me_seed1,me,1,leg1_paralysed,ite,2,13,170,1078.2001953125,170,1073.564453125,40.50499520005741,17.934364458352974,8
me_seed1,me,1,leg1_paralysed,ite,2,14,170,1077.989501953125,170,1073.564453125,40.50499520005741,17.934364458352974,8
me_seed1,me,1,leg1_paralysed,ite,2,15,170,1076.2900390625,170,1073.564453125,40.50499520005741,17.934364458352974,8
me_seed1,me,1,leg1_paralysed,ite,2,16,170,1051.66650390625,170,1073.564453125,40.50499520005741,17.934364458352974,8
me_seed1,me,1,leg1_paralysed,ite,2,17,165,1070.08154296875,170,1073.564453125,40.50499520005741,17.934364458352974,8
me_seed1,me,1,leg1_paralysed,ite,2,18,165,1066.2799072265625,170,1073.564453125,40.50499520005741,17.934364458352974,8
me_seed1,me,1,leg1_paralysed,ite,2,19,385,1060.58154296875,170,1073.564453125,40.50499520005741,17.934364458352974,8
me_seed1,me,1,leg1_paralysed,ite,2,20,552,1076.6439208984375,170,1073.564453125,40.50499520005741,17.934364458352974,8
me_seed1,me,1,leg1_paralysed,ite,3,1,385,1064.8070068359375,385,1058.783203125,0.22672493568463822,0.10038681916345905,8
me_seed1,me,1,leg1_paralysed,ite,3,2,613,1049.7796630859375,385,1058.783203125,0.22672493568463822,0.10038681916345905,8
me_seed1,me,1,leg1_paralysed,ite,3,3,407,1061.242431640625,385,1058.783203125,0.22672493568463822,0.10038681916345905,8
me_seed1,me,1,leg1_paralysed,ite,3,4,878,1044.986572265625,385,1058.783203125,0.22672493568463822,0.10038681916345905,8
me_seed1,me,1,leg1_paralysed,ite,3,5,165,1071.0931396484375,165,1066.796875,22.063635994712318,9.769098533433356,8
me_seed1,me,1,leg1_paralysed,ite,3,6,170,1077.898193359375,170,1073.564453125,40.50499520005741,17.934364458352974,8
me_seed1,me,1,leg1_paralysed,ite,3,7,552,1074.7392578125,170,1073.564453125,40.50499520005741,17.934364458352974,8
me_seed1,me,1,leg1_paralysed,ite,3,8,170,1053.876708984375,170,1073.564453125,40.50499520005741,17.934364458352974,8
me_seed1,me,1,leg1_paralysed,ite,3,9,143,1044.911865234375,170,1073.564453125,40.50499520005741,17.934364458352974,8
me_seed1,me,1,leg1_paralysed,ite,3,10,165,1072.862060546875,170,1073.564453125,40.50499520005741,17.934364458352974,8
me_seed1,me,1,leg1_paralysed,ite,3,11,165,1072.62548828125,170,1073.564453125,40.50499520005741,17.934364458352974,8
me_seed1,me,1,leg1_paralysed,ite,3,12,552,1048.018798828125,170,1073.564453125,40.50499520005741,17.934364458352974,8
me_seed1,me,1,leg1_paralysed,ite,3,13,385,1049.51611328125,170,1073.564453125,40.50499520005741,17.934364458352974,8
me_seed1,me,1,leg1_paralysed,ite,3,14,165,1074.50732421875,170,1073.564453125,40.50499520005741,17.934364458352974,8
me_seed1,me,1,leg1_paralysed,ite,3,15,165,1072.2022705078125,170,1073.564453125,40.50499520005741,17.934364458352974,8
me_seed1,me,1,leg1_paralysed,ite,3,16,165,1074.98291015625,170,1073.564453125,40.50499520005741,17.934364458352974,8
me_seed1,me,1,leg1_paralysed,ite,3,17,165,1075.239990234375,170,1073.564453125,40.50499520005741,17.934364458352974,8
me_seed1,me,1,leg1_paralysed,ite,3,18,165,1074.32275390625,170,1073.564453125,40.50499520005741,17.934364458352974,8
me_seed1,me,1,leg1_paralysed,ite,3,19,165,1070.3782958984375,170,1073.564453125,40.50499520005741,17.934364458352974,8
me_seed1,me,1,leg1_paralysed,ite,3,20,165,1069.0067138671875,170,1073.564453125,40.50499520005741,17.934364458352974,8
me_seed1,me,1,leg1_paralysed,ite,4,1,385,1064.54931640625,385,1058.783203125,0.22672493568463822,0.10038681916345905,9
me_seed1,me,1,leg1_paralysed,ite,4,2,613,1054.33837890625,385,1058.783203125,0.22672493568463822,0.10038681916345905,9
me_seed1,me,1,leg1_paralysed,ite,4,3,407,1062.68701171875,385,1058.783203125,0.22672493568463822,0.10038681916345905,9
me_seed1,me,1,leg1_paralysed,ite,4,4,878,1047.95458984375,385,1058.783203125,0.22672493568463822,0.10038681916345905,9
me_seed1,me,1,leg1_paralysed,ite,4,5,165,1072.0986328125,165,1066.796875,22.063635994712318,9.769098533433356,9
me_seed1,me,1,leg1_paralysed,ite,4,6,552,1050.5882568359375,165,1066.796875,22.063635994712318,9.769098533433356,9
me_seed1,me,1,leg1_paralysed,ite,4,7,170,1059.078369140625,165,1066.796875,22.063635994712318,9.769098533433356,9
me_seed1,me,1,leg1_paralysed,ite,4,8,165,1070.1412353515625,165,1066.796875,22.063635994712318,9.769098533433356,9
me_seed1,me,1,leg1_paralysed,ite,4,9,165,1073.6834716796875,165,1066.796875,22.063635994712318,9.769098533433356,9
me_seed1,me,1,leg1_paralysed,ite,4,10,385,1042.6337890625,165,1066.796875,22.063635994712318,9.769098533433356,9
me_seed1,me,1,leg1_paralysed,ite,4,11,165,1071.6748046875,165,1066.796875,22.063635994712318,9.769098533433356,9
me_seed1,me,1,leg1_paralysed,ite,4,12,165,1072.36181640625,165,1066.796875,22.063635994712318,9.769098533433356,9
me_seed1,me,1,leg1_paralysed,ite,4,13,165,1073.5947265625,165,1066.796875,22.063635994712318,9.769098533433356,9
me_seed1,me,1,leg1_paralysed,ite,4,14,165,1073.076171875,165,1066.796875,22.063635994712318,9.769098533433356,9
me_seed1,me,1,leg1_paralysed,ite,4,15,143,1044.911376953125,165,1066.796875,22.063635994712318,9.769098533433356,9
me_seed1,me,1,leg1_paralysed,ite,4,16,165,1072.9993896484375,165,1066.796875,22.063635994712318,9.769098533433356,9
me_seed1,me,1,leg1_paralysed,ite,4,17,165,1057.06591796875,165,1066.796875,22.063635994712318,9.769098533433356,9
me_seed1,me,1,leg1_paralysed,ite,4,18,646,1050.77587890625,165,1066.796875,22.063635994712318,9.769098533433356,9
me_seed1,me,1,leg1_paralysed,ite,4,19,165,1071.4012451171875,165,1066.796875,22.063635994712318,9.769098533433356,9
me_seed1,me,1,leg1_paralysed,ite,4,20,165,1075.00439453125,165,1066.796875,22.063635994712318,9.769098533433356,9
me_seed1,me,1,leg1_paralysed,top_k,0,1,385,1057.7042236328125,385,1058.783203125,0.22672493568463822,0.10038681916345905,
me_seed1,me,1,leg1_paralysed,top_k,0,2,170,1053.359130859375,385,1058.783203125,0.22672493568463822,0.10038681916345905,
me_seed1,me,1,leg1_paralysed,top_k,0,3,769,1060.4991455078125,769,1058.6552734375,-0.12187795838465568,-0.053963806545699676,
me_seed1,me,1,leg1_paralysed,top_k,0,4,793,1048.85546875,769,1058.6552734375,-0.12187795838465568,-0.053963806545699676,
me_seed1,me,1,leg1_paralysed,top_k,0,5,661,1049.706787109375,769,1058.6552734375,-0.12187795838465568,-0.053963806545699676,
me_seed1,me,1,leg1_paralysed,top_k,0,6,504,1057.376953125,769,1058.6552734375,-0.12187795838465568,-0.053963806545699676,
me_seed1,me,1,leg1_paralysed,top_k,0,7,580,1050.427734375,769,1058.6552734375,-0.12187795838465568,-0.053963806545699676,
me_seed1,me,1,leg1_paralysed,top_k,0,8,1005,1080.2738037109375,1005,1072.272705078125,36.985037351735585,16.375835525858395,
me_seed1,me,1,leg1_paralysed,top_k,0,9,949,1057.506103515625,1005,1072.272705078125,36.985037351735585,16.375835525858395,
me_seed1,me,1,leg1_paralysed,top_k,0,10,180,1043.312744140625,1005,1072.272705078125,36.985037351735585,16.375835525858395,
me_seed1,me,1,leg1_paralysed,top_k,0,11,448,1047.969482421875,1005,1072.272705078125,36.985037351735585,16.375835525858395,
me_seed1,me,1,leg1_paralysed,top_k,0,12,49,1055.412353515625,1005,1072.272705078125,36.985037351735585,16.375835525858395,
me_seed1,me,1,leg1_paralysed,top_k,0,13,684,1041.6683349609375,1005,1072.272705078125,36.985037351735585,16.375835525858395,
me_seed1,me,1,leg1_paralysed,top_k,0,14,254,1062.486328125,1005,1072.272705078125,36.985037351735585,16.375835525858395,
me_seed1,me,1,leg1_paralysed,top_k,0,15,614,1054.5369873046875,1005,1072.272705078125,36.985037351735585,16.375835525858395,
me_seed1,me,1,leg1_paralysed,top_k,0,16,197,1065.82177734375,1005,1072.272705078125,36.985037351735585,16.375835525858395,
me_seed1,me,1,leg1_paralysed,top_k,0,17,770,1059.7105712890625,1005,1072.272705078125,36.985037351735585,16.375835525858395,
me_seed1,me,1,leg1_paralysed,top_k,0,18,744,1055.3388671875,1005,1072.272705078125,36.985037351735585,16.375835525858395,
me_seed1,me,1,leg1_paralysed,top_k,0,19,134,1055.2734375,1005,1072.272705078125,36.985037351735585,16.375835525858395,
me_seed1,me,1,leg1_paralysed,top_k,0,20,784,1067.148193359375,1005,1072.272705078125,36.985037351735585,16.375835525858395,
me_seed1,me,1,leg1_paralysed,top_k,1,1,385,1066.0869140625,385,1058.783203125,0.22672493568463822,0.10038681916345905,
me_seed1,me,1,leg1_paralysed,top_k,1,2,170,1078.068603515625,170,1073.564453125,40.50499520005741,17.934364458352974,
me_seed1,me,1,leg1_paralysed,top_k,1,3,769,1057.07666015625,170,1073.564453125,40.50499520005741,17.934364458352974,
me_seed1,me,1,leg1_paralysed,top_k,1,4,793,1072.21630859375,170,1073.564453125,40.50499520005741,17.934364458352974,
me_seed1,me,1,leg1_paralysed,top_k,1,5,661,1069.566650390625,170,1073.564453125,40.50499520005741,17.934364458352974,
me_seed1,me,1,leg1_paralysed,top_k,1,6,504,1057.8427734375,170,1073.564453125,40.50499520005741,17.934364458352974,
me_seed1,me,1,leg1_paralysed,top_k,1,7,580,1055.6806640625,170,1073.564453125,40.50499520005741,17.934364458352974,
me_seed1,me,1,leg1_paralysed,top_k,1,8,1005,1077.49853515625,170,1073.564453125,40.50499520005741,17.934364458352974,
me_seed1,me,1,leg1_paralysed,top_k,1,9,949,1057.615478515625,170,1073.564453125,40.50499520005741,17.934364458352974,
me_seed1,me,1,leg1_paralysed,top_k,1,10,180,1064.6202392578125,170,1073.564453125,40.50499520005741,17.934364458352974,
me_seed1,me,1,leg1_paralysed,top_k,1,11,448,1046.7510986328125,170,1073.564453125,40.50499520005741,17.934364458352974,
me_seed1,me,1,leg1_paralysed,top_k,1,12,49,1057.116455078125,170,1073.564453125,40.50499520005741,17.934364458352974,
me_seed1,me,1,leg1_paralysed,top_k,1,13,684,1077.169921875,170,1073.564453125,40.50499520005741,17.934364458352974,
me_seed1,me,1,leg1_paralysed,top_k,1,14,254,1065.31591796875,170,1073.564453125,40.50499520005741,17.934364458352974,
me_seed1,me,1,leg1_paralysed,top_k,1,15,614,1051.3306884765625,170,1073.564453125,40.50499520005741,17.934364458352974,
me_seed1,me,1,leg1_paralysed,top_k,1,16,197,1059.4378662109375,170,1073.564453125,40.50499520005741,17.934364458352974,
me_seed1,me,1,leg1_paralysed,top_k,1,17,770,1070.564697265625,170,1073.564453125,40.50499520005741,17.934364458352974,
me_seed1,me,1,leg1_paralysed,top_k,1,18,744,1067.7457275390625,170,1073.564453125,40.50499520005741,17.934364458352974,
me_seed1,me,1,leg1_paralysed,top_k,1,19,134,1051.13330078125,170,1073.564453125,40.50499520005741,17.934364458352974,
me_seed1,me,1,leg1_paralysed,top_k,1,20,784,1063.467529296875,170,1073.564453125,40.50499520005741,17.934364458352974,
me_seed1,me,1,leg1_paralysed,top_k,2,1,385,1061.2794189453125,385,1058.783203125,0.22672493568463822,0.10038681916345905,
me_seed1,me,1,leg1_paralysed,top_k,2,2,170,1078.215576171875,170,1073.564453125,40.50499520005741,17.934364458352974,
me_seed1,me,1,leg1_paralysed,top_k,2,3,769,1064.9395751953125,170,1073.564453125,40.50499520005741,17.934364458352974,
me_seed1,me,1,leg1_paralysed,top_k,2,4,793,1071.94921875,170,1073.564453125,40.50499520005741,17.934364458352974,
me_seed1,me,1,leg1_paralysed,top_k,2,5,661,1051.63623046875,170,1073.564453125,40.50499520005741,17.934364458352974,
me_seed1,me,1,leg1_paralysed,top_k,2,6,504,1053.1435546875,170,1073.564453125,40.50499520005741,17.934364458352974,
me_seed1,me,1,leg1_paralysed,top_k,2,7,580,1055.4560546875,170,1073.564453125,40.50499520005741,17.934364458352974,
me_seed1,me,1,leg1_paralysed,top_k,2,8,1005,1078.73291015625,1005,1072.272705078125,36.985037351735585,16.375835525858395,
me_seed1,me,1,leg1_paralysed,top_k,2,9,949,1052.0198974609375,1005,1072.272705078125,36.985037351735585,16.375835525858395,
me_seed1,me,1,leg1_paralysed,top_k,2,10,180,1064.33740234375,1005,1072.272705078125,36.985037351735585,16.375835525858395,
me_seed1,me,1,leg1_paralysed,top_k,2,11,448,1076.572998046875,1005,1072.272705078125,36.985037351735585,16.375835525858395,
me_seed1,me,1,leg1_paralysed,top_k,2,12,49,1063.6865234375,1005,1072.272705078125,36.985037351735585,16.375835525858395,
me_seed1,me,1,leg1_paralysed,top_k,2,13,684,1076.64599609375,1005,1072.272705078125,36.985037351735585,16.375835525858395,
me_seed1,me,1,leg1_paralysed,top_k,2,14,254,1071.876708984375,1005,1072.272705078125,36.985037351735585,16.375835525858395,
me_seed1,me,1,leg1_paralysed,top_k,2,15,614,1068.587646484375,1005,1072.272705078125,36.985037351735585,16.375835525858395,
me_seed1,me,1,leg1_paralysed,top_k,2,16,197,1063.87939453125,1005,1072.272705078125,36.985037351735585,16.375835525858395,
me_seed1,me,1,leg1_paralysed,top_k,2,17,770,1046.563720703125,1005,1072.272705078125,36.985037351735585,16.375835525858395,
me_seed1,me,1,leg1_paralysed,top_k,2,18,744,1053.77587890625,1005,1072.272705078125,36.985037351735585,16.375835525858395,
me_seed1,me,1,leg1_paralysed,top_k,2,19,134,1071.57470703125,1005,1072.272705078125,36.985037351735585,16.375835525858395,
me_seed1,me,1,leg1_paralysed,top_k,2,20,784,1052.047119140625,1005,1072.272705078125,36.985037351735585,16.375835525858395,
me_seed1,me,1,leg1_paralysed,top_k,3,1,385,1046.947021484375,385,1058.783203125,0.22672493568463822,0.10038681916345905,
me_seed1,me,1,leg1_paralysed,top_k,3,2,170,1057.5950927734375,170,1073.564453125,40.50499520005741,17.934364458352974,
me_seed1,me,1,leg1_paralysed,top_k,3,3,769,1059.021240234375,769,1058.6552734375,-0.12187795838465568,-0.053963806545699676,
me_seed1,me,1,leg1_paralysed,top_k,3,4,793,1074.867919921875,793,1071.9254150390625,36.03868693796923,15.95682070702008,
me_seed1,me,1,leg1_paralysed,top_k,3,5,661,1061.01416015625,793,1071.9254150390625,36.03868693796923,15.95682070702008,
me_seed1,me,1,leg1_paralysed,top_k,3,6,504,1052.938720703125,793,1071.9254150390625,36.03868693796923,15.95682070702008,
me_seed1,me,1,leg1_paralysed,top_k,3,7,580,1056.8514404296875,793,1071.9254150390625,36.03868693796923,15.95682070702008,
me_seed1,me,1,leg1_paralysed,top_k,3,8,1005,1079.1015625,1005,1072.272705078125,36.985037351735585,16.375835525858395,
me_seed1,me,1,leg1_paralysed,top_k,3,9,949,1057.257568359375,1005,1072.272705078125,36.985037351735585,16.375835525858395,
me_seed1,me,1,leg1_paralysed,top_k,3,10,180,1059.738525390625,1005,1072.272705078125,36.985037351735585,16.375835525858395,
me_seed1,me,1,leg1_paralysed,top_k,3,11,448,1073.954833984375,1005,1072.272705078125,36.985037351735585,16.375835525858395,
me_seed1,me,1,leg1_paralysed,top_k,3,12,49,1059.1171875,1005,1072.272705078125,36.985037351735585,16.375835525858395,
me_seed1,me,1,leg1_paralysed,top_k,3,13,684,1077.21630859375,1005,1072.272705078125,36.985037351735585,16.375835525858395,
me_seed1,me,1,leg1_paralysed,top_k,3,14,254,1056.81982421875,1005,1072.272705078125,36.985037351735585,16.375835525858395,
me_seed1,me,1,leg1_paralysed,top_k,3,15,614,1058.47412109375,1005,1072.272705078125,36.985037351735585,16.375835525858395,
me_seed1,me,1,leg1_paralysed,top_k,3,16,197,1065.079833984375,1005,1072.272705078125,36.985037351735585,16.375835525858395,
me_seed1,me,1,leg1_paralysed,top_k,3,17,770,1073.00146484375,1005,1072.272705078125,36.985037351735585,16.375835525858395,
me_seed1,me,1,leg1_paralysed,top_k,3,18,744,1055.2203369140625,1005,1072.272705078125,36.985037351735585,16.375835525858395,
me_seed1,me,1,leg1_paralysed,top_k,3,19,134,1071.7803955078125,1005,1072.272705078125,36.985037351735585,16.375835525858395,
me_seed1,me,1,leg1_paralysed,top_k,3,20,784,1068.1051025390625,1005,1072.272705078125,36.985037351735585,16.375835525858395,
me_seed1,me,1,leg1_paralysed,top_k,4,1,385,1064.68603515625,385,1058.783203125,0.22672493568463822,0.10038681916345905,
me_seed1,me,1,leg1_paralysed,top_k,4,2,170,1049.246337890625,385,1058.783203125,0.22672493568463822,0.10038681916345905,
me_seed1,me,1,leg1_paralysed,top_k,4,3,769,1070.110595703125,769,1058.6552734375,-0.12187795838465568,-0.053963806545699676,
me_seed1,me,1,leg1_paralysed,top_k,4,4,793,1072.7945556640625,793,1071.9254150390625,36.03868693796923,15.95682070702008,
me_seed1,me,1,leg1_paralysed,top_k,4,5,661,1058.045654296875,793,1071.9254150390625,36.03868693796923,15.95682070702008,
me_seed1,me,1,leg1_paralysed,top_k,4,6,504,1049.884521484375,793,1071.9254150390625,36.03868693796923,15.95682070702008,
me_seed1,me,1,leg1_paralysed,top_k,4,7,580,1049.959716796875,793,1071.9254150390625,36.03868693796923,15.95682070702008,
me_seed1,me,1,leg1_paralysed,top_k,4,8,1005,1055.200439453125,793,1071.9254150390625,36.03868693796923,15.95682070702008,
me_seed1,me,1,leg1_paralysed,top_k,4,9,949,1053.4541015625,793,1071.9254150390625,36.03868693796923,15.95682070702008,
me_seed1,me,1,leg1_paralysed,top_k,4,10,180,1065.0660400390625,793,1071.9254150390625,36.03868693796923,15.95682070702008,
me_seed1,me,1,leg1_paralysed,top_k,4,11,448,1045.7889404296875,793,1071.9254150390625,36.03868693796923,15.95682070702008,
me_seed1,me,1,leg1_paralysed,top_k,4,12,49,1060.3836669921875,793,1071.9254150390625,36.03868693796923,15.95682070702008,
me_seed1,me,1,leg1_paralysed,top_k,4,13,684,1067.708740234375,793,1071.9254150390625,36.03868693796923,15.95682070702008,
me_seed1,me,1,leg1_paralysed,top_k,4,14,254,1060.9173583984375,793,1071.9254150390625,36.03868693796923,15.95682070702008,
me_seed1,me,1,leg1_paralysed,top_k,4,15,614,1059.42041015625,793,1071.9254150390625,36.03868693796923,15.95682070702008,
me_seed1,me,1,leg1_paralysed,top_k,4,16,197,1059.70458984375,793,1071.9254150390625,36.03868693796923,15.95682070702008,
me_seed1,me,1,leg1_paralysed,top_k,4,17,770,1068.60986328125,793,1071.9254150390625,36.03868693796923,15.95682070702008,
me_seed1,me,1,leg1_paralysed,top_k,4,18,744,1068.835693359375,793,1071.9254150390625,36.03868693796923,15.95682070702008,
me_seed1,me,1,leg1_paralysed,top_k,4,19,134,1051.2967529296875,793,1071.9254150390625,36.03868693796923,15.95682070702008,
me_seed1,me,1,leg1_paralysed,top_k,4,20,784,1053.0946044921875,793,1071.9254150390625,36.03868693796923,15.95682070702008,
me_seed1,me,1,leg1_paralysed,best_intact,0,1,385,1049.539794921875,385,1058.783203125,0.22672493568463822,0.10038681916345905,
me_seed1,me,1,leg1_paralysed,best_intact,1,1,385,1067.7806396484375,385,1058.783203125,0.22672493568463822,0.10038681916345905,
me_seed1,me,1,leg1_paralysed,best_intact,2,1,385,1062.4530029296875,385,1058.783203125,0.22672493568463822,0.10038681916345905,
me_seed1,me,1,leg1_paralysed,best_intact,3,1,385,1044.0201416015625,385,1058.783203125,0.22672493568463822,0.10038681916345905,
me_seed1,me,1,leg1_paralysed,best_intact,4,1,385,1039.3634033203125,385,1058.783203125,0.22672493568463822,0.10038681916345905,
me_seed1,me,1,leg2_paralysed,ite,0,1,385,1055.256591796875,385,1059.9832763671875,5.00679631903343,1.5483076219752334,
me_seed1,me,1,leg2_paralysed,ite,0,2,613,1056.20166015625,613,1058.5557861328125,-0.5626609184510177,-0.17399792863822292,
me_seed1,me,1,leg2_paralysed,ite,0,3,407,1060.189208984375,407,1060.992431640625,8.944089202758754,2.7658807352744845,
me_seed1,me,1,leg2_paralysed,ite,0,4,878,1048.83349609375,407,1060.992431640625,8.944089202758754,2.7658807352744845,
me_seed1,me,1,leg2_paralysed,ite,0,5,165,1057.9334716796875,407,1060.992431640625,8.944089202758754,2.7658807352744845,
me_seed1,me,1,leg2_paralysed,ite,0,6,552,1051.9833984375,407,1060.992431640625,8.944089202758754,2.7658807352744845,
me_seed1,me,1,leg2_paralysed,ite,0,7,170,1056.8046875,407,1060.992431640625,8.944089202758754,2.7658807352744845,
me_seed1,me,1,leg2_paralysed,ite,0,8,143,1046.26025390625,407,1060.992431640625,8.944089202758754,2.7658807352744845,
me_seed1,me,1,leg2_paralysed,ite,0,9,646,1058.72509765625,407,1060.992431640625,8.944089202758754,2.7658807352744845,
me_seed1,me,1,leg2_paralysed,ite,0,10,613,1058.7574462890625,407,1060.992431640625,8.944089202758754,2.7658807352744845,
me_seed1,me,1,leg2_paralysed,ite,0,11,165,1055.52978515625,407,1060.992431640625,8.944089202758754,2.7658807352744845,
me_seed1,me,1,leg2_paralysed,ite,0,12,385,1056.38525390625,407,1060.992431640625,8.944089202758754,2.7658807352744845,
me_seed1,me,1,leg2_paralysed,ite,0,13,407,1060.9384765625,407,1060.992431640625,8.944089202758754,2.7658807352744845,
me_seed1,me,1,leg2_paralysed,ite,0,14,504,1060.82568359375,407,1060.992431640625,8.944089202758754,2.7658807352744845,
me_seed1,me,1,leg2_paralysed,ite,0,15,613,1055.7568359375,407,1060.992431640625,8.944089202758754,2.7658807352744845,
me_seed1,me,1,leg2_paralysed,ite,0,16,407,1058.4710693359375,407,1060.992431640625,8.944089202758754,2.7658807352744845,
me_seed1,me,1,leg2_paralysed,ite,0,17,170,1055.062255859375,407,1060.992431640625,8.944089202758754,2.7658807352744845,
me_seed1,me,1,leg2_paralysed,ite,0,18,165,1056.18212890625,407,1060.992431640625,8.944089202758754,2.7658807352744845,
me_seed1,me,1,leg2_paralysed,ite,0,19,385,1058.2491455078125,407,1060.992431640625,8.944089202758754,2.7658807352744845,
me_seed1,me,1,leg2_paralysed,ite,0,20,613,1054.638427734375,407,1060.992431640625,8.944089202758754,2.7658807352744845,
me_seed1,me,1,leg2_paralysed,ite,1,1,385,1058.09765625,385,1059.9832763671875,5.00679631903343,1.5483076219752334,13
me_seed1,me,1,leg2_paralysed,ite,1,2,613,1060.73974609375,613,1058.5557861328125,-0.5626609184510177,-0.17399792863822292,13
me_seed1,me,1,leg2_paralysed,ite,1,3,407,1060.096435546875,613,1058.5557861328125,-0.5626609184510177,-0.17399792863822292,13
me_seed1,me,1,leg2_paralysed,ite,1,4,878,1054.0958251953125,613,1058.5557861328125,-0.5626609184510177,-0.17399792863822292,13
me_seed1,me,1,leg2_paralysed,ite,1,5,165,1056.871826171875,613,1058.5557861328125,-0.5626609184510177,-0.17399792863822292,13
me_seed1,me,1,leg2_paralysed,ite,1,6,552,1055.884521484375,613,1058.5557861328125,-0.5626609184510177,-0.17399792863822292,13
me_seed1,me,1,leg2_paralysed,ite,1,7,170,1055.713134765625,613,1058.5557861328125,-0.5626609184510177,-0.17399792863822292,13
me_seed1,me,1,leg2_paralysed,ite,1,8,143,1046.400146484375,613,1058.5557861328125,-0.5626609184510177,-0.17399792863822292,13
me_seed1,me,1,leg2_paralysed,ite,1,9,613,1058.7537841796875,613,1058.5557861328125,-0.5626609184510177,-0.17399792863822292,13
me_seed1,me,1,leg2_paralysed,ite,1,10,385,1060.683837890625,613,1058.5557861328125,-0.5626609184510177,-0.17399792863822292,13
me_seed1,me,1,leg2_paralysed,ite,1,11,646,1065.515625,646,1059.0433349609375,1.3395463849962959,0.4142429101808419,13
me_seed1,me,1,leg2_paralysed,ite,1,12,165,1055.9730224609375,646,1059.0433349609375,1.3395463849962959,0.4142429101808419,13
me_seed1,me,1,leg2_paralysed,ite,1,13,613,1059.5819091796875,646,1059.0433349609375,1.3395463849962959,0.4142429101808419,13
me_seed1,me,1,leg2_paralysed,ite,1,14,504,1058.6298828125,646,1059.0433349609375,1.3395463849962959,0.4142429101808419,13
me_seed1,me,1,leg2_paralysed,ite,1,15,646,1060.58544921875,646,1059.0433349609375,1.3395463849962959,0.4142429101808419,13
me_seed1,me,1,leg2_paralysed,ite,1,16,407,1057.5433349609375,646,1059.0433349609375,1.3395463849962959,0.4142429101808419,13
me_seed1,me,1,leg2_paralysed,ite,1,17,385,1057.05029296875,646,1059.0433349609375,1.3395463849962959,0.4142429101808419,13
me_seed1,me,1,leg2_paralysed,ite,1,18,613,1052.6087646484375,646,1059.0433349609375,1.3395463849962959,0.4142429101808419,13
me_seed1,me,1,leg2_paralysed,ite,1,19,878,1056.998291015625,646,1059.0433349609375,1.3395463849962959,0.4142429101808419,13
me_seed1,me,1,leg2_paralysed,ite,1,20,646,1059.04296875,646,1059.0433349609375,1.3395463849962959,0.4142429101808419,13
me_seed1,me,1,leg2_paralysed,ite,2,1,385,1063.119384765625,385,1059.9832763671875,5.00679631903343,1.5483076219752334,13
me_seed1,me,1,leg2_paralysed,ite,2,2,613,1066.4276123046875,613,1058.5557861328125,-0.5626609184510177,-0.17399792863822292,13
me_seed1,me,1,leg2_paralysed,ite,2,3,407,1060.986083984375,613,1058.5557861328125,-0.5626609184510177,-0.17399792863822292,13
me_seed1,me,1,leg2_paralysed,ite,2,4,878,1056.03515625,613,1058.5557861328125,-0.5626609184510177,-0.17399792863822292,13
me_seed1,me,1,leg2_paralysed,ite,2,5,165,1055.0789794921875,613,1058.5557861328125,-0.5626609184510177,-0.17399792863822292,13
me_seed1,me,1,leg2_paralysed,ite,2,6,552,1052.083251953125,613,1058.5557861328125,-0.5626609184510177,-0.17399792863822292,13
me_seed1,me,1,leg2_paralysed,ite,2,7,504,1054.482666015625,613,1058.5557861328125,-0.5626609184510177,-0.17399792863822292,13
me_seed1,me,1,leg2_paralysed,ite,2,8,613,1055.3763427734375,613,1058.5557861328125,-0.5626609184510177,-0.17399792863822292,13
me_seed1,me,1,leg2_paralysed,ite,2,9,143,1046.640380859375,613,1058.5557861328125,-0.5626609184510177,-0.17399792863822292,13
me_seed1,me,1,leg2_paralysed,ite,2,10,170,1055.37158203125,613,1058.5557861328125,-0.5626609184510177,-0.17399792863822292,13
me_seed1,me,1,leg2_paralysed,ite,2,11,646,1061.6025390625,613,1058.5557861328125,-0.5626609184510177,-0.17399792863822292,13
me_seed1,me,1,leg2_paralysed,ite,2,12,385,1061.083740234375,613,1058.5557861328125,-0.5626609184510177,-0.17399792863822292,13
me_seed1,me,1,leg2_paralysed,ite,2,13,613,1057.4840087890625,613,1058.5557861328125,-0.5626609184510177,-0.17399792863822292,13
me_seed1,me,1,leg2_paralysed,ite,2,14,165,1059.61376953125,613,1058.5557861328125,-0.5626609184510177,-0.17399792863822292,13
me_seed1,me,1,leg2_paralysed,ite,2,15,407,1061.5087890625,613,1058.5557861328125,-0.5626609184510177,-0.17399792863822292,13
me_seed1,me,1,leg2_paralysed,ite,2,16,385,1060.207763671875,613,1058.5557861328125,-0.5626609184510177,-0.17399792863822292,13
me_seed1,me,1,leg2_paralysed,ite,2,17,613,1055.58837890625,613,1058.5557861328125,-0.5626609184510177,-0.17399792863822292,13
me_seed1,me,1,leg2_paralysed,ite,2,18,878,1053.7132568359375,613,1058.5557861328125,-0.5626609184510177,-0.17399792863822292,13
me_seed1,me,1,leg2_paralysed,ite,2,19,385,1059.556884765625,613,1058.5557861328125,-0.5626609184510177,-0.17399792863822292,13
me_seed1,me,1,leg2_paralysed,ite,2,20,407,1060.907470703125,613,1058.5557861328125,-0.5626609184510177,-0.17399792863822292,13
me_seed1,me,1,leg2_paralysed,ite,3,1,385,1060.02783203125,385,1059.9832763671875,5.00679631903343,1.5483076219752334,
me_seed1,me,1,leg2_paralysed,ite,3,2,613,1054.9986572265625,385,1059.9832763671875,5.00679631903343,1.5483076219752334,
me_seed1,me,1,leg2_paralysed,ite,3,3,407,1061.988037109375,407,1060.992431640625,8.944089202758754,2.7658807352744845,
me_seed1,me,1,leg2_paralysed,ite,3,4,878,1044.013427734375,407,1060.992431640625,8.944089202758754,2.7658807352744845,
me_seed1,me,1,leg2_paralysed,ite,3,5,165,1060.7694091796875,407,1060.992431640625,8.944089202758754,2.7658807352744845,
me_seed1,me,1,leg2_paralysed,ite,3,6,552,1059.4130859375,407,1060.992431640625,8.944089202758754,2.7658807352744845,
me_seed1,me,1,leg2_paralysed,ite,3,7,170,1062.073974609375,170,1057.947509765625,-2.935895518620763,-0.9078998064137362,
me_seed1,me,1,leg2_paralysed,ite,3,8,143,1046.458740234375,170,1057.947509765625,-2.935895518620763,-0.9078998064137362,
me_seed1,me,1,leg2_paralysed,ite,3,9,385,1057.71875,170,1057.947509765625,-2.935895518620763,-0.9078998064137362,
me_seed1,me,1,leg2_paralysed,ite,3,10,646,1057.0364990234375,170,1057.947509765625,-2.935895518620763,-0.9078998064137362,
me_seed1,me,1,leg2_paralysed,ite,3,11,165,1054.372314453125,170,1057.947509765625,-2.935895518620763,-0.9078998064137362,
me_seed1,me,1,leg2_paralysed,ite,3,12,170,1059.41845703125,170,1057.947509765625,-2.935895518620763,-0.9078998064137362,
me_seed1,me,1,leg2_paralysed,ite,3,13,613,1060.230224609375,170,1057.947509765625,-2.935895518620763,-0.9078998064137362,
me_seed1,me,1,leg2_paralysed,ite,3,14,407,1061.84765625,170,1057.947509765625,-2.935895518620763,-0.9078998064137362,
me_seed1,me,1,leg2_paralysed,ite,3,15,504,1060.360595703125,170,1057.947509765625,-2.935895518620763,-0.9078998064137362,
me_seed1,me,1,leg2_paralysed,ite,3,16,552,1056.543212890625,170,1057.947509765625,-2.935895518620763,-0.9078998064137362,
me_seed1,me,1,leg2_paralysed,ite,3,17,385,1061.410888671875,170,1057.947509765625,-2.935895518620763,-0.9078998064137362,
me_seed1,me,1,leg2_paralysed,ite,3,18,613,1059.3287353515625,170,1057.947509765625,-2.935895518620763,-0.9078998064137362,
me_seed1,me,1,leg2_paralysed,ite,3,19,407,1062.35205078125,407,1060.992431640625,8.944089202758754,2.7658807352744845,
me_seed1,me,1,leg2_paralysed,ite,3,20,385,1060.2928466796875,407,1060.992431640625,8.944089202758754,2.7658807352744845,
me_seed1,me,1,leg2_paralysed,ite,4,1,385,1059.589599609375,385,1059.9832763671875,5.00679631903343,1.5483076219752334,
me_seed1,me,1,leg2_paralysed,ite,4,2,613,1056.16650390625,385,1059.9832763671875,5.00679631903343,1.5483076219752334,
me_seed1,me,1,leg2_paralysed,ite,4,3,407,1061.15380859375,407,1060.992431640625,8.944089202758754,2.7658807352744845,
me_seed1,me,1,leg2_paralysed,ite,4,4,878,1054.076904296875,407,1060.992431640625,8.944089202758754,2.7658807352744845,
me_seed1,me,1,leg2_paralysed,ite,4,5,165,1057.154052734375,407,1060.992431640625,8.944089202758754,2.7658807352744845,
me_seed1,me,1,leg2_paralysed,ite,4,6,552,1056.8572998046875,407,1060.992431640625,8.944089202758754,2.7658807352744845,
me_seed1,me,1,leg2_paralysed,ite,4,7,170,1055.479736328125,407,1060.992431640625,8.944089202758754,2.7658807352744845,
me_seed1,me,1,leg2_paralysed,ite,4,8,143,1046.800537109375,407,1060.992431640625,8.944089202758754,2.7658807352744845,
me_seed1,me,1,leg2_paralysed,ite,4,9,646,1061.8203125,646,1059.0433349609375,1.3395463849962959,0.4142429101808419,
me_seed1,me,1,leg2_paralysed,ite,4,10,385,1058.1612548828125,646,1059.0433349609375,1.3395463849962959,0.4142429101808419,
me_seed1,me,1,leg2_paralysed,ite,4,11,613,1056.127685546875,646,1059.0433349609375,1.3395463849962959,0.4142429101808419,
me_seed1,me,1,leg2_paralysed,ite,4,12,165,1056.0670166015625,646,1059.0433349609375,1.3395463849962959,0.4142429101808419,
me_seed1,me,1,leg2_paralysed,ite,4,13,407,1059.972412109375,646,1059.0433349609375,1.3395463849962959,0.4142429101808419,
me_seed1,me,1,leg2_paralysed,ite,4,14,504,1058.864501953125,646,1059.0433349609375,1.3395463849962959,0.4142429101808419,
me_seed1,me,1,leg2_paralysed,ite,4,15,385,1059.5791015625,646,1059.0433349609375,1.3395463849962959,0.4142429101808419,
me_seed1,me,1,leg2_paralysed,ite,4,16,613,1056.958740234375,646,1059.0433349609375,1.3395463849962959,0.4142429101808419,
me_seed1,me,1,leg2_paralysed,ite,4,17,552,1057.9638671875,646,1059.0433349609375,1.3395463849962959,0.4142429101808419,
me_seed1,me,1,leg2_paralysed,ite,4,18,407,1057.98779296875,646,1059.0433349609375,1.3395463849962959,0.4142429101808419,
me_seed1,me,1,leg2_paralysed,ite,4,19,878,1046.31103515625,646,1059.0433349609375,1.3395463849962959,0.4142429101808419,
me_seed1,me,1,leg2_paralysed,ite,4,20,646,1054.6029052734375,646,1059.0433349609375,1.3395463849962959,0.4142429101808419,
me_seed1,me,1,leg2_paralysed,top_k,0,1,385,1055.173095703125,385,1059.9832763671875,5.00679631903343,1.5483076219752334,
me_seed1,me,1,leg2_paralysed,top_k,0,2,170,1055.69287109375,170,1057.947509765625,-2.935895518620763,-0.9078998064137362,
me_seed1,me,1,leg2_paralysed,top_k,0,3,769,1054.85107421875,170,1057.947509765625,-2.935895518620763,-0.9078998064137362,
me_seed1,me,1,leg2_paralysed,top_k,0,4,793,1061.2857666015625,793,1062.456298828125,14.655473775352691,4.5320760630456975,
me_seed1,me,1,leg2_paralysed,top_k,0,5,661,1056.49853515625,793,1062.456298828125,14.655473775352691,4.5320760630456975,
me_seed1,me,1,leg2_paralysed,top_k,0,6,504,1056.427978515625,793,1062.456298828125,14.655473775352691,4.5320760630456975,
me_seed1,me,1,leg2_paralysed,top_k,0,7,580,1060.1832275390625,793,1062.456298828125,14.655473775352691,4.5320760630456975,
me_seed1,me,1,leg2_paralysed,top_k,0,8,1005,1056.697509765625,793,1062.456298828125,14.655473775352691,4.5320760630456975,
me_seed1,me,1,leg2_paralysed,top_k,0,9,949,1059.892822265625,793,1062.456298828125,14.655473775352691,4.5320760630456975,
me_seed1,me,1,leg2_paralysed,top_k,0,10,180,1062.324462890625,180,1065.7374267578125,27.45703364249349,8.490845593996536,
me_seed1,me,1,leg2_paralysed,top_k,0,11,448,1059.0328369140625,180,1065.7374267578125,27.45703364249349,8.490845593996536,
me_seed1,me,1,leg2_paralysed,top_k,0,12,49,1055.6112060546875,180,1065.7374267578125,27.45703364249349,8.490845593996536,
me_seed1,me,1,leg2_paralysed,top_k,0,13,684,1058.861572265625,180,1065.7374267578125,27.45703364249349,8.490845593996536,
me_seed1,me,1,leg2_paralysed,top_k,0,14,254,1062.364501953125,254,1059.500732421875,3.1241159308193014,0.9661053095436452,
me_seed1,me,1,leg2_paralysed,top_k,0,15,614,1061.3280029296875,254,1059.500732421875,3.1241159308193014,0.9661053095436452,
me_seed1,me,1,leg2_paralysed,top_k,0,16,197,1060.6561279296875,254,1059.500732421875,3.1241159308193014,0.9661053095436452,
me_seed1,me,1,leg2_paralysed,top_k,0,17,770,1057.6116943359375,254,1059.500732421875,3.1241159308193014,0.9661053095436452,
me_seed1,me,1,leg2_paralysed,top_k,0,18,744,1059.6890869140625,254,1059.500732421875,3.1241159308193014,0.9661053095436452,
me_seed1,me,1,leg2_paralysed,top_k,0,19,134,1061.77099609375,254,1059.500732421875,3.1241159308193014,0.9661053095436452,
me_seed1,me,1,leg2_paralysed,top_k,0,20,784,1058.1881103515625,254,1059.500732421875,3.1241159308193014,0.9661053095436452,
me_seed1,me,1,leg2_paralysed,top_k,1,1,385,1059.318603515625,385,1059.9832763671875,5.00679631903343,1.5483076219752334,
me_seed1,me,1,leg2_paralysed,top_k,1,2,170,1059.603271484375,170,1057.947509765625,-2.935895518620763,-0.9078998064137362,
me_seed1,me,1,leg2_paralysed,top_k,1,3,769,1058.53466796875,170,1057.947509765625,-2.935895518620763,-0.9078998064137362,
me_seed1,me,1,leg2_paralysed,top_k,1,4,793,1061.5654296875,793,1062.456298828125,14.655473775352691,4.5320760630456975,
me_seed1,me,1,leg2_paralysed,top_k,1,5,661,1057.710205078125,793,1062.456298828125,14.655473775352691,4.5320760630456975,
me_seed1,me,1,leg2_paralysed,top_k,1,6,504,1059.9449462890625,793,1062.456298828125,14.655473775352691,4.5320760630456975,
me_seed1,me,1,leg2_paralysed,top_k,1,7,580,1059.1563720703125,793,1062.456298828125,14.655473775352691,4.5320760630456975,
me_seed1,me,1,leg2_paralysed,top_k,1,8,1005,1054.3502197265625,793,1062.456298828125,14.655473775352691,4.5320760630456975,
me_seed1,me,1,leg2_paralysed,top_k,1,9,949,1058.22412109375,793,1062.456298828125,14.655473775352691,4.5320760630456975,
me_seed1,me,1,leg2_paralysed,top_k,1,10,180,1065.99951171875,180,1065.7374267578125,27.45703364249349,8.490845593996536,
me_seed1,me,1,leg2_paralysed,top_k,1,11,448,1056.572998046875,180,1065.7374267578125,27.45703364249349,8.490845593996536,
me_seed1,me,1,leg2_paralysed,top_k,1,12,49,1059.6806640625,180,1065.7374267578125,27.45703364249349,8.490845593996536,
me_seed1,me,1,leg2_paralysed,top_k,1,13,684,1060.349853515625,180,1065.7374267578125,27.45703364249349,8.490845593996536,
me_seed1,me,1,leg2_paralysed,top_k,1,14,254,1059.8184814453125,180,1065.7374267578125,27.45703364249349,8.490845593996536,
me_seed1,me,1,leg2_paralysed,top_k,1,15,614,1059.629150390625,180,1065.7374267578125,27.45703364249349,8.490845593996536,
me_seed1,me,1,leg2_paralysed,top_k,1,16,197,1055.5836181640625,180,1065.7374267578125,27.45703364249349,8.490845593996536,
me_seed1,me,1,leg2_paralysed,top_k,1,17,770,1053.7264404296875,180,1065.7374267578125,27.45703364249349,8.490845593996536,
me_seed1,me,1,leg2_paralysed,top_k,1,18,744,1063.21728515625,180,1065.7374267578125,27.45703364249349,8.490845593996536,
me_seed1,me,1,leg2_paralysed,top_k,1,19,134,1059.567138671875,180,1065.7374267578125,27.45703364249349,8.490845593996536,
me_seed1,me,1,leg2_paralysed,top_k,1,20,784,1055.4959716796875,180,1065.7374267578125,27.45703364249349,8.490845593996536,
me_seed1,me,1,leg2_paralysed,top_k,2,1,385,1060.496826171875,385,1059.9832763671875,5.00679631903343,1.5483076219752334,
me_seed1,me,1,leg2_paralysed,top_k,2,2,170,1056.2159423828125,385,1059.9832763671875,5.00679631903343,1.5483076219752334,
me_seed1,me,1,leg2_paralysed,top_k,2,3,769,1061.365234375,769,1060.613037109375,7.46385377483831,2.3081309788774758,
me_seed1,me,1,leg2_paralysed,top_k,2,4,793,1061.447998046875,793,1062.456298828125,14.655473775352691,4.5320760630456975,
me_seed1,me,1,leg2_paralysed,top_k,2,5,661,1057.3363037109375,793,1062.456298828125,14.655473775352691,4.5320760630456975,
me_seed1,me,1,leg2_paralysed,top_k,2,6,504,1058.893798828125,793,1062.456298828125,14.655473775352691,4.5320760630456975,
me_seed1,me,1,leg2_paralysed,top_k,2,7,580,1055.6868896484375,793,1062.456298828125,14.655473775352691,4.5320760630456975,
me_seed1,me,1,leg2_paralysed,top_k,2,8,1005,1056.78515625,793,1062.456298828125,14.655473775352691,4.5320760630456975,
me_seed1,me,1,leg2_paralysed,top_k,2,9,949,1059.046630859375,793,1062.456298828125,14.655473775352691,4.5320760630456975,
me_seed1,me,1,leg2_paralysed,top_k,2,10,180,1064.8638916015625,180,1065.7374267578125,27.45703364249349,8.490845593996536,
me_seed1,me,1,leg2_paralysed,top_k,2,11,448,1058.2421875,180,1065.7374267578125,27.45703364249349,8.490845593996536,
me_seed1,me,1,leg2_paralysed,top_k,2,12,49,1060.1920166015625,180,1065.7374267578125,27.45703364249349,8.490845593996536,
me_seed1,me,1,leg2_paralysed,top_k,2,13,684,1055.657958984375,180,1065.7374267578125,27.45703364249349,8.490845593996536,
me_seed1,me,1,leg2_paralysed,top_k,2,14,254,1057.6800537109375,180,1065.7374267578125,27.45703364249349,8.490845593996536,
me_seed1,me,1,leg2_paralysed,top_k,2,15,614,1062.800537109375,180,1065.7374267578125,27.45703364249349,8.490845593996536,
me_seed1,me,1,leg2_paralysed,top_k,2,16,197,1056.597900390625,180,1065.7374267578125,27.45703364249349,8.490845593996536,
me_seed1,me,1,leg2_paralysed,top_k,2,17,770,1057.20849609375,180,1065.7374267578125,27.45703364249349,8.490845593996536,
me_seed1,me,1,leg2_paralysed,top_k,2,18,744,1062.1240234375,180,1065.7374267578125,27.45703364249349,8.490845593996536,
me_seed1,me,1,leg2_paralysed,top_k,2,19,134,1060.804443359375,180,1065.7374267578125,27.45703364249349,8.490845593996536,
me_seed1,me,1,leg2_paralysed,top_k,2,20,784,1055.1612548828125,180,1065.7374267578125,27.45703364249349,8.490845593996536,
me_seed1,me,1,leg2_paralysed,top_k,3,1,385,1056.069091796875,385,1059.9832763671875,5.00679631903343,1.5483076219752334,
me_seed1,me,1,leg2_paralysed,top_k,3,2,170,1059.03857421875,170,1057.947509765625,-2.935895518620763,-0.9078998064137362,
me_seed1,me,1,leg2_paralysed,top_k,3,3,769,1056.2296142578125,170,1057.947509765625,-2.935895518620763,-0.9078998064137362,
me_seed1,me,1,leg2_paralysed,top_k,3,4,793,1059.63671875,793,1062.456298828125,14.655473775352691,4.5320760630456975,
me_seed1,me,1,leg2_paralysed,top_k,3,5,661,1054.736572265625,793,1062.456298828125,14.655473775352691,4.5320760630456975,
me_seed1,me,1,leg2_paralysed,top_k,3,6,504,1060.33837890625,504,1059.86279296875,4.536721554761398,1.4029411452815888,
me_seed1,me,1,leg2_paralysed,top_k,3,7,580,1058.05810546875,504,1059.86279296875,4.536721554761398,1.4029411452815888,
me_seed1,me,1,leg2_paralysed,top_k,3,8,1005,1059.5863037109375,504,1059.86279296875,4.536721554761398,1.4029411452815888,
me_seed1,me,1,leg2_paralysed,top_k,3,9,949,1056.2862548828125,504,1059.86279296875,4.536721554761398,1.4029411452815888,
me_seed1,me,1,leg2_paralysed,top_k,3,10,180,1063.032958984375,180,1065.7374267578125,27.45703364249349,8.490845593996536,
me_seed1,me,1,leg2_paralysed,top_k,3,11,448,1056.200439453125,180,1065.7374267578125,27.45703364249349,8.490845593996536,
me_seed1,me,1,leg2_paralysed,top_k,3,12,49,1055.5750732421875,180,1065.7374267578125,27.45703364249349,8.490845593996536,
me_seed1,me,1,leg2_paralysed,top_k,3,13,684,1054.303466796875,180,1065.7374267578125,27.45703364249349,8.490845593996536,
me_seed1,me,1,leg2_paralysed,top_k,3,14,254,1061.163330078125,180,1065.7374267578125,27.45703364249349,8.490845593996536,
me_seed1,me,1,leg2_paralysed,top_k,3,15,614,1059.9576416015625,180,1065.7374267578125,27.45703364249349,8.490845593996536,
me_seed1,me,1,leg2_paralysed,top_k,3,16,197,1063.55322265625,197,1055.49072265625,-12.521229566988474,-3.872079857007752,
me_seed1,me,1,leg2_paralysed,top_k,3,17,770,1056.695068359375,197,1055.49072265625,-12.521229566988474,-3.872079857007752,
me_seed1,me,1,leg2_paralysed,top_k,3,18,744,1063.59912109375,744,1059.34912109375,2.5325932791213637,0.7831821443425239,
me_seed1,me,1,leg2_paralysed,top_k,3,19,134,1059.027099609375,744,1059.34912109375,2.5325932791213637,0.7831821443425239,
me_seed1,me,1,leg2_paralysed,top_k,3,20,784,1058.05859375,744,1059.34912109375,2.5325932791213637,0.7831821443425239,
me_seed1,me,1,leg2_paralysed,top_k,4,1,385,1058.6170654296875,385,1059.9832763671875,5.00679631903343,1.5483076219752334,
me_seed1,me,1,leg2_paralysed,top_k,4,2,170,1056.693603515625,385,1059.9832763671875,5.00679631903343,1.5483076219752334,
me_seed1,me,1,leg2_paralysed,top_k,4,3,769,1057.378662109375,385,1059.9832763671875,5.00679631903343,1.5483076219752334,
me_seed1,me,1,leg2_paralysed,top_k,4,4,793,1060.318359375,793,1062.456298828125,14.655473775352691,4.5320760630456975,
me_seed1,me,1,leg2_paralysed,top_k,4,5,661,1054.81103515625,793,1062.456298828125,14.655473775352691,4.5320760630456975,
me_seed1,me,1,leg2_paralysed,top_k,4,6,504,1061.0037841796875,504,1059.86279296875,4.536721554761398,1.4029411452815888,
me_seed1,me,1,leg2_paralysed,top_k,4,7,580,1053.5107421875,504,1059.86279296875,4.536721554761398,1.4029411452815888,
me_seed1,me,1,leg2_paralysed,top_k,4,8,1005,1058.435791015625,504,1059.86279296875,4.536721554761398,1.4029411452815888,
me_seed1,me,1,leg2_paralysed,top_k,4,9,949,1057.2611083984375,504,1059.86279296875,4.536721554761398,1.4029411452815888,
me_seed1,me,1,leg2_paralysed,top_k,4,10,180,1061.941162109375,180,1065.7374267578125,27.45703364249349,8.490845593996536,
me_seed1,me,1,leg2_paralysed,top_k,4,11,448,1057.986328125,180,1065.7374267578125,27.45703364249349,8.490845593996536,
me_seed1,me,1,leg2_paralysed,top_k,4,12,49,1061.155029296875,180,1065.7374267578125,27.45703364249349,8.490845593996536,
me_seed1,me,1,leg2_paralysed,top_k,4,13,684,1056.5001220703125,180,1065.7374267578125,27.45703364249349,8.490845593996536,
me_seed1,me,1,leg2_paralysed,top_k,4,14,254,1060.4912109375,180,1065.7374267578125,27.45703364249349,8.490845593996536,
me_seed1,me,1,leg2_paralysed,top_k,4,15,614,1060.5069580078125,180,1065.7374267578125,27.45703364249349,8.490845593996536,
me_seed1,me,1,leg2_paralysed,top_k,4,16,197,1057.69921875,180,1065.7374267578125,27.45703364249349,8.490845593996536,
me_seed1,me,1,leg2_paralysed,top_k,4,17,770,1057.06396484375,180,1065.7374267578125,27.45703364249349,8.490845593996536,
me_seed1,me,1,leg2_paralysed,top_k,4,18,744,1062.6484375,744,1059.34912109375,2.5325932791213637,0.7831821443425239,
me_seed1,me,1,leg2_paralysed,top_k,4,19,134,1058.201171875,744,1059.34912109375,2.5325932791213637,0.7831821443425239,
me_seed1,me,1,leg2_paralysed,top_k,4,20,784,1055.5814208984375,744,1059.34912109375,2.5325932791213637,0.7831821443425239,
me_seed1,me,1,leg2_paralysed,best_intact,0,1,385,1064.277099609375,385,1059.9832763671875,5.00679631903343,1.5483076219752334,
me_seed1,me,1,leg2_paralysed,best_intact,1,1,385,1059.4730224609375,385,1059.9832763671875,5.00679631903343,1.5483076219752334,
me_seed1,me,1,leg2_paralysed,best_intact,2,1,385,1055.743408203125,385,1059.9832763671875,5.00679631903343,1.5483076219752334,
me_seed1,me,1,leg2_paralysed,best_intact,3,1,385,1059.6318359375,385,1059.9832763671875,5.00679631903343,1.5483076219752334,
me_seed1,me,1,leg2_paralysed,best_intact,4,1,385,1061.486328125,385,1059.9832763671875,5.00679631903343,1.5483076219752334,
me_seed1,me,1,leg3_paralysed,ite,0,1,385,1073.951904296875,385,1063.615966796875,10.251906340960648,5.9312468113634536,9
me_seed1,me,1,leg3_paralysed,ite,0,2,613,1067.60791015625,385,1063.615966796875,10.251906340960648,5.9312468113634536,9
me_seed1,me,1,leg3_paralysed,ite,0,3,407,1059.46923828125,385,1063.615966796875,10.251906340960648,5.9312468113634536,9
me_seed1,me,1,leg3_paralysed,ite,0,4,878,1043.10693359375,385,1063.615966796875,10.251906340960648,5.9312468113634536,9
me_seed1,me,1,leg3_paralysed,ite,0,5,165,1065.3287353515625,385,1063.615966796875,10.251906340960648,5.9312468113634536,9
me_seed1,me,1,leg3_paralysed,ite,0,6,769,1050.409423828125,385,1063.615966796875,10.251906340960648,5.9312468113634536,9
me_seed1,me,1,leg3_paralysed,ite,0,7,613,1076.4285888671875,613,1059.193359375,1.0288666123924335,0.5952514206737389,9
me_seed1,me,1,leg3_paralysed,ite,0,8,385,1063.984375,613,1059.193359375,1.0288666123924335,0.5952514206737389,9
me_seed1,me,1,leg3_paralysed,ite,0,9,613,1059.070068359375,613,1059.193359375,1.0288666123924335,0.5952514206737389,9
me_seed1,me,1,leg3_paralysed,ite,0,10,552,1066.6964111328125,613,1059.193359375,1.0288666123924335,0.5952514206737389,9
me_seed1,me,1,leg3_paralysed,ite,0,11,143,1026.43408203125,613,1059.193359375,1.0288666123924335,0.5952514206737389,9
me_seed1,me,1,leg3_paralysed,ite,0,12,165,1065.84228515625,613,1059.193359375,1.0288666123924335,0.5952514206737389,9
me_seed1,me,1,leg3_paralysed,ite,0,13,646,1070.609619140625,613,1059.193359375,1.0288666123924335,0.5952514206737389,9
me_seed1,me,1,leg3_paralysed,ite,0,14,385,1066.1495361328125,613,1059.193359375,1.0288666123924335,0.5952514206737389,9
me_seed1,me,1,leg3_paralysed,ite,0,15,613,1067.539794921875,613,1059.193359375,1.0288666123924335,0.5952514206737389,9
me_seed1,me,1,leg3_paralysed,ite,0,16,646,1075.6903076171875,613,1059.193359375,1.0288666123924335,0.5952514206737389,9
me_seed1,me,1,leg3_paralysed,ite,0,17,646,1073.021484375,613,1059.193359375,1.0288666123924335,0.5952514206737389,9
me_seed1,me,1,leg3_paralysed,ite,0,18,646,1073.493408203125,613,1059.193359375,1.0288666123924335,0.5952514206737389,9
me_seed1,me,1,leg3_paralysed,ite,0,19,646,1078.9737548828125,646,1070.487548828125,24.5821120379124,14.221996260237464,9
me_seed1,me,1,leg3_paralysed,ite,0,20,646,1070.0794677734375,646,1070.487548828125,24.5821120379124,14.221996260237464,9
me_seed1,me,1,leg3_paralysed,ite,1,1,385,1064.2730712890625,385,1063.615966796875,10.251906340960648,5.9312468113634536,15
me_seed1,me,1,leg3_paralysed,ite,1,2,613,1059.11279296875,385,1063.615966796875,10.251906340960648,5.9312468113634536,15
me_seed1,me,1,leg3_paralysed,ite,1,3,407,1063.7874755859375,385,1063.615966796875,10.251906340960648,5.9312468113634536,15
me_seed1,me,1,leg3_paralysed,ite,1,4,878,1040.867431640625,385,1063.615966796875,10.251906340960648,5.9312468113634536,15
me_seed1,me,1,leg3_paralysed,ite,1,5,165,1069.271240234375,165,1068.46826171875,20.37102942157303,11.785671784587747,15
me_seed1,me,1,leg3_paralysed,ite,1,6,552,1066.583740234375,165,1068.46826171875,20.37102942157303,11.785671784587747,15
me_seed1,me,1,leg3_paralysed,ite,1,7,170,1060.64306640625,165,1068.46826171875,20.37102942157303,11.785671784587747,15
me_seed1,me,1,leg3_paralysed,ite,1,8,165,1068.3013916015625,165,1068.46826171875,20.37102942157303,11.785671784587747,15
me_seed1,me,1,leg3_paralysed,ite,1,9,385,1064.980224609375,165,1068.46826171875,20.37102942157303,11.785671784587747,15
me_seed1,me,1,leg3_paralysed,ite,1,10,143,1005.0570678710938,165,1068.46826171875,20.37102942157303,11.785671784587747,15
me_seed1,me,1,leg3_paralysed,ite,1,11,646,1065.354248046875,165,1068.46826171875,20.37102942157303,11.785671784587747,15
me_seed1,me,1,leg3_paralysed,ite,1,12,165,1069.10107421875,165,1068.46826171875,20.37102942157303,11.785671784587747,15
me_seed1,me,1,leg3_paralysed,ite,1,13,165,1069.6357421875,165,1068.46826171875,20.37102942157303,11.785671784587747,15
me_seed1,me,1,leg3_paralysed,ite,1,14,613,1061.7423095703125,165,1068.46826171875,20.37102942157303,11.785671784587747,15
me_seed1,me,1,leg3_paralysed,ite,1,15,165,1067.56640625,165,1068.46826171875,20.37102942157303,11.785671784587747,15
me_seed1,me,1,leg3_paralysed,ite,1,16,407,1062.3779296875,165,1068.46826171875,20.37102942157303,11.785671784587747,15
me_seed1,me,1,leg3_paralysed,ite,1,17,504,1051.7764892578125,165,1068.46826171875,20.37102942157303,11.785671784587747,15
me_seed1,me,1,leg3_paralysed,ite,1,18,165,1065.658447265625,165,1068.46826171875,20.37102942157303,11.785671784587747,15
me_seed1,me,1,leg3_paralysed,ite,1,19,165,1061.16796875,165,1068.46826171875,20.37102942157303,11.785671784587747,15
me_seed1,me,1,leg3_paralysed,ite,1,20,165,1069.61962890625,165,1068.46826171875,20.37102942157303,11.785671784587747,15
me_seed1,me,1,leg3_paralysed,ite,2,1,385,1063.2850341796875,385,1063.615966796875,10.251906340960648,5.9312468113634536,4
me_seed1,me,1,leg3_paralysed,ite,2,2,613,1070.6741943359375,613,1059.193359375,1.0288666123924335,0.5952514206737389,4
me_seed1,me,1,leg3_paralysed,ite,2,3,407,1058.8165283203125,613,1059.193359375,1.0288666123924335,0.5952514206737389,4
me_seed1,me,1,leg3_paralysed,ite,2,4,878,1102.6104736328125,878,1053.942138671875,-9.922188398470041,-5.740488289971863,4
me_seed1,me,1,leg3_paralysed,ite,2,5,878,1107.5401611328125,878,1053.942138671875,-9.922188398470041,-5.740488289971863,4
me_seed1,me,1,leg3_paralysed,ite,2,6,878,1047.154052734375,878,1053.942138671875,-9.922188398470041,-5.740488289971863,4
me_seed1,me,1,leg3_paralysed,ite,2,7,165,1069.69482421875,878,1053.942138671875,-9.922188398470041,-5.740488289971863,4
me_seed1,me,1,leg3_paralysed,ite,2,8,143,1031.839111328125,878,1053.942138671875,-9.922188398470041,-5.740488289971863,4
me_seed1,me,1,leg3_paralysed,ite,2,9,170,1066.222412109375,878,1053.942138671875,-9.922188398470041,-5.740488289971863,4
me_seed1,me,1,leg3_paralysed,ite,2,10,878,1059.184326171875,878,1053.942138671875,-9.922188398470041,-5.740488289971863,4
me_seed1,me,1,leg3_paralysed,ite,2,11,613,1062.264404296875,878,1053.942138671875,-9.922188398470041,-5.740488289971863,4
me_seed1,me,1,leg3_paralysed,ite,2,12,878,1051.059814453125,878,1053.942138671875,-9.922188398470041,-5.740488289971863,4
me_seed1,me,1,leg3_paralysed,ite,2,13,165,1064.9195556640625,878,1053.942138671875,-9.922188398470041,-5.740488289971863,4
me_seed1,me,1,leg3_paralysed,ite,2,14,385,1058.3857421875,878,1053.942138671875,-9.922188398470041,-5.740488289971863,4
me_seed1,me,1,leg3_paralysed,ite,2,15,552,1062.206787109375,878,1053.942138671875,-9.922188398470041,-5.740488289971863,4
me_seed1,me,1,leg3_paralysed,ite,2,16,646,1090.115478515625,878,1053.942138671875,-9.922188398470041,-5.740488289971863,4
me_seed1,me,1,leg3_paralysed,ite,2,17,646,1063.3116455078125,878,1053.942138671875,-9.922188398470041,-5.740488289971863,4
me_seed1,me,1,leg3_paralysed,ite,2,18,646,1099.186767578125,878,1053.942138671875,-9.922188398470041,-5.740488289971863,4
me_seed1,me,1,leg3_paralysed,ite,2,19,646,1072.577880859375,878,1053.942138671875,-9.922188398470041,-5.740488289971863,4
me_seed1,me,1,leg3_paralysed,ite,2,20,646,1086.498046875,878,1053.942138671875,-9.922188398470041,-5.740488289971863,4
me_seed1,me,1,leg3_paralysed,ite,3,1,385,1064.34423828125,385,1063.615966796875,10.251906340960648,5.9312468113634536,12
me_seed1,me,1,leg3_paralysed,ite,3,2,613,1051.3240966796875,385,1063.615966796875,10.251906340960648,5.9312468113634536,12
me_seed1,me,1,leg3_paralysed,ite,3,3,407,1059.7008056640625,385,1063.615966796875,10.251906340960648,5.9312468113634536,12
me_seed1,me,1,leg3_paralysed,ite,3,4,878,1068.3505859375,878,1053.942138671875,-9.922188398470041,-5.740488289971863,12
me_seed1,me,1,leg3_paralysed,ite,3,5,165,1057.013916015625,878,1053.942138671875,-9.922188398470041,-5.740488289971863,12
me_seed1,me,1,leg3_paralysed,ite,3,6,143,1015.4668579101562,878,1053.942138671875,-9.922188398470041,-5.740488289971863,12
me_seed1,me,1,leg3_paralysed,ite,3,7,170,1069.139404296875,170,1062.236083984375,7.374256849055181,4.266380901996726,12
me_seed1,me,1,leg3_paralysed,ite,3,8,170,1065.9156494140625,170,1062.236083984375,7.374256849055181,4.266380901996726,12
me_seed1,me,1,leg3_paralysed,ite,3,9,385,1062.8458251953125,170,1062.236083984375,7.374256849055181,4.266380901996726,12
me_seed1,me,1,leg3_paralysed,ite,3,10,552,1066.2420654296875,170,1062.236083984375,7.374256849055181,4.266380901996726,12
me_seed1,me,1,leg3_paralysed,ite,3,11,170,1067.636474609375,170,1062.236083984375,7.374256849055181,4.266380901996726,12
me_seed1,me,1,leg3_paralysed,ite,3,12,504,1051.049072265625,170,1062.236083984375,7.374256849055181,4.266380901996726,12
me_seed1,me,1,leg3_paralysed,ite,3,13,646,1070.046142578125,646,1070.487548828125,24.5821120379124,14.221996260237464,12
me_seed1,me,1,leg3_paralysed,ite,3,14,646,1078.4580078125,646,1070.487548828125,24.5821120379124,14.221996260237464,12
me_seed1,me,1,leg3_paralysed,ite,3,15,646,1084.89892578125,646,1070.487548828125,24.5821120379124,14.221996260237464,12
me_seed1,me,1,leg3_paralysed,ite,3,16,646,1063.2884521484375,646,1070.487548828125,24.5821120379124,14.221996260237464,12
me_seed1,me,1,leg3_paralysed,ite,3,17,646,1077.524169921875,646,1070.487548828125,24.5821120379124,14.221996260237464,12
me_seed1,me,1,leg3_paralysed,ite,3,18,646,1065.94775390625,646,1070.487548828125,24.5821120379124,14.221996260237464,12
me_seed1,me,1,leg3_paralysed,ite,3,19,646,1062.734375,646,1070.487548828125,24.5821120379124,14.221996260237464,12
me_seed1,me,1,leg3_paralysed,ite,3,20,646,1073.109619140625,646,1070.487548828125,24.5821120379124,14.221996260237464,12
me_seed1,me,1,leg3_paralysed,ite,4,1,385,1066.642822265625,385,1063.615966796875,10.251906340960648,5.9312468113634536,18
me_seed1,me,1,leg3_paralysed,ite,4,2,613,1060.994140625,385,1063.615966796875,10.251906340960648,5.9312468113634536,18
me_seed1,me,1,leg3_paralysed,ite,4,3,407,1061.7197265625,385,1063.615966796875,10.251906340960648,5.9312468113634536,18
me_seed1,me,1,leg3_paralysed,ite,4,4,878,1042.60888671875,385,1063.615966796875,10.251906340960648,5.9312468113634536,18
me_seed1,me,1,leg3_paralysed,ite,4,5,165,1058.983154296875,385,1063.615966796875,10.251906340960648,5.9312468113634536,18
me_seed1,me,1,leg3_paralysed,ite,4,6,552,1064.05322265625,385,1063.615966796875,10.251906340960648,5.9312468113634536,18
me_seed1,me,1,leg3_paralysed,ite,4,7,170,1066.6134033203125,385,1063.615966796875,10.251906340960648,5.9312468113634536,18
me_seed1,me,1,leg3_paralysed,ite,4,8,385,1067.4239501953125,385,1063.615966796875,10.251906340960648,5.9312468113634536,18
me_seed1,me,1,leg3_paralysed,ite,4,9,613,1065.335205078125,385,1063.615966796875,10.251906340960648,5.9312468113634536,18
me_seed1,me,1,leg3_paralysed,ite,4,10,143,1045.401611328125,385,1063.615966796875,10.251906340960648,5.9312468113634536,18
me_seed1,me,1,leg3_paralysed,ite,4,11,385,1066.40234375,385,1063.615966796875,10.251906340960648,5.9312468113634536,18
me_seed1,me,1,leg3_paralysed,ite,4,12,170,1068.37548828125,170,1062.236083984375,7.374256849055181,4.266380901996726,18
me_seed1,me,1,leg3_paralysed,ite,4,13,646,1066.1824951171875,170,1062.236083984375,7.374256849055181,4.266380901996726,18
me_seed1,me,1,leg3_paralysed,ite,4,14,504,1052.53857421875,170,1062.236083984375,7.374256849055181,4.266380901996726,18
me_seed1,me,1,leg3_paralysed,ite,4,15,613,1068.1334228515625,170,1062.236083984375,7.374256849055181,4.266380901996726,18
me_seed1,me,1,leg3_paralysed,ite,4,16,552,1067.2840576171875,170,1062.236083984375,7.374256849055181,4.266380901996726,18
me_seed1,me,1,leg3_paralysed,ite,4,17,613,1068.4249267578125,613,1059.193359375,1.0288666123924335,0.5952514206737389,18
me_seed1,me,1,leg3_paralysed,ite,4,18,165,1068.8974609375,165,1068.46826171875,20.37102942157303,11.785671784587747,18
me_seed1,me,1,leg3_paralysed,ite,4,19,407,1058.62353515625,165,1068.46826171875,20.37102942157303,11.785671784587747,18
me_seed1,me,1,leg3_paralysed,ite,4,20,385,1061.7921142578125,165,1068.46826171875,20.37102942157303,11.785671784587747,18
me_seed1,me,1,leg3_paralysed,top_k,0,1,385,1063.5008544921875,385,1063.615966796875,10.251906340960648,5.9312468113634536,
me_seed1,me,1,leg3_paralysed,top_k,0,2,170,1066.8046875,170,1062.236083984375,7.374256849055181,4.266380901996726,
me_seed1,me,1,leg3_paralysed,top_k,0,3,769,1063.502685546875,170,1062.236083984375,7.374256849055181,4.266380901996726,
me_seed1,me,1,leg3_paralysed,top_k,0,4,793,1065.126953125,170,1062.236083984375,7.374256849055181,4.266380901996726,
me_seed1,me,1,leg3_paralysed,top_k,0,5,661,1067.4427490234375,661,1068.1304931640625,19.666636627508765,11.378144893998776,
me_seed1,me,1,leg3_paralysed,top_k,0,6,504,1053.9951171875,661,1068.1304931640625,19.666636627508765,11.378144893998776,
me_seed1,me,1,leg3_paralysed,top_k,0,7,580,1058.92626953125,661,1068.1304931640625,19.666636627508765,11.378144893998776,
me_seed1,me,1,leg3_paralysed,top_k,0,8,1005,1065.79541015625,661,1068.1304931640625,19.666636627508765,11.378144893998776,
me_seed1,me,1,leg3_paralysed,top_k,0,9,949,1066.99267578125,661,1068.1304931640625,19.666636627508765,11.378144893998776,
me_seed1,me,1,leg3_paralysed,top_k,0,10,180,1063.239501953125,661,1068.1304931640625,19.666636627508765,11.378144893998776,
me_seed1,me,1,leg3_paralysed,top_k,0,11,448,1061.1727294921875,661,1068.1304931640625,19.666636627508765,11.378144893998776,
me_seed1,me,1,leg3_paralysed,top_k,0,12,49,1068.593994140625,49,1067.3348388671875,18.00735501142244,10.418166479521393,
me_seed1,me,1,leg3_paralysed,top_k,0,13,684,1065.5302734375,49,1067.3348388671875,18.00735501142244,10.418166479521393,
me_seed1,me,1,leg3_paralysed,top_k,0,14,254,1061.3555908203125,49,1067.3348388671875,18.00735501142244,10.418166479521393,
me_seed1,me,1,leg3_paralysed,top_k,0,15,614,1061.84619140625,49,1067.3348388671875,18.00735501142244,10.418166479521393,
me_seed1,me,1,leg3_paralysed,top_k,0,16,197,1059.125732421875,49,1067.3348388671875,18.00735501142244,10.418166479521393,
me_seed1,me,1,leg3_paralysed,top_k,0,17,770,1064.5936279296875,49,1067.3348388671875,18.00735501142244,10.418166479521393,
me_seed1,me,1,leg3_paralysed,top_k,0,18,744,1062.93994140625,49,1067.3348388671875,18.00735501142244,10.418166479521393,
me_seed1,me,1,leg3_paralysed,top_k,0,19,134,1065.6217041015625,49,1067.3348388671875,18.00735501142244,10.418166479521393,
me_seed1,me,1,leg3_paralysed,top_k,0,20,784,1066.2322998046875,49,1067.3348388671875,18.00735501142244,10.418166479521393,
me_seed1,me,1,leg3_paralysed,top_k,1,1,385,1066.6650390625,385,1063.615966796875,10.251906340960648,5.9312468113634536,
me_seed1,me,1,leg3_paralysed,top_k,1,2,170,1061.281005859375,385,1063.615966796875,10.251906340960648,5.9312468113634536,
me_seed1,me,1,leg3_paralysed,top_k,1,3,769,1058.329833984375,385,1063.615966796875,10.251906340960648,5.9312468113634536,
me_seed1,me,1,leg3_paralysed,top_k,1,4,793,1060.93603515625,385,1063.615966796875,10.251906340960648,5.9312468113634536,
me_seed1,me,1,leg3_paralysed,top_k,1,5,661,1059.8134765625,385,1063.615966796875,10.251906340960648,5.9312468113634536,
me_seed1,me,1,leg3_paralysed,top_k,1,6,504,1062.33544921875,385,1063.615966796875,10.251906340960648,5.9312468113634536,
me_seed1,me,1,leg3_paralysed,top_k,1,7,580,1061.0875244140625,385,1063.615966796875,10.251906340960648,5.9312468113634536,
me_seed1,me,1,leg3_paralysed,top_k,1,8,1005,1070.128173828125,1005,1065.592041015625,14.372871483827396,8.31543376649691,
me_seed1,me,1,leg3_paralysed,top_k,1,9,949,1066.029296875,1005,1065.592041015625,14.372871483827396,8.31543376649691,
me_seed1,me,1,leg3_paralysed,top_k,1,10,180,1062.6510009765625,1005,1065.592041015625,14.372871483827396,8.31543376649691,
me_seed1,me,1,leg3_paralysed,top_k,1,11,448,1064.3543701171875,1005,1065.592041015625,14.372871483827396,8.31543376649691,
me_seed1,me,1,leg3_paralysed,top_k,1,12,49,1067.48486328125,1005,1065.592041015625,14.372871483827396,8.31543376649691,
me_seed1,me,1,leg3_paralysed,top_k,1,13,684,1068.052734375,1005,1065.592041015625,14.372871483827396,8.31543376649691,
me_seed1,me,1,leg3_paralysed,top_k,1,14,254,1064.6748046875,1005,1065.592041015625,14.372871483827396,8.31543376649691,
me_seed1,me,1,leg3_paralysed,top_k,1,15,614,1063.288818359375,1005,1065.592041015625,14.372871483827396,8.31543376649691,
me_seed1,me,1,leg3_paralysed,top_k,1,16,197,1059.7530517578125,1005,1065.592041015625,14.372871483827396,8.31543376649691,
me_seed1,me,1,leg3_paralysed,top_k,1,17,770,1066.28515625,1005,1065.592041015625,14.372871483827396,8.31543376649691,
me_seed1,me,1,leg3_paralysed,top_k,1,18,744,1062.817626953125,1005,1065.592041015625,14.372871483827396,8.31543376649691,
me_seed1,me,1,leg3_paralysed,top_k,1,19,134,1064.784912109375,1005,1065.592041015625,14.372871483827396,8.31543376649691,
me_seed1,me,1,leg3_paralysed,top_k,1,20,784,1059.046142578125,1005,1065.592041015625,14.372871483827396,8.31543376649691,
me_seed1,me,1,leg3_paralysed,top_k,2,1,385,1064.14794921875,385,1063.615966796875,10.251906340960648,5.9312468113634536,
me_seed1,me,1,leg3_paralysed,top_k,2,2,170,1068.0283203125,170,1062.236083984375,7.374256849055181,4.266380901996726,
me_seed1,me,1,leg3_paralysed,top_k,2,3,769,1063.7867431640625,170,1062.236083984375,7.374256849055181,4.266380901996726,
me_seed1,me,1,leg3_paralysed,top_k,2,4,793,1061.337890625,170,1062.236083984375,7.374256849055181,4.266380901996726,
me_seed1,me,1,leg3_paralysed,top_k,2,5,661,1061.3477783203125,170,1062.236083984375,7.374256849055181,4.266380901996726,
me_seed1,me,1,leg3_paralysed,top_k,2,6,504,1060.10107421875,170,1062.236083984375,7.374256849055181,4.266380901996726,
me_seed1,me,1,leg3_paralysed,top_k,2,7,580,1059.2364501953125,170,1062.236083984375,7.374256849055181,4.266380901996726,
me_seed1,me,1,leg3_paralysed,top_k,2,8,1005,1064.1575927734375,170,1062.236083984375,7.374256849055181,4.266380901996726,
me_seed1,me,1,leg3_paralysed,top_k,2,9,949,1063.869140625,170,1062.236083984375,7.374256849055181,4.266380901996726,
me_seed1,me,1,leg3_paralysed,top_k,2,10,180,1062.351318359375,170,1062.236083984375,7.374256849055181,4.266380901996726,
me_seed1,me,1,leg3_paralysed,top_k,2,11,448,1071.2078857421875,448,1061.171630859375,5.154413999673043,2.982089436172428,
me_seed1,me,1,leg3_paralysed,top_k,2,12,49,1068.105712890625,448,1061.171630859375,5.154413999673043,2.982089436172428,
me_seed1,me,1,leg3_paralysed,top_k,2,13,684,1066.791748046875,448,1061.171630859375,5.154413999673043,2.982089436172428,
me_seed1,me,1,leg3_paralysed,top_k,2,14,254,1062.78662109375,448,1061.171630859375,5.154413999673043,2.982089436172428,
me_seed1,me,1,leg3_paralysed,top_k,2,15,614,1064.972900390625,448,1061.171630859375,5.154413999673043,2.982089436172428,
me_seed1,me,1,leg3_paralysed,top_k,2,16,197,1057.078369140625,448,1061.171630859375,5.154413999673043,2.982089436172428,
me_seed1,me,1,leg3_paralysed,top_k,2,17,770,1059.41748046875,448,1061.171630859375,5.154413999673043,2.982089436172428,
me_seed1,me,1,leg3_paralysed,top_k,2,18,744,1064.50927734375,448,1061.171630859375,5.154413999673043,2.982089436172428,
me_seed1,me,1,leg3_paralysed,top_k,2,19,134,1068.745361328125,448,1061.171630859375,5.154413999673043,2.982089436172428,
me_seed1,me,1,leg3_paralysed,top_k,2,20,784,1063.190673828125,448,1061.171630859375,5.154413999673043,2.982089436172428,
me_seed1,me,1,leg3_paralysed,top_k,3,1,385,1065.479248046875,385,1063.615966796875,10.251906340960648,5.9312468113634536,
me_seed1,me,1,leg3_paralysed,top_k,3,2,170,1068.4713134765625,170,1062.236083984375,7.374256849055181,4.266380901996726,
me_seed1,me,1,leg3_paralysed,top_k,3,3,769,1062.5325927734375,170,1062.236083984375,7.374256849055181,4.266380901996726,
me_seed1,me,1,leg3_paralysed,top_k,3,4,793,1060.499755859375,170,1062.236083984375,7.374256849055181,4.266380901996726,
me_seed1,me,1,leg3_paralysed,top_k,3,5,661,1066.4573974609375,170,1062.236083984375,7.374256849055181,4.266380901996726,
me_seed1,me,1,leg3_paralysed,top_k,3,6,504,1065.3955078125,170,1062.236083984375,7.374256849055181,4.266380901996726,
me_seed1,me,1,leg3_paralysed,top_k,3,7,580,1051.440185546875,170,1062.236083984375,7.374256849055181,4.266380901996726,
me_seed1,me,1,leg3_paralysed,top_k,3,8,1005,1060.3133544921875,170,1062.236083984375,7.374256849055181,4.266380901996726,
me_seed1,me,1,leg3_paralysed,top_k,3,9,949,1067.7509765625,170,1062.236083984375,7.374256849055181,4.266380901996726,
me_seed1,me,1,leg3_paralysed,top_k,3,10,180,1058.68505859375,170,1062.236083984375,7.374256849055181,4.266380901996726,
me_seed1,me,1,leg3_paralysed,top_k,3,11,448,1066.5596923828125,170,1062.236083984375,7.374256849055181,4.266380901996726,
me_seed1,me,1,leg3_paralysed,top_k,3,12,49,1061.878662109375,170,1062.236083984375,7.374256849055181,4.266380901996726,
me_seed1,me,1,leg3_paralysed,top_k,3,13,684,1055.65087890625,170,1062.236083984375,7.374256849055181,4.266380901996726,
me_seed1,me,1,leg3_paralysed,top_k,3,14,254,1062.65771484375,170,1062.236083984375,7.374256849055181,4.266380901996726,
me_seed1,me,1,leg3_paralysed,top_k,3,15,614,1060.576416015625,170,1062.236083984375,7.374256849055181,4.266380901996726,
me_seed1,me,1,leg3_paralysed,top_k,3,16,197,1059.26318359375,170,1062.236083984375,7.374256849055181,4.266380901996726,
me_seed1,me,1,leg3_paralysed,top_k,3,17,770,1072.26904296875,770,1062.4937744140625,7.911652291147576,4.577291370386072,
me_seed1,me,1,leg3_paralysed,top_k,3,18,744,1053.7156982421875,770,1062.4937744140625,7.911652291147576,4.577291370386072,
me_seed1,me,1,leg3_paralysed,top_k,3,19,134,1064.6751708984375,770,1062.4937744140625,7.911652291147576,4.577291370386072,
me_seed1,me,1,leg3_paralysed,top_k,3,20,784,1061.008544921875,770,1062.4937744140625,7.911652291147576,4.577291370386072,
me_seed1,me,1,leg3_paralysed,top_k,4,1,385,1069.0244140625,385,1063.615966796875,10.251906340960648,5.9312468113634536,
me_seed1,me,1,leg3_paralysed,top_k,4,2,170,1061.914306640625,385,1063.615966796875,10.251906340960648,5.9312468113634536,
me_seed1,me,1,leg3_paralysed,top_k,4,3,769,1063.1104736328125,385,1063.615966796875,10.251906340960648,5.9312468113634536,
me_seed1,me,1,leg3_paralysed,top_k,4,4,793,1065.7900390625,385,1063.615966796875,10.251906340960648,5.9312468113634536,
me_seed1,me,1,leg3_paralysed,top_k,4,5,661,1068.411376953125,385,1063.615966796875,10.251906340960648,5.9312468113634536,
me_seed1,me,1,leg3_paralysed,top_k,4,6,504,1058.289306640625,385,1063.615966796875,10.251906340960648,5.9312468113634536,
me_seed1,me,1,leg3_paralysed,top_k,4,7,580,1054.1923828125,385,1063.615966796875,10.251906340960648,5.9312468113634536,
me_seed1,me,1,leg3_paralysed,top_k,4,8,1005,1066.922119140625,385,1063.615966796875,10.251906340960648,5.9312468113634536,
me_seed1,me,1,leg3_paralysed,top_k,4,9,949,1066.850830078125,385,1063.615966796875,10.251906340960648,5.9312468113634536,
me_seed1,me,1,leg3_paralysed,top_k,4,10,180,1061.208984375,385,1063.615966796875,10.251906340960648,5.9312468113634536,
me_seed1,me,1,leg3_paralysed,top_k,4,11,448,1052.8525390625,385,1063.615966796875,10.251906340960648,5.9312468113634536,
me_seed1,me,1,leg3_paralysed,top_k,4,12,49,1067.76708984375,385,1063.615966796875,10.251906340960648,5.9312468113634536,
me_seed1,me,1,leg3_paralysed,top_k,4,13,684,1067.678466796875,385,1063.615966796875,10.251906340960648,5.9312468113634536,
me_seed1,me,1,leg3_paralysed,top_k,4,14,254,1061.165771484375,385,1063.615966796875,10.251906340960648,5.9312468113634536,
me_seed1,me,1,leg3_paralysed,top_k,4,15,614,1061.0267333984375,385,1063.615966796875,10.251906340960648,5.9312468113634536,
me_seed1,me,1,leg3_paralysed,top_k,4,16,197,1059.26318359375,385,1063.615966796875,10.251906340960648,5.9312468113634536,
me_seed1,me,1,leg3_paralysed,top_k,4,17,770,1055.566162109375,385,1063.615966796875,10.251906340960648,5.9312468113634536,
me_seed1,me,1,leg3_paralysed,top_k,4,18,744,1068.1568603515625,385,1063.615966796875,10.251906340960648,5.9312468113634536,
me_seed1,me,1,leg3_paralysed,top_k,4,19,134,1068.6009521484375,385,1063.615966796875,10.251906340960648,5.9312468113634536,
me_seed1,me,1,leg3_paralysed,top_k,4,20,784,1064.612060546875,385,1063.615966796875,10.251906340960648,5.9312468113634536,
me_seed1,me,1,leg3_paralysed,best_intact,0,1,385,1060.0819091796875,385,1063.615966796875,10.251906340960648,5.9312468113634536,
me_seed1,me,1,leg3_paralysed,best_intact,1,1,385,1063.5611572265625,385,1063.615966796875,10.251906340960648,5.9312468113634536,
me_seed1,me,1,leg3_paralysed,best_intact,2,1,385,1062.137451171875,385,1063.615966796875,10.251906340960648,5.9312468113634536,
me_seed1,me,1,leg3_paralysed,best_intact,3,1,385,1060.4390869140625,385,1063.615966796875,10.251906340960648,5.9312468113634536,
me_seed1,me,1,leg3_paralysed,best_intact,4,1,385,1060.6212158203125,385,1063.615966796875,10.251906340960648,5.9312468113634536,
me_seed1,me,1,leg4_paralysed,ite,0,1,385,1061.22216796875,385,1061.607666015625,8.184597030679923,3.5081776375399043,6
me_seed1,me,1,leg4_paralysed,ite,0,2,613,1051.9677734375,385,1061.607666015625,8.184597030679923,3.5081776375399043,6
me_seed1,me,1,leg4_paralysed,ite,0,3,407,1067.191650390625,407,1065.1416015625,18.132038802925784,7.771966391624012,6
me_seed1,me,1,leg4_paralysed,ite,0,4,878,1086.40087890625,878,1072.3765869140625,38.49732123467846,16.501171768681388,6
me_seed1,me,1,leg4_paralysed,ite,0,5,165,1072.4029541015625,878,1072.3765869140625,38.49732123467846,16.501171768681388,6
me_seed1,me,1,leg4_paralysed,ite,0,6,143,998.802734375,878,1072.3765869140625,38.49732123467846,16.501171768681388,6
me_seed1,me,1,leg4_paralysed,ite,0,7,170,1059.6063232421875,878,1072.3765869140625,38.49732123467846,16.501171768681388,6
me_seed1,me,1,leg4_paralysed,ite,0,8,165,1075.587158203125,878,1072.3765869140625,38.49732123467846,16.501171768681388,6
me_seed1,me,1,leg4_paralysed,ite,0,9,878,1053.87353515625,878,1072.3765869140625,38.49732123467846,16.501171768681388,6
me_seed1,me,1,leg4_paralysed,ite,0,10,165,1070.8853759765625,878,1072.3765869140625,38.49732123467846,16.501171768681388,6
me_seed1,me,1,leg4_paralysed,ite,0,11,165,1065.1573486328125,878,1072.3765869140625,38.49732123467846,16.501171768681388,6
me_seed1,me,1,leg4_paralysed,ite,0,12,407,1068.546875,878,1072.3765869140625,38.49732123467846,16.501171768681388,6
me_seed1,me,1,leg4_paralysed,ite,0,13,165,1060.889892578125,878,1072.3765869140625,38.49732123467846,16.501171768681388,6
me_seed1,me,1,leg4_paralysed,ite,0,14,385,1066.5299072265625,878,1072.3765869140625,38.49732123467846,16.501171768681388,6
me_seed1,me,1,leg4_paralysed,ite,0,15,407,1058.3385009765625,878,1072.3765869140625,38.49732123467846,16.501171768681388,6
me_seed1,me,1,leg4_paralysed,ite,0,16,165,1061.922119140625,878,1072.3765869140625,38.49732123467846,16.501171768681388,6
me_seed1,me,1,leg4_paralysed,ite,0,17,646,1065.6114501953125,878,1072.3765869140625,38.49732123467846,16.501171768681388,6
me_seed1,me,1,leg4_paralysed,ite,0,18,504,1057.9658203125,878,1072.3765869140625,38.49732123467846,16.501171768681388,6
me_seed1,me,1,leg4_paralysed,ite,0,19,165,1070.1962890625,878,1072.3765869140625,38.49732123467846,16.501171768681388,6
me_seed1,me,1,leg4_paralysed,ite,0,20,165,1069.859375,878,1072.3765869140625,38.49732123467846,16.501171768681388,6
me_seed1,me,1,leg4_paralysed,ite,1,1,385,1059.4013671875,385,1061.607666015625,8.184597030679923,3.5081776375399043,4
me_seed1,me,1,leg4_paralysed,ite,1,2,613,1056.339599609375,385,1061.607666015625,8.184597030679923,3.5081776375399043,4
me_seed1,me,1,leg4_paralysed,ite,1,3,407,1062.7705078125,407,1065.1416015625,18.132038802925784,7.771966391624012,4
me_seed1,me,1,leg4_paralysed,ite,1,4,878,1095.302490234375,878,1072.3765869140625,38.49732123467846,16.501171768681388,4
me_seed1,me,1,leg4_paralysed,ite,1,5,143,1059.3582763671875,878,1072.3765869140625,38.49732123467846,16.501171768681388,4
me_seed1,me,1,leg4_paralysed,ite,1,6,165,1074.2381591796875,878,1072.3765869140625,38.49732123467846,16.501171768681388,4
me_seed1,me,1,leg4_paralysed,ite,1,7,878,1067.410888671875,878,1072.3765869140625,38.49732123467846,16.501171768681388,4
me_seed1,me,1,leg4_paralysed,ite,1,8,170,1062.15087890625,878,1072.3765869140625,38.49732123467846,16.501171768681388,4
me_seed1,me,1,leg4_paralysed,ite,1,9,878,1034.1527099609375,878,1072.3765869140625,38.49732123467846,16.501171768681388,4
me_seed1,me,1,leg4_paralysed,ite,1,10,165,1062.654541015625,878,1072.3765869140625,38.49732123467846,16.501171768681388,4
me_seed1,me,1,leg4_paralysed,ite,1,11,552,1075.9495849609375,878,1072.3765869140625,38.49732123467846,16.501171768681388,4
me_seed1,me,1,leg4_paralysed,ite,1,12,552,1081.7813720703125,878,1072.3765869140625,38.49732123467846,16.501171768681388,4
me_seed1,me,1,leg4_paralysed,ite,1,13,552,1077.9024658203125,878,1072.3765869140625,38.49732123467846,16.501171768681388,4
me_seed1,me,1,leg4_paralysed,ite,1,14,552,1078.1407470703125,878,1072.3765869140625,38.49732123467846,16.501171768681388,4
me_seed1,me,1,leg4_paralysed,ite,1,15,552,1052.196533203125,878,1072.3765869140625,38.49732123467846,16.501171768681388,4
me_seed1,me,1,leg4_paralysed,ite,1,16,385,1058.99755859375,878,1072.3765869140625,38.49732123467846,16.501171768681388,4
me_seed1,me,1,leg4_paralysed,ite,1,17,552,1060.0198974609375,878,1072.3765869140625,38.49732123467846,16.501171768681388,4
me_seed1,me,1,leg4_paralysed,ite,1,18,165,1063.569580078125,878,1072.3765869140625,38.49732123467846,16.501171768681388,4
me_seed1,me,1,leg4_paralysed,ite,1,19,646,1053.370849609375,878,1072.3765869140625,38.49732123467846,16.501171768681388,4
me_seed1,me,1,leg4_paralysed,ite,1,20,552,1077.59716796875,878,1072.3765869140625,38.49732123467846,16.501171768681388,4
me_seed1,me,1,leg4_paralysed,ite,2,1,385,1063.135986328125,385,1061.607666015625,8.184597030679923,3.5081776375399043,8
me_seed1,me,1,leg4_paralysed,ite,2,2,613,1052.9005126953125,385,1061.607666015625,8.184597030679923,3.5081776375399043,8
me_seed1,me,1,leg4_paralysed,ite,2,3,407,1062.0367431640625,385,1061.607666015625,8.184597030679923,3.5081776375399043,8
me_seed1,me,1,leg4_paralysed,ite,2,4,878,1079.358642578125,878,1072.3765869140625,38.49732123467846,16.501171768681388,8
me_seed1,me,1,leg4_paralysed,ite,2,5,165,1060.7552490234375,878,1072.3765869140625,38.49732123467846,16.501171768681388,8
me_seed1,me,1,leg4_paralysed,ite,2,6,143,1064.7119140625,878,1072.3765869140625,38.49732123467846,16.501171768681388,8
me_seed1,me,1,leg4_paralysed,ite,2,7,769,1070.0396728515625,878,1072.3765869140625,38.49732123467846,16.501171768681388,8
me_seed1,me,1,leg4_paralysed,ite,2,8,878,1080.57275390625,878,1072.3765869140625,38.49732123467846,16.501171768681388,8
me_seed1,me,1,leg4_paralysed,ite,2,9,878,1043.5023193359375,878,1072.3765869140625,38.49732123467846,16.501171768681388,8
me_seed1,me,1,leg4_paralysed,ite,2,10,552,1066.495849609375,878,1072.3765869140625,38.49732123467846,16.501171768681388,8
me_seed1,me,1,leg4_paralysed,ite,2,11,385,1051.3775634765625,878,1072.3765869140625,38.49732123467846,16.501171768681388,8
me_seed1,me,1,leg4_paralysed,ite,2,12,170,1059.0048828125,878,1072.3765869140625,38.49732123467846,16.501171768681388,8
me_seed1,me,1,leg4_paralysed,ite,2,13,552,1075.209716796875,878,1072.3765869140625,38.49732123467846,16.501171768681388,8
me_seed1,me,1,leg4_paralysed,ite,2,14,552,1060.1243896484375,878,1072.3765869140625,38.49732123467846,16.501171768681388,8
me_seed1,me,1,leg4_paralysed,ite,2,15,878,1103.918212890625,878,1072.3765869140625,38.49732123467846,16.501171768681388,8
me_seed1,me,1,leg4_paralysed,ite,2,16,878,1063.5196533203125,878,1072.3765869140625,38.49732123467846,16.501171768681388,8
me_seed1,me,1,leg4_paralysed,ite,2,17,878,1049.297607421875,878,1072.3765869140625,38.49732123467846,16.501171768681388,8
me_seed1,me,1,leg4_paralysed,ite,2,18,878,1061.6524658203125,878,1072.3765869140625,38.49732123467846,16.501171768681388,8
me_seed1,me,1,leg4_paralysed,ite,2,19,165,1060.16552734375,878,1072.3765869140625,38.49732123467846,16.501171768681388,8
me_seed1,me,1,leg4_paralysed,ite,2,20,143,1051.7718505859375,878,1072.3765869140625,38.49732123467846,16.501171768681388,8
me_seed1,me,1,leg4_paralysed,ite,3,1,385,1053.173828125,385,1061.607666015625,8.184597030679923,3.5081776375399043,8
me_seed1,me,1,leg4_paralysed,ite,3,2,613,1050.145263671875,385,1061.607666015625,8.184597030679923,3.5081776375399043,8
me_seed1,me,1,leg4_paralysed,ite,3,3,407,1067.075927734375,407,1065.1416015625,18.132038802925784,7.771966391624012,8
me_seed1,me,1,leg4_paralysed,ite,3,4,878,1034.1754150390625,407,1065.1416015625,18.132038802925784,7.771966391624012,8
me_seed1,me,1,leg4_paralysed,ite,3,5,165,1059.6783447265625,407,1065.1416015625,18.132038802925784,7.771966391624012,8
me_seed1,me,1,leg4_paralysed,ite,3,6,552,1073.293212890625,552,1073.2490234375,40.95308518446226,17.553790014810545,8
me_seed1,me,1,leg4_paralysed,ite,3,7,170,1054.2088623046875,552,1073.2490234375,40.95308518446226,17.553790014810545,8
me_seed1,me,1,leg4_paralysed,ite,3,8,552,1053.631591796875,552,1073.2490234375,40.95308518446226,17.553790014810545,8
me_seed1,me,1,leg4_paralysed,ite,3,9,407,1072.338134765625,552,1073.2490234375,40.95308518446226,17.553790014810545,8
me_seed1,me,1,leg4_paralysed,ite,3,10,407,1058.086181640625,552,1073.2490234375,40.95308518446226,17.553790014810545,8
me_seed1,me,1,leg4_paralysed,ite,3,11,143,1053.883544921875,552,1073.2490234375,40.95308518446226,17.553790014810545,8
me_seed1,me,1,leg4_paralysed,ite,3,12,165,1060.029541015625,552,1073.2490234375,40.95308518446226,17.553790014810545,8
me_seed1,me,1,leg4_paralysed,ite,3,13,646,1046.05029296875,552,1073.2490234375,40.95308518446226,17.553790014810545,8
me_seed1,me,1,leg4_paralysed,ite,3,14,407,1063.04443359375,552,1073.2490234375,40.95308518446226,17.553790014810545,8
me_seed1,me,1,leg4_paralysed,ite,3,15,385,1061.496337890625,552,1073.2490234375,40.95308518446226,17.553790014810545,8
me_seed1,me,1,leg4_paralysed,ite,3,16,552,1084.491455078125,552,1073.2490234375,40.95308518446226,17.553790014810545,8
me_seed1,me,1,leg4_paralysed,ite,3,17,552,1059.990966796875,552,1073.2490234375,40.95308518446226,17.553790014810545,8
me_seed1,me,1,leg4_paralysed,ite,3,18,552,1074.7994384765625,552,1073.2490234375,40.95308518446226,17.553790014810545,8
me_seed1,me,1,leg4_paralysed,ite,3,19,552,1101.723388671875,552,1073.2490234375,40.95308518446226,17.553790014810545,8
me_seed1,me,1,leg4_paralysed,ite,3,20,552,1065.7237548828125,552,1073.2490234375,40.95308518446226,17.553790014810545,8
me_seed1,me,1,leg4_paralysed,ite,4,1,385,1058.951904296875,385,1061.607666015625,8.184597030679923,3.5081776375399043,9
me_seed1,me,1,leg4_paralysed,ite,4,2,613,1064.0213623046875,613,1050.01513671875,-24.446448058891765,-10.478522287169989,9
me_seed1,me,1,leg4_paralysed,ite,4,3,407,1063.1649169921875,613,1050.01513671875,-24.446448058891765,-10.478522287169989,9
me_seed1,me,1,leg4_paralysed,ite,4,4,878,1039.3154296875,613,1050.01513671875,-24.446448058891765,-10.478522287169989,9
me_seed1,me,1,leg4_paralysed,ite,4,5,165,1062.248046875,613,1050.01513671875,-24.446448058891765,-10.478522287169989,9
me_seed1,me,1,leg4_paralysed,ite,4,6,552,1067.41650390625,552,1073.2490234375,40.95308518446226,17.553790014810545,9
me_seed1,me,1,leg4_paralysed,ite,4,7,170,1073.34375,170,1057.7655029296875,-2.6304540843956703,-1.127495973333923,9
me_seed1,me,1,leg4_paralysed,ite,4,8,613,1049.145751953125,170,1057.7655029296875,-2.6304540843956703,-1.127495973333923,9
me_seed1,me,1,leg4_paralysed,ite,4,9,170,1052.7113037109375,170,1057.7655029296875,-2.6304540843956703,-1.127495973333923,9
me_seed1,me,1,leg4_paralysed,ite,4,10,143,1104.6336669921875,143,1066.919921875,23.13771520147769,9.91755791388644,9
me_seed1,me,1,leg4_paralysed,ite,4,11,143,1058.4183349609375,143,1066.919921875,23.13771520147769,9.91755791388644,9
me_seed1,me,1,leg4_paralysed,ite,4,12,143,1042.1865234375,143,1066.919921875,23.13771520147769,9.91755791388644,9
me_seed1,me,1,leg4_paralysed,ite,4,13,552,1073.2567138671875,143,1066.919921875,23.13771520147769,9.91755791388644,9
me_seed1,me,1,leg4_paralysed,ite,4,14,552,1076.2376708984375,143,1066.919921875,23.13771520147769,9.91755791388644,9
me_seed1,me,1,leg4_paralysed,ite,4,15,552,1067.5654296875,143,1066.919921875,23.13771520147769,9.91755791388644,9
me_seed1,me,1,leg4_paralysed,ite,4,16,552,1068.5361328125,143,1066.919921875,23.13771520147769,9.91755791388644,9
me_seed1,me,1,leg4_paralysed,ite,4,17,165,1069.44384765625,143,1066.919921875,23.13771520147769,9.91755791388644,9
me_seed1,me,1,leg4_paralysed,ite,4,18,385,1067.1820068359375,143,1066.919921875,23.13771520147769,9.91755791388644,9
me_seed1,me,1,leg4_paralysed,ite,4,19,552,1090.9427490234375,143,1066.919921875,23.13771520147769,9.91755791388644,9
me_seed1,me,1,leg4_paralysed,ite,4,20,552,1070.392333984375,143,1066.919921875,23.13771520147769,9.91755791388644,9
me_seed1,me,1,leg4_paralysed,top_k,0,1,385,1054.6561279296875,385,1061.607666015625,8.184597030679923,3.5081776375399043,
me_seed1,me,1,leg4_paralysed,top_k,0,2,170,1076.8358154296875,170,1057.7655029296875,-2.6304540843956703,-1.127495973333923,
me_seed1,me,1,leg4_paralysed,top_k,0,3,769,1071.011962890625,170,1057.7655029296875,-2.6304540843956703,-1.127495973333923,
me_seed1,me,1,leg4_paralysed,top_k,0,4,793,1089.9124755859375,793,1085.57666015625,75.6533356057253,32.427416912822494,
me_seed1,me,1,leg4_paralysed,top_k,0,5,661,1081.405029296875,793,1085.57666015625,75.6533356057253,32.427416912822494,
me_seed1,me,1,leg4_paralysed,top_k,0,6,504,1063.538330078125,793,1085.57666015625,75.6533356057253,32.427416912822494,
me_seed1,me,1,leg4_paralysed,top_k,0,7,580,1059.98681640625,793,1085.57666015625,75.6533356057253,32.427416912822494,
me_seed1,me,1,leg4_paralysed,top_k,0,8,1005,1061.3260498046875,793,1085.57666015625,75.6533356057253,32.427416912822494,
me_seed1,me,1,leg4_paralysed,top_k,0,9,949,1054.2054443359375,793,1085.57666015625,75.6533356057253,32.427416912822494,
me_seed1,me,1,leg4_paralysed,top_k,0,10,180,1061.3426513671875,793,1085.57666015625,75.6533356057253,32.427416912822494,
me_seed1,me,1,leg4_paralysed,top_k,0,11,448,1062.291259765625,793,1085.57666015625,75.6533356057253,32.427416912822494,
me_seed1,me,1,leg4_paralysed,top_k,0,12,49,1057.709228515625,793,1085.57666015625,75.6533356057253,32.427416912822494,
me_seed1,me,1,leg4_paralysed,top_k,0,13,684,1056.951171875,793,1085.57666015625,75.6533356057253,32.427416912822494,
me_seed1,me,1,leg4_paralysed,top_k,0,14,254,1067.6578369140625,793,1085.57666015625,75.6533356057253,32.427416912822494,
me_seed1,me,1,leg4_paralysed,top_k,0,15,614,1051.642822265625,793,1085.57666015625,75.6533356057253,32.427416912822494,
me_seed1,me,1,leg4_paralysed,top_k,0,16,197,1076.228271484375,793,1085.57666015625,75.6533356057253,32.427416912822494,
me_seed1,me,1,leg4_paralysed,top_k,0,17,770,1070.939208984375,793,1085.57666015625,75.6533356057253,32.427416912822494,
me_seed1,me,1,leg4_paralysed,top_k,0,18,744,1053.0177001953125,793,1085.57666015625,75.6533356057253,32.427416912822494,
me_seed1,me,1,leg4_paralysed,top_k,0,19,134,1056.356201171875,793,1085.57666015625,75.6533356057253,32.427416912822494,
me_seed1,me,1,leg4_paralysed,top_k,0,20,784,1070.903076171875,793,1085.57666015625,75.6533356057253,32.427416912822494,
me_seed1,me,1,leg4_paralysed,top_k,1,1,385,1054.6307373046875,385,1061.607666015625,8.184597030679923,3.5081776375399043,
me_seed1,me,1,leg4_paralysed,top_k,1,2,170,1061.8328857421875,170,1057.7655029296875,-2.6304540843956703,-1.127495973333923,
me_seed1,me,1,leg4_paralysed,top_k,1,3,769,1065.5833740234375,769,1071.764892578125,36.775503247779525,15.763146019226621,
me_seed1,me,1,leg4_paralysed,top_k,1,4,793,1060.220703125,769,1071.764892578125,36.775503247779525,15.763146019226621,
me_seed1,me,1,leg4_paralysed,top_k,1,5,661,1065.533447265625,769,1071.764892578125,36.775503247779525,15.763146019226621,
me_seed1,me,1,leg4_paralysed,top_k,1,6,504,1055.9937744140625,769,1071.764892578125,36.775503247779525,15.763146019226621,
me_seed1,me,1,leg4_paralysed,top_k,1,7,580,1064.549560546875,769,1071.764892578125,36.775503247779525,15.763146019226621,
me_seed1,me,1,leg4_paralysed,top_k,1,8,1005,1057.4769287109375,769,1071.764892578125,36.775503247779525,15.763146019226621,
me_seed1,me,1,leg4_paralysed,top_k,1,9,949,1091.8697509765625,949,1063.7021484375,14.080217269995794,6.035227290133173,
me_seed1,me,1,leg4_paralysed,top_k,1,10,180,1061.7335205078125,949,1063.7021484375,14.080217269995794,6.035227290133173,
me_seed1,me,1,leg4_paralysed,top_k,1,11,448,1055.7080078125,949,1063.7021484375,14.080217269995794,6.035227290133173,
me_seed1,me,1,leg4_paralysed,top_k,1,12,49,1051.841064453125,949,1063.7021484375,14.080217269995794,6.035227290133173,
me_seed1,me,1,leg4_paralysed,top_k,1,13,684,1069.4703369140625,949,1063.7021484375,14.080217269995794,6.035227290133173,
me_seed1,me,1,leg4_paralysed,top_k,1,14,254,1069.0283203125,949,1063.7021484375,14.080217269995794,6.035227290133173,
me_seed1,me,1,leg4_paralysed,top_k,1,15,614,1055.270751953125,949,1063.7021484375,14.080217269995794,6.035227290133173,
me_seed1,me,1,leg4_paralysed,top_k,1,16,197,1062.68994140625,949,1063.7021484375,14.080217269995794,6.035227290133173,
me_seed1,me,1,leg4_paralysed,top_k,1,17,770,1076.46240234375,949,1063.7021484375,14.080217269995794,6.035227290133173,
me_seed1,me,1,leg4_paralysed,top_k,1,18,744,1051.370361328125,949,1063.7021484375,14.080217269995794,6.035227290133173,
me_seed1,me,1,leg4_paralysed,top_k,1,19,134,1065.7628173828125,949,1063.7021484375,14.080217269995794,6.035227290133173,
me_seed1,me,1,leg4_paralysed,top_k,1,20,784,1084.2548828125,949,1063.7021484375,14.080217269995794,6.035227290133173,
me_seed1,me,1,leg4_paralysed,top_k,2,1,385,1051.1485595703125,385,1061.607666015625,8.184597030679923,3.5081776375399043,
me_seed1,me,1,leg4_paralysed,top_k,2,2,170,1063.542236328125,170,1057.7655029296875,-2.6304540843956703,-1.127495973333923,
me_seed1,me,1,leg4_paralysed,top_k,2,3,769,1073.061767578125,769,1071.764892578125,36.775503247779525,15.763146019226621,
me_seed1,me,1,leg4_paralysed,top_k,2,4,793,1063.9188232421875,769,1071.764892578125,36.775503247779525,15.763146019226621,
me_seed1,me,1,leg4_paralysed,top_k,2,5,661,1087.970703125,661,1091.298583984375,91.75960108525042,39.3310726661537,
me_seed1,me,1,leg4_paralysed,top_k,2,6,504,1066.229248046875,661,1091.298583984375,91.75960108525042,39.3310726661537,
me_seed1,me,1,leg4_paralysed,top_k,2,7,580,1054.214599609375,661,1091.298583984375,91.75960108525042,39.3310726661537,
me_seed1,me,1,leg4_paralysed,top_k,2,8,1005,1056.4837646484375,661,1091.298583984375,91.75960108525042,39.3310726661537,
me_seed1,me,1,leg4_paralysed,top_k,2,9,949,1051.915283203125,661,1091.298583984375,91.75960108525042,39.3310726661537,
me_seed1,me,1,leg4_paralysed,top_k,2,10,180,1068.0205078125,661,1091.298583984375,91.75960108525042,39.3310726661537,
me_seed1,me,1,leg4_paralysed,top_k,2,11,448,1056.624755859375,661,1091.298583984375,91.75960108525042,39.3310726661537,
me_seed1,me,1,leg4_paralysed,top_k,2,12,49,1063.861328125,661,1091.298583984375,91.75960108525042,39.3310726661537,
me_seed1,me,1,leg4_paralysed,top_k,2,13,684,1074.86181640625,661,1091.298583984375,91.75960108525042,39.3310726661537,
me_seed1,me,1,leg4_paralysed,top_k,2,14,254,1065.763916015625,661,1091.298583984375,91.75960108525042,39.3310726661537,
me_seed1,me,1,leg4_paralysed,top_k,2,15,614,1061.2852783203125,661,1091.298583984375,91.75960108525042,39.3310726661537,
me_seed1,me,1,leg4_paralysed,top_k,2,16,197,1089.7274169921875,197,1064.2666015625,15.669059092270919,6.716255241735415,
me_seed1,me,1,leg4_paralysed,top_k,2,17,770,1061.4576416015625,197,1064.2666015625,15.669059092270919,6.716255241735415,
me_seed1,me,1,leg4_paralysed,top_k,2,18,744,1053.18212890625,197,1064.2666015625,15.669059092270919,6.716255241735415,
me_seed1,me,1,leg4_paralysed,top_k,2,19,134,1052.46435546875,197,1064.2666015625,15.669059092270919,6.716255241735415,
me_seed1,me,1,leg4_paralysed,top_k,2,20,784,1089.169921875,197,1064.2666015625,15.669059092270919,6.716255241735415,
me_seed1,me,1,leg4_paralysed,top_k,3,1,385,1060.128662109375,385,1061.607666015625,8.184597030679923,3.5081776375399043,
me_seed1,me,1,leg4_paralysed,top_k,3,2,170,1062.546630859375,170,1057.7655029296875,-2.6304540843956703,-1.127495973333923,
me_seed1,me,1,leg4_paralysed,top_k,3,3,769,1078.412841796875,769,1071.764892578125,36.775503247779525,15.763146019226621,
me_seed1,me,1,leg4_paralysed,top_k,3,4,793,1063.17822265625,769,1071.764892578125,36.775503247779525,15.763146019226621,
me_seed1,me,1,leg4_paralysed,top_k,3,5,661,1058.6544189453125,769,1071.764892578125,36.775503247779525,15.763146019226621,
me_seed1,me,1,leg4_paralysed,top_k,3,6,504,1053.493896484375,769,1071.764892578125,36.775503247779525,15.763146019226621,
me_seed1,me,1,leg4_paralysed,top_k,3,7,580,1073.325439453125,769,1071.764892578125,36.775503247779525,15.763146019226621,
me_seed1,me,1,leg4_paralysed,top_k,3,8,1005,1058.720703125,769,1071.764892578125,36.775503247779525,15.763146019226621,
me_seed1,me,1,leg4_paralysed,top_k,3,9,949,1052.992919921875,769,1071.764892578125,36.775503247779525,15.763146019226621,
me_seed1,me,1,leg4_paralysed,top_k,3,10,180,1115.479248046875,180,1074.50927734375,44.50049067173916,19.07432041540344,
me_seed1,me,1,leg4_paralysed,top_k,3,11,448,1060.042724609375,180,1074.50927734375,44.50049067173916,19.07432041540344,
me_seed1,me,1,leg4_paralysed,top_k,3,12,49,1072.0311279296875,180,1074.50927734375,44.50049067173916,19.07432041540344,
me_seed1,me,1,leg4_paralysed,top_k,3,13,684,1062.1650390625,180,1074.50927734375,44.50049067173916,19.07432041540344,
me_seed1,me,1,leg4_paralysed,top_k,3,14,254,1062.855712890625,180,1074.50927734375,44.50049067173916,19.07432041540344,
me_seed1,me,1,leg4_paralysed,top_k,3,15,614,1056.38232421875,180,1074.50927734375,44.50049067173916,19.07432041540344,
me_seed1,me,1,leg4_paralysed,top_k,3,16,197,1060.2005615234375,180,1074.50927734375,44.50049067173916,19.07432041540344,
me_seed1,me,1,leg4_paralysed,top_k,3,17,770,1062.2816162109375,180,1074.50927734375,44.50049067173916,19.07432041540344,
me_seed1,me,1,leg4_paralysed,top_k,3,18,744,1053.996337890625,180,1074.50927734375,44.50049067173916,19.07432041540344,
me_seed1,me,1,leg4_paralysed,top_k,3,19,134,1059.280517578125,180,1074.50927734375,44.50049067173916,19.07432041540344,
me_seed1,me,1,leg4_paralysed,top_k,3,20,784,1060.8424072265625,180,1074.50927734375,44.50049067173916,19.07432041540344,
me_seed1,me,1,leg4_paralysed,top_k,4,1,385,1059.306640625,385,1061.607666015625,8.184597030679923,3.5081776375399043,
me_seed1,me,1,leg4_paralysed,top_k,4,2,170,1060.51123046875,170,1057.7655029296875,-2.6304540843956703,-1.127495973333923,
me_seed1,me,1,leg4_paralysed,top_k,4,3,769,1075.651611328125,769,1071.764892578125,36.775503247779525,15.763146019226621,
me_seed1,me,1,leg4_paralysed,top_k,4,4,793,1072.80517578125,769,1071.764892578125,36.775503247779525,15.763146019226621,
me_seed1,me,1,leg4_paralysed,top_k,4,5,661,1086.2489013671875,661,1091.298583984375,91.75960108525042,39.3310726661537,
me_seed1,me,1,leg4_paralysed,top_k,4,6,504,1066.5718994140625,661,1091.298583984375,91.75960108525042,39.3310726661537,
me_seed1,me,1,leg4_paralysed,top_k,4,7,580,1059.489501953125,661,1091.298583984375,91.75960108525042,39.3310726661537,
me_seed1,me,1,leg4_paralysed,top_k,4,8,1005,1070.118408203125,661,1091.298583984375,91.75960108525042,39.3310726661537,
me_seed1,me,1,leg4_paralysed,top_k,4,9,949,1052.994873046875,661,1091.298583984375,91.75960108525042,39.3310726661537,
me_seed1,me,1,leg4_paralysed,top_k,4,10,180,1083.75732421875,661,1091.298583984375,91.75960108525042,39.3310726661537,
me_seed1,me,1,leg4_paralysed,top_k,4,11,448,1057.546875,661,1091.298583984375,91.75960108525042,39.3310726661537,
me_seed1,me,1,leg4_paralysed,top_k,4,12,49,1071.662353515625,661,1091.298583984375,91.75960108525042,39.3310726661537,
me_seed1,me,1,leg4_paralysed,top_k,4,13,684,1060.5478515625,661,1091.298583984375,91.75960108525042,39.3310726661537,
me_seed1,me,1,leg4_paralysed,top_k,4,14,254,1060.4866943359375,661,1091.298583984375,91.75960108525042,39.3310726661537,
me_seed1,me,1,leg4_paralysed,top_k,4,15,614,1052.1959228515625,661,1091.298583984375,91.75960108525042,39.3310726661537,
me_seed1,me,1,leg4_paralysed,top_k,4,16,197,1058.2030029296875,661,1091.298583984375,91.75960108525042,39.3310726661537,
me_seed1,me,1,leg4_paralysed,top_k,4,17,770,1064.755615234375,661,1091.298583984375,91.75960108525042,39.3310726661537,
me_seed1,me,1,leg4_paralysed,top_k,4,18,744,1054.044677734375,661,1091.298583984375,91.75960108525042,39.3310726661537,
me_seed1,me,1,leg4_paralysed,top_k,4,19,134,1057.193359375,661,1091.298583984375,91.75960108525042,39.3310726661537,
me_seed1,me,1,leg4_paralysed,top_k,4,20,784,1102.7220458984375,784,1069.6595458984375,30.849301926676784,13.222988345938587,
me_seed1,me,1,leg4_paralysed,best_intact,0,1,385,1059.205078125,385,1061.607666015625,8.184597030679923,3.5081776375399043,
me_seed1,me,1,leg4_paralysed,best_intact,1,1,385,1067.030029296875,385,1061.607666015625,8.184597030679923,3.5081776375399043,
me_seed1,me,1,leg4_paralysed,best_intact,2,1,385,1058.25537109375,385,1061.607666015625,8.184597030679923,3.5081776375399043,
me_seed1,me,1,leg4_paralysed,best_intact,3,1,385,1053.922607421875,385,1061.607666015625,8.184597030679923,3.5081776375399043,
me_seed1,me,1,leg4_paralysed,best_intact,4,1,385,1057.6524658203125,385,1061.607666015625,8.184597030679923,3.5081776375399043,
me_seed1,me,1,leg1_weak,ite,0,1,385,1073.3046875,385,1078.1573486328125,43.42708525183653,23.475817027348295,8
me_seed1,me,1,leg1_weak,ite,0,2,613,1051.935791015625,385,1078.1573486328125,43.42708525183653,23.475817027348295,8
me_seed1,me,1,leg1_weak,ite,0,3,407,1062.791748046875,385,1078.1573486328125,43.42708525183653,23.475817027348295,8
me_seed1,me,1,leg1_weak,ite,0,4,878,1041.01953125,385,1078.1573486328125,43.42708525183653,23.475817027348295,8
me_seed1,me,1,leg1_weak,ite,0,5,165,1060.1318359375,385,1078.1573486328125,43.42708525183653,23.475817027348295,8
me_seed1,me,1,leg1_weak,ite,0,6,769,1067.3560791015625,385,1078.1573486328125,43.42708525183653,23.475817027348295,8
me_seed1,me,1,leg1_weak,ite,0,7,552,1074.49169921875,552,1068.9853515625,22.955997118566966,12.409554657206064,8
me_seed1,me,1,leg1_weak,ite,0,8,385,1080.7120361328125,385,1078.1573486328125,43.42708525183653,23.475817027348295,8
me_seed1,me,1,leg1_weak,ite,0,9,385,1076.3050537109375,385,1078.1573486328125,43.42708525183653,23.475817027348295,8
me_seed1,me,1,leg1_weak,ite,0,10,385,1072.360107421875,385,1078.1573486328125,43.42708525183653,23.475817027348295,8
me_seed1,me,1,leg1_weak,ite,0,11,385,1082.1951904296875,385,1078.1573486328125,43.42708525183653,23.475817027348295,8
me_seed1,me,1,leg1_weak,ite,0,12,385,1073.3753662109375,385,1078.1573486328125,43.42708525183653,23.475817027348295,8
me_seed1,me,1,leg1_weak,ite,0,13,385,1075.2021484375,385,1078.1573486328125,43.42708525183653,23.475817027348295,8
me_seed1,me,1,leg1_weak,ite,0,14,552,1046.9324951171875,385,1078.1573486328125,43.42708525183653,23.475817027348295,8
me_seed1,me,1,leg1_weak,ite,0,15,504,1075.9683837890625,385,1078.1573486328125,43.42708525183653,23.475817027348295,8
me_seed1,me,1,leg1_weak,ite,0,16,385,1082.3895263671875,385,1078.1573486328125,43.42708525183653,23.475817027348295,8
me_seed1,me,1,leg1_weak,ite,0,17,385,1074.250732421875,385,1078.1573486328125,43.42708525183653,23.475817027348295,8
me_seed1,me,1,leg1_weak,ite,0,18,385,1074.156005859375,385,1078.1573486328125,43.42708525183653,23.475817027348295,8
me_seed1,me,1,leg1_weak,ite,0,19,385,1084.752197265625,385,1078.1573486328125,43.42708525183653,23.475817027348295,8
me_seed1,me,1,leg1_weak,ite,0,20,385,1073.21630859375,385,1078.1573486328125,43.42708525183653,23.475817027348295,8
me_seed1,me,1,leg1_weak,ite,1,1,385,1079.20556640625,385,1078.1573486328125,43.42708525183653,23.475817027348295,8
me_seed1,me,1,leg1_weak,ite,1,2,613,1071.675048828125,385,1078.1573486328125,43.42708525183653,23.475817027348295,8
me_seed1,me,1,leg1_weak,ite,1,3,407,1060.7857666015625,385,1078.1573486328125,43.42708525183653,23.475817027348295,8
me_seed1,me,1,leg1_weak,ite,1,4,143,1043.5753173828125,385,1078.1573486328125,43.42708525183653,23.475817027348295,8
me_seed1,me,1,leg1_weak,ite,1,5,165,1063.2080078125,385,1078.1573486328125,43.42708525183653,23.475817027348295,8
me_seed1,me,1,leg1_weak,ite,1,6,170,1074.6234130859375,385,1078.1573486328125,43.42708525183653,23.475817027348295,8
me_seed1,me,1,leg1_weak,ite,1,7,385,1082.825439453125,385,1078.1573486328125,43.42708525183653,23.475817027348295,8
me_seed1,me,1,leg1_weak,ite,1,8,385,1083.1353759765625,385,1078.1573486328125,43.42708525183653,23.475817027348295,8
me_seed1,me,1,leg1_weak,ite,1,9,385,1069.877685546875,385,1078.1573486328125,43.42708525183653,23.475817027348295,8
me_seed1,me,1,leg1_weak,ite,1,10,613,1052.997314453125,385,1078.1573486328125,43.42708525183653,23.475817027348295,8
me_seed1,me,1,leg1_weak,ite,1,11,385,1082.3980712890625,385,1078.1573486328125,43.42708525183653,23.475817027348295,8
me_seed1,me,1,leg1_weak,ite,1,12,385,1076.036376953125,385,1078.1573486328125,43.42708525183653,23.475817027348295,8
me_seed1,me,1,leg1_weak,ite,1,13,170,1073.38037109375,385,1078.1573486328125,43.42708525183653,23.475817027348295,8
me_seed1,me,1,leg1_weak,ite,1,14,878,1045.7210693359375,385,1078.1573486328125,43.42708525183653,23.475817027348295,8
me_seed1,me,1,leg1_weak,ite,1,15,385,1085.426513671875,385,1078.1573486328125,43.42708525183653,23.475817027348295,8
me_seed1,me,1,leg1_weak,ite,1,16,385,1068.48193359375,385,1078.1573486328125,43.42708525183653,23.475817027348295,8
me_seed1,me,1,leg1_weak,ite,1,17,385,1081.8997802734375,385,1078.1573486328125,43.42708525183653,23.475817027348295,8
me_seed1,me,1,leg1_weak,ite,1,18,385,1081.485107421875,385,1078.1573486328125,43.42708525183653,23.475817027348295,8
me_seed1,me,1,leg1_weak,ite,1,19,385,1074.6396484375,385,1078.1573486328125,43.42708525183653,23.475817027348295,8
me_seed1,me,1,leg1_weak,ite,1,20,385,1081.4473876953125,385,1078.1573486328125,43.42708525183653,23.475817027348295,8
me_seed1,me,1,leg1_weak,ite,2,1,385,1084.4512939453125,385,1078.1573486328125,43.42708525183653,23.475817027348295,7
me_seed1,me,1,leg1_weak,ite,2,2,613,1055.416259765625,385,1078.1573486328125,43.42708525183653,23.475817027348295,7
me_seed1,me,1,leg1_weak,ite,2,3,407,1062.722900390625,385,1078.1573486328125,43.42708525183653,23.475817027348295,7
me_seed1,me,1,leg1_weak,ite,2,4,143,1048.3134765625,385,1078.1573486328125,43.42708525183653,23.475817027348295,7
me_seed1,me,1,leg1_weak,ite,2,5,165,1064.7099609375,385,1078.1573486328125,43.42708525183653,23.475817027348295,7
me_seed1,me,1,leg1_weak,ite,2,6,170,1072.46533203125,385,1078.1573486328125,43.42708525183653,23.475817027348295,7
me_seed1,me,1,leg1_weak,ite,2,7,385,1086.395751953125,385,1078.1573486328125,43.42708525183653,23.475817027348295,7
me_seed1,me,1,leg1_weak,ite,2,8,385,1080.1407470703125,385,1078.1573486328125,43.42708525183653,23.475817027348295,7
me_seed1,me,1,leg1_weak,ite,2,9,385,1074.349853515625,385,1078.1573486328125,43.42708525183653,23.475817027348295,7
me_seed1,me,1,leg1_weak,ite,2,10,385,1078.240966796875,385,1078.1573486328125,43.42708525183653,23.475817027348295,7
me_seed1,me,1,leg1_weak,ite,2,11,385,1075.480224609375,385,1078.1573486328125,43.42708525183653,23.475817027348295,7
me_seed1,me,1,leg1_weak,ite,2,12,878,1042.768798828125,385,1078.1573486328125,43.42708525183653,23.475817027348295,7
me_seed1,me,1,leg1_weak,ite,2,13,385,1080.6490478515625,385,1078.1573486328125,43.42708525183653,23.475817027348295,7
me_seed1,me,1,leg1_weak,ite,2,14,552,1076.537109375,385,1078.1573486328125,43.42708525183653,23.475817027348295,7
me_seed1,me,1,leg1_weak,ite,2,15,385,1080.3558349609375,385,1078.1573486328125,43.42708525183653,23.475817027348295,7
me_seed1,me,1,leg1_weak,ite,2,16,385,1080.2015380859375,385,1078.1573486328125,43.42708525183653,23.475817027348295,7
me_seed1,me,1,leg1_weak,ite,2,17,385,1084.09033203125,385,1078.1573486328125,43.42708525183653,23.475817027348295,7
me_seed1,me,1,leg1_weak,ite,2,18,385,1086.572021484375,385,1078.1573486328125,43.42708525183653,23.475817027348295,7
me_seed1,me,1,leg1_weak,ite,2,19,385,1071.8544921875,385,1078.1573486328125,43.42708525183653,23.475817027348295,7
me_seed1,me,1,leg1_weak,ite,2,20,385,1074.5050048828125,385,1078.1573486328125,43.42708525183653,23.475817027348295,7
me_seed1,me,1,leg1_weak,ite,3,1,385,1078.452880859375,385,1078.1573486328125,43.42708525183653,23.475817027348295,7
me_seed1,me,1,leg1_weak,ite,3,2,613,1060.7659912109375,385,1078.1573486328125,43.42708525183653,23.475817027348295,7
me_seed1,me,1,leg1_weak,ite,3,3,407,1054.343994140625,385,1078.1573486328125,43.42708525183653,23.475817027348295,7
me_seed1,me,1,leg1_weak,ite,3,4,878,1038.43310546875,385,1078.1573486328125,43.42708525183653,23.475817027348295,7
me_seed1,me,1,leg1_weak,ite,3,5,165,1063.992431640625,385,1078.1573486328125,43.42708525183653,23.475817027348295,7
me_seed1,me,1,leg1_weak,ite,3,6,385,1082.3419189453125,385,1078.1573486328125,43.42708525183653,23.475817027348295,7
me_seed1,me,1,leg1_weak,ite,3,7,769,1066.565673828125,385,1078.1573486328125,43.42708525183653,23.475817027348295,7
me_seed1,me,1,leg1_weak,ite,3,8,385,1081.674072265625,385,1078.1573486328125,43.42708525183653,23.475817027348295,7
me_seed1,me,1,leg1_weak,ite,3,9,385,1083.094482421875,385,1078.1573486328125,43.42708525183653,23.475817027348295,7
me_seed1,me,1,leg1_weak,ite,3,10,385,1077.767822265625,385,1078.1573486328125,43.42708525183653,23.475817027348295,7
me_seed1,me,1,leg1_weak,ite,3,11,385,1080.453369140625,385,1078.1573486328125,43.42708525183653,23.475817027348295,7
me_seed1,me,1,leg1_weak,ite,3,12,385,1081.818603515625,385,1078.1573486328125,43.42708525183653,23.475817027348295,7
me_seed1,me,1,leg1_weak,ite,3,13,385,1082.523681640625,385,1078.1573486328125,43.42708525183653,23.475817027348295,7
me_seed1,me,1,leg1_weak,ite,3,14,385,1081.3740234375,385,1078.1573486328125,43.42708525183653,23.475817027348295,7
me_seed1,me,1,leg1_weak,ite,3,15,385,1078.330078125,385,1078.1573486328125,43.42708525183653,23.475817027348295,7
me_seed1,me,1,leg1_weak,ite,3,16,385,1078.982421875,385,1078.1573486328125,43.42708525183653,23.475817027348295,7
me_seed1,me,1,leg1_weak,ite,3,17,385,1074.8857421875,385,1078.1573486328125,43.42708525183653,23.475817027348295,7
me_seed1,me,1,leg1_weak,ite,3,18,385,1080.4586181640625,385,1078.1573486328125,43.42708525183653,23.475817027348295,7
me_seed1,me,1,leg1_weak,ite,3,19,385,1079.47509765625,385,1078.1573486328125,43.42708525183653,23.475817027348295,7
me_seed1,me,1,leg1_weak,ite,3,20,385,1075.34912109375,385,1078.1573486328125,43.42708525183653,23.475817027348295,7
me_seed1,me,1,leg1_weak,ite,4,1,385,1077.8236083984375,385,1078.1573486328125,43.42708525183653,23.475817027348295,7
me_seed1,me,1,leg1_weak,ite,4,2,613,1057.8353271484375,385,1078.1573486328125,43.42708525183653,23.475817027348295,7
me_seed1,me,1,leg1_weak,ite,4,3,407,1061.229736328125,385,1078.1573486328125,43.42708525183653,23.475817027348295,7
me_seed1,me,1,leg1_weak,ite,4,4,878,1040.1883544921875,385,1078.1573486328125,43.42708525183653,23.475817027348295,7
me_seed1,me,1,leg1_weak,ite,4,5,165,1064.81494140625,385,1078.1573486328125,43.42708525183653,23.475817027348295,7
me_seed1,me,1,leg1_weak,ite,4,6,769,1069.384765625,385,1078.1573486328125,43.42708525183653,23.475817027348295,7
me_seed1,me,1,leg1_weak,ite,4,7,385,1084.12255859375,385,1078.1573486328125,43.42708525183653,23.475817027348295,7
me_seed1,me,1,leg1_weak,ite,4,8,385,1082.774169921875,385,1078.1573486328125,43.42708525183653,23.475817027348295,7
me_seed1,me,1,leg1_weak,ite,4,9,385,1082.06591796875,385,1078.1573486328125,43.42708525183653,23.475817027348295,7
me_seed1,me,1,leg1_weak,ite,4,10,385,1084.396728515625,385,1078.1573486328125,43.42708525183653,23.475817027348295,7
me_seed1,me,1,leg1_weak,ite,4,11,385,1081.2442626953125,385,1078.1573486328125,43.42708525183653,23.475817027348295,7
me_seed1,me,1,leg1_weak,ite,4,12,552,1079.623291015625,385,1078.1573486328125,43.42708525183653,23.475817027348295,7
me_seed1,me,1,leg1_weak,ite,4,13,385,1077.9722900390625,385,1078.1573486328125,43.42708525183653,23.475817027348295,7
me_seed1,me,1,leg1_weak,ite,4,14,385,1075.815673828125,385,1078.1573486328125,43.42708525183653,23.475817027348295,7
me_seed1,me,1,leg1_weak,ite,4,15,385,1086.7364501953125,385,1078.1573486328125,43.42708525183653,23.475817027348295,7
me_seed1,me,1,leg1_weak,ite,4,16,385,1073.7926025390625,385,1078.1573486328125,43.42708525183653,23.475817027348295,7
me_seed1,me,1,leg1_weak,ite,4,17,385,1079.781494140625,385,1078.1573486328125,43.42708525183653,23.475817027348295,7
me_seed1,me,1,leg1_weak,ite,4,18,385,1072.18115234375,385,1078.1573486328125,43.42708525183653,23.475817027348295,7
me_seed1,me,1,leg1_weak,ite,4,19,552,1067.227783203125,385,1078.1573486328125,43.42708525183653,23.475817027348295,7
me_seed1,me,1,leg1_weak,ite,4,20,385,1072.8101806640625,385,1078.1573486328125,43.42708525183653,23.475817027348295,7
me_seed1,me,1,leg1_weak,top_k,0,1,385,1084.77587890625,385,1078.1573486328125,43.42708525183653,23.475817027348295,
me_seed1,me,1,leg1_weak,top_k,0,2,170,1068.961669921875,385,1078.1573486328125,43.42708525183653,23.475817027348295,
me_seed1,me,1,leg1_weak,top_k,0,3,769,1067.96142578125,385,1078.1573486328125,43.42708525183653,23.475817027348295,
me_seed1,me,1,leg1_weak,top_k,0,4,793,1074.028564453125,385,1078.1573486328125,43.42708525183653,23.475817027348295,
me_seed1,me,1,leg1_weak,top_k,0,5,661,1080.072998046875,385,1078.1573486328125,43.42708525183653,23.475817027348295,
me_seed1,me,1,leg1_weak,top_k,0,6,504,1078.206787109375,385,1078.1573486328125,43.42708525183653,23.475817027348295,
me_seed1,me,1,leg1_weak,top_k,0,7,580,1080.29638671875,385,1078.1573486328125,43.42708525183653,23.475817027348295,
me_seed1,me,1,leg1_weak,top_k,0,8,1005,1066.06640625,385,1078.1573486328125,43.42708525183653,23.475817027348295,
me_seed1,me,1,leg1_weak,top_k,0,9,949,1059.502197265625,385,1078.1573486328125,43.42708525183653,23.475817027348295,
me_seed1,me,1,leg1_weak,top_k,0,10,180,1074.4730224609375,385,1078.1573486328125,43.42708525183653,23.475817027348295,
me_seed1,me,1,leg1_weak,top_k,0,11,448,1073.903564453125,385,1078.1573486328125,43.42708525183653,23.475817027348295,
me_seed1,me,1,leg1_weak,top_k,0,12,49,1060.307861328125,385,1078.1573486328125,43.42708525183653,23.475817027348295,
me_seed1,me,1,leg1_weak,top_k,0,13,684,1063.876220703125,385,1078.1573486328125,43.42708525183653,23.475817027348295,
me_seed1,me,1,leg1_weak,top_k,0,14,254,1063.744384765625,385,1078.1573486328125,43.42708525183653,23.475817027348295,
me_seed1,me,1,leg1_weak,top_k,0,15,614,1057.97216796875,385,1078.1573486328125,43.42708525183653,23.475817027348295,
me_seed1,me,1,leg1_weak,top_k,0,16,197,1070.423828125,385,1078.1573486328125,43.42708525183653,23.475817027348295,
me_seed1,me,1,leg1_weak,top_k,0,17,770,1058.0068359375,385,1078.1573486328125,43.42708525183653,23.475817027348295,
me_seed1,me,1,leg1_weak,top_k,0,18,744,1057.5179443359375,385,1078.1573486328125,43.42708525183653,23.475817027348295,
me_seed1,me,1,leg1_weak,top_k,0,19,134,1072.51806640625,385,1078.1573486328125,43.42708525183653,23.475817027348295,
me_seed1,me,1,leg1_weak,top_k,0,20,784,1059.258056640625,385,1078.1573486328125,43.42708525183653,23.475817027348295,
me_seed1,me,1,leg1_weak,top_k,1,1,385,1077.004150390625,385,1078.1573486328125,43.42708525183653,23.475817027348295,
me_seed1,me,1,leg1_weak,top_k,1,2,170,1071.7734375,385,1078.1573486328125,43.42708525183653,23.475817027348295,
me_seed1,me,1,leg1_weak,top_k,1,3,769,1072.5421142578125,385,1078.1573486328125,43.42708525183653,23.475817027348295,
me_seed1,me,1,leg1_weak,top_k,1,4,793,1069.6416015625,385,1078.1573486328125,43.42708525183653,23.475817027348295,
me_seed1,me,1,leg1_weak,top_k,1,5,661,1072.6419677734375,385,1078.1573486328125,43.42708525183653,23.475817027348295,
me_seed1,me,1,leg1_weak,top_k,1,6,504,1073.930419921875,385,1078.1573486328125,43.42708525183653,23.475817027348295,
me_seed1,me,1,leg1_weak,top_k,1,7,580,1079.166748046875,580,1082.804443359375,53.79899062662444,29.08266241868605,
me_seed1,me,1,leg1_weak,top_k,1,8,1005,1068.091796875,580,1082.804443359375,53.79899062662444,29.08266241868605,
me_seed1,me,1,leg1_weak,top_k,1,9,949,1065.8262939453125,580,1082.804443359375,53.79899062662444,29.08266241868605,
me_seed1,me,1,leg1_weak,top_k,1,10,180,1097.5556640625,180,1073.542724609375,33.12765162124189,17.908148416963442,
me_seed1,me,1,leg1_weak,top_k,1,11,448,1053.306396484375,180,1073.542724609375,33.12765162124189,17.908148416963442,
me_seed1,me,1,leg1_weak,top_k,1,12,49,1056.0921630859375,180,1073.542724609375,33.12765162124189,17.908148416963442,
me_seed1,me,1,leg1_weak,top_k,1,13,684,1056.22900390625,180,1073.542724609375,33.12765162124189,17.908148416963442,
me_seed1,me,1,leg1_weak,top_k,1,14,254,1063.6822509765625,180,1073.542724609375,33.12765162124189,17.908148416963442,
me_seed1,me,1,leg1_weak,top_k,1,15,614,1058.855712890625,180,1073.542724609375,33.12765162124189,17.908148416963442,
me_seed1,me,1,leg1_weak,top_k,1,16,197,1063.8499755859375,180,1073.542724609375,33.12765162124189,17.908148416963442,
me_seed1,me,1,leg1_weak,top_k,1,17,770,1062.807373046875,180,1073.542724609375,33.12765162124189,17.908148416963442,
me_seed1,me,1,leg1_weak,top_k,1,18,744,1063.77783203125,180,1073.542724609375,33.12765162124189,17.908148416963442,
me_seed1,me,1,leg1_weak,top_k,1,19,134,1081.0908203125,180,1073.542724609375,33.12765162124189,17.908148416963442,
me_seed1,me,1,leg1_weak,top_k,1,20,784,1069.064453125,180,1073.542724609375,33.12765162124189,17.908148416963442,
me_seed1,me,1,leg1_weak,top_k,2,1,385,1080.67041015625,385,1078.1573486328125,43.42708525183653,23.475817027348295,
me_seed1,me,1,leg1_weak,top_k,2,2,170,1071.7418212890625,385,1078.1573486328125,43.42708525183653,23.475817027348295,
me_seed1,me,1,leg1_weak,top_k,2,3,769,1054.338134765625,385,1078.1573486328125,43.42708525183653,23.475817027348295,
me_seed1,me,1,leg1_weak,top_k,2,4,793,1077.8896484375,385,1078.1573486328125,43.42708525183653,23.475817027348295,
me_seed1,me,1,leg1_weak,top_k,2,5,661,1068.3662109375,385,1078.1573486328125,43.42708525183653,23.475817027348295,
me_seed1,me,1,leg1_weak,top_k,2,6,504,1081.3343505859375,504,1080.199951171875,47.98599388185902,25.94027219909577,
me_seed1,me,1,leg1_weak,top_k,2,7,580,1086.5206298828125,580,1082.804443359375,53.79899062662444,29.08266241868605,
me_seed1,me,1,leg1_weak,top_k,2,8,1005,1069.7978515625,580,1082.804443359375,53.79899062662444,29.08266241868605,
me_seed1,me,1,leg1_weak,top_k,2,9,949,1055.666259765625,580,1082.804443359375,53.79899062662444,29.08266241868605,
me_seed1,me,1,leg1_weak,top_k,2,10,180,1071.4757080078125,580,1082.804443359375,53.79899062662444,29.08266241868605,
me_seed1,me,1,leg1_weak,top_k,2,11,448,1068.0595703125,580,1082.804443359375,53.79899062662444,29.08266241868605,
me_seed1,me,1,leg1_weak,top_k,2,12,49,1058.615478515625,580,1082.804443359375,53.79899062662444,29.08266241868605,
me_seed1,me,1,leg1_weak,top_k,2,13,684,1064.18408203125,580,1082.804443359375,53.79899062662444,29.08266241868605,
me_seed1,me,1,leg1_weak,top_k,2,14,254,1064.93115234375,580,1082.804443359375,53.79899062662444,29.08266241868605,
me_seed1,me,1,leg1_weak,top_k,2,15,614,1058.9598388671875,580,1082.804443359375,53.79899062662444,29.08266241868605,
me_seed1,me,1,leg1_weak,top_k,2,16,197,1070.0146484375,580,1082.804443359375,53.79899062662444,29.08266241868605,
me_seed1,me,1,leg1_weak,top_k,2,17,770,1068.5975341796875,580,1082.804443359375,53.79899062662444,29.08266241868605,
me_seed1,me,1,leg1_weak,top_k,2,18,744,1057.3223876953125,580,1082.804443359375,53.79899062662444,29.08266241868605,
me_seed1,me,1,leg1_weak,top_k,2,19,134,1070.785888671875,580,1082.804443359375,53.79899062662444,29.08266241868605,
me_seed1,me,1,leg1_weak,top_k,2,20,784,1067.74267578125,580,1082.804443359375,53.79899062662444,29.08266241868605,
me_seed1,me,1,leg1_weak,top_k,3,1,385,1074.55810546875,385,1078.1573486328125,43.42708525183653,23.475817027348295,
me_seed1,me,1,leg1_weak,top_k,3,2,170,1068.78076171875,385,1078.1573486328125,43.42708525183653,23.475817027348295,
me_seed1,me,1,leg1_weak,top_k,3,3,769,1072.625732421875,385,1078.1573486328125,43.42708525183653,23.475817027348295,
me_seed1,me,1,leg1_weak,top_k,3,4,793,1073.76171875,385,1078.1573486328125,43.42708525183653,23.475817027348295,
me_seed1,me,1,leg1_weak,top_k,3,5,661,1069.4608154296875,385,1078.1573486328125,43.42708525183653,23.475817027348295,
me_seed1,me,1,leg1_weak,top_k,3,6,504,1084.42333984375,504,1080.199951171875,47.98599388185902,25.94027219909577,
me_seed1,me,1,leg1_weak,top_k,3,7,580,1084.945068359375,580,1082.804443359375,53.79899062662444,29.08266241868605,
me_seed1,me,1,leg1_weak,top_k,3,8,1005,1070.4208984375,580,1082.804443359375,53.79899062662444,29.08266241868605,
me_seed1,me,1,leg1_weak,top_k,3,9,949,1058.8858642578125,580,1082.804443359375,53.79899062662444,29.08266241868605,
me_seed1,me,1,leg1_weak,top_k,3,10,180,1062.3045654296875,580,1082.804443359375,53.79899062662444,29.08266241868605,
me_seed1,me,1,leg1_weak,top_k,3,11,448,1076.636962890625,580,1082.804443359375,53.79899062662444,29.08266241868605,
me_seed1,me,1,leg1_weak,top_k,3,12,49,1055.0115966796875,580,1082.804443359375,53.79899062662444,29.08266241868605,
me_seed1,me,1,leg1_weak,top_k,3,13,684,1055.97119140625,580,1082.804443359375,53.79899062662444,29.08266241868605,
me_seed1,me,1,leg1_weak,top_k,3,14,254,1065.548583984375,580,1082.804443359375,53.79899062662444,29.08266241868605,
me_seed1,me,1,leg1_weak,top_k,3,15,614,1062.0880126953125,580,1082.804443359375,53.79899062662444,29.08266241868605,
me_seed1,me,1,leg1_weak,top_k,3,16,197,1069.521240234375,580,1082.804443359375,53.79899062662444,29.08266241868605,
me_seed1,me,1,leg1_weak,top_k,3,17,770,1033.97412109375,580,1082.804443359375,53.79899062662444,29.08266241868605,
me_seed1,me,1,leg1_weak,top_k,3,18,744,1056.697021484375,580,1082.804443359375,53.79899062662444,29.08266241868605,
me_seed1,me,1,leg1_weak,top_k,3,19,134,1073.033447265625,580,1082.804443359375,53.79899062662444,29.08266241868605,
me_seed1,me,1,leg1_weak,top_k,3,20,784,1068.048095703125,580,1082.804443359375,53.79899062662444,29.08266241868605,
me_seed1,me,1,leg1_weak,top_k,4,1,385,1080.9808349609375,385,1078.1573486328125,43.42708525183653,23.475817027348295,
me_seed1,me,1,leg1_weak,top_k,4,2,170,1063.55224609375,385,1078.1573486328125,43.42708525183653,23.475817027348295,
me_seed1,me,1,leg1_weak,top_k,4,3,769,1078.67236328125,385,1078.1573486328125,43.42708525183653,23.475817027348295,
me_seed1,me,1,leg1_weak,top_k,4,4,793,1064.31787109375,385,1078.1573486328125,43.42708525183653,23.475817027348295,
me_seed1,me,1,leg1_weak,top_k,4,5,661,1066.130859375,385,1078.1573486328125,43.42708525183653,23.475817027348295,
me_seed1,me,1,leg1_weak,top_k,4,6,504,1078.196533203125,385,1078.1573486328125,43.42708525183653,23.475817027348295,
me_seed1,me,1,leg1_weak,top_k,4,7,580,1081.64990234375,580,1082.804443359375,53.79899062662444,29.08266241868605,
me_seed1,me,1,leg1_weak,top_k,4,8,1005,1065.6162109375,580,1082.804443359375,53.79899062662444,29.08266241868605,
me_seed1,me,1,leg1_weak,top_k,4,9,949,1059.427734375,580,1082.804443359375,53.79899062662444,29.08266241868605,
me_seed1,me,1,leg1_weak,top_k,4,10,180,1089.7119140625,180,1073.542724609375,33.12765162124189,17.908148416963442,
me_seed1,me,1,leg1_weak,top_k,4,11,448,1069.913330078125,180,1073.542724609375,33.12765162124189,17.908148416963442,
me_seed1,me,1,leg1_weak,top_k,4,12,49,1054.802978515625,180,1073.542724609375,33.12765162124189,17.908148416963442,
me_seed1,me,1,leg1_weak,top_k,4,13,684,1065.460205078125,180,1073.542724609375,33.12765162124189,17.908148416963442,
me_seed1,me,1,leg1_weak,top_k,4,14,254,1064.604736328125,180,1073.542724609375,33.12765162124189,17.908148416963442,
me_seed1,me,1,leg1_weak,top_k,4,15,614,1058.2135009765625,180,1073.542724609375,33.12765162124189,17.908148416963442,
me_seed1,me,1,leg1_weak,top_k,4,16,197,1069.111083984375,180,1073.542724609375,33.12765162124189,17.908148416963442,
me_seed1,me,1,leg1_weak,top_k,4,17,770,1074.64794921875,180,1073.542724609375,33.12765162124189,17.908148416963442,
me_seed1,me,1,leg1_weak,top_k,4,18,744,1050.4166259765625,180,1073.542724609375,33.12765162124189,17.908148416963442,
me_seed1,me,1,leg1_weak,top_k,4,19,134,1068.0115966796875,180,1073.542724609375,33.12765162124189,17.908148416963442,
me_seed1,me,1,leg1_weak,top_k,4,20,784,1066.74462890625,180,1073.542724609375,33.12765162124189,17.908148416963442,
me_seed1,me,1,leg1_weak,best_intact,0,1,385,1082.482666015625,385,1078.1573486328125,43.42708525183653,23.475817027348295,
me_seed1,me,1,leg1_weak,best_intact,1,1,385,1075.716552734375,385,1078.1573486328125,43.42708525183653,23.475817027348295,
me_seed1,me,1,leg1_weak,best_intact,2,1,385,1083.11865234375,385,1078.1573486328125,43.42708525183653,23.475817027348295,
me_seed1,me,1,leg1_weak,best_intact,3,1,385,1075.1689453125,385,1078.1573486328125,43.42708525183653,23.475817027348295,
me_seed1,me,1,leg1_weak,best_intact,4,1,385,1075.597412109375,385,1078.1573486328125,43.42708525183653,23.475817027348295,
me_seed1,me,1,leg2_weak,ite,0,1,385,1081.70556640625,385,1071.1527099609375,23.196617532293825,15.024531145246248,9
me_seed1,me,1,leg2_weak,ite,0,2,613,1061.02978515625,385,1071.1527099609375,23.196617532293825,15.024531145246248,9
me_seed1,me,1,leg2_weak,ite,0,3,407,1060.101318359375,385,1071.1527099609375,23.196617532293825,15.024531145246248,9
me_seed1,me,1,leg2_weak,ite,0,4,143,1051.11669921875,385,1071.1527099609375,23.196617532293825,15.024531145246248,9
me_seed1,me,1,leg2_weak,ite,0,5,165,1070.24951171875,385,1071.1527099609375,23.196617532293825,15.024531145246248,9
me_seed1,me,1,leg2_weak,ite,0,6,170,1074.796142578125,385,1071.1527099609375,23.196617532293825,15.024531145246248,9
me_seed1,me,1,leg2_weak,ite,0,7,385,1082.882080078125,385,1071.1527099609375,23.196617532293825,15.024531145246248,9
me_seed1,me,1,leg2_weak,ite,0,8,385,1082.1514892578125,385,1071.1527099609375,23.196617532293825,15.024531145246248,9
me_seed1,me,1,leg2_weak,ite,0,9,385,1082.968017578125,385,1071.1527099609375,23.196617532293825,15.024531145246248,9
me_seed1,me,1,leg2_weak,ite,0,10,385,1069.647216796875,385,1071.1527099609375,23.196617532293825,15.024531145246248,9
me_seed1,me,1,leg2_weak,ite,0,11,878,1045.004150390625,385,1071.1527099609375,23.196617532293825,15.024531145246248,9
me_seed1,me,1,leg2_weak,ite,0,12,385,1084.133544921875,385,1071.1527099609375,23.196617532293825,15.024531145246248,9
me_seed1,me,1,leg2_weak,ite,0,13,385,1069.2509765625,385,1071.1527099609375,23.196617532293825,15.024531145246248,9
me_seed1,me,1,leg2_weak,ite,0,14,170,1070.216064453125,385,1071.1527099609375,23.196617532293825,15.024531145246248,9
me_seed1,me,1,leg2_weak,ite,0,15,385,1070.8583984375,385,1071.1527099609375,23.196617532293825,15.024531145246248,9
me_seed1,me,1,leg2_weak,ite,0,16,552,1063.1832275390625,385,1071.1527099609375,23.196617532293825,15.024531145246248,9
me_seed1,me,1,leg2_weak,ite,0,17,385,1075.6444091796875,385,1071.1527099609375,23.196617532293825,15.024531145246248,9
me_seed1,me,1,leg2_weak,ite,0,18,165,1059.50830078125,385,1071.1527099609375,23.196617532293825,15.024531145246248,9
me_seed1,me,1,leg2_weak,ite,0,19,385,1075.892578125,385,1071.1527099609375,23.196617532293825,15.024531145246248,9
me_seed1,me,1,leg2_weak,ite,0,20,385,1080.5504150390625,385,1071.1527099609375,23.196617532293825,15.024531145246248,9
me_seed1,me,1,leg2_weak,ite,1,1,385,1074.263916015625,385,1071.1527099609375,23.196617532293825,15.024531145246248,13
me_seed1,me,1,leg2_weak,ite,1,2,613,1060.5780029296875,385,1071.1527099609375,23.196617532293825,15.024531145246248,13
me_seed1,me,1,leg2_weak,ite,1,3,407,1061.04345703125,385,1071.1527099609375,23.196617532293825,15.024531145246248,13
me_seed1,me,1,leg2_weak,ite,1,4,878,1047.453369140625,385,1071.1527099609375,23.196617532293825,15.024531145246248,13
me_seed1,me,1,leg2_weak,ite,1,5,165,1065.242431640625,385,1071.1527099609375,23.196617532293825,15.024531145246248,13
me_seed1,me,1,leg2_weak,ite,1,6,769,1072.68408203125,385,1071.1527099609375,23.196617532293825,15.024531145246248,13
me_seed1,me,1,leg2_weak,ite,1,7,385,1072.324462890625,385,1071.1527099609375,23.196617532293825,15.024531145246248,13
me_seed1,me,1,leg2_weak,ite,1,8,552,1074.5880126953125,552,1060.188720703125,2.7731541866086635,1.796181766124579,13
me_seed1,me,1,leg2_weak,ite,1,9,385,1072.246337890625,552,1060.188720703125,2.7731541866086635,1.796181766124579,13
me_seed1,me,1,leg2_weak,ite,1,10,143,1042.098388671875,552,1060.188720703125,2.7731541866086635,1.796181766124579,13
me_seed1,me,1,leg2_weak,ite,1,11,170,1071.62158203125,552,1060.188720703125,2.7731541866086635,1.796181766124579,13
me_seed1,me,1,leg2_weak,ite,1,12,385,1074.9141845703125,385,1071.1527099609375,23.196617532293825,15.024531145246248,13
me_seed1,me,1,leg2_weak,ite,1,13,385,1071.726806640625,385,1071.1527099609375,23.196617532293825,15.024531145246248,13
me_seed1,me,1,leg2_weak,ite,1,14,170,1064.8275146484375,385,1071.1527099609375,23.196617532293825,15.024531145246248,13
me_seed1,me,1,leg2_weak,ite,1,15,552,1065.123046875,385,1071.1527099609375,23.196617532293825,15.024531145246248,13
me_seed1,me,1,leg2_weak,ite,1,16,613,1068.132080078125,385,1071.1527099609375,23.196617532293825,15.024531145246248,13
me_seed1,me,1,leg2_weak,ite,1,17,385,1068.7225341796875,385,1071.1527099609375,23.196617532293825,15.024531145246248,13
me_seed1,me,1,leg2_weak,ite,1,18,165,1054.264892578125,385,1071.1527099609375,23.196617532293825,15.024531145246248,13
me_seed1,me,1,leg2_weak,ite,1,19,385,1075.347412109375,385,1071.1527099609375,23.196617532293825,15.024531145246248,13
me_seed1,me,1,leg2_weak,ite,1,20,385,1074.609130859375,385,1071.1527099609375,23.196617532293825,15.024531145246248,13
me_seed1,me,1,leg2_weak,ite,2,1,385,1068.626708984375,385,1071.1527099609375,23.196617532293825,15.024531145246248,7
me_seed1,me,1,leg2_weak,ite,2,2,613,1055.891357421875,385,1071.1527099609375,23.196617532293825,15.024531145246248,7
me_seed1,me,1,leg2_weak,ite,2,3,407,1060.6336669921875,385,1071.1527099609375,23.196617532293825,15.024531145246248,7
me_seed1,me,1,leg2_weak,ite,2,4,878,1065.28076171875,385,1071.1527099609375,23.196617532293825,15.024531145246248,7
me_seed1,me,1,leg2_weak,ite,2,5,165,1055.401611328125,385,1071.1527099609375,23.196617532293825,15.024531145246248,7
me_seed1,me,1,leg2_weak,ite,2,6,552,1063.052001953125,385,1071.1527099609375,23.196617532293825,15.024531145246248,7
me_seed1,me,1,leg2_weak,ite,2,7,170,1084.376220703125,170,1075.064697265625,30.48377619757069,19.744449563281947,7
me_seed1,me,1,leg2_weak,ite,2,8,504,1096.084716796875,504,1074.9769287109375,30.320282981970664,19.638554429804,7
me_seed1,me,1,leg2_weak,ite,2,9,504,1098.897216796875,504,1074.9769287109375,30.320282981970664,19.638554429804,7
me_seed1,me,1,leg2_weak,ite,2,10,504,1074.766845703125,504,1074.9769287109375,30.320282981970664,19.638554429804,7
me_seed1,me,1,leg2_weak,ite,2,11,504,1067.55517578125,504,1074.9769287109375,30.320282981970664,19.638554429804,7
me_seed1,me,1,leg2_weak,ite,2,12,385,1085.4638671875,504,1074.9769287109375,30.320282981970664,19.638554429804,7
me_seed1,me,1,leg2_weak,ite,2,13,385,1069.1046142578125,504,1074.9769287109375,30.320282981970664,19.638554429804,7
me_seed1,me,1,leg2_weak,ite,2,14,143,1048.3984375,504,1074.9769287109375,30.320282981970664,19.638554429804,7
me_seed1,me,1,leg2_weak,ite,2,15,170,1081.05224609375,504,1074.9769287109375,30.320282981970664,19.638554429804,7
me_seed1,me,1,leg2_weak,ite,2,16,504,1079.1212158203125,504,1074.9769287109375,30.320282981970664,19.638554429804,7
me_seed1,me,1,leg2_weak,ite,2,17,170,1077.456298828125,504,1074.9769287109375,30.320282981970664,19.638554429804,7
me_seed1,me,1,leg2_weak,ite,2,18,504,1081.2042236328125,504,1074.9769287109375,30.320282981970664,19.638554429804,7
me_seed1,me,1,leg2_weak,ite,2,19,504,1079.89208984375,504,1074.9769287109375,30.320282981970664,19.638554429804,7
me_seed1,me,1,leg2_weak,ite,2,20,504,1079.658935546875,504,1074.9769287109375,30.320282981970664,19.638554429804,7
me_seed1,me,1,leg2_weak,ite,3,1,385,1078.9071044921875,385,1071.1527099609375,23.196617532293825,15.024531145246248,7
me_seed1,me,1,leg2_weak,ite,3,2,613,1063.4971923828125,385,1071.1527099609375,23.196617532293825,15.024531145246248,7
me_seed1,me,1,leg2_weak,ite,3,3,407,1056.5145263671875,385,1071.1527099609375,23.196617532293825,15.024531145246248,7
me_seed1,me,1,leg2_weak,ite,3,4,878,1045.326416015625,385,1071.1527099609375,23.196617532293825,15.024531145246248,7
me_seed1,me,1,leg2_weak,ite,3,5,165,1058.3680419921875,385,1071.1527099609375,23.196617532293825,15.024531145246248,7
me_seed1,me,1,leg2_weak,ite,3,6,385,1077.324951171875,385,1071.1527099609375,23.196617532293825,15.024531145246248,7
me_seed1,me,1,leg2_weak,ite,3,7,769,1089.0068359375,769,1077.4844970703125,34.99132280791747,22.664003431061193,7
me_seed1,me,1,leg2_weak,ite,3,8,769,1063.770263671875,769,1077.4844970703125,34.99132280791747,22.664003431061193,7
me_seed1,me,1,leg2_weak,ite,3,9,385,1073.7078857421875,769,1077.4844970703125,34.99132280791747,22.664003431061193,7
me_seed1,me,1,leg2_weak,ite,3,10,552,1061.663818359375,769,1077.4844970703125,34.99132280791747,22.664003431061193,7
me_seed1,me,1,leg2_weak,ite,3,11,385,1074.126220703125,769,1077.4844970703125,34.99132280791747,22.664003431061193,7
me_seed1,me,1,leg2_weak,ite,3,12,385,1089.146728515625,385,1071.1527099609375,23.196617532293825,15.024531145246248,7
me_seed1,me,1,leg2_weak,ite,3,13,385,1070.0574951171875,385,1071.1527099609375,23.196617532293825,15.024531145246248,7
me_seed1,me,1,leg2_weak,ite,3,14,504,1074.2366943359375,385,1071.1527099609375,23.196617532293825,15.024531145246248,7
me_seed1,me,1,leg2_weak,ite,3,15,385,1077.3270263671875,385,1071.1527099609375,23.196617532293825,15.024531145246248,7
me_seed1,me,1,leg2_weak,ite,3,16,385,1063.9677734375,385,1071.1527099609375,23.196617532293825,15.024531145246248,7
me_seed1,me,1,leg2_weak,ite,3,17,170,1084.8994140625,385,1071.1527099609375,23.196617532293825,15.024531145246248,7
me_seed1,me,1,leg2_weak,ite,3,18,170,1072.408935546875,385,1071.1527099609375,23.196617532293825,15.024531145246248,7
me_seed1,me,1,leg2_weak,ite,3,19,170,1066.01220703125,385,1071.1527099609375,23.196617532293825,15.024531145246248,7
me_seed1,me,1,leg2_weak,ite,3,20,613,1065.61279296875,385,1071.1527099609375,23.196617532293825,15.024531145246248,7
me_seed1,me,1,leg2_weak,ite,4,1,385,1084.751220703125,385,1071.1527099609375,23.196617532293825,15.024531145246248,6
me_seed1,me,1,leg2_weak,ite,4,2,613,1056.116943359375,385,1071.1527099609375,23.196617532293825,15.024531145246248,6
me_seed1,me,1,leg2_weak,ite,4,3,407,1058.086181640625,385,1071.1527099609375,23.196617532293825,15.024531145246248,6
me_seed1,me,1,leg2_weak,ite,4,4,143,1041.1318359375,385,1071.1527099609375,23.196617532293825,15.024531145246248,6
me_seed1,me,1,leg2_weak,ite,4,5,165,1064.108154296875,385,1071.1527099609375,23.196617532293825,15.024531145246248,6
me_seed1,me,1,leg2_weak,ite,4,6,170,1066.893798828125,385,1071.1527099609375,23.196617532293825,15.024531145246248,6
me_seed1,me,1,leg2_weak,ite,4,7,385,1071.108154296875,385,1071.1527099609375,23.196617532293825,15.024531145246248,6
me_seed1,me,1,leg2_weak,ite,4,8,385,1072.92529296875,385,1071.1527099609375,23.196617532293825,15.024531145246248,6
me_seed1,me,1,leg2_weak,ite,4,9,878,1044.8345947265625,385,1071.1527099609375,23.196617532293825,15.024531145246248,6
me_seed1,me,1,leg2_weak,ite,4,10,385,1078.789306640625,385,1071.1527099609375,23.196617532293825,15.024531145246248,6
me_seed1,me,1,leg2_weak,ite,4,11,385,1079.86962890625,385,1071.1527099609375,23.196617532293825,15.024531145246248,6
me_seed1,me,1,leg2_weak,ite,4,12,385,1078.66162109375,385,1071.1527099609375,23.196617532293825,15.024531145246248,6
me_seed1,me,1,leg2_weak,ite,4,13,385,1069.09033203125,385,1071.1527099609375,23.196617532293825,15.024531145246248,6
me_seed1,me,1,leg2_weak,ite,4,14,385,1067.3125,385,1071.1527099609375,23.196617532293825,15.024531145246248,6
me_seed1,me,1,leg2_weak,ite,4,15,552,1099.0301513671875,552,1060.188720703125,2.7731541866086635,1.796181766124579,6
me_seed1,me,1,leg2_weak,ite,4,16,552,1069.9434814453125,552,1060.188720703125,2.7731541866086635,1.796181766124579,6
me_seed1,me,1,leg2_weak,ite,4,17,552,1071.6063232421875,552,1060.188720703125,2.7731541866086635,1.796181766124579,6
me_seed1,me,1,leg2_weak,ite,4,18,552,1059.3402099609375,552,1060.188720703125,2.7731541866086635,1.796181766124579,6
me_seed1,me,1,leg2_weak,ite,4,19,385,1078.8797607421875,552,1060.188720703125,2.7731541866086635,1.796181766124579,6
me_seed1,me,1,leg2_weak,ite,4,20,385,1080.43408203125,552,1060.188720703125,2.7731541866086635,1.796181766124579,6
me_seed1,me,1,leg2_weak,top_k,0,1,385,1062.800537109375,385,1071.1527099609375,23.196617532293825,15.024531145246248,
me_seed1,me,1,leg2_weak,top_k,0,2,170,1065.107666015625,170,1075.064697265625,30.48377619757069,19.744449563281947,
me_seed1,me,1,leg2_weak,top_k,0,3,769,1072.468994140625,769,1077.4844970703125,34.99132280791747,22.664003431061193,
me_seed1,me,1,leg2_weak,top_k,0,4,793,1100.862548828125,793,1086.3232421875,51.45593096083981,33.32818831247633,
me_seed1,me,1,leg2_weak,top_k,0,5,661,1090.813720703125,793,1086.3232421875,51.45593096083981,33.32818831247633,
me_seed1,me,1,leg2_weak,top_k,0,6,504,1054.2210693359375,793,1086.3232421875,51.45593096083981,33.32818831247633,
me_seed1,me,1,leg2_weak,top_k,0,7,580,1069.8013916015625,793,1086.3232421875,51.45593096083981,33.32818831247633,
me_seed1,me,1,leg2_weak,top_k,0,8,1005,1071.4931640625,793,1086.3232421875,51.45593096083981,33.32818831247633,
me_seed1,me,1,leg2_weak,top_k,0,9,949,1086.28515625,793,1086.3232421875,51.45593096083981,33.32818831247633,
me_seed1,me,1,leg2_weak,top_k,0,10,180,1094.895751953125,793,1086.3232421875,51.45593096083981,33.32818831247633,
me_seed1,me,1,leg2_weak,top_k,0,11,448,1069.600341796875,793,1086.3232421875,51.45593096083981,33.32818831247633,
me_seed1,me,1,leg2_weak,top_k,0,12,49,1064.519775390625,793,1086.3232421875,51.45593096083981,33.32818831247633,
me_seed1,me,1,leg2_weak,top_k,0,13,684,1064.74267578125,793,1086.3232421875,51.45593096083981,33.32818831247633,
me_seed1,me,1,leg2_weak,top_k,0,14,254,1057.615966796875,793,1086.3232421875,51.45593096083981,33.32818831247633,
me_seed1,me,1,leg2_weak,top_k,0,15,614,1064.132568359375,793,1086.3232421875,51.45593096083981,33.32818831247633,
me_seed1,me,1,leg2_weak,top_k,0,16,197,1057.556396484375,793,1086.3232421875,51.45593096083981,33.32818831247633,
me_seed1,me,1,leg2_weak,top_k,0,17,770,1051.306884765625,793,1086.3232421875,51.45593096083981,33.32818831247633,
me_seed1,me,1,leg2_weak,top_k,0,18,744,1065.188720703125,793,1086.3232421875,51.45593096083981,33.32818831247633,
me_seed1,me,1,leg2_weak,top_k,0,19,134,1085.0006103515625,793,1086.3232421875,51.45593096083981,33.32818831247633,
me_seed1,me,1,leg2_weak,top_k,0,20,784,1056.2584228515625,793,1086.3232421875,51.45593096083981,33.32818831247633,
me_seed1,me,1,leg2_weak,top_k,1,1,385,1078.6990966796875,385,1071.1527099609375,23.196617532293825,15.024531145246248,
me_seed1,me,1,leg2_weak,top_k,1,2,170,1079.450439453125,170,1075.064697265625,30.48377619757069,19.744449563281947,
me_seed1,me,1,leg2_weak,top_k,1,3,769,1071.944091796875,170,1075.064697265625,30.48377619757069,19.744449563281947,
me_seed1,me,1,leg2_weak,top_k,1,4,793,1079.03515625,170,1075.064697265625,30.48377619757069,19.744449563281947,
me_seed1,me,1,leg2_weak,top_k,1,5,661,1081.6314697265625,661,1080.37890625,40.382960687044374,26.15618633773091,
me_seed1,me,1,leg2_weak,top_k,1,6,504,1079.0625,661,1080.37890625,40.382960687044374,26.15618633773091,
me_seed1,me,1,leg2_weak,top_k,1,7,580,1074.6400146484375,661,1080.37890625,40.382960687044374,26.15618633773091,
me_seed1,me,1,leg2_weak,top_k,1,8,1005,1058.0941162109375,661,1080.37890625,40.382960687044374,26.15618633773091,
me_seed1,me,1,leg2_weak,top_k,1,9,949,1075.800048828125,661,1080.37890625,40.382960687044374,26.15618633773091,
me_seed1,me,1,leg2_weak,top_k,1,10,180,1099.423583984375,180,1081.278076171875,42.05791343545856,27.241059151637078,
me_seed1,me,1,leg2_weak,top_k,1,11,448,1062.8896484375,180,1081.278076171875,42.05791343545856,27.241059151637078,
me_seed1,me,1,leg2_weak,top_k,1,12,49,1074.5057373046875,180,1081.278076171875,42.05791343545856,27.241059151637078,
me_seed1,me,1,leg2_weak,top_k,1,13,684,1066.7744140625,180,1081.278076171875,42.05791343545856,27.241059151637078,
me_seed1,me,1,leg2_weak,top_k,1,14,254,1059.52294921875,180,1081.278076171875,42.05791343545856,27.241059151637078,
me_seed1,me,1,leg2_weak,top_k,1,15,614,1062.653076171875,180,1081.278076171875,42.05791343545856,27.241059151637078,
me_seed1,me,1,leg2_weak,top_k,1,16,197,1055.822998046875,180,1081.278076171875,42.05791343545856,27.241059151637078,
me_seed1,me,1,leg2_weak,top_k,1,17,770,1068.861572265625,180,1081.278076171875,42.05791343545856,27.241059151637078,
me_seed1,me,1,leg2_weak,top_k,1,18,744,1067.35986328125,180,1081.278076171875,42.05791343545856,27.241059151637078,
me_seed1,me,1,leg2_weak,top_k,1,19,134,1089.326171875,180,1081.278076171875,42.05791343545856,27.241059151637078,
me_seed1,me,1,leg2_weak,top_k,1,20,784,1059.950439453125,180,1081.278076171875,42.05791343545856,27.241059151637078,
me_seed1,me,1,leg2_weak,top_k,2,1,385,1068.7841796875,385,1071.1527099609375,23.196617532293825,15.024531145246248,
me_seed1,me,1,leg2_weak,top_k,2,2,170,1076.2489013671875,170,1075.064697265625,30.48377619757069,19.744449563281947,
me_seed1,me,1,leg2_weak,top_k,2,3,769,1086.90771484375,769,1077.4844970703125,34.99132280791747,22.664003431061193,
me_seed1,me,1,leg2_weak,top_k,2,4,793,1089.981689453125,793,1086.3232421875,51.45593096083981,33.32818831247633,
me_seed1,me,1,leg2_weak,top_k,2,5,661,1094.700439453125,661,1080.37890625,40.382960687044374,26.15618633773091,
me_seed1,me,1,leg2_weak,top_k,2,6,504,1075.2630615234375,661,1080.37890625,40.382960687044374,26.15618633773091,
me_seed1,me,1,leg2_weak,top_k,2,7,580,1081.45458984375,661,1080.37890625,40.382960687044374,26.15618633773091,
me_seed1,me,1,leg2_weak,top_k,2,8,1005,1062.0701904296875,661,1080.37890625,40.382960687044374,26.15618633773091,
me_seed1,me,1,leg2_weak,top_k,2,9,949,1070.22998046875,661,1080.37890625,40.382960687044374,26.15618633773091,
me_seed1,me,1,leg2_weak,top_k,2,10,180,1064.1051025390625,661,1080.37890625,40.382960687044374,26.15618633773091,
me_seed1,me,1,leg2_weak,top_k,2,11,448,1072.5084228515625,661,1080.37890625,40.382960687044374,26.15618633773091,
me_seed1,me,1,leg2_weak,top_k,2,12,49,1068.0430908203125,661,1080.37890625,40.382960687044374,26.15618633773091,
me_seed1,me,1,leg2_weak,top_k,2,13,684,1064.8868408203125,661,1080.37890625,40.382960687044374,26.15618633773091,
me_seed1,me,1,leg2_weak,top_k,2,14,254,1058.239990234375,661,1080.37890625,40.382960687044374,26.15618633773091,
me_seed1,me,1,leg2_weak,top_k,2,15,614,1066.542236328125,661,1080.37890625,40.382960687044374,26.15618633773091,
me_seed1,me,1,leg2_weak,top_k,2,16,197,1054.8057861328125,661,1080.37890625,40.382960687044374,26.15618633773091,
me_seed1,me,1,leg2_weak,top_k,2,17,770,1070.3955078125,661,1080.37890625,40.382960687044374,26.15618633773091,
me_seed1,me,1,leg2_weak,top_k,2,18,744,1075.82958984375,661,1080.37890625,40.382960687044374,26.15618633773091,
me_seed1,me,1,leg2_weak,top_k,2,19,134,1079.6842041015625,661,1080.37890625,40.382960687044374,26.15618633773091,
me_seed1,me,1,leg2_weak,top_k,2,20,784,1059.7083740234375,661,1080.37890625,40.382960687044374,26.15618633773091,
me_seed1,me,1,leg2_weak,top_k,3,1,385,1064.6171875,385,1071.1527099609375,23.196617532293825,15.024531145246248,
me_seed1,me,1,leg2_weak,top_k,3,2,170,1064.7734375,170,1075.064697265625,30.48377619757069,19.744449563281947,
me_seed1,me,1,leg2_weak,top_k,3,3,769,1092.9033203125,769,1077.4844970703125,34.99132280791747,22.664003431061193,
me_seed1,me,1,leg2_weak,top_k,3,4,793,1081.60302734375,769,1077.4844970703125,34.99132280791747,22.664003431061193,
me_seed1,me,1,leg2_weak,top_k,3,5,661,1075.8944091796875,769,1077.4844970703125,34.99132280791747,22.664003431061193,
me_seed1,me,1,leg2_weak,top_k,3,6,504,1080.643798828125,769,1077.4844970703125,34.99132280791747,22.664003431061193,
me_seed1,me,1,leg2_weak,top_k,3,7,580,1064.33642578125,769,1077.4844970703125,34.99132280791747,22.664003431061193,
me_seed1,me,1,leg2_weak,top_k,3,8,1005,1070.943603515625,769,1077.4844970703125,34.99132280791747,22.664003431061193,
me_seed1,me,1,leg2_weak,top_k,3,9,949,1081.5936279296875,769,1077.4844970703125,34.99132280791747,22.664003431061193,
me_seed1,me,1,leg2_weak,top_k,3,10,180,1079.4893798828125,769,1077.4844970703125,34.99132280791747,22.664003431061193,
me_seed1,me,1,leg2_weak,top_k,3,11,448,1074.96728515625,769,1077.4844970703125,34.99132280791747,22.664003431061193,
me_seed1,me,1,leg2_weak,top_k,3,12,49,1089.14013671875,769,1077.4844970703125,34.99132280791747,22.664003431061193,
me_seed1,me,1,leg2_weak,top_k,3,13,684,1067.589599609375,769,1077.4844970703125,34.99132280791747,22.664003431061193,
me_seed1,me,1,leg2_weak,top_k,3,14,254,1060.0771484375,769,1077.4844970703125,34.99132280791747,22.664003431061193,
me_seed1,me,1,leg2_weak,top_k,3,15,614,1064.2471923828125,769,1077.4844970703125,34.99132280791747,22.664003431061193,
me_seed1,me,1,leg2_weak,top_k,3,16,197,1057.7060546875,769,1077.4844970703125,34.99132280791747,22.664003431061193,
me_seed1,me,1,leg2_weak,top_k,3,17,770,1068.2855224609375,769,1077.4844970703125,34.99132280791747,22.664003431061193,
me_seed1,me,1,leg2_weak,top_k,3,18,744,1075.7181396484375,769,1077.4844970703125,34.99132280791747,22.664003431061193,
me_seed1,me,1,leg2_weak,top_k,3,19,134,1084.4320068359375,769,1077.4844970703125,34.99132280791747,22.664003431061193,
me_seed1,me,1,leg2_weak,top_k,3,20,784,1056.89892578125,769,1077.4844970703125,34.99132280791747,22.664003431061193,
me_seed1,me,1,leg2_weak,top_k,4,1,385,1078.4410400390625,385,1071.1527099609375,23.196617532293825,15.024531145246248,
me_seed1,me,1,leg2_weak,top_k,4,2,170,1065.368896484375,385,1071.1527099609375,23.196617532293825,15.024531145246248,
me_seed1,me,1,leg2_weak,top_k,4,3,769,1063.4169921875,385,1071.1527099609375,23.196617532293825,15.024531145246248,
me_seed1,me,1,leg2_weak,top_k,4,4,793,1090.36474609375,793,1086.3232421875,51.45593096083981,33.32818831247633,
me_seed1,me,1,leg2_weak,top_k,4,5,661,1080.0238037109375,793,1086.3232421875,51.45593096083981,33.32818831247633,
me_seed1,me,1,leg2_weak,top_k,4,6,504,1079.10205078125,793,1086.3232421875,51.45593096083981,33.32818831247633,
me_seed1,me,1,leg2_weak,top_k,4,7,580,1086.9385986328125,793,1086.3232421875,51.45593096083981,33.32818831247633,
me_seed1,me,1,leg2_weak,top_k,4,8,1005,1070.859130859375,793,1086.3232421875,51.45593096083981,33.32818831247633,
me_seed1,me,1,leg2_weak,top_k,4,9,949,1085.57958984375,793,1086.3232421875,51.45593096083981,33.32818831247633,
me_seed1,me,1,leg2_weak,top_k,4,10,180,1070.69140625,793,1086.3232421875,51.45593096083981,33.32818831247633,
me_seed1,me,1,leg2_weak,top_k,4,11,448,1075.696044921875,793,1086.3232421875,51.45593096083981,33.32818831247633,
me_seed1,me,1,leg2_weak,top_k,4,12,49,1072.677490234375,793,1086.3232421875,51.45593096083981,33.32818831247633,
me_seed1,me,1,leg2_weak,top_k,4,13,684,1068.179931640625,793,1086.3232421875,51.45593096083981,33.32818831247633,
me_seed1,me,1,leg2_weak,top_k,4,14,254,1056.8740234375,793,1086.3232421875,51.45593096083981,33.32818831247633,
me_seed1,me,1,leg2_weak,top_k,4,15,614,1058.449462890625,793,1086.3232421875,51.45593096083981,33.32818831247633,
me_seed1,me,1,leg2_weak,top_k,4,16,197,1059.90380859375,793,1086.3232421875,51.45593096083981,33.32818831247633,
me_seed1,me,1,leg2_weak,top_k,4,17,770,1065.0391845703125,793,1086.3232421875,51.45593096083981,33.32818831247633,
me_seed1,me,1,leg2_weak,top_k,4,18,744,1063.8370361328125,793,1086.3232421875,51.45593096083981,33.32818831247633,
me_seed1,me,1,leg2_weak,top_k,4,19,134,1078.001708984375,793,1086.3232421875,51.45593096083981,33.32818831247633,
me_seed1,me,1,leg2_weak,top_k,4,20,784,1055.3543701171875,793,1086.3232421875,51.45593096083981,33.32818831247633,
me_seed1,me,1,leg2_weak,best_intact,0,1,385,1083.291015625,385,1071.1527099609375,23.196617532293825,15.024531145246248,
me_seed1,me,1,leg2_weak,best_intact,1,1,385,1074.123779296875,385,1071.1527099609375,23.196617532293825,15.024531145246248,
me_seed1,me,1,leg2_weak,best_intact,2,1,385,1083.7666015625,385,1071.1527099609375,23.196617532293825,15.024531145246248,
me_seed1,me,1,leg2_weak,best_intact,3,1,385,1070.6214599609375,385,1071.1527099609375,23.196617532293825,15.024531145246248,
me_seed1,me,1,leg2_weak,best_intact,4,1,385,1069.950927734375,385,1071.1527099609375,23.196617532293825,15.024531145246248,
me_seed1,me,1,leg3_weak,ite,0,1,385,1074.5057373046875,385,1075.559326171875,23.456469739449503,20.34123270772232,8
me_seed1,me,1,leg3_weak,ite,0,2,613,1080.804931640625,613,1063.8277587890625,7.134277944482241,6.186779574345696,8
me_seed1,me,1,leg3_weak,ite,0,3,407,1067.81640625,613,1063.8277587890625,7.134277944482241,6.186779574345696,8
me_seed1,me,1,leg3_weak,ite,0,4,143,987.7408447265625,613,1063.8277587890625,7.134277944482241,6.186779574345696,8
me_seed1,me,1,leg3_weak,ite,0,5,165,1074.08251953125,613,1063.8277587890625,7.134277944482241,6.186779574345696,8
me_seed1,me,1,leg3_weak,ite,0,6,170,1076.016845703125,613,1063.8277587890625,7.134277944482241,6.186779574345696,8
me_seed1,me,1,leg3_weak,ite,0,7,613,1060.490478515625,613,1063.8277587890625,7.134277944482241,6.186779574345696,8
me_seed1,me,1,leg3_weak,ite,0,8,170,1078.291259765625,613,1063.8277587890625,7.134277944482241,6.186779574345696,8
me_seed1,me,1,leg3_weak,ite,0,9,385,1074.685791015625,613,1063.8277587890625,7.134277944482241,6.186779574345696,8
me_seed1,me,1,leg3_weak,ite,0,10,165,1083.3333740234375,165,1079.72509765625,29.25232965511521,25.3673485979425,8
me_seed1,me,1,leg3_weak,ite,0,11,165,1082.285888671875,165,1079.72509765625,29.25232965511521,25.3673485979425,8
me_seed1,me,1,leg3_weak,ite,0,12,165,1081.7479248046875,165,1079.72509765625,29.25232965511521,25.3673485979425,8
me_seed1,me,1,leg3_weak,ite,0,13,165,1082.700439453125,165,1079.72509765625,29.25232965511521,25.3673485979425,8
me_seed1,me,1,leg3_weak,ite,0,14,165,1076.420166015625,165,1079.72509765625,29.25232965511521,25.3673485979425,8
me_seed1,me,1,leg3_weak,ite,0,15,170,1065.363525390625,165,1079.72509765625,29.25232965511521,25.3673485979425,8
me_seed1,me,1,leg3_weak,ite,0,16,165,1079.948974609375,165,1079.72509765625,29.25232965511521,25.3673485979425,8
me_seed1,me,1,leg3_weak,ite,0,17,165,1087.741455078125,165,1079.72509765625,29.25232965511521,25.3673485979425,8
me_seed1,me,1,leg3_weak,ite,0,18,165,1086.19677734375,165,1079.72509765625,29.25232965511521,25.3673485979425,8
me_seed1,me,1,leg3_weak,ite,0,19,165,1084.749267578125,165,1079.72509765625,29.25232965511521,25.3673485979425,8
me_seed1,me,1,leg3_weak,ite,0,20,165,1081.207763671875,165,1079.72509765625,29.25232965511521,25.3673485979425,8
me_seed1,me,1,leg3_weak,ite,1,1,385,1075.79541015625,385,1075.559326171875,23.456469739449503,20.34123270772232,4
me_seed1,me,1,leg3_weak,ite,1,2,613,1072.2586669921875,385,1075.559326171875,23.456469739449503,20.34123270772232,4
me_seed1,me,1,leg3_weak,ite,1,3,407,1067.120361328125,385,1075.559326171875,23.456469739449503,20.34123270772232,4
me_seed1,me,1,leg3_weak,ite,1,4,143,1123.25244140625,143,1022.0860595703125,-50.94116911764216,-44.17570874626061,4
me_seed1,me,1,leg3_weak,ite,1,5,143,1043.559814453125,143,1022.0860595703125,-50.94116911764216,-44.17570874626061,4
me_seed1,me,1,leg3_weak,ite,1,6,165,1084.502197265625,143,1022.0860595703125,-50.94116911764216,-44.17570874626061,4
me_seed1,me,1,leg3_weak,ite,1,7,170,1075.26416015625,143,1022.0860595703125,-50.94116911764216,-44.17570874626061,4
me_seed1,me,1,leg3_weak,ite,1,8,878,1038.552734375,143,1022.0860595703125,-50.94116911764216,-44.17570874626061,4
me_seed1,me,1,leg3_weak,ite,1,9,552,1077.6241455078125,143,1022.0860595703125,-50.94116911764216,-44.17570874626061,4
me_seed1,me,1,leg3_weak,ite,1,10,165,1081.61279296875,143,1022.0860595703125,-50.94116911764216,-44.17570874626061,4
me_seed1,me,1,leg3_weak,ite,1,11,385,1076.357666015625,143,1022.0860595703125,-50.94116911764216,-44.17570874626061,4
me_seed1,me,1,leg3_weak,ite,1,12,165,1082.062744140625,143,1022.0860595703125,-50.94116911764216,-44.17570874626061,4
me_seed1,me,1,leg3_weak,ite,1,13,613,1067.55810546875,143,1022.0860595703125,-50.94116911764216,-44.17570874626061,4
me_seed1,me,1,leg3_weak,ite,1,14,165,1083.68017578125,143,1022.0860595703125,-50.94116911764216,-44.17570874626061,4
me_seed1,me,1,leg3_weak,ite,1,15,165,1082.753173828125,143,1022.0860595703125,-50.94116911764216,-44.17570874626061,4
me_seed1,me,1,leg3_weak,ite,1,16,165,1080.7451171875,143,1022.0860595703125,-50.94116911764216,-44.17570874626061,4
me_seed1,me,1,leg3_weak,ite,1,17,385,1078.8934326171875,143,1022.0860595703125,-50.94116911764216,-44.17570874626061,4
me_seed1,me,1,leg3_weak,ite,1,18,165,1079.8896484375,143,1022.0860595703125,-50.94116911764216,-44.17570874626061,4
me_seed1,me,1,leg3_weak,ite,1,19,165,1082.6619873046875,143,1022.0860595703125,-50.94116911764216,-44.17570874626061,4
me_seed1,me,1,leg3_weak,ite,1,20,165,1086.5225830078125,143,1022.0860595703125,-50.94116911764216,-44.17570874626061,4
me_seed1,me,1,leg3_weak,ite,2,1,385,1074.3712158203125,385,1075.559326171875,23.456469739449503,20.34123270772232,6
me_seed1,me,1,leg3_weak,ite,2,2,613,1069.66357421875,385,1075.559326171875,23.456469739449503,20.34123270772232,6
me_seed1,me,1,leg3_weak,ite,2,3,407,1064.022705078125,385,1075.559326171875,23.456469739449503,20.34123270772232,6
me_seed1,me,1,leg3_weak,ite,2,4,878,1069.59814453125,385,1075.559326171875,23.456469739449503,20.34123270772232,6
me_seed1,me,1,leg3_weak,ite,2,5,165,1079.206787109375,165,1079.72509765625,29.25232965511521,25.3673485979425,6
me_seed1,me,1,leg3_weak,ite,2,6,170,1092.74658203125,170,1070.76025390625,16.779495094765636,14.551022307789239,6
me_seed1,me,1,leg3_weak,ite,2,7,170,1073.9761962890625,170,1070.76025390625,16.779495094765636,14.551022307789239,6
me_seed1,me,1,leg3_weak,ite,2,8,143,1023.210693359375,170,1070.76025390625,16.779495094765636,14.551022307789239,6
me_seed1,me,1,leg3_weak,ite,2,9,385,1074.75634765625,170,1070.76025390625,16.779495094765636,14.551022307789239,6
me_seed1,me,1,leg3_weak,ite,2,10,165,1081.451171875,170,1070.76025390625,16.779495094765636,14.551022307789239,6
me_seed1,me,1,leg3_weak,ite,2,11,170,1084.160888671875,170,1070.76025390625,16.779495094765636,14.551022307789239,6
me_seed1,me,1,leg3_weak,ite,2,12,170,1075.3486328125,170,1070.76025390625,16.779495094765636,14.551022307789239,6
me_seed1,me,1,leg3_weak,ite,2,13,165,1081.0875244140625,170,1070.76025390625,16.779495094765636,14.551022307789239,6
me_seed1,me,1,leg3_weak,ite,2,14,165,1079.2333984375,170,1070.76025390625,16.779495094765636,14.551022307789239,6
me_seed1,me,1,leg3_weak,ite,2,15,170,1079.8931884765625,170,1070.76025390625,16.779495094765636,14.551022307789239,6
me_seed1,me,1,leg3_weak,ite,2,16,613,1077.972412109375,170,1070.76025390625,16.779495094765636,14.551022307789239,6
me_seed1,me,1,leg3_weak,ite,2,17,170,1065.989990234375,170,1070.76025390625,16.779495094765636,14.551022307789239,6
me_seed1,me,1,leg3_weak,ite,2,18,165,1084.362548828125,170,1070.76025390625,16.779495094765636,14.551022307789239,6
me_seed1,me,1,leg3_weak,ite,2,19,165,1073.052978515625,170,1070.76025390625,16.779495094765636,14.551022307789239,6
me_seed1,me,1,leg3_weak,ite,2,20,385,1077.40087890625,170,1070.76025390625,16.779495094765636,14.551022307789239,6
me_seed1,me,1,leg3_weak,ite,3,1,385,1078.503173828125,385,1075.559326171875,23.456469739449503,20.34123270772232,7
me_seed1,me,1,leg3_weak,ite,3,2,613,1060.4921875,385,1075.559326171875,23.456469739449503,20.34123270772232,7
me_seed1,me,1,leg3_weak,ite,3,3,407,1065.919189453125,385,1075.559326171875,23.456469739449503,20.34123270772232,7
me_seed1,me,1,leg3_weak,ite,3,4,143,1088.558349609375,143,1022.0860595703125,-50.94116911764216,-44.17570874626061,7
me_seed1,me,1,leg3_weak,ite,3,5,165,1082.30810546875,143,1022.0860595703125,-50.94116911764216,-44.17570874626061,7
me_seed1,me,1,leg3_weak,ite,3,6,878,1053.2318115234375,143,1022.0860595703125,-50.94116911764216,-44.17570874626061,7
me_seed1,me,1,leg3_weak,ite,3,7,170,1067.489990234375,143,1022.0860595703125,-50.94116911764216,-44.17570874626061,7
me_seed1,me,1,leg3_weak,ite,3,8,552,1082.7088623046875,143,1022.0860595703125,-50.94116911764216,-44.17570874626061,7
me_seed1,me,1,leg3_weak,ite,3,9,385,1070.7890625,143,1022.0860595703125,-50.94116911764216,-44.17570874626061,7
me_seed1,me,1,leg3_weak,ite,3,10,143,941.2186279296875,143,1022.0860595703125,-50.94116911764216,-44.17570874626061,7
me_seed1,me,1,leg3_weak,ite,3,11,165,1084.9560546875,143,1022.0860595703125,-50.94116911764216,-44.17570874626061,7
me_seed1,me,1,leg3_weak,ite,3,12,165,1072.40234375,143,1022.0860595703125,-50.94116911764216,-44.17570874626061,7
me_seed1,me,1,leg3_weak,ite,3,13,165,1083.68212890625,143,1022.0860595703125,-50.94116911764216,-44.17570874626061,7
me_seed1,me,1,leg3_weak,ite,3,14,165,1080.26806640625,143,1022.0860595703125,-50.94116911764216,-44.17570874626061,7
me_seed1,me,1,leg3_weak,ite,3,15,165,1081.593994140625,143,1022.0860595703125,-50.94116911764216,-44.17570874626061,7
me_seed1,me,1,leg3_weak,ite,3,16,165,1079.43701171875,143,1022.0860595703125,-50.94116911764216,-44.17570874626061,7
me_seed1,me,1,leg3_weak,ite,3,17,165,1080.1328125,143,1022.0860595703125,-50.94116911764216,-44.17570874626061,7
me_seed1,me,1,leg3_weak,ite,3,18,165,1081.2862548828125,143,1022.0860595703125,-50.94116911764216,-44.17570874626061,7
me_seed1,me,1,leg3_weak,ite,3,19,165,1085.4910888671875,143,1022.0860595703125,-50.94116911764216,-44.17570874626061,7
me_seed1,me,1,leg3_weak,ite,3,20,165,1078.559326171875,143,1022.0860595703125,-50.94116911764216,-44.17570874626061,7
me_seed1,me,1,leg3_weak,ite,4,1,385,1079.445068359375,385,1075.559326171875,23.456469739449503,20.34123270772232,6
me_seed1,me,1,leg3_weak,ite,4,2,613,1096.349365234375,613,1063.8277587890625,7.134277944482241,6.186779574345696,6
me_seed1,me,1,leg3_weak,ite,4,3,407,1061.283447265625,613,1063.8277587890625,7.134277944482241,6.186779574345696,6
me_seed1,me,1,leg3_weak,ite,4,4,143,1061.6884765625,613,1063.8277587890625,7.134277944482241,6.186779574345696,6
me_seed1,me,1,leg3_weak,ite,4,5,165,1084.3004150390625,613,1063.8277587890625,7.134277944482241,6.186779574345696,6
me_seed1,me,1,leg3_weak,ite,4,6,613,1066.22705078125,613,1063.8277587890625,7.134277944482241,6.186779574345696,6
me_seed1,me,1,leg3_weak,ite,4,7,170,1082.6514892578125,613,1063.8277587890625,7.134277944482241,6.186779574345696,6
me_seed1,me,1,leg3_weak,ite,4,8,385,1081.3192138671875,613,1063.8277587890625,7.134277944482241,6.186779574345696,6
me_seed1,me,1,leg3_weak,ite,4,9,165,1083.912353515625,613,1063.8277587890625,7.134277944482241,6.186779574345696,6
me_seed1,me,1,leg3_weak,ite,4,10,385,1075.412109375,613,1063.8277587890625,7.134277944482241,6.186779574345696,6
me_seed1,me,1,leg3_weak,ite,4,11,878,1080.577880859375,613,1063.8277587890625,7.134277944482241,6.186779574345696,6
me_seed1,me,1,leg3_weak,ite,4,12,613,1059.5850830078125,613,1063.8277587890625,7.134277944482241,6.186779574345696,6
me_seed1,me,1,leg3_weak,ite,4,13,165,1089.755859375,613,1063.8277587890625,7.134277944482241,6.186779574345696,6
me_seed1,me,1,leg3_weak,ite,4,14,165,1075.16357421875,613,1063.8277587890625,7.134277944482241,6.186779574345696,6
me_seed1,me,1,leg3_weak,ite,4,15,170,1056.4903564453125,613,1063.8277587890625,7.134277944482241,6.186779574345696,6
me_seed1,me,1,leg3_weak,ite,4,16,165,1081.875,613,1063.8277587890625,7.134277944482241,6.186779574345696,6
me_seed1,me,1,leg3_weak,ite,4,17,165,1080.861328125,613,1063.8277587890625,7.134277944482241,6.186779574345696,6
me_seed1,me,1,leg3_weak,ite,4,18,165,1085.015625,613,1063.8277587890625,7.134277944482241,6.186779574345696,6
me_seed1,me,1,leg3_weak,ite,4,19,165,1085.33837890625,613,1063.8277587890625,7.134277944482241,6.186779574345696,6
me_seed1,me,1,leg3_weak,ite,4,20,165,1086.71923828125,613,1063.8277587890625,7.134277944482241,6.186779574345696,6
me_seed1,me,1,leg3_weak,top_k,0,1,385,1075.9595947265625,385,1075.559326171875,23.456469739449503,20.34123270772232,
me_seed1,me,1,leg3_weak,top_k,0,2,170,1064.1220703125,385,1075.559326171875,23.456469739449503,20.34123270772232,
me_seed1,me,1,leg3_weak,top_k,0,3,769,1070.0810546875,385,1075.559326171875,23.456469739449503,20.34123270772232,
me_seed1,me,1,leg3_weak,top_k,0,4,793,1074.8714599609375,385,1075.559326171875,23.456469739449503,20.34123270772232,
me_seed1,me,1,leg3_weak,top_k,0,5,661,1098.5458984375,661,1085.436279296875,37.198326901037255,32.25804361171034,
me_seed1,me,1,leg3_weak,top_k,0,6,504,1069.599365234375,661,1085.436279296875,37.198326901037255,32.25804361171034,
me_seed1,me,1,leg3_weak,top_k,0,7,580,1069.07177734375,661,1085.436279296875,37.198326901037255,32.25804361171034,
me_seed1,me,1,leg3_weak,top_k,0,8,1005,1072.417724609375,661,1085.436279296875,37.198326901037255,32.25804361171034,
me_seed1,me,1,leg3_weak,top_k,0,9,949,1070.20556640625,661,1085.436279296875,37.198326901037255,32.25804361171034,
me_seed1,me,1,leg3_weak,top_k,0,10,180,1063.461181640625,661,1085.436279296875,37.198326901037255,32.25804361171034,
me_seed1,me,1,leg3_weak,top_k,0,11,448,1074.412841796875,661,1085.436279296875,37.198326901037255,32.25804361171034,
me_seed1,me,1,leg3_weak,top_k,0,12,49,1074.927001953125,661,1085.436279296875,37.198326901037255,32.25804361171034,
me_seed1,me,1,leg3_weak,top_k,0,13,684,1058.8837890625,661,1085.436279296875,37.198326901037255,32.25804361171034,
me_seed1,me,1,leg3_weak,top_k,0,14,254,1066.250244140625,661,1085.436279296875,37.198326901037255,32.25804361171034,
me_seed1,me,1,leg3_weak,top_k,0,15,614,1066.5335693359375,661,1085.436279296875,37.198326901037255,32.25804361171034,
me_seed1,me,1,leg3_weak,top_k,0,16,197,1063.862548828125,661,1085.436279296875,37.198326901037255,32.25804361171034,
me_seed1,me,1,leg3_weak,top_k,0,17,770,1067.458740234375,661,1085.436279296875,37.198326901037255,32.25804361171034,
me_seed1,me,1,leg3_weak,top_k,0,18,744,1061.422119140625,661,1085.436279296875,37.198326901037255,32.25804361171034,
me_seed1,me,1,leg3_weak,top_k,0,19,134,1076.135009765625,661,1085.436279296875,37.198326901037255,32.25804361171034,
me_seed1,me,1,leg3_weak,top_k,0,20,784,1060.4031982421875,661,1085.436279296875,37.198326901037255,32.25804361171034,
me_seed1,me,1,leg3_weak,top_k,1,1,385,1078.07177734375,385,1075.559326171875,23.456469739449503,20.34123270772232,
me_seed1,me,1,leg3_weak,top_k,1,2,170,1069.881591796875,385,1075.559326171875,23.456469739449503,20.34123270772232,
me_seed1,me,1,leg3_weak,top_k,1,3,769,1067.312744140625,385,1075.559326171875,23.456469739449503,20.34123270772232,
me_seed1,me,1,leg3_weak,top_k,1,4,793,1076.9090576171875,385,1075.559326171875,23.456469739449503,20.34123270772232,
me_seed1,me,1,leg3_weak,top_k,1,5,661,1065.3116455078125,385,1075.559326171875,23.456469739449503,20.34123270772232,
me_seed1,me,1,leg3_weak,top_k,1,6,504,1068.5491943359375,385,1075.559326171875,23.456469739449503,20.34123270772232,
me_seed1,me,1,leg3_weak,top_k,1,7,580,1062.751953125,385,1075.559326171875,23.456469739449503,20.34123270772232,
me_seed1,me,1,leg3_weak,top_k,1,8,1005,1078.50146484375,1005,1064.515380859375,8.090970170495982,7.016414187532424,
me_seed1,me,1,leg3_weak,top_k,1,9,949,1081.252197265625,949,1072.6617431640625,19.425047163754815,16.845220491636155,
me_seed1,me,1,leg3_weak,top_k,1,10,180,1063.6759033203125,949,1072.6617431640625,19.425047163754815,16.845220491636155,
me_seed1,me,1,leg3_weak,top_k,1,11,448,1071.7335205078125,949,1072.6617431640625,19.425047163754815,16.845220491636155,
me_seed1,me,1,leg3_weak,top_k,1,12,49,1074.6483154296875,949,1072.6617431640625,19.425047163754815,16.845220491636155,
me_seed1,me,1,leg3_weak,top_k,1,13,684,1063.4342041015625,949,1072.6617431640625,19.425047163754815,16.845220491636155,
me_seed1,me,1,leg3_weak,top_k,1,14,254,1068.540283203125,949,1072.6617431640625,19.425047163754815,16.845220491636155,
me_seed1,me,1,leg3_weak,top_k,1,15,614,1073.0540771484375,949,1072.6617431640625,19.425047163754815,16.845220491636155,
me_seed1,me,1,leg3_weak,top_k,1,16,197,1060.98583984375,949,1072.6617431640625,19.425047163754815,16.845220491636155,
me_seed1,me,1,leg3_weak,top_k,1,17,770,1063.701416015625,949,1072.6617431640625,19.425047163754815,16.845220491636155,
me_seed1,me,1,leg3_weak,top_k,1,18,744,1062.32373046875,949,1072.6617431640625,19.425047163754815,16.845220491636155,
me_seed1,me,1,leg3_weak,top_k,1,19,134,1077.321044921875,949,1072.6617431640625,19.425047163754815,16.845220491636155,
me_seed1,me,1,leg3_weak,top_k,1,20,784,1065.8892822265625,949,1072.6617431640625,19.425047163754815,16.845220491636155,
me_seed1,me,1,leg3_weak,top_k,2,1,385,1079.4539794921875,385,1075.559326171875,23.456469739449503,20.34123270772232,
me_seed1,me,1,leg3_weak,top_k,2,2,170,1082.6710205078125,170,1070.76025390625,16.779495094765636,14.551022307789239,
me_seed1,me,1,leg3_weak,top_k,2,3,769,1071.747802734375,170,1070.76025390625,16.779495094765636,14.551022307789239,
me_seed1,me,1,leg3_weak,top_k,2,4,793,1078.5107421875,170,1070.76025390625,16.779495094765636,14.551022307789239,
me_seed1,me,1,leg3_weak,top_k,2,5,661,1065.696533203125,170,1070.76025390625,16.779495094765636,14.551022307789239,
me_seed1,me,1,leg3_weak,top_k,2,6,504,1059.7135009765625,170,1070.76025390625,16.779495094765636,14.551022307789239,
me_seed1,me,1,leg3_weak,top_k,2,7,580,1055.6429443359375,170,1070.76025390625,16.779495094765636,14.551022307789239,
me_seed1,me,1,leg3_weak,top_k,2,8,1005,1068.9210205078125,170,1070.76025390625,16.779495094765636,14.551022307789239,
me_seed1,me,1,leg3_weak,top_k,2,9,949,1072.632568359375,170,1070.76025390625,16.779495094765636,14.551022307789239,
me_seed1,me,1,leg3_weak,top_k,2,10,180,1070.276123046875,170,1070.76025390625,16.779495094765636,14.551022307789239,
me_seed1,me,1,leg3_weak,top_k,2,11,448,1068.2158203125,170,1070.76025390625,16.779495094765636,14.551022307789239,
me_seed1,me,1,leg3_weak,top_k,2,12,49,1074.357666015625,170,1070.76025390625,16.779495094765636,14.551022307789239,
me_seed1,me,1,leg3_weak,top_k,2,13,684,1061.88623046875,170,1070.76025390625,16.779495094765636,14.551022307789239,
me_seed1,me,1,leg3_weak,top_k,2,14,254,1065.5072021484375,170,1070.76025390625,16.779495094765636,14.551022307789239,
me_seed1,me,1,leg3_weak,top_k,2,15,614,1062.556884765625,170,1070.76025390625,16.779495094765636,14.551022307789239,
me_seed1,me,1,leg3_weak,top_k,2,16,197,1068.873291015625,170,1070.76025390625,16.779495094765636,14.551022307789239,
me_seed1,me,1,leg3_weak,top_k,2,17,770,1081.92236328125,170,1070.76025390625,16.779495094765636,14.551022307789239,
me_seed1,me,1,leg3_weak,top_k,2,18,744,1065.731201171875,170,1070.76025390625,16.779495094765636,14.551022307789239,
me_seed1,me,1,leg3_weak,top_k,2,19,134,1077.16162109375,170,1070.76025390625,16.779495094765636,14.551022307789239,
me_seed1,me,1,leg3_weak,top_k,2,20,784,1066.4620361328125,170,1070.76025390625,16.779495094765636,14.551022307789239,
me_seed1,me,1,leg3_weak,top_k,3,1,385,1073.6497802734375,385,1075.559326171875,23.456469739449503,20.34123270772232,
me_seed1,me,1,leg3_weak,top_k,3,2,170,1070.214111328125,385,1075.559326171875,23.456469739449503,20.34123270772232,
me_seed1,me,1,leg3_weak,top_k,3,3,769,1074.693359375,769,1070.5732421875,16.519304700614555,14.325387614481576,
me_seed1,me,1,leg3_weak,top_k,3,4,793,1078.9083251953125,793,1073.4197998046875,20.479735380254965,17.75983631764176,
me_seed1,me,1,leg3_weak,top_k,3,5,661,1085.52099609375,661,1085.436279296875,37.198326901037255,32.25804361171034,
me_seed1,me,1,leg3_weak,top_k,3,6,504,1076.004150390625,661,1085.436279296875,37.198326901037255,32.25804361171034,
me_seed1,me,1,leg3_weak,top_k,3,7,580,1073.73876953125,661,1085.436279296875,37.198326901037255,32.25804361171034,
me_seed1,me,1,leg3_weak,top_k,3,8,1005,1062.278564453125,661,1085.436279296875,37.198326901037255,32.25804361171034,
me_seed1,me,1,leg3_weak,top_k,3,9,949,1064.7362060546875,661,1085.436279296875,37.198326901037255,32.25804361171034,
me_seed1,me,1,leg3_weak,top_k,3,10,180,1063.6851806640625,661,1085.436279296875,37.198326901037255,32.25804361171034,
me_seed1,me,1,leg3_weak,top_k,3,11,448,1071.7080078125,661,1085.436279296875,37.198326901037255,32.25804361171034,
me_seed1,me,1,leg3_weak,top_k,3,12,49,1070.8814697265625,661,1085.436279296875,37.198326901037255,32.25804361171034,
me_seed1,me,1,leg3_weak,top_k,3,13,684,1071.988037109375,661,1085.436279296875,37.198326901037255,32.25804361171034,
me_seed1,me,1,leg3_weak,top_k,3,14,254,1061.749267578125,661,1085.436279296875,37.198326901037255,32.25804361171034,
me_seed1,me,1,leg3_weak,top_k,3,15,614,1066.9873046875,661,1085.436279296875,37.198326901037255,32.25804361171034,
me_seed1,me,1,leg3_weak,top_k,3,16,197,1068.96875,661,1085.436279296875,37.198326901037255,32.25804361171034,
me_seed1,me,1,leg3_weak,top_k,3,17,770,1061.675537109375,661,1085.436279296875,37.198326901037255,32.25804361171034,
me_seed1,me,1,leg3_weak,top_k,3,18,744,1053.516845703125,661,1085.436279296875,37.198326901037255,32.25804361171034,
me_seed1,me,1,leg3_weak,top_k,3,19,134,1076.2501220703125,661,1085.436279296875,37.198326901037255,32.25804361171034,
me_seed1,me,1,leg3_weak,top_k,3,20,784,1069.954833984375,661,1085.436279296875,37.198326901037255,32.25804361171034,
me_seed1,me,1,leg3_weak,top_k,4,1,385,1075.54443359375,385,1075.559326171875,23.456469739449503,20.34123270772232,
me_seed1,me,1,leg3_weak,top_k,4,2,170,1056.0050048828125,385,1075.559326171875,23.456469739449503,20.34123270772232,
me_seed1,me,1,leg3_weak,top_k,4,3,769,1059.659423828125,385,1075.559326171875,23.456469739449503,20.34123270772232,
me_seed1,me,1,leg3_weak,top_k,4,4,793,1076.77978515625,793,1073.4197998046875,20.479735380254965,17.75983631764176,
me_seed1,me,1,leg3_weak,top_k,4,5,661,1083.18408203125,661,1085.436279296875,37.198326901037255,32.25804361171034,
me_seed1,me,1,leg3_weak,top_k,4,6,504,1070.5252685546875,661,1085.436279296875,37.198326901037255,32.25804361171034,
me_seed1,me,1,leg3_weak,top_k,4,7,580,1069.4609375,661,1085.436279296875,37.198326901037255,32.25804361171034,
me_seed1,me,1,leg3_weak,top_k,4,8,1005,1079.26953125,661,1085.436279296875,37.198326901037255,32.25804361171034,
me_seed1,me,1,leg3_weak,top_k,4,9,949,1072.0115966796875,661,1085.436279296875,37.198326901037255,32.25804361171034,
me_seed1,me,1,leg3_weak,top_k,4,10,180,1062.363525390625,661,1085.436279296875,37.198326901037255,32.25804361171034,
me_seed1,me,1,leg3_weak,top_k,4,11,448,1073.594482421875,661,1085.436279296875,37.198326901037255,32.25804361171034,
me_seed1,me,1,leg3_weak,top_k,4,12,49,1066.80322265625,661,1085.436279296875,37.198326901037255,32.25804361171034,
me_seed1,me,1,leg3_weak,top_k,4,13,684,1076.720458984375,661,1085.436279296875,37.198326901037255,32.25804361171034,
me_seed1,me,1,leg3_weak,top_k,4,14,254,1064.969482421875,661,1085.436279296875,37.198326901037255,32.25804361171034,
me_seed1,me,1,leg3_weak,top_k,4,15,614,1067.0537109375,661,1085.436279296875,37.198326901037255,32.25804361171034,
me_seed1,me,1,leg3_weak,top_k,4,16,197,1061.560546875,661,1085.436279296875,37.198326901037255,32.25804361171034,
me_seed1,me,1,leg3_weak,top_k,4,17,770,1071.1710205078125,661,1085.436279296875,37.198326901037255,32.25804361171034,
me_seed1,me,1,leg3_weak,top_k,4,18,744,1066.0875244140625,661,1085.436279296875,37.198326901037255,32.25804361171034,
me_seed1,me,1,leg3_weak,top_k,4,19,134,1073.7529296875,661,1085.436279296875,37.198326901037255,32.25804361171034,
me_seed1,me,1,leg3_weak,top_k,4,20,784,1069.642333984375,661,1085.436279296875,37.198326901037255,32.25804361171034,
me_seed1,me,1,leg3_weak,best_intact,0,1,385,1076.7822265625,385,1075.559326171875,23.456469739449503,20.34123270772232,
me_seed1,me,1,leg3_weak,best_intact,1,1,385,1076.7861328125,385,1075.559326171875,23.456469739449503,20.34123270772232,
me_seed1,me,1,leg3_weak,best_intact,2,1,385,1071.176025390625,385,1075.559326171875,23.456469739449503,20.34123270772232,
me_seed1,me,1,leg3_weak,best_intact,3,1,385,1074.9676513671875,385,1075.559326171875,23.456469739449503,20.34123270772232,
me_seed1,me,1,leg3_weak,best_intact,4,1,385,1079.31005859375,385,1075.559326171875,23.456469739449503,20.34123270772232,
me_seed1,me,1,leg4_weak,ite,0,1,385,1085.153076171875,385,1083.711181640625,28.324020168524424,30.17666666273913,5
me_seed1,me,1,leg4_weak,ite,0,2,613,1057.411376953125,385,1083.711181640625,28.324020168524424,30.17666666273913,5
me_seed1,me,1,leg4_weak,ite,0,3,407,1056.6728515625,385,1083.711181640625,28.324020168524424,30.17666666273913,5
me_seed1,me,1,leg4_weak,ite,0,4,143,1095.191162109375,143,1087.69775390625,32.83863106845235,34.98657385206137,5
me_seed1,me,1,leg4_weak,ite,0,5,165,1072.7149658203125,143,1087.69775390625,32.83863106845235,34.98657385206137,5
me_seed1,me,1,leg4_weak,ite,0,6,878,1119.573974609375,878,1085.94287109375,30.851306483439064,32.8692603070281,5
me_seed1,me,1,leg4_weak,ite,0,7,878,1085.5992431640625,878,1085.94287109375,30.851306483439064,32.8692603070281,5
me_seed1,me,1,leg4_weak,ite,0,8,878,1044.68994140625,878,1085.94287109375,30.851306483439064,32.8692603070281,5
me_seed1,me,1,leg4_weak,ite,0,9,385,1094.228271484375,878,1085.94287109375,30.851306483439064,32.8692603070281,5
me_seed1,me,1,leg4_weak,ite,0,10,385,1080.3814697265625,878,1085.94287109375,30.851306483439064,32.8692603070281,5
me_seed1,me,1,leg4_weak,ite,0,11,143,1018.7440795898438,878,1085.94287109375,30.851306483439064,32.8692603070281,5
me_seed1,me,1,leg4_weak,ite,0,12,170,1051.864501953125,878,1085.94287109375,30.851306483439064,32.8692603070281,5
me_seed1,me,1,leg4_weak,ite,0,13,385,1066.7791748046875,878,1085.94287109375,30.851306483439064,32.8692603070281,5
me_seed1,me,1,leg4_weak,ite,0,14,878,1126.646484375,878,1085.94287109375,30.851306483439064,32.8692603070281,5
me_seed1,me,1,leg4_weak,ite,0,15,878,1025.4395751953125,878,1085.94287109375,30.851306483439064,32.8692603070281,5
me_seed1,me,1,leg4_weak,ite,0,16,385,1070.9169921875,878,1085.94287109375,30.851306483439064,32.8692603070281,5
me_seed1,me,1,leg4_weak,ite,0,17,878,1141.4228515625,878,1085.94287109375,30.851306483439064,32.8692603070281,5
me_seed1,me,1,leg4_weak,ite,0,18,878,1060.37939453125,878,1085.94287109375,30.851306483439064,32.8692603070281,5
me_seed1,me,1,leg4_weak,ite,0,19,878,1131.831298828125,878,1085.94287109375,30.851306483439064,32.8692603070281,5
me_seed1,me,1,leg4_weak,ite,0,20,878,1113.2349853515625,878,1085.94287109375,30.851306483439064,32.8692603070281,5
me_seed1,me,1,leg4_weak,ite,1,1,385,1088.5689697265625,385,1083.711181640625,28.324020168524424,30.17666666273913,3
me_seed1,me,1,leg4_weak,ite,1,2,613,1077.93603515625,385,1083.711181640625,28.324020168524424,30.17666666273913,3
me_seed1,me,1,leg4_weak,ite,1,3,552,1114.2083740234375,552,1102.024169921875,49.062642472621036,52.27178199564752,3
me_seed1,me,1,leg4_weak,ite,1,4,407,1062.1136474609375,552,1102.024169921875,49.062642472621036,52.27178199564752,3
me_seed1,me,1,leg4_weak,ite,1,5,143,1104.982177734375,552,1102.024169921875,49.062642472621036,52.27178199564752,3
me_seed1,me,1,leg4_weak,ite,1,6,143,1046.297119140625,552,1102.024169921875,49.062642472621036,52.27178199564752,3
me_seed1,me,1,leg4_weak,ite,1,7,170,1099.5458984375,552,1102.024169921875,49.062642472621036,52.27178199564752,3
me_seed1,me,1,leg4_weak,ite,1,8,552,1056.62890625,552,1102.024169921875,49.062642472621036,52.27178199564752,3
me_seed1,me,1,leg4_weak,ite,1,9,165,1075.618896484375,552,1102.024169921875,49.062642472621036,52.27178199564752,3
me_seed1,me,1,leg4_weak,ite,1,10,385,1080.7225341796875,552,1102.024169921875,49.062642472621036,52.27178199564752,3
me_seed1,me,1,leg4_weak,ite,1,11,170,1100.3648681640625,552,1102.024169921875,49.062642472621036,52.27178199564752,3
me_seed1,me,1,leg4_weak,ite,1,12,170,1079.0909423828125,552,1102.024169921875,49.062642472621036,52.27178199564752,3
me_seed1,me,1,leg4_weak,ite,1,13,170,1076.903564453125,552,1102.024169921875,49.062642472621036,52.27178199564752,3
me_seed1,me,1,leg4_weak,ite,1,14,385,1078.2056884765625,552,1102.024169921875,49.062642472621036,52.27178199564752,3
me_seed1,me,1,leg4_weak,ite,1,15,878,1037.993408203125,552,1102.024169921875,49.062642472621036,52.27178199564752,3
me_seed1,me,1,leg4_weak,ite,1,16,170,1095.0797119140625,552,1102.024169921875,49.062642472621036,52.27178199564752,3
me_seed1,me,1,leg4_weak,ite,1,17,170,1063.2725830078125,552,1102.024169921875,49.062642472621036,52.27178199564752,3
me_seed1,me,1,leg4_weak,ite,1,18,613,1085.943115234375,552,1102.024169921875,49.062642472621036,52.27178199564752,3
me_seed1,me,1,leg4_weak,ite,1,19,385,1062.361328125,552,1102.024169921875,49.062642472621036,52.27178199564752,3
me_seed1,me,1,leg4_weak,ite,1,20,613,1075.788330078125,552,1102.024169921875,49.062642472621036,52.27178199564752,3
me_seed1,me,1,leg4_weak,ite,2,1,385,1086.830078125,385,1083.711181640625,28.324020168524424,30.17666666273913,3
me_seed1,me,1,leg4_weak,ite,2,2,613,1083.780029296875,385,1083.711181640625,28.324020168524424,30.17666666273913,3
me_seed1,me,1,leg4_weak,ite,2,3,552,1129.51220703125,552,1102.024169921875,49.062642472621036,52.27178199564752,3
me_seed1,me,1,leg4_weak,ite,2,4,552,1132.067626953125,552,1102.024169921875,49.062642472621036,52.27178199564752,3
me_seed1,me,1,leg4_weak,ite,2,5,552,1122.773681640625,552,1102.024169921875,49.062642472621036,52.27178199564752,3
me_seed1,me,1,leg4_weak,ite,2,6,552,1094.0845947265625,552,1102.024169921875,49.062642472621036,52.27178199564752,3
me_seed1,me,1,leg4_weak,ite,2,7,552,1093.86962890625,552,1102.024169921875,49.062642472621036,52.27178199564752,3
me_seed1,me,1,leg4_weak,ite,2,8,407,1067.64599609375,552,1102.024169921875,49.062642472621036,52.27178199564752,3
me_seed1,me,1,leg4_weak,ite,2,9,552,1086.396240234375,552,1102.024169921875,49.062642472621036,52.27178199564752,3
me_seed1,me,1,leg4_weak,ite,2,10,143,1089.0400390625,552,1102.024169921875,49.062642472621036,52.27178199564752,3
me_seed1,me,1,leg4_weak,ite,2,11,552,1084.6123046875,552,1102.024169921875,49.062642472621036,52.27178199564752,3
me_seed1,me,1,leg4_weak,ite,2,12,170,1092.9014892578125,552,1102.024169921875,49.062642472621036,52.27178199564752,3
me_seed1,me,1,leg4_weak,ite,2,13,552,1101.273193359375,552,1102.024169921875,49.062642472621036,52.27178199564752,3
me_seed1,me,1,leg4_weak,ite,2,14,552,1136.323486328125,552,1102.024169921875,49.062642472621036,52.27178199564752,3
me_seed1,me,1,leg4_weak,ite,2,15,552,1132.784912109375,552,1102.024169921875,49.062642472621036,52.27178199564752,3
me_seed1,me,1,leg4_weak,ite,2,16,552,1052.264892578125,552,1102.024169921875,49.062642472621036,52.27178199564752,3
me_seed1,me,1,leg4_weak,ite,2,17,552,1098.930419921875,552,1102.024169921875,49.062642472621036,52.27178199564752,3
me_seed1,me,1,leg4_weak,ite,2,18,552,1060.130615234375,552,1102.024169921875,49.062642472621036,52.27178199564752,3
me_seed1,me,1,leg4_weak,ite,2,19,165,1080.682861328125,552,1102.024169921875,49.062642472621036,52.27178199564752,3
me_seed1,me,1,leg4_weak,ite,2,20,552,1112.872314453125,552,1102.024169921875,49.062642472621036,52.27178199564752,3
me_seed1,me,1,leg4_weak,ite,3,1,385,1086.5079345703125,385,1083.711181640625,28.324020168524424,30.17666666273913,6
me_seed1,me,1,leg4_weak,ite,3,2,613,1079.321044921875,385,1083.711181640625,28.324020168524424,30.17666666273913,6
me_seed1,me,1,leg4_weak,ite,3,3,552,1063.008544921875,385,1083.711181640625,28.324020168524424,30.17666666273913,6
me_seed1,me,1,leg4_weak,ite,3,4,165,1072.59765625,385,1083.711181640625,28.324020168524424,30.17666666273913,6
me_seed1,me,1,leg4_weak,ite,3,5,878,1059.381591796875,385,1083.711181640625,28.324020168524424,30.17666666273913,6
me_seed1,me,1,leg4_weak,ite,3,6,385,1070.87353515625,385,1083.711181640625,28.324020168524424,30.17666666273913,6
me_seed1,me,1,leg4_weak,ite,3,7,170,1085.1785888671875,385,1083.711181640625,28.324020168524424,30.17666666273913,6
me_seed1,me,1,leg4_weak,ite,3,8,613,1081.9736328125,385,1083.711181640625,28.324020168524424,30.17666666273913,6
me_seed1,me,1,leg4_weak,ite,3,9,170,1088.775390625,170,1084.7728271484375,29.526285187713388,31.457570662541187,6
me_seed1,me,1,leg4_weak,ite,3,10,170,1098.881103515625,170,1084.7728271484375,29.526285187713388,31.457570662541187,6
me_seed1,me,1,leg4_weak,ite,3,11,170,1100.31005859375,170,1084.7728271484375,29.526285187713388,31.457570662541187,6
me_seed1,me,1,leg4_weak,ite,3,12,170,1083.50341796875,170,1084.7728271484375,29.526285187713388,31.457570662541187,6
me_seed1,me,1,leg4_weak,ite,3,13,170,1070.5914306640625,170,1084.7728271484375,29.526285187713388,31.457570662541187,6
me_seed1,me,1,leg4_weak,ite,3,14,170,1091.2681884765625,170,1084.7728271484375,29.526285187713388,31.457570662541187,6
me_seed1,me,1,leg4_weak,ite,3,15,170,1072.2589111328125,170,1084.7728271484375,29.526285187713388,31.457570662541187,6
me_seed1,me,1,leg4_weak,ite,3,16,385,1105.03759765625,385,1083.711181640625,28.324020168524424,30.17666666273913,6
me_seed1,me,1,leg4_weak,ite,3,17,385,1080.1697998046875,385,1083.711181640625,28.324020168524424,30.17666666273913,6
me_seed1,me,1,leg4_weak,ite,3,18,385,1088.430419921875,385,1083.711181640625,28.324020168524424,30.17666666273913,6
me_seed1,me,1,leg4_weak,ite,3,19,385,1070.685546875,385,1083.711181640625,28.324020168524424,30.17666666273913,6
me_seed1,me,1,leg4_weak,ite,3,20,613,1084.2080078125,385,1083.711181640625,28.324020168524424,30.17666666273913,6
me_seed1,me,1,leg4_weak,ite,4,1,385,1069.1964111328125,385,1083.711181640625,28.324020168524424,30.17666666273913,5
me_seed1,me,1,leg4_weak,ite,4,2,613,1089.841064453125,613,1079.2376708984375,23.257973697532364,24.77925504025484,5
me_seed1,me,1,leg4_weak,ite,4,3,407,1064.4140625,613,1079.2376708984375,23.257973697532364,24.77925504025484,5
me_seed1,me,1,leg4_weak,ite,4,4,878,1024.6712646484375,613,1079.2376708984375,23.257973697532364,24.77925504025484,5
me_seed1,me,1,leg4_weak,ite,4,5,165,1108.917724609375,165,1082.267822265625,26.689481639504038,28.43521456504343,5
me_seed1,me,1,leg4_weak,ite,4,6,165,1079.2159423828125,165,1082.267822265625,26.689481639504038,28.43521456504343,5
me_seed1,me,1,leg4_weak,ite,4,7,613,1080.6695556640625,165,1082.267822265625,26.689481639504038,28.43521456504343,5
me_seed1,me,1,leg4_weak,ite,4,8,165,1075.524658203125,165,1082.267822265625,26.689481639504038,28.43521456504343,5
me_seed1,me,1,leg4_weak,ite,4,9,170,1079.20947265625,165,1082.267822265625,26.689481639504038,28.43521456504343,5
me_seed1,me,1,leg4_weak,ite,4,10,613,1083.1337890625,165,1082.267822265625,26.689481639504038,28.43521456504343,5
me_seed1,me,1,leg4_weak,ite,4,11,165,1086.14599609375,165,1082.267822265625,26.689481639504038,28.43521456504343,5
me_seed1,me,1,leg4_weak,ite,4,12,165,1083.436279296875,165,1082.267822265625,26.689481639504038,28.43521456504343,5
me_seed1,me,1,leg4_weak,ite,4,13,613,1080.371337890625,165,1082.267822265625,26.689481639504038,28.43521456504343,5
me_seed1,me,1,leg4_weak,ite,4,14,165,1065.97509765625,165,1082.267822265625,26.689481639504038,28.43521456504343,5
me_seed1,me,1,leg4_weak,ite,4,15,552,1098.459228515625,165,1082.267822265625,26.689481639504038,28.43521456504343,5
me_seed1,me,1,leg4_weak,ite,4,16,552,1104.88427734375,165,1082.267822265625,26.689481639504038,28.43521456504343,5
me_seed1,me,1,leg4_weak,ite,4,17,552,1095.694091796875,165,1082.267822265625,26.689481639504038,28.43521456504343,5
me_seed1,me,1,leg4_weak,ite,4,18,552,1104.7027587890625,165,1082.267822265625,26.689481639504038,28.43521456504343,5
me_seed1,me,1,leg4_weak,ite,4,19,552,1105.9771728515625,165,1082.267822265625,26.689481639504038,28.43521456504343,5
me_seed1,me,1,leg4_weak,ite,4,20,552,1089.19580078125,165,1082.267822265625,26.689481639504038,28.43521456504343,5
me_seed1,me,1,leg4_weak,top_k,0,1,385,1072.5032958984375,385,1083.711181640625,28.324020168524424,30.17666666273913,
me_seed1,me,1,leg4_weak,top_k,0,2,170,1075.61865234375,170,1084.7728271484375,29.526285187713388,31.457570662541187,
me_seed1,me,1,leg4_weak,top_k,0,3,769,1120.5684814453125,769,1089.6005859375,34.99350138225223,37.282392128353706,
me_seed1,me,1,leg4_weak,top_k,0,4,793,1146.5799560546875,793,1116.1142578125,65.01902307569166,69.27185386883966,
me_seed1,me,1,leg4_weak,top_k,0,5,661,1161.882080078125,661,1147.0037841796875,100.00000000000001,106.54090232668841,
me_seed1,me,1,leg4_weak,top_k,0,6,504,1059.599853515625,661,1147.0037841796875,100.00000000000001,106.54090232668841,
me_seed1,me,1,leg4_weak,top_k,0,7,580,1113.9525146484375,661,1147.0037841796875,100.00000000000001,106.54090232668841,
me_seed1,me,1,leg4_weak,top_k,0,8,1005,1070.58544921875,661,1147.0037841796875,100.00000000000001,106.54090232668841,
me_seed1,me,1,leg4_weak,top_k,0,9,949,1096.36376953125,661,1147.0037841796875,100.00000000000001,106.54090232668841,
me_seed1,me,1,leg4_weak,top_k,0,10,180,1125.557861328125,661,1147.0037841796875,100.00000000000001,106.54090232668841,
me_seed1,me,1,leg4_weak,top_k,0,11,448,1089.430908203125,661,1147.0037841796875,100.00000000000001,106.54090232668841,
me_seed1,me,1,leg4_weak,top_k,0,12,49,1068.43798828125,661,1147.0037841796875,100.00000000000001,106.54090232668841,
me_seed1,me,1,leg4_weak,top_k,0,13,684,1082.663330078125,661,1147.0037841796875,100.00000000000001,106.54090232668841,
me_seed1,me,1,leg4_weak,top_k,0,14,254,1083.956787109375,661,1147.0037841796875,100.00000000000001,106.54090232668841,
me_seed1,me,1,leg4_weak,top_k,0,15,614,1076.574462890625,661,1147.0037841796875,100.00000000000001,106.54090232668841,
me_seed1,me,1,leg4_weak,top_k,0,16,197,1108.4844970703125,661,1147.0037841796875,100.00000000000001,106.54090232668841,
me_seed1,me,1,leg4_weak,top_k,0,17,770,1075.206787109375,661,1147.0037841796875,100.00000000000001,106.54090232668841,
me_seed1,me,1,leg4_weak,top_k,0,18,744,1094.409423828125,661,1147.0037841796875,100.00000000000001,106.54090232668841,
me_seed1,me,1,leg4_weak,top_k,0,19,134,1107.877197265625,661,1147.0037841796875,100.00000000000001,106.54090232668841,
me_seed1,me,1,leg4_weak,top_k,0,20,784,1056.7042236328125,661,1147.0037841796875,100.00000000000001,106.54090232668841,
me_seed1,me,1,leg4_weak,top_k,1,1,385,1094.844970703125,385,1083.711181640625,28.324020168524424,30.17666666273913,
me_seed1,me,1,leg4_weak,top_k,1,2,170,1062.169189453125,385,1083.711181640625,28.324020168524424,30.17666666273913,
me_seed1,me,1,leg4_weak,top_k,1,3,769,1085.2919921875,385,1083.711181640625,28.324020168524424,30.17666666273913,
me_seed1,me,1,leg4_weak,top_k,1,4,793,1131.725830078125,793,1116.1142578125,65.01902307569166,69.27185386883966,
me_seed1,me,1,leg4_weak,top_k,1,5,661,1153.625732421875,661,1147.0037841796875,100.00000000000001,106.54090232668841,
me_seed1,me,1,leg4_weak,top_k,1,6,504,1064.308349609375,661,1147.0037841796875,100.00000000000001,106.54090232668841,
me_seed1,me,1,leg4_weak,top_k,1,7,580,1071.8851318359375,661,1147.0037841796875,100.00000000000001,106.54090232668841,
me_seed1,me,1,leg4_weak,top_k,1,8,1005,1091.297119140625,661,1147.0037841796875,100.00000000000001,106.54090232668841,
me_seed1,me,1,leg4_weak,top_k,1,9,949,1103.76416015625,661,1147.0037841796875,100.00000000000001,106.54090232668841,
me_seed1,me,1,leg4_weak,top_k,1,10,180,1144.1824951171875,661,1147.0037841796875,100.00000000000001,106.54090232668841,
me_seed1,me,1,leg4_weak,top_k,1,11,448,1075.67822265625,661,1147.0037841796875,100.00000000000001,106.54090232668841,
me_seed1,me,1,leg4_weak,top_k,1,12,49,1097.484619140625,661,1147.0037841796875,100.00000000000001,106.54090232668841,
me_seed1,me,1,leg4_weak,top_k,1,13,684,1070.717529296875,661,1147.0037841796875,100.00000000000001,106.54090232668841,
me_seed1,me,1,leg4_weak,top_k,1,14,254,1062.7666015625,661,1147.0037841796875,100.00000000000001,106.54090232668841,
me_seed1,me,1,leg4_weak,top_k,1,15,614,1051.2586669921875,661,1147.0037841796875,100.00000000000001,106.54090232668841,
me_seed1,me,1,leg4_weak,top_k,1,16,197,1097.7584228515625,661,1147.0037841796875,100.00000000000001,106.54090232668841,
me_seed1,me,1,leg4_weak,top_k,1,17,770,1095.225830078125,661,1147.0037841796875,100.00000000000001,106.54090232668841,
me_seed1,me,1,leg4_weak,top_k,1,18,744,1057.085205078125,661,1147.0037841796875,100.00000000000001,106.54090232668841,
me_seed1,me,1,leg4_weak,top_k,1,19,134,1091.5400390625,661,1147.0037841796875,100.00000000000001,106.54090232668841,
me_seed1,me,1,leg4_weak,top_k,1,20,784,1107.622802734375,661,1147.0037841796875,100.00000000000001,106.54090232668841,
me_seed1,me,1,leg4_weak,top_k,2,1,385,1080.0736083984375,385,1083.711181640625,28.324020168524424,30.17666666273913,
me_seed1,me,1,leg4_weak,top_k,2,2,170,1083.916015625,170,1084.7728271484375,29.526285187713388,31.457570662541187,
me_seed1,me,1,leg4_weak,top_k,2,3,769,1109.14501953125,769,1089.6005859375,34.99350138225223,37.282392128353706,
me_seed1,me,1,leg4_weak,top_k,2,4,793,1125.1888427734375,793,1116.1142578125,65.01902307569166,69.27185386883966,
me_seed1,me,1,leg4_weak,top_k,2,5,661,1136.26904296875,661,1147.0037841796875,100.00000000000001,106.54090232668841,
me_seed1,me,1,leg4_weak,top_k,2,6,504,1063.119140625,661,1147.0037841796875,100.00000000000001,106.54090232668841,
me_seed1,me,1,leg4_weak,top_k,2,7,580,1052.582763671875,661,1147.0037841796875,100.00000000000001,106.54090232668841,
me_seed1,me,1,leg4_weak,top_k,2,8,1005,1079.69482421875,661,1147.0037841796875,100.00000000000001,106.54090232668841,
me_seed1,me,1,leg4_weak,top_k,2,9,949,1126.814208984375,661,1147.0037841796875,100.00000000000001,106.54090232668841,
me_seed1,me,1,leg4_weak,top_k,2,10,180,1078.0430908203125,661,1147.0037841796875,100.00000000000001,106.54090232668841,
me_seed1,me,1,leg4_weak,top_k,2,11,448,1116.61962890625,661,1147.0037841796875,100.00000000000001,106.54090232668841,
me_seed1,me,1,leg4_weak,top_k,2,12,49,1117.243896484375,661,1147.0037841796875,100.00000000000001,106.54090232668841,
me_seed1,me,1,leg4_weak,top_k,2,13,684,1060.3319091796875,661,1147.0037841796875,100.00000000000001,106.54090232668841,
me_seed1,me,1,leg4_weak,top_k,2,14,254,1071.0670166015625,661,1147.0037841796875,100.00000000000001,106.54090232668841,
me_seed1,me,1,leg4_weak,top_k,2,15,614,1072.128173828125,661,1147.0037841796875,100.00000000000001,106.54090232668841,
me_seed1,me,1,leg4_weak,top_k,2,16,197,1091.12060546875,661,1147.0037841796875,100.00000000000001,106.54090232668841,
me_seed1,me,1,leg4_weak,top_k,2,17,770,1058.6927490234375,661,1147.0037841796875,100.00000000000001,106.54090232668841,
me_seed1,me,1,leg4_weak,top_k,2,18,744,1082.3914794921875,661,1147.0037841796875,100.00000000000001,106.54090232668841,
me_seed1,me,1,leg4_weak,top_k,2,19,134,1081.17236328125,661,1147.0037841796875,100.00000000000001,106.54090232668841,
me_seed1,me,1,leg4_weak,top_k,2,20,784,1113.461181640625,661,1147.0037841796875,100.00000000000001,106.54090232668841,
me_seed1,me,1,leg4_weak,top_k,3,1,385,1085.439208984375,385,1083.711181640625,28.324020168524424,30.17666666273913,
me_seed1,me,1,leg4_weak,top_k,3,2,170,1073.2822265625,385,1083.711181640625,28.324020168524424,30.17666666273913,
me_seed1,me,1,leg4_weak,top_k,3,3,769,1082.81103515625,385,1083.711181640625,28.324020168524424,30.17666666273913,
me_seed1,me,1,leg4_weak,top_k,3,4,793,1151.3936767578125,793,1116.1142578125,65.01902307569166,69.27185386883966,
me_seed1,me,1,leg4_weak,top_k,3,5,661,1124.0751953125,793,1116.1142578125,65.01902307569166,69.27185386883966,
me_seed1,me,1,leg4_weak,top_k,3,6,504,1062.024658203125,793,1116.1142578125,65.01902307569166,69.27185386883966,
me_seed1,me,1,leg4_weak,top_k,3,7,580,1072.194580078125,793,1116.1142578125,65.01902307569166,69.27185386883966,
me_seed1,me,1,leg4_weak,top_k,3,8,1005,1113.96484375,793,1116.1142578125,65.01902307569166,69.27185386883966,
me_seed1,me,1,leg4_weak,top_k,3,9,949,1109.6549072265625,793,1116.1142578125,65.01902307569166,69.27185386883966,
me_seed1,me,1,leg4_weak,top_k,3,10,180,1141.836181640625,793,1116.1142578125,65.01902307569166,69.27185386883966,
me_seed1,me,1,leg4_weak,top_k,3,11,448,1074.2181396484375,793,1116.1142578125,65.01902307569166,69.27185386883966,
me_seed1,me,1,leg4_weak,top_k,3,12,49,1075.614990234375,793,1116.1142578125,65.01902307569166,69.27185386883966,
me_seed1,me,1,leg4_weak,top_k,3,13,684,1083.408935546875,793,1116.1142578125,65.01902307569166,69.27185386883966,
me_seed1,me,1,leg4_weak,top_k,3,14,254,1089.68896484375,793,1116.1142578125,65.01902307569166,69.27185386883966,
me_seed1,me,1,leg4_weak,top_k,3,15,614,1073.6826171875,793,1116.1142578125,65.01902307569166,69.27185386883966,
me_seed1,me,1,leg4_weak,top_k,3,16,197,1080.7952880859375,793,1116.1142578125,65.01902307569166,69.27185386883966,
me_seed1,me,1,leg4_weak,top_k,3,17,770,1069.4305419921875,793,1116.1142578125,65.01902307569166,69.27185386883966,
me_seed1,me,1,leg4_weak,top_k,3,18,744,1078.997802734375,793,1116.1142578125,65.01902307569166,69.27185386883966,
me_seed1,me,1,leg4_weak,top_k,3,19,134,1077.050537109375,793,1116.1142578125,65.01902307569166,69.27185386883966,
me_seed1,me,1,leg4_weak,top_k,3,20,784,1056.5299072265625,793,1116.1142578125,65.01902307569166,69.27185386883966,
me_seed1,me,1,leg4_weak,top_k,4,1,385,1078.9239501953125,385,1083.711181640625,28.324020168524424,30.17666666273913,
me_seed1,me,1,leg4_weak,top_k,4,2,170,1103.1627197265625,170,1084.7728271484375,29.526285187713388,31.457570662541187,
me_seed1,me,1,leg4_weak,top_k,4,3,769,1092.3204345703125,170,1084.7728271484375,29.526285187713388,31.457570662541187,
me_seed1,me,1,leg4_weak,top_k,4,4,793,1155.4208984375,793,1116.1142578125,65.01902307569166,69.27185386883966,
me_seed1,me,1,leg4_weak,top_k,4,5,661,1158.6689453125,661,1147.0037841796875,100.00000000000001,106.54090232668841,
me_seed1,me,1,leg4_weak,top_k,4,6,504,1079.34375,661,1147.0037841796875,100.00000000000001,106.54090232668841,
me_seed1,me,1,leg4_weak,top_k,4,7,580,1062.059814453125,661,1147.0037841796875,100.00000000000001,106.54090232668841,
me_seed1,me,1,leg4_weak,top_k,4,8,1005,1081.678955078125,661,1147.0037841796875,100.00000000000001,106.54090232668841,
me_seed1,me,1,leg4_weak,top_k,4,9,949,1112.7857666015625,661,1147.0037841796875,100.00000000000001,106.54090232668841,
me_seed1,me,1,leg4_weak,top_k,4,10,180,1102.816650390625,661,1147.0037841796875,100.00000000000001,106.54090232668841,
me_seed1,me,1,leg4_weak,top_k,4,11,448,1080.08349609375,661,1147.0037841796875,100.00000000000001,106.54090232668841,
me_seed1,me,1,leg4_weak,top_k,4,12,49,1082.321533203125,661,1147.0037841796875,100.00000000000001,106.54090232668841,
me_seed1,me,1,leg4_weak,top_k,4,13,684,1078.575927734375,661,1147.0037841796875,100.00000000000001,106.54090232668841,
me_seed1,me,1,leg4_weak,top_k,4,14,254,1070.863525390625,661,1147.0037841796875,100.00000000000001,106.54090232668841,
me_seed1,me,1,leg4_weak,top_k,4,15,614,1060.2490234375,661,1147.0037841796875,100.00000000000001,106.54090232668841,
me_seed1,me,1,leg4_weak,top_k,4,16,197,1088.172119140625,661,1147.0037841796875,100.00000000000001,106.54090232668841,
me_seed1,me,1,leg4_weak,top_k,4,17,770,1108.2578125,661,1147.0037841796875,100.00000000000001,106.54090232668841,
me_seed1,me,1,leg4_weak,top_k,4,18,744,1072.277099609375,661,1147.0037841796875,100.00000000000001,106.54090232668841,
me_seed1,me,1,leg4_weak,top_k,4,19,134,1117.3262939453125,661,1147.0037841796875,100.00000000000001,106.54090232668841,
me_seed1,me,1,leg4_weak,top_k,4,20,784,1117.9295654296875,661,1147.0037841796875,100.00000000000001,106.54090232668841,
me_seed1,me,1,leg4_weak,best_intact,0,1,385,1073.567138671875,385,1083.711181640625,28.324020168524424,30.17666666273913,
me_seed1,me,1,leg4_weak,best_intact,1,1,385,1090.9024658203125,385,1083.711181640625,28.324020168524424,30.17666666273913,
me_seed1,me,1,leg4_weak,best_intact,2,1,385,1080.896240234375,385,1083.711181640625,28.324020168524424,30.17666666273913,
me_seed1,me,1,leg4_weak,best_intact,3,1,385,1094.568115234375,385,1083.711181640625,28.324020168524424,30.17666666273913,
me_seed1,me,1,leg4_weak,best_intact,4,1,385,1082.9677734375,385,1083.711181640625,28.324020168524424,30.17666666273913,
me_seed1,me,1,legs12_paralysed,ite,0,1,385,1055.9010009765625,385,1055.68701171875,-83.90351354291542,-3.6352517977135466,17
me_seed1,me,1,legs12_paralysed,ite,0,2,613,1056.5128173828125,613,1055.750732421875,-82.12906559338857,-3.558371047121771,17
me_seed1,me,1,legs12_paralysed,ite,0,3,407,1060.2890625,407,1060.7119140625,56.026324377243,2.4274286953129898,17
me_seed1,me,1,legs12_paralysed,ite,0,4,878,1053.2457275390625,407,1060.7119140625,56.026324377243,2.4274286953129898,17
me_seed1,me,1,legs12_paralysed,ite,0,5,165,1058.32470703125,407,1060.7119140625,56.026324377243,2.4274286953129898,17
me_seed1,me,1,legs12_paralysed,ite,0,6,552,1050.471923828125,407,1060.7119140625,56.026324377243,2.4274286953129898,17
me_seed1,me,1,legs12_paralysed,ite,0,7,170,1055.1480712890625,407,1060.7119140625,56.026324377243,2.4274286953129898,17
me_seed1,me,1,legs12_paralysed,ite,0,8,143,1046.86328125,407,1060.7119140625,56.026324377243,2.4274286953129898,17
me_seed1,me,1,legs12_paralysed,ite,0,9,646,1055.622314453125,407,1060.7119140625,56.026324377243,2.4274286953129898,17
me_seed1,me,1,legs12_paralysed,ite,0,10,165,1057.266845703125,407,1060.7119140625,56.026324377243,2.4274286953129898,17
me_seed1,me,1,legs12_paralysed,ite,0,11,613,1055.05126953125,407,1060.7119140625,56.026324377243,2.4274286953129898,17
me_seed1,me,1,legs12_paralysed,ite,0,12,385,1057.6473388671875,407,1060.7119140625,56.026324377243,2.4274286953129898,17
me_seed1,me,1,legs12_paralysed,ite,0,13,504,1054.678955078125,407,1060.7119140625,56.026324377243,2.4274286953129898,17
me_seed1,me,1,legs12_paralysed,ite,0,14,407,1062.568603515625,407,1060.7119140625,56.026324377243,2.4274286953129898,17
me_seed1,me,1,legs12_paralysed,ite,0,15,407,1059.4765625,407,1060.7119140625,56.026324377243,2.4274286953129898,17
me_seed1,me,1,legs12_paralysed,ite,0,16,165,1059.1497802734375,407,1060.7119140625,56.026324377243,2.4274286953129898,17
me_seed1,me,1,legs12_paralysed,ite,0,17,613,1056.026611328125,407,1060.7119140625,56.026324377243,2.4274286953129898,17
me_seed1,me,1,legs12_paralysed,ite,0,18,878,1051.4659423828125,407,1060.7119140625,56.026324377243,2.4274286953129898,17
me_seed1,me,1,legs12_paralysed,ite,0,19,407,1061.8074951171875,407,1060.7119140625,56.026324377243,2.4274286953129898,17
me_seed1,me,1,legs12_paralysed,ite,0,20,385,1053.365478515625,407,1060.7119140625,56.026324377243,2.4274286953129898,17
me_seed1,me,1,legs12_paralysed,ite,1,1,385,1055.1513671875,385,1055.68701171875,-83.90351354291542,-3.6352517977135466,13
me_seed1,me,1,legs12_paralysed,ite,1,2,613,1054.1163330078125,385,1055.68701171875,-83.90351354291542,-3.6352517977135466,13
me_seed1,me,1,legs12_paralysed,ite,1,3,407,1059.7315673828125,407,1060.7119140625,56.026324377243,2.4274286953129898,13
me_seed1,me,1,legs12_paralysed,ite,1,4,878,1054.774169921875,407,1060.7119140625,56.026324377243,2.4274286953129898,13
me_seed1,me,1,legs12_paralysed,ite,1,5,165,1058.65185546875,407,1060.7119140625,56.026324377243,2.4274286953129898,13
me_seed1,me,1,legs12_paralysed,ite,1,6,552,1055.0882568359375,407,1060.7119140625,56.026324377243,2.4274286953129898,13
me_seed1,me,1,legs12_paralysed,ite,1,7,143,1046.84326171875,407,1060.7119140625,56.026324377243,2.4274286953129898,13
me_seed1,me,1,legs12_paralysed,ite,1,8,170,1054.679443359375,407,1060.7119140625,56.026324377243,2.4274286953129898,13
me_seed1,me,1,legs12_paralysed,ite,1,9,646,1055.9530029296875,407,1060.7119140625,56.026324377243,2.4274286953129898,13
me_seed1,me,1,legs12_paralysed,ite,1,10,165,1059.3656005859375,407,1060.7119140625,56.026324377243,2.4274286953129898,13
me_seed1,me,1,legs12_paralysed,ite,1,11,385,1053.640625,407,1060.7119140625,56.026324377243,2.4274286953129898,13
me_seed1,me,1,legs12_paralysed,ite,1,12,613,1055.1513671875,407,1060.7119140625,56.026324377243,2.4274286953129898,13
me_seed1,me,1,legs12_paralysed,ite,1,13,407,1064.1568603515625,407,1060.7119140625,56.026324377243,2.4274286953129898,13
me_seed1,me,1,legs12_paralysed,ite,1,14,407,1062.3419189453125,407,1060.7119140625,56.026324377243,2.4274286953129898,13
me_seed1,me,1,legs12_paralysed,ite,1,15,165,1058.73681640625,407,1060.7119140625,56.026324377243,2.4274286953129898,13
me_seed1,me,1,legs12_paralysed,ite,1,16,878,1053.003173828125,407,1060.7119140625,56.026324377243,2.4274286953129898,13
me_seed1,me,1,legs12_paralysed,ite,1,17,407,1058.677734375,407,1060.7119140625,56.026324377243,2.4274286953129898,13
me_seed1,me,1,legs12_paralysed,ite,1,18,504,1060.5577392578125,407,1060.7119140625,56.026324377243,2.4274286953129898,13
me_seed1,me,1,legs12_paralysed,ite,1,19,165,1060.848876953125,407,1060.7119140625,56.026324377243,2.4274286953129898,13
me_seed1,me,1,legs12_paralysed,ite,1,20,552,1051.040283203125,407,1060.7119140625,56.026324377243,2.4274286953129898,13
me_seed1,me,1,legs12_paralysed,ite,2,1,385,1055.093017578125,385,1055.68701171875,-83.90351354291542,-3.6352517977135466,18
me_seed1,me,1,legs12_paralysed,ite,2,2,613,1056.21337890625,613,1055.750732421875,-82.12906559338857,-3.558371047121771,18
me_seed1,me,1,legs12_paralysed,ite,2,3,407,1059.5919189453125,407,1060.7119140625,56.026324377243,2.4274286953129898,18
me_seed1,me,1,legs12_paralysed,ite,2,4,878,1050.2242431640625,407,1060.7119140625,56.026324377243,2.4274286953129898,18
me_seed1,me,1,legs12_paralysed,ite,2,5,165,1059.4036865234375,407,1060.7119140625,56.026324377243,2.4274286953129898,18
me_seed1,me,1,legs12_paralysed,ite,2,6,552,1054.4375,407,1060.7119140625,56.026324377243,2.4274286953129898,18
me_seed1,me,1,legs12_paralysed,ite,2,7,170,1055.306640625,407,1060.7119140625,56.026324377243,2.4274286953129898,18
me_seed1,me,1,legs12_paralysed,ite,2,8,143,1045.560791015625,407,1060.7119140625,56.026324377243,2.4274286953129898,18
me_seed1,me,1,legs12_paralysed,ite,2,9,646,1056.22412109375,407,1060.7119140625,56.026324377243,2.4274286953129898,18
me_seed1,me,1,legs12_paralysed,ite,2,10,165,1060.4742431640625,165,1058.7998046875,2.779288589142683,0.12041705303411325,18
me_seed1,me,1,legs12_paralysed,ite,2,11,613,1056.700439453125,165,1058.7998046875,2.779288589142683,0.12041705303411325,18
me_seed1,me,1,legs12_paralysed,ite,2,12,385,1054.389892578125,165,1058.7998046875,2.779288589142683,0.12041705303411325,18
me_seed1,me,1,legs12_paralysed,ite,2,13,165,1060.733642578125,165,1058.7998046875,2.779288589142683,0.12041705303411325,18
me_seed1,me,1,legs12_paralysed,ite,2,14,407,1062.45263671875,407,1060.7119140625,56.026324377243,2.4274286953129898,18
me_seed1,me,1,legs12_paralysed,ite,2,15,504,1055.9180908203125,407,1060.7119140625,56.026324377243,2.4274286953129898,18
me_seed1,me,1,legs12_paralysed,ite,2,16,407,1057.5750732421875,407,1060.7119140625,56.026324377243,2.4274286953129898,18
me_seed1,me,1,legs12_paralysed,ite,2,17,613,1053.724609375,407,1060.7119140625,56.026324377243,2.4274286953129898,18
me_seed1,me,1,legs12_paralysed,ite,2,18,165,1057.1904296875,407,1060.7119140625,56.026324377243,2.4274286953129898,18
me_seed1,me,1,legs12_paralysed,ite,2,19,165,1057.427978515625,407,1060.7119140625,56.026324377243,2.4274286953129898,18
me_seed1,me,1,legs12_paralysed,ite,2,20,407,1059.4512939453125,407,1060.7119140625,56.026324377243,2.4274286953129898,18
me_seed1,me,1,legs12_paralysed,ite,3,1,385,1056.4173583984375,385,1055.68701171875,-83.90351354291542,-3.6352517977135466,
me_seed1,me,1,legs12_paralysed,ite,3,2,613,1055.6539306640625,385,1055.68701171875,-83.90351354291542,-3.6352517977135466,
me_seed1,me,1,legs12_paralysed,ite,3,3,407,1060.8963623046875,407,1060.7119140625,56.026324377243,2.4274286953129898,
me_seed1,me,1,legs12_paralysed,ite,3,4,878,1052.001708984375,407,1060.7119140625,56.026324377243,2.4274286953129898,
me_seed1,me,1,legs12_paralysed,ite,3,5,165,1056.564208984375,407,1060.7119140625,56.026324377243,2.4274286953129898,
me_seed1,me,1,legs12_paralysed,ite,3,6,552,1051.596923828125,407,1060.7119140625,56.026324377243,2.4274286953129898,
me_seed1,me,1,legs12_paralysed,ite,3,7,170,1054.106201171875,407,1060.7119140625,56.026324377243,2.4274286953129898,
me_seed1,me,1,legs12_paralysed,ite,3,8,143,1046.731689453125,407,1060.7119140625,56.026324377243,2.4274286953129898,
me_seed1,me,1,legs12_paralysed,ite,3,9,646,1055.401123046875,407,1060.7119140625,56.026324377243,2.4274286953129898,
me_seed1,me,1,legs12_paralysed,ite,3,10,385,1057.5164794921875,407,1060.7119140625,56.026324377243,2.4274286953129898,
me_seed1,me,1,legs12_paralysed,ite,3,11,613,1055.5125732421875,407,1060.7119140625,56.026324377243,2.4274286953129898,
me_seed1,me,1,legs12_paralysed,ite,3,12,165,1060.2850341796875,407,1060.7119140625,56.026324377243,2.4274286953129898,
me_seed1,me,1,legs12_paralysed,ite,3,13,407,1060.9755859375,407,1060.7119140625,56.026324377243,2.4274286953129898,
me_seed1,me,1,legs12_paralysed,ite,3,14,504,1055.92529296875,407,1060.7119140625,56.026324377243,2.4274286953129898,
me_seed1,me,1,legs12_paralysed,ite,3,15,165,1061.67333984375,165,1058.7998046875,2.779288589142683,0.12041705303411325,
me_seed1,me,1,legs12_paralysed,ite,3,16,407,1060.732421875,165,1058.7998046875,2.779288589142683,0.12041705303411325,
me_seed1,me,1,legs12_paralysed,ite,3,17,165,1058.58740234375,165,1058.7998046875,2.779288589142683,0.12041705303411325,
me_seed1,me,1,legs12_paralysed,ite,3,18,613,1055.879638671875,165,1058.7998046875,2.779288589142683,0.12041705303411325,
me_seed1,me,1,legs12_paralysed,ite,3,19,385,1054.431396484375,165,1058.7998046875,2.779288589142683,0.12041705303411325,
me_seed1,me,1,legs12_paralysed,ite,3,20,407,1061.7413330078125,407,1060.7119140625,56.026324377243,2.4274286953129898,
me_seed1,me,1,legs12_paralysed,ite,4,1,385,1055.202880859375,385,1055.68701171875,-83.90351354291542,-3.6352517977135466,17
me_seed1,me,1,legs12_paralysed,ite,4,2,613,1054.38330078125,385,1055.68701171875,-83.90351354291542,-3.6352517977135466,17
me_seed1,me,1,legs12_paralysed,ite,4,3,407,1062.68212890625,407,1060.7119140625,56.026324377243,2.4274286953129898,17
me_seed1,me,1,legs12_paralysed,ite,4,4,878,1052.5048828125,407,1060.7119140625,56.026324377243,2.4274286953129898,17
me_seed1,me,1,legs12_paralysed,ite,4,5,165,1060.5706787109375,407,1060.7119140625,56.026324377243,2.4274286953129898,17
me_seed1,me,1,legs12_paralysed,ite,4,6,552,1053.5487060546875,407,1060.7119140625,56.026324377243,2.4274286953129898,17
me_seed1,me,1,legs12_paralysed,ite,4,7,170,1055.7327880859375,407,1060.7119140625,56.026324377243,2.4274286953129898,17
me_seed1,me,1,legs12_paralysed,ite,4,8,143,1046.078857421875,407,1060.7119140625,56.026324377243,2.4274286953129898,17
me_seed1,me,1,legs12_paralysed,ite,4,9,646,1055.925537109375,407,1060.7119140625,56.026324377243,2.4274286953129898,17
me_seed1,me,1,legs12_paralysed,ite,4,10,165,1059.50048828125,407,1060.7119140625,56.026324377243,2.4274286953129898,17
me_seed1,me,1,legs12_paralysed,ite,4,11,385,1057.12841796875,407,1060.7119140625,56.026324377243,2.4274286953129898,17
me_seed1,me,1,legs12_paralysed,ite,4,12,613,1055.7021484375,407,1060.7119140625,56.026324377243,2.4274286953129898,17
me_seed1,me,1,legs12_paralysed,ite,4,13,407,1057.932373046875,407,1060.7119140625,56.026324377243,2.4274286953129898,17
me_seed1,me,1,legs12_paralysed,ite,4,14,165,1058.5693359375,407,1060.7119140625,56.026324377243,2.4274286953129898,17
me_seed1,me,1,legs12_paralysed,ite,4,15,504,1055.252685546875,407,1060.7119140625,56.026324377243,2.4274286953129898,17
me_seed1,me,1,legs12_paralysed,ite,4,16,407,1060.958251953125,407,1060.7119140625,56.026324377243,2.4274286953129898,17
me_seed1,me,1,legs12_paralysed,ite,4,17,165,1058.5028076171875,407,1060.7119140625,56.026324377243,2.4274286953129898,17
me_seed1,me,1,legs12_paralysed,ite,4,18,613,1056.180908203125,407,1060.7119140625,56.026324377243,2.4274286953129898,17
me_seed1,me,1,legs12_paralysed,ite,4,19,407,1062.40185546875,407,1060.7119140625,56.026324377243,2.4274286953129898,17
me_seed1,me,1,legs12_paralysed,ite,4,20,878,1051.960205078125,407,1060.7119140625,56.026324377243,2.4274286953129898,17
me_seed1,me,1,legs12_paralysed,top_k,0,1,385,1053.452880859375,385,1055.68701171875,-83.90351354291542,-3.6352517977135466,
me_seed1,me,1,legs12_paralysed,top_k,0,2,170,1059.66455078125,170,1056.2833251953125,-67.29780811487213,-2.9157834708154167,
me_seed1,me,1,legs12_paralysed,top_k,0,3,769,1053.393310546875,170,1056.2833251953125,-67.29780811487213,-2.9157834708154167,
me_seed1,me,1,legs12_paralysed,top_k,0,4,793,1055.587158203125,170,1056.2833251953125,-67.29780811487213,-2.9157834708154167,
me_seed1,me,1,legs12_paralysed,top_k,0,5,661,1057.375,170,1056.2833251953125,-67.29780811487213,-2.9157834708154167,
me_seed1,me,1,legs12_paralysed,top_k,0,6,504,1054.1981201171875,170,1056.2833251953125,-67.29780811487213,-2.9157834708154167,
me_seed1,me,1,legs12_paralysed,top_k,0,7,580,1057.24169921875,170,1056.2833251953125,-67.29780811487213,-2.9157834708154167,
me_seed1,me,1,legs12_paralysed,top_k,0,8,1005,1056.537109375,170,1056.2833251953125,-67.29780811487213,-2.9157834708154167,
me_seed1,me,1,legs12_paralysed,top_k,0,9,949,1052.43359375,170,1056.2833251953125,-67.29780811487213,-2.9157834708154167,
me_seed1,me,1,legs12_paralysed,top_k,0,10,180,1054.02783203125,170,1056.2833251953125,-67.29780811487213,-2.9157834708154167,
me_seed1,me,1,legs12_paralysed,top_k,0,11,448,1056.385986328125,170,1056.2833251953125,-67.29780811487213,-2.9157834708154167,
me_seed1,me,1,legs12_paralysed,top_k,0,12,49,1054.41748046875,170,1056.2833251953125,-67.29780811487213,-2.9157834708154167,
me_seed1,me,1,legs12_paralysed,top_k,0,13,684,1057.243408203125,170,1056.2833251953125,-67.29780811487213,-2.9157834708154167,
me_seed1,me,1,legs12_paralysed,top_k,0,14,254,1060.8748779296875,254,1059.5242919921875,22.95428586968248,0.9945305679042059,
me_seed1,me,1,legs12_paralysed,top_k,0,15,614,1056.9649658203125,254,1059.5242919921875,22.95428586968248,0.9945305679042059,
me_seed1,me,1,legs12_paralysed,top_k,0,16,197,1056.97705078125,254,1059.5242919921875,22.95428586968248,0.9945305679042059,
me_seed1,me,1,legs12_paralysed,top_k,0,17,770,1053.550048828125,254,1059.5242919921875,22.95428586968248,0.9945305679042059,
me_seed1,me,1,legs12_paralysed,top_k,0,18,744,1057.0830078125,254,1059.5242919921875,22.95428586968248,0.9945305679042059,
me_seed1,me,1,legs12_paralysed,top_k,0,19,134,1054.134521484375,254,1059.5242919921875,22.95428586968248,0.9945305679042059,
me_seed1,me,1,legs12_paralysed,top_k,0,20,784,1059.6236572265625,254,1059.5242919921875,22.95428586968248,0.9945305679042059,
me_seed1,me,1,legs12_paralysed,top_k,1,1,385,1054.1812744140625,385,1055.68701171875,-83.90351354291542,-3.6352517977135466,
me_seed1,me,1,legs12_paralysed,top_k,1,2,170,1055.3582763671875,170,1056.2833251953125,-67.29780811487213,-2.9157834708154167,
me_seed1,me,1,legs12_paralysed,top_k,1,3,769,1053.728271484375,170,1056.2833251953125,-67.29780811487213,-2.9157834708154167,
me_seed1,me,1,legs12_paralysed,top_k,1,4,793,1054.82177734375,170,1056.2833251953125,-67.29780811487213,-2.9157834708154167,
me_seed1,me,1,legs12_paralysed,top_k,1,5,661,1053.430908203125,170,1056.2833251953125,-67.29780811487213,-2.9157834708154167,
me_seed1,me,1,legs12_paralysed,top_k,1,6,504,1057.29736328125,504,1055.44677734375,-90.59338627216601,-3.925101064312425,
me_seed1,me,1,legs12_paralysed,top_k,1,7,580,1055.64697265625,504,1055.44677734375,-90.59338627216601,-3.925101064312425,
me_seed1,me,1,legs12_paralysed,top_k,1,8,1005,1057.313232421875,1005,1055.9766845703125,-75.8369139562733,-3.2857536728969117,
me_seed1,me,1,legs12_paralysed,top_k,1,9,949,1058.52001953125,949,1054.82763671875,-107.83476558251107,-4.672110962782704,
me_seed1,me,1,legs12_paralysed,top_k,1,10,180,1055.6219482421875,949,1054.82763671875,-107.83476558251107,-4.672110962782704,
me_seed1,me,1,legs12_paralysed,top_k,1,11,448,1058.087646484375,949,1054.82763671875,-107.83476558251107,-4.672110962782704,
me_seed1,me,1,legs12_paralysed,top_k,1,12,49,1055.802001953125,949,1054.82763671875,-107.83476558251107,-4.672110962782704,
me_seed1,me,1,legs12_paralysed,top_k,1,13,684,1058.8583984375,684,1058.052734375,-18.024583922551262,-0.7809434711453251,
me_seed1,me,1,legs12_paralysed,top_k,1,14,254,1062.06005859375,254,1059.5242919921875,22.95428586968248,0.9945305679042059,
me_seed1,me,1,legs12_paralysed,top_k,1,15,614,1055.109375,254,1059.5242919921875,22.95428586968248,0.9945305679042059,
me_seed1,me,1,legs12_paralysed,top_k,1,16,197,1056.918701171875,254,1059.5242919921875,22.95428586968248,0.9945305679042059,
me_seed1,me,1,legs12_paralysed,top_k,1,17,770,1054.4771728515625,254,1059.5242919921875,22.95428586968248,0.9945305679042059,
me_seed1,me,1,legs12_paralysed,top_k,1,18,744,1058.50244140625,254,1059.5242919921875,22.95428586968248,0.9945305679042059,
me_seed1,me,1,legs12_paralysed,top_k,1,19,134,1055.4560546875,254,1059.5242919921875,22.95428586968248,0.9945305679042059,
me_seed1,me,1,legs12_paralysed,top_k,1,20,784,1056.035888671875,254,1059.5242919921875,22.95428586968248,0.9945305679042059,
me_seed1,me,1,legs12_paralysed,top_k,2,1,385,1058.4013671875,385,1055.68701171875,-83.90351354291542,-3.6352517977135466,
me_seed1,me,1,legs12_paralysed,top_k,2,2,170,1056.85693359375,385,1055.68701171875,-83.90351354291542,-3.6352517977135466,
me_seed1,me,1,legs12_paralysed,top_k,2,3,769,1054.703369140625,385,1055.68701171875,-83.90351354291542,-3.6352517977135466,
me_seed1,me,1,legs12_paralysed,top_k,2,4,793,1053.454345703125,385,1055.68701171875,-83.90351354291542,-3.6352517977135466,
me_seed1,me,1,legs12_paralysed,top_k,2,5,661,1054.5732421875,385,1055.68701171875,-83.90351354291542,-3.6352517977135466,
me_seed1,me,1,legs12_paralysed,top_k,2,6,504,1058.6942138671875,504,1055.44677734375,-90.59338627216601,-3.925101064312425,
me_seed1,me,1,legs12_paralysed,top_k,2,7,580,1057.019775390625,504,1055.44677734375,-90.59338627216601,-3.925101064312425,
me_seed1,me,1,legs12_paralysed,top_k,2,8,1005,1056.799560546875,504,1055.44677734375,-90.59338627216601,-3.925101064312425,
me_seed1,me,1,legs12_paralysed,top_k,2,9,949,1056.653076171875,504,1055.44677734375,-90.59338627216601,-3.925101064312425,
me_seed1,me,1,legs12_paralysed,top_k,2,10,180,1054.6240234375,504,1055.44677734375,-90.59338627216601,-3.925101064312425,
me_seed1,me,1,legs12_paralysed,top_k,2,11,448,1053.40869140625,504,1055.44677734375,-90.59338627216601,-3.925101064312425,
me_seed1,me,1,legs12_paralysed,top_k,2,12,49,1055.5269775390625,504,1055.44677734375,-90.59338627216601,-3.925101064312425,
me_seed1,me,1,legs12_paralysed,top_k,2,13,684,1058.294921875,504,1055.44677734375,-90.59338627216601,-3.925101064312425,
me_seed1,me,1,legs12_paralysed,top_k,2,14,254,1061.668701171875,254,1059.5242919921875,22.95428586968248,0.9945305679042059,
me_seed1,me,1,legs12_paralysed,top_k,2,15,614,1058.5155029296875,254,1059.5242919921875,22.95428586968248,0.9945305679042059,
me_seed1,me,1,legs12_paralysed,top_k,2,16,197,1055.6142578125,254,1059.5242919921875,22.95428586968248,0.9945305679042059,
me_seed1,me,1,legs12_paralysed,top_k,2,17,770,1056.255859375,254,1059.5242919921875,22.95428586968248,0.9945305679042059,
me_seed1,me,1,legs12_paralysed,top_k,2,18,744,1055.0145263671875,254,1059.5242919921875,22.95428586968248,0.9945305679042059,
me_seed1,me,1,legs12_paralysed,top_k,2,19,134,1056.377685546875,254,1059.5242919921875,22.95428586968248,0.9945305679042059,
me_seed1,me,1,legs12_paralysed,top_k,2,20,784,1060.04296875,254,1059.5242919921875,22.95428586968248,0.9945305679042059,
me_seed1,me,1,legs12_paralysed,top_k,3,1,385,1057.221435546875,385,1055.68701171875,-83.90351354291542,-3.6352517977135466,
me_seed1,me,1,legs12_paralysed,top_k,3,2,170,1054.702392578125,385,1055.68701171875,-83.90351354291542,-3.6352517977135466,
me_seed1,me,1,legs12_paralysed,top_k,3,3,769,1051.90771484375,385,1055.68701171875,-83.90351354291542,-3.6352517977135466,
me_seed1,me,1,legs12_paralysed,top_k,3,4,793,1057.17529296875,385,1055.68701171875,-83.90351354291542,-3.6352517977135466,
me_seed1,me,1,legs12_paralysed,top_k,3,5,661,1052.3642578125,385,1055.68701171875,-83.90351354291542,-3.6352517977135466,
me_seed1,me,1,legs12_paralysed,top_k,3,6,504,1055.053955078125,385,1055.68701171875,-83.90351354291542,-3.6352517977135466,
me_seed1,me,1,legs12_paralysed,top_k,3,7,580,1057.551513671875,580,1056.74072265625,-54.5605351898203,-2.3639210714526135,
me_seed1,me,1,legs12_paralysed,top_k,3,8,1005,1054.449951171875,580,1056.74072265625,-54.5605351898203,-2.3639210714526135,
me_seed1,me,1,legs12_paralysed,top_k,3,9,949,1053.5809326171875,580,1056.74072265625,-54.5605351898203,-2.3639210714526135,
me_seed1,me,1,legs12_paralysed,top_k,3,10,180,1054.218017578125,580,1056.74072265625,-54.5605351898203,-2.3639210714526135,
me_seed1,me,1,legs12_paralysed,top_k,3,11,448,1057.514892578125,580,1056.74072265625,-54.5605351898203,-2.3639210714526135,
me_seed1,me,1,legs12_paralysed,top_k,3,12,49,1054.580322265625,580,1056.74072265625,-54.5605351898203,-2.3639210714526135,
me_seed1,me,1,legs12_paralysed,top_k,3,13,684,1054.9659423828125,580,1056.74072265625,-54.5605351898203,-2.3639210714526135,
me_seed1,me,1,legs12_paralysed,top_k,3,14,254,1056.562255859375,580,1056.74072265625,-54.5605351898203,-2.3639210714526135,
me_seed1,me,1,legs12_paralysed,top_k,3,15,614,1055.1795654296875,580,1056.74072265625,-54.5605351898203,-2.3639210714526135,
me_seed1,me,1,legs12_paralysed,top_k,3,16,197,1061.3812255859375,197,1059.0006103515625,8.37117915805388,0.3626945141901878,
me_seed1,me,1,legs12_paralysed,top_k,3,17,770,1056.678955078125,197,1059.0006103515625,8.37117915805388,0.3626945141901878,
me_seed1,me,1,legs12_paralysed,top_k,3,18,744,1058.7791748046875,197,1059.0006103515625,8.37117915805388,0.3626945141901878,
me_seed1,me,1,legs12_paralysed,top_k,3,19,134,1053.5372314453125,197,1059.0006103515625,8.37117915805388,0.3626945141901878,
me_seed1,me,1,legs12_paralysed,top_k,3,20,784,1059.3369140625,197,1059.0006103515625,8.37117915805388,0.3626945141901878,
me_seed1,me,1,legs12_paralysed,top_k,4,1,385,1054.8408203125,385,1055.68701171875,-83.90351354291542,-3.6352517977135466,
me_seed1,me,1,legs12_paralysed,top_k,4,2,170,1053.7833251953125,385,1055.68701171875,-83.90351354291542,-3.6352517977135466,
me_seed1,me,1,legs12_paralysed,top_k,4,3,769,1056.113525390625,769,1055.2216796875,-96.86174263026464,-4.196687470617471,
me_seed1,me,1,legs12_paralysed,top_k,4,4,793,1055.3743896484375,769,1055.2216796875,-96.86174263026464,-4.196687470617471,
me_seed1,me,1,legs12_paralysed,top_k,4,5,661,1053.58154296875,769,1055.2216796875,-96.86174263026464,-4.196687470617471,
me_seed1,me,1,legs12_paralysed,top_k,4,6,504,1057.6763916015625,504,1055.44677734375,-90.59338627216601,-3.925101064312425,
me_seed1,me,1,legs12_paralysed,top_k,4,7,580,1056.2421875,504,1055.44677734375,-90.59338627216601,-3.925101064312425,
me_seed1,me,1,legs12_paralysed,top_k,4,8,1005,1054.65966796875,504,1055.44677734375,-90.59338627216601,-3.925101064312425,
me_seed1,me,1,legs12_paralysed,top_k,4,9,949,1055.866943359375,504,1055.44677734375,-90.59338627216601,-3.925101064312425,
me_seed1,me,1,legs12_paralysed,top_k,4,10,180,1054.8311767578125,504,1055.44677734375,-90.59338627216601,-3.925101064312425,
me_seed1,me,1,legs12_paralysed,top_k,4,11,448,1055.6143798828125,504,1055.44677734375,-90.59338627216601,-3.925101064312425,
me_seed1,me,1,legs12_paralysed,top_k,4,12,49,1054.4169921875,504,1055.44677734375,-90.59338627216601,-3.925101064312425,
me_seed1,me,1,legs12_paralysed,top_k,4,13,684,1054.202880859375,504,1055.44677734375,-90.59338627216601,-3.925101064312425,
me_seed1,me,1,legs12_paralysed,top_k,4,14,254,1060.0927734375,254,1059.5242919921875,22.95428586968248,0.9945305679042059,
me_seed1,me,1,legs12_paralysed,top_k,4,15,614,1056.505126953125,254,1059.5242919921875,22.95428586968248,0.9945305679042059,
me_seed1,me,1,legs12_paralysed,top_k,4,16,197,1057.8865966796875,254,1059.5242919921875,22.95428586968248,0.9945305679042059,
me_seed1,me,1,legs12_paralysed,top_k,4,17,770,1055.76513671875,254,1059.5242919921875,22.95428586968248,0.9945305679042059,
me_seed1,me,1,legs12_paralysed,top_k,4,18,744,1058.296142578125,254,1059.5242919921875,22.95428586968248,0.9945305679042059,
me_seed1,me,1,legs12_paralysed,top_k,4,19,134,1056.661865234375,254,1059.5242919921875,22.95428586968248,0.9945305679042059,
me_seed1,me,1,legs12_paralysed,top_k,4,20,784,1057.6712646484375,254,1059.5242919921875,22.95428586968248,0.9945305679042059,
me_seed1,me,1,legs12_paralysed,best_intact,0,1,385,1058.014404296875,385,1055.68701171875,-83.90351354291542,-3.6352517977135466,
me_seed1,me,1,legs12_paralysed,best_intact,1,1,385,1054.06201171875,385,1055.68701171875,-83.90351354291542,-3.6352517977135466,
me_seed1,me,1,legs12_paralysed,best_intact,2,1,385,1054.12841796875,385,1055.68701171875,-83.90351354291542,-3.6352517977135466,
me_seed1,me,1,legs12_paralysed,best_intact,3,1,385,1056.39306640625,385,1055.68701171875,-83.90351354291542,-3.6352517977135466,
me_seed1,me,1,legs12_paralysed,best_intact,4,1,385,1054.8572998046875,385,1055.68701171875,-83.90351354291542,-3.6352517977135466,
me_seed1,me,1,legs14_paralysed,ite,0,1,385,1049.8839111328125,385,1053.1376953125,-96.48869445162211,-6.711070945910179,
me_seed1,me,1,legs14_paralysed,ite,0,2,613,1047.915771484375,385,1053.1376953125,-96.48869445162211,-6.711070945910179,
me_seed1,me,1,legs14_paralysed,ite,0,3,407,1061.3914794921875,407,1060.1207275390625,24.64520610020989,1.714146175933738,
me_seed1,me,1,legs14_paralysed,ite,0,4,878,1054.0592041015625,407,1060.1207275390625,24.64520610020989,1.714146175933738,
me_seed1,me,1,legs14_paralysed,ite,0,5,165,1059.3282470703125,407,1060.1207275390625,24.64520610020989,1.714146175933738,
me_seed1,me,1,legs14_paralysed,ite,0,6,552,1059.1077880859375,407,1060.1207275390625,24.64520610020989,1.714146175933738,
me_seed1,me,1,legs14_paralysed,ite,0,7,143,1046.2108154296875,407,1060.1207275390625,24.64520610020989,1.714146175933738,
me_seed1,me,1,legs14_paralysed,ite,0,8,170,1055.7821044921875,407,1060.1207275390625,24.64520610020989,1.714146175933738,
me_seed1,me,1,legs14_paralysed,ite,0,9,165,1061.619140625,165,1062.2313232421875,61.25748021158434,4.260636937872054,
me_seed1,me,1,legs14_paralysed,ite,0,10,646,1054.175537109375,165,1062.2313232421875,61.25748021158434,4.260636937872054,
me_seed1,me,1,legs14_paralysed,ite,0,11,407,1060.588134765625,165,1062.2313232421875,61.25748021158434,4.260636937872054,
me_seed1,me,1,legs14_paralysed,ite,0,12,504,1046.87255859375,165,1062.2313232421875,61.25748021158434,4.260636937872054,
me_seed1,me,1,legs14_paralysed,ite,0,13,165,1056.99755859375,165,1062.2313232421875,61.25748021158434,4.260636937872054,
me_seed1,me,1,legs14_paralysed,ite,0,14,552,1059.855224609375,165,1062.2313232421875,61.25748021158434,4.260636937872054,
me_seed1,me,1,legs14_paralysed,ite,0,15,407,1061.63037109375,407,1060.1207275390625,24.64520610020989,1.714146175933738,
me_seed1,me,1,legs14_paralysed,ite,0,16,878,1055.0361328125,407,1060.1207275390625,24.64520610020989,1.714146175933738,
me_seed1,me,1,legs14_paralysed,ite,0,17,407,1059.9923095703125,407,1060.1207275390625,24.64520610020989,1.714146175933738,
me_seed1,me,1,legs14_paralysed,ite,0,18,613,1051.701171875,407,1060.1207275390625,24.64520610020989,1.714146175933738,
me_seed1,me,1,legs14_paralysed,ite,0,19,165,1058.250244140625,407,1060.1207275390625,24.64520610020989,1.714146175933738,
me_seed1,me,1,legs14_paralysed,ite,0,20,552,1056.089599609375,407,1060.1207275390625,24.64520610020989,1.714146175933738,
me_seed1,me,1,legs14_paralysed,ite,1,1,385,1051.494384765625,385,1053.1376953125,-96.48869445162211,-6.711070945910179,18
me_seed1,me,1,legs14_paralysed,ite,1,2,613,1052.566650390625,613,1050.31591796875,-145.4377591340126,-10.115621579395784,18
me_seed1,me,1,legs14_paralysed,ite,1,3,407,1061.22265625,407,1060.1207275390625,24.64520610020989,1.714146175933738,18
me_seed1,me,1,legs14_paralysed,ite,1,4,878,1054.2669677734375,407,1060.1207275390625,24.64520610020989,1.714146175933738,18
me_seed1,me,1,legs14_paralysed,ite,1,5,165,1060.396728515625,407,1060.1207275390625,24.64520610020989,1.714146175933738,18
me_seed1,me,1,legs14_paralysed,ite,1,6,552,1060.8538818359375,407,1060.1207275390625,24.64520610020989,1.714146175933738,18
me_seed1,me,1,legs14_paralysed,ite,1,7,143,1046.855224609375,407,1060.1207275390625,24.64520610020989,1.714146175933738,18
me_seed1,me,1,legs14_paralysed,ite,1,8,170,1054.845947265625,407,1060.1207275390625,24.64520610020989,1.714146175933738,18
me_seed1,me,1,legs14_paralysed,ite,1,9,646,1049.409912109375,407,1060.1207275390625,24.64520610020989,1.714146175933738,18
me_seed1,me,1,legs14_paralysed,ite,1,10,165,1062.3319091796875,165,1062.2313232421875,61.25748021158434,4.260636937872054,18
me_seed1,me,1,legs14_paralysed,ite,1,11,407,1060.2840576171875,165,1062.2313232421875,61.25748021158434,4.260636937872054,18
me_seed1,me,1,legs14_paralysed,ite,1,12,165,1063.5458984375,165,1062.2313232421875,61.25748021158434,4.260636937872054,18
me_seed1,me,1,legs14_paralysed,ite,1,13,504,1046.328857421875,165,1062.2313232421875,61.25748021158434,4.260636937872054,18
me_seed1,me,1,legs14_paralysed,ite,1,14,552,1055.9326171875,165,1062.2313232421875,61.25748021158434,4.260636937872054,18
me_seed1,me,1,legs14_paralysed,ite,1,15,165,1060.134521484375,165,1062.2313232421875,61.25748021158434,4.260636937872054,18
me_seed1,me,1,legs14_paralysed,ite,1,16,613,1052.602294921875,165,1062.2313232421875,61.25748021158434,4.260636937872054,18
me_seed1,me,1,legs14_paralysed,ite,1,17,407,1061.8421630859375,165,1062.2313232421875,61.25748021158434,4.260636937872054,18
me_seed1,me,1,legs14_paralysed,ite,1,18,165,1063.791259765625,165,1062.2313232421875,61.25748021158434,4.260636937872054,18
me_seed1,me,1,legs14_paralysed,ite,1,19,165,1063.7005615234375,165,1062.2313232421875,61.25748021158434,4.260636937872054,18
me_seed1,me,1,legs14_paralysed,ite,1,20,878,1056.21630859375,165,1062.2313232421875,61.25748021158434,4.260636937872054,18
me_seed1,me,1,legs14_paralysed,ite,2,1,385,1053.692626953125,385,1053.1376953125,-96.48869445162211,-6.711070945910179,
me_seed1,me,1,legs14_paralysed,ite,2,2,613,1051.06494140625,385,1053.1376953125,-96.48869445162211,-6.711070945910179,
me_seed1,me,1,legs14_paralysed,ite,2,3,407,1060.223876953125,407,1060.1207275390625,24.64520610020989,1.714146175933738,
me_seed1,me,1,legs14_paralysed,ite,2,4,878,1055.826416015625,407,1060.1207275390625,24.64520610020989,1.714146175933738,
me_seed1,me,1,legs14_paralysed,ite,2,5,165,1063.277099609375,165,1062.2313232421875,61.25748021158434,4.260636937872054,
me_seed1,me,1,legs14_paralysed,ite,2,6,552,1054.767822265625,165,1062.2313232421875,61.25748021158434,4.260636937872054,
me_seed1,me,1,legs14_paralysed,ite,2,7,143,1046.5416259765625,165,1062.2313232421875,61.25748021158434,4.260636937872054,
me_seed1,me,1,legs14_paralysed,ite,2,8,170,1054.1973876953125,165,1062.2313232421875,61.25748021158434,4.260636937872054,
me_seed1,me,1,legs14_paralysed,ite,2,9,165,1062.379638671875,165,1062.2313232421875,61.25748021158434,4.260636937872054,
me_seed1,me,1,legs14_paralysed,ite,2,10,646,1052.2362060546875,165,1062.2313232421875,61.25748021158434,4.260636937872054,
me_seed1,me,1,legs14_paralysed,ite,2,11,165,1063.2403564453125,165,1062.2313232421875,61.25748021158434,4.260636937872054,
me_seed1,me,1,legs14_paralysed,ite,2,12,385,1054.115478515625,165,1062.2313232421875,61.25748021158434,4.260636937872054,
me_seed1,me,1,legs14_paralysed,ite,2,13,165,1062.26611328125,165,1062.2313232421875,61.25748021158434,4.260636937872054,
me_seed1,me,1,legs14_paralysed,ite,2,14,407,1060.5872802734375,165,1062.2313232421875,61.25748021158434,4.260636937872054,
me_seed1,me,1,legs14_paralysed,ite,2,15,165,1061.6282958984375,165,1062.2313232421875,61.25748021158434,4.260636937872054,
me_seed1,me,1,legs14_paralysed,ite,2,16,878,1055.271728515625,165,1062.2313232421875,61.25748021158434,4.260636937872054,
me_seed1,me,1,legs14_paralysed,ite,2,17,165,1059.90478515625,165,1062.2313232421875,61.25748021158434,4.260636937872054,
me_seed1,me,1,legs14_paralysed,ite,2,18,613,1051.653564453125,165,1062.2313232421875,61.25748021158434,4.260636937872054,
me_seed1,me,1,legs14_paralysed,ite,2,19,504,1048.5162353515625,165,1062.2313232421875,61.25748021158434,4.260636937872054,
me_seed1,me,1,legs14_paralysed,ite,2,20,407,1060.397216796875,165,1062.2313232421875,61.25748021158434,4.260636937872054,
me_seed1,me,1,legs14_paralysed,ite,3,1,385,1049.958251953125,385,1053.1376953125,-96.48869445162211,-6.711070945910179,17
me_seed1,me,1,legs14_paralysed,ite,3,2,613,1048.3023681640625,385,1053.1376953125,-96.48869445162211,-6.711070945910179,17
me_seed1,me,1,legs14_paralysed,ite,3,3,407,1059.0123291015625,407,1060.1207275390625,24.64520610020989,1.714146175933738,17
me_seed1,me,1,legs14_paralysed,ite,3,4,878,1055.619384765625,407,1060.1207275390625,24.64520610020989,1.714146175933738,17
me_seed1,me,1,legs14_paralysed,ite,3,5,165,1060.004638671875,165,1062.2313232421875,61.25748021158434,4.260636937872054,17
me_seed1,me,1,legs14_paralysed,ite,3,6,552,1052.038330078125,165,1062.2313232421875,61.25748021158434,4.260636937872054,17
me_seed1,me,1,legs14_paralysed,ite,3,7,143,1047.6612548828125,165,1062.2313232421875,61.25748021158434,4.260636937872054,17
me_seed1,me,1,legs14_paralysed,ite,3,8,170,1053.984130859375,165,1062.2313232421875,61.25748021158434,4.260636937872054,17
me_seed1,me,1,legs14_paralysed,ite,3,9,165,1062.645263671875,165,1062.2313232421875,61.25748021158434,4.260636937872054,17
me_seed1,me,1,legs14_paralysed,ite,3,10,646,1050.863037109375,165,1062.2313232421875,61.25748021158434,4.260636937872054,17
me_seed1,me,1,legs14_paralysed,ite,3,11,165,1063.3211669921875,165,1062.2313232421875,61.25748021158434,4.260636937872054,17
me_seed1,me,1,legs14_paralysed,ite,3,12,165,1060.9195556640625,165,1062.2313232421875,61.25748021158434,4.260636937872054,17
me_seed1,me,1,legs14_paralysed,ite,3,13,504,1052.84765625,165,1062.2313232421875,61.25748021158434,4.260636937872054,17
me_seed1,me,1,legs14_paralysed,ite,3,14,878,1056.9478759765625,165,1062.2313232421875,61.25748021158434,4.260636937872054,17
me_seed1,me,1,legs14_paralysed,ite,3,15,407,1060.45849609375,165,1062.2313232421875,61.25748021158434,4.260636937872054,17
me_seed1,me,1,legs14_paralysed,ite,3,16,165,1063.351806640625,165,1062.2313232421875,61.25748021158434,4.260636937872054,17
me_seed1,me,1,legs14_paralysed,ite,3,17,165,1061.9365234375,165,1062.2313232421875,61.25748021158434,4.260636937872054,17
me_seed1,me,1,legs14_paralysed,ite,3,18,165,1061.804931640625,165,1062.2313232421875,61.25748021158434,4.260636937872054,17
me_seed1,me,1,legs14_paralysed,ite,3,19,165,1062.6513671875,165,1062.2313232421875,61.25748021158434,4.260636937872054,17
me_seed1,me,1,legs14_paralysed,ite,3,20,165,1062.582275390625,165,1062.2313232421875,61.25748021158434,4.260636937872054,17
me_seed1,me,1,legs14_paralysed,ite,4,1,385,1053.6998291015625,385,1053.1376953125,-96.48869445162211,-6.711070945910179,17
me_seed1,me,1,legs14_paralysed,ite,4,2,613,1050.09716796875,385,1053.1376953125,-96.48869445162211,-6.711070945910179,17
me_seed1,me,1,legs14_paralysed,ite,4,3,407,1059.8660888671875,407,1060.1207275390625,24.64520610020989,1.714146175933738,17
me_seed1,me,1,legs14_paralysed,ite,4,4,878,1053.83203125,407,1060.1207275390625,24.64520610020989,1.714146175933738,17
me_seed1,me,1,legs14_paralysed,ite,4,5,165,1062.1168212890625,165,1062.2313232421875,61.25748021158434,4.260636937872054,17
me_seed1,me,1,legs14_paralysed,ite,4,6,552,1055.8682861328125,165,1062.2313232421875,61.25748021158434,4.260636937872054,17
me_seed1,me,1,legs14_paralysed,ite,4,7,143,1044.08447265625,165,1062.2313232421875,61.25748021158434,4.260636937872054,17
me_seed1,me,1,legs14_paralysed,ite,4,8,170,1054.554443359375,165,1062.2313232421875,61.25748021158434,4.260636937872054,17
me_seed1,me,1,legs14_paralysed,ite,4,9,165,1062.71484375,165,1062.2313232421875,61.25748021158434,4.260636937872054,17
me_seed1,me,1,legs14_paralysed,ite,4,10,646,1052.815185546875,165,1062.2313232421875,61.25748021158434,4.260636937872054,17
me_seed1,me,1,legs14_paralysed,ite,4,11,165,1063.0986328125,165,1062.2313232421875,61.25748021158434,4.260636937872054,17
me_seed1,me,1,legs14_paralysed,ite,4,12,504,1048.400390625,165,1062.2313232421875,61.25748021158434,4.260636937872054,17
me_seed1,me,1,legs14_paralysed,ite,4,13,407,1059.19921875,165,1062.2313232421875,61.25748021158434,4.260636937872054,17
me_seed1,me,1,legs14_paralysed,ite,4,14,165,1059.007080078125,165,1062.2313232421875,61.25748021158434,4.260636937872054,17
me_seed1,me,1,legs14_paralysed,ite,4,15,613,1051.6356201171875,165,1062.2313232421875,61.25748021158434,4.260636937872054,17
me_seed1,me,1,legs14_paralysed,ite,4,16,165,1061.602294921875,165,1062.2313232421875,61.25748021158434,4.260636937872054,17
me_seed1,me,1,legs14_paralysed,ite,4,17,165,1061.800048828125,165,1062.2313232421875,61.25748021158434,4.260636937872054,17
me_seed1,me,1,legs14_paralysed,ite,4,18,407,1059.6746826171875,165,1062.2313232421875,61.25748021158434,4.260636937872054,17
me_seed1,me,1,legs14_paralysed,ite,4,19,165,1059.6693115234375,165,1062.2313232421875,61.25748021158434,4.260636937872054,17
me_seed1,me,1,legs14_paralysed,ite,4,20,878,1055.2147216796875,165,1062.2313232421875,61.25748021158434,4.260636937872054,17
me_seed1,me,1,legs14_paralysed,top_k,0,1,385,1052.6666259765625,385,1053.1376953125,-96.48869445162211,-6.711070945910179,
me_seed1,me,1,legs14_paralysed,top_k,0,2,170,1053.892333984375,170,1055.9041748046875,-48.498875586030486,-3.3732386649496218,
me_seed1,me,1,legs14_paralysed,top_k,0,3,769,1055.3974609375,769,1054.3001708984375,-76.32335689450129,-5.308512731570181,
me_seed1,me,1,legs14_paralysed,top_k,0,4,793,1054.316162109375,769,1054.3001708984375,-76.32335689450129,-5.308512731570181,
me_seed1,me,1,legs14_paralysed,top_k,0,5,661,1056.761474609375,661,1058.60986328125,-1.5635918567873066,-0.10875238742719495,
me_seed1,me,1,legs14_paralysed,top_k,0,6,504,1053.83251953125,661,1058.60986328125,-1.5635918567873066,-0.10875238742719495,
me_seed1,me,1,legs14_paralysed,top_k,0,7,580,1054.2774658203125,661,1058.60986328125,-1.5635918567873066,-0.10875238742719495,
me_seed1,me,1,legs14_paralysed,top_k,0,8,1005,1056.531005859375,661,1058.60986328125,-1.5635918567873066,-0.10875238742719495,
me_seed1,me,1,legs14_paralysed,top_k,0,9,949,1055.81884765625,661,1058.60986328125,-1.5635918567873066,-0.10875238742719495,
me_seed1,me,1,legs14_paralysed,top_k,0,10,180,1059.490478515625,180,1056.987060546875,-29.71417439216104,-2.066707748283642,
me_seed1,me,1,legs14_paralysed,top_k,0,11,448,1051.368408203125,180,1056.987060546875,-29.71417439216104,-2.066707748283642,
me_seed1,me,1,legs14_paralysed,top_k,0,12,49,1054.6910400390625,180,1056.987060546875,-29.71417439216104,-2.066707748283642,
me_seed1,me,1,legs14_paralysed,top_k,0,13,684,1057.059814453125,180,1056.987060546875,-29.71417439216104,-2.066707748283642,
me_seed1,me,1,legs14_paralysed,top_k,0,14,254,1061.654296875,254,1060.439697265625,30.17833925538753,2.0989917722868214,
me_seed1,me,1,legs14_paralysed,top_k,0,15,614,1055.504150390625,254,1060.439697265625,30.17833925538753,2.0989917722868214,
me_seed1,me,1,legs14_paralysed,top_k,0,16,197,1064.54345703125,197,1061.2171630859375,43.66495428230158,3.0370252981853256,
me_seed1,me,1,legs14_paralysed,top_k,0,17,770,1054.135009765625,197,1061.2171630859375,43.66495428230158,3.0370252981853256,
me_seed1,me,1,legs14_paralysed,top_k,0,18,744,1054.001953125,197,1061.2171630859375,43.66495428230158,3.0370252981853256,
me_seed1,me,1,legs14_paralysed,top_k,0,19,134,1055.9169921875,197,1061.2171630859375,43.66495428230158,3.0370252981853256,
me_seed1,me,1,legs14_paralysed,top_k,0,20,784,1057.4212646484375,197,1061.2171630859375,43.66495428230158,3.0370252981853256,
me_seed1,me,1,legs14_paralysed,top_k,1,1,385,1054.5732421875,385,1053.1376953125,-96.48869445162211,-6.711070945910179,
me_seed1,me,1,legs14_paralysed,top_k,1,2,170,1055.550048828125,170,1055.9041748046875,-48.498875586030486,-3.3732386649496218,
me_seed1,me,1,legs14_paralysed,top_k,1,3,769,1054.646728515625,170,1055.9041748046875,-48.498875586030486,-3.3732386649496218,
me_seed1,me,1,legs14_paralysed,top_k,1,4,793,1061.190673828125,793,1054.9755859375,-64.60700567077458,-4.493606231523639,
me_seed1,me,1,legs14_paralysed,top_k,1,5,661,1056.88671875,793,1054.9755859375,-64.60700567077458,-4.493606231523639,
me_seed1,me,1,legs14_paralysed,top_k,1,6,504,1050.85693359375,793,1054.9755859375,-64.60700567077458,-4.493606231523639,
me_seed1,me,1,legs14_paralysed,top_k,1,7,580,1054.444091796875,793,1054.9755859375,-64.60700567077458,-4.493606231523639,
me_seed1,me,1,legs14_paralysed,top_k,1,8,1005,1055.14599609375,793,1054.9755859375,-64.60700567077458,-4.493606231523639,
me_seed1,me,1,legs14_paralysed,top_k,1,9,949,1057.3916015625,793,1054.9755859375,-64.60700567077458,-4.493606231523639,
me_seed1,me,1,legs14_paralysed,top_k,1,10,180,1054.940185546875,793,1054.9755859375,-64.60700567077458,-4.493606231523639,
me_seed1,me,1,legs14_paralysed,top_k,1,11,448,1052.5963134765625,793,1054.9755859375,-64.60700567077458,-4.493606231523639,
me_seed1,me,1,legs14_paralysed,top_k,1,12,49,1059.894287109375,793,1054.9755859375,-64.60700567077458,-4.493606231523639,
me_seed1,me,1,legs14_paralysed,top_k,1,13,684,1057.1016845703125,793,1054.9755859375,-64.60700567077458,-4.493606231523639,
me_seed1,me,1,legs14_paralysed,top_k,1,14,254,1060.9505615234375,793,1054.9755859375,-64.60700567077458,-4.493606231523639,
me_seed1,me,1,legs14_paralysed,top_k,1,15,614,1057.220703125,793,1054.9755859375,-64.60700567077458,-4.493606231523639,
me_seed1,me,1,legs14_paralysed,top_k,1,16,197,1063.4478759765625,197,1061.2171630859375,43.66495428230158,3.0370252981853256,
me_seed1,me,1,legs14_paralysed,top_k,1,17,770,1041.9072265625,197,1061.2171630859375,43.66495428230158,3.0370252981853256,
me_seed1,me,1,legs14_paralysed,top_k,1,18,744,1055.487060546875,197,1061.2171630859375,43.66495428230158,3.0370252981853256,
me_seed1,me,1,legs14_paralysed,top_k,1,19,134,1056.565185546875,197,1061.2171630859375,43.66495428230158,3.0370252981853256,
me_seed1,me,1,legs14_paralysed,top_k,1,20,784,1058.901611328125,197,1061.2171630859375,43.66495428230158,3.0370252981853256,
me_seed1,me,1,legs14_paralysed,top_k,2,1,385,1056.0849609375,385,1053.1376953125,-96.48869445162211,-6.711070945910179,
me_seed1,me,1,legs14_paralysed,top_k,2,2,170,1053.192138671875,385,1053.1376953125,-96.48869445162211,-6.711070945910179,
me_seed1,me,1,legs14_paralysed,top_k,2,3,769,1053.685791015625,385,1053.1376953125,-96.48869445162211,-6.711070945910179,
me_seed1,me,1,legs14_paralysed,top_k,2,4,793,1058.48291015625,793,1054.9755859375,-64.60700567077458,-4.493606231523639,
me_seed1,me,1,legs14_paralysed,top_k,2,5,661,1056.0765380859375,793,1054.9755859375,-64.60700567077458,-4.493606231523639,
me_seed1,me,1,legs14_paralysed,top_k,2,6,504,1050.6646728515625,793,1054.9755859375,-64.60700567077458,-4.493606231523639,
me_seed1,me,1,legs14_paralysed,top_k,2,7,580,1051.221923828125,793,1054.9755859375,-64.60700567077458,-4.493606231523639,
me_seed1,me,1,legs14_paralysed,top_k,2,8,1005,1057.382568359375,793,1054.9755859375,-64.60700567077458,-4.493606231523639,
me_seed1,me,1,legs14_paralysed,top_k,2,9,949,1054.6015625,793,1054.9755859375,-64.60700567077458,-4.493606231523639,
me_seed1,me,1,legs14_paralysed,top_k,2,10,180,1059.053955078125,180,1056.987060546875,-29.71417439216104,-2.066707748283642,
me_seed1,me,1,legs14_paralysed,top_k,2,11,448,1052.07177734375,180,1056.987060546875,-29.71417439216104,-2.066707748283642,
me_seed1,me,1,legs14_paralysed,top_k,2,12,49,1058.2274169921875,180,1056.987060546875,-29.71417439216104,-2.066707748283642,
me_seed1,me,1,legs14_paralysed,top_k,2,13,684,1058.8338623046875,180,1056.987060546875,-29.71417439216104,-2.066707748283642,
me_seed1,me,1,legs14_paralysed,top_k,2,14,254,1059.11572265625,254,1060.439697265625,30.17833925538753,2.0989917722868214,
me_seed1,me,1,legs14_paralysed,top_k,2,15,614,1054.651611328125,254,1060.439697265625,30.17833925538753,2.0989917722868214,
me_seed1,me,1,legs14_paralysed,top_k,2,16,197,1062.526123046875,197,1061.2171630859375,43.66495428230158,3.0370252981853256,
me_seed1,me,1,legs14_paralysed,top_k,2,17,770,1045.804443359375,197,1061.2171630859375,43.66495428230158,3.0370252981853256,
me_seed1,me,1,legs14_paralysed,top_k,2,18,744,1052.9229736328125,197,1061.2171630859375,43.66495428230158,3.0370252981853256,
me_seed1,me,1,legs14_paralysed,top_k,2,19,134,1056.5098876953125,197,1061.2171630859375,43.66495428230158,3.0370252981853256,
me_seed1,me,1,legs14_paralysed,top_k,2,20,784,1056.9056396484375,197,1061.2171630859375,43.66495428230158,3.0370252981853256,
me_seed1,me,1,legs14_paralysed,top_k,3,1,385,1053.3175048828125,385,1053.1376953125,-96.48869445162211,-6.711070945910179,
me_seed1,me,1,legs14_paralysed,top_k,3,2,170,1055.79296875,170,1055.9041748046875,-48.498875586030486,-3.3732386649496218,
me_seed1,me,1,legs14_paralysed,top_k,3,3,769,1054.82958984375,170,1055.9041748046875,-48.498875586030486,-3.3732386649496218,
me_seed1,me,1,legs14_paralysed,top_k,3,4,793,1054.533203125,170,1055.9041748046875,-48.498875586030486,-3.3732386649496218,
me_seed1,me,1,legs14_paralysed,top_k,3,5,661,1057.8460693359375,661,1058.60986328125,-1.5635918567873066,-0.10875238742719495,
me_seed1,me,1,legs14_paralysed,top_k,3,6,504,1050.4359130859375,661,1058.60986328125,-1.5635918567873066,-0.10875238742719495,
me_seed1,me,1,legs14_paralysed,top_k,3,7,580,1052.2410888671875,661,1058.60986328125,-1.5635918567873066,-0.10875238742719495,
me_seed1,me,1,legs14_paralysed,top_k,3,8,1005,1056.3082275390625,661,1058.60986328125,-1.5635918567873066,-0.10875238742719495,
me_seed1,me,1,legs14_paralysed,top_k,3,9,949,1056.8099365234375,661,1058.60986328125,-1.5635918567873066,-0.10875238742719495,
me_seed1,me,1,legs14_paralysed,top_k,3,10,180,1056.392578125,661,1058.60986328125,-1.5635918567873066,-0.10875238742719495,
me_seed1,me,1,legs14_paralysed,top_k,3,11,448,1054.951904296875,661,1058.60986328125,-1.5635918567873066,-0.10875238742719495,
me_seed1,me,1,legs14_paralysed,top_k,3,12,49,1057.099365234375,661,1058.60986328125,-1.5635918567873066,-0.10875238742719495,
me_seed1,me,1,legs14_paralysed,top_k,3,13,684,1056.43603515625,661,1058.60986328125,-1.5635918567873066,-0.10875238742719495,
me_seed1,me,1,legs14_paralysed,top_k,3,14,254,1061.3292236328125,254,1060.439697265625,30.17833925538753,2.0989917722868214,
me_seed1,me,1,legs14_paralysed,top_k,3,15,614,1059.02734375,254,1060.439697265625,30.17833925538753,2.0989917722868214,
me_seed1,me,1,legs14_paralysed,top_k,3,16,197,1060.2568359375,254,1060.439697265625,30.17833925538753,2.0989917722868214,
me_seed1,me,1,legs14_paralysed,top_k,3,17,770,1045.5325927734375,254,1060.439697265625,30.17833925538753,2.0989917722868214,
me_seed1,me,1,legs14_paralysed,top_k,3,18,744,1054.27587890625,254,1060.439697265625,30.17833925538753,2.0989917722868214,
me_seed1,me,1,legs14_paralysed,top_k,3,19,134,1057.5689697265625,254,1060.439697265625,30.17833925538753,2.0989917722868214,
me_seed1,me,1,legs14_paralysed,top_k,3,20,784,1055.7188720703125,254,1060.439697265625,30.17833925538753,2.0989917722868214,
me_seed1,me,1,legs14_paralysed,top_k,4,1,385,1051.120361328125,385,1053.1376953125,-96.48869445162211,-6.711070945910179,
me_seed1,me,1,legs14_paralysed,top_k,4,2,170,1053.6856689453125,170,1055.9041748046875,-48.498875586030486,-3.3732386649496218,
me_seed1,me,1,legs14_paralysed,top_k,4,3,769,1054.193603515625,769,1054.3001708984375,-76.32335689450129,-5.308512731570181,
me_seed1,me,1,legs14_paralysed,top_k,4,4,793,1056.9742431640625,793,1054.9755859375,-64.60700567077458,-4.493606231523639,
me_seed1,me,1,legs14_paralysed,top_k,4,5,661,1056.896240234375,793,1054.9755859375,-64.60700567077458,-4.493606231523639,
me_seed1,me,1,legs14_paralysed,top_k,4,6,504,1049.603759765625,793,1054.9755859375,-64.60700567077458,-4.493606231523639,
me_seed1,me,1,legs14_paralysed,top_k,4,7,580,1054.773193359375,793,1054.9755859375,-64.60700567077458,-4.493606231523639,
me_seed1,me,1,legs14_paralysed,top_k,4,8,1005,1055.8294677734375,793,1054.9755859375,-64.60700567077458,-4.493606231523639,
me_seed1,me,1,legs14_paralysed,top_k,4,9,949,1054.82861328125,793,1054.9755859375,-64.60700567077458,-4.493606231523639,
me_seed1,me,1,legs14_paralysed,top_k,4,10,180,1058.021728515625,180,1056.987060546875,-29.71417439216104,-2.066707748283642,
me_seed1,me,1,legs14_paralysed,top_k,4,11,448,1054.947021484375,180,1056.987060546875,-29.71417439216104,-2.066707748283642,
me_seed1,me,1,legs14_paralysed,top_k,4,12,49,1060.095703125,49,1057.081787109375,-28.070963015039784,-1.9524175903157914,
me_seed1,me,1,legs14_paralysed,top_k,4,13,684,1058.2677001953125,49,1057.081787109375,-28.070963015039784,-1.9524175903157914,
me_seed1,me,1,legs14_paralysed,top_k,4,14,254,1059.44287109375,49,1057.081787109375,-28.070963015039784,-1.9524175903157914,
me_seed1,me,1,legs14_paralysed,top_k,4,15,614,1055.3770751953125,49,1057.081787109375,-28.070963015039784,-1.9524175903157914,
me_seed1,me,1,legs14_paralysed,top_k,4,16,197,1060.63623046875,197,1061.2171630859375,43.66495428230158,3.0370252981853256,
me_seed1,me,1,legs14_paralysed,top_k,4,17,770,1050.5531005859375,197,1061.2171630859375,43.66495428230158,3.0370252981853256,
me_seed1,me,1,legs14_paralysed,top_k,4,18,744,1052.834716796875,197,1061.2171630859375,43.66495428230158,3.0370252981853256,
me_seed1,me,1,legs14_paralysed,top_k,4,19,134,1054.78369140625,197,1061.2171630859375,43.66495428230158,3.0370252981853256,
me_seed1,me,1,legs14_paralysed,top_k,4,20,784,1058.0084228515625,197,1061.2171630859375,43.66495428230158,3.0370252981853256,
me_seed1,me,1,legs14_paralysed,best_intact,0,1,385,1055.173095703125,385,1053.1376953125,-96.48869445162211,-6.711070945910179,
me_seed1,me,1,legs14_paralysed,best_intact,1,1,385,1055.42919921875,385,1053.1376953125,-96.48869445162211,-6.711070945910179,
me_seed1,me,1,legs14_paralysed,best_intact,2,1,385,1055.1318359375,385,1053.1376953125,-96.48869445162211,-6.711070945910179,
me_seed1,me,1,legs14_paralysed,best_intact,3,1,385,1056.890380859375,385,1053.1376953125,-96.48869445162211,-6.711070945910179,
me_seed1,me,1,legs14_paralysed,best_intact,4,1,385,1055.1282958984375,385,1053.1376953125,-96.48869445162211,-6.711070945910179,
me_seed1,me,1,ankle1_paralysed,ite,0,1,385,1047.3116455078125,385,1054.002197265625,-16.90480624949504,-5.668025973322143,6
me_seed1,me,1,ankle1_paralysed,ite,0,2,613,1043.786376953125,385,1054.002197265625,-16.90480624949504,-5.668025973322143,6
me_seed1,me,1,ankle1_paralysed,ite,0,3,407,1056.2469482421875,407,1056.59423828125,-7.577477360340623,-2.540658429134856,6
me_seed1,me,1,ankle1_paralysed,ite,0,4,878,1086.24951171875,878,1063.44580078125,17.07752480083763,5.725936914189248,6
me_seed1,me,1,ankle1_paralysed,ite,0,5,143,1042.7757568359375,878,1063.44580078125,17.07752480083763,5.725936914189248,6
me_seed1,me,1,ankle1_paralysed,ite,0,6,165,1061.280029296875,878,1063.44580078125,17.07752480083763,5.725936914189248,6
me_seed1,me,1,ankle1_paralysed,ite,0,7,878,1065.527587890625,878,1063.44580078125,17.07752480083763,5.725936914189248,6
me_seed1,me,1,ankle1_paralysed,ite,0,8,878,1064.470703125,878,1063.44580078125,17.07752480083763,5.725936914189248,6
me_seed1,me,1,ankle1_paralysed,ite,0,9,552,1059.5196533203125,878,1063.44580078125,17.07752480083763,5.725936914189248,6
me_seed1,me,1,ankle1_paralysed,ite,0,10,170,1054.373779296875,878,1063.44580078125,17.07752480083763,5.725936914189248,6
me_seed1,me,1,ankle1_paralysed,ite,0,11,878,1032.909423828125,878,1063.44580078125,17.07752480083763,5.725936914189248,6
me_seed1,me,1,ankle1_paralysed,ite,0,12,165,1058.5535888671875,878,1063.44580078125,17.07752480083763,5.725936914189248,6
me_seed1,me,1,ankle1_paralysed,ite,0,13,165,1058.606201171875,878,1063.44580078125,17.07752480083763,5.725936914189248,6
me_seed1,me,1,ankle1_paralysed,ite,0,14,646,1054.2919921875,878,1063.44580078125,17.07752480083763,5.725936914189248,6
me_seed1,me,1,ankle1_paralysed,ite,0,15,552,1055.3040771484375,878,1063.44580078125,17.07752480083763,5.725936914189248,6
me_seed1,me,1,ankle1_paralysed,ite,0,16,504,1050.690185546875,878,1063.44580078125,17.07752480083763,5.725936914189248,6
me_seed1,me,1,ankle1_paralysed,ite,0,17,878,1082.172607421875,878,1063.44580078125,17.07752480083763,5.725936914189248,6
me_seed1,me,1,ankle1_paralysed,ite,0,18,878,1079.51611328125,878,1063.44580078125,17.07752480083763,5.725936914189248,6
me_seed1,me,1,ankle1_paralysed,ite,0,19,878,1065.893310546875,878,1063.44580078125,17.07752480083763,5.725936914189248,6
me_seed1,me,1,ankle1_paralysed,ite,0,20,878,1026.7958984375,878,1063.44580078125,17.07752480083763,5.725936914189248,6
me_seed1,me,1,ankle1_paralysed,ite,1,1,385,1053.05224609375,385,1054.002197265625,-16.90480624949504,-5.668025973322143,10
me_seed1,me,1,ankle1_paralysed,ite,1,2,613,1050.7255859375,385,1054.002197265625,-16.90480624949504,-5.668025973322143,10
me_seed1,me,1,ankle1_paralysed,ite,1,3,407,1057.756591796875,407,1056.59423828125,-7.577477360340623,-2.540658429134856,10
me_seed1,me,1,ankle1_paralysed,ite,1,4,878,1040.5166015625,407,1056.59423828125,-7.577477360340623,-2.540658429134856,10
me_seed1,me,1,ankle1_paralysed,ite,1,5,165,1058.369140625,165,1059.1817626953125,1.7335987658440868,0.5812597131905614,10
me_seed1,me,1,ankle1_paralysed,ite,1,6,552,1067.9652099609375,552,1068.328857421875,34.64895789040883,11.617476732526812,10
me_seed1,me,1,ankle1_paralysed,ite,1,7,170,1064.954833984375,552,1068.328857421875,34.64895789040883,11.617476732526812,10
me_seed1,me,1,ankle1_paralysed,ite,1,8,143,1040.73974609375,552,1068.328857421875,34.64895789040883,11.617476732526812,10
me_seed1,me,1,ankle1_paralysed,ite,1,9,170,1063.784912109375,552,1068.328857421875,34.64895789040883,11.617476732526812,10
me_seed1,me,1,ankle1_paralysed,ite,1,10,552,1074.930908203125,552,1068.328857421875,34.64895789040883,11.617476732526812,10
me_seed1,me,1,ankle1_paralysed,ite,1,11,552,1055.4591064453125,552,1068.328857421875,34.64895789040883,11.617476732526812,10
me_seed1,me,1,ankle1_paralysed,ite,1,12,646,1052.806640625,552,1068.328857421875,34.64895789040883,11.617476732526812,10
me_seed1,me,1,ankle1_paralysed,ite,1,13,504,1049.145751953125,552,1068.328857421875,34.64895789040883,11.617476732526812,10
me_seed1,me,1,ankle1_paralysed,ite,1,14,165,1058.8463134765625,552,1068.328857421875,34.64895789040883,11.617476732526812,10
me_seed1,me,1,ankle1_paralysed,ite,1,15,552,1058.083251953125,552,1068.328857421875,34.64895789040883,11.617476732526812,10
me_seed1,me,1,ankle1_paralysed,ite,1,16,407,1053.9674072265625,552,1068.328857421875,34.64895789040883,11.617476732526812,10
me_seed1,me,1,ankle1_paralysed,ite,1,17,552,1077.02880859375,552,1068.328857421875,34.64895789040883,11.617476732526812,10
me_seed1,me,1,ankle1_paralysed,ite,1,18,552,1077.733642578125,552,1068.328857421875,34.64895789040883,11.617476732526812,10
me_seed1,me,1,ankle1_paralysed,ite,1,19,552,1056.295654296875,552,1068.328857421875,34.64895789040883,11.617476732526812,10
me_seed1,me,1,ankle1_paralysed,ite,1,20,552,1057.1436767578125,552,1068.328857421875,34.64895789040883,11.617476732526812,10
me_seed1,me,1,ankle1_paralysed,ite,2,1,385,1054.2476806640625,385,1054.002197265625,-16.90480624949504,-5.668025973322143,13
me_seed1,me,1,ankle1_paralysed,ite,2,2,613,1056.260986328125,613,1051.0648193359375,-27.474812610035805,-9.212051838245317,13
me_seed1,me,1,ankle1_paralysed,ite,2,3,407,1061.533935546875,407,1056.59423828125,-7.577477360340623,-2.540658429134856,13
me_seed1,me,1,ankle1_paralysed,ite,2,4,878,1065.4053955078125,878,1063.44580078125,17.07752480083763,5.725936914189248,13
me_seed1,me,1,ankle1_paralysed,ite,2,5,165,1058.954345703125,878,1063.44580078125,17.07752480083763,5.725936914189248,13
me_seed1,me,1,ankle1_paralysed,ite,2,6,143,981.6292724609375,878,1063.44580078125,17.07752480083763,5.725936914189248,13
me_seed1,me,1,ankle1_paralysed,ite,2,7,170,1064.336669921875,878,1063.44580078125,17.07752480083763,5.725936914189248,13
me_seed1,me,1,ankle1_paralysed,ite,2,8,646,1053.480224609375,878,1063.44580078125,17.07752480083763,5.725936914189248,13
me_seed1,me,1,ankle1_paralysed,ite,2,9,170,1061.576904296875,878,1063.44580078125,17.07752480083763,5.725936914189248,13
me_seed1,me,1,ankle1_paralysed,ite,2,10,165,1059.061767578125,878,1063.44580078125,17.07752480083763,5.725936914189248,13
me_seed1,me,1,ankle1_paralysed,ite,2,11,407,1058.218505859375,878,1063.44580078125,17.07752480083763,5.725936914189248,13
me_seed1,me,1,ankle1_paralysed,ite,2,12,504,1049.544677734375,878,1063.44580078125,17.07752480083763,5.725936914189248,13
me_seed1,me,1,ankle1_paralysed,ite,2,13,613,1053.6485595703125,878,1063.44580078125,17.07752480083763,5.725936914189248,13
me_seed1,me,1,ankle1_paralysed,ite,2,14,407,1056.0517578125,878,1063.44580078125,17.07752480083763,5.725936914189248,13
me_seed1,me,1,ankle1_paralysed,ite,2,15,170,1056.83349609375,878,1063.44580078125,17.07752480083763,5.725936914189248,13
me_seed1,me,1,ankle1_paralysed,ite,2,16,165,1051.964111328125,878,1063.44580078125,17.07752480083763,5.725936914189248,13
me_seed1,me,1,ankle1_paralysed,ite,2,17,170,1057.2091064453125,878,1063.44580078125,17.07752480083763,5.725936914189248,13
me_seed1,me,1,ankle1_paralysed,ite,2,18,878,1054.27880859375,878,1063.44580078125,17.07752480083763,5.725936914189248,13
me_seed1,me,1,ankle1_paralysed,ite,2,19,613,1055.059326171875,878,1063.44580078125,17.07752480083763,5.725936914189248,13
me_seed1,me,1,ankle1_paralysed,ite,2,20,407,1056.401123046875,878,1063.44580078125,17.07752480083763,5.725936914189248,13
me_seed1,me,1,ankle1_paralysed,ite,3,1,385,1050.7313232421875,385,1054.002197265625,-16.90480624949504,-5.668025973322143,8
me_seed1,me,1,ankle1_paralysed,ite,3,2,613,1050.102294921875,385,1054.002197265625,-16.90480624949504,-5.668025973322143,8
me_seed1,me,1,ankle1_paralysed,ite,3,3,407,1057.708740234375,407,1056.59423828125,-7.577477360340623,-2.540658429134856,8
me_seed1,me,1,ankle1_paralysed,ite,3,4,878,1040.1748046875,407,1056.59423828125,-7.577477360340623,-2.540658429134856,8
me_seed1,me,1,ankle1_paralysed,ite,3,5,165,1052.8876953125,407,1056.59423828125,-7.577477360340623,-2.540658429134856,8
me_seed1,me,1,ankle1_paralysed,ite,3,6,552,1069.6995849609375,552,1068.328857421875,34.64895789040883,11.617476732526812,8
me_seed1,me,1,ankle1_paralysed,ite,3,7,769,1056.13037109375,552,1068.328857421875,34.64895789040883,11.617476732526812,8
me_seed1,me,1,ankle1_paralysed,ite,3,8,143,1015.0391845703125,552,1068.328857421875,34.64895789040883,11.617476732526812,8
me_seed1,me,1,ankle1_paralysed,ite,3,9,552,1075.405029296875,552,1068.328857421875,34.64895789040883,11.617476732526812,8
me_seed1,me,1,ankle1_paralysed,ite,3,10,552,1054.6962890625,552,1068.328857421875,34.64895789040883,11.617476732526812,8
me_seed1,me,1,ankle1_paralysed,ite,3,11,646,1052.2081298828125,552,1068.328857421875,34.64895789040883,11.617476732526812,8
me_seed1,me,1,ankle1_paralysed,ite,3,12,170,1059.5699462890625,552,1068.328857421875,34.64895789040883,11.617476732526812,8
me_seed1,me,1,ankle1_paralysed,ite,3,13,552,1079.39892578125,552,1068.328857421875,34.64895789040883,11.617476732526812,8
me_seed1,me,1,ankle1_paralysed,ite,3,14,552,1076.790283203125,552,1068.328857421875,34.64895789040883,11.617476732526812,8
me_seed1,me,1,ankle1_paralysed,ite,3,15,552,1072.5960693359375,552,1068.328857421875,34.64895789040883,11.617476732526812,8
me_seed1,me,1,ankle1_paralysed,ite,3,16,552,1077.24658203125,552,1068.328857421875,34.64895789040883,11.617476732526812,8
me_seed1,me,1,ankle1_paralysed,ite,3,17,552,1065.2506103515625,552,1068.328857421875,34.64895789040883,11.617476732526812,8
me_seed1,me,1,ankle1_paralysed,ite,3,18,552,1067.7760009765625,552,1068.328857421875,34.64895789040883,11.617476732526812,8
me_seed1,me,1,ankle1_paralysed,ite,3,19,552,1050.7320556640625,552,1068.328857421875,34.64895789040883,11.617476732526812,8
me_seed1,me,1,ankle1_paralysed,ite,3,20,552,1063.139404296875,552,1068.328857421875,34.64895789040883,11.617476732526812,8
me_seed1,me,1,ankle1_paralysed,ite,4,1,385,1051.316650390625,385,1054.002197265625,-16.90480624949504,-5.668025973322143,7
me_seed1,me,1,ankle1_paralysed,ite,4,2,613,1046.58935546875,385,1054.002197265625,-16.90480624949504,-5.668025973322143,7
me_seed1,me,1,ankle1_paralysed,ite,4,3,407,1056.370849609375,407,1056.59423828125,-7.577477360340623,-2.540658429134856,7
me_seed1,me,1,ankle1_paralysed,ite,4,4,878,1072.89599609375,878,1063.44580078125,17.07752480083763,5.725936914189248,7
me_seed1,me,1,ankle1_paralysed,ite,4,5,165,1058.9078369140625,878,1063.44580078125,17.07752480083763,5.725936914189248,7
me_seed1,me,1,ankle1_paralysed,ite,4,6,143,1001.9400634765625,878,1063.44580078125,17.07752480083763,5.725936914189248,7
me_seed1,me,1,ankle1_paralysed,ite,4,7,170,1055.88720703125,878,1063.44580078125,17.07752480083763,5.725936914189248,7
me_seed1,me,1,ankle1_paralysed,ite,4,8,878,1068.721435546875,878,1063.44580078125,17.07752480083763,5.725936914189248,7
me_seed1,me,1,ankle1_paralysed,ite,4,9,878,1041.66015625,878,1063.44580078125,17.07752480083763,5.725936914189248,7
me_seed1,me,1,ankle1_paralysed,ite,4,10,165,1053.273681640625,878,1063.44580078125,17.07752480083763,5.725936914189248,7
me_seed1,me,1,ankle1_paralysed,ite,4,11,552,1071.859375,878,1063.44580078125,17.07752480083763,5.725936914189248,7
me_seed1,me,1,ankle1_paralysed,ite,4,12,552,1074.3973388671875,552,1068.328857421875,34.64895789040883,11.617476732526812,7
me_seed1,me,1,ankle1_paralysed,ite,4,13,552,1060.490478515625,552,1068.328857421875,34.64895789040883,11.617476732526812,7
me_seed1,me,1,ankle1_paralysed,ite,4,14,552,1053.32763671875,552,1068.328857421875,34.64895789040883,11.617476732526812,7
me_seed1,me,1,ankle1_paralysed,ite,4,15,646,1052.1649169921875,552,1068.328857421875,34.64895789040883,11.617476732526812,7
me_seed1,me,1,ankle1_paralysed,ite,4,16,504,1050.753173828125,552,1068.328857421875,34.64895789040883,11.617476732526812,7
me_seed1,me,1,ankle1_paralysed,ite,4,17,407,1055.54443359375,552,1068.328857421875,34.64895789040883,11.617476732526812,7
me_seed1,me,1,ankle1_paralysed,ite,4,18,552,1060.0032958984375,552,1068.328857421875,34.64895789040883,11.617476732526812,7
me_seed1,me,1,ankle1_paralysed,ite,4,19,552,1074.3780517578125,552,1068.328857421875,34.64895789040883,11.617476732526812,7
me_seed1,me,1,ankle1_paralysed,ite,4,20,552,1078.2437744140625,552,1068.328857421875,34.64895789040883,11.617476732526812,7
me_seed1,me,1,ankle1_paralysed,top_k,0,1,385,1049.97314453125,385,1054.002197265625,-16.90480624949504,-5.668025973322143,
me_seed1,me,1,ankle1_paralysed,top_k,0,2,170,1055.84716796875,170,1058.6622314453125,-0.1359082395360201,-0.04556878205579314,
me_seed1,me,1,ankle1_paralysed,top_k,0,3,769,1059.9466552734375,769,1058.8494873046875,0.5379225279106632,0.18036047351467394,
me_seed1,me,1,ankle1_paralysed,top_k,0,4,793,1058.24365234375,769,1058.8494873046875,0.5379225279106632,0.18036047351467394,
me_seed1,me,1,ankle1_paralysed,top_k,0,5,661,1048.9556884765625,769,1058.8494873046875,0.5379225279106632,0.18036047351467394,
me_seed1,me,1,ankle1_paralysed,top_k,0,6,504,1052.165283203125,769,1058.8494873046875,0.5379225279106632,0.18036047351467394,
me_seed1,me,1,ankle1_paralysed,top_k,0,7,580,1052.39208984375,769,1058.8494873046875,0.5379225279106632,0.18036047351467394,
me_seed1,me,1,ankle1_paralysed,top_k,0,8,1005,1051.5299072265625,769,1058.8494873046875,0.5379225279106632,0.18036047351467394,
me_seed1,me,1,ankle1_paralysed,top_k,0,9,949,1056.32568359375,769,1058.8494873046875,0.5379225279106632,0.18036047351467394,
me_seed1,me,1,ankle1_paralysed,top_k,0,10,180,1050.95458984375,769,1058.8494873046875,0.5379225279106632,0.18036047351467394,
me_seed1,me,1,ankle1_paralysed,top_k,0,11,448,1058.3363037109375,769,1058.8494873046875,0.5379225279106632,0.18036047351467394,
me_seed1,me,1,ankle1_paralysed,top_k,0,12,49,1053.244873046875,769,1058.8494873046875,0.5379225279106632,0.18036047351467394,
me_seed1,me,1,ankle1_paralysed,top_k,0,13,684,1055.483642578125,769,1058.8494873046875,0.5379225279106632,0.18036047351467394,
me_seed1,me,1,ankle1_paralysed,top_k,0,14,254,1060.955322265625,254,1057.3857421875,-4.729290465865855,-1.5856875731251374,
me_seed1,me,1,ankle1_paralysed,top_k,0,15,614,1054.463623046875,254,1057.3857421875,-4.729290465865855,-1.5856875731251374,
me_seed1,me,1,ankle1_paralysed,top_k,0,16,197,1054.2171630859375,254,1057.3857421875,-4.729290465865855,-1.5856875731251374,
me_seed1,me,1,ankle1_paralysed,top_k,0,17,770,1057.6456298828125,254,1057.3857421875,-4.729290465865855,-1.5856875731251374,
me_seed1,me,1,ankle1_paralysed,top_k,0,18,744,1056.9451904296875,254,1057.3857421875,-4.729290465865855,-1.5856875731251374,
me_seed1,me,1,ankle1_paralysed,top_k,0,19,134,1051.845947265625,254,1057.3857421875,-4.729290465865855,-1.5856875731251374,
me_seed1,me,1,ankle1_paralysed,top_k,0,20,784,1060.79296875,254,1057.3857421875,-4.729290465865855,-1.5856875731251374,
me_seed1,me,1,ankle1_paralysed,top_k,1,1,385,1052.5897216796875,385,1054.002197265625,-16.90480624949504,-5.668025973322143,
me_seed1,me,1,ankle1_paralysed,top_k,1,2,170,1060.61474609375,170,1058.6622314453125,-0.1359082395360201,-0.04556878205579314,
me_seed1,me,1,ankle1_paralysed,top_k,1,3,769,1053.7208251953125,170,1058.6622314453125,-0.1359082395360201,-0.04556878205579314,
me_seed1,me,1,ankle1_paralysed,top_k,1,4,793,1058.886962890625,170,1058.6622314453125,-0.1359082395360201,-0.04556878205579314,
me_seed1,me,1,ankle1_paralysed,top_k,1,5,661,1050.063720703125,170,1058.6622314453125,-0.1359082395360201,-0.04556878205579314,
me_seed1,me,1,ankle1_paralysed,top_k,1,6,504,1057.10009765625,170,1058.6622314453125,-0.1359082395360201,-0.04556878205579314,
me_seed1,me,1,ankle1_paralysed,top_k,1,7,580,1056.8431396484375,170,1058.6622314453125,-0.1359082395360201,-0.04556878205579314,
me_seed1,me,1,ankle1_paralysed,top_k,1,8,1005,1054.488037109375,170,1058.6622314453125,-0.1359082395360201,-0.04556878205579314,
me_seed1,me,1,ankle1_paralysed,top_k,1,9,949,1052.46240234375,170,1058.6622314453125,-0.1359082395360201,-0.04556878205579314,
me_seed1,me,1,ankle1_paralysed,top_k,1,10,180,1065.7314453125,180,1047.6629638671875,-39.7162179732719,-13.316482408152604,
me_seed1,me,1,ankle1_paralysed,top_k,1,11,448,1061.9854736328125,180,1047.6629638671875,-39.7162179732719,-13.316482408152604,
me_seed1,me,1,ankle1_paralysed,top_k,1,12,49,1054.0028076171875,180,1047.6629638671875,-39.7162179732719,-13.316482408152604,
me_seed1,me,1,ankle1_paralysed,top_k,1,13,684,1066.558837890625,684,1061.748291015625,10.969121507412872,3.6778455009148576,
me_seed1,me,1,ankle1_paralysed,top_k,1,14,254,1058.4638671875,684,1061.748291015625,10.969121507412872,3.6778455009148576,
me_seed1,me,1,ankle1_paralysed,top_k,1,15,614,1063.026123046875,684,1061.748291015625,10.969121507412872,3.6778455009148576,
me_seed1,me,1,ankle1_paralysed,top_k,1,16,197,1058.07470703125,684,1061.748291015625,10.969121507412872,3.6778455009148576,
me_seed1,me,1,ankle1_paralysed,top_k,1,17,770,1054.950927734375,684,1061.748291015625,10.969121507412872,3.6778455009148576,
me_seed1,me,1,ankle1_paralysed,top_k,1,18,744,1055.709228515625,684,1061.748291015625,10.969121507412872,3.6778455009148576,
me_seed1,me,1,ankle1_paralysed,top_k,1,19,134,1059.41259765625,684,1061.748291015625,10.969121507412872,3.6778455009148576,
me_seed1,me,1,ankle1_paralysed,top_k,1,20,784,1050.31298828125,684,1061.748291015625,10.969121507412872,3.6778455009148576,
me_seed1,me,1,ankle1_paralysed,top_k,2,1,385,1052.013671875,385,1054.002197265625,-16.90480624949504,-5.668025973322143,
me_seed1,me,1,ankle1_paralysed,top_k,2,2,170,1046.7197265625,385,1054.002197265625,-16.90480624949504,-5.668025973322143,
me_seed1,me,1,ankle1_paralysed,top_k,2,3,769,1059.44873046875,769,1058.8494873046875,0.5379225279106632,0.18036047351467394,
me_seed1,me,1,ankle1_paralysed,top_k,2,4,793,1063.0828857421875,793,1053.421875,-18.99306665917009,-6.368200472006628,
me_seed1,me,1,ankle1_paralysed,top_k,2,5,661,1055.658935546875,793,1053.421875,-18.99306665917009,-6.368200472006628,
me_seed1,me,1,ankle1_paralysed,top_k,2,6,504,1053.346923828125,793,1053.421875,-18.99306665917009,-6.368200472006628,
me_seed1,me,1,ankle1_paralysed,top_k,2,7,580,1051.6270751953125,793,1053.421875,-18.99306665917009,-6.368200472006628,
me_seed1,me,1,ankle1_paralysed,top_k,2,8,1005,1051.1153564453125,793,1053.421875,-18.99306665917009,-6.368200472006628,
me_seed1,me,1,ankle1_paralysed,top_k,2,9,949,1052.5126953125,793,1053.421875,-18.99306665917009,-6.368200472006628,
me_seed1,me,1,ankle1_paralysed,top_k,2,10,180,1043.1365966796875,793,1053.421875,-18.99306665917009,-6.368200472006628,
me_seed1,me,1,ankle1_paralysed,top_k,2,11,448,1050.79248046875,793,1053.421875,-18.99306665917009,-6.368200472006628,
me_seed1,me,1,ankle1_paralysed,top_k,2,12,49,1052.8472900390625,793,1053.421875,-18.99306665917009,-6.368200472006628,
me_seed1,me,1,ankle1_paralysed,top_k,2,13,684,1054.95556640625,793,1053.421875,-18.99306665917009,-6.368200472006628,
me_seed1,me,1,ankle1_paralysed,top_k,2,14,254,1063.1417236328125,254,1057.3857421875,-4.729290465865855,-1.5856875731251374,
me_seed1,me,1,ankle1_paralysed,top_k,2,15,614,1065.53369140625,614,1058.1240234375,-2.072622616115177,-0.6949312904066336,
me_seed1,me,1,ankle1_paralysed,top_k,2,16,197,1054.935302734375,614,1058.1240234375,-2.072622616115177,-0.6949312904066336,
me_seed1,me,1,ankle1_paralysed,top_k,2,17,770,1054.431884765625,614,1058.1240234375,-2.072622616115177,-0.6949312904066336,
me_seed1,me,1,ankle1_paralysed,top_k,2,18,744,1052.0775146484375,614,1058.1240234375,-2.072622616115177,-0.6949312904066336,
me_seed1,me,1,ankle1_paralysed,top_k,2,19,134,1058.8330078125,614,1058.1240234375,-2.072622616115177,-0.6949312904066336,
me_seed1,me,1,ankle1_paralysed,top_k,2,20,784,1063.759521484375,614,1058.1240234375,-2.072622616115177,-0.6949312904066336,
me_seed1,me,1,ankle1_paralysed,top_k,3,1,385,1051.444580078125,385,1054.002197265625,-16.90480624949504,-5.668025973322143,
me_seed1,me,1,ankle1_paralysed,top_k,3,2,170,1053.8458251953125,170,1058.6622314453125,-0.1359082395360201,-0.04556878205579314,
me_seed1,me,1,ankle1_paralysed,top_k,3,3,769,1061.1077880859375,769,1058.8494873046875,0.5379225279106632,0.18036047351467394,
me_seed1,me,1,ankle1_paralysed,top_k,3,4,793,1051.28173828125,769,1058.8494873046875,0.5379225279106632,0.18036047351467394,
me_seed1,me,1,ankle1_paralysed,top_k,3,5,661,1054.1796875,769,1058.8494873046875,0.5379225279106632,0.18036047351467394,
me_seed1,me,1,ankle1_paralysed,top_k,3,6,504,1054.603515625,769,1058.8494873046875,0.5379225279106632,0.18036047351467394,
me_seed1,me,1,ankle1_paralysed,top_k,3,7,580,1049.073486328125,769,1058.8494873046875,0.5379225279106632,0.18036047351467394,
me_seed1,me,1,ankle1_paralysed,top_k,3,8,1005,1051.1895751953125,769,1058.8494873046875,0.5379225279106632,0.18036047351467394,
me_seed1,me,1,ankle1_paralysed,top_k,3,9,949,1052.889892578125,769,1058.8494873046875,0.5379225279106632,0.18036047351467394,
me_seed1,me,1,ankle1_paralysed,top_k,3,10,180,1058.960205078125,769,1058.8494873046875,0.5379225279106632,0.18036047351467394,
me_seed1,me,1,ankle1_paralysed,top_k,3,11,448,1058.516357421875,769,1058.8494873046875,0.5379225279106632,0.18036047351467394,
me_seed1,me,1,ankle1_paralysed,top_k,3,12,49,1053.521240234375,769,1058.8494873046875,0.5379225279106632,0.18036047351467394,
me_seed1,me,1,ankle1_paralysed,top_k,3,13,684,1052.24462890625,769,1058.8494873046875,0.5379225279106632,0.18036047351467394,
me_seed1,me,1,ankle1_paralysed,top_k,3,14,254,1066.69873046875,254,1057.3857421875,-4.729290465865855,-1.5856875731251374,
me_seed1,me,1,ankle1_paralysed,top_k,3,15,614,1055.9306640625,254,1057.3857421875,-4.729290465865855,-1.5856875731251374,
me_seed1,me,1,ankle1_paralysed,top_k,3,16,197,1049.7177734375,254,1057.3857421875,-4.729290465865855,-1.5856875731251374,
me_seed1,me,1,ankle1_paralysed,top_k,3,17,770,1048.83837890625,254,1057.3857421875,-4.729290465865855,-1.5856875731251374,
me_seed1,me,1,ankle1_paralysed,top_k,3,18,744,1055.5260009765625,254,1057.3857421875,-4.729290465865855,-1.5856875731251374,
me_seed1,me,1,ankle1_paralysed,top_k,3,19,134,1062.616943359375,254,1057.3857421875,-4.729290465865855,-1.5856875731251374,
me_seed1,me,1,ankle1_paralysed,top_k,3,20,784,1052.8662109375,254,1057.3857421875,-4.729290465865855,-1.5856875731251374,
me_seed1,me,1,ankle1_paralysed,top_k,4,1,385,1051.248291015625,385,1054.002197265625,-16.90480624949504,-5.668025973322143,
me_seed1,me,1,ankle1_paralysed,top_k,4,2,170,1056.851318359375,170,1058.6622314453125,-0.1359082395360201,-0.04556878205579314,
me_seed1,me,1,ankle1_paralysed,top_k,4,3,769,1049.251953125,170,1058.6622314453125,-0.1359082395360201,-0.04556878205579314,
me_seed1,me,1,ankle1_paralysed,top_k,4,4,793,1063.947265625,793,1053.421875,-18.99306665917009,-6.368200472006628,
me_seed1,me,1,ankle1_paralysed,top_k,4,5,661,1059.919677734375,793,1053.421875,-18.99306665917009,-6.368200472006628,
me_seed1,me,1,ankle1_paralysed,top_k,4,6,504,1051.736328125,793,1053.421875,-18.99306665917009,-6.368200472006628,
me_seed1,me,1,ankle1_paralysed,top_k,4,7,580,1050.143310546875,793,1053.421875,-18.99306665917009,-6.368200472006628,
me_seed1,me,1,ankle1_paralysed,top_k,4,8,1005,1058.47998046875,793,1053.421875,-18.99306665917009,-6.368200472006628,
me_seed1,me,1,ankle1_paralysed,top_k,4,9,949,1054.7943115234375,793,1053.421875,-18.99306665917009,-6.368200472006628,
me_seed1,me,1,ankle1_paralysed,top_k,4,10,180,1048.807373046875,793,1053.421875,-18.99306665917009,-6.368200472006628,
me_seed1,me,1,ankle1_paralysed,top_k,4,11,448,1068.4385986328125,448,1055.9859619140625,-9.766329194882228,-3.2745603069103697,
me_seed1,me,1,ankle1_paralysed,top_k,4,12,49,1054.1611328125,448,1055.9859619140625,-9.766329194882228,-3.2745603069103697,
me_seed1,me,1,ankle1_paralysed,top_k,4,13,684,1064.1123046875,448,1055.9859619140625,-9.766329194882228,-3.2745603069103697,
me_seed1,me,1,ankle1_paralysed,top_k,4,14,254,1056.6439208984375,448,1055.9859619140625,-9.766329194882228,-3.2745603069103697,
me_seed1,me,1,ankle1_paralysed,top_k,4,15,614,1064.6510009765625,448,1055.9859619140625,-9.766329194882228,-3.2745603069103697,
me_seed1,me,1,ankle1_paralysed,top_k,4,16,197,1052.9410400390625,448,1055.9859619140625,-9.766329194882228,-3.2745603069103697,
me_seed1,me,1,ankle1_paralysed,top_k,4,17,770,1045.8870849609375,448,1055.9859619140625,-9.766329194882228,-3.2745603069103697,
me_seed1,me,1,ankle1_paralysed,top_k,4,18,744,1052.0865478515625,448,1055.9859619140625,-9.766329194882228,-3.2745603069103697,
me_seed1,me,1,ankle1_paralysed,top_k,4,19,134,1057.9910888671875,448,1055.9859619140625,-9.766329194882228,-3.2745603069103697,
me_seed1,me,1,ankle1_paralysed,top_k,4,20,784,1055.4248046875,448,1055.9859619140625,-9.766329194882228,-3.2745603069103697,
me_seed1,me,1,ankle1_paralysed,best_intact,0,1,385,1047.775390625,385,1054.002197265625,-16.90480624949504,-5.668025973322143,
me_seed1,me,1,ankle1_paralysed,best_intact,1,1,385,1053.0655517578125,385,1054.002197265625,-16.90480624949504,-5.668025973322143,
me_seed1,me,1,ankle1_paralysed,best_intact,2,1,385,1053.460205078125,385,1054.002197265625,-16.90480624949504,-5.668025973322143,
me_seed1,me,1,ankle1_paralysed,best_intact,3,1,385,1051.022216796875,385,1054.002197265625,-16.90480624949504,-5.668025973322143,
me_seed1,me,1,ankle1_paralysed,best_intact,4,1,385,1048.431884765625,385,1054.002197265625,-16.90480624949504,-5.668025973322143,
me_seed1,me,1,ankle3_paralysed,ite,0,1,385,1080.1632080078125,385,1081.576904296875,34.68753609282403,27.601603361308854,6
me_seed1,me,1,ankle3_paralysed,ite,0,2,613,1086.1383056640625,613,1089.8072509765625,47.16695392852803,37.531739083817065,6
me_seed1,me,1,ankle3_paralysed,ite,0,3,407,1060.117431640625,613,1089.8072509765625,47.16695392852803,37.531739083817065,6
me_seed1,me,1,ankle3_paralysed,ite,0,4,143,1018.59228515625,613,1089.8072509765625,47.16695392852803,37.531739083817065,6
me_seed1,me,1,ankle3_paralysed,ite,0,5,165,1067.7620849609375,613,1089.8072509765625,47.16695392852803,37.531739083817065,6
me_seed1,me,1,ankle3_paralysed,ite,0,6,613,1104.447265625,613,1089.8072509765625,47.16695392852803,37.531739083817065,6
me_seed1,me,1,ankle3_paralysed,ite,0,7,613,1096.177001953125,613,1089.8072509765625,47.16695392852803,37.531739083817065,6
me_seed1,me,1,ankle3_paralysed,ite,0,8,613,1109.922607421875,613,1089.8072509765625,47.16695392852803,37.531739083817065,6
me_seed1,me,1,ankle3_paralysed,ite,0,9,613,1090.6568603515625,613,1089.8072509765625,47.16695392852803,37.531739083817065,6
me_seed1,me,1,ankle3_paralysed,ite,0,10,613,1092.5186767578125,613,1089.8072509765625,47.16695392852803,37.531739083817065,6
me_seed1,me,1,ankle3_paralysed,ite,0,11,613,1095.92138671875,613,1089.8072509765625,47.16695392852803,37.531739083817065,6
me_seed1,me,1,ankle3_paralysed,ite,0,12,613,1089.41650390625,613,1089.8072509765625,47.16695392852803,37.531739083817065,6
me_seed1,me,1,ankle3_paralysed,ite,0,13,613,1055.44873046875,613,1089.8072509765625,47.16695392852803,37.531739083817065,6
me_seed1,me,1,ankle3_paralysed,ite,0,14,170,1083.831787109375,613,1089.8072509765625,47.16695392852803,37.531739083817065,6
me_seed1,me,1,ankle3_paralysed,ite,0,15,613,1076.506591796875,613,1089.8072509765625,47.16695392852803,37.531739083817065,6
me_seed1,me,1,ankle3_paralysed,ite,0,16,385,1081.77587890625,613,1089.8072509765625,47.16695392852803,37.531739083817065,6
me_seed1,me,1,ankle3_paralysed,ite,0,17,613,1081.360595703125,613,1089.8072509765625,47.16695392852803,37.531739083817065,6
me_seed1,me,1,ankle3_paralysed,ite,0,18,613,1070.511474609375,613,1089.8072509765625,47.16695392852803,37.531739083817065,6
me_seed1,me,1,ankle3_paralysed,ite,0,19,613,1100.448486328125,613,1089.8072509765625,47.16695392852803,37.531739083817065,6
me_seed1,me,1,ankle3_paralysed,ite,0,20,613,1060.895263671875,613,1089.8072509765625,47.16695392852803,37.531739083817065,6
me_seed1,me,1,ankle3_paralysed,ite,1,1,385,1081.06005859375,385,1081.576904296875,34.68753609282403,27.601603361308854,8
me_seed1,me,1,ankle3_paralysed,ite,1,2,613,1086.018310546875,613,1089.8072509765625,47.16695392852803,37.531739083817065,8
me_seed1,me,1,ankle3_paralysed,ite,1,3,407,1066.3841552734375,613,1089.8072509765625,47.16695392852803,37.531739083817065,8
me_seed1,me,1,ankle3_paralysed,ite,1,4,143,1040.966552734375,613,1089.8072509765625,47.16695392852803,37.531739083817065,8
me_seed1,me,1,ankle3_paralysed,ite,1,5,165,1077.39697265625,613,1089.8072509765625,47.16695392852803,37.531739083817065,8
me_seed1,me,1,ankle3_paralysed,ite,1,6,170,1078.4215087890625,613,1089.8072509765625,47.16695392852803,37.531739083817065,8
me_seed1,me,1,ankle3_paralysed,ite,1,7,613,1063.181396484375,613,1089.8072509765625,47.16695392852803,37.531739083817065,8
me_seed1,me,1,ankle3_paralysed,ite,1,8,385,1081.919189453125,613,1089.8072509765625,47.16695392852803,37.531739083817065,8
me_seed1,me,1,ankle3_paralysed,ite,1,9,385,1080.6846923828125,613,1089.8072509765625,47.16695392852803,37.531739083817065,8
me_seed1,me,1,ankle3_paralysed,ite,1,10,385,1080.9644775390625,613,1089.8072509765625,47.16695392852803,37.531739083817065,8
me_seed1,me,1,ankle3_paralysed,ite,1,11,170,1083.7421875,613,1089.8072509765625,47.16695392852803,37.531739083817065,8
me_seed1,me,1,ankle3_paralysed,ite,1,12,385,1082.843017578125,613,1089.8072509765625,47.16695392852803,37.531739083817065,8
me_seed1,me,1,ankle3_paralysed,ite,1,13,165,1076.387451171875,613,1089.8072509765625,47.16695392852803,37.531739083817065,8
me_seed1,me,1,ankle3_paralysed,ite,1,14,170,1078.19775390625,613,1089.8072509765625,47.16695392852803,37.531739083817065,8
me_seed1,me,1,ankle3_paralysed,ite,1,15,385,1084.8690185546875,613,1089.8072509765625,47.16695392852803,37.531739083817065,8
me_seed1,me,1,ankle3_paralysed,ite,1,16,385,1079.8846435546875,613,1089.8072509765625,47.16695392852803,37.531739083817065,8
me_seed1,me,1,ankle3_paralysed,ite,1,17,385,1082.3126220703125,613,1089.8072509765625,47.16695392852803,37.531739083817065,8
me_seed1,me,1,ankle3_paralysed,ite,1,18,385,1084.857666015625,613,1089.8072509765625,47.16695392852803,37.531739083817065,8
me_seed1,me,1,ankle3_paralysed,ite,1,19,385,1082.593017578125,613,1089.8072509765625,47.16695392852803,37.531739083817065,8
me_seed1,me,1,ankle3_paralysed,ite,1,20,385,1076.25927734375,613,1089.8072509765625,47.16695392852803,37.531739083817065,8
me_seed1,me,1,ankle3_paralysed,ite,2,1,385,1081.04443359375,385,1081.576904296875,34.68753609282403,27.601603361308854,4
me_seed1,me,1,ankle3_paralysed,ite,2,2,613,1100.8397216796875,613,1089.8072509765625,47.16695392852803,37.531739083817065,4
me_seed1,me,1,ankle3_paralysed,ite,2,3,552,1078.68896484375,613,1089.8072509765625,47.16695392852803,37.531739083817065,4
me_seed1,me,1,ankle3_paralysed,ite,2,4,165,1078.3031005859375,613,1089.8072509765625,47.16695392852803,37.531739083817065,4
me_seed1,me,1,ankle3_paralysed,ite,2,5,613,1079.7108154296875,613,1089.8072509765625,47.16695392852803,37.531739083817065,4
me_seed1,me,1,ankle3_paralysed,ite,2,6,878,1060.74072265625,613,1089.8072509765625,47.16695392852803,37.531739083817065,4
me_seed1,me,1,ankle3_paralysed,ite,2,7,170,1078.131591796875,613,1089.8072509765625,47.16695392852803,37.531739083817065,4
me_seed1,me,1,ankle3_paralysed,ite,2,8,613,1102.656005859375,613,1089.8072509765625,47.16695392852803,37.531739083817065,4
me_seed1,me,1,ankle3_paralysed,ite,2,9,613,1067.3558349609375,613,1089.8072509765625,47.16695392852803,37.531739083817065,4
me_seed1,me,1,ankle3_paralysed,ite,2,10,385,1082.5240478515625,613,1089.8072509765625,47.16695392852803,37.531739083817065,4
me_seed1,me,1,ankle3_paralysed,ite,2,11,407,1070.82470703125,613,1089.8072509765625,47.16695392852803,37.531739083817065,4
me_seed1,me,1,ankle3_paralysed,ite,2,12,613,1076.130615234375,613,1089.8072509765625,47.16695392852803,37.531739083817065,4
me_seed1,me,1,ankle3_paralysed,ite,2,13,385,1082.572998046875,613,1089.8072509765625,47.16695392852803,37.531739083817065,4
me_seed1,me,1,ankle3_paralysed,ite,2,14,613,1085.906494140625,613,1089.8072509765625,47.16695392852803,37.531739083817065,4
me_seed1,me,1,ankle3_paralysed,ite,2,15,613,1080.693603515625,613,1089.8072509765625,47.16695392852803,37.531739083817065,4
me_seed1,me,1,ankle3_paralysed,ite,2,16,385,1081.8343505859375,613,1089.8072509765625,47.16695392852803,37.531739083817065,4
me_seed1,me,1,ankle3_paralysed,ite,2,17,613,1097.127197265625,613,1089.8072509765625,47.16695392852803,37.531739083817065,4
me_seed1,me,1,ankle3_paralysed,ite,2,18,613,1080.390380859375,613,1089.8072509765625,47.16695392852803,37.531739083817065,4
me_seed1,me,1,ankle3_paralysed,ite,2,19,613,1070.44873046875,613,1089.8072509765625,47.16695392852803,37.531739083817065,4
me_seed1,me,1,ankle3_paralysed,ite,2,20,385,1083.1446533203125,613,1089.8072509765625,47.16695392852803,37.531739083817065,4
me_seed1,me,1,ankle3_paralysed,ite,3,1,385,1085.79931640625,385,1081.576904296875,34.68753609282403,27.601603361308854,7
me_seed1,me,1,ankle3_paralysed,ite,3,2,613,1087.30029296875,613,1089.8072509765625,47.16695392852803,37.531739083817065,7
me_seed1,me,1,ankle3_paralysed,ite,3,3,552,1083.8828125,613,1089.8072509765625,47.16695392852803,37.531739083817065,7
me_seed1,me,1,ankle3_paralysed,ite,3,4,165,1072.361328125,613,1089.8072509765625,47.16695392852803,37.531739083817065,7
me_seed1,me,1,ankle3_paralysed,ite,3,5,878,1093.92041015625,878,1077.4586181640625,28.443107344130777,22.632779831203997,7
me_seed1,me,1,ankle3_paralysed,ite,3,6,170,1078.147705078125,878,1077.4586181640625,28.443107344130777,22.632779831203997,7
me_seed1,me,1,ankle3_paralysed,ite,3,7,143,1071.1920166015625,878,1077.4586181640625,28.443107344130777,22.632779831203997,7
me_seed1,me,1,ankle3_paralysed,ite,3,8,613,1065.689453125,878,1077.4586181640625,28.443107344130777,22.632779831203997,7
me_seed1,me,1,ankle3_paralysed,ite,3,9,385,1084.3026123046875,878,1077.4586181640625,28.443107344130777,22.632779831203997,7
me_seed1,me,1,ankle3_paralysed,ite,3,10,878,1082.881103515625,878,1077.4586181640625,28.443107344130777,22.632779831203997,7
me_seed1,me,1,ankle3_paralysed,ite,3,11,407,1061.280029296875,878,1077.4586181640625,28.443107344130777,22.632779831203997,7
me_seed1,me,1,ankle3_paralysed,ite,3,12,385,1084.925048828125,878,1077.4586181640625,28.443107344130777,22.632779831203997,7
me_seed1,me,1,ankle3_paralysed,ite,3,13,878,1066.0428466796875,878,1077.4586181640625,28.443107344130777,22.632779831203997,7
me_seed1,me,1,ankle3_paralysed,ite,3,14,385,1085.125,878,1077.4586181640625,28.443107344130777,22.632779831203997,7
me_seed1,me,1,ankle3_paralysed,ite,3,15,385,1084.43701171875,878,1077.4586181640625,28.443107344130777,22.632779831203997,7
me_seed1,me,1,ankle3_paralysed,ite,3,16,385,1082.873779296875,878,1077.4586181640625,28.443107344130777,22.632779831203997,7
me_seed1,me,1,ankle3_paralysed,ite,3,17,385,1082.114501953125,878,1077.4586181640625,28.443107344130777,22.632779831203997,7
me_seed1,me,1,ankle3_paralysed,ite,3,18,385,1081.493896484375,878,1077.4586181640625,28.443107344130777,22.632779831203997,7
me_seed1,me,1,ankle3_paralysed,ite,3,19,385,1081.7471923828125,878,1077.4586181640625,28.443107344130777,22.632779831203997,7
me_seed1,me,1,ankle3_paralysed,ite,3,20,385,1082.355712890625,878,1077.4586181640625,28.443107344130777,22.632779831203997,7
me_seed1,me,1,ankle3_paralysed,ite,4,1,385,1082.262451171875,385,1081.576904296875,34.68753609282403,27.601603361308854,6
me_seed1,me,1,ankle3_paralysed,ite,4,2,613,1097.0894775390625,613,1089.8072509765625,47.16695392852803,37.531739083817065,6
me_seed1,me,1,ankle3_paralysed,ite,4,3,552,1071.32861328125,613,1089.8072509765625,47.16695392852803,37.531739083817065,6
me_seed1,me,1,ankle3_paralysed,ite,4,4,165,1076.3544921875,613,1089.8072509765625,47.16695392852803,37.531739083817065,6
me_seed1,me,1,ankle3_paralysed,ite,4,5,878,1091.83740234375,613,1089.8072509765625,47.16695392852803,37.531739083817065,6
me_seed1,me,1,ankle3_paralysed,ite,4,6,613,1078.2821044921875,613,1089.8072509765625,47.16695392852803,37.531739083817065,6
me_seed1,me,1,ankle3_paralysed,ite,4,7,170,1078.46875,613,1089.8072509765625,47.16695392852803,37.531739083817065,6
me_seed1,me,1,ankle3_paralysed,ite,4,8,143,1033.48681640625,613,1089.8072509765625,47.16695392852803,37.531739083817065,6
me_seed1,me,1,ankle3_paralysed,ite,4,9,613,1067.023681640625,613,1089.8072509765625,47.16695392852803,37.531739083817065,6
me_seed1,me,1,ankle3_paralysed,ite,4,10,385,1082.9608154296875,613,1089.8072509765625,47.16695392852803,37.531739083817065,6
me_seed1,me,1,ankle3_paralysed,ite,4,11,407,1062.7659912109375,613,1089.8072509765625,47.16695392852803,37.531739083817065,6
me_seed1,me,1,ankle3_paralysed,ite,4,12,385,1081.7120361328125,613,1089.8072509765625,47.16695392852803,37.531739083817065,6
me_seed1,me,1,ankle3_paralysed,ite,4,13,878,1094.45556640625,613,1089.8072509765625,47.16695392852803,37.531739083817065,6
me_seed1,me,1,ankle3_paralysed,ite,4,14,878,1101.694091796875,878,1077.4586181640625,28.443107344130777,22.632779831203997,6
me_seed1,me,1,ankle3_paralysed,ite,4,15,878,1108.158203125,878,1077.4586181640625,28.443107344130777,22.632779831203997,6
me_seed1,me,1,ankle3_paralysed,ite,4,16,878,1107.04248046875,878,1077.4586181640625,28.443107344130777,22.632779831203997,6
me_seed1,me,1,ankle3_paralysed,ite,4,17,878,1037.5240478515625,878,1077.4586181640625,28.443107344130777,22.632779831203997,6
me_seed1,me,1,ankle3_paralysed,ite,4,18,878,1048.023193359375,878,1077.4586181640625,28.443107344130777,22.632779831203997,6
me_seed1,me,1,ankle3_paralysed,ite,4,19,385,1080.328125,878,1077.4586181640625,28.443107344130777,22.632779831203997,6
me_seed1,me,1,ankle3_paralysed,ite,4,20,385,1080.25732421875,878,1077.4586181640625,28.443107344130777,22.632779831203997,6
me_seed1,me,1,ankle3_paralysed,top_k,0,1,385,1078.3795166015625,385,1081.576904296875,34.68753609282403,27.601603361308854,
me_seed1,me,1,ankle3_paralysed,top_k,0,2,170,1079.541259765625,170,1079.115234375,30.954982808710206,24.631532065458764,
me_seed1,me,1,ankle3_paralysed,top_k,0,3,769,1068.007080078125,170,1079.115234375,30.954982808710206,24.631532065458764,
me_seed1,me,1,ankle3_paralysed,top_k,0,4,793,1069.8525390625,170,1079.115234375,30.954982808710206,24.631532065458764,
me_seed1,me,1,ankle3_paralysed,top_k,0,5,661,1088.6507568359375,661,1079.0247802734375,30.81783007720528,24.522396747089978,
me_seed1,me,1,ankle3_paralysed,top_k,0,6,504,1073.8177490234375,661,1079.0247802734375,30.81783007720528,24.522396747089978,
me_seed1,me,1,ankle3_paralysed,top_k,0,7,580,1071.8629150390625,661,1079.0247802734375,30.81783007720528,24.522396747089978,
me_seed1,me,1,ankle3_paralysed,top_k,0,8,1005,1085.390380859375,661,1079.0247802734375,30.81783007720528,24.522396747089978,
me_seed1,me,1,ankle3_paralysed,top_k,0,9,949,1061.492919921875,661,1079.0247802734375,30.81783007720528,24.522396747089978,
me_seed1,me,1,ankle3_paralysed,top_k,0,10,180,1070.42041015625,661,1079.0247802734375,30.81783007720528,24.522396747089978,
me_seed1,me,1,ankle3_paralysed,top_k,0,11,448,1061.78857421875,661,1079.0247802734375,30.81783007720528,24.522396747089978,
me_seed1,me,1,ankle3_paralysed,top_k,0,12,49,1079.610595703125,661,1079.0247802734375,30.81783007720528,24.522396747089978,
me_seed1,me,1,ankle3_paralysed,top_k,0,13,684,1078.0653076171875,661,1079.0247802734375,30.81783007720528,24.522396747089978,
me_seed1,me,1,ankle3_paralysed,top_k,0,14,254,1067.965087890625,661,1079.0247802734375,30.81783007720528,24.522396747089978,
me_seed1,me,1,ankle3_paralysed,top_k,0,15,614,1064.076171875,661,1079.0247802734375,30.81783007720528,24.522396747089978,
me_seed1,me,1,ankle3_paralysed,top_k,0,16,197,1066.618896484375,661,1079.0247802734375,30.81783007720528,24.522396747089978,
me_seed1,me,1,ankle3_paralysed,top_k,0,17,770,1063.20947265625,661,1079.0247802734375,30.81783007720528,24.522396747089978,
me_seed1,me,1,ankle3_paralysed,top_k,0,18,744,1078.310302734375,661,1079.0247802734375,30.81783007720528,24.522396747089978,
me_seed1,me,1,ankle3_paralysed,top_k,0,19,134,1075.203369140625,661,1079.0247802734375,30.81783007720528,24.522396747089978,
me_seed1,me,1,ankle3_paralysed,top_k,0,20,784,1063.4267578125,661,1079.0247802734375,30.81783007720528,24.522396747089978,
me_seed1,me,1,ankle3_paralysed,top_k,1,1,385,1081.243408203125,385,1081.576904296875,34.68753609282403,27.601603361308854,
me_seed1,me,1,ankle3_paralysed,top_k,1,2,170,1084.73095703125,170,1079.115234375,30.954982808710206,24.631532065458764,
me_seed1,me,1,ankle3_paralysed,top_k,1,3,769,1066.0150146484375,170,1079.115234375,30.954982808710206,24.631532065458764,
me_seed1,me,1,ankle3_paralysed,top_k,1,4,793,1077.7103271484375,170,1079.115234375,30.954982808710206,24.631532065458764,
me_seed1,me,1,ankle3_paralysed,top_k,1,5,661,1084.9735107421875,661,1079.0247802734375,30.81783007720528,24.522396747089978,
me_seed1,me,1,ankle3_paralysed,top_k,1,6,504,1069.69287109375,661,1079.0247802734375,30.81783007720528,24.522396747089978,
me_seed1,me,1,ankle3_paralysed,top_k,1,7,580,1073.1153564453125,661,1079.0247802734375,30.81783007720528,24.522396747089978,
me_seed1,me,1,ankle3_paralysed,top_k,1,8,1005,1078.1510009765625,661,1079.0247802734375,30.81783007720528,24.522396747089978,
me_seed1,me,1,ankle3_paralysed,top_k,1,9,949,1056.759033203125,661,1079.0247802734375,30.81783007720528,24.522396747089978,
me_seed1,me,1,ankle3_paralysed,top_k,1,10,180,1060.4805908203125,661,1079.0247802734375,30.81783007720528,24.522396747089978,
me_seed1,me,1,ankle3_paralysed,top_k,1,11,448,1078.75634765625,661,1079.0247802734375,30.81783007720528,24.522396747089978,
me_seed1,me,1,ankle3_paralysed,top_k,1,12,49,1075.6712646484375,661,1079.0247802734375,30.81783007720528,24.522396747089978,
me_seed1,me,1,ankle3_paralysed,top_k,1,13,684,1084.59765625,661,1079.0247802734375,30.81783007720528,24.522396747089978,
me_seed1,me,1,ankle3_paralysed,top_k,1,14,254,1065.5745849609375,661,1079.0247802734375,30.81783007720528,24.522396747089978,
me_seed1,me,1,ankle3_paralysed,top_k,1,15,614,1065.0511474609375,661,1079.0247802734375,30.81783007720528,24.522396747089978,
me_seed1,me,1,ankle3_paralysed,top_k,1,16,197,1063.49072265625,661,1079.0247802734375,30.81783007720528,24.522396747089978,
me_seed1,me,1,ankle3_paralysed,top_k,1,17,770,1069.2095947265625,661,1079.0247802734375,30.81783007720528,24.522396747089978,
me_seed1,me,1,ankle3_paralysed,top_k,1,18,744,1072.124267578125,661,1079.0247802734375,30.81783007720528,24.522396747089978,
me_seed1,me,1,ankle3_paralysed,top_k,1,19,134,1077.1422119140625,661,1079.0247802734375,30.81783007720528,24.522396747089978,
me_seed1,me,1,ankle3_paralysed,top_k,1,20,784,1069.8291015625,661,1079.0247802734375,30.81783007720528,24.522396747089978,
me_seed1,me,1,ankle3_paralysed,top_k,2,1,385,1084.2119140625,385,1081.576904296875,34.68753609282403,27.601603361308854,
me_seed1,me,1,ankle3_paralysed,top_k,2,2,170,1083.437255859375,385,1081.576904296875,34.68753609282403,27.601603361308854,
me_seed1,me,1,ankle3_paralysed,top_k,2,3,769,1065.121826171875,385,1081.576904296875,34.68753609282403,27.601603361308854,
me_seed1,me,1,ankle3_paralysed,top_k,2,4,793,1078.268798828125,385,1081.576904296875,34.68753609282403,27.601603361308854,
me_seed1,me,1,ankle3_paralysed,top_k,2,5,661,1083.3348388671875,385,1081.576904296875,34.68753609282403,27.601603361308854,
me_seed1,me,1,ankle3_paralysed,top_k,2,6,504,1070.271484375,385,1081.576904296875,34.68753609282403,27.601603361308854,
me_seed1,me,1,ankle3_paralysed,top_k,2,7,580,1074.9539794921875,385,1081.576904296875,34.68753609282403,27.601603361308854,
me_seed1,me,1,ankle3_paralysed,top_k,2,8,1005,1062.3323974609375,385,1081.576904296875,34.68753609282403,27.601603361308854,
me_seed1,me,1,ankle3_paralysed,top_k,2,9,949,1060.554443359375,385,1081.576904296875,34.68753609282403,27.601603361308854,
me_seed1,me,1,ankle3_paralysed,top_k,2,10,180,1066.8594970703125,385,1081.576904296875,34.68753609282403,27.601603361308854,
me_seed1,me,1,ankle3_paralysed,top_k,2,11,448,1081.676513671875,385,1081.576904296875,34.68753609282403,27.601603361308854,
me_seed1,me,1,ankle3_paralysed,top_k,2,12,49,1070.2998046875,385,1081.576904296875,34.68753609282403,27.601603361308854,
me_seed1,me,1,ankle3_paralysed,top_k,2,13,684,1080.8951416015625,385,1081.576904296875,34.68753609282403,27.601603361308854,
me_seed1,me,1,ankle3_paralysed,top_k,2,14,254,1065.4150390625,385,1081.576904296875,34.68753609282403,27.601603361308854,
me_seed1,me,1,ankle3_paralysed,top_k,2,15,614,1066.224365234375,385,1081.576904296875,34.68753609282403,27.601603361308854,
me_seed1,me,1,ankle3_paralysed,top_k,2,16,197,1069.220703125,385,1081.576904296875,34.68753609282403,27.601603361308854,
me_seed1,me,1,ankle3_paralysed,top_k,2,17,770,1066.892333984375,385,1081.576904296875,34.68753609282403,27.601603361308854,
me_seed1,me,1,ankle3_paralysed,top_k,2,18,744,1078.5101318359375,385,1081.576904296875,34.68753609282403,27.601603361308854,
me_seed1,me,1,ankle3_paralysed,top_k,2,19,134,1078.243408203125,385,1081.576904296875,34.68753609282403,27.601603361308854,
me_seed1,me,1,ankle3_paralysed,top_k,2,20,784,1068.54443359375,385,1081.576904296875,34.68753609282403,27.601603361308854,
me_seed1,me,1,ankle3_paralysed,top_k,3,1,385,1083.4775390625,385,1081.576904296875,34.68753609282403,27.601603361308854,
me_seed1,me,1,ankle3_paralysed,top_k,3,2,170,1078.047607421875,385,1081.576904296875,34.68753609282403,27.601603361308854,
me_seed1,me,1,ankle3_paralysed,top_k,3,3,769,1071.37548828125,385,1081.576904296875,34.68753609282403,27.601603361308854,
me_seed1,me,1,ankle3_paralysed,top_k,3,4,793,1075.8587646484375,385,1081.576904296875,34.68753609282403,27.601603361308854,
me_seed1,me,1,ankle3_paralysed,top_k,3,5,661,1068.8065185546875,385,1081.576904296875,34.68753609282403,27.601603361308854,
me_seed1,me,1,ankle3_paralysed,top_k,3,6,504,1075.781005859375,385,1081.576904296875,34.68753609282403,27.601603361308854,
me_seed1,me,1,ankle3_paralysed,top_k,3,7,580,1076.8330078125,385,1081.576904296875,34.68753609282403,27.601603361308854,
me_seed1,me,1,ankle3_paralysed,top_k,3,8,1005,1060.534912109375,385,1081.576904296875,34.68753609282403,27.601603361308854,
me_seed1,me,1,ankle3_paralysed,top_k,3,9,949,1065.9267578125,385,1081.576904296875,34.68753609282403,27.601603361308854,
me_seed1,me,1,ankle3_paralysed,top_k,3,10,180,1064.091064453125,385,1081.576904296875,34.68753609282403,27.601603361308854,
me_seed1,me,1,ankle3_paralysed,top_k,3,11,448,1075.96337890625,385,1081.576904296875,34.68753609282403,27.601603361308854,
me_seed1,me,1,ankle3_paralysed,top_k,3,12,49,1076.62451171875,385,1081.576904296875,34.68753609282403,27.601603361308854,
me_seed1,me,1,ankle3_paralysed,top_k,3,13,684,1081.1123046875,385,1081.576904296875,34.68753609282403,27.601603361308854,
me_seed1,me,1,ankle3_paralysed,top_k,3,14,254,1064.099365234375,385,1081.576904296875,34.68753609282403,27.601603361308854,
me_seed1,me,1,ankle3_paralysed,top_k,3,15,614,1066.070556640625,385,1081.576904296875,34.68753609282403,27.601603361308854,
me_seed1,me,1,ankle3_paralysed,top_k,3,16,197,1064.990234375,385,1081.576904296875,34.68753609282403,27.601603361308854,
me_seed1,me,1,ankle3_paralysed,top_k,3,17,770,1066.5015869140625,385,1081.576904296875,34.68753609282403,27.601603361308854,
me_seed1,me,1,ankle3_paralysed,top_k,3,18,744,1079.4544677734375,385,1081.576904296875,34.68753609282403,27.601603361308854,
me_seed1,me,1,ankle3_paralysed,top_k,3,19,134,1076.47216796875,385,1081.576904296875,34.68753609282403,27.601603361308854,
me_seed1,me,1,ankle3_paralysed,top_k,3,20,784,1064.983642578125,385,1081.576904296875,34.68753609282403,27.601603361308854,
me_seed1,me,1,ankle3_paralysed,top_k,4,1,385,1080.2996826171875,385,1081.576904296875,34.68753609282403,27.601603361308854,
me_seed1,me,1,ankle3_paralysed,top_k,4,2,170,1076.836181640625,385,1081.576904296875,34.68753609282403,27.601603361308854,
me_seed1,me,1,ankle3_paralysed,top_k,4,3,769,1072.5535888671875,385,1081.576904296875,34.68753609282403,27.601603361308854,
me_seed1,me,1,ankle3_paralysed,top_k,4,4,793,1068.327880859375,385,1081.576904296875,34.68753609282403,27.601603361308854,
me_seed1,me,1,ankle3_paralysed,top_k,4,5,661,1086.330810546875,661,1079.0247802734375,30.81783007720528,24.522396747089978,
me_seed1,me,1,ankle3_paralysed,top_k,4,6,504,1075.4964599609375,661,1079.0247802734375,30.81783007720528,24.522396747089978,
me_seed1,me,1,ankle3_paralysed,top_k,4,7,580,1081.53076171875,661,1079.0247802734375,30.81783007720528,24.522396747089978,
me_seed1,me,1,ankle3_paralysed,top_k,4,8,1005,1081.7772216796875,661,1079.0247802734375,30.81783007720528,24.522396747089978,
me_seed1,me,1,ankle3_paralysed,top_k,4,9,949,1061.546875,661,1079.0247802734375,30.81783007720528,24.522396747089978,
me_seed1,me,1,ankle3_paralysed,top_k,4,10,180,1070.9954833984375,661,1079.0247802734375,30.81783007720528,24.522396747089978,
me_seed1,me,1,ankle3_paralysed,top_k,4,11,448,1074.66796875,661,1079.0247802734375,30.81783007720528,24.522396747089978,
me_seed1,me,1,ankle3_paralysed,top_k,4,12,49,1061.7364501953125,661,1079.0247802734375,30.81783007720528,24.522396747089978,
me_seed1,me,1,ankle3_paralysed,top_k,4,13,684,1058.98583984375,661,1079.0247802734375,30.81783007720528,24.522396747089978,
me_seed1,me,1,ankle3_paralysed,top_k,4,14,254,1065.0859375,661,1079.0247802734375,30.81783007720528,24.522396747089978,
me_seed1,me,1,ankle3_paralysed,top_k,4,15,614,1066.7218017578125,661,1079.0247802734375,30.81783007720528,24.522396747089978,
me_seed1,me,1,ankle3_paralysed,top_k,4,16,197,1062.554443359375,661,1079.0247802734375,30.81783007720528,24.522396747089978,
me_seed1,me,1,ankle3_paralysed,top_k,4,17,770,1065.241943359375,661,1079.0247802734375,30.81783007720528,24.522396747089978,
me_seed1,me,1,ankle3_paralysed,top_k,4,18,744,1077.6162109375,661,1079.0247802734375,30.81783007720528,24.522396747089978,
me_seed1,me,1,ankle3_paralysed,top_k,4,19,134,1071.33544921875,661,1079.0247802734375,30.81783007720528,24.522396747089978,
me_seed1,me,1,ankle3_paralysed,top_k,4,20,784,1066.21484375,661,1079.0247802734375,30.81783007720528,24.522396747089978,
me_seed1,me,1,ankle3_paralysed,best_intact,0,1,385,1081.871337890625,385,1081.576904296875,34.68753609282403,27.601603361308854,
me_seed1,me,1,ankle3_paralysed,best_intact,1,1,385,1084.6204833984375,385,1081.576904296875,34.68753609282403,27.601603361308854,
me_seed1,me,1,ankle3_paralysed,best_intact,2,1,385,1080.2890625,385,1081.576904296875,34.68753609282403,27.601603361308854,
me_seed1,me,1,ankle3_paralysed,best_intact,3,1,385,1080.3076171875,385,1081.576904296875,34.68753609282403,27.601603361308854,
me_seed1,me,1,ankle3_paralysed,best_intact,4,1,385,1081.0421142578125,385,1081.576904296875,34.68753609282403,27.601603361308854,
