run,algo,seed,scenario,method,rep,trial,cell,observed,recommended_cell,recommended_true,pct_oracle,pct_intact,stop_trial
dcrlme_seed0,dcrlme,0,leg1_paralysed,ite,0,1,43,1075.93359375,43,1073.524658203125,12.689957091160142,3.226798125387884,14
dcrlme_seed0,dcrlme,0,leg1_paralysed,ite,0,2,539,1059.70458984375,43,1073.524658203125,12.689957091160142,3.226798125387884,14
dcrlme_seed0,dcrlme,0,leg1_paralysed,ite,0,3,976,1077.312744140625,976,1082.487548828125,20.362221495882544,5.177699000843493,14
dcrlme_seed0,dcrlme,0,leg1_paralysed,ite,0,4,436,1126.075439453125,436,1110.7325439453125,44.54003194965628,11.325624709951482,14
dcrlme_seed0,dcrlme,0,leg1_paralysed,ite,0,5,934,1040.4365234375,436,1110.7325439453125,44.54003194965628,11.325624709951482,14
dcrlme_seed0,dcrlme,0,leg1_paralysed,ite,0,6,368,1114.494140625,436,1110.7325439453125,44.54003194965628,11.325624709951482,14
dcrlme_seed0,dcrlme,0,leg1_paralysed,ite,0,7,442,1111.4461669921875,436,1110.7325439453125,44.54003194965628,11.325624709951482,14
dcrlme_seed0,dcrlme,0,leg1_paralysed,ite,0,8,636,1048.896484375,436,1110.7325439453125,44.54003194965628,11.325624709951482,14
dcrlme_seed0,dcrlme,0,leg1_paralysed,ite,0,9,70,1056.072509765625,436,1110.7325439453125,44.54003194965628,11.325624709951482,14
dcrlme_seed0,dcrlme,0,leg1_paralysed,ite,0,10,403,1092.1181640625,436,1110.7325439453125,44.54003194965628,11.325624709951482,14
dcrlme_seed0,dcrlme,0,leg1_paralysed,ite,0,11,436,1105.908203125,436,1110.7325439453125,44.54003194965628,11.325624709951482,14
dcrlme_seed0,dcrlme,0,leg1_paralysed,ite,0,12,442,1122.371826171875,436,1110.7325439453125,44.54003194965628,11.325624709951482,14
dcrlme_seed0,dcrlme,0,leg1_paralysed,ite,0,13,442,1109.5960693359375,436,1110.7325439453125,44.54003194965628,11.325624709951482,14
dcrlme_seed0,dcrlme,0,leg1_paralysed,ite,0,14,976,1075.33837890625,436,1110.7325439453125,44.54003194965628,11.325624709951482,14
dcrlme_seed0,dcrlme,0,leg1_paralysed,ite,0,15,1018,1052.4140625,436,1110.7325439453125,44.54003194965628,11.325624709951482,14
dcrlme_seed0,dcrlme,0,leg1_paralysed,ite,0,16,442,1112.127685546875,436,1110.7325439453125,44.54003194965628,11.325624709951482,14
dcrlme_seed0,dcrlme,0,leg1_paralysed,ite,0,17,442,1112.5794677734375,436,1110.7325439453125,44.54003194965628,11.325624709951482,14
dcrlme_seed0,dcrlme,0,leg1_paralysed,ite,0,18,254,1037.56591796875,436,1110.7325439453125,44.54003194965628,11.325624709951482,14
dcrlme_seed0,dcrlme,0,leg1_paralysed,ite,0,19,442,1111.9088134765625,436,1110.7325439453125,44.54003194965628,11.325624709951482,14
dcrlme_seed0,dcrlme,0,leg1_paralysed,ite,0,20,436,1116.967529296875,436,1110.7325439453125,44.54003194965628,11.325624709951482,14
dcrlme_seed0,dcrlme,0,leg1_paralysed,ite,1,1,43,1089.198974609375,43,1073.524658203125,12.689957091160142,3.226798125387884,13
dcrlme_seed0,dcrlme,0,leg1_paralysed,ite,1,2,539,1061.3970947265625,43,1073.524658203125,12.689957091160142,3.226798125387884,13
dcrlme_seed0,dcrlme,0,leg1_paralysed,ite,1,3,976,1070.348388671875,43,1073.524658203125,12.689957091160142,3.226798125387884,13
dcrlme_seed0,dcrlme,0,leg1_paralysed,ite,1,4,436,1126.776123046875,436,1110.7325439453125,44.54003194965628,11.325624709951482,13
dcrlme_seed0,dcrlme,0,leg1_paralysed,ite,1,5,934,1046.4493408203125,436,1110.7325439453125,44.54003194965628,11.325624709951482,13
dcrlme_seed0,dcrlme,0,leg1_paralysed,ite,1,6,368,1113.6690673828125,436,1110.7325439453125,44.54003194965628,11.325624709951482,13
dcrlme_seed0,dcrlme,0,leg1_paralysed,ite,1,7,442,1114.41064453125,436,1110.7325439453125,44.54003194965628,11.325624709951482,13
dcrlme_seed0,dcrlme,0,leg1_paralysed,ite,1,8,636,1051.21923828125,436,1110.7325439453125,44.54003194965628,11.325624709951482,13
dcrlme_seed0,dcrlme,0,leg1_paralysed,ite,1,9,70,1059.482177734375,436,1110.7325439453125,44.54003194965628,11.325624709951482,13
dcrlme_seed0,dcrlme,0,leg1_paralysed,ite,1,10,403,1098.065185546875,436,1110.7325439453125,44.54003194965628,11.325624709951482,13
dcrlme_seed0,dcrlme,0,leg1_paralysed,ite,1,11,442,1112.0244140625,436,1110.7325439453125,44.54003194965628,11.325624709951482,13
dcrlme_seed0,dcrlme,0,leg1_paralysed,ite,1,12,436,1123.636474609375,436,1110.7325439453125,44.54003194965628,11.325624709951482,13
dcrlme_seed0,dcrlme,0,leg1_paralysed,ite,1,13,442,1141.748046875,442,1117.4901123046875,50.32453310618034,12.796505766056729,13
dcrlme_seed0,dcrlme,0,leg1_paralysed,ite,1,14,442,1119.06640625,442,1117.4901123046875,50.32453310618034,12.796505766056729,13
dcrlme_seed0,dcrlme,0,leg1_paralysed,ite,1,15,436,1128.7586669921875,442,1117.4901123046875,50.32453310618034,12.796505766056729,13
dcrlme_seed0,dcrlme,0,leg1_paralysed,ite,1,16,1018,1052.4881591796875,442,1117.4901123046875,50.32453310618034,12.796505766056729,13
dcrlme_seed0,dcrlme,0,leg1_paralysed,ite,1,17,442,1113.70556640625,442,1117.4901123046875,50.32453310618034,12.796505766056729,13
dcrlme_seed0,dcrlme,0,leg1_paralysed,ite,1,18,436,1117.1114501953125,442,1117.4901123046875,50.32453310618034,12.796505766056729,13
dcrlme_seed0,dcrlme,0,leg1_paralysed,ite,1,19,442,1116.4371337890625,442,1117.4901123046875,50.32453310618034,12.796505766056729,13
dcrlme_seed0,dcrlme,0,leg1_paralysed,ite,1,20,976,1078.698974609375,442,1117.4901123046875,50.32453310618034,12.796505766056729,13
dcrlme_seed0,dcrlme,0,leg1_paralysed,ite,2,1,43,1080.18310546875,43,1073.524658203125,12.689957091160142,3.226798125387884,18
dcrlme_seed0,dcrlme,0,leg1_paralysed,ite,2,2,539,1064.208984375,43,1073.524658203125,12.689957091160142,3.226798125387884,18
dcrlme_seed0,dcrlme,0,leg1_paralysed,ite,2,3,976,1091.585693359375,976,1082.487548828125,20.362221495882544,5.177699000843493,18
dcrlme_seed0,dcrlme,0,leg1_paralysed,ite,2,4,436,1072.502685546875,976,1082.487548828125,20.362221495882544,5.177699000843493,18
dcrlme_seed0,dcrlme,0,leg1_paralysed,ite,2,5,934,1039.74560546875,976,1082.487548828125,20.362221495882544,5.177699000843493,18
dcrlme_seed0,dcrlme,0,leg1_paralysed,ite,2,6,368,1114.8189697265625,368,1112.4400634765625,46.001674389366144,11.69729066993559,18
dcrlme_seed0,dcrlme,0,leg1_paralysed,ite,2,7,442,1115.325927734375,442,1117.4901123046875,50.32453310618034,12.796505766056729,18
dcrlme_seed0,dcrlme,0,leg1_paralysed,ite,2,8,636,1050.0523681640625,442,1117.4901123046875,50.32453310618034,12.796505766056729,18
dcrlme_seed0,dcrlme,0,leg1_paralysed,ite,2,9,70,1056.89208984375,442,1117.4901123046875,50.32453310618034,12.796505766056729,18
dcrlme_seed0,dcrlme,0,leg1_paralysed,ite,2,10,403,1094.253173828125,442,1117.4901123046875,50.32453310618034,12.796505766056729,18
dcrlme_seed0,dcrlme,0,leg1_paralysed,ite,2,11,442,1111.7841796875,442,1117.4901123046875,50.32453310618034,12.796505766056729,18
dcrlme_seed0,dcrlme,0,leg1_paralysed,ite,2,12,976,1083.904541015625,442,1117.4901123046875,50.32453310618034,12.796505766056729,18
dcrlme_seed0,dcrlme,0,leg1_paralysed,ite,2,13,442,1114.0953369140625,442,1117.4901123046875,50.32453310618034,12.796505766056729,18
dcrlme_seed0,dcrlme,0,leg1_paralysed,ite,2,14,442,1115.9151611328125,442,1117.4901123046875,50.32453310618034,12.796505766056729,18
dcrlme_seed0,dcrlme,0,leg1_paralysed,ite,2,15,1018,1054.6953125,442,1117.4901123046875,50.32453310618034,12.796505766056729,18
dcrlme_seed0,dcrlme,0,leg1_paralysed,ite,2,16,442,1106.4461669921875,442,1117.4901123046875,50.32453310618034,12.796505766056729,18
dcrlme_seed0,dcrlme,0,leg1_paralysed,ite,2,17,442,1114.222412109375,442,1117.4901123046875,50.32453310618034,12.796505766056729,18
dcrlme_seed0,dcrlme,0,leg1_paralysed,ite,2,18,368,1119.05810546875,368,1112.4400634765625,46.001674389366144,11.69729066993559,18
dcrlme_seed0,dcrlme,0,leg1_paralysed,ite,2,19,254,1040.152587890625,368,1112.4400634765625,46.001674389366144,11.69729066993559,18
dcrlme_seed0,dcrlme,0,leg1_paralysed,ite,2,20,442,1147.6485595703125,442,1117.4901123046875,50.32453310618034,12.796505766056729,18
dcrlme_seed0,dcrlme,0,leg1_paralysed,ite,3,1,43,1080.364501953125,43,1073.524658203125,12.689957091160142,3.226798125387884,13
dcrlme_seed0,dcrlme,0,leg1_paralysed,ite,3,2,539,1067.5355224609375,43,1073.524658203125,12.689957091160142,3.226798125387884,13
dcrlme_seed0,dcrlme,0,leg1_paralysed,ite,3,3,976,1080.90673828125,976,1082.487548828125,20.362221495882544,5.177699000843493,13
dcrlme_seed0,dcrlme,0,leg1_paralysed,ite,3,4,436,1123.106689453125,436,1110.7325439453125,44.54003194965628,11.325624709951482,13
dcrlme_seed0,dcrlme,0,leg1_paralysed,ite,3,5,934,1047.5595703125,436,1110.7325439453125,44.54003194965628,11.325624709951482,13
dcrlme_seed0,dcrlme,0,leg1_paralysed,ite,3,6,368,1117.013671875,436,1110.7325439453125,44.54003194965628,11.325624709951482,13
dcrlme_seed0,dcrlme,0,leg1_paralysed,ite,3,7,442,1115.038818359375,436,1110.7325439453125,44.54003194965628,11.325624709951482,13
dcrlme_seed0,dcrlme,0,leg1_paralysed,ite,3,8,636,1049.638427734375,436,1110.7325439453125,44.54003194965628,11.325624709951482,13
dcrlme_seed0,dcrlme,0,leg1_paralysed,ite,3,9,70,1056.7275390625,436,1110.7325439453125,44.54003194965628,11.325624709951482,13
dcrlme_seed0,dcrlme,0,leg1_paralysed,ite,3,10,403,1089.15625,436,1110.7325439453125,44.54003194965628,11.325624709951482,13
dcrlme_seed0,dcrlme,0,leg1_paralysed,ite,3,11,442,1115.70263671875,436,1110.7325439453125,44.54003194965628,11.325624709951482,13
dcrlme_seed0,dcrlme,0,leg1_paralysed,ite,3,12,436,1110.403564453125,436,1110.7325439453125,44.54003194965628,11.325624709951482,13
dcrlme_seed0,dcrlme,0,leg1_paralysed,ite,3,13,442,1135.9586181640625,442,1117.4901123046875,50.32453310618034,12.796505766056729,13
dcrlme_seed0,dcrlme,0,leg1_paralysed,ite,3,14,442,1131.12548828125,442,1117.4901123046875,50.32453310618034,12.796505766056729,13
dcrlme_seed0,dcrlme,0,leg1_paralysed,ite,3,15,1018,1052.499755859375,442,1117.4901123046875,50.32453310618034,12.796505766056729,13
dcrlme_seed0,dcrlme,0,leg1_paralysed,ite,3,16,976,1081.478759765625,442,1117.4901123046875,50.32453310618034,12.796505766056729,13
dcrlme_seed0,dcrlme,0,leg1_paralysed,ite,3,17,442,1134.43701171875,442,1117.4901123046875,50.32453310618034,12.796505766056729,13
dcrlme_seed0,dcrlme,0,leg1_paralysed,ite,3,18,442,1111.8516845703125,442,1117.4901123046875,50.32453310618034,12.796505766056729,13
dcrlme_seed0,dcrlme,0,leg1_paralysed,ite,3,19,442,1116.120361328125,442,1117.4901123046875,50.32453310618034,12.796505766056729,13
dcrlme_seed0,dcrlme,0,leg1_paralysed,ite,3,20,442,1137.89111328125,442,1117.4901123046875,50.32453310618034,12.796505766056729,13
dcrlme_seed0,dcrlme,0,leg1_paralysed,ite,4,1,43,1036.8663330078125,43,1073.524658203125,12.689957091160142,3.226798125387884,15
dcrlme_seed0,dcrlme,0,leg1_paralysed,ite,4,2,539,1064.19873046875,539,1062.140625,2.9451865276441054,0.7489010638924721,15
dcrlme_seed0,dcrlme,0,leg1_paralysed,ite,4,3,976,1084.794189453125,976,1082.487548828125,20.362221495882544,5.177699000843493,15
dcrlme_seed0,dcrlme,0,leg1_paralysed,ite,4,4,436,1109.825927734375,436,1110.7325439453125,44.54003194965628,11.325624709951482,15
dcrlme_seed0,dcrlme,0,leg1_paralysed,ite,4,5,934,1045.364990234375,436,1110.7325439453125,44.54003194965628,11.325624709951482,15
dcrlme_seed0,dcrlme,0,leg1_paralysed,ite,4,6,368,1115.0595703125,368,1112.4400634765625,46.001674389366144,11.69729066993559,15
dcrlme_seed0,dcrlme,0,leg1_paralysed,ite,4,7,636,1051.669677734375,368,1112.4400634765625,46.001674389366144,11.69729066993559,15
dcrlme_seed0,dcrlme,0,leg1_paralysed,ite,4,8,70,1060.3564453125,368,1112.4400634765625,46.001674389366144,11.69729066993559,15
dcrlme_seed0,dcrlme,0,leg1_paralysed,ite,4,9,403,1086.515625,368,1112.4400634765625,46.001674389366144,11.69729066993559,15
dcrlme_seed0,dcrlme,0,leg1_paralysed,ite,4,10,442,1119.952392578125,442,1117.4901123046875,50.32453310618034,12.796505766056729,15
dcrlme_seed0,dcrlme,0,leg1_paralysed,ite,4,11,1018,1053.271240234375,442,1117.4901123046875,50.32453310618034,12.796505766056729,15
dcrlme_seed0,dcrlme,0,leg1_paralysed,ite,4,12,976,1065.8436279296875,442,1117.4901123046875,50.32453310618034,12.796505766056729,15
dcrlme_seed0,dcrlme,0,leg1_paralysed,ite,4,13,442,1111.443359375,442,1117.4901123046875,50.32453310618034,12.796505766056729,15
dcrlme_seed0,dcrlme,0,leg1_paralysed,ite,4,14,436,1118.93310546875,442,1117.4901123046875,50.32453310618034,12.796505766056729,15
dcrlme_seed0,dcrlme,0,leg1_paralysed,ite,4,15,442,1140.994140625,442,1117.4901123046875,50.32453310618034,12.796505766056729,15
dcrlme_seed0,dcrlme,0,leg1_paralysed,ite,4,16,442,1114.524169921875,442,1117.4901123046875,50.32453310618034,12.796505766056729,15
dcrlme_seed0,dcrlme,0,leg1_paralysed,ite,4,17,442,1117.87939453125,442,1117.4901123046875,50.32453310618034,12.796505766056729,15
dcrlme_seed0,dcrlme,0,leg1_paralysed,ite,4,18,254,1039.1591796875,442,1117.4901123046875,50.32453310618034,12.796505766056729,15
dcrlme_seed0,dcrlme,0,leg1_paralysed,ite,4,19,442,1105.793212890625,442,1117.4901123046875,50.32453310618034,12.796505766056729,15
dcrlme_seed0,dcrlme,0,leg1_paralysed,ite,4,20,436,1121.329833984375,442,1117.4901123046875,50.32453310618034,12.796505766056729,15
dcrlme_seed0,dcrlme,0,leg1_paralysed,top_k,0,1,43,1085.58349609375,43,1073.524658203125,12.689957091160142,3.226798125387884,
dcrlme_seed0,dcrlme,0,leg1_paralysed,top_k,0,2,442,1118.5283203125,442,1117.4901123046875,50.32453310618034,12.796505766056729,
dcrlme_seed0,dcrlme,0,leg1_paralysed,top_k,0,3,724,1095.072021484375,442,1117.4901123046875,50.32453310618034,12.796505766056729,
dcrlme_seed0,dcrlme,0,leg1_paralysed,top_k,0,4,793,1103.3819580078125,442,1117.4901123046875,50.32453310618034,12.796505766056729,
dcrlme_seed0,dcrlme,0,leg1_paralysed,top_k,0,5,381,1088.07421875,442,1117.4901123046875,50.32453310618034,12.796505766056729,
dcrlme_seed0,dcrlme,0,leg1_paralysed,top_k,0,6,449,1093.24462890625,442,1117.4901123046875,50.32453310618034,12.796505766056729,
dcrlme_seed0,dcrlme,0,leg1_paralysed,top_k,0,7,798,1088.811279296875,442,1117.4901123046875,50.32453310618034,12.796505766056729,
dcrlme_seed0,dcrlme,0,leg1_paralysed,top_k,0,8,131,1095.6064453125,442,1117.4901123046875,50.32453310618034,12.796505766056729,
dcrlme_seed0,dcrlme,0,leg1_paralysed,top_k,0,9,375,1109.46337890625,442,1117.4901123046875,50.32453310618034,12.796505766056729,
dcrlme_seed0,dcrlme,0,leg1_paralysed,top_k,0,10,588,1087.573486328125,442,1117.4901123046875,50.32453310618034,12.796505766056729,
dcrlme_seed0,dcrlme,0,leg1_paralysed,top_k,0,11,658,1105.390625,442,1117.4901123046875,50.32453310618034,12.796505766056729,
dcrlme_seed0,dcrlme,0,leg1_paralysed,top_k,0,12,244,1062.150146484375,442,1117.4901123046875,50.32453310618034,12.796505766056729,
dcrlme_seed0,dcrlme,0,leg1_paralysed,top_k,0,13,229,1080.909912109375,442,1117.4901123046875,50.32453310618034,12.796505766056729,
dcrlme_seed0,dcrlme,0,leg1_paralysed,top_k,0,14,567,1081.46533203125,442,1117.4901123046875,50.32453310618034,12.796505766056729,
dcrlme_seed0,dcrlme,0,leg1_paralysed,top_k,0,15,976,1080.7705078125,442,1117.4901123046875,50.32453310618034,12.796505766056729,
dcrlme_seed0,dcrlme,0,leg1_paralysed,top_k,0,16,70,1058.601318359375,442,1117.4901123046875,50.32453310618034,12.796505766056729,
dcrlme_seed0,dcrlme,0,leg1_paralysed,top_k,0,17,901,1074.6982421875,442,1117.4901123046875,50.32453310618034,12.796505766056729,
dcrlme_seed0,dcrlme,0,leg1_paralysed,top_k,0,18,611,1061.1141357421875,442,1117.4901123046875,50.32453310618034,12.796505766056729,
dcrlme_seed0,dcrlme,0,leg1_paralysed,top_k,0,19,547,1073.086181640625,442,1117.4901123046875,50.32453310618034,12.796505766056729,
dcrlme_seed0,dcrlme,0,leg1_paralysed,top_k,0,20,540,1090.9150390625,442,1117.4901123046875,50.32453310618034,12.796505766056729,
dcrlme_seed0,dcrlme,0,leg1_paralysed,top_k,1,1,43,1037.87109375,43,1073.524658203125,12.689957091160142,3.226798125387884,
dcrlme_seed0,dcrlme,0,leg1_paralysed,top_k,1,2,442,1116.338134765625,442,1117.4901123046875,50.32453310618034,12.796505766056729,
dcrlme_seed0,dcrlme,0,leg1_paralysed,top_k,1,3,724,1036.244873046875,442,1117.4901123046875,50.32453310618034,12.796505766056729,
dcrlme_seed0,dcrlme,0,leg1_paralysed,top_k,1,4,793,1102.262451171875,442,1117.4901123046875,50.32453310618034,12.796505766056729,
dcrlme_seed0,dcrlme,0,leg1_paralysed,top_k,1,5,381,1086.141845703125,442,1117.4901123046875,50.32453310618034,12.796505766056729,
dcrlme_seed0,dcrlme,0,leg1_paralysed,top_k,1,6,449,1094.83642578125,442,1117.4901123046875,50.32453310618034,12.796505766056729,
dcrlme_seed0,dcrlme,0,leg1_paralysed,top_k,1,7,798,1088.6453857421875,442,1117.4901123046875,50.32453310618034,12.796505766056729,
dcrlme_seed0,dcrlme,0,leg1_paralysed,top_k,1,8,131,1070.6768798828125,442,1117.4901123046875,50.32453310618034,12.796505766056729,
dcrlme_seed0,dcrlme,0,leg1_paralysed,top_k,1,9,375,1135.63037109375,375,1122.9954833984375,55.03714920790431,13.994828242127877,
dcrlme_seed0,dcrlme,0,leg1_paralysed,top_k,1,10,588,1084.4119873046875,375,1122.9954833984375,55.03714920790431,13.994828242127877,
dcrlme_seed0,dcrlme,0,leg1_paralysed,top_k,1,11,658,1104.1014404296875,375,1122.9954833984375,55.03714920790431,13.994828242127877,
dcrlme_seed0,dcrlme,0,leg1_paralysed,top_k,1,12,244,1063.51123046875,375,1122.9954833984375,55.03714920790431,13.994828242127877,
dcrlme_seed0,dcrlme,0,leg1_paralysed,top_k,1,13,229,1079.3388671875,375,1122.9954833984375,55.03714920790431,13.994828242127877,
dcrlme_seed0,dcrlme,0,leg1_paralysed,top_k,1,14,567,1069.189208984375,375,1122.9954833984375,55.03714920790431,13.994828242127877,
dcrlme_seed0,dcrlme,0,leg1_paralysed,top_k,1,15,976,1082.783935546875,375,1122.9954833984375,55.03714920790431,13.994828242127877,
dcrlme_seed0,dcrlme,0,leg1_paralysed,top_k,1,16,70,1058.8546142578125,375,1122.9954833984375,55.03714920790431,13.994828242127877,
dcrlme_seed0,dcrlme,0,leg1_paralysed,top_k,1,17,901,1071.38916015625,375,1122.9954833984375,55.03714920790431,13.994828242127877,
dcrlme_seed0,dcrlme,0,leg1_paralysed,top_k,1,18,611,1068.2236328125,375,1122.9954833984375,55.03714920790431,13.994828242127877,
dcrlme_seed0,dcrlme,0,leg1_paralysed,top_k,1,19,547,1065.082275390625,375,1122.9954833984375,55.03714920790431,13.994828242127877,
dcrlme_seed0,dcrlme,0,leg1_paralysed,top_k,1,20,540,1086.198974609375,375,1122.9954833984375,55.03714920790431,13.994828242127877,
dcrlme_seed0,dcrlme,0,leg1_paralysed,top_k,2,1,43,1084.8504638671875,43,1073.524658203125,12.689957091160142,3.226798125387884,
dcrlme_seed0,dcrlme,0,leg1_paralysed,top_k,2,2,442,1111.213623046875,442,1117.4901123046875,50.32453310618034,12.796505766056729,
dcrlme_seed0,dcrlme,0,leg1_paralysed,top_k,2,3,724,1092.9781494140625,442,1117.4901123046875,50.32453310618034,12.796505766056729,
dcrlme_seed0,dcrlme,0,leg1_paralysed,top_k,2,4,793,1102.5986328125,442,1117.4901123046875,50.32453310618034,12.796505766056729,
dcrlme_seed0,dcrlme,0,leg1_paralysed,top_k,2,5,381,1085.1551513671875,442,1117.4901123046875,50.32453310618034,12.796505766056729,
dcrlme_seed0,dcrlme,0,leg1_paralysed,top_k,2,6,449,1045.3565673828125,442,1117.4901123046875,50.32453310618034,12.796505766056729,
dcrlme_seed0,dcrlme,0,leg1_paralysed,top_k,2,7,798,1086.80810546875,442,1117.4901123046875,50.32453310618034,12.796505766056729,
dcrlme_seed0,dcrlme,0,leg1_paralysed,top_k,2,8,131,1086.5169677734375,442,1117.4901123046875,50.32453310618034,12.796505766056729,
dcrlme_seed0,dcrlme,0,leg1_paralysed,top_k,2,9,375,1139.851318359375,375,1122.9954833984375,55.03714920790431,13.994828242127877,
dcrlme_seed0,dcrlme,0,leg1_paralysed,top_k,2,10,588,1097.1876220703125,375,1122.9954833984375,55.03714920790431,13.994828242127877,
dcrlme_seed0,dcrlme,0,leg1_paralysed,top_k,2,11,658,1099.58349609375,375,1122.9954833984375,55.03714920790431,13.994828242127877,
dcrlme_seed0,dcrlme,0,leg1_paralysed,top_k,2,12,244,1066.486328125,375,1122.9954833984375,55.03714920790431,13.994828242127877,
dcrlme_seed0,dcrlme,0,leg1_paralysed,top_k,2,13,229,1078.10009765625,375,1122.9954833984375,55.03714920790431,13.994828242127877,
dcrlme_seed0,dcrlme,0,leg1_paralysed,top_k,2,14,567,1086.313720703125,375,1122.9954833984375,55.03714920790431,13.994828242127877,
dcrlme_seed0,dcrlme,0,leg1_paralysed,top_k,2,15,976,1080.9736328125,375,1122.9954833984375,55.03714920790431,13.994828242127877,
dcrlme_seed0,dcrlme,0,leg1_paralysed,top_k,2,16,70,1058.949951171875,375,1122.9954833984375,55.03714920790431,13.994828242127877,
dcrlme_seed0,dcrlme,0,leg1_paralysed,top_k,2,17,901,1073.0540771484375,375,1122.9954833984375,55.03714920790431,13.994828242127877,
dcrlme_seed0,dcrlme,0,leg1_paralysed,top_k,2,18,611,1056.3870849609375,375,1122.9954833984375,55.03714920790431,13.994828242127877,
dcrlme_seed0,dcrlme,0,leg1_paralysed,top_k,2,19,547,1072.39501953125,375,1122.9954833984375,55.03714920790431,13.994828242127877,
dcrlme_seed0,dcrlme,0,leg1_paralysed,top_k,2,20,540,1087.2677001953125,375,1122.9954833984375,55.03714920790431,13.994828242127877,
dcrlme_seed0,dcrlme,0,leg1_paralysed,top_k,3,1,43,1083.466064453125,43,1073.524658203125,12.689957091160142,3.226798125387884,
dcrlme_seed0,dcrlme,0,leg1_paralysed,top_k,3,2,442,1113.054443359375,442,1117.4901123046875,50.32453310618034,12.796505766056729,
dcrlme_seed0,dcrlme,0,leg1_paralysed,top_k,3,3,724,1092.4599609375,442,1117.4901123046875,50.32453310618034,12.796505766056729,
dcrlme_seed0,dcrlme,0,leg1_paralysed,top_k,3,4,793,1101.9091796875,442,1117.4901123046875,50.32453310618034,12.796505766056729,
dcrlme_seed0,dcrlme,0,leg1_paralysed,top_k,3,5,381,1084.818115234375,442,1117.4901123046875,50.32453310618034,12.796505766056729,
dcrlme_seed0,dcrlme,0,leg1_paralysed,top_k,3,6,449,1091.0059814453125,442,1117.4901123046875,50.32453310618034,12.796505766056729,
dcrlme_seed0,dcrlme,0,leg1_paralysed,top_k,3,7,798,1079.69287109375,442,1117.4901123046875,50.32453310618034,12.796505766056729,
dcrlme_seed0,dcrlme,0,leg1_paralysed,top_k,3,8,131,1083.6163330078125,442,1117.4901123046875,50.32453310618034,12.796505766056729,
dcrlme_seed0,dcrlme,0,leg1_paralysed,top_k,3,9,375,1110.49609375,442,1117.4901123046875,50.32453310618034,12.796505766056729,
dcrlme_seed0,dcrlme,0,leg1_paralysed,top_k,3,10,588,1088.63916015625,442,1117.4901123046875,50.32453310618034,12.796505766056729,
dcrlme_seed0,dcrlme,0,leg1_paralysed,top_k,3,11,658,1106.088623046875,442,1117.4901123046875,50.32453310618034,12.796505766056729,
dcrlme_seed0,dcrlme,0,leg1_paralysed,top_k,3,12,244,1062.162109375,442,1117.4901123046875,50.32453310618034,12.796505766056729,
dcrlme_seed0,dcrlme,0,leg1_paralysed,top_k,3,13,229,1078.63818359375,442,1117.4901123046875,50.32453310618034,12.796505766056729,
dcrlme_seed0,dcrlme,0,leg1_paralysed,top_k,3,14,567,1083.4136962890625,442,1117.4901123046875,50.32453310618034,12.796505766056729,
dcrlme_seed0,dcrlme,0,leg1_paralysed,top_k,3,15,976,1078.974853515625,442,1117.4901123046875,50.32453310618034,12.796505766056729,
dcrlme_seed0,dcrlme,0,leg1_paralysed,top_k,3,16,70,1059.562255859375,442,1117.4901123046875,50.32453310618034,12.796505766056729,
dcrlme_seed0,dcrlme,0,leg1_paralysed,top_k,3,17,901,1068.3861083984375,442,1117.4901123046875,50.32453310618034,12.796505766056729,
dcrlme_seed0,dcrlme,0,leg1_paralysed,top_k,3,18,611,1062.9918212890625,442,1117.4901123046875,50.32453310618034,12.796505766056729,
dcrlme_seed0,dcrlme,0,leg1_paralysed,top_k,3,19,547,1065.836669921875,442,1117.4901123046875,50.32453310618034,12.796505766056729,
dcrlme_seed0,dcrlme,0,leg1_paralysed,top_k,3,20,540,1082.3480224609375,442,1117.4901123046875,50.32453310618034,12.796505766056729,
dcrlme_seed0,dcrlme,0,leg1_paralysed,top_k,4,1,43,1035.7637939453125,43,1073.524658203125,12.689957091160142,3.226798125387884,
dcrlme_seed0,dcrlme,0,leg1_paralysed,top_k,4,2,442,1141.98828125,442,1117.4901123046875,50.32453310618034,12.796505766056729,
dcrlme_seed0,dcrlme,0,leg1_paralysed,top_k,4,3,724,1092.6365966796875,442,1117.4901123046875,50.32453310618034,12.796505766056729,
dcrlme_seed0,dcrlme,0,leg1_paralysed,top_k,4,4,793,1103.7593994140625,442,1117.4901123046875,50.32453310618034,12.796505766056729,
dcrlme_seed0,dcrlme,0,leg1_paralysed,top_k,4,5,381,1086.1790771484375,442,1117.4901123046875,50.32453310618034,12.796505766056729,
dcrlme_seed0,dcrlme,0,leg1_paralysed,top_k,4,6,449,1095.041015625,442,1117.4901123046875,50.32453310618034,12.796505766056729,
dcrlme_seed0,dcrlme,0,leg1_paralysed,top_k,4,7,798,1077.312255859375,442,1117.4901123046875,50.32453310618034,12.796505766056729,
dcrlme_seed0,dcrlme,0,leg1_paralysed,top_k,4,8,131,1074.640380859375,442,1117.4901123046875,50.32453310618034,12.796505766056729,
dcrlme_seed0,dcrlme,0,leg1_paralysed,top_k,4,9,375,1137.37060546875,442,1117.4901123046875,50.32453310618034,12.796505766056729,
dcrlme_seed0,dcrlme,0,leg1_paralysed,top_k,4,10,588,1091.1884765625,442,1117.4901123046875,50.32453310618034,12.796505766056729,
dcrlme_seed0,dcrlme,0,leg1_paralysed,top_k,4,11,658,1109.398193359375,442,1117.4901123046875,50.32453310618034,12.796505766056729,
dcrlme_seed0,dcrlme,0,leg1_paralysed,top_k,4,12,244,1063.2568359375,442,1117.4901123046875,50.32453310618034,12.796505766056729,
dcrlme_seed0,dcrlme,0,leg1_paralysed,top_k,4,13,229,1078.81201171875,442,1117.4901123046875,50.32453310618034,12.796505766056729,
dcrlme_seed0,dcrlme,0,leg1_paralysed,top_k,4,14,567,1090.845458984375,442,1117.4901123046875,50.32453310618034,12.796505766056729,
dcrlme_seed0,dcrlme,0,leg1_paralysed,top_k,4,15,976,1074.6575927734375,442,1117.4901123046875,50.32453310618034,12.796505766056729,
dcrlme_seed0,dcrlme,0,leg1_paralysed,top_k,4,16,70,1057.9659423828125,442,1117.4901123046875,50.32453310618034,12.796505766056729,
dcrlme_seed0,dcrlme,0,leg1_paralysed,top_k,4,17,901,1079.338134765625,442,1117.4901123046875,50.32453310618034,12.796505766056729,
dcrlme_seed0,dcrlme,0,leg1_paralysed,top_k,4,18,611,1069.1934814453125,442,1117.4901123046875,50.32453310618034,12.796505766056729,
dcrlme_seed0,dcrlme,0,leg1_paralysed,top_k,4,19,547,1077.16845703125,442,1117.4901123046875,50.32453310618034,12.796505766056729,
dcrlme_seed0,dcrlme,0,leg1_paralysed,top_k,4,20,540,1086.69677734375,442,1117.4901123046875,50.32453310618034,12.796505766056729,
dcrlme_seed0,dcrlme,0,leg1_paralysed,best_intact,0,1,43,1085.634765625,43,1073.524658203125,12.689957091160142,3.226798125387884,
dcrlme_seed0,dcrlme,0,leg1_paralysed,best_intact,1,1,43,1077.5989990234375,43,1073.524658203125,12.689957091160142,3.226798125387884,
dcrlme_seed0,dcrlme,0,leg1_paralysed,best_intact,2,1,43,1085.942626953125,43,1073.524658203125,12.689957091160142,3.226798125387884,
dcrlme_seed0,dcrlme,0,leg1_paralysed,best_intact,3,1,43,1038.192138671875,43,1073.524658203125,12.689957091160142,3.226798125387884,
dcrlme_seed0,dcrlme,0,leg1_paralysed,best_intact,4,1,43,1084.964599609375,43,1073.524658203125,12.689957091160142,3.226798125387884,
dcrlme_seed0,dcrlme,0,leg2_paralysed,ite,0,1,43,1209.10205078125,43,1169.292724609375,29.28075101396218,24.072082577650626,3
dcrlme_seed0,dcrlme,0,leg2_paralysed,ite,0,2,539,1322.10693359375,539,1270.4251708984375,56.05677981406933,46.08500075964611,3
dcrlme_seed0,dcrlme,0,leg2_paralysed,ite,0,3,976,1133.013671875,539,1270.4251708984375,56.05677981406933,46.08500075964611,3
dcrlme_seed0,dcrlme,0,leg2_paralysed,ite,0,4,636,1300.171142578125,539,1270.4251708984375,56.05677981406933,46.08500075964611,3
dcrlme_seed0,dcrlme,0,leg2_paralysed,ite,0,5,539,1293.093505859375,539,1270.4251708984375,56.05677981406933,46.08500075964611,3
dcrlme_seed0,dcrlme,0,leg2_paralysed,ite,0,6,539,1260.494873046875,539,1270.4251708984375,56.05677981406933,46.08500075964611,3
dcrlme_seed0,dcrlme,0,leg2_paralysed,ite,0,7,70,1111.62646484375,539,1270.4251708984375,56.05677981406933,46.08500075964611,3
dcrlme_seed0,dcrlme,0,leg2_paralysed,ite,0,8,636,1292.1527099609375,539,1270.4251708984375,56.05677981406933,46.08500075964611,3
dcrlme_seed0,dcrlme,0,leg2_paralysed,ite,0,9,636,1301.789794921875,539,1270.4251708984375,56.05677981406933,46.08500075964611,3
dcrlme_seed0,dcrlme,0,leg2_paralysed,ite,0,10,636,1269.8016357421875,539,1270.4251708984375,56.05677981406933,46.08500075964611,3
dcrlme_seed0,dcrlme,0,leg2_paralysed,ite,0,11,636,1269.5076904296875,539,1270.4251708984375,56.05677981406933,46.08500075964611,3
dcrlme_seed0,dcrlme,0,leg2_paralysed,ite,0,12,539,1304.7550048828125,539,1270.4251708984375,56.05677981406933,46.08500075964611,3
dcrlme_seed0,dcrlme,0,leg2_paralysed,ite,0,13,539,1271.5654296875,539,1270.4251708984375,56.05677981406933,46.08500075964611,3
dcrlme_seed0,dcrlme,0,leg2_paralysed,ite,0,14,539,1290.245361328125,539,1270.4251708984375,56.05677981406933,46.08500075964611,3
dcrlme_seed0,dcrlme,0,leg2_paralysed,ite,0,15,636,1299.169677734375,539,1270.4251708984375,56.05677981406933,46.08500075964611,3
dcrlme_seed0,dcrlme,0,leg2_paralysed,ite,0,16,636,1285.001953125,539,1270.4251708984375,56.05677981406933,46.08500075964611,3
dcrlme_seed0,dcrlme,0,leg2_paralysed,ite,0,17,636,1245.5419921875,539,1270.4251708984375,56.05677981406933,46.08500075964611,3
dcrlme_seed0,dcrlme,0,leg2_paralysed,ite,0,18,539,1255.82958984375,539,1270.4251708984375,56.05677981406933,46.08500075964611,3
dcrlme_seed0,dcrlme,0,leg2_paralysed,ite,0,19,539,1255.27734375,539,1270.4251708984375,56.05677981406933,46.08500075964611,3
dcrlme_seed0,dcrlme,0,leg2_paralysed,ite,0,20,636,1291.252685546875,539,1270.4251708984375,56.05677981406933,46.08500075964611,3
dcrlme_seed0,dcrlme,0,leg2_paralysed,ite,1,1,43,1129.111328125,43,1169.292724609375,29.28075101396218,24.072082577650626,5
dcrlme_seed0,dcrlme,0,leg2_paralysed,ite,1,2,539,1207.71728515625,539,1270.4251708984375,56.05677981406933,46.08500075964611,5
dcrlme_seed0,dcrlme,0,leg2_paralysed,ite,1,3,976,1138.6171875,539,1270.4251708984375,56.05677981406933,46.08500075964611,5
dcrlme_seed0,dcrlme,0,leg2_paralysed,ite,1,4,436,1094.62353515625,539,1270.4251708984375,56.05677981406933,46.08500075964611,5
dcrlme_seed0,dcrlme,0,leg2_paralysed,ite,1,5,636,1281.364990234375,636,1285.298828125,59.99475905688362,49.322464220774464,5
dcrlme_seed0,dcrlme,0,leg2_paralysed,ite,1,6,636,1284.3084716796875,636,1285.298828125,59.99475905688362,49.322464220774464,5
dcrlme_seed0,dcrlme,0,leg2_paralysed,ite,1,7,636,1295.305419921875,636,1285.298828125,59.99475905688362,49.322464220774464,5
dcrlme_seed0,dcrlme,0,leg2_paralysed,ite,1,8,636,1187.6220703125,636,1285.298828125,59.99475905688362,49.322464220774464,5
dcrlme_seed0,dcrlme,0,leg2_paralysed,ite,1,9,636,1295.0418701171875,636,1285.298828125,59.99475905688362,49.322464220774464,5
dcrlme_seed0,dcrlme,0,leg2_paralysed,ite,1,10,636,1278.832763671875,636,1285.298828125,59.99475905688362,49.322464220774464,5
dcrlme_seed0,dcrlme,0,leg2_paralysed,ite,1,11,636,1284.9041748046875,636,1285.298828125,59.99475905688362,49.322464220774464,5
dcrlme_seed0,dcrlme,0,leg2_paralysed,ite,1,12,636,1309.47509765625,636,1285.298828125,59.99475905688362,49.322464220774464,5
dcrlme_seed0,dcrlme,0,leg2_paralysed,ite,1,13,636,1292.625732421875,636,1285.298828125,59.99475905688362,49.322464220774464,5
dcrlme_seed0,dcrlme,0,leg2_paralysed,ite,1,14,636,1291.427490234375,636,1285.298828125,59.99475905688362,49.322464220774464,5
dcrlme_seed0,dcrlme,0,leg2_paralysed,ite,1,15,636,1275.1563720703125,636,1285.298828125,59.99475905688362,49.322464220774464,5
dcrlme_seed0,dcrlme,0,leg2_paralysed,ite,1,16,636,1273.6231689453125,636,1285.298828125,59.99475905688362,49.322464220774464,5
dcrlme_seed0,dcrlme,0,leg2_paralysed,ite,1,17,636,1286.5240478515625,636,1285.298828125,59.99475905688362,49.322464220774464,5
dcrlme_seed0,dcrlme,0,leg2_paralysed,ite,1,18,636,1279.8013916015625,636,1285.298828125,59.99475905688362,49.322464220774464,5
dcrlme_seed0,dcrlme,0,leg2_paralysed,ite,1,19,636,1280.626953125,636,1285.298828125,59.99475905688362,49.322464220774464,5
dcrlme_seed0,dcrlme,0,leg2_paralysed,ite,1,20,636,1303.975830078125,636,1285.298828125,59.99475905688362,49.322464220774464,5
dcrlme_seed0,dcrlme,0,leg2_paralysed,ite,2,1,43,1209.0870361328125,43,1169.292724609375,29.28075101396218,24.072082577650626,3
dcrlme_seed0,dcrlme,0,leg2_paralysed,ite,2,2,539,1300.53466796875,539,1270.4251708984375,56.05677981406933,46.08500075964611,3
dcrlme_seed0,dcrlme,0,leg2_paralysed,ite,2,3,976,1161.583740234375,539,1270.4251708984375,56.05677981406933,46.08500075964611,3
dcrlme_seed0,dcrlme,0,leg2_paralysed,ite,2,4,636,1292.379638671875,539,1270.4251708984375,56.05677981406933,46.08500075964611,3
dcrlme_seed0,dcrlme,0,leg2_paralysed,ite,2,5,70,1102.2869873046875,539,1270.4251708984375,56.05677981406933,46.08500075964611,3
dcrlme_seed0,dcrlme,0,leg2_paralysed,ite,2,6,636,1288.642578125,539,1270.4251708984375,56.05677981406933,46.08500075964611,3
dcrlme_seed0,dcrlme,0,leg2_paralysed,ite,2,7,539,1314.254638671875,539,1270.4251708984375,56.05677981406933,46.08500075964611,3
dcrlme_seed0,dcrlme,0,leg2_paralysed,ite,2,8,539,1275.86767578125,539,1270.4251708984375,56.05677981406933,46.08500075964611,3
dcrlme_seed0,dcrlme,0,leg2_paralysed,ite,2,9,636,1256.64501953125,539,1270.4251708984375,56.05677981406933,46.08500075964611,3
dcrlme_seed0,dcrlme,0,leg2_paralysed,ite,2,10,539,1260.441162109375,539,1270.4251708984375,56.05677981406933,46.08500075964611,3
dcrlme_seed0,dcrlme,0,leg2_paralysed,ite,2,11,539,1238.6922607421875,539,1270.4251708984375,56.05677981406933,46.08500075964611,3
dcrlme_seed0,dcrlme,0,leg2_paralysed,ite,2,12,636,1269.5355224609375,539,1270.4251708984375,56.05677981406933,46.08500075964611,3
dcrlme_seed0,dcrlme,0,leg2_paralysed,ite,2,13,636,1282.72705078125,539,1270.4251708984375,56.05677981406933,46.08500075964611,3
dcrlme_seed0,dcrlme,0,leg2_paralysed,ite,2,14,636,1276.5430908203125,539,1270.4251708984375,56.05677981406933,46.08500075964611,3
dcrlme_seed0,dcrlme,0,leg2_paralysed,ite,2,15,636,1284.7066650390625,539,1270.4251708984375,56.05677981406933,46.08500075964611,3
dcrlme_seed0,dcrlme,0,leg2_paralysed,ite,2,16,636,1320.206787109375,636,1285.298828125,59.99475905688362,49.322464220774464,3
dcrlme_seed0,dcrlme,0,leg2_paralysed,ite,2,17,636,1278.0975341796875,636,1285.298828125,59.99475905688362,49.322464220774464,3
dcrlme_seed0,dcrlme,0,leg2_paralysed,ite,2,18,636,1299.7325439453125,636,1285.298828125,59.99475905688362,49.322464220774464,3
dcrlme_seed0,dcrlme,0,leg2_paralysed,ite,2,19,636,1227.9857177734375,636,1285.298828125,59.99475905688362,49.322464220774464,3
dcrlme_seed0,dcrlme,0,leg2_paralysed,ite,2,20,636,1237.738037109375,636,1285.298828125,59.99475905688362,49.322464220774464,3
dcrlme_seed0,dcrlme,0,leg2_paralysed,ite,3,1,43,1198.7025146484375,43,1169.292724609375,29.28075101396218,24.072082577650626,5
dcrlme_seed0,dcrlme,0,leg2_paralysed,ite,3,2,539,1260.757568359375,539,1270.4251708984375,56.05677981406933,46.08500075964611,5
dcrlme_seed0,dcrlme,0,leg2_paralysed,ite,3,3,976,1084.328857421875,539,1270.4251708984375,56.05677981406933,46.08500075964611,5
dcrlme_seed0,dcrlme,0,leg2_paralysed,ite,3,4,70,1111.275390625,539,1270.4251708984375,56.05677981406933,46.08500075964611,5
dcrlme_seed0,dcrlme,0,leg2_paralysed,ite,3,5,636,1258.22216796875,539,1270.4251708984375,56.05677981406933,46.08500075964611,5
dcrlme_seed0,dcrlme,0,leg2_paralysed,ite,3,6,636,1287.69970703125,636,1285.298828125,59.99475905688362,49.322464220774464,5
dcrlme_seed0,dcrlme,0,leg2_paralysed,ite,3,7,636,1315.2132568359375,636,1285.298828125,59.99475905688362,49.322464220774464,5
dcrlme_seed0,dcrlme,0,leg2_paralysed,ite,3,8,636,1279.5115966796875,636,1285.298828125,59.99475905688362,49.322464220774464,5
dcrlme_seed0,dcrlme,0,leg2_paralysed,ite,3,9,636,1306.306640625,636,1285.298828125,59.99475905688362,49.322464220774464,5
dcrlme_seed0,dcrlme,0,leg2_paralysed,ite,3,10,636,1271.60986328125,636,1285.298828125,59.99475905688362,49.322464220774464,5
dcrlme_seed0,dcrlme,0,leg2_paralysed,ite,3,11,636,1299.0770263671875,636,1285.298828125,59.99475905688362,49.322464220774464,5
dcrlme_seed0,dcrlme,0,leg2_paralysed,ite,3,12,636,1301.287353515625,636,1285.298828125,59.99475905688362,49.322464220774464,5
dcrlme_seed0,dcrlme,0,leg2_paralysed,ite,3,13,636,1268.1890869140625,636,1285.298828125,59.99475905688362,49.322464220774464,5
dcrlme_seed0,dcrlme,0,leg2_paralysed,ite,3,14,636,1290.535888671875,636,1285.298828125,59.99475905688362,49.322464220774464,5
dcrlme_seed0,dcrlme,0,leg2_paralysed,ite,3,15,636,1299.2603759765625,636,1285.298828125,59.99475905688362,49.322464220774464,5
dcrlme_seed0,dcrlme,0,leg2_paralysed,ite,3,16,636,1276.6717529296875,636,1285.298828125,59.99475905688362,49.322464220774464,5
dcrlme_seed0,dcrlme,0,leg2_paralysed,ite,3,17,636,1312.2860107421875,636,1285.298828125,59.99475905688362,49.322464220774464,5
dcrlme_seed0,dcrlme,0,leg2_paralysed,ite,3,18,636,1254.411865234375,636,1285.298828125,59.99475905688362,49.322464220774464,5
dcrlme_seed0,dcrlme,0,leg2_paralysed,ite,3,19,636,1267.81494140625,636,1285.298828125,59.99475905688362,49.322464220774464,5
dcrlme_seed0,dcrlme,0,leg2_paralysed,ite,3,20,636,1263.5531005859375,636,1285.298828125,59.99475905688362,49.322464220774464,5
dcrlme_seed0,dcrlme,0,leg2_paralysed,ite,4,1,43,1200.033935546875,43,1169.292724609375,29.28075101396218,24.072082577650626,3
dcrlme_seed0,dcrlme,0,leg2_paralysed,ite,4,2,539,1299.47265625,539,1270.4251708984375,56.05677981406933,46.08500075964611,3
dcrlme_seed0,dcrlme,0,leg2_paralysed,ite,4,3,976,1085.966796875,539,1270.4251708984375,56.05677981406933,46.08500075964611,3
dcrlme_seed0,dcrlme,0,leg2_paralysed,ite,4,4,636,1272.93701171875,539,1270.4251708984375,56.05677981406933,46.08500075964611,3
dcrlme_seed0,dcrlme,0,leg2_paralysed,ite,4,5,70,1111.448974609375,539,1270.4251708984375,56.05677981406933,46.08500075964611,3
dcrlme_seed0,dcrlme,0,leg2_paralysed,ite,4,6,539,1275.78515625,539,1270.4251708984375,56.05677981406933,46.08500075964611,3
dcrlme_seed0,dcrlme,0,leg2_paralysed,ite,4,7,636,1263.9097900390625,539,1270.4251708984375,56.05677981406933,46.08500075964611,3
dcrlme_seed0,dcrlme,0,leg2_paralysed,ite,4,8,539,1297.671875,539,1270.4251708984375,56.05677981406933,46.08500075964611,3
dcrlme_seed0,dcrlme,0,leg2_paralysed,ite,4,9,539,1259.789794921875,539,1270.4251708984375,56.05677981406933,46.08500075964611,3
dcrlme_seed0,dcrlme,0,leg2_paralysed,ite,4,10,539,1230.9468994140625,539,1270.4251708984375,56.05677981406933,46.08500075964611,3
dcrlme_seed0,dcrlme,0,leg2_paralysed,ite,4,11,636,1307.72119140625,636,1285.298828125,59.99475905688362,49.322464220774464,3
dcrlme_seed0,dcrlme,0,leg2_paralysed,ite,4,12,636,1296.1024169921875,636,1285.298828125,59.99475905688362,49.322464220774464,3
dcrlme_seed0,dcrlme,0,leg2_paralysed,ite,4,13,636,1283.375244140625,636,1285.298828125,59.99475905688362,49.322464220774464,3
dcrlme_seed0,dcrlme,0,leg2_paralysed,ite,4,14,636,1257.60595703125,636,1285.298828125,59.99475905688362,49.322464220774464,3
dcrlme_seed0,dcrlme,0,leg2_paralysed,ite,4,15,636,1248.070068359375,636,1285.298828125,59.99475905688362,49.322464220774464,3
dcrlme_seed0,dcrlme,0,leg2_paralysed,ite,4,16,636,1289.8818359375,636,1285.298828125,59.99475905688362,49.322464220774464,3
dcrlme_seed0,dcrlme,0,leg2_paralysed,ite,4,17,636,1311.4000244140625,636,1285.298828125,59.99475905688362,49.322464220774464,3
dcrlme_seed0,dcrlme,0,leg2_paralysed,ite,4,18,636,1311.8482666015625,636,1285.298828125,59.99475905688362,49.322464220774464,3
dcrlme_seed0,dcrlme,0,leg2_paralysed,ite,4,19,636,1278.2728271484375,636,1285.298828125,59.99475905688362,49.322464220774464,3
dcrlme_seed0,dcrlme,0,leg2_paralysed,ite,4,20,636,1309.408447265625,636,1285.298828125,59.99475905688362,49.322464220774464,3
dcrlme_seed0,dcrlme,0,leg2_paralysed,top_k,0,1,43,1191.6907958984375,43,1169.292724609375,29.28075101396218,24.072082577650626,
dcrlme_seed0,dcrlme,0,leg2_paralysed,top_k,0,2,442,1244.48291015625,442,1183.103759765625,32.93738831161091,27.07825120165705,
dcrlme_seed0,dcrlme,0,leg2_paralysed,top_k,0,3,724,1222.821044921875,442,1183.103759765625,32.93738831161091,27.07825120165705,
dcrlme_seed0,dcrlme,0,leg2_paralysed,top_k,0,4,793,1092.328125,442,1183.103759765625,32.93738831161091,27.07825120165705,
dcrlme_seed0,dcrlme,0,leg2_paralysed,top_k,0,5,381,1179.837158203125,442,1183.103759765625,32.93738831161091,27.07825120165705,
dcrlme_seed0,dcrlme,0,leg2_paralysed,top_k,0,6,449,1247.70458984375,449,1282.6005859375,59.280367057350055,48.73515335578385,
dcrlme_seed0,dcrlme,0,leg2_paralysed,top_k,0,7,798,1157.3902587890625,449,1282.6005859375,59.280367057350055,48.73515335578385,
dcrlme_seed0,dcrlme,0,leg2_paralysed,top_k,0,8,131,1249.0069580078125,131,1246.9013671875,49.82857048299285,40.96470964221279,
dcrlme_seed0,dcrlme,0,leg2_paralysed,top_k,0,9,375,1163.2802734375,131,1246.9013671875,49.82857048299285,40.96470964221279,
dcrlme_seed0,dcrlme,0,leg2_paralysed,top_k,0,10,588,1221.93310546875,131,1246.9013671875,49.82857048299285,40.96470964221279,
dcrlme_seed0,dcrlme,0,leg2_paralysed,top_k,0,11,658,1090.0054931640625,131,1246.9013671875,49.82857048299285,40.96470964221279,
dcrlme_seed0,dcrlme,0,leg2_paralysed,top_k,0,12,244,1177.029296875,131,1246.9013671875,49.82857048299285,40.96470964221279,
dcrlme_seed0,dcrlme,0,leg2_paralysed,top_k,0,13,229,1256.1461181640625,229,1242.7333984375,48.72505073850887,40.057491845694535,
dcrlme_seed0,dcrlme,0,leg2_paralysed,top_k,0,14,567,1248.42333984375,229,1242.7333984375,48.72505073850887,40.057491845694535,
dcrlme_seed0,dcrlme,0,leg2_paralysed,top_k,0,15,976,1348.410888671875,976,1136.1954345703125,20.517846290403828,16.867985728324715,
dcrlme_seed0,dcrlme,0,leg2_paralysed,top_k,0,16,70,1106.1328125,976,1136.1954345703125,20.517846290403828,16.867985728324715,
dcrlme_seed0,dcrlme,0,leg2_paralysed,top_k,0,17,901,1278.4659423828125,976,1136.1954345703125,20.517846290403828,16.867985728324715,
dcrlme_seed0,dcrlme,0,leg2_paralysed,top_k,0,18,611,1207.111083984375,976,1136.1954345703125,20.517846290403828,16.867985728324715,
dcrlme_seed0,dcrlme,0,leg2_paralysed,top_k,0,19,547,1207.6591796875,976,1136.1954345703125,20.517846290403828,16.867985728324715,
dcrlme_seed0,dcrlme,0,leg2_paralysed,top_k,0,20,540,1158.9049072265625,976,1136.1954345703125,20.517846290403828,16.867985728324715,
dcrlme_seed0,dcrlme,0,leg2_paralysed,top_k,1,1,43,1157.133544921875,43,1169.292724609375,29.28075101396218,24.072082577650626,
dcrlme_seed0,dcrlme,0,leg2_paralysed,top_k,1,2,442,1192.7041015625,442,1183.103759765625,32.93738831161091,27.07825120165705,
dcrlme_seed0,dcrlme,0,leg2_paralysed,top_k,1,3,724,1204.9425048828125,724,1202.7005615234375,38.12587674941039,31.34377437995048,
dcrlme_seed0,dcrlme,0,leg2_paralysed,top_k,1,4,793,1157.749755859375,724,1202.7005615234375,38.12587674941039,31.34377437995048,
dcrlme_seed0,dcrlme,0,leg2_paralysed,top_k,1,5,381,1215.21484375,381,1222.3502197265625,43.328359565412825,35.62080251682792,
dcrlme_seed0,dcrlme,0,leg2_paralysed,top_k,1,6,449,1256.799560546875,449,1282.6005859375,59.280367057350055,48.73515335578385,
dcrlme_seed0,dcrlme,0,leg2_paralysed,top_k,1,7,798,1135.4267578125,449,1282.6005859375,59.280367057350055,48.73515335578385,
dcrlme_seed0,dcrlme,0,leg2_paralysed,top_k,1,8,131,1255.751708984375,449,1282.6005859375,59.280367057350055,48.73515335578385,
dcrlme_seed0,dcrlme,0,leg2_paralysed,top_k,1,9,375,1171.481201171875,449,1282.6005859375,59.280367057350055,48.73515335578385,
dcrlme_seed0,dcrlme,0,leg2_paralysed,top_k,1,10,588,1240.4482421875,449,1282.6005859375,59.280367057350055,48.73515335578385,
dcrlme_seed0,dcrlme,0,leg2_paralysed,top_k,1,11,658,1093.056396484375,449,1282.6005859375,59.280367057350055,48.73515335578385,
dcrlme_seed0,dcrlme,0,leg2_paralysed,top_k,1,12,244,1071.2841796875,449,1282.6005859375,59.280367057350055,48.73515335578385,
dcrlme_seed0,dcrlme,0,leg2_paralysed,top_k,1,13,229,1235.2508544921875,449,1282.6005859375,59.280367057350055,48.73515335578385,
dcrlme_seed0,dcrlme,0,leg2_paralysed,top_k,1,14,567,1247.501953125,449,1282.6005859375,59.280367057350055,48.73515335578385,
dcrlme_seed0,dcrlme,0,leg2_paralysed,top_k,1,15,976,1140.1295166015625,449,1282.6005859375,59.280367057350055,48.73515335578385,
dcrlme_seed0,dcrlme,0,leg2_paralysed,top_k,1,16,70,1110.307861328125,449,1282.6005859375,59.280367057350055,48.73515335578385,
dcrlme_seed0,dcrlme,0,leg2_paralysed,top_k,1,17,901,1449.555908203125,901,1278.558349609375,58.21013648041582,47.85530301271024,
dcrlme_seed0,dcrlme,0,leg2_paralysed,top_k,1,18,611,1211.1671142578125,901,1278.558349609375,58.21013648041582,47.85530301271024,
dcrlme_seed0,dcrlme,0,leg2_paralysed,top_k,1,19,547,1140.876708984375,901,1278.558349609375,58.21013648041582,47.85530301271024,
dcrlme_seed0,dcrlme,0,leg2_paralysed,top_k,1,20,540,1176.390380859375,901,1278.558349609375,58.21013648041582,47.85530301271024,
dcrlme_seed0,dcrlme,0,leg2_paralysed,top_k,2,1,43,1187.9276123046875,43,1169.292724609375,29.28075101396218,24.072082577650626,
dcrlme_seed0,dcrlme,0,leg2_paralysed,top_k,2,2,442,1158.387451171875,43,1169.292724609375,29.28075101396218,24.072082577650626,
dcrlme_seed0,dcrlme,0,leg2_paralysed,top_k,2,3,724,1169.4415283203125,43,1169.292724609375,29.28075101396218,24.072082577650626,
dcrlme_seed0,dcrlme,0,leg2_paralysed,top_k,2,4,793,1177.689453125,43,1169.292724609375,29.28075101396218,24.072082577650626,
dcrlme_seed0,dcrlme,0,leg2_paralysed,top_k,2,5,381,1196.185302734375,381,1222.3502197265625,43.328359565412825,35.62080251682792,
dcrlme_seed0,dcrlme,0,leg2_paralysed,top_k,2,6,449,1230.47265625,449,1282.6005859375,59.280367057350055,48.73515335578385,
dcrlme_seed0,dcrlme,0,leg2_paralysed,top_k,2,7,798,1161.354248046875,449,1282.6005859375,59.280367057350055,48.73515335578385,
dcrlme_seed0,dcrlme,0,leg2_paralysed,top_k,2,8,131,1267.88818359375,131,1246.9013671875,49.82857048299285,40.96470964221279,
dcrlme_seed0,dcrlme,0,leg2_paralysed,top_k,2,9,375,1168.837890625,131,1246.9013671875,49.82857048299285,40.96470964221279,
dcrlme_seed0,dcrlme,0,leg2_paralysed,top_k,2,10,588,1250.8310546875,131,1246.9013671875,49.82857048299285,40.96470964221279,
dcrlme_seed0,dcrlme,0,leg2_paralysed,top_k,2,11,658,1061.791015625,131,1246.9013671875,49.82857048299285,40.96470964221279,
dcrlme_seed0,dcrlme,0,leg2_paralysed,top_k,2,12,244,1121.7320556640625,131,1246.9013671875,49.82857048299285,40.96470964221279,
dcrlme_seed0,dcrlme,0,leg2_paralysed,top_k,2,13,229,1256.7305908203125,131,1246.9013671875,49.82857048299285,40.96470964221279,
dcrlme_seed0,dcrlme,0,leg2_paralysed,top_k,2,14,567,1231.761962890625,131,1246.9013671875,49.82857048299285,40.96470964221279,
dcrlme_seed0,dcrlme,0,leg2_paralysed,top_k,2,15,976,1147.043212890625,131,1246.9013671875,49.82857048299285,40.96470964221279,
dcrlme_seed0,dcrlme,0,leg2_paralysed,top_k,2,16,70,1116.8577880859375,131,1246.9013671875,49.82857048299285,40.96470964221279,
dcrlme_seed0,dcrlme,0,leg2_paralysed,top_k,2,17,901,1343.0791015625,901,1278.558349609375,58.21013648041582,47.85530301271024,
dcrlme_seed0,dcrlme,0,leg2_paralysed,top_k,2,18,611,1194.1865234375,901,1278.558349609375,58.21013648041582,47.85530301271024,
dcrlme_seed0,dcrlme,0,leg2_paralysed,top_k,2,19,547,1179.1429443359375,901,1278.558349609375,58.21013648041582,47.85530301271024,
dcrlme_seed0,dcrlme,0,leg2_paralysed,top_k,2,20,540,1281.3653564453125,901,1278.558349609375,58.21013648041582,47.85530301271024,
dcrlme_seed0,dcrlme,0,leg2_paralysed,top_k,3,1,43,1214.269287109375,43,1169.292724609375,29.28075101396218,24.072082577650626,
dcrlme_seed0,dcrlme,0,leg2_paralysed,top_k,3,2,442,1180.6416015625,43,1169.292724609375,29.28075101396218,24.072082577650626,
dcrlme_seed0,dcrlme,0,leg2_paralysed,top_k,3,3,724,1142.9554443359375,43,1169.292724609375,29.28075101396218,24.072082577650626,
dcrlme_seed0,dcrlme,0,leg2_paralysed,top_k,3,4,793,1184.04345703125,43,1169.292724609375,29.28075101396218,24.072082577650626,
dcrlme_seed0,dcrlme,0,leg2_paralysed,top_k,3,5,381,1238.77392578125,381,1222.3502197265625,43.328359565412825,35.62080251682792,
dcrlme_seed0,dcrlme,0,leg2_paralysed,top_k,3,6,449,1301.6136474609375,449,1282.6005859375,59.280367057350055,48.73515335578385,
dcrlme_seed0,dcrlme,0,leg2_paralysed,top_k,3,7,798,1178.678955078125,449,1282.6005859375,59.280367057350055,48.73515335578385,
dcrlme_seed0,dcrlme,0,leg2_paralysed,top_k,3,8,131,1279.07763671875,449,1282.6005859375,59.280367057350055,48.73515335578385,
dcrlme_seed0,dcrlme,0,leg2_paralysed,top_k,3,9,375,1188.74560546875,449,1282.6005859375,59.280367057350055,48.73515335578385,
dcrlme_seed0,dcrlme,0,leg2_paralysed,top_k,3,10,588,1210.3206787109375,449,1282.6005859375,59.280367057350055,48.73515335578385,
dcrlme_seed0,dcrlme,0,leg2_paralysed,top_k,3,11,658,1086.261474609375,449,1282.6005859375,59.280367057350055,48.73515335578385,
dcrlme_seed0,dcrlme,0,leg2_paralysed,top_k,3,12,244,1075.908203125,449,1282.6005859375,59.280367057350055,48.73515335578385,
dcrlme_seed0,dcrlme,0,leg2_paralysed,top_k,3,13,229,1263.746826171875,449,1282.6005859375,59.280367057350055,48.73515335578385,
dcrlme_seed0,dcrlme,0,leg2_paralysed,top_k,3,14,567,1237.5426025390625,449,1282.6005859375,59.280367057350055,48.73515335578385,
dcrlme_seed0,dcrlme,0,leg2_paralysed,top_k,3,15,976,1139.556884765625,449,1282.6005859375,59.280367057350055,48.73515335578385,
dcrlme_seed0,dcrlme,0,leg2_paralysed,top_k,3,16,70,1107.580078125,449,1282.6005859375,59.280367057350055,48.73515335578385,
dcrlme_seed0,dcrlme,0,leg2_paralysed,top_k,3,17,901,1207.5921630859375,449,1282.6005859375,59.280367057350055,48.73515335578385,
dcrlme_seed0,dcrlme,0,leg2_paralysed,top_k,3,18,611,1204.1510009765625,449,1282.6005859375,59.280367057350055,48.73515335578385,
dcrlme_seed0,dcrlme,0,leg2_paralysed,top_k,3,19,547,1086.5498046875,449,1282.6005859375,59.280367057350055,48.73515335578385,
dcrlme_seed0,dcrlme,0,leg2_paralysed,top_k,3,20,540,1306.2872314453125,540,1346.13427734375,76.10167429645769,62.564166714449,
dcrlme_seed0,dcrlme,0,leg2_paralysed,top_k,4,1,43,1217.7154541015625,43,1169.292724609375,29.28075101396218,24.072082577650626,
dcrlme_seed0,dcrlme,0,leg2_paralysed,top_k,4,2,442,1165.789306640625,43,1169.292724609375,29.28075101396218,24.072082577650626,
dcrlme_seed0,dcrlme,0,leg2_paralysed,top_k,4,3,724,1224.140380859375,724,1202.7005615234375,38.12587674941039,31.34377437995048,
dcrlme_seed0,dcrlme,0,leg2_paralysed,top_k,4,4,793,1162.056396484375,724,1202.7005615234375,38.12587674941039,31.34377437995048,
dcrlme_seed0,dcrlme,0,leg2_paralysed,top_k,4,5,381,1152.68408203125,724,1202.7005615234375,38.12587674941039,31.34377437995048,
dcrlme_seed0,dcrlme,0,leg2_paralysed,top_k,4,6,449,1263.7076416015625,449,1282.6005859375,59.280367057350055,48.73515335578385,
dcrlme_seed0,dcrlme,0,leg2_paralysed,top_k,4,7,798,1137.874267578125,449,1282.6005859375,59.280367057350055,48.73515335578385,
dcrlme_seed0,dcrlme,0,leg2_paralysed,top_k,4,8,131,1263.823486328125,131,1246.9013671875,49.82857048299285,40.96470964221279,
dcrlme_seed0,dcrlme,0,leg2_paralysed,top_k,4,9,375,1176.15087890625,131,1246.9013671875,49.82857048299285,40.96470964221279,
dcrlme_seed0,dcrlme,0,leg2_paralysed,top_k,4,10,588,1212.158447265625,131,1246.9013671875,49.82857048299285,40.96470964221279,
dcrlme_seed0,dcrlme,0,leg2_paralysed,top_k,4,11,658,1065.1634521484375,131,1246.9013671875,49.82857048299285,40.96470964221279,
dcrlme_seed0,dcrlme,0,leg2_paralysed,top_k,4,12,244,1123.526123046875,131,1246.9013671875,49.82857048299285,40.96470964221279,
dcrlme_seed0,dcrlme,0,leg2_paralysed,top_k,4,13,229,1272.053466796875,229,1242.7333984375,48.72505073850887,40.057491845694535,
dcrlme_seed0,dcrlme,0,leg2_paralysed,top_k,4,14,567,1274.88818359375,567,1264.857666015625,54.58271608321852,44.87315397891154,
dcrlme_seed0,dcrlme,0,leg2_paralysed,top_k,4,15,976,1111.490234375,567,1264.857666015625,54.58271608321852,44.87315397891154,
dcrlme_seed0,dcrlme,0,leg2_paralysed,top_k,4,16,70,1099.0931396484375,567,1264.857666015625,54.58271608321852,44.87315397891154,
dcrlme_seed0,dcrlme,0,leg2_paralysed,top_k,4,17,901,1362.6365966796875,901,1278.558349609375,58.21013648041582,47.85530301271024,
dcrlme_seed0,dcrlme,0,leg2_paralysed,top_k,4,18,611,1233.5576171875,901,1278.558349609375,58.21013648041582,47.85530301271024,
dcrlme_seed0,dcrlme,0,leg2_paralysed,top_k,4,19,547,1175.798583984375,901,1278.558349609375,58.21013648041582,47.85530301271024,
dcrlme_seed0,dcrlme,0,leg2_paralysed,top_k,4,20,540,1299.1495361328125,901,1278.558349609375,58.21013648041582,47.85530301271024,
dcrlme_seed0,dcrlme,0,leg2_paralysed,best_intact,0,1,43,1228.44384765625,43,1169.292724609375,29.28075101396218,24.072082577650626,
dcrlme_seed0,dcrlme,0,leg2_paralysed,best_intact,1,1,43,1127.4759521484375,43,1169.292724609375,29.28075101396218,24.072082577650626,
dcrlme_seed0,dcrlme,0,leg2_paralysed,best_intact,2,1,43,1150.9854736328125,43,1169.292724609375,29.28075101396218,24.072082577650626,
dcrlme_seed0,dcrlme,0,leg2_paralysed,best_intact,3,1,43,1216.89111328125,43,1169.292724609375,29.28075101396218,24.072082577650626,
dcrlme_seed0,dcrlme,0,leg2_paralysed,best_intact,4,1,43,1163.78173828125,43,1169.292724609375,29.28075101396218,24.072082577650626,
dcrlme_seed0,dcrlme,0,leg3_paralysed,ite,0,1,43,1085.3857421875,43,1086.08349609375,18.340221918339953,5.960408169360208,
dcrlme_seed0,dcrlme,0,leg3_paralysed,ite,0,2,539,1089.804931640625,539,1086.631103515625,18.706984497045518,6.07960272873172,
dcrlme_seed0,dcrlme,0,leg3_paralysed,ite,0,3,976,1078.059814453125,539,1086.631103515625,18.706984497045518,6.07960272873172,
dcrlme_seed0,dcrlme,0,leg3_paralysed,ite,0,4,436,1054.86962890625,539,1086.631103515625,18.706984497045518,6.07960272873172,
dcrlme_seed0,dcrlme,0,leg3_paralysed,ite,0,5,934,1058.1357421875,539,1086.631103515625,18.706984497045518,6.07960272873172,
dcrlme_seed0,dcrlme,0,leg3_paralysed,ite,0,6,368,1067.358154296875,539,1086.631103515625,18.706984497045518,6.07960272873172,
dcrlme_seed0,dcrlme,0,leg3_paralysed,ite,0,7,636,1082.413330078125,539,1086.631103515625,18.706984497045518,6.07960272873172,
dcrlme_seed0,dcrlme,0,leg3_paralysed,ite,0,8,442,1074.65673828125,539,1086.631103515625,18.706984497045518,6.07960272873172,
dcrlme_seed0,dcrlme,0,leg3_paralysed,ite,0,9,70,1087.49951171875,539,1086.631103515625,18.706984497045518,6.07960272873172,
dcrlme_seed0,dcrlme,0,leg3_paralysed,ite,0,10,1018,1078.5616455078125,539,1086.631103515625,18.706984497045518,6.07960272873172,
dcrlme_seed0,dcrlme,0,leg3_paralysed,ite,0,11,976,1092.849365234375,976,1090.1641845703125,21.073281714048456,6.848628170526115,
dcrlme_seed0,dcrlme,0,leg3_paralysed,ite,0,12,442,1074.857666015625,976,1090.1641845703125,21.073281714048456,6.848628170526115,
dcrlme_seed0,dcrlme,0,leg3_paralysed,ite,0,13,636,1105.28369140625,636,1089.1865234375,20.418488692904255,6.635826292236673,
dcrlme_seed0,dcrlme,0,leg3_paralysed,ite,0,14,254,1081.802490234375,636,1089.1865234375,20.418488692904255,6.635826292236673,
dcrlme_seed0,dcrlme,0,leg3_paralysed,ite,0,15,700,1065.27001953125,636,1089.1865234375,20.418488692904255,6.635826292236673,
dcrlme_seed0,dcrlme,0,leg3_paralysed,ite,0,16,403,1088.16162109375,636,1089.1865234375,20.418488692904255,6.635826292236673,
dcrlme_seed0,dcrlme,0,leg3_paralysed,ite,0,17,636,1093.5576171875,636,1089.1865234375,20.418488692904255,6.635826292236673,
dcrlme_seed0,dcrlme,0,leg3_paralysed,ite,0,18,442,1090.513916015625,636,1089.1865234375,20.418488692904255,6.635826292236673,
dcrlme_seed0,dcrlme,0,leg3_paralysed,ite,0,19,976,1096.835693359375,636,1089.1865234375,20.418488692904255,6.635826292236673,
dcrlme_seed0,dcrlme,0,leg3_paralysed,ite,0,20,636,1090.594482421875,636,1089.1865234375,20.418488692904255,6.635826292236673,
dcrlme_seed0,dcrlme,0,leg3_paralysed,ite,1,1,43,1085.6976318359375,43,1086.08349609375,18.340221918339953,5.960408169360208,16
dcrlme_seed0,dcrlme,0,leg3_paralysed,ite,1,2,539,1102.411376953125,539,1086.631103515625,18.706984497045518,6.07960272873172,16
dcrlme_seed0,dcrlme,0,leg3_paralysed,ite,1,3,976,1116.743896484375,976,1090.1641845703125,21.073281714048456,6.848628170526115,16
dcrlme_seed0,dcrlme,0,leg3_paralysed,ite,1,4,436,1071.596923828125,976,1090.1641845703125,21.073281714048456,6.848628170526115,16
dcrlme_seed0,dcrlme,0,leg3_paralysed,ite,1,5,934,1058.2840576171875,976,1090.1641845703125,21.073281714048456,6.848628170526115,16
dcrlme_seed0,dcrlme,0,leg3_paralysed,ite,1,6,368,1070.794921875,976,1090.1641845703125,21.073281714048456,6.848628170526115,16
dcrlme_seed0,dcrlme,0,leg3_paralysed,ite,1,7,636,1092.785400390625,976,1090.1641845703125,21.073281714048456,6.848628170526115,16
dcrlme_seed0,dcrlme,0,leg3_paralysed,ite,1,8,442,1070.8585205078125,976,1090.1641845703125,21.073281714048456,6.848628170526115,16
dcrlme_seed0,dcrlme,0,leg3_paralysed,ite,1,9,976,1088.110595703125,976,1090.1641845703125,21.073281714048456,6.848628170526115,16
dcrlme_seed0,dcrlme,0,leg3_paralysed,ite,1,10,1018,1085.84619140625,976,1090.1641845703125,21.073281714048456,6.848628170526115,16
dcrlme_seed0,dcrlme,0,leg3_paralysed,ite,1,11,70,1079.3494873046875,976,1090.1641845703125,21.073281714048456,6.848628170526115,16
dcrlme_seed0,dcrlme,0,leg3_paralysed,ite,1,12,636,1085.327880859375,976,1090.1641845703125,21.073281714048456,6.848628170526115,16
dcrlme_seed0,dcrlme,0,leg3_paralysed,ite,1,13,442,1085.3690185546875,976,1090.1641845703125,21.073281714048456,6.848628170526115,16
dcrlme_seed0,dcrlme,0,leg3_paralysed,ite,1,14,976,1093.630126953125,976,1090.1641845703125,21.073281714048456,6.848628170526115,16
dcrlme_seed0,dcrlme,0,leg3_paralysed,ite,1,15,700,1066.3629150390625,976,1090.1641845703125,21.073281714048456,6.848628170526115,16
dcrlme_seed0,dcrlme,0,leg3_paralysed,ite,1,16,403,1095.260986328125,976,1090.1641845703125,21.073281714048456,6.848628170526115,16
dcrlme_seed0,dcrlme,0,leg3_paralysed,ite,1,17,254,1087.0595703125,976,1090.1641845703125,21.073281714048456,6.848628170526115,16
dcrlme_seed0,dcrlme,0,leg3_paralysed,ite,1,18,976,1086.6461181640625,976,1090.1641845703125,21.073281714048456,6.848628170526115,16
dcrlme_seed0,dcrlme,0,leg3_paralysed,ite,1,19,442,1086.0792236328125,976,1090.1641845703125,21.073281714048456,6.848628170526115,16
dcrlme_seed0,dcrlme,0,leg3_paralysed,ite,1,20,636,1094.587646484375,976,1090.1641845703125,21.073281714048456,6.848628170526115,16
dcrlme_seed0,dcrlme,0,leg3_paralysed,ite,2,1,43,1092.995849609375,43,1086.08349609375,18.340221918339953,5.960408169360208,18
dcrlme_seed0,dcrlme,0,leg3_paralysed,ite,2,2,539,1115.6090087890625,539,1086.631103515625,18.706984497045518,6.07960272873172,18
dcrlme_seed0,dcrlme,0,leg3_paralysed,ite,2,3,976,1080.7421875,539,1086.631103515625,18.706984497045518,6.07960272873172,18
dcrlme_seed0,dcrlme,0,leg3_paralysed,ite,2,4,436,1066.065185546875,539,1086.631103515625,18.706984497045518,6.07960272873172,18
dcrlme_seed0,dcrlme,0,leg3_paralysed,ite,2,5,934,1057.390625,539,1086.631103515625,18.706984497045518,6.07960272873172,18
dcrlme_seed0,dcrlme,0,leg3_paralysed,ite,2,6,368,1071.00341796875,539,1086.631103515625,18.706984497045518,6.07960272873172,18
dcrlme_seed0,dcrlme,0,leg3_paralysed,ite,2,7,636,1098.6689453125,539,1086.631103515625,18.706984497045518,6.07960272873172,18
dcrlme_seed0,dcrlme,0,leg3_paralysed,ite,2,8,442,1083.501220703125,539,1086.631103515625,18.706984497045518,6.07960272873172,18
dcrlme_seed0,dcrlme,0,leg3_paralysed,ite,2,9,1018,1079.8289794921875,539,1086.631103515625,18.706984497045518,6.07960272873172,18
dcrlme_seed0,dcrlme,0,leg3_paralysed,ite,2,10,70,1081.4774169921875,539,1086.631103515625,18.706984497045518,6.07960272873172,18
dcrlme_seed0,dcrlme,0,leg3_paralysed,ite,2,11,636,1084.31689453125,539,1086.631103515625,18.706984497045518,6.07960272873172,18
dcrlme_seed0,dcrlme,0,leg3_paralysed,ite,2,12,442,1084.347412109375,539,1086.631103515625,18.706984497045518,6.07960272873172,18
dcrlme_seed0,dcrlme,0,leg3_paralysed,ite,2,13,976,1092.486572265625,539,1086.631103515625,18.706984497045518,6.07960272873172,18
dcrlme_seed0,dcrlme,0,leg3_paralysed,ite,2,14,700,1065.40869140625,539,1086.631103515625,18.706984497045518,6.07960272873172,18
dcrlme_seed0,dcrlme,0,leg3_paralysed,ite,2,15,403,1095.5120849609375,539,1086.631103515625,18.706984497045518,6.07960272873172,18
dcrlme_seed0,dcrlme,0,leg3_paralysed,ite,2,16,442,1072.703369140625,539,1086.631103515625,18.706984497045518,6.07960272873172,18
dcrlme_seed0,dcrlme,0,leg3_paralysed,ite,2,17,254,1079.451904296875,539,1086.631103515625,18.706984497045518,6.07960272873172,18
dcrlme_seed0,dcrlme,0,leg3_paralysed,ite,2,18,636,1093.16015625,539,1086.631103515625,18.706984497045518,6.07960272873172,18
dcrlme_seed0,dcrlme,0,leg3_paralysed,ite,2,19,976,1072.171630859375,539,1086.631103515625,18.706984497045518,6.07960272873172,18
dcrlme_seed0,dcrlme,0,leg3_paralysed,ite,2,20,636,1082.9156494140625,539,1086.631103515625,18.706984497045518,6.07960272873172,18
dcrlme_seed0,dcrlme,0,leg3_paralysed,ite,3,1,43,1085.330322265625,43,1086.08349609375,18.340221918339953,5.960408169360208,
dcrlme_seed0,dcrlme,0,leg3_paralysed,ite,3,2,539,1094.9525146484375,539,1086.631103515625,18.706984497045518,6.07960272873172,
dcrlme_seed0,dcrlme,0,leg3_paralysed,ite,3,3,976,1072.478759765625,539,1086.631103515625,18.706984497045518,6.07960272873172,
dcrlme_seed0,dcrlme,0,leg3_paralysed,ite,3,4,436,1070.78271484375,539,1086.631103515625,18.706984497045518,6.07960272873172,
dcrlme_seed0,dcrlme,0,leg3_paralysed,ite,3,5,934,1059.07421875,539,1086.631103515625,18.706984497045518,6.07960272873172,
dcrlme_seed0,dcrlme,0,leg3_paralysed,ite,3,6,368,1071.45458984375,539,1086.631103515625,18.706984497045518,6.07960272873172,
dcrlme_seed0,dcrlme,0,leg3_paralysed,ite,3,7,636,1094.576171875,539,1086.631103515625,18.706984497045518,6.07960272873172,
dcrlme_seed0,dcrlme,0,leg3_paralysed,ite,3,8,442,1085.05322265625,539,1086.631103515625,18.706984497045518,6.07960272873172,
dcrlme_seed0,dcrlme,0,leg3_paralysed,ite,3,9,70,1079.006103515625,539,1086.631103515625,18.706984497045518,6.07960272873172,
dcrlme_seed0,dcrlme,0,leg3_paralysed,ite,3,10,1018,1077.22119140625,539,1086.631103515625,18.706984497045518,6.07960272873172,
dcrlme_seed0,dcrlme,0,leg3_paralysed,ite,3,11,442,1083.083984375,539,1086.631103515625,18.706984497045518,6.07960272873172,
dcrlme_seed0,dcrlme,0,leg3_paralysed,ite,3,12,636,1083.400390625,539,1086.631103515625,18.706984497045518,6.07960272873172,
dcrlme_seed0,dcrlme,0,leg3_paralysed,ite,3,13,976,1087.56884765625,539,1086.631103515625,18.706984497045518,6.07960272873172,
dcrlme_seed0,dcrlme,0,leg3_paralysed,ite,3,14,254,1083.1455078125,539,1086.631103515625,18.706984497045518,6.07960272873172,
dcrlme_seed0,dcrlme,0,leg3_paralysed,ite,3,15,700,1065.8408203125,539,1086.631103515625,18.706984497045518,6.07960272873172,
dcrlme_seed0,dcrlme,0,leg3_paralysed,ite,3,16,403,1095.47509765625,403,1095.58642578125,24.704852597579997,8.02885624291202,
dcrlme_seed0,dcrlme,0,leg3_paralysed,ite,3,17,442,1076.461181640625,403,1095.58642578125,24.704852597579997,8.02885624291202,
dcrlme_seed0,dcrlme,0,leg3_paralysed,ite,3,18,636,1078.7919921875,403,1095.58642578125,24.704852597579997,8.02885624291202,
dcrlme_seed0,dcrlme,0,leg3_paralysed,ite,3,19,976,1097.2376708984375,976,1090.1641845703125,21.073281714048456,6.848628170526115,
dcrlme_seed0,dcrlme,0,leg3_paralysed,ite,3,20,442,1081.453369140625,976,1090.1641845703125,21.073281714048456,6.848628170526115,
dcrlme_seed0,dcrlme,0,leg3_paralysed,ite,4,1,43,1082.513427734375,43,1086.08349609375,18.340221918339953,5.960408169360208,17
dcrlme_seed0,dcrlme,0,leg3_paralysed,ite,4,2,539,1096.7291259765625,539,1086.631103515625,18.706984497045518,6.07960272873172,17
dcrlme_seed0,dcrlme,0,leg3_paralysed,ite,4,3,976,1087.0299072265625,539,1086.631103515625,18.706984497045518,6.07960272873172,17
dcrlme_seed0,dcrlme,0,leg3_paralysed,ite,4,4,436,1067.1063232421875,539,1086.631103515625,18.706984497045518,6.07960272873172,17
dcrlme_seed0,dcrlme,0,leg3_paralysed,ite,4,5,934,1057.7138671875,539,1086.631103515625,18.706984497045518,6.07960272873172,17
dcrlme_seed0,dcrlme,0,leg3_paralysed,ite,4,6,368,1066.0361328125,539,1086.631103515625,18.706984497045518,6.07960272873172,17
dcrlme_seed0,dcrlme,0,leg3_paralysed,ite,4,7,636,1087.697998046875,539,1086.631103515625,18.706984497045518,6.07960272873172,17
dcrlme_seed0,dcrlme,0,leg3_paralysed,ite,4,8,442,1079.4521484375,539,1086.631103515625,18.706984497045518,6.07960272873172,17
dcrlme_seed0,dcrlme,0,leg3_paralysed,ite,4,9,70,1084.2838134765625,539,1086.631103515625,18.706984497045518,6.07960272873172,17
dcrlme_seed0,dcrlme,0,leg3_paralysed,ite,4,10,1018,1083.5174560546875,539,1086.631103515625,18.706984497045518,6.07960272873172,17
dcrlme_seed0,dcrlme,0,leg3_paralysed,ite,4,11,976,1108.9573974609375,976,1090.1641845703125,21.073281714048456,6.848628170526115,17
dcrlme_seed0,dcrlme,0,leg3_paralysed,ite,4,12,442,1080.408203125,976,1090.1641845703125,21.073281714048456,6.848628170526115,17
dcrlme_seed0,dcrlme,0,leg3_paralysed,ite,4,13,636,1090.5845947265625,976,1090.1641845703125,21.073281714048456,6.848628170526115,17
dcrlme_seed0,dcrlme,0,leg3_paralysed,ite,4,14,976,1111.7357177734375,976,1090.1641845703125,21.073281714048456,6.848628170526115,17
dcrlme_seed0,dcrlme,0,leg3_paralysed,ite,4,15,700,1070.47314453125,976,1090.1641845703125,21.073281714048456,6.848628170526115,17
dcrlme_seed0,dcrlme,0,leg3_paralysed,ite,4,16,254,1086.62744140625,976,1090.1641845703125,21.073281714048456,6.848628170526115,17
dcrlme_seed0,dcrlme,0,leg3_paralysed,ite,4,17,976,1117.1171875,976,1090.1641845703125,21.073281714048456,6.848628170526115,17
dcrlme_seed0,dcrlme,0,leg3_paralysed,ite,4,18,403,1097.9486083984375,976,1090.1641845703125,21.073281714048456,6.848628170526115,17
dcrlme_seed0,dcrlme,0,leg3_paralysed,ite,4,19,976,1076.71728515625,976,1090.1641845703125,21.073281714048456,6.848628170526115,17
dcrlme_seed0,dcrlme,0,leg3_paralysed,ite,4,20,442,1082.399169921875,976,1090.1641845703125,21.073281714048456,6.848628170526115,17
dcrlme_seed0,dcrlme,0,leg3_paralysed,top_k,0,1,43,1089.123779296875,43,1086.08349609375,18.340221918339953,5.960408169360208,
dcrlme_seed0,dcrlme,0,leg3_paralysed,top_k,0,2,442,1072.7991943359375,43,1086.08349609375,18.340221918339953,5.960408169360208,
dcrlme_seed0,dcrlme,0,leg3_paralysed,top_k,0,3,724,1078.5224609375,43,1086.08349609375,18.340221918339953,5.960408169360208,
dcrlme_seed0,dcrlme,0,leg3_paralysed,top_k,0,4,793,1072.35107421875,43,1086.08349609375,18.340221918339953,5.960408169360208,
dcrlme_seed0,dcrlme,0,leg3_paralysed,top_k,0,5,381,1083.9730224609375,43,1086.08349609375,18.340221918339953,5.960408169360208,
dcrlme_seed0,dcrlme,0,leg3_paralysed,top_k,0,6,449,1068.7926025390625,43,1086.08349609375,18.340221918339953,5.960408169360208,
dcrlme_seed0,dcrlme,0,leg3_paralysed,top_k,0,7,798,1085.03125,43,1086.08349609375,18.340221918339953,5.960408169360208,
dcrlme_seed0,dcrlme,0,leg3_paralysed,top_k,0,8,131,1080.3162841796875,43,1086.08349609375,18.340221918339953,5.960408169360208,
dcrlme_seed0,dcrlme,0,leg3_paralysed,top_k,0,9,375,1074.981689453125,43,1086.08349609375,18.340221918339953,5.960408169360208,
dcrlme_seed0,dcrlme,0,leg3_paralysed,top_k,0,10,588,1085.899658203125,43,1086.08349609375,18.340221918339953,5.960408169360208,
dcrlme_seed0,dcrlme,0,leg3_paralysed,top_k,0,11,658,1066.0645751953125,43,1086.08349609375,18.340221918339953,5.960408169360208,
dcrlme_seed0,dcrlme,0,leg3_paralysed,top_k,0,12,244,1081.2828369140625,43,1086.08349609375,18.340221918339953,5.960408169360208,
dcrlme_seed0,dcrlme,0,leg3_paralysed,top_k,0,13,229,1100.9378662109375,229,1099.9981689453125,27.659637786389144,8.989135014701096,
dcrlme_seed0,dcrlme,0,leg3_paralysed,top_k,0,14,567,1076.232421875,229,1099.9981689453125,27.659637786389144,8.989135014701096,
dcrlme_seed0,dcrlme,0,leg3_paralysed,top_k,0,15,976,1082.67919921875,229,1099.9981689453125,27.659637786389144,8.989135014701096,
dcrlme_seed0,dcrlme,0,leg3_paralysed,top_k,0,16,70,1080.32763671875,229,1099.9981689453125,27.659637786389144,8.989135014701096,
dcrlme_seed0,dcrlme,0,leg3_paralysed,top_k,0,17,901,1070.0771484375,229,1099.9981689453125,27.659637786389144,8.989135014701096,
dcrlme_seed0,dcrlme,0,leg3_paralysed,top_k,0,18,611,1117.56640625,611,1137.013427734375,52.450776880974495,17.04603359777378,
dcrlme_seed0,dcrlme,0,leg3_paralysed,top_k,0,19,547,1101.330810546875,611,1137.013427734375,52.450776880974495,17.04603359777378,
dcrlme_seed0,dcrlme,0,leg3_paralysed,top_k,0,20,540,1056.61474609375,611,1137.013427734375,52.450776880974495,17.04603359777378,
dcrlme_seed0,dcrlme,0,leg3_paralysed,top_k,1,1,43,1084.330810546875,43,1086.08349609375,18.340221918339953,5.960408169360208,
dcrlme_seed0,dcrlme,0,leg3_paralysed,top_k,1,2,442,1082.7122802734375,43,1086.08349609375,18.340221918339953,5.960408169360208,
dcrlme_seed0,dcrlme,0,leg3_paralysed,top_k,1,3,724,1080.097900390625,43,1086.08349609375,18.340221918339953,5.960408169360208,
dcrlme_seed0,dcrlme,0,leg3_paralysed,top_k,1,4,793,1077.4967041015625,43,1086.08349609375,18.340221918339953,5.960408169360208,
dcrlme_seed0,dcrlme,0,leg3_paralysed,top_k,1,5,381,1085.782470703125,381,1082.259521484375,15.779097410865466,5.128065599839038,
dcrlme_seed0,dcrlme,0,leg3_paralysed,top_k,1,6,449,1076.777099609375,381,1082.259521484375,15.779097410865466,5.128065599839038,
dcrlme_seed0,dcrlme,0,leg3_paralysed,top_k,1,7,798,1090.558349609375,798,1091.282470703125,21.822258972969916,7.092039084124513,
dcrlme_seed0,dcrlme,0,leg3_paralysed,top_k,1,8,131,1082.56787109375,798,1091.282470703125,21.822258972969916,7.092039084124513,
dcrlme_seed0,dcrlme,0,leg3_paralysed,top_k,1,9,375,1078.542236328125,798,1091.282470703125,21.822258972969916,7.092039084124513,
dcrlme_seed0,dcrlme,0,leg3_paralysed,top_k,1,10,588,1080.4337158203125,798,1091.282470703125,21.822258972969916,7.092039084124513,
dcrlme_seed0,dcrlme,0,leg3_paralysed,top_k,1,11,658,1071.47265625,798,1091.282470703125,21.822258972969916,7.092039084124513,
dcrlme_seed0,dcrlme,0,leg3_paralysed,top_k,1,12,244,1075.865234375,798,1091.282470703125,21.822258972969916,7.092039084124513,
dcrlme_seed0,dcrlme,0,leg3_paralysed,top_k,1,13,229,1106.72265625,229,1099.9981689453125,27.659637786389144,8.989135014701096,
dcrlme_seed0,dcrlme,0,leg3_paralysed,top_k,1,14,567,1078.736328125,229,1099.9981689453125,27.659637786389144,8.989135014701096,
dcrlme_seed0,dcrlme,0,leg3_paralysed,top_k,1,15,976,1089.5478515625,229,1099.9981689453125,27.659637786389144,8.989135014701096,
dcrlme_seed0,dcrlme,0,leg3_paralysed,top_k,1,16,70,1085.031494140625,229,1099.9981689453125,27.659637786389144,8.989135014701096,
dcrlme_seed0,dcrlme,0,leg3_paralysed,top_k,1,17,901,1061.543212890625,229,1099.9981689453125,27.659637786389144,8.989135014701096,
dcrlme_seed0,dcrlme,0,leg3_paralysed,top_k,1,18,611,1118.35595703125,611,1137.013427734375,52.450776880974495,17.04603359777378,
dcrlme_seed0,dcrlme,0,leg3_paralysed,top_k,1,19,547,1092.225341796875,611,1137.013427734375,52.450776880974495,17.04603359777378,
dcrlme_seed0,dcrlme,0,leg3_paralysed,top_k,1,20,540,1068.019775390625,611,1137.013427734375,52.450776880974495,17.04603359777378,
dcrlme_seed0,dcrlme,0,leg3_paralysed,top_k,2,1,43,1088.0927734375,43,1086.08349609375,18.340221918339953,5.960408169360208,
dcrlme_seed0,dcrlme,0,leg3_paralysed,top_k,2,2,442,1071.08740234375,43,1086.08349609375,18.340221918339953,5.960408169360208,
dcrlme_seed0,dcrlme,0,leg3_paralysed,top_k,2,3,724,1085.9151611328125,43,1086.08349609375,18.340221918339953,5.960408169360208,
dcrlme_seed0,dcrlme,0,leg3_paralysed,top_k,2,4,793,1074.0908203125,43,1086.08349609375,18.340221918339953,5.960408169360208,
dcrlme_seed0,dcrlme,0,leg3_paralysed,top_k,2,5,381,1084.129638671875,43,1086.08349609375,18.340221918339953,5.960408169360208,
dcrlme_seed0,dcrlme,0,leg3_paralysed,top_k,2,6,449,1077.7279052734375,43,1086.08349609375,18.340221918339953,5.960408169360208,
dcrlme_seed0,dcrlme,0,leg3_paralysed,top_k,2,7,798,1094.5001220703125,798,1091.282470703125,21.822258972969916,7.092039084124513,
dcrlme_seed0,dcrlme,0,leg3_paralysed,top_k,2,8,131,1078.82861328125,798,1091.282470703125,21.822258972969916,7.092039084124513,
dcrlme_seed0,dcrlme,0,leg3_paralysed,top_k,2,9,375,1072.385986328125,798,1091.282470703125,21.822258972969916,7.092039084124513,
dcrlme_seed0,dcrlme,0,leg3_paralysed,top_k,2,10,588,1080.169921875,798,1091.282470703125,21.822258972969916,7.092039084124513,
dcrlme_seed0,dcrlme,0,leg3_paralysed,top_k,2,11,658,1071.653564453125,798,1091.282470703125,21.822258972969916,7.092039084124513,
dcrlme_seed0,dcrlme,0,leg3_paralysed,top_k,2,12,244,1075.97119140625,798,1091.282470703125,21.822258972969916,7.092039084124513,
dcrlme_seed0,dcrlme,0,leg3_paralysed,top_k,2,13,229,1104.40185546875,229,1099.9981689453125,27.659637786389144,8.989135014701096,
dcrlme_seed0,dcrlme,0,leg3_paralysed,top_k,2,14,567,1080.899658203125,229,1099.9981689453125,27.659637786389144,8.989135014701096,
dcrlme_seed0,dcrlme,0,leg3_paralysed,top_k,2,15,976,1087.1427001953125,229,1099.9981689453125,27.659637786389144,8.989135014701096,
dcrlme_seed0,dcrlme,0,leg3_paralysed,top_k,2,16,70,1087.7735595703125,229,1099.9981689453125,27.659637786389144,8.989135014701096,
dcrlme_seed0,dcrlme,0,leg3_paralysed,top_k,2,17,901,1059.5380859375,229,1099.9981689453125,27.659637786389144,8.989135014701096,
dcrlme_seed0,dcrlme,0,leg3_paralysed,top_k,2,18,611,1134.4222412109375,611,1137.013427734375,52.450776880974495,17.04603359777378,
dcrlme_seed0,dcrlme,0,leg3_paralysed,top_k,2,19,547,1096.8974609375,611,1137.013427734375,52.450776880974495,17.04603359777378,
dcrlme_seed0,dcrlme,0,leg3_paralysed,top_k,2,20,540,1069.6611328125,611,1137.013427734375,52.450776880974495,17.04603359777378,
dcrlme_seed0,dcrlme,0,leg3_paralysed,top_k,3,1,43,1081.3740234375,43,1086.08349609375,18.340221918339953,5.960408169360208,
dcrlme_seed0,dcrlme,0,leg3_paralysed,top_k,3,2,442,1074.0751953125,43,1086.08349609375,18.340221918339953,5.960408169360208,
dcrlme_seed0,dcrlme,0,leg3_paralysed,top_k,3,3,724,1083.0751953125,724,1079.4599609375,13.904078913310087,4.518701350033812,
dcrlme_seed0,dcrlme,0,leg3_paralysed,top_k,3,4,793,1073.47216796875,724,1079.4599609375,13.904078913310087,4.518701350033812,
dcrlme_seed0,dcrlme,0,leg3_paralysed,top_k,3,5,381,1078.9244384765625,724,1079.4599609375,13.904078913310087,4.518701350033812,
dcrlme_seed0,dcrlme,0,leg3_paralysed,top_k,3,6,449,1062.77490234375,724,1079.4599609375,13.904078913310087,4.518701350033812,
dcrlme_seed0,dcrlme,0,leg3_paralysed,top_k,3,7,798,1087.268798828125,798,1091.282470703125,21.822258972969916,7.092039084124513,
dcrlme_seed0,dcrlme,0,leg3_paralysed,top_k,3,8,131,1080.4345703125,798,1091.282470703125,21.822258972969916,7.092039084124513,
dcrlme_seed0,dcrlme,0,leg3_paralysed,top_k,3,9,375,1070.8358154296875,798,1091.282470703125,21.822258972969916,7.092039084124513,
dcrlme_seed0,dcrlme,0,leg3_paralysed,top_k,3,10,588,1079.222900390625,798,1091.282470703125,21.822258972969916,7.092039084124513,
dcrlme_seed0,dcrlme,0,leg3_paralysed,top_k,3,11,658,1083.75830078125,798,1091.282470703125,21.822258972969916,7.092039084124513,
dcrlme_seed0,dcrlme,0,leg3_paralysed,top_k,3,12,244,1078.7340087890625,798,1091.282470703125,21.822258972969916,7.092039084124513,
dcrlme_seed0,dcrlme,0,leg3_paralysed,top_k,3,13,229,1083.267578125,798,1091.282470703125,21.822258972969916,7.092039084124513,
dcrlme_seed0,dcrlme,0,leg3_paralysed,top_k,3,14,567,1081.391845703125,798,1091.282470703125,21.822258972969916,7.092039084124513,
dcrlme_seed0,dcrlme,0,leg3_paralysed,top_k,3,15,976,1084.04736328125,798,1091.282470703125,21.822258972969916,7.092039084124513,
dcrlme_seed0,dcrlme,0,leg3_paralysed,top_k,3,16,70,1081.744873046875,798,1091.282470703125,21.822258972969916,7.092039084124513,
dcrlme_seed0,dcrlme,0,leg3_paralysed,top_k,3,17,901,1060.8240966796875,798,1091.282470703125,21.822258972969916,7.092039084124513,
dcrlme_seed0,dcrlme,0,leg3_paralysed,top_k,3,18,611,1138.589599609375,611,1137.013427734375,52.450776880974495,17.04603359777378,
dcrlme_seed0,dcrlme,0,leg3_paralysed,top_k,3,19,547,1084.850341796875,611,1137.013427734375,52.450776880974495,17.04603359777378,
dcrlme_seed0,dcrlme,0,leg3_paralysed,top_k,3,20,540,1060.200439453125,611,1137.013427734375,52.450776880974495,17.04603359777378,
dcrlme_seed0,dcrlme,0,leg3_paralysed,top_k,4,1,43,1078.5511474609375,43,1086.08349609375,18.340221918339953,5.960408169360208,
dcrlme_seed0,dcrlme,0,leg3_paralysed,top_k,4,2,442,1079.21142578125,442,1076.0498046875,11.620111147211409,3.776432243791604,
dcrlme_seed0,dcrlme,0,leg3_paralysed,top_k,4,3,724,1087.2032470703125,724,1079.4599609375,13.904078913310087,4.518701350033812,
dcrlme_seed0,dcrlme,0,leg3_paralysed,top_k,4,4,793,1071.644287109375,724,1079.4599609375,13.904078913310087,4.518701350033812,
dcrlme_seed0,dcrlme,0,leg3_paralysed,top_k,4,5,381,1080.51025390625,724,1079.4599609375,13.904078913310087,4.518701350033812,
dcrlme_seed0,dcrlme,0,leg3_paralysed,top_k,4,6,449,1074.1546630859375,724,1079.4599609375,13.904078913310087,4.518701350033812,
dcrlme_seed0,dcrlme,0,leg3_paralysed,top_k,4,7,798,1086.92236328125,724,1079.4599609375,13.904078913310087,4.518701350033812,
dcrlme_seed0,dcrlme,0,leg3_paralysed,top_k,4,8,131,1087.824951171875,131,1086.59326171875,18.681639780282538,6.071365922355177,
dcrlme_seed0,dcrlme,0,leg3_paralysed,top_k,4,9,375,1070.0068359375,131,1086.59326171875,18.681639780282538,6.071365922355177,
dcrlme_seed0,dcrlme,0,leg3_paralysed,top_k,4,10,588,1080.07958984375,131,1086.59326171875,18.681639780282538,6.071365922355177,
dcrlme_seed0,dcrlme,0,leg3_paralysed,top_k,4,11,658,1070.072998046875,131,1086.59326171875,18.681639780282538,6.071365922355177,
dcrlme_seed0,dcrlme,0,leg3_paralysed,top_k,4,12,244,1076.0750732421875,131,1086.59326171875,18.681639780282538,6.071365922355177,
dcrlme_seed0,dcrlme,0,leg3_paralysed,top_k,4,13,229,1084.467529296875,131,1086.59326171875,18.681639780282538,6.071365922355177,
dcrlme_seed0,dcrlme,0,leg3_paralysed,top_k,4,14,567,1080.128662109375,131,1086.59326171875,18.681639780282538,6.071365922355177,
dcrlme_seed0,dcrlme,0,leg3_paralysed,top_k,4,15,976,1088.9827880859375,976,1090.1641845703125,21.073281714048456,6.848628170526115,
dcrlme_seed0,dcrlme,0,leg3_paralysed,top_k,4,16,70,1081.146728515625,976,1090.1641845703125,21.073281714048456,6.848628170526115,
dcrlme_seed0,dcrlme,0,leg3_paralysed,top_k,4,17,901,1062.5283203125,976,1090.1641845703125,21.073281714048456,6.848628170526115,
dcrlme_seed0,dcrlme,0,leg3_paralysed,top_k,4,18,611,1137.881103515625,611,1137.013427734375,52.450776880974495,17.04603359777378,
dcrlme_seed0,dcrlme,0,leg3_paralysed,top_k,4,19,547,1098.56494140625,611,1137.013427734375,52.450776880974495,17.04603359777378,
dcrlme_seed0,dcrlme,0,leg3_paralysed,top_k,4,20,540,1066.827392578125,611,1137.013427734375,52.450776880974495,17.04603359777378,
dcrlme_seed0,dcrlme,0,leg3_paralysed,best_intact,0,1,43,1082.8604736328125,43,1086.08349609375,18.340221918339953,5.960408169360208,
dcrlme_seed0,dcrlme,0,leg3_paralysed,best_intact,1,1,43,1086.024658203125,43,1086.08349609375,18.340221918339953,5.960408169360208,
dcrlme_seed0,dcrlme,0,leg3_paralysed,best_intact,2,1,43,1085.28955078125,43,1086.08349609375,18.340221918339953,5.960408169360208,
dcrlme_seed0,dcrlme,0,leg3_paralysed,best_intact,3,1,43,1088.722900390625,43,1086.08349609375,18.340221918339953,5.960408169360208,
dcrlme_seed0,dcrlme,0,leg3_paralysed,best_intact,4,1,43,1087.734375,43,1086.08349609375,18.340221918339953,5.960408169360208,
dcrlme_seed0,dcrlme,0,leg4_paralysed,ite,0,1,43,1095.8203125,43,1106.1480712890625,14.172059136554834,10.327748902604963,8
dcrlme_seed0,dcrlme,0,leg4_paralysed,ite,0,2,539,1059.6171875,43,1106.1480712890625,14.172059136554834,10.327748902604963,8
dcrlme_seed0,dcrlme,0,leg4_paralysed,ite,0,3,976,1178.6689453125,976,1152.83447265625,28.11661837939249,20.48970949209035,8
dcrlme_seed0,dcrlme,0,leg4_paralysed,ite,0,4,368,1081.6533203125,976,1152.83447265625,28.11661837939249,20.48970949209035,8
dcrlme_seed0,dcrlme,0,leg4_paralysed,ite,0,5,934,1091.23583984375,976,1152.83447265625,28.11661837939249,20.48970949209035,8
dcrlme_seed0,dcrlme,0,leg4_paralysed,ite,0,6,436,1063.286865234375,976,1152.83447265625,28.11661837939249,20.48970949209035,8
dcrlme_seed0,dcrlme,0,leg4_paralysed,ite,0,7,976,1105.6744384765625,976,1152.83447265625,28.11661837939249,20.48970949209035,8
dcrlme_seed0,dcrlme,0,leg4_paralysed,ite,0,8,442,1095.08544921875,976,1152.83447265625,28.11661837939249,20.48970949209035,8
dcrlme_seed0,dcrlme,0,leg4_paralysed,ite,0,9,636,1110.2216796875,976,1152.83447265625,28.11661837939249,20.48970949209035,8
dcrlme_seed0,dcrlme,0,leg4_paralysed,ite,0,10,976,1151.859130859375,976,1152.83447265625,28.11661837939249,20.48970949209035,8
dcrlme_seed0,dcrlme,0,leg4_paralysed,ite,0,11,976,1195.371337890625,976,1152.83447265625,28.11661837939249,20.48970949209035,8
dcrlme_seed0,dcrlme,0,leg4_paralysed,ite,0,12,976,1162.87158203125,976,1152.83447265625,28.11661837939249,20.48970949209035,8
dcrlme_seed0,dcrlme,0,leg4_paralysed,ite,0,13,976,1153.206787109375,976,1152.83447265625,28.11661837939249,20.48970949209035,8
dcrlme_seed0,dcrlme,0,leg4_paralysed,ite,0,14,976,1180.46484375,976,1152.83447265625,28.11661837939249,20.48970949209035,8
dcrlme_seed0,dcrlme,0,leg4_paralysed,ite,0,15,976,1201.482666015625,976,1152.83447265625,28.11661837939249,20.48970949209035,8
dcrlme_seed0,dcrlme,0,leg4_paralysed,ite,0,16,976,1147.82421875,976,1152.83447265625,28.11661837939249,20.48970949209035,8
dcrlme_seed0,dcrlme,0,leg4_paralysed,ite,0,17,976,1171.7037353515625,976,1152.83447265625,28.11661837939249,20.48970949209035,8
dcrlme_seed0,dcrlme,0,leg4_paralysed,ite,0,18,976,1165.3450927734375,976,1152.83447265625,28.11661837939249,20.48970949209035,8
dcrlme_seed0,dcrlme,0,leg4_paralysed,ite,0,19,976,1141.153564453125,976,1152.83447265625,28.11661837939249,20.48970949209035,8
dcrlme_seed0,dcrlme,0,leg4_paralysed,ite,0,20,976,1170.3021240234375,976,1152.83447265625,28.11661837939249,20.48970949209035,8
dcrlme_seed0,dcrlme,0,leg4_paralysed,ite,1,1,43,1110.1669921875,43,1106.1480712890625,14.172059136554834,10.327748902604963,10
dcrlme_seed0,dcrlme,0,leg4_paralysed,ite,1,2,539,1096.459228515625,43,1106.1480712890625,14.172059136554834,10.327748902604963,10
dcrlme_seed0,dcrlme,0,leg4_paralysed,ite,1,3,976,1170.206298828125,976,1152.83447265625,28.11661837939249,20.48970949209035,10
dcrlme_seed0,dcrlme,0,leg4_paralysed,ite,1,4,368,1084.129638671875,976,1152.83447265625,28.11661837939249,20.48970949209035,10
dcrlme_seed0,dcrlme,0,leg4_paralysed,ite,1,5,934,1083.99169921875,976,1152.83447265625,28.11661837939249,20.48970949209035,10
dcrlme_seed0,dcrlme,0,leg4_paralysed,ite,1,6,436,1064.597412109375,976,1152.83447265625,28.11661837939249,20.48970949209035,10
dcrlme_seed0,dcrlme,0,leg4_paralysed,ite,1,7,442,1083.1806640625,976,1152.83447265625,28.11661837939249,20.48970949209035,10
dcrlme_seed0,dcrlme,0,leg4_paralysed,ite,1,8,976,1169.455078125,976,1152.83447265625,28.11661837939249,20.48970949209035,10
dcrlme_seed0,dcrlme,0,leg4_paralysed,ite,1,9,636,1142.2293701171875,976,1152.83447265625,28.11661837939249,20.48970949209035,10
dcrlme_seed0,dcrlme,0,leg4_paralysed,ite,1,10,976,1164.47119140625,976,1152.83447265625,28.11661837939249,20.48970949209035,10
dcrlme_seed0,dcrlme,0,leg4_paralysed,ite,1,11,976,1189.08740234375,976,1152.83447265625,28.11661837939249,20.48970949209035,10
dcrlme_seed0,dcrlme,0,leg4_paralysed,ite,1,12,976,1263.856201171875,976,1152.83447265625,28.11661837939249,20.48970949209035,10
dcrlme_seed0,dcrlme,0,leg4_paralysed,ite,1,13,976,1165.354736328125,976,1152.83447265625,28.11661837939249,20.48970949209035,10
dcrlme_seed0,dcrlme,0,leg4_paralysed,ite,1,14,976,1157.195556640625,976,1152.83447265625,28.11661837939249,20.48970949209035,10
dcrlme_seed0,dcrlme,0,leg4_paralysed,ite,1,15,976,1143.3316650390625,976,1152.83447265625,28.11661837939249,20.48970949209035,10
dcrlme_seed0,dcrlme,0,leg4_paralysed,ite,1,16,976,1180.025634765625,976,1152.83447265625,28.11661837939249,20.48970949209035,10
dcrlme_seed0,dcrlme,0,leg4_paralysed,ite,1,17,976,1168.40380859375,976,1152.83447265625,28.11661837939249,20.48970949209035,10
dcrlme_seed0,dcrlme,0,leg4_paralysed,ite,1,18,976,1155.59912109375,976,1152.83447265625,28.11661837939249,20.48970949209035,10
dcrlme_seed0,dcrlme,0,leg4_paralysed,ite,1,19,976,1162.87744140625,976,1152.83447265625,28.11661837939249,20.48970949209035,10
dcrlme_seed0,dcrlme,0,leg4_paralysed,ite,1,20,976,1156.9925537109375,976,1152.83447265625,28.11661837939249,20.48970949209035,10
dcrlme_seed0,dcrlme,0,leg4_paralysed,ite,2,1,43,1107.9102783203125,43,1106.1480712890625,14.172059136554834,10.327748902604963,10
dcrlme_seed0,dcrlme,0,leg4_paralysed,ite,2,2,539,1098.693603515625,43,1106.1480712890625,14.172059136554834,10.327748902604963,10
dcrlme_seed0,dcrlme,0,leg4_paralysed,ite,2,3,976,1158.813232421875,976,1152.83447265625,28.11661837939249,20.48970949209035,10
dcrlme_seed0,dcrlme,0,leg4_paralysed,ite,2,4,368,1087.26123046875,976,1152.83447265625,28.11661837939249,20.48970949209035,10
dcrlme_seed0,dcrlme,0,leg4_paralysed,ite,2,5,934,1080.53759765625,976,1152.83447265625,28.11661837939249,20.48970949209035,10
dcrlme_seed0,dcrlme,0,leg4_paralysed,ite,2,6,436,1063.4921875,976,1152.83447265625,28.11661837939249,20.48970949209035,10
dcrlme_seed0,dcrlme,0,leg4_paralysed,ite,2,7,442,1094.22900390625,976,1152.83447265625,28.11661837939249,20.48970949209035,10
dcrlme_seed0,dcrlme,0,leg4_paralysed,ite,2,8,636,1095.90478515625,976,1152.83447265625,28.11661837939249,20.48970949209035,10
dcrlme_seed0,dcrlme,0,leg4_paralysed,ite,2,9,976,1161.73046875,976,1152.83447265625,28.11661837939249,20.48970949209035,10
dcrlme_seed0,dcrlme,0,leg4_paralysed,ite,2,10,976,1136.41455078125,976,1152.83447265625,28.11661837939249,20.48970949209035,10
dcrlme_seed0,dcrlme,0,leg4_paralysed,ite,2,11,976,1169.282470703125,976,1152.83447265625,28.11661837939249,20.48970949209035,10
dcrlme_seed0,dcrlme,0,leg4_paralysed,ite,2,12,976,1241.0625,976,1152.83447265625,28.11661837939249,20.48970949209035,10
dcrlme_seed0,dcrlme,0,leg4_paralysed,ite,2,13,976,1186.34716796875,976,1152.83447265625,28.11661837939249,20.48970949209035,10
dcrlme_seed0,dcrlme,0,leg4_paralysed,ite,2,14,976,1157.795654296875,976,1152.83447265625,28.11661837939249,20.48970949209035,10
dcrlme_seed0,dcrlme,0,leg4_paralysed,ite,2,15,976,1172.110107421875,976,1152.83447265625,28.11661837939249,20.48970949209035,10
dcrlme_seed0,dcrlme,0,leg4_paralysed,ite,2,16,976,1154.3494873046875,976,1152.83447265625,28.11661837939249,20.48970949209035,10
dcrlme_seed0,dcrlme,0,leg4_paralysed,ite,2,17,976,1143.8271484375,976,1152.83447265625,28.11661837939249,20.48970949209035,10
dcrlme_seed0,dcrlme,0,leg4_paralysed,ite,2,18,976,1181.6234130859375,976,1152.83447265625,28.11661837939249,20.48970949209035,10
dcrlme_seed0,dcrlme,0,leg4_paralysed,ite,2,19,976,1221.044677734375,976,1152.83447265625,28.11661837939249,20.48970949209035,10
dcrlme_seed0,dcrlme,0,leg4_paralysed,ite,2,20,976,1151.3701171875,976,1152.83447265625,28.11661837939249,20.48970949209035,10
dcrlme_seed0,dcrlme,0,leg4_paralysed,ite,3,1,43,1096.517578125,43,1106.1480712890625,14.172059136554834,10.327748902604963,12
dcrlme_seed0,dcrlme,0,leg4_paralysed,ite,3,2,539,1116.40966796875,539,1098.5284423828125,11.896185143698352,8.669228083173454,12
dcrlme_seed0,dcrlme,0,leg4_paralysed,ite,3,3,976,1164.944580078125,976,1152.83447265625,28.11661837939249,20.48970949209035,12
dcrlme_seed0,dcrlme,0,leg4_paralysed,ite,3,4,368,1080.212890625,976,1152.83447265625,28.11661837939249,20.48970949209035,12
dcrlme_seed0,dcrlme,0,leg4_paralysed,ite,3,5,934,1092.0006103515625,976,1152.83447265625,28.11661837939249,20.48970949209035,12
dcrlme_seed0,dcrlme,0,leg4_paralysed,ite,3,6,436,1062.60302734375,976,1152.83447265625,28.11661837939249,20.48970949209035,12
dcrlme_seed0,dcrlme,0,leg4_paralysed,ite,3,7,636,1158.06103515625,976,1152.83447265625,28.11661837939249,20.48970949209035,12
dcrlme_seed0,dcrlme,0,leg4_paralysed,ite,3,8,442,1097.0445556640625,976,1152.83447265625,28.11661837939249,20.48970949209035,12
dcrlme_seed0,dcrlme,0,leg4_paralysed,ite,3,9,976,1162.49609375,976,1152.83447265625,28.11661837939249,20.48970949209035,12
dcrlme_seed0,dcrlme,0,leg4_paralysed,ite,3,10,976,1161.420166015625,976,1152.83447265625,28.11661837939249,20.48970949209035,12
dcrlme_seed0,dcrlme,0,leg4_paralysed,ite,3,11,636,1128.0994873046875,976,1152.83447265625,28.11661837939249,20.48970949209035,12
dcrlme_seed0,dcrlme,0,leg4_paralysed,ite,3,12,976,1174.473876953125,976,1152.83447265625,28.11661837939249,20.48970949209035,12
dcrlme_seed0,dcrlme,0,leg4_paralysed,ite,3,13,976,1152.057373046875,976,1152.83447265625,28.11661837939249,20.48970949209035,12
dcrlme_seed0,dcrlme,0,leg4_paralysed,ite,3,14,976,1179.3743896484375,976,1152.83447265625,28.11661837939249,20.48970949209035,12
dcrlme_seed0,dcrlme,0,leg4_paralysed,ite,3,15,976,1152.98974609375,976,1152.83447265625,28.11661837939249,20.48970949209035,12
dcrlme_seed0,dcrlme,0,leg4_paralysed,ite,3,16,976,1165.99169921875,976,1152.83447265625,28.11661837939249,20.48970949209035,12
dcrlme_seed0,dcrlme,0,leg4_paralysed,ite,3,17,976,1196.52001953125,976,1152.83447265625,28.11661837939249,20.48970949209035,12
dcrlme_seed0,dcrlme,0,leg4_paralysed,ite,3,18,976,1149.58203125,976,1152.83447265625,28.11661837939249,20.48970949209035,12
dcrlme_seed0,dcrlme,0,leg4_paralysed,ite,3,19,976,1181.66162109375,976,1152.83447265625,28.11661837939249,20.48970949209035,12
dcrlme_seed0,dcrlme,0,leg4_paralysed,ite,3,20,976,1203.07958984375,976,1152.83447265625,28.11661837939249,20.48970949209035,12
dcrlme_seed0,dcrlme,0,leg4_paralysed,ite,4,1,43,1110.8253173828125,43,1106.1480712890625,14.172059136554834,10.327748902604963,10
dcrlme_seed0,dcrlme,0,leg4_paralysed,ite,4,2,539,1099.7525634765625,43,1106.1480712890625,14.172059136554834,10.327748902604963,10
dcrlme_seed0,dcrlme,0,leg4_paralysed,ite,4,3,976,1174.6796875,976,1152.83447265625,28.11661837939249,20.48970949209035,10
dcrlme_seed0,dcrlme,0,leg4_paralysed,ite,4,4,368,1087.99560546875,976,1152.83447265625,28.11661837939249,20.48970949209035,10
dcrlme_seed0,dcrlme,0,leg4_paralysed,ite,4,5,934,1093.46923828125,976,1152.83447265625,28.11661837939249,20.48970949209035,10
dcrlme_seed0,dcrlme,0,leg4_paralysed,ite,4,6,436,1064.65869140625,976,1152.83447265625,28.11661837939249,20.48970949209035,10
dcrlme_seed0,dcrlme,0,leg4_paralysed,ite,4,7,442,1094.58251953125,976,1152.83447265625,28.11661837939249,20.48970949209035,10
dcrlme_seed0,dcrlme,0,leg4_paralysed,ite,4,8,976,1170.98681640625,976,1152.83447265625,28.11661837939249,20.48970949209035,10
dcrlme_seed0,dcrlme,0,leg4_paralysed,ite,4,9,636,1149.6376953125,976,1152.83447265625,28.11661837939249,20.48970949209035,10
dcrlme_seed0,dcrlme,0,leg4_paralysed,ite,4,10,976,1176.357421875,976,1152.83447265625,28.11661837939249,20.48970949209035,10
dcrlme_seed0,dcrlme,0,leg4_paralysed,ite,4,11,976,1162.5269775390625,976,1152.83447265625,28.11661837939249,20.48970949209035,10
dcrlme_seed0,dcrlme,0,leg4_paralysed,ite,4,12,976,1163.005615234375,976,1152.83447265625,28.11661837939249,20.48970949209035,10
dcrlme_seed0,dcrlme,0,leg4_paralysed,ite,4,13,976,1171.831298828125,976,1152.83447265625,28.11661837939249,20.48970949209035,10
dcrlme_seed0,dcrlme,0,leg4_paralysed,ite,4,14,976,1161.394287109375,976,1152.83447265625,28.11661837939249,20.48970949209035,10
dcrlme_seed0,dcrlme,0,leg4_paralysed,ite,4,15,976,1172.589111328125,976,1152.83447265625,28.11661837939249,20.48970949209035,10
dcrlme_seed0,dcrlme,0,leg4_paralysed,ite,4,16,976,1166.5970458984375,976,1152.83447265625,28.11661837939249,20.48970949209035,10
dcrlme_seed0,dcrlme,0,leg4_paralysed,ite,4,17,636,1143.10009765625,976,1152.83447265625,28.11661837939249,20.48970949209035,10
dcrlme_seed0,dcrlme,0,leg4_paralysed,ite,4,18,976,1151.589599609375,976,1152.83447265625,28.11661837939249,20.48970949209035,10
dcrlme_seed0,dcrlme,0,leg4_paralysed,ite,4,19,976,1156.4892578125,976,1152.83447265625,28.11661837939249,20.48970949209035,10
dcrlme_seed0,dcrlme,0,leg4_paralysed,ite,4,20,976,1153.247314453125,976,1152.83447265625,28.11661837939249,20.48970949209035,10
dcrlme_seed0,dcrlme,0,leg4_paralysed,top_k,0,1,43,1093.8406982421875,43,1106.1480712890625,14.172059136554834,10.327748902604963,
dcrlme_seed0,dcrlme,0,leg4_paralysed,top_k,0,2,442,1091.4398193359375,43,1106.1480712890625,14.172059136554834,10.327748902604963,
dcrlme_seed0,dcrlme,0,leg4_paralysed,top_k,0,3,724,1095.0748291015625,724,1100.543701171875,12.498114072696552,9.107877878239055,
dcrlme_seed0,dcrlme,0,leg4_paralysed,top_k,0,4,793,1112.350830078125,793,1108.0877685546875,14.751418921022786,10.74995165526063,
dcrlme_seed0,dcrlme,0,leg4_paralysed,top_k,0,5,381,1075.2239990234375,793,1108.0877685546875,14.751418921022786,10.74995165526063,
dcrlme_seed0,dcrlme,0,leg4_paralysed,top_k,0,6,449,1076.21142578125,793,1108.0877685546875,14.751418921022786,10.74995165526063,
dcrlme_seed0,dcrlme,0,leg4_paralysed,top_k,0,7,798,1093.123291015625,793,1108.0877685546875,14.751418921022786,10.74995165526063,
dcrlme_seed0,dcrlme,0,leg4_paralysed,top_k,0,8,131,1099.0546875,793,1108.0877685546875,14.751418921022786,10.74995165526063,
dcrlme_seed0,dcrlme,0,leg4_paralysed,top_k,0,9,375,1084.017333984375,793,1108.0877685546875,14.751418921022786,10.74995165526063,
dcrlme_seed0,dcrlme,0,leg4_paralysed,top_k,0,10,588,1086.3896484375,793,1108.0877685546875,14.751418921022786,10.74995165526063,
dcrlme_seed0,dcrlme,0,leg4_paralysed,top_k,0,11,658,1065.8153076171875,793,1108.0877685546875,14.751418921022786,10.74995165526063,
dcrlme_seed0,dcrlme,0,leg4_paralysed,top_k,0,12,244,1073.6522216796875,793,1108.0877685546875,14.751418921022786,10.74995165526063,
dcrlme_seed0,dcrlme,0,leg4_paralysed,top_k,0,13,229,1074.810791015625,793,1108.0877685546875,14.751418921022786,10.74995165526063,
dcrlme_seed0,dcrlme,0,leg4_paralysed,top_k,0,14,567,1092.177490234375,793,1108.0877685546875,14.751418921022786,10.74995165526063,
dcrlme_seed0,dcrlme,0,leg4_paralysed,top_k,0,15,976,1179.3380126953125,976,1152.83447265625,28.11661837939249,20.48970949209035,
dcrlme_seed0,dcrlme,0,leg4_paralysed,top_k,0,16,70,1093.89892578125,976,1152.83447265625,28.11661837939249,20.48970949209035,
dcrlme_seed0,dcrlme,0,leg4_paralysed,top_k,0,17,901,1326.1905517578125,901,1309.2269287109375,74.82880447048449,54.53075631472104,
dcrlme_seed0,dcrlme,0,leg4_paralysed,top_k,0,18,611,1077.5902099609375,901,1309.2269287109375,74.82880447048449,54.53075631472104,
dcrlme_seed0,dcrlme,0,leg4_paralysed,top_k,0,19,547,1111.8330078125,901,1309.2269287109375,74.82880447048449,54.53075631472104,
dcrlme_seed0,dcrlme,0,leg4_paralysed,top_k,0,20,540,1356.6160888671875,540,1359.7490234375,89.91903036829709,65.52761022667,
dcrlme_seed0,dcrlme,0,leg4_paralysed,top_k,1,1,43,1112.0609130859375,43,1106.1480712890625,14.172059136554834,10.327748902604963,
dcrlme_seed0,dcrlme,0,leg4_paralysed,top_k,1,2,442,1093.6815185546875,43,1106.1480712890625,14.172059136554834,10.327748902604963,
dcrlme_seed0,dcrlme,0,leg4_paralysed,top_k,1,3,724,1090.01123046875,43,1106.1480712890625,14.172059136554834,10.327748902604963,
dcrlme_seed0,dcrlme,0,leg4_paralysed,top_k,1,4,793,1105.339111328125,43,1106.1480712890625,14.172059136554834,10.327748902604963,
dcrlme_seed0,dcrlme,0,leg4_paralysed,top_k,1,5,381,1082.406005859375,43,1106.1480712890625,14.172059136554834,10.327748902604963,
dcrlme_seed0,dcrlme,0,leg4_paralysed,top_k,1,6,449,1074.01416015625,43,1106.1480712890625,14.172059136554834,10.327748902604963,
dcrlme_seed0,dcrlme,0,leg4_paralysed,top_k,1,7,798,1088.173828125,43,1106.1480712890625,14.172059136554834,10.327748902604963,
dcrlme_seed0,dcrlme,0,leg4_paralysed,top_k,1,8,131,1096.8988037109375,43,1106.1480712890625,14.172059136554834,10.327748902604963,
dcrlme_seed0,dcrlme,0,leg4_paralysed,top_k,1,9,375,1092.2861328125,43,1106.1480712890625,14.172059136554834,10.327748902604963,
dcrlme_seed0,dcrlme,0,leg4_paralysed,top_k,1,10,588,1096.678955078125,43,1106.1480712890625,14.172059136554834,10.327748902604963,
dcrlme_seed0,dcrlme,0,leg4_paralysed,top_k,1,11,658,1064.204345703125,43,1106.1480712890625,14.172059136554834,10.327748902604963,
dcrlme_seed0,dcrlme,0,leg4_paralysed,top_k,1,12,244,1084.795166015625,43,1106.1480712890625,14.172059136554834,10.327748902604963,
dcrlme_seed0,dcrlme,0,leg4_paralysed,top_k,1,13,229,1059.4771728515625,43,1106.1480712890625,14.172059136554834,10.327748902604963,
dcrlme_seed0,dcrlme,0,leg4_paralysed,top_k,1,14,567,1088.9041748046875,43,1106.1480712890625,14.172059136554834,10.327748902604963,
dcrlme_seed0,dcrlme,0,leg4_paralysed,top_k,1,15,976,1158.9317626953125,976,1152.83447265625,28.11661837939249,20.48970949209035,
dcrlme_seed0,dcrlme,0,leg4_paralysed,top_k,1,16,70,1097.269287109375,976,1152.83447265625,28.11661837939249,20.48970949209035,
dcrlme_seed0,dcrlme,0,leg4_paralysed,top_k,1,17,901,1294.5596923828125,901,1309.2269287109375,74.82880447048449,54.53075631472104,
dcrlme_seed0,dcrlme,0,leg4_paralysed,top_k,1,18,611,1090.8826904296875,901,1309.2269287109375,74.82880447048449,54.53075631472104,
dcrlme_seed0,dcrlme,0,leg4_paralysed,top_k,1,19,547,1100.2235107421875,901,1309.2269287109375,74.82880447048449,54.53075631472104,
dcrlme_seed0,dcrlme,0,leg4_paralysed,top_k,1,20,540,1364.97998046875,540,1359.7490234375,89.91903036829709,65.52761022667,
dcrlme_seed0,dcrlme,0,leg4_paralysed,top_k,2,1,43,1101.146728515625,43,1106.1480712890625,14.172059136554834,10.327748902604963,
dcrlme_seed0,dcrlme,0,leg4_paralysed,top_k,2,2,442,1098.5955810546875,43,1106.1480712890625,14.172059136554834,10.327748902604963,
dcrlme_seed0,dcrlme,0,leg4_paralysed,top_k,2,3,724,1089.848876953125,43,1106.1480712890625,14.172059136554834,10.327748902604963,
dcrlme_seed0,dcrlme,0,leg4_paralysed,top_k,2,4,793,1117.97119140625,793,1108.0877685546875,14.751418921022786,10.74995165526063,
dcrlme_seed0,dcrlme,0,leg4_paralysed,top_k,2,5,381,1089.7681884765625,793,1108.0877685546875,14.751418921022786,10.74995165526063,
dcrlme_seed0,dcrlme,0,leg4_paralysed,top_k,2,6,449,1077.322265625,793,1108.0877685546875,14.751418921022786,10.74995165526063,
dcrlme_seed0,dcrlme,0,leg4_paralysed,top_k,2,7,798,1101.32177734375,793,1108.0877685546875,14.751418921022786,10.74995165526063,
dcrlme_seed0,dcrlme,0,leg4_paralysed,top_k,2,8,131,1115.5555419921875,793,1108.0877685546875,14.751418921022786,10.74995165526063,
dcrlme_seed0,dcrlme,0,leg4_paralysed,top_k,2,9,375,1091.38232421875,793,1108.0877685546875,14.751418921022786,10.74995165526063,
dcrlme_seed0,dcrlme,0,leg4_paralysed,top_k,2,10,588,1071.1669921875,793,1108.0877685546875,14.751418921022786,10.74995165526063,
dcrlme_seed0,dcrlme,0,leg4_paralysed,top_k,2,11,658,1068.060791015625,793,1108.0877685546875,14.751418921022786,10.74995165526063,
dcrlme_seed0,dcrlme,0,leg4_paralysed,top_k,2,12,244,1080.08740234375,793,1108.0877685546875,14.751418921022786,10.74995165526063,
dcrlme_seed0,dcrlme,0,leg4_paralysed,top_k,2,13,229,1065.677001953125,793,1108.0877685546875,14.751418921022786,10.74995165526063,
dcrlme_seed0,dcrlme,0,leg4_paralysed,top_k,2,14,567,1072.8514404296875,793,1108.0877685546875,14.751418921022786,10.74995165526063,
dcrlme_seed0,dcrlme,0,leg4_paralysed,top_k,2,15,976,1164.2120361328125,976,1152.83447265625,28.11661837939249,20.48970949209035,
dcrlme_seed0,dcrlme,0,leg4_paralysed,top_k,2,16,70,1095.32470703125,976,1152.83447265625,28.11661837939249,20.48970949209035,
dcrlme_seed0,dcrlme,0,leg4_paralysed,top_k,2,17,901,1313.7862548828125,901,1309.2269287109375,74.82880447048449,54.53075631472104,
dcrlme_seed0,dcrlme,0,leg4_paralysed,top_k,2,18,611,1105.84423828125,901,1309.2269287109375,74.82880447048449,54.53075631472104,
dcrlme_seed0,dcrlme,0,leg4_paralysed,top_k,2,19,547,1101.251953125,901,1309.2269287109375,74.82880447048449,54.53075631472104,
dcrlme_seed0,dcrlme,0,leg4_paralysed,top_k,2,20,540,1346.33984375,540,1359.7490234375,89.91903036829709,65.52761022667,
dcrlme_seed0,dcrlme,0,leg4_paralysed,top_k,3,1,43,1093.76220703125,43,1106.1480712890625,14.172059136554834,10.327748902604963,
dcrlme_seed0,dcrlme,0,leg4_paralysed,top_k,3,2,442,1090.383056640625,43,1106.1480712890625,14.172059136554834,10.327748902604963,
dcrlme_seed0,dcrlme,0,leg4_paralysed,top_k,3,3,724,1091.92236328125,43,1106.1480712890625,14.172059136554834,10.327748902604963,
dcrlme_seed0,dcrlme,0,leg4_paralysed,top_k,3,4,793,1107.5018310546875,793,1108.0877685546875,14.751418921022786,10.74995165526063,
dcrlme_seed0,dcrlme,0,leg4_paralysed,top_k,3,5,381,1087.1119384765625,793,1108.0877685546875,14.751418921022786,10.74995165526063,
dcrlme_seed0,dcrlme,0,leg4_paralysed,top_k,3,6,449,1089.6392822265625,793,1108.0877685546875,14.751418921022786,10.74995165526063,
dcrlme_seed0,dcrlme,0,leg4_paralysed,top_k,3,7,798,1087.7650146484375,793,1108.0877685546875,14.751418921022786,10.74995165526063,
dcrlme_seed0,dcrlme,0,leg4_paralysed,top_k,3,8,131,1097.315673828125,793,1108.0877685546875,14.751418921022786,10.74995165526063,
dcrlme_seed0,dcrlme,0,leg4_paralysed,top_k,3,9,375,1093.116455078125,793,1108.0877685546875,14.751418921022786,10.74995165526063,
dcrlme_seed0,dcrlme,0,leg4_paralysed,top_k,3,10,588,1094.531005859375,793,1108.0877685546875,14.751418921022786,10.74995165526063,
dcrlme_seed0,dcrlme,0,leg4_paralysed,top_k,3,11,658,1069.0350341796875,793,1108.0877685546875,14.751418921022786,10.74995165526063,
dcrlme_seed0,dcrlme,0,leg4_paralysed,top_k,3,12,244,1082.5377197265625,793,1108.0877685546875,14.751418921022786,10.74995165526063,
dcrlme_seed0,dcrlme,0,leg4_paralysed,top_k,3,13,229,1063.9775390625,793,1108.0877685546875,14.751418921022786,10.74995165526063,
dcrlme_seed0,dcrlme,0,leg4_paralysed,top_k,3,14,567,1089.6748046875,793,1108.0877685546875,14.751418921022786,10.74995165526063,
dcrlme_seed0,dcrlme,0,leg4_paralysed,top_k,3,15,976,1154.76953125,976,1152.83447265625,28.11661837939249,20.48970949209035,
dcrlme_seed0,dcrlme,0,leg4_paralysed,top_k,3,16,70,1102.0203857421875,976,1152.83447265625,28.11661837939249,20.48970949209035,
dcrlme_seed0,dcrlme,0,leg4_paralysed,top_k,3,17,901,1326.796142578125,901,1309.2269287109375,74.82880447048449,54.53075631472104,
dcrlme_seed0,dcrlme,0,leg4_paralysed,top_k,3,18,611,1117.23193359375,901,1309.2269287109375,74.82880447048449,54.53075631472104,
dcrlme_seed0,dcrlme,0,leg4_paralysed,top_k,3,19,547,1111.114990234375,901,1309.2269287109375,74.82880447048449,54.53075631472104,
dcrlme_seed0,dcrlme,0,leg4_paralysed,top_k,3,20,540,1351.9468994140625,540,1359.7490234375,89.91903036829709,65.52761022667,
dcrlme_seed0,dcrlme,0,leg4_paralysed,top_k,4,1,43,1100.6434326171875,43,1106.1480712890625,14.172059136554834,10.327748902604963,
dcrlme_seed0,dcrlme,0,leg4_paralysed,top_k,4,2,442,1097.0980224609375,43,1106.1480712890625,14.172059136554834,10.327748902604963,
dcrlme_seed0,dcrlme,0,leg4_paralysed,top_k,4,3,724,1096.7442626953125,43,1106.1480712890625,14.172059136554834,10.327748902604963,
dcrlme_seed0,dcrlme,0,leg4_paralysed,top_k,4,4,793,1109.63134765625,793,1108.0877685546875,14.751418921022786,10.74995165526063,
dcrlme_seed0,dcrlme,0,leg4_paralysed,top_k,4,5,381,1085.248046875,793,1108.0877685546875,14.751418921022786,10.74995165526063,
dcrlme_seed0,dcrlme,0,leg4_paralysed,top_k,4,6,449,1077.166015625,793,1108.0877685546875,14.751418921022786,10.74995165526063,
dcrlme_seed0,dcrlme,0,leg4_paralysed,top_k,4,7,798,1088.91552734375,793,1108.0877685546875,14.751418921022786,10.74995165526063,
dcrlme_seed0,dcrlme,0,leg4_paralysed,top_k,4,8,131,1109.50048828125,793,1108.0877685546875,14.751418921022786,10.74995165526063,
dcrlme_seed0,dcrlme,0,leg4_paralysed,top_k,4,9,375,1089.953369140625,793,1108.0877685546875,14.751418921022786,10.74995165526063,
dcrlme_seed0,dcrlme,0,leg4_paralysed,top_k,4,10,588,1096.480224609375,793,1108.0877685546875,14.751418921022786,10.74995165526063,
dcrlme_seed0,dcrlme,0,leg4_paralysed,top_k,4,11,658,1072.31884765625,793,1108.0877685546875,14.751418921022786,10.74995165526063,
dcrlme_seed0,dcrlme,0,leg4_paralysed,top_k,4,12,244,1083.068603515625,793,1108.0877685546875,14.751418921022786,10.74995165526063,
dcrlme_seed0,dcrlme,0,leg4_paralysed,top_k,4,13,229,1071.9794921875,793,1108.0877685546875,14.751418921022786,10.74995165526063,
dcrlme_seed0,dcrlme,0,leg4_paralysed,top_k,4,14,567,1097.2725830078125,793,1108.0877685546875,14.751418921022786,10.74995165526063,
dcrlme_seed0,dcrlme,0,leg4_paralysed,top_k,4,15,976,1172.5555419921875,976,1152.83447265625,28.11661837939249,20.48970949209035,
dcrlme_seed0,dcrlme,0,leg4_paralysed,top_k,4,16,70,1091.592529296875,976,1152.83447265625,28.11661837939249,20.48970949209035,
dcrlme_seed0,dcrlme,0,leg4_paralysed,top_k,4,17,901,1362.85107421875,901,1309.2269287109375,74.82880447048449,54.53075631472104,
dcrlme_seed0,dcrlme,0,leg4_paralysed,top_k,4,18,611,1094.15478515625,901,1309.2269287109375,74.82880447048449,54.53075631472104,
dcrlme_seed0,dcrlme,0,leg4_paralysed,top_k,4,19,547,1121.561767578125,901,1309.2269287109375,74.82880447048449,54.53075631472104,
dcrlme_seed0,dcrlme,0,leg4_paralysed,top_k,4,20,540,1348.80810546875,901,1309.2269287109375,74.82880447048449,54.53075631472104,
dcrlme_seed0,dcrlme,0,leg4_paralysed,best_intact,0,1,43,1101.57568359375,43,1106.1480712890625,14.172059136554834,10.327748902604963,
dcrlme_seed0,dcrlme,0,leg4_paralysed,best_intact,1,1,43,1096.8829345703125,43,1106.1480712890625,14.172059136554834,10.327748902604963,
dcrlme_seed0,dcrlme,0,leg4_paralysed,best_intact,2,1,43,1092.471435546875,43,1106.1480712890625,14.172059136554834,10.327748902604963,
dcrlme_seed0,dcrlme,0,leg4_paralysed,best_intact,3,1,43,1102.229248046875,43,1106.1480712890625,14.172059136554834,10.327748902604963,
dcrlme_seed0,dcrlme,0,leg4_paralysed,best_intact,4,1,43,1103.315673828125,43,1106.1480712890625,14.172059136554834,10.327748902604963,
dcrlme_seed0,dcrlme,0,leg1_weak,ite,0,1,43,1169.437744140625,43,1167.175048828125,33.77777514233662,23.611140264682064,6
dcrlme_seed0,dcrlme,0,leg1_weak,ite,0,2,539,1221.79736328125,539,1237.334228515625,55.62446727344658,38.88228556816401,6
dcrlme_seed0,dcrlme,0,leg1_weak,ite,0,3,976,1124.56591796875,539,1237.334228515625,55.62446727344658,38.88228556816401,6
dcrlme_seed0,dcrlme,0,leg1_weak,ite,0,4,70,1066.715087890625,539,1237.334228515625,55.62446727344658,38.88228556816401,6
dcrlme_seed0,dcrlme,0,leg1_weak,ite,0,5,636,1136.037109375,539,1237.334228515625,55.62446727344658,38.88228556816401,6
dcrlme_seed0,dcrlme,0,leg1_weak,ite,0,6,934,1071.042236328125,539,1237.334228515625,55.62446727344658,38.88228556816401,6
dcrlme_seed0,dcrlme,0,leg1_weak,ite,0,7,442,1194.822998046875,539,1237.334228515625,55.62446727344658,38.88228556816401,6
dcrlme_seed0,dcrlme,0,leg1_weak,ite,0,8,436,1185.049560546875,539,1237.334228515625,55.62446727344658,38.88228556816401,6
dcrlme_seed0,dcrlme,0,leg1_weak,ite,0,9,368,1125.0941162109375,539,1237.334228515625,55.62446727344658,38.88228556816401,6
dcrlme_seed0,dcrlme,0,leg1_weak,ite,0,10,442,1179.4609375,539,1237.334228515625,55.62446727344658,38.88228556816401,6
dcrlme_seed0,dcrlme,0,leg1_weak,ite,0,11,1018,1150.5303955078125,539,1237.334228515625,55.62446727344658,38.88228556816401,6
dcrlme_seed0,dcrlme,0,leg1_weak,ite,0,12,442,1189.23388671875,539,1237.334228515625,55.62446727344658,38.88228556816401,6
dcrlme_seed0,dcrlme,0,leg1_weak,ite,0,13,442,1176.56103515625,539,1237.334228515625,55.62446727344658,38.88228556816401,6
dcrlme_seed0,dcrlme,0,leg1_weak,ite,0,14,539,1254.092041015625,539,1237.334228515625,55.62446727344658,38.88228556816401,6
dcrlme_seed0,dcrlme,0,leg1_weak,ite,0,15,539,1192.767578125,539,1237.334228515625,55.62446727344658,38.88228556816401,6
dcrlme_seed0,dcrlme,0,leg1_weak,ite,0,16,539,1257.2430419921875,539,1237.334228515625,55.62446727344658,38.88228556816401,6
dcrlme_seed0,dcrlme,0,leg1_weak,ite,0,17,539,1273.7392578125,539,1237.334228515625,55.62446727344658,38.88228556816401,6
dcrlme_seed0,dcrlme,0,leg1_weak,ite,0,18,539,1272.46337890625,539,1237.334228515625,55.62446727344658,38.88228556816401,6
dcrlme_seed0,dcrlme,0,leg1_weak,ite,0,19,539,1258.533203125,539,1237.334228515625,55.62446727344658,38.88228556816401,6
dcrlme_seed0,dcrlme,0,leg1_weak,ite,0,20,539,1255.646240234375,539,1237.334228515625,55.62446727344658,38.88228556816401,6
dcrlme_seed0,dcrlme,0,leg1_weak,ite,1,1,43,1168.46044921875,43,1167.175048828125,33.77777514233662,23.611140264682064,5
dcrlme_seed0,dcrlme,0,leg1_weak,ite,1,2,539,1246.47412109375,539,1237.334228515625,55.62446727344658,38.88228556816401,5
dcrlme_seed0,dcrlme,0,leg1_weak,ite,1,3,976,1116.456787109375,539,1237.334228515625,55.62446727344658,38.88228556816401,5
dcrlme_seed0,dcrlme,0,leg1_weak,ite,1,4,70,1069.493896484375,539,1237.334228515625,55.62446727344658,38.88228556816401,5
dcrlme_seed0,dcrlme,0,leg1_weak,ite,1,5,636,1191.28515625,539,1237.334228515625,55.62446727344658,38.88228556816401,5
dcrlme_seed0,dcrlme,0,leg1_weak,ite,1,6,934,1075.833740234375,539,1237.334228515625,55.62446727344658,38.88228556816401,5
dcrlme_seed0,dcrlme,0,leg1_weak,ite,1,7,539,1241.868896484375,539,1237.334228515625,55.62446727344658,38.88228556816401,5
dcrlme_seed0,dcrlme,0,leg1_weak,ite,1,8,539,1281.5576171875,539,1237.334228515625,55.62446727344658,38.88228556816401,5
dcrlme_seed0,dcrlme,0,leg1_weak,ite,1,9,539,1265.4078369140625,539,1237.334228515625,55.62446727344658,38.88228556816401,5
dcrlme_seed0,dcrlme,0,leg1_weak,ite,1,10,539,1232.834228515625,539,1237.334228515625,55.62446727344658,38.88228556816401,5
dcrlme_seed0,dcrlme,0,leg1_weak,ite,1,11,539,1285.712646484375,539,1237.334228515625,55.62446727344658,38.88228556816401,5
dcrlme_seed0,dcrlme,0,leg1_weak,ite,1,12,539,1299.30078125,539,1237.334228515625,55.62446727344658,38.88228556816401,5
dcrlme_seed0,dcrlme,0,leg1_weak,ite,1,13,539,1245.857421875,539,1237.334228515625,55.62446727344658,38.88228556816401,5
dcrlme_seed0,dcrlme,0,leg1_weak,ite,1,14,539,1266.841552734375,539,1237.334228515625,55.62446727344658,38.88228556816401,5
dcrlme_seed0,dcrlme,0,leg1_weak,ite,1,15,539,1228.979248046875,539,1237.334228515625,55.62446727344658,38.88228556816401,5
dcrlme_seed0,dcrlme,0,leg1_weak,ite,1,16,539,1280.680419921875,539,1237.334228515625,55.62446727344658,38.88228556816401,5
dcrlme_seed0,dcrlme,0,leg1_weak,ite,1,17,539,1244.43408203125,539,1237.334228515625,55.62446727344658,38.88228556816401,5
dcrlme_seed0,dcrlme,0,leg1_weak,ite,1,18,539,1232.34716796875,539,1237.334228515625,55.62446727344658,38.88228556816401,5
dcrlme_seed0,dcrlme,0,leg1_weak,ite,1,19,539,1228.00244140625,539,1237.334228515625,55.62446727344658,38.88228556816401,5
dcrlme_seed0,dcrlme,0,leg1_weak,ite,1,20,539,1285.788330078125,539,1237.334228515625,55.62446727344658,38.88228556816401,5
dcrlme_seed0,dcrlme,0,leg1_weak,ite,2,1,43,1167.599609375,43,1167.175048828125,33.77777514233662,23.611140264682064,9
dcrlme_seed0,dcrlme,0,leg1_weak,ite,2,2,539,1204.362548828125,539,1237.334228515625,55.62446727344658,38.88228556816401,9
dcrlme_seed0,dcrlme,0,leg1_weak,ite,2,3,976,1101.66357421875,539,1237.334228515625,55.62446727344658,38.88228556816401,9
dcrlme_seed0,dcrlme,0,leg1_weak,ite,2,4,70,1063.180419921875,539,1237.334228515625,55.62446727344658,38.88228556816401,9
dcrlme_seed0,dcrlme,0,leg1_weak,ite,2,5,636,1182.70947265625,539,1237.334228515625,55.62446727344658,38.88228556816401,9
dcrlme_seed0,dcrlme,0,leg1_weak,ite,2,6,934,1066.1181640625,539,1237.334228515625,55.62446727344658,38.88228556816401,9
dcrlme_seed0,dcrlme,0,leg1_weak,ite,2,7,442,1176.074462890625,539,1237.334228515625,55.62446727344658,38.88228556816401,9
dcrlme_seed0,dcrlme,0,leg1_weak,ite,2,8,436,1187.67431640625,539,1237.334228515625,55.62446727344658,38.88228556816401,9
dcrlme_seed0,dcrlme,0,leg1_weak,ite,2,9,636,1196.3082275390625,539,1237.334228515625,55.62446727344658,38.88228556816401,9
dcrlme_seed0,dcrlme,0,leg1_weak,ite,2,10,368,1116.285888671875,539,1237.334228515625,55.62446727344658,38.88228556816401,9
dcrlme_seed0,dcrlme,0,leg1_weak,ite,2,11,1018,1142.7890625,539,1237.334228515625,55.62446727344658,38.88228556816401,9
dcrlme_seed0,dcrlme,0,leg1_weak,ite,2,12,636,1170.9482421875,539,1237.334228515625,55.62446727344658,38.88228556816401,9
dcrlme_seed0,dcrlme,0,leg1_weak,ite,2,13,442,1181.108642578125,539,1237.334228515625,55.62446727344658,38.88228556816401,9
dcrlme_seed0,dcrlme,0,leg1_weak,ite,2,14,442,1194.2353515625,539,1237.334228515625,55.62446727344658,38.88228556816401,9
dcrlme_seed0,dcrlme,0,leg1_weak,ite,2,15,636,1127.27099609375,539,1237.334228515625,55.62446727344658,38.88228556816401,9
dcrlme_seed0,dcrlme,0,leg1_weak,ite,2,16,442,1189.1505126953125,539,1237.334228515625,55.62446727344658,38.88228556816401,9
dcrlme_seed0,dcrlme,0,leg1_weak,ite,2,17,442,1219.037353515625,442,1190.123046875,40.92349506934301,28.606099073476187,9
dcrlme_seed0,dcrlme,0,leg1_weak,ite,2,18,442,1206.9814453125,442,1190.123046875,40.92349506934301,28.606099073476187,9
dcrlme_seed0,dcrlme,0,leg1_weak,ite,2,19,442,1200.7032470703125,442,1190.123046875,40.92349506934301,28.606099073476187,9
dcrlme_seed0,dcrlme,0,leg1_weak,ite,2,20,442,1188.95751953125,442,1190.123046875,40.92349506934301,28.606099073476187,9
dcrlme_seed0,dcrlme,0,leg1_weak,ite,3,1,43,1160.3353271484375,43,1167.175048828125,33.77777514233662,23.611140264682064,6
dcrlme_seed0,dcrlme,0,leg1_weak,ite,3,2,539,1218.3082275390625,539,1237.334228515625,55.62446727344658,38.88228556816401,6
dcrlme_seed0,dcrlme,0,leg1_weak,ite,3,3,976,1122.3236083984375,539,1237.334228515625,55.62446727344658,38.88228556816401,6
dcrlme_seed0,dcrlme,0,leg1_weak,ite,3,4,70,1066.2919921875,539,1237.334228515625,55.62446727344658,38.88228556816401,6
dcrlme_seed0,dcrlme,0,leg1_weak,ite,3,5,636,1175.1329345703125,539,1237.334228515625,55.62446727344658,38.88228556816401,6
dcrlme_seed0,dcrlme,0,leg1_weak,ite,3,6,934,1067.0391845703125,539,1237.334228515625,55.62446727344658,38.88228556816401,6
dcrlme_seed0,dcrlme,0,leg1_weak,ite,3,7,442,1191.46484375,539,1237.334228515625,55.62446727344658,38.88228556816401,6
dcrlme_seed0,dcrlme,0,leg1_weak,ite,3,8,436,1154.0340576171875,539,1237.334228515625,55.62446727344658,38.88228556816401,6
dcrlme_seed0,dcrlme,0,leg1_weak,ite,3,9,636,1180.4041748046875,539,1237.334228515625,55.62446727344658,38.88228556816401,6
dcrlme_seed0,dcrlme,0,leg1_weak,ite,3,10,403,1115.82177734375,539,1237.334228515625,55.62446727344658,38.88228556816401,6
dcrlme_seed0,dcrlme,0,leg1_weak,ite,3,11,442,1204.9674072265625,539,1237.334228515625,55.62446727344658,38.88228556816401,6
dcrlme_seed0,dcrlme,0,leg1_weak,ite,3,12,539,1274.6712646484375,539,1237.334228515625,55.62446727344658,38.88228556816401,6
dcrlme_seed0,dcrlme,0,leg1_weak,ite,3,13,539,1267.0125732421875,539,1237.334228515625,55.62446727344658,38.88228556816401,6
dcrlme_seed0,dcrlme,0,leg1_weak,ite,3,14,539,1257.2540283203125,539,1237.334228515625,55.62446727344658,38.88228556816401,6
dcrlme_seed0,dcrlme,0,leg1_weak,ite,3,15,539,1241.02197265625,539,1237.334228515625,55.62446727344658,38.88228556816401,6
dcrlme_seed0,dcrlme,0,leg1_weak,ite,3,16,539,1296.7908935546875,539,1237.334228515625,55.62446727344658,38.88228556816401,6
dcrlme_seed0,dcrlme,0,leg1_weak,ite,3,17,539,1246.5364990234375,539,1237.334228515625,55.62446727344658,38.88228556816401,6
dcrlme_seed0,dcrlme,0,leg1_weak,ite,3,18,539,1241.2725830078125,539,1237.334228515625,55.62446727344658,38.88228556816401,6
dcrlme_seed0,dcrlme,0,leg1_weak,ite,3,19,539,1271.416748046875,539,1237.334228515625,55.62446727344658,38.88228556816401,6
dcrlme_seed0,dcrlme,0,leg1_weak,ite,3,20,539,1215.6171875,539,1237.334228515625,55.62446727344658,38.88228556816401,6
dcrlme_seed0,dcrlme,0,leg1_weak,ite,4,1,43,1172.55810546875,43,1167.175048828125,33.77777514233662,23.611140264682064,4
dcrlme_seed0,dcrlme,0,leg1_weak,ite,4,2,539,1278.523193359375,539,1237.334228515625,55.62446727344658,38.88228556816401,4
dcrlme_seed0,dcrlme,0,leg1_weak,ite,4,3,976,1113.41796875,539,1237.334228515625,55.62446727344658,38.88228556816401,4
dcrlme_seed0,dcrlme,0,leg1_weak,ite,4,4,636,1107.3994140625,539,1237.334228515625,55.62446727344658,38.88228556816401,4
dcrlme_seed0,dcrlme,0,leg1_weak,ite,4,5,70,1062.5128173828125,539,1237.334228515625,55.62446727344658,38.88228556816401,4
dcrlme_seed0,dcrlme,0,leg1_weak,ite,4,6,934,1072.3729248046875,539,1237.334228515625,55.62446727344658,38.88228556816401,4
dcrlme_seed0,dcrlme,0,leg1_weak,ite,4,7,442,1198.7618408203125,539,1237.334228515625,55.62446727344658,38.88228556816401,4
dcrlme_seed0,dcrlme,0,leg1_weak,ite,4,8,1018,1177.15283203125,539,1237.334228515625,55.62446727344658,38.88228556816401,4
dcrlme_seed0,dcrlme,0,leg1_weak,ite,4,9,539,1288.831787109375,539,1237.334228515625,55.62446727344658,38.88228556816401,4
dcrlme_seed0,dcrlme,0,leg1_weak,ite,4,10,539,1204.4364013671875,539,1237.334228515625,55.62446727344658,38.88228556816401,4
dcrlme_seed0,dcrlme,0,leg1_weak,ite,4,11,539,1217.310546875,539,1237.334228515625,55.62446727344658,38.88228556816401,4
dcrlme_seed0,dcrlme,0,leg1_weak,ite,4,12,539,1274.945068359375,539,1237.334228515625,55.62446727344658,38.88228556816401,4
dcrlme_seed0,dcrlme,0,leg1_weak,ite,4,13,539,1217.8922119140625,539,1237.334228515625,55.62446727344658,38.88228556816401,4
dcrlme_seed0,dcrlme,0,leg1_weak,ite,4,14,539,1202.13525390625,539,1237.334228515625,55.62446727344658,38.88228556816401,4
dcrlme_seed0,dcrlme,0,leg1_weak,ite,4,15,539,1243.8482666015625,539,1237.334228515625,55.62446727344658,38.88228556816401,4
dcrlme_seed0,dcrlme,0,leg1_weak,ite,4,16,539,1255.411376953125,539,1237.334228515625,55.62446727344658,38.88228556816401,4
dcrlme_seed0,dcrlme,0,leg1_weak,ite,4,17,539,1263.7646484375,539,1237.334228515625,55.62446727344658,38.88228556816401,4
dcrlme_seed0,dcrlme,0,leg1_weak,ite,4,18,539,1210.709716796875,539,1237.334228515625,55.62446727344658,38.88228556816401,4
dcrlme_seed0,dcrlme,0,leg1_weak,ite,4,19,539,1260.59619140625,539,1237.334228515625,55.62446727344658,38.88228556816401,4
dcrlme_seed0,dcrlme,0,leg1_weak,ite,4,20,539,1285.1943359375,539,1237.334228515625,55.62446727344658,38.88228556816401,4
dcrlme_seed0,dcrlme,0,leg1_weak,top_k,0,1,43,1169.9713134765625,43,1167.175048828125,33.77777514233662,23.611140264682064,
dcrlme_seed0,dcrlme,0,leg1_weak,top_k,0,2,442,1186.65185546875,442,1190.123046875,40.92349506934301,28.606099073476187,
dcrlme_seed0,dcrlme,0,leg1_weak,top_k,0,3,724,1167.709716796875,442,1190.123046875,40.92349506934301,28.606099073476187,
dcrlme_seed0,dcrlme,0,leg1_weak,top_k,0,4,793,1157.1217041015625,442,1190.123046875,40.92349506934301,28.606099073476187,
dcrlme_seed0,dcrlme,0,leg1_weak,top_k,0,5,381,1148.8115234375,442,1190.123046875,40.92349506934301,28.606099073476187,
dcrlme_seed0,dcrlme,0,leg1_weak,top_k,0,6,449,1182.8883056640625,442,1190.123046875,40.92349506934301,28.606099073476187,
dcrlme_seed0,dcrlme,0,leg1_weak,top_k,0,7,798,1107.82763671875,442,1190.123046875,40.92349506934301,28.606099073476187,
dcrlme_seed0,dcrlme,0,leg1_weak,top_k,0,8,131,1146.664794921875,442,1190.123046875,40.92349506934301,28.606099073476187,
dcrlme_seed0,dcrlme,0,leg1_weak,top_k,0,9,375,1198.552734375,375,1184.820556640625,39.27236584869668,27.451936507720568,
dcrlme_seed0,dcrlme,0,leg1_weak,top_k,0,10,588,1156.133544921875,375,1184.820556640625,39.27236584869668,27.451936507720568,
dcrlme_seed0,dcrlme,0,leg1_weak,top_k,0,11,658,1299.50244140625,658,1315.89111328125,80.08609986233874,55.98131105831643,
dcrlme_seed0,dcrlme,0,leg1_weak,top_k,0,12,244,1080.8629150390625,658,1315.89111328125,80.08609986233874,55.98131105831643,
dcrlme_seed0,dcrlme,0,leg1_weak,top_k,0,13,229,1137.97314453125,658,1315.89111328125,80.08609986233874,55.98131105831643,
dcrlme_seed0,dcrlme,0,leg1_weak,top_k,0,14,567,1166.99951171875,658,1315.89111328125,80.08609986233874,55.98131105831643,
dcrlme_seed0,dcrlme,0,leg1_weak,top_k,0,15,976,1129.97509765625,658,1315.89111328125,80.08609986233874,55.98131105831643,
dcrlme_seed0,dcrlme,0,leg1_weak,top_k,0,16,70,1065.00244140625,658,1315.89111328125,80.08609986233874,55.98131105831643,
dcrlme_seed0,dcrlme,0,leg1_weak,top_k,0,17,901,1104.42578125,658,1315.89111328125,80.08609986233874,55.98131105831643,
dcrlme_seed0,dcrlme,0,leg1_weak,top_k,0,18,611,1431.010498046875,611,1379.84326171875,100.0,69.90140755330025,
dcrlme_seed0,dcrlme,0,leg1_weak,top_k,0,19,547,1290.1390380859375,611,1379.84326171875,100.0,69.90140755330025,
dcrlme_seed0,dcrlme,0,leg1_weak,top_k,0,20,540,1160.337890625,611,1379.84326171875,100.0,69.90140755330025,
dcrlme_seed0,dcrlme,0,leg1_weak,top_k,1,1,43,1172.838623046875,43,1167.175048828125,33.77777514233662,23.611140264682064,
dcrlme_seed0,dcrlme,0,leg1_weak,top_k,1,2,442,1191.654541015625,442,1190.123046875,40.92349506934301,28.606099073476187,
dcrlme_seed0,dcrlme,0,leg1_weak,top_k,1,3,724,1144.110107421875,442,1190.123046875,40.92349506934301,28.606099073476187,
dcrlme_seed0,dcrlme,0,leg1_weak,top_k,1,4,793,1155.0732421875,442,1190.123046875,40.92349506934301,28.606099073476187,
dcrlme_seed0,dcrlme,0,leg1_weak,top_k,1,5,381,1169.9095458984375,442,1190.123046875,40.92349506934301,28.606099073476187,
dcrlme_seed0,dcrlme,0,leg1_weak,top_k,1,6,449,1176.9951171875,442,1190.123046875,40.92349506934301,28.606099073476187,
dcrlme_seed0,dcrlme,0,leg1_weak,top_k,1,7,798,1172.48876953125,442,1190.123046875,40.92349506934301,28.606099073476187,
dcrlme_seed0,dcrlme,0,leg1_weak,top_k,1,8,131,1155.3304443359375,442,1190.123046875,40.92349506934301,28.606099073476187,
dcrlme_seed0,dcrlme,0,leg1_weak,top_k,1,9,375,1184.208740234375,442,1190.123046875,40.92349506934301,28.606099073476187,
dcrlme_seed0,dcrlme,0,leg1_weak,top_k,1,10,588,1162.1552734375,442,1190.123046875,40.92349506934301,28.606099073476187,
dcrlme_seed0,dcrlme,0,leg1_weak,top_k,1,11,658,1315.8111572265625,658,1315.89111328125,80.08609986233874,55.98131105831643,
dcrlme_seed0,dcrlme,0,leg1_weak,top_k,1,12,244,1080.8533935546875,658,1315.89111328125,80.08609986233874,55.98131105831643,
dcrlme_seed0,dcrlme,0,leg1_weak,top_k,1,13,229,1147.9130859375,658,1315.89111328125,80.08609986233874,55.98131105831643,
dcrlme_seed0,dcrlme,0,leg1_weak,top_k,1,14,567,1156.73583984375,658,1315.89111328125,80.08609986233874,55.98131105831643,
dcrlme_seed0,dcrlme,0,leg1_weak,top_k,1,15,976,1132.742431640625,658,1315.89111328125,80.08609986233874,55.98131105831643,
dcrlme_seed0,dcrlme,0,leg1_weak,top_k,1,16,70,1064.1259765625,658,1315.89111328125,80.08609986233874,55.98131105831643,
dcrlme_seed0,dcrlme,0,leg1_weak,top_k,1,17,901,1119.64111328125,658,1315.89111328125,80.08609986233874,55.98131105831643,
dcrlme_seed0,dcrlme,0,leg1_weak,top_k,1,18,611,1369.940185546875,611,1379.84326171875,100.0,69.90140755330025,
dcrlme_seed0,dcrlme,0,leg1_weak,top_k,1,19,547,1290.578369140625,611,1379.84326171875,100.0,69.90140755330025,
dcrlme_seed0,dcrlme,0,leg1_weak,top_k,1,20,540,1131.26708984375,611,1379.84326171875,100.0,69.90140755330025,
dcrlme_seed0,dcrlme,0,leg1_weak,top_k,2,1,43,1178.828369140625,43,1167.175048828125,33.77777514233662,23.611140264682064,
dcrlme_seed0,dcrlme,0,leg1_weak,top_k,2,2,442,1223.342529296875,442,1190.123046875,40.92349506934301,28.606099073476187,
dcrlme_seed0,dcrlme,0,leg1_weak,top_k,2,3,724,1172.575439453125,442,1190.123046875,40.92349506934301,28.606099073476187,
dcrlme_seed0,dcrlme,0,leg1_weak,top_k,2,4,793,1164.343505859375,442,1190.123046875,40.92349506934301,28.606099073476187,
dcrlme_seed0,dcrlme,0,leg1_weak,top_k,2,5,381,1167.028564453125,442,1190.123046875,40.92349506934301,28.606099073476187,
dcrlme_seed0,dcrlme,0,leg1_weak,top_k,2,6,449,1170.6563720703125,442,1190.123046875,40.92349506934301,28.606099073476187,
dcrlme_seed0,dcrlme,0,leg1_weak,top_k,2,7,798,1165.5928955078125,442,1190.123046875,40.92349506934301,28.606099073476187,
dcrlme_seed0,dcrlme,0,leg1_weak,top_k,2,8,131,1169.0703125,442,1190.123046875,40.92349506934301,28.606099073476187,
dcrlme_seed0,dcrlme,0,leg1_weak,top_k,2,9,375,1199.045166015625,442,1190.123046875,40.92349506934301,28.606099073476187,
dcrlme_seed0,dcrlme,0,leg1_weak,top_k,2,10,588,1158.186279296875,442,1190.123046875,40.92349506934301,28.606099073476187,
dcrlme_seed0,dcrlme,0,leg1_weak,top_k,2,11,658,1311.144287109375,658,1315.89111328125,80.08609986233874,55.98131105831643,
dcrlme_seed0,dcrlme,0,leg1_weak,top_k,2,12,244,1082.840087890625,658,1315.89111328125,80.08609986233874,55.98131105831643,
dcrlme_seed0,dcrlme,0,leg1_weak,top_k,2,13,229,1143.38720703125,658,1315.89111328125,80.08609986233874,55.98131105831643,
dcrlme_seed0,dcrlme,0,leg1_weak,top_k,2,14,567,1151.36181640625,658,1315.89111328125,80.08609986233874,55.98131105831643,
dcrlme_seed0,dcrlme,0,leg1_weak,top_k,2,15,976,1122.3900146484375,658,1315.89111328125,80.08609986233874,55.98131105831643,
dcrlme_seed0,dcrlme,0,leg1_weak,top_k,2,16,70,1069.1068115234375,658,1315.89111328125,80.08609986233874,55.98131105831643,
dcrlme_seed0,dcrlme,0,leg1_weak,top_k,2,17,901,1154.7559814453125,658,1315.89111328125,80.08609986233874,55.98131105831643,
dcrlme_seed0,dcrlme,0,leg1_weak,top_k,2,18,611,1310.4541015625,658,1315.89111328125,80.08609986233874,55.98131105831643,
dcrlme_seed0,dcrlme,0,leg1_weak,top_k,2,19,547,1275.7830810546875,658,1315.89111328125,80.08609986233874,55.98131105831643,
dcrlme_seed0,dcrlme,0,leg1_weak,top_k,2,20,540,1094.9755859375,658,1315.89111328125,80.08609986233874,55.98131105831643,
dcrlme_seed0,dcrlme,0,leg1_weak,top_k,3,1,43,1169.3448486328125,43,1167.175048828125,33.77777514233662,23.611140264682064,
dcrlme_seed0,dcrlme,0,leg1_weak,top_k,3,2,442,1188.5640869140625,442,1190.123046875,40.92349506934301,28.606099073476187,
dcrlme_seed0,dcrlme,0,leg1_weak,top_k,3,3,724,1165.3748779296875,442,1190.123046875,40.92349506934301,28.606099073476187,
dcrlme_seed0,dcrlme,0,leg1_weak,top_k,3,4,793,1160.8759765625,442,1190.123046875,40.92349506934301,28.606099073476187,
dcrlme_seed0,dcrlme,0,leg1_weak,top_k,3,5,381,1158.3173828125,442,1190.123046875,40.92349506934301,28.606099073476187,
dcrlme_seed0,dcrlme,0,leg1_weak,top_k,3,6,449,1177.413818359375,442,1190.123046875,40.92349506934301,28.606099073476187,
dcrlme_seed0,dcrlme,0,leg1_weak,top_k,3,7,798,1119.359375,442,1190.123046875,40.92349506934301,28.606099073476187,
dcrlme_seed0,dcrlme,0,leg1_weak,top_k,3,8,131,1175.077880859375,442,1190.123046875,40.92349506934301,28.606099073476187,
dcrlme_seed0,dcrlme,0,leg1_weak,top_k,3,9,375,1200.939453125,375,1184.820556640625,39.27236584869668,27.451936507720568,
dcrlme_seed0,dcrlme,0,leg1_weak,top_k,3,10,588,1152.05126953125,375,1184.820556640625,39.27236584869668,27.451936507720568,
dcrlme_seed0,dcrlme,0,leg1_weak,top_k,3,11,658,1325.0321044921875,658,1315.89111328125,80.08609986233874,55.98131105831643,
dcrlme_seed0,dcrlme,0,leg1_weak,top_k,3,12,244,1075.421142578125,658,1315.89111328125,80.08609986233874,55.98131105831643,
dcrlme_seed0,dcrlme,0,leg1_weak,top_k,3,13,229,1154.6114501953125,658,1315.89111328125,80.08609986233874,55.98131105831643,
dcrlme_seed0,dcrlme,0,leg1_weak,top_k,3,14,567,1172.130126953125,658,1315.89111328125,80.08609986233874,55.98131105831643,
dcrlme_seed0,dcrlme,0,leg1_weak,top_k,3,15,976,1114.69873046875,658,1315.89111328125,80.08609986233874,55.98131105831643,
dcrlme_seed0,dcrlme,0,leg1_weak,top_k,3,16,70,1066.8131103515625,658,1315.89111328125,80.08609986233874,55.98131105831643,
dcrlme_seed0,dcrlme,0,leg1_weak,top_k,3,17,901,1142.2718505859375,658,1315.89111328125,80.08609986233874,55.98131105831643,
dcrlme_seed0,dcrlme,0,leg1_weak,top_k,3,18,611,1388.905517578125,611,1379.84326171875,100.0,69.90140755330025,
dcrlme_seed0,dcrlme,0,leg1_weak,top_k,3,19,547,1282.7049560546875,611,1379.84326171875,100.0,69.90140755330025,
dcrlme_seed0,dcrlme,0,leg1_weak,top_k,3,20,540,1151.61962890625,611,1379.84326171875,100.0,69.90140755330025,
dcrlme_seed0,dcrlme,0,leg1_weak,top_k,4,1,43,1166.4764404296875,43,1167.175048828125,33.77777514233662,23.611140264682064,
dcrlme_seed0,dcrlme,0,leg1_weak,top_k,4,2,442,1186.356689453125,442,1190.123046875,40.92349506934301,28.606099073476187,
dcrlme_seed0,dcrlme,0,leg1_weak,top_k,4,3,724,1161.8955078125,442,1190.123046875,40.92349506934301,28.606099073476187,
dcrlme_seed0,dcrlme,0,leg1_weak,top_k,4,4,793,1152.466552734375,442,1190.123046875,40.92349506934301,28.606099073476187,
dcrlme_seed0,dcrlme,0,leg1_weak,top_k,4,5,381,1170.9102783203125,442,1190.123046875,40.92349506934301,28.606099073476187,
dcrlme_seed0,dcrlme,0,leg1_weak,top_k,4,6,449,1176.5828857421875,442,1190.123046875,40.92349506934301,28.606099073476187,
dcrlme_seed0,dcrlme,0,leg1_weak,top_k,4,7,798,1122.464111328125,442,1190.123046875,40.92349506934301,28.606099073476187,
dcrlme_seed0,dcrlme,0,leg1_weak,top_k,4,8,131,1162.94775390625,442,1190.123046875,40.92349506934301,28.606099073476187,
dcrlme_seed0,dcrlme,0,leg1_weak,top_k,4,9,375,1192.241455078125,375,1184.820556640625,39.27236584869668,27.451936507720568,
dcrlme_seed0,dcrlme,0,leg1_weak,top_k,4,10,588,1144.611328125,375,1184.820556640625,39.27236584869668,27.451936507720568,
dcrlme_seed0,dcrlme,0,leg1_weak,top_k,4,11,658,1300.5692138671875,658,1315.89111328125,80.08609986233874,55.98131105831643,
dcrlme_seed0,dcrlme,0,leg1_weak,top_k,4,12,244,1089.13818359375,658,1315.89111328125,80.08609986233874,55.98131105831643,
dcrlme_seed0,dcrlme,0,leg1_weak,top_k,4,13,229,1145.662353515625,658,1315.89111328125,80.08609986233874,55.98131105831643,
dcrlme_seed0,dcrlme,0,leg1_weak,top_k,4,14,567,1156.984130859375,658,1315.89111328125,80.08609986233874,55.98131105831643,
dcrlme_seed0,dcrlme,0,leg1_weak,top_k,4,15,976,1118.66259765625,658,1315.89111328125,80.08609986233874,55.98131105831643,
dcrlme_seed0,dcrlme,0,leg1_weak,top_k,4,16,70,1068.130615234375,658,1315.89111328125,80.08609986233874,55.98131105831643,
dcrlme_seed0,dcrlme,0,leg1_weak,top_k,4,17,901,1118.982421875,658,1315.89111328125,80.08609986233874,55.98131105831643,
dcrlme_seed0,dcrlme,0,leg1_weak,top_k,4,18,611,1395.732177734375,611,1379.84326171875,100.0,69.90140755330025,
dcrlme_seed0,dcrlme,0,leg1_weak,top_k,4,19,547,1293.551025390625,611,1379.84326171875,100.0,69.90140755330025,
dcrlme_seed0,dcrlme,0,leg1_weak,top_k,4,20,540,1137.92724609375,611,1379.84326171875,100.0,69.90140755330025,
dcrlme_seed0,dcrlme,0,leg1_weak,best_intact,0,1,43,1172.284912109375,43,1167.175048828125,33.77777514233662,23.611140264682064,
dcrlme_seed0,dcrlme,0,leg1_weak,best_intact,1,1,43,1169.3011474609375,43,1167.175048828125,33.77777514233662,23.611140264682064,
dcrlme_seed0,dcrlme,0,leg1_weak,best_intact,2,1,43,1168.7275390625,43,1167.175048828125,33.77777514233662,23.611140264682064,
dcrlme_seed0,dcrlme,0,leg1_weak,best_intact,3,1,43,1177.1541748046875,43,1167.175048828125,33.77777514233662,23.611140264682064,
dcrlme_seed0,dcrlme,0,leg1_weak,best_intact,4,1,43,1166.9559326171875,43,1167.175048828125,33.77777514233662,23.611140264682064,
dcrlme_seed0,dcrlme,0,leg2_weak,ite,0,1,43,1434.52587890625,43,1439.984130859375,84.13166957594183,82.99192479445048,1
dcrlme_seed0,dcrlme,0,leg2_weak,ite,0,2,43,1448.572021484375,43,1439.984130859375,84.13166957594183,82.99192479445048,1
dcrlme_seed0,dcrlme,0,leg2_weak,ite,0,3,43,1429.80859375,43,1439.984130859375,84.13166957594183,82.99192479445048,1
dcrlme_seed0,dcrlme,0,leg2_weak,ite,0,4,43,1467.8193359375,43,1439.984130859375,84.13166957594183,82.99192479445048,1
dcrlme_seed0,dcrlme,0,leg2_weak,ite,0,5,43,1438.2974853515625,43,1439.984130859375,84.13166957594183,82.99192479445048,1
dcrlme_seed0,dcrlme,0,leg2_weak,ite,0,6,43,1459.3526611328125,43,1439.984130859375,84.13166957594183,82.99192479445048,1
dcrlme_seed0,dcrlme,0,leg2_weak,ite,0,7,43,1479.4337158203125,43,1439.984130859375,84.13166957594183,82.99192479445048,1
dcrlme_seed0,dcrlme,0,leg2_weak,ite,0,8,43,1454.7457275390625,43,1439.984130859375,84.13166957594183,82.99192479445048,1
dcrlme_seed0,dcrlme,0,leg2_weak,ite,0,9,43,1434.9964599609375,43,1439.984130859375,84.13166957594183,82.99192479445048,1
dcrlme_seed0,dcrlme,0,leg2_weak,ite,0,10,43,1469.4981689453125,43,1439.984130859375,84.13166957594183,82.99192479445048,1
dcrlme_seed0,dcrlme,0,leg2_weak,ite,0,11,43,1453.1226806640625,43,1439.984130859375,84.13166957594183,82.99192479445048,1
dcrlme_seed0,dcrlme,0,leg2_weak,ite,0,12,43,1396.885009765625,43,1439.984130859375,84.13166957594183,82.99192479445048,1
dcrlme_seed0,dcrlme,0,leg2_weak,ite,0,13,976,1237.0498046875,43,1439.984130859375,84.13166957594183,82.99192479445048,1
dcrlme_seed0,dcrlme,0,leg2_weak,ite,0,14,43,1444.779541015625,43,1439.984130859375,84.13166957594183,82.99192479445048,1
dcrlme_seed0,dcrlme,0,leg2_weak,ite,0,15,43,1457.99853515625,43,1439.984130859375,84.13166957594183,82.99192479445048,1
dcrlme_seed0,dcrlme,0,leg2_weak,ite,0,16,43,1468.8604736328125,43,1439.984130859375,84.13166957594183,82.99192479445048,1
dcrlme_seed0,dcrlme,0,leg2_weak,ite,0,17,43,1442.904541015625,43,1439.984130859375,84.13166957594183,82.99192479445048,1
dcrlme_seed0,dcrlme,0,leg2_weak,ite,0,18,43,1444.522216796875,43,1439.984130859375,84.13166957594183,82.99192479445048,1
dcrlme_seed0,dcrlme,0,leg2_weak,ite,0,19,43,1465.111328125,43,1439.984130859375,84.13166957594183,82.99192479445048,1
dcrlme_seed0,dcrlme,0,leg2_weak,ite,0,20,43,1460.479736328125,43,1439.984130859375,84.13166957594183,82.99192479445048,1
dcrlme_seed0,dcrlme,0,leg2_weak,ite,1,1,43,1427.8211669921875,43,1439.984130859375,84.13166957594183,82.99192479445048,2
dcrlme_seed0,dcrlme,0,leg2_weak,ite,1,2,43,1434.44384765625,43,1439.984130859375,84.13166957594183,82.99192479445048,2
dcrlme_seed0,dcrlme,0,leg2_weak,ite,1,3,43,1442.8634033203125,43,1439.984130859375,84.13166957594183,82.99192479445048,2
dcrlme_seed0,dcrlme,0,leg2_weak,ite,1,4,43,1440.255126953125,43,1439.984130859375,84.13166957594183,82.99192479445048,2
dcrlme_seed0,dcrlme,0,leg2_weak,ite,1,5,976,1142.2591552734375,43,1439.984130859375,84.13166957594183,82.99192479445048,2
dcrlme_seed0,dcrlme,0,leg2_weak,ite,1,6,43,1433.089599609375,43,1439.984130859375,84.13166957594183,82.99192479445048,2
dcrlme_seed0,dcrlme,0,leg2_weak,ite,1,7,43,1453.52001953125,43,1439.984130859375,84.13166957594183,82.99192479445048,2
dcrlme_seed0,dcrlme,0,leg2_weak,ite,1,8,43,1450.731689453125,43,1439.984130859375,84.13166957594183,82.99192479445048,2
dcrlme_seed0,dcrlme,0,leg2_weak,ite,1,9,43,1449.2471923828125,43,1439.984130859375,84.13166957594183,82.99192479445048,2
dcrlme_seed0,dcrlme,0,leg2_weak,ite,1,10,43,1424.67236328125,43,1439.984130859375,84.13166957594183,82.99192479445048,2
dcrlme_seed0,dcrlme,0,leg2_weak,ite,1,11,43,1465.64453125,43,1439.984130859375,84.13166957594183,82.99192479445048,2
dcrlme_seed0,dcrlme,0,leg2_weak,ite,1,12,43,1430.472412109375,43,1439.984130859375,84.13166957594183,82.99192479445048,2
dcrlme_seed0,dcrlme,0,leg2_weak,ite,1,13,43,1423.192138671875,43,1439.984130859375,84.13166957594183,82.99192479445048,2
dcrlme_seed0,dcrlme,0,leg2_weak,ite,1,14,43,1456.099609375,43,1439.984130859375,84.13166957594183,82.99192479445048,2
dcrlme_seed0,dcrlme,0,leg2_weak,ite,1,15,43,1439.71826171875,43,1439.984130859375,84.13166957594183,82.99192479445048,2
dcrlme_seed0,dcrlme,0,leg2_weak,ite,1,16,43,1464.609619140625,43,1439.984130859375,84.13166957594183,82.99192479445048,2
dcrlme_seed0,dcrlme,0,leg2_weak,ite,1,17,43,1434.559814453125,43,1439.984130859375,84.13166957594183,82.99192479445048,2
dcrlme_seed0,dcrlme,0,leg2_weak,ite,1,18,43,1446.289794921875,43,1439.984130859375,84.13166957594183,82.99192479445048,2
dcrlme_seed0,dcrlme,0,leg2_weak,ite,1,19,43,1428.89794921875,43,1439.984130859375,84.13166957594183,82.99192479445048,2
dcrlme_seed0,dcrlme,0,leg2_weak,ite,1,20,43,1460.19921875,43,1439.984130859375,84.13166957594183,82.99192479445048,2
dcrlme_seed0,dcrlme,0,leg2_weak,ite,2,1,43,1479.88427734375,43,1439.984130859375,84.13166957594183,82.99192479445048,1
dcrlme_seed0,dcrlme,0,leg2_weak,ite,2,2,43,1425.4722900390625,43,1439.984130859375,84.13166957594183,82.99192479445048,1
dcrlme_seed0,dcrlme,0,leg2_weak,ite,2,3,43,1386.79345703125,43,1439.984130859375,84.13166957594183,82.99192479445048,1
dcrlme_seed0,dcrlme,0,leg2_weak,ite,2,4,976,1240.724365234375,43,1439.984130859375,84.13166957594183,82.99192479445048,1
dcrlme_seed0,dcrlme,0,leg2_weak,ite,2,5,43,1442.603759765625,43,1439.984130859375,84.13166957594183,82.99192479445048,1
dcrlme_seed0,dcrlme,0,leg2_weak,ite,2,6,43,1408.8218994140625,43,1439.984130859375,84.13166957594183,82.99192479445048,1
dcrlme_seed0,dcrlme,0,leg2_weak,ite,2,7,43,1438.2930908203125,43,1439.984130859375,84.13166957594183,82.99192479445048,1
dcrlme_seed0,dcrlme,0,leg2_weak,ite,2,8,43,1456.269775390625,43,1439.984130859375,84.13166957594183,82.99192479445048,1
dcrlme_seed0,dcrlme,0,leg2_weak,ite,2,9,43,1473.8128662109375,43,1439.984130859375,84.13166957594183,82.99192479445048,1
dcrlme_seed0,dcrlme,0,leg2_weak,ite,2,10,43,1446.148193359375,43,1439.984130859375,84.13166957594183,82.99192479445048,1
dcrlme_seed0,dcrlme,0,leg2_weak,ite,2,11,43,1427.9049072265625,43,1439.984130859375,84.13166957594183,82.99192479445048,1
dcrlme_seed0,dcrlme,0,leg2_weak,ite,2,12,43,1402.426513671875,43,1439.984130859375,84.13166957594183,82.99192479445048,1
dcrlme_seed0,dcrlme,0,leg2_weak,ite,2,13,43,1420.853515625,43,1439.984130859375,84.13166957594183,82.99192479445048,1
dcrlme_seed0,dcrlme,0,leg2_weak,ite,2,14,43,1475.310791015625,43,1439.984130859375,84.13166957594183,82.99192479445048,1
dcrlme_seed0,dcrlme,0,leg2_weak,ite,2,15,43,1453.0284423828125,43,1439.984130859375,84.13166957594183,82.99192479445048,1
dcrlme_seed0,dcrlme,0,leg2_weak,ite,2,16,43,1446.5618896484375,43,1439.984130859375,84.13166957594183,82.99192479445048,1
dcrlme_seed0,dcrlme,0,leg2_weak,ite,2,17,43,1415.085693359375,43,1439.984130859375,84.13166957594183,82.99192479445048,1
dcrlme_seed0,dcrlme,0,leg2_weak,ite,2,18,43,1463.3433837890625,43,1439.984130859375,84.13166957594183,82.99192479445048,1
dcrlme_seed0,dcrlme,0,leg2_weak,ite,2,19,43,1447.171875,43,1439.984130859375,84.13166957594183,82.99192479445048,1
dcrlme_seed0,dcrlme,0,leg2_weak,ite,2,20,43,1434.119873046875,43,1439.984130859375,84.13166957594183,82.99192479445048,1
dcrlme_seed0,dcrlme,0,leg2_weak,ite,3,1,43,1457.498046875,43,1439.984130859375,84.13166957594183,82.99192479445048,1
dcrlme_seed0,dcrlme,0,leg2_weak,ite,3,2,43,1444.7254638671875,43,1439.984130859375,84.13166957594183,82.99192479445048,1
dcrlme_seed0,dcrlme,0,leg2_weak,ite,3,3,43,1393.96435546875,43,1439.984130859375,84.13166957594183,82.99192479445048,1
dcrlme_seed0,dcrlme,0,leg2_weak,ite,3,4,976,1434.108154296875,43,1439.984130859375,84.13166957594183,82.99192479445048,1
dcrlme_seed0,dcrlme,0,leg2_weak,ite,3,5,43,1402.095703125,43,1439.984130859375,84.13166957594183,82.99192479445048,1
dcrlme_seed0,dcrlme,0,leg2_weak,ite,3,6,539,1352.481201171875,43,1439.984130859375,84.13166957594183,82.99192479445048,1
dcrlme_seed0,dcrlme,0,leg2_weak,ite,3,7,43,1462.542724609375,43,1439.984130859375,84.13166957594183,82.99192479445048,1
dcrlme_seed0,dcrlme,0,leg2_weak,ite,3,8,43,1387.026123046875,43,1439.984130859375,84.13166957594183,82.99192479445048,1
dcrlme_seed0,dcrlme,0,leg2_weak,ite,3,9,976,1109.44140625,43,1439.984130859375,84.13166957594183,82.99192479445048,1
dcrlme_seed0,dcrlme,0,leg2_weak,ite,3,10,43,1458.902587890625,43,1439.984130859375,84.13166957594183,82.99192479445048,1
dcrlme_seed0,dcrlme,0,leg2_weak,ite,3,11,43,1438.1007080078125,43,1439.984130859375,84.13166957594183,82.99192479445048,1
dcrlme_seed0,dcrlme,0,leg2_weak,ite,3,12,43,1469.8843994140625,43,1439.984130859375,84.13166957594183,82.99192479445048,1
dcrlme_seed0,dcrlme,0,leg2_weak,ite,3,13,43,1446.485107421875,43,1439.984130859375,84.13166957594183,82.99192479445048,1
dcrlme_seed0,dcrlme,0,leg2_weak,ite,3,14,43,1381.72265625,43,1439.984130859375,84.13166957594183,82.99192479445048,1
dcrlme_seed0,dcrlme,0,leg2_weak,ite,3,15,43,1484.2607421875,43,1439.984130859375,84.13166957594183,82.99192479445048,1
dcrlme_seed0,dcrlme,0,leg2_weak,ite,3,16,43,1441.6368408203125,43,1439.984130859375,84.13166957594183,82.99192479445048,1
dcrlme_seed0,dcrlme,0,leg2_weak,ite,3,17,43,1428.486083984375,43,1439.984130859375,84.13166957594183,82.99192479445048,1
dcrlme_seed0,dcrlme,0,leg2_weak,ite,3,18,43,1415.6025390625,43,1439.984130859375,84.13166957594183,82.99192479445048,1
dcrlme_seed0,dcrlme,0,leg2_weak,ite,3,19,43,1400.0919189453125,43,1439.984130859375,84.13166957594183,82.99192479445048,1
dcrlme_seed0,dcrlme,0,leg2_weak,ite,3,20,43,1390.0772705078125,43,1439.984130859375,84.13166957594183,82.99192479445048,1
dcrlme_seed0,dcrlme,0,leg2_weak,ite,4,1,43,1414.533203125,43,1439.984130859375,84.13166957594183,82.99192479445048,2
dcrlme_seed0,dcrlme,0,leg2_weak,ite,4,2,43,1431.8173828125,43,1439.984130859375,84.13166957594183,82.99192479445048,2
dcrlme_seed0,dcrlme,0,leg2_weak,ite,4,3,976,1387.239013671875,43,1439.984130859375,84.13166957594183,82.99192479445048,2
dcrlme_seed0,dcrlme,0,leg2_weak,ite,4,4,43,1427.0244140625,43,1439.984130859375,84.13166957594183,82.99192479445048,2
dcrlme_seed0,dcrlme,0,leg2_weak,ite,4,5,43,1454.459228515625,43,1439.984130859375,84.13166957594183,82.99192479445048,2
dcrlme_seed0,dcrlme,0,leg2_weak,ite,4,6,43,1408.603515625,43,1439.984130859375,84.13166957594183,82.99192479445048,2
dcrlme_seed0,dcrlme,0,leg2_weak,ite,4,7,43,1458.203857421875,43,1439.984130859375,84.13166957594183,82.99192479445048,2
dcrlme_seed0,dcrlme,0,leg2_weak,ite,4,8,43,1451.966796875,43,1439.984130859375,84.13166957594183,82.99192479445048,2
dcrlme_seed0,dcrlme,0,leg2_weak,ite,4,9,43,1460.9970703125,43,1439.984130859375,84.13166957594183,82.99192479445048,2
dcrlme_seed0,dcrlme,0,leg2_weak,ite,4,10,43,1392.6622314453125,43,1439.984130859375,84.13166957594183,82.99192479445048,2
dcrlme_seed0,dcrlme,0,leg2_weak,ite,4,11,43,1425.8985595703125,43,1439.984130859375,84.13166957594183,82.99192479445048,2
dcrlme_seed0,dcrlme,0,leg2_weak,ite,4,12,43,1416.820556640625,43,1439.984130859375,84.13166957594183,82.99192479445048,2
dcrlme_seed0,dcrlme,0,leg2_weak,ite,4,13,539,1329.629150390625,43,1439.984130859375,84.13166957594183,82.99192479445048,2
dcrlme_seed0,dcrlme,0,leg2_weak,ite,4,14,43,1396.893310546875,43,1439.984130859375,84.13166957594183,82.99192479445048,2
dcrlme_seed0,dcrlme,0,leg2_weak,ite,4,15,43,1459.31591796875,43,1439.984130859375,84.13166957594183,82.99192479445048,2
dcrlme_seed0,dcrlme,0,leg2_weak,ite,4,16,43,1462.6494140625,43,1439.984130859375,84.13166957594183,82.99192479445048,2
dcrlme_seed0,dcrlme,0,leg2_weak,ite,4,17,43,1459.338134765625,43,1439.984130859375,84.13166957594183,82.99192479445048,2
dcrlme_seed0,dcrlme,0,leg2_weak,ite,4,18,43,1444.7999267578125,43,1439.984130859375,84.13166957594183,82.99192479445048,2
dcrlme_seed0,dcrlme,0,leg2_weak,ite,4,19,43,1472.3408203125,43,1439.984130859375,84.13166957594183,82.99192479445048,2
dcrlme_seed0,dcrlme,0,leg2_weak,ite,4,20,43,1415.894287109375,43,1439.984130859375,84.13166957594183,82.99192479445048,2
dcrlme_seed0,dcrlme,0,leg2_weak,top_k,0,1,43,1431.9775390625,43,1439.984130859375,84.13166957594183,82.99192479445048,
dcrlme_seed0,dcrlme,0,leg2_weak,top_k,0,2,442,1330.331787109375,43,1439.984130859375,84.13166957594183,82.99192479445048,
dcrlme_seed0,dcrlme,0,leg2_weak,top_k,0,3,724,1419.712158203125,43,1439.984130859375,84.13166957594183,82.99192479445048,
dcrlme_seed0,dcrlme,0,leg2_weak,top_k,0,4,793,1222.2509765625,43,1439.984130859375,84.13166957594183,82.99192479445048,
dcrlme_seed0,dcrlme,0,leg2_weak,top_k,0,5,381,1324.847900390625,43,1439.984130859375,84.13166957594183,82.99192479445048,
dcrlme_seed0,dcrlme,0,leg2_weak,top_k,0,6,449,1451.04736328125,449,1449.550048828125,86.24242264589915,85.07408316506778,
dcrlme_seed0,dcrlme,0,leg2_weak,top_k,0,7,798,1310.1656494140625,449,1449.550048828125,86.24242264589915,85.07408316506778,
dcrlme_seed0,dcrlme,0,leg2_weak,top_k,0,8,131,1478.209716796875,131,1472.390625,91.28227521748454,90.04566007188977,
dcrlme_seed0,dcrlme,0,leg2_weak,top_k,0,9,375,1367.06396484375,131,1472.390625,91.28227521748454,90.04566007188977,
dcrlme_seed0,dcrlme,0,leg2_weak,top_k,0,10,588,1403.2742919921875,131,1472.390625,91.28227521748454,90.04566007188977,
dcrlme_seed0,dcrlme,0,leg2_weak,top_k,0,11,658,1166.88525390625,131,1472.390625,91.28227521748454,90.04566007188977,
dcrlme_seed0,dcrlme,0,leg2_weak,top_k,0,12,244,1149.173828125,131,1472.390625,91.28227521748454,90.04566007188977,
dcrlme_seed0,dcrlme,0,leg2_weak,top_k,0,13,229,1386.4276123046875,131,1472.390625,91.28227521748454,90.04566007188977,
dcrlme_seed0,dcrlme,0,leg2_weak,top_k,0,14,567,1407.898681640625,131,1472.390625,91.28227521748454,90.04566007188977,
dcrlme_seed0,dcrlme,0,leg2_weak,top_k,0,15,976,1190.185302734375,131,1472.390625,91.28227521748454,90.04566007188977,
dcrlme_seed0,dcrlme,0,leg2_weak,top_k,0,16,70,1081.9869384765625,131,1472.390625,91.28227521748454,90.04566007188977,
dcrlme_seed0,dcrlme,0,leg2_weak,top_k,0,17,901,1488.0850830078125,901,1363.287353515625,67.20825890453413,66.29777819321986,
dcrlme_seed0,dcrlme,0,leg2_weak,top_k,0,18,611,1322.4638671875,901,1363.287353515625,67.20825890453413,66.29777819321986,
dcrlme_seed0,dcrlme,0,leg2_weak,top_k,0,19,547,1381.256591796875,901,1363.287353515625,67.20825890453413,66.29777819321986,
dcrlme_seed0,dcrlme,0,leg2_weak,top_k,0,20,540,1389.2386474609375,901,1363.287353515625,67.20825890453413,66.29777819321986,
dcrlme_seed0,dcrlme,0,leg2_weak,top_k,1,1,43,1403.26318359375,43,1439.984130859375,84.13166957594183,82.99192479445048,
dcrlme_seed0,dcrlme,0,leg2_weak,top_k,1,2,442,1316.010986328125,43,1439.984130859375,84.13166957594183,82.99192479445048,
dcrlme_seed0,dcrlme,0,leg2_weak,top_k,1,3,724,1400.9932861328125,43,1439.984130859375,84.13166957594183,82.99192479445048,
dcrlme_seed0,dcrlme,0,leg2_weak,top_k,1,4,793,1213.1270751953125,43,1439.984130859375,84.13166957594183,82.99192479445048,
dcrlme_seed0,dcrlme,0,leg2_weak,top_k,1,5,381,1307.4326171875,43,1439.984130859375,84.13166957594183,82.99192479445048,
dcrlme_seed0,dcrlme,0,leg2_weak,top_k,1,6,449,1428.65576171875,449,1449.550048828125,86.24242264589915,85.07408316506778,
dcrlme_seed0,dcrlme,0,leg2_weak,top_k,1,7,798,1315.4593505859375,449,1449.550048828125,86.24242264589915,85.07408316506778,
dcrlme_seed0,dcrlme,0,leg2_weak,top_k,1,8,131,1449.0784912109375,131,1472.390625,91.28227521748454,90.04566007188977,
dcrlme_seed0,dcrlme,0,leg2_weak,top_k,1,9,375,1406.71923828125,131,1472.390625,91.28227521748454,90.04566007188977,
dcrlme_seed0,dcrlme,0,leg2_weak,top_k,1,10,588,1363.736572265625,131,1472.390625,91.28227521748454,90.04566007188977,
dcrlme_seed0,dcrlme,0,leg2_weak,top_k,1,11,658,1139.9368896484375,131,1472.390625,91.28227521748454,90.04566007188977,
dcrlme_seed0,dcrlme,0,leg2_weak,top_k,1,12,244,1269.8251953125,131,1472.390625,91.28227521748454,90.04566007188977,
dcrlme_seed0,dcrlme,0,leg2_weak,top_k,1,13,229,1414.4473876953125,131,1472.390625,91.28227521748454,90.04566007188977,
dcrlme_seed0,dcrlme,0,leg2_weak,top_k,1,14,567,1437.789794921875,131,1472.390625,91.28227521748454,90.04566007188977,
dcrlme_seed0,dcrlme,0,leg2_weak,top_k,1,15,976,1307.779052734375,131,1472.390625,91.28227521748454,90.04566007188977,
dcrlme_seed0,dcrlme,0,leg2_weak,top_k,1,16,70,1087.79541015625,131,1472.390625,91.28227521748454,90.04566007188977,
dcrlme_seed0,dcrlme,0,leg2_weak,top_k,1,17,901,1371.610107421875,131,1472.390625,91.28227521748454,90.04566007188977,
dcrlme_seed0,dcrlme,0,leg2_weak,top_k,1,18,611,1293.914306640625,131,1472.390625,91.28227521748454,90.04566007188977,
dcrlme_seed0,dcrlme,0,leg2_weak,top_k,1,19,547,1341.226318359375,131,1472.390625,91.28227521748454,90.04566007188977,
dcrlme_seed0,dcrlme,0,leg2_weak,top_k,1,20,540,1309.74072265625,131,1472.390625,91.28227521748454,90.04566007188977,
dcrlme_seed0,dcrlme,0,leg2_weak,top_k,2,1,43,1451.811767578125,43,1439.984130859375,84.13166957594183,82.99192479445048,
dcrlme_seed0,dcrlme,0,leg2_weak,top_k,2,2,442,1371.2587890625,43,1439.984130859375,84.13166957594183,82.99192479445048,
dcrlme_seed0,dcrlme,0,leg2_weak,top_k,2,3,724,1410.20458984375,43,1439.984130859375,84.13166957594183,82.99192479445048,
dcrlme_seed0,dcrlme,0,leg2_weak,top_k,2,4,793,1246.718994140625,43,1439.984130859375,84.13166957594183,82.99192479445048,
dcrlme_seed0,dcrlme,0,leg2_weak,top_k,2,5,381,1321.7132568359375,43,1439.984130859375,84.13166957594183,82.99192479445048,
dcrlme_seed0,dcrlme,0,leg2_weak,top_k,2,6,449,1395.279541015625,43,1439.984130859375,84.13166957594183,82.99192479445048,
dcrlme_seed0,dcrlme,0,leg2_weak,top_k,2,7,798,1320.132080078125,43,1439.984130859375,84.13166957594183,82.99192479445048,
dcrlme_seed0,dcrlme,0,leg2_weak,top_k,2,8,131,1470.2896728515625,131,1472.390625,91.28227521748454,90.04566007188977,
dcrlme_seed0,dcrlme,0,leg2_weak,top_k,2,9,375,1345.239501953125,131,1472.390625,91.28227521748454,90.04566007188977,
dcrlme_seed0,dcrlme,0,leg2_weak,top_k,2,10,588,1394.127685546875,131,1472.390625,91.28227521748454,90.04566007188977,
dcrlme_seed0,dcrlme,0,leg2_weak,top_k,2,11,658,1165.0843505859375,131,1472.390625,91.28227521748454,90.04566007188977,
dcrlme_seed0,dcrlme,0,leg2_weak,top_k,2,12,244,1163.4224853515625,131,1472.390625,91.28227521748454,90.04566007188977,
dcrlme_seed0,dcrlme,0,leg2_weak,top_k,2,13,229,1339.934326171875,131,1472.390625,91.28227521748454,90.04566007188977,
dcrlme_seed0,dcrlme,0,leg2_weak,top_k,2,14,567,1417.52001953125,131,1472.390625,91.28227521748454,90.04566007188977,
dcrlme_seed0,dcrlme,0,leg2_weak,top_k,2,15,976,1381.4661865234375,131,1472.390625,91.28227521748454,90.04566007188977,
dcrlme_seed0,dcrlme,0,leg2_weak,top_k,2,16,70,1088.3896484375,131,1472.390625,91.28227521748454,90.04566007188977,
dcrlme_seed0,dcrlme,0,leg2_weak,top_k,2,17,901,1356.43359375,131,1472.390625,91.28227521748454,90.04566007188977,
dcrlme_seed0,dcrlme,0,leg2_weak,top_k,2,18,611,1360.687255859375,131,1472.390625,91.28227521748454,90.04566007188977,
dcrlme_seed0,dcrlme,0,leg2_weak,top_k,2,19,547,1367.9781494140625,131,1472.390625,91.28227521748454,90.04566007188977,
dcrlme_seed0,dcrlme,0,leg2_weak,top_k,2,20,540,1329.2847900390625,131,1472.390625,91.28227521748454,90.04566007188977,
dcrlme_seed0,dcrlme,0,leg2_weak,top_k,3,1,43,1475.75732421875,43,1439.984130859375,84.13166957594183,82.99192479445048,
dcrlme_seed0,dcrlme,0,leg2_weak,top_k,3,2,442,1366.45263671875,43,1439.984130859375,84.13166957594183,82.99192479445048,
dcrlme_seed0,dcrlme,0,leg2_weak,top_k,3,3,724,1443.81103515625,43,1439.984130859375,84.13166957594183,82.99192479445048,
dcrlme_seed0,dcrlme,0,leg2_weak,top_k,3,4,793,1232.4342041015625,43,1439.984130859375,84.13166957594183,82.99192479445048,
dcrlme_seed0,dcrlme,0,leg2_weak,top_k,3,5,381,1274.44384765625,43,1439.984130859375,84.13166957594183,82.99192479445048,
dcrlme_seed0,dcrlme,0,leg2_weak,top_k,3,6,449,1442.732421875,43,1439.984130859375,84.13166957594183,82.99192479445048,
dcrlme_seed0,dcrlme,0,leg2_weak,top_k,3,7,798,1285.9005126953125,43,1439.984130859375,84.13166957594183,82.99192479445048,
dcrlme_seed0,dcrlme,0,leg2_weak,top_k,3,8,131,1456.731689453125,43,1439.984130859375,84.13166957594183,82.99192479445048,
dcrlme_seed0,dcrlme,0,leg2_weak,top_k,3,9,375,1395.331298828125,43,1439.984130859375,84.13166957594183,82.99192479445048,
dcrlme_seed0,dcrlme,0,leg2_weak,top_k,3,10,588,1348.100341796875,43,1439.984130859375,84.13166957594183,82.99192479445048,
dcrlme_seed0,dcrlme,0,leg2_weak,top_k,3,11,658,1161.037353515625,43,1439.984130859375,84.13166957594183,82.99192479445048,
dcrlme_seed0,dcrlme,0,leg2_weak,top_k,3,12,244,1236.177734375,43,1439.984130859375,84.13166957594183,82.99192479445048,
dcrlme_seed0,dcrlme,0,leg2_weak,top_k,3,13,229,1371.9208984375,43,1439.984130859375,84.13166957594183,82.99192479445048,
dcrlme_seed0,dcrlme,0,leg2_weak,top_k,3,14,567,1455.320556640625,43,1439.984130859375,84.13166957594183,82.99192479445048,
dcrlme_seed0,dcrlme,0,leg2_weak,top_k,3,15,976,1345.541748046875,43,1439.984130859375,84.13166957594183,82.99192479445048,
dcrlme_seed0,dcrlme,0,leg2_weak,top_k,3,16,70,1319.722900390625,43,1439.984130859375,84.13166957594183,82.99192479445048,
dcrlme_seed0,dcrlme,0,leg2_weak,top_k,3,17,901,1388.4378662109375,43,1439.984130859375,84.13166957594183,82.99192479445048,
dcrlme_seed0,dcrlme,0,leg2_weak,top_k,3,18,611,1287.487060546875,43,1439.984130859375,84.13166957594183,82.99192479445048,
dcrlme_seed0,dcrlme,0,leg2_weak,top_k,3,19,547,1373.021240234375,43,1439.984130859375,84.13166957594183,82.99192479445048,
dcrlme_seed0,dcrlme,0,leg2_weak,top_k,3,20,540,1550.9034423828125,540,1432.625244140625,82.50790562732628,81.39015822798767,
dcrlme_seed0,dcrlme,0,leg2_weak,top_k,4,1,43,1426.992431640625,43,1439.984130859375,84.13166957594183,82.99192479445048,
dcrlme_seed0,dcrlme,0,leg2_weak,top_k,4,2,442,1408.57763671875,43,1439.984130859375,84.13166957594183,82.99192479445048,
dcrlme_seed0,dcrlme,0,leg2_weak,top_k,4,3,724,1422.265869140625,43,1439.984130859375,84.13166957594183,82.99192479445048,
dcrlme_seed0,dcrlme,0,leg2_weak,top_k,4,4,793,1226.20068359375,43,1439.984130859375,84.13166957594183,82.99192479445048,
dcrlme_seed0,dcrlme,0,leg2_weak,top_k,4,5,381,1312.669189453125,43,1439.984130859375,84.13166957594183,82.99192479445048,
dcrlme_seed0,dcrlme,0,leg2_weak,top_k,4,6,449,1468.069580078125,449,1449.550048828125,86.24242264589915,85.07408316506778,
dcrlme_seed0,dcrlme,0,leg2_weak,top_k,4,7,798,1314.099853515625,449,1449.550048828125,86.24242264589915,85.07408316506778,
dcrlme_seed0,dcrlme,0,leg2_weak,top_k,4,8,131,1436.8941650390625,449,1449.550048828125,86.24242264589915,85.07408316506778,
dcrlme_seed0,dcrlme,0,leg2_weak,top_k,4,9,375,1374.2474365234375,449,1449.550048828125,86.24242264589915,85.07408316506778,
dcrlme_seed0,dcrlme,0,leg2_weak,top_k,4,10,588,1368.356689453125,449,1449.550048828125,86.24242264589915,85.07408316506778,
dcrlme_seed0,dcrlme,0,leg2_weak,top_k,4,11,658,1136.8248291015625,449,1449.550048828125,86.24242264589915,85.07408316506778,
dcrlme_seed0,dcrlme,0,leg2_weak,top_k,4,12,244,1308.729736328125,449,1449.550048828125,86.24242264589915,85.07408316506778,
dcrlme_seed0,dcrlme,0,leg2_weak,top_k,4,13,229,1320.945068359375,449,1449.550048828125,86.24242264589915,85.07408316506778,
dcrlme_seed0,dcrlme,0,leg2_weak,top_k,4,14,567,1464.01611328125,449,1449.550048828125,86.24242264589915,85.07408316506778,
dcrlme_seed0,dcrlme,0,leg2_weak,top_k,4,15,976,1230.8197021484375,449,1449.550048828125,86.24242264589915,85.07408316506778,
dcrlme_seed0,dcrlme,0,leg2_weak,top_k,4,16,70,1086.205078125,449,1449.550048828125,86.24242264589915,85.07408316506778,
dcrlme_seed0,dcrlme,0,leg2_weak,top_k,4,17,901,1347.25244140625,449,1449.550048828125,86.24242264589915,85.07408316506778,
dcrlme_seed0,dcrlme,0,leg2_weak,top_k,4,18,611,1317.95556640625,449,1449.550048828125,86.24242264589915,85.07408316506778,
dcrlme_seed0,dcrlme,0,leg2_weak,top_k,4,19,547,1361.254150390625,449,1449.550048828125,86.24242264589915,85.07408316506778,
dcrlme_seed0,dcrlme,0,leg2_weak,top_k,4,20,540,1476.90380859375,540,1432.625244140625,82.50790562732628,81.39015822798767,
dcrlme_seed0,dcrlme,0,leg2_weak,best_intact,0,1,43,1417.4375,43,1439.984130859375,84.13166957594183,82.99192479445048,
dcrlme_seed0,dcrlme,0,leg2_weak,best_intact,1,1,43,1464.326904296875,43,1439.984130859375,84.13166957594183,82.99192479445048,
dcrlme_seed0,dcrlme,0,leg2_weak,best_intact,2,1,43,1459.190673828125,43,1439.984130859375,84.13166957594183,82.99192479445048,
dcrlme_seed0,dcrlme,0,leg2_weak,best_intact,3,1,43,1446.86865234375,43,1439.984130859375,84.13166957594183,82.99192479445048,
dcrlme_seed0,dcrlme,0,leg2_weak,best_intact,4,1,43,1450.486083984375,43,1439.984130859375,84.13166957594183,82.99192479445048,
dcrlme_seed0,dcrlme,0,leg3_weak,ite,0,1,43,1091.8572998046875,43,1099.07177734375,11.132964637547202,8.787492680534712,3
dcrlme_seed0,dcrlme,0,leg3_weak,ite,0,2,539,1122.936279296875,539,1118.0115966796875,16.355829539262214,12.910014271994111,3
dcrlme_seed0,dcrlme,0,leg3_weak,ite,0,3,976,1338.775146484375,976,1346.5965576171875,79.3906636295247,62.66478860395856,3
dcrlme_seed0,dcrlme,0,leg3_weak,ite,0,4,976,1343.880126953125,976,1346.5965576171875,79.3906636295247,62.66478860395856,3
dcrlme_seed0,dcrlme,0,leg3_weak,ite,0,5,976,1288.94189453125,976,1346.5965576171875,79.3906636295247,62.66478860395856,3
dcrlme_seed0,dcrlme,0,leg3_weak,ite,0,6,976,1336.13525390625,976,1346.5965576171875,79.3906636295247,62.66478860395856,3
dcrlme_seed0,dcrlme,0,leg3_weak,ite,0,7,976,1332.967041015625,976,1346.5965576171875,79.3906636295247,62.66478860395856,3
dcrlme_seed0,dcrlme,0,leg3_weak,ite,0,8,976,1342.43310546875,976,1346.5965576171875,79.3906636295247,62.66478860395856,3
dcrlme_seed0,dcrlme,0,leg3_weak,ite,0,9,976,1291.203857421875,976,1346.5965576171875,79.3906636295247,62.66478860395856,3
dcrlme_seed0,dcrlme,0,leg3_weak,ite,0,10,976,1318.0029296875,976,1346.5965576171875,79.3906636295247,62.66478860395856,3
dcrlme_seed0,dcrlme,0,leg3_weak,ite,0,11,976,1342.86181640625,976,1346.5965576171875,79.3906636295247,62.66478860395856,3
dcrlme_seed0,dcrlme,0,leg3_weak,ite,0,12,976,1356.2275390625,976,1346.5965576171875,79.3906636295247,62.66478860395856,3
dcrlme_seed0,dcrlme,0,leg3_weak,ite,0,13,976,1334.62353515625,976,1346.5965576171875,79.3906636295247,62.66478860395856,3
dcrlme_seed0,dcrlme,0,leg3_weak,ite,0,14,976,1324.822998046875,976,1346.5965576171875,79.3906636295247,62.66478860395856,3
dcrlme_seed0,dcrlme,0,leg3_weak,ite,0,15,976,1345.318603515625,976,1346.5965576171875,79.3906636295247,62.66478860395856,3
dcrlme_seed0,dcrlme,0,leg3_weak,ite,0,16,976,1338.1796875,976,1346.5965576171875,79.3906636295247,62.66478860395856,3
dcrlme_seed0,dcrlme,0,leg3_weak,ite,0,17,976,1325.550048828125,976,1346.5965576171875,79.3906636295247,62.66478860395856,3
dcrlme_seed0,dcrlme,0,leg3_weak,ite,0,18,976,1353.035400390625,976,1346.5965576171875,79.3906636295247,62.66478860395856,3
dcrlme_seed0,dcrlme,0,leg3_weak,ite,0,19,976,1287.927734375,976,1346.5965576171875,79.3906636295247,62.66478860395856,3
dcrlme_seed0,dcrlme,0,leg3_weak,ite,0,20,976,1311.3916015625,976,1346.5965576171875,79.3906636295247,62.66478860395856,3
dcrlme_seed0,dcrlme,0,leg3_weak,ite,1,1,43,1091.6961669921875,43,1099.07177734375,11.132964637547202,8.787492680534712,3
dcrlme_seed0,dcrlme,0,leg3_weak,ite,1,2,539,1120.556396484375,539,1118.0115966796875,16.355829539262214,12.910014271994111,3
dcrlme_seed0,dcrlme,0,leg3_weak,ite,1,3,976,1292.658447265625,976,1346.5965576171875,79.3906636295247,62.66478860395856,3
dcrlme_seed0,dcrlme,0,leg3_weak,ite,1,4,976,1348.354736328125,976,1346.5965576171875,79.3906636295247,62.66478860395856,3
dcrlme_seed0,dcrlme,0,leg3_weak,ite,1,5,976,1347.35107421875,976,1346.5965576171875,79.3906636295247,62.66478860395856,3
dcrlme_seed0,dcrlme,0,leg3_weak,ite,1,6,976,1270.349609375,976,1346.5965576171875,79.3906636295247,62.66478860395856,3
dcrlme_seed0,dcrlme,0,leg3_weak,ite,1,7,976,1367.28125,976,1346.5965576171875,79.3906636295247,62.66478860395856,3
dcrlme_seed0,dcrlme,0,leg3_weak,ite,1,8,976,1348.515625,976,1346.5965576171875,79.3906636295247,62.66478860395856,3
dcrlme_seed0,dcrlme,0,leg3_weak,ite,1,9,976,1378.884033203125,976,1346.5965576171875,79.3906636295247,62.66478860395856,3
dcrlme_seed0,dcrlme,0,leg3_weak,ite,1,10,976,1324.27392578125,976,1346.5965576171875,79.3906636295247,62.66478860395856,3
dcrlme_seed0,dcrlme,0,leg3_weak,ite,1,11,976,1364.090576171875,976,1346.5965576171875,79.3906636295247,62.66478860395856,3
dcrlme_seed0,dcrlme,0,leg3_weak,ite,1,12,976,1354.3797607421875,976,1346.5965576171875,79.3906636295247,62.66478860395856,3
dcrlme_seed0,dcrlme,0,leg3_weak,ite,1,13,976,1276.8416748046875,976,1346.5965576171875,79.3906636295247,62.66478860395856,3
dcrlme_seed0,dcrlme,0,leg3_weak,ite,1,14,976,1324.404541015625,976,1346.5965576171875,79.3906636295247,62.66478860395856,3
dcrlme_seed0,dcrlme,0,leg3_weak,ite,1,15,976,1382.67236328125,976,1346.5965576171875,79.3906636295247,62.66478860395856,3
dcrlme_seed0,dcrlme,0,leg3_weak,ite,1,16,976,1380.604248046875,976,1346.5965576171875,79.3906636295247,62.66478860395856,3
dcrlme_seed0,dcrlme,0,leg3_weak,ite,1,17,976,1367.6761474609375,976,1346.5965576171875,79.3906636295247,62.66478860395856,3
dcrlme_seed0,dcrlme,0,leg3_weak,ite,1,18,976,1312.432373046875,976,1346.5965576171875,79.3906636295247,62.66478860395856,3
dcrlme_seed0,dcrlme,0,leg3_weak,ite,1,19,976,1359.610107421875,976,1346.5965576171875,79.3906636295247,62.66478860395856,3
dcrlme_seed0,dcrlme,0,leg3_weak,ite,1,20,976,1345.0916748046875,976,1346.5965576171875,79.3906636295247,62.66478860395856,3
dcrlme_seed0,dcrlme,0,leg3_weak,ite,2,1,43,1098.616943359375,43,1099.07177734375,11.132964637547202,8.787492680534712,3
dcrlme_seed0,dcrlme,0,leg3_weak,ite,2,2,539,1109.4554443359375,539,1118.0115966796875,16.355829539262214,12.910014271994111,3
dcrlme_seed0,dcrlme,0,leg3_weak,ite,2,3,976,1377.6912841796875,976,1346.5965576171875,79.3906636295247,62.66478860395856,3
dcrlme_seed0,dcrlme,0,leg3_weak,ite,2,4,976,1338.442626953125,976,1346.5965576171875,79.3906636295247,62.66478860395856,3
dcrlme_seed0,dcrlme,0,leg3_weak,ite,2,5,976,1239.53662109375,976,1346.5965576171875,79.3906636295247,62.66478860395856,3
dcrlme_seed0,dcrlme,0,leg3_weak,ite,2,6,976,1318.6195068359375,976,1346.5965576171875,79.3906636295247,62.66478860395856,3
dcrlme_seed0,dcrlme,0,leg3_weak,ite,2,7,976,1384.447021484375,976,1346.5965576171875,79.3906636295247,62.66478860395856,3
dcrlme_seed0,dcrlme,0,leg3_weak,ite,2,8,976,1343.146240234375,976,1346.5965576171875,79.3906636295247,62.66478860395856,3
dcrlme_seed0,dcrlme,0,leg3_weak,ite,2,9,976,1310.6002197265625,976,1346.5965576171875,79.3906636295247,62.66478860395856,3
dcrlme_seed0,dcrlme,0,leg3_weak,ite,2,10,976,1301.80322265625,976,1346.5965576171875,79.3906636295247,62.66478860395856,3
dcrlme_seed0,dcrlme,0,leg3_weak,ite,2,11,976,1352.7728271484375,976,1346.5965576171875,79.3906636295247,62.66478860395856,3
dcrlme_seed0,dcrlme,0,leg3_weak,ite,2,12,976,1293.595947265625,976,1346.5965576171875,79.3906636295247,62.66478860395856,3
dcrlme_seed0,dcrlme,0,leg3_weak,ite,2,13,976,1274.2099609375,976,1346.5965576171875,79.3906636295247,62.66478860395856,3
dcrlme_seed0,dcrlme,0,leg3_weak,ite,2,14,976,1328.50634765625,976,1346.5965576171875,79.3906636295247,62.66478860395856,3
dcrlme_seed0,dcrlme,0,leg3_weak,ite,2,15,976,1370.0443115234375,976,1346.5965576171875,79.3906636295247,62.66478860395856,3
dcrlme_seed0,dcrlme,0,leg3_weak,ite,2,16,976,1266.7481689453125,976,1346.5965576171875,79.3906636295247,62.66478860395856,3
dcrlme_seed0,dcrlme,0,leg3_weak,ite,2,17,976,1347.9810791015625,976,1346.5965576171875,79.3906636295247,62.66478860395856,3
dcrlme_seed0,dcrlme,0,leg3_weak,ite,2,18,976,1326.1588134765625,976,1346.5965576171875,79.3906636295247,62.66478860395856,3
dcrlme_seed0,dcrlme,0,leg3_weak,ite,2,19,976,1333.50732421875,976,1346.5965576171875,79.3906636295247,62.66478860395856,3
dcrlme_seed0,dcrlme,0,leg3_weak,ite,2,20,976,1353.6240234375,976,1346.5965576171875,79.3906636295247,62.66478860395856,3
dcrlme_seed0,dcrlme,0,leg3_weak,ite,3,1,43,1096.947998046875,43,1099.07177734375,11.132964637547202,8.787492680534712,3
dcrlme_seed0,dcrlme,0,leg3_weak,ite,3,2,539,1116.6031494140625,539,1118.0115966796875,16.355829539262214,12.910014271994111,3
dcrlme_seed0,dcrlme,0,leg3_weak,ite,3,3,976,1311.2119140625,976,1346.5965576171875,79.3906636295247,62.66478860395856,3
dcrlme_seed0,dcrlme,0,leg3_weak,ite,3,4,976,1312.18017578125,976,1346.5965576171875,79.3906636295247,62.66478860395856,3
dcrlme_seed0,dcrlme,0,leg3_weak,ite,3,5,976,1262.591796875,976,1346.5965576171875,79.3906636295247,62.66478860395856,3
dcrlme_seed0,dcrlme,0,leg3_weak,ite,3,6,976,1361.8787841796875,976,1346.5965576171875,79.3906636295247,62.66478860395856,3
dcrlme_seed0,dcrlme,0,leg3_weak,ite,3,7,976,1329.623779296875,976,1346.5965576171875,79.3906636295247,62.66478860395856,3
dcrlme_seed0,dcrlme,0,leg3_weak,ite,3,8,976,1341.0013427734375,976,1346.5965576171875,79.3906636295247,62.66478860395856,3
dcrlme_seed0,dcrlme,0,leg3_weak,ite,3,9,976,1353.84814453125,976,1346.5965576171875,79.3906636295247,62.66478860395856,3
dcrlme_seed0,dcrlme,0,leg3_weak,ite,3,10,976,1309.45361328125,976,1346.5965576171875,79.3906636295247,62.66478860395856,3
dcrlme_seed0,dcrlme,0,leg3_weak,ite,3,11,976,1324.388916015625,976,1346.5965576171875,79.3906636295247,62.66478860395856,3
dcrlme_seed0,dcrlme,0,leg3_weak,ite,3,12,976,1254.210693359375,976,1346.5965576171875,79.3906636295247,62.66478860395856,3
dcrlme_seed0,dcrlme,0,leg3_weak,ite,3,13,976,1337.217041015625,976,1346.5965576171875,79.3906636295247,62.66478860395856,3
dcrlme_seed0,dcrlme,0,leg3_weak,ite,3,14,976,1299.2701416015625,976,1346.5965576171875,79.3906636295247,62.66478860395856,3
dcrlme_seed0,dcrlme,0,leg3_weak,ite,3,15,976,1366.324951171875,976,1346.5965576171875,79.3906636295247,62.66478860395856,3
dcrlme_seed0,dcrlme,0,leg3_weak,ite,3,16,976,1277.493896484375,976,1346.5965576171875,79.3906636295247,62.66478860395856,3
dcrlme_seed0,dcrlme,0,leg3_weak,ite,3,17,976,1361.393310546875,976,1346.5965576171875,79.3906636295247,62.66478860395856,3
dcrlme_seed0,dcrlme,0,leg3_weak,ite,3,18,976,1358.58837890625,976,1346.5965576171875,79.3906636295247,62.66478860395856,3
dcrlme_seed0,dcrlme,0,leg3_weak,ite,3,19,976,1357.40283203125,976,1346.5965576171875,79.3906636295247,62.66478860395856,3
dcrlme_seed0,dcrlme,0,leg3_weak,ite,3,20,976,1314.536376953125,976,1346.5965576171875,79.3906636295247,62.66478860395856,3
dcrlme_seed0,dcrlme,0,leg3_weak,ite,4,1,43,1092.790283203125,43,1099.07177734375,11.132964637547202,8.787492680534712,3
dcrlme_seed0,dcrlme,0,leg3_weak,ite,4,2,539,1126.8917236328125,539,1118.0115966796875,16.355829539262214,12.910014271994111,3
dcrlme_seed0,dcrlme,0,leg3_weak,ite,4,3,976,1344.1845703125,976,1346.5965576171875,79.3906636295247,62.66478860395856,3
dcrlme_seed0,dcrlme,0,leg3_weak,ite,4,4,976,1339.415771484375,976,1346.5965576171875,79.3906636295247,62.66478860395856,3
dcrlme_seed0,dcrlme,0,leg3_weak,ite,4,5,976,1323.4954833984375,976,1346.5965576171875,79.3906636295247,62.66478860395856,3
dcrlme_seed0,dcrlme,0,leg3_weak,ite,4,6,976,1354.374267578125,976,1346.5965576171875,79.3906636295247,62.66478860395856,3
dcrlme_seed0,dcrlme,0,leg3_weak,ite,4,7,976,1352.391357421875,976,1346.5965576171875,79.3906636295247,62.66478860395856,3
dcrlme_seed0,dcrlme,0,leg3_weak,ite,4,8,976,1366.59814453125,976,1346.5965576171875,79.3906636295247,62.66478860395856,3
dcrlme_seed0,dcrlme,0,leg3_weak,ite,4,9,976,1339.716796875,976,1346.5965576171875,79.3906636295247,62.66478860395856,3
dcrlme_seed0,dcrlme,0,leg3_weak,ite,4,10,976,1352.3974609375,976,1346.5965576171875,79.3906636295247,62.66478860395856,3
dcrlme_seed0,dcrlme,0,leg3_weak,ite,4,11,976,1340.2996826171875,976,1346.5965576171875,79.3906636295247,62.66478860395856,3
dcrlme_seed0,dcrlme,0,leg3_weak,ite,4,12,976,1358.16455078125,976,1346.5965576171875,79.3906636295247,62.66478860395856,3
dcrlme_seed0,dcrlme,0,leg3_weak,ite,4,13,976,1340.6866455078125,976,1346.5965576171875,79.3906636295247,62.66478860395856,3
dcrlme_seed0,dcrlme,0,leg3_weak,ite,4,14,976,1308.3631591796875,976,1346.5965576171875,79.3906636295247,62.66478860395856,3
dcrlme_seed0,dcrlme,0,leg3_weak,ite,4,15,976,1330.1063232421875,976,1346.5965576171875,79.3906636295247,62.66478860395856,3
dcrlme_seed0,dcrlme,0,leg3_weak,ite,4,16,976,1330.479248046875,976,1346.5965576171875,79.3906636295247,62.66478860395856,3
dcrlme_seed0,dcrlme,0,leg3_weak,ite,4,17,976,1340.9803466796875,976,1346.5965576171875,79.3906636295247,62.66478860395856,3
dcrlme_seed0,dcrlme,0,leg3_weak,ite,4,18,976,1348.729736328125,976,1346.5965576171875,79.3906636295247,62.66478860395856,3
dcrlme_seed0,dcrlme,0,leg3_weak,ite,4,19,976,1325.0797119140625,976,1346.5965576171875,79.3906636295247,62.66478860395856,3
dcrlme_seed0,dcrlme,0,leg3_weak,ite,4,20,976,1282.263427734375,976,1346.5965576171875,79.3906636295247,62.66478860395856,3
dcrlme_seed0,dcrlme,0,leg3_weak,top_k,0,1,43,1092.4407958984375,43,1099.07177734375,11.132964637547202,8.787492680534712,
dcrlme_seed0,dcrlme,0,leg3_weak,top_k,0,2,442,1134.1201171875,442,1124.93798828125,18.26585871903864,14.417642112675995,
dcrlme_seed0,dcrlme,0,leg3_weak,top_k,0,3,724,1087.5404052734375,442,1124.93798828125,18.26585871903864,14.417642112675995,
dcrlme_seed0,dcrlme,0,leg3_weak,top_k,0,4,793,1115.765625,442,1124.93798828125,18.26585871903864,14.417642112675995,
dcrlme_seed0,dcrlme,0,leg3_weak,top_k,0,5,381,1095.3887939453125,442,1124.93798828125,18.26585871903864,14.417642112675995,
dcrlme_seed0,dcrlme,0,leg3_weak,top_k,0,6,449,1226.4466552734375,449,1231.8013916015625,47.73462547862656,37.67798476488408,
dcrlme_seed0,dcrlme,0,leg3_weak,top_k,0,7,798,1177.29736328125,449,1231.8013916015625,47.73462547862656,37.67798476488408,
dcrlme_seed0,dcrlme,0,leg3_weak,top_k,0,8,131,1171.83984375,449,1231.8013916015625,47.73462547862656,37.67798476488408,
dcrlme_seed0,dcrlme,0,leg3_weak,top_k,0,9,375,1107.1109619140625,449,1231.8013916015625,47.73462547862656,37.67798476488408,
dcrlme_seed0,dcrlme,0,leg3_weak,top_k,0,10,588,1085.021484375,449,1231.8013916015625,47.73462547862656,37.67798476488408,
dcrlme_seed0,dcrlme,0,leg3_weak,top_k,0,11,658,1121.3709716796875,449,1231.8013916015625,47.73462547862656,37.67798476488408,
dcrlme_seed0,dcrlme,0,leg3_weak,top_k,0,12,244,1127.6119384765625,449,1231.8013916015625,47.73462547862656,37.67798476488408,
dcrlme_seed0,dcrlme,0,leg3_weak,top_k,0,13,229,1253.2880859375,229,1244.604248046875,51.26515490891738,40.46470892481352,
dcrlme_seed0,dcrlme,0,leg3_weak,top_k,0,14,567,1109.410888671875,229,1244.604248046875,51.26515490891738,40.46470892481352,
dcrlme_seed0,dcrlme,0,leg3_weak,top_k,0,15,976,1287.8994140625,976,1346.5965576171875,79.3906636295247,62.66478860395856,
dcrlme_seed0,dcrlme,0,leg3_weak,top_k,0,16,70,1102.287109375,976,1346.5965576171875,79.3906636295247,62.66478860395856,
dcrlme_seed0,dcrlme,0,leg3_weak,top_k,0,17,901,1222.445556640625,976,1346.5965576171875,79.3906636295247,62.66478860395856,
dcrlme_seed0,dcrlme,0,leg3_weak,top_k,0,18,611,1215.078125,976,1346.5965576171875,79.3906636295247,62.66478860395856,
dcrlme_seed0,dcrlme,0,leg3_weak,top_k,0,19,547,1238.298583984375,976,1346.5965576171875,79.3906636295247,62.66478860395856,
dcrlme_seed0,dcrlme,0,leg3_weak,top_k,0,20,540,1279.018798828125,976,1346.5965576171875,79.3906636295247,62.66478860395856,
dcrlme_seed0,dcrlme,0,leg3_weak,top_k,1,1,43,1121.551513671875,43,1099.07177734375,11.132964637547202,8.787492680534712,
dcrlme_seed0,dcrlme,0,leg3_weak,top_k,1,2,442,1119.27001953125,43,1099.07177734375,11.132964637547202,8.787492680534712,
dcrlme_seed0,dcrlme,0,leg3_weak,top_k,1,3,724,1103.5791015625,43,1099.07177734375,11.132964637547202,8.787492680534712,
dcrlme_seed0,dcrlme,0,leg3_weak,top_k,1,4,793,1106.662109375,43,1099.07177734375,11.132964637547202,8.787492680534712,
dcrlme_seed0,dcrlme,0,leg3_weak,top_k,1,5,381,1080.7796630859375,43,1099.07177734375,11.132964637547202,8.787492680534712,
dcrlme_seed0,dcrlme,0,leg3_weak,top_k,1,6,449,1241.0994873046875,449,1231.8013916015625,47.73462547862656,37.67798476488408,
dcrlme_seed0,dcrlme,0,leg3_weak,top_k,1,7,798,1158.741455078125,449,1231.8013916015625,47.73462547862656,37.67798476488408,
dcrlme_seed0,dcrlme,0,leg3_weak,top_k,1,8,131,1171.3193359375,449,1231.8013916015625,47.73462547862656,37.67798476488408,
dcrlme_seed0,dcrlme,0,leg3_weak,top_k,1,9,375,1104.1820068359375,449,1231.8013916015625,47.73462547862656,37.67798476488408,
dcrlme_seed0,dcrlme,0,leg3_weak,top_k,1,10,588,1082.449462890625,449,1231.8013916015625,47.73462547862656,37.67798476488408,
dcrlme_seed0,dcrlme,0,leg3_weak,top_k,1,11,658,1121.0057373046875,449,1231.8013916015625,47.73462547862656,37.67798476488408,
dcrlme_seed0,dcrlme,0,leg3_weak,top_k,1,12,244,1125.32470703125,449,1231.8013916015625,47.73462547862656,37.67798476488408,
dcrlme_seed0,dcrlme,0,leg3_weak,top_k,1,13,229,1260.1492919921875,229,1244.604248046875,51.26515490891738,40.46470892481352,
dcrlme_seed0,dcrlme,0,leg3_weak,top_k,1,14,567,1103.5072021484375,229,1244.604248046875,51.26515490891738,40.46470892481352,
dcrlme_seed0,dcrlme,0,leg3_weak,top_k,1,15,976,1354.5693359375,976,1346.5965576171875,79.3906636295247,62.66478860395856,
dcrlme_seed0,dcrlme,0,leg3_weak,top_k,1,16,70,1101.2623291015625,976,1346.5965576171875,79.3906636295247,62.66478860395856,
dcrlme_seed0,dcrlme,0,leg3_weak,top_k,1,17,901,1220.6934814453125,976,1346.5965576171875,79.3906636295247,62.66478860395856,
dcrlme_seed0,dcrlme,0,leg3_weak,top_k,1,18,611,1209.9173583984375,976,1346.5965576171875,79.3906636295247,62.66478860395856,
dcrlme_seed0,dcrlme,0,leg3_weak,top_k,1,19,547,1220.6085205078125,976,1346.5965576171875,79.3906636295247,62.66478860395856,
dcrlme_seed0,dcrlme,0,leg3_weak,top_k,1,20,540,1300.222900390625,976,1346.5965576171875,79.3906636295247,62.66478860395856,
dcrlme_seed0,dcrlme,0,leg3_weak,top_k,2,1,43,1101.247802734375,43,1099.07177734375,11.132964637547202,8.787492680534712,
dcrlme_seed0,dcrlme,0,leg3_weak,top_k,2,2,442,1107.6083984375,442,1124.93798828125,18.26585871903864,14.417642112675995,
dcrlme_seed0,dcrlme,0,leg3_weak,top_k,2,3,724,1095.6966552734375,442,1124.93798828125,18.26585871903864,14.417642112675995,
dcrlme_seed0,dcrlme,0,leg3_weak,top_k,2,4,793,1096.5753173828125,442,1124.93798828125,18.26585871903864,14.417642112675995,
dcrlme_seed0,dcrlme,0,leg3_weak,top_k,2,5,381,1087.4622802734375,442,1124.93798828125,18.26585871903864,14.417642112675995,
dcrlme_seed0,dcrlme,0,leg3_weak,top_k,2,6,449,1229.22021484375,449,1231.8013916015625,47.73462547862656,37.67798476488408,
dcrlme_seed0,dcrlme,0,leg3_weak,top_k,2,7,798,1158.4560546875,449,1231.8013916015625,47.73462547862656,37.67798476488408,
dcrlme_seed0,dcrlme,0,leg3_weak,top_k,2,8,131,1172.6683349609375,449,1231.8013916015625,47.73462547862656,37.67798476488408,
dcrlme_seed0,dcrlme,0,leg3_weak,top_k,2,9,375,1105.345458984375,449,1231.8013916015625,47.73462547862656,37.67798476488408,
dcrlme_seed0,dcrlme,0,leg3_weak,top_k,2,10,588,1082.9376220703125,449,1231.8013916015625,47.73462547862656,37.67798476488408,
dcrlme_seed0,dcrlme,0,leg3_weak,top_k,2,11,658,1197.30224609375,449,1231.8013916015625,47.73462547862656,37.67798476488408,
dcrlme_seed0,dcrlme,0,leg3_weak,top_k,2,12,244,1116.087158203125,449,1231.8013916015625,47.73462547862656,37.67798476488408,
dcrlme_seed0,dcrlme,0,leg3_weak,top_k,2,13,229,1222.927978515625,449,1231.8013916015625,47.73462547862656,37.67798476488408,
dcrlme_seed0,dcrlme,0,leg3_weak,top_k,2,14,567,1117.243896484375,449,1231.8013916015625,47.73462547862656,37.67798476488408,
dcrlme_seed0,dcrlme,0,leg3_weak,top_k,2,15,976,1357.959716796875,976,1346.5965576171875,79.3906636295247,62.66478860395856,
dcrlme_seed0,dcrlme,0,leg3_weak,top_k,2,16,70,1094.71044921875,976,1346.5965576171875,79.3906636295247,62.66478860395856,
dcrlme_seed0,dcrlme,0,leg3_weak,top_k,2,17,901,1181.0457763671875,976,1346.5965576171875,79.3906636295247,62.66478860395856,
dcrlme_seed0,dcrlme,0,leg3_weak,top_k,2,18,611,1224.4639892578125,976,1346.5965576171875,79.3906636295247,62.66478860395856,
dcrlme_seed0,dcrlme,0,leg3_weak,top_k,2,19,547,1224.4749755859375,976,1346.5965576171875,79.3906636295247,62.66478860395856,
dcrlme_seed0,dcrlme,0,leg3_weak,top_k,2,20,540,1293.0106201171875,976,1346.5965576171875,79.3906636295247,62.66478860395856,
dcrlme_seed0,dcrlme,0,leg3_weak,top_k,3,1,43,1099.0223388671875,43,1099.07177734375,11.132964637547202,8.787492680534712,
dcrlme_seed0,dcrlme,0,leg3_weak,top_k,3,2,442,1116.48974609375,442,1124.93798828125,18.26585871903864,14.417642112675995,
dcrlme_seed0,dcrlme,0,leg3_weak,top_k,3,3,724,1100.2672119140625,442,1124.93798828125,18.26585871903864,14.417642112675995,
dcrlme_seed0,dcrlme,0,leg3_weak,top_k,3,4,793,1113.34716796875,442,1124.93798828125,18.26585871903864,14.417642112675995,
dcrlme_seed0,dcrlme,0,leg3_weak,top_k,3,5,381,1085.364501953125,442,1124.93798828125,18.26585871903864,14.417642112675995,
dcrlme_seed0,dcrlme,0,leg3_weak,top_k,3,6,449,1226.7584228515625,449,1231.8013916015625,47.73462547862656,37.67798476488408,
dcrlme_seed0,dcrlme,0,leg3_weak,top_k,3,7,798,1161.3212890625,449,1231.8013916015625,47.73462547862656,37.67798476488408,
dcrlme_seed0,dcrlme,0,leg3_weak,top_k,3,8,131,1174.10693359375,449,1231.8013916015625,47.73462547862656,37.67798476488408,
dcrlme_seed0,dcrlme,0,leg3_weak,top_k,3,9,375,1100.1455078125,449,1231.8013916015625,47.73462547862656,37.67798476488408,
dcrlme_seed0,dcrlme,0,leg3_weak,top_k,3,10,588,1086.6490478515625,449,1231.8013916015625,47.73462547862656,37.67798476488408,
dcrlme_seed0,dcrlme,0,leg3_weak,top_k,3,11,658,1200.384521484375,449,1231.8013916015625,47.73462547862656,37.67798476488408,
dcrlme_seed0,dcrlme,0,leg3_weak,top_k,3,12,244,1116.918701171875,449,1231.8013916015625,47.73462547862656,37.67798476488408,
dcrlme_seed0,dcrlme,0,leg3_weak,top_k,3,13,229,1252.6070556640625,229,1244.604248046875,51.26515490891738,40.46470892481352,
dcrlme_seed0,dcrlme,0,leg3_weak,top_k,3,14,567,1091.40185546875,229,1244.604248046875,51.26515490891738,40.46470892481352,
dcrlme_seed0,dcrlme,0,leg3_weak,top_k,3,15,976,1323.0457763671875,976,1346.5965576171875,79.3906636295247,62.66478860395856,
dcrlme_seed0,dcrlme,0,leg3_weak,top_k,3,16,70,1095.4873046875,976,1346.5965576171875,79.3906636295247,62.66478860395856,
dcrlme_seed0,dcrlme,0,leg3_weak,top_k,3,17,901,1235.5865478515625,976,1346.5965576171875,79.3906636295247,62.66478860395856,
dcrlme_seed0,dcrlme,0,leg3_weak,top_k,3,18,611,1244.833251953125,976,1346.5965576171875,79.3906636295247,62.66478860395856,
dcrlme_seed0,dcrlme,0,leg3_weak,top_k,3,19,547,1237.822998046875,976,1346.5965576171875,79.3906636295247,62.66478860395856,
dcrlme_seed0,dcrlme,0,leg3_weak,top_k,3,20,540,1289.923828125,976,1346.5965576171875,79.3906636295247,62.66478860395856,
dcrlme_seed0,dcrlme,0,leg3_weak,top_k,4,1,43,1101.388916015625,43,1099.07177734375,11.132964637547202,8.787492680534712,
dcrlme_seed0,dcrlme,0,leg3_weak,top_k,4,2,442,1119.943115234375,442,1124.93798828125,18.26585871903864,14.417642112675995,
dcrlme_seed0,dcrlme,0,leg3_weak,top_k,4,3,724,1101.25341796875,442,1124.93798828125,18.26585871903864,14.417642112675995,
dcrlme_seed0,dcrlme,0,leg3_weak,top_k,4,4,793,1103.76220703125,442,1124.93798828125,18.26585871903864,14.417642112675995,
dcrlme_seed0,dcrlme,0,leg3_weak,top_k,4,5,381,1087.455322265625,442,1124.93798828125,18.26585871903864,14.417642112675995,
dcrlme_seed0,dcrlme,0,leg3_weak,top_k,4,6,449,1225.095458984375,449,1231.8013916015625,47.73462547862656,37.67798476488408,
dcrlme_seed0,dcrlme,0,leg3_weak,top_k,4,7,798,1160.653076171875,449,1231.8013916015625,47.73462547862656,37.67798476488408,
dcrlme_seed0,dcrlme,0,leg3_weak,top_k,4,8,131,1175.1815185546875,449,1231.8013916015625,47.73462547862656,37.67798476488408,
dcrlme_seed0,dcrlme,0,leg3_weak,top_k,4,9,375,1112.602783203125,449,1231.8013916015625,47.73462547862656,37.67798476488408,
dcrlme_seed0,dcrlme,0,leg3_weak,top_k,4,10,588,1082.068603515625,449,1231.8013916015625,47.73462547862656,37.67798476488408,
dcrlme_seed0,dcrlme,0,leg3_weak,top_k,4,11,658,1198.4466552734375,449,1231.8013916015625,47.73462547862656,37.67798476488408,
dcrlme_seed0,dcrlme,0,leg3_weak,top_k,4,12,244,1124.83740234375,449,1231.8013916015625,47.73462547862656,37.67798476488408,
dcrlme_seed0,dcrlme,0,leg3_weak,top_k,4,13,229,1222.74951171875,449,1231.8013916015625,47.73462547862656,37.67798476488408,
dcrlme_seed0,dcrlme,0,leg3_weak,top_k,4,14,567,1102.834716796875,449,1231.8013916015625,47.73462547862656,37.67798476488408,
dcrlme_seed0,dcrlme,0,leg3_weak,top_k,4,15,976,1305.081298828125,976,1346.5965576171875,79.3906636295247,62.66478860395856,
dcrlme_seed0,dcrlme,0,leg3_weak,top_k,4,16,70,1101.067626953125,976,1346.5965576171875,79.3906636295247,62.66478860395856,
dcrlme_seed0,dcrlme,0,leg3_weak,top_k,4,17,901,1252.041259765625,976,1346.5965576171875,79.3906636295247,62.66478860395856,
dcrlme_seed0,dcrlme,0,leg3_weak,top_k,4,18,611,1215.150634765625,976,1346.5965576171875,79.3906636295247,62.66478860395856,
dcrlme_seed0,dcrlme,0,leg3_weak,top_k,4,19,547,1241.89501953125,976,1346.5965576171875,79.3906636295247,62.66478860395856,
dcrlme_seed0,dcrlme,0,leg3_weak,top_k,4,20,540,1313.449462890625,540,1311.2396240234375,69.64059768519584,54.96884813258048,
dcrlme_seed0,dcrlme,0,leg3_weak,best_intact,0,1,43,1121.952392578125,43,1099.07177734375,11.132964637547202,8.787492680534712,
dcrlme_seed0,dcrlme,0,leg3_weak,best_intact,1,1,43,1097.2113037109375,43,1099.07177734375,11.132964637547202,8.787492680534712,
dcrlme_seed0,dcrlme,0,leg3_weak,best_intact,2,1,43,1088.576171875,43,1099.07177734375,11.132964637547202,8.787492680534712,
dcrlme_seed0,dcrlme,0,leg3_weak,best_intact,3,1,43,1107.4603271484375,43,1099.07177734375,11.132964637547202,8.787492680534712,
dcrlme_seed0,dcrlme,0,leg3_weak,best_intact,4,1,43,1114.62060546875,43,1099.07177734375,11.132964637547202,8.787492680534712,
dcrlme_seed0,dcrlme,0,leg4_weak,ite,0,1,43,1212.841064453125,43,1233.060546875,44.75148472775364,37.95205785447774,3
dcrlme_seed0,dcrlme,0,leg4_weak,ite,0,2,539,1282.397705078125,539,1275.0037841796875,55.51666169762698,47.08160119052142,3
dcrlme_seed0,dcrlme,0,leg4_weak,ite,0,3,976,1336.134033203125,976,1365.37841796875,78.71227054534991,66.75292817138168,3
dcrlme_seed0,dcrlme,0,leg4_weak,ite,0,4,976,1279.995361328125,976,1365.37841796875,78.71227054534991,66.75292817138168,3
dcrlme_seed0,dcrlme,0,leg4_weak,ite,0,5,976,1379.5631103515625,976,1365.37841796875,78.71227054534991,66.75292817138168,3
dcrlme_seed0,dcrlme,0,leg4_weak,ite,0,6,976,1188.110595703125,976,1365.37841796875,78.71227054534991,66.75292817138168,3
dcrlme_seed0,dcrlme,0,leg4_weak,ite,0,7,636,1346.1971435546875,976,1365.37841796875,78.71227054534991,66.75292817138168,3
dcrlme_seed0,dcrlme,0,leg4_weak,ite,0,8,636,1367.7410888671875,976,1365.37841796875,78.71227054534991,66.75292817138168,3
dcrlme_seed0,dcrlme,0,leg4_weak,ite,0,9,636,1381.478515625,636,1359.82861328125,77.28785427592445,65.54493409040388,3
dcrlme_seed0,dcrlme,0,leg4_weak,ite,0,10,636,1389.31298828125,636,1359.82861328125,77.28785427592445,65.54493409040388,3
dcrlme_seed0,dcrlme,0,leg4_weak,ite,0,11,636,1379.88037109375,636,1359.82861328125,77.28785427592445,65.54493409040388,3
dcrlme_seed0,dcrlme,0,leg4_weak,ite,0,12,636,1342.734130859375,636,1359.82861328125,77.28785427592445,65.54493409040388,3
dcrlme_seed0,dcrlme,0,leg4_weak,ite,0,13,636,1293.4697265625,636,1359.82861328125,77.28785427592445,65.54493409040388,3
dcrlme_seed0,dcrlme,0,leg4_weak,ite,0,14,636,1313.396728515625,636,1359.82861328125,77.28785427592445,65.54493409040388,3
dcrlme_seed0,dcrlme,0,leg4_weak,ite,0,15,636,1351.395751953125,636,1359.82861328125,77.28785427592445,65.54493409040388,3
dcrlme_seed0,dcrlme,0,leg4_weak,ite,0,16,636,1386.18310546875,636,1359.82861328125,77.28785427592445,65.54493409040388,3
dcrlme_seed0,dcrlme,0,leg4_weak,ite,0,17,636,1385.92236328125,636,1359.82861328125,77.28785427592445,65.54493409040388,3
dcrlme_seed0,dcrlme,0,leg4_weak,ite,0,18,636,1371.8289794921875,636,1359.82861328125,77.28785427592445,65.54493409040388,3
dcrlme_seed0,dcrlme,0,leg4_weak,ite,0,19,636,1392.263916015625,636,1359.82861328125,77.28785427592445,65.54493409040388,3
dcrlme_seed0,dcrlme,0,leg4_weak,ite,0,20,636,1382.980712890625,636,1359.82861328125,77.28785427592445,65.54493409040388,3
dcrlme_seed0,dcrlme,0,leg4_weak,ite,1,1,43,1244.8408203125,43,1233.060546875,44.75148472775364,37.95205785447774,2
dcrlme_seed0,dcrlme,0,leg4_weak,ite,1,2,976,1442.8929443359375,976,1365.37841796875,78.71227054534991,66.75292817138168,2
dcrlme_seed0,dcrlme,0,leg4_weak,ite,1,3,976,1400.66796875,976,1365.37841796875,78.71227054534991,66.75292817138168,2
dcrlme_seed0,dcrlme,0,leg4_weak,ite,1,4,976,1402.495361328125,976,1365.37841796875,78.71227054534991,66.75292817138168,2
dcrlme_seed0,dcrlme,0,leg4_weak,ite,1,5,539,1300.187744140625,976,1365.37841796875,78.71227054534991,66.75292817138168,2
dcrlme_seed0,dcrlme,0,leg4_weak,ite,1,6,976,1395.595458984375,976,1365.37841796875,78.71227054534991,66.75292817138168,2
dcrlme_seed0,dcrlme,0,leg4_weak,ite,1,7,976,1416.469482421875,976,1365.37841796875,78.71227054534991,66.75292817138168,2
dcrlme_seed0,dcrlme,0,leg4_weak,ite,1,8,976,1359.4757080078125,976,1365.37841796875,78.71227054534991,66.75292817138168,2
dcrlme_seed0,dcrlme,0,leg4_weak,ite,1,9,976,1308.111328125,976,1365.37841796875,78.71227054534991,66.75292817138168,2
dcrlme_seed0,dcrlme,0,leg4_weak,ite,1,10,976,1475.32568359375,976,1365.37841796875,78.71227054534991,66.75292817138168,2
dcrlme_seed0,dcrlme,0,leg4_weak,ite,1,11,976,1423.217529296875,976,1365.37841796875,78.71227054534991,66.75292817138168,2
dcrlme_seed0,dcrlme,0,leg4_weak,ite,1,12,976,1332.988525390625,976,1365.37841796875,78.71227054534991,66.75292817138168,2
dcrlme_seed0,dcrlme,0,leg4_weak,ite,1,13,976,1427.38525390625,976,1365.37841796875,78.71227054534991,66.75292817138168,2
dcrlme_seed0,dcrlme,0,leg4_weak,ite,1,14,976,1373.1607666015625,976,1365.37841796875,78.71227054534991,66.75292817138168,2
dcrlme_seed0,dcrlme,0,leg4_weak,ite,1,15,976,1374.5107421875,976,1365.37841796875,78.71227054534991,66.75292817138168,2
dcrlme_seed0,dcrlme,0,leg4_weak,ite,1,16,976,1411.9268798828125,976,1365.37841796875,78.71227054534991,66.75292817138168,2
dcrlme_seed0,dcrlme,0,leg4_weak,ite,1,17,976,1345.3974609375,976,1365.37841796875,78.71227054534991,66.75292817138168,2
dcrlme_seed0,dcrlme,0,leg4_weak,ite,1,18,976,1387.502685546875,976,1365.37841796875,78.71227054534991,66.75292817138168,2
dcrlme_seed0,dcrlme,0,leg4_weak,ite,1,19,976,1462.3896484375,976,1365.37841796875,78.71227054534991,66.75292817138168,2
dcrlme_seed0,dcrlme,0,leg4_weak,ite,1,20,976,1387.228759765625,976,1365.37841796875,78.71227054534991,66.75292817138168,2
dcrlme_seed0,dcrlme,0,leg4_weak,ite,2,1,43,1234.3890380859375,43,1233.060546875,44.75148472775364,37.95205785447774,3
dcrlme_seed0,dcrlme,0,leg4_weak,ite,2,2,539,1260.7164306640625,539,1275.0037841796875,55.51666169762698,47.08160119052142,3
dcrlme_seed0,dcrlme,0,leg4_weak,ite,2,3,976,1406.228515625,976,1365.37841796875,78.71227054534991,66.75292817138168,3
dcrlme_seed0,dcrlme,0,leg4_weak,ite,2,4,976,1398.80615234375,976,1365.37841796875,78.71227054534991,66.75292817138168,3
dcrlme_seed0,dcrlme,0,leg4_weak,ite,2,5,976,1382.494384765625,976,1365.37841796875,78.71227054534991,66.75292817138168,3
dcrlme_seed0,dcrlme,0,leg4_weak,ite,2,6,976,1421.8702392578125,976,1365.37841796875,78.71227054534991,66.75292817138168,3
dcrlme_seed0,dcrlme,0,leg4_weak,ite,2,7,976,1408.0687255859375,976,1365.37841796875,78.71227054534991,66.75292817138168,3
dcrlme_seed0,dcrlme,0,leg4_weak,ite,2,8,976,1180.0321044921875,976,1365.37841796875,78.71227054534991,66.75292817138168,3
dcrlme_seed0,dcrlme,0,leg4_weak,ite,2,9,976,1382.830810546875,976,1365.37841796875,78.71227054534991,66.75292817138168,3
dcrlme_seed0,dcrlme,0,leg4_weak,ite,2,10,976,1439.990234375,976,1365.37841796875,78.71227054534991,66.75292817138168,3
dcrlme_seed0,dcrlme,0,leg4_weak,ite,2,11,976,1310.310546875,976,1365.37841796875,78.71227054534991,66.75292817138168,3
dcrlme_seed0,dcrlme,0,leg4_weak,ite,2,12,976,1395.03369140625,976,1365.37841796875,78.71227054534991,66.75292817138168,3
dcrlme_seed0,dcrlme,0,leg4_weak,ite,2,13,976,1393.900146484375,976,1365.37841796875,78.71227054534991,66.75292817138168,3
dcrlme_seed0,dcrlme,0,leg4_weak,ite,2,14,976,1456.5888671875,976,1365.37841796875,78.71227054534991,66.75292817138168,3
dcrlme_seed0,dcrlme,0,leg4_weak,ite,2,15,976,1421.5341796875,976,1365.37841796875,78.71227054534991,66.75292817138168,3
dcrlme_seed0,dcrlme,0,leg4_weak,ite,2,16,976,1211.65283203125,976,1365.37841796875,78.71227054534991,66.75292817138168,3
dcrlme_seed0,dcrlme,0,leg4_weak,ite,2,17,976,1377.0201416015625,976,1365.37841796875,78.71227054534991,66.75292817138168,3
dcrlme_seed0,dcrlme,0,leg4_weak,ite,2,18,976,1295.727294921875,976,1365.37841796875,78.71227054534991,66.75292817138168,3
dcrlme_seed0,dcrlme,0,leg4_weak,ite,2,19,976,1378.276611328125,976,1365.37841796875,78.71227054534991,66.75292817138168,3
dcrlme_seed0,dcrlme,0,leg4_weak,ite,2,20,976,1378.322265625,976,1365.37841796875,78.71227054534991,66.75292817138168,3
dcrlme_seed0,dcrlme,0,leg4_weak,ite,3,1,43,1275.0850830078125,43,1233.060546875,44.75148472775364,37.95205785447774,3
dcrlme_seed0,dcrlme,0,leg4_weak,ite,3,2,976,1341.58740234375,976,1365.37841796875,78.71227054534991,66.75292817138168,3
dcrlme_seed0,dcrlme,0,leg4_weak,ite,3,3,539,1296.97900390625,976,1365.37841796875,78.71227054534991,66.75292817138168,3
dcrlme_seed0,dcrlme,0,leg4_weak,ite,3,4,976,1401.5625,976,1365.37841796875,78.71227054534991,66.75292817138168,3
dcrlme_seed0,dcrlme,0,leg4_weak,ite,3,5,976,1441.4423828125,976,1365.37841796875,78.71227054534991,66.75292817138168,3
dcrlme_seed0,dcrlme,0,leg4_weak,ite,3,6,976,1256.63427734375,976,1365.37841796875,78.71227054534991,66.75292817138168,3
dcrlme_seed0,dcrlme,0,leg4_weak,ite,3,7,976,1385.64404296875,976,1365.37841796875,78.71227054534991,66.75292817138168,3
dcrlme_seed0,dcrlme,0,leg4_weak,ite,3,8,976,1407.0205078125,976,1365.37841796875,78.71227054534991,66.75292817138168,3
dcrlme_seed0,dcrlme,0,leg4_weak,ite,3,9,976,1380.6710205078125,976,1365.37841796875,78.71227054534991,66.75292817138168,3
dcrlme_seed0,dcrlme,0,leg4_weak,ite,3,10,976,1368.931884765625,976,1365.37841796875,78.71227054534991,66.75292817138168,3
dcrlme_seed0,dcrlme,0,leg4_weak,ite,3,11,976,1450.81103515625,976,1365.37841796875,78.71227054534991,66.75292817138168,3
dcrlme_seed0,dcrlme,0,leg4_weak,ite,3,12,976,1368.872314453125,976,1365.37841796875,78.71227054534991,66.75292817138168,3
dcrlme_seed0,dcrlme,0,leg4_weak,ite,3,13,976,1393.356201171875,976,1365.37841796875,78.71227054534991,66.75292817138168,3
dcrlme_seed0,dcrlme,0,leg4_weak,ite,3,14,976,1284.6209716796875,976,1365.37841796875,78.71227054534991,66.75292817138168,3
dcrlme_seed0,dcrlme,0,leg4_weak,ite,3,15,976,1291.189697265625,976,1365.37841796875,78.71227054534991,66.75292817138168,3
dcrlme_seed0,dcrlme,0,leg4_weak,ite,3,16,976,1320.651123046875,976,1365.37841796875,78.71227054534991,66.75292817138168,3
dcrlme_seed0,dcrlme,0,leg4_weak,ite,3,17,976,1399.1292724609375,976,1365.37841796875,78.71227054534991,66.75292817138168,3
dcrlme_seed0,dcrlme,0,leg4_weak,ite,3,18,976,1416.4866943359375,976,1365.37841796875,78.71227054534991,66.75292817138168,3
dcrlme_seed0,dcrlme,0,leg4_weak,ite,3,19,976,1356.55078125,976,1365.37841796875,78.71227054534991,66.75292817138168,3
dcrlme_seed0,dcrlme,0,leg4_weak,ite,3,20,976,1443.66259765625,976,1365.37841796875,78.71227054534991,66.75292817138168,3
dcrlme_seed0,dcrlme,0,leg4_weak,ite,4,1,43,1224.1566162109375,43,1233.060546875,44.75148472775364,37.95205785447774,3
dcrlme_seed0,dcrlme,0,leg4_weak,ite,4,2,539,1322.4404296875,539,1275.0037841796875,55.51666169762698,47.08160119052142,3
dcrlme_seed0,dcrlme,0,leg4_weak,ite,4,3,976,1344.0379638671875,976,1365.37841796875,78.71227054534991,66.75292817138168,3
dcrlme_seed0,dcrlme,0,leg4_weak,ite,4,4,976,1320.7744140625,976,1365.37841796875,78.71227054534991,66.75292817138168,3
dcrlme_seed0,dcrlme,0,leg4_weak,ite,4,5,636,1360.4039306640625,636,1359.82861328125,77.28785427592445,65.54493409040388,3
dcrlme_seed0,dcrlme,0,leg4_weak,ite,4,6,636,1371.8284912109375,636,1359.82861328125,77.28785427592445,65.54493409040388,3
dcrlme_seed0,dcrlme,0,leg4_weak,ite,4,7,636,1407.287841796875,636,1359.82861328125,77.28785427592445,65.54493409040388,3
dcrlme_seed0,dcrlme,0,leg4_weak,ite,4,8,636,1286.7459716796875,636,1359.82861328125,77.28785427592445,65.54493409040388,3
dcrlme_seed0,dcrlme,0,leg4_weak,ite,4,9,636,1346.42041015625,636,1359.82861328125,77.28785427592445,65.54493409040388,3
dcrlme_seed0,dcrlme,0,leg4_weak,ite,4,10,636,1360.3310546875,636,1359.82861328125,77.28785427592445,65.54493409040388,3
dcrlme_seed0,dcrlme,0,leg4_weak,ite,4,11,636,1304.858154296875,636,1359.82861328125,77.28785427592445,65.54493409040388,3
dcrlme_seed0,dcrlme,0,leg4_weak,ite,4,12,636,1313.6492919921875,636,1359.82861328125,77.28785427592445,65.54493409040388,3
dcrlme_seed0,dcrlme,0,leg4_weak,ite,4,13,539,1279.09423828125,636,1359.82861328125,77.28785427592445,65.54493409040388,3
dcrlme_seed0,dcrlme,0,leg4_weak,ite,4,14,976,1300.99609375,636,1359.82861328125,77.28785427592445,65.54493409040388,3
dcrlme_seed0,dcrlme,0,leg4_weak,ite,4,15,636,1286.011962890625,636,1359.82861328125,77.28785427592445,65.54493409040388,3
dcrlme_seed0,dcrlme,0,leg4_weak,ite,4,16,636,1357.18896484375,636,1359.82861328125,77.28785427592445,65.54493409040388,3
dcrlme_seed0,dcrlme,0,leg4_weak,ite,4,17,636,1370.865234375,636,1359.82861328125,77.28785427592445,65.54493409040388,3
dcrlme_seed0,dcrlme,0,leg4_weak,ite,4,18,636,1344.1982421875,636,1359.82861328125,77.28785427592445,65.54493409040388,3
dcrlme_seed0,dcrlme,0,leg4_weak,ite,4,19,636,1258.0908203125,636,1359.82861328125,77.28785427592445,65.54493409040388,3
dcrlme_seed0,dcrlme,0,leg4_weak,ite,4,20,636,1357.105224609375,636,1359.82861328125,77.28785427592445,65.54493409040388,3
dcrlme_seed0,dcrlme,0,leg4_weak,top_k,0,1,43,1208.7523193359375,43,1233.060546875,44.75148472775364,37.95205785447774,
dcrlme_seed0,dcrlme,0,leg4_weak,top_k,0,2,442,1184.6107177734375,43,1233.060546875,44.75148472775364,37.95205785447774,
dcrlme_seed0,dcrlme,0,leg4_weak,top_k,0,3,724,1248.120849609375,724,1236.26220703125,45.57322478394076,38.64894481461951,
dcrlme_seed0,dcrlme,0,leg4_weak,top_k,0,4,793,1168.7000732421875,724,1236.26220703125,45.57322478394076,38.64894481461951,
dcrlme_seed0,dcrlme,0,leg4_weak,top_k,0,5,381,1103.44482421875,724,1236.26220703125,45.57322478394076,38.64894481461951,
dcrlme_seed0,dcrlme,0,leg4_weak,top_k,0,6,449,1199.887451171875,724,1236.26220703125,45.57322478394076,38.64894481461951,
dcrlme_seed0,dcrlme,0,leg4_weak,top_k,0,7,798,1130.0908203125,724,1236.26220703125,45.57322478394076,38.64894481461951,
dcrlme_seed0,dcrlme,0,leg4_weak,top_k,0,8,131,1187.978515625,724,1236.26220703125,45.57322478394076,38.64894481461951,
dcrlme_seed0,dcrlme,0,leg4_weak,top_k,0,9,375,1168.21044921875,724,1236.26220703125,45.57322478394076,38.64894481461951,
dcrlme_seed0,dcrlme,0,leg4_weak,top_k,0,10,588,1186.5391845703125,724,1236.26220703125,45.57322478394076,38.64894481461951,
dcrlme_seed0,dcrlme,0,leg4_weak,top_k,0,11,658,1076.7666015625,724,1236.26220703125,45.57322478394076,38.64894481461951,
dcrlme_seed0,dcrlme,0,leg4_weak,top_k,0,12,244,1174.7730712890625,724,1236.26220703125,45.57322478394076,38.64894481461951,
dcrlme_seed0,dcrlme,0,leg4_weak,top_k,0,13,229,1220.72900390625,724,1236.26220703125,45.57322478394076,38.64894481461951,
dcrlme_seed0,dcrlme,0,leg4_weak,top_k,0,14,567,1180.8369140625,724,1236.26220703125,45.57322478394076,38.64894481461951,
dcrlme_seed0,dcrlme,0,leg4_weak,top_k,0,15,976,1330.804443359375,976,1365.37841796875,78.71227054534991,66.75292817138168,
dcrlme_seed0,dcrlme,0,leg4_weak,top_k,0,16,70,1104.0758056640625,976,1365.37841796875,78.71227054534991,66.75292817138168,
dcrlme_seed0,dcrlme,0,leg4_weak,top_k,0,17,901,1322.2310791015625,976,1365.37841796875,78.71227054534991,66.75292817138168,
dcrlme_seed0,dcrlme,0,leg4_weak,top_k,0,18,611,1256.96630859375,976,1365.37841796875,78.71227054534991,66.75292817138168,
dcrlme_seed0,dcrlme,0,leg4_weak,top_k,0,19,547,1308.3553466796875,976,1365.37841796875,78.71227054534991,66.75292817138168,
dcrlme_seed0,dcrlme,0,leg4_weak,top_k,0,20,540,1343.0467529296875,540,1371.258056640625,80.22134220717349,68.03271531955116,
dcrlme_seed0,dcrlme,0,leg4_weak,top_k,1,1,43,1215.552001953125,43,1233.060546875,44.75148472775364,37.95205785447774,
dcrlme_seed0,dcrlme,0,leg4_weak,top_k,1,2,442,1187.4619140625,43,1233.060546875,44.75148472775364,37.95205785447774,
dcrlme_seed0,dcrlme,0,leg4_weak,top_k,1,3,724,1241.913330078125,724,1236.26220703125,45.57322478394076,38.64894481461951,
dcrlme_seed0,dcrlme,0,leg4_weak,top_k,1,4,793,1173.883056640625,724,1236.26220703125,45.57322478394076,38.64894481461951,
dcrlme_seed0,dcrlme,0,leg4_weak,top_k,1,5,381,1096.4501953125,724,1236.26220703125,45.57322478394076,38.64894481461951,
dcrlme_seed0,dcrlme,0,leg4_weak,top_k,1,6,449,1217.83984375,724,1236.26220703125,45.57322478394076,38.64894481461951,
dcrlme_seed0,dcrlme,0,leg4_weak,top_k,1,7,798,1149.711669921875,724,1236.26220703125,45.57322478394076,38.64894481461951,
dcrlme_seed0,dcrlme,0,leg4_weak,top_k,1,8,131,1189.011474609375,724,1236.26220703125,45.57322478394076,38.64894481461951,
dcrlme_seed0,dcrlme,0,leg4_weak,top_k,1,9,375,1169.0430908203125,724,1236.26220703125,45.57322478394076,38.64894481461951,
dcrlme_seed0,dcrlme,0,leg4_weak,top_k,1,10,588,1180.395751953125,724,1236.26220703125,45.57322478394076,38.64894481461951,
dcrlme_seed0,dcrlme,0,leg4_weak,top_k,1,11,658,1073.8326416015625,724,1236.26220703125,45.57322478394076,38.64894481461951,
dcrlme_seed0,dcrlme,0,leg4_weak,top_k,1,12,244,1166.040771484375,724,1236.26220703125,45.57322478394076,38.64894481461951,
dcrlme_seed0,dcrlme,0,leg4_weak,top_k,1,13,229,1211.19482421875,724,1236.26220703125,45.57322478394076,38.64894481461951,
dcrlme_seed0,dcrlme,0,leg4_weak,top_k,1,14,567,1214.095947265625,724,1236.26220703125,45.57322478394076,38.64894481461951,
dcrlme_seed0,dcrlme,0,leg4_weak,top_k,1,15,976,1375.970947265625,976,1365.37841796875,78.71227054534991,66.75292817138168,
dcrlme_seed0,dcrlme,0,leg4_weak,top_k,1,16,70,1177.754150390625,976,1365.37841796875,78.71227054534991,66.75292817138168,
dcrlme_seed0,dcrlme,0,leg4_weak,top_k,1,17,901,1337.156982421875,976,1365.37841796875,78.71227054534991,66.75292817138168,
dcrlme_seed0,dcrlme,0,leg4_weak,top_k,1,18,611,1295.79345703125,976,1365.37841796875,78.71227054534991,66.75292817138168,
dcrlme_seed0,dcrlme,0,leg4_weak,top_k,1,19,547,1311.747314453125,976,1365.37841796875,78.71227054534991,66.75292817138168,
dcrlme_seed0,dcrlme,0,leg4_weak,top_k,1,20,540,1402.3232421875,540,1371.258056640625,80.22134220717349,68.03271531955116,
dcrlme_seed0,dcrlme,0,leg4_weak,top_k,2,1,43,1218.009033203125,43,1233.060546875,44.75148472775364,37.95205785447774,
dcrlme_seed0,dcrlme,0,leg4_weak,top_k,2,2,442,1190.0404052734375,43,1233.060546875,44.75148472775364,37.95205785447774,
dcrlme_seed0,dcrlme,0,leg4_weak,top_k,2,3,724,1231.765869140625,724,1236.26220703125,45.57322478394076,38.64894481461951,
dcrlme_seed0,dcrlme,0,leg4_weak,top_k,2,4,793,1171.2332763671875,724,1236.26220703125,45.57322478394076,38.64894481461951,
dcrlme_seed0,dcrlme,0,leg4_weak,top_k,2,5,381,1114.314208984375,724,1236.26220703125,45.57322478394076,38.64894481461951,
dcrlme_seed0,dcrlme,0,leg4_weak,top_k,2,6,449,1222.662353515625,724,1236.26220703125,45.57322478394076,38.64894481461951,
dcrlme_seed0,dcrlme,0,leg4_weak,top_k,2,7,798,1137.720703125,724,1236.26220703125,45.57322478394076,38.64894481461951,
dcrlme_seed0,dcrlme,0,leg4_weak,top_k,2,8,131,1190.107177734375,724,1236.26220703125,45.57322478394076,38.64894481461951,
dcrlme_seed0,dcrlme,0,leg4_weak,top_k,2,9,375,1156.646484375,724,1236.26220703125,45.57322478394076,38.64894481461951,
dcrlme_seed0,dcrlme,0,leg4_weak,top_k,2,10,588,1197.30419921875,724,1236.26220703125,45.57322478394076,38.64894481461951,
dcrlme_seed0,dcrlme,0,leg4_weak,top_k,2,11,658,1068.873291015625,724,1236.26220703125,45.57322478394076,38.64894481461951,
dcrlme_seed0,dcrlme,0,leg4_weak,top_k,2,12,244,1164.5113525390625,724,1236.26220703125,45.57322478394076,38.64894481461951,
dcrlme_seed0,dcrlme,0,leg4_weak,top_k,2,13,229,1217.796142578125,724,1236.26220703125,45.57322478394076,38.64894481461951,
dcrlme_seed0,dcrlme,0,leg4_weak,top_k,2,14,567,1237.982666015625,567,1210.29443359375,38.908320152532596,32.996688856977315,
dcrlme_seed0,dcrlme,0,leg4_weak,top_k,2,15,976,1379.6268310546875,976,1365.37841796875,78.71227054534991,66.75292817138168,
dcrlme_seed0,dcrlme,0,leg4_weak,top_k,2,16,70,1180.7373046875,976,1365.37841796875,78.71227054534991,66.75292817138168,
dcrlme_seed0,dcrlme,0,leg4_weak,top_k,2,17,901,1349.2431640625,976,1365.37841796875,78.71227054534991,66.75292817138168,
dcrlme_seed0,dcrlme,0,leg4_weak,top_k,2,18,611,1278.8013916015625,976,1365.37841796875,78.71227054534991,66.75292817138168,
dcrlme_seed0,dcrlme,0,leg4_weak,top_k,2,19,547,1286.373291015625,976,1365.37841796875,78.71227054534991,66.75292817138168,
dcrlme_seed0,dcrlme,0,leg4_weak,top_k,2,20,540,1371.066162109375,976,1365.37841796875,78.71227054534991,66.75292817138168,
dcrlme_seed0,dcrlme,0,leg4_weak,top_k,3,1,43,1282.8056640625,43,1233.060546875,44.75148472775364,37.95205785447774,
dcrlme_seed0,dcrlme,0,leg4_weak,top_k,3,2,442,1180.540771484375,43,1233.060546875,44.75148472775364,37.95205785447774,
dcrlme_seed0,dcrlme,0,leg4_weak,top_k,3,3,724,1248.370849609375,43,1233.060546875,44.75148472775364,37.95205785447774,
dcrlme_seed0,dcrlme,0,leg4_weak,top_k,3,4,793,1175.892822265625,43,1233.060546875,44.75148472775364,37.95205785447774,
dcrlme_seed0,dcrlme,0,leg4_weak,top_k,3,5,381,1107.07373046875,43,1233.060546875,44.75148472775364,37.95205785447774,
dcrlme_seed0,dcrlme,0,leg4_weak,top_k,3,6,449,1220.057373046875,43,1233.060546875,44.75148472775364,37.95205785447774,
dcrlme_seed0,dcrlme,0,leg4_weak,top_k,3,7,798,1139.08251953125,43,1233.060546875,44.75148472775364,37.95205785447774,
dcrlme_seed0,dcrlme,0,leg4_weak,top_k,3,8,131,1189.53369140625,43,1233.060546875,44.75148472775364,37.95205785447774,
dcrlme_seed0,dcrlme,0,leg4_weak,top_k,3,9,375,1168.6102294921875,43,1233.060546875,44.75148472775364,37.95205785447774,
dcrlme_seed0,dcrlme,0,leg4_weak,top_k,3,10,588,1227.718505859375,43,1233.060546875,44.75148472775364,37.95205785447774,
dcrlme_seed0,dcrlme,0,leg4_weak,top_k,3,11,658,1072.1353759765625,43,1233.060546875,44.75148472775364,37.95205785447774,
dcrlme_seed0,dcrlme,0,leg4_weak,top_k,3,12,244,1168.673095703125,43,1233.060546875,44.75148472775364,37.95205785447774,
dcrlme_seed0,dcrlme,0,leg4_weak,top_k,3,13,229,1208.8681640625,43,1233.060546875,44.75148472775364,37.95205785447774,
dcrlme_seed0,dcrlme,0,leg4_weak,top_k,3,14,567,1201.960205078125,43,1233.060546875,44.75148472775364,37.95205785447774,
dcrlme_seed0,dcrlme,0,leg4_weak,top_k,3,15,976,1255.693359375,43,1233.060546875,44.75148472775364,37.95205785447774,
dcrlme_seed0,dcrlme,0,leg4_weak,top_k,3,16,70,1136.80712890625,43,1233.060546875,44.75148472775364,37.95205785447774,
dcrlme_seed0,dcrlme,0,leg4_weak,top_k,3,17,901,1271.9942626953125,43,1233.060546875,44.75148472775364,37.95205785447774,
dcrlme_seed0,dcrlme,0,leg4_weak,top_k,3,18,611,1230.364990234375,43,1233.060546875,44.75148472775364,37.95205785447774,
dcrlme_seed0,dcrlme,0,leg4_weak,top_k,3,19,547,1321.0477294921875,547,1318.0484619140625,66.56453504263285,56.450888732808785,
dcrlme_seed0,dcrlme,0,leg4_weak,top_k,3,20,540,1393.39453125,540,1371.258056640625,80.22134220717349,68.03271531955116,
dcrlme_seed0,dcrlme,0,leg4_weak,top_k,4,1,43,1279.0712890625,43,1233.060546875,44.75148472775364,37.95205785447774,
dcrlme_seed0,dcrlme,0,leg4_weak,top_k,4,2,442,1182.0672607421875,43,1233.060546875,44.75148472775364,37.95205785447774,
dcrlme_seed0,dcrlme,0,leg4_weak,top_k,4,3,724,1237.580078125,43,1233.060546875,44.75148472775364,37.95205785447774,
dcrlme_seed0,dcrlme,0,leg4_weak,top_k,4,4,793,1162.6805419921875,43,1233.060546875,44.75148472775364,37.95205785447774,
dcrlme_seed0,dcrlme,0,leg4_weak,top_k,4,5,381,1112.7305908203125,43,1233.060546875,44.75148472775364,37.95205785447774,
dcrlme_seed0,dcrlme,0,leg4_weak,top_k,4,6,449,1211.147705078125,43,1233.060546875,44.75148472775364,37.95205785447774,
dcrlme_seed0,dcrlme,0,leg4_weak,top_k,4,7,798,1128.9208984375,43,1233.060546875,44.75148472775364,37.95205785447774,
dcrlme_seed0,dcrlme,0,leg4_weak,top_k,4,8,131,1186.2376708984375,43,1233.060546875,44.75148472775364,37.95205785447774,
dcrlme_seed0,dcrlme,0,leg4_weak,top_k,4,9,375,1159.4677734375,43,1233.060546875,44.75148472775364,37.95205785447774,
dcrlme_seed0,dcrlme,0,leg4_weak,top_k,4,10,588,1221.9498291015625,43,1233.060546875,44.75148472775364,37.95205785447774,
dcrlme_seed0,dcrlme,0,leg4_weak,top_k,4,11,658,1069.03369140625,43,1233.060546875,44.75148472775364,37.95205785447774,
dcrlme_seed0,dcrlme,0,leg4_weak,top_k,4,12,244,1170.969482421875,43,1233.060546875,44.75148472775364,37.95205785447774,
dcrlme_seed0,dcrlme,0,leg4_weak,top_k,4,13,229,1205.550537109375,43,1233.060546875,44.75148472775364,37.95205785447774,
dcrlme_seed0,dcrlme,0,leg4_weak,top_k,4,14,567,1233.6192626953125,43,1233.060546875,44.75148472775364,37.95205785447774,
dcrlme_seed0,dcrlme,0,leg4_weak,top_k,4,15,976,1330.23046875,976,1365.37841796875,78.71227054534991,66.75292817138168,
dcrlme_seed0,dcrlme,0,leg4_weak,top_k,4,16,70,1136.7000732421875,976,1365.37841796875,78.71227054534991,66.75292817138168,
dcrlme_seed0,dcrlme,0,leg4_weak,top_k,4,17,901,1325.51171875,976,1365.37841796875,78.71227054534991,66.75292817138168,
dcrlme_seed0,dcrlme,0,leg4_weak,top_k,4,18,611,1294.969482421875,976,1365.37841796875,78.71227054534991,66.75292817138168,
dcrlme_seed0,dcrlme,0,leg4_weak,top_k,4,19,547,1316.2998046875,976,1365.37841796875,78.71227054534991,66.75292817138168,
dcrlme_seed0,dcrlme,0,leg4_weak,top_k,4,20,540,1417.2626953125,540,1371.258056640625,80.22134220717349,68.03271531955116,
dcrlme_seed0,dcrlme,0,leg4_weak,best_intact,0,1,43,1224.7249755859375,43,1233.060546875,44.75148472775364,37.95205785447774,
dcrlme_seed0,dcrlme,0,leg4_weak,best_intact,1,1,43,1246.588623046875,43,1233.060546875,44.75148472775364,37.95205785447774,
dcrlme_seed0,dcrlme,0,leg4_weak,best_intact,2,1,43,1217.10009765625,43,1233.060546875,44.75148472775364,37.95205785447774,
dcrlme_seed0,dcrlme,0,leg4_weak,best_intact,3,1,43,1261.73193359375,43,1233.060546875,44.75148472775364,37.95205785447774,
dcrlme_seed0,dcrlme,0,leg4_weak,best_intact,4,1,43,1240.068115234375,43,1233.060546875,44.75148472775364,37.95205785447774,
dcrlme_seed0,dcrlme,0,legs12_paralysed,ite,0,1,43,1058.3846435546875,43,1056.81103515625,-2.6678638469485665,-0.4111601180424792,15
dcrlme_seed0,dcrlme,0,legs12_paralysed,ite,0,2,539,1052.9906005859375,43,1056.81103515625,-2.6678638469485665,-0.4111601180424792,15
dcrlme_seed0,dcrlme,0,legs12_paralysed,ite,0,3,976,1066.21240234375,976,1067.9373779296875,13.04633418708281,2.0106469490629952,15
dcrlme_seed0,dcrlme,0,legs12_paralysed,ite,0,4,436,1077.728271484375,436,1077.82568359375,27.01200076685737,4.162977595939787,15
dcrlme_seed0,dcrlme,0,legs12_paralysed,ite,0,5,934,1065.85498046875,436,1077.82568359375,27.01200076685737,4.162977595939787,15
dcrlme_seed0,dcrlme,0,legs12_paralysed,ite,0,6,368,1085.676513671875,368,1084.2142333984375,36.03481615421002,5.553536504702171,15
dcrlme_seed0,dcrlme,0,legs12_paralysed,ite,0,7,442,1064.45703125,368,1084.2142333984375,36.03481615421002,5.553536504702171,15
dcrlme_seed0,dcrlme,0,legs12_paralysed,ite,0,8,636,1054.615966796875,368,1084.2142333984375,36.03481615421002,5.553536504702171,15
dcrlme_seed0,dcrlme,0,legs12_paralysed,ite,0,9,70,1056.62109375,368,1084.2142333984375,36.03481615421002,5.553536504702171,15
dcrlme_seed0,dcrlme,0,legs12_paralysed,ite,0,10,403,1107.6405029296875,403,1123.60400390625,91.66663218566777,14.127281402731306,15
dcrlme_seed0,dcrlme,0,legs12_paralysed,ite,0,11,1018,1055.61767578125,403,1123.60400390625,91.66663218566777,14.127281402731306,15
dcrlme_seed0,dcrlme,0,legs12_paralysed,ite,0,12,254,1058.022705078125,403,1123.60400390625,91.66663218566777,14.127281402731306,15
dcrlme_seed0,dcrlme,0,legs12_paralysed,ite,0,13,976,1066.479248046875,403,1123.60400390625,91.66663218566777,14.127281402731306,15
dcrlme_seed0,dcrlme,0,legs12_paralysed,ite,0,14,442,1063.7025146484375,403,1123.60400390625,91.66663218566777,14.127281402731306,15
dcrlme_seed0,dcrlme,0,legs12_paralysed,ite,0,15,403,1113.0418701171875,403,1123.60400390625,91.66663218566777,14.127281402731306,15
dcrlme_seed0,dcrlme,0,legs12_paralysed,ite,0,16,403,1124.58837890625,403,1123.60400390625,91.66663218566777,14.127281402731306,15
dcrlme_seed0,dcrlme,0,legs12_paralysed,ite,0,17,403,1124.5009765625,403,1123.60400390625,91.66663218566777,14.127281402731306,15
dcrlme_seed0,dcrlme,0,legs12_paralysed,ite,0,18,403,1121.922607421875,403,1123.60400390625,91.66663218566777,14.127281402731306,15
dcrlme_seed0,dcrlme,0,legs12_paralysed,ite,0,19,403,1127.63818359375,403,1123.60400390625,91.66663218566777,14.127281402731306,15
dcrlme_seed0,dcrlme,0,legs12_paralysed,ite,0,20,403,1120.822265625,403,1123.60400390625,91.66663218566777,14.127281402731306,15
dcrlme_seed0,dcrlme,0,legs12_paralysed,ite,1,1,43,1057.6072998046875,43,1056.81103515625,-2.6678638469485665,-0.4111601180424792,10
dcrlme_seed0,dcrlme,0,legs12_paralysed,ite,1,2,539,1055.00537109375,43,1056.81103515625,-2.6678638469485665,-0.4111601180424792,10
dcrlme_seed0,dcrlme,0,legs12_paralysed,ite,1,3,976,1065.3800048828125,976,1067.9373779296875,13.04633418708281,2.0106469490629952,10
dcrlme_seed0,dcrlme,0,legs12_paralysed,ite,1,4,436,1081.505859375,436,1077.82568359375,27.01200076685737,4.162977595939787,10
dcrlme_seed0,dcrlme,0,legs12_paralysed,ite,1,5,934,1066.07421875,436,1077.82568359375,27.01200076685737,4.162977595939787,10
dcrlme_seed0,dcrlme,0,legs12_paralysed,ite,1,6,368,1081.56005859375,368,1084.2142333984375,36.03481615421002,5.553536504702171,10
dcrlme_seed0,dcrlme,0,legs12_paralysed,ite,1,7,442,1062.92724609375,368,1084.2142333984375,36.03481615421002,5.553536504702171,10
dcrlme_seed0,dcrlme,0,legs12_paralysed,ite,1,8,636,1057.270263671875,368,1084.2142333984375,36.03481615421002,5.553536504702171,10
dcrlme_seed0,dcrlme,0,legs12_paralysed,ite,1,9,70,1057.796630859375,368,1084.2142333984375,36.03481615421002,5.553536504702171,10
dcrlme_seed0,dcrlme,0,legs12_paralysed,ite,1,10,403,1129.6962890625,403,1123.60400390625,91.66663218566777,14.127281402731306,10
dcrlme_seed0,dcrlme,0,legs12_paralysed,ite,1,11,1018,1053.8145751953125,403,1123.60400390625,91.66663218566777,14.127281402731306,10
dcrlme_seed0,dcrlme,0,legs12_paralysed,ite,1,12,403,1094.4869384765625,403,1123.60400390625,91.66663218566777,14.127281402731306,10
dcrlme_seed0,dcrlme,0,legs12_paralysed,ite,1,13,254,1060.3309326171875,403,1123.60400390625,91.66663218566777,14.127281402731306,10
dcrlme_seed0,dcrlme,0,legs12_paralysed,ite,1,14,976,1068.34326171875,403,1123.60400390625,91.66663218566777,14.127281402731306,10
dcrlme_seed0,dcrlme,0,legs12_paralysed,ite,1,15,442,1061.69970703125,403,1123.60400390625,91.66663218566777,14.127281402731306,10
dcrlme_seed0,dcrlme,0,legs12_paralysed,ite,1,16,403,1123.11083984375,403,1123.60400390625,91.66663218566777,14.127281402731306,10
dcrlme_seed0,dcrlme,0,legs12_paralysed,ite,1,17,403,1127.187255859375,403,1123.60400390625,91.66663218566777,14.127281402731306,10
dcrlme_seed0,dcrlme,0,legs12_paralysed,ite,1,18,403,1112.7613525390625,403,1123.60400390625,91.66663218566777,14.127281402731306,10
dcrlme_seed0,dcrlme,0,legs12_paralysed,ite,1,19,403,1125.2298583984375,403,1123.60400390625,91.66663218566777,14.127281402731306,10
dcrlme_seed0,dcrlme,0,legs12_paralysed,ite,1,20,403,1115.7183837890625,403,1123.60400390625,91.66663218566777,14.127281402731306,10
dcrlme_seed0,dcrlme,0,legs12_paralysed,ite,2,1,43,1057.166748046875,43,1056.81103515625,-2.6678638469485665,-0.4111601180424792,10
dcrlme_seed0,dcrlme,0,legs12_paralysed,ite,2,2,539,1055.484619140625,43,1056.81103515625,-2.6678638469485665,-0.4111601180424792,10
dcrlme_seed0,dcrlme,0,legs12_paralysed,ite,2,3,976,1069.3475341796875,976,1067.9373779296875,13.04633418708281,2.0106469490629952,10
dcrlme_seed0,dcrlme,0,legs12_paralysed,ite,2,4,436,1076.95458984375,436,1077.82568359375,27.01200076685737,4.162977595939787,10
dcrlme_seed0,dcrlme,0,legs12_paralysed,ite,2,5,934,1065.704833984375,436,1077.82568359375,27.01200076685737,4.162977595939787,10
dcrlme_seed0,dcrlme,0,legs12_paralysed,ite,2,6,368,1081.980712890625,368,1084.2142333984375,36.03481615421002,5.553536504702171,10
dcrlme_seed0,dcrlme,0,legs12_paralysed,ite,2,7,442,1062.6309814453125,368,1084.2142333984375,36.03481615421002,5.553536504702171,10
dcrlme_seed0,dcrlme,0,legs12_paralysed,ite,2,8,636,1056.453369140625,368,1084.2142333984375,36.03481615421002,5.553536504702171,10
dcrlme_seed0,dcrlme,0,legs12_paralysed,ite,2,9,70,1056.03955078125,368,1084.2142333984375,36.03481615421002,5.553536504702171,10
dcrlme_seed0,dcrlme,0,legs12_paralysed,ite,2,10,403,1125.47802734375,403,1123.60400390625,91.66663218566777,14.127281402731306,10
dcrlme_seed0,dcrlme,0,legs12_paralysed,ite,2,11,1018,1055.7091064453125,403,1123.60400390625,91.66663218566777,14.127281402731306,10
dcrlme_seed0,dcrlme,0,legs12_paralysed,ite,2,12,403,1125.9417724609375,403,1123.60400390625,91.66663218566777,14.127281402731306,10
dcrlme_seed0,dcrlme,0,legs12_paralysed,ite,2,13,976,1067.2178955078125,403,1123.60400390625,91.66663218566777,14.127281402731306,10
dcrlme_seed0,dcrlme,0,legs12_paralysed,ite,2,14,254,1059.744384765625,403,1123.60400390625,91.66663218566777,14.127281402731306,10
dcrlme_seed0,dcrlme,0,legs12_paralysed,ite,2,15,403,1118.1900634765625,403,1123.60400390625,91.66663218566777,14.127281402731306,10
dcrlme_seed0,dcrlme,0,legs12_paralysed,ite,2,16,403,1089.74267578125,403,1123.60400390625,91.66663218566777,14.127281402731306,10
dcrlme_seed0,dcrlme,0,legs12_paralysed,ite,2,17,442,1064.0758056640625,403,1123.60400390625,91.66663218566777,14.127281402731306,10
dcrlme_seed0,dcrlme,0,legs12_paralysed,ite,2,18,403,1138.5850830078125,403,1123.60400390625,91.66663218566777,14.127281402731306,10
dcrlme_seed0,dcrlme,0,legs12_paralysed,ite,2,19,403,1120.5633544921875,403,1123.60400390625,91.66663218566777,14.127281402731306,10
dcrlme_seed0,dcrlme,0,legs12_paralysed,ite,2,20,403,1114.1934814453125,403,1123.60400390625,91.66663218566777,14.127281402731306,10
dcrlme_seed0,dcrlme,0,legs12_paralysed,ite,3,1,43,1057.682861328125,43,1056.81103515625,-2.6678638469485665,-0.4111601180424792,13
dcrlme_seed0,dcrlme,0,legs12_paralysed,ite,3,2,539,1053.8414306640625,43,1056.81103515625,-2.6678638469485665,-0.4111601180424792,13
dcrlme_seed0,dcrlme,0,legs12_paralysed,ite,3,3,976,1068.661865234375,976,1067.9373779296875,13.04633418708281,2.0106469490629952,13
dcrlme_seed0,dcrlme,0,legs12_paralysed,ite,3,4,436,1079.1702880859375,436,1077.82568359375,27.01200076685737,4.162977595939787,13
dcrlme_seed0,dcrlme,0,legs12_paralysed,ite,3,5,934,1065.6107177734375,436,1077.82568359375,27.01200076685737,4.162977595939787,13
dcrlme_seed0,dcrlme,0,legs12_paralysed,ite,3,6,368,1080.846435546875,368,1084.2142333984375,36.03481615421002,5.553536504702171,13
dcrlme_seed0,dcrlme,0,legs12_paralysed,ite,3,7,442,1064.637939453125,368,1084.2142333984375,36.03481615421002,5.553536504702171,13
dcrlme_seed0,dcrlme,0,legs12_paralysed,ite,3,8,636,1050.4754638671875,368,1084.2142333984375,36.03481615421002,5.553536504702171,13
dcrlme_seed0,dcrlme,0,legs12_paralysed,ite,3,9,70,1056.643310546875,368,1084.2142333984375,36.03481615421002,5.553536504702171,13
dcrlme_seed0,dcrlme,0,legs12_paralysed,ite,3,10,403,1117.58984375,403,1123.60400390625,91.66663218566777,14.127281402731306,13
dcrlme_seed0,dcrlme,0,legs12_paralysed,ite,3,11,1018,1072.3330078125,403,1123.60400390625,91.66663218566777,14.127281402731306,13
dcrlme_seed0,dcrlme,0,legs12_paralysed,ite,3,12,976,1068.9140625,403,1123.60400390625,91.66663218566777,14.127281402731306,13
dcrlme_seed0,dcrlme,0,legs12_paralysed,ite,3,13,254,1060.812744140625,403,1123.60400390625,91.66663218566777,14.127281402731306,13
dcrlme_seed0,dcrlme,0,legs12_paralysed,ite,3,14,403,1124.4945068359375,403,1123.60400390625,91.66663218566777,14.127281402731306,13
dcrlme_seed0,dcrlme,0,legs12_paralysed,ite,3,15,403,1123.892333984375,403,1123.60400390625,91.66663218566777,14.127281402731306,13
dcrlme_seed0,dcrlme,0,legs12_paralysed,ite,3,16,403,1135.070068359375,403,1123.60400390625,91.66663218566777,14.127281402731306,13
dcrlme_seed0,dcrlme,0,legs12_paralysed,ite,3,17,403,1103.182373046875,403,1123.60400390625,91.66663218566777,14.127281402731306,13
dcrlme_seed0,dcrlme,0,legs12_paralysed,ite,3,18,403,1126.61181640625,403,1123.60400390625,91.66663218566777,14.127281402731306,13
dcrlme_seed0,dcrlme,0,legs12_paralysed,ite,3,19,403,1097.34765625,403,1123.60400390625,91.66663218566777,14.127281402731306,13
dcrlme_seed0,dcrlme,0,legs12_paralysed,ite,3,20,442,1065.3487548828125,403,1123.60400390625,91.66663218566777,14.127281402731306,13
dcrlme_seed0,dcrlme,0,legs12_paralysed,ite,4,1,43,1057.7327880859375,43,1056.81103515625,-2.6678638469485665,-0.4111601180424792,10
dcrlme_seed0,dcrlme,0,legs12_paralysed,ite,4,2,539,1053.177001953125,43,1056.81103515625,-2.6678638469485665,-0.4111601180424792,10
dcrlme_seed0,dcrlme,0,legs12_paralysed,ite,4,3,976,1067.360595703125,976,1067.9373779296875,13.04633418708281,2.0106469490629952,10
dcrlme_seed0,dcrlme,0,legs12_paralysed,ite,4,4,436,1072.078369140625,436,1077.82568359375,27.01200076685737,4.162977595939787,10
dcrlme_seed0,dcrlme,0,legs12_paralysed,ite,4,5,934,1066.5521240234375,436,1077.82568359375,27.01200076685737,4.162977595939787,10
dcrlme_seed0,dcrlme,0,legs12_paralysed,ite,4,6,368,1077.2216796875,368,1084.2142333984375,36.03481615421002,5.553536504702171,10
dcrlme_seed0,dcrlme,0,legs12_paralysed,ite,4,7,442,1062.732666015625,368,1084.2142333984375,36.03481615421002,5.553536504702171,10
dcrlme_seed0,dcrlme,0,legs12_paralysed,ite,4,8,636,1056.2835693359375,368,1084.2142333984375,36.03481615421002,5.553536504702171,10
dcrlme_seed0,dcrlme,0,legs12_paralysed,ite,4,9,70,1056.7216796875,368,1084.2142333984375,36.03481615421002,5.553536504702171,10
dcrlme_seed0,dcrlme,0,legs12_paralysed,ite,4,10,403,1126.052734375,403,1123.60400390625,91.66663218566777,14.127281402731306,10
dcrlme_seed0,dcrlme,0,legs12_paralysed,ite,4,11,1018,1075.5631103515625,403,1123.60400390625,91.66663218566777,14.127281402731306,10
dcrlme_seed0,dcrlme,0,legs12_paralysed,ite,4,12,403,1122.566162109375,403,1123.60400390625,91.66663218566777,14.127281402731306,10
dcrlme_seed0,dcrlme,0,legs12_paralysed,ite,4,13,976,1068.05322265625,403,1123.60400390625,91.66663218566777,14.127281402731306,10
dcrlme_seed0,dcrlme,0,legs12_paralysed,ite,4,14,254,1060.970703125,403,1123.60400390625,91.66663218566777,14.127281402731306,10
dcrlme_seed0,dcrlme,0,legs12_paralysed,ite,4,15,403,1124.9632568359375,403,1123.60400390625,91.66663218566777,14.127281402731306,10
dcrlme_seed0,dcrlme,0,legs12_paralysed,ite,4,16,403,1121.465087890625,403,1123.60400390625,91.66663218566777,14.127281402731306,10
dcrlme_seed0,dcrlme,0,legs12_paralysed,ite,4,17,403,1133.2508544921875,403,1123.60400390625,91.66663218566777,14.127281402731306,10
dcrlme_seed0,dcrlme,0,legs12_paralysed,ite,4,18,403,1129.185791015625,403,1123.60400390625,91.66663218566777,14.127281402731306,10
dcrlme_seed0,dcrlme,0,legs12_paralysed,ite,4,19,403,1127.201171875,403,1123.60400390625,91.66663218566777,14.127281402731306,10
dcrlme_seed0,dcrlme,0,legs12_paralysed,ite,4,20,403,1086.21044921875,403,1123.60400390625,91.66663218566777,14.127281402731306,10
dcrlme_seed0,dcrlme,0,legs12_paralysed,top_k,0,1,43,1059.152587890625,43,1056.81103515625,-2.6678638469485665,-0.4111601180424792,
dcrlme_seed0,dcrlme,0,legs12_paralysed,top_k,0,2,442,1062.223388671875,442,1063.9638671875,7.434379210991931,1.145755709182908,
dcrlme_seed0,dcrlme,0,legs12_paralysed,top_k,0,3,724,1058.90966796875,442,1063.9638671875,7.434379210991931,1.145755709182908,
dcrlme_seed0,dcrlme,0,legs12_paralysed,top_k,0,4,793,1064.7449951171875,793,1062.640625,5.56550907057151,0.8577331894354304,
dcrlme_seed0,dcrlme,0,legs12_paralysed,top_k,0,5,381,1054.80712890625,793,1062.640625,5.56550907057151,0.8577331894354304,
dcrlme_seed0,dcrlme,0,legs12_paralysed,top_k,0,6,449,1065.0350341796875,449,1063.2850341796875,6.475635036556695,0.9979980309250001,
dcrlme_seed0,dcrlme,0,legs12_paralysed,top_k,0,7,798,1059.11669921875,449,1063.2850341796875,6.475635036556695,0.9979980309250001,
dcrlme_seed0,dcrlme,0,legs12_paralysed,top_k,0,8,131,1062.7337646484375,449,1063.2850341796875,6.475635036556695,0.9979980309250001,
dcrlme_seed0,dcrlme,0,legs12_paralysed,top_k,0,9,375,1062.7989501953125,449,1063.2850341796875,6.475635036556695,0.9979980309250001,
dcrlme_seed0,dcrlme,0,legs12_paralysed,top_k,0,10,588,1055.03955078125,449,1063.2850341796875,6.475635036556695,0.9979980309250001,
dcrlme_seed0,dcrlme,0,legs12_paralysed,top_k,0,11,658,1075.4775390625,658,1078.8936767578125,28.52037206377049,4.39544152816033,
dcrlme_seed0,dcrlme,0,legs12_paralysed,top_k,0,12,244,1059.396484375,658,1078.8936767578125,28.52037206377049,4.39544152816033,
dcrlme_seed0,dcrlme,0,legs12_paralysed,top_k,0,13,229,1060.48779296875,658,1078.8936767578125,28.52037206377049,4.39544152816033,
dcrlme_seed0,dcrlme,0,legs12_paralysed,top_k,0,14,567,1057.489990234375,658,1078.8936767578125,28.52037206377049,4.39544152816033,
dcrlme_seed0,dcrlme,0,legs12_paralysed,top_k,0,15,976,1068.3792724609375,658,1078.8936767578125,28.52037206377049,4.39544152816033,
dcrlme_seed0,dcrlme,0,legs12_paralysed,top_k,0,16,70,1057.8175048828125,658,1078.8936767578125,28.52037206377049,4.39544152816033,
dcrlme_seed0,dcrlme,0,legs12_paralysed,top_k,0,17,901,1059.681396484375,658,1078.8936767578125,28.52037206377049,4.39544152816033,
dcrlme_seed0,dcrlme,0,legs12_paralysed,top_k,0,18,611,1063.94970703125,658,1078.8936767578125,28.52037206377049,4.39544152816033,
dcrlme_seed0,dcrlme,0,legs12_paralysed,top_k,0,19,547,1056.362060546875,658,1078.8936767578125,28.52037206377049,4.39544152816033,
dcrlme_seed0,dcrlme,0,legs12_paralysed,top_k,0,20,540,1064.96240234375,658,1078.8936767578125,28.52037206377049,4.39544152816033,
dcrlme_seed0,dcrlme,0,legs12_paralysed,top_k,1,1,43,1057.30859375,43,1056.81103515625,-2.6678638469485665,-0.4111601180424792,
dcrlme_seed0,dcrlme,0,legs12_paralysed,top_k,1,2,442,1063.0914306640625,442,1063.9638671875,7.434379210991931,1.145755709182908,
dcrlme_seed0,dcrlme,0,legs12_paralysed,top_k,1,3,724,1059.4173583984375,442,1063.9638671875,7.434379210991931,1.145755709182908,
dcrlme_seed0,dcrlme,0,legs12_paralysed,top_k,1,4,793,1065.703857421875,793,1062.640625,5.56550907057151,0.8577331894354304,
dcrlme_seed0,dcrlme,0,legs12_paralysed,top_k,1,5,381,1057.4210205078125,793,1062.640625,5.56550907057151,0.8577331894354304,
dcrlme_seed0,dcrlme,0,legs12_paralysed,top_k,1,6,449,1062.5423583984375,793,1062.640625,5.56550907057151,0.8577331894354304,
dcrlme_seed0,dcrlme,0,legs12_paralysed,top_k,1,7,798,1058.405029296875,793,1062.640625,5.56550907057151,0.8577331894354304,
dcrlme_seed0,dcrlme,0,legs12_paralysed,top_k,1,8,131,1062.0283203125,793,1062.640625,5.56550907057151,0.8577331894354304,
dcrlme_seed0,dcrlme,0,legs12_paralysed,top_k,1,9,375,1061.5997314453125,793,1062.640625,5.56550907057151,0.8577331894354304,
dcrlme_seed0,dcrlme,0,legs12_paralysed,top_k,1,10,588,1056.4385986328125,793,1062.640625,5.56550907057151,0.8577331894354304,
dcrlme_seed0,dcrlme,0,legs12_paralysed,top_k,1,11,658,1080.7662353515625,658,1078.8936767578125,28.52037206377049,4.39544152816033,
dcrlme_seed0,dcrlme,0,legs12_paralysed,top_k,1,12,244,1058.49462890625,658,1078.8936767578125,28.52037206377049,4.39544152816033,
dcrlme_seed0,dcrlme,0,legs12_paralysed,top_k,1,13,229,1064.5208740234375,658,1078.8936767578125,28.52037206377049,4.39544152816033,
dcrlme_seed0,dcrlme,0,legs12_paralysed,top_k,1,14,567,1056.0556640625,658,1078.8936767578125,28.52037206377049,4.39544152816033,
dcrlme_seed0,dcrlme,0,legs12_paralysed,top_k,1,15,976,1066.37744140625,658,1078.8936767578125,28.52037206377049,4.39544152816033,
dcrlme_seed0,dcrlme,0,legs12_paralysed,top_k,1,16,70,1057.2796630859375,658,1078.8936767578125,28.52037206377049,4.39544152816033,
dcrlme_seed0,dcrlme,0,legs12_paralysed,top_k,1,17,901,1060.519775390625,658,1078.8936767578125,28.52037206377049,4.39544152816033,
dcrlme_seed0,dcrlme,0,legs12_paralysed,top_k,1,18,611,1059.7890625,658,1078.8936767578125,28.52037206377049,4.39544152816033,
dcrlme_seed0,dcrlme,0,legs12_paralysed,top_k,1,19,547,1056.02734375,658,1078.8936767578125,28.52037206377049,4.39544152816033,
dcrlme_seed0,dcrlme,0,legs12_paralysed,top_k,1,20,540,1067.142333984375,658,1078.8936767578125,28.52037206377049,4.39544152816033,
dcrlme_seed0,dcrlme,0,legs12_paralysed,top_k,2,1,43,1057.3126220703125,43,1056.81103515625,-2.6678638469485665,-0.4111601180424792,
dcrlme_seed0,dcrlme,0,legs12_paralysed,top_k,2,2,442,1062.7802734375,442,1063.9638671875,7.434379210991931,1.145755709182908,
dcrlme_seed0,dcrlme,0,legs12_paralysed,top_k,2,3,724,1060.3626708984375,442,1063.9638671875,7.434379210991931,1.145755709182908,
dcrlme_seed0,dcrlme,0,legs12_paralysed,top_k,2,4,793,1062.4854736328125,442,1063.9638671875,7.434379210991931,1.145755709182908,
dcrlme_seed0,dcrlme,0,legs12_paralysed,top_k,2,5,381,1056.312255859375,442,1063.9638671875,7.434379210991931,1.145755709182908,
dcrlme_seed0,dcrlme,0,legs12_paralysed,top_k,2,6,449,1064.059814453125,449,1063.2850341796875,6.475635036556695,0.9979980309250001,
dcrlme_seed0,dcrlme,0,legs12_paralysed,top_k,2,7,798,1058.0699462890625,449,1063.2850341796875,6.475635036556695,0.9979980309250001,
dcrlme_seed0,dcrlme,0,legs12_paralysed,top_k,2,8,131,1063.11865234375,449,1063.2850341796875,6.475635036556695,0.9979980309250001,
dcrlme_seed0,dcrlme,0,legs12_paralysed,top_k,2,9,375,1063.5341796875,449,1063.2850341796875,6.475635036556695,0.9979980309250001,
dcrlme_seed0,dcrlme,0,legs12_paralysed,top_k,2,10,588,1056.088134765625,449,1063.2850341796875,6.475635036556695,0.9979980309250001,
dcrlme_seed0,dcrlme,0,legs12_paralysed,top_k,2,11,658,1087.0208740234375,658,1078.8936767578125,28.52037206377049,4.39544152816033,
dcrlme_seed0,dcrlme,0,legs12_paralysed,top_k,2,12,244,1059.33154296875,658,1078.8936767578125,28.52037206377049,4.39544152816033,
dcrlme_seed0,dcrlme,0,legs12_paralysed,top_k,2,13,229,1063.05419921875,658,1078.8936767578125,28.52037206377049,4.39544152816033,
dcrlme_seed0,dcrlme,0,legs12_paralysed,top_k,2,14,567,1060.09619140625,658,1078.8936767578125,28.52037206377049,4.39544152816033,
dcrlme_seed0,dcrlme,0,legs12_paralysed,top_k,2,15,976,1064.241943359375,658,1078.8936767578125,28.52037206377049,4.39544152816033,
dcrlme_seed0,dcrlme,0,legs12_paralysed,top_k,2,16,70,1056.3216552734375,658,1078.8936767578125,28.52037206377049,4.39544152816033,
dcrlme_seed0,dcrlme,0,legs12_paralysed,top_k,2,17,901,1060.3623046875,658,1078.8936767578125,28.52037206377049,4.39544152816033,
dcrlme_seed0,dcrlme,0,legs12_paralysed,top_k,2,18,611,1062.701171875,658,1078.8936767578125,28.52037206377049,4.39544152816033,
dcrlme_seed0,dcrlme,0,legs12_paralysed,top_k,2,19,547,1055.3631591796875,658,1078.8936767578125,28.52037206377049,4.39544152816033,
dcrlme_seed0,dcrlme,0,legs12_paralysed,top_k,2,20,540,1066.640869140625,658,1078.8936767578125,28.52037206377049,4.39544152816033,
dcrlme_seed0,dcrlme,0,legs12_paralysed,top_k,3,1,43,1056.695556640625,43,1056.81103515625,-2.6678638469485665,-0.4111601180424792,
dcrlme_seed0,dcrlme,0,legs12_paralysed,top_k,3,2,442,1064.2005615234375,442,1063.9638671875,7.434379210991931,1.145755709182908,
dcrlme_seed0,dcrlme,0,legs12_paralysed,top_k,3,3,724,1057.4912109375,442,1063.9638671875,7.434379210991931,1.145755709182908,
dcrlme_seed0,dcrlme,0,legs12_paralysed,top_k,3,4,793,1061.28955078125,442,1063.9638671875,7.434379210991931,1.145755709182908,
dcrlme_seed0,dcrlme,0,legs12_paralysed,top_k,3,5,381,1057.03173828125,442,1063.9638671875,7.434379210991931,1.145755709182908,
dcrlme_seed0,dcrlme,0,legs12_paralysed,top_k,3,6,449,1063.271728515625,442,1063.9638671875,7.434379210991931,1.145755709182908,
dcrlme_seed0,dcrlme,0,legs12_paralysed,top_k,3,7,798,1058.7476806640625,442,1063.9638671875,7.434379210991931,1.145755709182908,
dcrlme_seed0,dcrlme,0,legs12_paralysed,top_k,3,8,131,1063.0045166015625,442,1063.9638671875,7.434379210991931,1.145755709182908,
dcrlme_seed0,dcrlme,0,legs12_paralysed,top_k,3,9,375,1062.1064453125,442,1063.9638671875,7.434379210991931,1.145755709182908,
dcrlme_seed0,dcrlme,0,legs12_paralysed,top_k,3,10,588,1056.70849609375,442,1063.9638671875,7.434379210991931,1.145755709182908,
dcrlme_seed0,dcrlme,0,legs12_paralysed,top_k,3,11,658,1077.673095703125,658,1078.8936767578125,28.52037206377049,4.39544152816033,
dcrlme_seed0,dcrlme,0,legs12_paralysed,top_k,3,12,244,1058.4998779296875,658,1078.8936767578125,28.52037206377049,4.39544152816033,
dcrlme_seed0,dcrlme,0,legs12_paralysed,top_k,3,13,229,1062.811767578125,658,1078.8936767578125,28.52037206377049,4.39544152816033,
dcrlme_seed0,dcrlme,0,legs12_paralysed,top_k,3,14,567,1057.033203125,658,1078.8936767578125,28.52037206377049,4.39544152816033,
dcrlme_seed0,dcrlme,0,legs12_paralysed,top_k,3,15,976,1067.1005859375,658,1078.8936767578125,28.52037206377049,4.39544152816033,
dcrlme_seed0,dcrlme,0,legs12_paralysed,top_k,3,16,70,1057.403564453125,658,1078.8936767578125,28.52037206377049,4.39544152816033,
dcrlme_seed0,dcrlme,0,legs12_paralysed,top_k,3,17,901,1059.5926513671875,658,1078.8936767578125,28.52037206377049,4.39544152816033,
dcrlme_seed0,dcrlme,0,legs12_paralysed,top_k,3,18,611,1063.532470703125,658,1078.8936767578125,28.52037206377049,4.39544152816033,
dcrlme_seed0,dcrlme,0,legs12_paralysed,top_k,3,19,547,1054.26318359375,658,1078.8936767578125,28.52037206377049,4.39544152816033,
dcrlme_seed0,dcrlme,0,legs12_paralysed,top_k,3,20,540,1064.3104248046875,658,1078.8936767578125,28.52037206377049,4.39544152816033,
dcrlme_seed0,dcrlme,0,legs12_paralysed,top_k,4,1,43,1055.727783203125,43,1056.81103515625,-2.6678638469485665,-0.4111601180424792,
dcrlme_seed0,dcrlme,0,legs12_paralysed,top_k,4,2,442,1063.869873046875,442,1063.9638671875,7.434379210991931,1.145755709182908,
dcrlme_seed0,dcrlme,0,legs12_paralysed,top_k,4,3,724,1058.507080078125,442,1063.9638671875,7.434379210991931,1.145755709182908,
dcrlme_seed0,dcrlme,0,legs12_paralysed,top_k,4,4,793,1062.4769287109375,442,1063.9638671875,7.434379210991931,1.145755709182908,
dcrlme_seed0,dcrlme,0,legs12_paralysed,top_k,4,5,381,1055.93603515625,442,1063.9638671875,7.434379210991931,1.145755709182908,
dcrlme_seed0,dcrlme,0,legs12_paralysed,top_k,4,6,449,1064.2940673828125,449,1063.2850341796875,6.475635036556695,0.9979980309250001,
dcrlme_seed0,dcrlme,0,legs12_paralysed,top_k,4,7,798,1060.832275390625,449,1063.2850341796875,6.475635036556695,0.9979980309250001,
dcrlme_seed0,dcrlme,0,legs12_paralysed,top_k,4,8,131,1063.15673828125,449,1063.2850341796875,6.475635036556695,0.9979980309250001,
dcrlme_seed0,dcrlme,0,legs12_paralysed,top_k,4,9,375,1061.4593505859375,449,1063.2850341796875,6.475635036556695,0.9979980309250001,
dcrlme_seed0,dcrlme,0,legs12_paralysed,top_k,4,10,588,1056.007568359375,449,1063.2850341796875,6.475635036556695,0.9979980309250001,
dcrlme_seed0,dcrlme,0,legs12_paralysed,top_k,4,11,658,1081.174072265625,658,1078.8936767578125,28.52037206377049,4.39544152816033,
dcrlme_seed0,dcrlme,0,legs12_paralysed,top_k,4,12,244,1061.14013671875,658,1078.8936767578125,28.52037206377049,4.39544152816033,
dcrlme_seed0,dcrlme,0,legs12_paralysed,top_k,4,13,229,1063.1781005859375,658,1078.8936767578125,28.52037206377049,4.39544152816033,
dcrlme_seed0,dcrlme,0,legs12_paralysed,top_k,4,14,567,1057.6773681640625,658,1078.8936767578125,28.52037206377049,4.39544152816033,
dcrlme_seed0,dcrlme,0,legs12_paralysed,top_k,4,15,976,1067.634033203125,658,1078.8936767578125,28.52037206377049,4.39544152816033,
dcrlme_seed0,dcrlme,0,legs12_paralysed,top_k,4,16,70,1058.052490234375,658,1078.8936767578125,28.52037206377049,4.39544152816033,
dcrlme_seed0,dcrlme,0,legs12_paralysed,top_k,4,17,901,1060.1937255859375,658,1078.8936767578125,28.52037206377049,4.39544152816033,
dcrlme_seed0,dcrlme,0,legs12_paralysed,top_k,4,18,611,1064.442138671875,658,1078.8936767578125,28.52037206377049,4.39544152816033,
dcrlme_seed0,dcrlme,0,legs12_paralysed,top_k,4,19,547,1055.84033203125,658,1078.8936767578125,28.52037206377049,4.39544152816033,
dcrlme_seed0,dcrlme,0,legs12_paralysed,top_k,4,20,540,1063.311279296875,658,1078.8936767578125,28.52037206377049,4.39544152816033,
dcrlme_seed0,dcrlme,0,legs12_paralysed,best_intact,0,1,43,1056.2548828125,43,1056.81103515625,-2.6678638469485665,-0.4111601180424792,
dcrlme_seed0,dcrlme,0,legs12_paralysed,best_intact,1,1,43,1056.95703125,43,1056.81103515625,-2.6678638469485665,-0.4111601180424792,
dcrlme_seed0,dcrlme,0,legs12_paralysed,best_intact,2,1,43,1056.874267578125,43,1056.81103515625,-2.6678638469485665,-0.4111601180424792,
dcrlme_seed0,dcrlme,0,legs12_paralysed,best_intact,3,1,43,1058.7847900390625,43,1056.81103515625,-2.6678638469485665,-0.4111601180424792,
dcrlme_seed0,dcrlme,0,legs12_paralysed,best_intact,4,1,43,1058.5560302734375,43,1056.81103515625,-2.6678638469485665,-0.4111601180424792,
dcrlme_seed0,dcrlme,0,legs14_paralysed,ite,0,1,43,1060.4736328125,43,1059.5439453125,0.7781076416751768,0.18369672440277252,20
dcrlme_seed0,dcrlme,0,legs14_paralysed,ite,0,2,539,1054.697021484375,43,1059.5439453125,0.7781076416751768,0.18369672440277252,20
dcrlme_seed0,dcrlme,0,legs14_paralysed,ite,0,3,976,1054.8638916015625,43,1059.5439453125,0.7781076416751768,0.18369672440277252,20
dcrlme_seed0,dcrlme,0,legs14_paralysed,ite,0,4,436,1063.52294921875,436,1060.134521484375,1.3226119188136731,0.312244044563132,20
dcrlme_seed0,dcrlme,0,legs14_paralysed,ite,0,5,934,1051.924560546875,436,1060.134521484375,1.3226119188136731,0.312244044563132,20
dcrlme_seed0,dcrlme,0,legs14_paralysed,ite,0,6,368,1062.673828125,436,1060.134521484375,1.3226119188136731,0.312244044563132,20
dcrlme_seed0,dcrlme,0,legs14_paralysed,ite,0,7,442,1055.3787841796875,436,1060.134521484375,1.3226119188136731,0.312244044563132,20
dcrlme_seed0,dcrlme,0,legs14_paralysed,ite,0,8,636,1055.3419189453125,436,1060.134521484375,1.3226119188136731,0.312244044563132,20
dcrlme_seed0,dcrlme,0,legs14_paralysed,ite,0,9,70,1056.74609375,436,1060.134521484375,1.3226119188136731,0.312244044563132,20
dcrlme_seed0,dcrlme,0,legs14_paralysed,ite,0,10,1018,1054.081787109375,436,1060.134521484375,1.3226119188136731,0.312244044563132,20
dcrlme_seed0,dcrlme,0,legs14_paralysed,ite,0,11,254,1051.7918701171875,436,1060.134521484375,1.3226119188136731,0.312244044563132,20
dcrlme_seed0,dcrlme,0,legs14_paralysed,ite,0,12,976,1055.017333984375,436,1060.134521484375,1.3226119188136731,0.312244044563132,20
dcrlme_seed0,dcrlme,0,legs14_paralysed,ite,0,13,442,1056.07275390625,436,1060.134521484375,1.3226119188136731,0.312244044563132,20
dcrlme_seed0,dcrlme,0,legs14_paralysed,ite,0,14,403,1055.284423828125,436,1060.134521484375,1.3226119188136731,0.312244044563132,20
dcrlme_seed0,dcrlme,0,legs14_paralysed,ite,0,15,636,1052.3662109375,436,1060.134521484375,1.3226119188136731,0.312244044563132,20
dcrlme_seed0,dcrlme,0,legs14_paralysed,ite,0,16,700,1056.2254638671875,436,1060.134521484375,1.3226119188136731,0.312244044563132,20
dcrlme_seed0,dcrlme,0,legs14_paralysed,ite,0,17,442,1055.1171875,436,1060.134521484375,1.3226119188136731,0.312244044563132,20
dcrlme_seed0,dcrlme,0,legs14_paralysed,ite,0,18,436,1061.1634521484375,436,1060.134521484375,1.3226119188136731,0.312244044563132,20
dcrlme_seed0,dcrlme,0,legs14_paralysed,ite,0,19,934,1050.8828125,436,1060.134521484375,1.3226119188136731,0.312244044563132,20
dcrlme_seed0,dcrlme,0,legs14_paralysed,ite,0,20,51,1242.2716064453125,51,1167.1612548828125,100.00000000000001,23.608137815906098,20
dcrlme_seed0,dcrlme,0,legs14_paralysed,ite,1,1,43,1060.559326171875,43,1059.5439453125,0.7781076416751768,0.18369672440277252,18
dcrlme_seed0,dcrlme,0,legs14_paralysed,ite,1,2,539,1055.594482421875,43,1059.5439453125,0.7781076416751768,0.18369672440277252,18
dcrlme_seed0,dcrlme,0,legs14_paralysed,ite,1,3,976,1055.0233154296875,43,1059.5439453125,0.7781076416751768,0.18369672440277252,18
dcrlme_seed0,dcrlme,0,legs14_paralysed,ite,1,4,436,1060.990966796875,436,1060.134521484375,1.3226119188136731,0.312244044563132,18
dcrlme_seed0,dcrlme,0,legs14_paralysed,ite,1,5,934,1052.078857421875,436,1060.134521484375,1.3226119188136731,0.312244044563132,18
dcrlme_seed0,dcrlme,0,legs14_paralysed,ite,1,6,368,1062.1712646484375,368,1058.03662109375,-0.6116275410668969,-0.14439387281511068,18
dcrlme_seed0,dcrlme,0,legs14_paralysed,ite,1,7,442,1056.5311279296875,368,1058.03662109375,-0.6116275410668969,-0.14439387281511068,18
dcrlme_seed0,dcrlme,0,legs14_paralysed,ite,1,8,636,1056.38720703125,368,1058.03662109375,-0.6116275410668969,-0.14439387281511068,18
dcrlme_seed0,dcrlme,0,legs14_paralysed,ite,1,9,70,1056.6748046875,368,1058.03662109375,-0.6116275410668969,-0.14439387281511068,18
dcrlme_seed0,dcrlme,0,legs14_paralysed,ite,1,10,1018,1064.3189697265625,1018,1060.9564208984375,2.0803935016936848,0.4911421649929998,18
dcrlme_seed0,dcrlme,0,legs14_paralysed,ite,1,11,254,1051.30908203125,1018,1060.9564208984375,2.0803935016936848,0.4911421649929998,18
dcrlme_seed0,dcrlme,0,legs14_paralysed,ite,1,12,976,1056.861572265625,1018,1060.9564208984375,2.0803935016936848,0.4911421649929998,18
dcrlme_seed0,dcrlme,0,legs14_paralysed,ite,1,13,442,1056.55078125,1018,1060.9564208984375,2.0803935016936848,0.4911421649929998,18
dcrlme_seed0,dcrlme,0,legs14_paralysed,ite,1,14,403,1055.5225830078125,1018,1060.9564208984375,2.0803935016936848,0.4911421649929998,18
dcrlme_seed0,dcrlme,0,legs14_paralysed,ite,1,15,636,1057.5908203125,1018,1060.9564208984375,2.0803935016936848,0.4911421649929998,18
dcrlme_seed0,dcrlme,0,legs14_paralysed,ite,1,16,700,1056.474609375,1018,1060.9564208984375,2.0803935016936848,0.4911421649929998,18
dcrlme_seed0,dcrlme,0,legs14_paralysed,ite,1,17,442,1058.097412109375,1018,1060.9564208984375,2.0803935016936848,0.4911421649929998,18
dcrlme_seed0,dcrlme,0,legs14_paralysed,ite,1,18,51,1175.85107421875,51,1167.1612548828125,100.00000000000001,23.608137815906098,18
dcrlme_seed0,dcrlme,0,legs14_paralysed,ite,1,19,51,1156.8818359375,51,1167.1612548828125,100.00000000000001,23.608137815906098,18
dcrlme_seed0,dcrlme,0,legs14_paralysed,ite,1,20,51,1067.031982421875,51,1167.1612548828125,100.00000000000001,23.608137815906098,18
dcrlme_seed0,dcrlme,0,legs14_paralysed,ite,2,1,43,1057.0418701171875,43,1059.5439453125,0.7781076416751768,0.18369672440277252,18
dcrlme_seed0,dcrlme,0,legs14_paralysed,ite,2,2,539,1055.708740234375,43,1059.5439453125,0.7781076416751768,0.18369672440277252,18
dcrlme_seed0,dcrlme,0,legs14_paralysed,ite,2,3,976,1055.9383544921875,43,1059.5439453125,0.7781076416751768,0.18369672440277252,18
dcrlme_seed0,dcrlme,0,legs14_paralysed,ite,2,4,436,1059.081787109375,436,1060.134521484375,1.3226119188136731,0.312244044563132,18
dcrlme_seed0,dcrlme,0,legs14_paralysed,ite,2,5,934,1048.5120849609375,436,1060.134521484375,1.3226119188136731,0.312244044563132,18
dcrlme_seed0,dcrlme,0,legs14_paralysed,ite,2,6,368,1058.2625732421875,436,1060.134521484375,1.3226119188136731,0.312244044563132,18
dcrlme_seed0,dcrlme,0,legs14_paralysed,ite,2,7,442,1056.689453125,436,1060.134521484375,1.3226119188136731,0.312244044563132,18
dcrlme_seed0,dcrlme,0,legs14_paralysed,ite,2,8,636,1053.81591796875,436,1060.134521484375,1.3226119188136731,0.312244044563132,18
dcrlme_seed0,dcrlme,0,legs14_paralysed,ite,2,9,70,1056.91943359375,436,1060.134521484375,1.3226119188136731,0.312244044563132,18
dcrlme_seed0,dcrlme,0,legs14_paralysed,ite,2,10,1018,1052.0736083984375,436,1060.134521484375,1.3226119188136731,0.312244044563132,18
dcrlme_seed0,dcrlme,0,legs14_paralysed,ite,2,11,254,1051.837646484375,436,1060.134521484375,1.3226119188136731,0.312244044563132,18
dcrlme_seed0,dcrlme,0,legs14_paralysed,ite,2,12,976,1055.9580078125,436,1060.134521484375,1.3226119188136731,0.312244044563132,18
dcrlme_seed0,dcrlme,0,legs14_paralysed,ite,2,13,442,1054.8203125,436,1060.134521484375,1.3226119188136731,0.312244044563132,18
dcrlme_seed0,dcrlme,0,legs14_paralysed,ite,2,14,403,1054.187255859375,436,1060.134521484375,1.3226119188136731,0.312244044563132,18
dcrlme_seed0,dcrlme,0,legs14_paralysed,ite,2,15,636,1055.868896484375,436,1060.134521484375,1.3226119188136731,0.312244044563132,18
dcrlme_seed0,dcrlme,0,legs14_paralysed,ite,2,16,700,1056.8388671875,436,1060.134521484375,1.3226119188136731,0.312244044563132,18
dcrlme_seed0,dcrlme,0,legs14_paralysed,ite,2,17,442,1057.26416015625,436,1060.134521484375,1.3226119188136731,0.312244044563132,18
dcrlme_seed0,dcrlme,0,legs14_paralysed,ite,2,18,51,1218.546630859375,51,1167.1612548828125,100.00000000000001,23.608137815906098,18
dcrlme_seed0,dcrlme,0,legs14_paralysed,ite,2,19,51,1184.1236572265625,51,1167.1612548828125,100.00000000000001,23.608137815906098,18
dcrlme_seed0,dcrlme,0,legs14_paralysed,ite,2,20,51,1089.387451171875,51,1167.1612548828125,100.00000000000001,23.608137815906098,18
dcrlme_seed0,dcrlme,0,legs14_paralysed,ite,3,1,43,1060.1390380859375,43,1059.5439453125,0.7781076416751768,0.18369672440277252,17
dcrlme_seed0,dcrlme,0,legs14_paralysed,ite,3,2,539,1059.262939453125,43,1059.5439453125,0.7781076416751768,0.18369672440277252,17
dcrlme_seed0,dcrlme,0,legs14_paralysed,ite,3,3,976,1055.597900390625,43,1059.5439453125,0.7781076416751768,0.18369672440277252,17
dcrlme_seed0,dcrlme,0,legs14_paralysed,ite,3,4,436,1057.543212890625,43,1059.5439453125,0.7781076416751768,0.18369672440277252,17
dcrlme_seed0,dcrlme,0,legs14_paralysed,ite,3,5,934,1051.76904296875,43,1059.5439453125,0.7781076416751768,0.18369672440277252,17
dcrlme_seed0,dcrlme,0,legs14_paralysed,ite,3,6,368,1058.470947265625,43,1059.5439453125,0.7781076416751768,0.18369672440277252,17
dcrlme_seed0,dcrlme,0,legs14_paralysed,ite,3,7,442,1057.0745849609375,43,1059.5439453125,0.7781076416751768,0.18369672440277252,17
dcrlme_seed0,dcrlme,0,legs14_paralysed,ite,3,8,636,1054.51171875,43,1059.5439453125,0.7781076416751768,0.18369672440277252,17
dcrlme_seed0,dcrlme,0,legs14_paralysed,ite,3,9,70,1057.0604248046875,43,1059.5439453125,0.7781076416751768,0.18369672440277252,17
dcrlme_seed0,dcrlme,0,legs14_paralysed,ite,3,10,1018,1077.1871337890625,1018,1060.9564208984375,2.0803935016936848,0.4911421649929998,17
dcrlme_seed0,dcrlme,0,legs14_paralysed,ite,3,11,254,1051.661865234375,1018,1060.9564208984375,2.0803935016936848,0.4911421649929998,17
dcrlme_seed0,dcrlme,0,legs14_paralysed,ite,3,12,976,1054.9510498046875,1018,1060.9564208984375,2.0803935016936848,0.4911421649929998,17
dcrlme_seed0,dcrlme,0,legs14_paralysed,ite,3,13,442,1055.384521484375,1018,1060.9564208984375,2.0803935016936848,0.4911421649929998,17
dcrlme_seed0,dcrlme,0,legs14_paralysed,ite,3,14,403,1055.080810546875,1018,1060.9564208984375,2.0803935016936848,0.4911421649929998,17
dcrlme_seed0,dcrlme,0,legs14_paralysed,ite,3,15,700,1055.4954833984375,1018,1060.9564208984375,2.0803935016936848,0.4911421649929998,17
dcrlme_seed0,dcrlme,0,legs14_paralysed,ite,3,16,636,1056.323486328125,1018,1060.9564208984375,2.0803935016936848,0.4911421649929998,17
dcrlme_seed0,dcrlme,0,legs14_paralysed,ite,3,17,51,1203.637939453125,51,1167.1612548828125,100.00000000000001,23.608137815906098,17
dcrlme_seed0,dcrlme,0,legs14_paralysed,ite,3,18,51,1169.6368408203125,51,1167.1612548828125,100.00000000000001,23.608137815906098,17
dcrlme_seed0,dcrlme,0,legs14_paralysed,ite,3,19,51,1229.03515625,51,1167.1612548828125,100.00000000000001,23.608137815906098,17
dcrlme_seed0,dcrlme,0,legs14_paralysed,ite,3,20,51,1159.115966796875,51,1167.1612548828125,100.00000000000001,23.608137815906098,17
dcrlme_seed0,dcrlme,0,legs14_paralysed,ite,4,1,43,1058.56103515625,43,1059.5439453125,0.7781076416751768,0.18369672440277252,18
dcrlme_seed0,dcrlme,0,legs14_paralysed,ite,4,2,539,1057.4376220703125,43,1059.5439453125,0.7781076416751768,0.18369672440277252,18
dcrlme_seed0,dcrlme,0,legs14_paralysed,ite,4,3,976,1055.04638671875,43,1059.5439453125,0.7781076416751768,0.18369672440277252,18
dcrlme_seed0,dcrlme,0,legs14_paralysed,ite,4,4,436,1062.3275146484375,436,1060.134521484375,1.3226119188136731,0.312244044563132,18
dcrlme_seed0,dcrlme,0,legs14_paralysed,ite,4,5,934,1051.5849609375,436,1060.134521484375,1.3226119188136731,0.312244044563132,18
dcrlme_seed0,dcrlme,0,legs14_paralysed,ite,4,6,368,1059.78173828125,436,1060.134521484375,1.3226119188136731,0.312244044563132,18
dcrlme_seed0,dcrlme,0,legs14_paralysed,ite,4,7,442,1057.1513671875,436,1060.134521484375,1.3226119188136731,0.312244044563132,18
dcrlme_seed0,dcrlme,0,legs14_paralysed,ite,4,8,636,1054.5810546875,436,1060.134521484375,1.3226119188136731,0.312244044563132,18
dcrlme_seed0,dcrlme,0,legs14_paralysed,ite,4,9,70,1057.135986328125,436,1060.134521484375,1.3226119188136731,0.312244044563132,18
dcrlme_seed0,dcrlme,0,legs14_paralysed,ite,4,10,1018,1057.82861328125,436,1060.134521484375,1.3226119188136731,0.312244044563132,18
dcrlme_seed0,dcrlme,0,legs14_paralysed,ite,4,11,254,1052.4698486328125,436,1060.134521484375,1.3226119188136731,0.312244044563132,18
dcrlme_seed0,dcrlme,0,legs14_paralysed,ite,4,12,976,1055.56982421875,436,1060.134521484375,1.3226119188136731,0.312244044563132,18
dcrlme_seed0,dcrlme,0,legs14_paralysed,ite,4,13,442,1055.4822998046875,436,1060.134521484375,1.3226119188136731,0.312244044563132,18
dcrlme_seed0,dcrlme,0,legs14_paralysed,ite,4,14,403,1056.23388671875,436,1060.134521484375,1.3226119188136731,0.312244044563132,18
dcrlme_seed0,dcrlme,0,legs14_paralysed,ite,4,15,636,1057.4990234375,436,1060.134521484375,1.3226119188136731,0.312244044563132,18
dcrlme_seed0,dcrlme,0,legs14_paralysed,ite,4,16,700,1057.1533203125,436,1060.134521484375,1.3226119188136731,0.312244044563132,18
dcrlme_seed0,dcrlme,0,legs14_paralysed,ite,4,17,442,1056.882568359375,436,1060.134521484375,1.3226119188136731,0.312244044563132,18
dcrlme_seed0,dcrlme,0,legs14_paralysed,ite,4,18,51,1164.758544921875,51,1167.1612548828125,100.00000000000001,23.608137815906098,18
dcrlme_seed0,dcrlme,0,legs14_paralysed,ite,4,19,51,1163.758544921875,51,1167.1612548828125,100.00000000000001,23.608137815906098,18
dcrlme_seed0,dcrlme,0,legs14_paralysed,ite,4,20,51,1193.216552734375,51,1167.1612548828125,100.00000000000001,23.608137815906098,18
dcrlme_seed0,dcrlme,0,legs14_paralysed,top_k,0,1,43,1059.023193359375,43,1059.5439453125,0.7781076416751768,0.18369672440277252,
dcrlme_seed0,dcrlme,0,legs14_paralysed,top_k,0,2,442,1056.0404052734375,43,1059.5439453125,0.7781076416751768,0.18369672440277252,
dcrlme_seed0,dcrlme,0,legs14_paralysed,top_k,0,3,724,1060.491455078125,724,1059.8739013671875,1.0823232392579292,0.255516361937591,
dcrlme_seed0,dcrlme,0,legs14_paralysed,top_k,0,4,793,1054.6279296875,724,1059.8739013671875,1.0823232392579292,0.255516361937591,
dcrlme_seed0,dcrlme,0,legs14_paralysed,top_k,0,5,381,1057.8992919921875,724,1059.8739013671875,1.0823232392579292,0.255516361937591,
dcrlme_seed0,dcrlme,0,legs14_paralysed,top_k,0,6,449,1057.656005859375,724,1059.8739013671875,1.0823232392579292,0.255516361937591,
dcrlme_seed0,dcrlme,0,legs14_paralysed,top_k,0,7,798,1066.24951171875,798,1066.67041015625,7.348624321986342,1.7348733575077304,
dcrlme_seed0,dcrlme,0,legs14_paralysed,top_k,0,8,131,1058.756103515625,798,1066.67041015625,7.348624321986342,1.7348733575077304,
dcrlme_seed0,dcrlme,0,legs14_paralysed,top_k,0,9,375,1058.2412109375,798,1066.67041015625,7.348624321986342,1.7348733575077304,
dcrlme_seed0,dcrlme,0,legs14_paralysed,top_k,0,10,588,1051.333740234375,798,1066.67041015625,7.348624321986342,1.7348733575077304,
dcrlme_seed0,dcrlme,0,legs14_paralysed,top_k,0,11,658,1056.3094482421875,798,1066.67041015625,7.348624321986342,1.7348733575077304,
dcrlme_seed0,dcrlme,0,legs14_paralysed,top_k,0,12,244,1060.497802734375,798,1066.67041015625,7.348624321986342,1.7348733575077304,
dcrlme_seed0,dcrlme,0,legs14_paralysed,top_k,0,13,229,1057.1357421875,798,1066.67041015625,7.348624321986342,1.7348733575077304,
dcrlme_seed0,dcrlme,0,legs14_paralysed,top_k,0,14,567,1056.5345458984375,798,1066.67041015625,7.348624321986342,1.7348733575077304,
dcrlme_seed0,dcrlme,0,legs14_paralysed,top_k,0,15,976,1054.66650390625,798,1066.67041015625,7.348624321986342,1.7348733575077304,
dcrlme_seed0,dcrlme,0,legs14_paralysed,top_k,0,16,70,1056.87060546875,798,1066.67041015625,7.348624321986342,1.7348733575077304,
dcrlme_seed0,dcrlme,0,legs14_paralysed,top_k,0,17,901,1050.77587890625,798,1066.67041015625,7.348624321986342,1.7348733575077304,
dcrlme_seed0,dcrlme,0,legs14_paralysed,top_k,0,18,611,1059.53369140625,798,1066.67041015625,7.348624321986342,1.7348733575077304,
dcrlme_seed0,dcrlme,0,legs14_paralysed,top_k,0,19,547,1057.3463134765625,798,1066.67041015625,7.348624321986342,1.7348733575077304,
dcrlme_seed0,dcrlme,0,legs14_paralysed,top_k,0,20,540,1065.078125,798,1066.67041015625,7.348624321986342,1.7348733575077304,
dcrlme_seed0,dcrlme,0,legs14_paralysed,top_k,1,1,43,1059.1063232421875,43,1059.5439453125,0.7781076416751768,0.18369672440277252,
dcrlme_seed0,dcrlme,0,legs14_paralysed,top_k,1,2,442,1057.56103515625,43,1059.5439453125,0.7781076416751768,0.18369672440277252,
dcrlme_seed0,dcrlme,0,legs14_paralysed,top_k,1,3,724,1060.52734375,724,1059.8739013671875,1.0823232392579292,0.255516361937591,
dcrlme_seed0,dcrlme,0,legs14_paralysed,top_k,1,4,793,1052.111083984375,724,1059.8739013671875,1.0823232392579292,0.255516361937591,
dcrlme_seed0,dcrlme,0,legs14_paralysed,top_k,1,5,381,1056.903564453125,724,1059.8739013671875,1.0823232392579292,0.255516361937591,
dcrlme_seed0,dcrlme,0,legs14_paralysed,top_k,1,6,449,1057.7838134765625,724,1059.8739013671875,1.0823232392579292,0.255516361937591,
dcrlme_seed0,dcrlme,0,legs14_paralysed,top_k,1,7,798,1073.50634765625,798,1066.67041015625,7.348624321986342,1.7348733575077304,
dcrlme_seed0,dcrlme,0,legs14_paralysed,top_k,1,8,131,1059.35595703125,798,1066.67041015625,7.348624321986342,1.7348733575077304,
dcrlme_seed0,dcrlme,0,legs14_paralysed,top_k,1,9,375,1057.619140625,798,1066.67041015625,7.348624321986342,1.7348733575077304,
dcrlme_seed0,dcrlme,0,legs14_paralysed,top_k,1,10,588,1051.53369140625,798,1066.67041015625,7.348624321986342,1.7348733575077304,
dcrlme_seed0,dcrlme,0,legs14_paralysed,top_k,1,11,658,1061.8436279296875,798,1066.67041015625,7.348624321986342,1.7348733575077304,
dcrlme_seed0,dcrlme,0,legs14_paralysed,top_k,1,12,244,1059.955322265625,798,1066.67041015625,7.348624321986342,1.7348733575077304,
dcrlme_seed0,dcrlme,0,legs14_paralysed,top_k,1,13,229,1057.8111572265625,798,1066.67041015625,7.348624321986342,1.7348733575077304,
dcrlme_seed0,dcrlme,0,legs14_paralysed,top_k,1,14,567,1056.124267578125,798,1066.67041015625,7.348624321986342,1.7348733575077304,
dcrlme_seed0,dcrlme,0,legs14_paralysed,top_k,1,15,976,1055.019775390625,798,1066.67041015625,7.348624321986342,1.7348733575077304,
dcrlme_seed0,dcrlme,0,legs14_paralysed,top_k,1,16,70,1056.488037109375,798,1066.67041015625,7.348624321986342,1.7348733575077304,
dcrlme_seed0,dcrlme,0,legs14_paralysed,top_k,1,17,901,1053.9674072265625,798,1066.67041015625,7.348624321986342,1.7348733575077304,
dcrlme_seed0,dcrlme,0,legs14_paralysed,top_k,1,18,611,1059.952880859375,798,1066.67041015625,7.348624321986342,1.7348733575077304,
dcrlme_seed0,dcrlme,0,legs14_paralysed,top_k,1,19,547,1056.167724609375,798,1066.67041015625,7.348624321986342,1.7348733575077304,
dcrlme_seed0,dcrlme,0,legs14_paralysed,top_k,1,20,540,1062.269287109375,798,1066.67041015625,7.348624321986342,1.7348733575077304,
dcrlme_seed0,dcrlme,0,legs14_paralysed,top_k,2,1,43,1058.7261962890625,43,1059.5439453125,0.7781076416751768,0.18369672440277252,
dcrlme_seed0,dcrlme,0,legs14_paralysed,top_k,2,2,442,1056.3753662109375,43,1059.5439453125,0.7781076416751768,0.18369672440277252,
dcrlme_seed0,dcrlme,0,legs14_paralysed,top_k,2,3,724,1060.990478515625,724,1059.8739013671875,1.0823232392579292,0.255516361937591,
dcrlme_seed0,dcrlme,0,legs14_paralysed,top_k,2,4,793,1051.969482421875,724,1059.8739013671875,1.0823232392579292,0.255516361937591,
dcrlme_seed0,dcrlme,0,legs14_paralysed,top_k,2,5,381,1057.268798828125,724,1059.8739013671875,1.0823232392579292,0.255516361937591,
dcrlme_seed0,dcrlme,0,legs14_paralysed,top_k,2,6,449,1057.44482421875,724,1059.8739013671875,1.0823232392579292,0.255516361937591,
dcrlme_seed0,dcrlme,0,legs14_paralysed,top_k,2,7,798,1064.598876953125,798,1066.67041015625,7.348624321986342,1.7348733575077304,
dcrlme_seed0,dcrlme,0,legs14_paralysed,top_k,2,8,131,1058.543701171875,798,1066.67041015625,7.348624321986342,1.7348733575077304,
dcrlme_seed0,dcrlme,0,legs14_paralysed,top_k,2,9,375,1057.342529296875,798,1066.67041015625,7.348624321986342,1.7348733575077304,
dcrlme_seed0,dcrlme,0,legs14_paralysed,top_k,2,10,588,1057.30126953125,798,1066.67041015625,7.348624321986342,1.7348733575077304,
dcrlme_seed0,dcrlme,0,legs14_paralysed,top_k,2,11,658,1061.1695556640625,798,1066.67041015625,7.348624321986342,1.7348733575077304,
dcrlme_seed0,dcrlme,0,legs14_paralysed,top_k,2,12,244,1057.550048828125,798,1066.67041015625,7.348624321986342,1.7348733575077304,
dcrlme_seed0,dcrlme,0,legs14_paralysed,top_k,2,13,229,1059.14501953125,798,1066.67041015625,7.348624321986342,1.7348733575077304,
dcrlme_seed0,dcrlme,0,legs14_paralysed,top_k,2,14,567,1049.979248046875,798,1066.67041015625,7.348624321986342,1.7348733575077304,
dcrlme_seed0,dcrlme,0,legs14_paralysed,top_k,2,15,976,1055.53076171875,798,1066.67041015625,7.348624321986342,1.7348733575077304,
dcrlme_seed0,dcrlme,0,legs14_paralysed,top_k,2,16,70,1056.7501220703125,798,1066.67041015625,7.348624321986342,1.7348733575077304,
dcrlme_seed0,dcrlme,0,legs14_paralysed,top_k,2,17,901,1055.80029296875,798,1066.67041015625,7.348624321986342,1.7348733575077304,
dcrlme_seed0,dcrlme,0,legs14_paralysed,top_k,2,18,611,1059.521240234375,798,1066.67041015625,7.348624321986342,1.7348733575077304,
dcrlme_seed0,dcrlme,0,legs14_paralysed,top_k,2,19,547,1057.5689697265625,798,1066.67041015625,7.348624321986342,1.7348733575077304,
dcrlme_seed0,dcrlme,0,legs14_paralysed,top_k,2,20,540,1064.210205078125,798,1066.67041015625,7.348624321986342,1.7348733575077304,
dcrlme_seed0,dcrlme,0,legs14_paralysed,top_k,3,1,43,1059.948974609375,43,1059.5439453125,0.7781076416751768,0.18369672440277252,
dcrlme_seed0,dcrlme,0,legs14_paralysed,top_k,3,2,442,1055.6077880859375,43,1059.5439453125,0.7781076416751768,0.18369672440277252,
dcrlme_seed0,dcrlme,0,legs14_paralysed,top_k,3,3,724,1060.7470703125,724,1059.8739013671875,1.0823232392579292,0.255516361937591,
dcrlme_seed0,dcrlme,0,legs14_paralysed,top_k,3,4,793,1053.45556640625,724,1059.8739013671875,1.0823232392579292,0.255516361937591,
dcrlme_seed0,dcrlme,0,legs14_paralysed,top_k,3,5,381,1057.026123046875,724,1059.8739013671875,1.0823232392579292,0.255516361937591,
dcrlme_seed0,dcrlme,0,legs14_paralysed,top_k,3,6,449,1057.169921875,724,1059.8739013671875,1.0823232392579292,0.255516361937591,
dcrlme_seed0,dcrlme,0,legs14_paralysed,top_k,3,7,798,1063.2275390625,798,1066.67041015625,7.348624321986342,1.7348733575077304,
dcrlme_seed0,dcrlme,0,legs14_paralysed,top_k,3,8,131,1057.701904296875,798,1066.67041015625,7.348624321986342,1.7348733575077304,
dcrlme_seed0,dcrlme,0,legs14_paralysed,top_k,3,9,375,1058.32470703125,798,1066.67041015625,7.348624321986342,1.7348733575077304,
dcrlme_seed0,dcrlme,0,legs14_paralysed,top_k,3,10,588,1058.213134765625,798,1066.67041015625,7.348624321986342,1.7348733575077304,
dcrlme_seed0,dcrlme,0,legs14_paralysed,top_k,3,11,658,1061.08056640625,798,1066.67041015625,7.348624321986342,1.7348733575077304,
dcrlme_seed0,dcrlme,0,legs14_paralysed,top_k,3,12,244,1059.007568359375,798,1066.67041015625,7.348624321986342,1.7348733575077304,
dcrlme_seed0,dcrlme,0,legs14_paralysed,top_k,3,13,229,1056.834228515625,798,1066.67041015625,7.348624321986342,1.7348733575077304,
dcrlme_seed0,dcrlme,0,legs14_paralysed,top_k,3,14,567,1056.876953125,798,1066.67041015625,7.348624321986342,1.7348733575077304,
dcrlme_seed0,dcrlme,0,legs14_paralysed,top_k,3,15,976,1055.4984130859375,798,1066.67041015625,7.348624321986342,1.7348733575077304,
dcrlme_seed0,dcrlme,0,legs14_paralysed,top_k,3,16,70,1056.12939453125,798,1066.67041015625,7.348624321986342,1.7348733575077304,
dcrlme_seed0,dcrlme,0,legs14_paralysed,top_k,3,17,901,1054.977294921875,798,1066.67041015625,7.348624321986342,1.7348733575077304,
dcrlme_seed0,dcrlme,0,legs14_paralysed,top_k,3,18,611,1059.825927734375,798,1066.67041015625,7.348624321986342,1.7348733575077304,
dcrlme_seed0,dcrlme,0,legs14_paralysed,top_k,3,19,547,1056.297607421875,798,1066.67041015625,7.348624321986342,1.7348733575077304,
dcrlme_seed0,dcrlme,0,legs14_paralysed,top_k,3,20,540,1063.96875,540,1062.44384765625,3.4517834597202612,0.8149017962774107,
dcrlme_seed0,dcrlme,0,legs14_paralysed,top_k,4,1,43,1061.097900390625,43,1059.5439453125,0.7781076416751768,0.18369672440277252,
dcrlme_seed0,dcrlme,0,legs14_paralysed,top_k,4,2,442,1056.7132568359375,43,1059.5439453125,0.7781076416751768,0.18369672440277252,
dcrlme_seed0,dcrlme,0,legs14_paralysed,top_k,4,3,724,1060.682373046875,43,1059.5439453125,0.7781076416751768,0.18369672440277252,
dcrlme_seed0,dcrlme,0,legs14_paralysed,top_k,4,4,793,1052.649658203125,43,1059.5439453125,0.7781076416751768,0.18369672440277252,
dcrlme_seed0,dcrlme,0,legs14_paralysed,top_k,4,5,381,1057.25537109375,43,1059.5439453125,0.7781076416751768,0.18369672440277252,
dcrlme_seed0,dcrlme,0,legs14_paralysed,top_k,4,6,449,1057.1390380859375,43,1059.5439453125,0.7781076416751768,0.18369672440277252,
dcrlme_seed0,dcrlme,0,legs14_paralysed,top_k,4,7,798,1063.506591796875,798,1066.67041015625,7.348624321986342,1.7348733575077304,
dcrlme_seed0,dcrlme,0,legs14_paralysed,top_k,4,8,131,1059.190673828125,798,1066.67041015625,7.348624321986342,1.7348733575077304,
dcrlme_seed0,dcrlme,0,legs14_paralysed,top_k,4,9,375,1057.3165283203125,798,1066.67041015625,7.348624321986342,1.7348733575077304,
dcrlme_seed0,dcrlme,0,legs14_paralysed,top_k,4,10,588,1051.8521728515625,798,1066.67041015625,7.348624321986342,1.7348733575077304,
dcrlme_seed0,dcrlme,0,legs14_paralysed,top_k,4,11,658,1058.789306640625,798,1066.67041015625,7.348624321986342,1.7348733575077304,
dcrlme_seed0,dcrlme,0,legs14_paralysed,top_k,4,12,244,1060.6951904296875,798,1066.67041015625,7.348624321986342,1.7348733575077304,
dcrlme_seed0,dcrlme,0,legs14_paralysed,top_k,4,13,229,1057.2724609375,798,1066.67041015625,7.348624321986342,1.7348733575077304,
dcrlme_seed0,dcrlme,0,legs14_paralysed,top_k,4,14,567,1057.04443359375,798,1066.67041015625,7.348624321986342,1.7348733575077304,
dcrlme_seed0,dcrlme,0,legs14_paralysed,top_k,4,15,976,1056.2572021484375,798,1066.67041015625,7.348624321986342,1.7348733575077304,
dcrlme_seed0,dcrlme,0,legs14_paralysed,top_k,4,16,70,1056.204345703125,798,1066.67041015625,7.348624321986342,1.7348733575077304,
dcrlme_seed0,dcrlme,0,legs14_paralysed,top_k,4,17,901,1052.1026611328125,798,1066.67041015625,7.348624321986342,1.7348733575077304,
dcrlme_seed0,dcrlme,0,legs14_paralysed,top_k,4,18,611,1061.080078125,798,1066.67041015625,7.348624321986342,1.7348733575077304,
dcrlme_seed0,dcrlme,0,legs14_paralysed,top_k,4,19,547,1055.633056640625,798,1066.67041015625,7.348624321986342,1.7348733575077304,
dcrlme_seed0,dcrlme,0,legs14_paralysed,top_k,4,20,540,1064.603271484375,540,1062.44384765625,3.4517834597202612,0.8149017962774107,
dcrlme_seed0,dcrlme,0,legs14_paralysed,best_intact,0,1,43,1059.957763671875,43,1059.5439453125,0.7781076416751768,0.18369672440277252,
dcrlme_seed0,dcrlme,0,legs14_paralysed,best_intact,1,1,43,1060.167724609375,43,1059.5439453125,0.7781076416751768,0.18369672440277252,
dcrlme_seed0,dcrlme,0,legs14_paralysed,best_intact,2,1,43,1059.35693359375,43,1059.5439453125,0.7781076416751768,0.18369672440277252,
dcrlme_seed0,dcrlme,0,legs14_paralysed,best_intact,3,1,43,1060.2198486328125,43,1059.5439453125,0.7781076416751768,0.18369672440277252,
dcrlme_seed0,dcrlme,0,legs14_paralysed,best_intact,4,1,43,1058.9169921875,43,1059.5439453125,0.7781076416751768,0.18369672440277252,
dcrlme_seed0,dcrlme,0,ankle1_paralysed,ite,0,1,43,1047.1884765625,43,1047.3897705078125,-3.9076263439168857,-2.4618326320268498,11
dcrlme_seed0,dcrlme,0,ankle1_paralysed,ite,0,2,539,1068.302978515625,539,1066.7918701171875,2.795699668456488,1.7613108489421159,11
dcrlme_seed0,dcrlme,0,ankle1_paralysed,ite,0,3,976,1141.5992431640625,976,1116.3643798828125,19.92274781792486,12.551474061526172,11
dcrlme_seed0,dcrlme,0,ankle1_paralysed,ite,0,4,436,1144.367431640625,436,1137.0758056640625,27.07843931461778,17.0596110431235,11
dcrlme_seed0,dcrlme,0,ankle1_paralysed,ite,0,5,368,1089.375732421875,436,1137.0758056640625,27.07843931461778,17.0596110431235,11
dcrlme_seed0,dcrlme,0,ankle1_paralysed,ite,0,6,934,1044.144287109375,436,1137.0758056640625,27.07843931461778,17.0596110431235,11
dcrlme_seed0,dcrlme,0,ankle1_paralysed,ite,0,7,636,1064.35498046875,436,1137.0758056640625,27.07843931461778,17.0596110431235,11
dcrlme_seed0,dcrlme,0,ankle1_paralysed,ite,0,8,976,1127.324462890625,436,1137.0758056640625,27.07843931461778,17.0596110431235,11
dcrlme_seed0,dcrlme,0,ankle1_paralysed,ite,0,9,70,1055.3443603515625,436,1137.0758056640625,27.07843931461778,17.0596110431235,11
dcrlme_seed0,dcrlme,0,ankle1_paralysed,ite,0,10,436,1148.064697265625,436,1137.0758056640625,27.07843931461778,17.0596110431235,11
dcrlme_seed0,dcrlme,0,ankle1_paralysed,ite,0,11,976,1115.21484375,436,1137.0758056640625,27.07843931461778,17.0596110431235,11
dcrlme_seed0,dcrlme,0,ankle1_paralysed,ite,0,12,436,1135.101806640625,436,1137.0758056640625,27.07843931461778,17.0596110431235,11
dcrlme_seed0,dcrlme,0,ankle1_paralysed,ite,0,13,442,1070.120849609375,436,1137.0758056640625,27.07843931461778,17.0596110431235,11
dcrlme_seed0,dcrlme,0,ankle1_paralysed,ite,0,14,436,1141.12744140625,436,1137.0758056640625,27.07843931461778,17.0596110431235,11
dcrlme_seed0,dcrlme,0,ankle1_paralysed,ite,0,15,436,1141.8271484375,436,1137.0758056640625,27.07843931461778,17.0596110431235,11
dcrlme_seed0,dcrlme,0,ankle1_paralysed,ite,0,16,976,1099.908447265625,436,1137.0758056640625,27.07843931461778,17.0596110431235,11
dcrlme_seed0,dcrlme,0,ankle1_paralysed,ite,0,17,436,1153.178466796875,436,1137.0758056640625,27.07843931461778,17.0596110431235,11
dcrlme_seed0,dcrlme,0,ankle1_paralysed,ite,0,18,436,1148.990966796875,436,1137.0758056640625,27.07843931461778,17.0596110431235,11
dcrlme_seed0,dcrlme,0,ankle1_paralysed,ite,0,19,436,1113.5567626953125,436,1137.0758056640625,27.07843931461778,17.0596110431235,11
dcrlme_seed0,dcrlme,0,ankle1_paralysed,ite,0,20,1018,1075.13623046875,436,1137.0758056640625,27.07843931461778,17.0596110431235,11
dcrlme_seed0,dcrlme,0,ankle1_paralysed,ite,1,1,43,1046.457275390625,43,1047.3897705078125,-3.9076263439168857,-2.4618326320268498,9
dcrlme_seed0,dcrlme,0,ankle1_paralysed,ite,1,2,539,1070.415283203125,539,1066.7918701171875,2.795699668456488,1.7613108489421159,9
dcrlme_seed0,dcrlme,0,ankle1_paralysed,ite,1,3,976,1114.4508056640625,976,1116.3643798828125,19.92274781792486,12.551474061526172,9
dcrlme_seed0,dcrlme,0,ankle1_paralysed,ite,1,4,436,1151.662109375,436,1137.0758056640625,27.07843931461778,17.0596110431235,9
dcrlme_seed0,dcrlme,0,ankle1_paralysed,ite,1,5,934,1041.055419921875,436,1137.0758056640625,27.07843931461778,17.0596110431235,9
dcrlme_seed0,dcrlme,0,ankle1_paralysed,ite,1,6,368,1080.4049072265625,436,1137.0758056640625,27.07843931461778,17.0596110431235,9
dcrlme_seed0,dcrlme,0,ankle1_paralysed,ite,1,7,636,1064.2666015625,436,1137.0758056640625,27.07843931461778,17.0596110431235,9
dcrlme_seed0,dcrlme,0,ankle1_paralysed,ite,1,8,436,1073.9619140625,436,1137.0758056640625,27.07843931461778,17.0596110431235,9
dcrlme_seed0,dcrlme,0,ankle1_paralysed,ite,1,9,442,1063.8896484375,436,1137.0758056640625,27.07843931461778,17.0596110431235,9
dcrlme_seed0,dcrlme,0,ankle1_paralysed,ite,1,10,976,1144.4295654296875,436,1137.0758056640625,27.07843931461778,17.0596110431235,9
dcrlme_seed0,dcrlme,0,ankle1_paralysed,ite,1,11,976,1095.78564453125,436,1137.0758056640625,27.07843931461778,17.0596110431235,9
dcrlme_seed0,dcrlme,0,ankle1_paralysed,ite,1,12,70,1051.975341796875,436,1137.0758056640625,27.07843931461778,17.0596110431235,9
dcrlme_seed0,dcrlme,0,ankle1_paralysed,ite,1,13,1018,1062.164306640625,436,1137.0758056640625,27.07843931461778,17.0596110431235,9
dcrlme_seed0,dcrlme,0,ankle1_paralysed,ite,1,14,976,1122.2301025390625,436,1137.0758056640625,27.07843931461778,17.0596110431235,9
dcrlme_seed0,dcrlme,0,ankle1_paralysed,ite,1,15,403,1049.3021240234375,436,1137.0758056640625,27.07843931461778,17.0596110431235,9
dcrlme_seed0,dcrlme,0,ankle1_paralysed,ite,1,16,976,1114.626953125,436,1137.0758056640625,27.07843931461778,17.0596110431235,9
dcrlme_seed0,dcrlme,0,ankle1_paralysed,ite,1,17,976,1123.370849609375,436,1137.0758056640625,27.07843931461778,17.0596110431235,9
dcrlme_seed0,dcrlme,0,ankle1_paralysed,ite,1,18,976,1140.292236328125,436,1137.0758056640625,27.07843931461778,17.0596110431235,9
dcrlme_seed0,dcrlme,0,ankle1_paralysed,ite,1,19,976,1107.248046875,436,1137.0758056640625,27.07843931461778,17.0596110431235,9
dcrlme_seed0,dcrlme,0,ankle1_paralysed,ite,1,20,976,1164.4854736328125,976,1116.3643798828125,19.92274781792486,12.551474061526172,9
dcrlme_seed0,dcrlme,0,ankle1_paralysed,ite,2,1,43,1047.216796875,43,1047.3897705078125,-3.9076263439168857,-2.4618326320268498,10
dcrlme_seed0,dcrlme,0,ankle1_paralysed,ite,2,2,539,1067.9268798828125,539,1066.7918701171875,2.795699668456488,1.7613108489421159,10
dcrlme_seed0,dcrlme,0,ankle1_paralysed,ite,2,3,976,1117.52197265625,976,1116.3643798828125,19.92274781792486,12.551474061526172,10
dcrlme_seed0,dcrlme,0,ankle1_paralysed,ite,2,4,436,1146.587890625,436,1137.0758056640625,27.07843931461778,17.0596110431235,10
dcrlme_seed0,dcrlme,0,ankle1_paralysed,ite,2,5,934,1040.15185546875,436,1137.0758056640625,27.07843931461778,17.0596110431235,10
dcrlme_seed0,dcrlme,0,ankle1_paralysed,ite,2,6,368,1073.3709716796875,436,1137.0758056640625,27.07843931461778,17.0596110431235,10
dcrlme_seed0,dcrlme,0,ankle1_paralysed,ite,2,7,636,1062.93310546875,436,1137.0758056640625,27.07843931461778,17.0596110431235,10
dcrlme_seed0,dcrlme,0,ankle1_paralysed,ite,2,8,70,1051.9814453125,436,1137.0758056640625,27.07843931461778,17.0596110431235,10
dcrlme_seed0,dcrlme,0,ankle1_paralysed,ite,2,9,976,1102.012939453125,436,1137.0758056640625,27.07843931461778,17.0596110431235,10
dcrlme_seed0,dcrlme,0,ankle1_paralysed,ite,2,10,436,1148.8564453125,436,1137.0758056640625,27.07843931461778,17.0596110431235,10
dcrlme_seed0,dcrlme,0,ankle1_paralysed,ite,2,11,436,1095.3770751953125,436,1137.0758056640625,27.07843931461778,17.0596110431235,10
dcrlme_seed0,dcrlme,0,ankle1_paralysed,ite,2,12,442,1068.577392578125,436,1137.0758056640625,27.07843931461778,17.0596110431235,10
dcrlme_seed0,dcrlme,0,ankle1_paralysed,ite,2,13,1018,1098.46728515625,436,1137.0758056640625,27.07843931461778,17.0596110431235,10
dcrlme_seed0,dcrlme,0,ankle1_paralysed,ite,2,14,976,1105.9581298828125,436,1137.0758056640625,27.07843931461778,17.0596110431235,10
dcrlme_seed0,dcrlme,0,ankle1_paralysed,ite,2,15,436,1148.344970703125,436,1137.0758056640625,27.07843931461778,17.0596110431235,10
dcrlme_seed0,dcrlme,0,ankle1_paralysed,ite,2,16,436,1148.333740234375,436,1137.0758056640625,27.07843931461778,17.0596110431235,10
dcrlme_seed0,dcrlme,0,ankle1_paralysed,ite,2,17,436,1083.32861328125,436,1137.0758056640625,27.07843931461778,17.0596110431235,10
dcrlme_seed0,dcrlme,0,ankle1_paralysed,ite,2,18,436,1126.11669921875,436,1137.0758056640625,27.07843931461778,17.0596110431235,10
dcrlme_seed0,dcrlme,0,ankle1_paralysed,ite,2,19,403,1063.623046875,436,1137.0758056640625,27.07843931461778,17.0596110431235,10
dcrlme_seed0,dcrlme,0,ankle1_paralysed,ite,2,20,436,1144.713623046875,436,1137.0758056640625,27.07843931461778,17.0596110431235,10
dcrlme_seed0,dcrlme,0,ankle1_paralysed,ite,3,1,43,1037.548828125,43,1047.3897705078125,-3.9076263439168857,-2.4618326320268498,9
dcrlme_seed0,dcrlme,0,ankle1_paralysed,ite,3,2,539,1068.7828369140625,539,1066.7918701171875,2.795699668456488,1.7613108489421159,9
dcrlme_seed0,dcrlme,0,ankle1_paralysed,ite,3,3,976,1092.385498046875,976,1116.3643798828125,19.92274781792486,12.551474061526172,9
dcrlme_seed0,dcrlme,0,ankle1_paralysed,ite,3,4,436,1143.592529296875,436,1137.0758056640625,27.07843931461778,17.0596110431235,9
dcrlme_seed0,dcrlme,0,ankle1_paralysed,ite,3,5,934,1041.010009765625,436,1137.0758056640625,27.07843931461778,17.0596110431235,9
dcrlme_seed0,dcrlme,0,ankle1_paralysed,ite,3,6,368,1086.110595703125,436,1137.0758056640625,27.07843931461778,17.0596110431235,9
dcrlme_seed0,dcrlme,0,ankle1_paralysed,ite,3,7,636,1059.626708984375,436,1137.0758056640625,27.07843931461778,17.0596110431235,9
dcrlme_seed0,dcrlme,0,ankle1_paralysed,ite,3,8,70,1056.14697265625,436,1137.0758056640625,27.07843931461778,17.0596110431235,9
dcrlme_seed0,dcrlme,0,ankle1_paralysed,ite,3,9,436,1144.2708740234375,436,1137.0758056640625,27.07843931461778,17.0596110431235,9
dcrlme_seed0,dcrlme,0,ankle1_paralysed,ite,3,10,436,1147.7432861328125,436,1137.0758056640625,27.07843931461778,17.0596110431235,9
dcrlme_seed0,dcrlme,0,ankle1_paralysed,ite,3,11,436,1124.4619140625,436,1137.0758056640625,27.07843931461778,17.0596110431235,9
dcrlme_seed0,dcrlme,0,ankle1_paralysed,ite,3,12,976,1125.841796875,436,1137.0758056640625,27.07843931461778,17.0596110431235,9
dcrlme_seed0,dcrlme,0,ankle1_paralysed,ite,3,13,442,1069.57080078125,436,1137.0758056640625,27.07843931461778,17.0596110431235,9
dcrlme_seed0,dcrlme,0,ankle1_paralysed,ite,3,14,436,1146.108154296875,436,1137.0758056640625,27.07843931461778,17.0596110431235,9
dcrlme_seed0,dcrlme,0,ankle1_paralysed,ite,3,15,436,1083.942138671875,436,1137.0758056640625,27.07843931461778,17.0596110431235,9
dcrlme_seed0,dcrlme,0,ankle1_paralysed,ite,3,16,1018,1076.470703125,436,1137.0758056640625,27.07843931461778,17.0596110431235,9
dcrlme_seed0,dcrlme,0,ankle1_paralysed,ite,3,17,403,1043.218017578125,436,1137.0758056640625,27.07843931461778,17.0596110431235,9
dcrlme_seed0,dcrlme,0,ankle1_paralysed,ite,3,18,436,1131.8857421875,436,1137.0758056640625,27.07843931461778,17.0596110431235,9
dcrlme_seed0,dcrlme,0,ankle1_paralysed,ite,3,19,436,1139.279296875,436,1137.0758056640625,27.07843931461778,17.0596110431235,9
dcrlme_seed0,dcrlme,0,ankle1_paralysed,ite,3,20,436,1075.86865234375,436,1137.0758056640625,27.07843931461778,17.0596110431235,9
dcrlme_seed0,dcrlme,0,ankle1_paralysed,ite,4,1,43,1047.427001953125,43,1047.3897705078125,-3.9076263439168857,-2.4618326320268498,8
dcrlme_seed0,dcrlme,0,ankle1_paralysed,ite,4,2,539,1066.230712890625,539,1066.7918701171875,2.795699668456488,1.7613108489421159,8
dcrlme_seed0,dcrlme,0,ankle1_paralysed,ite,4,3,976,1125.650390625,976,1116.3643798828125,19.92274781792486,12.551474061526172,8
dcrlme_seed0,dcrlme,0,ankle1_paralysed,ite,4,4,436,1136.7803955078125,436,1137.0758056640625,27.07843931461778,17.0596110431235,8
dcrlme_seed0,dcrlme,0,ankle1_paralysed,ite,4,5,368,1084.8031005859375,436,1137.0758056640625,27.07843931461778,17.0596110431235,8
dcrlme_seed0,dcrlme,0,ankle1_paralysed,ite,4,6,934,1044.5948486328125,436,1137.0758056640625,27.07843931461778,17.0596110431235,8
dcrlme_seed0,dcrlme,0,ankle1_paralysed,ite,4,7,636,1060.9822998046875,436,1137.0758056640625,27.07843931461778,17.0596110431235,8
dcrlme_seed0,dcrlme,0,ankle1_paralysed,ite,4,8,976,1176.8759765625,976,1116.3643798828125,19.92274781792486,12.551474061526172,8
dcrlme_seed0,dcrlme,0,ankle1_paralysed,ite,4,9,976,1093.8841552734375,976,1116.3643798828125,19.92274781792486,12.551474061526172,8
dcrlme_seed0,dcrlme,0,ankle1_paralysed,ite,4,10,70,1054.9990234375,976,1116.3643798828125,19.92274781792486,12.551474061526172,8
dcrlme_seed0,dcrlme,0,ankle1_paralysed,ite,4,11,436,1139.181884765625,976,1116.3643798828125,19.92274781792486,12.551474061526172,8
dcrlme_seed0,dcrlme,0,ankle1_paralysed,ite,4,12,442,1065.37158203125,976,1116.3643798828125,19.92274781792486,12.551474061526172,8
dcrlme_seed0,dcrlme,0,ankle1_paralysed,ite,4,13,976,1098.2467041015625,976,1116.3643798828125,19.92274781792486,12.551474061526172,8
dcrlme_seed0,dcrlme,0,ankle1_paralysed,ite,4,14,436,1110.638427734375,976,1116.3643798828125,19.92274781792486,12.551474061526172,8
dcrlme_seed0,dcrlme,0,ankle1_paralysed,ite,4,15,1018,1074.978515625,976,1116.3643798828125,19.92274781792486,12.551474061526172,8
dcrlme_seed0,dcrlme,0,ankle1_paralysed,ite,4,16,403,1044.6805419921875,976,1116.3643798828125,19.92274781792486,12.551474061526172,8
dcrlme_seed0,dcrlme,0,ankle1_paralysed,ite,4,17,976,1106.185546875,976,1116.3643798828125,19.92274781792486,12.551474061526172,8
dcrlme_seed0,dcrlme,0,ankle1_paralysed,ite,4,18,436,1149.5107421875,976,1116.3643798828125,19.92274781792486,12.551474061526172,8
dcrlme_seed0,dcrlme,0,ankle1_paralysed,ite,4,19,436,1134.4959716796875,976,1116.3643798828125,19.92274781792486,12.551474061526172,8
dcrlme_seed0,dcrlme,0,ankle1_paralysed,ite,4,20,436,1123.90771484375,976,1116.3643798828125,19.92274781792486,12.551474061526172,8
dcrlme_seed0,dcrlme,0,ankle1_paralysed,top_k,0,1,43,1033.80419921875,43,1047.3897705078125,-3.9076263439168857,-2.4618326320268498,
dcrlme_seed0,dcrlme,0,ankle1_paralysed,top_k,0,2,442,1067.77587890625,442,1063.8341064453125,1.7738074733173377,1.117511434414313,
dcrlme_seed0,dcrlme,0,ankle1_paralysed,top_k,0,3,724,1044.1861572265625,442,1063.8341064453125,1.7738074733173377,1.117511434414313,
dcrlme_seed0,dcrlme,0,ankle1_paralysed,top_k,0,4,793,1071.74169921875,793,1063.4552001953125,1.6428973051905558,1.0350370892762901,
dcrlme_seed0,dcrlme,0,ankle1_paralysed,top_k,0,5,381,1062.6488037109375,793,1063.4552001953125,1.6428973051905558,1.0350370892762901,
dcrlme_seed0,dcrlme,0,ankle1_paralysed,top_k,0,6,449,1099.5400390625,449,1075.1435546875,5.681163899361781,3.579174016244992,
dcrlme_seed0,dcrlme,0,ankle1_paralysed,top_k,0,7,798,1037.678955078125,449,1075.1435546875,5.681163899361781,3.579174016244992,
dcrlme_seed0,dcrlme,0,ankle1_paralysed,top_k,0,8,131,1067.831787109375,449,1075.1435546875,5.681163899361781,3.579174016244992,
dcrlme_seed0,dcrlme,0,ankle1_paralysed,top_k,0,9,375,1067.15576171875,449,1075.1435546875,5.681163899361781,3.579174016244992,
dcrlme_seed0,dcrlme,0,ankle1_paralysed,top_k,0,10,588,1062.7337646484375,449,1075.1435546875,5.681163899361781,3.579174016244992,
dcrlme_seed0,dcrlme,0,ankle1_paralysed,top_k,0,11,658,1075.3016357421875,449,1075.1435546875,5.681163899361781,3.579174016244992,
dcrlme_seed0,dcrlme,0,ankle1_paralysed,top_k,0,12,244,1045.5791015625,449,1075.1435546875,5.681163899361781,3.579174016244992,
dcrlme_seed0,dcrlme,0,ankle1_paralysed,top_k,0,13,229,1060.82177734375,449,1075.1435546875,5.681163899361781,3.579174016244992,
dcrlme_seed0,dcrlme,0,ankle1_paralysed,top_k,0,14,567,1058.1229248046875,449,1075.1435546875,5.681163899361781,3.579174016244992,
dcrlme_seed0,dcrlme,0,ankle1_paralysed,top_k,0,15,976,1126.01416015625,976,1116.3643798828125,19.92274781792486,12.551474061526172,
dcrlme_seed0,dcrlme,0,ankle1_paralysed,top_k,0,16,70,1056.8447265625,976,1116.3643798828125,19.92274781792486,12.551474061526172,
dcrlme_seed0,dcrlme,0,ankle1_paralysed,top_k,0,17,901,1072.428955078125,976,1116.3643798828125,19.92274781792486,12.551474061526172,
dcrlme_seed0,dcrlme,0,ankle1_paralysed,top_k,0,18,611,1043.2099609375,976,1116.3643798828125,19.92274781792486,12.551474061526172,
dcrlme_seed0,dcrlme,0,ankle1_paralysed,top_k,0,19,547,1047.0904541015625,976,1116.3643798828125,19.92274781792486,12.551474061526172,
dcrlme_seed0,dcrlme,0,ankle1_paralysed,top_k,0,20,540,1072.4957275390625,976,1116.3643798828125,19.92274781792486,12.551474061526172,
dcrlme_seed0,dcrlme,0,ankle1_paralysed,top_k,1,1,43,1040.72265625,43,1047.3897705078125,-3.9076263439168857,-2.4618326320268498,
dcrlme_seed0,dcrlme,0,ankle1_paralysed,top_k,1,2,442,1065.323974609375,442,1063.8341064453125,1.7738074733173377,1.117511434414313,
dcrlme_seed0,dcrlme,0,ankle1_paralysed,top_k,1,3,724,1041.941650390625,442,1063.8341064453125,1.7738074733173377,1.117511434414313,
dcrlme_seed0,dcrlme,0,ankle1_paralysed,top_k,1,4,793,1063.7364501953125,442,1063.8341064453125,1.7738074733173377,1.117511434414313,
dcrlme_seed0,dcrlme,0,ankle1_paralysed,top_k,1,5,381,1036.6201171875,442,1063.8341064453125,1.7738074733173377,1.117511434414313,
dcrlme_seed0,dcrlme,0,ankle1_paralysed,top_k,1,6,449,1070.374267578125,449,1075.1435546875,5.681163899361781,3.579174016244992,
dcrlme_seed0,dcrlme,0,ankle1_paralysed,top_k,1,7,798,1031.9644775390625,449,1075.1435546875,5.681163899361781,3.579174016244992,
dcrlme_seed0,dcrlme,0,ankle1_paralysed,top_k,1,8,131,1033.5892333984375,449,1075.1435546875,5.681163899361781,3.579174016244992,
dcrlme_seed0,dcrlme,0,ankle1_paralysed,top_k,1,9,375,1065.830322265625,449,1075.1435546875,5.681163899361781,3.579174016244992,
dcrlme_seed0,dcrlme,0,ankle1_paralysed,top_k,1,10,588,1060.558837890625,449,1075.1435546875,5.681163899361781,3.579174016244992,
dcrlme_seed0,dcrlme,0,ankle1_paralysed,top_k,1,11,658,1070.351318359375,449,1075.1435546875,5.681163899361781,3.579174016244992,
dcrlme_seed0,dcrlme,0,ankle1_paralysed,top_k,1,12,244,1066.980224609375,449,1075.1435546875,5.681163899361781,3.579174016244992,
dcrlme_seed0,dcrlme,0,ankle1_paralysed,top_k,1,13,229,1069.274658203125,449,1075.1435546875,5.681163899361781,3.579174016244992,
dcrlme_seed0,dcrlme,0,ankle1_paralysed,top_k,1,14,567,1062.9033203125,449,1075.1435546875,5.681163899361781,3.579174016244992,
dcrlme_seed0,dcrlme,0,ankle1_paralysed,top_k,1,15,976,1117.86279296875,976,1116.3643798828125,19.92274781792486,12.551474061526172,
dcrlme_seed0,dcrlme,0,ankle1_paralysed,top_k,1,16,70,1058.209716796875,976,1116.3643798828125,19.92274781792486,12.551474061526172,
dcrlme_seed0,dcrlme,0,ankle1_paralysed,top_k,1,17,901,1073.20654296875,976,1116.3643798828125,19.92274781792486,12.551474061526172,
dcrlme_seed0,dcrlme,0,ankle1_paralysed,top_k,1,18,611,1044.339599609375,976,1116.3643798828125,19.92274781792486,12.551474061526172,
dcrlme_seed0,dcrlme,0,ankle1_paralysed,top_k,1,19,547,1044.231201171875,976,1116.3643798828125,19.92274781792486,12.551474061526172,
dcrlme_seed0,dcrlme,0,ankle1_paralysed,top_k,1,20,540,1075.66455078125,976,1116.3643798828125,19.92274781792486,12.551474061526172,
dcrlme_seed0,dcrlme,0,ankle1_paralysed,top_k,2,1,43,1050.2916259765625,43,1047.3897705078125,-3.9076263439168857,-2.4618326320268498,
dcrlme_seed0,dcrlme,0,ankle1_paralysed,top_k,2,2,442,1063.789306640625,442,1063.8341064453125,1.7738074733173377,1.117511434414313,
dcrlme_seed0,dcrlme,0,ankle1_paralysed,top_k,2,3,724,1035.2791748046875,442,1063.8341064453125,1.7738074733173377,1.117511434414313,
dcrlme_seed0,dcrlme,0,ankle1_paralysed,top_k,2,4,793,1017.8369140625,442,1063.8341064453125,1.7738074733173377,1.117511434414313,
dcrlme_seed0,dcrlme,0,ankle1_paralysed,top_k,2,5,381,1071.361572265625,381,1063.672119140625,1.7178416894564357,1.0822525890540822,
dcrlme_seed0,dcrlme,0,ankle1_paralysed,top_k,2,6,449,1076.707763671875,449,1075.1435546875,5.681163899361781,3.579174016244992,
dcrlme_seed0,dcrlme,0,ankle1_paralysed,top_k,2,7,798,1035.1650390625,449,1075.1435546875,5.681163899361781,3.579174016244992,
dcrlme_seed0,dcrlme,0,ankle1_paralysed,top_k,2,8,131,1059.6739501953125,449,1075.1435546875,5.681163899361781,3.579174016244992,
dcrlme_seed0,dcrlme,0,ankle1_paralysed,top_k,2,9,375,1067.129638671875,449,1075.1435546875,5.681163899361781,3.579174016244992,
dcrlme_seed0,dcrlme,0,ankle1_paralysed,top_k,2,10,588,1060.67138671875,449,1075.1435546875,5.681163899361781,3.579174016244992,
dcrlme_seed0,dcrlme,0,ankle1_paralysed,top_k,2,11,658,1064.54296875,449,1075.1435546875,5.681163899361781,3.579174016244992,
dcrlme_seed0,dcrlme,0,ankle1_paralysed,top_k,2,12,244,1054.6512451171875,449,1075.1435546875,5.681163899361781,3.579174016244992,
dcrlme_seed0,dcrlme,0,ankle1_paralysed,top_k,2,13,229,1076.6124267578125,449,1075.1435546875,5.681163899361781,3.579174016244992,
dcrlme_seed0,dcrlme,0,ankle1_paralysed,top_k,2,14,567,1063.08203125,449,1075.1435546875,5.681163899361781,3.579174016244992,
dcrlme_seed0,dcrlme,0,ankle1_paralysed,top_k,2,15,976,1113.802978515625,976,1116.3643798828125,19.92274781792486,12.551474061526172,
dcrlme_seed0,dcrlme,0,ankle1_paralysed,top_k,2,16,70,1057.235107421875,976,1116.3643798828125,19.92274781792486,12.551474061526172,
dcrlme_seed0,dcrlme,0,ankle1_paralysed,top_k,2,17,901,1064.787109375,976,1116.3643798828125,19.92274781792486,12.551474061526172,
dcrlme_seed0,dcrlme,0,ankle1_paralysed,top_k,2,18,611,1049.99365234375,976,1116.3643798828125,19.92274781792486,12.551474061526172,
dcrlme_seed0,dcrlme,0,ankle1_paralysed,top_k,2,19,547,1059.17333984375,976,1116.3643798828125,19.92274781792486,12.551474061526172,
dcrlme_seed0,dcrlme,0,ankle1_paralysed,top_k,2,20,540,1071.3209228515625,976,1116.3643798828125,19.92274781792486,12.551474061526172,
dcrlme_seed0,dcrlme,0,ankle1_paralysed,top_k,3,1,43,1030.78466796875,43,1047.3897705078125,-3.9076263439168857,-2.4618326320268498,
dcrlme_seed0,dcrlme,0,ankle1_paralysed,top_k,3,2,442,1064.90966796875,442,1063.8341064453125,1.7738074733173377,1.117511434414313,
dcrlme_seed0,dcrlme,0,ankle1_paralysed,top_k,3,3,724,1006.4088745117188,442,1063.8341064453125,1.7738074733173377,1.117511434414313,
dcrlme_seed0,dcrlme,0,ankle1_paralysed,top_k,3,4,793,1022.0427856445312,442,1063.8341064453125,1.7738074733173377,1.117511434414313,
dcrlme_seed0,dcrlme,0,ankle1_paralysed,top_k,3,5,381,1060.5194091796875,442,1063.8341064453125,1.7738074733173377,1.117511434414313,
dcrlme_seed0,dcrlme,0,ankle1_paralysed,top_k,3,6,449,1075.744140625,449,1075.1435546875,5.681163899361781,3.579174016244992,
dcrlme_seed0,dcrlme,0,ankle1_paralysed,top_k,3,7,798,1030.090576171875,449,1075.1435546875,5.681163899361781,3.579174016244992,
dcrlme_seed0,dcrlme,0,ankle1_paralysed,top_k,3,8,131,1064.8154296875,449,1075.1435546875,5.681163899361781,3.579174016244992,
dcrlme_seed0,dcrlme,0,ankle1_paralysed,top_k,3,9,375,1068.4866943359375,449,1075.1435546875,5.681163899361781,3.579174016244992,
dcrlme_seed0,dcrlme,0,ankle1_paralysed,top_k,3,10,588,1056.304931640625,449,1075.1435546875,5.681163899361781,3.579174016244992,
dcrlme_seed0,dcrlme,0,ankle1_paralysed,top_k,3,11,658,1087.95947265625,658,1076.3984375,6.114719481946612,3.8523171438283934,
dcrlme_seed0,dcrlme,0,ankle1_paralysed,top_k,3,12,244,1050.005615234375,658,1076.3984375,6.114719481946612,3.8523171438283934,
dcrlme_seed0,dcrlme,0,ankle1_paralysed,top_k,3,13,229,1069.9903564453125,658,1076.3984375,6.114719481946612,3.8523171438283934,
dcrlme_seed0,dcrlme,0,ankle1_paralysed,top_k,3,14,567,1058.7996826171875,658,1076.3984375,6.114719481946612,3.8523171438283934,
dcrlme_seed0,dcrlme,0,ankle1_paralysed,top_k,3,15,976,1144.7982177734375,976,1116.3643798828125,19.92274781792486,12.551474061526172,
dcrlme_seed0,dcrlme,0,ankle1_paralysed,top_k,3,16,70,1054.99951171875,976,1116.3643798828125,19.92274781792486,12.551474061526172,
dcrlme_seed0,dcrlme,0,ankle1_paralysed,top_k,3,17,901,1059.978271484375,976,1116.3643798828125,19.92274781792486,12.551474061526172,
dcrlme_seed0,dcrlme,0,ankle1_paralysed,top_k,3,18,611,1045.900634765625,976,1116.3643798828125,19.92274781792486,12.551474061526172,
dcrlme_seed0,dcrlme,0,ankle1_paralysed,top_k,3,19,547,1050.71923828125,976,1116.3643798828125,19.92274781792486,12.551474061526172,
dcrlme_seed0,dcrlme,0,ankle1_paralysed,top_k,3,20,540,1081.08935546875,976,1116.3643798828125,19.92274781792486,12.551474061526172,
dcrlme_seed0,dcrlme,0,ankle1_paralysed,top_k,4,1,43,1044.0709228515625,43,1047.3897705078125,-3.9076263439168857,-2.4618326320268498,
dcrlme_seed0,dcrlme,0,ankle1_paralysed,top_k,4,2,442,1072.4114990234375,442,1063.8341064453125,1.7738074733173377,1.117511434414313,
dcrlme_seed0,dcrlme,0,ankle1_paralysed,top_k,4,3,724,1048.193115234375,442,1063.8341064453125,1.7738074733173377,1.117511434414313,
dcrlme_seed0,dcrlme,0,ankle1_paralysed,top_k,4,4,793,1060.488037109375,442,1063.8341064453125,1.7738074733173377,1.117511434414313,
dcrlme_seed0,dcrlme,0,ankle1_paralysed,top_k,4,5,381,1060.857421875,442,1063.8341064453125,1.7738074733173377,1.117511434414313,
dcrlme_seed0,dcrlme,0,ankle1_paralysed,top_k,4,6,449,1076.774169921875,449,1075.1435546875,5.681163899361781,3.579174016244992,
dcrlme_seed0,dcrlme,0,ankle1_paralysed,top_k,4,7,798,1037.81494140625,449,1075.1435546875,5.681163899361781,3.579174016244992,
dcrlme_seed0,dcrlme,0,ankle1_paralysed,top_k,4,8,131,1061.53271484375,449,1075.1435546875,5.681163899361781,3.579174016244992,
dcrlme_seed0,dcrlme,0,ankle1_paralysed,top_k,4,9,375,1059.869873046875,449,1075.1435546875,5.681163899361781,3.579174016244992,
dcrlme_seed0,dcrlme,0,ankle1_paralysed,top_k,4,10,588,1057.007568359375,449,1075.1435546875,5.681163899361781,3.579174016244992,
dcrlme_seed0,dcrlme,0,ankle1_paralysed,top_k,4,11,658,1078.867919921875,658,1076.3984375,6.114719481946612,3.8523171438283934,
dcrlme_seed0,dcrlme,0,ankle1_paralysed,top_k,4,12,244,1049.297119140625,658,1076.3984375,6.114719481946612,3.8523171438283934,
dcrlme_seed0,dcrlme,0,ankle1_paralysed,top_k,4,13,229,1065.26220703125,658,1076.3984375,6.114719481946612,3.8523171438283934,
dcrlme_seed0,dcrlme,0,ankle1_paralysed,top_k,4,14,567,1060.1822509765625,658,1076.3984375,6.114719481946612,3.8523171438283934,
dcrlme_seed0,dcrlme,0,ankle1_paralysed,top_k,4,15,976,1101.0877685546875,976,1116.3643798828125,19.92274781792486,12.551474061526172,
dcrlme_seed0,dcrlme,0,ankle1_paralysed,top_k,4,16,70,1052.43994140625,976,1116.3643798828125,19.92274781792486,12.551474061526172,
dcrlme_seed0,dcrlme,0,ankle1_paralysed,top_k,4,17,901,1072.2115478515625,976,1116.3643798828125,19.92274781792486,12.551474061526172,
dcrlme_seed0,dcrlme,0,ankle1_paralysed,top_k,4,18,611,1043.7230224609375,976,1116.3643798828125,19.92274781792486,12.551474061526172,
dcrlme_seed0,dcrlme,0,ankle1_paralysed,top_k,4,19,547,1051.093994140625,976,1116.3643798828125,19.92274781792486,12.551474061526172,
dcrlme_seed0,dcrlme,0,ankle1_paralysed,top_k,4,20,540,1075.230712890625,976,1116.3643798828125,19.92274781792486,12.551474061526172,
dcrlme_seed0,dcrlme,0,ankle1_paralysed,best_intact,0,1,43,1048.099853515625,43,1047.3897705078125,-3.9076263439168857,-2.4618326320268498,
dcrlme_seed0,dcrlme,0,ankle1_paralysed,best_intact,1,1,43,1036.7349853515625,43,1047.3897705078125,-3.9076263439168857,-2.4618326320268498,
dcrlme_seed0,dcrlme,0,ankle1_paralysed,best_intact,2,1,43,1043.566650390625,43,1047.3897705078125,-3.9076263439168857,-2.4618326320268498,
dcrlme_seed0,dcrlme,0,ankle1_paralysed,best_intact,3,1,43,1037.4298095703125,43,1047.3897705078125,-3.9076263439168857,-2.4618326320268498,
dcrlme_seed0,dcrlme,0,ankle1_paralysed,best_intact,4,1,43,1048.940673828125,43,1047.3897705078125,-3.9076263439168857,-2.4618326320268498,
dcrlme_seed0,dcrlme,0,ankle3_paralysed,ite,0,1,43,1125.4039306640625,43,1122.362060546875,18.08869446710696,13.85695473152182,4
dcrlme_seed0,dcrlme,0,ankle3_paralysed,ite,0,2,539,1280.754638671875,539,1344.302978515625,81.15013829093616,62.16555842651066,4
dcrlme_seed0,dcrlme,0,ankle3_paralysed,ite,0,3,976,1242.677001953125,539,1344.302978515625,81.15013829093616,62.16555842651066,4
dcrlme_seed0,dcrlme,0,ankle3_paralysed,ite,0,4,636,1364.1806640625,636,1384.6689453125,92.61956975428673,70.95178635871143,4
dcrlme_seed0,dcrlme,0,ankle3_paralysed,ite,0,5,636,1394.9927978515625,636,1384.6689453125,92.61956975428673,70.95178635871143,4
dcrlme_seed0,dcrlme,0,ankle3_paralysed,ite,0,6,636,1424.5726318359375,636,1384.6689453125,92.61956975428673,70.95178635871143,4
dcrlme_seed0,dcrlme,0,ankle3_paralysed,ite,0,7,636,1390.962646484375,636,1384.6689453125,92.61956975428673,70.95178635871143,4
dcrlme_seed0,dcrlme,0,ankle3_paralysed,ite,0,8,636,1337.721435546875,636,1384.6689453125,92.61956975428673,70.95178635871143,4
dcrlme_seed0,dcrlme,0,ankle3_paralysed,ite,0,9,636,1386.405029296875,636,1384.6689453125,92.61956975428673,70.95178635871143,4
dcrlme_seed0,dcrlme,0,ankle3_paralysed,ite,0,10,636,1374.602783203125,636,1384.6689453125,92.61956975428673,70.95178635871143,4
dcrlme_seed0,dcrlme,0,ankle3_paralysed,ite,0,11,636,1380.71337890625,636,1384.6689453125,92.61956975428673,70.95178635871143,4
dcrlme_seed0,dcrlme,0,ankle3_paralysed,ite,0,12,636,1381.8443603515625,636,1384.6689453125,92.61956975428673,70.95178635871143,4
dcrlme_seed0,dcrlme,0,ankle3_paralysed,ite,0,13,636,1387.30224609375,636,1384.6689453125,92.61956975428673,70.95178635871143,4
dcrlme_seed0,dcrlme,0,ankle3_paralysed,ite,0,14,636,1383.762939453125,636,1384.6689453125,92.61956975428673,70.95178635871143,4
dcrlme_seed0,dcrlme,0,ankle3_paralysed,ite,0,15,636,1276.1326904296875,636,1384.6689453125,92.61956975428673,70.95178635871143,4
dcrlme_seed0,dcrlme,0,ankle3_paralysed,ite,0,16,636,1332.5576171875,636,1384.6689453125,92.61956975428673,70.95178635871143,4
dcrlme_seed0,dcrlme,0,ankle3_paralysed,ite,0,17,636,1392.684326171875,636,1384.6689453125,92.61956975428673,70.95178635871143,4
dcrlme_seed0,dcrlme,0,ankle3_paralysed,ite,0,18,636,1393.67724609375,636,1384.6689453125,92.61956975428673,70.95178635871143,4
dcrlme_seed0,dcrlme,0,ankle3_paralysed,ite,0,19,636,1381.609130859375,636,1384.6689453125,92.61956975428673,70.95178635871143,4
dcrlme_seed0,dcrlme,0,ankle3_paralysed,ite,0,20,636,1405.6138916015625,636,1384.6689453125,92.61956975428673,70.95178635871143,4
dcrlme_seed0,dcrlme,0,ankle3_paralysed,ite,1,1,43,1146.0377197265625,43,1122.362060546875,18.08869446710696,13.85695473152182,3
dcrlme_seed0,dcrlme,0,ankle3_paralysed,ite,1,2,539,1245.130126953125,539,1344.302978515625,81.15013829093616,62.16555842651066,3
dcrlme_seed0,dcrlme,0,ankle3_paralysed,ite,1,3,976,1375.501220703125,976,1382.906494140625,92.11879361717493,70.56816374430976,3
dcrlme_seed0,dcrlme,0,ankle3_paralysed,ite,1,4,976,1229.98974609375,976,1382.906494140625,92.11879361717493,70.56816374430976,3
dcrlme_seed0,dcrlme,0,ankle3_paralysed,ite,1,5,976,1312.88232421875,976,1382.906494140625,92.11879361717493,70.56816374430976,3
dcrlme_seed0,dcrlme,0,ankle3_paralysed,ite,1,6,976,1275.3245849609375,976,1382.906494140625,92.11879361717493,70.56816374430976,3
dcrlme_seed0,dcrlme,0,ankle3_paralysed,ite,1,7,368,1134.1463623046875,976,1382.906494140625,92.11879361717493,70.56816374430976,3
dcrlme_seed0,dcrlme,0,ankle3_paralysed,ite,1,8,976,1377.6363525390625,976,1382.906494140625,92.11879361717493,70.56816374430976,3
dcrlme_seed0,dcrlme,0,ankle3_paralysed,ite,1,9,976,1303.26220703125,976,1382.906494140625,92.11879361717493,70.56816374430976,3
dcrlme_seed0,dcrlme,0,ankle3_paralysed,ite,1,10,976,1350.75830078125,976,1382.906494140625,92.11879361717493,70.56816374430976,3
dcrlme_seed0,dcrlme,0,ankle3_paralysed,ite,1,11,976,1320.5592041015625,976,1382.906494140625,92.11879361717493,70.56816374430976,3
dcrlme_seed0,dcrlme,0,ankle3_paralysed,ite,1,12,976,1389.07177734375,976,1382.906494140625,92.11879361717493,70.56816374430976,3
dcrlme_seed0,dcrlme,0,ankle3_paralysed,ite,1,13,976,1374.5750732421875,976,1382.906494140625,92.11879361717493,70.56816374430976,3
dcrlme_seed0,dcrlme,0,ankle3_paralysed,ite,1,14,976,1354.16748046875,976,1382.906494140625,92.11879361717493,70.56816374430976,3
dcrlme_seed0,dcrlme,0,ankle3_paralysed,ite,1,15,976,1329.833984375,976,1382.906494140625,92.11879361717493,70.56816374430976,3
dcrlme_seed0,dcrlme,0,ankle3_paralysed,ite,1,16,976,1399.70654296875,976,1382.906494140625,92.11879361717493,70.56816374430976,3
dcrlme_seed0,dcrlme,0,ankle3_paralysed,ite,1,17,976,1342.1104736328125,976,1382.906494140625,92.11879361717493,70.56816374430976,3
dcrlme_seed0,dcrlme,0,ankle3_paralysed,ite,1,18,976,1239.471435546875,976,1382.906494140625,92.11879361717493,70.56816374430976,3
dcrlme_seed0,dcrlme,0,ankle3_paralysed,ite,1,19,976,1386.99658203125,976,1382.906494140625,92.11879361717493,70.56816374430976,3
dcrlme_seed0,dcrlme,0,ankle3_paralysed,ite,1,20,976,1352.7838134765625,976,1382.906494140625,92.11879361717493,70.56816374430976,3
dcrlme_seed0,dcrlme,0,ankle3_paralysed,ite,2,1,43,1143.6756591796875,43,1122.362060546875,18.08869446710696,13.85695473152182,2
dcrlme_seed0,dcrlme,0,ankle3_paralysed,ite,2,2,539,1377.87890625,539,1344.302978515625,81.15013829093616,62.16555842651066,2
dcrlme_seed0,dcrlme,0,ankle3_paralysed,ite,2,3,976,1384.919677734375,976,1382.906494140625,92.11879361717493,70.56816374430976,2
dcrlme_seed0,dcrlme,0,ankle3_paralysed,ite,2,4,976,1297.344482421875,976,1382.906494140625,92.11879361717493,70.56816374430976,2
dcrlme_seed0,dcrlme,0,ankle3_paralysed,ite,2,5,539,1309.753173828125,976,1382.906494140625,92.11879361717493,70.56816374430976,2
dcrlme_seed0,dcrlme,0,ankle3_paralysed,ite,2,6,636,1412.3865966796875,636,1384.6689453125,92.61956975428673,70.95178635871143,2
dcrlme_seed0,dcrlme,0,ankle3_paralysed,ite,2,7,636,1325.08056640625,636,1384.6689453125,92.61956975428673,70.95178635871143,2
dcrlme_seed0,dcrlme,0,ankle3_paralysed,ite,2,8,636,1367.2626953125,636,1384.6689453125,92.61956975428673,70.95178635871143,2
dcrlme_seed0,dcrlme,0,ankle3_paralysed,ite,2,9,636,1254.1500244140625,636,1384.6689453125,92.61956975428673,70.95178635871143,2
dcrlme_seed0,dcrlme,0,ankle3_paralysed,ite,2,10,976,1374.524658203125,636,1384.6689453125,92.61956975428673,70.95178635871143,2
dcrlme_seed0,dcrlme,0,ankle3_paralysed,ite,2,11,976,1321.410888671875,636,1384.6689453125,92.61956975428673,70.95178635871143,2
dcrlme_seed0,dcrlme,0,ankle3_paralysed,ite,2,12,976,1353.109619140625,636,1384.6689453125,92.61956975428673,70.95178635871143,2
dcrlme_seed0,dcrlme,0,ankle3_paralysed,ite,2,13,976,1301.94091796875,636,1384.6689453125,92.61956975428673,70.95178635871143,2
dcrlme_seed0,dcrlme,0,ankle3_paralysed,ite,2,14,539,1341.464599609375,636,1384.6689453125,92.61956975428673,70.95178635871143,2
dcrlme_seed0,dcrlme,0,ankle3_paralysed,ite,2,15,539,1305.2396240234375,636,1384.6689453125,92.61956975428673,70.95178635871143,2
dcrlme_seed0,dcrlme,0,ankle3_paralysed,ite,2,16,976,1345.919677734375,636,1384.6689453125,92.61956975428673,70.95178635871143,2
dcrlme_seed0,dcrlme,0,ankle3_paralysed,ite,2,17,976,1360.885986328125,636,1384.6689453125,92.61956975428673,70.95178635871143,2
dcrlme_seed0,dcrlme,0,ankle3_paralysed,ite,2,18,976,1325.060302734375,636,1384.6689453125,92.61956975428673,70.95178635871143,2
dcrlme_seed0,dcrlme,0,ankle3_paralysed,ite,2,19,976,1407.8671875,636,1384.6689453125,92.61956975428673,70.95178635871143,2
dcrlme_seed0,dcrlme,0,ankle3_paralysed,ite,2,20,976,1349.749267578125,636,1384.6689453125,92.61956975428673,70.95178635871143,2
dcrlme_seed0,dcrlme,0,ankle3_paralysed,ite,3,1,43,1132.5850830078125,43,1122.362060546875,18.08869446710696,13.85695473152182,3
dcrlme_seed0,dcrlme,0,ankle3_paralysed,ite,3,2,539,1337.1788330078125,539,1344.302978515625,81.15013829093616,62.16555842651066,3
dcrlme_seed0,dcrlme,0,ankle3_paralysed,ite,3,3,976,1338.26416015625,976,1382.906494140625,92.11879361717493,70.56816374430976,3
dcrlme_seed0,dcrlme,0,ankle3_paralysed,ite,3,4,636,1385.947998046875,636,1384.6689453125,92.61956975428673,70.95178635871143,3
dcrlme_seed0,dcrlme,0,ankle3_paralysed,ite,3,5,636,1376.4254150390625,636,1384.6689453125,92.61956975428673,70.95178635871143,3
dcrlme_seed0,dcrlme,0,ankle3_paralysed,ite,3,6,636,1368.083984375,636,1384.6689453125,92.61956975428673,70.95178635871143,3
dcrlme_seed0,dcrlme,0,ankle3_paralysed,ite,3,7,636,1379.1688232421875,636,1384.6689453125,92.61956975428673,70.95178635871143,3
dcrlme_seed0,dcrlme,0,ankle3_paralysed,ite,3,8,636,1370.591064453125,636,1384.6689453125,92.61956975428673,70.95178635871143,3
dcrlme_seed0,dcrlme,0,ankle3_paralysed,ite,3,9,636,1285.06201171875,636,1384.6689453125,92.61956975428673,70.95178635871143,3
dcrlme_seed0,dcrlme,0,ankle3_paralysed,ite,3,10,636,1376.6676025390625,636,1384.6689453125,92.61956975428673,70.95178635871143,3
dcrlme_seed0,dcrlme,0,ankle3_paralysed,ite,3,11,636,1407.197021484375,636,1384.6689453125,92.61956975428673,70.95178635871143,3
dcrlme_seed0,dcrlme,0,ankle3_paralysed,ite,3,12,636,1376.326416015625,636,1384.6689453125,92.61956975428673,70.95178635871143,3
dcrlme_seed0,dcrlme,0,ankle3_paralysed,ite,3,13,636,1434.6812744140625,636,1384.6689453125,92.61956975428673,70.95178635871143,3
dcrlme_seed0,dcrlme,0,ankle3_paralysed,ite,3,14,636,1371.20654296875,636,1384.6689453125,92.61956975428673,70.95178635871143,3
dcrlme_seed0,dcrlme,0,ankle3_paralysed,ite,3,15,636,1336.1611328125,636,1384.6689453125,92.61956975428673,70.95178635871143,3
dcrlme_seed0,dcrlme,0,ankle3_paralysed,ite,3,16,636,1219.358642578125,636,1384.6689453125,92.61956975428673,70.95178635871143,3
dcrlme_seed0,dcrlme,0,ankle3_paralysed,ite,3,17,636,1433.89208984375,636,1384.6689453125,92.61956975428673,70.95178635871143,3
dcrlme_seed0,dcrlme,0,ankle3_paralysed,ite,3,18,636,1409.8753662109375,636,1384.6689453125,92.61956975428673,70.95178635871143,3
dcrlme_seed0,dcrlme,0,ankle3_paralysed,ite,3,19,636,1381.314697265625,636,1384.6689453125,92.61956975428673,70.95178635871143,3
dcrlme_seed0,dcrlme,0,ankle3_paralysed,ite,3,20,636,1379.593017578125,636,1384.6689453125,92.61956975428673,70.95178635871143,3
dcrlme_seed0,dcrlme,0,ankle3_paralysed,ite,4,1,43,1152.324462890625,43,1122.362060546875,18.08869446710696,13.85695473152182,3
dcrlme_seed0,dcrlme,0,ankle3_paralysed,ite,4,2,539,1350.1553955078125,539,1344.302978515625,81.15013829093616,62.16555842651066,3
dcrlme_seed0,dcrlme,0,ankle3_paralysed,ite,4,3,976,1260.215576171875,539,1344.302978515625,81.15013829093616,62.16555842651066,3
dcrlme_seed0,dcrlme,0,ankle3_paralysed,ite,4,4,539,1357.054443359375,539,1344.302978515625,81.15013829093616,62.16555842651066,3
dcrlme_seed0,dcrlme,0,ankle3_paralysed,ite,4,5,539,1305.600830078125,539,1344.302978515625,81.15013829093616,62.16555842651066,3
dcrlme_seed0,dcrlme,0,ankle3_paralysed,ite,4,6,636,1392.9765625,636,1384.6689453125,92.61956975428673,70.95178635871143,3
dcrlme_seed0,dcrlme,0,ankle3_paralysed,ite,4,7,636,1368.5087890625,636,1384.6689453125,92.61956975428673,70.95178635871143,3
dcrlme_seed0,dcrlme,0,ankle3_paralysed,ite,4,8,636,1282.2337646484375,636,1384.6689453125,92.61956975428673,70.95178635871143,3
dcrlme_seed0,dcrlme,0,ankle3_paralysed,ite,4,9,636,1367.6409912109375,636,1384.6689453125,92.61956975428673,70.95178635871143,3
dcrlme_seed0,dcrlme,0,ankle3_paralysed,ite,4,10,636,1306.185791015625,636,1384.6689453125,92.61956975428673,70.95178635871143,3
dcrlme_seed0,dcrlme,0,ankle3_paralysed,ite,4,11,636,1347.425048828125,636,1384.6689453125,92.61956975428673,70.95178635871143,3
dcrlme_seed0,dcrlme,0,ankle3_paralysed,ite,4,12,636,1347.1212158203125,636,1384.6689453125,92.61956975428673,70.95178635871143,3
dcrlme_seed0,dcrlme,0,ankle3_paralysed,ite,4,13,636,1343.5589599609375,636,1384.6689453125,92.61956975428673,70.95178635871143,3
dcrlme_seed0,dcrlme,0,ankle3_paralysed,ite,4,14,636,1361.25341796875,636,1384.6689453125,92.61956975428673,70.95178635871143,3
dcrlme_seed0,dcrlme,0,ankle3_paralysed,ite,4,15,636,1351.7052001953125,636,1384.6689453125,92.61956975428673,70.95178635871143,3
dcrlme_seed0,dcrlme,0,ankle3_paralysed,ite,4,16,636,1453.807861328125,636,1384.6689453125,92.61956975428673,70.95178635871143,3
dcrlme_seed0,dcrlme,0,ankle3_paralysed,ite,4,17,636,1318.2618408203125,636,1384.6689453125,92.61956975428673,70.95178635871143,3
dcrlme_seed0,dcrlme,0,ankle3_paralysed,ite,4,18,636,1340.0355224609375,636,1384.6689453125,92.61956975428673,70.95178635871143,3
dcrlme_seed0,dcrlme,0,ankle3_paralysed,ite,4,19,636,1421.9658203125,636,1384.6689453125,92.61956975428673,70.95178635871143,3
dcrlme_seed0,dcrlme,0,ankle3_paralysed,ite,4,20,636,1338.191162109375,636,1384.6689453125,92.61956975428673,70.95178635871143,3
dcrlme_seed0,dcrlme,0,ankle3_paralysed,top_k,0,1,43,1144.92724609375,43,1122.362060546875,18.08869446710696,13.85695473152182,
dcrlme_seed0,dcrlme,0,ankle3_paralysed,top_k,0,2,442,1123.2545166015625,43,1122.362060546875,18.08869446710696,13.85695473152182,
dcrlme_seed0,dcrlme,0,ankle3_paralysed,top_k,0,3,724,1132.960205078125,43,1122.362060546875,18.08869446710696,13.85695473152182,
dcrlme_seed0,dcrlme,0,ankle3_paralysed,top_k,0,4,793,1111.760009765625,43,1122.362060546875,18.08869446710696,13.85695473152182,
dcrlme_seed0,dcrlme,0,ankle3_paralysed,top_k,0,5,381,1159.20068359375,381,1134.145263671875,21.436728749080068,16.421736815118177,
dcrlme_seed0,dcrlme,0,ankle3_paralysed,top_k,0,6,449,1202.3846435546875,449,1179.469970703125,34.315117702509276,26.28730522676379,
dcrlme_seed0,dcrlme,0,ankle3_paralysed,top_k,0,7,798,1289.55322265625,798,1163.8505859375,29.87708543709834,22.887523539331248,
dcrlme_seed0,dcrlme,0,ankle3_paralysed,top_k,0,8,131,1198.788330078125,798,1163.8505859375,29.87708543709834,22.887523539331248,
dcrlme_seed0,dcrlme,0,ankle3_paralysed,top_k,0,9,375,1127.0340576171875,798,1163.8505859375,29.87708543709834,22.887523539331248,
dcrlme_seed0,dcrlme,0,ankle3_paralysed,top_k,0,10,588,1135.50341796875,798,1163.8505859375,29.87708543709834,22.887523539331248,
dcrlme_seed0,dcrlme,0,ankle3_paralysed,top_k,0,11,658,1180.12158203125,798,1163.8505859375,29.87708543709834,22.887523539331248,
dcrlme_seed0,dcrlme,0,ankle3_paralysed,top_k,0,12,244,1130.19287109375,798,1163.8505859375,29.87708543709834,22.887523539331248,
dcrlme_seed0,dcrlme,0,ankle3_paralysed,top_k,0,13,229,1183.9759521484375,798,1163.8505859375,29.87708543709834,22.887523539331248,
dcrlme_seed0,dcrlme,0,ankle3_paralysed,top_k,0,14,567,1140.081787109375,798,1163.8505859375,29.87708543709834,22.887523539331248,
dcrlme_seed0,dcrlme,0,ankle3_paralysed,top_k,0,15,976,1306.765869140625,976,1382.906494140625,92.11879361717493,70.56816374430976,
dcrlme_seed0,dcrlme,0,ankle3_paralysed,top_k,0,16,70,1145.0333251953125,976,1382.906494140625,92.11879361717493,70.56816374430976,
dcrlme_seed0,dcrlme,0,ankle3_paralysed,top_k,0,17,901,1396.453857421875,901,1339.430419921875,79.7656681227027,61.10497660932981,
dcrlme_seed0,dcrlme,0,ankle3_paralysed,top_k,0,18,611,1427.78515625,611,1410.6439208984375,99.99999999999999,76.60560996659947,
dcrlme_seed0,dcrlme,0,ankle3_paralysed,top_k,0,19,547,1309.435302734375,611,1410.6439208984375,99.99999999999999,76.60560996659947,
dcrlme_seed0,dcrlme,0,ankle3_paralysed,top_k,0,20,540,1258.8446044921875,611,1410.6439208984375,99.99999999999999,76.60560996659947,
dcrlme_seed0,dcrlme,0,ankle3_paralysed,top_k,1,1,43,1115.13916015625,43,1122.362060546875,18.08869446710696,13.85695473152182,
dcrlme_seed0,dcrlme,0,ankle3_paralysed,top_k,1,2,442,1106.5,43,1122.362060546875,18.08869446710696,13.85695473152182,
dcrlme_seed0,dcrlme,0,ankle3_paralysed,top_k,1,3,724,1127.366455078125,724,1120.071533203125,17.437872785657607,13.358388812652661,
dcrlme_seed0,dcrlme,0,ankle3_paralysed,top_k,1,4,793,1109.1591796875,724,1120.071533203125,17.437872785657607,13.358388812652661,
dcrlme_seed0,dcrlme,0,ankle3_paralysed,top_k,1,5,381,1169.45458984375,381,1134.145263671875,21.436728749080068,16.421736815118177,
dcrlme_seed0,dcrlme,0,ankle3_paralysed,top_k,1,6,449,1164.54248046875,381,1134.145263671875,21.436728749080068,16.421736815118177,
dcrlme_seed0,dcrlme,0,ankle3_paralysed,top_k,1,7,798,1238.716796875,798,1163.8505859375,29.87708543709834,22.887523539331248,
dcrlme_seed0,dcrlme,0,ankle3_paralysed,top_k,1,8,131,1189.724609375,798,1163.8505859375,29.87708543709834,22.887523539331248,
dcrlme_seed0,dcrlme,0,ankle3_paralysed,top_k,1,9,375,1106.637939453125,798,1163.8505859375,29.87708543709834,22.887523539331248,
dcrlme_seed0,dcrlme,0,ankle3_paralysed,top_k,1,10,588,1123.603515625,798,1163.8505859375,29.87708543709834,22.887523539331248,
dcrlme_seed0,dcrlme,0,ankle3_paralysed,top_k,1,11,658,1177.019287109375,798,1163.8505859375,29.87708543709834,22.887523539331248,
dcrlme_seed0,dcrlme,0,ankle3_paralysed,top_k,1,12,244,1124.27490234375,798,1163.8505859375,29.87708543709834,22.887523539331248,
dcrlme_seed0,dcrlme,0,ankle3_paralysed,top_k,1,13,229,1176.13427734375,798,1163.8505859375,29.87708543709834,22.887523539331248,
dcrlme_seed0,dcrlme,0,ankle3_paralysed,top_k,1,14,567,1145.8662109375,798,1163.8505859375,29.87708543709834,22.887523539331248,
dcrlme_seed0,dcrlme,0,ankle3_paralysed,top_k,1,15,976,1337.0439453125,976,1382.906494140625,92.11879361717493,70.56816374430976,
dcrlme_seed0,dcrlme,0,ankle3_paralysed,top_k,1,16,70,1159.916748046875,976,1382.906494140625,92.11879361717493,70.56816374430976,
dcrlme_seed0,dcrlme,0,ankle3_paralysed,top_k,1,17,901,1406.744873046875,901,1339.430419921875,79.7656681227027,61.10497660932981,
dcrlme_seed0,dcrlme,0,ankle3_paralysed,top_k,1,18,611,1466.251220703125,611,1410.6439208984375,99.99999999999999,76.60560996659947,
dcrlme_seed0,dcrlme,0,ankle3_paralysed,top_k,1,19,547,1338.8994140625,611,1410.6439208984375,99.99999999999999,76.60560996659947,
dcrlme_seed0,dcrlme,0,ankle3_paralysed,top_k,1,20,540,1410.306884765625,611,1410.6439208984375,99.99999999999999,76.60560996659947,
dcrlme_seed0,dcrlme,0,ankle3_paralysed,top_k,2,1,43,1123.1029052734375,43,1122.362060546875,18.08869446710696,13.85695473152182,
dcrlme_seed0,dcrlme,0,ankle3_paralysed,top_k,2,2,442,1117.76708984375,43,1122.362060546875,18.08869446710696,13.85695473152182,
dcrlme_seed0,dcrlme,0,ankle3_paralysed,top_k,2,3,724,1122.1475830078125,43,1122.362060546875,18.08869446710696,13.85695473152182,
dcrlme_seed0,dcrlme,0,ankle3_paralysed,top_k,2,4,793,1116.0439453125,43,1122.362060546875,18.08869446710696,13.85695473152182,
dcrlme_seed0,dcrlme,0,ankle3_paralysed,top_k,2,5,381,1102.9879150390625,43,1122.362060546875,18.08869446710696,13.85695473152182,
dcrlme_seed0,dcrlme,0,ankle3_paralysed,top_k,2,6,449,1151.35107421875,449,1179.469970703125,34.315117702509276,26.28730522676379,
dcrlme_seed0,dcrlme,0,ankle3_paralysed,top_k,2,7,798,1193.82861328125,798,1163.8505859375,29.87708543709834,22.887523539331248,
dcrlme_seed0,dcrlme,0,ankle3_paralysed,top_k,2,8,131,1204.7568359375,131,1193.786376953125,38.382926634526996,29.403475071411776,
dcrlme_seed0,dcrlme,0,ankle3_paralysed,top_k,2,9,375,1121.75244140625,131,1193.786376953125,38.382926634526996,29.403475071411776,
dcrlme_seed0,dcrlme,0,ankle3_paralysed,top_k,2,10,588,1115.839111328125,131,1193.786376953125,38.382926634526996,29.403475071411776,
dcrlme_seed0,dcrlme,0,ankle3_paralysed,top_k,2,11,658,1182.832763671875,131,1193.786376953125,38.382926634526996,29.403475071411776,
dcrlme_seed0,dcrlme,0,ankle3_paralysed,top_k,2,12,244,1134.264892578125,131,1193.786376953125,38.382926634526996,29.403475071411776,
dcrlme_seed0,dcrlme,0,ankle3_paralysed,top_k,2,13,229,1203.8431396484375,131,1193.786376953125,38.382926634526996,29.403475071411776,
dcrlme_seed0,dcrlme,0,ankle3_paralysed,top_k,2,14,567,1146.095458984375,131,1193.786376953125,38.382926634526996,29.403475071411776,
dcrlme_seed0,dcrlme,0,ankle3_paralysed,top_k,2,15,976,1294.93603515625,976,1382.906494140625,92.11879361717493,70.56816374430976,
dcrlme_seed0,dcrlme,0,ankle3_paralysed,top_k,2,16,70,1149.439208984375,976,1382.906494140625,92.11879361717493,70.56816374430976,
dcrlme_seed0,dcrlme,0,ankle3_paralysed,top_k,2,17,901,1313.905517578125,901,1339.430419921875,79.7656681227027,61.10497660932981,
dcrlme_seed0,dcrlme,0,ankle3_paralysed,top_k,2,18,611,1443.7947998046875,611,1410.6439208984375,99.99999999999999,76.60560996659947,
dcrlme_seed0,dcrlme,0,ankle3_paralysed,top_k,2,19,547,1350.6435546875,611,1410.6439208984375,99.99999999999999,76.60560996659947,
dcrlme_seed0,dcrlme,0,ankle3_paralysed,top_k,2,20,540,1440.2469482421875,611,1410.6439208984375,99.99999999999999,76.60560996659947,
dcrlme_seed0,dcrlme,0,ankle3_paralysed,top_k,3,1,43,1125.6600341796875,43,1122.362060546875,18.08869446710696,13.85695473152182,
dcrlme_seed0,dcrlme,0,ankle3_paralysed,top_k,3,2,442,1156.3212890625,442,1117.0130615234375,16.568850336887962,12.692668865025997,
dcrlme_seed0,dcrlme,0,ankle3_paralysed,top_k,3,3,724,1123.83642578125,442,1117.0130615234375,16.568850336887962,12.692668865025997,
dcrlme_seed0,dcrlme,0,ankle3_paralysed,top_k,3,4,793,1112.389404296875,442,1117.0130615234375,16.568850336887962,12.692668865025997,
dcrlme_seed0,dcrlme,0,ankle3_paralysed,top_k,3,5,381,1110.68701171875,442,1117.0130615234375,16.568850336887962,12.692668865025997,
dcrlme_seed0,dcrlme,0,ankle3_paralysed,top_k,3,6,449,1200.2884521484375,449,1179.469970703125,34.315117702509276,26.28730522676379,
dcrlme_seed0,dcrlme,0,ankle3_paralysed,top_k,3,7,798,1119.864501953125,449,1179.469970703125,34.315117702509276,26.28730522676379,
dcrlme_seed0,dcrlme,0,ankle3_paralysed,top_k,3,8,131,1188.67822265625,449,1179.469970703125,34.315117702509276,26.28730522676379,
dcrlme_seed0,dcrlme,0,ankle3_paralysed,top_k,3,9,375,1127.001708984375,449,1179.469970703125,34.315117702509276,26.28730522676379,
dcrlme_seed0,dcrlme,0,ankle3_paralysed,top_k,3,10,588,1130.07568359375,449,1179.469970703125,34.315117702509276,26.28730522676379,
dcrlme_seed0,dcrlme,0,ankle3_paralysed,top_k,3,11,658,1193.2401123046875,449,1179.469970703125,34.315117702509276,26.28730522676379,
dcrlme_seed0,dcrlme,0,ankle3_paralysed,top_k,3,12,244,1132.15283203125,449,1179.469970703125,34.315117702509276,26.28730522676379,
dcrlme_seed0,dcrlme,0,ankle3_paralysed,top_k,3,13,229,1163.2078857421875,449,1179.469970703125,34.315117702509276,26.28730522676379,
dcrlme_seed0,dcrlme,0,ankle3_paralysed,top_k,3,14,567,1158.97119140625,449,1179.469970703125,34.315117702509276,26.28730522676379,
dcrlme_seed0,dcrlme,0,ankle3_paralysed,top_k,3,15,976,1227.7821044921875,976,1382.906494140625,92.11879361717493,70.56816374430976,
dcrlme_seed0,dcrlme,0,ankle3_paralysed,top_k,3,16,70,1150.4500732421875,976,1382.906494140625,92.11879361717493,70.56816374430976,
dcrlme_seed0,dcrlme,0,ankle3_paralysed,top_k,3,17,901,1340.30322265625,901,1339.430419921875,79.7656681227027,61.10497660932981,
dcrlme_seed0,dcrlme,0,ankle3_paralysed,top_k,3,18,611,1414.973876953125,611,1410.6439208984375,99.99999999999999,76.60560996659947,
dcrlme_seed0,dcrlme,0,ankle3_paralysed,top_k,3,19,547,1329.781494140625,611,1410.6439208984375,99.99999999999999,76.60560996659947,
dcrlme_seed0,dcrlme,0,ankle3_paralysed,top_k,3,20,540,1396.8807373046875,611,1410.6439208984375,99.99999999999999,76.60560996659947,
dcrlme_seed0,dcrlme,0,ankle3_paralysed,top_k,4,1,43,1134.41357421875,43,1122.362060546875,18.08869446710696,13.85695473152182,
dcrlme_seed0,dcrlme,0,ankle3_paralysed,top_k,4,2,442,1093.60205078125,43,1122.362060546875,18.08869446710696,13.85695473152182,
dcrlme_seed0,dcrlme,0,ankle3_paralysed,top_k,4,3,724,1137.7022705078125,724,1120.071533203125,17.437872785657607,13.358388812652661,
dcrlme_seed0,dcrlme,0,ankle3_paralysed,top_k,4,4,793,1103.8294677734375,724,1120.071533203125,17.437872785657607,13.358388812652661,
dcrlme_seed0,dcrlme,0,ankle3_paralysed,top_k,4,5,381,1118.5927734375,724,1120.071533203125,17.437872785657607,13.358388812652661,
dcrlme_seed0,dcrlme,0,ankle3_paralysed,top_k,4,6,449,1137.31982421875,724,1120.071533203125,17.437872785657607,13.358388812652661,
dcrlme_seed0,dcrlme,0,ankle3_paralysed,top_k,4,7,798,1187.001708984375,798,1163.8505859375,29.87708543709834,22.887523539331248,
dcrlme_seed0,dcrlme,0,ankle3_paralysed,top_k,4,8,131,1176.3104248046875,798,1163.8505859375,29.87708543709834,22.887523539331248,
dcrlme_seed0,dcrlme,0,ankle3_paralysed,top_k,4,9,375,1135.379638671875,798,1163.8505859375,29.87708543709834,22.887523539331248,
dcrlme_seed0,dcrlme,0,ankle3_paralysed,top_k,4,10,588,1119.8363037109375,798,1163.8505859375,29.87708543709834,22.887523539331248,
dcrlme_seed0,dcrlme,0,ankle3_paralysed,top_k,4,11,658,1160.0849609375,798,1163.8505859375,29.87708543709834,22.887523539331248,
dcrlme_seed0,dcrlme,0,ankle3_paralysed,top_k,4,12,244,1129.8876953125,798,1163.8505859375,29.87708543709834,22.887523539331248,
dcrlme_seed0,dcrlme,0,ankle3_paralysed,top_k,4,13,229,1167.3994140625,798,1163.8505859375,29.87708543709834,22.887523539331248,
dcrlme_seed0,dcrlme,0,ankle3_paralysed,top_k,4,14,567,1126.258056640625,798,1163.8505859375,29.87708543709834,22.887523539331248,
dcrlme_seed0,dcrlme,0,ankle3_paralysed,top_k,4,15,976,1324.236083984375,976,1382.906494140625,92.11879361717493,70.56816374430976,
dcrlme_seed0,dcrlme,0,ankle3_paralysed,top_k,4,16,70,1159.458984375,976,1382.906494140625,92.11879361717493,70.56816374430976,
dcrlme_seed0,dcrlme,0,ankle3_paralysed,top_k,4,17,901,1311.9173583984375,976,1382.906494140625,92.11879361717493,70.56816374430976,
dcrlme_seed0,dcrlme,0,ankle3_paralysed,top_k,4,18,611,1366.839599609375,611,1410.6439208984375,99.99999999999999,76.60560996659947,
dcrlme_seed0,dcrlme,0,ankle3_paralysed,top_k,4,19,547,1339.66015625,611,1410.6439208984375,99.99999999999999,76.60560996659947,
dcrlme_seed0,dcrlme,0,ankle3_paralysed,top_k,4,20,540,1355.479736328125,611,1410.6439208984375,99.99999999999999,76.60560996659947,
dcrlme_seed0,dcrlme,0,ankle3_paralysed,best_intact,0,1,43,1118.8675537109375,43,1122.362060546875,18.08869446710696,13.85695473152182,
dcrlme_seed0,dcrlme,0,ankle3_paralysed,best_intact,1,1,43,1120.922607421875,43,1122.362060546875,18.08869446710696,13.85695473152182,
dcrlme_seed0,dcrlme,0,ankle3_paralysed,best_intact,2,1,43,1140.913818359375,43,1122.362060546875,18.08869446710696,13.85695473152182,
dcrlme_seed0,dcrlme,0,ankle3_paralysed,best_intact,3,1,43,1100.837890625,43,1122.362060546875,18.08869446710696,13.85695473152182,
dcrlme_seed0,dcrlme,0,ankle3_paralysed,best_intact,4,1,43,1121.804443359375,43,1122.362060546875,18.08869446710696,13.85695473152182,
