run,algo,seed,scenario,method,rep,trial,cell,observed,recommended_cell,recommended_true,pct_oracle,pct_intact,stop_trial
dcrlme_seed2,dcrlme,2,leg1_paralysed,ite,0,1,771,1061.936279296875,771,1065.023193359375,2.6641778869881803,1.2020751225708295,9
dcrlme_seed2,dcrlme,2,leg1_paralysed,ite,0,2,311,1144.2034912109375,311,1143.0999755859375,35.56059981702408,16.04491674242737,9
dcrlme_seed2,dcrlme,2,leg1_paralysed,ite,0,3,305,1075.7725830078125,311,1143.0999755859375,35.56059981702408,16.04491674242737,9
dcrlme_seed2,dcrlme,2,leg1_paralysed,ite,0,4,258,1066.9498291015625,311,1143.0999755859375,35.56059981702408,16.04491674242737,9
dcrlme_seed2,dcrlme,2,leg1_paralysed,ite,0,5,158,1081.68408203125,311,1143.0999755859375,35.56059981702408,16.04491674242737,9
dcrlme_seed2,dcrlme,2,leg1_paralysed,ite,0,6,78,1049.51171875,311,1143.0999755859375,35.56059981702408,16.04491674242737,9
dcrlme_seed2,dcrlme,2,leg1_paralysed,ite,0,7,311,1160.6990966796875,311,1143.0999755859375,35.56059981702408,16.04491674242737,9
dcrlme_seed2,dcrlme,2,leg1_paralysed,ite,0,8,278,1054.982421875,311,1143.0999755859375,35.56059981702408,16.04491674242737,9
dcrlme_seed2,dcrlme,2,leg1_paralysed,ite,0,9,311,1114.3516845703125,311,1143.0999755859375,35.56059981702408,16.04491674242737,9
dcrlme_seed2,dcrlme,2,leg1_paralysed,ite,0,10,133,1051.53271484375,311,1143.0999755859375,35.56059981702408,16.04491674242737,9
dcrlme_seed2,dcrlme,2,leg1_paralysed,ite,0,11,295,1050.4462890625,311,1143.0999755859375,35.56059981702408,16.04491674242737,9
dcrlme_seed2,dcrlme,2,leg1_paralysed,ite,0,12,311,1146.839111328125,311,1143.0999755859375,35.56059981702408,16.04491674242737,9
dcrlme_seed2,dcrlme,2,leg1_paralysed,ite,0,13,311,1114.3106689453125,311,1143.0999755859375,35.56059981702408,16.04491674242737,9
dcrlme_seed2,dcrlme,2,leg1_paralysed,ite,0,14,258,1070.06201171875,311,1143.0999755859375,35.56059981702408,16.04491674242737,9
dcrlme_seed2,dcrlme,2,leg1_paralysed,ite,0,15,311,1163.514892578125,311,1143.0999755859375,35.56059981702408,16.04491674242737,9
dcrlme_seed2,dcrlme,2,leg1_paralysed,ite,0,16,311,1213.098388671875,311,1143.0999755859375,35.56059981702408,16.04491674242737,9
dcrlme_seed2,dcrlme,2,leg1_paralysed,ite,0,17,311,1134.768310546875,311,1143.0999755859375,35.56059981702408,16.04491674242737,9
dcrlme_seed2,dcrlme,2,leg1_paralysed,ite,0,18,311,1180.630126953125,311,1143.0999755859375,35.56059981702408,16.04491674242737,9
dcrlme_seed2,dcrlme,2,leg1_paralysed,ite,0,19,311,1163.342529296875,311,1143.0999755859375,35.56059981702408,16.04491674242737,9
dcrlme_seed2,dcrlme,2,leg1_paralysed,ite,0,20,311,1173.193359375,311,1143.0999755859375,35.56059981702408,16.04491674242737,9
dcrlme_seed2,dcrlme,2,leg1_paralysed,ite,1,1,771,1073.8331298828125,771,1065.023193359375,2.6641778869881803,1.2020751225708295,11
dcrlme_seed2,dcrlme,2,leg1_paralysed,ite,1,2,311,1140.2833251953125,311,1143.0999755859375,35.56059981702408,16.04491674242737,11
dcrlme_seed2,dcrlme,2,leg1_paralysed,ite,1,3,305,1081.3409423828125,311,1143.0999755859375,35.56059981702408,16.04491674242737,11
dcrlme_seed2,dcrlme,2,leg1_paralysed,ite,1,4,258,1073.6929931640625,311,1143.0999755859375,35.56059981702408,16.04491674242737,11
dcrlme_seed2,dcrlme,2,leg1_paralysed,ite,1,5,158,1083.273681640625,311,1143.0999755859375,35.56059981702408,16.04491674242737,11
dcrlme_seed2,dcrlme,2,leg1_paralysed,ite,1,6,78,1050.768310546875,311,1143.0999755859375,35.56059981702408,16.04491674242737,11
dcrlme_seed2,dcrlme,2,leg1_paralysed,ite,1,7,311,1130.6826171875,311,1143.0999755859375,35.56059981702408,16.04491674242737,11
dcrlme_seed2,dcrlme,2,leg1_paralysed,ite,1,8,278,1053.8916015625,311,1143.0999755859375,35.56059981702408,16.04491674242737,11
dcrlme_seed2,dcrlme,2,leg1_paralysed,ite,1,9,311,1148.6578369140625,311,1143.0999755859375,35.56059981702408,16.04491674242737,11
dcrlme_seed2,dcrlme,2,leg1_paralysed,ite,1,10,133,1056.1083984375,311,1143.0999755859375,35.56059981702408,16.04491674242737,11
dcrlme_seed2,dcrlme,2,leg1_paralysed,ite,1,11,295,1042.0914306640625,311,1143.0999755859375,35.56059981702408,16.04491674242737,11
dcrlme_seed2,dcrlme,2,leg1_paralysed,ite,1,12,258,1072.80908203125,311,1143.0999755859375,35.56059981702408,16.04491674242737,11
dcrlme_seed2,dcrlme,2,leg1_paralysed,ite,1,13,311,1130.2906494140625,311,1143.0999755859375,35.56059981702408,16.04491674242737,11
dcrlme_seed2,dcrlme,2,leg1_paralysed,ite,1,14,311,1210.5048828125,311,1143.0999755859375,35.56059981702408,16.04491674242737,11
dcrlme_seed2,dcrlme,2,leg1_paralysed,ite,1,15,311,1165.4703369140625,311,1143.0999755859375,35.56059981702408,16.04491674242737,11
dcrlme_seed2,dcrlme,2,leg1_paralysed,ite,1,16,311,1144.8818359375,311,1143.0999755859375,35.56059981702408,16.04491674242737,11
dcrlme_seed2,dcrlme,2,leg1_paralysed,ite,1,17,311,1132.9755859375,311,1143.0999755859375,35.56059981702408,16.04491674242737,11
dcrlme_seed2,dcrlme,2,leg1_paralysed,ite,1,18,311,1122.385498046875,311,1143.0999755859375,35.56059981702408,16.04491674242737,11
dcrlme_seed2,dcrlme,2,leg1_paralysed,ite,1,19,311,1148.656982421875,311,1143.0999755859375,35.56059981702408,16.04491674242737,11
dcrlme_seed2,dcrlme,2,leg1_paralysed,ite,1,20,311,1182.2890625,311,1143.0999755859375,35.56059981702408,16.04491674242737,11
dcrlme_seed2,dcrlme,2,leg1_paralysed,ite,2,1,771,1063.63330078125,771,1065.023193359375,2.6641778869881803,1.2020751225708295,8
dcrlme_seed2,dcrlme,2,leg1_paralysed,ite,2,2,311,1205.697265625,311,1143.0999755859375,35.56059981702408,16.04491674242737,8
dcrlme_seed2,dcrlme,2,leg1_paralysed,ite,2,3,305,1077.510498046875,311,1143.0999755859375,35.56059981702408,16.04491674242737,8
dcrlme_seed2,dcrlme,2,leg1_paralysed,ite,2,4,258,1065.4066162109375,311,1143.0999755859375,35.56059981702408,16.04491674242737,8
dcrlme_seed2,dcrlme,2,leg1_paralysed,ite,2,5,158,1083.5950927734375,311,1143.0999755859375,35.56059981702408,16.04491674242737,8
dcrlme_seed2,dcrlme,2,leg1_paralysed,ite,2,6,311,1199.142578125,311,1143.0999755859375,35.56059981702408,16.04491674242737,8
dcrlme_seed2,dcrlme,2,leg1_paralysed,ite,2,7,78,1046.7857666015625,311,1143.0999755859375,35.56059981702408,16.04491674242737,8
dcrlme_seed2,dcrlme,2,leg1_paralysed,ite,2,8,311,1166.3505859375,311,1143.0999755859375,35.56059981702408,16.04491674242737,8
dcrlme_seed2,dcrlme,2,leg1_paralysed,ite,2,9,311,1118.9019775390625,311,1143.0999755859375,35.56059981702408,16.04491674242737,8
dcrlme_seed2,dcrlme,2,leg1_paralysed,ite,2,10,311,1098.1717529296875,311,1143.0999755859375,35.56059981702408,16.04491674242737,8
dcrlme_seed2,dcrlme,2,leg1_paralysed,ite,2,11,278,1057.91650390625,311,1143.0999755859375,35.56059981702408,16.04491674242737,8
dcrlme_seed2,dcrlme,2,leg1_paralysed,ite,2,12,311,1148.20947265625,311,1143.0999755859375,35.56059981702408,16.04491674242737,8
dcrlme_seed2,dcrlme,2,leg1_paralysed,ite,2,13,133,1056.539306640625,311,1143.0999755859375,35.56059981702408,16.04491674242737,8
dcrlme_seed2,dcrlme,2,leg1_paralysed,ite,2,14,311,1132.8974609375,311,1143.0999755859375,35.56059981702408,16.04491674242737,8
dcrlme_seed2,dcrlme,2,leg1_paralysed,ite,2,15,295,1058.952880859375,311,1143.0999755859375,35.56059981702408,16.04491674242737,8
dcrlme_seed2,dcrlme,2,leg1_paralysed,ite,2,16,311,1139.423095703125,311,1143.0999755859375,35.56059981702408,16.04491674242737,8
dcrlme_seed2,dcrlme,2,leg1_paralysed,ite,2,17,311,1152.38818359375,311,1143.0999755859375,35.56059981702408,16.04491674242737,8
dcrlme_seed2,dcrlme,2,leg1_paralysed,ite,2,18,311,1165.156494140625,311,1143.0999755859375,35.56059981702408,16.04491674242737,8
dcrlme_seed2,dcrlme,2,leg1_paralysed,ite,2,19,311,1190.82470703125,311,1143.0999755859375,35.56059981702408,16.04491674242737,8
dcrlme_seed2,dcrlme,2,leg1_paralysed,ite,2,20,311,1150.567138671875,311,1143.0999755859375,35.56059981702408,16.04491674242737,8
dcrlme_seed2,dcrlme,2,leg1_paralysed,ite,3,1,771,1060.369873046875,771,1065.023193359375,2.6641778869881803,1.2020751225708295,4
dcrlme_seed2,dcrlme,2,leg1_paralysed,ite,3,2,311,1262.643798828125,311,1143.0999755859375,35.56059981702408,16.04491674242737,4
dcrlme_seed2,dcrlme,2,leg1_paralysed,ite,3,3,305,1077.887451171875,311,1143.0999755859375,35.56059981702408,16.04491674242737,4
dcrlme_seed2,dcrlme,2,leg1_paralysed,ite,3,4,311,1170.353515625,311,1143.0999755859375,35.56059981702408,16.04491674242737,4
dcrlme_seed2,dcrlme,2,leg1_paralysed,ite,3,5,258,1067.03662109375,311,1143.0999755859375,35.56059981702408,16.04491674242737,4
dcrlme_seed2,dcrlme,2,leg1_paralysed,ite,3,6,158,1078.3514404296875,311,1143.0999755859375,35.56059981702408,16.04491674242737,4
dcrlme_seed2,dcrlme,2,leg1_paralysed,ite,3,7,311,1142.0565185546875,311,1143.0999755859375,35.56059981702408,16.04491674242737,4
dcrlme_seed2,dcrlme,2,leg1_paralysed,ite,3,8,78,1050.05859375,311,1143.0999755859375,35.56059981702408,16.04491674242737,4
dcrlme_seed2,dcrlme,2,leg1_paralysed,ite,3,9,311,1183.573974609375,311,1143.0999755859375,35.56059981702408,16.04491674242737,4
dcrlme_seed2,dcrlme,2,leg1_paralysed,ite,3,10,311,1146.164306640625,311,1143.0999755859375,35.56059981702408,16.04491674242737,4
dcrlme_seed2,dcrlme,2,leg1_paralysed,ite,3,11,311,1130.974853515625,311,1143.0999755859375,35.56059981702408,16.04491674242737,4
dcrlme_seed2,dcrlme,2,leg1_paralysed,ite,3,12,278,1047.548828125,311,1143.0999755859375,35.56059981702408,16.04491674242737,4
dcrlme_seed2,dcrlme,2,leg1_paralysed,ite,3,13,311,1145.588134765625,311,1143.0999755859375,35.56059981702408,16.04491674242737,4
dcrlme_seed2,dcrlme,2,leg1_paralysed,ite,3,14,311,1142.2203369140625,311,1143.0999755859375,35.56059981702408,16.04491674242737,4
dcrlme_seed2,dcrlme,2,leg1_paralysed,ite,3,15,311,1147.5855712890625,311,1143.0999755859375,35.56059981702408,16.04491674242737,4
dcrlme_seed2,dcrlme,2,leg1_paralysed,ite,3,16,311,1146.808349609375,311,1143.0999755859375,35.56059981702408,16.04491674242737,4
dcrlme_seed2,dcrlme,2,leg1_paralysed,ite,3,17,311,1156.4798583984375,311,1143.0999755859375,35.56059981702408,16.04491674242737,4
dcrlme_seed2,dcrlme,2,leg1_paralysed,ite,3,18,311,1155.130859375,311,1143.0999755859375,35.56059981702408,16.04491674242737,4
dcrlme_seed2,dcrlme,2,leg1_paralysed,ite,3,19,311,1171.804931640625,311,1143.0999755859375,35.56059981702408,16.04491674242737,4
dcrlme_seed2,dcrlme,2,leg1_paralysed,ite,3,20,311,1167.60107421875,311,1143.0999755859375,35.56059981702408,16.04491674242737,4
dcrlme_seed2,dcrlme,2,leg1_paralysed,ite,4,1,771,1073.7252197265625,771,1065.023193359375,2.6641778869881803,1.2020751225708295,11
dcrlme_seed2,dcrlme,2,leg1_paralysed,ite,4,2,311,1134.021240234375,311,1143.0999755859375,35.56059981702408,16.04491674242737,11
dcrlme_seed2,dcrlme,2,leg1_paralysed,ite,4,3,305,1077.0743408203125,311,1143.0999755859375,35.56059981702408,16.04491674242737,11
dcrlme_seed2,dcrlme,2,leg1_paralysed,ite,4,4,258,1071.24609375,311,1143.0999755859375,35.56059981702408,16.04491674242737,11
dcrlme_seed2,dcrlme,2,leg1_paralysed,ite,4,5,158,1080.8468017578125,311,1143.0999755859375,35.56059981702408,16.04491674242737,11
dcrlme_seed2,dcrlme,2,leg1_paralysed,ite,4,6,78,1052.965087890625,311,1143.0999755859375,35.56059981702408,16.04491674242737,11
dcrlme_seed2,dcrlme,2,leg1_paralysed,ite,4,7,311,1138.509521484375,311,1143.0999755859375,35.56059981702408,16.04491674242737,11
dcrlme_seed2,dcrlme,2,leg1_paralysed,ite,4,8,278,1076.255615234375,311,1143.0999755859375,35.56059981702408,16.04491674242737,11
dcrlme_seed2,dcrlme,2,leg1_paralysed,ite,4,9,133,1057.18017578125,311,1143.0999755859375,35.56059981702408,16.04491674242737,11
dcrlme_seed2,dcrlme,2,leg1_paralysed,ite,4,10,295,1050.2122802734375,311,1143.0999755859375,35.56059981702408,16.04491674242737,11
dcrlme_seed2,dcrlme,2,leg1_paralysed,ite,4,11,311,1168.99267578125,311,1143.0999755859375,35.56059981702408,16.04491674242737,11
dcrlme_seed2,dcrlme,2,leg1_paralysed,ite,4,12,311,1225.884521484375,311,1143.0999755859375,35.56059981702408,16.04491674242737,11
dcrlme_seed2,dcrlme,2,leg1_paralysed,ite,4,13,311,1144.818115234375,311,1143.0999755859375,35.56059981702408,16.04491674242737,11
dcrlme_seed2,dcrlme,2,leg1_paralysed,ite,4,14,311,1116.605224609375,311,1143.0999755859375,35.56059981702408,16.04491674242737,11
dcrlme_seed2,dcrlme,2,leg1_paralysed,ite,4,15,311,1128.867431640625,311,1143.0999755859375,35.56059981702408,16.04491674242737,11
dcrlme_seed2,dcrlme,2,leg1_paralysed,ite,4,16,311,1171.682861328125,311,1143.0999755859375,35.56059981702408,16.04491674242737,11
dcrlme_seed2,dcrlme,2,leg1_paralysed,ite,4,17,311,1115.940185546875,311,1143.0999755859375,35.56059981702408,16.04491674242737,11
dcrlme_seed2,dcrlme,2,leg1_paralysed,ite,4,18,258,1071.603515625,311,1143.0999755859375,35.56059981702408,16.04491674242737,11
dcrlme_seed2,dcrlme,2,leg1_paralysed,ite,4,19,311,1163.176513671875,311,1143.0999755859375,35.56059981702408,16.04491674242737,11
dcrlme_seed2,dcrlme,2,leg1_paralysed,ite,4,20,311,1161.21875,311,1143.0999755859375,35.56059981702408,16.04491674242737,11
dcrlme_seed2,dcrlme,2,leg1_paralysed,top_k,0,1,771,1061.2796630859375,771,1065.023193359375,2.6641778869881803,1.2020751225708295,
dcrlme_seed2,dcrlme,2,leg1_paralysed,top_k,0,2,905,1095.9444580078125,905,1095.879150390625,15.664849182708245,7.06796854418945,
dcrlme_seed2,dcrlme,2,leg1_paralysed,top_k,0,3,906,1086.51318359375,905,1095.879150390625,15.664849182708245,7.06796854418945,
dcrlme_seed2,dcrlme,2,leg1_paralysed,top_k,0,4,32,1086.90625,905,1095.879150390625,15.664849182708245,7.06796854418945,
dcrlme_seed2,dcrlme,2,leg1_paralysed,top_k,0,5,258,1070.9708251953125,905,1095.879150390625,15.664849182708245,7.06796854418945,
dcrlme_seed2,dcrlme,2,leg1_paralysed,top_k,0,6,94,1060.035888671875,905,1095.879150390625,15.664849182708245,7.06796854418945,
dcrlme_seed2,dcrlme,2,leg1_paralysed,top_k,0,7,437,1065.491455078125,905,1095.879150390625,15.664849182708245,7.06796854418945,
dcrlme_seed2,dcrlme,2,leg1_paralysed,top_k,0,8,790,1069.9990234375,905,1095.879150390625,15.664849182708245,7.06796854418945,
dcrlme_seed2,dcrlme,2,leg1_paralysed,top_k,0,9,161,1054.7891845703125,905,1095.879150390625,15.664849182708245,7.06796854418945,
dcrlme_seed2,dcrlme,2,leg1_paralysed,top_k,0,10,661,1076.04443359375,905,1095.879150390625,15.664849182708245,7.06796854418945,
dcrlme_seed2,dcrlme,2,leg1_paralysed,top_k,0,11,478,1087.2366943359375,905,1095.879150390625,15.664849182708245,7.06796854418945,
dcrlme_seed2,dcrlme,2,leg1_paralysed,top_k,0,12,575,1071.183349609375,905,1095.879150390625,15.664849182708245,7.06796854418945,
dcrlme_seed2,dcrlme,2,leg1_paralysed,top_k,0,13,674,1051.319580078125,905,1095.879150390625,15.664849182708245,7.06796854418945,
dcrlme_seed2,dcrlme,2,leg1_paralysed,top_k,0,14,323,1064.876220703125,905,1095.879150390625,15.664849182708245,7.06796854418945,
dcrlme_seed2,dcrlme,2,leg1_paralysed,top_k,0,15,358,1035.624755859375,905,1095.879150390625,15.664849182708245,7.06796854418945,
dcrlme_seed2,dcrlme,2,leg1_paralysed,top_k,0,16,120,1089.0418701171875,905,1095.879150390625,15.664849182708245,7.06796854418945,
dcrlme_seed2,dcrlme,2,leg1_paralysed,top_k,0,17,427,1068.617919921875,905,1095.879150390625,15.664849182708245,7.06796854418945,
dcrlme_seed2,dcrlme,2,leg1_paralysed,top_k,0,18,285,1057.3057861328125,905,1095.879150390625,15.664849182708245,7.06796854418945,
dcrlme_seed2,dcrlme,2,leg1_paralysed,top_k,0,19,553,1088.544677734375,905,1095.879150390625,15.664849182708245,7.06796854418945,
dcrlme_seed2,dcrlme,2,leg1_paralysed,top_k,0,20,311,1161.415771484375,311,1143.0999755859375,35.56059981702408,16.04491674242737,
dcrlme_seed2,dcrlme,2,leg1_paralysed,top_k,1,1,771,1063.905517578125,771,1065.023193359375,2.6641778869881803,1.2020751225708295,
dcrlme_seed2,dcrlme,2,leg1_paralysed,top_k,1,2,905,1090.97509765625,905,1095.879150390625,15.664849182708245,7.06796854418945,
dcrlme_seed2,dcrlme,2,leg1_paralysed,top_k,1,3,906,1080.701171875,905,1095.879150390625,15.664849182708245,7.06796854418945,
dcrlme_seed2,dcrlme,2,leg1_paralysed,top_k,1,4,32,1087.20703125,905,1095.879150390625,15.664849182708245,7.06796854418945,
dcrlme_seed2,dcrlme,2,leg1_paralysed,top_k,1,5,258,1073.4832763671875,905,1095.879150390625,15.664849182708245,7.06796854418945,
dcrlme_seed2,dcrlme,2,leg1_paralysed,top_k,1,6,94,1060.03564453125,905,1095.879150390625,15.664849182708245,7.06796854418945,
dcrlme_seed2,dcrlme,2,leg1_paralysed,top_k,1,7,437,1067.455322265625,905,1095.879150390625,15.664849182708245,7.06796854418945,
dcrlme_seed2,dcrlme,2,leg1_paralysed,top_k,1,8,790,1068.328369140625,905,1095.879150390625,15.664849182708245,7.06796854418945,
dcrlme_seed2,dcrlme,2,leg1_paralysed,top_k,1,9,161,1037.0615234375,905,1095.879150390625,15.664849182708245,7.06796854418945,
dcrlme_seed2,dcrlme,2,leg1_paralysed,top_k,1,10,661,1063.817138671875,905,1095.879150390625,15.664849182708245,7.06796854418945,
dcrlme_seed2,dcrlme,2,leg1_paralysed,top_k,1,11,478,1073.332763671875,905,1095.879150390625,15.664849182708245,7.06796854418945,
dcrlme_seed2,dcrlme,2,leg1_paralysed,top_k,1,12,575,1076.748291015625,905,1095.879150390625,15.664849182708245,7.06796854418945,
dcrlme_seed2,dcrlme,2,leg1_paralysed,top_k,1,13,674,1051.165771484375,905,1095.879150390625,15.664849182708245,7.06796854418945,
dcrlme_seed2,dcrlme,2,leg1_paralysed,top_k,1,14,323,1039.956298828125,905,1095.879150390625,15.664849182708245,7.06796854418945,
dcrlme_seed2,dcrlme,2,leg1_paralysed,top_k,1,15,358,1033.43212890625,905,1095.879150390625,15.664849182708245,7.06796854418945,
dcrlme_seed2,dcrlme,2,leg1_paralysed,top_k,1,16,120,1101.081787109375,120,1099.3096923828125,17.110253995834782,7.720134143337093,
dcrlme_seed2,dcrlme,2,leg1_paralysed,top_k,1,17,427,1065.49951171875,120,1099.3096923828125,17.110253995834782,7.720134143337093,
dcrlme_seed2,dcrlme,2,leg1_paralysed,top_k,1,18,285,1057.8265380859375,120,1099.3096923828125,17.110253995834782,7.720134143337093,
dcrlme_seed2,dcrlme,2,leg1_paralysed,top_k,1,19,553,1089.859130859375,120,1099.3096923828125,17.110253995834782,7.720134143337093,
dcrlme_seed2,dcrlme,2,leg1_paralysed,top_k,1,20,311,1147.890625,311,1143.0999755859375,35.56059981702408,16.04491674242737,
dcrlme_seed2,dcrlme,2,leg1_paralysed,top_k,2,1,771,1084.7772216796875,771,1065.023193359375,2.6641778869881803,1.2020751225708295,
dcrlme_seed2,dcrlme,2,leg1_paralysed,top_k,2,2,905,1094.2777099609375,905,1095.879150390625,15.664849182708245,7.06796854418945,
dcrlme_seed2,dcrlme,2,leg1_paralysed,top_k,2,3,906,1075.1043701171875,905,1095.879150390625,15.664849182708245,7.06796854418945,
dcrlme_seed2,dcrlme,2,leg1_paralysed,top_k,2,4,32,1083.4560546875,905,1095.879150390625,15.664849182708245,7.06796854418945,
dcrlme_seed2,dcrlme,2,leg1_paralysed,top_k,2,5,258,1075.50439453125,905,1095.879150390625,15.664849182708245,7.06796854418945,
dcrlme_seed2,dcrlme,2,leg1_paralysed,top_k,2,6,94,1060.3095703125,905,1095.879150390625,15.664849182708245,7.06796854418945,
dcrlme_seed2,dcrlme,2,leg1_paralysed,top_k,2,7,437,1074.831787109375,905,1095.879150390625,15.664849182708245,7.06796854418945,
dcrlme_seed2,dcrlme,2,leg1_paralysed,top_k,2,8,790,1068.183837890625,905,1095.879150390625,15.664849182708245,7.06796854418945,
dcrlme_seed2,dcrlme,2,leg1_paralysed,top_k,2,9,161,1083.193359375,905,1095.879150390625,15.664849182708245,7.06796854418945,
dcrlme_seed2,dcrlme,2,leg1_paralysed,top_k,2,10,661,1083.5635986328125,905,1095.879150390625,15.664849182708245,7.06796854418945,
dcrlme_seed2,dcrlme,2,leg1_paralysed,top_k,2,11,478,1071.951904296875,905,1095.879150390625,15.664849182708245,7.06796854418945,
dcrlme_seed2,dcrlme,2,leg1_paralysed,top_k,2,12,575,1073.9317626953125,905,1095.879150390625,15.664849182708245,7.06796854418945,
dcrlme_seed2,dcrlme,2,leg1_paralysed,top_k,2,13,674,1050.246826171875,905,1095.879150390625,15.664849182708245,7.06796854418945,
dcrlme_seed2,dcrlme,2,leg1_paralysed,top_k,2,14,323,1052.6837158203125,905,1095.879150390625,15.664849182708245,7.06796854418945,
dcrlme_seed2,dcrlme,2,leg1_paralysed,top_k,2,15,358,1082.4473876953125,905,1095.879150390625,15.664849182708245,7.06796854418945,
dcrlme_seed2,dcrlme,2,leg1_paralysed,top_k,2,16,120,1105.5963134765625,120,1099.3096923828125,17.110253995834782,7.720134143337093,
dcrlme_seed2,dcrlme,2,leg1_paralysed,top_k,2,17,427,1068.031005859375,120,1099.3096923828125,17.110253995834782,7.720134143337093,
dcrlme_seed2,dcrlme,2,leg1_paralysed,top_k,2,18,285,1066.3687744140625,120,1099.3096923828125,17.110253995834782,7.720134143337093,
dcrlme_seed2,dcrlme,2,leg1_paralysed,top_k,2,19,553,1081.557373046875,120,1099.3096923828125,17.110253995834782,7.720134143337093,
dcrlme_seed2,dcrlme,2,leg1_paralysed,top_k,2,20,311,1152.21728515625,311,1143.0999755859375,35.56059981702408,16.04491674242737,
dcrlme_seed2,dcrlme,2,leg1_paralysed,top_k,3,1,771,1070.78271484375,771,1065.023193359375,2.6641778869881803,1.2020751225708295,
dcrlme_seed2,dcrlme,2,leg1_paralysed,top_k,3,2,905,1107.205322265625,905,1095.879150390625,15.664849182708245,7.06796854418945,
dcrlme_seed2,dcrlme,2,leg1_paralysed,top_k,3,3,906,1079.4893798828125,905,1095.879150390625,15.664849182708245,7.06796854418945,
dcrlme_seed2,dcrlme,2,leg1_paralysed,top_k,3,4,32,1087.5614013671875,905,1095.879150390625,15.664849182708245,7.06796854418945,
dcrlme_seed2,dcrlme,2,leg1_paralysed,top_k,3,5,258,1069.4951171875,905,1095.879150390625,15.664849182708245,7.06796854418945,
dcrlme_seed2,dcrlme,2,leg1_paralysed,top_k,3,6,94,1067.3134765625,905,1095.879150390625,15.664849182708245,7.06796854418945,
dcrlme_seed2,dcrlme,2,leg1_paralysed,top_k,3,7,437,1046.0771484375,905,1095.879150390625,15.664849182708245,7.06796854418945,
dcrlme_seed2,dcrlme,2,leg1_paralysed,top_k,3,8,790,1067.791015625,905,1095.879150390625,15.664849182708245,7.06796854418945,
dcrlme_seed2,dcrlme,2,leg1_paralysed,top_k,3,9,161,1075.700439453125,905,1095.879150390625,15.664849182708245,7.06796854418945,
dcrlme_seed2,dcrlme,2,leg1_paralysed,top_k,3,10,661,1080.18017578125,905,1095.879150390625,15.664849182708245,7.06796854418945,
dcrlme_seed2,dcrlme,2,leg1_paralysed,top_k,3,11,478,1067.942138671875,905,1095.879150390625,15.664849182708245,7.06796854418945,
dcrlme_seed2,dcrlme,2,leg1_paralysed,top_k,3,12,575,1072.336181640625,905,1095.879150390625,15.664849182708245,7.06796854418945,
dcrlme_seed2,dcrlme,2,leg1_paralysed,top_k,3,13,674,1050.6796875,905,1095.879150390625,15.664849182708245,7.06796854418945,
dcrlme_seed2,dcrlme,2,leg1_paralysed,top_k,3,14,323,1067.5416259765625,905,1095.879150390625,15.664849182708245,7.06796854418945,
dcrlme_seed2,dcrlme,2,leg1_paralysed,top_k,3,15,358,1093.6214599609375,905,1095.879150390625,15.664849182708245,7.06796854418945,
dcrlme_seed2,dcrlme,2,leg1_paralysed,top_k,3,16,120,1088.202392578125,905,1095.879150390625,15.664849182708245,7.06796854418945,
dcrlme_seed2,dcrlme,2,leg1_paralysed,top_k,3,17,427,1068.598388671875,905,1095.879150390625,15.664849182708245,7.06796854418945,
dcrlme_seed2,dcrlme,2,leg1_paralysed,top_k,3,18,285,1071.080810546875,905,1095.879150390625,15.664849182708245,7.06796854418945,
dcrlme_seed2,dcrlme,2,leg1_paralysed,top_k,3,19,553,1087.247314453125,905,1095.879150390625,15.664849182708245,7.06796854418945,
dcrlme_seed2,dcrlme,2,leg1_paralysed,top_k,3,20,311,1162.615966796875,311,1143.0999755859375,35.56059981702408,16.04491674242737,
dcrlme_seed2,dcrlme,2,leg1_paralysed,top_k,4,1,771,1063.08544921875,771,1065.023193359375,2.6641778869881803,1.2020751225708295,
dcrlme_seed2,dcrlme,2,leg1_paralysed,top_k,4,2,905,1091.0946044921875,905,1095.879150390625,15.664849182708245,7.06796854418945,
dcrlme_seed2,dcrlme,2,leg1_paralysed,top_k,4,3,906,1081.543701171875,905,1095.879150390625,15.664849182708245,7.06796854418945,
dcrlme_seed2,dcrlme,2,leg1_paralysed,top_k,4,4,32,1088.76513671875,905,1095.879150390625,15.664849182708245,7.06796854418945,
dcrlme_seed2,dcrlme,2,leg1_paralysed,top_k,4,5,258,1072.109619140625,905,1095.879150390625,15.664849182708245,7.06796854418945,
dcrlme_seed2,dcrlme,2,leg1_paralysed,top_k,4,6,94,1062.0223388671875,905,1095.879150390625,15.664849182708245,7.06796854418945,
dcrlme_seed2,dcrlme,2,leg1_paralysed,top_k,4,7,437,1066.802490234375,905,1095.879150390625,15.664849182708245,7.06796854418945,
dcrlme_seed2,dcrlme,2,leg1_paralysed,top_k,4,8,790,1069.12939453125,905,1095.879150390625,15.664849182708245,7.06796854418945,
dcrlme_seed2,dcrlme,2,leg1_paralysed,top_k,4,9,161,1080.077392578125,905,1095.879150390625,15.664849182708245,7.06796854418945,
dcrlme_seed2,dcrlme,2,leg1_paralysed,top_k,4,10,661,1086.834716796875,905,1095.879150390625,15.664849182708245,7.06796854418945,
dcrlme_seed2,dcrlme,2,leg1_paralysed,top_k,4,11,478,1064.679931640625,905,1095.879150390625,15.664849182708245,7.06796854418945,
dcrlme_seed2,dcrlme,2,leg1_paralysed,top_k,4,12,575,1080.473388671875,905,1095.879150390625,15.664849182708245,7.06796854418945,
dcrlme_seed2,dcrlme,2,leg1_paralysed,top_k,4,13,674,1051.633056640625,905,1095.879150390625,15.664849182708245,7.06796854418945,
dcrlme_seed2,dcrlme,2,leg1_paralysed,top_k,4,14,323,1068.89208984375,905,1095.879150390625,15.664849182708245,7.06796854418945,
dcrlme_seed2,dcrlme,2,leg1_paralysed,top_k,4,15,358,1046.994873046875,905,1095.879150390625,15.664849182708245,7.06796854418945,
dcrlme_seed2,dcrlme,2,leg1_paralysed,top_k,4,16,120,1087.706298828125,905,1095.879150390625,15.664849182708245,7.06796854418945,
dcrlme_seed2,dcrlme,2,leg1_paralysed,top_k,4,17,427,1069.218994140625,905,1095.879150390625,15.664849182708245,7.06796854418945,
dcrlme_seed2,dcrlme,2,leg1_paralysed,top_k,4,18,285,1055.498291015625,905,1095.879150390625,15.664849182708245,7.06796854418945,
dcrlme_seed2,dcrlme,2,leg1_paralysed,top_k,4,19,553,1085.107666015625,905,1095.879150390625,15.664849182708245,7.06796854418945,
dcrlme_seed2,dcrlme,2,leg1_paralysed,top_k,4,20,311,1174.79833984375,311,1143.0999755859375,35.56059981702408,16.04491674242737,
dcrlme_seed2,dcrlme,2,leg1_paralysed,best_intact,0,1,771,1069.32421875,771,1065.023193359375,2.6641778869881803,1.2020751225708295,
dcrlme_seed2,dcrlme,2,leg1_paralysed,best_intact,1,1,771,1069.8648681640625,771,1065.023193359375,2.6641778869881803,1.2020751225708295,
dcrlme_seed2,dcrlme,2,leg1_paralysed,best_intact,2,1,771,1086.437744140625,771,1065.023193359375,2.6641778869881803,1.2020751225708295,
dcrlme_seed2,dcrlme,2,leg1_paralysed,best_intact,3,1,771,1082.557373046875,771,1065.023193359375,2.6641778869881803,1.2020751225708295,
dcrlme_seed2,dcrlme,2,leg1_paralysed,best_intact,4,1,771,1067.09765625,771,1065.023193359375,2.6641778869881803,1.2020751225708295,
dcrlme_seed2,dcrlme,2,leg2_paralysed,ite,0,1,771,1135.6461181640625,771,1102.204345703125,21.888876796221698,8.270424249467688,10
dcrlme_seed2,dcrlme,2,leg2_paralysed,ite,0,2,311,1066.882080078125,771,1102.204345703125,21.888876796221698,8.270424249467688,10
dcrlme_seed2,dcrlme,2,leg2_paralysed,ite,0,3,258,1064.7939453125,771,1102.204345703125,21.888876796221698,8.270424249467688,10
dcrlme_seed2,dcrlme,2,leg2_paralysed,ite,0,4,305,1058.261474609375,771,1102.204345703125,21.888876796221698,8.270424249467688,10
dcrlme_seed2,dcrlme,2,leg2_paralysed,ite,0,5,133,1066.303466796875,771,1102.204345703125,21.888876796221698,8.270424249467688,10
dcrlme_seed2,dcrlme,2,leg2_paralysed,ite,0,6,78,1057.87158203125,771,1102.204345703125,21.888876796221698,8.270424249467688,10
dcrlme_seed2,dcrlme,2,leg2_paralysed,ite,0,7,872,1061.21435546875,771,1102.204345703125,21.888876796221698,8.270424249467688,10
dcrlme_seed2,dcrlme,2,leg2_paralysed,ite,0,8,158,1069.2431640625,771,1102.204345703125,21.888876796221698,8.270424249467688,10
dcrlme_seed2,dcrlme,2,leg2_paralysed,ite,0,9,295,1057.307373046875,771,1102.204345703125,21.888876796221698,8.270424249467688,10
dcrlme_seed2,dcrlme,2,leg2_paralysed,ite,0,10,181,1235.04150390625,181,1215.2012939453125,78.74242184895462,29.751788599487192,10
dcrlme_seed2,dcrlme,2,leg2_paralysed,ite,0,11,181,1197.171630859375,181,1215.2012939453125,78.74242184895462,29.751788599487192,10
dcrlme_seed2,dcrlme,2,leg2_paralysed,ite,0,12,181,1225.076416015625,181,1215.2012939453125,78.74242184895462,29.751788599487192,10
dcrlme_seed2,dcrlme,2,leg2_paralysed,ite,0,13,181,1232.7647705078125,181,1215.2012939453125,78.74242184895462,29.751788599487192,10
dcrlme_seed2,dcrlme,2,leg2_paralysed,ite,0,14,181,1170.3319091796875,181,1215.2012939453125,78.74242184895462,29.751788599487192,10
dcrlme_seed2,dcrlme,2,leg2_paralysed,ite,0,15,181,1252.662353515625,181,1215.2012939453125,78.74242184895462,29.751788599487192,10
dcrlme_seed2,dcrlme,2,leg2_paralysed,ite,0,16,181,1238.84912109375,181,1215.2012939453125,78.74242184895462,29.751788599487192,10
dcrlme_seed2,dcrlme,2,leg2_paralysed,ite,0,17,181,1188.4716796875,181,1215.2012939453125,78.74242184895462,29.751788599487192,10
dcrlme_seed2,dcrlme,2,leg2_paralysed,ite,0,18,181,1219.5343017578125,181,1215.2012939453125,78.74242184895462,29.751788599487192,10
dcrlme_seed2,dcrlme,2,leg2_paralysed,ite,0,19,181,1195.0570068359375,181,1215.2012939453125,78.74242184895462,29.751788599487192,10
dcrlme_seed2,dcrlme,2,leg2_paralysed,ite,0,20,181,1165.61376953125,181,1215.2012939453125,78.74242184895462,29.751788599487192,10
dcrlme_seed2,dcrlme,2,leg2_paralysed,ite,1,1,771,1121.2939453125,771,1102.204345703125,21.888876796221698,8.270424249467688,10
dcrlme_seed2,dcrlme,2,leg2_paralysed,ite,1,2,311,1068.4287109375,771,1102.204345703125,21.888876796221698,8.270424249467688,10
dcrlme_seed2,dcrlme,2,leg2_paralysed,ite,1,3,258,1061.501220703125,771,1102.204345703125,21.888876796221698,8.270424249467688,10
dcrlme_seed2,dcrlme,2,leg2_paralysed,ite,1,4,305,1057.557373046875,771,1102.204345703125,21.888876796221698,8.270424249467688,10
dcrlme_seed2,dcrlme,2,leg2_paralysed,ite,1,5,133,1068.3275146484375,771,1102.204345703125,21.888876796221698,8.270424249467688,10
dcrlme_seed2,dcrlme,2,leg2_paralysed,ite,1,6,78,1056.7869873046875,771,1102.204345703125,21.888876796221698,8.270424249467688,10
dcrlme_seed2,dcrlme,2,leg2_paralysed,ite,1,7,158,1094.613525390625,771,1102.204345703125,21.888876796221698,8.270424249467688,10
dcrlme_seed2,dcrlme,2,leg2_paralysed,ite,1,8,872,1064.485107421875,771,1102.204345703125,21.888876796221698,8.270424249467688,10
dcrlme_seed2,dcrlme,2,leg2_paralysed,ite,1,9,295,1060.072998046875,771,1102.204345703125,21.888876796221698,8.270424249467688,10
dcrlme_seed2,dcrlme,2,leg2_paralysed,ite,1,10,181,1241.1715087890625,181,1215.2012939453125,78.74242184895462,29.751788599487192,10
dcrlme_seed2,dcrlme,2,leg2_paralysed,ite,1,11,181,1194.760498046875,181,1215.2012939453125,78.74242184895462,29.751788599487192,10
dcrlme_seed2,dcrlme,2,leg2_paralysed,ite,1,12,181,1229.075439453125,181,1215.2012939453125,78.74242184895462,29.751788599487192,10
dcrlme_seed2,dcrlme,2,leg2_paralysed,ite,1,13,181,1228.1798095703125,181,1215.2012939453125,78.74242184895462,29.751788599487192,10
dcrlme_seed2,dcrlme,2,leg2_paralysed,ite,1,14,181,1199.2552490234375,181,1215.2012939453125,78.74242184895462,29.751788599487192,10
dcrlme_seed2,dcrlme,2,leg2_paralysed,ite,1,15,181,1198.856689453125,181,1215.2012939453125,78.74242184895462,29.751788599487192,10
dcrlme_seed2,dcrlme,2,leg2_paralysed,ite,1,16,181,1224.076904296875,181,1215.2012939453125,78.74242184895462,29.751788599487192,10
dcrlme_seed2,dcrlme,2,leg2_paralysed,ite,1,17,181,1156.94482421875,181,1215.2012939453125,78.74242184895462,29.751788599487192,10
dcrlme_seed2,dcrlme,2,leg2_paralysed,ite,1,18,181,1203.52783203125,181,1215.2012939453125,78.74242184895462,29.751788599487192,10
dcrlme_seed2,dcrlme,2,leg2_paralysed,ite,1,19,181,1225.684814453125,181,1215.2012939453125,78.74242184895462,29.751788599487192,10
dcrlme_seed2,dcrlme,2,leg2_paralysed,ite,1,20,181,1227.8270263671875,181,1215.2012939453125,78.74242184895462,29.751788599487192,10
dcrlme_seed2,dcrlme,2,leg2_paralysed,ite,2,1,771,1142.556396484375,771,1102.204345703125,21.888876796221698,8.270424249467688,10
dcrlme_seed2,dcrlme,2,leg2_paralysed,ite,2,2,311,1066.0987548828125,771,1102.204345703125,21.888876796221698,8.270424249467688,10
dcrlme_seed2,dcrlme,2,leg2_paralysed,ite,2,3,258,1061.947021484375,771,1102.204345703125,21.888876796221698,8.270424249467688,10
dcrlme_seed2,dcrlme,2,leg2_paralysed,ite,2,4,305,1055.8668212890625,771,1102.204345703125,21.888876796221698,8.270424249467688,10
dcrlme_seed2,dcrlme,2,leg2_paralysed,ite,2,5,133,1067.000244140625,771,1102.204345703125,21.888876796221698,8.270424249467688,10
dcrlme_seed2,dcrlme,2,leg2_paralysed,ite,2,6,78,1055.9296875,771,1102.204345703125,21.888876796221698,8.270424249467688,10
dcrlme_seed2,dcrlme,2,leg2_paralysed,ite,2,7,872,1063.273193359375,771,1102.204345703125,21.888876796221698,8.270424249467688,10
dcrlme_seed2,dcrlme,2,leg2_paralysed,ite,2,8,158,1087.822998046875,771,1102.204345703125,21.888876796221698,8.270424249467688,10
dcrlme_seed2,dcrlme,2,leg2_paralysed,ite,2,9,295,1057.61083984375,771,1102.204345703125,21.888876796221698,8.270424249467688,10
dcrlme_seed2,dcrlme,2,leg2_paralysed,ite,2,10,181,1230.79638671875,181,1215.2012939453125,78.74242184895462,29.751788599487192,10
dcrlme_seed2,dcrlme,2,leg2_paralysed,ite,2,11,181,1198.65576171875,181,1215.2012939453125,78.74242184895462,29.751788599487192,10
dcrlme_seed2,dcrlme,2,leg2_paralysed,ite,2,12,181,1230.787353515625,181,1215.2012939453125,78.74242184895462,29.751788599487192,10
dcrlme_seed2,dcrlme,2,leg2_paralysed,ite,2,13,181,1225.51123046875,181,1215.2012939453125,78.74242184895462,29.751788599487192,10
dcrlme_seed2,dcrlme,2,leg2_paralysed,ite,2,14,181,1193.531982421875,181,1215.2012939453125,78.74242184895462,29.751788599487192,10
dcrlme_seed2,dcrlme,2,leg2_paralysed,ite,2,15,181,1245.544677734375,181,1215.2012939453125,78.74242184895462,29.751788599487192,10
dcrlme_seed2,dcrlme,2,leg2_paralysed,ite,2,16,181,1216.5762939453125,181,1215.2012939453125,78.74242184895462,29.751788599487192,10
dcrlme_seed2,dcrlme,2,leg2_paralysed,ite,2,17,181,1235.94677734375,181,1215.2012939453125,78.74242184895462,29.751788599487192,10
dcrlme_seed2,dcrlme,2,leg2_paralysed,ite,2,18,181,1223.197509765625,181,1215.2012939453125,78.74242184895462,29.751788599487192,10
dcrlme_seed2,dcrlme,2,leg2_paralysed,ite,2,19,181,1213.8553466796875,181,1215.2012939453125,78.74242184895462,29.751788599487192,10
dcrlme_seed2,dcrlme,2,leg2_paralysed,ite,2,20,181,1232.95556640625,181,1215.2012939453125,78.74242184895462,29.751788599487192,10
dcrlme_seed2,dcrlme,2,leg2_paralysed,ite,3,1,771,1087.014892578125,771,1102.204345703125,21.888876796221698,8.270424249467688,17
dcrlme_seed2,dcrlme,2,leg2_paralysed,ite,3,2,311,1061.255615234375,771,1102.204345703125,21.888876796221698,8.270424249467688,17
dcrlme_seed2,dcrlme,2,leg2_paralysed,ite,3,3,305,1055.5540771484375,771,1102.204345703125,21.888876796221698,8.270424249467688,17
dcrlme_seed2,dcrlme,2,leg2_paralysed,ite,3,4,258,1061.6044921875,771,1102.204345703125,21.888876796221698,8.270424249467688,17
dcrlme_seed2,dcrlme,2,leg2_paralysed,ite,3,5,133,1070.0806884765625,771,1102.204345703125,21.888876796221698,8.270424249467688,17
dcrlme_seed2,dcrlme,2,leg2_paralysed,ite,3,6,78,1056.920166015625,771,1102.204345703125,21.888876796221698,8.270424249467688,17
dcrlme_seed2,dcrlme,2,leg2_paralysed,ite,3,7,158,1074.242431640625,771,1102.204345703125,21.888876796221698,8.270424249467688,17
dcrlme_seed2,dcrlme,2,leg2_paralysed,ite,3,8,278,1059.401611328125,771,1102.204345703125,21.888876796221698,8.270424249467688,17
dcrlme_seed2,dcrlme,2,leg2_paralysed,ite,3,9,720,1056.969482421875,771,1102.204345703125,21.888876796221698,8.270424249467688,17
dcrlme_seed2,dcrlme,2,leg2_paralysed,ite,3,10,295,1059.2208251953125,771,1102.204345703125,21.888876796221698,8.270424249467688,17
dcrlme_seed2,dcrlme,2,leg2_paralysed,ite,3,11,258,1071.433837890625,771,1102.204345703125,21.888876796221698,8.270424249467688,17
dcrlme_seed2,dcrlme,2,leg2_paralysed,ite,3,12,311,1064.1563720703125,771,1102.204345703125,21.888876796221698,8.270424249467688,17
dcrlme_seed2,dcrlme,2,leg2_paralysed,ite,3,13,298,1069.105712890625,771,1102.204345703125,21.888876796221698,8.270424249467688,17
dcrlme_seed2,dcrlme,2,leg2_paralysed,ite,3,14,261,1055.1767578125,771,1102.204345703125,21.888876796221698,8.270424249467688,17
dcrlme_seed2,dcrlme,2,leg2_paralysed,ite,3,15,456,1080.42236328125,771,1102.204345703125,21.888876796221698,8.270424249467688,17
dcrlme_seed2,dcrlme,2,leg2_paralysed,ite,3,16,258,1061.7589111328125,771,1102.204345703125,21.888876796221698,8.270424249467688,17
dcrlme_seed2,dcrlme,2,leg2_paralysed,ite,3,17,181,1194.13916015625,181,1215.2012939453125,78.74242184895462,29.751788599487192,17
dcrlme_seed2,dcrlme,2,leg2_paralysed,ite,3,18,181,1250.4735107421875,181,1215.2012939453125,78.74242184895462,29.751788599487192,17
dcrlme_seed2,dcrlme,2,leg2_paralysed,ite,3,19,181,1247.972900390625,181,1215.2012939453125,78.74242184895462,29.751788599487192,17
dcrlme_seed2,dcrlme,2,leg2_paralysed,ite,3,20,181,1248.01220703125,181,1215.2012939453125,78.74242184895462,29.751788599487192,17
dcrlme_seed2,dcrlme,2,leg2_paralysed,ite,4,1,771,1120.5263671875,771,1102.204345703125,21.888876796221698,8.270424249467688,10
dcrlme_seed2,dcrlme,2,leg2_paralysed,ite,4,2,311,1065.10205078125,771,1102.204345703125,21.888876796221698,8.270424249467688,10
dcrlme_seed2,dcrlme,2,leg2_paralysed,ite,4,3,258,1059.6534423828125,771,1102.204345703125,21.888876796221698,8.270424249467688,10
dcrlme_seed2,dcrlme,2,leg2_paralysed,ite,4,4,305,1056.96435546875,771,1102.204345703125,21.888876796221698,8.270424249467688,10
dcrlme_seed2,dcrlme,2,leg2_paralysed,ite,4,5,133,1066.820556640625,771,1102.204345703125,21.888876796221698,8.270424249467688,10
dcrlme_seed2,dcrlme,2,leg2_paralysed,ite,4,6,78,1057.99560546875,771,1102.204345703125,21.888876796221698,8.270424249467688,10
dcrlme_seed2,dcrlme,2,leg2_paralysed,ite,4,7,158,1051.22607421875,771,1102.204345703125,21.888876796221698,8.270424249467688,10
dcrlme_seed2,dcrlme,2,leg2_paralysed,ite,4,8,872,1058.6572265625,771,1102.204345703125,21.888876796221698,8.270424249467688,10
dcrlme_seed2,dcrlme,2,leg2_paralysed,ite,4,9,295,1060.980712890625,771,1102.204345703125,21.888876796221698,8.270424249467688,10
dcrlme_seed2,dcrlme,2,leg2_paralysed,ite,4,10,181,1185.8631591796875,181,1215.2012939453125,78.74242184895462,29.751788599487192,10
dcrlme_seed2,dcrlme,2,leg2_paralysed,ite,4,11,181,1229.9951171875,181,1215.2012939453125,78.74242184895462,29.751788599487192,10
dcrlme_seed2,dcrlme,2,leg2_paralysed,ite,4,12,181,1220.935302734375,181,1215.2012939453125,78.74242184895462,29.751788599487192,10
dcrlme_seed2,dcrlme,2,leg2_paralysed,ite,4,13,181,1232.922607421875,181,1215.2012939453125,78.74242184895462,29.751788599487192,10
dcrlme_seed2,dcrlme,2,leg2_paralysed,ite,4,14,181,1222.4501953125,181,1215.2012939453125,78.74242184895462,29.751788599487192,10
dcrlme_seed2,dcrlme,2,leg2_paralysed,ite,4,15,181,1200.517822265625,181,1215.2012939453125,78.74242184895462,29.751788599487192,10
dcrlme_seed2,dcrlme,2,leg2_paralysed,ite,4,16,181,1235.025146484375,181,1215.2012939453125,78.74242184895462,29.751788599487192,10
dcrlme_seed2,dcrlme,2,leg2_paralysed,ite,4,17,181,1228.23486328125,181,1215.2012939453125,78.74242184895462,29.751788599487192,10
dcrlme_seed2,dcrlme,2,leg2_paralysed,ite,4,18,181,1237.871826171875,181,1215.2012939453125,78.74242184895462,29.751788599487192,10
dcrlme_seed2,dcrlme,2,leg2_paralysed,ite,4,19,181,1206.9154052734375,181,1215.2012939453125,78.74242184895462,29.751788599487192,10
dcrlme_seed2,dcrlme,2,leg2_paralysed,ite,4,20,181,1211.5118408203125,181,1215.2012939453125,78.74242184895462,29.751788599487192,10
dcrlme_seed2,dcrlme,2,leg2_paralysed,top_k,0,1,771,1101.434814453125,771,1102.204345703125,21.888876796221698,8.270424249467688,
dcrlme_seed2,dcrlme,2,leg2_paralysed,top_k,0,2,905,1115.6064453125,905,1106.437255859375,24.018632971200244,9.07512461298915,
dcrlme_seed2,dcrlme,2,leg2_paralysed,top_k,0,3,906,1126.509033203125,906,1130.358154296875,36.05424896061067,13.622623841148854,
dcrlme_seed2,dcrlme,2,leg2_paralysed,top_k,0,4,32,1075.57080078125,906,1130.358154296875,36.05424896061067,13.622623841148854,
dcrlme_seed2,dcrlme,2,leg2_paralysed,top_k,0,5,258,1057.566650390625,906,1130.358154296875,36.05424896061067,13.622623841148854,
dcrlme_seed2,dcrlme,2,leg2_paralysed,top_k,0,6,94,1065.823974609375,906,1130.358154296875,36.05424896061067,13.622623841148854,
dcrlme_seed2,dcrlme,2,leg2_paralysed,top_k,0,7,437,1058.88330078125,906,1130.358154296875,36.05424896061067,13.622623841148854,
dcrlme_seed2,dcrlme,2,leg2_paralysed,top_k,0,8,790,1058.300048828125,906,1130.358154296875,36.05424896061067,13.622623841148854,
dcrlme_seed2,dcrlme,2,leg2_paralysed,top_k,0,9,161,1060.7242431640625,906,1130.358154296875,36.05424896061067,13.622623841148854,
dcrlme_seed2,dcrlme,2,leg2_paralysed,top_k,0,10,661,1067.805419921875,906,1130.358154296875,36.05424896061067,13.622623841148854,
dcrlme_seed2,dcrlme,2,leg2_paralysed,top_k,0,11,478,1067.9656982421875,906,1130.358154296875,36.05424896061067,13.622623841148854,
dcrlme_seed2,dcrlme,2,leg2_paralysed,top_k,0,12,575,1058.9609375,906,1130.358154296875,36.05424896061067,13.622623841148854,
dcrlme_seed2,dcrlme,2,leg2_paralysed,top_k,0,13,674,1088.18212890625,906,1130.358154296875,36.05424896061067,13.622623841148854,
dcrlme_seed2,dcrlme,2,leg2_paralysed,top_k,0,14,323,1059.912841796875,906,1130.358154296875,36.05424896061067,13.622623841148854,
dcrlme_seed2,dcrlme,2,leg2_paralysed,top_k,0,15,358,1057.25634765625,906,1130.358154296875,36.05424896061067,13.622623841148854,
dcrlme_seed2,dcrlme,2,leg2_paralysed,top_k,0,16,120,1152.549560546875,120,1138.4490966796875,40.12514436474475,15.160758135605139,
dcrlme_seed2,dcrlme,2,leg2_paralysed,top_k,0,17,427,1058.8310546875,120,1138.4490966796875,40.12514436474475,15.160758135605139,
dcrlme_seed2,dcrlme,2,leg2_paralysed,top_k,0,18,285,1118.240234375,120,1138.4490966796875,40.12514436474475,15.160758135605139,
dcrlme_seed2,dcrlme,2,leg2_paralysed,top_k,0,19,553,1059.859375,120,1138.4490966796875,40.12514436474475,15.160758135605139,
dcrlme_seed2,dcrlme,2,leg2_paralysed,top_k,0,20,311,1079.6954345703125,120,1138.4490966796875,40.12514436474475,15.160758135605139,
dcrlme_seed2,dcrlme,2,leg2_paralysed,top_k,1,1,771,1121.8011474609375,771,1102.204345703125,21.888876796221698,8.270424249467688,
dcrlme_seed2,dcrlme,2,leg2_paralysed,top_k,1,2,905,1109.345703125,771,1102.204345703125,21.888876796221698,8.270424249467688,
dcrlme_seed2,dcrlme,2,leg2_paralysed,top_k,1,3,906,1079.2449951171875,771,1102.204345703125,21.888876796221698,8.270424249467688,
dcrlme_seed2,dcrlme,2,leg2_paralysed,top_k,1,4,32,1097.47705078125,771,1102.204345703125,21.888876796221698,8.270424249467688,
dcrlme_seed2,dcrlme,2,leg2_paralysed,top_k,1,5,258,1066.76953125,771,1102.204345703125,21.888876796221698,8.270424249467688,
dcrlme_seed2,dcrlme,2,leg2_paralysed,top_k,1,6,94,1071.90283203125,771,1102.204345703125,21.888876796221698,8.270424249467688,
dcrlme_seed2,dcrlme,2,leg2_paralysed,top_k,1,7,437,1059.6363525390625,771,1102.204345703125,21.888876796221698,8.270424249467688,
dcrlme_seed2,dcrlme,2,leg2_paralysed,top_k,1,8,790,1062.2205810546875,771,1102.204345703125,21.888876796221698,8.270424249467688,
dcrlme_seed2,dcrlme,2,leg2_paralysed,top_k,1,9,161,1057.0802001953125,771,1102.204345703125,21.888876796221698,8.270424249467688,
dcrlme_seed2,dcrlme,2,leg2_paralysed,top_k,1,10,661,1072.212158203125,771,1102.204345703125,21.888876796221698,8.270424249467688,
dcrlme_seed2,dcrlme,2,leg2_paralysed,top_k,1,11,478,1066.3170166015625,771,1102.204345703125,21.888876796221698,8.270424249467688,
dcrlme_seed2,dcrlme,2,leg2_paralysed,top_k,1,12,575,1059.96337890625,771,1102.204345703125,21.888876796221698,8.270424249467688,
dcrlme_seed2,dcrlme,2,leg2_paralysed,top_k,1,13,674,1081.7635498046875,771,1102.204345703125,21.888876796221698,8.270424249467688,
dcrlme_seed2,dcrlme,2,leg2_paralysed,top_k,1,14,323,1059.874755859375,771,1102.204345703125,21.888876796221698,8.270424249467688,
dcrlme_seed2,dcrlme,2,leg2_paralysed,top_k,1,15,358,1057.152099609375,771,1102.204345703125,21.888876796221698,8.270424249467688,
dcrlme_seed2,dcrlme,2,leg2_paralysed,top_k,1,16,120,1132.9508056640625,120,1138.4490966796875,40.12514436474475,15.160758135605139,
dcrlme_seed2,dcrlme,2,leg2_paralysed,top_k,1,17,427,1057.7032470703125,120,1138.4490966796875,40.12514436474475,15.160758135605139,
dcrlme_seed2,dcrlme,2,leg2_paralysed,top_k,1,18,285,1073.732177734375,120,1138.4490966796875,40.12514436474475,15.160758135605139,
dcrlme_seed2,dcrlme,2,leg2_paralysed,top_k,1,19,553,1061.578125,120,1138.4490966796875,40.12514436474475,15.160758135605139,
dcrlme_seed2,dcrlme,2,leg2_paralysed,top_k,1,20,311,1064.291748046875,120,1138.4490966796875,40.12514436474475,15.160758135605139,
dcrlme_seed2,dcrlme,2,leg2_paralysed,top_k,2,1,771,1089.623291015625,771,1102.204345703125,21.888876796221698,8.270424249467688,
dcrlme_seed2,dcrlme,2,leg2_paralysed,top_k,2,2,905,1111.326904296875,905,1106.437255859375,24.018632971200244,9.07512461298915,
dcrlme_seed2,dcrlme,2,leg2_paralysed,top_k,2,3,906,1133.153564453125,906,1130.358154296875,36.05424896061067,13.622623841148854,
dcrlme_seed2,dcrlme,2,leg2_paralysed,top_k,2,4,32,1082.5068359375,906,1130.358154296875,36.05424896061067,13.622623841148854,
dcrlme_seed2,dcrlme,2,leg2_paralysed,top_k,2,5,258,1059.17333984375,906,1130.358154296875,36.05424896061067,13.622623841148854,
dcrlme_seed2,dcrlme,2,leg2_paralysed,top_k,2,6,94,1074.284912109375,906,1130.358154296875,36.05424896061067,13.622623841148854,
dcrlme_seed2,dcrlme,2,leg2_paralysed,top_k,2,7,437,1060.340087890625,906,1130.358154296875,36.05424896061067,13.622623841148854,
dcrlme_seed2,dcrlme,2,leg2_paralysed,top_k,2,8,790,1058.85205078125,906,1130.358154296875,36.05424896061067,13.622623841148854,
dcrlme_seed2,dcrlme,2,leg2_paralysed,top_k,2,9,161,1058.2657470703125,906,1130.358154296875,36.05424896061067,13.622623841148854,
dcrlme_seed2,dcrlme,2,leg2_paralysed,top_k,2,10,661,1073.39013671875,906,1130.358154296875,36.05424896061067,13.622623841148854,
dcrlme_seed2,dcrlme,2,leg2_paralysed,top_k,2,11,478,1069.6376953125,906,1130.358154296875,36.05424896061067,13.622623841148854,
dcrlme_seed2,dcrlme,2,leg2_paralysed,top_k,2,12,575,1059.5963134765625,906,1130.358154296875,36.05424896061067,13.622623841148854,
dcrlme_seed2,dcrlme,2,leg2_paralysed,top_k,2,13,674,1078.957763671875,906,1130.358154296875,36.05424896061067,13.622623841148854,
dcrlme_seed2,dcrlme,2,leg2_paralysed,top_k,2,14,323,1049.9940185546875,906,1130.358154296875,36.05424896061067,13.622623841148854,
dcrlme_seed2,dcrlme,2,leg2_paralysed,top_k,2,15,358,1057.959716796875,906,1130.358154296875,36.05424896061067,13.622623841148854,
dcrlme_seed2,dcrlme,2,leg2_paralysed,top_k,2,16,120,1158.579345703125,120,1138.4490966796875,40.12514436474475,15.160758135605139,
dcrlme_seed2,dcrlme,2,leg2_paralysed,top_k,2,17,427,1058.992431640625,120,1138.4490966796875,40.12514436474475,15.160758135605139,
dcrlme_seed2,dcrlme,2,leg2_paralysed,top_k,2,18,285,1065.179443359375,120,1138.4490966796875,40.12514436474475,15.160758135605139,
dcrlme_seed2,dcrlme,2,leg2_paralysed,top_k,2,19,553,1059.791748046875,120,1138.4490966796875,40.12514436474475,15.160758135605139,
dcrlme_seed2,dcrlme,2,leg2_paralysed,top_k,2,20,311,1068.9541015625,120,1138.4490966796875,40.12514436474475,15.160758135605139,
dcrlme_seed2,dcrlme,2,leg2_paralysed,top_k,3,1,771,1122.4176025390625,771,1102.204345703125,21.888876796221698,8.270424249467688,
dcrlme_seed2,dcrlme,2,leg2_paralysed,top_k,3,2,905,1090.17578125,771,1102.204345703125,21.888876796221698,8.270424249467688,
dcrlme_seed2,dcrlme,2,leg2_paralysed,top_k,3,3,906,1142.01220703125,906,1130.358154296875,36.05424896061067,13.622623841148854,
dcrlme_seed2,dcrlme,2,leg2_paralysed,top_k,3,4,32,1062.218994140625,906,1130.358154296875,36.05424896061067,13.622623841148854,
dcrlme_seed2,dcrlme,2,leg2_paralysed,top_k,3,5,258,1061.009521484375,906,1130.358154296875,36.05424896061067,13.622623841148854,
dcrlme_seed2,dcrlme,2,leg2_paralysed,top_k,3,6,94,1094.849853515625,906,1130.358154296875,36.05424896061067,13.622623841148854,
dcrlme_seed2,dcrlme,2,leg2_paralysed,top_k,3,7,437,1059.796142578125,906,1130.358154296875,36.05424896061067,13.622623841148854,
dcrlme_seed2,dcrlme,2,leg2_paralysed,top_k,3,8,790,1059.43017578125,906,1130.358154296875,36.05424896061067,13.622623841148854,
dcrlme_seed2,dcrlme,2,leg2_paralysed,top_k,3,9,161,1057.348876953125,906,1130.358154296875,36.05424896061067,13.622623841148854,
dcrlme_seed2,dcrlme,2,leg2_paralysed,top_k,3,10,661,1071.625244140625,906,1130.358154296875,36.05424896061067,13.622623841148854,
dcrlme_seed2,dcrlme,2,leg2_paralysed,top_k,3,11,478,1066.5361328125,906,1130.358154296875,36.05424896061067,13.622623841148854,
dcrlme_seed2,dcrlme,2,leg2_paralysed,top_k,3,12,575,1058.9971923828125,906,1130.358154296875,36.05424896061067,13.622623841148854,
dcrlme_seed2,dcrlme,2,leg2_paralysed,top_k,3,13,674,1081.684326171875,906,1130.358154296875,36.05424896061067,13.622623841148854,
dcrlme_seed2,dcrlme,2,leg2_paralysed,top_k,3,14,323,1058.4869384765625,906,1130.358154296875,36.05424896061067,13.622623841148854,
dcrlme_seed2,dcrlme,2,leg2_paralysed,top_k,3,15,358,1056.191650390625,906,1130.358154296875,36.05424896061067,13.622623841148854,
dcrlme_seed2,dcrlme,2,leg2_paralysed,top_k,3,16,120,1125.330078125,906,1130.358154296875,36.05424896061067,13.622623841148854,
dcrlme_seed2,dcrlme,2,leg2_paralysed,top_k,3,17,427,1056.239013671875,906,1130.358154296875,36.05424896061067,13.622623841148854,
dcrlme_seed2,dcrlme,2,leg2_paralysed,top_k,3,18,285,1059.9295654296875,906,1130.358154296875,36.05424896061067,13.622623841148854,
dcrlme_seed2,dcrlme,2,leg2_paralysed,top_k,3,19,553,1058.47119140625,906,1130.358154296875,36.05424896061067,13.622623841148854,
dcrlme_seed2,dcrlme,2,leg2_paralysed,top_k,3,20,311,1073.507568359375,906,1130.358154296875,36.05424896061067,13.622623841148854,
dcrlme_seed2,dcrlme,2,leg2_paralysed,top_k,4,1,771,1116.8931884765625,771,1102.204345703125,21.888876796221698,8.270424249467688,
dcrlme_seed2,dcrlme,2,leg2_paralysed,top_k,4,2,905,1119.6558837890625,905,1106.437255859375,24.018632971200244,9.07512461298915,
dcrlme_seed2,dcrlme,2,leg2_paralysed,top_k,4,3,906,1103.242919921875,905,1106.437255859375,24.018632971200244,9.07512461298915,
dcrlme_seed2,dcrlme,2,leg2_paralysed,top_k,4,4,32,1079.2586669921875,905,1106.437255859375,24.018632971200244,9.07512461298915,
dcrlme_seed2,dcrlme,2,leg2_paralysed,top_k,4,5,258,1065.772705078125,905,1106.437255859375,24.018632971200244,9.07512461298915,
dcrlme_seed2,dcrlme,2,leg2_paralysed,top_k,4,6,94,1062.093505859375,905,1106.437255859375,24.018632971200244,9.07512461298915,
dcrlme_seed2,dcrlme,2,leg2_paralysed,top_k,4,7,437,1057.891357421875,905,1106.437255859375,24.018632971200244,9.07512461298915,
dcrlme_seed2,dcrlme,2,leg2_paralysed,top_k,4,8,790,1061.7108154296875,905,1106.437255859375,24.018632971200244,9.07512461298915,
dcrlme_seed2,dcrlme,2,leg2_paralysed,top_k,4,9,161,1057.43359375,905,1106.437255859375,24.018632971200244,9.07512461298915,
dcrlme_seed2,dcrlme,2,leg2_paralysed,top_k,4,10,661,1066.056884765625,905,1106.437255859375,24.018632971200244,9.07512461298915,
dcrlme_seed2,dcrlme,2,leg2_paralysed,top_k,4,11,478,1065.1077880859375,905,1106.437255859375,24.018632971200244,9.07512461298915,
dcrlme_seed2,dcrlme,2,leg2_paralysed,top_k,4,12,575,1058.170654296875,905,1106.437255859375,24.018632971200244,9.07512461298915,
dcrlme_seed2,dcrlme,2,leg2_paralysed,top_k,4,13,674,1096.0526123046875,905,1106.437255859375,24.018632971200244,9.07512461298915,
dcrlme_seed2,dcrlme,2,leg2_paralysed,top_k,4,14,323,1050.88037109375,905,1106.437255859375,24.018632971200244,9.07512461298915,
dcrlme_seed2,dcrlme,2,leg2_paralysed,top_k,4,15,358,1059.49755859375,905,1106.437255859375,24.018632971200244,9.07512461298915,
dcrlme_seed2,dcrlme,2,leg2_paralysed,top_k,4,16,120,1159.693115234375,120,1138.4490966796875,40.12514436474475,15.160758135605139,
dcrlme_seed2,dcrlme,2,leg2_paralysed,top_k,4,17,427,1057.3924560546875,120,1138.4490966796875,40.12514436474475,15.160758135605139,
dcrlme_seed2,dcrlme,2,leg2_paralysed,top_k,4,18,285,1066.736083984375,120,1138.4490966796875,40.12514436474475,15.160758135605139,
dcrlme_seed2,dcrlme,2,leg2_paralysed,top_k,4,19,553,1058.760986328125,120,1138.4490966796875,40.12514436474475,15.160758135605139,
dcrlme_seed2,dcrlme,2,leg2_paralysed,top_k,4,20,311,1065.71337890625,120,1138.4490966796875,40.12514436474475,15.160758135605139,
dcrlme_seed2,dcrlme,2,leg2_paralysed,best_intact,0,1,771,1105.333251953125,771,1102.204345703125,21.888876796221698,8.270424249467688,
dcrlme_seed2,dcrlme,2,leg2_paralysed,best_intact,1,1,771,1118.757080078125,771,1102.204345703125,21.888876796221698,8.270424249467688,
dcrlme_seed2,dcrlme,2,leg2_paralysed,best_intact,2,1,771,1136.7742919921875,771,1102.204345703125,21.888876796221698,8.270424249467688,
dcrlme_seed2,dcrlme,2,leg2_paralysed,best_intact,3,1,771,1129.5032958984375,771,1102.204345703125,21.888876796221698,8.270424249467688,
dcrlme_seed2,dcrlme,2,leg2_paralysed,best_intact,4,1,771,1135.85986328125,771,1102.204345703125,21.888876796221698,8.270424249467688,
dcrlme_seed2,dcrlme,2,leg3_paralysed,ite,0,1,771,1277.6488037109375,771,1322.59619140625,70.68488664522899,50.168171144144864,4
dcrlme_seed2,dcrlme,2,leg3_paralysed,ite,0,2,311,1223.6539306640625,771,1322.59619140625,70.68488664522899,50.168171144144864,4
dcrlme_seed2,dcrlme,2,leg3_paralysed,ite,0,3,258,1107.665771484375,771,1322.59619140625,70.68488664522899,50.168171144144864,4
dcrlme_seed2,dcrlme,2,leg3_paralysed,ite,0,4,553,1379.3115234375,553,1336.194580078125,74.32723008606155,52.75330239041214,4
dcrlme_seed2,dcrlme,2,leg3_paralysed,ite,0,5,553,1359.9716796875,553,1336.194580078125,74.32723008606155,52.75330239041214,4
dcrlme_seed2,dcrlme,2,leg3_paralysed,ite,0,6,553,1322.756103515625,553,1336.194580078125,74.32723008606155,52.75330239041214,4
dcrlme_seed2,dcrlme,2,leg3_paralysed,ite,0,7,553,1359.540283203125,553,1336.194580078125,74.32723008606155,52.75330239041214,4
dcrlme_seed2,dcrlme,2,leg3_paralysed,ite,0,8,553,1357.0693359375,553,1336.194580078125,74.32723008606155,52.75330239041214,4
dcrlme_seed2,dcrlme,2,leg3_paralysed,ite,0,9,553,1363.1796875,553,1336.194580078125,74.32723008606155,52.75330239041214,4
dcrlme_seed2,dcrlme,2,leg3_paralysed,ite,0,10,553,1350.653564453125,553,1336.194580078125,74.32723008606155,52.75330239041214,4
dcrlme_seed2,dcrlme,2,leg3_paralysed,ite,0,11,553,1364.898681640625,553,1336.194580078125,74.32723008606155,52.75330239041214,4
dcrlme_seed2,dcrlme,2,leg3_paralysed,ite,0,12,553,1301.025390625,553,1336.194580078125,74.32723008606155,52.75330239041214,4
dcrlme_seed2,dcrlme,2,leg3_paralysed,ite,0,13,161,1286.6396484375,553,1336.194580078125,74.32723008606155,52.75330239041214,4
dcrlme_seed2,dcrlme,2,leg3_paralysed,ite,0,14,456,1084.598876953125,553,1336.194580078125,74.32723008606155,52.75330239041214,4
dcrlme_seed2,dcrlme,2,leg3_paralysed,ite,0,15,305,1308.0802001953125,553,1336.194580078125,74.32723008606155,52.75330239041214,4
dcrlme_seed2,dcrlme,2,leg3_paralysed,ite,0,16,161,1183.5220947265625,553,1336.194580078125,74.32723008606155,52.75330239041214,4
dcrlme_seed2,dcrlme,2,leg3_paralysed,ite,0,17,305,1177.73095703125,553,1336.194580078125,74.32723008606155,52.75330239041214,4
dcrlme_seed2,dcrlme,2,leg3_paralysed,ite,0,18,553,1361.2138671875,553,1336.194580078125,74.32723008606155,52.75330239041214,4
dcrlme_seed2,dcrlme,2,leg3_paralysed,ite,0,19,553,1412.851318359375,553,1336.194580078125,74.32723008606155,52.75330239041214,4
dcrlme_seed2,dcrlme,2,leg3_paralysed,ite,0,20,553,1352.194580078125,553,1336.194580078125,74.32723008606155,52.75330239041214,4
dcrlme_seed2,dcrlme,2,leg3_paralysed,ite,1,1,771,1197.77294921875,771,1322.59619140625,70.68488664522899,50.168171144144864,6
dcrlme_seed2,dcrlme,2,leg3_paralysed,ite,1,2,311,1137.2655029296875,771,1322.59619140625,70.68488664522899,50.168171144144864,6
dcrlme_seed2,dcrlme,2,leg3_paralysed,ite,1,3,258,1201.271240234375,258,1157.991943359375,26.5954568110364,18.87596475395699,6
dcrlme_seed2,dcrlme,2,leg3_paralysed,ite,1,4,305,1154.595947265625,258,1157.991943359375,26.5954568110364,18.87596475395699,6
dcrlme_seed2,dcrlme,2,leg3_paralysed,ite,1,5,133,1123.0550537109375,258,1157.991943359375,26.5954568110364,18.87596475395699,6
dcrlme_seed2,dcrlme,2,leg3_paralysed,ite,1,6,872,1260.322509765625,872,1301.630126953125,65.06910310031115,46.18240270960035,6
dcrlme_seed2,dcrlme,2,leg3_paralysed,ite,1,7,872,1310.603759765625,872,1301.630126953125,65.06910310031115,46.18240270960035,6
dcrlme_seed2,dcrlme,2,leg3_paralysed,ite,1,8,872,1326.4495849609375,872,1301.630126953125,65.06910310031115,46.18240270960035,6
dcrlme_seed2,dcrlme,2,leg3_paralysed,ite,1,9,872,1374.2674560546875,872,1301.630126953125,65.06910310031115,46.18240270960035,6
dcrlme_seed2,dcrlme,2,leg3_paralysed,ite,1,10,872,1325.198974609375,872,1301.630126953125,65.06910310031115,46.18240270960035,6
dcrlme_seed2,dcrlme,2,leg3_paralysed,ite,1,11,872,1272.85400390625,872,1301.630126953125,65.06910310031115,46.18240270960035,6
dcrlme_seed2,dcrlme,2,leg3_paralysed,ite,1,12,872,1316.6378173828125,872,1301.630126953125,65.06910310031115,46.18240270960035,6
dcrlme_seed2,dcrlme,2,leg3_paralysed,ite,1,13,872,1282.998291015625,872,1301.630126953125,65.06910310031115,46.18240270960035,6
dcrlme_seed2,dcrlme,2,leg3_paralysed,ite,1,14,872,1308.316162109375,872,1301.630126953125,65.06910310031115,46.18240270960035,6
dcrlme_seed2,dcrlme,2,leg3_paralysed,ite,1,15,872,1340.9979248046875,872,1301.630126953125,65.06910310031115,46.18240270960035,6
dcrlme_seed2,dcrlme,2,leg3_paralysed,ite,1,16,872,1320.4268798828125,872,1301.630126953125,65.06910310031115,46.18240270960035,6
dcrlme_seed2,dcrlme,2,leg3_paralysed,ite,1,17,872,1337.141357421875,872,1301.630126953125,65.06910310031115,46.18240270960035,6
dcrlme_seed2,dcrlme,2,leg3_paralysed,ite,1,18,872,1306.5726318359375,872,1301.630126953125,65.06910310031115,46.18240270960035,6
dcrlme_seed2,dcrlme,2,leg3_paralysed,ite,1,19,872,1236.773681640625,872,1301.630126953125,65.06910310031115,46.18240270960035,6
dcrlme_seed2,dcrlme,2,leg3_paralysed,ite,1,20,872,1332.4044189453125,872,1301.630126953125,65.06910310031115,46.18240270960035,6
dcrlme_seed2,dcrlme,2,leg3_paralysed,ite,2,1,771,1245.829345703125,771,1322.59619140625,70.68488664522899,50.168171144144864,4
dcrlme_seed2,dcrlme,2,leg3_paralysed,ite,2,2,311,1189.66357421875,771,1322.59619140625,70.68488664522899,50.168171144144864,4
dcrlme_seed2,dcrlme,2,leg3_paralysed,ite,2,3,258,1148.3287353515625,771,1322.59619140625,70.68488664522899,50.168171144144864,4
dcrlme_seed2,dcrlme,2,leg3_paralysed,ite,2,4,553,1325.0335693359375,553,1336.194580078125,74.32723008606155,52.75330239041214,4
dcrlme_seed2,dcrlme,2,leg3_paralysed,ite,2,5,305,1088.326904296875,553,1336.194580078125,74.32723008606155,52.75330239041214,4
dcrlme_seed2,dcrlme,2,leg3_paralysed,ite,2,6,456,1071.320068359375,553,1336.194580078125,74.32723008606155,52.75330239041214,4
dcrlme_seed2,dcrlme,2,leg3_paralysed,ite,2,7,203,1296.360595703125,553,1336.194580078125,74.32723008606155,52.75330239041214,4
dcrlme_seed2,dcrlme,2,leg3_paralysed,ite,2,8,203,1297.62451171875,553,1336.194580078125,74.32723008606155,52.75330239041214,4
dcrlme_seed2,dcrlme,2,leg3_paralysed,ite,2,9,203,1292.36376953125,553,1336.194580078125,74.32723008606155,52.75330239041214,4
dcrlme_seed2,dcrlme,2,leg3_paralysed,ite,2,10,203,1276.171875,553,1336.194580078125,74.32723008606155,52.75330239041214,4
dcrlme_seed2,dcrlme,2,leg3_paralysed,ite,2,11,203,1310.545166015625,553,1336.194580078125,74.32723008606155,52.75330239041214,4
dcrlme_seed2,dcrlme,2,leg3_paralysed,ite,2,12,203,1293.1083984375,553,1336.194580078125,74.32723008606155,52.75330239041214,4
dcrlme_seed2,dcrlme,2,leg3_paralysed,ite,2,13,203,1274.466796875,553,1336.194580078125,74.32723008606155,52.75330239041214,4
dcrlme_seed2,dcrlme,2,leg3_paralysed,ite,2,14,203,1292.665283203125,553,1336.194580078125,74.32723008606155,52.75330239041214,4
dcrlme_seed2,dcrlme,2,leg3_paralysed,ite,2,15,203,1302.3133544921875,553,1336.194580078125,74.32723008606155,52.75330239041214,4
dcrlme_seed2,dcrlme,2,leg3_paralysed,ite,2,16,203,1318.93310546875,553,1336.194580078125,74.32723008606155,52.75330239041214,4
dcrlme_seed2,dcrlme,2,leg3_paralysed,ite,2,17,203,1295.8033447265625,553,1336.194580078125,74.32723008606155,52.75330239041214,4
dcrlme_seed2,dcrlme,2,leg3_paralysed,ite,2,18,203,1269.301025390625,553,1336.194580078125,74.32723008606155,52.75330239041214,4
dcrlme_seed2,dcrlme,2,leg3_paralysed,ite,2,19,203,1268.146240234375,553,1336.194580078125,74.32723008606155,52.75330239041214,4
dcrlme_seed2,dcrlme,2,leg3_paralysed,ite,2,20,203,1317.3720703125,553,1336.194580078125,74.32723008606155,52.75330239041214,4
dcrlme_seed2,dcrlme,2,leg3_paralysed,ite,3,1,771,1178.375732421875,771,1322.59619140625,70.68488664522899,50.168171144144864,5
dcrlme_seed2,dcrlme,2,leg3_paralysed,ite,3,2,311,1227.338623046875,311,1160.0491943359375,27.146493759710086,19.267059898334285,5
dcrlme_seed2,dcrlme,2,leg3_paralysed,ite,3,3,258,1131.287109375,311,1160.0491943359375,27.146493759710086,19.267059898334285,5
dcrlme_seed2,dcrlme,2,leg3_paralysed,ite,3,4,305,1274.005615234375,305,1210.20458984375,40.58067190083649,28.801886650588127,5
dcrlme_seed2,dcrlme,2,leg3_paralysed,ite,3,5,456,1171.08837890625,305,1210.20458984375,40.58067190083649,28.801886650588127,5
dcrlme_seed2,dcrlme,2,leg3_paralysed,ite,3,6,278,1206.888916015625,305,1210.20458984375,40.58067190083649,28.801886650588127,5
dcrlme_seed2,dcrlme,2,leg3_paralysed,ite,3,7,295,1344.04638671875,295,1360.3140869140625,80.78766665982216,57.33855820789729,5
dcrlme_seed2,dcrlme,2,leg3_paralysed,ite,3,8,295,1369.204833984375,295,1360.3140869140625,80.78766665982216,57.33855820789729,5
dcrlme_seed2,dcrlme,2,leg3_paralysed,ite,3,9,203,1298.5074462890625,295,1360.3140869140625,80.78766665982216,57.33855820789729,5
dcrlme_seed2,dcrlme,2,leg3_paralysed,ite,3,10,295,1373.765380859375,295,1360.3140869140625,80.78766665982216,57.33855820789729,5
dcrlme_seed2,dcrlme,2,leg3_paralysed,ite,3,11,295,1362.1771240234375,295,1360.3140869140625,80.78766665982216,57.33855820789729,5
dcrlme_seed2,dcrlme,2,leg3_paralysed,ite,3,12,295,1375.962646484375,295,1360.3140869140625,80.78766665982216,57.33855820789729,5
dcrlme_seed2,dcrlme,2,leg3_paralysed,ite,3,13,295,1349.46728515625,295,1360.3140869140625,80.78766665982216,57.33855820789729,5
dcrlme_seed2,dcrlme,2,leg3_paralysed,ite,3,14,295,1357.2974853515625,295,1360.3140869140625,80.78766665982216,57.33855820789729,5
dcrlme_seed2,dcrlme,2,leg3_paralysed,ite,3,15,295,1369.986328125,295,1360.3140869140625,80.78766665982216,57.33855820789729,5
dcrlme_seed2,dcrlme,2,leg3_paralysed,ite,3,16,295,1337.39892578125,295,1360.3140869140625,80.78766665982216,57.33855820789729,5
dcrlme_seed2,dcrlme,2,leg3_paralysed,ite,3,17,295,1353.4344482421875,295,1360.3140869140625,80.78766665982216,57.33855820789729,5
dcrlme_seed2,dcrlme,2,leg3_paralysed,ite,3,18,295,1386.05712890625,295,1360.3140869140625,80.78766665982216,57.33855820789729,5
dcrlme_seed2,dcrlme,2,leg3_paralysed,ite,3,19,295,1353.7783203125,295,1360.3140869140625,80.78766665982216,57.33855820789729,5
dcrlme_seed2,dcrlme,2,leg3_paralysed,ite,3,20,295,1344.2452392578125,295,1360.3140869140625,80.78766665982216,57.33855820789729,5
dcrlme_seed2,dcrlme,2,leg3_paralysed,ite,4,1,771,1308.76953125,771,1322.59619140625,70.68488664522899,50.168171144144864,4
dcrlme_seed2,dcrlme,2,leg3_paralysed,ite,4,2,311,1126.8828125,771,1322.59619140625,70.68488664522899,50.168171144144864,4
dcrlme_seed2,dcrlme,2,leg3_paralysed,ite,4,3,258,1124.189697265625,771,1322.59619140625,70.68488664522899,50.168171144144864,4
dcrlme_seed2,dcrlme,2,leg3_paralysed,ite,4,4,161,1274.55322265625,771,1322.59619140625,70.68488664522899,50.168171144144864,4
dcrlme_seed2,dcrlme,2,leg3_paralysed,ite,4,5,305,1201.432861328125,771,1322.59619140625,70.68488664522899,50.168171144144864,4
dcrlme_seed2,dcrlme,2,leg3_paralysed,ite,4,6,133,1091.056396484375,771,1322.59619140625,70.68488664522899,50.168171144144864,4
dcrlme_seed2,dcrlme,2,leg3_paralysed,ite,4,7,905,1396.201416015625,905,1376.102783203125,85.01668641763402,60.34007942482628,4
dcrlme_seed2,dcrlme,2,leg3_paralysed,ite,4,8,905,1363.950927734375,905,1376.102783203125,85.01668641763402,60.34007942482628,4
dcrlme_seed2,dcrlme,2,leg3_paralysed,ite,4,9,905,1304.9068603515625,905,1376.102783203125,85.01668641763402,60.34007942482628,4
dcrlme_seed2,dcrlme,2,leg3_paralysed,ite,4,10,905,1318.5439453125,905,1376.102783203125,85.01668641763402,60.34007942482628,4
dcrlme_seed2,dcrlme,2,leg3_paralysed,ite,4,11,905,1357.17333984375,905,1376.102783203125,85.01668641763402,60.34007942482628,4
dcrlme_seed2,dcrlme,2,leg3_paralysed,ite,4,12,905,1333.21337890625,905,1376.102783203125,85.01668641763402,60.34007942482628,4
dcrlme_seed2,dcrlme,2,leg3_paralysed,ite,4,13,905,1369.76806640625,905,1376.102783203125,85.01668641763402,60.34007942482628,4
dcrlme_seed2,dcrlme,2,leg3_paralysed,ite,4,14,905,1340.162353515625,905,1376.102783203125,85.01668641763402,60.34007942482628,4
dcrlme_seed2,dcrlme,2,leg3_paralysed,ite,4,15,905,1334.27978515625,905,1376.102783203125,85.01668641763402,60.34007942482628,4
dcrlme_seed2,dcrlme,2,leg3_paralysed,ite,4,16,905,1406.4276123046875,905,1376.102783203125,85.01668641763402,60.34007942482628,4
dcrlme_seed2,dcrlme,2,leg3_paralysed,ite,4,17,905,1333.995361328125,905,1376.102783203125,85.01668641763402,60.34007942482628,4
dcrlme_seed2,dcrlme,2,leg3_paralysed,ite,4,18,905,1335.449951171875,905,1376.102783203125,85.01668641763402,60.34007942482628,4
dcrlme_seed2,dcrlme,2,leg3_paralysed,ite,4,19,905,1320.580078125,905,1376.102783203125,85.01668641763402,60.34007942482628,4
dcrlme_seed2,dcrlme,2,leg3_paralysed,ite,4,20,905,1417.4287109375,905,1376.102783203125,85.01668641763402,60.34007942482628,4
dcrlme_seed2,dcrlme,2,leg3_paralysed,top_k,0,1,771,1351.365966796875,771,1322.59619140625,70.68488664522899,50.168171144144864,
dcrlme_seed2,dcrlme,2,leg3_paralysed,top_k,0,2,905,1413.495361328125,905,1376.102783203125,85.01668641763402,60.34007942482628,
dcrlme_seed2,dcrlme,2,leg3_paralysed,top_k,0,3,906,1366.744384765625,905,1376.102783203125,85.01668641763402,60.34007942482628,
dcrlme_seed2,dcrlme,2,leg3_paralysed,top_k,0,4,32,1286.3935546875,905,1376.102783203125,85.01668641763402,60.34007942482628,
dcrlme_seed2,dcrlme,2,leg3_paralysed,top_k,0,5,258,1111.280517578125,905,1376.102783203125,85.01668641763402,60.34007942482628,
dcrlme_seed2,dcrlme,2,leg3_paralysed,top_k,0,6,94,1091.753173828125,905,1376.102783203125,85.01668641763402,60.34007942482628,
dcrlme_seed2,dcrlme,2,leg3_paralysed,top_k,0,7,437,1298.177734375,905,1376.102783203125,85.01668641763402,60.34007942482628,
dcrlme_seed2,dcrlme,2,leg3_paralysed,top_k,0,8,790,1070.880615234375,905,1376.102783203125,85.01668641763402,60.34007942482628,
dcrlme_seed2,dcrlme,2,leg3_paralysed,top_k,0,9,161,1175.54931640625,905,1376.102783203125,85.01668641763402,60.34007942482628,
dcrlme_seed2,dcrlme,2,leg3_paralysed,top_k,0,10,661,1253.943603515625,905,1376.102783203125,85.01668641763402,60.34007942482628,
dcrlme_seed2,dcrlme,2,leg3_paralysed,top_k,0,11,478,1126.5802001953125,905,1376.102783203125,85.01668641763402,60.34007942482628,
dcrlme_seed2,dcrlme,2,leg3_paralysed,top_k,0,12,575,1249.894287109375,905,1376.102783203125,85.01668641763402,60.34007942482628,
dcrlme_seed2,dcrlme,2,leg3_paralysed,top_k,0,13,674,1082.1092529296875,905,1376.102783203125,85.01668641763402,60.34007942482628,
dcrlme_seed2,dcrlme,2,leg3_paralysed,top_k,0,14,323,1135.080322265625,905,1376.102783203125,85.01668641763402,60.34007942482628,
dcrlme_seed2,dcrlme,2,leg3_paralysed,top_k,0,15,358,1308.580810546875,905,1376.102783203125,85.01668641763402,60.34007942482628,
dcrlme_seed2,dcrlme,2,leg3_paralysed,top_k,0,16,120,1282.9765625,905,1376.102783203125,85.01668641763402,60.34007942482628,
dcrlme_seed2,dcrlme,2,leg3_paralysed,top_k,0,17,427,1069.4417724609375,905,1376.102783203125,85.01668641763402,60.34007942482628,
dcrlme_seed2,dcrlme,2,leg3_paralysed,top_k,0,18,285,1175.2230224609375,905,1376.102783203125,85.01668641763402,60.34007942482628,
dcrlme_seed2,dcrlme,2,leg3_paralysed,top_k,0,19,553,1364.913330078125,905,1376.102783203125,85.01668641763402,60.34007942482628,
dcrlme_seed2,dcrlme,2,leg3_paralysed,top_k,0,20,311,1240.482421875,905,1376.102783203125,85.01668641763402,60.34007942482628,
dcrlme_seed2,dcrlme,2,leg3_paralysed,top_k,1,1,771,1279.6405029296875,771,1322.59619140625,70.68488664522899,50.168171144144864,
dcrlme_seed2,dcrlme,2,leg3_paralysed,top_k,1,2,905,1354.164306640625,905,1376.102783203125,85.01668641763402,60.34007942482628,
dcrlme_seed2,dcrlme,2,leg3_paralysed,top_k,1,3,906,1402.00732421875,906,1393.267578125,89.6142957157294,63.60320484056647,
dcrlme_seed2,dcrlme,2,leg3_paralysed,top_k,1,4,32,1418.21435546875,32,1332.054443359375,73.21828988839842,51.966238786501826,
dcrlme_seed2,dcrlme,2,leg3_paralysed,top_k,1,5,258,1184.73583984375,32,1332.054443359375,73.21828988839842,51.966238786501826,
dcrlme_seed2,dcrlme,2,leg3_paralysed,top_k,1,6,94,1074.8323974609375,32,1332.054443359375,73.21828988839842,51.966238786501826,
dcrlme_seed2,dcrlme,2,leg3_paralysed,top_k,1,7,437,1206.104248046875,32,1332.054443359375,73.21828988839842,51.966238786501826,
dcrlme_seed2,dcrlme,2,leg3_paralysed,top_k,1,8,790,1090.9061279296875,32,1332.054443359375,73.21828988839842,51.966238786501826,
dcrlme_seed2,dcrlme,2,leg3_paralysed,top_k,1,9,161,1138.28076171875,32,1332.054443359375,73.21828988839842,51.966238786501826,
dcrlme_seed2,dcrlme,2,leg3_paralysed,top_k,1,10,661,1274.775634765625,32,1332.054443359375,73.21828988839842,51.966238786501826,
dcrlme_seed2,dcrlme,2,leg3_paralysed,top_k,1,11,478,1148.1669921875,32,1332.054443359375,73.21828988839842,51.966238786501826,
dcrlme_seed2,dcrlme,2,leg3_paralysed,top_k,1,12,575,1419.08935546875,575,1339.3118896484375,75.16220490112593,53.345920719609495,
dcrlme_seed2,dcrlme,2,leg3_paralysed,top_k,1,13,674,1097.115478515625,575,1339.3118896484375,75.16220490112593,53.345920719609495,
dcrlme_seed2,dcrlme,2,leg3_paralysed,top_k,1,14,323,1125.462158203125,575,1339.3118896484375,75.16220490112593,53.345920719609495,
dcrlme_seed2,dcrlme,2,leg3_paralysed,top_k,1,15,358,1379.4210205078125,575,1339.3118896484375,75.16220490112593,53.345920719609495,
dcrlme_seed2,dcrlme,2,leg3_paralysed,top_k,1,16,120,1271.315673828125,575,1339.3118896484375,75.16220490112593,53.345920719609495,
dcrlme_seed2,dcrlme,2,leg3_paralysed,top_k,1,17,427,1098.841796875,575,1339.3118896484375,75.16220490112593,53.345920719609495,
dcrlme_seed2,dcrlme,2,leg3_paralysed,top_k,1,18,285,1159.744873046875,575,1339.3118896484375,75.16220490112593,53.345920719609495,
dcrlme_seed2,dcrlme,2,leg3_paralysed,top_k,1,19,553,1368.8948974609375,575,1339.3118896484375,75.16220490112593,53.345920719609495,
dcrlme_seed2,dcrlme,2,leg3_paralysed,top_k,1,20,311,1169.55712890625,575,1339.3118896484375,75.16220490112593,53.345920719609495,
dcrlme_seed2,dcrlme,2,leg3_paralysed,top_k,2,1,771,1319.93017578125,771,1322.59619140625,70.68488664522899,50.168171144144864,
dcrlme_seed2,dcrlme,2,leg3_paralysed,top_k,2,2,905,1331.84228515625,905,1376.102783203125,85.01668641763402,60.34007942482628,
dcrlme_seed2,dcrlme,2,leg3_paralysed,top_k,2,3,906,1428.727294921875,906,1393.267578125,89.6142957157294,63.60320484056647,
dcrlme_seed2,dcrlme,2,leg3_paralysed,top_k,2,4,32,1136.286865234375,906,1393.267578125,89.6142957157294,63.60320484056647,
dcrlme_seed2,dcrlme,2,leg3_paralysed,top_k,2,5,258,1147.623291015625,906,1393.267578125,89.6142957157294,63.60320484056647,
dcrlme_seed2,dcrlme,2,leg3_paralysed,top_k,2,6,94,1078.01953125,906,1393.267578125,89.6142957157294,63.60320484056647,
dcrlme_seed2,dcrlme,2,leg3_paralysed,top_k,2,7,437,1253.489501953125,906,1393.267578125,89.6142957157294,63.60320484056647,
dcrlme_seed2,dcrlme,2,leg3_paralysed,top_k,2,8,790,1076.7930908203125,906,1393.267578125,89.6142957157294,63.60320484056647,
dcrlme_seed2,dcrlme,2,leg3_paralysed,top_k,2,9,161,1322.639404296875,906,1393.267578125,89.6142957157294,63.60320484056647,
dcrlme_seed2,dcrlme,2,leg3_paralysed,top_k,2,10,661,1266.48388671875,906,1393.267578125,89.6142957157294,63.60320484056647,
dcrlme_seed2,dcrlme,2,leg3_paralysed,top_k,2,11,478,1145.0478515625,906,1393.267578125,89.6142957157294,63.60320484056647,
dcrlme_seed2,dcrlme,2,leg3_paralysed,top_k,2,12,575,1372.2841796875,906,1393.267578125,89.6142957157294,63.60320484056647,
dcrlme_seed2,dcrlme,2,leg3_paralysed,top_k,2,13,674,1100.0849609375,906,1393.267578125,89.6142957157294,63.60320484056647,
dcrlme_seed2,dcrlme,2,leg3_paralysed,top_k,2,14,323,1153.93994140625,906,1393.267578125,89.6142957157294,63.60320484056647,
dcrlme_seed2,dcrlme,2,leg3_paralysed,top_k,2,15,358,1193.56103515625,906,1393.267578125,89.6142957157294,63.60320484056647,
dcrlme_seed2,dcrlme,2,leg3_paralysed,top_k,2,16,120,1120.59814453125,906,1393.267578125,89.6142957157294,63.60320484056647,
dcrlme_seed2,dcrlme,2,leg3_paralysed,top_k,2,17,427,1081.2996826171875,906,1393.267578125,89.6142957157294,63.60320484056647,
dcrlme_seed2,dcrlme,2,leg3_paralysed,top_k,2,18,285,1190.9176025390625,906,1393.267578125,89.6142957157294,63.60320484056647,
dcrlme_seed2,dcrlme,2,leg3_paralysed,top_k,2,19,553,1401.210693359375,906,1393.267578125,89.6142957157294,63.60320484056647,
dcrlme_seed2,dcrlme,2,leg3_paralysed,top_k,2,20,311,1167.907958984375,906,1393.267578125,89.6142957157294,63.60320484056647,
dcrlme_seed2,dcrlme,2,leg3_paralysed,top_k,3,1,771,1211.589599609375,771,1322.59619140625,70.68488664522899,50.168171144144864,
dcrlme_seed2,dcrlme,2,leg3_paralysed,top_k,3,2,905,1408.92822265625,905,1376.102783203125,85.01668641763402,60.34007942482628,
dcrlme_seed2,dcrlme,2,leg3_paralysed,top_k,3,3,906,1331.697265625,905,1376.102783203125,85.01668641763402,60.34007942482628,
dcrlme_seed2,dcrlme,2,leg3_paralysed,top_k,3,4,32,1341.2620849609375,905,1376.102783203125,85.01668641763402,60.34007942482628,
dcrlme_seed2,dcrlme,2,leg3_paralysed,top_k,3,5,258,1126.9453125,905,1376.102783203125,85.01668641763402,60.34007942482628,
dcrlme_seed2,dcrlme,2,leg3_paralysed,top_k,3,6,94,1082.0703125,905,1376.102783203125,85.01668641763402,60.34007942482628,
dcrlme_seed2,dcrlme,2,leg3_paralysed,top_k,3,7,437,1254.894775390625,905,1376.102783203125,85.01668641763402,60.34007942482628,
dcrlme_seed2,dcrlme,2,leg3_paralysed,top_k,3,8,790,1068.69921875,905,1376.102783203125,85.01668641763402,60.34007942482628,
dcrlme_seed2,dcrlme,2,leg3_paralysed,top_k,3,9,161,1249.3858642578125,905,1376.102783203125,85.01668641763402,60.34007942482628,
dcrlme_seed2,dcrlme,2,leg3_paralysed,top_k,3,10,661,1251.970703125,905,1376.102783203125,85.01668641763402,60.34007942482628,
dcrlme_seed2,dcrlme,2,leg3_paralysed,top_k,3,11,478,1133.49609375,905,1376.102783203125,85.01668641763402,60.34007942482628,
dcrlme_seed2,dcrlme,2,leg3_paralysed,top_k,3,12,575,1248.4849853515625,905,1376.102783203125,85.01668641763402,60.34007942482628,
dcrlme_seed2,dcrlme,2,leg3_paralysed,top_k,3,13,674,1087.151123046875,905,1376.102783203125,85.01668641763402,60.34007942482628,
dcrlme_seed2,dcrlme,2,leg3_paralysed,top_k,3,14,323,1137.0640869140625,905,1376.102783203125,85.01668641763402,60.34007942482628,
dcrlme_seed2,dcrlme,2,leg3_paralysed,top_k,3,15,358,1314.385986328125,905,1376.102783203125,85.01668641763402,60.34007942482628,
dcrlme_seed2,dcrlme,2,leg3_paralysed,top_k,3,16,120,1355.2142333984375,905,1376.102783203125,85.01668641763402,60.34007942482628,
dcrlme_seed2,dcrlme,2,leg3_paralysed,top_k,3,17,427,1197.42919921875,905,1376.102783203125,85.01668641763402,60.34007942482628,
dcrlme_seed2,dcrlme,2,leg3_paralysed,top_k,3,18,285,1204.22314453125,905,1376.102783203125,85.01668641763402,60.34007942482628,
dcrlme_seed2,dcrlme,2,leg3_paralysed,top_k,3,19,553,1370.732421875,905,1376.102783203125,85.01668641763402,60.34007942482628,
dcrlme_seed2,dcrlme,2,leg3_paralysed,top_k,3,20,311,1120.8514404296875,905,1376.102783203125,85.01668641763402,60.34007942482628,
dcrlme_seed2,dcrlme,2,leg3_paralysed,top_k,4,1,771,1339.475341796875,771,1322.59619140625,70.68488664522899,50.168171144144864,
dcrlme_seed2,dcrlme,2,leg3_paralysed,top_k,4,2,905,1412.9139404296875,905,1376.102783203125,85.01668641763402,60.34007942482628,
dcrlme_seed2,dcrlme,2,leg3_paralysed,top_k,4,3,906,1389.5400390625,905,1376.102783203125,85.01668641763402,60.34007942482628,
dcrlme_seed2,dcrlme,2,leg3_paralysed,top_k,4,4,32,1288.5579833984375,905,1376.102783203125,85.01668641763402,60.34007942482628,
dcrlme_seed2,dcrlme,2,leg3_paralysed,top_k,4,5,258,1194.969482421875,905,1376.102783203125,85.01668641763402,60.34007942482628,
dcrlme_seed2,dcrlme,2,leg3_paralysed,top_k,4,6,94,1086.4005126953125,905,1376.102783203125,85.01668641763402,60.34007942482628,
dcrlme_seed2,dcrlme,2,leg3_paralysed,top_k,4,7,437,1264.098388671875,905,1376.102783203125,85.01668641763402,60.34007942482628,
dcrlme_seed2,dcrlme,2,leg3_paralysed,top_k,4,8,790,1101.5291748046875,905,1376.102783203125,85.01668641763402,60.34007942482628,
dcrlme_seed2,dcrlme,2,leg3_paralysed,top_k,4,9,161,1306.2603759765625,905,1376.102783203125,85.01668641763402,60.34007942482628,
dcrlme_seed2,dcrlme,2,leg3_paralysed,top_k,4,10,661,1301.3255615234375,905,1376.102783203125,85.01668641763402,60.34007942482628,
dcrlme_seed2,dcrlme,2,leg3_paralysed,top_k,4,11,478,1133.57568359375,905,1376.102783203125,85.01668641763402,60.34007942482628,
dcrlme_seed2,dcrlme,2,leg3_paralysed,top_k,4,12,575,1288.68359375,905,1376.102783203125,85.01668641763402,60.34007942482628,
dcrlme_seed2,dcrlme,2,leg3_paralysed,top_k,4,13,674,1082.19287109375,905,1376.102783203125,85.01668641763402,60.34007942482628,
dcrlme_seed2,dcrlme,2,leg3_paralysed,top_k,4,14,323,1265.58447265625,905,1376.102783203125,85.01668641763402,60.34007942482628,
dcrlme_seed2,dcrlme,2,leg3_paralysed,top_k,4,15,358,1291.0535888671875,905,1376.102783203125,85.01668641763402,60.34007942482628,
dcrlme_seed2,dcrlme,2,leg3_paralysed,top_k,4,16,120,1349.225341796875,905,1376.102783203125,85.01668641763402,60.34007942482628,
dcrlme_seed2,dcrlme,2,leg3_paralysed,top_k,4,17,427,1071.5513916015625,905,1376.102783203125,85.01668641763402,60.34007942482628,
dcrlme_seed2,dcrlme,2,leg3_paralysed,top_k,4,18,285,1174.843505859375,905,1376.102783203125,85.01668641763402,60.34007942482628,
dcrlme_seed2,dcrlme,2,leg3_paralysed,top_k,4,19,553,1391.519287109375,905,1376.102783203125,85.01668641763402,60.34007942482628,
dcrlme_seed2,dcrlme,2,leg3_paralysed,top_k,4,20,311,1116.9544677734375,905,1376.102783203125,85.01668641763402,60.34007942482628,
dcrlme_seed2,dcrlme,2,leg3_paralysed,best_intact,0,1,771,1215.6048583984375,771,1322.59619140625,70.68488664522899,50.168171144144864,
dcrlme_seed2,dcrlme,2,leg3_paralysed,best_intact,1,1,771,1332.968994140625,771,1322.59619140625,70.68488664522899,50.168171144144864,
dcrlme_seed2,dcrlme,2,leg3_paralysed,best_intact,2,1,771,1286.7705078125,771,1322.59619140625,70.68488664522899,50.168171144144864,
dcrlme_seed2,dcrlme,2,leg3_paralysed,best_intact,3,1,771,1255.620361328125,771,1322.59619140625,70.68488664522899,50.168171144144864,
dcrlme_seed2,dcrlme,2,leg3_paralysed,best_intact,4,1,771,1234.58154296875,771,1322.59619140625,70.68488664522899,50.168171144144864,
dcrlme_seed2,dcrlme,2,leg4_paralysed,ite,0,1,771,1132.5113525390625,771,1139.357177734375,38.895284344795144,15.333389523430613,11
dcrlme_seed2,dcrlme,2,leg4_paralysed,ite,0,2,311,1130.3802490234375,771,1139.357177734375,38.895284344795144,15.333389523430613,11
dcrlme_seed2,dcrlme,2,leg4_paralysed,ite,0,3,258,1158.576171875,258,1173.3660888671875,55.295390397648745,21.7986775029393,11
dcrlme_seed2,dcrlme,2,leg4_paralysed,ite,0,4,305,1123.931396484375,258,1173.3660888671875,55.295390397648745,21.7986775029393,11
dcrlme_seed2,dcrlme,2,leg4_paralysed,ite,0,5,133,1051.5908203125,258,1173.3660888671875,55.295390397648745,21.7986775029393,11
dcrlme_seed2,dcrlme,2,leg4_paralysed,ite,0,6,872,1148.16259765625,258,1173.3660888671875,55.295390397648745,21.7986775029393,11
dcrlme_seed2,dcrlme,2,leg4_paralysed,ite,0,7,203,1075.26123046875,258,1173.3660888671875,55.295390397648745,21.7986775029393,11
dcrlme_seed2,dcrlme,2,leg4_paralysed,ite,0,8,258,1166.1787109375,258,1173.3660888671875,55.295390397648745,21.7986775029393,11
dcrlme_seed2,dcrlme,2,leg4_paralysed,ite,0,9,258,1172.949462890625,258,1173.3660888671875,55.295390397648745,21.7986775029393,11
dcrlme_seed2,dcrlme,2,leg4_paralysed,ite,0,10,78,1070.168212890625,258,1173.3660888671875,55.295390397648745,21.7986775029393,11
dcrlme_seed2,dcrlme,2,leg4_paralysed,ite,0,11,258,1163.6192626953125,258,1173.3660888671875,55.295390397648745,21.7986775029393,11
dcrlme_seed2,dcrlme,2,leg4_paralysed,ite,0,12,258,1159.7630615234375,258,1173.3660888671875,55.295390397648745,21.7986775029393,11
dcrlme_seed2,dcrlme,2,leg4_paralysed,ite,0,13,311,1149.063232421875,258,1173.3660888671875,55.295390397648745,21.7986775029393,11
dcrlme_seed2,dcrlme,2,leg4_paralysed,ite,0,14,278,1061.4139404296875,258,1173.3660888671875,55.295390397648745,21.7986775029393,11
dcrlme_seed2,dcrlme,2,leg4_paralysed,ite,0,15,258,1182.1318359375,258,1173.3660888671875,55.295390397648745,21.7986775029393,11
dcrlme_seed2,dcrlme,2,leg4_paralysed,ite,0,16,258,1153.6417236328125,258,1173.3660888671875,55.295390397648745,21.7986775029393,11
dcrlme_seed2,dcrlme,2,leg4_paralysed,ite,0,17,258,1134.047119140625,258,1173.3660888671875,55.295390397648745,21.7986775029393,11
dcrlme_seed2,dcrlme,2,leg4_paralysed,ite,0,18,258,1169.3748779296875,258,1173.3660888671875,55.295390397648745,21.7986775029393,11
dcrlme_seed2,dcrlme,2,leg4_paralysed,ite,0,19,258,1164.68212890625,258,1173.3660888671875,55.295390397648745,21.7986775029393,11
dcrlme_seed2,dcrlme,2,leg4_paralysed,ite,0,20,258,1173.7811279296875,258,1173.3660888671875,55.295390397648745,21.7986775029393,11
dcrlme_seed2,dcrlme,2,leg4_paralysed,ite,1,1,771,1155.22265625,771,1139.357177734375,38.895284344795144,15.333389523430613,13
dcrlme_seed2,dcrlme,2,leg4_paralysed,ite,1,2,311,1137.73876953125,771,1139.357177734375,38.895284344795144,15.333389523430613,13
dcrlme_seed2,dcrlme,2,leg4_paralysed,ite,1,3,258,1171.25341796875,258,1173.3660888671875,55.295390397648745,21.7986775029393,13
dcrlme_seed2,dcrlme,2,leg4_paralysed,ite,1,4,305,1124.2242431640625,258,1173.3660888671875,55.295390397648745,21.7986775029393,13
dcrlme_seed2,dcrlme,2,leg4_paralysed,ite,1,5,133,1055.733642578125,258,1173.3660888671875,55.295390397648745,21.7986775029393,13
dcrlme_seed2,dcrlme,2,leg4_paralysed,ite,1,6,872,1143.056396484375,258,1173.3660888671875,55.295390397648745,21.7986775029393,13
dcrlme_seed2,dcrlme,2,leg4_paralysed,ite,1,7,258,1151.8670654296875,258,1173.3660888671875,55.295390397648745,21.7986775029393,13
dcrlme_seed2,dcrlme,2,leg4_paralysed,ite,1,8,203,1129.081298828125,258,1173.3660888671875,55.295390397648745,21.7986775029393,13
dcrlme_seed2,dcrlme,2,leg4_paralysed,ite,1,9,78,1086.09912109375,258,1173.3660888671875,55.295390397648745,21.7986775029393,13
dcrlme_seed2,dcrlme,2,leg4_paralysed,ite,1,10,258,1166.244384765625,258,1173.3660888671875,55.295390397648745,21.7986775029393,13
dcrlme_seed2,dcrlme,2,leg4_paralysed,ite,1,11,311,1142.505126953125,258,1173.3660888671875,55.295390397648745,21.7986775029393,13
dcrlme_seed2,dcrlme,2,leg4_paralysed,ite,1,12,258,1162.9970703125,258,1173.3660888671875,55.295390397648745,21.7986775029393,13
dcrlme_seed2,dcrlme,2,leg4_paralysed,ite,1,13,258,1166.7255859375,258,1173.3660888671875,55.295390397648745,21.7986775029393,13
dcrlme_seed2,dcrlme,2,leg4_paralysed,ite,1,14,278,1057.184814453125,258,1173.3660888671875,55.295390397648745,21.7986775029393,13
dcrlme_seed2,dcrlme,2,leg4_paralysed,ite,1,15,258,1163.57763671875,258,1173.3660888671875,55.295390397648745,21.7986775029393,13
dcrlme_seed2,dcrlme,2,leg4_paralysed,ite,1,16,258,1136.966552734375,258,1173.3660888671875,55.295390397648745,21.7986775029393,13
dcrlme_seed2,dcrlme,2,leg4_paralysed,ite,1,17,311,1145.9091796875,258,1173.3660888671875,55.295390397648745,21.7986775029393,13
dcrlme_seed2,dcrlme,2,leg4_paralysed,ite,1,18,258,1163.078857421875,258,1173.3660888671875,55.295390397648745,21.7986775029393,13
dcrlme_seed2,dcrlme,2,leg4_paralysed,ite,1,19,158,1047.0291748046875,258,1173.3660888671875,55.295390397648745,21.7986775029393,13
dcrlme_seed2,dcrlme,2,leg4_paralysed,ite,1,20,258,1151.736083984375,258,1173.3660888671875,55.295390397648745,21.7986775029393,13
dcrlme_seed2,dcrlme,2,leg4_paralysed,ite,2,1,771,1152.145751953125,771,1139.357177734375,38.895284344795144,15.333389523430613,12
dcrlme_seed2,dcrlme,2,leg4_paralysed,ite,2,2,311,1131.4150390625,771,1139.357177734375,38.895284344795144,15.333389523430613,12
dcrlme_seed2,dcrlme,2,leg4_paralysed,ite,2,3,258,1175.15673828125,258,1173.3660888671875,55.295390397648745,21.7986775029393,12
dcrlme_seed2,dcrlme,2,leg4_paralysed,ite,2,4,305,1139.2822265625,258,1173.3660888671875,55.295390397648745,21.7986775029393,12
dcrlme_seed2,dcrlme,2,leg4_paralysed,ite,2,5,133,1052.265625,258,1173.3660888671875,55.295390397648745,21.7986775029393,12
dcrlme_seed2,dcrlme,2,leg4_paralysed,ite,2,6,872,1150.9796142578125,258,1173.3660888671875,55.295390397648745,21.7986775029393,12
dcrlme_seed2,dcrlme,2,leg4_paralysed,ite,2,7,258,1168.390625,258,1173.3660888671875,55.295390397648745,21.7986775029393,12
dcrlme_seed2,dcrlme,2,leg4_paralysed,ite,2,8,203,1117.302978515625,258,1173.3660888671875,55.295390397648745,21.7986775029393,12
dcrlme_seed2,dcrlme,2,leg4_paralysed,ite,2,9,258,1176.1182861328125,258,1173.3660888671875,55.295390397648745,21.7986775029393,12
dcrlme_seed2,dcrlme,2,leg4_paralysed,ite,2,10,78,1068.49365234375,258,1173.3660888671875,55.295390397648745,21.7986775029393,12
dcrlme_seed2,dcrlme,2,leg4_paralysed,ite,2,11,258,1149.455322265625,258,1173.3660888671875,55.295390397648745,21.7986775029393,12
dcrlme_seed2,dcrlme,2,leg4_paralysed,ite,2,12,311,1117.21484375,258,1173.3660888671875,55.295390397648745,21.7986775029393,12
dcrlme_seed2,dcrlme,2,leg4_paralysed,ite,2,13,278,1060.794677734375,258,1173.3660888671875,55.295390397648745,21.7986775029393,12
dcrlme_seed2,dcrlme,2,leg4_paralysed,ite,2,14,258,1138.3560791015625,258,1173.3660888671875,55.295390397648745,21.7986775029393,12
dcrlme_seed2,dcrlme,2,leg4_paralysed,ite,2,15,258,1149.498046875,258,1173.3660888671875,55.295390397648745,21.7986775029393,12
dcrlme_seed2,dcrlme,2,leg4_paralysed,ite,2,16,258,1178.9168701171875,258,1173.3660888671875,55.295390397648745,21.7986775029393,12
dcrlme_seed2,dcrlme,2,leg4_paralysed,ite,2,17,258,1145.734130859375,258,1173.3660888671875,55.295390397648745,21.7986775029393,12
dcrlme_seed2,dcrlme,2,leg4_paralysed,ite,2,18,258,1181.15869140625,258,1173.3660888671875,55.295390397648745,21.7986775029393,12
dcrlme_seed2,dcrlme,2,leg4_paralysed,ite,2,19,258,1146.71826171875,258,1173.3660888671875,55.295390397648745,21.7986775029393,12
dcrlme_seed2,dcrlme,2,leg4_paralysed,ite,2,20,258,1165.277587890625,258,1173.3660888671875,55.295390397648745,21.7986775029393,12
dcrlme_seed2,dcrlme,2,leg4_paralysed,ite,3,1,771,1160.57958984375,771,1139.357177734375,38.895284344795144,15.333389523430613,12
dcrlme_seed2,dcrlme,2,leg4_paralysed,ite,3,2,311,1141.385986328125,771,1139.357177734375,38.895284344795144,15.333389523430613,12
dcrlme_seed2,dcrlme,2,leg4_paralysed,ite,3,3,258,1112.8955078125,771,1139.357177734375,38.895284344795144,15.333389523430613,12
dcrlme_seed2,dcrlme,2,leg4_paralysed,ite,3,4,305,1133.2244873046875,771,1139.357177734375,38.895284344795144,15.333389523430613,12
dcrlme_seed2,dcrlme,2,leg4_paralysed,ite,3,5,133,1049.625244140625,771,1139.357177734375,38.895284344795144,15.333389523430613,12
dcrlme_seed2,dcrlme,2,leg4_paralysed,ite,3,6,78,1080.980224609375,771,1139.357177734375,38.895284344795144,15.333389523430613,12
dcrlme_seed2,dcrlme,2,leg4_paralysed,ite,3,7,295,1078.9385986328125,771,1139.357177734375,38.895284344795144,15.333389523430613,12
dcrlme_seed2,dcrlme,2,leg4_paralysed,ite,3,8,872,1146.857421875,771,1139.357177734375,38.895284344795144,15.333389523430613,12
dcrlme_seed2,dcrlme,2,leg4_paralysed,ite,3,9,258,1106.6510009765625,771,1139.357177734375,38.895284344795144,15.333389523430613,12
dcrlme_seed2,dcrlme,2,leg4_paralysed,ite,3,10,278,1059.390625,771,1139.357177734375,38.895284344795144,15.333389523430613,12
dcrlme_seed2,dcrlme,2,leg4_paralysed,ite,3,11,311,1158.993408203125,771,1139.357177734375,38.895284344795144,15.333389523430613,12
dcrlme_seed2,dcrlme,2,leg4_paralysed,ite,3,12,311,1155.001708984375,771,1139.357177734375,38.895284344795144,15.333389523430613,12
dcrlme_seed2,dcrlme,2,leg4_paralysed,ite,3,13,158,1054.067626953125,771,1139.357177734375,38.895284344795144,15.333389523430613,12
dcrlme_seed2,dcrlme,2,leg4_paralysed,ite,3,14,181,1251.565185546875,181,1198.41748046875,67.37591474706842,26.561089929465954,12
dcrlme_seed2,dcrlme,2,leg4_paralysed,ite,3,15,181,1250.4180908203125,181,1198.41748046875,67.37591474706842,26.561089929465954,12
dcrlme_seed2,dcrlme,2,leg4_paralysed,ite,3,16,181,1282.2509765625,181,1198.41748046875,67.37591474706842,26.561089929465954,12
dcrlme_seed2,dcrlme,2,leg4_paralysed,ite,3,17,181,1210.2120361328125,181,1198.41748046875,67.37591474706842,26.561089929465954,12
dcrlme_seed2,dcrlme,2,leg4_paralysed,ite,3,18,181,1181.4932861328125,181,1198.41748046875,67.37591474706842,26.561089929465954,12
dcrlme_seed2,dcrlme,2,leg4_paralysed,ite,3,19,181,1229.3328857421875,181,1198.41748046875,67.37591474706842,26.561089929465954,12
dcrlme_seed2,dcrlme,2,leg4_paralysed,ite,3,20,181,1220.2003173828125,181,1198.41748046875,67.37591474706842,26.561089929465954,12
dcrlme_seed2,dcrlme,2,leg4_paralysed,ite,4,1,771,1148.5369873046875,771,1139.357177734375,38.895284344795144,15.333389523430613,10
dcrlme_seed2,dcrlme,2,leg4_paralysed,ite,4,2,311,1142.260498046875,771,1139.357177734375,38.895284344795144,15.333389523430613,10
dcrlme_seed2,dcrlme,2,leg4_paralysed,ite,4,3,258,1136.770263671875,771,1139.357177734375,38.895284344795144,15.333389523430613,10
dcrlme_seed2,dcrlme,2,leg4_paralysed,ite,4,4,305,1135.269775390625,771,1139.357177734375,38.895284344795144,15.333389523430613,10
dcrlme_seed2,dcrlme,2,leg4_paralysed,ite,4,5,133,1056.203369140625,771,1139.357177734375,38.895284344795144,15.333389523430613,10
dcrlme_seed2,dcrlme,2,leg4_paralysed,ite,4,6,78,1079.9423828125,771,1139.357177734375,38.895284344795144,15.333389523430613,10
dcrlme_seed2,dcrlme,2,leg4_paralysed,ite,4,7,872,1155.4566650390625,872,1158.9892578125,48.36245587704461,19.065559919776874,10
dcrlme_seed2,dcrlme,2,leg4_paralysed,ite,4,8,295,1094.24853515625,872,1158.9892578125,48.36245587704461,19.065559919776874,10
dcrlme_seed2,dcrlme,2,leg4_paralysed,ite,4,9,258,1163.062255859375,258,1173.3660888671875,55.295390397648745,21.7986775029393,10
dcrlme_seed2,dcrlme,2,leg4_paralysed,ite,4,10,258,1180.8797607421875,258,1173.3660888671875,55.295390397648745,21.7986775029393,10
dcrlme_seed2,dcrlme,2,leg4_paralysed,ite,4,11,278,1059.113037109375,258,1173.3660888671875,55.295390397648745,21.7986775029393,10
dcrlme_seed2,dcrlme,2,leg4_paralysed,ite,4,12,258,1156.3197021484375,258,1173.3660888671875,55.295390397648745,21.7986775029393,10
dcrlme_seed2,dcrlme,2,leg4_paralysed,ite,4,13,311,1118.16455078125,258,1173.3660888671875,55.295390397648745,21.7986775029393,10
dcrlme_seed2,dcrlme,2,leg4_paralysed,ite,4,14,258,1180.539794921875,258,1173.3660888671875,55.295390397648745,21.7986775029393,10
dcrlme_seed2,dcrlme,2,leg4_paralysed,ite,4,15,258,1151.328125,258,1173.3660888671875,55.295390397648745,21.7986775029393,10
dcrlme_seed2,dcrlme,2,leg4_paralysed,ite,4,16,258,1143.081787109375,258,1173.3660888671875,55.295390397648745,21.7986775029393,10
dcrlme_seed2,dcrlme,2,leg4_paralysed,ite,4,17,258,1181.576416015625,258,1173.3660888671875,55.295390397648745,21.7986775029393,10
dcrlme_seed2,dcrlme,2,leg4_paralysed,ite,4,18,258,1159.295166015625,258,1173.3660888671875,55.295390397648745,21.7986775029393,10
dcrlme_seed2,dcrlme,2,leg4_paralysed,ite,4,19,258,1158.175537109375,258,1173.3660888671875,55.295390397648745,21.7986775029393,10
dcrlme_seed2,dcrlme,2,leg4_paralysed,ite,4,20,158,1047.259521484375,258,1173.3660888671875,55.295390397648745,21.7986775029393,10
dcrlme_seed2,dcrlme,2,leg4_paralysed,top_k,0,1,771,1130.227294921875,771,1139.357177734375,38.895284344795144,15.333389523430613,
dcrlme_seed2,dcrlme,2,leg4_paralysed,top_k,0,2,905,1146.0029296875,905,1159.239013671875,48.482895563133816,19.113039933151107,
dcrlme_seed2,dcrlme,2,leg4_paralysed,top_k,0,3,906,1096.4755859375,905,1159.239013671875,48.482895563133816,19.113039933151107,
dcrlme_seed2,dcrlme,2,leg4_paralysed,top_k,0,4,32,1137.974609375,905,1159.239013671875,48.482895563133816,19.113039933151107,
dcrlme_seed2,dcrlme,2,leg4_paralysed,top_k,0,5,258,1149.3585205078125,258,1173.3660888671875,55.295390397648745,21.7986775029393,
dcrlme_seed2,dcrlme,2,leg4_paralysed,top_k,0,6,94,1134.6190185546875,258,1173.3660888671875,55.295390397648745,21.7986775029393,
dcrlme_seed2,dcrlme,2,leg4_paralysed,top_k,0,7,437,1198.141357421875,437,1190.563232421875,63.58836328941857,25.067952578280753,
dcrlme_seed2,dcrlme,2,leg4_paralysed,top_k,0,8,790,1159.4825439453125,437,1190.563232421875,63.58836328941857,25.067952578280753,
dcrlme_seed2,dcrlme,2,leg4_paralysed,top_k,0,9,161,1134.145751953125,437,1190.563232421875,63.58836328941857,25.067952578280753,
dcrlme_seed2,dcrlme,2,leg4_paralysed,top_k,0,10,661,1127.3857421875,437,1190.563232421875,63.58836328941857,25.067952578280753,
dcrlme_seed2,dcrlme,2,leg4_paralysed,top_k,0,11,478,1097.054443359375,437,1190.563232421875,63.58836328941857,25.067952578280753,
dcrlme_seed2,dcrlme,2,leg4_paralysed,top_k,0,12,575,1150.0843505859375,437,1190.563232421875,63.58836328941857,25.067952578280753,
dcrlme_seed2,dcrlme,2,leg4_paralysed,top_k,0,13,674,1085.8623046875,437,1190.563232421875,63.58836328941857,25.067952578280753,
dcrlme_seed2,dcrlme,2,leg4_paralysed,top_k,0,14,323,1130.6627197265625,437,1190.563232421875,63.58836328941857,25.067952578280753,
dcrlme_seed2,dcrlme,2,leg4_paralysed,top_k,0,15,358,1205.6563720703125,358,1190.80078125,63.702916382834786,25.11311196539036,
dcrlme_seed2,dcrlme,2,leg4_paralysed,top_k,0,16,120,1129.802490234375,358,1190.80078125,63.702916382834786,25.11311196539036,
dcrlme_seed2,dcrlme,2,leg4_paralysed,top_k,0,17,427,1167.465576171875,358,1190.80078125,63.702916382834786,25.11311196539036,
dcrlme_seed2,dcrlme,2,leg4_paralysed,top_k,0,18,285,1169.593017578125,358,1190.80078125,63.702916382834786,25.11311196539036,
dcrlme_seed2,dcrlme,2,leg4_paralysed,top_k,0,19,553,1186.10205078125,358,1190.80078125,63.702916382834786,25.11311196539036,
dcrlme_seed2,dcrlme,2,leg4_paralysed,top_k,0,20,311,1108.430908203125,358,1190.80078125,63.702916382834786,25.11311196539036,
dcrlme_seed2,dcrlme,2,leg4_paralysed,top_k,1,1,771,1165.830322265625,771,1139.357177734375,38.895284344795144,15.333389523430613,
dcrlme_seed2,dcrlme,2,leg4_paralysed,top_k,1,2,905,1156.794189453125,771,1139.357177734375,38.895284344795144,15.333389523430613,
dcrlme_seed2,dcrlme,2,leg4_paralysed,top_k,1,3,906,1152.57568359375,771,1139.357177734375,38.895284344795144,15.333389523430613,
dcrlme_seed2,dcrlme,2,leg4_paralysed,top_k,1,4,32,1134.9173583984375,771,1139.357177734375,38.895284344795144,15.333389523430613,
dcrlme_seed2,dcrlme,2,leg4_paralysed,top_k,1,5,258,1153.6640625,771,1139.357177734375,38.895284344795144,15.333389523430613,
dcrlme_seed2,dcrlme,2,leg4_paralysed,top_k,1,6,94,1142.0570068359375,771,1139.357177734375,38.895284344795144,15.333389523430613,
dcrlme_seed2,dcrlme,2,leg4_paralysed,top_k,1,7,437,1205.052001953125,437,1190.563232421875,63.58836328941857,25.067952578280753,
dcrlme_seed2,dcrlme,2,leg4_paralysed,top_k,1,8,790,1149.50048828125,437,1190.563232421875,63.58836328941857,25.067952578280753,
dcrlme_seed2,dcrlme,2,leg4_paralysed,top_k,1,9,161,1140.537109375,437,1190.563232421875,63.58836328941857,25.067952578280753,
dcrlme_seed2,dcrlme,2,leg4_paralysed,top_k,1,10,661,1126.85888671875,437,1190.563232421875,63.58836328941857,25.067952578280753,
dcrlme_seed2,dcrlme,2,leg4_paralysed,top_k,1,11,478,1108.5565185546875,437,1190.563232421875,63.58836328941857,25.067952578280753,
dcrlme_seed2,dcrlme,2,leg4_paralysed,top_k,1,12,575,1146.9873046875,437,1190.563232421875,63.58836328941857,25.067952578280753,
dcrlme_seed2,dcrlme,2,leg4_paralysed,top_k,1,13,674,1092.0584716796875,437,1190.563232421875,63.58836328941857,25.067952578280753,
dcrlme_seed2,dcrlme,2,leg4_paralysed,top_k,1,14,323,1137.237060546875,437,1190.563232421875,63.58836328941857,25.067952578280753,
dcrlme_seed2,dcrlme,2,leg4_paralysed,top_k,1,15,358,1186.41845703125,437,1190.563232421875,63.58836328941857,25.067952578280753,
dcrlme_seed2,dcrlme,2,leg4_paralysed,top_k,1,16,120,1125.878173828125,437,1190.563232421875,63.58836328941857,25.067952578280753,
dcrlme_seed2,dcrlme,2,leg4_paralysed,top_k,1,17,427,1167.146240234375,437,1190.563232421875,63.58836328941857,25.067952578280753,
dcrlme_seed2,dcrlme,2,leg4_paralysed,top_k,1,18,285,1175.515380859375,437,1190.563232421875,63.58836328941857,25.067952578280753,
dcrlme_seed2,dcrlme,2,leg4_paralysed,top_k,1,19,553,1192.775634765625,437,1190.563232421875,63.58836328941857,25.067952578280753,
dcrlme_seed2,dcrlme,2,leg4_paralysed,top_k,1,20,311,1125.1846923828125,437,1190.563232421875,63.58836328941857,25.067952578280753,
dcrlme_seed2,dcrlme,2,leg4_paralysed,top_k,2,1,771,1154.3153076171875,771,1139.357177734375,38.895284344795144,15.333389523430613,
dcrlme_seed2,dcrlme,2,leg4_paralysed,top_k,2,2,905,1147.266845703125,771,1139.357177734375,38.895284344795144,15.333389523430613,
dcrlme_seed2,dcrlme,2,leg4_paralysed,top_k,2,3,906,1124.624755859375,771,1139.357177734375,38.895284344795144,15.333389523430613,
dcrlme_seed2,dcrlme,2,leg4_paralysed,top_k,2,4,32,1140.351318359375,771,1139.357177734375,38.895284344795144,15.333389523430613,
dcrlme_seed2,dcrlme,2,leg4_paralysed,top_k,2,5,258,1160.2230224609375,258,1173.3660888671875,55.295390397648745,21.7986775029393,
dcrlme_seed2,dcrlme,2,leg4_paralysed,top_k,2,6,94,1135.7965087890625,258,1173.3660888671875,55.295390397648745,21.7986775029393,
dcrlme_seed2,dcrlme,2,leg4_paralysed,top_k,2,7,437,1181.606201171875,437,1190.563232421875,63.58836328941857,25.067952578280753,
dcrlme_seed2,dcrlme,2,leg4_paralysed,top_k,2,8,790,1163.414306640625,437,1190.563232421875,63.58836328941857,25.067952578280753,
dcrlme_seed2,dcrlme,2,leg4_paralysed,top_k,2,9,161,1143.257080078125,437,1190.563232421875,63.58836328941857,25.067952578280753,
dcrlme_seed2,dcrlme,2,leg4_paralysed,top_k,2,10,661,1121.9962158203125,437,1190.563232421875,63.58836328941857,25.067952578280753,
dcrlme_seed2,dcrlme,2,leg4_paralysed,top_k,2,11,478,1101.10205078125,437,1190.563232421875,63.58836328941857,25.067952578280753,
dcrlme_seed2,dcrlme,2,leg4_paralysed,top_k,2,12,575,1135.04150390625,437,1190.563232421875,63.58836328941857,25.067952578280753,
dcrlme_seed2,dcrlme,2,leg4_paralysed,top_k,2,13,674,1092.504150390625,437,1190.563232421875,63.58836328941857,25.067952578280753,
dcrlme_seed2,dcrlme,2,leg4_paralysed,top_k,2,14,323,1133.393798828125,437,1190.563232421875,63.58836328941857,25.067952578280753,
dcrlme_seed2,dcrlme,2,leg4_paralysed,top_k,2,15,358,1172.0166015625,437,1190.563232421875,63.58836328941857,25.067952578280753,
dcrlme_seed2,dcrlme,2,leg4_paralysed,top_k,2,16,120,1136.7689208984375,437,1190.563232421875,63.58836328941857,25.067952578280753,
dcrlme_seed2,dcrlme,2,leg4_paralysed,top_k,2,17,427,1157.3077392578125,437,1190.563232421875,63.58836328941857,25.067952578280753,
dcrlme_seed2,dcrlme,2,leg4_paralysed,top_k,2,18,285,1142.251220703125,437,1190.563232421875,63.58836328941857,25.067952578280753,
dcrlme_seed2,dcrlme,2,leg4_paralysed,top_k,2,19,553,1186.0902099609375,553,1185.2958984375,61.04829855102698,24.066602345094942,
dcrlme_seed2,dcrlme,2,leg4_paralysed,top_k,2,20,311,1163.2752685546875,553,1185.2958984375,61.04829855102698,24.066602345094942,
dcrlme_seed2,dcrlme,2,leg4_paralysed,top_k,3,1,771,1157.6207275390625,771,1139.357177734375,38.895284344795144,15.333389523430613,
dcrlme_seed2,dcrlme,2,leg4_paralysed,top_k,3,2,905,1139.687744140625,771,1139.357177734375,38.895284344795144,15.333389523430613,
dcrlme_seed2,dcrlme,2,leg4_paralysed,top_k,3,3,906,1129.2064208984375,771,1139.357177734375,38.895284344795144,15.333389523430613,
dcrlme_seed2,dcrlme,2,leg4_paralysed,top_k,3,4,32,1130.4820556640625,771,1139.357177734375,38.895284344795144,15.333389523430613,
dcrlme_seed2,dcrlme,2,leg4_paralysed,top_k,3,5,258,1159.46826171875,258,1173.3660888671875,55.295390397648745,21.7986775029393,
dcrlme_seed2,dcrlme,2,leg4_paralysed,top_k,3,6,94,1133.572021484375,258,1173.3660888671875,55.295390397648745,21.7986775029393,
dcrlme_seed2,dcrlme,2,leg4_paralysed,top_k,3,7,437,1208.96533203125,437,1190.563232421875,63.58836328941857,25.067952578280753,
dcrlme_seed2,dcrlme,2,leg4_paralysed,top_k,3,8,790,1157.265625,437,1190.563232421875,63.58836328941857,25.067952578280753,
dcrlme_seed2,dcrlme,2,leg4_paralysed,top_k,3,9,161,1123.94091796875,437,1190.563232421875,63.58836328941857,25.067952578280753,
dcrlme_seed2,dcrlme,2,leg4_paralysed,top_k,3,10,661,1119.144775390625,437,1190.563232421875,63.58836328941857,25.067952578280753,
dcrlme_seed2,dcrlme,2,leg4_paralysed,top_k,3,11,478,1116.1290283203125,437,1190.563232421875,63.58836328941857,25.067952578280753,
dcrlme_seed2,dcrlme,2,leg4_paralysed,top_k,3,12,575,1159.468505859375,437,1190.563232421875,63.58836328941857,25.067952578280753,
dcrlme_seed2,dcrlme,2,leg4_paralysed,top_k,3,13,674,1167.10791015625,437,1190.563232421875,63.58836328941857,25.067952578280753,
dcrlme_seed2,dcrlme,2,leg4_paralysed,top_k,3,14,323,1143.5609130859375,437,1190.563232421875,63.58836328941857,25.067952578280753,
dcrlme_seed2,dcrlme,2,leg4_paralysed,top_k,3,15,358,1206.1331787109375,437,1190.563232421875,63.58836328941857,25.067952578280753,
dcrlme_seed2,dcrlme,2,leg4_paralysed,top_k,3,16,120,1125.1259765625,437,1190.563232421875,63.58836328941857,25.067952578280753,
dcrlme_seed2,dcrlme,2,leg4_paralysed,top_k,3,17,427,1177.0587158203125,437,1190.563232421875,63.58836328941857,25.067952578280753,
dcrlme_seed2,dcrlme,2,leg4_paralysed,top_k,3,18,285,1177.501708984375,437,1190.563232421875,63.58836328941857,25.067952578280753,
dcrlme_seed2,dcrlme,2,leg4_paralysed,top_k,3,19,553,1183.5111083984375,437,1190.563232421875,63.58836328941857,25.067952578280753,
dcrlme_seed2,dcrlme,2,leg4_paralysed,top_k,3,20,311,1144.154296875,437,1190.563232421875,63.58836328941857,25.067952578280753,
dcrlme_seed2,dcrlme,2,leg4_paralysed,top_k,4,1,771,1146.524658203125,771,1139.357177734375,38.895284344795144,15.333389523430613,
dcrlme_seed2,dcrlme,2,leg4_paralysed,top_k,4,2,905,1138.7890625,771,1139.357177734375,38.895284344795144,15.333389523430613,
dcrlme_seed2,dcrlme,2,leg4_paralysed,top_k,4,3,906,1179.177490234375,906,1137.7822265625,38.13579615812705,15.03398232276866,
dcrlme_seed2,dcrlme,2,leg4_paralysed,top_k,4,4,32,1123.3076171875,906,1137.7822265625,38.13579615812705,15.03398232276866,
dcrlme_seed2,dcrlme,2,leg4_paralysed,top_k,4,5,258,1143.0179443359375,906,1137.7822265625,38.13579615812705,15.03398232276866,
dcrlme_seed2,dcrlme,2,leg4_paralysed,top_k,4,6,94,1138.2255859375,906,1137.7822265625,38.13579615812705,15.03398232276866,
dcrlme_seed2,dcrlme,2,leg4_paralysed,top_k,4,7,437,1205.269287109375,437,1190.563232421875,63.58836328941857,25.067952578280753,
dcrlme_seed2,dcrlme,2,leg4_paralysed,top_k,4,8,790,1150.55859375,437,1190.563232421875,63.58836328941857,25.067952578280753,
dcrlme_seed2,dcrlme,2,leg4_paralysed,top_k,4,9,161,1137.311279296875,437,1190.563232421875,63.58836328941857,25.067952578280753,
dcrlme_seed2,dcrlme,2,leg4_paralysed,top_k,4,10,661,1123.079833984375,437,1190.563232421875,63.58836328941857,25.067952578280753,
dcrlme_seed2,dcrlme,2,leg4_paralysed,top_k,4,11,478,1105.63232421875,437,1190.563232421875,63.58836328941857,25.067952578280753,
dcrlme_seed2,dcrlme,2,leg4_paralysed,top_k,4,12,575,1154.589111328125,437,1190.563232421875,63.58836328941857,25.067952578280753,
dcrlme_seed2,dcrlme,2,leg4_paralysed,top_k,4,13,674,1083.25830078125,437,1190.563232421875,63.58836328941857,25.067952578280753,
dcrlme_seed2,dcrlme,2,leg4_paralysed,top_k,4,14,323,1139.970947265625,437,1190.563232421875,63.58836328941857,25.067952578280753,
dcrlme_seed2,dcrlme,2,leg4_paralysed,top_k,4,15,358,1175.7763671875,437,1190.563232421875,63.58836328941857,25.067952578280753,
dcrlme_seed2,dcrlme,2,leg4_paralysed,top_k,4,16,120,1133.450927734375,437,1190.563232421875,63.58836328941857,25.067952578280753,
dcrlme_seed2,dcrlme,2,leg4_paralysed,top_k,4,17,427,1155.461181640625,437,1190.563232421875,63.58836328941857,25.067952578280753,
dcrlme_seed2,dcrlme,2,leg4_paralysed,top_k,4,18,285,1135.0697021484375,437,1190.563232421875,63.58836328941857,25.067952578280753,
dcrlme_seed2,dcrlme,2,leg4_paralysed,top_k,4,19,553,1187.929931640625,437,1190.563232421875,63.58836328941857,25.067952578280753,
dcrlme_seed2,dcrlme,2,leg4_paralysed,top_k,4,20,311,1144.8001708984375,437,1190.563232421875,63.58836328941857,25.067952578280753,
dcrlme_seed2,dcrlme,2,leg4_paralysed,best_intact,0,1,771,1159.812744140625,771,1139.357177734375,38.895284344795144,15.333389523430613,
dcrlme_seed2,dcrlme,2,leg4_paralysed,best_intact,1,1,771,1126.644775390625,771,1139.357177734375,38.895284344795144,15.333389523430613,
dcrlme_seed2,dcrlme,2,leg4_paralysed,best_intact,2,1,771,1152.429931640625,771,1139.357177734375,38.895284344795144,15.333389523430613,
dcrlme_seed2,dcrlme,2,leg4_paralysed,best_intact,3,1,771,1135.2628173828125,771,1139.357177734375,38.895284344795144,15.333389523430613,
dcrlme_seed2,dcrlme,2,leg4_paralysed,best_intact,4,1,771,1135.147705078125,771,1139.357177734375,38.895284344795144,15.333389523430613,
dcrlme_seed2,dcrlme,2,leg1_weak,ite,0,1,771,1376.6002197265625,771,1338.4866943359375,84.39580886531121,53.18904638412082,4
dcrlme_seed2,dcrlme,2,leg1_weak,ite,0,2,311,1342.1192626953125,771,1338.4866943359375,84.39580886531121,53.18904638412082,4
dcrlme_seed2,dcrlme,2,leg1_weak,ite,0,3,258,1298.196533203125,771,1338.4866943359375,84.39580886531121,53.18904638412082,4
dcrlme_seed2,dcrlme,2,leg1_weak,ite,0,4,161,1112.76806640625,771,1338.4866943359375,84.39580886531121,53.18904638412082,4
dcrlme_seed2,dcrlme,2,leg1_weak,ite,0,5,311,1269.7001953125,771,1338.4866943359375,84.39580886531121,53.18904638412082,4
dcrlme_seed2,dcrlme,2,leg1_weak,ite,0,6,258,1300.674072265625,771,1338.4866943359375,84.39580886531121,53.18904638412082,4
dcrlme_seed2,dcrlme,2,leg1_weak,ite,0,7,771,1348.286376953125,771,1338.4866943359375,84.39580886531121,53.18904638412082,4
dcrlme_seed2,dcrlme,2,leg1_weak,ite,0,8,771,1345.34521484375,771,1338.4866943359375,84.39580886531121,53.18904638412082,4
dcrlme_seed2,dcrlme,2,leg1_weak,ite,0,9,771,1362.146728515625,771,1338.4866943359375,84.39580886531121,53.18904638412082,4
dcrlme_seed2,dcrlme,2,leg1_weak,ite,0,10,771,1385.151123046875,771,1338.4866943359375,84.39580886531121,53.18904638412082,4
dcrlme_seed2,dcrlme,2,leg1_weak,ite,0,11,771,1397.132080078125,771,1338.4866943359375,84.39580886531121,53.18904638412082,4
dcrlme_seed2,dcrlme,2,leg1_weak,ite,0,12,771,1352.390625,771,1338.4866943359375,84.39580886531121,53.18904638412082,4
dcrlme_seed2,dcrlme,2,leg1_weak,ite,0,13,771,1383.1387939453125,771,1338.4866943359375,84.39580886531121,53.18904638412082,4
dcrlme_seed2,dcrlme,2,leg1_weak,ite,0,14,771,1332.7955322265625,771,1338.4866943359375,84.39580886531121,53.18904638412082,4
dcrlme_seed2,dcrlme,2,leg1_weak,ite,0,15,771,1353.1015625,771,1338.4866943359375,84.39580886531121,53.18904638412082,4
dcrlme_seed2,dcrlme,2,leg1_weak,ite,0,16,771,1378.8953857421875,771,1338.4866943359375,84.39580886531121,53.18904638412082,4
dcrlme_seed2,dcrlme,2,leg1_weak,ite,0,17,771,1357.188720703125,771,1338.4866943359375,84.39580886531121,53.18904638412082,4
dcrlme_seed2,dcrlme,2,leg1_weak,ite,0,18,771,1357.8582763671875,771,1338.4866943359375,84.39580886531121,53.18904638412082,4
dcrlme_seed2,dcrlme,2,leg1_weak,ite,0,19,771,1357.572265625,771,1338.4866943359375,84.39580886531121,53.18904638412082,4
dcrlme_seed2,dcrlme,2,leg1_weak,ite,0,20,771,1365.283935546875,771,1338.4866943359375,84.39580886531121,53.18904638412082,4
dcrlme_seed2,dcrlme,2,leg1_weak,ite,1,1,771,1345.9951171875,771,1338.4866943359375,84.39580886531121,53.18904638412082,4
dcrlme_seed2,dcrlme,2,leg1_weak,ite,1,2,311,1306.0379638671875,771,1338.4866943359375,84.39580886531121,53.18904638412082,4
dcrlme_seed2,dcrlme,2,leg1_weak,ite,1,3,258,1281.8319091796875,771,1338.4866943359375,84.39580886531121,53.18904638412082,4
dcrlme_seed2,dcrlme,2,leg1_weak,ite,1,4,161,1083.959716796875,771,1338.4866943359375,84.39580886531121,53.18904638412082,4
dcrlme_seed2,dcrlme,2,leg1_weak,ite,1,5,311,1333.6705322265625,771,1338.4866943359375,84.39580886531121,53.18904638412082,4
dcrlme_seed2,dcrlme,2,leg1_weak,ite,1,6,258,1291.794921875,771,1338.4866943359375,84.39580886531121,53.18904638412082,4
dcrlme_seed2,dcrlme,2,leg1_weak,ite,1,7,311,1349.21826171875,311,1336.1414794921875,83.68839029356324,52.74320766616101,4
dcrlme_seed2,dcrlme,2,leg1_weak,ite,1,8,311,1302.9366455078125,311,1336.1414794921875,83.68839029356324,52.74320766616101,4
dcrlme_seed2,dcrlme,2,leg1_weak,ite,1,9,311,1338.812255859375,311,1336.1414794921875,83.68839029356324,52.74320766616101,4
dcrlme_seed2,dcrlme,2,leg1_weak,ite,1,10,311,1369.88623046875,311,1336.1414794921875,83.68839029356324,52.74320766616101,4
dcrlme_seed2,dcrlme,2,leg1_weak,ite,1,11,311,1338.02587890625,311,1336.1414794921875,83.68839029356324,52.74320766616101,4
dcrlme_seed2,dcrlme,2,leg1_weak,ite,1,12,311,1318.963623046875,311,1336.1414794921875,83.68839029356324,52.74320766616101,4
dcrlme_seed2,dcrlme,2,leg1_weak,ite,1,13,311,1359.7236328125,311,1336.1414794921875,83.68839029356324,52.74320766616101,4
dcrlme_seed2,dcrlme,2,leg1_weak,ite,1,14,311,1279.0404052734375,311,1336.1414794921875,83.68839029356324,52.74320766616101,4
dcrlme_seed2,dcrlme,2,leg1_weak,ite,1,15,311,1285.8453369140625,311,1336.1414794921875,83.68839029356324,52.74320766616101,4
dcrlme_seed2,dcrlme,2,leg1_weak,ite,1,16,311,1367.371826171875,311,1336.1414794921875,83.68839029356324,52.74320766616101,4
dcrlme_seed2,dcrlme,2,leg1_weak,ite,1,17,311,1326.507568359375,311,1336.1414794921875,83.68839029356324,52.74320766616101,4
dcrlme_seed2,dcrlme,2,leg1_weak,ite,1,18,311,1331.471435546875,311,1336.1414794921875,83.68839029356324,52.74320766616101,4
dcrlme_seed2,dcrlme,2,leg1_weak,ite,1,19,311,1324.986572265625,311,1336.1414794921875,83.68839029356324,52.74320766616101,4
dcrlme_seed2,dcrlme,2,leg1_weak,ite,1,20,311,1289.955810546875,311,1336.1414794921875,83.68839029356324,52.74320766616101,4
dcrlme_seed2,dcrlme,2,leg1_weak,ite,2,1,771,1352.20458984375,771,1338.4866943359375,84.39580886531121,53.18904638412082,4
dcrlme_seed2,dcrlme,2,leg1_weak,ite,2,2,311,1320.2325439453125,771,1338.4866943359375,84.39580886531121,53.18904638412082,4
dcrlme_seed2,dcrlme,2,leg1_weak,ite,2,3,258,1288.76513671875,771,1338.4866943359375,84.39580886531121,53.18904638412082,4
dcrlme_seed2,dcrlme,2,leg1_weak,ite,2,4,161,1082.4305419921875,771,1338.4866943359375,84.39580886531121,53.18904638412082,4
dcrlme_seed2,dcrlme,2,leg1_weak,ite,2,5,311,1297.89892578125,771,1338.4866943359375,84.39580886531121,53.18904638412082,4
dcrlme_seed2,dcrlme,2,leg1_weak,ite,2,6,258,1295.05517578125,771,1338.4866943359375,84.39580886531121,53.18904638412082,4
dcrlme_seed2,dcrlme,2,leg1_weak,ite,2,7,311,1320.523193359375,771,1338.4866943359375,84.39580886531121,53.18904638412082,4
dcrlme_seed2,dcrlme,2,leg1_weak,ite,2,8,311,1353.2607421875,311,1336.1414794921875,83.68839029356324,52.74320766616101,4
dcrlme_seed2,dcrlme,2,leg1_weak,ite,2,9,311,1331.77587890625,311,1336.1414794921875,83.68839029356324,52.74320766616101,4
dcrlme_seed2,dcrlme,2,leg1_weak,ite,2,10,311,1284.4263916015625,311,1336.1414794921875,83.68839029356324,52.74320766616101,4
dcrlme_seed2,dcrlme,2,leg1_weak,ite,2,11,258,1278.752197265625,311,1336.1414794921875,83.68839029356324,52.74320766616101,4
dcrlme_seed2,dcrlme,2,leg1_weak,ite,2,12,311,1359.2757568359375,311,1336.1414794921875,83.68839029356324,52.74320766616101,4
dcrlme_seed2,dcrlme,2,leg1_weak,ite,2,13,311,1321.309326171875,311,1336.1414794921875,83.68839029356324,52.74320766616101,4
dcrlme_seed2,dcrlme,2,leg1_weak,ite,2,14,311,1308.9058837890625,311,1336.1414794921875,83.68839029356324,52.74320766616101,4
dcrlme_seed2,dcrlme,2,leg1_weak,ite,2,15,311,1333.3306884765625,311,1336.1414794921875,83.68839029356324,52.74320766616101,4
dcrlme_seed2,dcrlme,2,leg1_weak,ite,2,16,311,1361.697021484375,311,1336.1414794921875,83.68839029356324,52.74320766616101,4
dcrlme_seed2,dcrlme,2,leg1_weak,ite,2,17,311,1335.9693603515625,311,1336.1414794921875,83.68839029356324,52.74320766616101,4
dcrlme_seed2,dcrlme,2,leg1_weak,ite,2,18,311,1323.9566650390625,311,1336.1414794921875,83.68839029356324,52.74320766616101,4
dcrlme_seed2,dcrlme,2,leg1_weak,ite,2,19,311,1281.863037109375,311,1336.1414794921875,83.68839029356324,52.74320766616101,4
dcrlme_seed2,dcrlme,2,leg1_weak,ite,2,20,311,1366.26904296875,311,1336.1414794921875,83.68839029356324,52.74320766616101,4
dcrlme_seed2,dcrlme,2,leg1_weak,ite,3,1,771,1295.468505859375,771,1338.4866943359375,84.39580886531121,53.18904638412082,5
dcrlme_seed2,dcrlme,2,leg1_weak,ite,3,2,311,1292.47509765625,771,1338.4866943359375,84.39580886531121,53.18904638412082,5
dcrlme_seed2,dcrlme,2,leg1_weak,ite,3,3,258,1269.092041015625,771,1338.4866943359375,84.39580886531121,53.18904638412082,5
dcrlme_seed2,dcrlme,2,leg1_weak,ite,3,4,161,1084.196533203125,771,1338.4866943359375,84.39580886531121,53.18904638412082,5
dcrlme_seed2,dcrlme,2,leg1_weak,ite,3,5,311,1348.5037841796875,311,1336.1414794921875,83.68839029356324,52.74320766616101,5
dcrlme_seed2,dcrlme,2,leg1_weak,ite,3,6,311,1312.691650390625,311,1336.1414794921875,83.68839029356324,52.74320766616101,5
dcrlme_seed2,dcrlme,2,leg1_weak,ite,3,7,311,1366.5950927734375,311,1336.1414794921875,83.68839029356324,52.74320766616101,5
dcrlme_seed2,dcrlme,2,leg1_weak,ite,3,8,311,1282.538818359375,311,1336.1414794921875,83.68839029356324,52.74320766616101,5
dcrlme_seed2,dcrlme,2,leg1_weak,ite,3,9,311,1356.061767578125,311,1336.1414794921875,83.68839029356324,52.74320766616101,5
dcrlme_seed2,dcrlme,2,leg1_weak,ite,3,10,311,1330.9730224609375,311,1336.1414794921875,83.68839029356324,52.74320766616101,5
dcrlme_seed2,dcrlme,2,leg1_weak,ite,3,11,311,1320.820068359375,311,1336.1414794921875,83.68839029356324,52.74320766616101,5
dcrlme_seed2,dcrlme,2,leg1_weak,ite,3,12,311,1279.1763916015625,311,1336.1414794921875,83.68839029356324,52.74320766616101,5
dcrlme_seed2,dcrlme,2,leg1_weak,ite,3,13,311,1327.779541015625,311,1336.1414794921875,83.68839029356324,52.74320766616101,5
dcrlme_seed2,dcrlme,2,leg1_weak,ite,3,14,311,1352.4346923828125,311,1336.1414794921875,83.68839029356324,52.74320766616101,5
dcrlme_seed2,dcrlme,2,leg1_weak,ite,3,15,311,1359.248046875,311,1336.1414794921875,83.68839029356324,52.74320766616101,5
dcrlme_seed2,dcrlme,2,leg1_weak,ite,3,16,311,1311.412109375,311,1336.1414794921875,83.68839029356324,52.74320766616101,5
dcrlme_seed2,dcrlme,2,leg1_weak,ite,3,17,311,1349.03955078125,311,1336.1414794921875,83.68839029356324,52.74320766616101,5
dcrlme_seed2,dcrlme,2,leg1_weak,ite,3,18,311,1376.4755859375,311,1336.1414794921875,83.68839029356324,52.74320766616101,5
dcrlme_seed2,dcrlme,2,leg1_weak,ite,3,19,311,1313.748291015625,311,1336.1414794921875,83.68839029356324,52.74320766616101,5
dcrlme_seed2,dcrlme,2,leg1_weak,ite,3,20,311,1379.882080078125,311,1336.1414794921875,83.68839029356324,52.74320766616101,5
dcrlme_seed2,dcrlme,2,leg1_weak,ite,4,1,771,1324.90283203125,771,1338.4866943359375,84.39580886531121,53.18904638412082,4
dcrlme_seed2,dcrlme,2,leg1_weak,ite,4,2,311,1274.122314453125,771,1338.4866943359375,84.39580886531121,53.18904638412082,4
dcrlme_seed2,dcrlme,2,leg1_weak,ite,4,3,258,1292.83203125,771,1338.4866943359375,84.39580886531121,53.18904638412082,4
dcrlme_seed2,dcrlme,2,leg1_weak,ite,4,4,161,1082.371826171875,771,1338.4866943359375,84.39580886531121,53.18904638412082,4
dcrlme_seed2,dcrlme,2,leg1_weak,ite,4,5,258,1278.49951171875,771,1338.4866943359375,84.39580886531121,53.18904638412082,4
dcrlme_seed2,dcrlme,2,leg1_weak,ite,4,6,311,1304.3837890625,771,1338.4866943359375,84.39580886531121,53.18904638412082,4
dcrlme_seed2,dcrlme,2,leg1_weak,ite,4,7,258,1274.9825439453125,771,1338.4866943359375,84.39580886531121,53.18904638412082,4
dcrlme_seed2,dcrlme,2,leg1_weak,ite,4,8,311,1326.801513671875,311,1336.1414794921875,83.68839029356324,52.74320766616101,4
dcrlme_seed2,dcrlme,2,leg1_weak,ite,4,9,311,1301.063720703125,311,1336.1414794921875,83.68839029356324,52.74320766616101,4
dcrlme_seed2,dcrlme,2,leg1_weak,ite,4,10,311,1349.334228515625,311,1336.1414794921875,83.68839029356324,52.74320766616101,4
dcrlme_seed2,dcrlme,2,leg1_weak,ite,4,11,311,1332.7791748046875,311,1336.1414794921875,83.68839029356324,52.74320766616101,4
dcrlme_seed2,dcrlme,2,leg1_weak,ite,4,12,311,1316.9193115234375,311,1336.1414794921875,83.68839029356324,52.74320766616101,4
dcrlme_seed2,dcrlme,2,leg1_weak,ite,4,13,311,1342.237060546875,311,1336.1414794921875,83.68839029356324,52.74320766616101,4
dcrlme_seed2,dcrlme,2,leg1_weak,ite,4,14,311,1360.879638671875,311,1336.1414794921875,83.68839029356324,52.74320766616101,4
dcrlme_seed2,dcrlme,2,leg1_weak,ite,4,15,311,1355.533935546875,311,1336.1414794921875,83.68839029356324,52.74320766616101,4
dcrlme_seed2,dcrlme,2,leg1_weak,ite,4,16,311,1311.4075927734375,311,1336.1414794921875,83.68839029356324,52.74320766616101,4
dcrlme_seed2,dcrlme,2,leg1_weak,ite,4,17,311,1293.78369140625,311,1336.1414794921875,83.68839029356324,52.74320766616101,4
dcrlme_seed2,dcrlme,2,leg1_weak,ite,4,18,311,1321.2685546875,311,1336.1414794921875,83.68839029356324,52.74320766616101,4
dcrlme_seed2,dcrlme,2,leg1_weak,ite,4,19,311,1317.8780517578125,311,1336.1414794921875,83.68839029356324,52.74320766616101,4
dcrlme_seed2,dcrlme,2,leg1_weak,ite,4,20,311,1339.1326904296875,311,1336.1414794921875,83.68839029356324,52.74320766616101,4
dcrlme_seed2,dcrlme,2,leg1_weak,top_k,0,1,771,1368.0439453125,771,1338.4866943359375,84.39580886531121,53.18904638412082,
dcrlme_seed2,dcrlme,2,leg1_weak,top_k,0,2,905,1252.638916015625,771,1338.4866943359375,84.39580886531121,53.18904638412082,
dcrlme_seed2,dcrlme,2,leg1_weak,top_k,0,3,906,1254.724609375,771,1338.4866943359375,84.39580886531121,53.18904638412082,
dcrlme_seed2,dcrlme,2,leg1_weak,top_k,0,4,32,1173.12158203125,771,1338.4866943359375,84.39580886531121,53.18904638412082,
dcrlme_seed2,dcrlme,2,leg1_weak,top_k,0,5,258,1282.927490234375,771,1338.4866943359375,84.39580886531121,53.18904638412082,
dcrlme_seed2,dcrlme,2,leg1_weak,top_k,0,6,94,1215.1865234375,771,1338.4866943359375,84.39580886531121,53.18904638412082,
dcrlme_seed2,dcrlme,2,leg1_weak,top_k,0,7,437,1278.651611328125,771,1338.4866943359375,84.39580886531121,53.18904638412082,
dcrlme_seed2,dcrlme,2,leg1_weak,top_k,0,8,790,1159.754150390625,771,1338.4866943359375,84.39580886531121,53.18904638412082,
dcrlme_seed2,dcrlme,2,leg1_weak,top_k,0,9,161,1085.806884765625,771,1338.4866943359375,84.39580886531121,53.18904638412082,
dcrlme_seed2,dcrlme,2,leg1_weak,top_k,0,10,661,1184.1083984375,771,1338.4866943359375,84.39580886531121,53.18904638412082,
dcrlme_seed2,dcrlme,2,leg1_weak,top_k,0,11,478,1219.6552734375,771,1338.4866943359375,84.39580886531121,53.18904638412082,
dcrlme_seed2,dcrlme,2,leg1_weak,top_k,0,12,575,1202.7626953125,771,1338.4866943359375,84.39580886531121,53.18904638412082,
dcrlme_seed2,dcrlme,2,leg1_weak,top_k,0,13,674,1069.5157470703125,771,1338.4866943359375,84.39580886531121,53.18904638412082,
dcrlme_seed2,dcrlme,2,leg1_weak,top_k,0,14,323,1157.3084716796875,771,1338.4866943359375,84.39580886531121,53.18904638412082,
dcrlme_seed2,dcrlme,2,leg1_weak,top_k,0,15,358,1141.893310546875,771,1338.4866943359375,84.39580886531121,53.18904638412082,
dcrlme_seed2,dcrlme,2,leg1_weak,top_k,0,16,120,1254.368896484375,771,1338.4866943359375,84.39580886531121,53.18904638412082,
dcrlme_seed2,dcrlme,2,leg1_weak,top_k,0,17,427,1226.6278076171875,771,1338.4866943359375,84.39580886531121,53.18904638412082,
dcrlme_seed2,dcrlme,2,leg1_weak,top_k,0,18,285,1311.962158203125,771,1338.4866943359375,84.39580886531121,53.18904638412082,
dcrlme_seed2,dcrlme,2,leg1_weak,top_k,0,19,553,1296.5955810546875,771,1338.4866943359375,84.39580886531121,53.18904638412082,
dcrlme_seed2,dcrlme,2,leg1_weak,top_k,0,20,311,1335.315185546875,771,1338.4866943359375,84.39580886531121,53.18904638412082,
dcrlme_seed2,dcrlme,2,leg1_weak,top_k,1,1,771,1293.310791015625,771,1338.4866943359375,84.39580886531121,53.18904638412082,
dcrlme_seed2,dcrlme,2,leg1_weak,top_k,1,2,905,1275.615966796875,771,1338.4866943359375,84.39580886531121,53.18904638412082,
dcrlme_seed2,dcrlme,2,leg1_weak,top_k,1,3,906,1268.380126953125,771,1338.4866943359375,84.39580886531121,53.18904638412082,
dcrlme_seed2,dcrlme,2,leg1_weak,top_k,1,4,32,1161.802490234375,771,1338.4866943359375,84.39580886531121,53.18904638412082,
dcrlme_seed2,dcrlme,2,leg1_weak,top_k,1,5,258,1262.4952392578125,771,1338.4866943359375,84.39580886531121,53.18904638412082,
dcrlme_seed2,dcrlme,2,leg1_weak,top_k,1,6,94,1210.0538330078125,771,1338.4866943359375,84.39580886531121,53.18904638412082,
dcrlme_seed2,dcrlme,2,leg1_weak,top_k,1,7,437,1262.468994140625,771,1338.4866943359375,84.39580886531121,53.18904638412082,
dcrlme_seed2,dcrlme,2,leg1_weak,top_k,1,8,790,1180.3216552734375,771,1338.4866943359375,84.39580886531121,53.18904638412082,
dcrlme_seed2,dcrlme,2,leg1_weak,top_k,1,9,161,1096.67041015625,771,1338.4866943359375,84.39580886531121,53.18904638412082,
dcrlme_seed2,dcrlme,2,leg1_weak,top_k,1,10,661,1201.6627197265625,771,1338.4866943359375,84.39580886531121,53.18904638412082,
dcrlme_seed2,dcrlme,2,leg1_weak,top_k,1,11,478,1218.7913818359375,771,1338.4866943359375,84.39580886531121,53.18904638412082,
dcrlme_seed2,dcrlme,2,leg1_weak,top_k,1,12,575,1156.638916015625,771,1338.4866943359375,84.39580886531121,53.18904638412082,
dcrlme_seed2,dcrlme,2,leg1_weak,top_k,1,13,674,1072.494873046875,771,1338.4866943359375,84.39580886531121,53.18904638412082,
dcrlme_seed2,dcrlme,2,leg1_weak,top_k,1,14,323,1134.140625,771,1338.4866943359375,84.39580886531121,53.18904638412082,
dcrlme_seed2,dcrlme,2,leg1_weak,top_k,1,15,358,1262.49560546875,771,1338.4866943359375,84.39580886531121,53.18904638412082,
dcrlme_seed2,dcrlme,2,leg1_weak,top_k,1,16,120,1256.963623046875,771,1338.4866943359375,84.39580886531121,53.18904638412082,
dcrlme_seed2,dcrlme,2,leg1_weak,top_k,1,17,427,1246.112548828125,771,1338.4866943359375,84.39580886531121,53.18904638412082,
dcrlme_seed2,dcrlme,2,leg1_weak,top_k,1,18,285,1340.7669677734375,285,1325.2115478515625,80.39144858644426,50.66536532134083,
dcrlme_seed2,dcrlme,2,leg1_weak,top_k,1,19,553,1270.8466796875,285,1325.2115478515625,80.39144858644426,50.66536532134083,
dcrlme_seed2,dcrlme,2,leg1_weak,top_k,1,20,311,1331.034423828125,285,1325.2115478515625,80.39144858644426,50.66536532134083,
dcrlme_seed2,dcrlme,2,leg1_weak,top_k,2,1,771,1365.180419921875,771,1338.4866943359375,84.39580886531121,53.18904638412082,
dcrlme_seed2,dcrlme,2,leg1_weak,top_k,2,2,905,1258.802978515625,771,1338.4866943359375,84.39580886531121,53.18904638412082,
dcrlme_seed2,dcrlme,2,leg1_weak,top_k,2,3,906,1287.212158203125,771,1338.4866943359375,84.39580886531121,53.18904638412082,
dcrlme_seed2,dcrlme,2,leg1_weak,top_k,2,4,32,1150.0592041015625,771,1338.4866943359375,84.39580886531121,53.18904638412082,
dcrlme_seed2,dcrlme,2,leg1_weak,top_k,2,5,258,1277.60888671875,771,1338.4866943359375,84.39580886531121,53.18904638412082,
dcrlme_seed2,dcrlme,2,leg1_weak,top_k,2,6,94,1218.242431640625,771,1338.4866943359375,84.39580886531121,53.18904638412082,
dcrlme_seed2,dcrlme,2,leg1_weak,top_k,2,7,437,1300.8759765625,771,1338.4866943359375,84.39580886531121,53.18904638412082,
dcrlme_seed2,dcrlme,2,leg1_weak,top_k,2,8,790,1144.6524658203125,771,1338.4866943359375,84.39580886531121,53.18904638412082,
dcrlme_seed2,dcrlme,2,leg1_weak,top_k,2,9,161,1086.607177734375,771,1338.4866943359375,84.39580886531121,53.18904638412082,
dcrlme_seed2,dcrlme,2,leg1_weak,top_k,2,10,661,1213.8438720703125,771,1338.4866943359375,84.39580886531121,53.18904638412082,
dcrlme_seed2,dcrlme,2,leg1_weak,top_k,2,11,478,1231.5263671875,771,1338.4866943359375,84.39580886531121,53.18904638412082,
dcrlme_seed2,dcrlme,2,leg1_weak,top_k,2,12,575,1199.409423828125,771,1338.4866943359375,84.39580886531121,53.18904638412082,
dcrlme_seed2,dcrlme,2,leg1_weak,top_k,2,13,674,1077.148193359375,771,1338.4866943359375,84.39580886531121,53.18904638412082,
dcrlme_seed2,dcrlme,2,leg1_weak,top_k,2,14,323,1145.540771484375,771,1338.4866943359375,84.39580886531121,53.18904638412082,
dcrlme_seed2,dcrlme,2,leg1_weak,top_k,2,15,358,1312.775390625,771,1338.4866943359375,84.39580886531121,53.18904638412082,
dcrlme_seed2,dcrlme,2,leg1_weak,top_k,2,16,120,1282.546630859375,771,1338.4866943359375,84.39580886531121,53.18904638412082,
dcrlme_seed2,dcrlme,2,leg1_weak,top_k,2,17,427,1244.4246826171875,771,1338.4866943359375,84.39580886531121,53.18904638412082,
dcrlme_seed2,dcrlme,2,leg1_weak,top_k,2,18,285,1368.1591796875,285,1325.2115478515625,80.39144858644426,50.66536532134083,
dcrlme_seed2,dcrlme,2,leg1_weak,top_k,2,19,553,1217.1575927734375,285,1325.2115478515625,80.39144858644426,50.66536532134083,
dcrlme_seed2,dcrlme,2,leg1_weak,top_k,2,20,311,1406.867431640625,311,1336.1414794921875,83.68839029356324,52.74320766616101,
dcrlme_seed2,dcrlme,2,leg1_weak,top_k,3,1,771,1328.260498046875,771,1338.4866943359375,84.39580886531121,53.18904638412082,
dcrlme_seed2,dcrlme,2,leg1_weak,top_k,3,2,905,1265.191650390625,771,1338.4866943359375,84.39580886531121,53.18904638412082,
dcrlme_seed2,dcrlme,2,leg1_weak,top_k,3,3,906,1181.48095703125,771,1338.4866943359375,84.39580886531121,53.18904638412082,
dcrlme_seed2,dcrlme,2,leg1_weak,top_k,3,4,32,1093.508544921875,771,1338.4866943359375,84.39580886531121,53.18904638412082,
dcrlme_seed2,dcrlme,2,leg1_weak,top_k,3,5,258,1290.823974609375,771,1338.4866943359375,84.39580886531121,53.18904638412082,
dcrlme_seed2,dcrlme,2,leg1_weak,top_k,3,6,94,1217.48291015625,771,1338.4866943359375,84.39580886531121,53.18904638412082,
dcrlme_seed2,dcrlme,2,leg1_weak,top_k,3,7,437,1294.1546630859375,771,1338.4866943359375,84.39580886531121,53.18904638412082,
dcrlme_seed2,dcrlme,2,leg1_weak,top_k,3,8,790,1162.48828125,771,1338.4866943359375,84.39580886531121,53.18904638412082,
dcrlme_seed2,dcrlme,2,leg1_weak,top_k,3,9,161,1100.974365234375,771,1338.4866943359375,84.39580886531121,53.18904638412082,
dcrlme_seed2,dcrlme,2,leg1_weak,top_k,3,10,661,1207.434326171875,771,1338.4866943359375,84.39580886531121,53.18904638412082,
dcrlme_seed2,dcrlme,2,leg1_weak,top_k,3,11,478,1223.14599609375,771,1338.4866943359375,84.39580886531121,53.18904638412082,
dcrlme_seed2,dcrlme,2,leg1_weak,top_k,3,12,575,1153.468994140625,771,1338.4866943359375,84.39580886531121,53.18904638412082,
dcrlme_seed2,dcrlme,2,leg1_weak,top_k,3,13,674,1070.875732421875,771,1338.4866943359375,84.39580886531121,53.18904638412082,
dcrlme_seed2,dcrlme,2,leg1_weak,top_k,3,14,323,1146.573974609375,771,1338.4866943359375,84.39580886531121,53.18904638412082,
dcrlme_seed2,dcrlme,2,leg1_weak,top_k,3,15,358,1329.033203125,358,1246.5526123046875,56.66450007762015,35.71185303492431,
dcrlme_seed2,dcrlme,2,leg1_weak,top_k,3,16,120,1230.3389892578125,358,1246.5526123046875,56.66450007762015,35.71185303492431,
dcrlme_seed2,dcrlme,2,leg1_weak,top_k,3,17,427,1194.738037109375,358,1246.5526123046875,56.66450007762015,35.71185303492431,
dcrlme_seed2,dcrlme,2,leg1_weak,top_k,3,18,285,1208.063720703125,358,1246.5526123046875,56.66450007762015,35.71185303492431,
dcrlme_seed2,dcrlme,2,leg1_weak,top_k,3,19,553,1246.8092041015625,358,1246.5526123046875,56.66450007762015,35.71185303492431,
dcrlme_seed2,dcrlme,2,leg1_weak,top_k,3,20,311,1360.101318359375,311,1336.1414794921875,83.68839029356324,52.74320766616101,
dcrlme_seed2,dcrlme,2,leg1_weak,top_k,4,1,771,1363.3951416015625,771,1338.4866943359375,84.39580886531121,53.18904638412082,
dcrlme_seed2,dcrlme,2,leg1_weak,top_k,4,2,905,1208.3277587890625,771,1338.4866943359375,84.39580886531121,53.18904638412082,
dcrlme_seed2,dcrlme,2,leg1_weak,top_k,4,3,906,1277.9378662109375,771,1338.4866943359375,84.39580886531121,53.18904638412082,
dcrlme_seed2,dcrlme,2,leg1_weak,top_k,4,4,32,1169.76806640625,771,1338.4866943359375,84.39580886531121,53.18904638412082,
dcrlme_seed2,dcrlme,2,leg1_weak,top_k,4,5,258,1284.20068359375,771,1338.4866943359375,84.39580886531121,53.18904638412082,
dcrlme_seed2,dcrlme,2,leg1_weak,top_k,4,6,94,1206.7568359375,771,1338.4866943359375,84.39580886531121,53.18904638412082,
dcrlme_seed2,dcrlme,2,leg1_weak,top_k,4,7,437,1280.72509765625,771,1338.4866943359375,84.39580886531121,53.18904638412082,
dcrlme_seed2,dcrlme,2,leg1_weak,top_k,4,8,790,1150.503173828125,771,1338.4866943359375,84.39580886531121,53.18904638412082,
dcrlme_seed2,dcrlme,2,leg1_weak,top_k,4,9,161,1072.9039306640625,771,1338.4866943359375,84.39580886531121,53.18904638412082,
dcrlme_seed2,dcrlme,2,leg1_weak,top_k,4,10,661,1214.98583984375,771,1338.4866943359375,84.39580886531121,53.18904638412082,
dcrlme_seed2,dcrlme,2,leg1_weak,top_k,4,11,478,1234.454833984375,771,1338.4866943359375,84.39580886531121,53.18904638412082,
dcrlme_seed2,dcrlme,2,leg1_weak,top_k,4,12,575,1184.0772705078125,771,1338.4866943359375,84.39580886531121,53.18904638412082,
dcrlme_seed2,dcrlme,2,leg1_weak,top_k,4,13,674,1075.174560546875,771,1338.4866943359375,84.39580886531121,53.18904638412082,
dcrlme_seed2,dcrlme,2,leg1_weak,top_k,4,14,323,1152.1015625,771,1338.4866943359375,84.39580886531121,53.18904638412082,
dcrlme_seed2,dcrlme,2,leg1_weak,top_k,4,15,358,1146.935302734375,771,1338.4866943359375,84.39580886531121,53.18904638412082,
dcrlme_seed2,dcrlme,2,leg1_weak,top_k,4,16,120,1258.587158203125,771,1338.4866943359375,84.39580886531121,53.18904638412082,
dcrlme_seed2,dcrlme,2,leg1_weak,top_k,4,17,427,1239.66796875,771,1338.4866943359375,84.39580886531121,53.18904638412082,
dcrlme_seed2,dcrlme,2,leg1_weak,top_k,4,18,285,1355.507080078125,771,1338.4866943359375,84.39580886531121,53.18904638412082,
dcrlme_seed2,dcrlme,2,leg1_weak,top_k,4,19,553,1213.9945068359375,771,1338.4866943359375,84.39580886531121,53.18904638412082,
dcrlme_seed2,dcrlme,2,leg1_weak,top_k,4,20,311,1364.141845703125,311,1336.1414794921875,83.68839029356324,52.74320766616101,
dcrlme_seed2,dcrlme,2,leg1_weak,best_intact,0,1,771,1349.67236328125,771,1338.4866943359375,84.39580886531121,53.18904638412082,
dcrlme_seed2,dcrlme,2,leg1_weak,best_intact,1,1,771,1355.352783203125,771,1338.4866943359375,84.39580886531121,53.18904638412082,
dcrlme_seed2,dcrlme,2,leg1_weak,best_intact,2,1,771,1328.6376953125,771,1338.4866943359375,84.39580886531121,53.18904638412082,
dcrlme_seed2,dcrlme,2,leg1_weak,best_intact,3,1,771,1282.52099609375,771,1338.4866943359375,84.39580886531121,53.18904638412082,
dcrlme_seed2,dcrlme,2,leg1_weak,best_intact,4,1,771,1353.4278564453125,771,1338.4866943359375,84.39580886531121,53.18904638412082,
dcrlme_seed2,dcrlme,2,leg2_weak,ite,0,1,771,1309.307861328125,771,1197.041015625,41.23023746331701,26.299416111866805,4
dcrlme_seed2,dcrlme,2,leg2_weak,ite,0,2,311,1087.7760009765625,771,1197.041015625,41.23023746331701,26.299416111866805,4
dcrlme_seed2,dcrlme,2,leg2_weak,ite,0,3,258,1279.722900390625,771,1197.041015625,41.23023746331701,26.299416111866805,4
dcrlme_seed2,dcrlme,2,leg2_weak,ite,0,4,305,1217.804443359375,771,1197.041015625,41.23023746331701,26.299416111866805,4
dcrlme_seed2,dcrlme,2,leg2_weak,ite,0,5,258,1240.4658203125,771,1197.041015625,41.23023746331701,26.299416111866805,4
dcrlme_seed2,dcrlme,2,leg2_weak,ite,0,6,905,1138.50634765625,771,1197.041015625,41.23023746331701,26.299416111866805,4
dcrlme_seed2,dcrlme,2,leg2_weak,ite,0,7,258,1231.6085205078125,771,1197.041015625,41.23023746331701,26.299416111866805,4
dcrlme_seed2,dcrlme,2,leg2_weak,ite,0,8,133,1082.04296875,771,1197.041015625,41.23023746331701,26.299416111866805,4
dcrlme_seed2,dcrlme,2,leg2_weak,ite,0,9,258,1251.751708984375,771,1197.041015625,41.23023746331701,26.299416111866805,4
dcrlme_seed2,dcrlme,2,leg2_weak,ite,0,10,258,1189.811767578125,771,1197.041015625,41.23023746331701,26.299416111866805,4
dcrlme_seed2,dcrlme,2,leg2_weak,ite,0,11,258,1251.8779296875,771,1197.041015625,41.23023746331701,26.299416111866805,4
dcrlme_seed2,dcrlme,2,leg2_weak,ite,0,12,258,1241.3480224609375,771,1197.041015625,41.23023746331701,26.299416111866805,4
dcrlme_seed2,dcrlme,2,leg2_weak,ite,0,13,258,1242.7640380859375,771,1197.041015625,41.23023746331701,26.299416111866805,4
dcrlme_seed2,dcrlme,2,leg2_weak,ite,0,14,258,1240.752197265625,771,1197.041015625,41.23023746331701,26.299416111866805,4
dcrlme_seed2,dcrlme,2,leg2_weak,ite,0,15,258,1227.0498046875,771,1197.041015625,41.23023746331701,26.299416111866805,4
dcrlme_seed2,dcrlme,2,leg2_weak,ite,0,16,872,1084.159912109375,771,1197.041015625,41.23023746331701,26.299416111866805,4
dcrlme_seed2,dcrlme,2,leg2_weak,ite,0,17,258,1250.92822265625,771,1197.041015625,41.23023746331701,26.299416111866805,4
dcrlme_seed2,dcrlme,2,leg2_weak,ite,0,18,258,1247.7811279296875,771,1197.041015625,41.23023746331701,26.299416111866805,4
dcrlme_seed2,dcrlme,2,leg2_weak,ite,0,19,258,1240.662109375,771,1197.041015625,41.23023746331701,26.299416111866805,4
dcrlme_seed2,dcrlme,2,leg2_weak,ite,0,20,258,1263.8515625,771,1197.041015625,41.23023746331701,26.299416111866805,4
dcrlme_seed2,dcrlme,2,leg2_weak,ite,1,1,771,1244.4879150390625,771,1197.041015625,41.23023746331701,26.299416111866805,7
dcrlme_seed2,dcrlme,2,leg2_weak,ite,1,2,311,1108.146484375,771,1197.041015625,41.23023746331701,26.299416111866805,7
dcrlme_seed2,dcrlme,2,leg2_weak,ite,1,3,258,1241.031494140625,771,1197.041015625,41.23023746331701,26.299416111866805,7
dcrlme_seed2,dcrlme,2,leg2_weak,ite,1,4,305,1216.66162109375,771,1197.041015625,41.23023746331701,26.299416111866805,7
dcrlme_seed2,dcrlme,2,leg2_weak,ite,1,5,872,1078.6478271484375,771,1197.041015625,41.23023746331701,26.299416111866805,7
dcrlme_seed2,dcrlme,2,leg2_weak,ite,1,6,456,1096.692138671875,771,1197.041015625,41.23023746331701,26.299416111866805,7
dcrlme_seed2,dcrlme,2,leg2_weak,ite,1,7,258,1248.203857421875,258,1252.4202880859375,57.73510800944276,36.82733166780439,7
dcrlme_seed2,dcrlme,2,leg2_weak,ite,1,8,258,1236.24658203125,258,1252.4202880859375,57.73510800944276,36.82733166780439,7
dcrlme_seed2,dcrlme,2,leg2_weak,ite,1,9,258,1253.4296875,258,1252.4202880859375,57.73510800944276,36.82733166780439,7
dcrlme_seed2,dcrlme,2,leg2_weak,ite,1,10,258,1258.4288330078125,258,1252.4202880859375,57.73510800944276,36.82733166780439,7
dcrlme_seed2,dcrlme,2,leg2_weak,ite,1,11,258,1226.204833984375,258,1252.4202880859375,57.73510800944276,36.82733166780439,7
dcrlme_seed2,dcrlme,2,leg2_weak,ite,1,12,258,1264.041259765625,258,1252.4202880859375,57.73510800944276,36.82733166780439,7
dcrlme_seed2,dcrlme,2,leg2_weak,ite,1,13,258,1240.691650390625,258,1252.4202880859375,57.73510800944276,36.82733166780439,7
dcrlme_seed2,dcrlme,2,leg2_weak,ite,1,14,258,1253.31689453125,258,1252.4202880859375,57.73510800944276,36.82733166780439,7
dcrlme_seed2,dcrlme,2,leg2_weak,ite,1,15,258,1266.390380859375,258,1252.4202880859375,57.73510800944276,36.82733166780439,7
dcrlme_seed2,dcrlme,2,leg2_weak,ite,1,16,258,1264.85986328125,258,1252.4202880859375,57.73510800944276,36.82733166780439,7
dcrlme_seed2,dcrlme,2,leg2_weak,ite,1,17,258,1249.4986572265625,258,1252.4202880859375,57.73510800944276,36.82733166780439,7
dcrlme_seed2,dcrlme,2,leg2_weak,ite,1,18,258,1264.961669921875,258,1252.4202880859375,57.73510800944276,36.82733166780439,7
dcrlme_seed2,dcrlme,2,leg2_weak,ite,1,19,258,1237.94775390625,258,1252.4202880859375,57.73510800944276,36.82733166780439,7
dcrlme_seed2,dcrlme,2,leg2_weak,ite,1,20,258,1245.455810546875,258,1252.4202880859375,57.73510800944276,36.82733166780439,7
dcrlme_seed2,dcrlme,2,leg2_weak,ite,2,1,771,1295.539306640625,771,1197.041015625,41.23023746331701,26.299416111866805,4
dcrlme_seed2,dcrlme,2,leg2_weak,ite,2,2,311,1086.92333984375,771,1197.041015625,41.23023746331701,26.299416111866805,4
dcrlme_seed2,dcrlme,2,leg2_weak,ite,2,3,258,1262.7060546875,771,1197.041015625,41.23023746331701,26.299416111866805,4
dcrlme_seed2,dcrlme,2,leg2_weak,ite,2,4,305,1204.12353515625,771,1197.041015625,41.23023746331701,26.299416111866805,4
dcrlme_seed2,dcrlme,2,leg2_weak,ite,2,5,258,1232.166015625,771,1197.041015625,41.23023746331701,26.299416111866805,4
dcrlme_seed2,dcrlme,2,leg2_weak,ite,2,6,905,1234.5181884765625,771,1197.041015625,41.23023746331701,26.299416111866805,4
dcrlme_seed2,dcrlme,2,leg2_weak,ite,2,7,133,1081.829345703125,771,1197.041015625,41.23023746331701,26.299416111866805,4
dcrlme_seed2,dcrlme,2,leg2_weak,ite,2,8,258,1257.0838623046875,771,1197.041015625,41.23023746331701,26.299416111866805,4
dcrlme_seed2,dcrlme,2,leg2_weak,ite,2,9,872,1077.168701171875,771,1197.041015625,41.23023746331701,26.299416111866805,4
dcrlme_seed2,dcrlme,2,leg2_weak,ite,2,10,771,1175.76513671875,771,1197.041015625,41.23023746331701,26.299416111866805,4
dcrlme_seed2,dcrlme,2,leg2_weak,ite,2,11,258,1243.0177001953125,771,1197.041015625,41.23023746331701,26.299416111866805,4
dcrlme_seed2,dcrlme,2,leg2_weak,ite,2,12,258,1249.7607421875,771,1197.041015625,41.23023746331701,26.299416111866805,4
dcrlme_seed2,dcrlme,2,leg2_weak,ite,2,13,258,1221.951904296875,771,1197.041015625,41.23023746331701,26.299416111866805,4
dcrlme_seed2,dcrlme,2,leg2_weak,ite,2,14,258,1237.0919189453125,771,1197.041015625,41.23023746331701,26.299416111866805,4
dcrlme_seed2,dcrlme,2,leg2_weak,ite,2,15,258,1249.01416015625,771,1197.041015625,41.23023746331701,26.299416111866805,4
dcrlme_seed2,dcrlme,2,leg2_weak,ite,2,16,258,1247.028564453125,771,1197.041015625,41.23023746331701,26.299416111866805,4
dcrlme_seed2,dcrlme,2,leg2_weak,ite,2,17,258,1264.9512939453125,771,1197.041015625,41.23023746331701,26.299416111866805,4
dcrlme_seed2,dcrlme,2,leg2_weak,ite,2,18,258,1266.7174072265625,771,1197.041015625,41.23023746331701,26.299416111866805,4
dcrlme_seed2,dcrlme,2,leg2_weak,ite,2,19,258,1244.68017578125,771,1197.041015625,41.23023746331701,26.299416111866805,4
dcrlme_seed2,dcrlme,2,leg2_weak,ite,2,20,258,1257.141357421875,771,1197.041015625,41.23023746331701,26.299416111866805,4
dcrlme_seed2,dcrlme,2,leg2_weak,ite,3,1,771,1163.4830322265625,771,1197.041015625,41.23023746331701,26.299416111866805,6
dcrlme_seed2,dcrlme,2,leg2_weak,ite,3,2,311,1096.928466796875,771,1197.041015625,41.23023746331701,26.299416111866805,6
dcrlme_seed2,dcrlme,2,leg2_weak,ite,3,3,258,1239.5938720703125,258,1252.4202880859375,57.73510800944276,36.82733166780439,6
dcrlme_seed2,dcrlme,2,leg2_weak,ite,3,4,305,1184.185302734375,258,1252.4202880859375,57.73510800944276,36.82733166780439,6
dcrlme_seed2,dcrlme,2,leg2_weak,ite,3,5,872,1084.862060546875,258,1252.4202880859375,57.73510800944276,36.82733166780439,6
dcrlme_seed2,dcrlme,2,leg2_weak,ite,3,6,133,1088.742431640625,258,1252.4202880859375,57.73510800944276,36.82733166780439,6
dcrlme_seed2,dcrlme,2,leg2_weak,ite,3,7,258,1253.2294921875,258,1252.4202880859375,57.73510800944276,36.82733166780439,6
dcrlme_seed2,dcrlme,2,leg2_weak,ite,3,8,258,1259.1788330078125,258,1252.4202880859375,57.73510800944276,36.82733166780439,6
dcrlme_seed2,dcrlme,2,leg2_weak,ite,3,9,258,1229.67041015625,258,1252.4202880859375,57.73510800944276,36.82733166780439,6
dcrlme_seed2,dcrlme,2,leg2_weak,ite,3,10,258,1256.887451171875,258,1252.4202880859375,57.73510800944276,36.82733166780439,6
dcrlme_seed2,dcrlme,2,leg2_weak,ite,3,11,258,1261.12353515625,258,1252.4202880859375,57.73510800944276,36.82733166780439,6
dcrlme_seed2,dcrlme,2,leg2_weak,ite,3,12,258,1229.5965576171875,258,1252.4202880859375,57.73510800944276,36.82733166780439,6
dcrlme_seed2,dcrlme,2,leg2_weak,ite,3,13,258,1273.90966796875,258,1252.4202880859375,57.73510800944276,36.82733166780439,6
dcrlme_seed2,dcrlme,2,leg2_weak,ite,3,14,258,1236.502197265625,258,1252.4202880859375,57.73510800944276,36.82733166780439,6
dcrlme_seed2,dcrlme,2,leg2_weak,ite,3,15,258,1238.953125,258,1252.4202880859375,57.73510800944276,36.82733166780439,6
dcrlme_seed2,dcrlme,2,leg2_weak,ite,3,16,258,1233.1048583984375,258,1252.4202880859375,57.73510800944276,36.82733166780439,6
dcrlme_seed2,dcrlme,2,leg2_weak,ite,3,17,258,1242.1083984375,258,1252.4202880859375,57.73510800944276,36.82733166780439,6
dcrlme_seed2,dcrlme,2,leg2_weak,ite,3,18,258,1251.5322265625,258,1252.4202880859375,57.73510800944276,36.82733166780439,6
dcrlme_seed2,dcrlme,2,leg2_weak,ite,3,19,258,1239.33447265625,258,1252.4202880859375,57.73510800944276,36.82733166780439,6
dcrlme_seed2,dcrlme,2,leg2_weak,ite,3,20,258,1240.3734130859375,258,1252.4202880859375,57.73510800944276,36.82733166780439,6
dcrlme_seed2,dcrlme,2,leg2_weak,ite,4,1,771,1263.670654296875,771,1197.041015625,41.23023746331701,26.299416111866805,5
dcrlme_seed2,dcrlme,2,leg2_weak,ite,4,2,311,1084.80615234375,771,1197.041015625,41.23023746331701,26.299416111866805,5
dcrlme_seed2,dcrlme,2,leg2_weak,ite,4,3,258,1241.6676025390625,771,1197.041015625,41.23023746331701,26.299416111866805,5
dcrlme_seed2,dcrlme,2,leg2_weak,ite,4,4,305,1184.8546142578125,771,1197.041015625,41.23023746331701,26.299416111866805,5
dcrlme_seed2,dcrlme,2,leg2_weak,ite,4,5,872,1078.5611572265625,771,1197.041015625,41.23023746331701,26.299416111866805,5
dcrlme_seed2,dcrlme,2,leg2_weak,ite,4,6,133,1096.531982421875,771,1197.041015625,41.23023746331701,26.299416111866805,5
dcrlme_seed2,dcrlme,2,leg2_weak,ite,4,7,258,1237.7618408203125,771,1197.041015625,41.23023746331701,26.299416111866805,5
dcrlme_seed2,dcrlme,2,leg2_weak,ite,4,8,258,1244.80078125,771,1197.041015625,41.23023746331701,26.299416111866805,5
dcrlme_seed2,dcrlme,2,leg2_weak,ite,4,9,258,1258.6326904296875,771,1197.041015625,41.23023746331701,26.299416111866805,5
dcrlme_seed2,dcrlme,2,leg2_weak,ite,4,10,258,1246.845703125,771,1197.041015625,41.23023746331701,26.299416111866805,5
dcrlme_seed2,dcrlme,2,leg2_weak,ite,4,11,258,1237.233154296875,771,1197.041015625,41.23023746331701,26.299416111866805,5
dcrlme_seed2,dcrlme,2,leg2_weak,ite,4,12,771,1267.6419677734375,771,1197.041015625,41.23023746331701,26.299416111866805,5
dcrlme_seed2,dcrlme,2,leg2_weak,ite,4,13,771,1269.5400390625,771,1197.041015625,41.23023746331701,26.299416111866805,5
dcrlme_seed2,dcrlme,2,leg2_weak,ite,4,14,771,1219.226318359375,771,1197.041015625,41.23023746331701,26.299416111866805,5
dcrlme_seed2,dcrlme,2,leg2_weak,ite,4,15,258,1230.256591796875,771,1197.041015625,41.23023746331701,26.299416111866805,5
dcrlme_seed2,dcrlme,2,leg2_weak,ite,4,16,771,1140.217041015625,771,1197.041015625,41.23023746331701,26.299416111866805,5
dcrlme_seed2,dcrlme,2,leg2_weak,ite,4,17,258,1224.9794921875,771,1197.041015625,41.23023746331701,26.299416111866805,5
dcrlme_seed2,dcrlme,2,leg2_weak,ite,4,18,258,1232.6322021484375,771,1197.041015625,41.23023746331701,26.299416111866805,5
dcrlme_seed2,dcrlme,2,leg2_weak,ite,4,19,258,1242.58154296875,771,1197.041015625,41.23023746331701,26.299416111866805,5
dcrlme_seed2,dcrlme,2,leg2_weak,ite,4,20,258,1236.802001953125,771,1197.041015625,41.23023746331701,26.299416111866805,5
dcrlme_seed2,dcrlme,2,leg2_weak,top_k,0,1,771,1236.275146484375,771,1197.041015625,41.23023746331701,26.299416111866805,
dcrlme_seed2,dcrlme,2,leg2_weak,top_k,0,2,905,1139.2679443359375,771,1197.041015625,41.23023746331701,26.299416111866805,
dcrlme_seed2,dcrlme,2,leg2_weak,top_k,0,3,906,1127.61572265625,771,1197.041015625,41.23023746331701,26.299416111866805,
dcrlme_seed2,dcrlme,2,leg2_weak,top_k,0,4,32,1227.84814453125,771,1197.041015625,41.23023746331701,26.299416111866805,
dcrlme_seed2,dcrlme,2,leg2_weak,top_k,0,5,258,1256.63916015625,258,1252.4202880859375,57.73510800944276,36.82733166780439,
dcrlme_seed2,dcrlme,2,leg2_weak,top_k,0,6,94,1318.0687255859375,94,1350.8675537109375,87.07567718912632,55.54271836675437,
dcrlme_seed2,dcrlme,2,leg2_weak,top_k,0,7,437,1099.222412109375,94,1350.8675537109375,87.07567718912632,55.54271836675437,
dcrlme_seed2,dcrlme,2,leg2_weak,top_k,0,8,790,1308.4151611328125,94,1350.8675537109375,87.07567718912632,55.54271836675437,
dcrlme_seed2,dcrlme,2,leg2_weak,top_k,0,9,161,1179.217529296875,94,1350.8675537109375,87.07567718912632,55.54271836675437,
dcrlme_seed2,dcrlme,2,leg2_weak,top_k,0,10,661,1272.53369140625,94,1350.8675537109375,87.07567718912632,55.54271836675437,
dcrlme_seed2,dcrlme,2,leg2_weak,top_k,0,11,478,1212.1920166015625,94,1350.8675537109375,87.07567718912632,55.54271836675437,
dcrlme_seed2,dcrlme,2,leg2_weak,top_k,0,12,575,1297.210205078125,94,1350.8675537109375,87.07567718912632,55.54271836675437,
dcrlme_seed2,dcrlme,2,leg2_weak,top_k,0,13,674,1093.547119140625,94,1350.8675537109375,87.07567718912632,55.54271836675437,
dcrlme_seed2,dcrlme,2,leg2_weak,top_k,0,14,323,1127.802001953125,94,1350.8675537109375,87.07567718912632,55.54271836675437,
dcrlme_seed2,dcrlme,2,leg2_weak,top_k,0,15,358,1197.1590576171875,94,1350.8675537109375,87.07567718912632,55.54271836675437,
dcrlme_seed2,dcrlme,2,leg2_weak,top_k,0,16,120,1236.2471923828125,94,1350.8675537109375,87.07567718912632,55.54271836675437,
dcrlme_seed2,dcrlme,2,leg2_weak,top_k,0,17,427,1143.096923828125,94,1350.8675537109375,87.07567718912632,55.54271836675437,
dcrlme_seed2,dcrlme,2,leg2_weak,top_k,0,18,285,1080.9296875,94,1350.8675537109375,87.07567718912632,55.54271836675437,
dcrlme_seed2,dcrlme,2,leg2_weak,top_k,0,19,553,1224.22119140625,94,1350.8675537109375,87.07567718912632,55.54271836675437,
dcrlme_seed2,dcrlme,2,leg2_weak,top_k,0,20,311,1096.6685791015625,94,1350.8675537109375,87.07567718912632,55.54271836675437,
dcrlme_seed2,dcrlme,2,leg2_weak,top_k,1,1,771,1192.806640625,771,1197.041015625,41.23023746331701,26.299416111866805,
dcrlme_seed2,dcrlme,2,leg2_weak,top_k,1,2,905,1189.490966796875,771,1197.041015625,41.23023746331701,26.299416111866805,
dcrlme_seed2,dcrlme,2,leg2_weak,top_k,1,3,906,1121.1083984375,771,1197.041015625,41.23023746331701,26.299416111866805,
dcrlme_seed2,dcrlme,2,leg2_weak,top_k,1,4,32,1224.0537109375,32,1207.6785888671875,44.4005891397692,28.321679457649218,
dcrlme_seed2,dcrlme,2,leg2_weak,top_k,1,5,258,1246.52490234375,258,1252.4202880859375,57.73510800944276,36.82733166780439,
dcrlme_seed2,dcrlme,2,leg2_weak,top_k,1,6,94,1368.3499755859375,94,1350.8675537109375,87.07567718912632,55.54271836675437,
dcrlme_seed2,dcrlme,2,leg2_weak,top_k,1,7,437,1100.389404296875,94,1350.8675537109375,87.07567718912632,55.54271836675437,
dcrlme_seed2,dcrlme,2,leg2_weak,top_k,1,8,790,1318.032470703125,94,1350.8675537109375,87.07567718912632,55.54271836675437,
dcrlme_seed2,dcrlme,2,leg2_weak,top_k,1,9,161,1172.9658203125,94,1350.8675537109375,87.07567718912632,55.54271836675437,
dcrlme_seed2,dcrlme,2,leg2_weak,top_k,1,10,661,1234.69677734375,94,1350.8675537109375,87.07567718912632,55.54271836675437,
dcrlme_seed2,dcrlme,2,leg2_weak,top_k,1,11,478,1221.237548828125,94,1350.8675537109375,87.07567718912632,55.54271836675437,
dcrlme_seed2,dcrlme,2,leg2_weak,top_k,1,12,575,1287.5931396484375,94,1350.8675537109375,87.07567718912632,55.54271836675437,
dcrlme_seed2,dcrlme,2,leg2_weak,top_k,1,13,674,1087.201416015625,94,1350.8675537109375,87.07567718912632,55.54271836675437,
dcrlme_seed2,dcrlme,2,leg2_weak,top_k,1,14,323,1125.2548828125,94,1350.8675537109375,87.07567718912632,55.54271836675437,
dcrlme_seed2,dcrlme,2,leg2_weak,top_k,1,15,358,1215.745361328125,94,1350.8675537109375,87.07567718912632,55.54271836675437,
dcrlme_seed2,dcrlme,2,leg2_weak,top_k,1,16,120,1250.1971435546875,94,1350.8675537109375,87.07567718912632,55.54271836675437,
dcrlme_seed2,dcrlme,2,leg2_weak,top_k,1,17,427,1139.482177734375,94,1350.8675537109375,87.07567718912632,55.54271836675437,
dcrlme_seed2,dcrlme,2,leg2_weak,top_k,1,18,285,1073.50439453125,94,1350.8675537109375,87.07567718912632,55.54271836675437,
dcrlme_seed2,dcrlme,2,leg2_weak,top_k,1,19,553,1232.317626953125,94,1350.8675537109375,87.07567718912632,55.54271836675437,
dcrlme_seed2,dcrlme,2,leg2_weak,top_k,1,20,311,1080.728515625,94,1350.8675537109375,87.07567718912632,55.54271836675437,
dcrlme_seed2,dcrlme,2,leg2_weak,top_k,2,1,771,1240.9473876953125,771,1197.041015625,41.23023746331701,26.299416111866805,
dcrlme_seed2,dcrlme,2,leg2_weak,top_k,2,2,905,1130.2818603515625,771,1197.041015625,41.23023746331701,26.299416111866805,
dcrlme_seed2,dcrlme,2,leg2_weak,top_k,2,3,906,1137.8763427734375,771,1197.041015625,41.23023746331701,26.299416111866805,
dcrlme_seed2,dcrlme,2,leg2_weak,top_k,2,4,32,1209.807861328125,771,1197.041015625,41.23023746331701,26.299416111866805,
dcrlme_seed2,dcrlme,2,leg2_weak,top_k,2,5,258,1263.76953125,258,1252.4202880859375,57.73510800944276,36.82733166780439,
dcrlme_seed2,dcrlme,2,leg2_weak,top_k,2,6,94,1350.313232421875,94,1350.8675537109375,87.07567718912632,55.54271836675437,
dcrlme_seed2,dcrlme,2,leg2_weak,top_k,2,7,437,1083.0323486328125,94,1350.8675537109375,87.07567718912632,55.54271836675437,
dcrlme_seed2,dcrlme,2,leg2_weak,top_k,2,8,790,1265.39892578125,94,1350.8675537109375,87.07567718912632,55.54271836675437,
dcrlme_seed2,dcrlme,2,leg2_weak,top_k,2,9,161,1174.6795654296875,94,1350.8675537109375,87.07567718912632,55.54271836675437,
dcrlme_seed2,dcrlme,2,leg2_weak,top_k,2,10,661,1267.15966796875,94,1350.8675537109375,87.07567718912632,55.54271836675437,
dcrlme_seed2,dcrlme,2,leg2_weak,top_k,2,11,478,1215.904052734375,94,1350.8675537109375,87.07567718912632,55.54271836675437,
dcrlme_seed2,dcrlme,2,leg2_weak,top_k,2,12,575,1263.514404296875,94,1350.8675537109375,87.07567718912632,55.54271836675437,
dcrlme_seed2,dcrlme,2,leg2_weak,top_k,2,13,674,1099.4517822265625,94,1350.8675537109375,87.07567718912632,55.54271836675437,
dcrlme_seed2,dcrlme,2,leg2_weak,top_k,2,14,323,1125.4830322265625,94,1350.8675537109375,87.07567718912632,55.54271836675437,
dcrlme_seed2,dcrlme,2,leg2_weak,top_k,2,15,358,1207.7613525390625,94,1350.8675537109375,87.07567718912632,55.54271836675437,
dcrlme_seed2,dcrlme,2,leg2_weak,top_k,2,16,120,1269.9532470703125,94,1350.8675537109375,87.07567718912632,55.54271836675437,
dcrlme_seed2,dcrlme,2,leg2_weak,top_k,2,17,427,1143.855224609375,94,1350.8675537109375,87.07567718912632,55.54271836675437,
dcrlme_seed2,dcrlme,2,leg2_weak,top_k,2,18,285,1078.2164306640625,94,1350.8675537109375,87.07567718912632,55.54271836675437,
dcrlme_seed2,dcrlme,2,leg2_weak,top_k,2,19,553,1218.740234375,94,1350.8675537109375,87.07567718912632,55.54271836675437,
dcrlme_seed2,dcrlme,2,leg2_weak,top_k,2,20,311,1087.806396484375,94,1350.8675537109375,87.07567718912632,55.54271836675437,
dcrlme_seed2,dcrlme,2,leg2_weak,top_k,3,1,771,1179.03271484375,771,1197.041015625,41.23023746331701,26.299416111866805,
dcrlme_seed2,dcrlme,2,leg2_weak,top_k,3,2,905,1127.76025390625,771,1197.041015625,41.23023746331701,26.299416111866805,
dcrlme_seed2,dcrlme,2,leg2_weak,top_k,3,3,906,1131.994873046875,771,1197.041015625,41.23023746331701,26.299416111866805,
dcrlme_seed2,dcrlme,2,leg2_weak,top_k,3,4,32,1212.69921875,32,1207.6785888671875,44.4005891397692,28.321679457649218,
dcrlme_seed2,dcrlme,2,leg2_weak,top_k,3,5,258,1217.888427734375,258,1252.4202880859375,57.73510800944276,36.82733166780439,
dcrlme_seed2,dcrlme,2,leg2_weak,top_k,3,6,94,1371.4130859375,94,1350.8675537109375,87.07567718912632,55.54271836675437,
dcrlme_seed2,dcrlme,2,leg2_weak,top_k,3,7,437,1098.852294921875,94,1350.8675537109375,87.07567718912632,55.54271836675437,
dcrlme_seed2,dcrlme,2,leg2_weak,top_k,3,8,790,1316.260986328125,94,1350.8675537109375,87.07567718912632,55.54271836675437,
dcrlme_seed2,dcrlme,2,leg2_weak,top_k,3,9,161,1167.2166748046875,94,1350.8675537109375,87.07567718912632,55.54271836675437,
dcrlme_seed2,dcrlme,2,leg2_weak,top_k,3,10,661,1231.6142578125,94,1350.8675537109375,87.07567718912632,55.54271836675437,
dcrlme_seed2,dcrlme,2,leg2_weak,top_k,3,11,478,1215.986083984375,94,1350.8675537109375,87.07567718912632,55.54271836675437,
dcrlme_seed2,dcrlme,2,leg2_weak,top_k,3,12,575,1238.974609375,94,1350.8675537109375,87.07567718912632,55.54271836675437,
dcrlme_seed2,dcrlme,2,leg2_weak,top_k,3,13,674,1090.95458984375,94,1350.8675537109375,87.07567718912632,55.54271836675437,
dcrlme_seed2,dcrlme,2,leg2_weak,top_k,3,14,323,1135.02880859375,94,1350.8675537109375,87.07567718912632,55.54271836675437,
dcrlme_seed2,dcrlme,2,leg2_weak,top_k,3,15,358,1217.150146484375,94,1350.8675537109375,87.07567718912632,55.54271836675437,
dcrlme_seed2,dcrlme,2,leg2_weak,top_k,3,16,120,1274.5726318359375,94,1350.8675537109375,87.07567718912632,55.54271836675437,
dcrlme_seed2,dcrlme,2,leg2_weak,top_k,3,17,427,1133.6158447265625,94,1350.8675537109375,87.07567718912632,55.54271836675437,
dcrlme_seed2,dcrlme,2,leg2_weak,top_k,3,18,285,1116.6990966796875,94,1350.8675537109375,87.07567718912632,55.54271836675437,
dcrlme_seed2,dcrlme,2,leg2_weak,top_k,3,19,553,1233.688720703125,94,1350.8675537109375,87.07567718912632,55.54271836675437,
dcrlme_seed2,dcrlme,2,leg2_weak,top_k,3,20,311,1074.208740234375,94,1350.8675537109375,87.07567718912632,55.54271836675437,
dcrlme_seed2,dcrlme,2,leg2_weak,top_k,4,1,771,1165.4361572265625,771,1197.041015625,41.23023746331701,26.299416111866805,
dcrlme_seed2,dcrlme,2,leg2_weak,top_k,4,2,905,1138.30078125,771,1197.041015625,41.23023746331701,26.299416111866805,
dcrlme_seed2,dcrlme,2,leg2_weak,top_k,4,3,906,1132.342529296875,771,1197.041015625,41.23023746331701,26.299416111866805,
dcrlme_seed2,dcrlme,2,leg2_weak,top_k,4,4,32,1200.23779296875,32,1207.6785888671875,44.4005891397692,28.321679457649218,
dcrlme_seed2,dcrlme,2,leg2_weak,top_k,4,5,258,1246.850830078125,258,1252.4202880859375,57.73510800944276,36.82733166780439,
dcrlme_seed2,dcrlme,2,leg2_weak,top_k,4,6,94,1347.837890625,94,1350.8675537109375,87.07567718912632,55.54271836675437,
dcrlme_seed2,dcrlme,2,leg2_weak,top_k,4,7,437,1104.8355712890625,94,1350.8675537109375,87.07567718912632,55.54271836675437,
dcrlme_seed2,dcrlme,2,leg2_weak,top_k,4,8,790,1276.8818359375,94,1350.8675537109375,87.07567718912632,55.54271836675437,
dcrlme_seed2,dcrlme,2,leg2_weak,top_k,4,9,161,1158.4293212890625,94,1350.8675537109375,87.07567718912632,55.54271836675437,
dcrlme_seed2,dcrlme,2,leg2_weak,top_k,4,10,661,1240.44189453125,94,1350.8675537109375,87.07567718912632,55.54271836675437,
dcrlme_seed2,dcrlme,2,leg2_weak,top_k,4,11,478,1231.592529296875,94,1350.8675537109375,87.07567718912632,55.54271836675437,
dcrlme_seed2,dcrlme,2,leg2_weak,top_k,4,12,575,1294.121826171875,94,1350.8675537109375,87.07567718912632,55.54271836675437,
dcrlme_seed2,dcrlme,2,leg2_weak,top_k,4,13,674,1094.545654296875,94,1350.8675537109375,87.07567718912632,55.54271836675437,
dcrlme_seed2,dcrlme,2,leg2_weak,top_k,4,14,323,1142.50927734375,94,1350.8675537109375,87.07567718912632,55.54271836675437,
dcrlme_seed2,dcrlme,2,leg2_weak,top_k,4,15,358,1192.9091796875,94,1350.8675537109375,87.07567718912632,55.54271836675437,
dcrlme_seed2,dcrlme,2,leg2_weak,top_k,4,16,120,1282.96533203125,94,1350.8675537109375,87.07567718912632,55.54271836675437,
dcrlme_seed2,dcrlme,2,leg2_weak,top_k,4,17,427,1141.0751953125,94,1350.8675537109375,87.07567718912632,55.54271836675437,
dcrlme_seed2,dcrlme,2,leg2_weak,top_k,4,18,285,1075.342529296875,94,1350.8675537109375,87.07567718912632,55.54271836675437,
dcrlme_seed2,dcrlme,2,leg2_weak,top_k,4,19,553,1167.756103515625,94,1350.8675537109375,87.07567718912632,55.54271836675437,
dcrlme_seed2,dcrlme,2,leg2_weak,top_k,4,20,311,1083.537109375,94,1350.8675537109375,87.07567718912632,55.54271836675437,
dcrlme_seed2,dcrlme,2,leg2_weak,best_intact,0,1,771,1170.931884765625,771,1197.041015625,41.23023746331701,26.299416111866805,
dcrlme_seed2,dcrlme,2,leg2_weak,best_intact,1,1,771,1253.646240234375,771,1197.041015625,41.23023746331701,26.299416111866805,
dcrlme_seed2,dcrlme,2,leg2_weak,best_intact,2,1,771,1208.257568359375,771,1197.041015625,41.23023746331701,26.299416111866805,
dcrlme_seed2,dcrlme,2,leg2_weak,best_intact,3,1,771,1264.5029296875,771,1197.041015625,41.23023746331701,26.299416111866805,
dcrlme_seed2,dcrlme,2,leg2_weak,best_intact,4,1,771,1154.991943359375,771,1197.041015625,41.23023746331701,26.299416111866805,
dcrlme_seed2,dcrlme,2,leg3_weak,ite,0,1,771,1393.379638671875,771,1451.5078125,88.45773730746951,74.67500557414428,3
dcrlme_seed2,dcrlme,2,leg3_weak,ite,0,2,258,1396.5400390625,258,1403.1114501953125,77.55919464321136,65.47458106662295,3
dcrlme_seed2,dcrlme,2,leg3_weak,ite,0,3,311,1411.048828125,311,1367.947265625,69.64045142485423,58.78966901743013,3
dcrlme_seed2,dcrlme,2,leg3_weak,ite,0,4,905,1402.6177978515625,311,1367.947265625,69.64045142485423,58.78966901743013,3
dcrlme_seed2,dcrlme,2,leg3_weak,ite,0,5,285,1288.8692626953125,311,1367.947265625,69.64045142485423,58.78966901743013,3
dcrlme_seed2,dcrlme,2,leg3_weak,ite,0,6,258,1396.0528564453125,311,1367.947265625,69.64045142485423,58.78966901743013,3
dcrlme_seed2,dcrlme,2,leg3_weak,ite,0,7,905,1420.7840576171875,905,1406.370849609375,78.29318996604944,66.09421148554054,3
dcrlme_seed2,dcrlme,2,leg3_weak,ite,0,8,905,1454.6739501953125,905,1406.370849609375,78.29318996604944,66.09421148554054,3
dcrlme_seed2,dcrlme,2,leg3_weak,ite,0,9,905,1396.83154296875,905,1406.370849609375,78.29318996604944,66.09421148554054,3
dcrlme_seed2,dcrlme,2,leg3_weak,ite,0,10,905,1428.0721435546875,905,1406.370849609375,78.29318996604944,66.09421148554054,3
dcrlme_seed2,dcrlme,2,leg3_weak,ite,0,11,905,1385.322021484375,905,1406.370849609375,78.29318996604944,66.09421148554054,3
dcrlme_seed2,dcrlme,2,leg3_weak,ite,0,12,905,1430.5947265625,905,1406.370849609375,78.29318996604944,66.09421148554054,3
dcrlme_seed2,dcrlme,2,leg3_weak,ite,0,13,905,1421.2510986328125,905,1406.370849609375,78.29318996604944,66.09421148554054,3
dcrlme_seed2,dcrlme,2,leg3_weak,ite,0,14,905,1453.318359375,905,1406.370849609375,78.29318996604944,66.09421148554054,3
dcrlme_seed2,dcrlme,2,leg3_weak,ite,0,15,905,1388.6968994140625,905,1406.370849609375,78.29318996604944,66.09421148554054,3
dcrlme_seed2,dcrlme,2,leg3_weak,ite,0,16,905,1429.6402587890625,905,1406.370849609375,78.29318996604944,66.09421148554054,3
dcrlme_seed2,dcrlme,2,leg3_weak,ite,0,17,905,1420.255126953125,905,1406.370849609375,78.29318996604944,66.09421148554054,3
dcrlme_seed2,dcrlme,2,leg3_weak,ite,0,18,905,1333.00390625,905,1406.370849609375,78.29318996604944,66.09421148554054,3
dcrlme_seed2,dcrlme,2,leg3_weak,ite,0,19,905,1433.73681640625,905,1406.370849609375,78.29318996604944,66.09421148554054,3
dcrlme_seed2,dcrlme,2,leg3_weak,ite,0,20,905,1407.05517578125,905,1406.370849609375,78.29318996604944,66.09421148554054,3
dcrlme_seed2,dcrlme,2,leg3_weak,ite,1,1,771,1512.396728515625,771,1451.5078125,88.45773730746951,74.67500557414428,1
dcrlme_seed2,dcrlme,2,leg3_weak,ite,1,2,905,1428.7177734375,771,1451.5078125,88.45773730746951,74.67500557414428,1
dcrlme_seed2,dcrlme,2,leg3_weak,ite,1,3,258,1408.431884765625,771,1451.5078125,88.45773730746951,74.67500557414428,1
dcrlme_seed2,dcrlme,2,leg3_weak,ite,1,4,311,1332.744140625,771,1451.5078125,88.45773730746951,74.67500557414428,1
dcrlme_seed2,dcrlme,2,leg3_weak,ite,1,5,771,1405.86474609375,771,1451.5078125,88.45773730746951,74.67500557414428,1
dcrlme_seed2,dcrlme,2,leg3_weak,ite,1,6,905,1394.2532958984375,771,1451.5078125,88.45773730746951,74.67500557414428,1
dcrlme_seed2,dcrlme,2,leg3_weak,ite,1,7,771,1362.8060302734375,771,1451.5078125,88.45773730746951,74.67500557414428,1
dcrlme_seed2,dcrlme,2,leg3_weak,ite,1,8,258,1399.32275390625,771,1451.5078125,88.45773730746951,74.67500557414428,1
dcrlme_seed2,dcrlme,2,leg3_weak,ite,1,9,905,1427.4482421875,771,1451.5078125,88.45773730746951,74.67500557414428,1
dcrlme_seed2,dcrlme,2,leg3_weak,ite,1,10,905,1406.153564453125,771,1451.5078125,88.45773730746951,74.67500557414428,1
dcrlme_seed2,dcrlme,2,leg3_weak,ite,1,11,771,1457.835205078125,771,1451.5078125,88.45773730746951,74.67500557414428,1
dcrlme_seed2,dcrlme,2,leg3_weak,ite,1,12,771,1482.427978515625,771,1451.5078125,88.45773730746951,74.67500557414428,1
dcrlme_seed2,dcrlme,2,leg3_weak,ite,1,13,771,1450.039794921875,771,1451.5078125,88.45773730746951,74.67500557414428,1
dcrlme_seed2,dcrlme,2,leg3_weak,ite,1,14,771,1448.30078125,771,1451.5078125,88.45773730746951,74.67500557414428,1
dcrlme_seed2,dcrlme,2,leg3_weak,ite,1,15,771,1459.587890625,771,1451.5078125,88.45773730746951,74.67500557414428,1
dcrlme_seed2,dcrlme,2,leg3_weak,ite,1,16,771,1491.265380859375,771,1451.5078125,88.45773730746951,74.67500557414428,1
dcrlme_seed2,dcrlme,2,leg3_weak,ite,1,17,771,1405.724365234375,771,1451.5078125,88.45773730746951,74.67500557414428,1
dcrlme_seed2,dcrlme,2,leg3_weak,ite,1,18,771,1484.479248046875,771,1451.5078125,88.45773730746951,74.67500557414428,1
dcrlme_seed2,dcrlme,2,leg3_weak,ite,1,19,771,1447.928955078125,771,1451.5078125,88.45773730746951,74.67500557414428,1
dcrlme_seed2,dcrlme,2,leg3_weak,ite,1,20,771,1481.4171142578125,771,1451.5078125,88.45773730746951,74.67500557414428,1
dcrlme_seed2,dcrlme,2,leg3_weak,ite,2,1,771,1422.30029296875,771,1451.5078125,88.45773730746951,74.67500557414428,3
dcrlme_seed2,dcrlme,2,leg3_weak,ite,2,2,258,1397.487060546875,771,1451.5078125,88.45773730746951,74.67500557414428,3
dcrlme_seed2,dcrlme,2,leg3_weak,ite,2,3,285,1275.979736328125,771,1451.5078125,88.45773730746951,74.67500557414428,3
dcrlme_seed2,dcrlme,2,leg3_weak,ite,2,4,905,1429.5537109375,905,1406.370849609375,78.29318996604944,66.09421148554054,3
dcrlme_seed2,dcrlme,2,leg3_weak,ite,2,5,905,1454.741943359375,905,1406.370849609375,78.29318996604944,66.09421148554054,3
dcrlme_seed2,dcrlme,2,leg3_weak,ite,2,6,905,1421.22216796875,905,1406.370849609375,78.29318996604944,66.09421148554054,3
dcrlme_seed2,dcrlme,2,leg3_weak,ite,2,7,905,1385.7706298828125,905,1406.370849609375,78.29318996604944,66.09421148554054,3
dcrlme_seed2,dcrlme,2,leg3_weak,ite,2,8,905,1424.8251953125,905,1406.370849609375,78.29318996604944,66.09421148554054,3
dcrlme_seed2,dcrlme,2,leg3_weak,ite,2,9,905,1389.5377197265625,905,1406.370849609375,78.29318996604944,66.09421148554054,3
dcrlme_seed2,dcrlme,2,leg3_weak,ite,2,10,258,1399.530029296875,905,1406.370849609375,78.29318996604944,66.09421148554054,3
dcrlme_seed2,dcrlme,2,leg3_weak,ite,2,11,905,1417.782958984375,905,1406.370849609375,78.29318996604944,66.09421148554054,3
dcrlme_seed2,dcrlme,2,leg3_weak,ite,2,12,905,1430.3336181640625,905,1406.370849609375,78.29318996604944,66.09421148554054,3
dcrlme_seed2,dcrlme,2,leg3_weak,ite,2,13,905,1302.11962890625,905,1406.370849609375,78.29318996604944,66.09421148554054,3
dcrlme_seed2,dcrlme,2,leg3_weak,ite,2,14,258,1404.4918212890625,905,1406.370849609375,78.29318996604944,66.09421148554054,3
dcrlme_seed2,dcrlme,2,leg3_weak,ite,2,15,258,1410.183837890625,905,1406.370849609375,78.29318996604944,66.09421148554054,3
dcrlme_seed2,dcrlme,2,leg3_weak,ite,2,16,258,1405.7894287109375,905,1406.370849609375,78.29318996604944,66.09421148554054,3
dcrlme_seed2,dcrlme,2,leg3_weak,ite,2,17,771,1458.2041015625,771,1451.5078125,88.45773730746951,74.67500557414428,3
dcrlme_seed2,dcrlme,2,leg3_weak,ite,2,18,771,1458.8563232421875,771,1451.5078125,88.45773730746951,74.67500557414428,3
dcrlme_seed2,dcrlme,2,leg3_weak,ite,2,19,771,1474.68798828125,771,1451.5078125,88.45773730746951,74.67500557414428,3
dcrlme_seed2,dcrlme,2,leg3_weak,ite,2,20,771,1417.373046875,771,1451.5078125,88.45773730746951,74.67500557414428,3
dcrlme_seed2,dcrlme,2,leg3_weak,ite,3,1,771,1394.7374267578125,771,1451.5078125,88.45773730746951,74.67500557414428,4
dcrlme_seed2,dcrlme,2,leg3_weak,ite,3,2,258,1384.245849609375,771,1451.5078125,88.45773730746951,74.67500557414428,4
dcrlme_seed2,dcrlme,2,leg3_weak,ite,3,3,311,1354.023193359375,771,1451.5078125,88.45773730746951,74.67500557414428,4
dcrlme_seed2,dcrlme,2,leg3_weak,ite,3,4,905,1380.40771484375,771,1451.5078125,88.45773730746951,74.67500557414428,4
dcrlme_seed2,dcrlme,2,leg3_weak,ite,3,5,905,1458.244140625,905,1406.370849609375,78.29318996604944,66.09421148554054,4
dcrlme_seed2,dcrlme,2,leg3_weak,ite,3,6,905,1382.44384765625,905,1406.370849609375,78.29318996604944,66.09421148554054,4
dcrlme_seed2,dcrlme,2,leg3_weak,ite,3,7,905,1424.6248779296875,905,1406.370849609375,78.29318996604944,66.09421148554054,4
dcrlme_seed2,dcrlme,2,leg3_weak,ite,3,8,905,1436.24169921875,905,1406.370849609375,78.29318996604944,66.09421148554054,4
dcrlme_seed2,dcrlme,2,leg3_weak,ite,3,9,905,1345.753173828125,905,1406.370849609375,78.29318996604944,66.09421148554054,4
dcrlme_seed2,dcrlme,2,leg3_weak,ite,3,10,258,1406.9105224609375,905,1406.370849609375,78.29318996604944,66.09421148554054,4
dcrlme_seed2,dcrlme,2,leg3_weak,ite,3,11,905,1392.0224609375,905,1406.370849609375,78.29318996604944,66.09421148554054,4
dcrlme_seed2,dcrlme,2,leg3_weak,ite,3,12,258,1345.709228515625,905,1406.370849609375,78.29318996604944,66.09421148554054,4
dcrlme_seed2,dcrlme,2,leg3_weak,ite,3,13,905,1423.436767578125,905,1406.370849609375,78.29318996604944,66.09421148554054,4
dcrlme_seed2,dcrlme,2,leg3_weak,ite,3,14,905,1427.779541015625,905,1406.370849609375,78.29318996604944,66.09421148554054,4
dcrlme_seed2,dcrlme,2,leg3_weak,ite,3,15,905,1427.2237548828125,905,1406.370849609375,78.29318996604944,66.09421148554054,4
dcrlme_seed2,dcrlme,2,leg3_weak,ite,3,16,905,1436.0322265625,905,1406.370849609375,78.29318996604944,66.09421148554054,4
dcrlme_seed2,dcrlme,2,leg3_weak,ite,3,17,905,1413.478759765625,905,1406.370849609375,78.29318996604944,66.09421148554054,4
dcrlme_seed2,dcrlme,2,leg3_weak,ite,3,18,905,1442.647216796875,905,1406.370849609375,78.29318996604944,66.09421148554054,4
dcrlme_seed2,dcrlme,2,leg3_weak,ite,3,19,905,1407.72705078125,905,1406.370849609375,78.29318996604944,66.09421148554054,4
dcrlme_seed2,dcrlme,2,leg3_weak,ite,3,20,905,1380.9073486328125,905,1406.370849609375,78.29318996604944,66.09421148554054,4
dcrlme_seed2,dcrlme,2,leg3_weak,ite,4,1,771,1419.021240234375,771,1451.5078125,88.45773730746951,74.67500557414428,3
dcrlme_seed2,dcrlme,2,leg3_weak,ite,4,2,258,1406.2325439453125,771,1451.5078125,88.45773730746951,74.67500557414428,3
dcrlme_seed2,dcrlme,2,leg3_weak,ite,4,3,285,1341.9478759765625,771,1451.5078125,88.45773730746951,74.67500557414428,3
dcrlme_seed2,dcrlme,2,leg3_weak,ite,4,4,905,1390.6817626953125,771,1451.5078125,88.45773730746951,74.67500557414428,3
dcrlme_seed2,dcrlme,2,leg3_weak,ite,4,5,258,1386.871337890625,771,1451.5078125,88.45773730746951,74.67500557414428,3
dcrlme_seed2,dcrlme,2,leg3_weak,ite,4,6,905,1424.70458984375,905,1406.370849609375,78.29318996604944,66.09421148554054,3
dcrlme_seed2,dcrlme,2,leg3_weak,ite,4,7,905,1329.3330078125,905,1406.370849609375,78.29318996604944,66.09421148554054,3
dcrlme_seed2,dcrlme,2,leg3_weak,ite,4,8,258,1401.345947265625,905,1406.370849609375,78.29318996604944,66.09421148554054,3
dcrlme_seed2,dcrlme,2,leg3_weak,ite,4,9,258,1390.274169921875,905,1406.370849609375,78.29318996604944,66.09421148554054,3
dcrlme_seed2,dcrlme,2,leg3_weak,ite,4,10,771,1421.8809814453125,905,1406.370849609375,78.29318996604944,66.09421148554054,3
dcrlme_seed2,dcrlme,2,leg3_weak,ite,4,11,771,1398.724365234375,905,1406.370849609375,78.29318996604944,66.09421148554054,3
dcrlme_seed2,dcrlme,2,leg3_weak,ite,4,12,771,1416.98193359375,905,1406.370849609375,78.29318996604944,66.09421148554054,3
dcrlme_seed2,dcrlme,2,leg3_weak,ite,4,13,771,1438.600830078125,771,1451.5078125,88.45773730746951,74.67500557414428,3
dcrlme_seed2,dcrlme,2,leg3_weak,ite,4,14,771,1435.138427734375,771,1451.5078125,88.45773730746951,74.67500557414428,3
dcrlme_seed2,dcrlme,2,leg3_weak,ite,4,15,771,1387.682861328125,771,1451.5078125,88.45773730746951,74.67500557414428,3
dcrlme_seed2,dcrlme,2,leg3_weak,ite,4,16,771,1416.8829345703125,771,1451.5078125,88.45773730746951,74.67500557414428,3
dcrlme_seed2,dcrlme,2,leg3_weak,ite,4,17,771,1400.949951171875,771,1451.5078125,88.45773730746951,74.67500557414428,3
dcrlme_seed2,dcrlme,2,leg3_weak,ite,4,18,771,1434.059814453125,771,1451.5078125,88.45773730746951,74.67500557414428,3
dcrlme_seed2,dcrlme,2,leg3_weak,ite,4,19,771,1408.8577880859375,771,1451.5078125,88.45773730746951,74.67500557414428,3
dcrlme_seed2,dcrlme,2,leg3_weak,ite,4,20,771,1344.9713134765625,771,1451.5078125,88.45773730746951,74.67500557414428,3
dcrlme_seed2,dcrlme,2,leg3_weak,top_k,0,1,771,1357.618408203125,771,1451.5078125,88.45773730746951,74.67500557414428,
dcrlme_seed2,dcrlme,2,leg3_weak,top_k,0,2,905,1464.2392578125,905,1406.370849609375,78.29318996604944,66.09421148554054,
dcrlme_seed2,dcrlme,2,leg3_weak,top_k,0,3,906,1320.559814453125,905,1406.370849609375,78.29318996604944,66.09421148554054,
dcrlme_seed2,dcrlme,2,leg3_weak,top_k,0,4,32,1356.4349365234375,905,1406.370849609375,78.29318996604944,66.09421148554054,
dcrlme_seed2,dcrlme,2,leg3_weak,top_k,0,5,258,1404.73828125,905,1406.370849609375,78.29318996604944,66.09421148554054,
dcrlme_seed2,dcrlme,2,leg3_weak,top_k,0,6,94,1423.62841796875,905,1406.370849609375,78.29318996604944,66.09421148554054,
dcrlme_seed2,dcrlme,2,leg3_weak,top_k,0,7,437,1443.325439453125,905,1406.370849609375,78.29318996604944,66.09421148554054,
dcrlme_seed2,dcrlme,2,leg3_weak,top_k,0,8,790,1392.527099609375,905,1406.370849609375,78.29318996604944,66.09421148554054,
dcrlme_seed2,dcrlme,2,leg3_weak,top_k,0,9,161,1469.419921875,161,1453.411376953125,88.88640750949705,75.03688403384994,
dcrlme_seed2,dcrlme,2,leg3_weak,top_k,0,10,661,1372.515380859375,161,1453.411376953125,88.88640750949705,75.03688403384994,
dcrlme_seed2,dcrlme,2,leg3_weak,top_k,0,11,478,1355.799560546875,161,1453.411376953125,88.88640750949705,75.03688403384994,
dcrlme_seed2,dcrlme,2,leg3_weak,top_k,0,12,575,1420.593017578125,161,1453.411376953125,88.88640750949705,75.03688403384994,
dcrlme_seed2,dcrlme,2,leg3_weak,top_k,0,13,674,1097.053955078125,161,1453.411376953125,88.88640750949705,75.03688403384994,
dcrlme_seed2,dcrlme,2,leg3_weak,top_k,0,14,323,1354.616943359375,161,1453.411376953125,88.88640750949705,75.03688403384994,
dcrlme_seed2,dcrlme,2,leg3_weak,top_k,0,15,358,1455.2255859375,161,1453.411376953125,88.88640750949705,75.03688403384994,
dcrlme_seed2,dcrlme,2,leg3_weak,top_k,0,16,120,1448.06982421875,161,1453.411376953125,88.88640750949705,75.03688403384994,
dcrlme_seed2,dcrlme,2,leg3_weak,top_k,0,17,427,1277.699462890625,161,1453.411376953125,88.88640750949705,75.03688403384994,
dcrlme_seed2,dcrlme,2,leg3_weak,top_k,0,18,285,1305.7547607421875,161,1453.411376953125,88.88640750949705,75.03688403384994,
dcrlme_seed2,dcrlme,2,leg3_weak,top_k,0,19,553,1489.2978515625,553,1468.39990234375,92.26172490247849,77.88628819913275,
dcrlme_seed2,dcrlme,2,leg3_weak,top_k,0,20,311,1346.208251953125,553,1468.39990234375,92.26172490247849,77.88628819913275,
dcrlme_seed2,dcrlme,2,leg3_weak,top_k,1,1,771,1323.9293212890625,771,1451.5078125,88.45773730746951,74.67500557414428,
dcrlme_seed2,dcrlme,2,leg3_weak,top_k,1,2,905,1368.8515625,905,1406.370849609375,78.29318996604944,66.09421148554054,
dcrlme_seed2,dcrlme,2,leg3_weak,top_k,1,3,906,1422.7152099609375,906,1415.129150390625,80.26550173051471,67.75921441788388,
dcrlme_seed2,dcrlme,2,leg3_weak,top_k,1,4,32,1268.3018798828125,906,1415.129150390625,80.26550173051471,67.75921441788388,
dcrlme_seed2,dcrlme,2,leg3_weak,top_k,1,5,258,1400.45263671875,906,1415.129150390625,80.26550173051471,67.75921441788388,
dcrlme_seed2,dcrlme,2,leg3_weak,top_k,1,6,94,1433.921142578125,94,1396.5423583984375,76.07987835156652,64.22575924857749,
dcrlme_seed2,dcrlme,2,leg3_weak,top_k,1,7,437,1437.742431640625,437,1426.19921875,82.75840835749104,69.86369755222198,
dcrlme_seed2,dcrlme,2,leg3_weak,top_k,1,8,790,1391.45166015625,437,1426.19921875,82.75840835749104,69.86369755222198,
dcrlme_seed2,dcrlme,2,leg3_weak,top_k,1,9,161,1463.318603515625,161,1453.411376953125,88.88640750949705,75.03688403384994,
dcrlme_seed2,dcrlme,2,leg3_weak,top_k,1,10,661,1277.22900390625,161,1453.411376953125,88.88640750949705,75.03688403384994,
dcrlme_seed2,dcrlme,2,leg3_weak,top_k,1,11,478,1352.8193359375,161,1453.411376953125,88.88640750949705,75.03688403384994,
dcrlme_seed2,dcrlme,2,leg3_weak,top_k,1,12,575,1434.001708984375,161,1453.411376953125,88.88640750949705,75.03688403384994,
dcrlme_seed2,dcrlme,2,leg3_weak,top_k,1,13,674,1105.7322998046875,161,1453.411376953125,88.88640750949705,75.03688403384994,
dcrlme_seed2,dcrlme,2,leg3_weak,top_k,1,14,323,1339.6181640625,161,1453.411376953125,88.88640750949705,75.03688403384994,
dcrlme_seed2,dcrlme,2,leg3_weak,top_k,1,15,358,1492.3330078125,358,1474.7216796875,93.68534760496674,79.08809412905688,
dcrlme_seed2,dcrlme,2,leg3_weak,top_k,1,16,120,1476.01904296875,358,1474.7216796875,93.68534760496674,79.08809412905688,
dcrlme_seed2,dcrlme,2,leg3_weak,top_k,1,17,427,1304.1187744140625,358,1474.7216796875,93.68534760496674,79.08809412905688,
dcrlme_seed2,dcrlme,2,leg3_weak,top_k,1,18,285,1342.590087890625,358,1474.7216796875,93.68534760496674,79.08809412905688,
dcrlme_seed2,dcrlme,2,leg3_weak,top_k,1,19,553,1506.2137451171875,553,1468.39990234375,92.26172490247849,77.88628819913275,
dcrlme_seed2,dcrlme,2,leg3_weak,top_k,1,20,311,1356.6490478515625,553,1468.39990234375,92.26172490247849,77.88628819913275,
dcrlme_seed2,dcrlme,2,leg3_weak,top_k,2,1,771,1386.7872314453125,771,1451.5078125,88.45773730746951,74.67500557414428,
dcrlme_seed2,dcrlme,2,leg3_weak,top_k,2,2,905,1463.26220703125,905,1406.370849609375,78.29318996604944,66.09421148554054,
dcrlme_seed2,dcrlme,2,leg3_weak,top_k,2,3,906,1395.1058349609375,905,1406.370849609375,78.29318996604944,66.09421148554054,
dcrlme_seed2,dcrlme,2,leg3_weak,top_k,2,4,32,1317.9459228515625,905,1406.370849609375,78.29318996604944,66.09421148554054,
dcrlme_seed2,dcrlme,2,leg3_weak,top_k,2,5,258,1408.3521728515625,905,1406.370849609375,78.29318996604944,66.09421148554054,
dcrlme_seed2,dcrlme,2,leg3_weak,top_k,2,6,94,1409.212158203125,905,1406.370849609375,78.29318996604944,66.09421148554054,
dcrlme_seed2,dcrlme,2,leg3_weak,top_k,2,7,437,1439.0755615234375,905,1406.370849609375,78.29318996604944,66.09421148554054,
dcrlme_seed2,dcrlme,2,leg3_weak,top_k,2,8,790,1414.4588623046875,905,1406.370849609375,78.29318996604944,66.09421148554054,
dcrlme_seed2,dcrlme,2,leg3_weak,top_k,2,9,161,1430.764892578125,905,1406.370849609375,78.29318996604944,66.09421148554054,
dcrlme_seed2,dcrlme,2,leg3_weak,top_k,2,10,661,1400.692138671875,905,1406.370849609375,78.29318996604944,66.09421148554054,
dcrlme_seed2,dcrlme,2,leg3_weak,top_k,2,11,478,1362.578857421875,905,1406.370849609375,78.29318996604944,66.09421148554054,
dcrlme_seed2,dcrlme,2,leg3_weak,top_k,2,12,575,1438.0701904296875,905,1406.370849609375,78.29318996604944,66.09421148554054,
dcrlme_seed2,dcrlme,2,leg3_weak,top_k,2,13,674,1114.48583984375,905,1406.370849609375,78.29318996604944,66.09421148554054,
dcrlme_seed2,dcrlme,2,leg3_weak,top_k,2,14,323,1324.96923828125,905,1406.370849609375,78.29318996604944,66.09421148554054,
dcrlme_seed2,dcrlme,2,leg3_weak,top_k,2,15,358,1502.3009033203125,358,1474.7216796875,93.68534760496674,79.08809412905688,
dcrlme_seed2,dcrlme,2,leg3_weak,top_k,2,16,120,1455.5604248046875,358,1474.7216796875,93.68534760496674,79.08809412905688,
dcrlme_seed2,dcrlme,2,leg3_weak,top_k,2,17,427,1336.326171875,358,1474.7216796875,93.68534760496674,79.08809412905688,
dcrlme_seed2,dcrlme,2,leg3_weak,top_k,2,18,285,1305.7166748046875,358,1474.7216796875,93.68534760496674,79.08809412905688,
dcrlme_seed2,dcrlme,2,leg3_weak,top_k,2,19,553,1467.373291015625,358,1474.7216796875,93.68534760496674,79.08809412905688,
dcrlme_seed2,dcrlme,2,leg3_weak,top_k,2,20,311,1356.1444091796875,358,1474.7216796875,93.68534760496674,79.08809412905688,
dcrlme_seed2,dcrlme,2,leg3_weak,top_k,3,1,771,1436.1832275390625,771,1451.5078125,88.45773730746951,74.67500557414428,
dcrlme_seed2,dcrlme,2,leg3_weak,top_k,3,2,905,1404.524169921875,771,1451.5078125,88.45773730746951,74.67500557414428,
dcrlme_seed2,dcrlme,2,leg3_weak,top_k,3,3,906,1419.8966064453125,771,1451.5078125,88.45773730746951,74.67500557414428,
dcrlme_seed2,dcrlme,2,leg3_weak,top_k,3,4,32,1368.2025146484375,771,1451.5078125,88.45773730746951,74.67500557414428,
dcrlme_seed2,dcrlme,2,leg3_weak,top_k,3,5,258,1402.93798828125,771,1451.5078125,88.45773730746951,74.67500557414428,
dcrlme_seed2,dcrlme,2,leg3_weak,top_k,3,6,94,1386.5809326171875,771,1451.5078125,88.45773730746951,74.67500557414428,
dcrlme_seed2,dcrlme,2,leg3_weak,top_k,3,7,437,1417.4287109375,771,1451.5078125,88.45773730746951,74.67500557414428,
dcrlme_seed2,dcrlme,2,leg3_weak,top_k,3,8,790,1424.2530517578125,771,1451.5078125,88.45773730746951,74.67500557414428,
dcrlme_seed2,dcrlme,2,leg3_weak,top_k,3,9,161,1421.42822265625,771,1451.5078125,88.45773730746951,74.67500557414428,
dcrlme_seed2,dcrlme,2,leg3_weak,top_k,3,10,661,1361.1602783203125,771,1451.5078125,88.45773730746951,74.67500557414428,
dcrlme_seed2,dcrlme,2,leg3_weak,top_k,3,11,478,1297.10107421875,771,1451.5078125,88.45773730746951,74.67500557414428,
dcrlme_seed2,dcrlme,2,leg3_weak,top_k,3,12,575,1415.2979736328125,771,1451.5078125,88.45773730746951,74.67500557414428,
dcrlme_seed2,dcrlme,2,leg3_weak,top_k,3,13,674,1117.638916015625,771,1451.5078125,88.45773730746951,74.67500557414428,
dcrlme_seed2,dcrlme,2,leg3_weak,top_k,3,14,323,1407.958984375,771,1451.5078125,88.45773730746951,74.67500557414428,
dcrlme_seed2,dcrlme,2,leg3_weak,top_k,3,15,358,1511.13330078125,358,1474.7216796875,93.68534760496674,79.08809412905688,
dcrlme_seed2,dcrlme,2,leg3_weak,top_k,3,16,120,1401.929443359375,358,1474.7216796875,93.68534760496674,79.08809412905688,
dcrlme_seed2,dcrlme,2,leg3_weak,top_k,3,17,427,1352.0675048828125,358,1474.7216796875,93.68534760496674,79.08809412905688,
dcrlme_seed2,dcrlme,2,leg3_weak,top_k,3,18,285,1331.03857421875,358,1474.7216796875,93.68534760496674,79.08809412905688,
dcrlme_seed2,dcrlme,2,leg3_weak,top_k,3,19,553,1476.46923828125,358,1474.7216796875,93.68534760496674,79.08809412905688,
dcrlme_seed2,dcrlme,2,leg3_weak,top_k,3,20,311,1337.4462890625,358,1474.7216796875,93.68534760496674,79.08809412905688,
dcrlme_seed2,dcrlme,2,leg3_weak,top_k,4,1,771,1431.9361572265625,771,1451.5078125,88.45773730746951,74.67500557414428,
dcrlme_seed2,dcrlme,2,leg3_weak,top_k,4,2,905,1423.971923828125,771,1451.5078125,88.45773730746951,74.67500557414428,
dcrlme_seed2,dcrlme,2,leg3_weak,top_k,4,3,906,1347.991455078125,771,1451.5078125,88.45773730746951,74.67500557414428,
dcrlme_seed2,dcrlme,2,leg3_weak,top_k,4,4,32,1326.9808349609375,771,1451.5078125,88.45773730746951,74.67500557414428,
dcrlme_seed2,dcrlme,2,leg3_weak,top_k,4,5,258,1400.21875,771,1451.5078125,88.45773730746951,74.67500557414428,
dcrlme_seed2,dcrlme,2,leg3_weak,top_k,4,6,94,1396.70458984375,771,1451.5078125,88.45773730746951,74.67500557414428,
dcrlme_seed2,dcrlme,2,leg3_weak,top_k,4,7,437,1433.539794921875,437,1426.19921875,82.75840835749104,69.86369755222198,
dcrlme_seed2,dcrlme,2,leg3_weak,top_k,4,8,790,1413.999267578125,437,1426.19921875,82.75840835749104,69.86369755222198,
dcrlme_seed2,dcrlme,2,leg3_weak,top_k,4,9,161,1457.6917724609375,161,1453.411376953125,88.88640750949705,75.03688403384994,
dcrlme_seed2,dcrlme,2,leg3_weak,top_k,4,10,661,1326.450927734375,161,1453.411376953125,88.88640750949705,75.03688403384994,
dcrlme_seed2,dcrlme,2,leg3_weak,top_k,4,11,478,1353.30810546875,161,1453.411376953125,88.88640750949705,75.03688403384994,
dcrlme_seed2,dcrlme,2,leg3_weak,top_k,4,12,575,1440.624755859375,161,1453.411376953125,88.88640750949705,75.03688403384994,
dcrlme_seed2,dcrlme,2,leg3_weak,top_k,4,13,674,1099.0303955078125,161,1453.411376953125,88.88640750949705,75.03688403384994,
dcrlme_seed2,dcrlme,2,leg3_weak,top_k,4,14,323,1374.5196533203125,161,1453.411376953125,88.88640750949705,75.03688403384994,
dcrlme_seed2,dcrlme,2,leg3_weak,top_k,4,15,358,1469.8616943359375,358,1474.7216796875,93.68534760496674,79.08809412905688,
dcrlme_seed2,dcrlme,2,leg3_weak,top_k,4,16,120,1473.3433837890625,120,1401.5498046875,77.20752234011155,65.17770334858943,
dcrlme_seed2,dcrlme,2,leg3_weak,top_k,4,17,427,1301.42919921875,120,1401.5498046875,77.20752234011155,65.17770334858943,
dcrlme_seed2,dcrlme,2,leg3_weak,top_k,4,18,285,1286.448486328125,120,1401.5498046875,77.20752234011155,65.17770334858943,
dcrlme_seed2,dcrlme,2,leg3_weak,top_k,4,19,553,1481.941162109375,553,1468.39990234375,92.26172490247849,77.88628819913275,
dcrlme_seed2,dcrlme,2,leg3_weak,top_k,4,20,311,1415.6368408203125,553,1468.39990234375,92.26172490247849,77.88628819913275,
dcrlme_seed2,dcrlme,2,leg3_weak,best_intact,0,1,771,1453.981201171875,771,1451.5078125,88.45773730746951,74.67500557414428,
dcrlme_seed2,dcrlme,2,leg3_weak,best_intact,1,1,771,1474.267578125,771,1451.5078125,88.45773730746951,74.67500557414428,
dcrlme_seed2,dcrlme,2,leg3_weak,best_intact,2,1,771,1426.153076171875,771,1451.5078125,88.45773730746951,74.67500557414428,
dcrlme_seed2,dcrlme,2,leg3_weak,best_intact,3,1,771,1513.9739990234375,771,1451.5078125,88.45773730746951,74.67500557414428,
dcrlme_seed2,dcrlme,2,leg3_weak,best_intact,4,1,771,1399.9598388671875,771,1451.5078125,88.45773730746951,74.67500557414428,
dcrlme_seed2,dcrlme,2,leg4_weak,ite,0,1,771,1166.22802734375,771,1230.330322265625,42.27480537592883,32.62790317307583,3
dcrlme_seed2,dcrlme,2,leg4_weak,ite,0,2,311,1279.00634765625,311,1310.45166015625,62.00974452347125,47.85942648599446,3
dcrlme_seed2,dcrlme,2,leg4_weak,ite,0,3,258,1323.893310546875,258,1313.867919921875,62.85121422881794,48.50887695241249,3
dcrlme_seed2,dcrlme,2,leg4_weak,ite,0,4,305,1446.613037109375,305,1435.1668701171875,92.72874078776188,71.56849922500365,3
dcrlme_seed2,dcrlme,2,leg4_weak,ite,0,5,305,1410.7694091796875,305,1435.1668701171875,92.72874078776188,71.56849922500365,3
dcrlme_seed2,dcrlme,2,leg4_weak,ite,0,6,305,1435.099365234375,305,1435.1668701171875,92.72874078776188,71.56849922500365,3
dcrlme_seed2,dcrlme,2,leg4_weak,ite,0,7,305,1436.098388671875,305,1435.1668701171875,92.72874078776188,71.56849922500365,3
dcrlme_seed2,dcrlme,2,leg4_weak,ite,0,8,305,1423.5008544921875,305,1435.1668701171875,92.72874078776188,71.56849922500365,3
dcrlme_seed2,dcrlme,2,leg4_weak,ite,0,9,305,1443.940673828125,305,1435.1668701171875,92.72874078776188,71.56849922500365,3
dcrlme_seed2,dcrlme,2,leg4_weak,ite,0,10,305,1409.1019287109375,305,1435.1668701171875,92.72874078776188,71.56849922500365,3
dcrlme_seed2,dcrlme,2,leg4_weak,ite,0,11,305,1444.505126953125,305,1435.1668701171875,92.72874078776188,71.56849922500365,3
dcrlme_seed2,dcrlme,2,leg4_weak,ite,0,12,305,1425.367919921875,305,1435.1668701171875,92.72874078776188,71.56849922500365,3
dcrlme_seed2,dcrlme,2,leg4_weak,ite,0,13,305,1432.84521484375,305,1435.1668701171875,92.72874078776188,71.56849922500365,3
dcrlme_seed2,dcrlme,2,leg4_weak,ite,0,14,305,1437.3082275390625,305,1435.1668701171875,92.72874078776188,71.56849922500365,3
dcrlme_seed2,dcrlme,2,leg4_weak,ite,0,15,305,1435.9224853515625,305,1435.1668701171875,92.72874078776188,71.56849922500365,3
dcrlme_seed2,dcrlme,2,leg4_weak,ite,0,16,305,1429.4111328125,305,1435.1668701171875,92.72874078776188,71.56849922500365,3
dcrlme_seed2,dcrlme,2,leg4_weak,ite,0,17,305,1404.6160888671875,305,1435.1668701171875,92.72874078776188,71.56849922500365,3
dcrlme_seed2,dcrlme,2,leg4_weak,ite,0,18,305,1427.0703125,305,1435.1668701171875,92.72874078776188,71.56849922500365,3
dcrlme_seed2,dcrlme,2,leg4_weak,ite,0,19,305,1419.009521484375,305,1435.1668701171875,92.72874078776188,71.56849922500365,3
dcrlme_seed2,dcrlme,2,leg4_weak,ite,0,20,305,1438.303955078125,305,1435.1668701171875,92.72874078776188,71.56849922500365,3
dcrlme_seed2,dcrlme,2,leg4_weak,ite,1,1,771,1217.0751953125,771,1230.330322265625,42.27480537592883,32.62790317307583,3
dcrlme_seed2,dcrlme,2,leg4_weak,ite,1,2,311,1263.2745361328125,311,1310.45166015625,62.00974452347125,47.85942648599446,3
dcrlme_seed2,dcrlme,2,leg4_weak,ite,1,3,258,1337.3677978515625,258,1313.867919921875,62.85121422881794,48.50887695241249,3
dcrlme_seed2,dcrlme,2,leg4_weak,ite,1,4,305,1436.372802734375,305,1435.1668701171875,92.72874078776188,71.56849922500365,3
dcrlme_seed2,dcrlme,2,leg4_weak,ite,1,5,305,1410.3961181640625,305,1435.1668701171875,92.72874078776188,71.56849922500365,3
dcrlme_seed2,dcrlme,2,leg4_weak,ite,1,6,305,1423.1220703125,305,1435.1668701171875,92.72874078776188,71.56849922500365,3
dcrlme_seed2,dcrlme,2,leg4_weak,ite,1,7,305,1418.0340576171875,305,1435.1668701171875,92.72874078776188,71.56849922500365,3
dcrlme_seed2,dcrlme,2,leg4_weak,ite,1,8,305,1423.22900390625,305,1435.1668701171875,92.72874078776188,71.56849922500365,3
dcrlme_seed2,dcrlme,2,leg4_weak,ite,1,9,305,1430.6871337890625,305,1435.1668701171875,92.72874078776188,71.56849922500365,3
dcrlme_seed2,dcrlme,2,leg4_weak,ite,1,10,305,1424.85595703125,305,1435.1668701171875,92.72874078776188,71.56849922500365,3
dcrlme_seed2,dcrlme,2,leg4_weak,ite,1,11,305,1411.89306640625,305,1435.1668701171875,92.72874078776188,71.56849922500365,3
dcrlme_seed2,dcrlme,2,leg4_weak,ite,1,12,305,1381.709716796875,305,1435.1668701171875,92.72874078776188,71.56849922500365,3
dcrlme_seed2,dcrlme,2,leg4_weak,ite,1,13,305,1422.4820556640625,305,1435.1668701171875,92.72874078776188,71.56849922500365,3
dcrlme_seed2,dcrlme,2,leg4_weak,ite,1,14,305,1428.6475830078125,305,1435.1668701171875,92.72874078776188,71.56849922500365,3
dcrlme_seed2,dcrlme,2,leg4_weak,ite,1,15,305,1429.9739990234375,305,1435.1668701171875,92.72874078776188,71.56849922500365,3
dcrlme_seed2,dcrlme,2,leg4_weak,ite,1,16,305,1440.248291015625,305,1435.1668701171875,92.72874078776188,71.56849922500365,3
dcrlme_seed2,dcrlme,2,leg4_weak,ite,1,17,305,1424.0072021484375,305,1435.1668701171875,92.72874078776188,71.56849922500365,3
dcrlme_seed2,dcrlme,2,leg4_weak,ite,1,18,305,1405.9039306640625,305,1435.1668701171875,92.72874078776188,71.56849922500365,3
dcrlme_seed2,dcrlme,2,leg4_weak,ite,1,19,305,1416.880615234375,305,1435.1668701171875,92.72874078776188,71.56849922500365,3
dcrlme_seed2,dcrlme,2,leg4_weak,ite,1,20,305,1429.0673828125,305,1435.1668701171875,92.72874078776188,71.56849922500365,3
dcrlme_seed2,dcrlme,2,leg4_weak,ite,2,1,771,1240.320068359375,771,1230.330322265625,42.27480537592883,32.62790317307583,3
dcrlme_seed2,dcrlme,2,leg4_weak,ite,2,2,311,1290.646728515625,311,1310.45166015625,62.00974452347125,47.85942648599446,3
dcrlme_seed2,dcrlme,2,leg4_weak,ite,2,3,258,1335.540771484375,258,1313.867919921875,62.85121422881794,48.50887695241249,3
dcrlme_seed2,dcrlme,2,leg4_weak,ite,2,4,305,1426.7503662109375,305,1435.1668701171875,92.72874078776188,71.56849922500365,3
dcrlme_seed2,dcrlme,2,leg4_weak,ite,2,5,305,1448.820556640625,305,1435.1668701171875,92.72874078776188,71.56849922500365,3
dcrlme_seed2,dcrlme,2,leg4_weak,ite,2,6,305,1412.94482421875,305,1435.1668701171875,92.72874078776188,71.56849922500365,3
dcrlme_seed2,dcrlme,2,leg4_weak,ite,2,7,305,1426.309814453125,305,1435.1668701171875,92.72874078776188,71.56849922500365,3
dcrlme_seed2,dcrlme,2,leg4_weak,ite,2,8,305,1433.3057861328125,305,1435.1668701171875,92.72874078776188,71.56849922500365,3
dcrlme_seed2,dcrlme,2,leg4_weak,ite,2,9,305,1414.38818359375,305,1435.1668701171875,92.72874078776188,71.56849922500365,3
dcrlme_seed2,dcrlme,2,leg4_weak,ite,2,10,305,1433.55615234375,305,1435.1668701171875,92.72874078776188,71.56849922500365,3
dcrlme_seed2,dcrlme,2,leg4_weak,ite,2,11,305,1441.1217041015625,305,1435.1668701171875,92.72874078776188,71.56849922500365,3
dcrlme_seed2,dcrlme,2,leg4_weak,ite,2,12,305,1448.143310546875,305,1435.1668701171875,92.72874078776188,71.56849922500365,3
dcrlme_seed2,dcrlme,2,leg4_weak,ite,2,13,305,1435.3243408203125,305,1435.1668701171875,92.72874078776188,71.56849922500365,3
dcrlme_seed2,dcrlme,2,leg4_weak,ite,2,14,305,1443.031005859375,305,1435.1668701171875,92.72874078776188,71.56849922500365,3
dcrlme_seed2,dcrlme,2,leg4_weak,ite,2,15,305,1419.6651611328125,305,1435.1668701171875,92.72874078776188,71.56849922500365,3
dcrlme_seed2,dcrlme,2,leg4_weak,ite,2,16,305,1425.592041015625,305,1435.1668701171875,92.72874078776188,71.56849922500365,3
dcrlme_seed2,dcrlme,2,leg4_weak,ite,2,17,305,1403.90966796875,305,1435.1668701171875,92.72874078776188,71.56849922500365,3
dcrlme_seed2,dcrlme,2,leg4_weak,ite,2,18,305,1422.6134033203125,305,1435.1668701171875,92.72874078776188,71.56849922500365,3
dcrlme_seed2,dcrlme,2,leg4_weak,ite,2,19,305,1449.69921875,305,1435.1668701171875,92.72874078776188,71.56849922500365,3
dcrlme_seed2,dcrlme,2,leg4_weak,ite,2,20,305,1438.5181884765625,305,1435.1668701171875,92.72874078776188,71.56849922500365,3
dcrlme_seed2,dcrlme,2,leg4_weak,ite,3,1,771,1160.188232421875,771,1230.330322265625,42.27480537592883,32.62790317307583,3
dcrlme_seed2,dcrlme,2,leg4_weak,ite,3,2,311,1289.4981689453125,311,1310.45166015625,62.00974452347125,47.85942648599446,3
dcrlme_seed2,dcrlme,2,leg4_weak,ite,3,3,258,1324.7330322265625,258,1313.867919921875,62.85121422881794,48.50887695241249,3
dcrlme_seed2,dcrlme,2,leg4_weak,ite,3,4,305,1434.8846435546875,305,1435.1668701171875,92.72874078776188,71.56849922500365,3
dcrlme_seed2,dcrlme,2,leg4_weak,ite,3,5,305,1421.391845703125,305,1435.1668701171875,92.72874078776188,71.56849922500365,3
dcrlme_seed2,dcrlme,2,leg4_weak,ite,3,6,305,1443.25634765625,305,1435.1668701171875,92.72874078776188,71.56849922500365,3
dcrlme_seed2,dcrlme,2,leg4_weak,ite,3,7,305,1429.2525634765625,305,1435.1668701171875,92.72874078776188,71.56849922500365,3
dcrlme_seed2,dcrlme,2,leg4_weak,ite,3,8,305,1423.8583984375,305,1435.1668701171875,92.72874078776188,71.56849922500365,3
dcrlme_seed2,dcrlme,2,leg4_weak,ite,3,9,305,1423.1275634765625,305,1435.1668701171875,92.72874078776188,71.56849922500365,3
dcrlme_seed2,dcrlme,2,leg4_weak,ite,3,10,305,1434.88232421875,305,1435.1668701171875,92.72874078776188,71.56849922500365,3
dcrlme_seed2,dcrlme,2,leg4_weak,ite,3,11,305,1431.790771484375,305,1435.1668701171875,92.72874078776188,71.56849922500365,3
dcrlme_seed2,dcrlme,2,leg4_weak,ite,3,12,305,1446.2861328125,305,1435.1668701171875,92.72874078776188,71.56849922500365,3
dcrlme_seed2,dcrlme,2,leg4_weak,ite,3,13,305,1410.607177734375,305,1435.1668701171875,92.72874078776188,71.56849922500365,3
dcrlme_seed2,dcrlme,2,leg4_weak,ite,3,14,305,1433.6826171875,305,1435.1668701171875,92.72874078776188,71.56849922500365,3
dcrlme_seed2,dcrlme,2,leg4_weak,ite,3,15,305,1424.2716064453125,305,1435.1668701171875,92.72874078776188,71.56849922500365,3
dcrlme_seed2,dcrlme,2,leg4_weak,ite,3,16,305,1440.5435791015625,305,1435.1668701171875,92.72874078776188,71.56849922500365,3
dcrlme_seed2,dcrlme,2,leg4_weak,ite,3,17,305,1427.1529541015625,305,1435.1668701171875,92.72874078776188,71.56849922500365,3
dcrlme_seed2,dcrlme,2,leg4_weak,ite,3,18,305,1416.330810546875,305,1435.1668701171875,92.72874078776188,71.56849922500365,3
dcrlme_seed2,dcrlme,2,leg4_weak,ite,3,19,305,1399.16064453125,305,1435.1668701171875,92.72874078776188,71.56849922500365,3
dcrlme_seed2,dcrlme,2,leg4_weak,ite,3,20,305,1426.2796630859375,305,1435.1668701171875,92.72874078776188,71.56849922500365,3
dcrlme_seed2,dcrlme,2,leg4_weak,ite,4,1,771,1168.806640625,771,1230.330322265625,42.27480537592883,32.62790317307583,2
dcrlme_seed2,dcrlme,2,leg4_weak,ite,4,2,311,1354.341064453125,311,1310.45166015625,62.00974452347125,47.85942648599446,2
dcrlme_seed2,dcrlme,2,leg4_weak,ite,4,3,311,1300.10595703125,311,1310.45166015625,62.00974452347125,47.85942648599446,2
dcrlme_seed2,dcrlme,2,leg4_weak,ite,4,4,258,1284.5047607421875,311,1310.45166015625,62.00974452347125,47.85942648599446,2
dcrlme_seed2,dcrlme,2,leg4_weak,ite,4,5,311,1238.0302734375,311,1310.45166015625,62.00974452347125,47.85942648599446,2
dcrlme_seed2,dcrlme,2,leg4_weak,ite,4,6,305,1413.809326171875,305,1435.1668701171875,92.72874078776188,71.56849922500365,2
dcrlme_seed2,dcrlme,2,leg4_weak,ite,4,7,305,1416.3497314453125,305,1435.1668701171875,92.72874078776188,71.56849922500365,2
dcrlme_seed2,dcrlme,2,leg4_weak,ite,4,8,305,1425.9615478515625,305,1435.1668701171875,92.72874078776188,71.56849922500365,2
dcrlme_seed2,dcrlme,2,leg4_weak,ite,4,9,305,1427.668212890625,305,1435.1668701171875,92.72874078776188,71.56849922500365,2
dcrlme_seed2,dcrlme,2,leg4_weak,ite,4,10,305,1426.663330078125,305,1435.1668701171875,92.72874078776188,71.56849922500365,2
dcrlme_seed2,dcrlme,2,leg4_weak,ite,4,11,305,1428.2305908203125,305,1435.1668701171875,92.72874078776188,71.56849922500365,2
dcrlme_seed2,dcrlme,2,leg4_weak,ite,4,12,305,1427.9720458984375,305,1435.1668701171875,92.72874078776188,71.56849922500365,2
dcrlme_seed2,dcrlme,2,leg4_weak,ite,4,13,305,1438.324462890625,305,1435.1668701171875,92.72874078776188,71.56849922500365,2
dcrlme_seed2,dcrlme,2,leg4_weak,ite,4,14,305,1430.751220703125,305,1435.1668701171875,92.72874078776188,71.56849922500365,2
dcrlme_seed2,dcrlme,2,leg4_weak,ite,4,15,305,1420.3397216796875,305,1435.1668701171875,92.72874078776188,71.56849922500365,2
dcrlme_seed2,dcrlme,2,leg4_weak,ite,4,16,305,1424.468505859375,305,1435.1668701171875,92.72874078776188,71.56849922500365,2
dcrlme_seed2,dcrlme,2,leg4_weak,ite,4,17,305,1428.698974609375,305,1435.1668701171875,92.72874078776188,71.56849922500365,2
dcrlme_seed2,dcrlme,2,leg4_weak,ite,4,18,305,1434.297119140625,305,1435.1668701171875,92.72874078776188,71.56849922500365,2
dcrlme_seed2,dcrlme,2,leg4_weak,ite,4,19,305,1407.9931640625,305,1435.1668701171875,92.72874078776188,71.56849922500365,2
dcrlme_seed2,dcrlme,2,leg4_weak,ite,4,20,305,1425.31396484375,305,1435.1668701171875,92.72874078776188,71.56849922500365,2
dcrlme_seed2,dcrlme,2,leg4_weak,top_k,0,1,771,1170.203125,771,1230.330322265625,42.27480537592883,32.62790317307583,
dcrlme_seed2,dcrlme,2,leg4_weak,top_k,0,2,905,1183.6109619140625,905,1226.343017578125,41.29267979687343,31.86989380999863,
dcrlme_seed2,dcrlme,2,leg4_weak,top_k,0,3,906,1126.0931396484375,905,1226.343017578125,41.29267979687343,31.86989380999863,
dcrlme_seed2,dcrlme,2,leg4_weak,top_k,0,4,32,1203.881591796875,32,1211.94775390625,37.746937051475236,29.133272081176617,
dcrlme_seed2,dcrlme,2,leg4_weak,top_k,0,5,258,1282.32373046875,258,1313.867919921875,62.85121422881794,48.50887695241249,
dcrlme_seed2,dcrlme,2,leg4_weak,top_k,0,6,94,1374.8924560546875,94,1389.4560546875,81.46956583338334,62.87861249569987,
dcrlme_seed2,dcrlme,2,leg4_weak,top_k,0,7,437,1223.4130859375,94,1389.4560546875,81.46956583338334,62.87861249569987,
dcrlme_seed2,dcrlme,2,leg4_weak,top_k,0,8,790,1413.92626953125,790,1427.312255859375,90.79404600499433,70.0752922550305,
dcrlme_seed2,dcrlme,2,leg4_weak,top_k,0,9,161,1311.00830078125,790,1427.312255859375,90.79404600499433,70.0752922550305,
dcrlme_seed2,dcrlme,2,leg4_weak,top_k,0,10,661,1201.7049560546875,790,1427.312255859375,90.79404600499433,70.0752922550305,
dcrlme_seed2,dcrlme,2,leg4_weak,top_k,0,11,478,1261.517333984375,790,1427.312255859375,90.79404600499433,70.0752922550305,
dcrlme_seed2,dcrlme,2,leg4_weak,top_k,0,12,575,1351.93359375,790,1427.312255859375,90.79404600499433,70.0752922550305,
dcrlme_seed2,dcrlme,2,leg4_weak,top_k,0,13,674,1071.0428466796875,790,1427.312255859375,90.79404600499433,70.0752922550305,
dcrlme_seed2,dcrlme,2,leg4_weak,top_k,0,14,323,1239.1707763671875,790,1427.312255859375,90.79404600499433,70.0752922550305,
dcrlme_seed2,dcrlme,2,leg4_weak,top_k,0,15,358,1346.0595703125,790,1427.312255859375,90.79404600499433,70.0752922550305,
dcrlme_seed2,dcrlme,2,leg4_weak,top_k,0,16,120,1355.5167236328125,790,1427.312255859375,90.79404600499433,70.0752922550305,
dcrlme_seed2,dcrlme,2,leg4_weak,top_k,0,17,427,1409.052734375,790,1427.312255859375,90.79404600499433,70.0752922550305,
dcrlme_seed2,dcrlme,2,leg4_weak,top_k,0,18,285,1298.9891357421875,790,1427.312255859375,90.79404600499433,70.0752922550305,
dcrlme_seed2,dcrlme,2,leg4_weak,top_k,0,19,553,1374.75830078125,790,1427.312255859375,90.79404600499433,70.0752922550305,
dcrlme_seed2,dcrlme,2,leg4_weak,top_k,0,20,311,1276.43408203125,790,1427.312255859375,90.79404600499433,70.0752922550305,
dcrlme_seed2,dcrlme,2,leg4_weak,top_k,1,1,771,1255.7706298828125,771,1230.330322265625,42.27480537592883,32.62790317307583,
dcrlme_seed2,dcrlme,2,leg4_weak,top_k,1,2,905,1221.0423583984375,771,1230.330322265625,42.27480537592883,32.62790317307583,
dcrlme_seed2,dcrlme,2,leg4_weak,top_k,1,3,906,1212.101806640625,771,1230.330322265625,42.27480537592883,32.62790317307583,
dcrlme_seed2,dcrlme,2,leg4_weak,top_k,1,4,32,1206.8232421875,771,1230.330322265625,42.27480537592883,32.62790317307583,
dcrlme_seed2,dcrlme,2,leg4_weak,top_k,1,5,258,1299.858154296875,258,1313.867919921875,62.85121422881794,48.50887695241249,
dcrlme_seed2,dcrlme,2,leg4_weak,top_k,1,6,94,1378.4263916015625,94,1389.4560546875,81.46956583338334,62.87861249569987,
dcrlme_seed2,dcrlme,2,leg4_weak,top_k,1,7,437,1246.417724609375,94,1389.4560546875,81.46956583338334,62.87861249569987,
dcrlme_seed2,dcrlme,2,leg4_weak,top_k,1,8,790,1412.1002197265625,790,1427.312255859375,90.79404600499433,70.0752922550305,
dcrlme_seed2,dcrlme,2,leg4_weak,top_k,1,9,161,1245.121337890625,790,1427.312255859375,90.79404600499433,70.0752922550305,
dcrlme_seed2,dcrlme,2,leg4_weak,top_k,1,10,661,1219.8670654296875,790,1427.312255859375,90.79404600499433,70.0752922550305,
dcrlme_seed2,dcrlme,2,leg4_weak,top_k,1,11,478,1277.347900390625,790,1427.312255859375,90.79404600499433,70.0752922550305,
dcrlme_seed2,dcrlme,2,leg4_weak,top_k,1,12,575,1356.259521484375,790,1427.312255859375,90.79404600499433,70.0752922550305,
dcrlme_seed2,dcrlme,2,leg4_weak,top_k,1,13,674,1086.776611328125,790,1427.312255859375,90.79404600499433,70.0752922550305,
dcrlme_seed2,dcrlme,2,leg4_weak,top_k,1,14,323,1240.124267578125,790,1427.312255859375,90.79404600499433,70.0752922550305,
dcrlme_seed2,dcrlme,2,leg4_weak,top_k,1,15,358,1299.522216796875,790,1427.312255859375,90.79404600499433,70.0752922550305,
dcrlme_seed2,dcrlme,2,leg4_weak,top_k,1,16,120,1361.84228515625,790,1427.312255859375,90.79404600499433,70.0752922550305,
dcrlme_seed2,dcrlme,2,leg4_weak,top_k,1,17,427,1444.0697021484375,427,1428.1114501953125,90.99089807963539,70.22722365657552,
dcrlme_seed2,dcrlme,2,leg4_weak,top_k,1,18,285,1315.32861328125,427,1428.1114501953125,90.99089807963539,70.22722365657552,
dcrlme_seed2,dcrlme,2,leg4_weak,top_k,1,19,553,1404.544189453125,427,1428.1114501953125,90.99089807963539,70.22722365657552,
dcrlme_seed2,dcrlme,2,leg4_weak,top_k,1,20,311,1275.041748046875,427,1428.1114501953125,90.99089807963539,70.22722365657552,
dcrlme_seed2,dcrlme,2,leg4_weak,top_k,2,1,771,1122.666259765625,771,1230.330322265625,42.27480537592883,32.62790317307583,
dcrlme_seed2,dcrlme,2,leg4_weak,top_k,2,2,905,1229.873779296875,905,1226.343017578125,41.29267979687343,31.86989380999863,
dcrlme_seed2,dcrlme,2,leg4_weak,top_k,2,3,906,1057.814208984375,905,1226.343017578125,41.29267979687343,31.86989380999863,
dcrlme_seed2,dcrlme,2,leg4_weak,top_k,2,4,32,1193.291748046875,905,1226.343017578125,41.29267979687343,31.86989380999863,
dcrlme_seed2,dcrlme,2,leg4_weak,top_k,2,5,258,1288.526123046875,258,1313.867919921875,62.85121422881794,48.50887695241249,
dcrlme_seed2,dcrlme,2,leg4_weak,top_k,2,6,94,1375.95849609375,94,1389.4560546875,81.46956583338334,62.87861249569987,
dcrlme_seed2,dcrlme,2,leg4_weak,top_k,2,7,437,1248.278564453125,94,1389.4560546875,81.46956583338334,62.87861249569987,
dcrlme_seed2,dcrlme,2,leg4_weak,top_k,2,8,790,1442.471435546875,790,1427.312255859375,90.79404600499433,70.0752922550305,
dcrlme_seed2,dcrlme,2,leg4_weak,top_k,2,9,161,1338.741943359375,790,1427.312255859375,90.79404600499433,70.0752922550305,
dcrlme_seed2,dcrlme,2,leg4_weak,top_k,2,10,661,1206.728759765625,790,1427.312255859375,90.79404600499433,70.0752922550305,
dcrlme_seed2,dcrlme,2,leg4_weak,top_k,2,11,478,1277.086669921875,790,1427.312255859375,90.79404600499433,70.0752922550305,
dcrlme_seed2,dcrlme,2,leg4_weak,top_k,2,12,575,1354.3173828125,790,1427.312255859375,90.79404600499433,70.0752922550305,
dcrlme_seed2,dcrlme,2,leg4_weak,top_k,2,13,674,1075.6829833984375,790,1427.312255859375,90.79404600499433,70.0752922550305,
dcrlme_seed2,dcrlme,2,leg4_weak,top_k,2,14,323,1230.855224609375,790,1427.312255859375,90.79404600499433,70.0752922550305,
dcrlme_seed2,dcrlme,2,leg4_weak,top_k,2,15,358,1357.7244873046875,790,1427.312255859375,90.79404600499433,70.0752922550305,
dcrlme_seed2,dcrlme,2,leg4_weak,top_k,2,16,120,1365.3271484375,790,1427.312255859375,90.79404600499433,70.0752922550305,
dcrlme_seed2,dcrlme,2,leg4_weak,top_k,2,17,427,1435.179931640625,790,1427.312255859375,90.79404600499433,70.0752922550305,
dcrlme_seed2,dcrlme,2,leg4_weak,top_k,2,18,285,1343.669677734375,790,1427.312255859375,90.79404600499433,70.0752922550305,
dcrlme_seed2,dcrlme,2,leg4_weak,top_k,2,19,553,1388.321533203125,790,1427.312255859375,90.79404600499433,70.0752922550305,
dcrlme_seed2,dcrlme,2,leg4_weak,top_k,2,20,311,1301.2340087890625,790,1427.312255859375,90.79404600499433,70.0752922550305,
dcrlme_seed2,dcrlme,2,leg4_weak,top_k,3,1,771,1197.4866943359375,771,1230.330322265625,42.27480537592883,32.62790317307583,
dcrlme_seed2,dcrlme,2,leg4_weak,top_k,3,2,905,1223.011474609375,905,1226.343017578125,41.29267979687343,31.86989380999863,
dcrlme_seed2,dcrlme,2,leg4_weak,top_k,3,3,906,1188.84130859375,905,1226.343017578125,41.29267979687343,31.86989380999863,
dcrlme_seed2,dcrlme,2,leg4_weak,top_k,3,4,32,1215.6129150390625,905,1226.343017578125,41.29267979687343,31.86989380999863,
dcrlme_seed2,dcrlme,2,leg4_weak,top_k,3,5,258,1366.71044921875,258,1313.867919921875,62.85121422881794,48.50887695241249,
dcrlme_seed2,dcrlme,2,leg4_weak,top_k,3,6,94,1387.4921875,94,1389.4560546875,81.46956583338334,62.87861249569987,
dcrlme_seed2,dcrlme,2,leg4_weak,top_k,3,7,437,1246.285400390625,94,1389.4560546875,81.46956583338334,62.87861249569987,
dcrlme_seed2,dcrlme,2,leg4_weak,top_k,3,8,790,1422.0997314453125,790,1427.312255859375,90.79404600499433,70.0752922550305,
dcrlme_seed2,dcrlme,2,leg4_weak,top_k,3,9,161,1234.43603515625,790,1427.312255859375,90.79404600499433,70.0752922550305,
dcrlme_seed2,dcrlme,2,leg4_weak,top_k,3,10,661,1207.564208984375,790,1427.312255859375,90.79404600499433,70.0752922550305,
dcrlme_seed2,dcrlme,2,leg4_weak,top_k,3,11,478,1271.759033203125,790,1427.312255859375,90.79404600499433,70.0752922550305,
dcrlme_seed2,dcrlme,2,leg4_weak,top_k,3,12,575,1355.2403564453125,790,1427.312255859375,90.79404600499433,70.0752922550305,
dcrlme_seed2,dcrlme,2,leg4_weak,top_k,3,13,674,1075.666015625,790,1427.312255859375,90.79404600499433,70.0752922550305,
dcrlme_seed2,dcrlme,2,leg4_weak,top_k,3,14,323,1241.961669921875,790,1427.312255859375,90.79404600499433,70.0752922550305,
dcrlme_seed2,dcrlme,2,leg4_weak,top_k,3,15,358,1341.109619140625,790,1427.312255859375,90.79404600499433,70.0752922550305,
dcrlme_seed2,dcrlme,2,leg4_weak,top_k,3,16,120,1333.650390625,790,1427.312255859375,90.79404600499433,70.0752922550305,
dcrlme_seed2,dcrlme,2,leg4_weak,top_k,3,17,427,1415.06005859375,790,1427.312255859375,90.79404600499433,70.0752922550305,
dcrlme_seed2,dcrlme,2,leg4_weak,top_k,3,18,285,1334.1636962890625,790,1427.312255859375,90.79404600499433,70.0752922550305,
dcrlme_seed2,dcrlme,2,leg4_weak,top_k,3,19,553,1406.0419921875,790,1427.312255859375,90.79404600499433,70.0752922550305,
dcrlme_seed2,dcrlme,2,leg4_weak,top_k,3,20,311,1260.25439453125,790,1427.312255859375,90.79404600499433,70.0752922550305,
dcrlme_seed2,dcrlme,2,leg4_weak,top_k,4,1,771,1138.400146484375,771,1230.330322265625,42.27480537592883,32.62790317307583,
dcrlme_seed2,dcrlme,2,leg4_weak,top_k,4,2,905,1228.771240234375,905,1226.343017578125,41.29267979687343,31.86989380999863,
dcrlme_seed2,dcrlme,2,leg4_weak,top_k,4,3,906,1110.84521484375,905,1226.343017578125,41.29267979687343,31.86989380999863,
dcrlme_seed2,dcrlme,2,leg4_weak,top_k,4,4,32,1226.9520263671875,905,1226.343017578125,41.29267979687343,31.86989380999863,
dcrlme_seed2,dcrlme,2,leg4_weak,top_k,4,5,258,1315.7918701171875,258,1313.867919921875,62.85121422881794,48.50887695241249,
dcrlme_seed2,dcrlme,2,leg4_weak,top_k,4,6,94,1394.51513671875,94,1389.4560546875,81.46956583338334,62.87861249569987,
dcrlme_seed2,dcrlme,2,leg4_weak,top_k,4,7,437,1231.7626953125,94,1389.4560546875,81.46956583338334,62.87861249569987,
dcrlme_seed2,dcrlme,2,leg4_weak,top_k,4,8,790,1420.48291015625,790,1427.312255859375,90.79404600499433,70.0752922550305,
dcrlme_seed2,dcrlme,2,leg4_weak,top_k,4,9,161,1273.518798828125,790,1427.312255859375,90.79404600499433,70.0752922550305,
dcrlme_seed2,dcrlme,2,leg4_weak,top_k,4,10,661,1205.1083984375,790,1427.312255859375,90.79404600499433,70.0752922550305,
dcrlme_seed2,dcrlme,2,leg4_weak,top_k,4,11,478,1276.18115234375,790,1427.312255859375,90.79404600499433,70.0752922550305,
dcrlme_seed2,dcrlme,2,leg4_weak,top_k,4,12,575,1312.64794921875,790,1427.312255859375,90.79404600499433,70.0752922550305,
dcrlme_seed2,dcrlme,2,leg4_weak,top_k,4,13,674,1079.209716796875,790,1427.312255859375,90.79404600499433,70.0752922550305,
dcrlme_seed2,dcrlme,2,leg4_weak,top_k,4,14,323,1242.3336181640625,790,1427.312255859375,90.79404600499433,70.0752922550305,
dcrlme_seed2,dcrlme,2,leg4_weak,top_k,4,15,358,1340.572021484375,790,1427.312255859375,90.79404600499433,70.0752922550305,
dcrlme_seed2,dcrlme,2,leg4_weak,top_k,4,16,120,1346.540771484375,790,1427.312255859375,90.79404600499433,70.0752922550305,
dcrlme_seed2,dcrlme,2,leg4_weak,top_k,4,17,427,1432.905517578125,427,1428.1114501953125,90.99089807963539,70.22722365657552,
dcrlme_seed2,dcrlme,2,leg4_weak,top_k,4,18,285,1313.8590087890625,427,1428.1114501953125,90.99089807963539,70.22722365657552,
dcrlme_seed2,dcrlme,2,leg4_weak,top_k,4,19,553,1398.0679931640625,427,1428.1114501953125,90.99089807963539,70.22722365657552,
dcrlme_seed2,dcrlme,2,leg4_weak,top_k,4,20,311,1247.579345703125,427,1428.1114501953125,90.99089807963539,70.22722365657552,
dcrlme_seed2,dcrlme,2,leg4_weak,best_intact,0,1,771,1194.997802734375,771,1230.330322265625,42.27480537592883,32.62790317307583,
dcrlme_seed2,dcrlme,2,leg4_weak,best_intact,1,1,771,1181.9825439453125,771,1230.330322265625,42.27480537592883,32.62790317307583,
dcrlme_seed2,dcrlme,2,leg4_weak,best_intact,2,1,771,1159.286376953125,771,1230.330322265625,42.27480537592883,32.62790317307583,
dcrlme_seed2,dcrlme,2,leg4_weak,best_intact,3,1,771,1196.564697265625,771,1230.330322265625,42.27480537592883,32.62790317307583,
dcrlme_seed2,dcrlme,2,leg4_weak,best_intact,4,1,771,1208.3338623046875,771,1230.330322265625,42.27480537592883,32.62790317307583,
dcrlme_seed2,dcrlme,2,legs12_paralysed,ite,0,1,771,1058.323974609375,771,1057.2080078125,-6.254087128627961,-0.28363622456756926,
dcrlme_seed2,dcrlme,2,legs12_paralysed,ite,0,2,311,1056.271240234375,771,1057.2080078125,-6.254087128627961,-0.28363622456756926,
dcrlme_seed2,dcrlme,2,legs12_paralysed,ite,0,3,305,1054.388427734375,771,1057.2080078125,-6.254087128627961,-0.28363622456756926,
dcrlme_seed2,dcrlme,2,legs12_paralysed,ite,0,4,258,1055.674072265625,771,1057.2080078125,-6.254087128627961,-0.28363622456756926,
dcrlme_seed2,dcrlme,2,legs12_paralysed,ite,0,5,133,1056.6201171875,771,1057.2080078125,-6.254087128627961,-0.28363622456756926,
dcrlme_seed2,dcrlme,2,legs12_paralysed,ite,0,6,78,1056.197265625,771,1057.2080078125,-6.254087128627961,-0.28363622456756926,
dcrlme_seed2,dcrlme,2,legs12_paralysed,ite,0,7,158,1055.09033203125,771,1057.2080078125,-6.254087128627961,-0.28363622456756926,
dcrlme_seed2,dcrlme,2,legs12_paralysed,ite,0,8,278,1060.285888671875,278,1060.706298828125,8.409941943584913,0.3814088503487444,
dcrlme_seed2,dcrlme,2,legs12_paralysed,ite,0,9,720,1055.3603515625,278,1060.706298828125,8.409941943584913,0.3814088503487444,
dcrlme_seed2,dcrlme,2,legs12_paralysed,ite,0,10,203,1055.7384033203125,278,1060.706298828125,8.409941943584913,0.3814088503487444,
dcrlme_seed2,dcrlme,2,legs12_paralysed,ite,0,11,258,1055.466064453125,278,1060.706298828125,8.409941943584913,0.3814088503487444,
dcrlme_seed2,dcrlme,2,legs12_paralysed,ite,0,12,311,1059.11572265625,278,1060.706298828125,8.409941943584913,0.3814088503487444,
dcrlme_seed2,dcrlme,2,legs12_paralysed,ite,0,13,298,1050.740234375,278,1060.706298828125,8.409941943584913,0.3814088503487444,
dcrlme_seed2,dcrlme,2,legs12_paralysed,ite,0,14,261,1048.504638671875,278,1060.706298828125,8.409941943584913,0.3814088503487444,
dcrlme_seed2,dcrlme,2,legs12_paralysed,ite,0,15,305,1054.848388671875,278,1060.706298828125,8.409941943584913,0.3814088503487444,
dcrlme_seed2,dcrlme,2,legs12_paralysed,ite,0,16,181,1061.759521484375,181,1061.43115234375,11.44836069684055,0.5192076379421937,
dcrlme_seed2,dcrlme,2,legs12_paralysed,ite,0,17,258,1056.4990234375,181,1061.43115234375,11.44836069684055,0.5192076379421937,
dcrlme_seed2,dcrlme,2,legs12_paralysed,ite,0,18,768,1045.74267578125,181,1061.43115234375,11.44836069684055,0.5192076379421937,
dcrlme_seed2,dcrlme,2,legs12_paralysed,ite,0,19,311,1055.6295166015625,181,1061.43115234375,11.44836069684055,0.5192076379421937,
dcrlme_seed2,dcrlme,2,legs12_paralysed,ite,0,20,456,1043.8956298828125,181,1061.43115234375,11.44836069684055,0.5192076379421937,
dcrlme_seed2,dcrlme,2,legs12_paralysed,ite,1,1,771,1056.968017578125,771,1057.2080078125,-6.254087128627961,-0.28363622456756926,
dcrlme_seed2,dcrlme,2,legs12_paralysed,ite,1,2,311,1059.327392578125,311,1057.5357666015625,-4.880197880987108,-0.2213274093623804,
dcrlme_seed2,dcrlme,2,legs12_paralysed,ite,1,3,305,1054.751953125,311,1057.5357666015625,-4.880197880987108,-0.2213274093623804,
dcrlme_seed2,dcrlme,2,legs12_paralysed,ite,1,4,258,1055.1605224609375,311,1057.5357666015625,-4.880197880987108,-0.2213274093623804,
dcrlme_seed2,dcrlme,2,legs12_paralysed,ite,1,5,133,1056.2999267578125,311,1057.5357666015625,-4.880197880987108,-0.2213274093623804,
dcrlme_seed2,dcrlme,2,legs12_paralysed,ite,1,6,78,1056.8468017578125,311,1057.5357666015625,-4.880197880987108,-0.2213274093623804,
dcrlme_seed2,dcrlme,2,legs12_paralysed,ite,1,7,158,1049.770263671875,311,1057.5357666015625,-4.880197880987108,-0.2213274093623804,
dcrlme_seed2,dcrlme,2,legs12_paralysed,ite,1,8,278,1060.636962890625,278,1060.706298828125,8.409941943584913,0.3814088503487444,
dcrlme_seed2,dcrlme,2,legs12_paralysed,ite,1,9,720,1054.9180908203125,278,1060.706298828125,8.409941943584913,0.3814088503487444,
dcrlme_seed2,dcrlme,2,legs12_paralysed,ite,1,10,295,1057.9522705078125,278,1060.706298828125,8.409941943584913,0.3814088503487444,
dcrlme_seed2,dcrlme,2,legs12_paralysed,ite,1,11,258,1056.237060546875,278,1060.706298828125,8.409941943584913,0.3814088503487444,
dcrlme_seed2,dcrlme,2,legs12_paralysed,ite,1,12,298,1052.5615234375,278,1060.706298828125,8.409941943584913,0.3814088503487444,
dcrlme_seed2,dcrlme,2,legs12_paralysed,ite,1,13,311,1060.162841796875,278,1060.706298828125,8.409941943584913,0.3814088503487444,
dcrlme_seed2,dcrlme,2,legs12_paralysed,ite,1,14,261,1049.512451171875,278,1060.706298828125,8.409941943584913,0.3814088503487444,
dcrlme_seed2,dcrlme,2,legs12_paralysed,ite,1,15,305,1054.97265625,278,1060.706298828125,8.409941943584913,0.3814088503487444,
dcrlme_seed2,dcrlme,2,legs12_paralysed,ite,1,16,181,1061.842041015625,181,1061.43115234375,11.44836069684055,0.5192076379421937,
dcrlme_seed2,dcrlme,2,legs12_paralysed,ite,1,17,258,1056.80029296875,181,1061.43115234375,11.44836069684055,0.5192076379421937,
dcrlme_seed2,dcrlme,2,legs12_paralysed,ite,1,18,768,1046.5057373046875,181,1061.43115234375,11.44836069684055,0.5192076379421937,
dcrlme_seed2,dcrlme,2,legs12_paralysed,ite,1,19,311,1054.01171875,181,1061.43115234375,11.44836069684055,0.5192076379421937,
dcrlme_seed2,dcrlme,2,legs12_paralysed,ite,1,20,191,1055.058349609375,181,1061.43115234375,11.44836069684055,0.5192076379421937,
dcrlme_seed2,dcrlme,2,legs12_paralysed,ite,2,1,771,1058.5579833984375,771,1057.2080078125,-6.254087128627961,-0.28363622456756926,
dcrlme_seed2,dcrlme,2,legs12_paralysed,ite,2,2,311,1054.3154296875,771,1057.2080078125,-6.254087128627961,-0.28363622456756926,
dcrlme_seed2,dcrlme,2,legs12_paralysed,ite,2,3,305,1054.1768798828125,771,1057.2080078125,-6.254087128627961,-0.28363622456756926,
dcrlme_seed2,dcrlme,2,legs12_paralysed,ite,2,4,258,1055.8677978515625,771,1057.2080078125,-6.254087128627961,-0.28363622456756926,
dcrlme_seed2,dcrlme,2,legs12_paralysed,ite,2,5,133,1056.076416015625,771,1057.2080078125,-6.254087128627961,-0.28363622456756926,
dcrlme_seed2,dcrlme,2,legs12_paralysed,ite,2,6,78,1056.552734375,771,1057.2080078125,-6.254087128627961,-0.28363622456756926,
dcrlme_seed2,dcrlme,2,legs12_paralysed,ite,2,7,158,1056.4417724609375,771,1057.2080078125,-6.254087128627961,-0.28363622456756926,
dcrlme_seed2,dcrlme,2,legs12_paralysed,ite,2,8,278,1061.21630859375,278,1060.706298828125,8.409941943584913,0.3814088503487444,
dcrlme_seed2,dcrlme,2,legs12_paralysed,ite,2,9,720,1054.427734375,278,1060.706298828125,8.409941943584913,0.3814088503487444,
dcrlme_seed2,dcrlme,2,legs12_paralysed,ite,2,10,203,1054.85400390625,278,1060.706298828125,8.409941943584913,0.3814088503487444,
dcrlme_seed2,dcrlme,2,legs12_paralysed,ite,2,11,258,1056.140625,278,1060.706298828125,8.409941943584913,0.3814088503487444,
dcrlme_seed2,dcrlme,2,legs12_paralysed,ite,2,12,311,1058.111572265625,278,1060.706298828125,8.409941943584913,0.3814088503487444,
dcrlme_seed2,dcrlme,2,legs12_paralysed,ite,2,13,298,1047.95849609375,278,1060.706298828125,8.409941943584913,0.3814088503487444,
dcrlme_seed2,dcrlme,2,legs12_paralysed,ite,2,14,261,1050.9755859375,278,1060.706298828125,8.409941943584913,0.3814088503487444,
dcrlme_seed2,dcrlme,2,legs12_paralysed,ite,2,15,305,1054.1883544921875,278,1060.706298828125,8.409941943584913,0.3814088503487444,
dcrlme_seed2,dcrlme,2,legs12_paralysed,ite,2,16,181,1061.1048583984375,278,1060.706298828125,8.409941943584913,0.3814088503487444,
dcrlme_seed2,dcrlme,2,legs12_paralysed,ite,2,17,258,1055.14501953125,278,1060.706298828125,8.409941943584913,0.3814088503487444,
dcrlme_seed2,dcrlme,2,legs12_paralysed,ite,2,18,768,1046.8763427734375,278,1060.706298828125,8.409941943584913,0.3814088503487444,
dcrlme_seed2,dcrlme,2,legs12_paralysed,ite,2,19,311,1053.264404296875,278,1060.706298828125,8.409941943584913,0.3814088503487444,
dcrlme_seed2,dcrlme,2,legs12_paralysed,ite,2,20,191,1056.0780029296875,278,1060.706298828125,8.409941943584913,0.3814088503487444,
dcrlme_seed2,dcrlme,2,legs12_paralysed,ite,3,1,771,1057.8892822265625,771,1057.2080078125,-6.254087128627961,-0.28363622456756926,
dcrlme_seed2,dcrlme,2,legs12_paralysed,ite,3,2,311,1056.3984375,771,1057.2080078125,-6.254087128627961,-0.28363622456756926,
dcrlme_seed2,dcrlme,2,legs12_paralysed,ite,3,3,305,1055.4583740234375,771,1057.2080078125,-6.254087128627961,-0.28363622456756926,
dcrlme_seed2,dcrlme,2,legs12_paralysed,ite,3,4,258,1055.806396484375,771,1057.2080078125,-6.254087128627961,-0.28363622456756926,
dcrlme_seed2,dcrlme,2,legs12_paralysed,ite,3,5,133,1055.50537109375,771,1057.2080078125,-6.254087128627961,-0.28363622456756926,
dcrlme_seed2,dcrlme,2,legs12_paralysed,ite,3,6,78,1057.2127685546875,771,1057.2080078125,-6.254087128627961,-0.28363622456756926,
dcrlme_seed2,dcrlme,2,legs12_paralysed,ite,3,7,158,1046.900634765625,771,1057.2080078125,-6.254087128627961,-0.28363622456756926,
dcrlme_seed2,dcrlme,2,legs12_paralysed,ite,3,8,278,1061.338623046875,278,1060.706298828125,8.409941943584913,0.3814088503487444,
dcrlme_seed2,dcrlme,2,legs12_paralysed,ite,3,9,720,1052.5264892578125,278,1060.706298828125,8.409941943584913,0.3814088503487444,
dcrlme_seed2,dcrlme,2,legs12_paralysed,ite,3,10,203,1055.864501953125,278,1060.706298828125,8.409941943584913,0.3814088503487444,
dcrlme_seed2,dcrlme,2,legs12_paralysed,ite,3,11,258,1056.3062744140625,278,1060.706298828125,8.409941943584913,0.3814088503487444,
dcrlme_seed2,dcrlme,2,legs12_paralysed,ite,3,12,311,1057.608154296875,278,1060.706298828125,8.409941943584913,0.3814088503487444,
dcrlme_seed2,dcrlme,2,legs12_paralysed,ite,3,13,298,1046.60498046875,278,1060.706298828125,8.409941943584913,0.3814088503487444,
dcrlme_seed2,dcrlme,2,legs12_paralysed,ite,3,14,261,1049.8211669921875,278,1060.706298828125,8.409941943584913,0.3814088503487444,
dcrlme_seed2,dcrlme,2,legs12_paralysed,ite,3,15,305,1054.8760986328125,278,1060.706298828125,8.409941943584913,0.3814088503487444,
dcrlme_seed2,dcrlme,2,legs12_paralysed,ite,3,16,181,1062.5587158203125,181,1061.43115234375,11.44836069684055,0.5192076379421937,
dcrlme_seed2,dcrlme,2,legs12_paralysed,ite,3,17,258,1055.949462890625,181,1061.43115234375,11.44836069684055,0.5192076379421937,
dcrlme_seed2,dcrlme,2,legs12_paralysed,ite,3,18,768,1046.41552734375,181,1061.43115234375,11.44836069684055,0.5192076379421937,
dcrlme_seed2,dcrlme,2,legs12_paralysed,ite,3,19,311,1059.20703125,181,1061.43115234375,11.44836069684055,0.5192076379421937,
dcrlme_seed2,dcrlme,2,legs12_paralysed,ite,3,20,191,1057.268798828125,181,1061.43115234375,11.44836069684055,0.5192076379421937,
dcrlme_seed2,dcrlme,2,legs12_paralysed,ite,4,1,771,1059.8853759765625,771,1057.2080078125,-6.254087128627961,-0.28363622456756926,
dcrlme_seed2,dcrlme,2,legs12_paralysed,ite,4,2,311,1056.4962158203125,771,1057.2080078125,-6.254087128627961,-0.28363622456756926,
dcrlme_seed2,dcrlme,2,legs12_paralysed,ite,4,3,305,1054.78759765625,771,1057.2080078125,-6.254087128627961,-0.28363622456756926,
dcrlme_seed2,dcrlme,2,legs12_paralysed,ite,4,4,258,1056.0567626953125,771,1057.2080078125,-6.254087128627961,-0.28363622456756926,
dcrlme_seed2,dcrlme,2,legs12_paralysed,ite,4,5,133,1053.1573486328125,771,1057.2080078125,-6.254087128627961,-0.28363622456756926,
dcrlme_seed2,dcrlme,2,legs12_paralysed,ite,4,6,78,1056.822265625,771,1057.2080078125,-6.254087128627961,-0.28363622456756926,
dcrlme_seed2,dcrlme,2,legs12_paralysed,ite,4,7,158,1058.4080810546875,771,1057.2080078125,-6.254087128627961,-0.28363622456756926,
dcrlme_seed2,dcrlme,2,legs12_paralysed,ite,4,8,278,1060.197998046875,278,1060.706298828125,8.409941943584913,0.3814088503487444,
dcrlme_seed2,dcrlme,2,legs12_paralysed,ite,4,9,720,1052.7191162109375,278,1060.706298828125,8.409941943584913,0.3814088503487444,
dcrlme_seed2,dcrlme,2,legs12_paralysed,ite,4,10,203,1057.8194580078125,278,1060.706298828125,8.409941943584913,0.3814088503487444,
dcrlme_seed2,dcrlme,2,legs12_paralysed,ite,4,11,258,1055.908447265625,278,1060.706298828125,8.409941943584913,0.3814088503487444,
dcrlme_seed2,dcrlme,2,legs12_paralysed,ite,4,12,311,1057.4959716796875,278,1060.706298828125,8.409941943584913,0.3814088503487444,
dcrlme_seed2,dcrlme,2,legs12_paralysed,ite,4,13,298,1044.96533203125,278,1060.706298828125,8.409941943584913,0.3814088503487444,
dcrlme_seed2,dcrlme,2,legs12_paralysed,ite,4,14,261,1051.54150390625,278,1060.706298828125,8.409941943584913,0.3814088503487444,
dcrlme_seed2,dcrlme,2,legs12_paralysed,ite,4,15,305,1054.189453125,278,1060.706298828125,8.409941943584913,0.3814088503487444,
dcrlme_seed2,dcrlme,2,legs12_paralysed,ite,4,16,181,1062.32666015625,181,1061.43115234375,11.44836069684055,0.5192076379421937,
dcrlme_seed2,dcrlme,2,legs12_paralysed,ite,4,17,258,1055.442138671875,181,1061.43115234375,11.44836069684055,0.5192076379421937,
dcrlme_seed2,dcrlme,2,legs12_paralysed,ite,4,18,768,1045.6773681640625,181,1061.43115234375,11.44836069684055,0.5192076379421937,
dcrlme_seed2,dcrlme,2,legs12_paralysed,ite,4,19,311,1057.77392578125,181,1061.43115234375,11.44836069684055,0.5192076379421937,
dcrlme_seed2,dcrlme,2,legs12_paralysed,ite,4,20,456,1047.681396484375,181,1061.43115234375,11.44836069684055,0.5192076379421937,
dcrlme_seed2,dcrlme,2,legs12_paralysed,top_k,0,1,771,1054.34619140625,771,1057.2080078125,-6.254087128627961,-0.28363622456756926,
dcrlme_seed2,dcrlme,2,legs12_paralysed,top_k,0,2,905,1057.5831298828125,905,1057.517333984375,-4.957463160835811,-0.22483155502196459,
dcrlme_seed2,dcrlme,2,legs12_paralysed,top_k,0,3,906,1058.07763671875,906,1057.496826171875,-5.043427180799932,-0.22873020714653505,
dcrlme_seed2,dcrlme,2,legs12_paralysed,top_k,0,4,32,1057.9495849609375,906,1057.496826171875,-5.043427180799932,-0.22873020714653505,
dcrlme_seed2,dcrlme,2,legs12_paralysed,top_k,0,5,258,1056.2347412109375,906,1057.496826171875,-5.043427180799932,-0.22873020714653505,
dcrlme_seed2,dcrlme,2,legs12_paralysed,top_k,0,6,94,1055.7816162109375,906,1057.496826171875,-5.043427180799932,-0.22873020714653505,
dcrlme_seed2,dcrlme,2,legs12_paralysed,top_k,0,7,437,1057.474609375,906,1057.496826171875,-5.043427180799932,-0.22873020714653505,
dcrlme_seed2,dcrlme,2,legs12_paralysed,top_k,0,8,790,1055.94921875,906,1057.496826171875,-5.043427180799932,-0.22873020714653505,
dcrlme_seed2,dcrlme,2,legs12_paralysed,top_k,0,9,161,1057.2403564453125,906,1057.496826171875,-5.043427180799932,-0.22873020714653505,
dcrlme_seed2,dcrlme,2,legs12_paralysed,top_k,0,10,661,1057.9111328125,906,1057.496826171875,-5.043427180799932,-0.22873020714653505,
dcrlme_seed2,dcrlme,2,legs12_paralysed,top_k,0,11,478,1054.470458984375,906,1057.496826171875,-5.043427180799932,-0.22873020714653505,
dcrlme_seed2,dcrlme,2,legs12_paralysed,top_k,0,12,575,1056.319091796875,906,1057.496826171875,-5.043427180799932,-0.22873020714653505,
dcrlme_seed2,dcrlme,2,legs12_paralysed,top_k,0,13,674,1062.1143798828125,674,1061.4912109375,11.700112469592618,0.5306251191641501,
dcrlme_seed2,dcrlme,2,legs12_paralysed,top_k,0,14,323,1055.577392578125,674,1061.4912109375,11.700112469592618,0.5306251191641501,
dcrlme_seed2,dcrlme,2,legs12_paralysed,top_k,0,15,358,1058.140869140625,674,1061.4912109375,11.700112469592618,0.5306251191641501,
dcrlme_seed2,dcrlme,2,legs12_paralysed,top_k,0,16,120,1055.158447265625,674,1061.4912109375,11.700112469592618,0.5306251191641501,
dcrlme_seed2,dcrlme,2,legs12_paralysed,top_k,0,17,427,1055.343017578125,674,1061.4912109375,11.700112469592618,0.5306251191641501,
dcrlme_seed2,dcrlme,2,legs12_paralysed,top_k,0,18,285,1057.1566162109375,674,1061.4912109375,11.700112469592618,0.5306251191641501,
dcrlme_seed2,dcrlme,2,legs12_paralysed,top_k,0,19,553,1058.687255859375,674,1061.4912109375,11.700112469592618,0.5306251191641501,
dcrlme_seed2,dcrlme,2,legs12_paralysed,top_k,0,20,311,1056.9185791015625,674,1061.4912109375,11.700112469592618,0.5306251191641501,
dcrlme_seed2,dcrlme,2,legs12_paralysed,top_k,1,1,771,1056.9368896484375,771,1057.2080078125,-6.254087128627961,-0.28363622456756926,
dcrlme_seed2,dcrlme,2,legs12_paralysed,top_k,1,2,905,1056.8790283203125,771,1057.2080078125,-6.254087128627961,-0.28363622456756926,
dcrlme_seed2,dcrlme,2,legs12_paralysed,top_k,1,3,906,1058.3868408203125,906,1057.496826171875,-5.043427180799932,-0.22873020714653505,
dcrlme_seed2,dcrlme,2,legs12_paralysed,top_k,1,4,32,1059.3724365234375,32,1058.3001708984375,-1.675991374943524,-0.07600979267154517,
dcrlme_seed2,dcrlme,2,legs12_paralysed,top_k,1,5,258,1056.1885986328125,32,1058.3001708984375,-1.675991374943524,-0.07600979267154517,
dcrlme_seed2,dcrlme,2,legs12_paralysed,top_k,1,6,94,1054.7667236328125,32,1058.3001708984375,-1.675991374943524,-0.07600979267154517,
dcrlme_seed2,dcrlme,2,legs12_paralysed,top_k,1,7,437,1056.233154296875,32,1058.3001708984375,-1.675991374943524,-0.07600979267154517,
dcrlme_seed2,dcrlme,2,legs12_paralysed,top_k,1,8,790,1055.00927734375,32,1058.3001708984375,-1.675991374943524,-0.07600979267154517,
dcrlme_seed2,dcrlme,2,legs12_paralysed,top_k,1,9,161,1055.92626953125,32,1058.3001708984375,-1.675991374943524,-0.07600979267154517,
dcrlme_seed2,dcrlme,2,legs12_paralysed,top_k,1,10,661,1058.499267578125,32,1058.3001708984375,-1.675991374943524,-0.07600979267154517,
dcrlme_seed2,dcrlme,2,legs12_paralysed,top_k,1,11,478,1054.683837890625,32,1058.3001708984375,-1.675991374943524,-0.07600979267154517,
dcrlme_seed2,dcrlme,2,legs12_paralysed,top_k,1,12,575,1056.214111328125,32,1058.3001708984375,-1.675991374943524,-0.07600979267154517,
dcrlme_seed2,dcrlme,2,legs12_paralysed,top_k,1,13,674,1061.97705078125,674,1061.4912109375,11.700112469592618,0.5306251191641501,
dcrlme_seed2,dcrlme,2,legs12_paralysed,top_k,1,14,323,1056.869140625,674,1061.4912109375,11.700112469592618,0.5306251191641501,
dcrlme_seed2,dcrlme,2,legs12_paralysed,top_k,1,15,358,1059.001708984375,674,1061.4912109375,11.700112469592618,0.5306251191641501,
dcrlme_seed2,dcrlme,2,legs12_paralysed,top_k,1,16,120,1056.007080078125,674,1061.4912109375,11.700112469592618,0.5306251191641501,
dcrlme_seed2,dcrlme,2,legs12_paralysed,top_k,1,17,427,1055.73876953125,674,1061.4912109375,11.700112469592618,0.5306251191641501,
dcrlme_seed2,dcrlme,2,legs12_paralysed,top_k,1,18,285,1058.23388671875,674,1061.4912109375,11.700112469592618,0.5306251191641501,
dcrlme_seed2,dcrlme,2,legs12_paralysed,top_k,1,19,553,1057.447021484375,674,1061.4912109375,11.700112469592618,0.5306251191641501,
dcrlme_seed2,dcrlme,2,legs12_paralysed,top_k,1,20,311,1056.752685546875,674,1061.4912109375,11.700112469592618,0.5306251191641501,
dcrlme_seed2,dcrlme,2,legs12_paralysed,top_k,2,1,771,1057.3929443359375,771,1057.2080078125,-6.254087128627961,-0.28363622456756926,
dcrlme_seed2,dcrlme,2,legs12_paralysed,top_k,2,2,905,1058.906494140625,905,1057.517333984375,-4.957463160835811,-0.22483155502196459,
dcrlme_seed2,dcrlme,2,legs12_paralysed,top_k,2,3,906,1058.4014892578125,905,1057.517333984375,-4.957463160835811,-0.22483155502196459,
dcrlme_seed2,dcrlme,2,legs12_paralysed,top_k,2,4,32,1058.717041015625,905,1057.517333984375,-4.957463160835811,-0.22483155502196459,
dcrlme_seed2,dcrlme,2,legs12_paralysed,top_k,2,5,258,1056.18115234375,905,1057.517333984375,-4.957463160835811,-0.22483155502196459,
dcrlme_seed2,dcrlme,2,legs12_paralysed,top_k,2,6,94,1055.8192138671875,905,1057.517333984375,-4.957463160835811,-0.22483155502196459,
dcrlme_seed2,dcrlme,2,legs12_paralysed,top_k,2,7,437,1055.925048828125,905,1057.517333984375,-4.957463160835811,-0.22483155502196459,
dcrlme_seed2,dcrlme,2,legs12_paralysed,top_k,2,8,790,1056.1123046875,905,1057.517333984375,-4.957463160835811,-0.22483155502196459,
dcrlme_seed2,dcrlme,2,legs12_paralysed,top_k,2,9,161,1056.7091064453125,905,1057.517333984375,-4.957463160835811,-0.22483155502196459,
dcrlme_seed2,dcrlme,2,legs12_paralysed,top_k,2,10,661,1058.59033203125,905,1057.517333984375,-4.957463160835811,-0.22483155502196459,
dcrlme_seed2,dcrlme,2,legs12_paralysed,top_k,2,11,478,1054.9329833984375,905,1057.517333984375,-4.957463160835811,-0.22483155502196459,
dcrlme_seed2,dcrlme,2,legs12_paralysed,top_k,2,12,575,1055.57421875,905,1057.517333984375,-4.957463160835811,-0.22483155502196459,
dcrlme_seed2,dcrlme,2,legs12_paralysed,top_k,2,13,674,1063.7359619140625,674,1061.4912109375,11.700112469592618,0.5306251191641501,
dcrlme_seed2,dcrlme,2,legs12_paralysed,top_k,2,14,323,1056.3668212890625,674,1061.4912109375,11.700112469592618,0.5306251191641501,
dcrlme_seed2,dcrlme,2,legs12_paralysed,top_k,2,15,358,1058.994873046875,674,1061.4912109375,11.700112469592618,0.5306251191641501,
dcrlme_seed2,dcrlme,2,legs12_paralysed,top_k,2,16,120,1057.422119140625,674,1061.4912109375,11.700112469592618,0.5306251191641501,
dcrlme_seed2,dcrlme,2,legs12_paralysed,top_k,2,17,427,1055.8348388671875,674,1061.4912109375,11.700112469592618,0.5306251191641501,
dcrlme_seed2,dcrlme,2,legs12_paralysed,top_k,2,18,285,1058.6826171875,674,1061.4912109375,11.700112469592618,0.5306251191641501,
dcrlme_seed2,dcrlme,2,legs12_paralysed,top_k,2,19,553,1057.7940673828125,674,1061.4912109375,11.700112469592618,0.5306251191641501,
dcrlme_seed2,dcrlme,2,legs12_paralysed,top_k,2,20,311,1055.1658935546875,674,1061.4912109375,11.700112469592618,0.5306251191641501,
dcrlme_seed2,dcrlme,2,legs12_paralysed,top_k,3,1,771,1057.32763671875,771,1057.2080078125,-6.254087128627961,-0.28363622456756926,
dcrlme_seed2,dcrlme,2,legs12_paralysed,top_k,3,2,905,1059.0533447265625,905,1057.517333984375,-4.957463160835811,-0.22483155502196459,
dcrlme_seed2,dcrlme,2,legs12_paralysed,top_k,3,3,906,1059.26953125,906,1057.496826171875,-5.043427180799932,-0.22873020714653505,
dcrlme_seed2,dcrlme,2,legs12_paralysed,top_k,3,4,32,1058.462646484375,906,1057.496826171875,-5.043427180799932,-0.22873020714653505,
dcrlme_seed2,dcrlme,2,legs12_paralysed,top_k,3,5,258,1056.382568359375,906,1057.496826171875,-5.043427180799932,-0.22873020714653505,
dcrlme_seed2,dcrlme,2,legs12_paralysed,top_k,3,6,94,1055.2354736328125,906,1057.496826171875,-5.043427180799932,-0.22873020714653505,
dcrlme_seed2,dcrlme,2,legs12_paralysed,top_k,3,7,437,1055.2470703125,906,1057.496826171875,-5.043427180799932,-0.22873020714653505,
dcrlme_seed2,dcrlme,2,legs12_paralysed,top_k,3,8,790,1055.643310546875,906,1057.496826171875,-5.043427180799932,-0.22873020714653505,
dcrlme_seed2,dcrlme,2,legs12_paralysed,top_k,3,9,161,1055.1953125,906,1057.496826171875,-5.043427180799932,-0.22873020714653505,
dcrlme_seed2,dcrlme,2,legs12_paralysed,top_k,3,10,661,1058.9359130859375,906,1057.496826171875,-5.043427180799932,-0.22873020714653505,
dcrlme_seed2,dcrlme,2,legs12_paralysed,top_k,3,11,478,1054.8372802734375,906,1057.496826171875,-5.043427180799932,-0.22873020714653505,
dcrlme_seed2,dcrlme,2,legs12_paralysed,top_k,3,12,575,1056.035888671875,906,1057.496826171875,-5.043427180799932,-0.22873020714653505,
dcrlme_seed2,dcrlme,2,legs12_paralysed,top_k,3,13,674,1061.169189453125,674,1061.4912109375,11.700112469592618,0.5306251191641501,
dcrlme_seed2,dcrlme,2,legs12_paralysed,top_k,3,14,323,1058.01904296875,674,1061.4912109375,11.700112469592618,0.5306251191641501,
dcrlme_seed2,dcrlme,2,legs12_paralysed,top_k,3,15,358,1057.65869140625,674,1061.4912109375,11.700112469592618,0.5306251191641501,
dcrlme_seed2,dcrlme,2,legs12_paralysed,top_k,3,16,120,1056.748291015625,674,1061.4912109375,11.700112469592618,0.5306251191641501,
dcrlme_seed2,dcrlme,2,legs12_paralysed,top_k,3,17,427,1055.9639892578125,674,1061.4912109375,11.700112469592618,0.5306251191641501,
dcrlme_seed2,dcrlme,2,legs12_paralysed,top_k,3,18,285,1057.2099609375,674,1061.4912109375,11.700112469592618,0.5306251191641501,
dcrlme_seed2,dcrlme,2,legs12_paralysed,top_k,3,19,553,1058.794189453125,674,1061.4912109375,11.700112469592618,0.5306251191641501,
dcrlme_seed2,dcrlme,2,legs12_paralysed,top_k,3,20,311,1057.553466796875,674,1061.4912109375,11.700112469592618,0.5306251191641501,
dcrlme_seed2,dcrlme,2,legs12_paralysed,top_k,4,1,771,1058.337158203125,771,1057.2080078125,-6.254087128627961,-0.28363622456756926,
dcrlme_seed2,dcrlme,2,legs12_paralysed,top_k,4,2,905,1057.56201171875,771,1057.2080078125,-6.254087128627961,-0.28363622456756926,
dcrlme_seed2,dcrlme,2,legs12_paralysed,top_k,4,3,906,1058.085693359375,771,1057.2080078125,-6.254087128627961,-0.28363622456756926,
dcrlme_seed2,dcrlme,2,legs12_paralysed,top_k,4,4,32,1057.7879638671875,771,1057.2080078125,-6.254087128627961,-0.28363622456756926,
dcrlme_seed2,dcrlme,2,legs12_paralysed,top_k,4,5,258,1055.7537841796875,771,1057.2080078125,-6.254087128627961,-0.28363622456756926,
dcrlme_seed2,dcrlme,2,legs12_paralysed,top_k,4,6,94,1055.490234375,771,1057.2080078125,-6.254087128627961,-0.28363622456756926,
dcrlme_seed2,dcrlme,2,legs12_paralysed,top_k,4,7,437,1055.3885498046875,771,1057.2080078125,-6.254087128627961,-0.28363622456756926,
dcrlme_seed2,dcrlme,2,legs12_paralysed,top_k,4,8,790,1055.9462890625,771,1057.2080078125,-6.254087128627961,-0.28363622456756926,
dcrlme_seed2,dcrlme,2,legs12_paralysed,top_k,4,9,161,1057.0682373046875,771,1057.2080078125,-6.254087128627961,-0.28363622456756926,
dcrlme_seed2,dcrlme,2,legs12_paralysed,top_k,4,10,661,1057.6400146484375,771,1057.2080078125,-6.254087128627961,-0.28363622456756926,
dcrlme_seed2,dcrlme,2,legs12_paralysed,top_k,4,11,478,1055.139892578125,771,1057.2080078125,-6.254087128627961,-0.28363622456756926,
dcrlme_seed2,dcrlme,2,legs12_paralysed,top_k,4,12,575,1055.5391845703125,771,1057.2080078125,-6.254087128627961,-0.28363622456756926,
dcrlme_seed2,dcrlme,2,legs12_paralysed,top_k,4,13,674,1059.054931640625,674,1061.4912109375,11.700112469592618,0.5306251191641501,
dcrlme_seed2,dcrlme,2,legs12_paralysed,top_k,4,14,323,1057.2335205078125,674,1061.4912109375,11.700112469592618,0.5306251191641501,
dcrlme_seed2,dcrlme,2,legs12_paralysed,top_k,4,15,358,1058.0533447265625,674,1061.4912109375,11.700112469592618,0.5306251191641501,
dcrlme_seed2,dcrlme,2,legs12_paralysed,top_k,4,16,120,1056.6123046875,674,1061.4912109375,11.700112469592618,0.5306251191641501,
dcrlme_seed2,dcrlme,2,legs12_paralysed,top_k,4,17,427,1056.144775390625,674,1061.4912109375,11.700112469592618,0.5306251191641501,
dcrlme_seed2,dcrlme,2,legs12_paralysed,top_k,4,18,285,1060.145751953125,285,1059.2025146484375,2.1064255034777744,0.09553090080955576,
dcrlme_seed2,dcrlme,2,legs12_paralysed,top_k,4,19,553,1057.84228515625,285,1059.2025146484375,2.1064255034777744,0.09553090080955576,
dcrlme_seed2,dcrlme,2,legs12_paralysed,top_k,4,20,311,1053.0355224609375,285,1059.2025146484375,2.1064255034777744,0.09553090080955576,
dcrlme_seed2,dcrlme,2,legs12_paralysed,best_intact,0,1,771,1057.948486328125,771,1057.2080078125,-6.254087128627961,-0.28363622456756926,
dcrlme_seed2,dcrlme,2,legs12_paralysed,best_intact,1,1,771,1060.511474609375,771,1057.2080078125,-6.254087128627961,-0.28363622456756926,
dcrlme_seed2,dcrlme,2,legs12_paralysed,best_intact,2,1,771,1056.5274658203125,771,1057.2080078125,-6.254087128627961,-0.28363622456756926,
dcrlme_seed2,dcrlme,2,legs12_paralysed,best_intact,3,1,771,1059.8707275390625,771,1057.2080078125,-6.254087128627961,-0.28363622456756926,
dcrlme_seed2,dcrlme,2,legs12_paralysed,best_intact,4,1,771,1057.017333984375,771,1057.2080078125,-6.254087128627961,-0.28363622456756926,
dcrlme_seed2,dcrlme,2,legs14_paralysed,ite,0,1,771,1056.841796875,771,1057.822998046875,-1.0778622069500803,-0.1667230733557475,
dcrlme_seed2,dcrlme,2,legs14_paralysed,ite,0,2,311,1048.4072265625,771,1057.822998046875,-1.0778622069500803,-0.1667230733557475,
dcrlme_seed2,dcrlme,2,legs14_paralysed,ite,0,3,305,1057.160400390625,305,1056.698974609375,-2.459321368688823,-0.38040633980244354,
dcrlme_seed2,dcrlme,2,legs14_paralysed,ite,0,4,258,1056.54296875,305,1056.698974609375,-2.459321368688823,-0.38040633980244354,
dcrlme_seed2,dcrlme,2,legs14_paralysed,ite,0,5,133,1048.7999267578125,305,1056.698974609375,-2.459321368688823,-0.38040633980244354,
dcrlme_seed2,dcrlme,2,legs14_paralysed,ite,0,6,78,1057.9820556640625,78,1053.49267578125,-6.399960632614738,-0.9899420344689204,
dcrlme_seed2,dcrlme,2,legs14_paralysed,ite,0,7,158,1065.99951171875,158,1054.6865234375,-4.932685371775804,-0.7629847857885678,
dcrlme_seed2,dcrlme,2,legs14_paralysed,ite,0,8,278,1056.25732421875,158,1054.6865234375,-4.932685371775804,-0.7629847857885678,
dcrlme_seed2,dcrlme,2,legs14_paralysed,ite,0,9,720,1059.9915771484375,158,1054.6865234375,-4.932685371775804,-0.7629847857885678,
dcrlme_seed2,dcrlme,2,legs14_paralysed,ite,0,10,203,1055.0633544921875,158,1054.6865234375,-4.932685371775804,-0.7629847857885678,
dcrlme_seed2,dcrlme,2,legs14_paralysed,ite,0,11,258,1055.75439453125,158,1054.6865234375,-4.932685371775804,-0.7629847857885678,
dcrlme_seed2,dcrlme,2,legs14_paralysed,ite,0,12,298,1046.68212890625,158,1054.6865234375,-4.932685371775804,-0.7629847857885678,
dcrlme_seed2,dcrlme,2,legs14_paralysed,ite,0,13,311,1051.5079345703125,158,1054.6865234375,-4.932685371775804,-0.7629847857885678,
dcrlme_seed2,dcrlme,2,legs14_paralysed,ite,0,14,261,1061.8013916015625,158,1054.6865234375,-4.932685371775804,-0.7629847857885678,
dcrlme_seed2,dcrlme,2,legs14_paralysed,ite,0,15,305,1057.0860595703125,158,1054.6865234375,-4.932685371775804,-0.7629847857885678,
dcrlme_seed2,dcrlme,2,legs14_paralysed,ite,0,16,181,1057.572021484375,158,1054.6865234375,-4.932685371775804,-0.7629847857885678,
dcrlme_seed2,dcrlme,2,legs14_paralysed,ite,0,17,258,1055.29345703125,158,1054.6865234375,-4.932685371775804,-0.7629847857885678,
dcrlme_seed2,dcrlme,2,legs14_paralysed,ite,0,18,768,1051.7835693359375,158,1054.6865234375,-4.932685371775804,-0.7629847857885678,
dcrlme_seed2,dcrlme,2,legs14_paralysed,ite,0,19,191,1054.0916748046875,158,1054.6865234375,-4.932685371775804,-0.7629847857885678,
dcrlme_seed2,dcrlme,2,legs14_paralysed,ite,0,20,456,1051.7958984375,158,1054.6865234375,-4.932685371775804,-0.7629847857885678,
dcrlme_seed2,dcrlme,2,legs14_paralysed,ite,1,1,771,1057.39599609375,771,1057.822998046875,-1.0778622069500803,-0.1667230733557475,
dcrlme_seed2,dcrlme,2,legs14_paralysed,ite,1,2,311,1047.583984375,771,1057.822998046875,-1.0778622069500803,-0.1667230733557475,
dcrlme_seed2,dcrlme,2,legs14_paralysed,ite,1,3,305,1057.4384765625,305,1056.698974609375,-2.459321368688823,-0.38040633980244354,
dcrlme_seed2,dcrlme,2,legs14_paralysed,ite,1,4,258,1056.4569091796875,305,1056.698974609375,-2.459321368688823,-0.38040633980244354,
dcrlme_seed2,dcrlme,2,legs14_paralysed,ite,1,5,133,1056.337890625,305,1056.698974609375,-2.459321368688823,-0.38040633980244354,
dcrlme_seed2,dcrlme,2,legs14_paralysed,ite,1,6,78,1058.4700927734375,78,1053.49267578125,-6.399960632614738,-0.9899420344689204,
dcrlme_seed2,dcrlme,2,legs14_paralysed,ite,1,7,158,1049.6654052734375,78,1053.49267578125,-6.399960632614738,-0.9899420344689204,
dcrlme_seed2,dcrlme,2,legs14_paralysed,ite,1,8,278,1055.0264892578125,78,1053.49267578125,-6.399960632614738,-0.9899420344689204,
dcrlme_seed2,dcrlme,2,legs14_paralysed,ite,1,9,720,1058.317626953125,78,1053.49267578125,-6.399960632614738,-0.9899420344689204,
dcrlme_seed2,dcrlme,2,legs14_paralysed,ite,1,10,203,1061.3531494140625,203,1062.6728515625,4.88275600502649,0.7552617415798775,
dcrlme_seed2,dcrlme,2,legs14_paralysed,ite,1,11,258,1056.9063720703125,203,1062.6728515625,4.88275600502649,0.7552617415798775,
dcrlme_seed2,dcrlme,2,legs14_paralysed,ite,1,12,298,1039.4591064453125,203,1062.6728515625,4.88275600502649,0.7552617415798775,
dcrlme_seed2,dcrlme,2,legs14_paralysed,ite,1,13,311,1047.22265625,203,1062.6728515625,4.88275600502649,0.7552617415798775,
dcrlme_seed2,dcrlme,2,legs14_paralysed,ite,1,14,261,1057.085205078125,203,1062.6728515625,4.88275600502649,0.7552617415798775,
dcrlme_seed2,dcrlme,2,legs14_paralysed,ite,1,15,305,1056.8480224609375,203,1062.6728515625,4.88275600502649,0.7552617415798775,
dcrlme_seed2,dcrlme,2,legs14_paralysed,ite,1,16,181,1062.489501953125,181,1058.9163818359375,0.26593989032336895,0.04113542116673912,
dcrlme_seed2,dcrlme,2,legs14_paralysed,ite,1,17,258,1057.968505859375,181,1058.9163818359375,0.26593989032336895,0.04113542116673912,
dcrlme_seed2,dcrlme,2,legs14_paralysed,ite,1,18,768,1053.850341796875,181,1058.9163818359375,0.26593989032336895,0.04113542116673912,
dcrlme_seed2,dcrlme,2,legs14_paralysed,ite,1,19,191,1048.923583984375,181,1058.9163818359375,0.26593989032336895,0.04113542116673912,
dcrlme_seed2,dcrlme,2,legs14_paralysed,ite,1,20,456,1055.090087890625,181,1058.9163818359375,0.26593989032336895,0.04113542116673912,
dcrlme_seed2,dcrlme,2,legs14_paralysed,ite,2,1,771,1058.17138671875,771,1057.822998046875,-1.0778622069500803,-0.1667230733557475,
dcrlme_seed2,dcrlme,2,legs14_paralysed,ite,2,2,311,1067.933837890625,311,1053.140869140625,-6.8323417473118555,-1.0568224834154212,
dcrlme_seed2,dcrlme,2,legs14_paralysed,ite,2,3,305,1056.4761962890625,311,1053.140869140625,-6.8323417473118555,-1.0568224834154212,
dcrlme_seed2,dcrlme,2,legs14_paralysed,ite,2,4,258,1057.3017578125,311,1053.140869140625,-6.8323417473118555,-1.0568224834154212,
dcrlme_seed2,dcrlme,2,legs14_paralysed,ite,2,5,133,1054.4696044921875,311,1053.140869140625,-6.8323417473118555,-1.0568224834154212,
dcrlme_seed2,dcrlme,2,legs14_paralysed,ite,2,6,78,1058.56689453125,311,1053.140869140625,-6.8323417473118555,-1.0568224834154212,
dcrlme_seed2,dcrlme,2,legs14_paralysed,ite,2,7,158,1047.923095703125,311,1053.140869140625,-6.8323417473118555,-1.0568224834154212,
dcrlme_seed2,dcrlme,2,legs14_paralysed,ite,2,8,278,1055.111083984375,311,1053.140869140625,-6.8323417473118555,-1.0568224834154212,
dcrlme_seed2,dcrlme,2,legs14_paralysed,ite,2,9,295,1060.280029296875,311,1053.140869140625,-6.8323417473118555,-1.0568224834154212,
dcrlme_seed2,dcrlme,2,legs14_paralysed,ite,2,10,720,1060.782958984375,311,1053.140869140625,-6.8323417473118555,-1.0568224834154212,
dcrlme_seed2,dcrlme,2,legs14_paralysed,ite,2,11,258,1056.7406005859375,311,1053.140869140625,-6.8323417473118555,-1.0568224834154212,
dcrlme_seed2,dcrlme,2,legs14_paralysed,ite,2,12,311,1050.44580078125,311,1053.140869140625,-6.8323417473118555,-1.0568224834154212,
dcrlme_seed2,dcrlme,2,legs14_paralysed,ite,2,13,298,1041.788818359375,311,1053.140869140625,-6.8323417473118555,-1.0568224834154212,
dcrlme_seed2,dcrlme,2,legs14_paralysed,ite,2,14,261,1056.5126953125,311,1053.140869140625,-6.8323417473118555,-1.0568224834154212,
dcrlme_seed2,dcrlme,2,legs14_paralysed,ite,2,15,181,1059.55859375,311,1053.140869140625,-6.8323417473118555,-1.0568224834154212,
dcrlme_seed2,dcrlme,2,legs14_paralysed,ite,2,16,305,1055.880126953125,311,1053.140869140625,-6.8323417473118555,-1.0568224834154212,
dcrlme_seed2,dcrlme,2,legs14_paralysed,ite,2,17,258,1056.24462890625,311,1053.140869140625,-6.8323417473118555,-1.0568224834154212,
dcrlme_seed2,dcrlme,2,legs14_paralysed,ite,2,18,768,1052.619384765625,311,1053.140869140625,-6.8323417473118555,-1.0568224834154212,
dcrlme_seed2,dcrlme,2,legs14_paralysed,ite,2,19,311,1063.362060546875,311,1053.140869140625,-6.8323417473118555,-1.0568224834154212,
dcrlme_seed2,dcrlme,2,legs14_paralysed,ite,2,20,191,1055.4794921875,311,1053.140869140625,-6.8323417473118555,-1.0568224834154212,
dcrlme_seed2,dcrlme,2,legs14_paralysed,ite,3,1,771,1055.40966796875,771,1057.822998046875,-1.0778622069500803,-0.1667230733557475,
dcrlme_seed2,dcrlme,2,legs14_paralysed,ite,3,2,311,1049.4439697265625,771,1057.822998046875,-1.0778622069500803,-0.1667230733557475,
dcrlme_seed2,dcrlme,2,legs14_paralysed,ite,3,3,305,1057.422119140625,305,1056.698974609375,-2.459321368688823,-0.38040633980244354,
dcrlme_seed2,dcrlme,2,legs14_paralysed,ite,3,4,258,1056.76318359375,305,1056.698974609375,-2.459321368688823,-0.38040633980244354,
dcrlme_seed2,dcrlme,2,legs14_paralysed,ite,3,5,133,1055.787841796875,305,1056.698974609375,-2.459321368688823,-0.38040633980244354,
dcrlme_seed2,dcrlme,2,legs14_paralysed,ite,3,6,78,1057.051513671875,305,1056.698974609375,-2.459321368688823,-0.38040633980244354,
dcrlme_seed2,dcrlme,2,legs14_paralysed,ite,3,7,158,1063.2733154296875,158,1054.6865234375,-4.932685371775804,-0.7629847857885678,
dcrlme_seed2,dcrlme,2,legs14_paralysed,ite,3,8,278,1056.414306640625,158,1054.6865234375,-4.932685371775804,-0.7629847857885678,
dcrlme_seed2,dcrlme,2,legs14_paralysed,ite,3,9,720,1060.216796875,158,1054.6865234375,-4.932685371775804,-0.7629847857885678,
dcrlme_seed2,dcrlme,2,legs14_paralysed,ite,3,10,203,1061.9599609375,158,1054.6865234375,-4.932685371775804,-0.7629847857885678,
dcrlme_seed2,dcrlme,2,legs14_paralysed,ite,3,11,258,1055.364990234375,158,1054.6865234375,-4.932685371775804,-0.7629847857885678,
dcrlme_seed2,dcrlme,2,legs14_paralysed,ite,3,12,298,1041.08642578125,158,1054.6865234375,-4.932685371775804,-0.7629847857885678,
dcrlme_seed2,dcrlme,2,legs14_paralysed,ite,3,13,311,1060.7486572265625,158,1054.6865234375,-4.932685371775804,-0.7629847857885678,
dcrlme_seed2,dcrlme,2,legs14_paralysed,ite,3,14,261,1055.810302734375,158,1054.6865234375,-4.932685371775804,-0.7629847857885678,
dcrlme_seed2,dcrlme,2,legs14_paralysed,ite,3,15,305,1058.1064453125,158,1054.6865234375,-4.932685371775804,-0.7629847857885678,
dcrlme_seed2,dcrlme,2,legs14_paralysed,ite,3,16,181,1057.641357421875,158,1054.6865234375,-4.932685371775804,-0.7629847857885678,
dcrlme_seed2,dcrlme,2,legs14_paralysed,ite,3,17,258,1057.6693115234375,158,1054.6865234375,-4.932685371775804,-0.7629847857885678,
dcrlme_seed2,dcrlme,2,legs14_paralysed,ite,3,18,768,1051.579345703125,158,1054.6865234375,-4.932685371775804,-0.7629847857885678,
dcrlme_seed2,dcrlme,2,legs14_paralysed,ite,3,19,456,1059.726806640625,158,1054.6865234375,-4.932685371775804,-0.7629847857885678,
dcrlme_seed2,dcrlme,2,legs14_paralysed,ite,3,20,311,1063.7037353515625,311,1053.140869140625,-6.8323417473118555,-1.0568224834154212,
dcrlme_seed2,dcrlme,2,legs14_paralysed,ite,4,1,771,1057.7061767578125,771,1057.822998046875,-1.0778622069500803,-0.1667230733557475,
dcrlme_seed2,dcrlme,2,legs14_paralysed,ite,4,2,311,1056.5947265625,771,1057.822998046875,-1.0778622069500803,-0.1667230733557475,
dcrlme_seed2,dcrlme,2,legs14_paralysed,ite,4,3,305,1056.25439453125,771,1057.822998046875,-1.0778622069500803,-0.1667230733557475,
dcrlme_seed2,dcrlme,2,legs14_paralysed,ite,4,4,258,1056.419189453125,771,1057.822998046875,-1.0778622069500803,-0.1667230733557475,
dcrlme_seed2,dcrlme,2,legs14_paralysed,ite,4,5,133,1056.365966796875,771,1057.822998046875,-1.0778622069500803,-0.1667230733557475,
dcrlme_seed2,dcrlme,2,legs14_paralysed,ite,4,6,78,1051.8155517578125,771,1057.822998046875,-1.0778622069500803,-0.1667230733557475,
dcrlme_seed2,dcrlme,2,legs14_paralysed,ite,4,7,158,1049.23681640625,771,1057.822998046875,-1.0778622069500803,-0.1667230733557475,
dcrlme_seed2,dcrlme,2,legs14_paralysed,ite,4,8,278,1054.929443359375,771,1057.822998046875,-1.0778622069500803,-0.1667230733557475,
dcrlme_seed2,dcrlme,2,legs14_paralysed,ite,4,9,720,1058.062255859375,720,1060.3818359375,2.0670277744104246,0.3197266042350044,
dcrlme_seed2,dcrlme,2,legs14_paralysed,ite,4,10,295,1058.7908935546875,295,1059.34619140625,0.7941889898544413,0.12284467194419534,
dcrlme_seed2,dcrlme,2,legs14_paralysed,ite,4,11,258,1056.955810546875,295,1059.34619140625,0.7941889898544413,0.12284467194419534,
dcrlme_seed2,dcrlme,2,legs14_paralysed,ite,4,12,298,1043.7127685546875,295,1059.34619140625,0.7941889898544413,0.12284467194419534,
dcrlme_seed2,dcrlme,2,legs14_paralysed,ite,4,13,311,1067.75146484375,311,1053.140869140625,-6.8323417473118555,-1.0568224834154212,
dcrlme_seed2,dcrlme,2,legs14_paralysed,ite,4,14,261,1062.021484375,311,1053.140869140625,-6.8323417473118555,-1.0568224834154212,
dcrlme_seed2,dcrlme,2,legs14_paralysed,ite,4,15,181,1059.281005859375,311,1053.140869140625,-6.8323417473118555,-1.0568224834154212,
dcrlme_seed2,dcrlme,2,legs14_paralysed,ite,4,16,305,1056.4957275390625,311,1053.140869140625,-6.8323417473118555,-1.0568224834154212,
dcrlme_seed2,dcrlme,2,legs14_paralysed,ite,4,17,258,1056.92578125,311,1053.140869140625,-6.8323417473118555,-1.0568224834154212,
dcrlme_seed2,dcrlme,2,legs14_paralysed,ite,4,18,768,1052.0928955078125,311,1053.140869140625,-6.8323417473118555,-1.0568224834154212,
dcrlme_seed2,dcrlme,2,legs14_paralysed,ite,4,19,311,1058.843017578125,311,1053.140869140625,-6.8323417473118555,-1.0568224834154212,
dcrlme_seed2,dcrlme,2,legs14_paralysed,ite,4,20,456,1056.9010009765625,311,1053.140869140625,-6.8323417473118555,-1.0568224834154212,
dcrlme_seed2,dcrlme,2,legs14_paralysed,top_k,0,1,771,1057.8662109375,771,1057.822998046875,-1.0778622069500803,-0.1667230733557475,
dcrlme_seed2,dcrlme,2,legs14_paralysed,top_k,0,2,905,1055.2864990234375,771,1057.822998046875,-1.0778622069500803,-0.1667230733557475,
dcrlme_seed2,dcrlme,2,legs14_paralysed,top_k,0,3,906,1057.6500244140625,771,1057.822998046875,-1.0778622069500803,-0.1667230733557475,
dcrlme_seed2,dcrlme,2,legs14_paralysed,top_k,0,4,32,1056.9801025390625,771,1057.822998046875,-1.0778622069500803,-0.1667230733557475,
dcrlme_seed2,dcrlme,2,legs14_paralysed,top_k,0,5,258,1056.814208984375,771,1057.822998046875,-1.0778622069500803,-0.1667230733557475,
dcrlme_seed2,dcrlme,2,legs14_paralysed,top_k,0,6,94,1054.9140625,771,1057.822998046875,-1.0778622069500803,-0.1667230733557475,
dcrlme_seed2,dcrlme,2,legs14_paralysed,top_k,0,7,437,1056.7584228515625,771,1057.822998046875,-1.0778622069500803,-0.1667230733557475,
dcrlme_seed2,dcrlme,2,legs14_paralysed,top_k,0,8,790,1054.927490234375,771,1057.822998046875,-1.0778622069500803,-0.1667230733557475,
dcrlme_seed2,dcrlme,2,legs14_paralysed,top_k,0,9,161,1060.59228515625,161,1058.447265625,-0.310618271987881,-0.048046246182810504,
dcrlme_seed2,dcrlme,2,legs14_paralysed,top_k,0,10,661,1058.8258056640625,161,1058.447265625,-0.310618271987881,-0.048046246182810504,
dcrlme_seed2,dcrlme,2,legs14_paralysed,top_k,0,11,478,1059.197021484375,161,1058.447265625,-0.310618271987881,-0.048046246182810504,
dcrlme_seed2,dcrlme,2,legs14_paralysed,top_k,0,12,575,1056.8671875,161,1058.447265625,-0.310618271987881,-0.048046246182810504,
dcrlme_seed2,dcrlme,2,legs14_paralysed,top_k,0,13,674,1053.163818359375,161,1058.447265625,-0.310618271987881,-0.048046246182810504,
dcrlme_seed2,dcrlme,2,legs14_paralysed,top_k,0,14,323,1058.630126953125,161,1058.447265625,-0.310618271987881,-0.048046246182810504,
dcrlme_seed2,dcrlme,2,legs14_paralysed,top_k,0,15,358,1055.736083984375,161,1058.447265625,-0.310618271987881,-0.048046246182810504,
dcrlme_seed2,dcrlme,2,legs14_paralysed,top_k,0,16,120,1059.674560546875,161,1058.447265625,-0.310618271987881,-0.048046246182810504,
dcrlme_seed2,dcrlme,2,legs14_paralysed,top_k,0,17,427,1056.040283203125,161,1058.447265625,-0.310618271987881,-0.048046246182810504,
dcrlme_seed2,dcrlme,2,legs14_paralysed,top_k,0,18,285,1062.791015625,285,1064.715576171875,7.393326988142924,1.1435953407022723,
dcrlme_seed2,dcrlme,2,legs14_paralysed,top_k,0,19,553,1056.4788818359375,285,1064.715576171875,7.393326988142924,1.1435953407022723,
dcrlme_seed2,dcrlme,2,legs14_paralysed,top_k,0,20,311,1051.33837890625,285,1064.715576171875,7.393326988142924,1.1435953407022723,
dcrlme_seed2,dcrlme,2,legs14_paralysed,top_k,1,1,771,1058.662841796875,771,1057.822998046875,-1.0778622069500803,-0.1667230733557475,
dcrlme_seed2,dcrlme,2,legs14_paralysed,top_k,1,2,905,1057.187744140625,771,1057.822998046875,-1.0778622069500803,-0.1667230733557475,
dcrlme_seed2,dcrlme,2,legs14_paralysed,top_k,1,3,906,1057.000732421875,771,1057.822998046875,-1.0778622069500803,-0.1667230733557475,
dcrlme_seed2,dcrlme,2,legs14_paralysed,top_k,1,4,32,1056.759521484375,771,1057.822998046875,-1.0778622069500803,-0.1667230733557475,
dcrlme_seed2,dcrlme,2,legs14_paralysed,top_k,1,5,258,1056.760986328125,771,1057.822998046875,-1.0778622069500803,-0.1667230733557475,
dcrlme_seed2,dcrlme,2,legs14_paralysed,top_k,1,6,94,1053.81494140625,771,1057.822998046875,-1.0778622069500803,-0.1667230733557475,
dcrlme_seed2,dcrlme,2,legs14_paralysed,top_k,1,7,437,1057.337890625,771,1057.822998046875,-1.0778622069500803,-0.1667230733557475,
dcrlme_seed2,dcrlme,2,legs14_paralysed,top_k,1,8,790,1055.371826171875,771,1057.822998046875,-1.0778622069500803,-0.1667230733557475,
dcrlme_seed2,dcrlme,2,legs14_paralysed,top_k,1,9,161,1066.3851318359375,161,1058.447265625,-0.310618271987881,-0.048046246182810504,
dcrlme_seed2,dcrlme,2,legs14_paralysed,top_k,1,10,661,1055.6826171875,161,1058.447265625,-0.310618271987881,-0.048046246182810504,
dcrlme_seed2,dcrlme,2,legs14_paralysed,top_k,1,11,478,1057.162353515625,161,1058.447265625,-0.310618271987881,-0.048046246182810504,
dcrlme_seed2,dcrlme,2,legs14_paralysed,top_k,1,12,575,1057.8310546875,161,1058.447265625,-0.310618271987881,-0.048046246182810504,
dcrlme_seed2,dcrlme,2,legs14_paralysed,top_k,1,13,674,1052.9476318359375,161,1058.447265625,-0.310618271987881,-0.048046246182810504,
dcrlme_seed2,dcrlme,2,legs14_paralysed,top_k,1,14,323,1056.002197265625,161,1058.447265625,-0.310618271987881,-0.048046246182810504,
dcrlme_seed2,dcrlme,2,legs14_paralysed,top_k,1,15,358,1054.26953125,161,1058.447265625,-0.310618271987881,-0.048046246182810504,
dcrlme_seed2,dcrlme,2,legs14_paralysed,top_k,1,16,120,1057.125244140625,161,1058.447265625,-0.310618271987881,-0.048046246182810504,
dcrlme_seed2,dcrlme,2,legs14_paralysed,top_k,1,17,427,1054.576416015625,161,1058.447265625,-0.310618271987881,-0.048046246182810504,
dcrlme_seed2,dcrlme,2,legs14_paralysed,top_k,1,18,285,1064.842529296875,161,1058.447265625,-0.310618271987881,-0.048046246182810504,
dcrlme_seed2,dcrlme,2,legs14_paralysed,top_k,1,19,553,1056.3232421875,161,1058.447265625,-0.310618271987881,-0.048046246182810504,
dcrlme_seed2,dcrlme,2,legs14_paralysed,top_k,1,20,311,1060.9208984375,161,1058.447265625,-0.310618271987881,-0.048046246182810504,
dcrlme_seed2,dcrlme,2,legs14_paralysed,top_k,2,1,771,1058.42041015625,771,1057.822998046875,-1.0778622069500803,-0.1667230733557475,
dcrlme_seed2,dcrlme,2,legs14_paralysed,top_k,2,2,905,1054.80078125,771,1057.822998046875,-1.0778622069500803,-0.1667230733557475,
dcrlme_seed2,dcrlme,2,legs14_paralysed,top_k,2,3,906,1055.4210205078125,771,1057.822998046875,-1.0778622069500803,-0.1667230733557475,
dcrlme_seed2,dcrlme,2,legs14_paralysed,top_k,2,4,32,1055.95947265625,771,1057.822998046875,-1.0778622069500803,-0.1667230733557475,
dcrlme_seed2,dcrlme,2,legs14_paralysed,top_k,2,5,258,1057.3289794921875,771,1057.822998046875,-1.0778622069500803,-0.1667230733557475,
dcrlme_seed2,dcrlme,2,legs14_paralysed,top_k,2,6,94,1054.28369140625,771,1057.822998046875,-1.0778622069500803,-0.1667230733557475,
dcrlme_seed2,dcrlme,2,legs14_paralysed,top_k,2,7,437,1058.87158203125,437,1057.604248046875,-1.3467126432919383,-0.20830869601783256,
dcrlme_seed2,dcrlme,2,legs14_paralysed,top_k,2,8,790,1054.709228515625,437,1057.604248046875,-1.3467126432919383,-0.20830869601783256,
dcrlme_seed2,dcrlme,2,legs14_paralysed,top_k,2,9,161,1059.1025390625,161,1058.447265625,-0.310618271987881,-0.048046246182810504,
dcrlme_seed2,dcrlme,2,legs14_paralysed,top_k,2,10,661,1057.916259765625,161,1058.447265625,-0.310618271987881,-0.048046246182810504,
dcrlme_seed2,dcrlme,2,legs14_paralysed,top_k,2,11,478,1059.66796875,478,1057.55859375,-1.4028231696266786,-0.21698783824753112,
dcrlme_seed2,dcrlme,2,legs14_paralysed,top_k,2,12,575,1057.7471923828125,478,1057.55859375,-1.4028231696266786,-0.21698783824753112,
dcrlme_seed2,dcrlme,2,legs14_paralysed,top_k,2,13,674,1053.75341796875,478,1057.55859375,-1.4028231696266786,-0.21698783824753112,
dcrlme_seed2,dcrlme,2,legs14_paralysed,top_k,2,14,323,1058.7685546875,478,1057.55859375,-1.4028231696266786,-0.21698783824753112,
dcrlme_seed2,dcrlme,2,legs14_paralysed,top_k,2,15,358,1055.2978515625,478,1057.55859375,-1.4028231696266786,-0.21698783824753112,
dcrlme_seed2,dcrlme,2,legs14_paralysed,top_k,2,16,120,1060.50439453125,120,1062.004638671875,4.061501937763471,0.6282306598542895,
dcrlme_seed2,dcrlme,2,legs14_paralysed,top_k,2,17,427,1054.103515625,120,1062.004638671875,4.061501937763471,0.6282306598542895,
dcrlme_seed2,dcrlme,2,legs14_paralysed,top_k,2,18,285,1050.85205078125,120,1062.004638671875,4.061501937763471,0.6282306598542895,
dcrlme_seed2,dcrlme,2,legs14_paralysed,top_k,2,19,553,1057.371337890625,120,1062.004638671875,4.061501937763471,0.6282306598542895,
dcrlme_seed2,dcrlme,2,legs14_paralysed,top_k,2,20,311,1048.072998046875,120,1062.004638671875,4.061501937763471,0.6282306598542895,
dcrlme_seed2,dcrlme,2,legs14_paralysed,top_k,3,1,771,1060.131591796875,771,1057.822998046875,-1.0778622069500803,-0.1667230733557475,
dcrlme_seed2,dcrlme,2,legs14_paralysed,top_k,3,2,905,1059.05224609375,771,1057.822998046875,-1.0778622069500803,-0.1667230733557475,
dcrlme_seed2,dcrlme,2,legs14_paralysed,top_k,3,3,906,1056.76171875,771,1057.822998046875,-1.0778622069500803,-0.1667230733557475,
dcrlme_seed2,dcrlme,2,legs14_paralysed,top_k,3,4,32,1057.0238037109375,771,1057.822998046875,-1.0778622069500803,-0.1667230733557475,
dcrlme_seed2,dcrlme,2,legs14_paralysed,top_k,3,5,258,1056.07666015625,771,1057.822998046875,-1.0778622069500803,-0.1667230733557475,
dcrlme_seed2,dcrlme,2,legs14_paralysed,top_k,3,6,94,1055.943603515625,771,1057.822998046875,-1.0778622069500803,-0.1667230733557475,
dcrlme_seed2,dcrlme,2,legs14_paralysed,top_k,3,7,437,1056.818359375,771,1057.822998046875,-1.0778622069500803,-0.1667230733557475,
dcrlme_seed2,dcrlme,2,legs14_paralysed,top_k,3,8,790,1053.431640625,771,1057.822998046875,-1.0778622069500803,-0.1667230733557475,
dcrlme_seed2,dcrlme,2,legs14_paralysed,top_k,3,9,161,1061.6531982421875,161,1058.447265625,-0.310618271987881,-0.048046246182810504,
dcrlme_seed2,dcrlme,2,legs14_paralysed,top_k,3,10,661,1058.28369140625,161,1058.447265625,-0.310618271987881,-0.048046246182810504,
dcrlme_seed2,dcrlme,2,legs14_paralysed,top_k,3,11,478,1057.011474609375,161,1058.447265625,-0.310618271987881,-0.048046246182810504,
dcrlme_seed2,dcrlme,2,legs14_paralysed,top_k,3,12,575,1057.014892578125,161,1058.447265625,-0.310618271987881,-0.048046246182810504,
dcrlme_seed2,dcrlme,2,legs14_paralysed,top_k,3,13,674,1051.97119140625,161,1058.447265625,-0.310618271987881,-0.048046246182810504,
dcrlme_seed2,dcrlme,2,legs14_paralysed,top_k,3,14,323,1058.548828125,161,1058.447265625,-0.310618271987881,-0.048046246182810504,
dcrlme_seed2,dcrlme,2,legs14_paralysed,top_k,3,15,358,1054.98876953125,161,1058.447265625,-0.310618271987881,-0.048046246182810504,
dcrlme_seed2,dcrlme,2,legs14_paralysed,top_k,3,16,120,1059.80029296875,161,1058.447265625,-0.310618271987881,-0.048046246182810504,
dcrlme_seed2,dcrlme,2,legs14_paralysed,top_k,3,17,427,1055.379150390625,161,1058.447265625,-0.310618271987881,-0.048046246182810504,
dcrlme_seed2,dcrlme,2,legs14_paralysed,top_k,3,18,285,1062.0859375,285,1064.715576171875,7.393326988142924,1.1435953407022723,
dcrlme_seed2,dcrlme,2,legs14_paralysed,top_k,3,19,553,1057.1796875,285,1064.715576171875,7.393326988142924,1.1435953407022723,
dcrlme_seed2,dcrlme,2,legs14_paralysed,top_k,3,20,311,1059.3939208984375,285,1064.715576171875,7.393326988142924,1.1435953407022723,
dcrlme_seed2,dcrlme,2,legs14_paralysed,top_k,4,1,771,1056.628173828125,771,1057.822998046875,-1.0778622069500803,-0.1667230733557475,
dcrlme_seed2,dcrlme,2,legs14_paralysed,top_k,4,2,905,1060.068603515625,905,1057.6181640625,-1.329609434730012,-0.20566318207615975,
dcrlme_seed2,dcrlme,2,legs14_paralysed,top_k,4,3,906,1056.73974609375,905,1057.6181640625,-1.329609434730012,-0.20566318207615975,
dcrlme_seed2,dcrlme,2,legs14_paralysed,top_k,4,4,32,1055.25927734375,905,1057.6181640625,-1.329609434730012,-0.20566318207615975,
dcrlme_seed2,dcrlme,2,legs14_paralysed,top_k,4,5,258,1056.8956298828125,905,1057.6181640625,-1.329609434730012,-0.20566318207615975,
dcrlme_seed2,dcrlme,2,legs14_paralysed,top_k,4,6,94,1056.96630859375,905,1057.6181640625,-1.329609434730012,-0.20566318207615975,
dcrlme_seed2,dcrlme,2,legs14_paralysed,top_k,4,7,437,1057.6336669921875,905,1057.6181640625,-1.329609434730012,-0.20566318207615975,
dcrlme_seed2,dcrlme,2,legs14_paralysed,top_k,4,8,790,1054.9620361328125,905,1057.6181640625,-1.329609434730012,-0.20566318207615975,
dcrlme_seed2,dcrlme,2,legs14_paralysed,top_k,4,9,161,1065.35693359375,161,1058.447265625,-0.310618271987881,-0.048046246182810504,
dcrlme_seed2,dcrlme,2,legs14_paralysed,top_k,4,10,661,1055.951904296875,161,1058.447265625,-0.310618271987881,-0.048046246182810504,
dcrlme_seed2,dcrlme,2,legs14_paralysed,top_k,4,11,478,1056.9952392578125,161,1058.447265625,-0.310618271987881,-0.048046246182810504,
dcrlme_seed2,dcrlme,2,legs14_paralysed,top_k,4,12,575,1056.832275390625,161,1058.447265625,-0.310618271987881,-0.048046246182810504,
dcrlme_seed2,dcrlme,2,legs14_paralysed,top_k,4,13,674,1052.01806640625,161,1058.447265625,-0.310618271987881,-0.048046246182810504,
dcrlme_seed2,dcrlme,2,legs14_paralysed,top_k,4,14,323,1058.405029296875,161,1058.447265625,-0.310618271987881,-0.048046246182810504,
dcrlme_seed2,dcrlme,2,legs14_paralysed,top_k,4,15,358,1052.6717529296875,161,1058.447265625,-0.310618271987881,-0.048046246182810504,
dcrlme_seed2,dcrlme,2,legs14_paralysed,top_k,4,16,120,1057.348876953125,161,1058.447265625,-0.310618271987881,-0.048046246182810504,
dcrlme_seed2,dcrlme,2,legs14_paralysed,top_k,4,17,427,1056.627197265625,161,1058.447265625,-0.310618271987881,-0.048046246182810504,
dcrlme_seed2,dcrlme,2,legs14_paralysed,top_k,4,18,285,1064.517333984375,161,1058.447265625,-0.310618271987881,-0.048046246182810504,
dcrlme_seed2,dcrlme,2,legs14_paralysed,top_k,4,19,553,1056.5118408203125,161,1058.447265625,-0.310618271987881,-0.048046246182810504,
dcrlme_seed2,dcrlme,2,legs14_paralysed,top_k,4,20,311,1049.4232177734375,161,1058.447265625,-0.310618271987881,-0.048046246182810504,
dcrlme_seed2,dcrlme,2,legs14_paralysed,best_intact,0,1,771,1057.4349365234375,771,1057.822998046875,-1.0778622069500803,-0.1667230733557475,
dcrlme_seed2,dcrlme,2,legs14_paralysed,best_intact,1,1,771,1058.737548828125,771,1057.822998046875,-1.0778622069500803,-0.1667230733557475,
dcrlme_seed2,dcrlme,2,legs14_paralysed,best_intact,2,1,771,1055.645263671875,771,1057.822998046875,-1.0778622069500803,-0.1667230733557475,
dcrlme_seed2,dcrlme,2,legs14_paralysed,best_intact,3,1,771,1058.697998046875,771,1057.822998046875,-1.0778622069500803,-0.1667230733557475,
dcrlme_seed2,dcrlme,2,legs14_paralysed,best_intact,4,1,771,1056.7366943359375,771,1057.822998046875,-1.0778622069500803,-0.1667230733557475,
dcrlme_seed2,dcrlme,2,ankle1_paralysed,ite,0,1,771,1054.3748779296875,771,1048.9951171875,-3.6690961041560044,-1.8449535754074597,4
dcrlme_seed2,dcrlme,2,ankle1_paralysed,ite,0,2,311,1257.369140625,311,1139.29345703125,30.46972796342791,15.321275854329269,4
dcrlme_seed2,dcrlme,2,ankle1_paralysed,ite,0,3,305,1056.7662353515625,311,1139.29345703125,30.46972796342791,15.321275854329269,4
dcrlme_seed2,dcrlme,2,ankle1_paralysed,ite,0,4,311,1240.49267578125,311,1139.29345703125,30.46972796342791,15.321275854329269,4
dcrlme_seed2,dcrlme,2,ankle1_paralysed,ite,0,5,158,1040.76904296875,311,1139.29345703125,30.46972796342791,15.321275854329269,4
dcrlme_seed2,dcrlme,2,ankle1_paralysed,ite,0,6,258,1040.5458984375,311,1139.29345703125,30.46972796342791,15.321275854329269,4
dcrlme_seed2,dcrlme,2,ankle1_paralysed,ite,0,7,311,1257.4788818359375,311,1139.29345703125,30.46972796342791,15.321275854329269,4
dcrlme_seed2,dcrlme,2,ankle1_paralysed,ite,0,8,311,1111.6842041015625,311,1139.29345703125,30.46972796342791,15.321275854329269,4
dcrlme_seed2,dcrlme,2,ankle1_paralysed,ite,0,9,78,1055.168701171875,311,1139.29345703125,30.46972796342791,15.321275854329269,4
dcrlme_seed2,dcrlme,2,ankle1_paralysed,ite,0,10,311,1182.586669921875,311,1139.29345703125,30.46972796342791,15.321275854329269,4
dcrlme_seed2,dcrlme,2,ankle1_paralysed,ite,0,11,311,1096.01416015625,311,1139.29345703125,30.46972796342791,15.321275854329269,4
dcrlme_seed2,dcrlme,2,ankle1_paralysed,ite,0,12,311,1277.7928466796875,311,1139.29345703125,30.46972796342791,15.321275854329269,4
dcrlme_seed2,dcrlme,2,ankle1_paralysed,ite,0,13,311,1122.9246826171875,311,1139.29345703125,30.46972796342791,15.321275854329269,4
dcrlme_seed2,dcrlme,2,ankle1_paralysed,ite,0,14,311,1101.027587890625,311,1139.29345703125,30.46972796342791,15.321275854329269,4
dcrlme_seed2,dcrlme,2,ankle1_paralysed,ite,0,15,311,1106.9736328125,311,1139.29345703125,30.46972796342791,15.321275854329269,4
dcrlme_seed2,dcrlme,2,ankle1_paralysed,ite,0,16,311,1113.382080078125,311,1139.29345703125,30.46972796342791,15.321275854329269,4
dcrlme_seed2,dcrlme,2,ankle1_paralysed,ite,0,17,278,1066.86376953125,311,1139.29345703125,30.46972796342791,15.321275854329269,4
dcrlme_seed2,dcrlme,2,ankle1_paralysed,ite,0,18,311,1136.46484375,311,1139.29345703125,30.46972796342791,15.321275854329269,4
dcrlme_seed2,dcrlme,2,ankle1_paralysed,ite,0,19,311,1167.71435546875,311,1139.29345703125,30.46972796342791,15.321275854329269,4
dcrlme_seed2,dcrlme,2,ankle1_paralysed,ite,0,20,311,1232.794677734375,311,1139.29345703125,30.46972796342791,15.321275854329269,4
dcrlme_seed2,dcrlme,2,ankle1_paralysed,ite,1,1,771,1043.4757080078125,771,1048.9951171875,-3.6690961041560044,-1.8449535754074597,12
dcrlme_seed2,dcrlme,2,ankle1_paralysed,ite,1,2,311,1110.0654296875,311,1139.29345703125,30.46972796342791,15.321275854329269,12
dcrlme_seed2,dcrlme,2,ankle1_paralysed,ite,1,3,305,1057.2109375,311,1139.29345703125,30.46972796342791,15.321275854329269,12
dcrlme_seed2,dcrlme,2,ankle1_paralysed,ite,1,4,258,1052.47265625,311,1139.29345703125,30.46972796342791,15.321275854329269,12
dcrlme_seed2,dcrlme,2,ankle1_paralysed,ite,1,5,158,1027.5517578125,311,1139.29345703125,30.46972796342791,15.321275854329269,12
dcrlme_seed2,dcrlme,2,ankle1_paralysed,ite,1,6,78,1054.648193359375,311,1139.29345703125,30.46972796342791,15.321275854329269,12
dcrlme_seed2,dcrlme,2,ankle1_paralysed,ite,1,7,278,1069.7275390625,311,1139.29345703125,30.46972796342791,15.321275854329269,12
dcrlme_seed2,dcrlme,2,ankle1_paralysed,ite,1,8,311,1116.163818359375,311,1139.29345703125,30.46972796342791,15.321275854329269,12
dcrlme_seed2,dcrlme,2,ankle1_paralysed,ite,1,9,295,1033.387451171875,311,1139.29345703125,30.46972796342791,15.321275854329269,12
dcrlme_seed2,dcrlme,2,ankle1_paralysed,ite,1,10,133,1055.2540283203125,311,1139.29345703125,30.46972796342791,15.321275854329269,12
dcrlme_seed2,dcrlme,2,ankle1_paralysed,ite,1,11,720,1055.7572021484375,311,1139.29345703125,30.46972796342791,15.321275854329269,12
dcrlme_seed2,dcrlme,2,ankle1_paralysed,ite,1,12,311,1195.464599609375,311,1139.29345703125,30.46972796342791,15.321275854329269,12
dcrlme_seed2,dcrlme,2,ankle1_paralysed,ite,1,13,311,1118.5054931640625,311,1139.29345703125,30.46972796342791,15.321275854329269,12
dcrlme_seed2,dcrlme,2,ankle1_paralysed,ite,1,14,311,1281.7171630859375,311,1139.29345703125,30.46972796342791,15.321275854329269,12
dcrlme_seed2,dcrlme,2,ankle1_paralysed,ite,1,15,311,1264.36328125,311,1139.29345703125,30.46972796342791,15.321275854329269,12
dcrlme_seed2,dcrlme,2,ankle1_paralysed,ite,1,16,311,1159.797607421875,311,1139.29345703125,30.46972796342791,15.321275854329269,12
dcrlme_seed2,dcrlme,2,ankle1_paralysed,ite,1,17,311,1229.10546875,311,1139.29345703125,30.46972796342791,15.321275854329269,12
dcrlme_seed2,dcrlme,2,ankle1_paralysed,ite,1,18,311,1211.987060546875,311,1139.29345703125,30.46972796342791,15.321275854329269,12
dcrlme_seed2,dcrlme,2,ankle1_paralysed,ite,1,19,311,1271.241943359375,311,1139.29345703125,30.46972796342791,15.321275854329269,12
dcrlme_seed2,dcrlme,2,ankle1_paralysed,ite,1,20,311,1312.4403076171875,311,1139.29345703125,30.46972796342791,15.321275854329269,12
dcrlme_seed2,dcrlme,2,ankle1_paralysed,ite,2,1,771,1048.902587890625,771,1048.9951171875,-3.6690961041560044,-1.8449535754074597,9
dcrlme_seed2,dcrlme,2,ankle1_paralysed,ite,2,2,311,1133.74462890625,311,1139.29345703125,30.46972796342791,15.321275854329269,9
dcrlme_seed2,dcrlme,2,ankle1_paralysed,ite,2,3,305,1057.56201171875,311,1139.29345703125,30.46972796342791,15.321275854329269,9
dcrlme_seed2,dcrlme,2,ankle1_paralysed,ite,2,4,258,1038.3846435546875,311,1139.29345703125,30.46972796342791,15.321275854329269,9
dcrlme_seed2,dcrlme,2,ankle1_paralysed,ite,2,5,158,1033.53759765625,311,1139.29345703125,30.46972796342791,15.321275854329269,9
dcrlme_seed2,dcrlme,2,ankle1_paralysed,ite,2,6,78,1055.4537353515625,311,1139.29345703125,30.46972796342791,15.321275854329269,9
dcrlme_seed2,dcrlme,2,ankle1_paralysed,ite,2,7,311,1140.446044921875,311,1139.29345703125,30.46972796342791,15.321275854329269,9
dcrlme_seed2,dcrlme,2,ankle1_paralysed,ite,2,8,278,1066.4521484375,311,1139.29345703125,30.46972796342791,15.321275854329269,9
dcrlme_seed2,dcrlme,2,ankle1_paralysed,ite,2,9,311,1289.67724609375,311,1139.29345703125,30.46972796342791,15.321275854329269,9
dcrlme_seed2,dcrlme,2,ankle1_paralysed,ite,2,10,311,1148.275390625,311,1139.29345703125,30.46972796342791,15.321275854329269,9
dcrlme_seed2,dcrlme,2,ankle1_paralysed,ite,2,11,311,1117.77099609375,311,1139.29345703125,30.46972796342791,15.321275854329269,9
dcrlme_seed2,dcrlme,2,ankle1_paralysed,ite,2,12,311,1269.4580078125,311,1139.29345703125,30.46972796342791,15.321275854329269,9
dcrlme_seed2,dcrlme,2,ankle1_paralysed,ite,2,13,311,1297.29150390625,311,1139.29345703125,30.46972796342791,15.321275854329269,9
dcrlme_seed2,dcrlme,2,ankle1_paralysed,ite,2,14,311,1313.32421875,311,1139.29345703125,30.46972796342791,15.321275854329269,9
dcrlme_seed2,dcrlme,2,ankle1_paralysed,ite,2,15,311,1083.4306640625,311,1139.29345703125,30.46972796342791,15.321275854329269,9
dcrlme_seed2,dcrlme,2,ankle1_paralysed,ite,2,16,311,1131.51318359375,311,1139.29345703125,30.46972796342791,15.321275854329269,9
dcrlme_seed2,dcrlme,2,ankle1_paralysed,ite,2,17,311,1103.58984375,311,1139.29345703125,30.46972796342791,15.321275854329269,9
dcrlme_seed2,dcrlme,2,ankle1_paralysed,ite,2,18,311,1090.4168701171875,311,1139.29345703125,30.46972796342791,15.321275854329269,9
dcrlme_seed2,dcrlme,2,ankle1_paralysed,ite,2,19,311,1130.36865234375,311,1139.29345703125,30.46972796342791,15.321275854329269,9
dcrlme_seed2,dcrlme,2,ankle1_paralysed,ite,2,20,311,1161.25,311,1139.29345703125,30.46972796342791,15.321275854329269,9
dcrlme_seed2,dcrlme,2,ankle1_paralysed,ite,3,1,771,1055.8214111328125,771,1048.9951171875,-3.6690961041560044,-1.8449535754074597,11
dcrlme_seed2,dcrlme,2,ankle1_paralysed,ite,3,2,311,1089.553955078125,311,1139.29345703125,30.46972796342791,15.321275854329269,11
dcrlme_seed2,dcrlme,2,ankle1_paralysed,ite,3,3,305,1058.314453125,311,1139.29345703125,30.46972796342791,15.321275854329269,11
dcrlme_seed2,dcrlme,2,ankle1_paralysed,ite,3,4,258,1039.423828125,311,1139.29345703125,30.46972796342791,15.321275854329269,11
dcrlme_seed2,dcrlme,2,ankle1_paralysed,ite,3,5,133,1058.168212890625,311,1139.29345703125,30.46972796342791,15.321275854329269,11
dcrlme_seed2,dcrlme,2,ankle1_paralysed,ite,3,6,78,1055.411865234375,311,1139.29345703125,30.46972796342791,15.321275854329269,11
dcrlme_seed2,dcrlme,2,ankle1_paralysed,ite,3,7,158,1033.5911865234375,311,1139.29345703125,30.46972796342791,15.321275854329269,11
dcrlme_seed2,dcrlme,2,ankle1_paralysed,ite,3,8,278,1069.9246826171875,311,1139.29345703125,30.46972796342791,15.321275854329269,11
dcrlme_seed2,dcrlme,2,ankle1_paralysed,ite,3,9,295,1035.851806640625,311,1139.29345703125,30.46972796342791,15.321275854329269,11
dcrlme_seed2,dcrlme,2,ankle1_paralysed,ite,3,10,720,1050.372314453125,311,1139.29345703125,30.46972796342791,15.321275854329269,11
dcrlme_seed2,dcrlme,2,ankle1_paralysed,ite,3,11,311,1136.81298828125,311,1139.29345703125,30.46972796342791,15.321275854329269,11
dcrlme_seed2,dcrlme,2,ankle1_paralysed,ite,3,12,311,1136.7662353515625,311,1139.29345703125,30.46972796342791,15.321275854329269,11
dcrlme_seed2,dcrlme,2,ankle1_paralysed,ite,3,13,311,1218.019775390625,311,1139.29345703125,30.46972796342791,15.321275854329269,11
dcrlme_seed2,dcrlme,2,ankle1_paralysed,ite,3,14,311,1165.1776123046875,311,1139.29345703125,30.46972796342791,15.321275854329269,11
dcrlme_seed2,dcrlme,2,ankle1_paralysed,ite,3,15,311,1239.182373046875,311,1139.29345703125,30.46972796342791,15.321275854329269,11
dcrlme_seed2,dcrlme,2,ankle1_paralysed,ite,3,16,311,1139.4207763671875,311,1139.29345703125,30.46972796342791,15.321275854329269,11
dcrlme_seed2,dcrlme,2,ankle1_paralysed,ite,3,17,311,1212.7628173828125,311,1139.29345703125,30.46972796342791,15.321275854329269,11
dcrlme_seed2,dcrlme,2,ankle1_paralysed,ite,3,18,311,1292.9437255859375,311,1139.29345703125,30.46972796342791,15.321275854329269,11
dcrlme_seed2,dcrlme,2,ankle1_paralysed,ite,3,19,311,1165.63916015625,311,1139.29345703125,30.46972796342791,15.321275854329269,11
dcrlme_seed2,dcrlme,2,ankle1_paralysed,ite,3,20,311,1154.278076171875,311,1139.29345703125,30.46972796342791,15.321275854329269,11
dcrlme_seed2,dcrlme,2,ankle1_paralysed,ite,4,1,771,1042.4674072265625,771,1048.9951171875,-3.6690961041560044,-1.8449535754074597,5
dcrlme_seed2,dcrlme,2,ankle1_paralysed,ite,4,2,311,1245.59912109375,311,1139.29345703125,30.46972796342791,15.321275854329269,5
dcrlme_seed2,dcrlme,2,ankle1_paralysed,ite,4,3,305,1058.544189453125,311,1139.29345703125,30.46972796342791,15.321275854329269,5
dcrlme_seed2,dcrlme,2,ankle1_paralysed,ite,4,4,311,1127.658203125,311,1139.29345703125,30.46972796342791,15.321275854329269,5
dcrlme_seed2,dcrlme,2,ankle1_paralysed,ite,4,5,258,1038.4805908203125,311,1139.29345703125,30.46972796342791,15.321275854329269,5
dcrlme_seed2,dcrlme,2,ankle1_paralysed,ite,4,6,158,1043.603271484375,311,1139.29345703125,30.46972796342791,15.321275854329269,5
dcrlme_seed2,dcrlme,2,ankle1_paralysed,ite,4,7,78,1055.7406005859375,311,1139.29345703125,30.46972796342791,15.321275854329269,5
dcrlme_seed2,dcrlme,2,ankle1_paralysed,ite,4,8,311,1118.03076171875,311,1139.29345703125,30.46972796342791,15.321275854329269,5
dcrlme_seed2,dcrlme,2,ankle1_paralysed,ite,4,9,311,1160.833251953125,311,1139.29345703125,30.46972796342791,15.321275854329269,5
dcrlme_seed2,dcrlme,2,ankle1_paralysed,ite,4,10,311,1126.5499267578125,311,1139.29345703125,30.46972796342791,15.321275854329269,5
dcrlme_seed2,dcrlme,2,ankle1_paralysed,ite,4,11,278,1068.6260986328125,311,1139.29345703125,30.46972796342791,15.321275854329269,5
dcrlme_seed2,dcrlme,2,ankle1_paralysed,ite,4,12,311,1108.99951171875,311,1139.29345703125,30.46972796342791,15.321275854329269,5
dcrlme_seed2,dcrlme,2,ankle1_paralysed,ite,4,13,311,1155.7615966796875,311,1139.29345703125,30.46972796342791,15.321275854329269,5
dcrlme_seed2,dcrlme,2,ankle1_paralysed,ite,4,14,311,1204.322998046875,311,1139.29345703125,30.46972796342791,15.321275854329269,5
dcrlme_seed2,dcrlme,2,ankle1_paralysed,ite,4,15,311,1074.9027099609375,311,1139.29345703125,30.46972796342791,15.321275854329269,5
dcrlme_seed2,dcrlme,2,ankle1_paralysed,ite,4,16,295,1039.8348388671875,311,1139.29345703125,30.46972796342791,15.321275854329269,5
dcrlme_seed2,dcrlme,2,ankle1_paralysed,ite,4,17,133,1057.109375,311,1139.29345703125,30.46972796342791,15.321275854329269,5
dcrlme_seed2,dcrlme,2,ankle1_paralysed,ite,4,18,311,1156.909423828125,311,1139.29345703125,30.46972796342791,15.321275854329269,5
dcrlme_seed2,dcrlme,2,ankle1_paralysed,ite,4,19,311,1191.080322265625,311,1139.29345703125,30.46972796342791,15.321275854329269,5
dcrlme_seed2,dcrlme,2,ankle1_paralysed,ite,4,20,311,1141.74853515625,311,1139.29345703125,30.46972796342791,15.321275854329269,5
dcrlme_seed2,dcrlme,2,ankle1_paralysed,top_k,0,1,771,1044.636474609375,771,1048.9951171875,-3.6690961041560044,-1.8449535754074597,
dcrlme_seed2,dcrlme,2,ankle1_paralysed,top_k,0,2,905,1051.28076171875,905,1053.6156005859375,-1.9222437243736548,-0.9665733279841439,
dcrlme_seed2,dcrlme,2,ankle1_paralysed,top_k,0,3,906,1051.060791015625,905,1053.6156005859375,-1.9222437243736548,-0.9665733279841439,
dcrlme_seed2,dcrlme,2,ankle1_paralysed,top_k,0,4,32,1057.11572265625,32,1056.428955078125,-0.8586071811688831,-0.43173859277595483,
dcrlme_seed2,dcrlme,2,ankle1_paralysed,top_k,0,5,258,1040.8319091796875,32,1056.428955078125,-0.8586071811688831,-0.43173859277595483,
dcrlme_seed2,dcrlme,2,ankle1_paralysed,top_k,0,6,94,1056.5341796875,32,1056.428955078125,-0.8586071811688831,-0.43173859277595483,
dcrlme_seed2,dcrlme,2,ankle1_paralysed,top_k,0,7,437,1057.846435546875,437,1053.14697265625,-2.0994164882632336,-1.0556621702831084,
dcrlme_seed2,dcrlme,2,ankle1_paralysed,top_k,0,8,790,1053.748779296875,437,1053.14697265625,-2.0994164882632336,-1.0556621702831084,
dcrlme_seed2,dcrlme,2,ankle1_paralysed,top_k,0,9,161,1043.693359375,437,1053.14697265625,-2.0994164882632336,-1.0556621702831084,
dcrlme_seed2,dcrlme,2,ankle1_paralysed,top_k,0,10,661,1054.38232421875,437,1053.14697265625,-2.0994164882632336,-1.0556621702831084,
dcrlme_seed2,dcrlme,2,ankle1_paralysed,top_k,0,11,478,1054.3690185546875,437,1053.14697265625,-2.0994164882632336,-1.0556621702831084,
dcrlme_seed2,dcrlme,2,ankle1_paralysed,top_k,0,12,575,1051.8955078125,437,1053.14697265625,-2.0994164882632336,-1.0556621702831084,
dcrlme_seed2,dcrlme,2,ankle1_paralysed,top_k,0,13,674,1027.896240234375,437,1053.14697265625,-2.0994164882632336,-1.0556621702831084,
dcrlme_seed2,dcrlme,2,ankle1_paralysed,top_k,0,14,323,1056.00390625,437,1053.14697265625,-2.0994164882632336,-1.0556621702831084,
dcrlme_seed2,dcrlme,2,ankle1_paralysed,top_k,0,15,358,1043.646484375,437,1053.14697265625,-2.0994164882632336,-1.0556621702831084,
dcrlme_seed2,dcrlme,2,ankle1_paralysed,top_k,0,16,120,1058.844482421875,120,1060.3726806640625,0.6323853905895478,0.3179861345365354,
dcrlme_seed2,dcrlme,2,ankle1_paralysed,top_k,0,17,427,1054.4503173828125,120,1060.3726806640625,0.6323853905895478,0.3179861345365354,
dcrlme_seed2,dcrlme,2,ankle1_paralysed,top_k,0,18,285,1044.059814453125,120,1060.3726806640625,0.6323853905895478,0.3179861345365354,
dcrlme_seed2,dcrlme,2,ankle1_paralysed,top_k,0,19,553,1051.348388671875,120,1060.3726806640625,0.6323853905895478,0.3179861345365354,
dcrlme_seed2,dcrlme,2,ankle1_paralysed,top_k,0,20,311,1131.04296875,311,1139.29345703125,30.46972796342791,15.321275854329269,
dcrlme_seed2,dcrlme,2,ankle1_paralysed,top_k,1,1,771,1046.353759765625,771,1048.9951171875,-3.6690961041560044,-1.8449535754074597,
dcrlme_seed2,dcrlme,2,ankle1_paralysed,top_k,1,2,905,1052.36474609375,905,1053.6156005859375,-1.9222437243736548,-0.9665733279841439,
dcrlme_seed2,dcrlme,2,ankle1_paralysed,top_k,1,3,906,1050.1077880859375,905,1053.6156005859375,-1.9222437243736548,-0.9665733279841439,
dcrlme_seed2,dcrlme,2,ankle1_paralysed,top_k,1,4,32,1057.952880859375,32,1056.428955078125,-0.8586071811688831,-0.43173859277595483,
dcrlme_seed2,dcrlme,2,ankle1_paralysed,top_k,1,5,258,1052.395263671875,32,1056.428955078125,-0.8586071811688831,-0.43173859277595483,
dcrlme_seed2,dcrlme,2,ankle1_paralysed,top_k,1,6,94,1054.69384765625,32,1056.428955078125,-0.8586071811688831,-0.43173859277595483,
dcrlme_seed2,dcrlme,2,ankle1_paralysed,top_k,1,7,437,1060.5782470703125,437,1053.14697265625,-2.0994164882632336,-1.0556621702831084,
dcrlme_seed2,dcrlme,2,ankle1_paralysed,top_k,1,8,790,1053.255126953125,437,1053.14697265625,-2.0994164882632336,-1.0556621702831084,
dcrlme_seed2,dcrlme,2,ankle1_paralysed,top_k,1,9,161,1045.332763671875,437,1053.14697265625,-2.0994164882632336,-1.0556621702831084,
dcrlme_seed2,dcrlme,2,ankle1_paralysed,top_k,1,10,661,1049.9981689453125,437,1053.14697265625,-2.0994164882632336,-1.0556621702831084,
dcrlme_seed2,dcrlme,2,ankle1_paralysed,top_k,1,11,478,1054.891845703125,437,1053.14697265625,-2.0994164882632336,-1.0556621702831084,
dcrlme_seed2,dcrlme,2,ankle1_paralysed,top_k,1,12,575,1043.4046630859375,437,1053.14697265625,-2.0994164882632336,-1.0556621702831084,
dcrlme_seed2,dcrlme,2,ankle1_paralysed,top_k,1,13,674,1037.497314453125,437,1053.14697265625,-2.0994164882632336,-1.0556621702831084,
dcrlme_seed2,dcrlme,2,ankle1_paralysed,top_k,1,14,323,1042.5338134765625,437,1053.14697265625,-2.0994164882632336,-1.0556621702831084,
dcrlme_seed2,dcrlme,2,ankle1_paralysed,top_k,1,15,358,1050.5335693359375,437,1053.14697265625,-2.0994164882632336,-1.0556621702831084,
dcrlme_seed2,dcrlme,2,ankle1_paralysed,top_k,1,16,120,1061.6220703125,120,1060.3726806640625,0.6323853905895478,0.3179861345365354,
dcrlme_seed2,dcrlme,2,ankle1_paralysed,top_k,1,17,427,1055.363525390625,120,1060.3726806640625,0.6323853905895478,0.3179861345365354,
dcrlme_seed2,dcrlme,2,ankle1_paralysed,top_k,1,18,285,1047.8880615234375,120,1060.3726806640625,0.6323853905895478,0.3179861345365354,
dcrlme_seed2,dcrlme,2,ankle1_paralysed,top_k,1,19,553,1049.5350341796875,120,1060.3726806640625,0.6323853905895478,0.3179861345365354,
dcrlme_seed2,dcrlme,2,ankle1_paralysed,top_k,1,20,311,1146.662109375,311,1139.29345703125,30.46972796342791,15.321275854329269,
dcrlme_seed2,dcrlme,2,ankle1_paralysed,top_k,2,1,771,1041.01513671875,771,1048.9951171875,-3.6690961041560044,-1.8449535754074597,
dcrlme_seed2,dcrlme,2,ankle1_paralysed,top_k,2,2,905,1049.69091796875,905,1053.6156005859375,-1.9222437243736548,-0.9665733279841439,
dcrlme_seed2,dcrlme,2,ankle1_paralysed,top_k,2,3,906,1052.2210693359375,906,1047.08984375,-4.389417150988133,-2.207156922790174,
dcrlme_seed2,dcrlme,2,ankle1_paralysed,top_k,2,4,32,1053.267333984375,32,1056.428955078125,-0.8586071811688831,-0.43173859277595483,
dcrlme_seed2,dcrlme,2,ankle1_paralysed,top_k,2,5,258,1036.2470703125,32,1056.428955078125,-0.8586071811688831,-0.43173859277595483,
dcrlme_seed2,dcrlme,2,ankle1_paralysed,top_k,2,6,94,1057.1826171875,94,1055.97802734375,-1.029088085000116,-0.5174625269912128,
dcrlme_seed2,dcrlme,2,ankle1_paralysed,top_k,2,7,437,1057.350341796875,437,1053.14697265625,-2.0994164882632336,-1.0556621702831084,
dcrlme_seed2,dcrlme,2,ankle1_paralysed,top_k,2,8,790,1052.8740234375,437,1053.14697265625,-2.0994164882632336,-1.0556621702831084,
dcrlme_seed2,dcrlme,2,ankle1_paralysed,top_k,2,9,161,1043.8896484375,437,1053.14697265625,-2.0994164882632336,-1.0556621702831084,
dcrlme_seed2,dcrlme,2,ankle1_paralysed,top_k,2,10,661,1050.15771484375,437,1053.14697265625,-2.0994164882632336,-1.0556621702831084,
dcrlme_seed2,dcrlme,2,ankle1_paralysed,top_k,2,11,478,1043.927978515625,437,1053.14697265625,-2.0994164882632336,-1.0556621702831084,
dcrlme_seed2,dcrlme,2,ankle1_paralysed,top_k,2,12,575,1053.13037109375,437,1053.14697265625,-2.0994164882632336,-1.0556621702831084,
dcrlme_seed2,dcrlme,2,ankle1_paralysed,top_k,2,13,674,1021.4446411132812,437,1053.14697265625,-2.0994164882632336,-1.0556621702831084,
dcrlme_seed2,dcrlme,2,ankle1_paralysed,top_k,2,14,323,1030.3739013671875,437,1053.14697265625,-2.0994164882632336,-1.0556621702831084,
dcrlme_seed2,dcrlme,2,ankle1_paralysed,top_k,2,15,358,1046.5819091796875,437,1053.14697265625,-2.0994164882632336,-1.0556621702831084,
dcrlme_seed2,dcrlme,2,ankle1_paralysed,top_k,2,16,120,1064.452392578125,120,1060.3726806640625,0.6323853905895478,0.3179861345365354,
dcrlme_seed2,dcrlme,2,ankle1_paralysed,top_k,2,17,427,1054.642822265625,120,1060.3726806640625,0.6323853905895478,0.3179861345365354,
dcrlme_seed2,dcrlme,2,ankle1_paralysed,top_k,2,18,285,1049.882568359375,120,1060.3726806640625,0.6323853905895478,0.3179861345365354,
dcrlme_seed2,dcrlme,2,ankle1_paralysed,top_k,2,19,553,1050.0533447265625,120,1060.3726806640625,0.6323853905895478,0.3179861345365354,
dcrlme_seed2,dcrlme,2,ankle1_paralysed,top_k,2,20,311,1135.386962890625,311,1139.29345703125,30.46972796342791,15.321275854329269,
dcrlme_seed2,dcrlme,2,ankle1_paralysed,top_k,3,1,771,1045.37646484375,771,1048.9951171875,-3.6690961041560044,-1.8449535754074597,
dcrlme_seed2,dcrlme,2,ankle1_paralysed,top_k,3,2,905,1051.740966796875,905,1053.6156005859375,-1.9222437243736548,-0.9665733279841439,
dcrlme_seed2,dcrlme,2,ankle1_paralysed,top_k,3,3,906,1052.5986328125,906,1047.08984375,-4.389417150988133,-2.207156922790174,
dcrlme_seed2,dcrlme,2,ankle1_paralysed,top_k,3,4,32,1057.05078125,32,1056.428955078125,-0.8586071811688831,-0.43173859277595483,
dcrlme_seed2,dcrlme,2,ankle1_paralysed,top_k,3,5,258,1030.579833984375,32,1056.428955078125,-0.8586071811688831,-0.43173859277595483,
dcrlme_seed2,dcrlme,2,ankle1_paralysed,top_k,3,6,94,1056.86181640625,32,1056.428955078125,-0.8586071811688831,-0.43173859277595483,
dcrlme_seed2,dcrlme,2,ankle1_paralysed,top_k,3,7,437,1054.7095947265625,32,1056.428955078125,-0.8586071811688831,-0.43173859277595483,
dcrlme_seed2,dcrlme,2,ankle1_paralysed,top_k,3,8,790,1055.10693359375,32,1056.428955078125,-0.8586071811688831,-0.43173859277595483,
dcrlme_seed2,dcrlme,2,ankle1_paralysed,top_k,3,9,161,1042.83056640625,32,1056.428955078125,-0.8586071811688831,-0.43173859277595483,
dcrlme_seed2,dcrlme,2,ankle1_paralysed,top_k,3,10,661,1055.0191650390625,32,1056.428955078125,-0.8586071811688831,-0.43173859277595483,
dcrlme_seed2,dcrlme,2,ankle1_paralysed,top_k,3,11,478,1057.67333984375,478,1053.0625,-2.1313528135072004,-1.0717209040343154,
dcrlme_seed2,dcrlme,2,ankle1_paralysed,top_k,3,12,575,1047.866455078125,478,1053.0625,-2.1313528135072004,-1.0717209040343154,
dcrlme_seed2,dcrlme,2,ankle1_paralysed,top_k,3,13,674,1043.31884765625,478,1053.0625,-2.1313528135072004,-1.0717209040343154,
dcrlme_seed2,dcrlme,2,ankle1_paralysed,top_k,3,14,323,1049.917724609375,478,1053.0625,-2.1313528135072004,-1.0717209040343154,
dcrlme_seed2,dcrlme,2,ankle1_paralysed,top_k,3,15,358,1048.708740234375,478,1053.0625,-2.1313528135072004,-1.0717209040343154,
dcrlme_seed2,dcrlme,2,ankle1_paralysed,top_k,3,16,120,1060.486083984375,120,1060.3726806640625,0.6323853905895478,0.3179861345365354,
dcrlme_seed2,dcrlme,2,ankle1_paralysed,top_k,3,17,427,1053.360595703125,120,1060.3726806640625,0.6323853905895478,0.3179861345365354,
dcrlme_seed2,dcrlme,2,ankle1_paralysed,top_k,3,18,285,1047.0909423828125,120,1060.3726806640625,0.6323853905895478,0.3179861345365354,
dcrlme_seed2,dcrlme,2,ankle1_paralysed,top_k,3,19,553,1046.9259033203125,120,1060.3726806640625,0.6323853905895478,0.3179861345365354,
dcrlme_seed2,dcrlme,2,ankle1_paralysed,top_k,3,20,311,1236.711669921875,311,1139.29345703125,30.46972796342791,15.321275854329269,
dcrlme_seed2,dcrlme,2,ankle1_paralysed,top_k,4,1,771,1052.763916015625,771,1048.9951171875,-3.6690961041560044,-1.8449535754074597,
dcrlme_seed2,dcrlme,2,ankle1_paralysed,top_k,4,2,905,1051.4986572265625,771,1048.9951171875,-3.6690961041560044,-1.8449535754074597,
dcrlme_seed2,dcrlme,2,ankle1_paralysed,top_k,4,3,906,1051.89990234375,771,1048.9951171875,-3.6690961041560044,-1.8449535754074597,
dcrlme_seed2,dcrlme,2,ankle1_paralysed,top_k,4,4,32,1057.6846923828125,32,1056.428955078125,-0.8586071811688831,-0.43173859277595483,
dcrlme_seed2,dcrlme,2,ankle1_paralysed,top_k,4,5,258,1031.298828125,32,1056.428955078125,-0.8586071811688831,-0.43173859277595483,
dcrlme_seed2,dcrlme,2,ankle1_paralysed,top_k,4,6,94,1055.35302734375,32,1056.428955078125,-0.8586071811688831,-0.43173859277595483,
dcrlme_seed2,dcrlme,2,ankle1_paralysed,top_k,4,7,437,1058.6663818359375,437,1053.14697265625,-2.0994164882632336,-1.0556621702831084,
dcrlme_seed2,dcrlme,2,ankle1_paralysed,top_k,4,8,790,1055.138916015625,437,1053.14697265625,-2.0994164882632336,-1.0556621702831084,
dcrlme_seed2,dcrlme,2,ankle1_paralysed,top_k,4,9,161,1046.01025390625,437,1053.14697265625,-2.0994164882632336,-1.0556621702831084,
dcrlme_seed2,dcrlme,2,ankle1_paralysed,top_k,4,10,661,1053.9686279296875,437,1053.14697265625,-2.0994164882632336,-1.0556621702831084,
dcrlme_seed2,dcrlme,2,ankle1_paralysed,top_k,4,11,478,1055.05712890625,437,1053.14697265625,-2.0994164882632336,-1.0556621702831084,
dcrlme_seed2,dcrlme,2,ankle1_paralysed,top_k,4,12,575,1054.0465087890625,437,1053.14697265625,-2.0994164882632336,-1.0556621702831084,
dcrlme_seed2,dcrlme,2,ankle1_paralysed,top_k,4,13,674,1031.87939453125,437,1053.14697265625,-2.0994164882632336,-1.0556621702831084,
dcrlme_seed2,dcrlme,2,ankle1_paralysed,top_k,4,14,323,1037.147705078125,437,1053.14697265625,-2.0994164882632336,-1.0556621702831084,
dcrlme_seed2,dcrlme,2,ankle1_paralysed,top_k,4,15,358,1052.0830078125,437,1053.14697265625,-2.0994164882632336,-1.0556621702831084,
dcrlme_seed2,dcrlme,2,ankle1_paralysed,top_k,4,16,120,1060.52197265625,120,1060.3726806640625,0.6323853905895478,0.3179861345365354,
dcrlme_seed2,dcrlme,2,ankle1_paralysed,top_k,4,17,427,1054.108642578125,120,1060.3726806640625,0.6323853905895478,0.3179861345365354,
dcrlme_seed2,dcrlme,2,ankle1_paralysed,top_k,4,18,285,1089.4395751953125,285,1066.583740234375,2.9805821604425433,1.4987439842405257,
dcrlme_seed2,dcrlme,2,ankle1_paralysed,top_k,4,19,553,1050.0302734375,285,1066.583740234375,2.9805821604425433,1.4987439842405257,
dcrlme_seed2,dcrlme,2,ankle1_paralysed,top_k,4,20,311,1261.095703125,311,1139.29345703125,30.46972796342791,15.321275854329269,
dcrlme_seed2,dcrlme,2,ankle1_paralysed,best_intact,0,1,771,1050.08544921875,771,1048.9951171875,-3.6690961041560044,-1.8449535754074597,
dcrlme_seed2,dcrlme,2,ankle1_paralysed,best_intact,1,1,771,1047.79248046875,771,1048.9951171875,-3.6690961041560044,-1.8449535754074597,
dcrlme_seed2,dcrlme,2,ankle1_paralysed,best_intact,2,1,771,1050.2490234375,771,1048.9951171875,-3.6690961041560044,-1.8449535754074597,
dcrlme_seed2,dcrlme,2,ankle1_paralysed,best_intact,3,1,771,1046.8543701171875,771,1048.9951171875,-3.6690961041560044,-1.8449535754074597,
dcrlme_seed2,dcrlme,2,ankle1_paralysed,best_intact,4,1,771,1050.0299072265625,771,1048.9951171875,-3.6690961041560044,-1.8449535754074597,
dcrlme_seed2,dcrlme,2,ankle3_paralysed,ite,0,1,771,1387.9075927734375,771,1354.973388671875,68.19845564137448,56.32326101086109,3
dcrlme_seed2,dcrlme,2,ankle3_paralysed,ite,0,2,258,1325.705078125,771,1354.973388671875,68.19845564137448,56.32326101086109,3
dcrlme_seed2,dcrlme,2,ankle3_paralysed,ite,0,3,285,1438.3621826171875,285,1420.71240234375,83.33076039512463,68.8206224587982,3
dcrlme_seed2,dcrlme,2,ankle3_paralysed,ite,0,4,311,1406.8416748046875,285,1420.71240234375,83.33076039512463,68.8206224587982,3
dcrlme_seed2,dcrlme,2,ankle3_paralysed,ite,0,5,905,1340.881103515625,285,1420.71240234375,83.33076039512463,68.8206224587982,3
dcrlme_seed2,dcrlme,2,ankle3_paralysed,ite,0,6,285,1457.2392578125,285,1420.71240234375,83.33076039512463,68.8206224587982,3
dcrlme_seed2,dcrlme,2,ankle3_paralysed,ite,0,7,285,1458.20654296875,285,1420.71240234375,83.33076039512463,68.8206224587982,3
dcrlme_seed2,dcrlme,2,ankle3_paralysed,ite,0,8,285,1465.783447265625,285,1420.71240234375,83.33076039512463,68.8206224587982,3
dcrlme_seed2,dcrlme,2,ankle3_paralysed,ite,0,9,285,1393.498779296875,285,1420.71240234375,83.33076039512463,68.8206224587982,3
dcrlme_seed2,dcrlme,2,ankle3_paralysed,ite,0,10,285,1451.829345703125,285,1420.71240234375,83.33076039512463,68.8206224587982,3
dcrlme_seed2,dcrlme,2,ankle3_paralysed,ite,0,11,285,1473.5693359375,285,1420.71240234375,83.33076039512463,68.8206224587982,3
dcrlme_seed2,dcrlme,2,ankle3_paralysed,ite,0,12,285,1381.54638671875,285,1420.71240234375,83.33076039512463,68.8206224587982,3
dcrlme_seed2,dcrlme,2,ankle3_paralysed,ite,0,13,285,1430.5628662109375,285,1420.71240234375,83.33076039512463,68.8206224587982,3
dcrlme_seed2,dcrlme,2,ankle3_paralysed,ite,0,14,285,1432.674072265625,285,1420.71240234375,83.33076039512463,68.8206224587982,3
dcrlme_seed2,dcrlme,2,ankle3_paralysed,ite,0,15,285,1452.8289794921875,285,1420.71240234375,83.33076039512463,68.8206224587982,3
dcrlme_seed2,dcrlme,2,ankle3_paralysed,ite,0,16,285,1464.300048828125,285,1420.71240234375,83.33076039512463,68.8206224587982,3
dcrlme_seed2,dcrlme,2,ankle3_paralysed,ite,0,17,285,1430.7113037109375,285,1420.71240234375,83.33076039512463,68.8206224587982,3
dcrlme_seed2,dcrlme,2,ankle3_paralysed,ite,0,18,285,1470.3009033203125,285,1420.71240234375,83.33076039512463,68.8206224587982,3
dcrlme_seed2,dcrlme,2,ankle3_paralysed,ite,0,19,285,1436.28515625,285,1420.71240234375,83.33076039512463,68.8206224587982,3
dcrlme_seed2,dcrlme,2,ankle3_paralysed,ite,0,20,285,1454.1573486328125,285,1420.71240234375,83.33076039512463,68.8206224587982,3
dcrlme_seed2,dcrlme,2,ankle3_paralysed,ite,1,1,771,1412.5010986328125,771,1354.973388671875,68.19845564137448,56.32326101086109,3
dcrlme_seed2,dcrlme,2,ankle3_paralysed,ite,1,2,258,1322.86669921875,771,1354.973388671875,68.19845564137448,56.32326101086109,3
dcrlme_seed2,dcrlme,2,ankle3_paralysed,ite,1,3,285,1398.211669921875,771,1354.973388671875,68.19845564137448,56.32326101086109,3
dcrlme_seed2,dcrlme,2,ankle3_paralysed,ite,1,4,905,1277.745361328125,771,1354.973388671875,68.19845564137448,56.32326101086109,3
dcrlme_seed2,dcrlme,2,ankle3_paralysed,ite,1,5,311,1551.501708984375,311,1453.3773193359375,90.84981873008724,75.03040948657164,3
dcrlme_seed2,dcrlme,2,ankle3_paralysed,ite,1,6,311,1424.401123046875,311,1453.3773193359375,90.84981873008724,75.03040948657164,3
dcrlme_seed2,dcrlme,2,ankle3_paralysed,ite,1,7,311,1461.573486328125,311,1453.3773193359375,90.84981873008724,75.03040948657164,3
dcrlme_seed2,dcrlme,2,ankle3_paralysed,ite,1,8,311,1514.47412109375,311,1453.3773193359375,90.84981873008724,75.03040948657164,3
dcrlme_seed2,dcrlme,2,ankle3_paralysed,ite,1,9,311,1464.49951171875,311,1453.3773193359375,90.84981873008724,75.03040948657164,3
dcrlme_seed2,dcrlme,2,ankle3_paralysed,ite,1,10,311,1434.7691650390625,311,1453.3773193359375,90.84981873008724,75.03040948657164,3
dcrlme_seed2,dcrlme,2,ankle3_paralysed,ite,1,11,311,1453.80908203125,311,1453.3773193359375,90.84981873008724,75.03040948657164,3
dcrlme_seed2,dcrlme,2,ankle3_paralysed,ite,1,12,311,1434.297607421875,311,1453.3773193359375,90.84981873008724,75.03040948657164,3
dcrlme_seed2,dcrlme,2,ankle3_paralysed,ite,1,13,311,1421.35009765625,311,1453.3773193359375,90.84981873008724,75.03040948657164,3
dcrlme_seed2,dcrlme,2,ankle3_paralysed,ite,1,14,311,1494.500244140625,311,1453.3773193359375,90.84981873008724,75.03040948657164,3
dcrlme_seed2,dcrlme,2,ankle3_paralysed,ite,1,15,311,1401.588134765625,311,1453.3773193359375,90.84981873008724,75.03040948657164,3
dcrlme_seed2,dcrlme,2,ankle3_paralysed,ite,1,16,311,1456.8355712890625,311,1453.3773193359375,90.84981873008724,75.03040948657164,3
dcrlme_seed2,dcrlme,2,ankle3_paralysed,ite,1,17,311,1493.4163818359375,311,1453.3773193359375,90.84981873008724,75.03040948657164,3
dcrlme_seed2,dcrlme,2,ankle3_paralysed,ite,1,18,311,1442.887451171875,311,1453.3773193359375,90.84981873008724,75.03040948657164,3
dcrlme_seed2,dcrlme,2,ankle3_paralysed,ite,1,19,311,1456.5357666015625,311,1453.3773193359375,90.84981873008724,75.03040948657164,3
dcrlme_seed2,dcrlme,2,ankle3_paralysed,ite,1,20,311,1484.408447265625,311,1453.3773193359375,90.84981873008724,75.03040948657164,3
dcrlme_seed2,dcrlme,2,ankle3_paralysed,ite,2,1,771,1294.2681884765625,771,1354.973388671875,68.19845564137448,56.32326101086109,2
dcrlme_seed2,dcrlme,2,ankle3_paralysed,ite,2,2,311,1444.36279296875,311,1453.3773193359375,90.84981873008724,75.03040948657164,2
dcrlme_seed2,dcrlme,2,ankle3_paralysed,ite,2,3,311,1465.952880859375,311,1453.3773193359375,90.84981873008724,75.03040948657164,2
dcrlme_seed2,dcrlme,2,ankle3_paralysed,ite,2,4,311,1477.0396728515625,311,1453.3773193359375,90.84981873008724,75.03040948657164,2
dcrlme_seed2,dcrlme,2,ankle3_paralysed,ite,2,5,311,1469.9512939453125,311,1453.3773193359375,90.84981873008724,75.03040948657164,2
dcrlme_seed2,dcrlme,2,ankle3_paralysed,ite,2,6,311,1545.532958984375,311,1453.3773193359375,90.84981873008724,75.03040948657164,2
dcrlme_seed2,dcrlme,2,ankle3_paralysed,ite,2,7,311,1440.9547119140625,311,1453.3773193359375,90.84981873008724,75.03040948657164,2
dcrlme_seed2,dcrlme,2,ankle3_paralysed,ite,2,8,311,1387.676025390625,311,1453.3773193359375,90.84981873008724,75.03040948657164,2
dcrlme_seed2,dcrlme,2,ankle3_paralysed,ite,2,9,311,1492.9188232421875,311,1453.3773193359375,90.84981873008724,75.03040948657164,2
dcrlme_seed2,dcrlme,2,ankle3_paralysed,ite,2,10,311,1364.298828125,311,1453.3773193359375,90.84981873008724,75.03040948657164,2
dcrlme_seed2,dcrlme,2,ankle3_paralysed,ite,2,11,311,1455.56298828125,311,1453.3773193359375,90.84981873008724,75.03040948657164,2
dcrlme_seed2,dcrlme,2,ankle3_paralysed,ite,2,12,311,1425.835693359375,311,1453.3773193359375,90.84981873008724,75.03040948657164,2
dcrlme_seed2,dcrlme,2,ankle3_paralysed,ite,2,13,311,1444.2208251953125,311,1453.3773193359375,90.84981873008724,75.03040948657164,2
dcrlme_seed2,dcrlme,2,ankle3_paralysed,ite,2,14,311,1542.9031982421875,311,1453.3773193359375,90.84981873008724,75.03040948657164,2
dcrlme_seed2,dcrlme,2,ankle3_paralysed,ite,2,15,311,1398.2664794921875,311,1453.3773193359375,90.84981873008724,75.03040948657164,2
dcrlme_seed2,dcrlme,2,ankle3_paralysed,ite,2,16,311,1509.0098876953125,311,1453.3773193359375,90.84981873008724,75.03040948657164,2
dcrlme_seed2,dcrlme,2,ankle3_paralysed,ite,2,17,311,1442.075439453125,311,1453.3773193359375,90.84981873008724,75.03040948657164,2
dcrlme_seed2,dcrlme,2,ankle3_paralysed,ite,2,18,311,1446.77978515625,311,1453.3773193359375,90.84981873008724,75.03040948657164,2
dcrlme_seed2,dcrlme,2,ankle3_paralysed,ite,2,19,311,1514.8955078125,311,1453.3773193359375,90.84981873008724,75.03040948657164,2
dcrlme_seed2,dcrlme,2,ankle3_paralysed,ite,2,20,311,1468.2789306640625,311,1453.3773193359375,90.84981873008724,75.03040948657164,2
dcrlme_seed2,dcrlme,2,ankle3_paralysed,ite,3,1,771,1295.483642578125,771,1354.973388671875,68.19845564137448,56.32326101086109,2
dcrlme_seed2,dcrlme,2,ankle3_paralysed,ite,3,2,311,1508.0009765625,311,1453.3773193359375,90.84981873008724,75.03040948657164,2
dcrlme_seed2,dcrlme,2,ankle3_paralysed,ite,3,3,311,1492.386474609375,311,1453.3773193359375,90.84981873008724,75.03040948657164,2
dcrlme_seed2,dcrlme,2,ankle3_paralysed,ite,3,4,311,1501.506591796875,311,1453.3773193359375,90.84981873008724,75.03040948657164,2
dcrlme_seed2,dcrlme,2,ankle3_paralysed,ite,3,5,311,1495.33203125,311,1453.3773193359375,90.84981873008724,75.03040948657164,2
dcrlme_seed2,dcrlme,2,ankle3_paralysed,ite,3,6,311,1472.329833984375,311,1453.3773193359375,90.84981873008724,75.03040948657164,2
dcrlme_seed2,dcrlme,2,ankle3_paralysed,ite,3,7,311,1453.0252685546875,311,1453.3773193359375,90.84981873008724,75.03040948657164,2
dcrlme_seed2,dcrlme,2,ankle3_paralysed,ite,3,8,311,1512.509033203125,311,1453.3773193359375,90.84981873008724,75.03040948657164,2
dcrlme_seed2,dcrlme,2,ankle3_paralysed,ite,3,9,311,1420.6763916015625,311,1453.3773193359375,90.84981873008724,75.03040948657164,2
dcrlme_seed2,dcrlme,2,ankle3_paralysed,ite,3,10,311,1455.1787109375,311,1453.3773193359375,90.84981873008724,75.03040948657164,2
dcrlme_seed2,dcrlme,2,ankle3_paralysed,ite,3,11,311,1516.543212890625,311,1453.3773193359375,90.84981873008724,75.03040948657164,2
dcrlme_seed2,dcrlme,2,ankle3_paralysed,ite,3,12,311,1441.4781494140625,311,1453.3773193359375,90.84981873008724,75.03040948657164,2
dcrlme_seed2,dcrlme,2,ankle3_paralysed,ite,3,13,311,1527.350830078125,311,1453.3773193359375,90.84981873008724,75.03040948657164,2
dcrlme_seed2,dcrlme,2,ankle3_paralysed,ite,3,14,311,1482.5260009765625,311,1453.3773193359375,90.84981873008724,75.03040948657164,2
dcrlme_seed2,dcrlme,2,ankle3_paralysed,ite,3,15,311,1398.6365966796875,311,1453.3773193359375,90.84981873008724,75.03040948657164,2
dcrlme_seed2,dcrlme,2,ankle3_paralysed,ite,3,16,311,1512.6787109375,311,1453.3773193359375,90.84981873008724,75.03040948657164,2
dcrlme_seed2,dcrlme,2,ankle3_paralysed,ite,3,17,311,1348.32958984375,311,1453.3773193359375,90.84981873008724,75.03040948657164,2
dcrlme_seed2,dcrlme,2,ankle3_paralysed,ite,3,18,311,1327.1279296875,311,1453.3773193359375,90.84981873008724,75.03040948657164,2
dcrlme_seed2,dcrlme,2,ankle3_paralysed,ite,3,19,311,1483.76025390625,311,1453.3773193359375,90.84981873008724,75.03040948657164,2
dcrlme_seed2,dcrlme,2,ankle3_paralysed,ite,3,20,311,1480.196533203125,311,1453.3773193359375,90.84981873008724,75.03040948657164,2
dcrlme_seed2,dcrlme,2,ankle3_paralysed,ite,4,1,771,1368.2806396484375,771,1354.973388671875,68.19845564137448,56.32326101086109,2
dcrlme_seed2,dcrlme,2,ankle3_paralysed,ite,4,2,311,1426.6376953125,311,1453.3773193359375,90.84981873008724,75.03040948657164,2
dcrlme_seed2,dcrlme,2,ankle3_paralysed,ite,4,3,258,1316.3548583984375,311,1453.3773193359375,90.84981873008724,75.03040948657164,2
dcrlme_seed2,dcrlme,2,ankle3_paralysed,ite,4,4,285,1475.02978515625,285,1420.71240234375,83.33076039512463,68.8206224587982,2
dcrlme_seed2,dcrlme,2,ankle3_paralysed,ite,4,5,285,1446.9747314453125,285,1420.71240234375,83.33076039512463,68.8206224587982,2
dcrlme_seed2,dcrlme,2,ankle3_paralysed,ite,4,6,285,1494.7392578125,285,1420.71240234375,83.33076039512463,68.8206224587982,2
dcrlme_seed2,dcrlme,2,ankle3_paralysed,ite,4,7,285,1433.041259765625,285,1420.71240234375,83.33076039512463,68.8206224587982,2
dcrlme_seed2,dcrlme,2,ankle3_paralysed,ite,4,8,285,1442.85546875,285,1420.71240234375,83.33076039512463,68.8206224587982,2
dcrlme_seed2,dcrlme,2,ankle3_paralysed,ite,4,9,285,1432.9617919921875,285,1420.71240234375,83.33076039512463,68.8206224587982,2
dcrlme_seed2,dcrlme,2,ankle3_paralysed,ite,4,10,285,1456.0660400390625,285,1420.71240234375,83.33076039512463,68.8206224587982,2
dcrlme_seed2,dcrlme,2,ankle3_paralysed,ite,4,11,285,1435.974609375,285,1420.71240234375,83.33076039512463,68.8206224587982,2
dcrlme_seed2,dcrlme,2,ankle3_paralysed,ite,4,12,285,1414.8709716796875,285,1420.71240234375,83.33076039512463,68.8206224587982,2
dcrlme_seed2,dcrlme,2,ankle3_paralysed,ite,4,13,285,1463.670654296875,285,1420.71240234375,83.33076039512463,68.8206224587982,2
dcrlme_seed2,dcrlme,2,ankle3_paralysed,ite,4,14,285,1480.107421875,285,1420.71240234375,83.33076039512463,68.8206224587982,2
dcrlme_seed2,dcrlme,2,ankle3_paralysed,ite,4,15,285,1445.551513671875,285,1420.71240234375,83.33076039512463,68.8206224587982,2
dcrlme_seed2,dcrlme,2,ankle3_paralysed,ite,4,16,285,1445.1151123046875,285,1420.71240234375,83.33076039512463,68.8206224587982,2
dcrlme_seed2,dcrlme,2,ankle3_paralysed,ite,4,17,285,1435.4708251953125,285,1420.71240234375,83.33076039512463,68.8206224587982,2
dcrlme_seed2,dcrlme,2,ankle3_paralysed,ite,4,18,285,1451.953125,285,1420.71240234375,83.33076039512463,68.8206224587982,2
dcrlme_seed2,dcrlme,2,ankle3_paralysed,ite,4,19,285,1379.1317138671875,285,1420.71240234375,83.33076039512463,68.8206224587982,2
dcrlme_seed2,dcrlme,2,ankle3_paralysed,ite,4,20,285,1451.0931396484375,285,1420.71240234375,83.33076039512463,68.8206224587982,2
dcrlme_seed2,dcrlme,2,ankle3_paralysed,top_k,0,1,771,1329.974853515625,771,1354.973388671875,68.19845564137448,56.32326101086109,
dcrlme_seed2,dcrlme,2,ankle3_paralysed,top_k,0,2,905,1293.5277099609375,771,1354.973388671875,68.19845564137448,56.32326101086109,
dcrlme_seed2,dcrlme,2,ankle3_paralysed,top_k,0,3,906,1323.7115478515625,771,1354.973388671875,68.19845564137448,56.32326101086109,
dcrlme_seed2,dcrlme,2,ankle3_paralysed,top_k,0,4,32,1317.72900390625,771,1354.973388671875,68.19845564137448,56.32326101086109,
dcrlme_seed2,dcrlme,2,ankle3_paralysed,top_k,0,5,258,1331.947021484375,258,1321.7498779296875,60.550815960474274,50.00728212521839,
dcrlme_seed2,dcrlme,2,ankle3_paralysed,top_k,0,6,94,1254.360107421875,258,1321.7498779296875,60.550815960474274,50.00728212521839,
dcrlme_seed2,dcrlme,2,ankle3_paralysed,top_k,0,7,437,1508.058349609375,437,1493.1282958984375,100.0,82.58729685469741,
dcrlme_seed2,dcrlme,2,ankle3_paralysed,top_k,0,8,790,1232.1904296875,437,1493.1282958984375,100.0,82.58729685469741,
dcrlme_seed2,dcrlme,2,ankle3_paralysed,top_k,0,9,161,1302.80224609375,437,1493.1282958984375,100.0,82.58729685469741,
dcrlme_seed2,dcrlme,2,ankle3_paralysed,top_k,0,10,661,1299.330322265625,437,1493.1282958984375,100.0,82.58729685469741,
dcrlme_seed2,dcrlme,2,ankle3_paralysed,top_k,0,11,478,1279.434326171875,437,1493.1282958984375,100.0,82.58729685469741,
dcrlme_seed2,dcrlme,2,ankle3_paralysed,top_k,0,12,575,1247.1025390625,437,1493.1282958984375,100.0,82.58729685469741,
dcrlme_seed2,dcrlme,2,ankle3_paralysed,top_k,0,13,674,1463.86669921875,437,1493.1282958984375,100.0,82.58729685469741,
dcrlme_seed2,dcrlme,2,ankle3_paralysed,top_k,0,14,323,1251.8306884765625,437,1493.1282958984375,100.0,82.58729685469741,
dcrlme_seed2,dcrlme,2,ankle3_paralysed,top_k,0,15,358,1460.92822265625,437,1493.1282958984375,100.0,82.58729685469741,
dcrlme_seed2,dcrlme,2,ankle3_paralysed,top_k,0,16,120,1317.8720703125,437,1493.1282958984375,100.0,82.58729685469741,
dcrlme_seed2,dcrlme,2,ankle3_paralysed,top_k,0,17,427,1212.223876953125,437,1493.1282958984375,100.0,82.58729685469741,
dcrlme_seed2,dcrlme,2,ankle3_paralysed,top_k,0,18,285,1436.77197265625,437,1493.1282958984375,100.0,82.58729685469741,
dcrlme_seed2,dcrlme,2,ankle3_paralysed,top_k,0,19,553,1429.262451171875,437,1493.1282958984375,100.0,82.58729685469741,
dcrlme_seed2,dcrlme,2,ankle3_paralysed,top_k,0,20,311,1353.13525390625,437,1493.1282958984375,100.0,82.58729685469741,
dcrlme_seed2,dcrlme,2,ankle3_paralysed,top_k,1,1,771,1385.984619140625,771,1354.973388671875,68.19845564137448,56.32326101086109,
dcrlme_seed2,dcrlme,2,ankle3_paralysed,top_k,1,2,905,1354.72607421875,771,1354.973388671875,68.19845564137448,56.32326101086109,
dcrlme_seed2,dcrlme,2,ankle3_paralysed,top_k,1,3,906,1369.6748046875,771,1354.973388671875,68.19845564137448,56.32326101086109,
dcrlme_seed2,dcrlme,2,ankle3_paralysed,top_k,1,4,32,1354.833740234375,771,1354.973388671875,68.19845564137448,56.32326101086109,
dcrlme_seed2,dcrlme,2,ankle3_paralysed,top_k,1,5,258,1323.1259765625,771,1354.973388671875,68.19845564137448,56.32326101086109,
dcrlme_seed2,dcrlme,2,ankle3_paralysed,top_k,1,6,94,1218.3782958984375,771,1354.973388671875,68.19845564137448,56.32326101086109,
dcrlme_seed2,dcrlme,2,ankle3_paralysed,top_k,1,7,437,1462.81884765625,437,1493.1282958984375,100.0,82.58729685469741,
dcrlme_seed2,dcrlme,2,ankle3_paralysed,top_k,1,8,790,1293.634521484375,437,1493.1282958984375,100.0,82.58729685469741,
dcrlme_seed2,dcrlme,2,ankle3_paralysed,top_k,1,9,161,1344.666015625,437,1493.1282958984375,100.0,82.58729685469741,
dcrlme_seed2,dcrlme,2,ankle3_paralysed,top_k,1,10,661,1288.234619140625,437,1493.1282958984375,100.0,82.58729685469741,
dcrlme_seed2,dcrlme,2,ankle3_paralysed,top_k,1,11,478,1270.0289306640625,437,1493.1282958984375,100.0,82.58729685469741,
dcrlme_seed2,dcrlme,2,ankle3_paralysed,top_k,1,12,575,1271.14306640625,437,1493.1282958984375,100.0,82.58729685469741,
dcrlme_seed2,dcrlme,2,ankle3_paralysed,top_k,1,13,674,1511.6142578125,674,1313.2994384765625,58.60562971618309,48.400805387268896,
dcrlme_seed2,dcrlme,2,ankle3_paralysed,top_k,1,14,323,1230.63427734375,674,1313.2994384765625,58.60562971618309,48.400805387268896,
dcrlme_seed2,dcrlme,2,ankle3_paralysed,top_k,1,15,358,1468.75390625,674,1313.2994384765625,58.60562971618309,48.400805387268896,
dcrlme_seed2,dcrlme,2,ankle3_paralysed,top_k,1,16,120,1343.0302734375,674,1313.2994384765625,58.60562971618309,48.400805387268896,
dcrlme_seed2,dcrlme,2,ankle3_paralysed,top_k,1,17,427,1177.182861328125,674,1313.2994384765625,58.60562971618309,48.400805387268896,
dcrlme_seed2,dcrlme,2,ankle3_paralysed,top_k,1,18,285,1356.7138671875,674,1313.2994384765625,58.60562971618309,48.400805387268896,
dcrlme_seed2,dcrlme,2,ankle3_paralysed,top_k,1,19,553,1441.070556640625,674,1313.2994384765625,58.60562971618309,48.400805387268896,
dcrlme_seed2,dcrlme,2,ankle3_paralysed,top_k,1,20,311,1470.079345703125,674,1313.2994384765625,58.60562971618309,48.400805387268896,
dcrlme_seed2,dcrlme,2,ankle3_paralysed,top_k,2,1,771,1355.2957763671875,771,1354.973388671875,68.19845564137448,56.32326101086109,
dcrlme_seed2,dcrlme,2,ankle3_paralysed,top_k,2,2,905,1290.6773681640625,771,1354.973388671875,68.19845564137448,56.32326101086109,
dcrlme_seed2,dcrlme,2,ankle3_paralysed,top_k,2,3,906,1319.539794921875,771,1354.973388671875,68.19845564137448,56.32326101086109,
dcrlme_seed2,dcrlme,2,ankle3_paralysed,top_k,2,4,32,1338.4632568359375,771,1354.973388671875,68.19845564137448,56.32326101086109,
dcrlme_seed2,dcrlme,2,ankle3_paralysed,top_k,2,5,258,1272.44873046875,771,1354.973388671875,68.19845564137448,56.32326101086109,
dcrlme_seed2,dcrlme,2,ankle3_paralysed,top_k,2,6,94,1213.421142578125,771,1354.973388671875,68.19845564137448,56.32326101086109,
dcrlme_seed2,dcrlme,2,ankle3_paralysed,top_k,2,7,437,1460.24755859375,437,1493.1282958984375,100.0,82.58729685469741,
dcrlme_seed2,dcrlme,2,ankle3_paralysed,top_k,2,8,790,1289.373291015625,437,1493.1282958984375,100.0,82.58729685469741,
dcrlme_seed2,dcrlme,2,ankle3_paralysed,top_k,2,9,161,1353.601318359375,437,1493.1282958984375,100.0,82.58729685469741,
dcrlme_seed2,dcrlme,2,ankle3_paralysed,top_k,2,10,661,1375.8006591796875,437,1493.1282958984375,100.0,82.58729685469741,
dcrlme_seed2,dcrlme,2,ankle3_paralysed,top_k,2,11,478,1270.84521484375,437,1493.1282958984375,100.0,82.58729685469741,
dcrlme_seed2,dcrlme,2,ankle3_paralysed,top_k,2,12,575,1255.7059326171875,437,1493.1282958984375,100.0,82.58729685469741,
dcrlme_seed2,dcrlme,2,ankle3_paralysed,top_k,2,13,674,1432.36279296875,437,1493.1282958984375,100.0,82.58729685469741,
dcrlme_seed2,dcrlme,2,ankle3_paralysed,top_k,2,14,323,1213.03662109375,437,1493.1282958984375,100.0,82.58729685469741,
dcrlme_seed2,dcrlme,2,ankle3_paralysed,top_k,2,15,358,1410.462890625,437,1493.1282958984375,100.0,82.58729685469741,
dcrlme_seed2,dcrlme,2,ankle3_paralysed,top_k,2,16,120,1319.6805419921875,437,1493.1282958984375,100.0,82.58729685469741,
dcrlme_seed2,dcrlme,2,ankle3_paralysed,top_k,2,17,427,1245.19873046875,437,1493.1282958984375,100.0,82.58729685469741,
dcrlme_seed2,dcrlme,2,ankle3_paralysed,top_k,2,18,285,1402.3441162109375,437,1493.1282958984375,100.0,82.58729685469741,
dcrlme_seed2,dcrlme,2,ankle3_paralysed,top_k,2,19,553,1432.85009765625,437,1493.1282958984375,100.0,82.58729685469741,
dcrlme_seed2,dcrlme,2,ankle3_paralysed,top_k,2,20,311,1513.160888671875,311,1453.3773193359375,90.84981873008724,75.03040948657164,
dcrlme_seed2,dcrlme,2,ankle3_paralysed,top_k,3,1,771,1331.1285400390625,771,1354.973388671875,68.19845564137448,56.32326101086109,
dcrlme_seed2,dcrlme,2,ankle3_paralysed,top_k,3,2,905,1312.3756103515625,771,1354.973388671875,68.19845564137448,56.32326101086109,
dcrlme_seed2,dcrlme,2,ankle3_paralysed,top_k,3,3,906,1327.5654296875,771,1354.973388671875,68.19845564137448,56.32326101086109,
dcrlme_seed2,dcrlme,2,ankle3_paralysed,top_k,3,4,32,1285.8983154296875,771,1354.973388671875,68.19845564137448,56.32326101086109,
dcrlme_seed2,dcrlme,2,ankle3_paralysed,top_k,3,5,258,1318.8035888671875,771,1354.973388671875,68.19845564137448,56.32326101086109,
dcrlme_seed2,dcrlme,2,ankle3_paralysed,top_k,3,6,94,1225.8251953125,771,1354.973388671875,68.19845564137448,56.32326101086109,
dcrlme_seed2,dcrlme,2,ankle3_paralysed,top_k,3,7,437,1488.859375,437,1493.1282958984375,100.0,82.58729685469741,
dcrlme_seed2,dcrlme,2,ankle3_paralysed,top_k,3,8,790,1260.634765625,437,1493.1282958984375,100.0,82.58729685469741,
dcrlme_seed2,dcrlme,2,ankle3_paralysed,top_k,3,9,161,1338.739990234375,437,1493.1282958984375,100.0,82.58729685469741,
dcrlme_seed2,dcrlme,2,ankle3_paralysed,top_k,3,10,661,1308.20556640625,437,1493.1282958984375,100.0,82.58729685469741,
dcrlme_seed2,dcrlme,2,ankle3_paralysed,top_k,3,11,478,1257.603759765625,437,1493.1282958984375,100.0,82.58729685469741,
dcrlme_seed2,dcrlme,2,ankle3_paralysed,top_k,3,12,575,1277.8599853515625,437,1493.1282958984375,100.0,82.58729685469741,
dcrlme_seed2,dcrlme,2,ankle3_paralysed,top_k,3,13,674,1511.022216796875,674,1313.2994384765625,58.60562971618309,48.400805387268896,
dcrlme_seed2,dcrlme,2,ankle3_paralysed,top_k,3,14,323,1234.3677978515625,674,1313.2994384765625,58.60562971618309,48.400805387268896,
dcrlme_seed2,dcrlme,2,ankle3_paralysed,top_k,3,15,358,1441.713134765625,674,1313.2994384765625,58.60562971618309,48.400805387268896,
dcrlme_seed2,dcrlme,2,ankle3_paralysed,top_k,3,16,120,1320.2314453125,674,1313.2994384765625,58.60562971618309,48.400805387268896,
dcrlme_seed2,dcrlme,2,ankle3_paralysed,top_k,3,17,427,1223.984130859375,674,1313.2994384765625,58.60562971618309,48.400805387268896,
dcrlme_seed2,dcrlme,2,ankle3_paralysed,top_k,3,18,285,1479.405029296875,674,1313.2994384765625,58.60562971618309,48.400805387268896,
dcrlme_seed2,dcrlme,2,ankle3_paralysed,top_k,3,19,553,1457.2586669921875,674,1313.2994384765625,58.60562971618309,48.400805387268896,
dcrlme_seed2,dcrlme,2,ankle3_paralysed,top_k,3,20,311,1508.3563232421875,674,1313.2994384765625,58.60562971618309,48.400805387268896,
dcrlme_seed2,dcrlme,2,ankle3_paralysed,top_k,4,1,771,1387.4775390625,771,1354.973388671875,68.19845564137448,56.32326101086109,
dcrlme_seed2,dcrlme,2,ankle3_paralysed,top_k,4,2,905,1296.734375,771,1354.973388671875,68.19845564137448,56.32326101086109,
dcrlme_seed2,dcrlme,2,ankle3_paralysed,top_k,4,3,906,1335.542236328125,771,1354.973388671875,68.19845564137448,56.32326101086109,
dcrlme_seed2,dcrlme,2,ankle3_paralysed,top_k,4,4,32,1364.00830078125,771,1354.973388671875,68.19845564137448,56.32326101086109,
dcrlme_seed2,dcrlme,2,ankle3_paralysed,top_k,4,5,258,1321.4384765625,771,1354.973388671875,68.19845564137448,56.32326101086109,
dcrlme_seed2,dcrlme,2,ankle3_paralysed,top_k,4,6,94,1227.12060546875,771,1354.973388671875,68.19845564137448,56.32326101086109,
dcrlme_seed2,dcrlme,2,ankle3_paralysed,top_k,4,7,437,1498.859375,437,1493.1282958984375,100.0,82.58729685469741,
dcrlme_seed2,dcrlme,2,ankle3_paralysed,top_k,4,8,790,1273.59423828125,437,1493.1282958984375,100.0,82.58729685469741,
dcrlme_seed2,dcrlme,2,ankle3_paralysed,top_k,4,9,161,1326.94140625,437,1493.1282958984375,100.0,82.58729685469741,
dcrlme_seed2,dcrlme,2,ankle3_paralysed,top_k,4,10,661,1236.544921875,437,1493.1282958984375,100.0,82.58729685469741,
dcrlme_seed2,dcrlme,2,ankle3_paralysed,top_k,4,11,478,1268.262451171875,437,1493.1282958984375,100.0,82.58729685469741,
dcrlme_seed2,dcrlme,2,ankle3_paralysed,top_k,4,12,575,1301.2591552734375,437,1493.1282958984375,100.0,82.58729685469741,
dcrlme_seed2,dcrlme,2,ankle3_paralysed,top_k,4,13,674,1396.6810302734375,437,1493.1282958984375,100.0,82.58729685469741,
dcrlme_seed2,dcrlme,2,ankle3_paralysed,top_k,4,14,323,1218.252197265625,437,1493.1282958984375,100.0,82.58729685469741,
dcrlme_seed2,dcrlme,2,ankle3_paralysed,top_k,4,15,358,1463.82958984375,437,1493.1282958984375,100.0,82.58729685469741,
dcrlme_seed2,dcrlme,2,ankle3_paralysed,top_k,4,16,120,1324.74365234375,437,1493.1282958984375,100.0,82.58729685469741,
dcrlme_seed2,dcrlme,2,ankle3_paralysed,top_k,4,17,427,1233.1715087890625,437,1493.1282958984375,100.0,82.58729685469741,
dcrlme_seed2,dcrlme,2,ankle3_paralysed,top_k,4,18,285,1441.380859375,437,1493.1282958984375,100.0,82.58729685469741,
dcrlme_seed2,dcrlme,2,ankle3_paralysed,top_k,4,19,553,1469.8668212890625,437,1493.1282958984375,100.0,82.58729685469741,
dcrlme_seed2,dcrlme,2,ankle3_paralysed,top_k,4,20,311,1457.18603515625,437,1493.1282958984375,100.0,82.58729685469741,
dcrlme_seed2,dcrlme,2,ankle3_paralysed,best_intact,0,1,771,1316.135009765625,771,1354.973388671875,68.19845564137448,56.32326101086109,
dcrlme_seed2,dcrlme,2,ankle3_paralysed,best_intact,1,1,771,1314.3184814453125,771,1354.973388671875,68.19845564137448,56.32326101086109,
dcrlme_seed2,dcrlme,2,ankle3_paralysed,best_intact,2,1,771,1419.8486328125,771,1354.973388671875,68.19845564137448,56.32326101086109,
dcrlme_seed2,dcrlme,2,ankle3_paralysed,best_intact,3,1,771,1363.041259765625,771,1354.973388671875,68.19845564137448,56.32326101086109,
dcrlme_seed2,dcrlme,2,ankle3_paralysed,best_intact,4,1,771,1331.0283203125,771,1354.973388671875,68.19845564137448,56.32326101086109,
