run,algo,seed,scenario,method,rep,trial,cell,observed,recommended_cell,recommended_true,pct_oracle,pct_intact,stop_trial
pgame_seed2,pgame,2,leg1_paralysed,ite,0,1,294,1037.428955078125,294,1085.5511474609375,12.273552776623983,3.539883592470905,6
pgame_seed2,pgame,2,leg1_paralysed,ite,0,2,412,1105.321044921875,412,1114.262451171875,25.39737558138573,7.3249982909266365,6
pgame_seed2,pgame,2,leg1_paralysed,ite,0,3,258,1073.47314453125,412,1114.262451171875,25.39737558138573,7.3249982909266365,6
pgame_seed2,pgame,2,leg1_paralysed,ite,0,4,475,1197.5618896484375,475,1212.5281982421875,70.31425798115774,20.279726064186224,6
pgame_seed2,pgame,2,leg1_paralysed,ite,0,5,323,1111.4541015625,475,1212.5281982421875,70.31425798115774,20.279726064186224,6
pgame_seed2,pgame,2,leg1_paralysed,ite,0,6,475,1191.1884765625,475,1212.5281982421875,70.31425798115774,20.279726064186224,6
pgame_seed2,pgame,2,leg1_paralysed,ite,0,7,475,1219.000732421875,475,1212.5281982421875,70.31425798115774,20.279726064186224,6
pgame_seed2,pgame,2,leg1_paralysed,ite,0,8,475,1224.25537109375,475,1212.5281982421875,70.31425798115774,20.279726064186224,6
pgame_seed2,pgame,2,leg1_paralysed,ite,0,9,475,1240.4151611328125,475,1212.5281982421875,70.31425798115774,20.279726064186224,6
pgame_seed2,pgame,2,leg1_paralysed,ite,0,10,475,1230.422607421875,475,1212.5281982421875,70.31425798115774,20.279726064186224,6
pgame_seed2,pgame,2,leg1_paralysed,ite,0,11,475,1276.24755859375,475,1212.5281982421875,70.31425798115774,20.279726064186224,6
pgame_seed2,pgame,2,leg1_paralysed,ite,0,12,475,1257.599609375,475,1212.5281982421875,70.31425798115774,20.279726064186224,6
pgame_seed2,pgame,2,leg1_paralysed,ite,0,13,475,1223.541015625,475,1212.5281982421875,70.31425798115774,20.279726064186224,6
pgame_seed2,pgame,2,leg1_paralysed,ite,0,14,475,1250.165283203125,475,1212.5281982421875,70.31425798115774,20.279726064186224,6
pgame_seed2,pgame,2,leg1_paralysed,ite,0,15,475,1177.02099609375,475,1212.5281982421875,70.31425798115774,20.279726064186224,6
pgame_seed2,pgame,2,leg1_paralysed,ite,0,16,475,1249.861572265625,475,1212.5281982421875,70.31425798115774,20.279726064186224,6
pgame_seed2,pgame,2,leg1_paralysed,ite,0,17,475,1254.41650390625,475,1212.5281982421875,70.31425798115774,20.279726064186224,6
pgame_seed2,pgame,2,leg1_paralysed,ite,0,18,475,1216.390380859375,475,1212.5281982421875,70.31425798115774,20.279726064186224,6
pgame_seed2,pgame,2,leg1_paralysed,ite,0,19,475,1205.7442626953125,475,1212.5281982421875,70.31425798115774,20.279726064186224,6
pgame_seed2,pgame,2,leg1_paralysed,ite,0,20,475,1201.1358642578125,475,1212.5281982421875,70.31425798115774,20.279726064186224,6
pgame_seed2,pgame,2,leg1_paralysed,ite,1,1,294,989.453369140625,294,1085.5511474609375,12.273552776623983,3.539883592470905,4
pgame_seed2,pgame,2,leg1_paralysed,ite,1,2,412,1130.0537109375,412,1114.262451171875,25.39737558138573,7.3249982909266365,4
pgame_seed2,pgame,2,leg1_paralysed,ite,1,3,258,1085.625,412,1114.262451171875,25.39737558138573,7.3249982909266365,4
pgame_seed2,pgame,2,leg1_paralysed,ite,1,4,475,1230.5062255859375,475,1212.5281982421875,70.31425798115774,20.279726064186224,4
pgame_seed2,pgame,2,leg1_paralysed,ite,1,5,475,1214.032958984375,475,1212.5281982421875,70.31425798115774,20.279726064186224,4
pgame_seed2,pgame,2,leg1_paralysed,ite,1,6,323,1106.6572265625,475,1212.5281982421875,70.31425798115774,20.279726064186224,4
pgame_seed2,pgame,2,leg1_paralysed,ite,1,7,475,1250.052978515625,475,1212.5281982421875,70.31425798115774,20.279726064186224,4
pgame_seed2,pgame,2,leg1_paralysed,ite,1,8,475,1243.303466796875,475,1212.5281982421875,70.31425798115774,20.279726064186224,4
pgame_seed2,pgame,2,leg1_paralysed,ite,1,9,475,1191.7701416015625,475,1212.5281982421875,70.31425798115774,20.279726064186224,4
pgame_seed2,pgame,2,leg1_paralysed,ite,1,10,475,1174.1844482421875,475,1212.5281982421875,70.31425798115774,20.279726064186224,4
pgame_seed2,pgame,2,leg1_paralysed,ite,1,11,475,1220.4686279296875,475,1212.5281982421875,70.31425798115774,20.279726064186224,4
pgame_seed2,pgame,2,leg1_paralysed,ite,1,12,475,1251.92919921875,475,1212.5281982421875,70.31425798115774,20.279726064186224,4
pgame_seed2,pgame,2,leg1_paralysed,ite,1,13,475,1194.38818359375,475,1212.5281982421875,70.31425798115774,20.279726064186224,4
pgame_seed2,pgame,2,leg1_paralysed,ite,1,14,475,1246.1807861328125,475,1212.5281982421875,70.31425798115774,20.279726064186224,4
pgame_seed2,pgame,2,leg1_paralysed,ite,1,15,475,1253.045166015625,475,1212.5281982421875,70.31425798115774,20.279726064186224,4
pgame_seed2,pgame,2,leg1_paralysed,ite,1,16,475,1173.0614013671875,475,1212.5281982421875,70.31425798115774,20.279726064186224,4
pgame_seed2,pgame,2,leg1_paralysed,ite,1,17,475,1212.3411865234375,475,1212.5281982421875,70.31425798115774,20.279726064186224,4
pgame_seed2,pgame,2,leg1_paralysed,ite,1,18,475,1247.941162109375,475,1212.5281982421875,70.31425798115774,20.279726064186224,4
pgame_seed2,pgame,2,leg1_paralysed,ite,1,19,475,1246.04833984375,475,1212.5281982421875,70.31425798115774,20.279726064186224,4
pgame_seed2,pgame,2,leg1_paralysed,ite,1,20,475,1255.421630859375,475,1212.5281982421875,70.31425798115774,20.279726064186224,4
pgame_seed2,pgame,2,leg1_paralysed,ite,2,1,294,918.3427734375,294,1085.5511474609375,12.273552776623983,3.539883592470905,5
pgame_seed2,pgame,2,leg1_paralysed,ite,2,2,412,1115.6199951171875,412,1114.262451171875,25.39737558138573,7.3249982909266365,5
pgame_seed2,pgame,2,leg1_paralysed,ite,2,3,258,1086.5614013671875,412,1114.262451171875,25.39737558138573,7.3249982909266365,5
pgame_seed2,pgame,2,leg1_paralysed,ite,2,4,475,1195.736328125,475,1212.5281982421875,70.31425798115774,20.279726064186224,5
pgame_seed2,pgame,2,leg1_paralysed,ite,2,5,323,1108.30517578125,475,1212.5281982421875,70.31425798115774,20.279726064186224,5
pgame_seed2,pgame,2,leg1_paralysed,ite,2,6,475,1193.271240234375,475,1212.5281982421875,70.31425798115774,20.279726064186224,5
pgame_seed2,pgame,2,leg1_paralysed,ite,2,7,475,1219.750732421875,475,1212.5281982421875,70.31425798115774,20.279726064186224,5
pgame_seed2,pgame,2,leg1_paralysed,ite,2,8,475,1307.138671875,475,1212.5281982421875,70.31425798115774,20.279726064186224,5
pgame_seed2,pgame,2,leg1_paralysed,ite,2,9,475,1253.082763671875,475,1212.5281982421875,70.31425798115774,20.279726064186224,5
pgame_seed2,pgame,2,leg1_paralysed,ite,2,10,475,1173.809814453125,475,1212.5281982421875,70.31425798115774,20.279726064186224,5
pgame_seed2,pgame,2,leg1_paralysed,ite,2,11,475,1227.62060546875,475,1212.5281982421875,70.31425798115774,20.279726064186224,5
pgame_seed2,pgame,2,leg1_paralysed,ite,2,12,475,1220.378662109375,475,1212.5281982421875,70.31425798115774,20.279726064186224,5
pgame_seed2,pgame,2,leg1_paralysed,ite,2,13,475,1208.6495361328125,475,1212.5281982421875,70.31425798115774,20.279726064186224,5
pgame_seed2,pgame,2,leg1_paralysed,ite,2,14,475,1247.7952880859375,475,1212.5281982421875,70.31425798115774,20.279726064186224,5
pgame_seed2,pgame,2,leg1_paralysed,ite,2,15,475,1177.23095703125,475,1212.5281982421875,70.31425798115774,20.279726064186224,5
pgame_seed2,pgame,2,leg1_paralysed,ite,2,16,475,1200.87646484375,475,1212.5281982421875,70.31425798115774,20.279726064186224,5
pgame_seed2,pgame,2,leg1_paralysed,ite,2,17,475,1260.1708984375,475,1212.5281982421875,70.31425798115774,20.279726064186224,5
pgame_seed2,pgame,2,leg1_paralysed,ite,2,18,475,1245.0264892578125,475,1212.5281982421875,70.31425798115774,20.279726064186224,5
pgame_seed2,pgame,2,leg1_paralysed,ite,2,19,475,1216.018310546875,475,1212.5281982421875,70.31425798115774,20.279726064186224,5
pgame_seed2,pgame,2,leg1_paralysed,ite,2,20,475,1254.97705078125,475,1212.5281982421875,70.31425798115774,20.279726064186224,5
pgame_seed2,pgame,2,leg1_paralysed,ite,3,1,294,1079.0181884765625,294,1085.5511474609375,12.273552776623983,3.539883592470905,4
pgame_seed2,pgame,2,leg1_paralysed,ite,3,2,412,1105.391845703125,412,1114.262451171875,25.39737558138573,7.3249982909266365,4
pgame_seed2,pgame,2,leg1_paralysed,ite,3,3,258,1075.333251953125,412,1114.262451171875,25.39737558138573,7.3249982909266365,4
pgame_seed2,pgame,2,leg1_paralysed,ite,3,4,475,1257.633544921875,475,1212.5281982421875,70.31425798115774,20.279726064186224,4
pgame_seed2,pgame,2,leg1_paralysed,ite,3,5,475,1252.769775390625,475,1212.5281982421875,70.31425798115774,20.279726064186224,4
pgame_seed2,pgame,2,leg1_paralysed,ite,3,6,475,1182.08544921875,475,1212.5281982421875,70.31425798115774,20.279726064186224,4
pgame_seed2,pgame,2,leg1_paralysed,ite,3,7,475,1229.5177001953125,475,1212.5281982421875,70.31425798115774,20.279726064186224,4
pgame_seed2,pgame,2,leg1_paralysed,ite,3,8,475,1212.943603515625,475,1212.5281982421875,70.31425798115774,20.279726064186224,4
pgame_seed2,pgame,2,leg1_paralysed,ite,3,9,475,1251.7119140625,475,1212.5281982421875,70.31425798115774,20.279726064186224,4
pgame_seed2,pgame,2,leg1_paralysed,ite,3,10,475,1254.4248046875,475,1212.5281982421875,70.31425798115774,20.279726064186224,4
pgame_seed2,pgame,2,leg1_paralysed,ite,3,11,475,1210.411865234375,475,1212.5281982421875,70.31425798115774,20.279726064186224,4
pgame_seed2,pgame,2,leg1_paralysed,ite,3,12,475,1219.192626953125,475,1212.5281982421875,70.31425798115774,20.279726064186224,4
pgame_seed2,pgame,2,leg1_paralysed,ite,3,13,761,1168.4921875,475,1212.5281982421875,70.31425798115774,20.279726064186224,4
pgame_seed2,pgame,2,leg1_paralysed,ite,3,14,475,1212.568115234375,475,1212.5281982421875,70.31425798115774,20.279726064186224,4
pgame_seed2,pgame,2,leg1_paralysed,ite,3,15,475,1262.9447021484375,475,1212.5281982421875,70.31425798115774,20.279726064186224,4
pgame_seed2,pgame,2,leg1_paralysed,ite,3,16,475,1277.1285400390625,475,1212.5281982421875,70.31425798115774,20.279726064186224,4
pgame_seed2,pgame,2,leg1_paralysed,ite,3,17,475,1264.250732421875,475,1212.5281982421875,70.31425798115774,20.279726064186224,4
pgame_seed2,pgame,2,leg1_paralysed,ite,3,18,475,1187.88720703125,475,1212.5281982421875,70.31425798115774,20.279726064186224,4
pgame_seed2,pgame,2,leg1_paralysed,ite,3,19,475,1144.061279296875,475,1212.5281982421875,70.31425798115774,20.279726064186224,4
pgame_seed2,pgame,2,leg1_paralysed,ite,3,20,323,1121.496337890625,475,1212.5281982421875,70.31425798115774,20.279726064186224,4
pgame_seed2,pgame,2,leg1_paralysed,ite,4,1,294,1121.0382080078125,294,1085.5511474609375,12.273552776623983,3.539883592470905,9
pgame_seed2,pgame,2,leg1_paralysed,ite,4,2,412,1128.0009765625,412,1114.262451171875,25.39737558138573,7.3249982909266365,9
pgame_seed2,pgame,2,leg1_paralysed,ite,4,3,258,1156.76318359375,258,1079.944091796875,9.710589919470285,2.800685225765688,9
pgame_seed2,pgame,2,leg1_paralysed,ite,4,4,475,1120.410888671875,258,1079.944091796875,9.710589919470285,2.800685225765688,9
pgame_seed2,pgame,2,leg1_paralysed,ite,4,5,761,1156.896240234375,761,1172.9566650390625,52.226267442688346,15.062868150816096,9
pgame_seed2,pgame,2,leg1_paralysed,ite,4,6,323,1116.29736328125,761,1172.9566650390625,52.226267442688346,15.062868150816096,9
pgame_seed2,pgame,2,leg1_paralysed,ite,4,7,294,1110.579833984375,761,1172.9566650390625,52.226267442688346,15.062868150816096,9
pgame_seed2,pgame,2,leg1_paralysed,ite,4,8,258,1085.342041015625,761,1172.9566650390625,52.226267442688346,15.062868150816096,9
pgame_seed2,pgame,2,leg1_paralysed,ite,4,9,603,1186.097412109375,603,1220.773681640625,74.08323566848843,21.366757873034707,9
pgame_seed2,pgame,2,leg1_paralysed,ite,4,10,603,1282.669677734375,603,1220.773681640625,74.08323566848843,21.366757873034707,9
pgame_seed2,pgame,2,leg1_paralysed,ite,4,11,603,1255.22998046875,603,1220.773681640625,74.08323566848843,21.366757873034707,9
pgame_seed2,pgame,2,leg1_paralysed,ite,4,12,603,1187.44287109375,603,1220.773681640625,74.08323566848843,21.366757873034707,9
pgame_seed2,pgame,2,leg1_paralysed,ite,4,13,603,1332.118408203125,603,1220.773681640625,74.08323566848843,21.366757873034707,9
pgame_seed2,pgame,2,leg1_paralysed,ite,4,14,603,1238.263916015625,603,1220.773681640625,74.08323566848843,21.366757873034707,9
pgame_seed2,pgame,2,leg1_paralysed,ite,4,15,603,1244.96875,603,1220.773681640625,74.08323566848843,21.366757873034707,9
pgame_seed2,pgame,2,leg1_paralysed,ite,4,16,603,1285.0509033203125,603,1220.773681640625,74.08323566848843,21.366757873034707,9
pgame_seed2,pgame,2,leg1_paralysed,ite,4,17,603,1250.721923828125,603,1220.773681640625,74.08323566848843,21.366757873034707,9
pgame_seed2,pgame,2,leg1_paralysed,ite,4,18,603,1107.770751953125,603,1220.773681640625,74.08323566848843,21.366757873034707,9
pgame_seed2,pgame,2,leg1_paralysed,ite,4,19,603,1239.453369140625,603,1220.773681640625,74.08323566848843,21.366757873034707,9
pgame_seed2,pgame,2,leg1_paralysed,ite,4,20,603,1221.957763671875,603,1220.773681640625,74.08323566848843,21.366757873034707,9
pgame_seed2,pgame,2,leg1_paralysed,top_k,0,1,294,1087.958251953125,294,1085.5511474609375,12.273552776623983,3.539883592470905,
pgame_seed2,pgame,2,leg1_paralysed,top_k,0,2,972,1198.512939453125,972,1168.4190673828125,50.15214959003084,14.464660289645122,
pgame_seed2,pgame,2,leg1_paralysed,top_k,0,3,330,1005.1468505859375,972,1168.4190673828125,50.15214959003084,14.464660289645122,
pgame_seed2,pgame,2,leg1_paralysed,top_k,0,4,761,1138.72900390625,972,1168.4190673828125,50.15214959003084,14.464660289645122,
pgame_seed2,pgame,2,leg1_paralysed,top_k,0,5,115,1187.2550048828125,972,1168.4190673828125,50.15214959003084,14.464660289645122,
pgame_seed2,pgame,2,leg1_paralysed,top_k,0,6,596,1172.520751953125,972,1168.4190673828125,50.15214959003084,14.464660289645122,
pgame_seed2,pgame,2,leg1_paralysed,top_k,0,7,320,1212.71435546875,320,1189.973388671875,60.00454417728183,17.30624418802407,
pgame_seed2,pgame,2,leg1_paralysed,top_k,0,8,603,1246.86181640625,603,1220.773681640625,74.08323566848843,21.366757873034707,
pgame_seed2,pgame,2,leg1_paralysed,top_k,0,9,474,1224.2398681640625,603,1220.773681640625,74.08323566848843,21.366757873034707,
pgame_seed2,pgame,2,leg1_paralysed,top_k,0,10,475,1250.6912841796875,475,1212.5281982421875,70.31425798115774,20.279726064186224,
pgame_seed2,pgame,2,leg1_paralysed,top_k,0,11,565,1172.41064453125,475,1212.5281982421875,70.31425798115774,20.279726064186224,
pgame_seed2,pgame,2,leg1_paralysed,top_k,0,12,508,1128.458740234375,475,1212.5281982421875,70.31425798115774,20.279726064186224,
pgame_seed2,pgame,2,leg1_paralysed,top_k,0,13,711,1105.537109375,475,1212.5281982421875,70.31425798115774,20.279726064186224,
pgame_seed2,pgame,2,leg1_paralysed,top_k,0,14,1001,1314.07177734375,1001,1226.82568359375,76.8495817058029,22.164615113461224,
pgame_seed2,pgame,2,leg1_paralysed,top_k,0,15,441,1262.43798828125,1001,1226.82568359375,76.8495817058029,22.164615113461224,
pgame_seed2,pgame,2,leg1_paralysed,top_k,0,16,831,1199.04931640625,1001,1226.82568359375,76.8495817058029,22.164615113461224,
pgame_seed2,pgame,2,leg1_paralysed,top_k,0,17,209,1152.0849609375,1001,1226.82568359375,76.8495817058029,22.164615113461224,
pgame_seed2,pgame,2,leg1_paralysed,top_k,0,18,182,1099.0560302734375,1001,1226.82568359375,76.8495817058029,22.164615113461224,
pgame_seed2,pgame,2,leg1_paralysed,top_k,0,19,887,1119.8870849609375,1001,1226.82568359375,76.8495817058029,22.164615113461224,
pgame_seed2,pgame,2,leg1_paralysed,top_k,0,20,575,1169.7904052734375,1001,1226.82568359375,76.8495817058029,22.164615113461224,
pgame_seed2,pgame,2,leg1_paralysed,top_k,1,1,294,1076.4136962890625,294,1085.5511474609375,12.273552776623983,3.539883592470905,
pgame_seed2,pgame,2,leg1_paralysed,top_k,1,2,972,1156.904296875,972,1168.4190673828125,50.15214959003084,14.464660289645122,
pgame_seed2,pgame,2,leg1_paralysed,top_k,1,3,330,922.8225708007812,972,1168.4190673828125,50.15214959003084,14.464660289645122,
pgame_seed2,pgame,2,leg1_paralysed,top_k,1,4,761,1147.535400390625,972,1168.4190673828125,50.15214959003084,14.464660289645122,
pgame_seed2,pgame,2,leg1_paralysed,top_k,1,5,115,1143.955078125,972,1168.4190673828125,50.15214959003084,14.464660289645122,
pgame_seed2,pgame,2,leg1_paralysed,top_k,1,6,596,1120.133544921875,972,1168.4190673828125,50.15214959003084,14.464660289645122,
pgame_seed2,pgame,2,leg1_paralysed,top_k,1,7,320,1183.375732421875,320,1189.973388671875,60.00454417728183,17.30624418802407,
pgame_seed2,pgame,2,leg1_paralysed,top_k,1,8,603,1208.24072265625,603,1220.773681640625,74.08323566848843,21.366757873034707,
pgame_seed2,pgame,2,leg1_paralysed,top_k,1,9,474,1229.761962890625,474,1194.5352783203125,62.08976580301259,17.907654550119748,
pgame_seed2,pgame,2,leg1_paralysed,top_k,1,10,475,1242.7696533203125,475,1212.5281982421875,70.31425798115774,20.279726064186224,
pgame_seed2,pgame,2,leg1_paralysed,top_k,1,11,565,1192.3525390625,475,1212.5281982421875,70.31425798115774,20.279726064186224,
pgame_seed2,pgame,2,leg1_paralysed,top_k,1,12,508,1190.2906494140625,475,1212.5281982421875,70.31425798115774,20.279726064186224,
pgame_seed2,pgame,2,leg1_paralysed,top_k,1,13,711,1063.1175537109375,475,1212.5281982421875,70.31425798115774,20.279726064186224,
pgame_seed2,pgame,2,leg1_paralysed,top_k,1,14,1001,1260.600830078125,1001,1226.82568359375,76.8495817058029,22.164615113461224,
pgame_seed2,pgame,2,leg1_paralysed,top_k,1,15,441,1236.404052734375,1001,1226.82568359375,76.8495817058029,22.164615113461224,
pgame_seed2,pgame,2,leg1_paralysed,top_k,1,16,831,1183.21923828125,1001,1226.82568359375,76.8495817058029,22.164615113461224,
pgame_seed2,pgame,2,leg1_paralysed,top_k,1,17,209,1177.31494140625,1001,1226.82568359375,76.8495817058029,22.164615113461224,
pgame_seed2,pgame,2,leg1_paralysed,top_k,1,18,182,1117.33544921875,1001,1226.82568359375,76.8495817058029,22.164615113461224,
pgame_seed2,pgame,2,leg1_paralysed,top_k,1,19,887,1137.7650146484375,1001,1226.82568359375,76.8495817058029,22.164615113461224,
pgame_seed2,pgame,2,leg1_paralysed,top_k,1,20,575,1123.42138671875,1001,1226.82568359375,76.8495817058029,22.164615113461224,
pgame_seed2,pgame,2,leg1_paralysed,top_k,2,1,294,1037.59814453125,294,1085.5511474609375,12.273552776623983,3.539883592470905,
pgame_seed2,pgame,2,leg1_paralysed,top_k,2,2,972,1218.7991943359375,972,1168.4190673828125,50.15214959003084,14.464660289645122,
pgame_seed2,pgame,2,leg1_paralysed,top_k,2,3,330,1032.462890625,972,1168.4190673828125,50.15214959003084,14.464660289645122,
pgame_seed2,pgame,2,leg1_paralysed,top_k,2,4,761,1153.79052734375,972,1168.4190673828125,50.15214959003084,14.464660289645122,
pgame_seed2,pgame,2,leg1_paralysed,top_k,2,5,115,1113.020751953125,972,1168.4190673828125,50.15214959003084,14.464660289645122,
pgame_seed2,pgame,2,leg1_paralysed,top_k,2,6,596,1122.39306640625,972,1168.4190673828125,50.15214959003084,14.464660289645122,
pgame_seed2,pgame,2,leg1_paralysed,top_k,2,7,320,1188.7894287109375,972,1168.4190673828125,50.15214959003084,14.464660289645122,
pgame_seed2,pgame,2,leg1_paralysed,top_k,2,8,603,1257.25341796875,603,1220.773681640625,74.08323566848843,21.366757873034707,
pgame_seed2,pgame,2,leg1_paralysed,top_k,2,9,474,1204.5484619140625,603,1220.773681640625,74.08323566848843,21.366757873034707,
pgame_seed2,pgame,2,leg1_paralysed,top_k,2,10,475,1178.162353515625,603,1220.773681640625,74.08323566848843,21.366757873034707,
pgame_seed2,pgame,2,leg1_paralysed,top_k,2,11,565,1207.2080078125,603,1220.773681640625,74.08323566848843,21.366757873034707,
pgame_seed2,pgame,2,leg1_paralysed,top_k,2,12,508,1138.888916015625,603,1220.773681640625,74.08323566848843,21.366757873034707,
pgame_seed2,pgame,2,leg1_paralysed,top_k,2,13,711,1097.014892578125,603,1220.773681640625,74.08323566848843,21.366757873034707,
pgame_seed2,pgame,2,leg1_paralysed,top_k,2,14,1001,1267.071044921875,1001,1226.82568359375,76.8495817058029,22.164615113461224,
pgame_seed2,pgame,2,leg1_paralysed,top_k,2,15,441,1295.132568359375,441,1277.472412109375,100.0,28.841555960983943,
pgame_seed2,pgame,2,leg1_paralysed,top_k,2,16,831,1155.5234375,441,1277.472412109375,100.0,28.841555960983943,
pgame_seed2,pgame,2,leg1_paralysed,top_k,2,17,209,1141.3232421875,441,1277.472412109375,100.0,28.841555960983943,
pgame_seed2,pgame,2,leg1_paralysed,top_k,2,18,182,1101.04248046875,441,1277.472412109375,100.0,28.841555960983943,
pgame_seed2,pgame,2,leg1_paralysed,top_k,2,19,887,1201.23583984375,441,1277.472412109375,100.0,28.841555960983943,
pgame_seed2,pgame,2,leg1_paralysed,top_k,2,20,575,1160.4002685546875,441,1277.472412109375,100.0,28.841555960983943,
pgame_seed2,pgame,2,leg1_paralysed,top_k,3,1,294,874.3326416015625,294,1085.5511474609375,12.273552776623983,3.539883592470905,
pgame_seed2,pgame,2,leg1_paralysed,top_k,3,2,972,1193.5008544921875,972,1168.4190673828125,50.15214959003084,14.464660289645122,
pgame_seed2,pgame,2,leg1_paralysed,top_k,3,3,330,1082.9366455078125,972,1168.4190673828125,50.15214959003084,14.464660289645122,
pgame_seed2,pgame,2,leg1_paralysed,top_k,3,4,761,1163.935302734375,972,1168.4190673828125,50.15214959003084,14.464660289645122,
pgame_seed2,pgame,2,leg1_paralysed,top_k,3,5,115,1072.248046875,972,1168.4190673828125,50.15214959003084,14.464660289645122,
pgame_seed2,pgame,2,leg1_paralysed,top_k,3,6,596,1103.4556884765625,972,1168.4190673828125,50.15214959003084,14.464660289645122,
pgame_seed2,pgame,2,leg1_paralysed,top_k,3,7,320,1189.914306640625,972,1168.4190673828125,50.15214959003084,14.464660289645122,
pgame_seed2,pgame,2,leg1_paralysed,top_k,3,8,603,1215.575927734375,603,1220.773681640625,74.08323566848843,21.366757873034707,
pgame_seed2,pgame,2,leg1_paralysed,top_k,3,9,474,1224.6365966796875,474,1194.5352783203125,62.08976580301259,17.907654550119748,
pgame_seed2,pgame,2,leg1_paralysed,top_k,3,10,475,1257.25927734375,475,1212.5281982421875,70.31425798115774,20.279726064186224,
pgame_seed2,pgame,2,leg1_paralysed,top_k,3,11,565,1193.092529296875,475,1212.5281982421875,70.31425798115774,20.279726064186224,
pgame_seed2,pgame,2,leg1_paralysed,top_k,3,12,508,1140.5640869140625,475,1212.5281982421875,70.31425798115774,20.279726064186224,
pgame_seed2,pgame,2,leg1_paralysed,top_k,3,13,711,1093.76611328125,475,1212.5281982421875,70.31425798115774,20.279726064186224,
pgame_seed2,pgame,2,leg1_paralysed,top_k,3,14,1001,1263.024169921875,1001,1226.82568359375,76.8495817058029,22.164615113461224,
pgame_seed2,pgame,2,leg1_paralysed,top_k,3,15,441,1277.517333984375,441,1277.472412109375,100.0,28.841555960983943,
pgame_seed2,pgame,2,leg1_paralysed,top_k,3,16,831,1169.36328125,441,1277.472412109375,100.0,28.841555960983943,
pgame_seed2,pgame,2,leg1_paralysed,top_k,3,17,209,1219.25927734375,441,1277.472412109375,100.0,28.841555960983943,
pgame_seed2,pgame,2,leg1_paralysed,top_k,3,18,182,1138.1651611328125,441,1277.472412109375,100.0,28.841555960983943,
pgame_seed2,pgame,2,leg1_paralysed,top_k,3,19,887,1073.4482421875,441,1277.472412109375,100.0,28.841555960983943,
pgame_seed2,pgame,2,leg1_paralysed,top_k,3,20,575,1117.87841796875,441,1277.472412109375,100.0,28.841555960983943,
pgame_seed2,pgame,2,leg1_paralysed,top_k,4,1,294,1033.2872314453125,294,1085.5511474609375,12.273552776623983,3.539883592470905,
pgame_seed2,pgame,2,leg1_paralysed,top_k,4,2,972,1198.8184814453125,972,1168.4190673828125,50.15214959003084,14.464660289645122,
pgame_seed2,pgame,2,leg1_paralysed,top_k,4,3,330,1043.08154296875,972,1168.4190673828125,50.15214959003084,14.464660289645122,
pgame_seed2,pgame,2,leg1_paralysed,top_k,4,4,761,1171.578369140625,972,1168.4190673828125,50.15214959003084,14.464660289645122,
pgame_seed2,pgame,2,leg1_paralysed,top_k,4,5,115,1106.28564453125,972,1168.4190673828125,50.15214959003084,14.464660289645122,
pgame_seed2,pgame,2,leg1_paralysed,top_k,4,6,596,1209.4412841796875,596,1129.891357421875,32.541286506583354,9.385413358220354,
pgame_seed2,pgame,2,leg1_paralysed,top_k,4,7,320,1185.90185546875,596,1129.891357421875,32.541286506583354,9.385413358220354,
pgame_seed2,pgame,2,leg1_paralysed,top_k,4,8,603,1260.48681640625,603,1220.773681640625,74.08323566848843,21.366757873034707,
pgame_seed2,pgame,2,leg1_paralysed,top_k,4,9,474,1209.864501953125,603,1220.773681640625,74.08323566848843,21.366757873034707,
pgame_seed2,pgame,2,leg1_paralysed,top_k,4,10,475,1235.76513671875,603,1220.773681640625,74.08323566848843,21.366757873034707,
pgame_seed2,pgame,2,leg1_paralysed,top_k,4,11,565,1199.261962890625,603,1220.773681640625,74.08323566848843,21.366757873034707,
pgame_seed2,pgame,2,leg1_paralysed,top_k,4,12,508,1123.467529296875,603,1220.773681640625,74.08323566848843,21.366757873034707,
pgame_seed2,pgame,2,leg1_paralysed,top_k,4,13,711,1079.724609375,603,1220.773681640625,74.08323566848843,21.366757873034707,
pgame_seed2,pgame,2,leg1_paralysed,top_k,4,14,1001,1251.5955810546875,603,1220.773681640625,74.08323566848843,21.366757873034707,
pgame_seed2,pgame,2,leg1_paralysed,top_k,4,15,441,1280.636962890625,441,1277.472412109375,100.0,28.841555960983943,
pgame_seed2,pgame,2,leg1_paralysed,top_k,4,16,831,1175.8837890625,441,1277.472412109375,100.0,28.841555960983943,
pgame_seed2,pgame,2,leg1_paralysed,top_k,4,17,209,1150.7354736328125,441,1277.472412109375,100.0,28.841555960983943,
pgame_seed2,pgame,2,leg1_paralysed,top_k,4,18,182,1123.6865234375,441,1277.472412109375,100.0,28.841555960983943,
pgame_seed2,pgame,2,leg1_paralysed,top_k,4,19,887,1098.858642578125,441,1277.472412109375,100.0,28.841555960983943,
pgame_seed2,pgame,2,leg1_paralysed,top_k,4,20,575,1135.8983154296875,441,1277.472412109375,100.0,28.841555960983943,
pgame_seed2,pgame,2,leg2_paralysed,ite,0,1,294,1457.952880859375,294,1476.3092041015625,100.0,55.05492723596039,3
pgame_seed2,pgame,2,leg2_paralysed,ite,0,2,603,1331.86767578125,294,1476.3092041015625,100.0,55.05492723596039,3
pgame_seed2,pgame,2,leg2_paralysed,ite,0,3,596,1376.964599609375,294,1476.3092041015625,100.0,55.05492723596039,3
pgame_seed2,pgame,2,leg2_paralysed,ite,0,4,294,1468.096923828125,294,1476.3092041015625,100.0,55.05492723596039,3
pgame_seed2,pgame,2,leg2_paralysed,ite,0,5,294,1402.48876953125,294,1476.3092041015625,100.0,55.05492723596039,3
pgame_seed2,pgame,2,leg2_paralysed,ite,0,6,294,1498.7216796875,294,1476.3092041015625,100.0,55.05492723596039,3
pgame_seed2,pgame,2,leg2_paralysed,ite,0,7,294,1419.802001953125,294,1476.3092041015625,100.0,55.05492723596039,3
pgame_seed2,pgame,2,leg2_paralysed,ite,0,8,294,1441.280029296875,294,1476.3092041015625,100.0,55.05492723596039,3
pgame_seed2,pgame,2,leg2_paralysed,ite,0,9,294,1414.835205078125,294,1476.3092041015625,100.0,55.05492723596039,3
pgame_seed2,pgame,2,leg2_paralysed,ite,0,10,294,1475.2816162109375,294,1476.3092041015625,100.0,55.05492723596039,3
pgame_seed2,pgame,2,leg2_paralysed,ite,0,11,294,1506.337890625,294,1476.3092041015625,100.0,55.05492723596039,3
pgame_seed2,pgame,2,leg2_paralysed,ite,0,12,294,1427.5260009765625,294,1476.3092041015625,100.0,55.05492723596039,3
pgame_seed2,pgame,2,leg2_paralysed,ite,0,13,294,1486.1392822265625,294,1476.3092041015625,100.0,55.05492723596039,3
pgame_seed2,pgame,2,leg2_paralysed,ite,0,14,294,1492.84716796875,294,1476.3092041015625,100.0,55.05492723596039,3
pgame_seed2,pgame,2,leg2_paralysed,ite,0,15,294,1478.2060546875,294,1476.3092041015625,100.0,55.05492723596039,3
pgame_seed2,pgame,2,leg2_paralysed,ite,0,16,294,1444.501708984375,294,1476.3092041015625,100.0,55.05492723596039,3
pgame_seed2,pgame,2,leg2_paralysed,ite,0,17,294,1535.828857421875,294,1476.3092041015625,100.0,55.05492723596039,3
pgame_seed2,pgame,2,leg2_paralysed,ite,0,18,294,1483.56591796875,294,1476.3092041015625,100.0,55.05492723596039,3
pgame_seed2,pgame,2,leg2_paralysed,ite,0,19,294,1433.103515625,294,1476.3092041015625,100.0,55.05492723596039,3
pgame_seed2,pgame,2,leg2_paralysed,ite,0,20,294,1539.508056640625,294,1476.3092041015625,100.0,55.05492723596039,3
pgame_seed2,pgame,2,leg2_paralysed,ite,1,1,294,1430.464599609375,294,1476.3092041015625,100.0,55.05492723596039,4
pgame_seed2,pgame,2,leg2_paralysed,ite,1,2,603,1411.3348388671875,294,1476.3092041015625,100.0,55.05492723596039,4
pgame_seed2,pgame,2,leg2_paralysed,ite,1,3,596,1389.1982421875,294,1476.3092041015625,100.0,55.05492723596039,4
pgame_seed2,pgame,2,leg2_paralysed,ite,1,4,294,1512.62841796875,294,1476.3092041015625,100.0,55.05492723596039,4
pgame_seed2,pgame,2,leg2_paralysed,ite,1,5,294,1418.998779296875,294,1476.3092041015625,100.0,55.05492723596039,4
pgame_seed2,pgame,2,leg2_paralysed,ite,1,6,294,1489.037841796875,294,1476.3092041015625,100.0,55.05492723596039,4
pgame_seed2,pgame,2,leg2_paralysed,ite,1,7,294,1438.593017578125,294,1476.3092041015625,100.0,55.05492723596039,4
pgame_seed2,pgame,2,leg2_paralysed,ite,1,8,294,1499.518310546875,294,1476.3092041015625,100.0,55.05492723596039,4
pgame_seed2,pgame,2,leg2_paralysed,ite,1,9,294,1570.638427734375,294,1476.3092041015625,100.0,55.05492723596039,4
pgame_seed2,pgame,2,leg2_paralysed,ite,1,10,294,1397.708251953125,294,1476.3092041015625,100.0,55.05492723596039,4
pgame_seed2,pgame,2,leg2_paralysed,ite,1,11,294,1465.351806640625,294,1476.3092041015625,100.0,55.05492723596039,4
pgame_seed2,pgame,2,leg2_paralysed,ite,1,12,294,1475.56640625,294,1476.3092041015625,100.0,55.05492723596039,4
pgame_seed2,pgame,2,leg2_paralysed,ite,1,13,294,1540.546142578125,294,1476.3092041015625,100.0,55.05492723596039,4
pgame_seed2,pgame,2,leg2_paralysed,ite,1,14,294,1492.2774658203125,294,1476.3092041015625,100.0,55.05492723596039,4
pgame_seed2,pgame,2,leg2_paralysed,ite,1,15,294,1501.4163818359375,294,1476.3092041015625,100.0,55.05492723596039,4
pgame_seed2,pgame,2,leg2_paralysed,ite,1,16,294,1476.0966796875,294,1476.3092041015625,100.0,55.05492723596039,4
pgame_seed2,pgame,2,leg2_paralysed,ite,1,17,294,1516.150146484375,294,1476.3092041015625,100.0,55.05492723596039,4
pgame_seed2,pgame,2,leg2_paralysed,ite,1,18,294,1469.560546875,294,1476.3092041015625,100.0,55.05492723596039,4
pgame_seed2,pgame,2,leg2_paralysed,ite,1,19,294,1460.8482666015625,294,1476.3092041015625,100.0,55.05492723596039,4
pgame_seed2,pgame,2,leg2_paralysed,ite,1,20,294,1479.5440673828125,294,1476.3092041015625,100.0,55.05492723596039,4
pgame_seed2,pgame,2,leg2_paralysed,ite,2,1,294,1428.691650390625,294,1476.3092041015625,100.0,55.05492723596039,4
pgame_seed2,pgame,2,leg2_paralysed,ite,2,2,603,1433.353759765625,603,1404.406982421875,82.7824145221184,45.5757980793234,4
pgame_seed2,pgame,2,leg2_paralysed,ite,2,3,596,1367.1435546875,603,1404.406982421875,82.7824145221184,45.5757980793234,4
pgame_seed2,pgame,2,leg2_paralysed,ite,2,4,294,1473.15478515625,294,1476.3092041015625,100.0,55.05492723596039,4
pgame_seed2,pgame,2,leg2_paralysed,ite,2,5,294,1462.133056640625,294,1476.3092041015625,100.0,55.05492723596039,4
pgame_seed2,pgame,2,leg2_paralysed,ite,2,6,294,1509.6746826171875,294,1476.3092041015625,100.0,55.05492723596039,4
pgame_seed2,pgame,2,leg2_paralysed,ite,2,7,294,1507.5233154296875,294,1476.3092041015625,100.0,55.05492723596039,4
pgame_seed2,pgame,2,leg2_paralysed,ite,2,8,294,1392.7149658203125,294,1476.3092041015625,100.0,55.05492723596039,4
pgame_seed2,pgame,2,leg2_paralysed,ite,2,9,294,1491.3203125,294,1476.3092041015625,100.0,55.05492723596039,4
pgame_seed2,pgame,2,leg2_paralysed,ite,2,10,294,1433.1575927734375,294,1476.3092041015625,100.0,55.05492723596039,4
pgame_seed2,pgame,2,leg2_paralysed,ite,2,11,294,1483.6007080078125,294,1476.3092041015625,100.0,55.05492723596039,4
pgame_seed2,pgame,2,leg2_paralysed,ite,2,12,294,1504.65771484375,294,1476.3092041015625,100.0,55.05492723596039,4
pgame_seed2,pgame,2,leg2_paralysed,ite,2,13,294,1499.31640625,294,1476.3092041015625,100.0,55.05492723596039,4
pgame_seed2,pgame,2,leg2_paralysed,ite,2,14,294,1453.0693359375,294,1476.3092041015625,100.0,55.05492723596039,4
pgame_seed2,pgame,2,leg2_paralysed,ite,2,15,294,1482.2928466796875,294,1476.3092041015625,100.0,55.05492723596039,4
pgame_seed2,pgame,2,leg2_paralysed,ite,2,16,294,1397.690185546875,294,1476.3092041015625,100.0,55.05492723596039,4
pgame_seed2,pgame,2,leg2_paralysed,ite,2,17,475,1403.6572265625,294,1476.3092041015625,100.0,55.05492723596039,4
pgame_seed2,pgame,2,leg2_paralysed,ite,2,18,294,1474.5223388671875,294,1476.3092041015625,100.0,55.05492723596039,4
pgame_seed2,pgame,2,leg2_paralysed,ite,2,19,294,1467.195068359375,294,1476.3092041015625,100.0,55.05492723596039,4
pgame_seed2,pgame,2,leg2_paralysed,ite,2,20,294,1523.64599609375,294,1476.3092041015625,100.0,55.05492723596039,4
pgame_seed2,pgame,2,leg2_paralysed,ite,3,1,294,1494.4697265625,294,1476.3092041015625,100.0,55.05492723596039,3
pgame_seed2,pgame,2,leg2_paralysed,ite,3,2,603,1449.7327880859375,294,1476.3092041015625,100.0,55.05492723596039,3
pgame_seed2,pgame,2,leg2_paralysed,ite,3,3,294,1471.897216796875,294,1476.3092041015625,100.0,55.05492723596039,3
pgame_seed2,pgame,2,leg2_paralysed,ite,3,4,596,1430.70068359375,294,1476.3092041015625,100.0,55.05492723596039,3
pgame_seed2,pgame,2,leg2_paralysed,ite,3,5,294,1456.179931640625,294,1476.3092041015625,100.0,55.05492723596039,3
pgame_seed2,pgame,2,leg2_paralysed,ite,3,6,294,1473.02001953125,294,1476.3092041015625,100.0,55.05492723596039,3
pgame_seed2,pgame,2,leg2_paralysed,ite,3,7,294,1545.150146484375,294,1476.3092041015625,100.0,55.05492723596039,3
pgame_seed2,pgame,2,leg2_paralysed,ite,3,8,294,1493.7730712890625,294,1476.3092041015625,100.0,55.05492723596039,3
pgame_seed2,pgame,2,leg2_paralysed,ite,3,9,294,1442.955322265625,294,1476.3092041015625,100.0,55.05492723596039,3
pgame_seed2,pgame,2,leg2_paralysed,ite,3,10,294,1465.280029296875,294,1476.3092041015625,100.0,55.05492723596039,3
pgame_seed2,pgame,2,leg2_paralysed,ite,3,11,294,1508.635986328125,294,1476.3092041015625,100.0,55.05492723596039,3
pgame_seed2,pgame,2,leg2_paralysed,ite,3,12,294,1499.287353515625,294,1476.3092041015625,100.0,55.05492723596039,3
pgame_seed2,pgame,2,leg2_paralysed,ite,3,13,294,1453.593994140625,294,1476.3092041015625,100.0,55.05492723596039,3
pgame_seed2,pgame,2,leg2_paralysed,ite,3,14,294,1508.725341796875,294,1476.3092041015625,100.0,55.05492723596039,3
pgame_seed2,pgame,2,leg2_paralysed,ite,3,15,294,1509.825927734375,294,1476.3092041015625,100.0,55.05492723596039,3
pgame_seed2,pgame,2,leg2_paralysed,ite,3,16,294,1414.516845703125,294,1476.3092041015625,100.0,55.05492723596039,3
pgame_seed2,pgame,2,leg2_paralysed,ite,3,17,475,1426.61865234375,294,1476.3092041015625,100.0,55.05492723596039,3
pgame_seed2,pgame,2,leg2_paralysed,ite,3,18,294,1507.6884765625,294,1476.3092041015625,100.0,55.05492723596039,3
pgame_seed2,pgame,2,leg2_paralysed,ite,3,19,294,1463.2734375,294,1476.3092041015625,100.0,55.05492723596039,3
pgame_seed2,pgame,2,leg2_paralysed,ite,3,20,294,1481.994140625,294,1476.3092041015625,100.0,55.05492723596039,3
pgame_seed2,pgame,2,leg2_paralysed,ite,4,1,294,1477.2738037109375,294,1476.3092041015625,100.0,55.05492723596039,3
pgame_seed2,pgame,2,leg2_paralysed,ite,4,2,603,1451.228515625,294,1476.3092041015625,100.0,55.05492723596039,3
pgame_seed2,pgame,2,leg2_paralysed,ite,4,3,294,1544.738525390625,294,1476.3092041015625,100.0,55.05492723596039,3
pgame_seed2,pgame,2,leg2_paralysed,ite,4,4,294,1492.930908203125,294,1476.3092041015625,100.0,55.05492723596039,3
pgame_seed2,pgame,2,leg2_paralysed,ite,4,5,596,1304.1341552734375,294,1476.3092041015625,100.0,55.05492723596039,3
pgame_seed2,pgame,2,leg2_paralysed,ite,4,6,294,1499.15869140625,294,1476.3092041015625,100.0,55.05492723596039,3
pgame_seed2,pgame,2,leg2_paralysed,ite,4,7,294,1452.447021484375,294,1476.3092041015625,100.0,55.05492723596039,3
pgame_seed2,pgame,2,leg2_paralysed,ite,4,8,294,1465.8345947265625,294,1476.3092041015625,100.0,55.05492723596039,3
pgame_seed2,pgame,2,leg2_paralysed,ite,4,9,294,1469.3521728515625,294,1476.3092041015625,100.0,55.05492723596039,3
pgame_seed2,pgame,2,leg2_paralysed,ite,4,10,294,1535.715576171875,294,1476.3092041015625,100.0,55.05492723596039,3
pgame_seed2,pgame,2,leg2_paralysed,ite,4,11,294,1531.2786865234375,294,1476.3092041015625,100.0,55.05492723596039,3
pgame_seed2,pgame,2,leg2_paralysed,ite,4,12,294,1442.641357421875,294,1476.3092041015625,100.0,55.05492723596039,3
pgame_seed2,pgame,2,leg2_paralysed,ite,4,13,294,1473.8531494140625,294,1476.3092041015625,100.0,55.05492723596039,3
pgame_seed2,pgame,2,leg2_paralysed,ite,4,14,294,1475.317626953125,294,1476.3092041015625,100.0,55.05492723596039,3
pgame_seed2,pgame,2,leg2_paralysed,ite,4,15,294,1471.5078125,294,1476.3092041015625,100.0,55.05492723596039,3
pgame_seed2,pgame,2,leg2_paralysed,ite,4,16,294,1499.512939453125,294,1476.3092041015625,100.0,55.05492723596039,3
pgame_seed2,pgame,2,leg2_paralysed,ite,4,17,294,1439.20751953125,294,1476.3092041015625,100.0,55.05492723596039,3
pgame_seed2,pgame,2,leg2_paralysed,ite,4,18,294,1482.219970703125,294,1476.3092041015625,100.0,55.05492723596039,3
pgame_seed2,pgame,2,leg2_paralysed,ite,4,19,294,1442.290771484375,294,1476.3092041015625,100.0,55.05492723596039,3
pgame_seed2,pgame,2,leg2_paralysed,ite,4,20,294,1494.421630859375,294,1476.3092041015625,100.0,55.05492723596039,3
pgame_seed2,pgame,2,leg2_paralysed,top_k,0,1,294,1456.5281982421875,294,1476.3092041015625,100.0,55.05492723596039,
pgame_seed2,pgame,2,leg2_paralysed,top_k,0,2,972,1345.4676513671875,294,1476.3092041015625,100.0,55.05492723596039,
pgame_seed2,pgame,2,leg2_paralysed,top_k,0,3,330,1509.21044921875,330,1428.000244140625,88.43201742526996,48.686182846774194,
pgame_seed2,pgame,2,leg2_paralysed,top_k,0,4,761,1335.218994140625,330,1428.000244140625,88.43201742526996,48.686182846774194,
pgame_seed2,pgame,2,leg2_paralysed,top_k,0,5,115,1298.8349609375,330,1428.000244140625,88.43201742526996,48.686182846774194,
pgame_seed2,pgame,2,leg2_paralysed,top_k,0,6,596,1424.545654296875,330,1428.000244140625,88.43201742526996,48.686182846774194,
pgame_seed2,pgame,2,leg2_paralysed,top_k,0,7,320,1342.0201416015625,330,1428.000244140625,88.43201742526996,48.686182846774194,
pgame_seed2,pgame,2,leg2_paralysed,top_k,0,8,603,1473.9246826171875,330,1428.000244140625,88.43201742526996,48.686182846774194,
pgame_seed2,pgame,2,leg2_paralysed,top_k,0,9,474,1240.6500244140625,330,1428.000244140625,88.43201742526996,48.686182846774194,
pgame_seed2,pgame,2,leg2_paralysed,top_k,0,10,475,1356.783447265625,330,1428.000244140625,88.43201742526996,48.686182846774194,
pgame_seed2,pgame,2,leg2_paralysed,top_k,0,11,565,1336.619140625,330,1428.000244140625,88.43201742526996,48.686182846774194,
pgame_seed2,pgame,2,leg2_paralysed,top_k,0,12,508,1291.890625,330,1428.000244140625,88.43201742526996,48.686182846774194,
pgame_seed2,pgame,2,leg2_paralysed,top_k,0,13,711,1338.378173828125,330,1428.000244140625,88.43201742526996,48.686182846774194,
pgame_seed2,pgame,2,leg2_paralysed,top_k,0,14,1001,1403.15185546875,330,1428.000244140625,88.43201742526996,48.686182846774194,
pgame_seed2,pgame,2,leg2_paralysed,top_k,0,15,441,1284.4969482421875,330,1428.000244140625,88.43201742526996,48.686182846774194,
pgame_seed2,pgame,2,leg2_paralysed,top_k,0,16,831,1338.6201171875,330,1428.000244140625,88.43201742526996,48.686182846774194,
pgame_seed2,pgame,2,leg2_paralysed,top_k,0,17,209,1165.94873046875,330,1428.000244140625,88.43201742526996,48.686182846774194,
pgame_seed2,pgame,2,leg2_paralysed,top_k,0,18,182,1264.26416015625,330,1428.000244140625,88.43201742526996,48.686182846774194,
pgame_seed2,pgame,2,leg2_paralysed,top_k,0,19,887,1481.7767333984375,330,1428.000244140625,88.43201742526996,48.686182846774194,
pgame_seed2,pgame,2,leg2_paralysed,top_k,0,20,575,1191.2353515625,330,1428.000244140625,88.43201742526996,48.686182846774194,
pgame_seed2,pgame,2,leg2_paralysed,top_k,1,1,294,1499.5703125,294,1476.3092041015625,100.0,55.05492723596039,
pgame_seed2,pgame,2,leg2_paralysed,top_k,1,2,972,1355.15966796875,294,1476.3092041015625,100.0,55.05492723596039,
pgame_seed2,pgame,2,leg2_paralysed,top_k,1,3,330,1450.60888671875,294,1476.3092041015625,100.0,55.05492723596039,
pgame_seed2,pgame,2,leg2_paralysed,top_k,1,4,761,1356.8173828125,294,1476.3092041015625,100.0,55.05492723596039,
pgame_seed2,pgame,2,leg2_paralysed,top_k,1,5,115,1319.67041015625,294,1476.3092041015625,100.0,55.05492723596039,
pgame_seed2,pgame,2,leg2_paralysed,top_k,1,6,596,1359.2147216796875,294,1476.3092041015625,100.0,55.05492723596039,
pgame_seed2,pgame,2,leg2_paralysed,top_k,1,7,320,1419.4293212890625,294,1476.3092041015625,100.0,55.05492723596039,
pgame_seed2,pgame,2,leg2_paralysed,top_k,1,8,603,1480.476806640625,294,1476.3092041015625,100.0,55.05492723596039,
pgame_seed2,pgame,2,leg2_paralysed,top_k,1,9,474,1224.8076171875,294,1476.3092041015625,100.0,55.05492723596039,
pgame_seed2,pgame,2,leg2_paralysed,top_k,1,10,475,1417.67138671875,294,1476.3092041015625,100.0,55.05492723596039,
pgame_seed2,pgame,2,leg2_paralysed,top_k,1,11,565,1336.6954345703125,294,1476.3092041015625,100.0,55.05492723596039,
pgame_seed2,pgame,2,leg2_paralysed,top_k,1,12,508,1354.802734375,294,1476.3092041015625,100.0,55.05492723596039,
pgame_seed2,pgame,2,leg2_paralysed,top_k,1,13,711,1311.0712890625,294,1476.3092041015625,100.0,55.05492723596039,
pgame_seed2,pgame,2,leg2_paralysed,top_k,1,14,1001,1432.566650390625,294,1476.3092041015625,100.0,55.05492723596039,
pgame_seed2,pgame,2,leg2_paralysed,top_k,1,15,441,1282.443603515625,294,1476.3092041015625,100.0,55.05492723596039,
pgame_seed2,pgame,2,leg2_paralysed,top_k,1,16,831,1324.1614990234375,294,1476.3092041015625,100.0,55.05492723596039,
pgame_seed2,pgame,2,leg2_paralysed,top_k,1,17,209,1208.2855224609375,294,1476.3092041015625,100.0,55.05492723596039,
pgame_seed2,pgame,2,leg2_paralysed,top_k,1,18,182,1330.1060791015625,294,1476.3092041015625,100.0,55.05492723596039,
pgame_seed2,pgame,2,leg2_paralysed,top_k,1,19,887,1458.21533203125,294,1476.3092041015625,100.0,55.05492723596039,
pgame_seed2,pgame,2,leg2_paralysed,top_k,1,20,575,1283.829833984375,294,1476.3092041015625,100.0,55.05492723596039,
pgame_seed2,pgame,2,leg2_paralysed,top_k,2,1,294,1452.1014404296875,294,1476.3092041015625,100.0,55.05492723596039,
pgame_seed2,pgame,2,leg2_paralysed,top_k,2,2,972,1364.50830078125,294,1476.3092041015625,100.0,55.05492723596039,
pgame_seed2,pgame,2,leg2_paralysed,top_k,2,3,330,1424.388427734375,294,1476.3092041015625,100.0,55.05492723596039,
pgame_seed2,pgame,2,leg2_paralysed,top_k,2,4,761,1323.5556640625,294,1476.3092041015625,100.0,55.05492723596039,
pgame_seed2,pgame,2,leg2_paralysed,top_k,2,5,115,1327.839599609375,294,1476.3092041015625,100.0,55.05492723596039,
pgame_seed2,pgame,2,leg2_paralysed,top_k,2,6,596,1438.718994140625,294,1476.3092041015625,100.0,55.05492723596039,
pgame_seed2,pgame,2,leg2_paralysed,top_k,2,7,320,1420.5518798828125,294,1476.3092041015625,100.0,55.05492723596039,
pgame_seed2,pgame,2,leg2_paralysed,top_k,2,8,603,1400.49365234375,294,1476.3092041015625,100.0,55.05492723596039,
pgame_seed2,pgame,2,leg2_paralysed,top_k,2,9,474,1253.864990234375,294,1476.3092041015625,100.0,55.05492723596039,
pgame_seed2,pgame,2,leg2_paralysed,top_k,2,10,475,1359.850341796875,294,1476.3092041015625,100.0,55.05492723596039,
pgame_seed2,pgame,2,leg2_paralysed,top_k,2,11,565,1346.359130859375,294,1476.3092041015625,100.0,55.05492723596039,
pgame_seed2,pgame,2,leg2_paralysed,top_k,2,12,508,1317.269287109375,294,1476.3092041015625,100.0,55.05492723596039,
pgame_seed2,pgame,2,leg2_paralysed,top_k,2,13,711,1326.6070556640625,294,1476.3092041015625,100.0,55.05492723596039,
pgame_seed2,pgame,2,leg2_paralysed,top_k,2,14,1001,1450.72509765625,294,1476.3092041015625,100.0,55.05492723596039,
pgame_seed2,pgame,2,leg2_paralysed,top_k,2,15,441,1329.25146484375,294,1476.3092041015625,100.0,55.05492723596039,
pgame_seed2,pgame,2,leg2_paralysed,top_k,2,16,831,1283.3714599609375,294,1476.3092041015625,100.0,55.05492723596039,
pgame_seed2,pgame,2,leg2_paralysed,top_k,2,17,209,1221.6143798828125,294,1476.3092041015625,100.0,55.05492723596039,
pgame_seed2,pgame,2,leg2_paralysed,top_k,2,18,182,1302.730224609375,294,1476.3092041015625,100.0,55.05492723596039,
pgame_seed2,pgame,2,leg2_paralysed,top_k,2,19,887,1469.063720703125,887,1430.036376953125,88.91958637549952,48.954613577548216,
pgame_seed2,pgame,2,leg2_paralysed,top_k,2,20,575,1335.994140625,887,1430.036376953125,88.91958637549952,48.954613577548216,
pgame_seed2,pgame,2,leg2_paralysed,top_k,3,1,294,1492.495849609375,294,1476.3092041015625,100.0,55.05492723596039,
pgame_seed2,pgame,2,leg2_paralysed,top_k,3,2,972,1363.98681640625,294,1476.3092041015625,100.0,55.05492723596039,
pgame_seed2,pgame,2,leg2_paralysed,top_k,3,3,330,1413.414306640625,294,1476.3092041015625,100.0,55.05492723596039,
pgame_seed2,pgame,2,leg2_paralysed,top_k,3,4,761,1310.4285888671875,294,1476.3092041015625,100.0,55.05492723596039,
pgame_seed2,pgame,2,leg2_paralysed,top_k,3,5,115,1350.1572265625,294,1476.3092041015625,100.0,55.05492723596039,
pgame_seed2,pgame,2,leg2_paralysed,top_k,3,6,596,1360.83837890625,294,1476.3092041015625,100.0,55.05492723596039,
pgame_seed2,pgame,2,leg2_paralysed,top_k,3,7,320,1384.158203125,294,1476.3092041015625,100.0,55.05492723596039,
pgame_seed2,pgame,2,leg2_paralysed,top_k,3,8,603,1396.183837890625,294,1476.3092041015625,100.0,55.05492723596039,
pgame_seed2,pgame,2,leg2_paralysed,top_k,3,9,474,1226.38330078125,294,1476.3092041015625,100.0,55.05492723596039,
pgame_seed2,pgame,2,leg2_paralysed,top_k,3,10,475,1365.6019287109375,294,1476.3092041015625,100.0,55.05492723596039,
pgame_seed2,pgame,2,leg2_paralysed,top_k,3,11,565,1346.7752685546875,294,1476.3092041015625,100.0,55.05492723596039,
pgame_seed2,pgame,2,leg2_paralysed,top_k,3,12,508,1322.212890625,294,1476.3092041015625,100.0,55.05492723596039,
pgame_seed2,pgame,2,leg2_paralysed,top_k,3,13,711,1339.20263671875,294,1476.3092041015625,100.0,55.05492723596039,
pgame_seed2,pgame,2,leg2_paralysed,top_k,3,14,1001,1389.267578125,294,1476.3092041015625,100.0,55.05492723596039,
pgame_seed2,pgame,2,leg2_paralysed,top_k,3,15,441,1319.182861328125,294,1476.3092041015625,100.0,55.05492723596039,
pgame_seed2,pgame,2,leg2_paralysed,top_k,3,16,831,1359.4837646484375,294,1476.3092041015625,100.0,55.05492723596039,
pgame_seed2,pgame,2,leg2_paralysed,top_k,3,17,209,1185.1666259765625,294,1476.3092041015625,100.0,55.05492723596039,
pgame_seed2,pgame,2,leg2_paralysed,top_k,3,18,182,1372.8944091796875,294,1476.3092041015625,100.0,55.05492723596039,
pgame_seed2,pgame,2,leg2_paralysed,top_k,3,19,887,1420.8272705078125,294,1476.3092041015625,100.0,55.05492723596039,
pgame_seed2,pgame,2,leg2_paralysed,top_k,3,20,575,1240.8375244140625,294,1476.3092041015625,100.0,55.05492723596039,
pgame_seed2,pgame,2,leg2_paralysed,top_k,4,1,294,1519.467529296875,294,1476.3092041015625,100.0,55.05492723596039,
pgame_seed2,pgame,2,leg2_paralysed,top_k,4,2,972,1357.16162109375,294,1476.3092041015625,100.0,55.05492723596039,
pgame_seed2,pgame,2,leg2_paralysed,top_k,4,3,330,1362.30810546875,294,1476.3092041015625,100.0,55.05492723596039,
pgame_seed2,pgame,2,leg2_paralysed,top_k,4,4,761,1353.84375,294,1476.3092041015625,100.0,55.05492723596039,
pgame_seed2,pgame,2,leg2_paralysed,top_k,4,5,115,1324.4150390625,294,1476.3092041015625,100.0,55.05492723596039,
pgame_seed2,pgame,2,leg2_paralysed,top_k,4,6,596,1423.015869140625,294,1476.3092041015625,100.0,55.05492723596039,
pgame_seed2,pgame,2,leg2_paralysed,top_k,4,7,320,1368.6639404296875,294,1476.3092041015625,100.0,55.05492723596039,
pgame_seed2,pgame,2,leg2_paralysed,top_k,4,8,603,1433.250732421875,294,1476.3092041015625,100.0,55.05492723596039,
pgame_seed2,pgame,2,leg2_paralysed,top_k,4,9,474,1255.40283203125,294,1476.3092041015625,100.0,55.05492723596039,
pgame_seed2,pgame,2,leg2_paralysed,top_k,4,10,475,1445.58203125,294,1476.3092041015625,100.0,55.05492723596039,
pgame_seed2,pgame,2,leg2_paralysed,top_k,4,11,565,1338.61181640625,294,1476.3092041015625,100.0,55.05492723596039,
pgame_seed2,pgame,2,leg2_paralysed,top_k,4,12,508,1325.650634765625,294,1476.3092041015625,100.0,55.05492723596039,
pgame_seed2,pgame,2,leg2_paralysed,top_k,4,13,711,1309.6693115234375,294,1476.3092041015625,100.0,55.05492723596039,
pgame_seed2,pgame,2,leg2_paralysed,top_k,4,14,1001,1450.1624755859375,294,1476.3092041015625,100.0,55.05492723596039,
pgame_seed2,pgame,2,leg2_paralysed,top_k,4,15,441,1294.334228515625,294,1476.3092041015625,100.0,55.05492723596039,
pgame_seed2,pgame,2,leg2_paralysed,top_k,4,16,831,1387.5457763671875,294,1476.3092041015625,100.0,55.05492723596039,
pgame_seed2,pgame,2,leg2_paralysed,top_k,4,17,209,1222.013671875,294,1476.3092041015625,100.0,55.05492723596039,
pgame_seed2,pgame,2,leg2_paralysed,top_k,4,18,182,1256.5574951171875,294,1476.3092041015625,100.0,55.05492723596039,
pgame_seed2,pgame,2,leg2_paralysed,top_k,4,19,887,1412.8681640625,294,1476.3092041015625,100.0,55.05492723596039,
pgame_seed2,pgame,2,leg2_paralysed,top_k,4,20,575,1283.916259765625,294,1476.3092041015625,100.0,55.05492723596039,
pgame_seed2,pgame,2,leg3_paralysed,ite,0,1,294,1539.662841796875,294,1527.08544921875,86.22142860738212,61.7489427240917,2
pgame_seed2,pgame,2,leg3_paralysed,ite,0,2,294,1515.44091796875,294,1527.08544921875,86.22142860738212,61.7489427240917,2
pgame_seed2,pgame,2,leg3_paralysed,ite,0,3,603,1376.070068359375,294,1527.08544921875,86.22142860738212,61.7489427240917,2
pgame_seed2,pgame,2,leg3_paralysed,ite,0,4,294,1479.91064453125,294,1527.08544921875,86.22142860738212,61.7489427240917,2
pgame_seed2,pgame,2,leg3_paralysed,ite,0,5,596,1505.3060302734375,294,1527.08544921875,86.22142860738212,61.7489427240917,2
pgame_seed2,pgame,2,leg3_paralysed,ite,0,6,294,1463.728515625,294,1527.08544921875,86.22142860738212,61.7489427240917,2
pgame_seed2,pgame,2,leg3_paralysed,ite,0,7,294,1528.771484375,294,1527.08544921875,86.22142860738212,61.7489427240917,2
pgame_seed2,pgame,2,leg3_paralysed,ite,0,8,294,1534.5164794921875,294,1527.08544921875,86.22142860738212,61.7489427240917,2
pgame_seed2,pgame,2,leg3_paralysed,ite,0,9,294,1458.395263671875,294,1527.08544921875,86.22142860738212,61.7489427240917,2
pgame_seed2,pgame,2,leg3_paralysed,ite,0,10,294,1439.09765625,294,1527.08544921875,86.22142860738212,61.7489427240917,2
pgame_seed2,pgame,2,leg3_paralysed,ite,0,11,596,1537.579345703125,294,1527.08544921875,86.22142860738212,61.7489427240917,2
pgame_seed2,pgame,2,leg3_paralysed,ite,0,12,596,1523.29052734375,294,1527.08544921875,86.22142860738212,61.7489427240917,2
pgame_seed2,pgame,2,leg3_paralysed,ite,0,13,596,1517.7232666015625,294,1527.08544921875,86.22142860738212,61.7489427240917,2
pgame_seed2,pgame,2,leg3_paralysed,ite,0,14,596,1547.2371826171875,596,1500.5545654296875,81.33756488718133,58.251280646324545,2
pgame_seed2,pgame,2,leg3_paralysed,ite,0,15,596,1556.8505859375,596,1500.5545654296875,81.33756488718133,58.251280646324545,2
pgame_seed2,pgame,2,leg3_paralysed,ite,0,16,596,1541.737060546875,596,1500.5545654296875,81.33756488718133,58.251280646324545,2
pgame_seed2,pgame,2,leg3_paralysed,ite,0,17,596,1528.7000732421875,596,1500.5545654296875,81.33756488718133,58.251280646324545,2
pgame_seed2,pgame,2,leg3_paralysed,ite,0,18,596,1521.0020751953125,596,1500.5545654296875,81.33756488718133,58.251280646324545,2
pgame_seed2,pgame,2,leg3_paralysed,ite,0,19,596,1560.3519287109375,596,1500.5545654296875,81.33756488718133,58.251280646324545,2
pgame_seed2,pgame,2,leg3_paralysed,ite,0,20,596,1503.8583984375,596,1500.5545654296875,81.33756488718133,58.251280646324545,2
pgame_seed2,pgame,2,leg3_paralysed,ite,1,1,294,1467.4052734375,294,1527.08544921875,86.22142860738212,61.7489427240917,3
pgame_seed2,pgame,2,leg3_paralysed,ite,1,2,603,1391.94677734375,294,1527.08544921875,86.22142860738212,61.7489427240917,3
pgame_seed2,pgame,2,leg3_paralysed,ite,1,3,294,1546.685791015625,294,1527.08544921875,86.22142860738212,61.7489427240917,3
pgame_seed2,pgame,2,leg3_paralysed,ite,1,4,294,1491.103515625,294,1527.08544921875,86.22142860738212,61.7489427240917,3
pgame_seed2,pgame,2,leg3_paralysed,ite,1,5,596,1507.329345703125,294,1527.08544921875,86.22142860738212,61.7489427240917,3
pgame_seed2,pgame,2,leg3_paralysed,ite,1,6,294,1394.417236328125,294,1527.08544921875,86.22142860738212,61.7489427240917,3
pgame_seed2,pgame,2,leg3_paralysed,ite,1,7,596,1548.728515625,596,1500.5545654296875,81.33756488718133,58.251280646324545,3
pgame_seed2,pgame,2,leg3_paralysed,ite,1,8,596,1492.601318359375,596,1500.5545654296875,81.33756488718133,58.251280646324545,3
pgame_seed2,pgame,2,leg3_paralysed,ite,1,9,596,1443.2103271484375,596,1500.5545654296875,81.33756488718133,58.251280646324545,3
pgame_seed2,pgame,2,leg3_paralysed,ite,1,10,596,1548.0667724609375,596,1500.5545654296875,81.33756488718133,58.251280646324545,3
pgame_seed2,pgame,2,leg3_paralysed,ite,1,11,596,1586.3369140625,596,1500.5545654296875,81.33756488718133,58.251280646324545,3
pgame_seed2,pgame,2,leg3_paralysed,ite,1,12,596,1535.242431640625,596,1500.5545654296875,81.33756488718133,58.251280646324545,3
pgame_seed2,pgame,2,leg3_paralysed,ite,1,13,596,1529.502685546875,596,1500.5545654296875,81.33756488718133,58.251280646324545,3
pgame_seed2,pgame,2,leg3_paralysed,ite,1,14,596,1519.26513671875,596,1500.5545654296875,81.33756488718133,58.251280646324545,3
pgame_seed2,pgame,2,leg3_paralysed,ite,1,15,596,1458.59765625,596,1500.5545654296875,81.33756488718133,58.251280646324545,3
pgame_seed2,pgame,2,leg3_paralysed,ite,1,16,596,1517.0159912109375,596,1500.5545654296875,81.33756488718133,58.251280646324545,3
pgame_seed2,pgame,2,leg3_paralysed,ite,1,17,596,1504.6448974609375,596,1500.5545654296875,81.33756488718133,58.251280646324545,3
pgame_seed2,pgame,2,leg3_paralysed,ite,1,18,596,1572.26953125,596,1500.5545654296875,81.33756488718133,58.251280646324545,3
pgame_seed2,pgame,2,leg3_paralysed,ite,1,19,596,1493.1719970703125,596,1500.5545654296875,81.33756488718133,58.251280646324545,3
pgame_seed2,pgame,2,leg3_paralysed,ite,1,20,596,1532.701171875,596,1500.5545654296875,81.33756488718133,58.251280646324545,3
pgame_seed2,pgame,2,leg3_paralysed,ite,2,1,294,1532.289794921875,294,1527.08544921875,86.22142860738212,61.7489427240917,2
pgame_seed2,pgame,2,leg3_paralysed,ite,2,2,294,1570.50390625,294,1527.08544921875,86.22142860738212,61.7489427240917,2
pgame_seed2,pgame,2,leg3_paralysed,ite,2,3,294,1530.5830078125,294,1527.08544921875,86.22142860738212,61.7489427240917,2
pgame_seed2,pgame,2,leg3_paralysed,ite,2,4,603,1360.115234375,294,1527.08544921875,86.22142860738212,61.7489427240917,2
pgame_seed2,pgame,2,leg3_paralysed,ite,2,5,294,1518.4527587890625,294,1527.08544921875,86.22142860738212,61.7489427240917,2
pgame_seed2,pgame,2,leg3_paralysed,ite,2,6,294,1477.6064453125,294,1527.08544921875,86.22142860738212,61.7489427240917,2
pgame_seed2,pgame,2,leg3_paralysed,ite,2,7,294,1499.2449951171875,294,1527.08544921875,86.22142860738212,61.7489427240917,2
pgame_seed2,pgame,2,leg3_paralysed,ite,2,8,596,1518.0908203125,294,1527.08544921875,86.22142860738212,61.7489427240917,2
pgame_seed2,pgame,2,leg3_paralysed,ite,2,9,294,1531.6259765625,294,1527.08544921875,86.22142860738212,61.7489427240917,2
pgame_seed2,pgame,2,leg3_paralysed,ite,2,10,294,1435.89111328125,294,1527.08544921875,86.22142860738212,61.7489427240917,2
pgame_seed2,pgame,2,leg3_paralysed,ite,2,11,596,1541.727294921875,294,1527.08544921875,86.22142860738212,61.7489427240917,2
pgame_seed2,pgame,2,leg3_paralysed,ite,2,12,596,1496.39013671875,294,1527.08544921875,86.22142860738212,61.7489427240917,2
pgame_seed2,pgame,2,leg3_paralysed,ite,2,13,294,1443.6688232421875,294,1527.08544921875,86.22142860738212,61.7489427240917,2
pgame_seed2,pgame,2,leg3_paralysed,ite,2,14,596,1485.8778076171875,294,1527.08544921875,86.22142860738212,61.7489427240917,2
pgame_seed2,pgame,2,leg3_paralysed,ite,2,15,294,1428.463623046875,294,1527.08544921875,86.22142860738212,61.7489427240917,2
pgame_seed2,pgame,2,leg3_paralysed,ite,2,16,596,1508.449951171875,294,1527.08544921875,86.22142860738212,61.7489427240917,2
pgame_seed2,pgame,2,leg3_paralysed,ite,2,17,596,1501.29443359375,294,1527.08544921875,86.22142860738212,61.7489427240917,2
pgame_seed2,pgame,2,leg3_paralysed,ite,2,18,596,1538.6595458984375,294,1527.08544921875,86.22142860738212,61.7489427240917,2
pgame_seed2,pgame,2,leg3_paralysed,ite,2,19,596,1514.3349609375,294,1527.08544921875,86.22142860738212,61.7489427240917,2
pgame_seed2,pgame,2,leg3_paralysed,ite,2,20,596,1488.6500244140625,294,1527.08544921875,86.22142860738212,61.7489427240917,2
pgame_seed2,pgame,2,leg3_paralysed,ite,3,1,294,1564.23291015625,294,1527.08544921875,86.22142860738212,61.7489427240917,2
pgame_seed2,pgame,2,leg3_paralysed,ite,3,2,294,1555.96142578125,294,1527.08544921875,86.22142860738212,61.7489427240917,2
pgame_seed2,pgame,2,leg3_paralysed,ite,3,3,294,1476.53466796875,294,1527.08544921875,86.22142860738212,61.7489427240917,2
pgame_seed2,pgame,2,leg3_paralysed,ite,3,4,603,1368.739990234375,294,1527.08544921875,86.22142860738212,61.7489427240917,2
pgame_seed2,pgame,2,leg3_paralysed,ite,3,5,294,1540.606689453125,294,1527.08544921875,86.22142860738212,61.7489427240917,2
pgame_seed2,pgame,2,leg3_paralysed,ite,3,6,294,1508.90087890625,294,1527.08544921875,86.22142860738212,61.7489427240917,2
pgame_seed2,pgame,2,leg3_paralysed,ite,3,7,294,1501.507080078125,294,1527.08544921875,86.22142860738212,61.7489427240917,2
pgame_seed2,pgame,2,leg3_paralysed,ite,3,8,596,1500.62890625,294,1527.08544921875,86.22142860738212,61.7489427240917,2
pgame_seed2,pgame,2,leg3_paralysed,ite,3,9,294,1488.783447265625,294,1527.08544921875,86.22142860738212,61.7489427240917,2
pgame_seed2,pgame,2,leg3_paralysed,ite,3,10,294,1458.8338623046875,294,1527.08544921875,86.22142860738212,61.7489427240917,2
pgame_seed2,pgame,2,leg3_paralysed,ite,3,11,294,1537.361328125,294,1527.08544921875,86.22142860738212,61.7489427240917,2
pgame_seed2,pgame,2,leg3_paralysed,ite,3,12,294,1475.6011962890625,294,1527.08544921875,86.22142860738212,61.7489427240917,2
pgame_seed2,pgame,2,leg3_paralysed,ite,3,13,294,1443.821533203125,294,1527.08544921875,86.22142860738212,61.7489427240917,2
pgame_seed2,pgame,2,leg3_paralysed,ite,3,14,294,1461.751220703125,294,1527.08544921875,86.22142860738212,61.7489427240917,2
pgame_seed2,pgame,2,leg3_paralysed,ite,3,15,596,1548.53125,294,1527.08544921875,86.22142860738212,61.7489427240917,2
pgame_seed2,pgame,2,leg3_paralysed,ite,3,16,596,1520.5633544921875,294,1527.08544921875,86.22142860738212,61.7489427240917,2
pgame_seed2,pgame,2,leg3_paralysed,ite,3,17,596,1517.12451171875,294,1527.08544921875,86.22142860738212,61.7489427240917,2
pgame_seed2,pgame,2,leg3_paralysed,ite,3,18,596,1471.322021484375,294,1527.08544921875,86.22142860738212,61.7489427240917,2
pgame_seed2,pgame,2,leg3_paralysed,ite,3,19,596,1537.4498291015625,294,1527.08544921875,86.22142860738212,61.7489427240917,2
pgame_seed2,pgame,2,leg3_paralysed,ite,3,20,596,1520.7509765625,294,1527.08544921875,86.22142860738212,61.7489427240917,2
pgame_seed2,pgame,2,leg3_paralysed,ite,4,1,294,1404.4906005859375,294,1527.08544921875,86.22142860738212,61.7489427240917,3
pgame_seed2,pgame,2,leg3_paralysed,ite,4,2,603,1388.37548828125,294,1527.08544921875,86.22142860738212,61.7489427240917,3
pgame_seed2,pgame,2,leg3_paralysed,ite,4,3,596,1537.25634765625,596,1500.5545654296875,81.33756488718133,58.251280646324545,3
pgame_seed2,pgame,2,leg3_paralysed,ite,4,4,596,1542.900146484375,596,1500.5545654296875,81.33756488718133,58.251280646324545,3
pgame_seed2,pgame,2,leg3_paralysed,ite,4,5,596,1516.24658203125,596,1500.5545654296875,81.33756488718133,58.251280646324545,3
pgame_seed2,pgame,2,leg3_paralysed,ite,4,6,596,1557.370849609375,596,1500.5545654296875,81.33756488718133,58.251280646324545,3
pgame_seed2,pgame,2,leg3_paralysed,ite,4,7,596,1494.49560546875,596,1500.5545654296875,81.33756488718133,58.251280646324545,3
pgame_seed2,pgame,2,leg3_paralysed,ite,4,8,596,1533.07470703125,596,1500.5545654296875,81.33756488718133,58.251280646324545,3
pgame_seed2,pgame,2,leg3_paralysed,ite,4,9,596,1442.8582763671875,596,1500.5545654296875,81.33756488718133,58.251280646324545,3
pgame_seed2,pgame,2,leg3_paralysed,ite,4,10,596,1536.26904296875,596,1500.5545654296875,81.33756488718133,58.251280646324545,3
pgame_seed2,pgame,2,leg3_paralysed,ite,4,11,596,1534.6181640625,596,1500.5545654296875,81.33756488718133,58.251280646324545,3
pgame_seed2,pgame,2,leg3_paralysed,ite,4,12,596,1460.27783203125,596,1500.5545654296875,81.33756488718133,58.251280646324545,3
pgame_seed2,pgame,2,leg3_paralysed,ite,4,13,596,1429.44091796875,596,1500.5545654296875,81.33756488718133,58.251280646324545,3
pgame_seed2,pgame,2,leg3_paralysed,ite,4,14,596,1535.866943359375,596,1500.5545654296875,81.33756488718133,58.251280646324545,3
pgame_seed2,pgame,2,leg3_paralysed,ite,4,15,596,1547.439208984375,596,1500.5545654296875,81.33756488718133,58.251280646324545,3
pgame_seed2,pgame,2,leg3_paralysed,ite,4,16,596,1523.6778564453125,596,1500.5545654296875,81.33756488718133,58.251280646324545,3
pgame_seed2,pgame,2,leg3_paralysed,ite,4,17,596,1519.1739501953125,596,1500.5545654296875,81.33756488718133,58.251280646324545,3
pgame_seed2,pgame,2,leg3_paralysed,ite,4,18,596,1521.554443359375,596,1500.5545654296875,81.33756488718133,58.251280646324545,3
pgame_seed2,pgame,2,leg3_paralysed,ite,4,19,596,1536.23046875,596,1500.5545654296875,81.33756488718133,58.251280646324545,3
pgame_seed2,pgame,2,leg3_paralysed,ite,4,20,596,1495.553466796875,596,1500.5545654296875,81.33756488718133,58.251280646324545,3
pgame_seed2,pgame,2,leg3_paralysed,top_k,0,1,294,1545.14697265625,294,1527.08544921875,86.22142860738212,61.7489427240917,
pgame_seed2,pgame,2,leg3_paralysed,top_k,0,2,972,1593.359130859375,972,1516.158447265625,84.20996193956493,60.30839665487674,
pgame_seed2,pgame,2,leg3_paralysed,top_k,0,3,330,1498.505615234375,972,1516.158447265625,84.20996193956493,60.30839665487674,
pgame_seed2,pgame,2,leg3_paralysed,top_k,0,4,761,1516.193115234375,972,1516.158447265625,84.20996193956493,60.30839665487674,
pgame_seed2,pgame,2,leg3_paralysed,top_k,0,5,115,1547.2908935546875,972,1516.158447265625,84.20996193956493,60.30839665487674,
pgame_seed2,pgame,2,leg3_paralysed,top_k,0,6,596,1514.5771484375,972,1516.158447265625,84.20996193956493,60.30839665487674,
pgame_seed2,pgame,2,leg3_paralysed,top_k,0,7,320,1522.02587890625,972,1516.158447265625,84.20996193956493,60.30839665487674,
pgame_seed2,pgame,2,leg3_paralysed,top_k,0,8,603,1363.0784912109375,972,1516.158447265625,84.20996193956493,60.30839665487674,
pgame_seed2,pgame,2,leg3_paralysed,top_k,0,9,474,1398.8343505859375,972,1516.158447265625,84.20996193956493,60.30839665487674,
pgame_seed2,pgame,2,leg3_paralysed,top_k,0,10,475,1465.890869140625,972,1516.158447265625,84.20996193956493,60.30839665487674,
pgame_seed2,pgame,2,leg3_paralysed,top_k,0,11,565,1362.095458984375,972,1516.158447265625,84.20996193956493,60.30839665487674,
pgame_seed2,pgame,2,leg3_paralysed,top_k,0,12,508,1487.72607421875,972,1516.158447265625,84.20996193956493,60.30839665487674,
pgame_seed2,pgame,2,leg3_paralysed,top_k,0,13,711,1303.6773681640625,972,1516.158447265625,84.20996193956493,60.30839665487674,
pgame_seed2,pgame,2,leg3_paralysed,top_k,0,14,1001,1374.624755859375,972,1516.158447265625,84.20996193956493,60.30839665487674,
pgame_seed2,pgame,2,leg3_paralysed,top_k,0,15,441,1464.550537109375,972,1516.158447265625,84.20996193956493,60.30839665487674,
pgame_seed2,pgame,2,leg3_paralysed,top_k,0,16,831,1549.7431640625,972,1516.158447265625,84.20996193956493,60.30839665487674,
pgame_seed2,pgame,2,leg3_paralysed,top_k,0,17,209,1369.5416259765625,972,1516.158447265625,84.20996193956493,60.30839665487674,
pgame_seed2,pgame,2,leg3_paralysed,top_k,0,18,182,1419.59912109375,972,1516.158447265625,84.20996193956493,60.30839665487674,
pgame_seed2,pgame,2,leg3_paralysed,top_k,0,19,887,1256.0498046875,972,1516.158447265625,84.20996193956493,60.30839665487674,
pgame_seed2,pgame,2,leg3_paralysed,top_k,0,20,575,1290.907958984375,972,1516.158447265625,84.20996193956493,60.30839665487674,
pgame_seed2,pgame,2,leg3_paralysed,top_k,1,1,294,1527.900390625,294,1527.08544921875,86.22142860738212,61.7489427240917,
pgame_seed2,pgame,2,leg3_paralysed,top_k,1,2,972,1507.179443359375,294,1527.08544921875,86.22142860738212,61.7489427240917,
pgame_seed2,pgame,2,leg3_paralysed,top_k,1,3,330,1437.54248046875,294,1527.08544921875,86.22142860738212,61.7489427240917,
pgame_seed2,pgame,2,leg3_paralysed,top_k,1,4,761,1509.7528076171875,294,1527.08544921875,86.22142860738212,61.7489427240917,
pgame_seed2,pgame,2,leg3_paralysed,top_k,1,5,115,1500.6585693359375,294,1527.08544921875,86.22142860738212,61.7489427240917,
pgame_seed2,pgame,2,leg3_paralysed,top_k,1,6,596,1508.9443359375,294,1527.08544921875,86.22142860738212,61.7489427240917,
pgame_seed2,pgame,2,leg3_paralysed,top_k,1,7,320,1505.522216796875,294,1527.08544921875,86.22142860738212,61.7489427240917,
pgame_seed2,pgame,2,leg3_paralysed,top_k,1,8,603,1356.370361328125,294,1527.08544921875,86.22142860738212,61.7489427240917,
pgame_seed2,pgame,2,leg3_paralysed,top_k,1,9,474,1417.60888671875,294,1527.08544921875,86.22142860738212,61.7489427240917,
pgame_seed2,pgame,2,leg3_paralysed,top_k,1,10,475,1342.710205078125,294,1527.08544921875,86.22142860738212,61.7489427240917,
pgame_seed2,pgame,2,leg3_paralysed,top_k,1,11,565,1359.7532958984375,294,1527.08544921875,86.22142860738212,61.7489427240917,
pgame_seed2,pgame,2,leg3_paralysed,top_k,1,12,508,1535.9598388671875,508,1498.3052978515625,80.92351474059868,57.9547515908544,
pgame_seed2,pgame,2,leg3_paralysed,top_k,1,13,711,1422.2816162109375,508,1498.3052978515625,80.92351474059868,57.9547515908544,
pgame_seed2,pgame,2,leg3_paralysed,top_k,1,14,1001,1350.52685546875,508,1498.3052978515625,80.92351474059868,57.9547515908544,
pgame_seed2,pgame,2,leg3_paralysed,top_k,1,15,441,1402.4588623046875,508,1498.3052978515625,80.92351474059868,57.9547515908544,
pgame_seed2,pgame,2,leg3_paralysed,top_k,1,16,831,1464.1259765625,508,1498.3052978515625,80.92351474059868,57.9547515908544,
pgame_seed2,pgame,2,leg3_paralysed,top_k,1,17,209,1354.815673828125,508,1498.3052978515625,80.92351474059868,57.9547515908544,
pgame_seed2,pgame,2,leg3_paralysed,top_k,1,18,182,1507.3125,508,1498.3052978515625,80.92351474059868,57.9547515908544,
pgame_seed2,pgame,2,leg3_paralysed,top_k,1,19,887,1293.66552734375,508,1498.3052978515625,80.92351474059868,57.9547515908544,
pgame_seed2,pgame,2,leg3_paralysed,top_k,1,20,575,1129.5009765625,508,1498.3052978515625,80.92351474059868,57.9547515908544,
pgame_seed2,pgame,2,leg3_paralysed,top_k,2,1,294,1509.699462890625,294,1527.08544921875,86.22142860738212,61.7489427240917,
pgame_seed2,pgame,2,leg3_paralysed,top_k,2,2,972,1555.58056640625,972,1516.158447265625,84.20996193956493,60.30839665487674,
pgame_seed2,pgame,2,leg3_paralysed,top_k,2,3,330,1512.3101806640625,972,1516.158447265625,84.20996193956493,60.30839665487674,
pgame_seed2,pgame,2,leg3_paralysed,top_k,2,4,761,1469.6612548828125,972,1516.158447265625,84.20996193956493,60.30839665487674,
pgame_seed2,pgame,2,leg3_paralysed,top_k,2,5,115,1542.11962890625,972,1516.158447265625,84.20996193956493,60.30839665487674,
pgame_seed2,pgame,2,leg3_paralysed,top_k,2,6,596,1496.533447265625,972,1516.158447265625,84.20996193956493,60.30839665487674,
pgame_seed2,pgame,2,leg3_paralysed,top_k,2,7,320,1483.750732421875,972,1516.158447265625,84.20996193956493,60.30839665487674,
pgame_seed2,pgame,2,leg3_paralysed,top_k,2,8,603,1404.5745849609375,972,1516.158447265625,84.20996193956493,60.30839665487674,
pgame_seed2,pgame,2,leg3_paralysed,top_k,2,9,474,1438.4654541015625,972,1516.158447265625,84.20996193956493,60.30839665487674,
pgame_seed2,pgame,2,leg3_paralysed,top_k,2,10,475,1545.8438720703125,972,1516.158447265625,84.20996193956493,60.30839665487674,
pgame_seed2,pgame,2,leg3_paralysed,top_k,2,11,565,1387.5087890625,972,1516.158447265625,84.20996193956493,60.30839665487674,
pgame_seed2,pgame,2,leg3_paralysed,top_k,2,12,508,1517.326171875,972,1516.158447265625,84.20996193956493,60.30839665487674,
pgame_seed2,pgame,2,leg3_paralysed,top_k,2,13,711,1285.7568359375,972,1516.158447265625,84.20996193956493,60.30839665487674,
pgame_seed2,pgame,2,leg3_paralysed,top_k,2,14,1001,1377.3621826171875,972,1516.158447265625,84.20996193956493,60.30839665487674,
pgame_seed2,pgame,2,leg3_paralysed,top_k,2,15,441,1412.819091796875,972,1516.158447265625,84.20996193956493,60.30839665487674,
pgame_seed2,pgame,2,leg3_paralysed,top_k,2,16,831,1538.96484375,972,1516.158447265625,84.20996193956493,60.30839665487674,
pgame_seed2,pgame,2,leg3_paralysed,top_k,2,17,209,1356.744140625,972,1516.158447265625,84.20996193956493,60.30839665487674,
pgame_seed2,pgame,2,leg3_paralysed,top_k,2,18,182,1488.668701171875,972,1516.158447265625,84.20996193956493,60.30839665487674,
pgame_seed2,pgame,2,leg3_paralysed,top_k,2,19,887,1278.994873046875,972,1516.158447265625,84.20996193956493,60.30839665487674,
pgame_seed2,pgame,2,leg3_paralysed,top_k,2,20,575,1145.7357177734375,972,1516.158447265625,84.20996193956493,60.30839665487674,
pgame_seed2,pgame,2,leg3_paralysed,top_k,3,1,294,1507.802734375,294,1527.08544921875,86.22142860738212,61.7489427240917,
pgame_seed2,pgame,2,leg3_paralysed,top_k,3,2,972,1605.5078125,972,1516.158447265625,84.20996193956493,60.30839665487674,
pgame_seed2,pgame,2,leg3_paralysed,top_k,3,3,330,1548.8089599609375,972,1516.158447265625,84.20996193956493,60.30839665487674,
pgame_seed2,pgame,2,leg3_paralysed,top_k,3,4,761,1458.9332275390625,972,1516.158447265625,84.20996193956493,60.30839665487674,
pgame_seed2,pgame,2,leg3_paralysed,top_k,3,5,115,1479.394775390625,972,1516.158447265625,84.20996193956493,60.30839665487674,
pgame_seed2,pgame,2,leg3_paralysed,top_k,3,6,596,1497.283447265625,972,1516.158447265625,84.20996193956493,60.30839665487674,
pgame_seed2,pgame,2,leg3_paralysed,top_k,3,7,320,1534.4400634765625,972,1516.158447265625,84.20996193956493,60.30839665487674,
pgame_seed2,pgame,2,leg3_paralysed,top_k,3,8,603,1396.459716796875,972,1516.158447265625,84.20996193956493,60.30839665487674,
pgame_seed2,pgame,2,leg3_paralysed,top_k,3,9,474,1414.717041015625,972,1516.158447265625,84.20996193956493,60.30839665487674,
pgame_seed2,pgame,2,leg3_paralysed,top_k,3,10,475,1554.401611328125,972,1516.158447265625,84.20996193956493,60.30839665487674,
pgame_seed2,pgame,2,leg3_paralysed,top_k,3,11,565,1367.7957763671875,972,1516.158447265625,84.20996193956493,60.30839665487674,
pgame_seed2,pgame,2,leg3_paralysed,top_k,3,12,508,1516.744384765625,972,1516.158447265625,84.20996193956493,60.30839665487674,
pgame_seed2,pgame,2,leg3_paralysed,top_k,3,13,711,1434.0184326171875,972,1516.158447265625,84.20996193956493,60.30839665487674,
pgame_seed2,pgame,2,leg3_paralysed,top_k,3,14,1001,1306.248291015625,972,1516.158447265625,84.20996193956493,60.30839665487674,
pgame_seed2,pgame,2,leg3_paralysed,top_k,3,15,441,1408.655517578125,972,1516.158447265625,84.20996193956493,60.30839665487674,
pgame_seed2,pgame,2,leg3_paralysed,top_k,3,16,831,1466.568359375,972,1516.158447265625,84.20996193956493,60.30839665487674,
pgame_seed2,pgame,2,leg3_paralysed,top_k,3,17,209,1388.431884765625,972,1516.158447265625,84.20996193956493,60.30839665487674,
pgame_seed2,pgame,2,leg3_paralysed,top_k,3,18,182,1522.122314453125,972,1516.158447265625,84.20996193956493,60.30839665487674,
pgame_seed2,pgame,2,leg3_paralysed,top_k,3,19,887,1281.048828125,972,1516.158447265625,84.20996193956493,60.30839665487674,
pgame_seed2,pgame,2,leg3_paralysed,top_k,3,20,575,1256.874267578125,972,1516.158447265625,84.20996193956493,60.30839665487674,
pgame_seed2,pgame,2,leg3_paralysed,top_k,4,1,294,1510.354736328125,294,1527.08544921875,86.22142860738212,61.7489427240917,
pgame_seed2,pgame,2,leg3_paralysed,top_k,4,2,972,1532.692626953125,972,1516.158447265625,84.20996193956493,60.30839665487674,
pgame_seed2,pgame,2,leg3_paralysed,top_k,4,3,330,1468.15771484375,972,1516.158447265625,84.20996193956493,60.30839665487674,
pgame_seed2,pgame,2,leg3_paralysed,top_k,4,4,761,1548.680908203125,761,1482.713134765625,78.05327490161308,55.89918050737141,
pgame_seed2,pgame,2,leg3_paralysed,top_k,4,5,115,1479.6927490234375,761,1482.713134765625,78.05327490161308,55.89918050737141,
pgame_seed2,pgame,2,leg3_paralysed,top_k,4,6,596,1539.1436767578125,761,1482.713134765625,78.05327490161308,55.89918050737141,
pgame_seed2,pgame,2,leg3_paralysed,top_k,4,7,320,1418.746826171875,761,1482.713134765625,78.05327490161308,55.89918050737141,
pgame_seed2,pgame,2,leg3_paralysed,top_k,4,8,603,1387.4322509765625,761,1482.713134765625,78.05327490161308,55.89918050737141,
pgame_seed2,pgame,2,leg3_paralysed,top_k,4,9,474,1374.0986328125,761,1482.713134765625,78.05327490161308,55.89918050737141,
pgame_seed2,pgame,2,leg3_paralysed,top_k,4,10,475,1488.498291015625,761,1482.713134765625,78.05327490161308,55.89918050737141,
pgame_seed2,pgame,2,leg3_paralysed,top_k,4,11,565,1329.7862548828125,761,1482.713134765625,78.05327490161308,55.89918050737141,
pgame_seed2,pgame,2,leg3_paralysed,top_k,4,12,508,1470.4150390625,761,1482.713134765625,78.05327490161308,55.89918050737141,
pgame_seed2,pgame,2,leg3_paralysed,top_k,4,13,711,1421.99609375,761,1482.713134765625,78.05327490161308,55.89918050737141,
pgame_seed2,pgame,2,leg3_paralysed,top_k,4,14,1001,1343.81396484375,761,1482.713134765625,78.05327490161308,55.89918050737141,
pgame_seed2,pgame,2,leg3_paralysed,top_k,4,15,441,1381.1083984375,761,1482.713134765625,78.05327490161308,55.89918050737141,
pgame_seed2,pgame,2,leg3_paralysed,top_k,4,16,831,1523.6070556640625,761,1482.713134765625,78.05327490161308,55.89918050737141,
pgame_seed2,pgame,2,leg3_paralysed,top_k,4,17,209,1369.6348876953125,761,1482.713134765625,78.05327490161308,55.89918050737141,
pgame_seed2,pgame,2,leg3_paralysed,top_k,4,18,182,1434.87109375,761,1482.713134765625,78.05327490161308,55.89918050737141,
pgame_seed2,pgame,2,leg3_paralysed,top_k,4,19,887,1295.291748046875,761,1482.713134765625,78.05327490161308,55.89918050737141,
pgame_seed2,pgame,2,leg3_paralysed,top_k,4,20,575,1294.944091796875,761,1482.713134765625,78.05327490161308,55.89918050737141,
pgame_seed2,pgame,2,leg4_paralysed,ite,0,1,294,1039.19921875,294,1052.328369140625,-3.0180128819061687,-0.8399950716890353,7
pgame_seed2,pgame,2,leg4_paralysed,ite,0,2,412,1148.103271484375,412,1124.8243408203125,31.320727268690348,8.717410288454241,7
pgame_seed2,pgame,2,leg4_paralysed,ite,0,3,258,1025.98193359375,412,1124.8243408203125,31.320727268690348,8.717410288454241,7
pgame_seed2,pgame,2,leg4_paralysed,ite,0,4,475,1198.040771484375,475,1230.8216552734375,81.52785124171464,22.69141846908997,7
pgame_seed2,pgame,2,leg4_paralysed,ite,0,5,323,1159.3309326171875,475,1230.8216552734375,81.52785124171464,22.69141846908997,7
pgame_seed2,pgame,2,leg4_paralysed,ite,0,6,603,1146.78515625,475,1230.8216552734375,81.52785124171464,22.69141846908997,7
pgame_seed2,pgame,2,leg4_paralysed,ite,0,7,475,1229.858642578125,475,1230.8216552734375,81.52785124171464,22.69141846908997,7
pgame_seed2,pgame,2,leg4_paralysed,ite,0,8,475,1236.7808837890625,475,1230.8216552734375,81.52785124171464,22.69141846908997,7
pgame_seed2,pgame,2,leg4_paralysed,ite,0,9,475,1204.791015625,475,1230.8216552734375,81.52785124171464,22.69141846908997,7
pgame_seed2,pgame,2,leg4_paralysed,ite,0,10,475,1185.780517578125,475,1230.8216552734375,81.52785124171464,22.69141846908997,7
pgame_seed2,pgame,2,leg4_paralysed,ite,0,11,475,1204.8033447265625,475,1230.8216552734375,81.52785124171464,22.69141846908997,7
pgame_seed2,pgame,2,leg4_paralysed,ite,0,12,475,1247.888427734375,475,1230.8216552734375,81.52785124171464,22.69141846908997,7
pgame_seed2,pgame,2,leg4_paralysed,ite,0,13,475,1197.3028564453125,475,1230.8216552734375,81.52785124171464,22.69141846908997,7
pgame_seed2,pgame,2,leg4_paralysed,ite,0,14,475,1175.165771484375,475,1230.8216552734375,81.52785124171464,22.69141846908997,7
pgame_seed2,pgame,2,leg4_paralysed,ite,0,15,475,1208.51171875,475,1230.8216552734375,81.52785124171464,22.69141846908997,7
pgame_seed2,pgame,2,leg4_paralysed,ite,0,16,475,1201.149658203125,475,1230.8216552734375,81.52785124171464,22.69141846908997,7
pgame_seed2,pgame,2,leg4_paralysed,ite,0,17,475,1207.0076904296875,475,1230.8216552734375,81.52785124171464,22.69141846908997,7
pgame_seed2,pgame,2,leg4_paralysed,ite,0,18,475,1222.9287109375,475,1230.8216552734375,81.52785124171464,22.69141846908997,7
pgame_seed2,pgame,2,leg4_paralysed,ite,0,19,475,1177.435546875,475,1230.8216552734375,81.52785124171464,22.69141846908997,7
pgame_seed2,pgame,2,leg4_paralysed,ite,0,20,646,1137.0877685546875,475,1230.8216552734375,81.52785124171464,22.69141846908997,7
pgame_seed2,pgame,2,leg4_paralysed,ite,1,1,294,1178.1142578125,294,1052.328369140625,-3.0180128819061687,-0.8399950716890353,8
pgame_seed2,pgame,2,leg4_paralysed,ite,1,2,412,1138.013671875,294,1052.328369140625,-3.0180128819061687,-0.8399950716890353,8
pgame_seed2,pgame,2,leg4_paralysed,ite,1,3,258,1027.845458984375,294,1052.328369140625,-3.0180128819061687,-0.8399950716890353,8
pgame_seed2,pgame,2,leg4_paralysed,ite,1,4,475,1211.6947021484375,475,1230.8216552734375,81.52785124171464,22.69141846908997,8
pgame_seed2,pgame,2,leg4_paralysed,ite,1,5,294,1186.279296875,475,1230.8216552734375,81.52785124171464,22.69141846908997,8
pgame_seed2,pgame,2,leg4_paralysed,ite,1,6,294,991.745849609375,475,1230.8216552734375,81.52785124171464,22.69141846908997,8
pgame_seed2,pgame,2,leg4_paralysed,ite,1,7,323,1138.9478759765625,475,1230.8216552734375,81.52785124171464,22.69141846908997,8
pgame_seed2,pgame,2,leg4_paralysed,ite,1,8,475,1196.2098388671875,475,1230.8216552734375,81.52785124171464,22.69141846908997,8
pgame_seed2,pgame,2,leg4_paralysed,ite,1,9,475,1191.033447265625,475,1230.8216552734375,81.52785124171464,22.69141846908997,8
pgame_seed2,pgame,2,leg4_paralysed,ite,1,10,603,1136.406494140625,475,1230.8216552734375,81.52785124171464,22.69141846908997,8
pgame_seed2,pgame,2,leg4_paralysed,ite,1,11,475,1165.46484375,475,1230.8216552734375,81.52785124171464,22.69141846908997,8
pgame_seed2,pgame,2,leg4_paralysed,ite,1,12,475,1187.7330322265625,475,1230.8216552734375,81.52785124171464,22.69141846908997,8
pgame_seed2,pgame,2,leg4_paralysed,ite,1,13,475,1224.243408203125,475,1230.8216552734375,81.52785124171464,22.69141846908997,8
pgame_seed2,pgame,2,leg4_paralysed,ite,1,14,475,1220.7042236328125,475,1230.8216552734375,81.52785124171464,22.69141846908997,8
pgame_seed2,pgame,2,leg4_paralysed,ite,1,15,475,1231.54443359375,475,1230.8216552734375,81.52785124171464,22.69141846908997,8
pgame_seed2,pgame,2,leg4_paralysed,ite,1,16,475,1195.1837158203125,475,1230.8216552734375,81.52785124171464,22.69141846908997,8
pgame_seed2,pgame,2,leg4_paralysed,ite,1,17,475,1156.32275390625,475,1230.8216552734375,81.52785124171464,22.69141846908997,8
pgame_seed2,pgame,2,leg4_paralysed,ite,1,18,475,1156.0966796875,475,1230.8216552734375,81.52785124171464,22.69141846908997,8
pgame_seed2,pgame,2,leg4_paralysed,ite,1,19,475,1148.5611572265625,475,1230.8216552734375,81.52785124171464,22.69141846908997,8
pgame_seed2,pgame,2,leg4_paralysed,ite,1,20,646,1140.4215087890625,475,1230.8216552734375,81.52785124171464,22.69141846908997,8
pgame_seed2,pgame,2,leg4_paralysed,ite,2,1,294,1077.0633544921875,294,1052.328369140625,-3.0180128819061687,-0.8399950716890353,9
pgame_seed2,pgame,2,leg4_paralysed,ite,2,2,412,1108.68310546875,412,1124.8243408203125,31.320727268690348,8.717410288454241,9
pgame_seed2,pgame,2,leg4_paralysed,ite,2,3,258,1027.8251953125,412,1124.8243408203125,31.320727268690348,8.717410288454241,9
pgame_seed2,pgame,2,leg4_paralysed,ite,2,4,475,1192.555908203125,475,1230.8216552734375,81.52785124171464,22.69141846908997,9
pgame_seed2,pgame,2,leg4_paralysed,ite,2,5,475,1193.013916015625,475,1230.8216552734375,81.52785124171464,22.69141846908997,9
pgame_seed2,pgame,2,leg4_paralysed,ite,2,6,646,1152.359375,475,1230.8216552734375,81.52785124171464,22.69141846908997,9
pgame_seed2,pgame,2,leg4_paralysed,ite,2,7,323,1176.00634765625,475,1230.8216552734375,81.52785124171464,22.69141846908997,9
pgame_seed2,pgame,2,leg4_paralysed,ite,2,8,603,1179.04150390625,475,1230.8216552734375,81.52785124171464,22.69141846908997,9
pgame_seed2,pgame,2,leg4_paralysed,ite,2,9,475,1220.8173828125,475,1230.8216552734375,81.52785124171464,22.69141846908997,9
pgame_seed2,pgame,2,leg4_paralysed,ite,2,10,475,1187.2615966796875,475,1230.8216552734375,81.52785124171464,22.69141846908997,9
pgame_seed2,pgame,2,leg4_paralysed,ite,2,11,475,1183.3155517578125,475,1230.8216552734375,81.52785124171464,22.69141846908997,9
pgame_seed2,pgame,2,leg4_paralysed,ite,2,12,475,1210.467529296875,475,1230.8216552734375,81.52785124171464,22.69141846908997,9
pgame_seed2,pgame,2,leg4_paralysed,ite,2,13,475,1219.20703125,475,1230.8216552734375,81.52785124171464,22.69141846908997,9
pgame_seed2,pgame,2,leg4_paralysed,ite,2,14,475,1138.5406494140625,475,1230.8216552734375,81.52785124171464,22.69141846908997,9
pgame_seed2,pgame,2,leg4_paralysed,ite,2,15,294,1048.42919921875,475,1230.8216552734375,81.52785124171464,22.69141846908997,9
pgame_seed2,pgame,2,leg4_paralysed,ite,2,16,334,1053.6767578125,475,1230.8216552734375,81.52785124171464,22.69141846908997,9
pgame_seed2,pgame,2,leg4_paralysed,ite,2,17,475,1138.39404296875,475,1230.8216552734375,81.52785124171464,22.69141846908997,9
pgame_seed2,pgame,2,leg4_paralysed,ite,2,18,475,1122.539306640625,475,1230.8216552734375,81.52785124171464,22.69141846908997,9
pgame_seed2,pgame,2,leg4_paralysed,ite,2,19,323,1129.6610107421875,475,1230.8216552734375,81.52785124171464,22.69141846908997,9
pgame_seed2,pgame,2,leg4_paralysed,ite,2,20,475,1107.68310546875,475,1230.8216552734375,81.52785124171464,22.69141846908997,9
pgame_seed2,pgame,2,leg4_paralysed,ite,3,1,294,961.7696533203125,294,1052.328369140625,-3.0180128819061687,-0.8399950716890353,6
pgame_seed2,pgame,2,leg4_paralysed,ite,3,2,412,1122.9462890625,412,1124.8243408203125,31.320727268690348,8.717410288454241,6
pgame_seed2,pgame,2,leg4_paralysed,ite,3,3,258,1027.91943359375,412,1124.8243408203125,31.320727268690348,8.717410288454241,6
pgame_seed2,pgame,2,leg4_paralysed,ite,3,4,475,1203.3206787109375,475,1230.8216552734375,81.52785124171464,22.69141846908997,6
pgame_seed2,pgame,2,leg4_paralysed,ite,3,5,323,1159.473876953125,475,1230.8216552734375,81.52785124171464,22.69141846908997,6
pgame_seed2,pgame,2,leg4_paralysed,ite,3,6,475,1156.120849609375,475,1230.8216552734375,81.52785124171464,22.69141846908997,6
pgame_seed2,pgame,2,leg4_paralysed,ite,3,7,334,1056.3486328125,475,1230.8216552734375,81.52785124171464,22.69141846908997,6
pgame_seed2,pgame,2,leg4_paralysed,ite,3,8,475,1187.082275390625,475,1230.8216552734375,81.52785124171464,22.69141846908997,6
pgame_seed2,pgame,2,leg4_paralysed,ite,3,9,475,1211.350830078125,475,1230.8216552734375,81.52785124171464,22.69141846908997,6
pgame_seed2,pgame,2,leg4_paralysed,ite,3,10,475,1152.5604248046875,475,1230.8216552734375,81.52785124171464,22.69141846908997,6
pgame_seed2,pgame,2,leg4_paralysed,ite,3,11,603,1177.4541015625,475,1230.8216552734375,81.52785124171464,22.69141846908997,6
pgame_seed2,pgame,2,leg4_paralysed,ite,3,12,475,1203.2119140625,475,1230.8216552734375,81.52785124171464,22.69141846908997,6
pgame_seed2,pgame,2,leg4_paralysed,ite,3,13,475,1242.882568359375,475,1230.8216552734375,81.52785124171464,22.69141846908997,6
pgame_seed2,pgame,2,leg4_paralysed,ite,3,14,475,1142.218994140625,475,1230.8216552734375,81.52785124171464,22.69141846908997,6
pgame_seed2,pgame,2,leg4_paralysed,ite,3,15,475,1173.298583984375,475,1230.8216552734375,81.52785124171464,22.69141846908997,6
pgame_seed2,pgame,2,leg4_paralysed,ite,3,16,475,1194.745361328125,475,1230.8216552734375,81.52785124171464,22.69141846908997,6
pgame_seed2,pgame,2,leg4_paralysed,ite,3,17,475,1195.5904541015625,475,1230.8216552734375,81.52785124171464,22.69141846908997,6
pgame_seed2,pgame,2,leg4_paralysed,ite,3,18,475,1222.98779296875,475,1230.8216552734375,81.52785124171464,22.69141846908997,6
pgame_seed2,pgame,2,leg4_paralysed,ite,3,19,475,1236.486328125,475,1230.8216552734375,81.52785124171464,22.69141846908997,6
pgame_seed2,pgame,2,leg4_paralysed,ite,3,20,475,1213.6343994140625,475,1230.8216552734375,81.52785124171464,22.69141846908997,6
pgame_seed2,pgame,2,leg4_paralysed,ite,4,1,294,957.7139892578125,294,1052.328369140625,-3.0180128819061687,-0.8399950716890353,8
pgame_seed2,pgame,2,leg4_paralysed,ite,4,2,412,1134.404296875,412,1124.8243408203125,31.320727268690348,8.717410288454241,8
pgame_seed2,pgame,2,leg4_paralysed,ite,4,3,258,1037.9847412109375,412,1124.8243408203125,31.320727268690348,8.717410288454241,8
pgame_seed2,pgame,2,leg4_paralysed,ite,4,4,475,1164.0899658203125,475,1230.8216552734375,81.52785124171464,22.69141846908997,8
pgame_seed2,pgame,2,leg4_paralysed,ite,4,5,323,1140.02392578125,475,1230.8216552734375,81.52785124171464,22.69141846908997,8
pgame_seed2,pgame,2,leg4_paralysed,ite,4,6,603,1074.48876953125,475,1230.8216552734375,81.52785124171464,22.69141846908997,8
pgame_seed2,pgame,2,leg4_paralysed,ite,4,7,334,1055.1944580078125,475,1230.8216552734375,81.52785124171464,22.69141846908997,8
pgame_seed2,pgame,2,leg4_paralysed,ite,4,8,475,1244.5115966796875,475,1230.8216552734375,81.52785124171464,22.69141846908997,8
pgame_seed2,pgame,2,leg4_paralysed,ite,4,9,475,1165.75341796875,475,1230.8216552734375,81.52785124171464,22.69141846908997,8
pgame_seed2,pgame,2,leg4_paralysed,ite,4,10,475,1202.80322265625,475,1230.8216552734375,81.52785124171464,22.69141846908997,8
pgame_seed2,pgame,2,leg4_paralysed,ite,4,11,475,1201.553466796875,475,1230.8216552734375,81.52785124171464,22.69141846908997,8
pgame_seed2,pgame,2,leg4_paralysed,ite,4,12,475,1133.703369140625,475,1230.8216552734375,81.52785124171464,22.69141846908997,8
pgame_seed2,pgame,2,leg4_paralysed,ite,4,13,475,1216.1927490234375,475,1230.8216552734375,81.52785124171464,22.69141846908997,8
pgame_seed2,pgame,2,leg4_paralysed,ite,4,14,475,1176.865478515625,475,1230.8216552734375,81.52785124171464,22.69141846908997,8
pgame_seed2,pgame,2,leg4_paralysed,ite,4,15,475,1220.98291015625,475,1230.8216552734375,81.52785124171464,22.69141846908997,8
pgame_seed2,pgame,2,leg4_paralysed,ite,4,16,475,1203.7003173828125,475,1230.8216552734375,81.52785124171464,22.69141846908997,8
pgame_seed2,pgame,2,leg4_paralysed,ite,4,17,475,1201.939453125,475,1230.8216552734375,81.52785124171464,22.69141846908997,8
pgame_seed2,pgame,2,leg4_paralysed,ite,4,18,475,1173.1563720703125,475,1230.8216552734375,81.52785124171464,22.69141846908997,8
pgame_seed2,pgame,2,leg4_paralysed,ite,4,19,475,1212.6588134765625,475,1230.8216552734375,81.52785124171464,22.69141846908997,8
pgame_seed2,pgame,2,leg4_paralysed,ite,4,20,475,1174.7666015625,475,1230.8216552734375,81.52785124171464,22.69141846908997,8
pgame_seed2,pgame,2,leg4_paralysed,top_k,0,1,294,1060.1846923828125,294,1052.328369140625,-3.0180128819061687,-0.8399950716890353,
pgame_seed2,pgame,2,leg4_paralysed,top_k,0,2,972,1042.21044921875,294,1052.328369140625,-3.0180128819061687,-0.8399950716890353,
pgame_seed2,pgame,2,leg4_paralysed,top_k,0,3,330,1107.63623046875,330,1049.143310546875,-4.5266608368359185,-1.2598928311228306,
pgame_seed2,pgame,2,leg4_paralysed,top_k,0,4,761,1071.9381103515625,330,1049.143310546875,-4.5266608368359185,-1.2598928311228306,
pgame_seed2,pgame,2,leg4_paralysed,top_k,0,5,115,996.39990234375,330,1049.143310546875,-4.5266608368359185,-1.2598928311228306,
pgame_seed2,pgame,2,leg4_paralysed,top_k,0,6,596,1230.287109375,596,1188.3990478515625,61.43378450919447,17.098693160758334,
pgame_seed2,pgame,2,leg4_paralysed,top_k,0,7,320,1074.9033203125,596,1188.3990478515625,61.43378450919447,17.098693160758334,
pgame_seed2,pgame,2,leg4_paralysed,top_k,0,8,603,1138.01904296875,596,1188.3990478515625,61.43378450919447,17.098693160758334,
pgame_seed2,pgame,2,leg4_paralysed,top_k,0,9,474,1176.9632568359375,596,1188.3990478515625,61.43378450919447,17.098693160758334,
pgame_seed2,pgame,2,leg4_paralysed,top_k,0,10,475,1206.8828125,596,1188.3990478515625,61.43378450919447,17.098693160758334,
pgame_seed2,pgame,2,leg4_paralysed,top_k,0,11,565,1029.060302734375,596,1188.3990478515625,61.43378450919447,17.098693160758334,
pgame_seed2,pgame,2,leg4_paralysed,top_k,0,12,508,1071.048095703125,596,1188.3990478515625,61.43378450919447,17.098693160758334,
pgame_seed2,pgame,2,leg4_paralysed,top_k,0,13,711,1329.502685546875,711,1269.820068359375,100.0,27.832719890794394,
pgame_seed2,pgame,2,leg4_paralysed,top_k,0,14,1001,1194.013427734375,711,1269.820068359375,100.0,27.832719890794394,
pgame_seed2,pgame,2,leg4_paralysed,top_k,0,15,441,1177.447998046875,711,1269.820068359375,100.0,27.832719890794394,
pgame_seed2,pgame,2,leg4_paralysed,top_k,0,16,831,1146.04052734375,711,1269.820068359375,100.0,27.832719890794394,
pgame_seed2,pgame,2,leg4_paralysed,top_k,0,17,209,1174.19921875,711,1269.820068359375,100.0,27.832719890794394,
pgame_seed2,pgame,2,leg4_paralysed,top_k,0,18,182,1212.435546875,711,1269.820068359375,100.0,27.832719890794394,
pgame_seed2,pgame,2,leg4_paralysed,top_k,0,19,887,1192.485595703125,711,1269.820068359375,100.0,27.832719890794394,
pgame_seed2,pgame,2,leg4_paralysed,top_k,0,20,575,1191.15478515625,711,1269.820068359375,100.0,27.832719890794394,
pgame_seed2,pgame,2,leg4_paralysed,top_k,1,1,294,977.729248046875,294,1052.328369140625,-3.0180128819061687,-0.8399950716890353,
pgame_seed2,pgame,2,leg4_paralysed,top_k,1,2,972,1013.92138671875,972,1025.3565673828125,-15.79358744827107,-4.395784955184949,
pgame_seed2,pgame,2,leg4_paralysed,top_k,1,3,330,1177.08544921875,330,1049.143310546875,-4.5266608368359185,-1.2598928311228306,
pgame_seed2,pgame,2,leg4_paralysed,top_k,1,4,761,1070.42138671875,330,1049.143310546875,-4.5266608368359185,-1.2598928311228306,
pgame_seed2,pgame,2,leg4_paralysed,top_k,1,5,115,1020.810546875,330,1049.143310546875,-4.5266608368359185,-1.2598928311228306,
pgame_seed2,pgame,2,leg4_paralysed,top_k,1,6,596,1189.29150390625,596,1188.3990478515625,61.43378450919447,17.098693160758334,
pgame_seed2,pgame,2,leg4_paralysed,top_k,1,7,320,1022.4939575195312,596,1188.3990478515625,61.43378450919447,17.098693160758334,
pgame_seed2,pgame,2,leg4_paralysed,top_k,1,8,603,1163.590087890625,596,1188.3990478515625,61.43378450919447,17.098693160758334,
pgame_seed2,pgame,2,leg4_paralysed,top_k,1,9,474,1179.1251220703125,596,1188.3990478515625,61.43378450919447,17.098693160758334,
pgame_seed2,pgame,2,leg4_paralysed,top_k,1,10,475,1197.4033203125,475,1230.8216552734375,81.52785124171464,22.69141846908997,
pgame_seed2,pgame,2,leg4_paralysed,top_k,1,11,565,1072.9510498046875,475,1230.8216552734375,81.52785124171464,22.69141846908997,
pgame_seed2,pgame,2,leg4_paralysed,top_k,1,12,508,1070.506103515625,475,1230.8216552734375,81.52785124171464,22.69141846908997,
pgame_seed2,pgame,2,leg4_paralysed,top_k,1,13,711,1257.1865234375,711,1269.820068359375,100.0,27.832719890794394,
pgame_seed2,pgame,2,leg4_paralysed,top_k,1,14,1001,1147.7203369140625,711,1269.820068359375,100.0,27.832719890794394,
pgame_seed2,pgame,2,leg4_paralysed,top_k,1,15,441,1181.611572265625,711,1269.820068359375,100.0,27.832719890794394,
pgame_seed2,pgame,2,leg4_paralysed,top_k,1,16,831,1161.2623291015625,711,1269.820068359375,100.0,27.832719890794394,
pgame_seed2,pgame,2,leg4_paralysed,top_k,1,17,209,1174.939697265625,711,1269.820068359375,100.0,27.832719890794394,
pgame_seed2,pgame,2,leg4_paralysed,top_k,1,18,182,1211.87646484375,711,1269.820068359375,100.0,27.832719890794394,
pgame_seed2,pgame,2,leg4_paralysed,top_k,1,19,887,1163.666259765625,711,1269.820068359375,100.0,27.832719890794394,
pgame_seed2,pgame,2,leg4_paralysed,top_k,1,20,575,1128.73095703125,711,1269.820068359375,100.0,27.832719890794394,
pgame_seed2,pgame,2,leg4_paralysed,top_k,2,1,294,990.9794921875,294,1052.328369140625,-3.0180128819061687,-0.8399950716890353,
pgame_seed2,pgame,2,leg4_paralysed,top_k,2,2,972,1003.6343383789062,972,1025.3565673828125,-15.79358744827107,-4.395784955184949,
pgame_seed2,pgame,2,leg4_paralysed,top_k,2,3,330,1177.628173828125,330,1049.143310546875,-4.5266608368359185,-1.2598928311228306,
pgame_seed2,pgame,2,leg4_paralysed,top_k,2,4,761,1087.775634765625,330,1049.143310546875,-4.5266608368359185,-1.2598928311228306,
pgame_seed2,pgame,2,leg4_paralysed,top_k,2,5,115,984.6015625,330,1049.143310546875,-4.5266608368359185,-1.2598928311228306,
pgame_seed2,pgame,2,leg4_paralysed,top_k,2,6,596,1202.30078125,596,1188.3990478515625,61.43378450919447,17.098693160758334,
pgame_seed2,pgame,2,leg4_paralysed,top_k,2,7,320,1032.6007080078125,596,1188.3990478515625,61.43378450919447,17.098693160758334,
pgame_seed2,pgame,2,leg4_paralysed,top_k,2,8,603,1193.4300537109375,596,1188.3990478515625,61.43378450919447,17.098693160758334,
pgame_seed2,pgame,2,leg4_paralysed,top_k,2,9,474,1166.8643798828125,596,1188.3990478515625,61.43378450919447,17.098693160758334,
pgame_seed2,pgame,2,leg4_paralysed,top_k,2,10,475,1212.505126953125,475,1230.8216552734375,81.52785124171464,22.69141846908997,
pgame_seed2,pgame,2,leg4_paralysed,top_k,2,11,565,1056.6854248046875,475,1230.8216552734375,81.52785124171464,22.69141846908997,
pgame_seed2,pgame,2,leg4_paralysed,top_k,2,12,508,1072.1282958984375,475,1230.8216552734375,81.52785124171464,22.69141846908997,
pgame_seed2,pgame,2,leg4_paralysed,top_k,2,13,711,1270.6024169921875,711,1269.820068359375,100.0,27.832719890794394,
pgame_seed2,pgame,2,leg4_paralysed,top_k,2,14,1001,1155.007080078125,711,1269.820068359375,100.0,27.832719890794394,
pgame_seed2,pgame,2,leg4_paralysed,top_k,2,15,441,1195.6029052734375,711,1269.820068359375,100.0,27.832719890794394,
pgame_seed2,pgame,2,leg4_paralysed,top_k,2,16,831,1134.796875,711,1269.820068359375,100.0,27.832719890794394,
pgame_seed2,pgame,2,leg4_paralysed,top_k,2,17,209,1164.9013671875,711,1269.820068359375,100.0,27.832719890794394,
pgame_seed2,pgame,2,leg4_paralysed,top_k,2,18,182,1239.03271484375,711,1269.820068359375,100.0,27.832719890794394,
pgame_seed2,pgame,2,leg4_paralysed,top_k,2,19,887,1131.6220703125,711,1269.820068359375,100.0,27.832719890794394,
pgame_seed2,pgame,2,leg4_paralysed,top_k,2,20,575,1155.364501953125,711,1269.820068359375,100.0,27.832719890794394,
pgame_seed2,pgame,2,leg4_paralysed,top_k,3,1,294,1033.36962890625,294,1052.328369140625,-3.0180128819061687,-0.8399950716890353,
pgame_seed2,pgame,2,leg4_paralysed,top_k,3,2,972,1037.7132568359375,972,1025.3565673828125,-15.79358744827107,-4.395784955184949,
pgame_seed2,pgame,2,leg4_paralysed,top_k,3,3,330,1187.387939453125,330,1049.143310546875,-4.5266608368359185,-1.2598928311228306,
pgame_seed2,pgame,2,leg4_paralysed,top_k,3,4,761,1108.872802734375,330,1049.143310546875,-4.5266608368359185,-1.2598928311228306,
pgame_seed2,pgame,2,leg4_paralysed,top_k,3,5,115,1028.0635986328125,330,1049.143310546875,-4.5266608368359185,-1.2598928311228306,
pgame_seed2,pgame,2,leg4_paralysed,top_k,3,6,596,1176.718017578125,330,1049.143310546875,-4.5266608368359185,-1.2598928311228306,
pgame_seed2,pgame,2,leg4_paralysed,top_k,3,7,320,1056.6788330078125,330,1049.143310546875,-4.5266608368359185,-1.2598928311228306,
pgame_seed2,pgame,2,leg4_paralysed,top_k,3,8,603,1188.099365234375,603,1186.86572265625,60.707503390005726,16.896549371234805,
pgame_seed2,pgame,2,leg4_paralysed,top_k,3,9,474,1182.696533203125,603,1186.86572265625,60.707503390005726,16.896549371234805,
pgame_seed2,pgame,2,leg4_paralysed,top_k,3,10,475,1130.40966796875,603,1186.86572265625,60.707503390005726,16.896549371234805,
pgame_seed2,pgame,2,leg4_paralysed,top_k,3,11,565,1049.1629638671875,603,1186.86572265625,60.707503390005726,16.896549371234805,
pgame_seed2,pgame,2,leg4_paralysed,top_k,3,12,508,1070.6641845703125,603,1186.86572265625,60.707503390005726,16.896549371234805,
pgame_seed2,pgame,2,leg4_paralysed,top_k,3,13,711,1276.7193603515625,711,1269.820068359375,100.0,27.832719890794394,
pgame_seed2,pgame,2,leg4_paralysed,top_k,3,14,1001,1165.94873046875,711,1269.820068359375,100.0,27.832719890794394,
pgame_seed2,pgame,2,leg4_paralysed,top_k,3,15,441,1167.242919921875,711,1269.820068359375,100.0,27.832719890794394,
pgame_seed2,pgame,2,leg4_paralysed,top_k,3,16,831,1107.219482421875,711,1269.820068359375,100.0,27.832719890794394,
pgame_seed2,pgame,2,leg4_paralysed,top_k,3,17,209,1134.1796875,711,1269.820068359375,100.0,27.832719890794394,
pgame_seed2,pgame,2,leg4_paralysed,top_k,3,18,182,1240.9603271484375,711,1269.820068359375,100.0,27.832719890794394,
pgame_seed2,pgame,2,leg4_paralysed,top_k,3,19,887,1155.201904296875,711,1269.820068359375,100.0,27.832719890794394,
pgame_seed2,pgame,2,leg4_paralysed,top_k,3,20,575,1129.380126953125,711,1269.820068359375,100.0,27.832719890794394,
pgame_seed2,pgame,2,leg4_paralysed,top_k,4,1,294,1252.610595703125,294,1052.328369140625,-3.0180128819061687,-0.8399950716890353,
pgame_seed2,pgame,2,leg4_paralysed,top_k,4,2,972,1040.7305908203125,294,1052.328369140625,-3.0180128819061687,-0.8399950716890353,
pgame_seed2,pgame,2,leg4_paralysed,top_k,4,3,330,1208.294189453125,294,1052.328369140625,-3.0180128819061687,-0.8399950716890353,
pgame_seed2,pgame,2,leg4_paralysed,top_k,4,4,761,1059.8670654296875,294,1052.328369140625,-3.0180128819061687,-0.8399950716890353,
pgame_seed2,pgame,2,leg4_paralysed,top_k,4,5,115,1027.09912109375,294,1052.328369140625,-3.0180128819061687,-0.8399950716890353,
pgame_seed2,pgame,2,leg4_paralysed,top_k,4,6,596,1177.677734375,294,1052.328369140625,-3.0180128819061687,-0.8399950716890353,
pgame_seed2,pgame,2,leg4_paralysed,top_k,4,7,320,1068.0452880859375,294,1052.328369140625,-3.0180128819061687,-0.8399950716890353,
pgame_seed2,pgame,2,leg4_paralysed,top_k,4,8,603,1129.349853515625,294,1052.328369140625,-3.0180128819061687,-0.8399950716890353,
pgame_seed2,pgame,2,leg4_paralysed,top_k,4,9,474,1175.551025390625,294,1052.328369140625,-3.0180128819061687,-0.8399950716890353,
pgame_seed2,pgame,2,leg4_paralysed,top_k,4,10,475,1188.9754638671875,294,1052.328369140625,-3.0180128819061687,-0.8399950716890353,
pgame_seed2,pgame,2,leg4_paralysed,top_k,4,11,565,1045.0078125,294,1052.328369140625,-3.0180128819061687,-0.8399950716890353,
pgame_seed2,pgame,2,leg4_paralysed,top_k,4,12,508,1069.67431640625,294,1052.328369140625,-3.0180128819061687,-0.8399950716890353,
pgame_seed2,pgame,2,leg4_paralysed,top_k,4,13,711,1285.6392822265625,711,1269.820068359375,100.0,27.832719890794394,
pgame_seed2,pgame,2,leg4_paralysed,top_k,4,14,1001,1157.57470703125,711,1269.820068359375,100.0,27.832719890794394,
pgame_seed2,pgame,2,leg4_paralysed,top_k,4,15,441,1194.2962646484375,711,1269.820068359375,100.0,27.832719890794394,
pgame_seed2,pgame,2,leg4_paralysed,top_k,4,16,831,1155.20703125,711,1269.820068359375,100.0,27.832719890794394,
pgame_seed2,pgame,2,leg4_paralysed,top_k,4,17,209,1176.201171875,711,1269.820068359375,100.0,27.832719890794394,
pgame_seed2,pgame,2,leg4_paralysed,top_k,4,18,182,1254.69873046875,711,1269.820068359375,100.0,27.832719890794394,
pgame_seed2,pgame,2,leg4_paralysed,top_k,4,19,887,1192.717529296875,711,1269.820068359375,100.0,27.832719890794394,
pgame_seed2,pgame,2,leg4_paralysed,top_k,4,20,575,1137.7939453125,711,1269.820068359375,100.0,27.832719890794394,
pgame_seed2,pgame,2,leg1_weak,ite,0,1,294,1657.17236328125,294,1619.42578125,85.09893281230079,73.92250166626606,1
pgame_seed2,pgame,2,leg1_weak,ite,0,2,294,1606.81494140625,294,1619.42578125,85.09893281230079,73.92250166626606,1
pgame_seed2,pgame,2,leg1_weak,ite,0,3,294,1634.4600830078125,294,1619.42578125,85.09893281230079,73.92250166626606,1
pgame_seed2,pgame,2,leg1_weak,ite,0,4,294,1682.45068359375,294,1619.42578125,85.09893281230079,73.92250166626606,1
pgame_seed2,pgame,2,leg1_weak,ite,0,5,294,1654.623291015625,294,1619.42578125,85.09893281230079,73.92250166626606,1
pgame_seed2,pgame,2,leg1_weak,ite,0,6,294,1606.8272705078125,294,1619.42578125,85.09893281230079,73.92250166626606,1
pgame_seed2,pgame,2,leg1_weak,ite,0,7,294,1557.98486328125,294,1619.42578125,85.09893281230079,73.92250166626606,1
pgame_seed2,pgame,2,leg1_weak,ite,0,8,294,1625.490234375,294,1619.42578125,85.09893281230079,73.92250166626606,1
pgame_seed2,pgame,2,leg1_weak,ite,0,9,294,1626.2694091796875,294,1619.42578125,85.09893281230079,73.92250166626606,1
pgame_seed2,pgame,2,leg1_weak,ite,0,10,294,1614.351806640625,294,1619.42578125,85.09893281230079,73.92250166626606,1
pgame_seed2,pgame,2,leg1_weak,ite,0,11,294,1589.5057373046875,294,1619.42578125,85.09893281230079,73.92250166626606,1
pgame_seed2,pgame,2,leg1_weak,ite,0,12,294,1675.359375,294,1619.42578125,85.09893281230079,73.92250166626606,1
pgame_seed2,pgame,2,leg1_weak,ite,0,13,294,1604.0322265625,294,1619.42578125,85.09893281230079,73.92250166626606,1
pgame_seed2,pgame,2,leg1_weak,ite,0,14,294,1681.5693359375,294,1619.42578125,85.09893281230079,73.92250166626606,1
pgame_seed2,pgame,2,leg1_weak,ite,0,15,294,1642.0286865234375,294,1619.42578125,85.09893281230079,73.92250166626606,1
pgame_seed2,pgame,2,leg1_weak,ite,0,16,294,1606.868896484375,294,1619.42578125,85.09893281230079,73.92250166626606,1
pgame_seed2,pgame,2,leg1_weak,ite,0,17,294,1699.43505859375,294,1619.42578125,85.09893281230079,73.92250166626606,1
pgame_seed2,pgame,2,leg1_weak,ite,0,18,294,1624.20947265625,294,1619.42578125,85.09893281230079,73.92250166626606,1
pgame_seed2,pgame,2,leg1_weak,ite,0,19,294,1635.9068603515625,294,1619.42578125,85.09893281230079,73.92250166626606,1
pgame_seed2,pgame,2,leg1_weak,ite,0,20,294,1709.296142578125,294,1619.42578125,85.09893281230079,73.92250166626606,1
pgame_seed2,pgame,2,leg1_weak,ite,1,1,294,1667.80859375,294,1619.42578125,85.09893281230079,73.92250166626606,1
pgame_seed2,pgame,2,leg1_weak,ite,1,2,294,1597.081787109375,294,1619.42578125,85.09893281230079,73.92250166626606,1
pgame_seed2,pgame,2,leg1_weak,ite,1,3,294,1632.751708984375,294,1619.42578125,85.09893281230079,73.92250166626606,1
pgame_seed2,pgame,2,leg1_weak,ite,1,4,294,1646.04248046875,294,1619.42578125,85.09893281230079,73.92250166626606,1
pgame_seed2,pgame,2,leg1_weak,ite,1,5,294,1631.9697265625,294,1619.42578125,85.09893281230079,73.92250166626606,1
pgame_seed2,pgame,2,leg1_weak,ite,1,6,294,1678.147216796875,294,1619.42578125,85.09893281230079,73.92250166626606,1
pgame_seed2,pgame,2,leg1_weak,ite,1,7,294,1669.709228515625,294,1619.42578125,85.09893281230079,73.92250166626606,1
pgame_seed2,pgame,2,leg1_weak,ite,1,8,294,1591.16845703125,294,1619.42578125,85.09893281230079,73.92250166626606,1
pgame_seed2,pgame,2,leg1_weak,ite,1,9,294,1636.39404296875,294,1619.42578125,85.09893281230079,73.92250166626606,1
pgame_seed2,pgame,2,leg1_weak,ite,1,10,294,1648.62060546875,294,1619.42578125,85.09893281230079,73.92250166626606,1
pgame_seed2,pgame,2,leg1_weak,ite,1,11,294,1658.921630859375,294,1619.42578125,85.09893281230079,73.92250166626606,1
pgame_seed2,pgame,2,leg1_weak,ite,1,12,294,1691.927978515625,294,1619.42578125,85.09893281230079,73.92250166626606,1
pgame_seed2,pgame,2,leg1_weak,ite,1,13,294,1650.305908203125,294,1619.42578125,85.09893281230079,73.92250166626606,1
pgame_seed2,pgame,2,leg1_weak,ite,1,14,294,1628.701171875,294,1619.42578125,85.09893281230079,73.92250166626606,1
pgame_seed2,pgame,2,leg1_weak,ite,1,15,294,1678.189208984375,294,1619.42578125,85.09893281230079,73.92250166626606,1
pgame_seed2,pgame,2,leg1_weak,ite,1,16,294,1616.0582275390625,294,1619.42578125,85.09893281230079,73.92250166626606,1
pgame_seed2,pgame,2,leg1_weak,ite,1,17,294,1596.738037109375,294,1619.42578125,85.09893281230079,73.92250166626606,1
pgame_seed2,pgame,2,leg1_weak,ite,1,18,294,1683.826171875,294,1619.42578125,85.09893281230079,73.92250166626606,1
pgame_seed2,pgame,2,leg1_weak,ite,1,19,294,1680.2117919921875,294,1619.42578125,85.09893281230079,73.92250166626606,1
pgame_seed2,pgame,2,leg1_weak,ite,1,20,294,1641.074462890625,294,1619.42578125,85.09893281230079,73.92250166626606,1
pgame_seed2,pgame,2,leg1_weak,ite,2,1,294,1670.3704833984375,294,1619.42578125,85.09893281230079,73.92250166626606,1
pgame_seed2,pgame,2,leg1_weak,ite,2,2,294,1639.7899169921875,294,1619.42578125,85.09893281230079,73.92250166626606,1
pgame_seed2,pgame,2,leg1_weak,ite,2,3,294,1592.7247314453125,294,1619.42578125,85.09893281230079,73.92250166626606,1
pgame_seed2,pgame,2,leg1_weak,ite,2,4,294,1584.5487060546875,294,1619.42578125,85.09893281230079,73.92250166626606,1
pgame_seed2,pgame,2,leg1_weak,ite,2,5,294,1630.6136474609375,294,1619.42578125,85.09893281230079,73.92250166626606,1
pgame_seed2,pgame,2,leg1_weak,ite,2,6,294,1643.141845703125,294,1619.42578125,85.09893281230079,73.92250166626606,1
pgame_seed2,pgame,2,leg1_weak,ite,2,7,294,1625.212890625,294,1619.42578125,85.09893281230079,73.92250166626606,1
pgame_seed2,pgame,2,leg1_weak,ite,2,8,294,1621.4239501953125,294,1619.42578125,85.09893281230079,73.92250166626606,1
pgame_seed2,pgame,2,leg1_weak,ite,2,9,294,1606.89111328125,294,1619.42578125,85.09893281230079,73.92250166626606,1
pgame_seed2,pgame,2,leg1_weak,ite,2,10,294,1661.370361328125,294,1619.42578125,85.09893281230079,73.92250166626606,1
pgame_seed2,pgame,2,leg1_weak,ite,2,11,294,1631.95947265625,294,1619.42578125,85.09893281230079,73.92250166626606,1
pgame_seed2,pgame,2,leg1_weak,ite,2,12,294,1668.7005615234375,294,1619.42578125,85.09893281230079,73.92250166626606,1
pgame_seed2,pgame,2,leg1_weak,ite,2,13,294,1591.2259521484375,294,1619.42578125,85.09893281230079,73.92250166626606,1
pgame_seed2,pgame,2,leg1_weak,ite,2,14,294,1627.388671875,294,1619.42578125,85.09893281230079,73.92250166626606,1
pgame_seed2,pgame,2,leg1_weak,ite,2,15,294,1652.898681640625,294,1619.42578125,85.09893281230079,73.92250166626606,1
pgame_seed2,pgame,2,leg1_weak,ite,2,16,294,1614.326171875,294,1619.42578125,85.09893281230079,73.92250166626606,1
pgame_seed2,pgame,2,leg1_weak,ite,2,17,294,1672.4228515625,294,1619.42578125,85.09893281230079,73.92250166626606,1
pgame_seed2,pgame,2,leg1_weak,ite,2,18,294,1702.2615966796875,294,1619.42578125,85.09893281230079,73.92250166626606,1
pgame_seed2,pgame,2,leg1_weak,ite,2,19,294,1691.9620361328125,294,1619.42578125,85.09893281230079,73.92250166626606,1
pgame_seed2,pgame,2,leg1_weak,ite,2,20,294,1606.5677490234375,294,1619.42578125,85.09893281230079,73.92250166626606,1
pgame_seed2,pgame,2,leg1_weak,ite,3,1,294,1610.070556640625,294,1619.42578125,85.09893281230079,73.92250166626606,1
pgame_seed2,pgame,2,leg1_weak,ite,3,2,294,1665.368896484375,294,1619.42578125,85.09893281230079,73.92250166626606,1
pgame_seed2,pgame,2,leg1_weak,ite,3,3,294,1722.752197265625,294,1619.42578125,85.09893281230079,73.92250166626606,1
pgame_seed2,pgame,2,leg1_weak,ite,3,4,294,1615.9600830078125,294,1619.42578125,85.09893281230079,73.92250166626606,1
pgame_seed2,pgame,2,leg1_weak,ite,3,5,294,1641.7852783203125,294,1619.42578125,85.09893281230079,73.92250166626606,1
pgame_seed2,pgame,2,leg1_weak,ite,3,6,294,1624.311767578125,294,1619.42578125,85.09893281230079,73.92250166626606,1
pgame_seed2,pgame,2,leg1_weak,ite,3,7,294,1692.121826171875,294,1619.42578125,85.09893281230079,73.92250166626606,1
pgame_seed2,pgame,2,leg1_weak,ite,3,8,294,1651.080078125,294,1619.42578125,85.09893281230079,73.92250166626606,1
pgame_seed2,pgame,2,leg1_weak,ite,3,9,294,1586.0848388671875,294,1619.42578125,85.09893281230079,73.92250166626606,1
pgame_seed2,pgame,2,leg1_weak,ite,3,10,294,1680.262939453125,294,1619.42578125,85.09893281230079,73.92250166626606,1
pgame_seed2,pgame,2,leg1_weak,ite,3,11,294,1639.427978515625,294,1619.42578125,85.09893281230079,73.92250166626606,1
pgame_seed2,pgame,2,leg1_weak,ite,3,12,294,1649.9136962890625,294,1619.42578125,85.09893281230079,73.92250166626606,1
pgame_seed2,pgame,2,leg1_weak,ite,3,13,294,1605.9798583984375,294,1619.42578125,85.09893281230079,73.92250166626606,1
pgame_seed2,pgame,2,leg1_weak,ite,3,14,294,1621.045166015625,294,1619.42578125,85.09893281230079,73.92250166626606,1
pgame_seed2,pgame,2,leg1_weak,ite,3,15,294,1627.3515625,294,1619.42578125,85.09893281230079,73.92250166626606,1
pgame_seed2,pgame,2,leg1_weak,ite,3,16,294,1593.0926513671875,294,1619.42578125,85.09893281230079,73.92250166626606,1
pgame_seed2,pgame,2,leg1_weak,ite,3,17,294,1672.506103515625,294,1619.42578125,85.09893281230079,73.92250166626606,1
pgame_seed2,pgame,2,leg1_weak,ite,3,18,294,1644.01220703125,294,1619.42578125,85.09893281230079,73.92250166626606,1
pgame_seed2,pgame,2,leg1_weak,ite,3,19,294,1602.474365234375,294,1619.42578125,85.09893281230079,73.92250166626606,1
pgame_seed2,pgame,2,leg1_weak,ite,3,20,294,1667.2904052734375,294,1619.42578125,85.09893281230079,73.92250166626606,1
pgame_seed2,pgame,2,leg1_weak,ite,4,1,294,1611.61328125,294,1619.42578125,85.09893281230079,73.92250166626606,1
pgame_seed2,pgame,2,leg1_weak,ite,4,2,294,1559.9461669921875,294,1619.42578125,85.09893281230079,73.92250166626606,1
pgame_seed2,pgame,2,leg1_weak,ite,4,3,294,1634.729248046875,294,1619.42578125,85.09893281230079,73.92250166626606,1
pgame_seed2,pgame,2,leg1_weak,ite,4,4,294,1613.7340087890625,294,1619.42578125,85.09893281230079,73.92250166626606,1
pgame_seed2,pgame,2,leg1_weak,ite,4,5,294,1626.5859375,294,1619.42578125,85.09893281230079,73.92250166626606,1
pgame_seed2,pgame,2,leg1_weak,ite,4,6,294,1567.1954345703125,294,1619.42578125,85.09893281230079,73.92250166626606,1
pgame_seed2,pgame,2,leg1_weak,ite,4,7,294,1642.0067138671875,294,1619.42578125,85.09893281230079,73.92250166626606,1
pgame_seed2,pgame,2,leg1_weak,ite,4,8,294,1601.945556640625,294,1619.42578125,85.09893281230079,73.92250166626606,1
pgame_seed2,pgame,2,leg1_weak,ite,4,9,294,1528.7308349609375,294,1619.42578125,85.09893281230079,73.92250166626606,1
pgame_seed2,pgame,2,leg1_weak,ite,4,10,294,1719.1767578125,294,1619.42578125,85.09893281230079,73.92250166626606,1
pgame_seed2,pgame,2,leg1_weak,ite,4,11,294,1687.778564453125,294,1619.42578125,85.09893281230079,73.92250166626606,1
pgame_seed2,pgame,2,leg1_weak,ite,4,12,294,1653.4171142578125,294,1619.42578125,85.09893281230079,73.92250166626606,1
pgame_seed2,pgame,2,leg1_weak,ite,4,13,294,1613.7606201171875,294,1619.42578125,85.09893281230079,73.92250166626606,1
pgame_seed2,pgame,2,leg1_weak,ite,4,14,294,1657.29443359375,294,1619.42578125,85.09893281230079,73.92250166626606,1
pgame_seed2,pgame,2,leg1_weak,ite,4,15,294,1562.37890625,294,1619.42578125,85.09893281230079,73.92250166626606,1
pgame_seed2,pgame,2,leg1_weak,ite,4,16,294,1632.23876953125,294,1619.42578125,85.09893281230079,73.92250166626606,1
pgame_seed2,pgame,2,leg1_weak,ite,4,17,294,1674.2821044921875,294,1619.42578125,85.09893281230079,73.92250166626606,1
pgame_seed2,pgame,2,leg1_weak,ite,4,18,294,1615.704833984375,294,1619.42578125,85.09893281230079,73.92250166626606,1
pgame_seed2,pgame,2,leg1_weak,ite,4,19,294,1598.852294921875,294,1619.42578125,85.09893281230079,73.92250166626606,1
pgame_seed2,pgame,2,leg1_weak,ite,4,20,294,1642.87158203125,294,1619.42578125,85.09893281230079,73.92250166626606,1
pgame_seed2,pgame,2,leg1_weak,top_k,0,1,294,1578.873046875,294,1619.42578125,85.09893281230079,73.92250166626606,
pgame_seed2,pgame,2,leg1_weak,top_k,0,2,972,1562.7218017578125,294,1619.42578125,85.09893281230079,73.92250166626606,
pgame_seed2,pgame,2,leg1_weak,top_k,0,3,330,1790.576416015625,330,1687.7216796875,95.46390668514879,82.9261962258253,
pgame_seed2,pgame,2,leg1_weak,top_k,0,4,761,1543.74853515625,330,1687.7216796875,95.46390668514879,82.9261962258253,
pgame_seed2,pgame,2,leg1_weak,top_k,0,5,115,1672.3924560546875,330,1687.7216796875,95.46390668514879,82.9261962258253,
pgame_seed2,pgame,2,leg1_weak,top_k,0,6,596,1531.7137451171875,330,1687.7216796875,95.46390668514879,82.9261962258253,
pgame_seed2,pgame,2,leg1_weak,top_k,0,7,320,1562.2100830078125,330,1687.7216796875,95.46390668514879,82.9261962258253,
pgame_seed2,pgame,2,leg1_weak,top_k,0,8,603,1554.9124755859375,330,1687.7216796875,95.46390668514879,82.9261962258253,
pgame_seed2,pgame,2,leg1_weak,top_k,0,9,474,1475.4586181640625,330,1687.7216796875,95.46390668514879,82.9261962258253,
pgame_seed2,pgame,2,leg1_weak,top_k,0,10,475,1587.68505859375,330,1687.7216796875,95.46390668514879,82.9261962258253,
pgame_seed2,pgame,2,leg1_weak,top_k,0,11,565,1494.18359375,330,1687.7216796875,95.46390668514879,82.9261962258253,
pgame_seed2,pgame,2,leg1_weak,top_k,0,12,508,1673.671630859375,330,1687.7216796875,95.46390668514879,82.9261962258253,
pgame_seed2,pgame,2,leg1_weak,top_k,0,13,711,1566.97119140625,330,1687.7216796875,95.46390668514879,82.9261962258253,
pgame_seed2,pgame,2,leg1_weak,top_k,0,14,1001,1626.2353515625,330,1687.7216796875,95.46390668514879,82.9261962258253,
pgame_seed2,pgame,2,leg1_weak,top_k,0,15,441,1584.4140625,330,1687.7216796875,95.46390668514879,82.9261962258253,
pgame_seed2,pgame,2,leg1_weak,top_k,0,16,831,1578.385498046875,330,1687.7216796875,95.46390668514879,82.9261962258253,
pgame_seed2,pgame,2,leg1_weak,top_k,0,17,209,1515.1405029296875,330,1687.7216796875,95.46390668514879,82.9261962258253,
pgame_seed2,pgame,2,leg1_weak,top_k,0,18,182,1546.484130859375,330,1687.7216796875,95.46390668514879,82.9261962258253,
pgame_seed2,pgame,2,leg1_weak,top_k,0,19,887,1326.764892578125,330,1687.7216796875,95.46390668514879,82.9261962258253,
pgame_seed2,pgame,2,leg1_weak,top_k,0,20,575,1339.054931640625,330,1687.7216796875,95.46390668514879,82.9261962258253,
pgame_seed2,pgame,2,leg1_weak,top_k,1,1,294,1650.42529296875,294,1619.42578125,85.09893281230079,73.92250166626606,
pgame_seed2,pgame,2,leg1_weak,top_k,1,2,972,1584.188720703125,294,1619.42578125,85.09893281230079,73.92250166626606,
pgame_seed2,pgame,2,leg1_weak,top_k,1,3,330,1704.764404296875,330,1687.7216796875,95.46390668514879,82.9261962258253,
pgame_seed2,pgame,2,leg1_weak,top_k,1,4,761,1522.734375,330,1687.7216796875,95.46390668514879,82.9261962258253,
pgame_seed2,pgame,2,leg1_weak,top_k,1,5,115,1700.93603515625,330,1687.7216796875,95.46390668514879,82.9261962258253,
pgame_seed2,pgame,2,leg1_weak,top_k,1,6,596,1519.287841796875,330,1687.7216796875,95.46390668514879,82.9261962258253,
pgame_seed2,pgame,2,leg1_weak,top_k,1,7,320,1508.3389892578125,330,1687.7216796875,95.46390668514879,82.9261962258253,
pgame_seed2,pgame,2,leg1_weak,top_k,1,8,603,1637.8643798828125,330,1687.7216796875,95.46390668514879,82.9261962258253,
pgame_seed2,pgame,2,leg1_weak,top_k,1,9,474,1522.748779296875,330,1687.7216796875,95.46390668514879,82.9261962258253,
pgame_seed2,pgame,2,leg1_weak,top_k,1,10,475,1618.114501953125,330,1687.7216796875,95.46390668514879,82.9261962258253,
pgame_seed2,pgame,2,leg1_weak,top_k,1,11,565,1441.74169921875,330,1687.7216796875,95.46390668514879,82.9261962258253,
pgame_seed2,pgame,2,leg1_weak,top_k,1,12,508,1737.60498046875,508,1717.6104736328125,100.0,86.86654370779699,
pgame_seed2,pgame,2,leg1_weak,top_k,1,13,711,1534.493896484375,508,1717.6104736328125,100.0,86.86654370779699,
pgame_seed2,pgame,2,leg1_weak,top_k,1,14,1001,1647.6546630859375,508,1717.6104736328125,100.0,86.86654370779699,
pgame_seed2,pgame,2,leg1_weak,top_k,1,15,441,1570.753662109375,508,1717.6104736328125,100.0,86.86654370779699,
pgame_seed2,pgame,2,leg1_weak,top_k,1,16,831,1679.8016357421875,508,1717.6104736328125,100.0,86.86654370779699,
pgame_seed2,pgame,2,leg1_weak,top_k,1,17,209,1496.9720458984375,508,1717.6104736328125,100.0,86.86654370779699,
pgame_seed2,pgame,2,leg1_weak,top_k,1,18,182,1563.0238037109375,508,1717.6104736328125,100.0,86.86654370779699,
pgame_seed2,pgame,2,leg1_weak,top_k,1,19,887,1616.5849609375,508,1717.6104736328125,100.0,86.86654370779699,
pgame_seed2,pgame,2,leg1_weak,top_k,1,20,575,1354.0172119140625,508,1717.6104736328125,100.0,86.86654370779699,
pgame_seed2,pgame,2,leg1_weak,top_k,2,1,294,1685.6845703125,294,1619.42578125,85.09893281230079,73.92250166626606,
pgame_seed2,pgame,2,leg1_weak,top_k,2,2,972,1626.15185546875,294,1619.42578125,85.09893281230079,73.92250166626606,
pgame_seed2,pgame,2,leg1_weak,top_k,2,3,330,1785.60888671875,330,1687.7216796875,95.46390668514879,82.9261962258253,
pgame_seed2,pgame,2,leg1_weak,top_k,2,4,761,1500.69921875,330,1687.7216796875,95.46390668514879,82.9261962258253,
pgame_seed2,pgame,2,leg1_weak,top_k,2,5,115,1752.696533203125,330,1687.7216796875,95.46390668514879,82.9261962258253,
pgame_seed2,pgame,2,leg1_weak,top_k,2,6,596,1594.596435546875,330,1687.7216796875,95.46390668514879,82.9261962258253,
pgame_seed2,pgame,2,leg1_weak,top_k,2,7,320,1564.6563720703125,330,1687.7216796875,95.46390668514879,82.9261962258253,
pgame_seed2,pgame,2,leg1_weak,top_k,2,8,603,1562.235595703125,330,1687.7216796875,95.46390668514879,82.9261962258253,
pgame_seed2,pgame,2,leg1_weak,top_k,2,9,474,1518.5501708984375,330,1687.7216796875,95.46390668514879,82.9261962258253,
pgame_seed2,pgame,2,leg1_weak,top_k,2,10,475,1620.3388671875,330,1687.7216796875,95.46390668514879,82.9261962258253,
pgame_seed2,pgame,2,leg1_weak,top_k,2,11,565,1479.3408203125,330,1687.7216796875,95.46390668514879,82.9261962258253,
pgame_seed2,pgame,2,leg1_weak,top_k,2,12,508,1681.0435791015625,330,1687.7216796875,95.46390668514879,82.9261962258253,
pgame_seed2,pgame,2,leg1_weak,top_k,2,13,711,1555.18896484375,330,1687.7216796875,95.46390668514879,82.9261962258253,
pgame_seed2,pgame,2,leg1_weak,top_k,2,14,1001,1677.358154296875,330,1687.7216796875,95.46390668514879,82.9261962258253,
pgame_seed2,pgame,2,leg1_weak,top_k,2,15,441,1587.178466796875,330,1687.7216796875,95.46390668514879,82.9261962258253,
pgame_seed2,pgame,2,leg1_weak,top_k,2,16,831,1636.281494140625,330,1687.7216796875,95.46390668514879,82.9261962258253,
pgame_seed2,pgame,2,leg1_weak,top_k,2,17,209,1513.089599609375,330,1687.7216796875,95.46390668514879,82.9261962258253,
pgame_seed2,pgame,2,leg1_weak,top_k,2,18,182,1595.5164794921875,330,1687.7216796875,95.46390668514879,82.9261962258253,
pgame_seed2,pgame,2,leg1_weak,top_k,2,19,887,1429.99365234375,330,1687.7216796875,95.46390668514879,82.9261962258253,
pgame_seed2,pgame,2,leg1_weak,top_k,2,20,575,1407.66748046875,330,1687.7216796875,95.46390668514879,82.9261962258253,
pgame_seed2,pgame,2,leg1_weak,top_k,3,1,294,1664.61767578125,294,1619.42578125,85.09893281230079,73.92250166626606,
pgame_seed2,pgame,2,leg1_weak,top_k,3,2,972,1638.730224609375,294,1619.42578125,85.09893281230079,73.92250166626606,
pgame_seed2,pgame,2,leg1_weak,top_k,3,3,330,1789.59912109375,330,1687.7216796875,95.46390668514879,82.9261962258253,
pgame_seed2,pgame,2,leg1_weak,top_k,3,4,761,1459.614990234375,330,1687.7216796875,95.46390668514879,82.9261962258253,
pgame_seed2,pgame,2,leg1_weak,top_k,3,5,115,1683.642333984375,330,1687.7216796875,95.46390668514879,82.9261962258253,
pgame_seed2,pgame,2,leg1_weak,top_k,3,6,596,1471.609375,330,1687.7216796875,95.46390668514879,82.9261962258253,
pgame_seed2,pgame,2,leg1_weak,top_k,3,7,320,1580.20166015625,330,1687.7216796875,95.46390668514879,82.9261962258253,
pgame_seed2,pgame,2,leg1_weak,top_k,3,8,603,1556.69677734375,330,1687.7216796875,95.46390668514879,82.9261962258253,
pgame_seed2,pgame,2,leg1_weak,top_k,3,9,474,1519.320068359375,330,1687.7216796875,95.46390668514879,82.9261962258253,
pgame_seed2,pgame,2,leg1_weak,top_k,3,10,475,1677.6630859375,330,1687.7216796875,95.46390668514879,82.9261962258253,
pgame_seed2,pgame,2,leg1_weak,top_k,3,11,565,1453.06396484375,330,1687.7216796875,95.46390668514879,82.9261962258253,
pgame_seed2,pgame,2,leg1_weak,top_k,3,12,508,1722.1357421875,330,1687.7216796875,95.46390668514879,82.9261962258253,
pgame_seed2,pgame,2,leg1_weak,top_k,3,13,711,1528.96630859375,330,1687.7216796875,95.46390668514879,82.9261962258253,
pgame_seed2,pgame,2,leg1_weak,top_k,3,14,1001,1615.4176025390625,330,1687.7216796875,95.46390668514879,82.9261962258253,
pgame_seed2,pgame,2,leg1_weak,top_k,3,15,441,1540.330322265625,330,1687.7216796875,95.46390668514879,82.9261962258253,
pgame_seed2,pgame,2,leg1_weak,top_k,3,16,831,1607.9710693359375,330,1687.7216796875,95.46390668514879,82.9261962258253,
pgame_seed2,pgame,2,leg1_weak,top_k,3,17,209,1508.1358642578125,330,1687.7216796875,95.46390668514879,82.9261962258253,
pgame_seed2,pgame,2,leg1_weak,top_k,3,18,182,1583.9208984375,330,1687.7216796875,95.46390668514879,82.9261962258253,
pgame_seed2,pgame,2,leg1_weak,top_k,3,19,887,1606.3995361328125,330,1687.7216796875,95.46390668514879,82.9261962258253,
pgame_seed2,pgame,2,leg1_weak,top_k,3,20,575,1437.6790771484375,330,1687.7216796875,95.46390668514879,82.9261962258253,
pgame_seed2,pgame,2,leg1_weak,top_k,4,1,294,1647.6566162109375,294,1619.42578125,85.09893281230079,73.92250166626606,
pgame_seed2,pgame,2,leg1_weak,top_k,4,2,972,1567.81396484375,294,1619.42578125,85.09893281230079,73.92250166626606,
pgame_seed2,pgame,2,leg1_weak,top_k,4,3,330,1748.412353515625,330,1687.7216796875,95.46390668514879,82.9261962258253,
pgame_seed2,pgame,2,leg1_weak,top_k,4,4,761,1519.57861328125,330,1687.7216796875,95.46390668514879,82.9261962258253,
pgame_seed2,pgame,2,leg1_weak,top_k,4,5,115,1706.8306884765625,330,1687.7216796875,95.46390668514879,82.9261962258253,
pgame_seed2,pgame,2,leg1_weak,top_k,4,6,596,1567.447265625,330,1687.7216796875,95.46390668514879,82.9261962258253,
pgame_seed2,pgame,2,leg1_weak,top_k,4,7,320,1454.0816650390625,330,1687.7216796875,95.46390668514879,82.9261962258253,
pgame_seed2,pgame,2,leg1_weak,top_k,4,8,603,1531.9295654296875,330,1687.7216796875,95.46390668514879,82.9261962258253,
pgame_seed2,pgame,2,leg1_weak,top_k,4,9,474,1554.1258544921875,330,1687.7216796875,95.46390668514879,82.9261962258253,
pgame_seed2,pgame,2,leg1_weak,top_k,4,10,475,1683.385498046875,330,1687.7216796875,95.46390668514879,82.9261962258253,
pgame_seed2,pgame,2,leg1_weak,top_k,4,11,565,1488.76611328125,330,1687.7216796875,95.46390668514879,82.9261962258253,
pgame_seed2,pgame,2,leg1_weak,top_k,4,12,508,1736.82275390625,330,1687.7216796875,95.46390668514879,82.9261962258253,
pgame_seed2,pgame,2,leg1_weak,top_k,4,13,711,1588.259765625,330,1687.7216796875,95.46390668514879,82.9261962258253,
pgame_seed2,pgame,2,leg1_weak,top_k,4,14,1001,1671.67138671875,330,1687.7216796875,95.46390668514879,82.9261962258253,
pgame_seed2,pgame,2,leg1_weak,top_k,4,15,441,1585.0618896484375,330,1687.7216796875,95.46390668514879,82.9261962258253,
pgame_seed2,pgame,2,leg1_weak,top_k,4,16,831,1642.02392578125,330,1687.7216796875,95.46390668514879,82.9261962258253,
pgame_seed2,pgame,2,leg1_weak,top_k,4,17,209,1505.852294921875,330,1687.7216796875,95.46390668514879,82.9261962258253,
pgame_seed2,pgame,2,leg1_weak,top_k,4,18,182,1615.8543701171875,330,1687.7216796875,95.46390668514879,82.9261962258253,
pgame_seed2,pgame,2,leg1_weak,top_k,4,19,887,1575.6298828125,330,1687.7216796875,95.46390668514879,82.9261962258253,
pgame_seed2,pgame,2,leg1_weak,top_k,4,20,575,1490.1826171875,330,1687.7216796875,95.46390668514879,82.9261962258253,
pgame_seed2,pgame,2,leg2_weak,ite,0,1,294,1568.1734619140625,294,1661.2100830078125,93.73853091134947,79.43107683723454,2
pgame_seed2,pgame,2,leg2_weak,ite,0,2,294,1619.1141357421875,294,1661.2100830078125,93.73853091134947,79.43107683723454,2
pgame_seed2,pgame,2,leg2_weak,ite,0,3,294,1619.2822265625,294,1661.2100830078125,93.73853091134947,79.43107683723454,2
pgame_seed2,pgame,2,leg2_weak,ite,0,4,294,1649.4686279296875,294,1661.2100830078125,93.73853091134947,79.43107683723454,2
pgame_seed2,pgame,2,leg2_weak,ite,0,5,294,1611.108154296875,294,1661.2100830078125,93.73853091134947,79.43107683723454,2
pgame_seed2,pgame,2,leg2_weak,ite,0,6,294,1568.2247314453125,294,1661.2100830078125,93.73853091134947,79.43107683723454,2
pgame_seed2,pgame,2,leg2_weak,ite,0,7,294,1634.7415771484375,294,1661.2100830078125,93.73853091134947,79.43107683723454,2
pgame_seed2,pgame,2,leg2_weak,ite,0,8,294,1695.7481689453125,294,1661.2100830078125,93.73853091134947,79.43107683723454,2
pgame_seed2,pgame,2,leg2_weak,ite,0,9,294,1649.985595703125,294,1661.2100830078125,93.73853091134947,79.43107683723454,2
pgame_seed2,pgame,2,leg2_weak,ite,0,10,294,1636.107666015625,294,1661.2100830078125,93.73853091134947,79.43107683723454,2
pgame_seed2,pgame,2,leg2_weak,ite,0,11,294,1626.2412109375,294,1661.2100830078125,93.73853091134947,79.43107683723454,2
pgame_seed2,pgame,2,leg2_weak,ite,0,12,294,1634.435302734375,294,1661.2100830078125,93.73853091134947,79.43107683723454,2
pgame_seed2,pgame,2,leg2_weak,ite,0,13,294,1678.269287109375,294,1661.2100830078125,93.73853091134947,79.43107683723454,2
pgame_seed2,pgame,2,leg2_weak,ite,0,14,294,1645.89453125,294,1661.2100830078125,93.73853091134947,79.43107683723454,2
pgame_seed2,pgame,2,leg2_weak,ite,0,15,294,1635.51123046875,294,1661.2100830078125,93.73853091134947,79.43107683723454,2
pgame_seed2,pgame,2,leg2_weak,ite,0,16,294,1626.3699951171875,294,1661.2100830078125,93.73853091134947,79.43107683723454,2
pgame_seed2,pgame,2,leg2_weak,ite,0,17,294,1595.406005859375,294,1661.2100830078125,93.73853091134947,79.43107683723454,2
pgame_seed2,pgame,2,leg2_weak,ite,0,18,294,1618.80810546875,294,1661.2100830078125,93.73853091134947,79.43107683723454,2
pgame_seed2,pgame,2,leg2_weak,ite,0,19,294,1635.713623046875,294,1661.2100830078125,93.73853091134947,79.43107683723454,2
pgame_seed2,pgame,2,leg2_weak,ite,0,20,294,1631.445068359375,294,1661.2100830078125,93.73853091134947,79.43107683723454,2
pgame_seed2,pgame,2,leg2_weak,ite,1,1,294,1617.569580078125,294,1661.2100830078125,93.73853091134947,79.43107683723454,1
pgame_seed2,pgame,2,leg2_weak,ite,1,2,294,1603.680908203125,294,1661.2100830078125,93.73853091134947,79.43107683723454,1
pgame_seed2,pgame,2,leg2_weak,ite,1,3,294,1622.021240234375,294,1661.2100830078125,93.73853091134947,79.43107683723454,1
pgame_seed2,pgame,2,leg2_weak,ite,1,4,294,1638.82666015625,294,1661.2100830078125,93.73853091134947,79.43107683723454,1
pgame_seed2,pgame,2,leg2_weak,ite,1,5,294,1593.1474609375,294,1661.2100830078125,93.73853091134947,79.43107683723454,1
pgame_seed2,pgame,2,leg2_weak,ite,1,6,294,1637.5684814453125,294,1661.2100830078125,93.73853091134947,79.43107683723454,1
pgame_seed2,pgame,2,leg2_weak,ite,1,7,294,1632.786865234375,294,1661.2100830078125,93.73853091134947,79.43107683723454,1
pgame_seed2,pgame,2,leg2_weak,ite,1,8,294,1625.8277587890625,294,1661.2100830078125,93.73853091134947,79.43107683723454,1
pgame_seed2,pgame,2,leg2_weak,ite,1,9,294,1623.72216796875,294,1661.2100830078125,93.73853091134947,79.43107683723454,1
pgame_seed2,pgame,2,leg2_weak,ite,1,10,294,1663.3101806640625,294,1661.2100830078125,93.73853091134947,79.43107683723454,1
pgame_seed2,pgame,2,leg2_weak,ite,1,11,294,1645.7088623046875,294,1661.2100830078125,93.73853091134947,79.43107683723454,1
pgame_seed2,pgame,2,leg2_weak,ite,1,12,294,1634.96044921875,294,1661.2100830078125,93.73853091134947,79.43107683723454,1
pgame_seed2,pgame,2,leg2_weak,ite,1,13,294,1628.8548583984375,294,1661.2100830078125,93.73853091134947,79.43107683723454,1
pgame_seed2,pgame,2,leg2_weak,ite,1,14,294,1637.0140380859375,294,1661.2100830078125,93.73853091134947,79.43107683723454,1
pgame_seed2,pgame,2,leg2_weak,ite,1,15,294,1580.1322021484375,294,1661.2100830078125,93.73853091134947,79.43107683723454,1
pgame_seed2,pgame,2,leg2_weak,ite,1,16,294,1531.279296875,294,1661.2100830078125,93.73853091134947,79.43107683723454,1
pgame_seed2,pgame,2,leg2_weak,ite,1,17,294,1587.6961669921875,294,1661.2100830078125,93.73853091134947,79.43107683723454,1
pgame_seed2,pgame,2,leg2_weak,ite,1,18,294,1610.6494140625,294,1661.2100830078125,93.73853091134947,79.43107683723454,1
pgame_seed2,pgame,2,leg2_weak,ite,1,19,294,1674.6075439453125,294,1661.2100830078125,93.73853091134947,79.43107683723454,1
pgame_seed2,pgame,2,leg2_weak,ite,1,20,294,1629.0166015625,294,1661.2100830078125,93.73853091134947,79.43107683723454,1
pgame_seed2,pgame,2,leg2_weak,ite,2,1,294,1620.23046875,294,1661.2100830078125,93.73853091134947,79.43107683723454,1
pgame_seed2,pgame,2,leg2_weak,ite,2,2,294,1588.45263671875,294,1661.2100830078125,93.73853091134947,79.43107683723454,1
pgame_seed2,pgame,2,leg2_weak,ite,2,3,294,1641.78076171875,294,1661.2100830078125,93.73853091134947,79.43107683723454,1
pgame_seed2,pgame,2,leg2_weak,ite,2,4,294,1639.75,294,1661.2100830078125,93.73853091134947,79.43107683723454,1
pgame_seed2,pgame,2,leg2_weak,ite,2,5,294,1683.0712890625,294,1661.2100830078125,93.73853091134947,79.43107683723454,1
pgame_seed2,pgame,2,leg2_weak,ite,2,6,294,1643.3837890625,294,1661.2100830078125,93.73853091134947,79.43107683723454,1
pgame_seed2,pgame,2,leg2_weak,ite,2,7,294,1543.9320068359375,294,1661.2100830078125,93.73853091134947,79.43107683723454,1
pgame_seed2,pgame,2,leg2_weak,ite,2,8,294,1650.916748046875,294,1661.2100830078125,93.73853091134947,79.43107683723454,1
pgame_seed2,pgame,2,leg2_weak,ite,2,9,294,1624.70703125,294,1661.2100830078125,93.73853091134947,79.43107683723454,1
pgame_seed2,pgame,2,leg2_weak,ite,2,10,294,1637.262939453125,294,1661.2100830078125,93.73853091134947,79.43107683723454,1
pgame_seed2,pgame,2,leg2_weak,ite,2,11,294,1624.8331298828125,294,1661.2100830078125,93.73853091134947,79.43107683723454,1
pgame_seed2,pgame,2,leg2_weak,ite,2,12,294,1634.561279296875,294,1661.2100830078125,93.73853091134947,79.43107683723454,1
pgame_seed2,pgame,2,leg2_weak,ite,2,13,294,1611.102783203125,294,1661.2100830078125,93.73853091134947,79.43107683723454,1
pgame_seed2,pgame,2,leg2_weak,ite,2,14,294,1608.759521484375,294,1661.2100830078125,93.73853091134947,79.43107683723454,1
pgame_seed2,pgame,2,leg2_weak,ite,2,15,294,1653.7879638671875,294,1661.2100830078125,93.73853091134947,79.43107683723454,1
pgame_seed2,pgame,2,leg2_weak,ite,2,16,294,1655.18310546875,294,1661.2100830078125,93.73853091134947,79.43107683723454,1
pgame_seed2,pgame,2,leg2_weak,ite,2,17,294,1657.5604248046875,294,1661.2100830078125,93.73853091134947,79.43107683723454,1
pgame_seed2,pgame,2,leg2_weak,ite,2,18,294,1618.20263671875,294,1661.2100830078125,93.73853091134947,79.43107683723454,1
pgame_seed2,pgame,2,leg2_weak,ite,2,19,294,1589.5660400390625,294,1661.2100830078125,93.73853091134947,79.43107683723454,1
pgame_seed2,pgame,2,leg2_weak,ite,2,20,294,1573.02587890625,294,1661.2100830078125,93.73853091134947,79.43107683723454,1
pgame_seed2,pgame,2,leg2_weak,ite,3,1,294,1684.269775390625,294,1661.2100830078125,93.73853091134947,79.43107683723454,1
pgame_seed2,pgame,2,leg2_weak,ite,3,2,294,1667.983642578125,294,1661.2100830078125,93.73853091134947,79.43107683723454,1
pgame_seed2,pgame,2,leg2_weak,ite,3,3,294,1609.368896484375,294,1661.2100830078125,93.73853091134947,79.43107683723454,1
pgame_seed2,pgame,2,leg2_weak,ite,3,4,294,1638.1142578125,294,1661.2100830078125,93.73853091134947,79.43107683723454,1
pgame_seed2,pgame,2,leg2_weak,ite,3,5,294,1661.46923828125,294,1661.2100830078125,93.73853091134947,79.43107683723454,1
pgame_seed2,pgame,2,leg2_weak,ite,3,6,294,1678.4189453125,294,1661.2100830078125,93.73853091134947,79.43107683723454,1
pgame_seed2,pgame,2,leg2_weak,ite,3,7,294,1614.470703125,294,1661.2100830078125,93.73853091134947,79.43107683723454,1
pgame_seed2,pgame,2,leg2_weak,ite,3,8,294,1603.5977783203125,294,1661.2100830078125,93.73853091134947,79.43107683723454,1
pgame_seed2,pgame,2,leg2_weak,ite,3,9,294,1654.318115234375,294,1661.2100830078125,93.73853091134947,79.43107683723454,1
pgame_seed2,pgame,2,leg2_weak,ite,3,10,294,1657.386962890625,294,1661.2100830078125,93.73853091134947,79.43107683723454,1
pgame_seed2,pgame,2,leg2_weak,ite,3,11,294,1609.778076171875,294,1661.2100830078125,93.73853091134947,79.43107683723454,1
pgame_seed2,pgame,2,leg2_weak,ite,3,12,294,1707.95947265625,294,1661.2100830078125,93.73853091134947,79.43107683723454,1
pgame_seed2,pgame,2,leg2_weak,ite,3,13,294,1658.9365234375,294,1661.2100830078125,93.73853091134947,79.43107683723454,1
pgame_seed2,pgame,2,leg2_weak,ite,3,14,294,1609.32568359375,294,1661.2100830078125,93.73853091134947,79.43107683723454,1
pgame_seed2,pgame,2,leg2_weak,ite,3,15,294,1598.175537109375,294,1661.2100830078125,93.73853091134947,79.43107683723454,1
pgame_seed2,pgame,2,leg2_weak,ite,3,16,294,1621.16796875,294,1661.2100830078125,93.73853091134947,79.43107683723454,1
pgame_seed2,pgame,2,leg2_weak,ite,3,17,294,1645.806884765625,294,1661.2100830078125,93.73853091134947,79.43107683723454,1
pgame_seed2,pgame,2,leg2_weak,ite,3,18,294,1629.96435546875,294,1661.2100830078125,93.73853091134947,79.43107683723454,1
pgame_seed2,pgame,2,leg2_weak,ite,3,19,294,1534.793212890625,294,1661.2100830078125,93.73853091134947,79.43107683723454,1
pgame_seed2,pgame,2,leg2_weak,ite,3,20,294,1624.194091796875,294,1661.2100830078125,93.73853091134947,79.43107683723454,1
pgame_seed2,pgame,2,leg2_weak,ite,4,1,294,1553.09033203125,294,1661.2100830078125,93.73853091134947,79.43107683723454,2
pgame_seed2,pgame,2,leg2_weak,ite,4,2,294,1634.962890625,294,1661.2100830078125,93.73853091134947,79.43107683723454,2
pgame_seed2,pgame,2,leg2_weak,ite,4,3,294,1575.8780517578125,294,1661.2100830078125,93.73853091134947,79.43107683723454,2
pgame_seed2,pgame,2,leg2_weak,ite,4,4,294,1641.376708984375,294,1661.2100830078125,93.73853091134947,79.43107683723454,2
pgame_seed2,pgame,2,leg2_weak,ite,4,5,294,1587.243896484375,294,1661.2100830078125,93.73853091134947,79.43107683723454,2
pgame_seed2,pgame,2,leg2_weak,ite,4,6,294,1638.71337890625,294,1661.2100830078125,93.73853091134947,79.43107683723454,2
pgame_seed2,pgame,2,leg2_weak,ite,4,7,294,1600.7606201171875,294,1661.2100830078125,93.73853091134947,79.43107683723454,2
pgame_seed2,pgame,2,leg2_weak,ite,4,8,294,1693.038818359375,294,1661.2100830078125,93.73853091134947,79.43107683723454,2
pgame_seed2,pgame,2,leg2_weak,ite,4,9,294,1687.88671875,294,1661.2100830078125,93.73853091134947,79.43107683723454,2
pgame_seed2,pgame,2,leg2_weak,ite,4,10,294,1630.1822509765625,294,1661.2100830078125,93.73853091134947,79.43107683723454,2
pgame_seed2,pgame,2,leg2_weak,ite,4,11,294,1635.206787109375,294,1661.2100830078125,93.73853091134947,79.43107683723454,2
pgame_seed2,pgame,2,leg2_weak,ite,4,12,294,1526.4613037109375,294,1661.2100830078125,93.73853091134947,79.43107683723454,2
pgame_seed2,pgame,2,leg2_weak,ite,4,13,294,1585.43505859375,294,1661.2100830078125,93.73853091134947,79.43107683723454,2
pgame_seed2,pgame,2,leg2_weak,ite,4,14,294,1603.91455078125,294,1661.2100830078125,93.73853091134947,79.43107683723454,2
pgame_seed2,pgame,2,leg2_weak,ite,4,15,294,1562.0618896484375,294,1661.2100830078125,93.73853091134947,79.43107683723454,2
pgame_seed2,pgame,2,leg2_weak,ite,4,16,294,1694.3282470703125,294,1661.2100830078125,93.73853091134947,79.43107683723454,2
pgame_seed2,pgame,2,leg2_weak,ite,4,17,294,1640.3519287109375,294,1661.2100830078125,93.73853091134947,79.43107683723454,2
pgame_seed2,pgame,2,leg2_weak,ite,4,18,294,1670.9569091796875,294,1661.2100830078125,93.73853091134947,79.43107683723454,2
pgame_seed2,pgame,2,leg2_weak,ite,4,19,294,1621.757568359375,294,1661.2100830078125,93.73853091134947,79.43107683723454,2
pgame_seed2,pgame,2,leg2_weak,ite,4,20,294,1648.113037109375,294,1661.2100830078125,93.73853091134947,79.43107683723454,2
pgame_seed2,pgame,2,leg2_weak,top_k,0,1,294,1665.315185546875,294,1661.2100830078125,93.73853091134947,79.43107683723454,
pgame_seed2,pgame,2,leg2_weak,top_k,0,2,972,1577.62060546875,294,1661.2100830078125,93.73853091134947,79.43107683723454,
pgame_seed2,pgame,2,leg2_weak,top_k,0,3,330,1548.2177734375,294,1661.2100830078125,93.73853091134947,79.43107683723454,
pgame_seed2,pgame,2,leg2_weak,top_k,0,4,761,1668.875,761,1657.2762451171875,93.12650433269086,78.91246480306647,
pgame_seed2,pgame,2,leg2_weak,top_k,0,5,115,1659.557861328125,761,1657.2762451171875,93.12650433269086,78.91246480306647,
pgame_seed2,pgame,2,leg2_weak,top_k,0,6,596,1708.0662841796875,596,1678.8388671875,96.48121751089592,81.75514302336943,
pgame_seed2,pgame,2,leg2_weak,top_k,0,7,320,1606.998046875,596,1678.8388671875,96.48121751089592,81.75514302336943,
pgame_seed2,pgame,2,leg2_weak,top_k,0,8,603,1629.6142578125,596,1678.8388671875,96.48121751089592,81.75514302336943,
pgame_seed2,pgame,2,leg2_weak,top_k,0,9,474,1511.4541015625,596,1678.8388671875,96.48121751089592,81.75514302336943,
pgame_seed2,pgame,2,leg2_weak,top_k,0,10,475,1251.369873046875,596,1678.8388671875,96.48121751089592,81.75514302336943,
pgame_seed2,pgame,2,leg2_weak,top_k,0,11,565,1612.7943115234375,596,1678.8388671875,96.48121751089592,81.75514302336943,
pgame_seed2,pgame,2,leg2_weak,top_k,0,12,508,1705.38916015625,596,1678.8388671875,96.48121751089592,81.75514302336943,
pgame_seed2,pgame,2,leg2_weak,top_k,0,13,711,1609.77294921875,596,1678.8388671875,96.48121751089592,81.75514302336943,
pgame_seed2,pgame,2,leg2_weak,top_k,0,14,1001,1580.1080322265625,596,1678.8388671875,96.48121751089592,81.75514302336943,
pgame_seed2,pgame,2,leg2_weak,top_k,0,15,441,1544.1810302734375,596,1678.8388671875,96.48121751089592,81.75514302336943,
pgame_seed2,pgame,2,leg2_weak,top_k,0,16,831,1491.2158203125,596,1678.8388671875,96.48121751089592,81.75514302336943,
pgame_seed2,pgame,2,leg2_weak,top_k,0,17,209,1443.15771484375,596,1678.8388671875,96.48121751089592,81.75514302336943,
pgame_seed2,pgame,2,leg2_weak,top_k,0,18,182,1494.296875,596,1678.8388671875,96.48121751089592,81.75514302336943,
pgame_seed2,pgame,2,leg2_weak,top_k,0,19,887,1573.3798828125,596,1678.8388671875,96.48121751089592,81.75514302336943,
pgame_seed2,pgame,2,leg2_weak,top_k,0,20,575,1301.8282470703125,596,1678.8388671875,96.48121751089592,81.75514302336943,
pgame_seed2,pgame,2,leg2_weak,top_k,1,1,294,1579.861572265625,294,1661.2100830078125,93.73853091134947,79.43107683723454,
pgame_seed2,pgame,2,leg2_weak,top_k,1,2,972,1605.0828857421875,972,1601.0086669921875,84.37239338894305,71.49450708328833,
pgame_seed2,pgame,2,leg2_weak,top_k,1,3,330,1577.4569091796875,972,1601.0086669921875,84.37239338894305,71.49450708328833,
pgame_seed2,pgame,2,leg2_weak,top_k,1,4,761,1659.153076171875,761,1657.2762451171875,93.12650433269086,78.91246480306647,
pgame_seed2,pgame,2,leg2_weak,top_k,1,5,115,1666.993408203125,115,1651.031005859375,92.15486988253404,78.08913239196757,
pgame_seed2,pgame,2,leg2_weak,top_k,1,6,596,1682.9683837890625,596,1678.8388671875,96.48121751089592,81.75514302336943,
pgame_seed2,pgame,2,leg2_weak,top_k,1,7,320,1573.9642333984375,596,1678.8388671875,96.48121751089592,81.75514302336943,
pgame_seed2,pgame,2,leg2_weak,top_k,1,8,603,1572.898681640625,596,1678.8388671875,96.48121751089592,81.75514302336943,
pgame_seed2,pgame,2,leg2_weak,top_k,1,9,474,1498.8408203125,596,1678.8388671875,96.48121751089592,81.75514302336943,
pgame_seed2,pgame,2,leg2_weak,top_k,1,10,475,1768.47705078125,475,1689.7332763671875,98.17616991161414,83.19139226973567,
pgame_seed2,pgame,2,leg2_weak,top_k,1,11,565,1612.2845458984375,475,1689.7332763671875,98.17616991161414,83.19139226973567,
pgame_seed2,pgame,2,leg2_weak,top_k,1,12,508,1658.51025390625,475,1689.7332763671875,98.17616991161414,83.19139226973567,
pgame_seed2,pgame,2,leg2_weak,top_k,1,13,711,1609.1495361328125,475,1689.7332763671875,98.17616991161414,83.19139226973567,
pgame_seed2,pgame,2,leg2_weak,top_k,1,14,1001,1605.7398681640625,475,1689.7332763671875,98.17616991161414,83.19139226973567,
pgame_seed2,pgame,2,leg2_weak,top_k,1,15,441,1577.283203125,475,1689.7332763671875,98.17616991161414,83.19139226973567,
pgame_seed2,pgame,2,leg2_weak,top_k,1,16,831,1501.6396484375,475,1689.7332763671875,98.17616991161414,83.19139226973567,
pgame_seed2,pgame,2,leg2_weak,top_k,1,17,209,1382.5478515625,475,1689.7332763671875,98.17616991161414,83.19139226973567,
pgame_seed2,pgame,2,leg2_weak,top_k,1,18,182,1560.0888671875,475,1689.7332763671875,98.17616991161414,83.19139226973567,
pgame_seed2,pgame,2,leg2_weak,top_k,1,19,887,1561.0972900390625,475,1689.7332763671875,98.17616991161414,83.19139226973567,
pgame_seed2,pgame,2,leg2_weak,top_k,1,20,575,1511.07958984375,475,1689.7332763671875,98.17616991161414,83.19139226973567,
pgame_seed2,pgame,2,leg2_weak,top_k,2,1,294,1615.328857421875,294,1661.2100830078125,93.73853091134947,79.43107683723454,
pgame_seed2,pgame,2,leg2_weak,top_k,2,2,972,1570.6883544921875,294,1661.2100830078125,93.73853091134947,79.43107683723454,
pgame_seed2,pgame,2,leg2_weak,top_k,2,3,330,1594.20166015625,294,1661.2100830078125,93.73853091134947,79.43107683723454,
pgame_seed2,pgame,2,leg2_weak,top_k,2,4,761,1669.39013671875,761,1657.2762451171875,93.12650433269086,78.91246480306647,
pgame_seed2,pgame,2,leg2_weak,top_k,2,5,115,1657.056640625,761,1657.2762451171875,93.12650433269086,78.91246480306647,
pgame_seed2,pgame,2,leg2_weak,top_k,2,6,596,1646.11474609375,761,1657.2762451171875,93.12650433269086,78.91246480306647,
pgame_seed2,pgame,2,leg2_weak,top_k,2,7,320,1579.700927734375,761,1657.2762451171875,93.12650433269086,78.91246480306647,
pgame_seed2,pgame,2,leg2_weak,top_k,2,8,603,1613.0184326171875,761,1657.2762451171875,93.12650433269086,78.91246480306647,
pgame_seed2,pgame,2,leg2_weak,top_k,2,9,474,1502.30908203125,761,1657.2762451171875,93.12650433269086,78.91246480306647,
pgame_seed2,pgame,2,leg2_weak,top_k,2,10,475,1657.46435546875,761,1657.2762451171875,93.12650433269086,78.91246480306647,
pgame_seed2,pgame,2,leg2_weak,top_k,2,11,565,1603.02001953125,761,1657.2762451171875,93.12650433269086,78.91246480306647,
pgame_seed2,pgame,2,leg2_weak,top_k,2,12,508,1604.4423828125,761,1657.2762451171875,93.12650433269086,78.91246480306647,
pgame_seed2,pgame,2,leg2_weak,top_k,2,13,711,1602.650390625,761,1657.2762451171875,93.12650433269086,78.91246480306647,
pgame_seed2,pgame,2,leg2_weak,top_k,2,14,1001,1604.218994140625,761,1657.2762451171875,93.12650433269086,78.91246480306647,
pgame_seed2,pgame,2,leg2_weak,top_k,2,15,441,1537.3729248046875,761,1657.2762451171875,93.12650433269086,78.91246480306647,
pgame_seed2,pgame,2,leg2_weak,top_k,2,16,831,1537.361572265625,761,1657.2762451171875,93.12650433269086,78.91246480306647,
pgame_seed2,pgame,2,leg2_weak,top_k,2,17,209,1431.081298828125,761,1657.2762451171875,93.12650433269086,78.91246480306647,
pgame_seed2,pgame,2,leg2_weak,top_k,2,18,182,1610.58837890625,761,1657.2762451171875,93.12650433269086,78.91246480306647,
pgame_seed2,pgame,2,leg2_weak,top_k,2,19,887,1590.1103515625,761,1657.2762451171875,93.12650433269086,78.91246480306647,
pgame_seed2,pgame,2,leg2_weak,top_k,2,20,575,1328.3427734375,761,1657.2762451171875,93.12650433269086,78.91246480306647,
pgame_seed2,pgame,2,leg2_weak,top_k,3,1,294,1630.3697509765625,294,1661.2100830078125,93.73853091134947,79.43107683723454,
pgame_seed2,pgame,2,leg2_weak,top_k,3,2,972,1610.700927734375,294,1661.2100830078125,93.73853091134947,79.43107683723454,
pgame_seed2,pgame,2,leg2_weak,top_k,3,3,330,1691.511474609375,330,1631.6494140625,89.13948143842237,75.53398725720054,
pgame_seed2,pgame,2,leg2_weak,top_k,3,4,761,1642.9921875,330,1631.6494140625,89.13948143842237,75.53398725720054,
pgame_seed2,pgame,2,leg2_weak,top_k,3,5,115,1665.2349853515625,330,1631.6494140625,89.13948143842237,75.53398725720054,
pgame_seed2,pgame,2,leg2_weak,top_k,3,6,596,1705.6741943359375,596,1678.8388671875,96.48121751089592,81.75514302336943,
pgame_seed2,pgame,2,leg2_weak,top_k,3,7,320,1579.4912109375,596,1678.8388671875,96.48121751089592,81.75514302336943,
pgame_seed2,pgame,2,leg2_weak,top_k,3,8,603,1583.007568359375,596,1678.8388671875,96.48121751089592,81.75514302336943,
pgame_seed2,pgame,2,leg2_weak,top_k,3,9,474,1506.6951904296875,596,1678.8388671875,96.48121751089592,81.75514302336943,
pgame_seed2,pgame,2,leg2_weak,top_k,3,10,475,1520.834716796875,596,1678.8388671875,96.48121751089592,81.75514302336943,
pgame_seed2,pgame,2,leg2_weak,top_k,3,11,565,1567.677978515625,596,1678.8388671875,96.48121751089592,81.75514302336943,
pgame_seed2,pgame,2,leg2_weak,top_k,3,12,508,1675.15673828125,596,1678.8388671875,96.48121751089592,81.75514302336943,
pgame_seed2,pgame,2,leg2_weak,top_k,3,13,711,1579.345703125,596,1678.8388671875,96.48121751089592,81.75514302336943,
pgame_seed2,pgame,2,leg2_weak,top_k,3,14,1001,1593.47802734375,596,1678.8388671875,96.48121751089592,81.75514302336943,
pgame_seed2,pgame,2,leg2_weak,top_k,3,15,441,1521.70703125,596,1678.8388671875,96.48121751089592,81.75514302336943,
pgame_seed2,pgame,2,leg2_weak,top_k,3,16,831,1251.9208984375,596,1678.8388671875,96.48121751089592,81.75514302336943,
pgame_seed2,pgame,2,leg2_weak,top_k,3,17,209,1359.008056640625,596,1678.8388671875,96.48121751089592,81.75514302336943,
pgame_seed2,pgame,2,leg2_weak,top_k,3,18,182,1510.3602294921875,596,1678.8388671875,96.48121751089592,81.75514302336943,
pgame_seed2,pgame,2,leg2_weak,top_k,3,19,887,1609.252685546875,596,1678.8388671875,96.48121751089592,81.75514302336943,
pgame_seed2,pgame,2,leg2_weak,top_k,3,20,575,1420.6790771484375,596,1678.8388671875,96.48121751089592,81.75514302336943,
pgame_seed2,pgame,2,leg2_weak,top_k,4,1,294,1667.465576171875,294,1661.2100830078125,93.73853091134947,79.43107683723454,
pgame_seed2,pgame,2,leg2_weak,top_k,4,2,972,1440.380615234375,294,1661.2100830078125,93.73853091134947,79.43107683723454,
pgame_seed2,pgame,2,leg2_weak,top_k,4,3,330,1557.07861328125,294,1661.2100830078125,93.73853091134947,79.43107683723454,
pgame_seed2,pgame,2,leg2_weak,top_k,4,4,761,1656.9593505859375,294,1661.2100830078125,93.73853091134947,79.43107683723454,
pgame_seed2,pgame,2,leg2_weak,top_k,4,5,115,1647.763671875,294,1661.2100830078125,93.73853091134947,79.43107683723454,
pgame_seed2,pgame,2,leg2_weak,top_k,4,6,596,1656.5994873046875,294,1661.2100830078125,93.73853091134947,79.43107683723454,
pgame_seed2,pgame,2,leg2_weak,top_k,4,7,320,1635.024658203125,294,1661.2100830078125,93.73853091134947,79.43107683723454,
pgame_seed2,pgame,2,leg2_weak,top_k,4,8,603,1553.131103515625,294,1661.2100830078125,93.73853091134947,79.43107683723454,
pgame_seed2,pgame,2,leg2_weak,top_k,4,9,474,1522.44091796875,294,1661.2100830078125,93.73853091134947,79.43107683723454,
pgame_seed2,pgame,2,leg2_weak,top_k,4,10,475,1309.91943359375,294,1661.2100830078125,93.73853091134947,79.43107683723454,
pgame_seed2,pgame,2,leg2_weak,top_k,4,11,565,1611.285400390625,294,1661.2100830078125,93.73853091134947,79.43107683723454,
pgame_seed2,pgame,2,leg2_weak,top_k,4,12,508,1708.6820068359375,508,1641.373291015625,90.65232241163616,76.81592101931065,
pgame_seed2,pgame,2,leg2_weak,top_k,4,13,711,1592.7225341796875,508,1641.373291015625,90.65232241163616,76.81592101931065,
pgame_seed2,pgame,2,leg2_weak,top_k,4,14,1001,1606.0230712890625,508,1641.373291015625,90.65232241163616,76.81592101931065,
pgame_seed2,pgame,2,leg2_weak,top_k,4,15,441,1531.048828125,508,1641.373291015625,90.65232241163616,76.81592101931065,
pgame_seed2,pgame,2,leg2_weak,top_k,4,16,831,1599.5068359375,508,1641.373291015625,90.65232241163616,76.81592101931065,
pgame_seed2,pgame,2,leg2_weak,top_k,4,17,209,1454.74267578125,508,1641.373291015625,90.65232241163616,76.81592101931065,
pgame_seed2,pgame,2,leg2_weak,top_k,4,18,182,1605.161865234375,508,1641.373291015625,90.65232241163616,76.81592101931065,
pgame_seed2,pgame,2,leg2_weak,top_k,4,19,887,1585.082763671875,508,1641.373291015625,90.65232241163616,76.81592101931065,
pgame_seed2,pgame,2,leg2_weak,top_k,4,20,575,1276.2672119140625,508,1641.373291015625,90.65232241163616,76.81592101931065,
pgame_seed2,pgame,2,leg3_weak,ite,0,1,294,1664.420166015625,294,1692.56640625,98.38607411220434,83.56489399818497,1
pgame_seed2,pgame,2,leg3_weak,ite,0,2,294,1716.966064453125,294,1692.56640625,98.38607411220434,83.56489399818497,1
pgame_seed2,pgame,2,leg3_weak,ite,0,3,294,1693.417236328125,294,1692.56640625,98.38607411220434,83.56489399818497,1
pgame_seed2,pgame,2,leg3_weak,ite,0,4,294,1740.130615234375,294,1692.56640625,98.38607411220434,83.56489399818497,1
pgame_seed2,pgame,2,leg3_weak,ite,0,5,294,1661.380859375,294,1692.56640625,98.38607411220434,83.56489399818497,1
pgame_seed2,pgame,2,leg3_weak,ite,0,6,294,1734.368896484375,294,1692.56640625,98.38607411220434,83.56489399818497,1
pgame_seed2,pgame,2,leg3_weak,ite,0,7,294,1715.4488525390625,294,1692.56640625,98.38607411220434,83.56489399818497,1
pgame_seed2,pgame,2,leg3_weak,ite,0,8,294,1687.3677978515625,294,1692.56640625,98.38607411220434,83.56489399818497,1
pgame_seed2,pgame,2,leg3_weak,ite,0,9,294,1585.680908203125,294,1692.56640625,98.38607411220434,83.56489399818497,1
pgame_seed2,pgame,2,leg3_weak,ite,0,10,294,1735.2686767578125,294,1692.56640625,98.38607411220434,83.56489399818497,1
pgame_seed2,pgame,2,leg3_weak,ite,0,11,294,1668.004638671875,294,1692.56640625,98.38607411220434,83.56489399818497,1
pgame_seed2,pgame,2,leg3_weak,ite,0,12,294,1592.4132080078125,294,1692.56640625,98.38607411220434,83.56489399818497,1
pgame_seed2,pgame,2,leg3_weak,ite,0,13,294,1680.1517333984375,294,1692.56640625,98.38607411220434,83.56489399818497,1
pgame_seed2,pgame,2,leg3_weak,ite,0,14,294,1712.436279296875,294,1692.56640625,98.38607411220434,83.56489399818497,1
pgame_seed2,pgame,2,leg3_weak,ite,0,15,294,1741.948974609375,294,1692.56640625,98.38607411220434,83.56489399818497,1
pgame_seed2,pgame,2,leg3_weak,ite,0,16,294,1686.8228759765625,294,1692.56640625,98.38607411220434,83.56489399818497,1
pgame_seed2,pgame,2,leg3_weak,ite,0,17,294,1704.513427734375,294,1692.56640625,98.38607411220434,83.56489399818497,1
pgame_seed2,pgame,2,leg3_weak,ite,0,18,294,1735.01220703125,294,1692.56640625,98.38607411220434,83.56489399818497,1
pgame_seed2,pgame,2,leg3_weak,ite,0,19,294,1754.927978515625,294,1692.56640625,98.38607411220434,83.56489399818497,1
pgame_seed2,pgame,2,leg3_weak,ite,0,20,294,1708.5419921875,294,1692.56640625,98.38607411220434,83.56489399818497,1
pgame_seed2,pgame,2,leg3_weak,ite,1,1,294,1697.0396728515625,294,1692.56640625,98.38607411220434,83.56489399818497,1
pgame_seed2,pgame,2,leg3_weak,ite,1,2,294,1734.09130859375,294,1692.56640625,98.38607411220434,83.56489399818497,1
pgame_seed2,pgame,2,leg3_weak,ite,1,3,294,1593.355712890625,294,1692.56640625,98.38607411220434,83.56489399818497,1
pgame_seed2,pgame,2,leg3_weak,ite,1,4,294,1666.0611572265625,294,1692.56640625,98.38607411220434,83.56489399818497,1
pgame_seed2,pgame,2,leg3_weak,ite,1,5,294,1710.593505859375,294,1692.56640625,98.38607411220434,83.56489399818497,1
pgame_seed2,pgame,2,leg3_weak,ite,1,6,294,1697.812744140625,294,1692.56640625,98.38607411220434,83.56489399818497,1
pgame_seed2,pgame,2,leg3_weak,ite,1,7,294,1732.6435546875,294,1692.56640625,98.38607411220434,83.56489399818497,1
pgame_seed2,pgame,2,leg3_weak,ite,1,8,294,1712.32275390625,294,1692.56640625,98.38607411220434,83.56489399818497,1
pgame_seed2,pgame,2,leg3_weak,ite,1,9,294,1687.14453125,294,1692.56640625,98.38607411220434,83.56489399818497,1
pgame_seed2,pgame,2,leg3_weak,ite,1,10,294,1745.897216796875,294,1692.56640625,98.38607411220434,83.56489399818497,1
pgame_seed2,pgame,2,leg3_weak,ite,1,11,294,1689.442626953125,294,1692.56640625,98.38607411220434,83.56489399818497,1
pgame_seed2,pgame,2,leg3_weak,ite,1,12,294,1749.119140625,294,1692.56640625,98.38607411220434,83.56489399818497,1
pgame_seed2,pgame,2,leg3_weak,ite,1,13,294,1762.76611328125,294,1692.56640625,98.38607411220434,83.56489399818497,1
pgame_seed2,pgame,2,leg3_weak,ite,1,14,294,1552.6986083984375,294,1692.56640625,98.38607411220434,83.56489399818497,1
pgame_seed2,pgame,2,leg3_weak,ite,1,15,294,1756.7816162109375,294,1692.56640625,98.38607411220434,83.56489399818497,1
pgame_seed2,pgame,2,leg3_weak,ite,1,16,294,1746.37841796875,294,1692.56640625,98.38607411220434,83.56489399818497,1
pgame_seed2,pgame,2,leg3_weak,ite,1,17,294,1634.12939453125,294,1692.56640625,98.38607411220434,83.56489399818497,1
pgame_seed2,pgame,2,leg3_weak,ite,1,18,294,1751.2796630859375,294,1692.56640625,98.38607411220434,83.56489399818497,1
pgame_seed2,pgame,2,leg3_weak,ite,1,19,294,1735.86376953125,294,1692.56640625,98.38607411220434,83.56489399818497,1
pgame_seed2,pgame,2,leg3_weak,ite,1,20,294,1656.0372314453125,294,1692.56640625,98.38607411220434,83.56489399818497,1
pgame_seed2,pgame,2,leg3_weak,ite,2,1,294,1720.0166015625,294,1692.56640625,98.38607411220434,83.56489399818497,1
pgame_seed2,pgame,2,leg3_weak,ite,2,2,294,1762.10888671875,294,1692.56640625,98.38607411220434,83.56489399818497,1
pgame_seed2,pgame,2,leg3_weak,ite,2,3,294,1709.44775390625,294,1692.56640625,98.38607411220434,83.56489399818497,1
pgame_seed2,pgame,2,leg3_weak,ite,2,4,294,1699.208251953125,294,1692.56640625,98.38607411220434,83.56489399818497,1
pgame_seed2,pgame,2,leg3_weak,ite,2,5,294,1746.5517578125,294,1692.56640625,98.38607411220434,83.56489399818497,1
pgame_seed2,pgame,2,leg3_weak,ite,2,6,294,1613.533935546875,294,1692.56640625,98.38607411220434,83.56489399818497,1
pgame_seed2,pgame,2,leg3_weak,ite,2,7,294,1721.631591796875,294,1692.56640625,98.38607411220434,83.56489399818497,1
pgame_seed2,pgame,2,leg3_weak,ite,2,8,294,1705.951416015625,294,1692.56640625,98.38607411220434,83.56489399818497,1
pgame_seed2,pgame,2,leg3_weak,ite,2,9,294,1697.963134765625,294,1692.56640625,98.38607411220434,83.56489399818497,1
pgame_seed2,pgame,2,leg3_weak,ite,2,10,294,1584.33642578125,294,1692.56640625,98.38607411220434,83.56489399818497,1
pgame_seed2,pgame,2,leg3_weak,ite,2,11,294,1654.00244140625,294,1692.56640625,98.38607411220434,83.56489399818497,1
pgame_seed2,pgame,2,leg3_weak,ite,2,12,294,1747.3448486328125,294,1692.56640625,98.38607411220434,83.56489399818497,1
pgame_seed2,pgame,2,leg3_weak,ite,2,13,294,1676.997314453125,294,1692.56640625,98.38607411220434,83.56489399818497,1
pgame_seed2,pgame,2,leg3_weak,ite,2,14,294,1623.43115234375,294,1692.56640625,98.38607411220434,83.56489399818497,1
pgame_seed2,pgame,2,leg3_weak,ite,2,15,294,1665.952392578125,294,1692.56640625,98.38607411220434,83.56489399818497,1
pgame_seed2,pgame,2,leg3_weak,ite,2,16,294,1728.663818359375,294,1692.56640625,98.38607411220434,83.56489399818497,1
pgame_seed2,pgame,2,leg3_weak,ite,2,17,294,1729.912109375,294,1692.56640625,98.38607411220434,83.56489399818497,1
pgame_seed2,pgame,2,leg3_weak,ite,2,18,294,1670.63623046875,294,1692.56640625,98.38607411220434,83.56489399818497,1
pgame_seed2,pgame,2,leg3_weak,ite,2,19,294,1659.833251953125,294,1692.56640625,98.38607411220434,83.56489399818497,1
pgame_seed2,pgame,2,leg3_weak,ite,2,20,294,1733.436767578125,294,1692.56640625,98.38607411220434,83.56489399818497,1
pgame_seed2,pgame,2,leg3_weak,ite,3,1,294,1732.44873046875,294,1692.56640625,98.38607411220434,83.56489399818497,1
pgame_seed2,pgame,2,leg3_weak,ite,3,2,294,778.6279907226562,294,1692.56640625,98.38607411220434,83.56489399818497,1
pgame_seed2,pgame,2,leg3_weak,ite,3,3,412,1545.299072265625,294,1692.56640625,98.38607411220434,83.56489399818497,1
pgame_seed2,pgame,2,leg3_weak,ite,3,4,412,1486.9320068359375,294,1692.56640625,98.38607411220434,83.56489399818497,1
pgame_seed2,pgame,2,leg3_weak,ite,3,5,412,1475.3963623046875,294,1692.56640625,98.38607411220434,83.56489399818497,1
pgame_seed2,pgame,2,leg3_weak,ite,3,6,412,1531.8070068359375,294,1692.56640625,98.38607411220434,83.56489399818497,1
pgame_seed2,pgame,2,leg3_weak,ite,3,7,412,1473.3096923828125,294,1692.56640625,98.38607411220434,83.56489399818497,1
pgame_seed2,pgame,2,leg3_weak,ite,3,8,412,1557.88623046875,294,1692.56640625,98.38607411220434,83.56489399818497,1
pgame_seed2,pgame,2,leg3_weak,ite,3,9,412,1527.07421875,294,1692.56640625,98.38607411220434,83.56489399818497,1
pgame_seed2,pgame,2,leg3_weak,ite,3,10,412,1525.458251953125,294,1692.56640625,98.38607411220434,83.56489399818497,1
pgame_seed2,pgame,2,leg3_weak,ite,3,11,412,1549.7032470703125,294,1692.56640625,98.38607411220434,83.56489399818497,1
pgame_seed2,pgame,2,leg3_weak,ite,3,12,412,1511.2559814453125,294,1692.56640625,98.38607411220434,83.56489399818497,1
pgame_seed2,pgame,2,leg3_weak,ite,3,13,412,1571.3212890625,294,1692.56640625,98.38607411220434,83.56489399818497,1
pgame_seed2,pgame,2,leg3_weak,ite,3,14,412,1471.587890625,294,1692.56640625,98.38607411220434,83.56489399818497,1
pgame_seed2,pgame,2,leg3_weak,ite,3,15,412,1536.630859375,294,1692.56640625,98.38607411220434,83.56489399818497,1
pgame_seed2,pgame,2,leg3_weak,ite,3,16,412,1491.6573486328125,294,1692.56640625,98.38607411220434,83.56489399818497,1
pgame_seed2,pgame,2,leg3_weak,ite,3,17,412,1517.80908203125,294,1692.56640625,98.38607411220434,83.56489399818497,1
pgame_seed2,pgame,2,leg3_weak,ite,3,18,412,1474.97607421875,294,1692.56640625,98.38607411220434,83.56489399818497,1
pgame_seed2,pgame,2,leg3_weak,ite,3,19,412,1450.20947265625,294,1692.56640625,98.38607411220434,83.56489399818497,1
pgame_seed2,pgame,2,leg3_weak,ite,3,20,412,1582.1221923828125,294,1692.56640625,98.38607411220434,83.56489399818497,1
pgame_seed2,pgame,2,leg3_weak,ite,4,1,294,1683.0341796875,294,1692.56640625,98.38607411220434,83.56489399818497,1
pgame_seed2,pgame,2,leg3_weak,ite,4,2,294,1681.334716796875,294,1692.56640625,98.38607411220434,83.56489399818497,1
pgame_seed2,pgame,2,leg3_weak,ite,4,3,294,1721.219482421875,294,1692.56640625,98.38607411220434,83.56489399818497,1
pgame_seed2,pgame,2,leg3_weak,ite,4,4,294,1705.3411865234375,294,1692.56640625,98.38607411220434,83.56489399818497,1
pgame_seed2,pgame,2,leg3_weak,ite,4,5,294,1718.433837890625,294,1692.56640625,98.38607411220434,83.56489399818497,1
pgame_seed2,pgame,2,leg3_weak,ite,4,6,294,1687.4749755859375,294,1692.56640625,98.38607411220434,83.56489399818497,1
pgame_seed2,pgame,2,leg3_weak,ite,4,7,294,1743.83837890625,294,1692.56640625,98.38607411220434,83.56489399818497,1
pgame_seed2,pgame,2,leg3_weak,ite,4,8,294,1695.585693359375,294,1692.56640625,98.38607411220434,83.56489399818497,1
pgame_seed2,pgame,2,leg3_weak,ite,4,9,294,1652.239501953125,294,1692.56640625,98.38607411220434,83.56489399818497,1
pgame_seed2,pgame,2,leg3_weak,ite,4,10,294,1746.975830078125,294,1692.56640625,98.38607411220434,83.56489399818497,1
pgame_seed2,pgame,2,leg3_weak,ite,4,11,294,1761.2705078125,294,1692.56640625,98.38607411220434,83.56489399818497,1
pgame_seed2,pgame,2,leg3_weak,ite,4,12,294,1740.3695068359375,294,1692.56640625,98.38607411220434,83.56489399818497,1
pgame_seed2,pgame,2,leg3_weak,ite,4,13,294,1714.371826171875,294,1692.56640625,98.38607411220434,83.56489399818497,1
pgame_seed2,pgame,2,leg3_weak,ite,4,14,294,1696.572021484375,294,1692.56640625,98.38607411220434,83.56489399818497,1
pgame_seed2,pgame,2,leg3_weak,ite,4,15,294,1754.420654296875,294,1692.56640625,98.38607411220434,83.56489399818497,1
pgame_seed2,pgame,2,leg3_weak,ite,4,16,294,1642.48193359375,294,1692.56640625,98.38607411220434,83.56489399818497,1
pgame_seed2,pgame,2,leg3_weak,ite,4,17,294,1666.6141357421875,294,1692.56640625,98.38607411220434,83.56489399818497,1
pgame_seed2,pgame,2,leg3_weak,ite,4,18,294,1709.3912353515625,294,1692.56640625,98.38607411220434,83.56489399818497,1
pgame_seed2,pgame,2,leg3_weak,ite,4,19,294,1710.5863037109375,294,1692.56640625,98.38607411220434,83.56489399818497,1
pgame_seed2,pgame,2,leg3_weak,ite,4,20,294,1643.638916015625,294,1692.56640625,98.38607411220434,83.56489399818497,1
pgame_seed2,pgame,2,leg3_weak,top_k,0,1,294,1763.133544921875,294,1692.56640625,98.38607411220434,83.56489399818497,
pgame_seed2,pgame,2,leg3_weak,top_k,0,2,972,1619.524658203125,294,1692.56640625,98.38607411220434,83.56489399818497,
pgame_seed2,pgame,2,leg3_weak,top_k,0,3,330,1700.406005859375,294,1692.56640625,98.38607411220434,83.56489399818497,
pgame_seed2,pgame,2,leg3_weak,top_k,0,4,761,1576.160888671875,294,1692.56640625,98.38607411220434,83.56489399818497,
pgame_seed2,pgame,2,leg3_weak,top_k,0,5,115,1742.984375,294,1692.56640625,98.38607411220434,83.56489399818497,
pgame_seed2,pgame,2,leg3_weak,top_k,0,6,596,1660.302001953125,294,1692.56640625,98.38607411220434,83.56489399818497,
pgame_seed2,pgame,2,leg3_weak,top_k,0,7,320,1805.897705078125,320,1690.8267822265625,98.11605699754155,83.33555309025567,
pgame_seed2,pgame,2,leg3_weak,top_k,0,8,603,1641.6768798828125,320,1690.8267822265625,98.11605699754155,83.33555309025567,
pgame_seed2,pgame,2,leg3_weak,top_k,0,9,474,1519.1549072265625,320,1690.8267822265625,98.11605699754155,83.33555309025567,
pgame_seed2,pgame,2,leg3_weak,top_k,0,10,475,1628.68359375,320,1690.8267822265625,98.11605699754155,83.33555309025567,
pgame_seed2,pgame,2,leg3_weak,top_k,0,11,565,1597.9583740234375,320,1690.8267822265625,98.11605699754155,83.33555309025567,
pgame_seed2,pgame,2,leg3_weak,top_k,0,12,508,1659.1253662109375,320,1690.8267822265625,98.11605699754155,83.33555309025567,
pgame_seed2,pgame,2,leg3_weak,top_k,0,13,711,1614.838134765625,320,1690.8267822265625,98.11605699754155,83.33555309025567,
pgame_seed2,pgame,2,leg3_weak,top_k,0,14,1001,1584.55029296875,320,1690.8267822265625,98.11605699754155,83.33555309025567,
pgame_seed2,pgame,2,leg3_weak,top_k,0,15,441,1675.693115234375,320,1690.8267822265625,98.11605699754155,83.33555309025567,
pgame_seed2,pgame,2,leg3_weak,top_k,0,16,831,1563.8017578125,320,1690.8267822265625,98.11605699754155,83.33555309025567,
pgame_seed2,pgame,2,leg3_weak,top_k,0,17,209,1493.1744384765625,320,1690.8267822265625,98.11605699754155,83.33555309025567,
pgame_seed2,pgame,2,leg3_weak,top_k,0,18,182,1633.4927978515625,320,1690.8267822265625,98.11605699754155,83.33555309025567,
pgame_seed2,pgame,2,leg3_weak,top_k,0,19,887,1448.0133056640625,320,1690.8267822265625,98.11605699754155,83.33555309025567,
pgame_seed2,pgame,2,leg3_weak,top_k,0,20,575,1482.5224609375,320,1690.8267822265625,98.11605699754155,83.33555309025567,
pgame_seed2,pgame,2,leg3_weak,top_k,1,1,294,1735.233154296875,294,1692.56640625,98.38607411220434,83.56489399818497,
pgame_seed2,pgame,2,leg3_weak,top_k,1,2,972,1592.6328125,294,1692.56640625,98.38607411220434,83.56489399818497,
pgame_seed2,pgame,2,leg3_weak,top_k,1,3,330,1437.762939453125,294,1692.56640625,98.38607411220434,83.56489399818497,
pgame_seed2,pgame,2,leg3_weak,top_k,1,4,761,1730.12744140625,294,1692.56640625,98.38607411220434,83.56489399818497,
pgame_seed2,pgame,2,leg3_weak,top_k,1,5,115,1702.9620361328125,294,1692.56640625,98.38607411220434,83.56489399818497,
pgame_seed2,pgame,2,leg3_weak,top_k,1,6,596,1675.3837890625,294,1692.56640625,98.38607411220434,83.56489399818497,
pgame_seed2,pgame,2,leg3_weak,top_k,1,7,320,1800.254638671875,320,1690.8267822265625,98.11605699754155,83.33555309025567,
pgame_seed2,pgame,2,leg3_weak,top_k,1,8,603,1531.1982421875,320,1690.8267822265625,98.11605699754155,83.33555309025567,
pgame_seed2,pgame,2,leg3_weak,top_k,1,9,474,1608.95361328125,320,1690.8267822265625,98.11605699754155,83.33555309025567,
pgame_seed2,pgame,2,leg3_weak,top_k,1,10,475,1627.921142578125,320,1690.8267822265625,98.11605699754155,83.33555309025567,
pgame_seed2,pgame,2,leg3_weak,top_k,1,11,565,1583.447998046875,320,1690.8267822265625,98.11605699754155,83.33555309025567,
pgame_seed2,pgame,2,leg3_weak,top_k,1,12,508,1667.349853515625,320,1690.8267822265625,98.11605699754155,83.33555309025567,
pgame_seed2,pgame,2,leg3_weak,top_k,1,13,711,1605.85595703125,320,1690.8267822265625,98.11605699754155,83.33555309025567,
pgame_seed2,pgame,2,leg3_weak,top_k,1,14,1001,1582.92919921875,320,1690.8267822265625,98.11605699754155,83.33555309025567,
pgame_seed2,pgame,2,leg3_weak,top_k,1,15,441,1702.5816650390625,320,1690.8267822265625,98.11605699754155,83.33555309025567,
pgame_seed2,pgame,2,leg3_weak,top_k,1,16,831,1584.3218994140625,320,1690.8267822265625,98.11605699754155,83.33555309025567,
pgame_seed2,pgame,2,leg3_weak,top_k,1,17,209,1510.857666015625,320,1690.8267822265625,98.11605699754155,83.33555309025567,
pgame_seed2,pgame,2,leg3_weak,top_k,1,18,182,1676.360107421875,320,1690.8267822265625,98.11605699754155,83.33555309025567,
pgame_seed2,pgame,2,leg3_weak,top_k,1,19,887,1483.97021484375,320,1690.8267822265625,98.11605699754155,83.33555309025567,
pgame_seed2,pgame,2,leg3_weak,top_k,1,20,575,1623.697021484375,320,1690.8267822265625,98.11605699754155,83.33555309025567,
pgame_seed2,pgame,2,leg3_weak,top_k,2,1,294,1665.6748046875,294,1692.56640625,98.38607411220434,83.56489399818497,
pgame_seed2,pgame,2,leg3_weak,top_k,2,2,972,1807.9879150390625,972,1659.879638671875,93.31257170582909,79.2556795629716,
pgame_seed2,pgame,2,leg3_weak,top_k,2,3,330,1723.5848388671875,972,1659.879638671875,93.31257170582909,79.2556795629716,
pgame_seed2,pgame,2,leg3_weak,top_k,2,4,761,1736.9312744140625,972,1659.879638671875,93.31257170582909,79.2556795629716,
pgame_seed2,pgame,2,leg3_weak,top_k,2,5,115,1712.65283203125,972,1659.879638671875,93.31257170582909,79.2556795629716,
pgame_seed2,pgame,2,leg3_weak,top_k,2,6,596,1676.279541015625,972,1659.879638671875,93.31257170582909,79.2556795629716,
pgame_seed2,pgame,2,leg3_weak,top_k,2,7,320,1696.6982421875,972,1659.879638671875,93.31257170582909,79.2556795629716,
pgame_seed2,pgame,2,leg3_weak,top_k,2,8,603,1598.2877197265625,972,1659.879638671875,93.31257170582909,79.2556795629716,
pgame_seed2,pgame,2,leg3_weak,top_k,2,9,474,1550.0120849609375,972,1659.879638671875,93.31257170582909,79.2556795629716,
pgame_seed2,pgame,2,leg3_weak,top_k,2,10,475,1504.335693359375,972,1659.879638671875,93.31257170582909,79.2556795629716,
pgame_seed2,pgame,2,leg3_weak,top_k,2,11,565,1662.5848388671875,972,1659.879638671875,93.31257170582909,79.2556795629716,
pgame_seed2,pgame,2,leg3_weak,top_k,2,12,508,1682.0916748046875,972,1659.879638671875,93.31257170582909,79.2556795629716,
pgame_seed2,pgame,2,leg3_weak,top_k,2,13,711,1594.96630859375,972,1659.879638671875,93.31257170582909,79.2556795629716,
pgame_seed2,pgame,2,leg3_weak,top_k,2,14,1001,1523.42822265625,972,1659.879638671875,93.31257170582909,79.2556795629716,
pgame_seed2,pgame,2,leg3_weak,top_k,2,15,441,1698.741943359375,972,1659.879638671875,93.31257170582909,79.2556795629716,
pgame_seed2,pgame,2,leg3_weak,top_k,2,16,831,1643.67138671875,972,1659.879638671875,93.31257170582909,79.2556795629716,
pgame_seed2,pgame,2,leg3_weak,top_k,2,17,209,1504.4404296875,972,1659.879638671875,93.31257170582909,79.2556795629716,
pgame_seed2,pgame,2,leg3_weak,top_k,2,18,182,1597.829833984375,972,1659.879638671875,93.31257170582909,79.2556795629716,
pgame_seed2,pgame,2,leg3_weak,top_k,2,19,887,1421.292236328125,972,1659.879638671875,93.31257170582909,79.2556795629716,
pgame_seed2,pgame,2,leg3_weak,top_k,2,20,575,1571.35009765625,972,1659.879638671875,93.31257170582909,79.2556795629716,
pgame_seed2,pgame,2,leg3_weak,top_k,3,1,294,1725.7984619140625,294,1692.56640625,98.38607411220434,83.56489399818497,
pgame_seed2,pgame,2,leg3_weak,top_k,3,2,972,1706.5166015625,294,1692.56640625,98.38607411220434,83.56489399818497,
pgame_seed2,pgame,2,leg3_weak,top_k,3,3,330,1693.6734619140625,294,1692.56640625,98.38607411220434,83.56489399818497,
pgame_seed2,pgame,2,leg3_weak,top_k,3,4,761,1480.28759765625,294,1692.56640625,98.38607411220434,83.56489399818497,
pgame_seed2,pgame,2,leg3_weak,top_k,3,5,115,1759.263671875,115,1689.4007568359375,97.89471534197418,83.14755502089704,
pgame_seed2,pgame,2,leg3_weak,top_k,3,6,596,1699.346923828125,115,1689.4007568359375,97.89471534197418,83.14755502089704,
pgame_seed2,pgame,2,leg3_weak,top_k,3,7,320,1819.60400390625,320,1690.8267822265625,98.11605699754155,83.33555309025567,
pgame_seed2,pgame,2,leg3_weak,top_k,3,8,603,1623.49755859375,320,1690.8267822265625,98.11605699754155,83.33555309025567,
pgame_seed2,pgame,2,leg3_weak,top_k,3,9,474,1605.6363525390625,320,1690.8267822265625,98.11605699754155,83.33555309025567,
pgame_seed2,pgame,2,leg3_weak,top_k,3,10,475,1532.0723876953125,320,1690.8267822265625,98.11605699754155,83.33555309025567,
pgame_seed2,pgame,2,leg3_weak,top_k,3,11,565,1515.9193115234375,320,1690.8267822265625,98.11605699754155,83.33555309025567,
pgame_seed2,pgame,2,leg3_weak,top_k,3,12,508,1695.909423828125,320,1690.8267822265625,98.11605699754155,83.33555309025567,
pgame_seed2,pgame,2,leg3_weak,top_k,3,13,711,1603.301025390625,320,1690.8267822265625,98.11605699754155,83.33555309025567,
pgame_seed2,pgame,2,leg3_weak,top_k,3,14,1001,1573.1500244140625,320,1690.8267822265625,98.11605699754155,83.33555309025567,
pgame_seed2,pgame,2,leg3_weak,top_k,3,15,441,1682.057373046875,320,1690.8267822265625,98.11605699754155,83.33555309025567,
pgame_seed2,pgame,2,leg3_weak,top_k,3,16,831,1624.77685546875,320,1690.8267822265625,98.11605699754155,83.33555309025567,
pgame_seed2,pgame,2,leg3_weak,top_k,3,17,209,1595.638916015625,320,1690.8267822265625,98.11605699754155,83.33555309025567,
pgame_seed2,pgame,2,leg3_weak,top_k,3,18,182,1598.6015625,320,1690.8267822265625,98.11605699754155,83.33555309025567,
pgame_seed2,pgame,2,leg3_weak,top_k,3,19,887,1442.07470703125,320,1690.8267822265625,98.11605699754155,83.33555309025567,
pgame_seed2,pgame,2,leg3_weak,top_k,3,20,575,1625.2322998046875,320,1690.8267822265625,98.11605699754155,83.33555309025567,
pgame_seed2,pgame,2,leg3_weak,top_k,4,1,294,1786.1873779296875,294,1692.56640625,98.38607411220434,83.56489399818497,
pgame_seed2,pgame,2,leg3_weak,top_k,4,2,972,1737.494140625,294,1692.56640625,98.38607411220434,83.56489399818497,
pgame_seed2,pgame,2,leg3_weak,top_k,4,3,330,1675.945556640625,294,1692.56640625,98.38607411220434,83.56489399818497,
pgame_seed2,pgame,2,leg3_weak,top_k,4,4,761,1733.377197265625,294,1692.56640625,98.38607411220434,83.56489399818497,
pgame_seed2,pgame,2,leg3_weak,top_k,4,5,115,1711.357177734375,294,1692.56640625,98.38607411220434,83.56489399818497,
pgame_seed2,pgame,2,leg3_weak,top_k,4,6,596,1645.3800048828125,294,1692.56640625,98.38607411220434,83.56489399818497,
pgame_seed2,pgame,2,leg3_weak,top_k,4,7,320,1743.613525390625,294,1692.56640625,98.38607411220434,83.56489399818497,
pgame_seed2,pgame,2,leg3_weak,top_k,4,8,603,1556.1473388671875,294,1692.56640625,98.38607411220434,83.56489399818497,
pgame_seed2,pgame,2,leg3_weak,top_k,4,9,474,1525.6005859375,294,1692.56640625,98.38607411220434,83.56489399818497,
pgame_seed2,pgame,2,leg3_weak,top_k,4,10,475,1579.7308349609375,294,1692.56640625,98.38607411220434,83.56489399818497,
pgame_seed2,pgame,2,leg3_weak,top_k,4,11,565,1533.5028076171875,294,1692.56640625,98.38607411220434,83.56489399818497,
pgame_seed2,pgame,2,leg3_weak,top_k,4,12,508,1693.3665771484375,294,1692.56640625,98.38607411220434,83.56489399818497,
pgame_seed2,pgame,2,leg3_weak,top_k,4,13,711,1607.2386474609375,294,1692.56640625,98.38607411220434,83.56489399818497,
pgame_seed2,pgame,2,leg3_weak,top_k,4,14,1001,1572.519775390625,294,1692.56640625,98.38607411220434,83.56489399818497,
pgame_seed2,pgame,2,leg3_weak,top_k,4,15,441,1715.64111328125,294,1692.56640625,98.38607411220434,83.56489399818497,
pgame_seed2,pgame,2,leg3_weak,top_k,4,16,831,1658.442138671875,294,1692.56640625,98.38607411220434,83.56489399818497,
pgame_seed2,pgame,2,leg3_weak,top_k,4,17,209,1518.51416015625,294,1692.56640625,98.38607411220434,83.56489399818497,
pgame_seed2,pgame,2,leg3_weak,top_k,4,18,182,1692.482421875,294,1692.56640625,98.38607411220434,83.56489399818497,
pgame_seed2,pgame,2,leg3_weak,top_k,4,19,887,1446.0047607421875,294,1692.56640625,98.38607411220434,83.56489399818497,
pgame_seed2,pgame,2,leg3_weak,top_k,4,20,575,1646.503662109375,294,1692.56640625,98.38607411220434,83.56489399818497,
pgame_seed2,pgame,2,leg4_weak,ite,0,1,294,1677.7392578125,294,1733.67041015625,100.0,88.98378305029233,1
pgame_seed2,pgame,2,leg4_weak,ite,0,2,294,1779.5714111328125,294,1733.67041015625,100.0,88.98378305029233,1
pgame_seed2,pgame,2,leg4_weak,ite,0,3,294,1596.61474609375,294,1733.67041015625,100.0,88.98378305029233,1
pgame_seed2,pgame,2,leg4_weak,ite,0,4,294,1702.81494140625,294,1733.67041015625,100.0,88.98378305029233,1
pgame_seed2,pgame,2,leg4_weak,ite,0,5,294,1729.63525390625,294,1733.67041015625,100.0,88.98378305029233,1
pgame_seed2,pgame,2,leg4_weak,ite,0,6,294,1721.531494140625,294,1733.67041015625,100.0,88.98378305029233,1
pgame_seed2,pgame,2,leg4_weak,ite,0,7,294,1781.641357421875,294,1733.67041015625,100.0,88.98378305029233,1
pgame_seed2,pgame,2,leg4_weak,ite,0,8,294,1701.85693359375,294,1733.67041015625,100.0,88.98378305029233,1
pgame_seed2,pgame,2,leg4_weak,ite,0,9,294,1719.9384765625,294,1733.67041015625,100.0,88.98378305029233,1
pgame_seed2,pgame,2,leg4_weak,ite,0,10,294,1667.691650390625,294,1733.67041015625,100.0,88.98378305029233,1
pgame_seed2,pgame,2,leg4_weak,ite,0,11,294,1781.6634521484375,294,1733.67041015625,100.0,88.98378305029233,1
pgame_seed2,pgame,2,leg4_weak,ite,0,12,294,1602.732177734375,294,1733.67041015625,100.0,88.98378305029233,1
pgame_seed2,pgame,2,leg4_weak,ite,0,13,294,1749.4129638671875,294,1733.67041015625,100.0,88.98378305029233,1
pgame_seed2,pgame,2,leg4_weak,ite,0,14,294,1693.764404296875,294,1733.67041015625,100.0,88.98378305029233,1
pgame_seed2,pgame,2,leg4_weak,ite,0,15,294,1713.611328125,294,1733.67041015625,100.0,88.98378305029233,1
pgame_seed2,pgame,2,leg4_weak,ite,0,16,294,1737.1700439453125,294,1733.67041015625,100.0,88.98378305029233,1
pgame_seed2,pgame,2,leg4_weak,ite,0,17,294,1652.356689453125,294,1733.67041015625,100.0,88.98378305029233,1
pgame_seed2,pgame,2,leg4_weak,ite,0,18,294,1716.26953125,294,1733.67041015625,100.0,88.98378305029233,1
pgame_seed2,pgame,2,leg4_weak,ite,0,19,294,1773.7777099609375,294,1733.67041015625,100.0,88.98378305029233,1
pgame_seed2,pgame,2,leg4_weak,ite,0,20,294,1817.2109375,294,1733.67041015625,100.0,88.98378305029233,1
pgame_seed2,pgame,2,leg4_weak,ite,1,1,294,1717.2470703125,294,1733.67041015625,100.0,88.98378305029233,1
pgame_seed2,pgame,2,leg4_weak,ite,1,2,294,1692.725830078125,294,1733.67041015625,100.0,88.98378305029233,1
pgame_seed2,pgame,2,leg4_weak,ite,1,3,294,824.4534912109375,294,1733.67041015625,100.0,88.98378305029233,1
pgame_seed2,pgame,2,leg4_weak,ite,1,4,201,1464.228759765625,294,1733.67041015625,100.0,88.98378305029233,1
pgame_seed2,pgame,2,leg4_weak,ite,1,5,603,1418.7745361328125,294,1733.67041015625,100.0,88.98378305029233,1
pgame_seed2,pgame,2,leg4_weak,ite,1,6,201,1467.173828125,294,1733.67041015625,100.0,88.98378305029233,1
pgame_seed2,pgame,2,leg4_weak,ite,1,7,596,1629.3602294921875,294,1733.67041015625,100.0,88.98378305029233,1
pgame_seed2,pgame,2,leg4_weak,ite,1,8,596,1568.599853515625,294,1733.67041015625,100.0,88.98378305029233,1
pgame_seed2,pgame,2,leg4_weak,ite,1,9,596,1551.8095703125,294,1733.67041015625,100.0,88.98378305029233,1
pgame_seed2,pgame,2,leg4_weak,ite,1,10,596,1656.4930419921875,294,1733.67041015625,100.0,88.98378305029233,1
pgame_seed2,pgame,2,leg4_weak,ite,1,11,596,1561.531982421875,294,1733.67041015625,100.0,88.98378305029233,1
pgame_seed2,pgame,2,leg4_weak,ite,1,12,596,1625.71435546875,294,1733.67041015625,100.0,88.98378305029233,1
pgame_seed2,pgame,2,leg4_weak,ite,1,13,596,1656.2569580078125,294,1733.67041015625,100.0,88.98378305029233,1
pgame_seed2,pgame,2,leg4_weak,ite,1,14,596,1616.9140625,294,1733.67041015625,100.0,88.98378305029233,1
pgame_seed2,pgame,2,leg4_weak,ite,1,15,596,1597.63525390625,294,1733.67041015625,100.0,88.98378305029233,1
pgame_seed2,pgame,2,leg4_weak,ite,1,16,596,1665.87109375,294,1733.67041015625,100.0,88.98378305029233,1
pgame_seed2,pgame,2,leg4_weak,ite,1,17,596,1634.9779052734375,294,1733.67041015625,100.0,88.98378305029233,1
pgame_seed2,pgame,2,leg4_weak,ite,1,18,596,1660.90625,294,1733.67041015625,100.0,88.98378305029233,1
pgame_seed2,pgame,2,leg4_weak,ite,1,19,596,1476.515625,294,1733.67041015625,100.0,88.98378305029233,1
pgame_seed2,pgame,2,leg4_weak,ite,1,20,596,1539.91357421875,294,1733.67041015625,100.0,88.98378305029233,1
pgame_seed2,pgame,2,leg4_weak,ite,2,1,294,1760.42626953125,294,1733.67041015625,100.0,88.98378305029233,1
pgame_seed2,pgame,2,leg4_weak,ite,2,2,294,1661.6224365234375,294,1733.67041015625,100.0,88.98378305029233,1
pgame_seed2,pgame,2,leg4_weak,ite,2,3,294,1675.355712890625,294,1733.67041015625,100.0,88.98378305029233,1
pgame_seed2,pgame,2,leg4_weak,ite,2,4,294,1727.183837890625,294,1733.67041015625,100.0,88.98378305029233,1
pgame_seed2,pgame,2,leg4_weak,ite,2,5,294,1791.56005859375,294,1733.67041015625,100.0,88.98378305029233,1
pgame_seed2,pgame,2,leg4_weak,ite,2,6,294,1678.2333984375,294,1733.67041015625,100.0,88.98378305029233,1
pgame_seed2,pgame,2,leg4_weak,ite,2,7,294,1786.0499267578125,294,1733.67041015625,100.0,88.98378305029233,1
pgame_seed2,pgame,2,leg4_weak,ite,2,8,294,1708.7918701171875,294,1733.67041015625,100.0,88.98378305029233,1
pgame_seed2,pgame,2,leg4_weak,ite,2,9,294,1746.069580078125,294,1733.67041015625,100.0,88.98378305029233,1
pgame_seed2,pgame,2,leg4_weak,ite,2,10,294,1796.599365234375,294,1733.67041015625,100.0,88.98378305029233,1
pgame_seed2,pgame,2,leg4_weak,ite,2,11,294,1657.3961181640625,294,1733.67041015625,100.0,88.98378305029233,1
pgame_seed2,pgame,2,leg4_weak,ite,2,12,294,1614.21533203125,294,1733.67041015625,100.0,88.98378305029233,1
pgame_seed2,pgame,2,leg4_weak,ite,2,13,294,1744.06298828125,294,1733.67041015625,100.0,88.98378305029233,1
pgame_seed2,pgame,2,leg4_weak,ite,2,14,294,1691.91748046875,294,1733.67041015625,100.0,88.98378305029233,1
pgame_seed2,pgame,2,leg4_weak,ite,2,15,294,1710.484130859375,294,1733.67041015625,100.0,88.98378305029233,1
pgame_seed2,pgame,2,leg4_weak,ite,2,16,294,1597.531494140625,294,1733.67041015625,100.0,88.98378305029233,1
pgame_seed2,pgame,2,leg4_weak,ite,2,17,294,1793.4263916015625,294,1733.67041015625,100.0,88.98378305029233,1
pgame_seed2,pgame,2,leg4_weak,ite,2,18,294,1685.53564453125,294,1733.67041015625,100.0,88.98378305029233,1
pgame_seed2,pgame,2,leg4_weak,ite,2,19,294,1721.971435546875,294,1733.67041015625,100.0,88.98378305029233,1
pgame_seed2,pgame,2,leg4_weak,ite,2,20,294,1671.1708984375,294,1733.67041015625,100.0,88.98378305029233,1
pgame_seed2,pgame,2,leg4_weak,ite,3,1,294,1658.6708984375,294,1733.67041015625,100.0,88.98378305029233,1
pgame_seed2,pgame,2,leg4_weak,ite,3,2,294,1727.7489013671875,294,1733.67041015625,100.0,88.98378305029233,1
pgame_seed2,pgame,2,leg4_weak,ite,3,3,294,1785.768310546875,294,1733.67041015625,100.0,88.98378305029233,1
pgame_seed2,pgame,2,leg4_weak,ite,3,4,294,1694.064208984375,294,1733.67041015625,100.0,88.98378305029233,1
pgame_seed2,pgame,2,leg4_weak,ite,3,5,294,1682.767578125,294,1733.67041015625,100.0,88.98378305029233,1
pgame_seed2,pgame,2,leg4_weak,ite,3,6,294,1693.039306640625,294,1733.67041015625,100.0,88.98378305029233,1
pgame_seed2,pgame,2,leg4_weak,ite,3,7,294,1733.1591796875,294,1733.67041015625,100.0,88.98378305029233,1
pgame_seed2,pgame,2,leg4_weak,ite,3,8,294,1729.0574951171875,294,1733.67041015625,100.0,88.98378305029233,1
pgame_seed2,pgame,2,leg4_weak,ite,3,9,294,1772.40576171875,294,1733.67041015625,100.0,88.98378305029233,1
pgame_seed2,pgame,2,leg4_weak,ite,3,10,294,1729.069091796875,294,1733.67041015625,100.0,88.98378305029233,1
pgame_seed2,pgame,2,leg4_weak,ite,3,11,294,1628.98828125,294,1733.67041015625,100.0,88.98378305029233,1
pgame_seed2,pgame,2,leg4_weak,ite,3,12,294,1820.424560546875,294,1733.67041015625,100.0,88.98378305029233,1
pgame_seed2,pgame,2,leg4_weak,ite,3,13,294,1768.733154296875,294,1733.67041015625,100.0,88.98378305029233,1
pgame_seed2,pgame,2,leg4_weak,ite,3,14,294,1755.569091796875,294,1733.67041015625,100.0,88.98378305029233,1
pgame_seed2,pgame,2,leg4_weak,ite,3,15,294,1754.5960693359375,294,1733.67041015625,100.0,88.98378305029233,1
pgame_seed2,pgame,2,leg4_weak,ite,3,16,294,1777.957275390625,294,1733.67041015625,100.0,88.98378305029233,1
pgame_seed2,pgame,2,leg4_weak,ite,3,17,294,1773.553466796875,294,1733.67041015625,100.0,88.98378305029233,1
pgame_seed2,pgame,2,leg4_weak,ite,3,18,294,1798.556884765625,294,1733.67041015625,100.0,88.98378305029233,1
pgame_seed2,pgame,2,leg4_weak,ite,3,19,294,1749.635498046875,294,1733.67041015625,100.0,88.98378305029233,1
pgame_seed2,pgame,2,leg4_weak,ite,3,20,294,1766.6497802734375,294,1733.67041015625,100.0,88.98378305029233,1
pgame_seed2,pgame,2,leg4_weak,ite,4,1,294,1729.9068603515625,294,1733.67041015625,100.0,88.98378305029233,1
pgame_seed2,pgame,2,leg4_weak,ite,4,2,294,1738.21337890625,294,1733.67041015625,100.0,88.98378305029233,1
pgame_seed2,pgame,2,leg4_weak,ite,4,3,294,1634.6904296875,294,1733.67041015625,100.0,88.98378305029233,1
pgame_seed2,pgame,2,leg4_weak,ite,4,4,294,1793.8436279296875,294,1733.67041015625,100.0,88.98378305029233,1
pgame_seed2,pgame,2,leg4_weak,ite,4,5,294,1669.075927734375,294,1733.67041015625,100.0,88.98378305029233,1
pgame_seed2,pgame,2,leg4_weak,ite,4,6,294,1659.135009765625,294,1733.67041015625,100.0,88.98378305029233,1
pgame_seed2,pgame,2,leg4_weak,ite,4,7,294,1496.3253173828125,294,1733.67041015625,100.0,88.98378305029233,1
pgame_seed2,pgame,2,leg4_weak,ite,4,8,294,1672.043701171875,294,1733.67041015625,100.0,88.98378305029233,1
pgame_seed2,pgame,2,leg4_weak,ite,4,9,294,1724.6395263671875,294,1733.67041015625,100.0,88.98378305029233,1
pgame_seed2,pgame,2,leg4_weak,ite,4,10,294,1700.0362548828125,294,1733.67041015625,100.0,88.98378305029233,1
pgame_seed2,pgame,2,leg4_weak,ite,4,11,294,1759.7022705078125,294,1733.67041015625,100.0,88.98378305029233,1
pgame_seed2,pgame,2,leg4_weak,ite,4,12,294,1833.87841796875,294,1733.67041015625,100.0,88.98378305029233,1
pgame_seed2,pgame,2,leg4_weak,ite,4,13,294,1673.86669921875,294,1733.67041015625,100.0,88.98378305029233,1
pgame_seed2,pgame,2,leg4_weak,ite,4,14,294,1804.0208740234375,294,1733.67041015625,100.0,88.98378305029233,1
pgame_seed2,pgame,2,leg4_weak,ite,4,15,294,1706.65087890625,294,1733.67041015625,100.0,88.98378305029233,1
pgame_seed2,pgame,2,leg4_weak,ite,4,16,294,1604.2689208984375,294,1733.67041015625,100.0,88.98378305029233,1
pgame_seed2,pgame,2,leg4_weak,ite,4,17,294,1743.354248046875,294,1733.67041015625,100.0,88.98378305029233,1
pgame_seed2,pgame,2,leg4_weak,ite,4,18,294,1761.4559326171875,294,1733.67041015625,100.0,88.98378305029233,1
pgame_seed2,pgame,2,leg4_weak,ite,4,19,294,1575.135498046875,294,1733.67041015625,100.0,88.98378305029233,1
pgame_seed2,pgame,2,leg4_weak,ite,4,20,294,1685.401123046875,294,1733.67041015625,100.0,88.98378305029233,1
pgame_seed2,pgame,2,leg4_weak,top_k,0,1,294,1695.11865234375,294,1733.67041015625,100.0,88.98378305029233,
pgame_seed2,pgame,2,leg4_weak,top_k,0,2,972,1608.6180419921875,294,1733.67041015625,100.0,88.98378305029233,
pgame_seed2,pgame,2,leg4_weak,top_k,0,3,330,1664.739990234375,294,1733.67041015625,100.0,88.98378305029233,
pgame_seed2,pgame,2,leg4_weak,top_k,0,4,761,1514.3953857421875,294,1733.67041015625,100.0,88.98378305029233,
pgame_seed2,pgame,2,leg4_weak,top_k,0,5,115,1682.7484130859375,294,1733.67041015625,100.0,88.98378305029233,
pgame_seed2,pgame,2,leg4_weak,top_k,0,6,596,1638.617919921875,294,1733.67041015625,100.0,88.98378305029233,
pgame_seed2,pgame,2,leg4_weak,top_k,0,7,320,1667.8685302734375,294,1733.67041015625,100.0,88.98378305029233,
pgame_seed2,pgame,2,leg4_weak,top_k,0,8,603,1409.9801025390625,294,1733.67041015625,100.0,88.98378305029233,
pgame_seed2,pgame,2,leg4_weak,top_k,0,9,474,1492.599609375,294,1733.67041015625,100.0,88.98378305029233,
pgame_seed2,pgame,2,leg4_weak,top_k,0,10,475,1755.4056396484375,475,1683.6668701171875,92.5917433880565,82.39163605891159,
pgame_seed2,pgame,2,leg4_weak,top_k,0,11,565,1553.654541015625,475,1683.6668701171875,92.5917433880565,82.39163605891159,
pgame_seed2,pgame,2,leg4_weak,top_k,0,12,508,1664.0751953125,475,1683.6668701171875,92.5917433880565,82.39163605891159,
pgame_seed2,pgame,2,leg4_weak,top_k,0,13,711,1718.6319580078125,475,1683.6668701171875,92.5917433880565,82.39163605891159,
pgame_seed2,pgame,2,leg4_weak,top_k,0,14,1001,1522.0325927734375,475,1683.6668701171875,92.5917433880565,82.39163605891159,
pgame_seed2,pgame,2,leg4_weak,top_k,0,15,441,1481.80419921875,475,1683.6668701171875,92.5917433880565,82.39163605891159,
pgame_seed2,pgame,2,leg4_weak,top_k,0,16,831,1548.3778076171875,475,1683.6668701171875,92.5917433880565,82.39163605891159,
pgame_seed2,pgame,2,leg4_weak,top_k,0,17,209,1498.759765625,475,1683.6668701171875,92.5917433880565,82.39163605891159,
pgame_seed2,pgame,2,leg4_weak,top_k,0,18,182,1654.00830078125,475,1683.6668701171875,92.5917433880565,82.39163605891159,
pgame_seed2,pgame,2,leg4_weak,top_k,0,19,887,1532.33154296875,475,1683.6668701171875,92.5917433880565,82.39163605891159,
pgame_seed2,pgame,2,leg4_weak,top_k,0,20,575,1407.993408203125,475,1683.6668701171875,92.5917433880565,82.39163605891159,
pgame_seed2,pgame,2,leg4_weak,top_k,1,1,294,1690.724853515625,294,1733.67041015625,100.0,88.98378305029233,
pgame_seed2,pgame,2,leg4_weak,top_k,1,2,972,1450.612548828125,294,1733.67041015625,100.0,88.98378305029233,
pgame_seed2,pgame,2,leg4_weak,top_k,1,3,330,1760.6500244140625,330,1710.2005615234375,96.52283295983605,85.88966827497657,
pgame_seed2,pgame,2,leg4_weak,top_k,1,4,761,1516.021240234375,330,1710.2005615234375,96.52283295983605,85.88966827497657,
pgame_seed2,pgame,2,leg4_weak,top_k,1,5,115,1650.6917724609375,330,1710.2005615234375,96.52283295983605,85.88966827497657,
pgame_seed2,pgame,2,leg4_weak,top_k,1,6,596,1652.2491455078125,330,1710.2005615234375,96.52283295983605,85.88966827497657,
pgame_seed2,pgame,2,leg4_weak,top_k,1,7,320,1713.7911376953125,330,1710.2005615234375,96.52283295983605,85.88966827497657,
pgame_seed2,pgame,2,leg4_weak,top_k,1,8,603,1449.1527099609375,330,1710.2005615234375,96.52283295983605,85.88966827497657,
pgame_seed2,pgame,2,leg4_weak,top_k,1,9,474,1486.904541015625,330,1710.2005615234375,96.52283295983605,85.88966827497657,
pgame_seed2,pgame,2,leg4_weak,top_k,1,10,475,1662.9794921875,330,1710.2005615234375,96.52283295983605,85.88966827497657,
pgame_seed2,pgame,2,leg4_weak,top_k,1,11,565,1613.34716796875,330,1710.2005615234375,96.52283295983605,85.88966827497657,
pgame_seed2,pgame,2,leg4_weak,top_k,1,12,508,1628.7108154296875,330,1710.2005615234375,96.52283295983605,85.88966827497657,
pgame_seed2,pgame,2,leg4_weak,top_k,1,13,711,1727.4625244140625,330,1710.2005615234375,96.52283295983605,85.88966827497657,
pgame_seed2,pgame,2,leg4_weak,top_k,1,14,1001,1501.9794921875,330,1710.2005615234375,96.52283295983605,85.88966827497657,
pgame_seed2,pgame,2,leg4_weak,top_k,1,15,441,1495.35009765625,330,1710.2005615234375,96.52283295983605,85.88966827497657,
pgame_seed2,pgame,2,leg4_weak,top_k,1,16,831,1340.487060546875,330,1710.2005615234375,96.52283295983605,85.88966827497657,
pgame_seed2,pgame,2,leg4_weak,top_k,1,17,209,1441.568603515625,330,1710.2005615234375,96.52283295983605,85.88966827497657,
pgame_seed2,pgame,2,leg4_weak,top_k,1,18,182,1667.5850830078125,330,1710.2005615234375,96.52283295983605,85.88966827497657,
pgame_seed2,pgame,2,leg4_weak,top_k,1,19,887,1445.629638671875,330,1710.2005615234375,96.52283295983605,85.88966827497657,
pgame_seed2,pgame,2,leg4_weak,top_k,1,20,575,1514.5936279296875,330,1710.2005615234375,96.52283295983605,85.88966827497657,
pgame_seed2,pgame,2,leg4_weak,top_k,2,1,294,1672.039306640625,294,1733.67041015625,100.0,88.98378305029233,
pgame_seed2,pgame,2,leg4_weak,top_k,2,2,972,1644.1146240234375,294,1733.67041015625,100.0,88.98378305029233,
pgame_seed2,pgame,2,leg4_weak,top_k,2,3,330,1688.529541015625,330,1710.2005615234375,96.52283295983605,85.88966827497657,
pgame_seed2,pgame,2,leg4_weak,top_k,2,4,761,1486.627685546875,330,1710.2005615234375,96.52283295983605,85.88966827497657,
pgame_seed2,pgame,2,leg4_weak,top_k,2,5,115,1566.9814453125,330,1710.2005615234375,96.52283295983605,85.88966827497657,
pgame_seed2,pgame,2,leg4_weak,top_k,2,6,596,1592.6025390625,330,1710.2005615234375,96.52283295983605,85.88966827497657,
pgame_seed2,pgame,2,leg4_weak,top_k,2,7,320,1716.854736328125,320,1710.087890625,96.50614024312698,85.87481446415497,
pgame_seed2,pgame,2,leg4_weak,top_k,2,8,603,1426.1170654296875,320,1710.087890625,96.50614024312698,85.87481446415497,
pgame_seed2,pgame,2,leg4_weak,top_k,2,9,474,1462.498779296875,320,1710.087890625,96.50614024312698,85.87481446415497,
pgame_seed2,pgame,2,leg4_weak,top_k,2,10,475,1738.0977783203125,475,1683.6668701171875,92.5917433880565,82.39163605891159,
pgame_seed2,pgame,2,leg4_weak,top_k,2,11,565,1615.922607421875,475,1683.6668701171875,92.5917433880565,82.39163605891159,
pgame_seed2,pgame,2,leg4_weak,top_k,2,12,508,1622.5257568359375,475,1683.6668701171875,92.5917433880565,82.39163605891159,
pgame_seed2,pgame,2,leg4_weak,top_k,2,13,711,1752.0965576171875,711,1711.86865234375,96.76996835943473,86.10957870279594,
pgame_seed2,pgame,2,leg4_weak,top_k,2,14,1001,1440.144775390625,711,1711.86865234375,96.76996835943473,86.10957870279594,
pgame_seed2,pgame,2,leg4_weak,top_k,2,15,441,1491.310546875,711,1711.86865234375,96.76996835943473,86.10957870279594,
pgame_seed2,pgame,2,leg4_weak,top_k,2,16,831,1441.8558349609375,711,1711.86865234375,96.76996835943473,86.10957870279594,
pgame_seed2,pgame,2,leg4_weak,top_k,2,17,209,1441.9140625,711,1711.86865234375,96.76996835943473,86.10957870279594,
pgame_seed2,pgame,2,leg4_weak,top_k,2,18,182,1650.134765625,711,1711.86865234375,96.76996835943473,86.10957870279594,
pgame_seed2,pgame,2,leg4_weak,top_k,2,19,887,1440.318359375,711,1711.86865234375,96.76996835943473,86.10957870279594,
pgame_seed2,pgame,2,leg4_weak,top_k,2,20,575,1465.953125,711,1711.86865234375,96.76996835943473,86.10957870279594,
pgame_seed2,pgame,2,leg4_weak,top_k,3,1,294,1697.630126953125,294,1733.67041015625,100.0,88.98378305029233,
pgame_seed2,pgame,2,leg4_weak,top_k,3,2,972,1575.501953125,294,1733.67041015625,100.0,88.98378305029233,
pgame_seed2,pgame,2,leg4_weak,top_k,3,3,330,1835.937744140625,330,1710.2005615234375,96.52283295983605,85.88966827497657,
pgame_seed2,pgame,2,leg4_weak,top_k,3,4,761,1460.5107421875,330,1710.2005615234375,96.52283295983605,85.88966827497657,
pgame_seed2,pgame,2,leg4_weak,top_k,3,5,115,1676.310546875,330,1710.2005615234375,96.52283295983605,85.88966827497657,
pgame_seed2,pgame,2,leg4_weak,top_k,3,6,596,1621.0697021484375,330,1710.2005615234375,96.52283295983605,85.88966827497657,
pgame_seed2,pgame,2,leg4_weak,top_k,3,7,320,1574.1270751953125,330,1710.2005615234375,96.52283295983605,85.88966827497657,
pgame_seed2,pgame,2,leg4_weak,top_k,3,8,603,1525.620361328125,330,1710.2005615234375,96.52283295983605,85.88966827497657,
pgame_seed2,pgame,2,leg4_weak,top_k,3,9,474,1511.864013671875,330,1710.2005615234375,96.52283295983605,85.88966827497657,
pgame_seed2,pgame,2,leg4_weak,top_k,3,10,475,1706.1690673828125,330,1710.2005615234375,96.52283295983605,85.88966827497657,
pgame_seed2,pgame,2,leg4_weak,top_k,3,11,565,1611.2940673828125,330,1710.2005615234375,96.52283295983605,85.88966827497657,
pgame_seed2,pgame,2,leg4_weak,top_k,3,12,508,1676.692138671875,330,1710.2005615234375,96.52283295983605,85.88966827497657,
pgame_seed2,pgame,2,leg4_weak,top_k,3,13,711,1717.952880859375,330,1710.2005615234375,96.52283295983605,85.88966827497657,
pgame_seed2,pgame,2,leg4_weak,top_k,3,14,1001,1484.48193359375,330,1710.2005615234375,96.52283295983605,85.88966827497657,
pgame_seed2,pgame,2,leg4_weak,top_k,3,15,441,1518.5565185546875,330,1710.2005615234375,96.52283295983605,85.88966827497657,
pgame_seed2,pgame,2,leg4_weak,top_k,3,16,831,1428.34716796875,330,1710.2005615234375,96.52283295983605,85.88966827497657,
pgame_seed2,pgame,2,leg4_weak,top_k,3,17,209,1442.1064453125,330,1710.2005615234375,96.52283295983605,85.88966827497657,
pgame_seed2,pgame,2,leg4_weak,top_k,3,18,182,1652.289306640625,330,1710.2005615234375,96.52283295983605,85.88966827497657,
pgame_seed2,pgame,2,leg4_weak,top_k,3,19,887,1495.14453125,330,1710.2005615234375,96.52283295983605,85.88966827497657,
pgame_seed2,pgame,2,leg4_weak,top_k,3,20,575,1469.521240234375,330,1710.2005615234375,96.52283295983605,85.88966827497657,
pgame_seed2,pgame,2,leg4_weak,top_k,4,1,294,1819.5447998046875,294,1733.67041015625,100.0,88.98378305029233,
pgame_seed2,pgame,2,leg4_weak,top_k,4,2,972,1635.25732421875,294,1733.67041015625,100.0,88.98378305029233,
pgame_seed2,pgame,2,leg4_weak,top_k,4,3,330,1759.477783203125,294,1733.67041015625,100.0,88.98378305029233,
pgame_seed2,pgame,2,leg4_weak,top_k,4,4,761,1552.0821533203125,294,1733.67041015625,100.0,88.98378305029233,
pgame_seed2,pgame,2,leg4_weak,top_k,4,5,115,1661.119873046875,294,1733.67041015625,100.0,88.98378305029233,
pgame_seed2,pgame,2,leg4_weak,top_k,4,6,596,1647.1500244140625,294,1733.67041015625,100.0,88.98378305029233,
pgame_seed2,pgame,2,leg4_weak,top_k,4,7,320,1658.3447265625,294,1733.67041015625,100.0,88.98378305029233,
pgame_seed2,pgame,2,leg4_weak,top_k,4,8,603,1397.4375,294,1733.67041015625,100.0,88.98378305029233,
pgame_seed2,pgame,2,leg4_weak,top_k,4,9,474,1507.605712890625,294,1733.67041015625,100.0,88.98378305029233,
pgame_seed2,pgame,2,leg4_weak,top_k,4,10,475,1157.2724609375,294,1733.67041015625,100.0,88.98378305029233,
pgame_seed2,pgame,2,leg4_weak,top_k,4,11,565,1576.298095703125,294,1733.67041015625,100.0,88.98378305029233,
pgame_seed2,pgame,2,leg4_weak,top_k,4,12,508,1638.064208984375,294,1733.67041015625,100.0,88.98378305029233,
pgame_seed2,pgame,2,leg4_weak,top_k,4,13,711,1690.9927978515625,294,1733.67041015625,100.0,88.98378305029233,
pgame_seed2,pgame,2,leg4_weak,top_k,4,14,1001,1494.0947265625,294,1733.67041015625,100.0,88.98378305029233,
pgame_seed2,pgame,2,leg4_weak,top_k,4,15,441,1548.93798828125,294,1733.67041015625,100.0,88.98378305029233,
pgame_seed2,pgame,2,leg4_weak,top_k,4,16,831,1459.4678955078125,294,1733.67041015625,100.0,88.98378305029233,
pgame_seed2,pgame,2,leg4_weak,top_k,4,17,209,1456.9677734375,294,1733.67041015625,100.0,88.98378305029233,
pgame_seed2,pgame,2,leg4_weak,top_k,4,18,182,1619.56591796875,294,1733.67041015625,100.0,88.98378305029233,
pgame_seed2,pgame,2,leg4_weak,top_k,4,19,887,1479.7774658203125,294,1733.67041015625,100.0,88.98378305029233,
pgame_seed2,pgame,2,leg4_weak,top_k,4,20,575,1456.0653076171875,294,1733.67041015625,100.0,88.98378305029233,
pgame_seed2,pgame,2,legs12_paralysed,ite,0,1,294,970.459228515625,294,977.2755126953125,-281.8970880088722,-10.734483770369039,20
pgame_seed2,pgame,2,legs12_paralysed,ite,0,2,412,1091.26806640625,412,1075.85009765625,59.374799257548695,2.260959215651836,20
pgame_seed2,pgame,2,legs12_paralysed,ite,0,3,258,1067.3531494140625,412,1075.85009765625,59.374799257548695,2.260959215651836,20
pgame_seed2,pgame,2,legs12_paralysed,ite,0,4,475,1057.7607421875,412,1075.85009765625,59.374799257548695,2.260959215651836,20
pgame_seed2,pgame,2,legs12_paralysed,ite,0,5,323,1058.583740234375,412,1075.85009765625,59.374799257548695,2.260959215651836,20
pgame_seed2,pgame,2,legs12_paralysed,ite,0,6,646,1058.0831298828125,412,1075.85009765625,59.374799257548695,2.260959215651836,20
pgame_seed2,pgame,2,legs12_paralysed,ite,0,7,334,1088.47998046875,412,1075.85009765625,59.374799257548695,2.260959215651836,20
pgame_seed2,pgame,2,legs12_paralysed,ite,0,8,603,1065.349853515625,412,1075.85009765625,59.374799257548695,2.260959215651836,20
pgame_seed2,pgame,2,legs12_paralysed,ite,0,9,258,1058.465087890625,412,1075.85009765625,59.374799257548695,2.260959215651836,20
pgame_seed2,pgame,2,legs12_paralysed,ite,0,10,412,1066.1793212890625,412,1075.85009765625,59.374799257548695,2.260959215651836,20
pgame_seed2,pgame,2,legs12_paralysed,ite,0,11,606,1052.680419921875,412,1075.85009765625,59.374799257548695,2.260959215651836,20
pgame_seed2,pgame,2,legs12_paralysed,ite,0,12,475,1076.2918701171875,412,1075.85009765625,59.374799257548695,2.260959215651836,20
pgame_seed2,pgame,2,legs12_paralysed,ite,0,13,412,1060.89892578125,412,1075.85009765625,59.374799257548695,2.260959215651836,20
pgame_seed2,pgame,2,legs12_paralysed,ite,0,14,704,1050.458251953125,412,1075.85009765625,59.374799257548695,2.260959215651836,20
pgame_seed2,pgame,2,legs12_paralysed,ite,0,15,646,1064.86279296875,412,1075.85009765625,59.374799257548695,2.260959215651836,20
pgame_seed2,pgame,2,legs12_paralysed,ite,0,16,258,1047.5006103515625,412,1075.85009765625,59.374799257548695,2.260959215651836,20
pgame_seed2,pgame,2,legs12_paralysed,ite,0,17,334,1074.740234375,412,1075.85009765625,59.374799257548695,2.260959215651836,20
pgame_seed2,pgame,2,legs12_paralysed,ite,0,18,475,1060.71875,412,1075.85009765625,59.374799257548695,2.260959215651836,20
pgame_seed2,pgame,2,legs12_paralysed,ite,0,19,323,1064.5711669921875,412,1075.85009765625,59.374799257548695,2.260959215651836,20
pgame_seed2,pgame,2,legs12_paralysed,ite,0,20,294,1010.1289672851562,412,1075.85009765625,59.374799257548695,2.260959215651836,20
pgame_seed2,pgame,2,legs12_paralysed,ite,1,1,294,992.8594970703125,294,977.2755126953125,-281.8970880088722,-10.734483770369039,19
pgame_seed2,pgame,2,legs12_paralysed,ite,1,2,412,1073.224365234375,412,1075.85009765625,59.374799257548695,2.260959215651836,19
pgame_seed2,pgame,2,legs12_paralysed,ite,1,3,258,1066.3309326171875,412,1075.85009765625,59.374799257548695,2.260959215651836,19
pgame_seed2,pgame,2,legs12_paralysed,ite,1,4,475,1061.111572265625,412,1075.85009765625,59.374799257548695,2.260959215651836,19
pgame_seed2,pgame,2,legs12_paralysed,ite,1,5,323,1057.5938720703125,412,1075.85009765625,59.374799257548695,2.260959215651836,19
pgame_seed2,pgame,2,legs12_paralysed,ite,1,6,646,1028.014404296875,412,1075.85009765625,59.374799257548695,2.260959215651836,19
pgame_seed2,pgame,2,legs12_paralysed,ite,1,7,334,1083.504150390625,334,1082.489013671875,82.35917600083845,3.1361914532942703,19
pgame_seed2,pgame,2,legs12_paralysed,ite,1,8,603,1051.38427734375,334,1082.489013671875,82.35917600083845,3.1361914532942703,19
pgame_seed2,pgame,2,legs12_paralysed,ite,1,9,258,1062.802978515625,334,1082.489013671875,82.35917600083845,3.1361914532942703,19
pgame_seed2,pgame,2,legs12_paralysed,ite,1,10,412,1067.5927734375,334,1082.489013671875,82.35917600083845,3.1361914532942703,19
pgame_seed2,pgame,2,legs12_paralysed,ite,1,11,606,1052.08251953125,334,1082.489013671875,82.35917600083845,3.1361914532942703,19
pgame_seed2,pgame,2,legs12_paralysed,ite,1,12,475,1050.1463623046875,334,1082.489013671875,82.35917600083845,3.1361914532942703,19
pgame_seed2,pgame,2,legs12_paralysed,ite,1,13,704,1061.043212890625,334,1082.489013671875,82.35917600083845,3.1361914532942703,19
pgame_seed2,pgame,2,legs12_paralysed,ite,1,14,294,1011.6981811523438,334,1082.489013671875,82.35917600083845,3.1361914532942703,19
pgame_seed2,pgame,2,legs12_paralysed,ite,1,15,258,1058.85498046875,334,1082.489013671875,82.35917600083845,3.1361914532942703,19
pgame_seed2,pgame,2,legs12_paralysed,ite,1,16,412,1060.5606689453125,334,1082.489013671875,82.35917600083845,3.1361914532942703,19
pgame_seed2,pgame,2,legs12_paralysed,ite,1,17,334,1087.134033203125,334,1082.489013671875,82.35917600083845,3.1361914532942703,19
pgame_seed2,pgame,2,legs12_paralysed,ite,1,18,323,1053.924560546875,334,1082.489013671875,82.35917600083845,3.1361914532942703,19
pgame_seed2,pgame,2,legs12_paralysed,ite,1,19,334,1071.81103515625,334,1082.489013671875,82.35917600083845,3.1361914532942703,19
pgame_seed2,pgame,2,legs12_paralysed,ite,1,20,258,1056.0811767578125,334,1082.489013671875,82.35917600083845,3.1361914532942703,19
pgame_seed2,pgame,2,legs12_paralysed,ite,2,1,294,979.6864624023438,294,977.2755126953125,-281.8970880088722,-10.734483770369039,
pgame_seed2,pgame,2,legs12_paralysed,ite,2,2,412,1075.25390625,412,1075.85009765625,59.374799257548695,2.260959215651836,
pgame_seed2,pgame,2,legs12_paralysed,ite,2,3,258,1072.143798828125,412,1075.85009765625,59.374799257548695,2.260959215651836,
pgame_seed2,pgame,2,legs12_paralysed,ite,2,4,475,1048.9425048828125,412,1075.85009765625,59.374799257548695,2.260959215651836,
pgame_seed2,pgame,2,legs12_paralysed,ite,2,5,323,1053.943115234375,412,1075.85009765625,59.374799257548695,2.260959215651836,
pgame_seed2,pgame,2,legs12_paralysed,ite,2,6,646,1065.1370849609375,412,1075.85009765625,59.374799257548695,2.260959215651836,
pgame_seed2,pgame,2,legs12_paralysed,ite,2,7,334,1082.2991943359375,334,1082.489013671875,82.35917600083845,3.1361914532942703,
pgame_seed2,pgame,2,legs12_paralysed,ite,2,8,603,1058.428466796875,334,1082.489013671875,82.35917600083845,3.1361914532942703,
pgame_seed2,pgame,2,legs12_paralysed,ite,2,9,258,1074.48046875,334,1082.489013671875,82.35917600083845,3.1361914532942703,
pgame_seed2,pgame,2,legs12_paralysed,ite,2,10,412,1069.6046142578125,334,1082.489013671875,82.35917600083845,3.1361914532942703,
pgame_seed2,pgame,2,legs12_paralysed,ite,2,11,606,1052.08056640625,334,1082.489013671875,82.35917600083845,3.1361914532942703,
pgame_seed2,pgame,2,legs12_paralysed,ite,2,12,761,1057.0660400390625,334,1082.489013671875,82.35917600083845,3.1361914532942703,
pgame_seed2,pgame,2,legs12_paralysed,ite,2,13,258,1046.012939453125,334,1082.489013671875,82.35917600083845,3.1361914532942703,
pgame_seed2,pgame,2,legs12_paralysed,ite,2,14,704,1055.39794921875,334,1082.489013671875,82.35917600083845,3.1361914532942703,
pgame_seed2,pgame,2,legs12_paralysed,ite,2,15,475,1037.26220703125,334,1082.489013671875,82.35917600083845,3.1361914532942703,
pgame_seed2,pgame,2,legs12_paralysed,ite,2,16,412,1086.968505859375,412,1075.85009765625,59.374799257548695,2.260959215651836,
pgame_seed2,pgame,2,legs12_paralysed,ite,2,17,412,1085.751953125,412,1075.85009765625,59.374799257548695,2.260959215651836,
pgame_seed2,pgame,2,legs12_paralysed,ite,2,18,646,1063.043212890625,412,1075.85009765625,59.374799257548695,2.260959215651836,
pgame_seed2,pgame,2,legs12_paralysed,ite,2,19,412,1070.8809814453125,412,1075.85009765625,59.374799257548695,2.260959215651836,
pgame_seed2,pgame,2,legs12_paralysed,ite,2,20,334,1079.083740234375,412,1075.85009765625,59.374799257548695,2.260959215651836,
pgame_seed2,pgame,2,legs12_paralysed,ite,3,1,294,970.4166259765625,294,977.2755126953125,-281.8970880088722,-10.734483770369039,
pgame_seed2,pgame,2,legs12_paralysed,ite,3,2,412,1063.77783203125,412,1075.85009765625,59.374799257548695,2.260959215651836,
pgame_seed2,pgame,2,legs12_paralysed,ite,3,3,258,1070.7244873046875,258,1056.4931640625,-7.640215432572682,-0.2909351392820819,
pgame_seed2,pgame,2,legs12_paralysed,ite,3,4,475,1052.532958984375,258,1056.4931640625,-7.640215432572682,-0.2909351392820819,
pgame_seed2,pgame,2,legs12_paralysed,ite,3,5,323,1055.3843994140625,258,1056.4931640625,-7.640215432572682,-0.2909351392820819,
pgame_seed2,pgame,2,legs12_paralysed,ite,3,6,646,1063.454345703125,258,1056.4931640625,-7.640215432572682,-0.2909351392820819,
pgame_seed2,pgame,2,legs12_paralysed,ite,3,7,334,1075.5574951171875,334,1082.489013671875,82.35917600083845,3.1361914532942703,
pgame_seed2,pgame,2,legs12_paralysed,ite,3,8,603,1058.019775390625,334,1082.489013671875,82.35917600083845,3.1361914532942703,
pgame_seed2,pgame,2,legs12_paralysed,ite,3,9,258,1048.03759765625,334,1082.489013671875,82.35917600083845,3.1361914532942703,
pgame_seed2,pgame,2,legs12_paralysed,ite,3,10,606,1052.31982421875,334,1082.489013671875,82.35917600083845,3.1361914532942703,
pgame_seed2,pgame,2,legs12_paralysed,ite,3,11,412,1075.9947509765625,412,1075.85009765625,59.374799257548695,2.260959215651836,
pgame_seed2,pgame,2,legs12_paralysed,ite,3,12,646,1065.74658203125,412,1075.85009765625,59.374799257548695,2.260959215651836,
pgame_seed2,pgame,2,legs12_paralysed,ite,3,13,475,1045.65283203125,412,1075.85009765625,59.374799257548695,2.260959215651836,
pgame_seed2,pgame,2,legs12_paralysed,ite,3,14,704,1054.1214599609375,412,1075.85009765625,59.374799257548695,2.260959215651836,
pgame_seed2,pgame,2,legs12_paralysed,ite,3,15,412,1073.66650390625,412,1075.85009765625,59.374799257548695,2.260959215651836,
pgame_seed2,pgame,2,legs12_paralysed,ite,3,16,258,1069.293212890625,412,1075.85009765625,59.374799257548695,2.260959215651836,
pgame_seed2,pgame,2,legs12_paralysed,ite,3,17,294,966.3706665039062,412,1075.85009765625,59.374799257548695,2.260959215651836,
pgame_seed2,pgame,2,legs12_paralysed,ite,3,18,323,1060.927490234375,412,1075.85009765625,59.374799257548695,2.260959215651836,
pgame_seed2,pgame,2,legs12_paralysed,ite,3,19,412,1074.1728515625,412,1075.85009765625,59.374799257548695,2.260959215651836,
pgame_seed2,pgame,2,legs12_paralysed,ite,3,20,334,1069.336181640625,412,1075.85009765625,59.374799257548695,2.260959215651836,
pgame_seed2,pgame,2,legs12_paralysed,ite,4,1,294,987.6319580078125,294,977.2755126953125,-281.8970880088722,-10.734483770369039,
pgame_seed2,pgame,2,legs12_paralysed,ite,4,2,412,1071.322509765625,412,1075.85009765625,59.374799257548695,2.260959215651836,
pgame_seed2,pgame,2,legs12_paralysed,ite,4,3,258,1079.589599609375,258,1056.4931640625,-7.640215432572682,-0.2909351392820819,
pgame_seed2,pgame,2,legs12_paralysed,ite,4,4,475,1047.21826171875,258,1056.4931640625,-7.640215432572682,-0.2909351392820819,
pgame_seed2,pgame,2,legs12_paralysed,ite,4,5,323,1061.909423828125,258,1056.4931640625,-7.640215432572682,-0.2909351392820819,
pgame_seed2,pgame,2,legs12_paralysed,ite,4,6,646,1057.2855224609375,258,1056.4931640625,-7.640215432572682,-0.2909351392820819,
pgame_seed2,pgame,2,legs12_paralysed,ite,4,7,334,1077.9937744140625,258,1056.4931640625,-7.640215432572682,-0.2909351392820819,
pgame_seed2,pgame,2,legs12_paralysed,ite,4,8,603,1074.036865234375,258,1056.4931640625,-7.640215432572682,-0.2909351392820819,
pgame_seed2,pgame,2,legs12_paralysed,ite,4,9,258,1058.4188232421875,258,1056.4931640625,-7.640215432572682,-0.2909351392820819,
pgame_seed2,pgame,2,legs12_paralysed,ite,4,10,412,1079.228759765625,258,1056.4931640625,-7.640215432572682,-0.2909351392820819,
pgame_seed2,pgame,2,legs12_paralysed,ite,4,11,606,1051.7708740234375,258,1056.4931640625,-7.640215432572682,-0.2909351392820819,
pgame_seed2,pgame,2,legs12_paralysed,ite,4,12,294,978.2988891601562,258,1056.4931640625,-7.640215432572682,-0.2909351392820819,
pgame_seed2,pgame,2,legs12_paralysed,ite,4,13,412,1068.7528076171875,258,1056.4931640625,-7.640215432572682,-0.2909351392820819,
pgame_seed2,pgame,2,legs12_paralysed,ite,4,14,258,1057.723388671875,258,1056.4931640625,-7.640215432572682,-0.2909351392820819,
pgame_seed2,pgame,2,legs12_paralysed,ite,4,15,704,1051.1112060546875,258,1056.4931640625,-7.640215432572682,-0.2909351392820819,
pgame_seed2,pgame,2,legs12_paralysed,ite,4,16,323,1053.54833984375,258,1056.4931640625,-7.640215432572682,-0.2909351392820819,
pgame_seed2,pgame,2,legs12_paralysed,ite,4,17,475,1054.7471923828125,258,1056.4931640625,-7.640215432572682,-0.2909351392820819,
pgame_seed2,pgame,2,legs12_paralysed,ite,4,18,412,1061.965087890625,258,1056.4931640625,-7.640215432572682,-0.2909351392820819,
pgame_seed2,pgame,2,legs12_paralysed,ite,4,19,258,1063.7012939453125,258,1056.4931640625,-7.640215432572682,-0.2909351392820819,
pgame_seed2,pgame,2,legs12_paralysed,ite,4,20,334,1077.1494140625,258,1056.4931640625,-7.640215432572682,-0.2909351392820819,
pgame_seed2,pgame,2,legs12_paralysed,top_k,0,1,294,1040.3555908203125,294,977.2755126953125,-281.8970880088722,-10.734483770369039,
pgame_seed2,pgame,2,legs12_paralysed,top_k,0,2,972,1033.0340576171875,294,977.2755126953125,-281.8970880088722,-10.734483770369039,
pgame_seed2,pgame,2,legs12_paralysed,top_k,0,3,330,1029.0457763671875,294,977.2755126953125,-281.8970880088722,-10.734483770369039,
pgame_seed2,pgame,2,legs12_paralysed,top_k,0,4,761,1041.273681640625,761,1050.36376953125,-28.860594299083633,-1.0989953223531277,
pgame_seed2,pgame,2,legs12_paralysed,top_k,0,5,115,1026.7718505859375,761,1050.36376953125,-28.860594299083633,-1.0989953223531277,
pgame_seed2,pgame,2,legs12_paralysed,top_k,0,6,596,1030.45654296875,761,1050.36376953125,-28.860594299083633,-1.0989953223531277,
pgame_seed2,pgame,2,legs12_paralysed,top_k,0,7,320,1043.13427734375,320,1030.0323486328125,-99.249350017074,-3.7793598525729566,
pgame_seed2,pgame,2,legs12_paralysed,top_k,0,8,603,1059.6309814453125,603,1053.57763671875,-17.733968496536427,-0.6752996221242085,
pgame_seed2,pgame,2,legs12_paralysed,top_k,0,9,474,1060.872314453125,474,1073.90869140625,52.65351937439347,2.0050166291872076,
pgame_seed2,pgame,2,legs12_paralysed,top_k,0,10,475,1069.18798828125,475,1048.0078125,-37.01707705467316,-1.4095896331408118,
pgame_seed2,pgame,2,legs12_paralysed,top_k,0,11,565,1051.565673828125,475,1048.0078125,-37.01707705467316,-1.4095896331408118,
pgame_seed2,pgame,2,legs12_paralysed,top_k,0,12,508,1037.39599609375,475,1048.0078125,-37.01707705467316,-1.4095896331408118,
pgame_seed2,pgame,2,legs12_paralysed,top_k,0,13,711,967.8367309570312,475,1048.0078125,-37.01707705467316,-1.4095896331408118,
pgame_seed2,pgame,2,legs12_paralysed,top_k,0,14,1001,1065.8995361328125,475,1048.0078125,-37.01707705467316,-1.4095896331408118,
pgame_seed2,pgame,2,legs12_paralysed,top_k,0,15,441,1060.470947265625,475,1048.0078125,-37.01707705467316,-1.4095896331408118,
pgame_seed2,pgame,2,legs12_paralysed,top_k,0,16,831,1052.262939453125,475,1048.0078125,-37.01707705467316,-1.4095896331408118,
pgame_seed2,pgame,2,legs12_paralysed,top_k,0,17,209,1046.3751220703125,475,1048.0078125,-37.01707705467316,-1.4095896331408118,
pgame_seed2,pgame,2,legs12_paralysed,top_k,0,18,182,1001.48828125,475,1048.0078125,-37.01707705467316,-1.4095896331408118,
pgame_seed2,pgame,2,legs12_paralysed,top_k,0,19,887,1036.21728515625,475,1048.0078125,-37.01707705467316,-1.4095896331408118,
pgame_seed2,pgame,2,legs12_paralysed,top_k,0,20,575,1085.510498046875,575,1063.36962890625,16.166571437265105,0.6156140169506544,
pgame_seed2,pgame,2,legs12_paralysed,top_k,1,1,294,972.7718505859375,294,977.2755126953125,-281.8970880088722,-10.734483770369039,
pgame_seed2,pgame,2,legs12_paralysed,top_k,1,2,972,1039.884521484375,972,1040.0743408203125,-64.48329315666896,-2.4554878120217634,
pgame_seed2,pgame,2,legs12_paralysed,top_k,1,3,330,1063.9918212890625,330,1048.426025390625,-35.569195711634315,-1.35445511973363,
pgame_seed2,pgame,2,legs12_paralysed,top_k,1,4,761,1054.624755859375,330,1048.426025390625,-35.569195711634315,-1.35445511973363,
pgame_seed2,pgame,2,legs12_paralysed,top_k,1,5,115,1033.2435302734375,330,1048.426025390625,-35.569195711634315,-1.35445511973363,
pgame_seed2,pgame,2,legs12_paralysed,top_k,1,6,596,1038.11669921875,330,1048.426025390625,-35.569195711634315,-1.35445511973363,
pgame_seed2,pgame,2,legs12_paralysed,top_k,1,7,320,1043.4404296875,330,1048.426025390625,-35.569195711634315,-1.35445511973363,
pgame_seed2,pgame,2,legs12_paralysed,top_k,1,8,603,1062.7607421875,330,1048.426025390625,-35.569195711634315,-1.35445511973363,
pgame_seed2,pgame,2,legs12_paralysed,top_k,1,9,474,1070.8482666015625,474,1073.90869140625,52.65351937439347,2.0050166291872076,
pgame_seed2,pgame,2,legs12_paralysed,top_k,1,10,475,1039.925537109375,474,1073.90869140625,52.65351937439347,2.0050166291872076,
pgame_seed2,pgame,2,legs12_paralysed,top_k,1,11,565,1054.762939453125,474,1073.90869140625,52.65351937439347,2.0050166291872076,
pgame_seed2,pgame,2,legs12_paralysed,top_k,1,12,508,1035.4183349609375,474,1073.90869140625,52.65351937439347,2.0050166291872076,
pgame_seed2,pgame,2,legs12_paralysed,top_k,1,13,711,968.6756591796875,474,1073.90869140625,52.65351937439347,2.0050166291872076,
pgame_seed2,pgame,2,legs12_paralysed,top_k,1,14,1001,1073.35205078125,1001,1062.1806640625,12.050294647656711,0.45886849430443466,
pgame_seed2,pgame,2,legs12_paralysed,top_k,1,15,441,1055.458740234375,1001,1062.1806640625,12.050294647656711,0.45886849430443466,
pgame_seed2,pgame,2,legs12_paralysed,top_k,1,16,831,1035.7196044921875,1001,1062.1806640625,12.050294647656711,0.45886849430443466,
pgame_seed2,pgame,2,legs12_paralysed,top_k,1,17,209,1046.4515380859375,1001,1062.1806640625,12.050294647656711,0.45886849430443466,
pgame_seed2,pgame,2,legs12_paralysed,top_k,1,18,182,1054.58056640625,1001,1062.1806640625,12.050294647656711,0.45886849430443466,
pgame_seed2,pgame,2,legs12_paralysed,top_k,1,19,887,1039.0059814453125,1001,1062.1806640625,12.050294647656711,0.45886849430443466,
pgame_seed2,pgame,2,legs12_paralysed,top_k,1,20,575,1060.92822265625,1001,1062.1806640625,12.050294647656711,0.45886849430443466,
pgame_seed2,pgame,2,legs12_paralysed,top_k,2,1,294,1006.3181762695312,294,977.2755126953125,-281.8970880088722,-10.734483770369039,
pgame_seed2,pgame,2,legs12_paralysed,top_k,2,2,972,1028.282470703125,972,1040.0743408203125,-64.48329315666896,-2.4554878120217634,
pgame_seed2,pgame,2,legs12_paralysed,top_k,2,3,330,1040.0406494140625,330,1048.426025390625,-35.569195711634315,-1.35445511973363,
pgame_seed2,pgame,2,legs12_paralysed,top_k,2,4,761,1048.254638671875,761,1050.36376953125,-28.860594299083633,-1.0989953223531277,
pgame_seed2,pgame,2,legs12_paralysed,top_k,2,5,115,1040.9661865234375,761,1050.36376953125,-28.860594299083633,-1.0989953223531277,
pgame_seed2,pgame,2,legs12_paralysed,top_k,2,6,596,1032.3614501953125,761,1050.36376953125,-28.860594299083633,-1.0989953223531277,
pgame_seed2,pgame,2,legs12_paralysed,top_k,2,7,320,1004.8714599609375,761,1050.36376953125,-28.860594299083633,-1.0989953223531277,
pgame_seed2,pgame,2,legs12_paralysed,top_k,2,8,603,1059.787109375,603,1053.57763671875,-17.733968496536427,-0.6752996221242085,
pgame_seed2,pgame,2,legs12_paralysed,top_k,2,9,474,1054.6739501953125,603,1053.57763671875,-17.733968496536427,-0.6752996221242085,
pgame_seed2,pgame,2,legs12_paralysed,top_k,2,10,475,1049.295654296875,603,1053.57763671875,-17.733968496536427,-0.6752996221242085,
pgame_seed2,pgame,2,legs12_paralysed,top_k,2,11,565,1033.8787841796875,603,1053.57763671875,-17.733968496536427,-0.6752996221242085,
pgame_seed2,pgame,2,legs12_paralysed,top_k,2,12,508,1040.213134765625,603,1053.57763671875,-17.733968496536427,-0.6752996221242085,
pgame_seed2,pgame,2,legs12_paralysed,top_k,2,13,711,983.5093994140625,603,1053.57763671875,-17.733968496536427,-0.6752996221242085,
pgame_seed2,pgame,2,legs12_paralysed,top_k,2,14,1001,1064.2091064453125,1001,1062.1806640625,12.050294647656711,0.45886849430443466,
pgame_seed2,pgame,2,legs12_paralysed,top_k,2,15,441,1075.248046875,441,1055.473388671875,-11.170746880251174,-0.42537580624168353,
pgame_seed2,pgame,2,legs12_paralysed,top_k,2,16,831,1017.171875,441,1055.473388671875,-11.170746880251174,-0.42537580624168353,
pgame_seed2,pgame,2,legs12_paralysed,top_k,2,17,209,1039.168212890625,441,1055.473388671875,-11.170746880251174,-0.42537580624168353,
pgame_seed2,pgame,2,legs12_paralysed,top_k,2,18,182,1010.4592895507812,441,1055.473388671875,-11.170746880251174,-0.42537580624168353,
pgame_seed2,pgame,2,legs12_paralysed,top_k,2,19,887,1038.4716796875,441,1055.473388671875,-11.170746880251174,-0.42537580624168353,
pgame_seed2,pgame,2,legs12_paralysed,top_k,2,20,575,1084.2657470703125,575,1063.36962890625,16.166571437265105,0.6156140169506544,
pgame_seed2,pgame,2,legs12_paralysed,top_k,3,1,294,990.221435546875,294,977.2755126953125,-281.8970880088722,-10.734483770369039,
pgame_seed2,pgame,2,legs12_paralysed,top_k,3,2,972,1040.728759765625,972,1040.0743408203125,-64.48329315666896,-2.4554878120217634,
pgame_seed2,pgame,2,legs12_paralysed,top_k,3,3,330,1041.3848876953125,330,1048.426025390625,-35.569195711634315,-1.35445511973363,
pgame_seed2,pgame,2,legs12_paralysed,top_k,3,4,761,1055.347900390625,761,1050.36376953125,-28.860594299083633,-1.0989953223531277,
pgame_seed2,pgame,2,legs12_paralysed,top_k,3,5,115,1031.64013671875,761,1050.36376953125,-28.860594299083633,-1.0989953223531277,
pgame_seed2,pgame,2,legs12_paralysed,top_k,3,6,596,1029.4796142578125,761,1050.36376953125,-28.860594299083633,-1.0989953223531277,
pgame_seed2,pgame,2,legs12_paralysed,top_k,3,7,320,996.8712768554688,761,1050.36376953125,-28.860594299083633,-1.0989953223531277,
pgame_seed2,pgame,2,legs12_paralysed,top_k,3,8,603,1048.6710205078125,761,1050.36376953125,-28.860594299083633,-1.0989953223531277,
pgame_seed2,pgame,2,legs12_paralysed,top_k,3,9,474,1067.880859375,474,1073.90869140625,52.65351937439347,2.0050166291872076,
pgame_seed2,pgame,2,legs12_paralysed,top_k,3,10,475,1078.55126953125,475,1048.0078125,-37.01707705467316,-1.4095896331408118,
pgame_seed2,pgame,2,legs12_paralysed,top_k,3,11,565,1022.66259765625,475,1048.0078125,-37.01707705467316,-1.4095896331408118,
pgame_seed2,pgame,2,legs12_paralysed,top_k,3,12,508,1033.274658203125,475,1048.0078125,-37.01707705467316,-1.4095896331408118,
pgame_seed2,pgame,2,legs12_paralysed,top_k,3,13,711,975.55859375,475,1048.0078125,-37.01707705467316,-1.4095896331408118,
pgame_seed2,pgame,2,legs12_paralysed,top_k,3,14,1001,1072.92138671875,475,1048.0078125,-37.01707705467316,-1.4095896331408118,
pgame_seed2,pgame,2,legs12_paralysed,top_k,3,15,441,1052.71337890625,475,1048.0078125,-37.01707705467316,-1.4095896331408118,
pgame_seed2,pgame,2,legs12_paralysed,top_k,3,16,831,1044.259765625,475,1048.0078125,-37.01707705467316,-1.4095896331408118,
pgame_seed2,pgame,2,legs12_paralysed,top_k,3,17,209,1041.4481201171875,475,1048.0078125,-37.01707705467316,-1.4095896331408118,
pgame_seed2,pgame,2,legs12_paralysed,top_k,3,18,182,1023.2595825195312,475,1048.0078125,-37.01707705467316,-1.4095896331408118,
pgame_seed2,pgame,2,legs12_paralysed,top_k,3,19,887,1043.731201171875,475,1048.0078125,-37.01707705467316,-1.4095896331408118,
pgame_seed2,pgame,2,legs12_paralysed,top_k,3,20,575,1058.0238037109375,475,1048.0078125,-37.01707705467316,-1.4095896331408118,
pgame_seed2,pgame,2,legs12_paralysed,top_k,4,1,294,969.855712890625,294,977.2755126953125,-281.8970880088722,-10.734483770369039,
pgame_seed2,pgame,2,legs12_paralysed,top_k,4,2,972,1056.7890625,972,1040.0743408203125,-64.48329315666896,-2.4554878120217634,
pgame_seed2,pgame,2,legs12_paralysed,top_k,4,3,330,1021.0152587890625,972,1040.0743408203125,-64.48329315666896,-2.4554878120217634,
pgame_seed2,pgame,2,legs12_paralysed,top_k,4,4,761,1044.000244140625,972,1040.0743408203125,-64.48329315666896,-2.4554878120217634,
pgame_seed2,pgame,2,legs12_paralysed,top_k,4,5,115,1027.468994140625,972,1040.0743408203125,-64.48329315666896,-2.4554878120217634,
pgame_seed2,pgame,2,legs12_paralysed,top_k,4,6,596,1065.7564697265625,596,1040.84228515625,-61.82461787089623,-2.354246941080555,
pgame_seed2,pgame,2,legs12_paralysed,top_k,4,7,320,1029.97802734375,596,1040.84228515625,-61.82461787089623,-2.354246941080555,
pgame_seed2,pgame,2,legs12_paralysed,top_k,4,8,603,1057.1461181640625,596,1040.84228515625,-61.82461787089623,-2.354246941080555,
pgame_seed2,pgame,2,legs12_paralysed,top_k,4,9,474,1054.9111328125,596,1040.84228515625,-61.82461787089623,-2.354246941080555,
pgame_seed2,pgame,2,legs12_paralysed,top_k,4,10,475,1065.51416015625,596,1040.84228515625,-61.82461787089623,-2.354246941080555,
pgame_seed2,pgame,2,legs12_paralysed,top_k,4,11,565,1015.9793701171875,596,1040.84228515625,-61.82461787089623,-2.354246941080555,
pgame_seed2,pgame,2,legs12_paralysed,top_k,4,12,508,1044.522705078125,596,1040.84228515625,-61.82461787089623,-2.354246941080555,
pgame_seed2,pgame,2,legs12_paralysed,top_k,4,13,711,984.8380126953125,596,1040.84228515625,-61.82461787089623,-2.354246941080555,
pgame_seed2,pgame,2,legs12_paralysed,top_k,4,14,1001,1067.4205322265625,1001,1062.1806640625,12.050294647656711,0.45886849430443466,
pgame_seed2,pgame,2,legs12_paralysed,top_k,4,15,441,1046.745361328125,1001,1062.1806640625,12.050294647656711,0.45886849430443466,
pgame_seed2,pgame,2,legs12_paralysed,top_k,4,16,831,1042.7802734375,1001,1062.1806640625,12.050294647656711,0.45886849430443466,
pgame_seed2,pgame,2,legs12_paralysed,top_k,4,17,209,1049.7392578125,1001,1062.1806640625,12.050294647656711,0.45886849430443466,
pgame_seed2,pgame,2,legs12_paralysed,top_k,4,18,182,1003.6881103515625,1001,1062.1806640625,12.050294647656711,0.45886849430443466,
pgame_seed2,pgame,2,legs12_paralysed,top_k,4,19,887,1049.0845947265625,1001,1062.1806640625,12.050294647656711,0.45886849430443466,
pgame_seed2,pgame,2,legs12_paralysed,top_k,4,20,575,1075.1510009765625,575,1063.36962890625,16.166571437265105,0.6156140169506544,
pgame_seed2,pgame,2,legs14_paralysed,ite,0,1,294,1008.6207275390625,294,1018.7252197265625,-123.05312268434699,-5.270019428720189,
pgame_seed2,pgame,2,legs14_paralysed,ite,0,2,412,1072.093017578125,412,1071.597412109375,39.701702517176145,1.7003123452258602,
pgame_seed2,pgame,2,legs14_paralysed,ite,0,3,258,1046.62451171875,412,1071.597412109375,39.701702517176145,1.7003123452258602,
pgame_seed2,pgame,2,legs14_paralysed,ite,0,4,475,1060.7630615234375,412,1071.597412109375,39.701702517176145,1.7003123452258602,
pgame_seed2,pgame,2,legs14_paralysed,ite,0,5,323,1047.876220703125,412,1071.597412109375,39.701702517176145,1.7003123452258602,
pgame_seed2,pgame,2,legs14_paralysed,ite,0,6,646,1008.6082153320312,412,1071.597412109375,39.701702517176145,1.7003123452258602,
pgame_seed2,pgame,2,legs14_paralysed,ite,0,7,334,1054.2796630859375,412,1071.597412109375,39.701702517176145,1.7003123452258602,
pgame_seed2,pgame,2,legs14_paralysed,ite,0,8,603,1044.374755859375,412,1071.597412109375,39.701702517176145,1.7003123452258602,
pgame_seed2,pgame,2,legs14_paralysed,ite,0,9,258,1045.9510498046875,412,1071.597412109375,39.701702517176145,1.7003123452258602,
pgame_seed2,pgame,2,legs14_paralysed,ite,0,10,412,1068.8740234375,412,1071.597412109375,39.701702517176145,1.7003123452258602,
pgame_seed2,pgame,2,legs14_paralysed,ite,0,11,475,1045.31640625,412,1071.597412109375,39.701702517176145,1.7003123452258602,
pgame_seed2,pgame,2,legs14_paralysed,ite,0,12,606,1049.436767578125,412,1071.597412109375,39.701702517176145,1.7003123452258602,
pgame_seed2,pgame,2,legs14_paralysed,ite,0,13,294,997.852294921875,412,1071.597412109375,39.701702517176145,1.7003123452258602,
pgame_seed2,pgame,2,legs14_paralysed,ite,0,14,412,1071.946044921875,412,1071.597412109375,39.701702517176145,1.7003123452258602,
pgame_seed2,pgame,2,legs14_paralysed,ite,0,15,323,1048.0152587890625,412,1071.597412109375,39.701702517176145,1.7003123452258602,
pgame_seed2,pgame,2,legs14_paralysed,ite,0,16,412,1070.6790771484375,412,1071.597412109375,39.701702517176145,1.7003123452258602,
pgame_seed2,pgame,2,legs14_paralysed,ite,0,17,704,1055.98828125,412,1071.597412109375,39.701702517176145,1.7003123452258602,
pgame_seed2,pgame,2,legs14_paralysed,ite,0,18,258,1040.5299072265625,412,1071.597412109375,39.701702517176145,1.7003123452258602,
pgame_seed2,pgame,2,legs14_paralysed,ite,0,19,412,1076.79150390625,412,1071.597412109375,39.701702517176145,1.7003123452258602,
pgame_seed2,pgame,2,legs14_paralysed,ite,0,20,412,1075.2308349609375,412,1071.597412109375,39.701702517176145,1.7003123452258602,
pgame_seed2,pgame,2,legs14_paralysed,ite,1,1,294,998.0042724609375,294,1018.7252197265625,-123.05312268434699,-5.270019428720189,
pgame_seed2,pgame,2,legs14_paralysed,ite,1,2,412,1071.57861328125,412,1071.597412109375,39.701702517176145,1.7003123452258602,
pgame_seed2,pgame,2,legs14_paralysed,ite,1,3,258,1039.556396484375,412,1071.597412109375,39.701702517176145,1.7003123452258602,
pgame_seed2,pgame,2,legs14_paralysed,ite,1,4,475,1045.5423583984375,412,1071.597412109375,39.701702517176145,1.7003123452258602,
pgame_seed2,pgame,2,legs14_paralysed,ite,1,5,323,1047.988037109375,412,1071.597412109375,39.701702517176145,1.7003123452258602,
pgame_seed2,pgame,2,legs14_paralysed,ite,1,6,646,964.3790283203125,412,1071.597412109375,39.701702517176145,1.7003123452258602,
pgame_seed2,pgame,2,legs14_paralysed,ite,1,7,334,1056.7156982421875,412,1071.597412109375,39.701702517176145,1.7003123452258602,
pgame_seed2,pgame,2,legs14_paralysed,ite,1,8,603,1043.414794921875,412,1071.597412109375,39.701702517176145,1.7003123452258602,
pgame_seed2,pgame,2,legs14_paralysed,ite,1,9,412,1071.238037109375,412,1071.597412109375,39.701702517176145,1.7003123452258602,
pgame_seed2,pgame,2,legs14_paralysed,ite,1,10,258,1043.7923583984375,412,1071.597412109375,39.701702517176145,1.7003123452258602,
pgame_seed2,pgame,2,legs14_paralysed,ite,1,11,606,1048.990234375,412,1071.597412109375,39.701702517176145,1.7003123452258602,
pgame_seed2,pgame,2,legs14_paralysed,ite,1,12,475,1043.92138671875,412,1071.597412109375,39.701702517176145,1.7003123452258602,
pgame_seed2,pgame,2,legs14_paralysed,ite,1,13,412,1069.0152587890625,412,1071.597412109375,39.701702517176145,1.7003123452258602,
pgame_seed2,pgame,2,legs14_paralysed,ite,1,14,704,1054.487060546875,412,1071.597412109375,39.701702517176145,1.7003123452258602,
pgame_seed2,pgame,2,legs14_paralysed,ite,1,15,412,1075.628173828125,412,1071.597412109375,39.701702517176145,1.7003123452258602,
pgame_seed2,pgame,2,legs14_paralysed,ite,1,16,294,1009.8912353515625,412,1071.597412109375,39.701702517176145,1.7003123452258602,
pgame_seed2,pgame,2,legs14_paralysed,ite,1,17,323,1053.0728759765625,412,1071.597412109375,39.701702517176145,1.7003123452258602,
pgame_seed2,pgame,2,legs14_paralysed,ite,1,18,412,1070.8271484375,412,1071.597412109375,39.701702517176145,1.7003123452258602,
pgame_seed2,pgame,2,legs14_paralysed,ite,1,19,412,1072.29345703125,412,1071.597412109375,39.701702517176145,1.7003123452258602,
pgame_seed2,pgame,2,legs14_paralysed,ite,1,20,412,1074.9168701171875,412,1071.597412109375,39.701702517176145,1.7003123452258602,
pgame_seed2,pgame,2,legs14_paralysed,ite,2,1,294,990.48046875,294,1018.7252197265625,-123.05312268434699,-5.270019428720189,
pgame_seed2,pgame,2,legs14_paralysed,ite,2,2,412,1075.0460205078125,412,1071.597412109375,39.701702517176145,1.7003123452258602,
pgame_seed2,pgame,2,legs14_paralysed,ite,2,3,258,1044.420654296875,412,1071.597412109375,39.701702517176145,1.7003123452258602,
pgame_seed2,pgame,2,legs14_paralysed,ite,2,4,475,1039.5587158203125,412,1071.597412109375,39.701702517176145,1.7003123452258602,
pgame_seed2,pgame,2,legs14_paralysed,ite,2,5,323,1047.2216796875,412,1071.597412109375,39.701702517176145,1.7003123452258602,
pgame_seed2,pgame,2,legs14_paralysed,ite,2,6,646,988.943115234375,412,1071.597412109375,39.701702517176145,1.7003123452258602,
pgame_seed2,pgame,2,legs14_paralysed,ite,2,7,334,1054.456787109375,412,1071.597412109375,39.701702517176145,1.7003123452258602,
pgame_seed2,pgame,2,legs14_paralysed,ite,2,8,603,1043.01123046875,412,1071.597412109375,39.701702517176145,1.7003123452258602,
pgame_seed2,pgame,2,legs14_paralysed,ite,2,9,412,1070.7745361328125,412,1071.597412109375,39.701702517176145,1.7003123452258602,
pgame_seed2,pgame,2,legs14_paralysed,ite,2,10,258,1045.31689453125,412,1071.597412109375,39.701702517176145,1.7003123452258602,
pgame_seed2,pgame,2,legs14_paralysed,ite,2,11,606,1050.7703857421875,412,1071.597412109375,39.701702517176145,1.7003123452258602,
pgame_seed2,pgame,2,legs14_paralysed,ite,2,12,412,1075.048828125,412,1071.597412109375,39.701702517176145,1.7003123452258602,
pgame_seed2,pgame,2,legs14_paralysed,ite,2,13,475,1044.8447265625,412,1071.597412109375,39.701702517176145,1.7003123452258602,
pgame_seed2,pgame,2,legs14_paralysed,ite,2,14,412,1074.39697265625,412,1071.597412109375,39.701702517176145,1.7003123452258602,
pgame_seed2,pgame,2,legs14_paralysed,ite,2,15,294,1012.02587890625,412,1071.597412109375,39.701702517176145,1.7003123452258602,
pgame_seed2,pgame,2,legs14_paralysed,ite,2,16,704,1052.9801025390625,412,1071.597412109375,39.701702517176145,1.7003123452258602,
pgame_seed2,pgame,2,legs14_paralysed,ite,2,17,323,1047.0838623046875,412,1071.597412109375,39.701702517176145,1.7003123452258602,
pgame_seed2,pgame,2,legs14_paralysed,ite,2,18,412,1071.47998046875,412,1071.597412109375,39.701702517176145,1.7003123452258602,
pgame_seed2,pgame,2,legs14_paralysed,ite,2,19,412,1069.875244140625,412,1071.597412109375,39.701702517176145,1.7003123452258602,
pgame_seed2,pgame,2,legs14_paralysed,ite,2,20,258,1044.76611328125,412,1071.597412109375,39.701702517176145,1.7003123452258602,
pgame_seed2,pgame,2,legs14_paralysed,ite,3,1,294,1010.990966796875,294,1018.7252197265625,-123.05312268434699,-5.270019428720189,
pgame_seed2,pgame,2,legs14_paralysed,ite,3,2,412,1071.920654296875,412,1071.597412109375,39.701702517176145,1.7003123452258602,
pgame_seed2,pgame,2,legs14_paralysed,ite,3,3,258,1044.25390625,412,1071.597412109375,39.701702517176145,1.7003123452258602,
pgame_seed2,pgame,2,legs14_paralysed,ite,3,4,475,1059.4295654296875,412,1071.597412109375,39.701702517176145,1.7003123452258602,
pgame_seed2,pgame,2,legs14_paralysed,ite,3,5,323,1056.062744140625,412,1071.597412109375,39.701702517176145,1.7003123452258602,
pgame_seed2,pgame,2,legs14_paralysed,ite,3,6,646,1029.3193359375,412,1071.597412109375,39.701702517176145,1.7003123452258602,
pgame_seed2,pgame,2,legs14_paralysed,ite,3,7,334,1054.9669189453125,412,1071.597412109375,39.701702517176145,1.7003123452258602,
pgame_seed2,pgame,2,legs14_paralysed,ite,3,8,603,1047.88134765625,412,1071.597412109375,39.701702517176145,1.7003123452258602,
pgame_seed2,pgame,2,legs14_paralysed,ite,3,9,258,1043.2086181640625,412,1071.597412109375,39.701702517176145,1.7003123452258602,
pgame_seed2,pgame,2,legs14_paralysed,ite,3,10,412,1072.82421875,412,1071.597412109375,39.701702517176145,1.7003123452258602,
pgame_seed2,pgame,2,legs14_paralysed,ite,3,11,294,1013.51513671875,412,1071.597412109375,39.701702517176145,1.7003123452258602,
pgame_seed2,pgame,2,legs14_paralysed,ite,3,12,606,1049.204833984375,412,1071.597412109375,39.701702517176145,1.7003123452258602,
pgame_seed2,pgame,2,legs14_paralysed,ite,3,13,475,1056.44970703125,412,1071.597412109375,39.701702517176145,1.7003123452258602,
pgame_seed2,pgame,2,legs14_paralysed,ite,3,14,412,1068.53173828125,412,1071.597412109375,39.701702517176145,1.7003123452258602,
pgame_seed2,pgame,2,legs14_paralysed,ite,3,15,323,1048.51416015625,412,1071.597412109375,39.701702517176145,1.7003123452258602,
pgame_seed2,pgame,2,legs14_paralysed,ite,3,16,412,1069.9505615234375,412,1071.597412109375,39.701702517176145,1.7003123452258602,
pgame_seed2,pgame,2,legs14_paralysed,ite,3,17,704,1055.4764404296875,412,1071.597412109375,39.701702517176145,1.7003123452258602,
pgame_seed2,pgame,2,legs14_paralysed,ite,3,18,475,1057.32763671875,412,1071.597412109375,39.701702517176145,1.7003123452258602,
pgame_seed2,pgame,2,legs14_paralysed,ite,3,19,412,1070.362548828125,412,1071.597412109375,39.701702517176145,1.7003123452258602,
pgame_seed2,pgame,2,legs14_paralysed,ite,3,20,258,1044.997802734375,412,1071.597412109375,39.701702517176145,1.7003123452258602,
pgame_seed2,pgame,2,legs14_paralysed,ite,4,1,294,1037.060302734375,294,1018.7252197265625,-123.05312268434699,-5.270019428720189,
pgame_seed2,pgame,2,legs14_paralysed,ite,4,2,412,1073.1116943359375,412,1071.597412109375,39.701702517176145,1.7003123452258602,
pgame_seed2,pgame,2,legs14_paralysed,ite,4,3,258,1043.8062744140625,412,1071.597412109375,39.701702517176145,1.7003123452258602,
pgame_seed2,pgame,2,legs14_paralysed,ite,4,4,475,1062.598388671875,412,1071.597412109375,39.701702517176145,1.7003123452258602,
pgame_seed2,pgame,2,legs14_paralysed,ite,4,5,646,985.0195922851562,412,1071.597412109375,39.701702517176145,1.7003123452258602,
pgame_seed2,pgame,2,legs14_paralysed,ite,4,6,323,1050.5159912109375,412,1071.597412109375,39.701702517176145,1.7003123452258602,
pgame_seed2,pgame,2,legs14_paralysed,ite,4,7,334,1055.357421875,412,1071.597412109375,39.701702517176145,1.7003123452258602,
pgame_seed2,pgame,2,legs14_paralysed,ite,4,8,603,1043.982421875,412,1071.597412109375,39.701702517176145,1.7003123452258602,
pgame_seed2,pgame,2,legs14_paralysed,ite,4,9,294,989.2193603515625,412,1071.597412109375,39.701702517176145,1.7003123452258602,
pgame_seed2,pgame,2,legs14_paralysed,ite,4,10,412,1073.200927734375,412,1071.597412109375,39.701702517176145,1.7003123452258602,
pgame_seed2,pgame,2,legs14_paralysed,ite,4,11,258,1048.75634765625,412,1071.597412109375,39.701702517176145,1.7003123452258602,
pgame_seed2,pgame,2,legs14_paralysed,ite,4,12,606,1050.234375,412,1071.597412109375,39.701702517176145,1.7003123452258602,
pgame_seed2,pgame,2,legs14_paralysed,ite,4,13,475,1056.5361328125,412,1071.597412109375,39.701702517176145,1.7003123452258602,
pgame_seed2,pgame,2,legs14_paralysed,ite,4,14,412,1071.209228515625,412,1071.597412109375,39.701702517176145,1.7003123452258602,
pgame_seed2,pgame,2,legs14_paralysed,ite,4,15,323,1048.73974609375,412,1071.597412109375,39.701702517176145,1.7003123452258602,
pgame_seed2,pgame,2,legs14_paralysed,ite,4,16,412,1070.68505859375,412,1071.597412109375,39.701702517176145,1.7003123452258602,
pgame_seed2,pgame,2,legs14_paralysed,ite,4,17,475,1046.00927734375,412,1071.597412109375,39.701702517176145,1.7003123452258602,
pgame_seed2,pgame,2,legs14_paralysed,ite,4,18,704,1053.11865234375,412,1071.597412109375,39.701702517176145,1.7003123452258602,
pgame_seed2,pgame,2,legs14_paralysed,ite,4,19,412,1075.1436767578125,412,1071.597412109375,39.701702517176145,1.7003123452258602,
pgame_seed2,pgame,2,legs14_paralysed,ite,4,20,258,1043.91748046875,412,1071.597412109375,39.701702517176145,1.7003123452258602,
pgame_seed2,pgame,2,legs14_paralysed,top_k,0,1,294,980.805908203125,294,1018.7252197265625,-123.05312268434699,-5.270019428720189,
pgame_seed2,pgame,2,legs14_paralysed,top_k,0,2,972,1018.6622924804688,972,1006.6234741210938,-160.30554975207045,-6.865436189638014,
pgame_seed2,pgame,2,legs14_paralysed,top_k,0,3,330,960.29541015625,972,1006.6234741210938,-160.30554975207045,-6.865436189638014,
pgame_seed2,pgame,2,legs14_paralysed,top_k,0,4,761,1066.7164306640625,761,1075.51806640625,51.77053068574145,2.217186338691085,
pgame_seed2,pgame,2,legs14_paralysed,top_k,0,5,115,1010.5101318359375,761,1075.51806640625,51.77053068574145,2.217186338691085,
pgame_seed2,pgame,2,legs14_paralysed,top_k,0,6,596,1064.506591796875,761,1075.51806640625,51.77053068574145,2.217186338691085,
pgame_seed2,pgame,2,legs14_paralysed,top_k,0,7,320,1021.9542846679688,761,1075.51806640625,51.77053068574145,2.217186338691085,
pgame_seed2,pgame,2,legs14_paralysed,top_k,0,8,603,1046.3818359375,761,1075.51806640625,51.77053068574145,2.217186338691085,
pgame_seed2,pgame,2,legs14_paralysed,top_k,0,9,474,1075.352783203125,474,1070.447021484375,36.16049083959474,1.5486522009324337,
pgame_seed2,pgame,2,legs14_paralysed,top_k,0,10,475,1059.587646484375,474,1070.447021484375,36.16049083959474,1.5486522009324337,
pgame_seed2,pgame,2,legs14_paralysed,top_k,0,11,565,1049.879150390625,474,1070.447021484375,36.16049083959474,1.5486522009324337,
pgame_seed2,pgame,2,legs14_paralysed,top_k,0,12,508,1033.2489013671875,474,1070.447021484375,36.16049083959474,1.5486522009324337,
pgame_seed2,pgame,2,legs14_paralysed,top_k,0,13,711,1011.5479736328125,474,1070.447021484375,36.16049083959474,1.5486522009324337,
pgame_seed2,pgame,2,legs14_paralysed,top_k,0,14,1001,1049.9586181640625,474,1070.447021484375,36.16049083959474,1.5486522009324337,
pgame_seed2,pgame,2,legs14_paralysed,top_k,0,15,441,1061.985107421875,474,1070.447021484375,36.16049083959474,1.5486522009324337,
pgame_seed2,pgame,2,legs14_paralysed,top_k,0,16,831,1047.09716796875,474,1070.447021484375,36.16049083959474,1.5486522009324337,
pgame_seed2,pgame,2,legs14_paralysed,top_k,0,17,209,1073.38134765625,474,1070.447021484375,36.16049083959474,1.5486522009324337,
pgame_seed2,pgame,2,legs14_paralysed,top_k,0,18,182,1031.498046875,474,1070.447021484375,36.16049083959474,1.5486522009324337,
pgame_seed2,pgame,2,legs14_paralysed,top_k,0,19,887,1052.96044921875,474,1070.447021484375,36.16049083959474,1.5486522009324337,
pgame_seed2,pgame,2,legs14_paralysed,top_k,0,20,575,1047.9803466796875,474,1070.447021484375,36.16049083959474,1.5486522009324337,
pgame_seed2,pgame,2,legs14_paralysed,top_k,1,1,294,1027.0048828125,294,1018.7252197265625,-123.05312268434699,-5.270019428720189,
pgame_seed2,pgame,2,legs14_paralysed,top_k,1,2,972,1002.2210693359375,294,1018.7252197265625,-123.05312268434699,-5.270019428720189,
pgame_seed2,pgame,2,legs14_paralysed,top_k,1,3,330,948.689697265625,294,1018.7252197265625,-123.05312268434699,-5.270019428720189,
pgame_seed2,pgame,2,legs14_paralysed,top_k,1,4,761,1086.349609375,761,1075.51806640625,51.77053068574145,2.217186338691085,
pgame_seed2,pgame,2,legs14_paralysed,top_k,1,5,115,1022.3846435546875,761,1075.51806640625,51.77053068574145,2.217186338691085,
pgame_seed2,pgame,2,legs14_paralysed,top_k,1,6,596,1059.9886474609375,761,1075.51806640625,51.77053068574145,2.217186338691085,
pgame_seed2,pgame,2,legs14_paralysed,top_k,1,7,320,1026.744140625,761,1075.51806640625,51.77053068574145,2.217186338691085,
pgame_seed2,pgame,2,legs14_paralysed,top_k,1,8,603,1046.028076171875,761,1075.51806640625,51.77053068574145,2.217186338691085,
pgame_seed2,pgame,2,legs14_paralysed,top_k,1,9,474,1081.978515625,761,1075.51806640625,51.77053068574145,2.217186338691085,
pgame_seed2,pgame,2,legs14_paralysed,top_k,1,10,475,1053.9794921875,761,1075.51806640625,51.77053068574145,2.217186338691085,
pgame_seed2,pgame,2,legs14_paralysed,top_k,1,11,565,1054.3094482421875,761,1075.51806640625,51.77053068574145,2.217186338691085,
pgame_seed2,pgame,2,legs14_paralysed,top_k,1,12,508,1019.4679565429688,761,1075.51806640625,51.77053068574145,2.217186338691085,
pgame_seed2,pgame,2,legs14_paralysed,top_k,1,13,711,1012.9127807617188,761,1075.51806640625,51.77053068574145,2.217186338691085,
pgame_seed2,pgame,2,legs14_paralysed,top_k,1,14,1001,1048.0078125,761,1075.51806640625,51.77053068574145,2.217186338691085,
pgame_seed2,pgame,2,legs14_paralysed,top_k,1,15,441,1056.9306640625,761,1075.51806640625,51.77053068574145,2.217186338691085,
pgame_seed2,pgame,2,legs14_paralysed,top_k,1,16,831,1050.078125,761,1075.51806640625,51.77053068574145,2.217186338691085,
pgame_seed2,pgame,2,legs14_paralysed,top_k,1,17,209,1074.6669921875,761,1075.51806640625,51.77053068574145,2.217186338691085,
pgame_seed2,pgame,2,legs14_paralysed,top_k,1,18,182,1033.084228515625,761,1075.51806640625,51.77053068574145,2.217186338691085,
pgame_seed2,pgame,2,legs14_paralysed,top_k,1,19,887,1050.050537109375,761,1075.51806640625,51.77053068574145,2.217186338691085,
pgame_seed2,pgame,2,legs14_paralysed,top_k,1,20,575,1041.1204833984375,761,1075.51806640625,51.77053068574145,2.217186338691085,
pgame_seed2,pgame,2,legs14_paralysed,top_k,2,1,294,1007.7833251953125,294,1018.7252197265625,-123.05312268434699,-5.270019428720189,
pgame_seed2,pgame,2,legs14_paralysed,top_k,2,2,972,1002.2698364257812,294,1018.7252197265625,-123.05312268434699,-5.270019428720189,
pgame_seed2,pgame,2,legs14_paralysed,top_k,2,3,330,996.400634765625,294,1018.7252197265625,-123.05312268434699,-5.270019428720189,
pgame_seed2,pgame,2,legs14_paralysed,top_k,2,4,761,1088.5703125,761,1075.51806640625,51.77053068574145,2.217186338691085,
pgame_seed2,pgame,2,legs14_paralysed,top_k,2,5,115,1023.475341796875,761,1075.51806640625,51.77053068574145,2.217186338691085,
pgame_seed2,pgame,2,legs14_paralysed,top_k,2,6,596,1073.3349609375,761,1075.51806640625,51.77053068574145,2.217186338691085,
pgame_seed2,pgame,2,legs14_paralysed,top_k,2,7,320,1040.2591552734375,761,1075.51806640625,51.77053068574145,2.217186338691085,
pgame_seed2,pgame,2,legs14_paralysed,top_k,2,8,603,1041.873046875,761,1075.51806640625,51.77053068574145,2.217186338691085,
pgame_seed2,pgame,2,legs14_paralysed,top_k,2,9,474,1084.1923828125,761,1075.51806640625,51.77053068574145,2.217186338691085,
pgame_seed2,pgame,2,legs14_paralysed,top_k,2,10,475,1065.0128173828125,761,1075.51806640625,51.77053068574145,2.217186338691085,
pgame_seed2,pgame,2,legs14_paralysed,top_k,2,11,565,1046.18701171875,761,1075.51806640625,51.77053068574145,2.217186338691085,
pgame_seed2,pgame,2,legs14_paralysed,top_k,2,12,508,1019.6929931640625,761,1075.51806640625,51.77053068574145,2.217186338691085,
pgame_seed2,pgame,2,legs14_paralysed,top_k,2,13,711,1026.7607421875,761,1075.51806640625,51.77053068574145,2.217186338691085,
pgame_seed2,pgame,2,legs14_paralysed,top_k,2,14,1001,1047.892822265625,761,1075.51806640625,51.77053068574145,2.217186338691085,
pgame_seed2,pgame,2,legs14_paralysed,top_k,2,15,441,1055.6162109375,761,1075.51806640625,51.77053068574145,2.217186338691085,
pgame_seed2,pgame,2,legs14_paralysed,top_k,2,16,831,1051.4754638671875,761,1075.51806640625,51.77053068574145,2.217186338691085,
pgame_seed2,pgame,2,legs14_paralysed,top_k,2,17,209,1077.573974609375,761,1075.51806640625,51.77053068574145,2.217186338691085,
pgame_seed2,pgame,2,legs14_paralysed,top_k,2,18,182,1056.17626953125,761,1075.51806640625,51.77053068574145,2.217186338691085,
pgame_seed2,pgame,2,legs14_paralysed,top_k,2,19,887,1049.7852783203125,761,1075.51806640625,51.77053068574145,2.217186338691085,
pgame_seed2,pgame,2,legs14_paralysed,top_k,2,20,575,1037.78759765625,761,1075.51806640625,51.77053068574145,2.217186338691085,
pgame_seed2,pgame,2,legs14_paralysed,top_k,3,1,294,989.111572265625,294,1018.7252197265625,-123.05312268434699,-5.270019428720189,
pgame_seed2,pgame,2,legs14_paralysed,top_k,3,2,972,1011.1340942382812,972,1006.6234741210938,-160.30554975207045,-6.865436189638014,
pgame_seed2,pgame,2,legs14_paralysed,top_k,3,3,330,968.9776611328125,972,1006.6234741210938,-160.30554975207045,-6.865436189638014,
pgame_seed2,pgame,2,legs14_paralysed,top_k,3,4,761,1072.5458984375,761,1075.51806640625,51.77053068574145,2.217186338691085,
pgame_seed2,pgame,2,legs14_paralysed,top_k,3,5,115,1016.0870361328125,761,1075.51806640625,51.77053068574145,2.217186338691085,
pgame_seed2,pgame,2,legs14_paralysed,top_k,3,6,596,1056.8992919921875,761,1075.51806640625,51.77053068574145,2.217186338691085,
pgame_seed2,pgame,2,legs14_paralysed,top_k,3,7,320,1022.8724365234375,761,1075.51806640625,51.77053068574145,2.217186338691085,
pgame_seed2,pgame,2,legs14_paralysed,top_k,3,8,603,1043.006103515625,761,1075.51806640625,51.77053068574145,2.217186338691085,
pgame_seed2,pgame,2,legs14_paralysed,top_k,3,9,474,1073.451171875,474,1070.447021484375,36.16049083959474,1.5486522009324337,
pgame_seed2,pgame,2,legs14_paralysed,top_k,3,10,475,1035.8212890625,474,1070.447021484375,36.16049083959474,1.5486522009324337,
pgame_seed2,pgame,2,legs14_paralysed,top_k,3,11,565,1064.7733154296875,474,1070.447021484375,36.16049083959474,1.5486522009324337,
pgame_seed2,pgame,2,legs14_paralysed,top_k,3,12,508,1019.7913208007812,474,1070.447021484375,36.16049083959474,1.5486522009324337,
pgame_seed2,pgame,2,legs14_paralysed,top_k,3,13,711,1024.1737060546875,474,1070.447021484375,36.16049083959474,1.5486522009324337,
pgame_seed2,pgame,2,legs14_paralysed,top_k,3,14,1001,1049.380859375,474,1070.447021484375,36.16049083959474,1.5486522009324337,
pgame_seed2,pgame,2,legs14_paralysed,top_k,3,15,441,1056.113037109375,474,1070.447021484375,36.16049083959474,1.5486522009324337,
pgame_seed2,pgame,2,legs14_paralysed,top_k,3,16,831,1052.7440185546875,474,1070.447021484375,36.16049083959474,1.5486522009324337,
pgame_seed2,pgame,2,legs14_paralysed,top_k,3,17,209,1075.6881103515625,209,1075.2431640625,50.924307351922124,2.180944971442698,
pgame_seed2,pgame,2,legs14_paralysed,top_k,3,18,182,1043.70751953125,209,1075.2431640625,50.924307351922124,2.180944971442698,
pgame_seed2,pgame,2,legs14_paralysed,top_k,3,19,887,1053.8953857421875,209,1075.2431640625,50.924307351922124,2.180944971442698,
pgame_seed2,pgame,2,legs14_paralysed,top_k,3,20,575,1040.5849609375,209,1075.2431640625,50.924307351922124,2.180944971442698,
pgame_seed2,pgame,2,legs14_paralysed,top_k,4,1,294,1025.281005859375,294,1018.7252197265625,-123.05312268434699,-5.270019428720189,
pgame_seed2,pgame,2,legs14_paralysed,top_k,4,2,972,1006.796630859375,294,1018.7252197265625,-123.05312268434699,-5.270019428720189,
pgame_seed2,pgame,2,legs14_paralysed,top_k,4,3,330,934.2659912109375,294,1018.7252197265625,-123.05312268434699,-5.270019428720189,
pgame_seed2,pgame,2,legs14_paralysed,top_k,4,4,761,1078.7657470703125,761,1075.51806640625,51.77053068574145,2.217186338691085,
pgame_seed2,pgame,2,legs14_paralysed,top_k,4,5,115,1025.6387939453125,761,1075.51806640625,51.77053068574145,2.217186338691085,
pgame_seed2,pgame,2,legs14_paralysed,top_k,4,6,596,1071.3226318359375,761,1075.51806640625,51.77053068574145,2.217186338691085,
pgame_seed2,pgame,2,legs14_paralysed,top_k,4,7,320,1026.6334228515625,761,1075.51806640625,51.77053068574145,2.217186338691085,
pgame_seed2,pgame,2,legs14_paralysed,top_k,4,8,603,1043.3037109375,761,1075.51806640625,51.77053068574145,2.217186338691085,
pgame_seed2,pgame,2,legs14_paralysed,top_k,4,9,474,1080.7811279296875,474,1070.447021484375,36.16049083959474,1.5486522009324337,
pgame_seed2,pgame,2,legs14_paralysed,top_k,4,10,475,1051.2197265625,474,1070.447021484375,36.16049083959474,1.5486522009324337,
pgame_seed2,pgame,2,legs14_paralysed,top_k,4,11,565,1056.5145263671875,474,1070.447021484375,36.16049083959474,1.5486522009324337,
pgame_seed2,pgame,2,legs14_paralysed,top_k,4,12,508,1019.707275390625,474,1070.447021484375,36.16049083959474,1.5486522009324337,
pgame_seed2,pgame,2,legs14_paralysed,top_k,4,13,711,1028.17578125,474,1070.447021484375,36.16049083959474,1.5486522009324337,
pgame_seed2,pgame,2,legs14_paralysed,top_k,4,14,1001,1050.474853515625,474,1070.447021484375,36.16049083959474,1.5486522009324337,
pgame_seed2,pgame,2,legs14_paralysed,top_k,4,15,441,1065.48388671875,474,1070.447021484375,36.16049083959474,1.5486522009324337,
pgame_seed2,pgame,2,legs14_paralysed,top_k,4,16,831,1063.14599609375,474,1070.447021484375,36.16049083959474,1.5486522009324337,
pgame_seed2,pgame,2,legs14_paralysed,top_k,4,17,209,1069.427001953125,474,1070.447021484375,36.16049083959474,1.5486522009324337,
pgame_seed2,pgame,2,legs14_paralysed,top_k,4,18,182,1024.0277099609375,474,1070.447021484375,36.16049083959474,1.5486522009324337,
pgame_seed2,pgame,2,legs14_paralysed,top_k,4,19,887,1047.28564453125,474,1070.447021484375,36.16049083959474,1.5486522009324337,
pgame_seed2,pgame,2,legs14_paralysed,top_k,4,20,575,1044.26806640625,474,1070.447021484375,36.16049083959474,1.5486522009324337,
pgame_seed2,pgame,2,ankle1_paralysed,ite,0,1,294,1467.75830078125,294,1580.19775390625,93.33934255481404,68.75092936898693,3
pgame_seed2,pgame,2,ankle1_paralysed,ite,0,2,603,1089.6116943359375,294,1580.19775390625,93.33934255481404,68.75092936898693,3
pgame_seed2,pgame,2,ankle1_paralysed,ite,0,3,761,1588.64111328125,761,1577.2042236328125,92.80355089406832,68.35628147865293,3
pgame_seed2,pgame,2,ankle1_paralysed,ite,0,4,761,1547.7103271484375,761,1577.2042236328125,92.80355089406832,68.35628147865293,3
pgame_seed2,pgame,2,ankle1_paralysed,ite,0,5,761,1622.205322265625,761,1577.2042236328125,92.80355089406832,68.35628147865293,3
pgame_seed2,pgame,2,ankle1_paralysed,ite,0,6,761,1592.1622314453125,761,1577.2042236328125,92.80355089406832,68.35628147865293,3
pgame_seed2,pgame,2,ankle1_paralysed,ite,0,7,761,1540.1297607421875,761,1577.2042236328125,92.80355089406832,68.35628147865293,3
pgame_seed2,pgame,2,ankle1_paralysed,ite,0,8,761,1598.082763671875,761,1577.2042236328125,92.80355089406832,68.35628147865293,3
pgame_seed2,pgame,2,ankle1_paralysed,ite,0,9,761,1615.33935546875,761,1577.2042236328125,92.80355089406832,68.35628147865293,3
pgame_seed2,pgame,2,ankle1_paralysed,ite,0,10,761,1598.8739013671875,761,1577.2042236328125,92.80355089406832,68.35628147865293,3
pgame_seed2,pgame,2,ankle1_paralysed,ite,0,11,761,1655.7359619140625,761,1577.2042236328125,92.80355089406832,68.35628147865293,3
pgame_seed2,pgame,2,ankle1_paralysed,ite,0,12,761,1639.13134765625,761,1577.2042236328125,92.80355089406832,68.35628147865293,3
pgame_seed2,pgame,2,ankle1_paralysed,ite,0,13,761,1566.5465087890625,761,1577.2042236328125,92.80355089406832,68.35628147865293,3
pgame_seed2,pgame,2,ankle1_paralysed,ite,0,14,761,1608.3951416015625,761,1577.2042236328125,92.80355089406832,68.35628147865293,3
pgame_seed2,pgame,2,ankle1_paralysed,ite,0,15,761,1582.2972412109375,761,1577.2042236328125,92.80355089406832,68.35628147865293,3
pgame_seed2,pgame,2,ankle1_paralysed,ite,0,16,761,1641.464111328125,761,1577.2042236328125,92.80355089406832,68.35628147865293,3
pgame_seed2,pgame,2,ankle1_paralysed,ite,0,17,761,1677.0023193359375,761,1577.2042236328125,92.80355089406832,68.35628147865293,3
pgame_seed2,pgame,2,ankle1_paralysed,ite,0,18,761,1657.815185546875,761,1577.2042236328125,92.80355089406832,68.35628147865293,3
pgame_seed2,pgame,2,ankle1_paralysed,ite,0,19,761,1588.20751953125,761,1577.2042236328125,92.80355089406832,68.35628147865293,3
pgame_seed2,pgame,2,ankle1_paralysed,ite,0,20,761,1631.314208984375,761,1577.2042236328125,92.80355089406832,68.35628147865293,3
pgame_seed2,pgame,2,ankle1_paralysed,ite,1,1,294,1562.36865234375,294,1580.19775390625,93.33934255481404,68.75092936898693,2
pgame_seed2,pgame,2,ankle1_paralysed,ite,1,2,294,1542.0162353515625,294,1580.19775390625,93.33934255481404,68.75092936898693,2
pgame_seed2,pgame,2,ankle1_paralysed,ite,1,3,294,1701.51171875,294,1580.19775390625,93.33934255481404,68.75092936898693,2
pgame_seed2,pgame,2,ankle1_paralysed,ite,1,4,294,1526.1068115234375,294,1580.19775390625,93.33934255481404,68.75092936898693,2
pgame_seed2,pgame,2,ankle1_paralysed,ite,1,5,294,1595.3768310546875,294,1580.19775390625,93.33934255481404,68.75092936898693,2
pgame_seed2,pgame,2,ankle1_paralysed,ite,1,6,294,1626.3681640625,294,1580.19775390625,93.33934255481404,68.75092936898693,2
pgame_seed2,pgame,2,ankle1_paralysed,ite,1,7,294,1567.0120849609375,294,1580.19775390625,93.33934255481404,68.75092936898693,2
pgame_seed2,pgame,2,ankle1_paralysed,ite,1,8,294,1517.574462890625,294,1580.19775390625,93.33934255481404,68.75092936898693,2
pgame_seed2,pgame,2,ankle1_paralysed,ite,1,9,603,1500.6002197265625,294,1580.19775390625,93.33934255481404,68.75092936898693,2
pgame_seed2,pgame,2,ankle1_paralysed,ite,1,10,294,1489.326416015625,294,1580.19775390625,93.33934255481404,68.75092936898693,2
pgame_seed2,pgame,2,ankle1_paralysed,ite,1,11,294,1536.6923828125,294,1580.19775390625,93.33934255481404,68.75092936898693,2
pgame_seed2,pgame,2,ankle1_paralysed,ite,1,12,294,1517.167724609375,294,1580.19775390625,93.33934255481404,68.75092936898693,2
pgame_seed2,pgame,2,ankle1_paralysed,ite,1,13,294,1532.054931640625,294,1580.19775390625,93.33934255481404,68.75092936898693,2
pgame_seed2,pgame,2,ankle1_paralysed,ite,1,14,294,1539.360595703125,294,1580.19775390625,93.33934255481404,68.75092936898693,2
pgame_seed2,pgame,2,ankle1_paralysed,ite,1,15,294,924.0921020507812,294,1580.19775390625,93.33934255481404,68.75092936898693,2
pgame_seed2,pgame,2,ankle1_paralysed,ite,1,16,596,1548.4306640625,294,1580.19775390625,93.33934255481404,68.75092936898693,2
pgame_seed2,pgame,2,ankle1_paralysed,ite,1,17,596,1520.986083984375,294,1580.19775390625,93.33934255481404,68.75092936898693,2
pgame_seed2,pgame,2,ankle1_paralysed,ite,1,18,596,1508.1390380859375,294,1580.19775390625,93.33934255481404,68.75092936898693,2
pgame_seed2,pgame,2,ankle1_paralysed,ite,1,19,201,1325.072021484375,294,1580.19775390625,93.33934255481404,68.75092936898693,2
pgame_seed2,pgame,2,ankle1_paralysed,ite,1,20,294,1490.15185546875,294,1580.19775390625,93.33934255481404,68.75092936898693,2
pgame_seed2,pgame,2,ankle1_paralysed,ite,2,1,294,1536.990234375,294,1580.19775390625,93.33934255481404,68.75092936898693,2
pgame_seed2,pgame,2,ankle1_paralysed,ite,2,2,294,1600.52783203125,294,1580.19775390625,93.33934255481404,68.75092936898693,2
pgame_seed2,pgame,2,ankle1_paralysed,ite,2,3,294,1479.5003662109375,294,1580.19775390625,93.33934255481404,68.75092936898693,2
pgame_seed2,pgame,2,ankle1_paralysed,ite,2,4,603,1142.7021484375,294,1580.19775390625,93.33934255481404,68.75092936898693,2
pgame_seed2,pgame,2,ankle1_paralysed,ite,2,5,761,1664.23388671875,761,1577.2042236328125,92.80355089406832,68.35628147865293,2
pgame_seed2,pgame,2,ankle1_paralysed,ite,2,6,761,1642.274658203125,761,1577.2042236328125,92.80355089406832,68.35628147865293,2
pgame_seed2,pgame,2,ankle1_paralysed,ite,2,7,761,1652.3927001953125,761,1577.2042236328125,92.80355089406832,68.35628147865293,2
pgame_seed2,pgame,2,ankle1_paralysed,ite,2,8,761,1592.241455078125,761,1577.2042236328125,92.80355089406832,68.35628147865293,2
pgame_seed2,pgame,2,ankle1_paralysed,ite,2,9,761,1620.399169921875,761,1577.2042236328125,92.80355089406832,68.35628147865293,2
pgame_seed2,pgame,2,ankle1_paralysed,ite,2,10,761,1659.996337890625,761,1577.2042236328125,92.80355089406832,68.35628147865293,2
pgame_seed2,pgame,2,ankle1_paralysed,ite,2,11,761,1644.494873046875,761,1577.2042236328125,92.80355089406832,68.35628147865293,2
pgame_seed2,pgame,2,ankle1_paralysed,ite,2,12,761,1445.7581787109375,761,1577.2042236328125,92.80355089406832,68.35628147865293,2
pgame_seed2,pgame,2,ankle1_paralysed,ite,2,13,761,1577.921630859375,761,1577.2042236328125,92.80355089406832,68.35628147865293,2
pgame_seed2,pgame,2,ankle1_paralysed,ite,2,14,761,1605.529052734375,761,1577.2042236328125,92.80355089406832,68.35628147865293,2
pgame_seed2,pgame,2,ankle1_paralysed,ite,2,15,761,1546.47412109375,761,1577.2042236328125,92.80355089406832,68.35628147865293,2
pgame_seed2,pgame,2,ankle1_paralysed,ite,2,16,761,1653.303466796875,761,1577.2042236328125,92.80355089406832,68.35628147865293,2
pgame_seed2,pgame,2,ankle1_paralysed,ite,2,17,761,1531.337890625,761,1577.2042236328125,92.80355089406832,68.35628147865293,2
pgame_seed2,pgame,2,ankle1_paralysed,ite,2,18,761,1684.510009765625,761,1577.2042236328125,92.80355089406832,68.35628147865293,2
pgame_seed2,pgame,2,ankle1_paralysed,ite,2,19,761,1604.107421875,761,1577.2042236328125,92.80355089406832,68.35628147865293,2
pgame_seed2,pgame,2,ankle1_paralysed,ite,2,20,761,1611.8077392578125,761,1577.2042236328125,92.80355089406832,68.35628147865293,2
pgame_seed2,pgame,2,ankle1_paralysed,ite,3,1,294,1511.412109375,294,1580.19775390625,93.33934255481404,68.75092936898693,3
pgame_seed2,pgame,2,ankle1_paralysed,ite,3,2,294,1519.9483642578125,294,1580.19775390625,93.33934255481404,68.75092936898693,3
pgame_seed2,pgame,2,ankle1_paralysed,ite,3,3,603,1537.76171875,603,1320.596923828125,46.87515239354213,34.52681584377306,3
pgame_seed2,pgame,2,ankle1_paralysed,ite,3,4,294,1560.9547119140625,294,1580.19775390625,93.33934255481404,68.75092936898693,3
pgame_seed2,pgame,2,ankle1_paralysed,ite,3,5,596,1434.701171875,294,1580.19775390625,93.33934255481404,68.75092936898693,3
pgame_seed2,pgame,2,ankle1_paralysed,ite,3,6,294,1493.3868408203125,294,1580.19775390625,93.33934255481404,68.75092936898693,3
pgame_seed2,pgame,2,ankle1_paralysed,ite,3,7,603,1519.36962890625,294,1580.19775390625,93.33934255481404,68.75092936898693,3
pgame_seed2,pgame,2,ankle1_paralysed,ite,3,8,294,1585.0369873046875,294,1580.19775390625,93.33934255481404,68.75092936898693,3
pgame_seed2,pgame,2,ankle1_paralysed,ite,3,9,294,1557.353515625,294,1580.19775390625,93.33934255481404,68.75092936898693,3
pgame_seed2,pgame,2,ankle1_paralysed,ite,3,10,294,1593.9066162109375,294,1580.19775390625,93.33934255481404,68.75092936898693,3
pgame_seed2,pgame,2,ankle1_paralysed,ite,3,11,294,1562.1439208984375,294,1580.19775390625,93.33934255481404,68.75092936898693,3
pgame_seed2,pgame,2,ankle1_paralysed,ite,3,12,294,865.75634765625,294,1580.19775390625,93.33934255481404,68.75092936898693,3
pgame_seed2,pgame,2,ankle1_paralysed,ite,3,13,603,1229.264892578125,294,1580.19775390625,93.33934255481404,68.75092936898693,3
pgame_seed2,pgame,2,ankle1_paralysed,ite,3,14,294,1492.677001953125,294,1580.19775390625,93.33934255481404,68.75092936898693,3
pgame_seed2,pgame,2,ankle1_paralysed,ite,3,15,294,1486.437744140625,294,1580.19775390625,93.33934255481404,68.75092936898693,3
pgame_seed2,pgame,2,ankle1_paralysed,ite,3,16,294,1520.6402587890625,294,1580.19775390625,93.33934255481404,68.75092936898693,3
pgame_seed2,pgame,2,ankle1_paralysed,ite,3,17,294,1505.075439453125,294,1580.19775390625,93.33934255481404,68.75092936898693,3
pgame_seed2,pgame,2,ankle1_paralysed,ite,3,18,294,1499.816162109375,294,1580.19775390625,93.33934255481404,68.75092936898693,3
pgame_seed2,pgame,2,ankle1_paralysed,ite,3,19,294,1402.042724609375,294,1580.19775390625,93.33934255481404,68.75092936898693,3
pgame_seed2,pgame,2,ankle1_paralysed,ite,3,20,294,1560.561279296875,294,1580.19775390625,93.33934255481404,68.75092936898693,3
pgame_seed2,pgame,2,ankle1_paralysed,ite,4,1,294,1551.5716552734375,294,1580.19775390625,93.33934255481404,68.75092936898693,2
pgame_seed2,pgame,2,ankle1_paralysed,ite,4,2,294,1573.85595703125,294,1580.19775390625,93.33934255481404,68.75092936898693,2
pgame_seed2,pgame,2,ankle1_paralysed,ite,4,3,294,1509.3853759765625,294,1580.19775390625,93.33934255481404,68.75092936898693,2
pgame_seed2,pgame,2,ankle1_paralysed,ite,4,4,603,1256.0009765625,294,1580.19775390625,93.33934255481404,68.75092936898693,2
pgame_seed2,pgame,2,ankle1_paralysed,ite,4,5,761,1608.116455078125,761,1577.2042236328125,92.80355089406832,68.35628147865293,2
pgame_seed2,pgame,2,ankle1_paralysed,ite,4,6,761,1595.168701171875,761,1577.2042236328125,92.80355089406832,68.35628147865293,2
pgame_seed2,pgame,2,ankle1_paralysed,ite,4,7,761,1712.4068603515625,761,1577.2042236328125,92.80355089406832,68.35628147865293,2
pgame_seed2,pgame,2,ankle1_paralysed,ite,4,8,761,1610.44189453125,761,1577.2042236328125,92.80355089406832,68.35628147865293,2
pgame_seed2,pgame,2,ankle1_paralysed,ite,4,9,761,1666.654052734375,761,1577.2042236328125,92.80355089406832,68.35628147865293,2
pgame_seed2,pgame,2,ankle1_paralysed,ite,4,10,761,1608.070556640625,761,1577.2042236328125,92.80355089406832,68.35628147865293,2
pgame_seed2,pgame,2,ankle1_paralysed,ite,4,11,761,1545.37646484375,761,1577.2042236328125,92.80355089406832,68.35628147865293,2
pgame_seed2,pgame,2,ankle1_paralysed,ite,4,12,761,1651.6717529296875,761,1577.2042236328125,92.80355089406832,68.35628147865293,2
pgame_seed2,pgame,2,ankle1_paralysed,ite,4,13,761,1596.607421875,761,1577.2042236328125,92.80355089406832,68.35628147865293,2
pgame_seed2,pgame,2,ankle1_paralysed,ite,4,14,761,1622.895751953125,761,1577.2042236328125,92.80355089406832,68.35628147865293,2
pgame_seed2,pgame,2,ankle1_paralysed,ite,4,15,761,1607.799072265625,761,1577.2042236328125,92.80355089406832,68.35628147865293,2
pgame_seed2,pgame,2,ankle1_paralysed,ite,4,16,761,1554.9344482421875,761,1577.2042236328125,92.80355089406832,68.35628147865293,2
pgame_seed2,pgame,2,ankle1_paralysed,ite,4,17,761,1694.223876953125,761,1577.2042236328125,92.80355089406832,68.35628147865293,2
pgame_seed2,pgame,2,ankle1_paralysed,ite,4,18,761,1633.2156982421875,761,1577.2042236328125,92.80355089406832,68.35628147865293,2
pgame_seed2,pgame,2,ankle1_paralysed,ite,4,19,761,1587.25634765625,761,1577.2042236328125,92.80355089406832,68.35628147865293,2
pgame_seed2,pgame,2,ankle1_paralysed,ite,4,20,761,1620.3665771484375,761,1577.2042236328125,92.80355089406832,68.35628147865293,2
pgame_seed2,pgame,2,ankle1_paralysed,top_k,0,1,294,1529.7816162109375,294,1580.19775390625,93.33934255481404,68.75092936898693,
pgame_seed2,pgame,2,ankle1_paralysed,top_k,0,2,972,1487.12158203125,294,1580.19775390625,93.33934255481404,68.75092936898693,
pgame_seed2,pgame,2,ankle1_paralysed,top_k,0,3,330,1507.6168212890625,294,1580.19775390625,93.33934255481404,68.75092936898693,
pgame_seed2,pgame,2,ankle1_paralysed,top_k,0,4,761,1681.897705078125,761,1577.2042236328125,92.80355089406832,68.35628147865293,
pgame_seed2,pgame,2,ankle1_paralysed,top_k,0,5,115,1293.09228515625,761,1577.2042236328125,92.80355089406832,68.35628147865293,
pgame_seed2,pgame,2,ankle1_paralysed,top_k,0,6,596,1456.858642578125,761,1577.2042236328125,92.80355089406832,68.35628147865293,
pgame_seed2,pgame,2,ankle1_paralysed,top_k,0,7,320,1559.0760498046875,761,1577.2042236328125,92.80355089406832,68.35628147865293,
pgame_seed2,pgame,2,ankle1_paralysed,top_k,0,8,603,1089.0223388671875,761,1577.2042236328125,92.80355089406832,68.35628147865293,
pgame_seed2,pgame,2,ankle1_paralysed,top_k,0,9,474,1470.82958984375,761,1577.2042236328125,92.80355089406832,68.35628147865293,
pgame_seed2,pgame,2,ankle1_paralysed,top_k,0,10,475,1170.9287109375,761,1577.2042236328125,92.80355089406832,68.35628147865293,
pgame_seed2,pgame,2,ankle1_paralysed,top_k,0,11,565,1064.3380126953125,761,1577.2042236328125,92.80355089406832,68.35628147865293,
pgame_seed2,pgame,2,ankle1_paralysed,top_k,0,12,508,1446.7783203125,761,1577.2042236328125,92.80355089406832,68.35628147865293,
pgame_seed2,pgame,2,ankle1_paralysed,top_k,0,13,711,1525.9736328125,761,1577.2042236328125,92.80355089406832,68.35628147865293,
pgame_seed2,pgame,2,ankle1_paralysed,top_k,0,14,1001,1168.7091064453125,761,1577.2042236328125,92.80355089406832,68.35628147865293,
pgame_seed2,pgame,2,ankle1_paralysed,top_k,0,15,441,1483.8720703125,761,1577.2042236328125,92.80355089406832,68.35628147865293,
pgame_seed2,pgame,2,ankle1_paralysed,top_k,0,16,831,1490.2193603515625,761,1577.2042236328125,92.80355089406832,68.35628147865293,
pgame_seed2,pgame,2,ankle1_paralysed,top_k,0,17,209,1289.234130859375,761,1577.2042236328125,92.80355089406832,68.35628147865293,
pgame_seed2,pgame,2,ankle1_paralysed,top_k,0,18,182,1592.579345703125,761,1577.2042236328125,92.80355089406832,68.35628147865293,
pgame_seed2,pgame,2,ankle1_paralysed,top_k,0,19,887,1138.68017578125,761,1577.2042236328125,92.80355089406832,68.35628147865293,
pgame_seed2,pgame,2,ankle1_paralysed,top_k,0,20,575,1088.508544921875,761,1577.2042236328125,92.80355089406832,68.35628147865293,
pgame_seed2,pgame,2,ankle1_paralysed,top_k,1,1,294,1630.642333984375,294,1580.19775390625,93.33934255481404,68.75092936898693,
pgame_seed2,pgame,2,ankle1_paralysed,top_k,1,2,972,1370.519287109375,294,1580.19775390625,93.33934255481404,68.75092936898693,
pgame_seed2,pgame,2,ankle1_paralysed,top_k,1,3,330,1577.968994140625,294,1580.19775390625,93.33934255481404,68.75092936898693,
pgame_seed2,pgame,2,ankle1_paralysed,top_k,1,4,761,1574.907470703125,294,1580.19775390625,93.33934255481404,68.75092936898693,
pgame_seed2,pgame,2,ankle1_paralysed,top_k,1,5,115,1436.5849609375,294,1580.19775390625,93.33934255481404,68.75092936898693,
pgame_seed2,pgame,2,ankle1_paralysed,top_k,1,6,596,1488.964599609375,294,1580.19775390625,93.33934255481404,68.75092936898693,
pgame_seed2,pgame,2,ankle1_paralysed,top_k,1,7,320,998.7640380859375,294,1580.19775390625,93.33934255481404,68.75092936898693,
pgame_seed2,pgame,2,ankle1_paralysed,top_k,1,8,603,1468.8795166015625,294,1580.19775390625,93.33934255481404,68.75092936898693,
pgame_seed2,pgame,2,ankle1_paralysed,top_k,1,9,474,1503.6768798828125,294,1580.19775390625,93.33934255481404,68.75092936898693,
pgame_seed2,pgame,2,ankle1_paralysed,top_k,1,10,475,1362.922119140625,294,1580.19775390625,93.33934255481404,68.75092936898693,
pgame_seed2,pgame,2,ankle1_paralysed,top_k,1,11,565,1077.1376953125,294,1580.19775390625,93.33934255481404,68.75092936898693,
pgame_seed2,pgame,2,ankle1_paralysed,top_k,1,12,508,1410.6123046875,294,1580.19775390625,93.33934255481404,68.75092936898693,
pgame_seed2,pgame,2,ankle1_paralysed,top_k,1,13,711,1475.473876953125,294,1580.19775390625,93.33934255481404,68.75092936898693,
pgame_seed2,pgame,2,ankle1_paralysed,top_k,1,14,1001,1111.9609375,294,1580.19775390625,93.33934255481404,68.75092936898693,
pgame_seed2,pgame,2,ankle1_paralysed,top_k,1,15,441,1521.011474609375,294,1580.19775390625,93.33934255481404,68.75092936898693,
pgame_seed2,pgame,2,ankle1_paralysed,top_k,1,16,831,1471.94873046875,294,1580.19775390625,93.33934255481404,68.75092936898693,
pgame_seed2,pgame,2,ankle1_paralysed,top_k,1,17,209,1373.83251953125,294,1580.19775390625,93.33934255481404,68.75092936898693,
pgame_seed2,pgame,2,ankle1_paralysed,top_k,1,18,182,1564.072265625,294,1580.19775390625,93.33934255481404,68.75092936898693,
pgame_seed2,pgame,2,ankle1_paralysed,top_k,1,19,887,1124.9913330078125,294,1580.19775390625,93.33934255481404,68.75092936898693,
pgame_seed2,pgame,2,ankle1_paralysed,top_k,1,20,575,1084.60693359375,294,1580.19775390625,93.33934255481404,68.75092936898693,
pgame_seed2,pgame,2,ankle1_paralysed,top_k,2,1,294,1481.864990234375,294,1580.19775390625,93.33934255481404,68.75092936898693,
pgame_seed2,pgame,2,ankle1_paralysed,top_k,2,2,972,1745.24169921875,972,1422.1163330078125,65.04542223345527,47.91048562530906,
pgame_seed2,pgame,2,ankle1_paralysed,top_k,2,3,330,1517.99755859375,972,1422.1163330078125,65.04542223345527,47.91048562530906,
pgame_seed2,pgame,2,ankle1_paralysed,top_k,2,4,761,1645.1097412109375,972,1422.1163330078125,65.04542223345527,47.91048562530906,
pgame_seed2,pgame,2,ankle1_paralysed,top_k,2,5,115,1393.571044921875,972,1422.1163330078125,65.04542223345527,47.91048562530906,
pgame_seed2,pgame,2,ankle1_paralysed,top_k,2,6,596,1502.3466796875,972,1422.1163330078125,65.04542223345527,47.91048562530906,
pgame_seed2,pgame,2,ankle1_paralysed,top_k,2,7,320,1619.4420166015625,972,1422.1163330078125,65.04542223345527,47.91048562530906,
pgame_seed2,pgame,2,ankle1_paralysed,top_k,2,8,603,1465.970947265625,972,1422.1163330078125,65.04542223345527,47.91048562530906,
pgame_seed2,pgame,2,ankle1_paralysed,top_k,2,9,474,1474.10888671875,972,1422.1163330078125,65.04542223345527,47.91048562530906,
pgame_seed2,pgame,2,ankle1_paralysed,top_k,2,10,475,1427.15283203125,972,1422.1163330078125,65.04542223345527,47.91048562530906,
pgame_seed2,pgame,2,ankle1_paralysed,top_k,2,11,565,1032.2724609375,972,1422.1163330078125,65.04542223345527,47.91048562530906,
pgame_seed2,pgame,2,ankle1_paralysed,top_k,2,12,508,1319.63623046875,972,1422.1163330078125,65.04542223345527,47.91048562530906,
pgame_seed2,pgame,2,ankle1_paralysed,top_k,2,13,711,1528.745849609375,972,1422.1163330078125,65.04542223345527,47.91048562530906,
pgame_seed2,pgame,2,ankle1_paralysed,top_k,2,14,1001,1288.92919921875,972,1422.1163330078125,65.04542223345527,47.91048562530906,
pgame_seed2,pgame,2,ankle1_paralysed,top_k,2,15,441,1489.117431640625,972,1422.1163330078125,65.04542223345527,47.91048562530906,
pgame_seed2,pgame,2,ankle1_paralysed,top_k,2,16,831,1511.6962890625,972,1422.1163330078125,65.04542223345527,47.91048562530906,
pgame_seed2,pgame,2,ankle1_paralysed,top_k,2,17,209,1329.29248046875,972,1422.1163330078125,65.04542223345527,47.91048562530906,
pgame_seed2,pgame,2,ankle1_paralysed,top_k,2,18,182,1488.3369140625,972,1422.1163330078125,65.04542223345527,47.91048562530906,
pgame_seed2,pgame,2,ankle1_paralysed,top_k,2,19,887,1103.976806640625,972,1422.1163330078125,65.04542223345527,47.91048562530906,
pgame_seed2,pgame,2,ankle1_paralysed,top_k,2,20,575,1087.899658203125,972,1422.1163330078125,65.04542223345527,47.91048562530906,
pgame_seed2,pgame,2,ankle1_paralysed,top_k,3,1,294,1543.1986083984375,294,1580.19775390625,93.33934255481404,68.75092936898693,
pgame_seed2,pgame,2,ankle1_paralysed,top_k,3,2,972,1519.168701171875,294,1580.19775390625,93.33934255481404,68.75092936898693,
pgame_seed2,pgame,2,ankle1_paralysed,top_k,3,3,330,1333.1483154296875,294,1580.19775390625,93.33934255481404,68.75092936898693,
pgame_seed2,pgame,2,ankle1_paralysed,top_k,3,4,761,1553.655029296875,761,1577.2042236328125,92.80355089406832,68.35628147865293,
pgame_seed2,pgame,2,ankle1_paralysed,top_k,3,5,115,1390.996337890625,761,1577.2042236328125,92.80355089406832,68.35628147865293,
pgame_seed2,pgame,2,ankle1_paralysed,top_k,3,6,596,1517.7843017578125,761,1577.2042236328125,92.80355089406832,68.35628147865293,
pgame_seed2,pgame,2,ankle1_paralysed,top_k,3,7,320,1538.3233642578125,761,1577.2042236328125,92.80355089406832,68.35628147865293,
pgame_seed2,pgame,2,ankle1_paralysed,top_k,3,8,603,1480.536376953125,761,1577.2042236328125,92.80355089406832,68.35628147865293,
pgame_seed2,pgame,2,ankle1_paralysed,top_k,3,9,474,1360.342041015625,761,1577.2042236328125,92.80355089406832,68.35628147865293,
pgame_seed2,pgame,2,ankle1_paralysed,top_k,3,10,475,859.144287109375,761,1577.2042236328125,92.80355089406832,68.35628147865293,
pgame_seed2,pgame,2,ankle1_paralysed,top_k,3,11,565,1043.3729248046875,761,1577.2042236328125,92.80355089406832,68.35628147865293,
pgame_seed2,pgame,2,ankle1_paralysed,top_k,3,12,508,796.6083984375,761,1577.2042236328125,92.80355089406832,68.35628147865293,
pgame_seed2,pgame,2,ankle1_paralysed,top_k,3,13,711,1297.9931640625,761,1577.2042236328125,92.80355089406832,68.35628147865293,
pgame_seed2,pgame,2,ankle1_paralysed,top_k,3,14,1001,1239.058837890625,761,1577.2042236328125,92.80355089406832,68.35628147865293,
pgame_seed2,pgame,2,ankle1_paralysed,top_k,3,15,441,1112.02685546875,761,1577.2042236328125,92.80355089406832,68.35628147865293,
pgame_seed2,pgame,2,ankle1_paralysed,top_k,3,16,831,1503.349609375,761,1577.2042236328125,92.80355089406832,68.35628147865293,
pgame_seed2,pgame,2,ankle1_paralysed,top_k,3,17,209,1436.37890625,761,1577.2042236328125,92.80355089406832,68.35628147865293,
pgame_seed2,pgame,2,ankle1_paralysed,top_k,3,18,182,1459.329345703125,761,1577.2042236328125,92.80355089406832,68.35628147865293,
pgame_seed2,pgame,2,ankle1_paralysed,top_k,3,19,887,1118.052001953125,761,1577.2042236328125,92.80355089406832,68.35628147865293,
pgame_seed2,pgame,2,ankle1_paralysed,top_k,3,20,575,1127.7890625,761,1577.2042236328125,92.80355089406832,68.35628147865293,
pgame_seed2,pgame,2,ankle1_paralysed,top_k,4,1,294,1507.49951171875,294,1580.19775390625,93.33934255481404,68.75092936898693,
pgame_seed2,pgame,2,ankle1_paralysed,top_k,4,2,972,1429.88330078125,294,1580.19775390625,93.33934255481404,68.75092936898693,
pgame_seed2,pgame,2,ankle1_paralysed,top_k,4,3,330,891.4468994140625,294,1580.19775390625,93.33934255481404,68.75092936898693,
pgame_seed2,pgame,2,ankle1_paralysed,top_k,4,4,761,1586.925537109375,761,1577.2042236328125,92.80355089406832,68.35628147865293,
pgame_seed2,pgame,2,ankle1_paralysed,top_k,4,5,115,1319.26123046875,761,1577.2042236328125,92.80355089406832,68.35628147865293,
pgame_seed2,pgame,2,ankle1_paralysed,top_k,4,6,596,1472.23779296875,761,1577.2042236328125,92.80355089406832,68.35628147865293,
pgame_seed2,pgame,2,ankle1_paralysed,top_k,4,7,320,1096.9625244140625,761,1577.2042236328125,92.80355089406832,68.35628147865293,
pgame_seed2,pgame,2,ankle1_paralysed,top_k,4,8,603,1234.4580078125,761,1577.2042236328125,92.80355089406832,68.35628147865293,
pgame_seed2,pgame,2,ankle1_paralysed,top_k,4,9,474,1449.91357421875,761,1577.2042236328125,92.80355089406832,68.35628147865293,
pgame_seed2,pgame,2,ankle1_paralysed,top_k,4,10,475,1280.9669189453125,761,1577.2042236328125,92.80355089406832,68.35628147865293,
pgame_seed2,pgame,2,ankle1_paralysed,top_k,4,11,565,1188.4307861328125,761,1577.2042236328125,92.80355089406832,68.35628147865293,
pgame_seed2,pgame,2,ankle1_paralysed,top_k,4,12,508,1482.28076171875,761,1577.2042236328125,92.80355089406832,68.35628147865293,
pgame_seed2,pgame,2,ankle1_paralysed,top_k,4,13,711,1611.97607421875,711,1494.299560546875,77.96500808308456,57.42666079766798,
pgame_seed2,pgame,2,ankle1_paralysed,top_k,4,14,1001,1230.93896484375,711,1494.299560546875,77.96500808308456,57.42666079766798,
pgame_seed2,pgame,2,ankle1_paralysed,top_k,4,15,441,1452.026611328125,711,1494.299560546875,77.96500808308456,57.42666079766798,
pgame_seed2,pgame,2,ankle1_paralysed,top_k,4,16,831,1477.795166015625,711,1494.299560546875,77.96500808308456,57.42666079766798,
pgame_seed2,pgame,2,ankle1_paralysed,top_k,4,17,209,1378.8377685546875,711,1494.299560546875,77.96500808308456,57.42666079766798,
pgame_seed2,pgame,2,ankle1_paralysed,top_k,4,18,182,1407.794677734375,711,1494.299560546875,77.96500808308456,57.42666079766798,
pgame_seed2,pgame,2,ankle1_paralysed,top_k,4,19,887,1090.2685546875,711,1494.299560546875,77.96500808308456,57.42666079766798,
pgame_seed2,pgame,2,ankle1_paralysed,top_k,4,20,575,1072.612548828125,711,1494.299560546875,77.96500808308456,57.42666079766798,
pgame_seed2,pgame,2,ankle3_paralysed,ite,0,1,294,1634.4306640625,294,1675.6400146484375,100.0,81.33342675838543,1
pgame_seed2,pgame,2,ankle3_paralysed,ite,0,2,294,1736.103759765625,294,1675.6400146484375,100.0,81.33342675838543,1
pgame_seed2,pgame,2,ankle3_paralysed,ite,0,3,294,1734.15234375,294,1675.6400146484375,100.0,81.33342675838543,1
pgame_seed2,pgame,2,ankle3_paralysed,ite,0,4,294,1571.53369140625,294,1675.6400146484375,100.0,81.33342675838543,1
pgame_seed2,pgame,2,ankle3_paralysed,ite,0,5,294,1667.7005615234375,294,1675.6400146484375,100.0,81.33342675838543,1
pgame_seed2,pgame,2,ankle3_paralysed,ite,0,6,294,1758.24365234375,294,1675.6400146484375,100.0,81.33342675838543,1
pgame_seed2,pgame,2,ankle3_paralysed,ite,0,7,294,1645.6365966796875,294,1675.6400146484375,100.0,81.33342675838543,1
pgame_seed2,pgame,2,ankle3_paralysed,ite,0,8,294,1782.12353515625,294,1675.6400146484375,100.0,81.33342675838543,1
pgame_seed2,pgame,2,ankle3_paralysed,ite,0,9,294,1682.338623046875,294,1675.6400146484375,100.0,81.33342675838543,1
pgame_seed2,pgame,2,ankle3_paralysed,ite,0,10,294,1697.847412109375,294,1675.6400146484375,100.0,81.33342675838543,1
pgame_seed2,pgame,2,ankle3_paralysed,ite,0,11,294,1668.903076171875,294,1675.6400146484375,100.0,81.33342675838543,1
pgame_seed2,pgame,2,ankle3_paralysed,ite,0,12,294,1746.1683349609375,294,1675.6400146484375,100.0,81.33342675838543,1
pgame_seed2,pgame,2,ankle3_paralysed,ite,0,13,294,1585.3052978515625,294,1675.6400146484375,100.0,81.33342675838543,1
pgame_seed2,pgame,2,ankle3_paralysed,ite,0,14,294,1601.983642578125,294,1675.6400146484375,100.0,81.33342675838543,1
pgame_seed2,pgame,2,ankle3_paralysed,ite,0,15,294,1561.8695068359375,294,1675.6400146484375,100.0,81.33342675838543,1
pgame_seed2,pgame,2,ankle3_paralysed,ite,0,16,294,1644.68408203125,294,1675.6400146484375,100.0,81.33342675838543,1
pgame_seed2,pgame,2,ankle3_paralysed,ite,0,17,294,1643.99072265625,294,1675.6400146484375,100.0,81.33342675838543,1
pgame_seed2,pgame,2,ankle3_paralysed,ite,0,18,294,1671.685546875,294,1675.6400146484375,100.0,81.33342675838543,1
pgame_seed2,pgame,2,ankle3_paralysed,ite,0,19,294,1667.136962890625,294,1675.6400146484375,100.0,81.33342675838543,1
pgame_seed2,pgame,2,ankle3_paralysed,ite,0,20,294,1494.7366943359375,294,1675.6400146484375,100.0,81.33342675838543,1
pgame_seed2,pgame,2,ankle3_paralysed,ite,1,1,294,1601.4248046875,294,1675.6400146484375,100.0,81.33342675838543,2
pgame_seed2,pgame,2,ankle3_paralysed,ite,1,2,294,1699.148193359375,294,1675.6400146484375,100.0,81.33342675838543,2
pgame_seed2,pgame,2,ankle3_paralysed,ite,1,3,294,1679.51416015625,294,1675.6400146484375,100.0,81.33342675838543,2
pgame_seed2,pgame,2,ankle3_paralysed,ite,1,4,294,1666.3076171875,294,1675.6400146484375,100.0,81.33342675838543,2
pgame_seed2,pgame,2,ankle3_paralysed,ite,1,5,294,1687.10888671875,294,1675.6400146484375,100.0,81.33342675838543,2
pgame_seed2,pgame,2,ankle3_paralysed,ite,1,6,294,1749.650146484375,294,1675.6400146484375,100.0,81.33342675838543,2
pgame_seed2,pgame,2,ankle3_paralysed,ite,1,7,294,1714.555419921875,294,1675.6400146484375,100.0,81.33342675838543,2
pgame_seed2,pgame,2,ankle3_paralysed,ite,1,8,294,1624.7088623046875,294,1675.6400146484375,100.0,81.33342675838543,2
pgame_seed2,pgame,2,ankle3_paralysed,ite,1,9,294,1685.9970703125,294,1675.6400146484375,100.0,81.33342675838543,2
pgame_seed2,pgame,2,ankle3_paralysed,ite,1,10,294,1786.777587890625,294,1675.6400146484375,100.0,81.33342675838543,2
pgame_seed2,pgame,2,ankle3_paralysed,ite,1,11,294,1637.3802490234375,294,1675.6400146484375,100.0,81.33342675838543,2
pgame_seed2,pgame,2,ankle3_paralysed,ite,1,12,294,1575.3671875,294,1675.6400146484375,100.0,81.33342675838543,2
pgame_seed2,pgame,2,ankle3_paralysed,ite,1,13,294,1609.135009765625,294,1675.6400146484375,100.0,81.33342675838543,2
pgame_seed2,pgame,2,ankle3_paralysed,ite,1,14,294,1525.3035888671875,294,1675.6400146484375,100.0,81.33342675838543,2
pgame_seed2,pgame,2,ankle3_paralysed,ite,1,15,294,1721.647216796875,294,1675.6400146484375,100.0,81.33342675838543,2
pgame_seed2,pgame,2,ankle3_paralysed,ite,1,16,294,1603.7552490234375,294,1675.6400146484375,100.0,81.33342675838543,2
pgame_seed2,pgame,2,ankle3_paralysed,ite,1,17,294,1626.0654296875,294,1675.6400146484375,100.0,81.33342675838543,2
pgame_seed2,pgame,2,ankle3_paralysed,ite,1,18,294,1673.7540283203125,294,1675.6400146484375,100.0,81.33342675838543,2
pgame_seed2,pgame,2,ankle3_paralysed,ite,1,19,294,1656.5751953125,294,1675.6400146484375,100.0,81.33342675838543,2
pgame_seed2,pgame,2,ankle3_paralysed,ite,1,20,294,1844.584228515625,294,1675.6400146484375,100.0,81.33342675838543,2
pgame_seed2,pgame,2,ankle3_paralysed,ite,2,1,294,1799.0792236328125,294,1675.6400146484375,100.0,81.33342675838543,1
pgame_seed2,pgame,2,ankle3_paralysed,ite,2,2,294,1693.772216796875,294,1675.6400146484375,100.0,81.33342675838543,1
pgame_seed2,pgame,2,ankle3_paralysed,ite,2,3,294,1536.501708984375,294,1675.6400146484375,100.0,81.33342675838543,1
pgame_seed2,pgame,2,ankle3_paralysed,ite,2,4,294,1714.0364990234375,294,1675.6400146484375,100.0,81.33342675838543,1
pgame_seed2,pgame,2,ankle3_paralysed,ite,2,5,294,1769.861572265625,294,1675.6400146484375,100.0,81.33342675838543,1
pgame_seed2,pgame,2,ankle3_paralysed,ite,2,6,294,1584.496826171875,294,1675.6400146484375,100.0,81.33342675838543,1
pgame_seed2,pgame,2,ankle3_paralysed,ite,2,7,294,1626.67529296875,294,1675.6400146484375,100.0,81.33342675838543,1
pgame_seed2,pgame,2,ankle3_paralysed,ite,2,8,294,1717.8773193359375,294,1675.6400146484375,100.0,81.33342675838543,1
pgame_seed2,pgame,2,ankle3_paralysed,ite,2,9,294,1672.7138671875,294,1675.6400146484375,100.0,81.33342675838543,1
pgame_seed2,pgame,2,ankle3_paralysed,ite,2,10,294,1703.8095703125,294,1675.6400146484375,100.0,81.33342675838543,1
pgame_seed2,pgame,2,ankle3_paralysed,ite,2,11,294,1736.544189453125,294,1675.6400146484375,100.0,81.33342675838543,1
pgame_seed2,pgame,2,ankle3_paralysed,ite,2,12,294,1640.88671875,294,1675.6400146484375,100.0,81.33342675838543,1
pgame_seed2,pgame,2,ankle3_paralysed,ite,2,13,294,1629.984619140625,294,1675.6400146484375,100.0,81.33342675838543,1
pgame_seed2,pgame,2,ankle3_paralysed,ite,2,14,294,1742.342041015625,294,1675.6400146484375,100.0,81.33342675838543,1
pgame_seed2,pgame,2,ankle3_paralysed,ite,2,15,294,1685.888671875,294,1675.6400146484375,100.0,81.33342675838543,1
pgame_seed2,pgame,2,ankle3_paralysed,ite,2,16,294,1736.671142578125,294,1675.6400146484375,100.0,81.33342675838543,1
pgame_seed2,pgame,2,ankle3_paralysed,ite,2,17,294,1700.212890625,294,1675.6400146484375,100.0,81.33342675838543,1
pgame_seed2,pgame,2,ankle3_paralysed,ite,2,18,294,1618.7811279296875,294,1675.6400146484375,100.0,81.33342675838543,1
pgame_seed2,pgame,2,ankle3_paralysed,ite,2,19,294,1715.9945068359375,294,1675.6400146484375,100.0,81.33342675838543,1
pgame_seed2,pgame,2,ankle3_paralysed,ite,2,20,294,1707.5201416015625,294,1675.6400146484375,100.0,81.33342675838543,1
pgame_seed2,pgame,2,ankle3_paralysed,ite,3,1,294,1589.8626708984375,294,1675.6400146484375,100.0,81.33342675838543,2
pgame_seed2,pgame,2,ankle3_paralysed,ite,3,2,294,1634.152099609375,294,1675.6400146484375,100.0,81.33342675838543,2
pgame_seed2,pgame,2,ankle3_paralysed,ite,3,3,294,1657.48828125,294,1675.6400146484375,100.0,81.33342675838543,2
pgame_seed2,pgame,2,ankle3_paralysed,ite,3,4,294,1671.357666015625,294,1675.6400146484375,100.0,81.33342675838543,2
pgame_seed2,pgame,2,ankle3_paralysed,ite,3,5,294,1631.3990478515625,294,1675.6400146484375,100.0,81.33342675838543,2
pgame_seed2,pgame,2,ankle3_paralysed,ite,3,6,294,1693.619384765625,294,1675.6400146484375,100.0,81.33342675838543,2
pgame_seed2,pgame,2,ankle3_paralysed,ite,3,7,294,1726.33154296875,294,1675.6400146484375,100.0,81.33342675838543,2
pgame_seed2,pgame,2,ankle3_paralysed,ite,3,8,294,1679.6724853515625,294,1675.6400146484375,100.0,81.33342675838543,2
pgame_seed2,pgame,2,ankle3_paralysed,ite,3,9,294,1589.923583984375,294,1675.6400146484375,100.0,81.33342675838543,2
pgame_seed2,pgame,2,ankle3_paralysed,ite,3,10,294,1733.4853515625,294,1675.6400146484375,100.0,81.33342675838543,2
pgame_seed2,pgame,2,ankle3_paralysed,ite,3,11,294,1735.2183837890625,294,1675.6400146484375,100.0,81.33342675838543,2
pgame_seed2,pgame,2,ankle3_paralysed,ite,3,12,294,1680.1864013671875,294,1675.6400146484375,100.0,81.33342675838543,2
pgame_seed2,pgame,2,ankle3_paralysed,ite,3,13,294,1614.053466796875,294,1675.6400146484375,100.0,81.33342675838543,2
pgame_seed2,pgame,2,ankle3_paralysed,ite,3,14,294,1680.978759765625,294,1675.6400146484375,100.0,81.33342675838543,2
pgame_seed2,pgame,2,ankle3_paralysed,ite,3,15,294,1704.8388671875,294,1675.6400146484375,100.0,81.33342675838543,2
pgame_seed2,pgame,2,ankle3_paralysed,ite,3,16,294,1657.3807373046875,294,1675.6400146484375,100.0,81.33342675838543,2
pgame_seed2,pgame,2,ankle3_paralysed,ite,3,17,294,1620.68212890625,294,1675.6400146484375,100.0,81.33342675838543,2
pgame_seed2,pgame,2,ankle3_paralysed,ite,3,18,294,1658.7811279296875,294,1675.6400146484375,100.0,81.33342675838543,2
pgame_seed2,pgame,2,ankle3_paralysed,ite,3,19,294,1598.1204833984375,294,1675.6400146484375,100.0,81.33342675838543,2
pgame_seed2,pgame,2,ankle3_paralysed,ite,3,20,294,530.228271484375,294,1675.6400146484375,100.0,81.33342675838543,2
pgame_seed2,pgame,2,ankle3_paralysed,ite,4,1,294,1611.151611328125,294,1675.6400146484375,100.0,81.33342675838543,1
pgame_seed2,pgame,2,ankle3_paralysed,ite,4,2,294,1636.427001953125,294,1675.6400146484375,100.0,81.33342675838543,1
pgame_seed2,pgame,2,ankle3_paralysed,ite,4,3,294,1652.072998046875,294,1675.6400146484375,100.0,81.33342675838543,1
pgame_seed2,pgame,2,ankle3_paralysed,ite,4,4,294,1701.9921875,294,1675.6400146484375,100.0,81.33342675838543,1
pgame_seed2,pgame,2,ankle3_paralysed,ite,4,5,294,1641.4124755859375,294,1675.6400146484375,100.0,81.33342675838543,1
pgame_seed2,pgame,2,ankle3_paralysed,ite,4,6,294,1566.512451171875,294,1675.6400146484375,100.0,81.33342675838543,1
pgame_seed2,pgame,2,ankle3_paralysed,ite,4,7,294,1614.36474609375,294,1675.6400146484375,100.0,81.33342675838543,1
pgame_seed2,pgame,2,ankle3_paralysed,ite,4,8,294,1607.94775390625,294,1675.6400146484375,100.0,81.33342675838543,1
pgame_seed2,pgame,2,ankle3_paralysed,ite,4,9,294,1763.739013671875,294,1675.6400146484375,100.0,81.33342675838543,1
pgame_seed2,pgame,2,ankle3_paralysed,ite,4,10,294,1808.859130859375,294,1675.6400146484375,100.0,81.33342675838543,1
pgame_seed2,pgame,2,ankle3_paralysed,ite,4,11,294,1745.1083984375,294,1675.6400146484375,100.0,81.33342675838543,1
pgame_seed2,pgame,2,ankle3_paralysed,ite,4,12,294,1558.0482177734375,294,1675.6400146484375,100.0,81.33342675838543,1
pgame_seed2,pgame,2,ankle3_paralysed,ite,4,13,294,1645.457275390625,294,1675.6400146484375,100.0,81.33342675838543,1
pgame_seed2,pgame,2,ankle3_paralysed,ite,4,14,294,1623.6474609375,294,1675.6400146484375,100.0,81.33342675838543,1
pgame_seed2,pgame,2,ankle3_paralysed,ite,4,15,294,1599.209716796875,294,1675.6400146484375,100.0,81.33342675838543,1
pgame_seed2,pgame,2,ankle3_paralysed,ite,4,16,294,1656.1549072265625,294,1675.6400146484375,100.0,81.33342675838543,1
pgame_seed2,pgame,2,ankle3_paralysed,ite,4,17,294,1681.079833984375,294,1675.6400146484375,100.0,81.33342675838543,1
pgame_seed2,pgame,2,ankle3_paralysed,ite,4,18,294,1551.0992431640625,294,1675.6400146484375,100.0,81.33342675838543,1
pgame_seed2,pgame,2,ankle3_paralysed,ite,4,19,294,1659.1884765625,294,1675.6400146484375,100.0,81.33342675838543,1
pgame_seed2,pgame,2,ankle3_paralysed,ite,4,20,294,1650.02197265625,294,1675.6400146484375,100.0,81.33342675838543,1
pgame_seed2,pgame,2,ankle3_paralysed,top_k,0,1,294,1526.01904296875,294,1675.6400146484375,100.0,81.33342675838543,
pgame_seed2,pgame,2,ankle3_paralysed,top_k,0,2,972,1597.77294921875,972,1586.250732421875,85.51086327614834,69.54891535316922,
pgame_seed2,pgame,2,ankle3_paralysed,top_k,0,3,330,1600.1005859375,330,1604.6123046875,88.48709626957613,71.96958763503771,
pgame_seed2,pgame,2,ankle3_paralysed,top_k,0,4,761,1417.2152099609375,330,1604.6123046875,88.48709626957613,71.96958763503771,
pgame_seed2,pgame,2,ankle3_paralysed,top_k,0,5,115,1586.8438720703125,330,1604.6123046875,88.48709626957613,71.96958763503771,
pgame_seed2,pgame,2,ankle3_paralysed,top_k,0,6,596,1538.81884765625,330,1604.6123046875,88.48709626957613,71.96958763503771,
pgame_seed2,pgame,2,ankle3_paralysed,top_k,0,7,320,1531.7437744140625,330,1604.6123046875,88.48709626957613,71.96958763503771,
pgame_seed2,pgame,2,ankle3_paralysed,top_k,0,8,603,1541.11865234375,330,1604.6123046875,88.48709626957613,71.96958763503771,
pgame_seed2,pgame,2,ankle3_paralysed,top_k,0,9,474,1486.92578125,330,1604.6123046875,88.48709626957613,71.96958763503771,
pgame_seed2,pgame,2,ankle3_paralysed,top_k,0,10,475,1579.58203125,330,1604.6123046875,88.48709626957613,71.96958763503771,
pgame_seed2,pgame,2,ankle3_paralysed,top_k,0,11,565,1441.731689453125,330,1604.6123046875,88.48709626957613,71.96958763503771,
pgame_seed2,pgame,2,ankle3_paralysed,top_k,0,12,508,1611.035888671875,508,1515.340576171875,74.01701386351006,60.20057375942194,
pgame_seed2,pgame,2,ankle3_paralysed,top_k,0,13,711,1554.627685546875,508,1515.340576171875,74.01701386351006,60.20057375942194,
pgame_seed2,pgame,2,ankle3_paralysed,top_k,0,14,1001,1602.69970703125,508,1515.340576171875,74.01701386351006,60.20057375942194,
pgame_seed2,pgame,2,ankle3_paralysed,top_k,0,15,441,1568.100830078125,508,1515.340576171875,74.01701386351006,60.20057375942194,
pgame_seed2,pgame,2,ankle3_paralysed,top_k,0,16,831,1554.2572021484375,508,1515.340576171875,74.01701386351006,60.20057375942194,
pgame_seed2,pgame,2,ankle3_paralysed,top_k,0,17,209,1369.448486328125,508,1515.340576171875,74.01701386351006,60.20057375942194,
pgame_seed2,pgame,2,ankle3_paralysed,top_k,0,18,182,1470.169921875,508,1515.340576171875,74.01701386351006,60.20057375942194,
pgame_seed2,pgame,2,ankle3_paralysed,top_k,0,19,887,1472.0386962890625,508,1515.340576171875,74.01701386351006,60.20057375942194,
pgame_seed2,pgame,2,ankle3_paralysed,top_k,0,20,575,1460.83642578125,508,1515.340576171875,74.01701386351006,60.20057375942194,
pgame_seed2,pgame,2,ankle3_paralysed,top_k,1,1,294,1613.0531005859375,294,1675.6400146484375,100.0,81.33342675838543,
pgame_seed2,pgame,2,ankle3_paralysed,top_k,1,2,972,1538.3021240234375,294,1675.6400146484375,100.0,81.33342675838543,
pgame_seed2,pgame,2,ankle3_paralysed,top_k,1,3,330,1595.197021484375,294,1675.6400146484375,100.0,81.33342675838543,
pgame_seed2,pgame,2,ankle3_paralysed,top_k,1,4,761,1435.266357421875,294,1675.6400146484375,100.0,81.33342675838543,
pgame_seed2,pgame,2,ankle3_paralysed,top_k,1,5,115,1646.87353515625,115,1601.9462890625,88.05496096278796,71.61811718179403,
pgame_seed2,pgame,2,ankle3_paralysed,top_k,1,6,596,1494.2701416015625,115,1601.9462890625,88.05496096278796,71.61811718179403,
pgame_seed2,pgame,2,ankle3_paralysed,top_k,1,7,320,1600.930908203125,115,1601.9462890625,88.05496096278796,71.61811718179403,
pgame_seed2,pgame,2,ankle3_paralysed,top_k,1,8,603,1561.253662109375,115,1601.9462890625,88.05496096278796,71.61811718179403,
pgame_seed2,pgame,2,ankle3_paralysed,top_k,1,9,474,1456.112548828125,115,1601.9462890625,88.05496096278796,71.61811718179403,
pgame_seed2,pgame,2,ankle3_paralysed,top_k,1,10,475,1633.4742431640625,115,1601.9462890625,88.05496096278796,71.61811718179403,
pgame_seed2,pgame,2,ankle3_paralysed,top_k,1,11,565,1395.6741943359375,115,1601.9462890625,88.05496096278796,71.61811718179403,
pgame_seed2,pgame,2,ankle3_paralysed,top_k,1,12,508,1485.85400390625,115,1601.9462890625,88.05496096278796,71.61811718179403,
pgame_seed2,pgame,2,ankle3_paralysed,top_k,1,13,711,1540.3681640625,115,1601.9462890625,88.05496096278796,71.61811718179403,
pgame_seed2,pgame,2,ankle3_paralysed,top_k,1,14,1001,1543.6307373046875,115,1601.9462890625,88.05496096278796,71.61811718179403,
pgame_seed2,pgame,2,ankle3_paralysed,top_k,1,15,441,1592.86865234375,115,1601.9462890625,88.05496096278796,71.61811718179403,
pgame_seed2,pgame,2,ankle3_paralysed,top_k,1,16,831,1650.82958984375,831,1595.8592529296875,87.06831137153375,70.81564125912938,
pgame_seed2,pgame,2,ankle3_paralysed,top_k,1,17,209,1386.01025390625,831,1595.8592529296875,87.06831137153375,70.81564125912938,
pgame_seed2,pgame,2,ankle3_paralysed,top_k,1,18,182,1423.2718505859375,831,1595.8592529296875,87.06831137153375,70.81564125912938,
pgame_seed2,pgame,2,ankle3_paralysed,top_k,1,19,887,1455.1934814453125,831,1595.8592529296875,87.06831137153375,70.81564125912938,
pgame_seed2,pgame,2,ankle3_paralysed,top_k,1,20,575,1456.443115234375,831,1595.8592529296875,87.06831137153375,70.81564125912938,
pgame_seed2,pgame,2,ankle3_paralysed,top_k,2,1,294,1611.106689453125,294,1675.6400146484375,100.0,81.33342675838543,
pgame_seed2,pgame,2,ankle3_paralysed,top_k,2,2,972,1523.6298828125,294,1675.6400146484375,100.0,81.33342675838543,
pgame_seed2,pgame,2,ankle3_paralysed,top_k,2,3,330,1490.689208984375,294,1675.6400146484375,100.0,81.33342675838543,
pgame_seed2,pgame,2,ankle3_paralysed,top_k,2,4,761,1573.616455078125,294,1675.6400146484375,100.0,81.33342675838543,
pgame_seed2,pgame,2,ankle3_paralysed,top_k,2,5,115,1534.8857421875,294,1675.6400146484375,100.0,81.33342675838543,
pgame_seed2,pgame,2,ankle3_paralysed,top_k,2,6,596,1630.228515625,596,1575.75732421875,83.80998345736975,68.16553151151477,
pgame_seed2,pgame,2,ankle3_paralysed,top_k,2,7,320,1577.803955078125,596,1575.75732421875,83.80998345736975,68.16553151151477,
pgame_seed2,pgame,2,ankle3_paralysed,top_k,2,8,603,1543.02734375,596,1575.75732421875,83.80998345736975,68.16553151151477,
pgame_seed2,pgame,2,ankle3_paralysed,top_k,2,9,474,1423.770263671875,596,1575.75732421875,83.80998345736975,68.16553151151477,
pgame_seed2,pgame,2,ankle3_paralysed,top_k,2,10,475,1540.5572509765625,596,1575.75732421875,83.80998345736975,68.16553151151477,
pgame_seed2,pgame,2,ankle3_paralysed,top_k,2,11,565,1395.914306640625,596,1575.75732421875,83.80998345736975,68.16553151151477,
pgame_seed2,pgame,2,ankle3_paralysed,top_k,2,12,508,1483.462646484375,596,1575.75732421875,83.80998345736975,68.16553151151477,
pgame_seed2,pgame,2,ankle3_paralysed,top_k,2,13,711,1555.373046875,596,1575.75732421875,83.80998345736975,68.16553151151477,
pgame_seed2,pgame,2,ankle3_paralysed,top_k,2,14,1001,1467.60400390625,596,1575.75732421875,83.80998345736975,68.16553151151477,
pgame_seed2,pgame,2,ankle3_paralysed,top_k,2,15,441,1509.65234375,596,1575.75732421875,83.80998345736975,68.16553151151477,
pgame_seed2,pgame,2,ankle3_paralysed,top_k,2,16,831,1568.0272216796875,596,1575.75732421875,83.80998345736975,68.16553151151477,
pgame_seed2,pgame,2,ankle3_paralysed,top_k,2,17,209,1387.276123046875,596,1575.75732421875,83.80998345736975,68.16553151151477,
pgame_seed2,pgame,2,ankle3_paralysed,top_k,2,18,182,1453.667236328125,596,1575.75732421875,83.80998345736975,68.16553151151477,
pgame_seed2,pgame,2,ankle3_paralysed,top_k,2,19,887,1483.1072998046875,596,1575.75732421875,83.80998345736975,68.16553151151477,
pgame_seed2,pgame,2,ankle3_paralysed,top_k,2,20,575,1424.37060546875,596,1575.75732421875,83.80998345736975,68.16553151151477,
pgame_seed2,pgame,2,ankle3_paralysed,top_k,3,1,294,1770.745361328125,294,1675.6400146484375,100.0,81.33342675838543,
pgame_seed2,pgame,2,ankle3_paralysed,top_k,3,2,972,1740.6058349609375,294,1675.6400146484375,100.0,81.33342675838543,
pgame_seed2,pgame,2,ankle3_paralysed,top_k,3,3,330,1667.26904296875,294,1675.6400146484375,100.0,81.33342675838543,
pgame_seed2,pgame,2,ankle3_paralysed,top_k,3,4,761,1507.582275390625,294,1675.6400146484375,100.0,81.33342675838543,
pgame_seed2,pgame,2,ankle3_paralysed,top_k,3,5,115,1500.45654296875,294,1675.6400146484375,100.0,81.33342675838543,
pgame_seed2,pgame,2,ankle3_paralysed,top_k,3,6,596,1574.684814453125,294,1675.6400146484375,100.0,81.33342675838543,
pgame_seed2,pgame,2,ankle3_paralysed,top_k,3,7,320,1617.44580078125,294,1675.6400146484375,100.0,81.33342675838543,
pgame_seed2,pgame,2,ankle3_paralysed,top_k,3,8,603,1544.0916748046875,294,1675.6400146484375,100.0,81.33342675838543,
pgame_seed2,pgame,2,ankle3_paralysed,top_k,3,9,474,1421.98583984375,294,1675.6400146484375,100.0,81.33342675838543,
pgame_seed2,pgame,2,ankle3_paralysed,top_k,3,10,475,1321.73779296875,294,1675.6400146484375,100.0,81.33342675838543,
pgame_seed2,pgame,2,ankle3_paralysed,top_k,3,11,565,1441.537109375,294,1675.6400146484375,100.0,81.33342675838543,
pgame_seed2,pgame,2,ankle3_paralysed,top_k,3,12,508,1560.4554443359375,294,1675.6400146484375,100.0,81.33342675838543,
pgame_seed2,pgame,2,ankle3_paralysed,top_k,3,13,711,1622.9268798828125,294,1675.6400146484375,100.0,81.33342675838543,
pgame_seed2,pgame,2,ankle3_paralysed,top_k,3,14,1001,1525.7855224609375,294,1675.6400146484375,100.0,81.33342675838543,
pgame_seed2,pgame,2,ankle3_paralysed,top_k,3,15,441,1595.331298828125,294,1675.6400146484375,100.0,81.33342675838543,
pgame_seed2,pgame,2,ankle3_paralysed,top_k,3,16,831,1597.1826171875,294,1675.6400146484375,100.0,81.33342675838543,
pgame_seed2,pgame,2,ankle3_paralysed,top_k,3,17,209,1426.322998046875,294,1675.6400146484375,100.0,81.33342675838543,
pgame_seed2,pgame,2,ankle3_paralysed,top_k,3,18,182,1462.478515625,294,1675.6400146484375,100.0,81.33342675838543,
pgame_seed2,pgame,2,ankle3_paralysed,top_k,3,19,887,1414.34326171875,294,1675.6400146484375,100.0,81.33342675838543,
pgame_seed2,pgame,2,ankle3_paralysed,top_k,3,20,575,1492.4088134765625,294,1675.6400146484375,100.0,81.33342675838543,
pgame_seed2,pgame,2,ankle3_paralysed,top_k,4,1,294,1627.3345947265625,294,1675.6400146484375,100.0,81.33342675838543,
pgame_seed2,pgame,2,ankle3_paralysed,top_k,4,2,972,1566.97412109375,294,1675.6400146484375,100.0,81.33342675838543,
pgame_seed2,pgame,2,ankle3_paralysed,top_k,4,3,330,1568.5264892578125,294,1675.6400146484375,100.0,81.33342675838543,
pgame_seed2,pgame,2,ankle3_paralysed,top_k,4,4,761,1501.922119140625,294,1675.6400146484375,100.0,81.33342675838543,
pgame_seed2,pgame,2,ankle3_paralysed,top_k,4,5,115,1536.2998046875,294,1675.6400146484375,100.0,81.33342675838543,
pgame_seed2,pgame,2,ankle3_paralysed,top_k,4,6,596,1510.1019287109375,294,1675.6400146484375,100.0,81.33342675838543,
pgame_seed2,pgame,2,ankle3_paralysed,top_k,4,7,320,1590.48095703125,294,1675.6400146484375,100.0,81.33342675838543,
pgame_seed2,pgame,2,ankle3_paralysed,top_k,4,8,603,1563.3770751953125,294,1675.6400146484375,100.0,81.33342675838543,
pgame_seed2,pgame,2,ankle3_paralysed,top_k,4,9,474,1387.7630615234375,294,1675.6400146484375,100.0,81.33342675838543,
pgame_seed2,pgame,2,ankle3_paralysed,top_k,4,10,475,1071.5609130859375,294,1675.6400146484375,100.0,81.33342675838543,
pgame_seed2,pgame,2,ankle3_paralysed,top_k,4,11,565,1426.8203125,294,1675.6400146484375,100.0,81.33342675838543,
pgame_seed2,pgame,2,ankle3_paralysed,top_k,4,12,508,1432.255859375,294,1675.6400146484375,100.0,81.33342675838543,
pgame_seed2,pgame,2,ankle3_paralysed,top_k,4,13,711,1531.677490234375,294,1675.6400146484375,100.0,81.33342675838543,
pgame_seed2,pgame,2,ankle3_paralysed,top_k,4,14,1001,1535.2403564453125,294,1675.6400146484375,100.0,81.33342675838543,
pgame_seed2,pgame,2,ankle3_paralysed,top_k,4,15,441,1494.074462890625,294,1675.6400146484375,100.0,81.33342675838543,
pgame_seed2,pgame,2,ankle3_paralysed,top_k,4,16,831,1635.850341796875,831,1595.8592529296875,87.06831137153375,70.81564125912938,
pgame_seed2,pgame,2,ankle3_paralysed,top_k,4,17,209,1420.4913330078125,831,1595.8592529296875,87.06831137153375,70.81564125912938,
pgame_seed2,pgame,2,ankle3_paralysed,top_k,4,18,182,1425.41064453125,831,1595.8592529296875,87.06831137153375,70.81564125912938,
pgame_seed2,pgame,2,ankle3_paralysed,top_k,4,19,887,1445.66357421875,831,1595.8592529296875,87.06831137153375,70.81564125912938,
pgame_seed2,pgame,2,ankle3_paralysed,top_k,4,20,575,1374.486328125,831,1595.8592529296875,87.06831137153375,70.81564125912938,
