run,algo,seed,scenario,method,rep,trial,cell,observed,recommended_cell,recommended_true,pct_oracle,pct_intact,stop_trial
dcrlme_seed1,dcrlme,1,leg1_paralysed,ite,0,1,536,1143.17236328125,536,1126.03369140625,28.707233140490235,12.509213565725107,6
dcrlme_seed1,dcrlme,1,leg1_paralysed,ite,0,2,365,1062.059326171875,536,1126.03369140625,28.707233140490235,12.509213565725107,6
dcrlme_seed1,dcrlme,1,leg1_paralysed,ite,0,3,452,1062.41357421875,536,1126.03369140625,28.707233140490235,12.509213565725107,6
dcrlme_seed1,dcrlme,1,leg1_paralysed,ite,0,4,43,1051.592529296875,536,1126.03369140625,28.707233140490235,12.509213565725107,6
dcrlme_seed1,dcrlme,1,leg1_paralysed,ite,0,5,500,1191.504638671875,500,1200.1307373046875,60.29797363315556,26.274919148990595,6
dcrlme_seed1,dcrlme,1,leg1_paralysed,ite,0,6,781,1051.2958984375,500,1200.1307373046875,60.29797363315556,26.274919148990595,6
dcrlme_seed1,dcrlme,1,leg1_paralysed,ite,0,7,500,1216.2607421875,500,1200.1307373046875,60.29797363315556,26.274919148990595,6
dcrlme_seed1,dcrlme,1,leg1_paralysed,ite,0,8,500,1190.350341796875,500,1200.1307373046875,60.29797363315556,26.274919148990595,6
dcrlme_seed1,dcrlme,1,leg1_paralysed,ite,0,9,500,1250.69921875,500,1200.1307373046875,60.29797363315556,26.274919148990595,6
dcrlme_seed1,dcrlme,1,leg1_paralysed,ite,0,10,500,1240.8258056640625,500,1200.1307373046875,60.29797363315556,26.274919148990595,6
dcrlme_seed1,dcrlme,1,leg1_paralysed,ite,0,11,500,1272.570556640625,500,1200.1307373046875,60.29797363315556,26.274919148990595,6
dcrlme_seed1,dcrlme,1,leg1_paralysed,ite,0,12,500,1165.179443359375,500,1200.1307373046875,60.29797363315556,26.274919148990595,6
dcrlme_seed1,dcrlme,1,leg1_paralysed,ite,0,13,500,1199.462646484375,500,1200.1307373046875,60.29797363315556,26.274919148990595,6
dcrlme_seed1,dcrlme,1,leg1_paralysed,ite,0,14,500,1267.36669921875,500,1200.1307373046875,60.29797363315556,26.274919148990595,6
dcrlme_seed1,dcrlme,1,leg1_paralysed,ite,0,15,500,1165.030029296875,500,1200.1307373046875,60.29797363315556,26.274919148990595,6
dcrlme_seed1,dcrlme,1,leg1_paralysed,ite,0,16,500,1216.26220703125,500,1200.1307373046875,60.29797363315556,26.274919148990595,6
dcrlme_seed1,dcrlme,1,leg1_paralysed,ite,0,17,500,1252.369140625,500,1200.1307373046875,60.29797363315556,26.274919148990595,6
dcrlme_seed1,dcrlme,1,leg1_paralysed,ite,0,18,500,1216.2447509765625,500,1200.1307373046875,60.29797363315556,26.274919148990595,6
dcrlme_seed1,dcrlme,1,leg1_paralysed,ite,0,19,500,1314.468505859375,500,1200.1307373046875,60.29797363315556,26.274919148990595,6
dcrlme_seed1,dcrlme,1,leg1_paralysed,ite,0,20,500,1194.4996337890625,500,1200.1307373046875,60.29797363315556,26.274919148990595,6
dcrlme_seed1,dcrlme,1,leg1_paralysed,ite,1,1,536,1071.4169921875,536,1126.03369140625,28.707233140490235,12.509213565725107,5
dcrlme_seed1,dcrlme,1,leg1_paralysed,ite,1,2,365,1060.6148681640625,536,1126.03369140625,28.707233140490235,12.509213565725107,5
dcrlme_seed1,dcrlme,1,leg1_paralysed,ite,1,3,452,1065.7066650390625,536,1126.03369140625,28.707233140490235,12.509213565725107,5
dcrlme_seed1,dcrlme,1,leg1_paralysed,ite,1,4,43,1051.4876708984375,536,1126.03369140625,28.707233140490235,12.509213565725107,5
dcrlme_seed1,dcrlme,1,leg1_paralysed,ite,1,5,500,1208.8917236328125,500,1200.1307373046875,60.29797363315556,26.274919148990595,5
dcrlme_seed1,dcrlme,1,leg1_paralysed,ite,1,6,500,1263.561279296875,500,1200.1307373046875,60.29797363315556,26.274919148990595,5
dcrlme_seed1,dcrlme,1,leg1_paralysed,ite,1,7,500,1181.581787109375,500,1200.1307373046875,60.29797363315556,26.274919148990595,5
dcrlme_seed1,dcrlme,1,leg1_paralysed,ite,1,8,500,1162.868408203125,500,1200.1307373046875,60.29797363315556,26.274919148990595,5
dcrlme_seed1,dcrlme,1,leg1_paralysed,ite,1,9,500,1199.1768798828125,500,1200.1307373046875,60.29797363315556,26.274919148990595,5
dcrlme_seed1,dcrlme,1,leg1_paralysed,ite,1,10,500,1304.605224609375,500,1200.1307373046875,60.29797363315556,26.274919148990595,5
dcrlme_seed1,dcrlme,1,leg1_paralysed,ite,1,11,500,1247.498779296875,500,1200.1307373046875,60.29797363315556,26.274919148990595,5
dcrlme_seed1,dcrlme,1,leg1_paralysed,ite,1,12,500,1223.83984375,500,1200.1307373046875,60.29797363315556,26.274919148990595,5
dcrlme_seed1,dcrlme,1,leg1_paralysed,ite,1,13,500,1141.431640625,500,1200.1307373046875,60.29797363315556,26.274919148990595,5
dcrlme_seed1,dcrlme,1,leg1_paralysed,ite,1,14,500,1192.0274658203125,500,1200.1307373046875,60.29797363315556,26.274919148990595,5
dcrlme_seed1,dcrlme,1,leg1_paralysed,ite,1,15,500,1303.330322265625,500,1200.1307373046875,60.29797363315556,26.274919148990595,5
dcrlme_seed1,dcrlme,1,leg1_paralysed,ite,1,16,500,1221.4652099609375,500,1200.1307373046875,60.29797363315556,26.274919148990595,5
dcrlme_seed1,dcrlme,1,leg1_paralysed,ite,1,17,500,1232.21142578125,500,1200.1307373046875,60.29797363315556,26.274919148990595,5
dcrlme_seed1,dcrlme,1,leg1_paralysed,ite,1,18,500,1195.135986328125,500,1200.1307373046875,60.29797363315556,26.274919148990595,5
dcrlme_seed1,dcrlme,1,leg1_paralysed,ite,1,19,500,1232.7320556640625,500,1200.1307373046875,60.29797363315556,26.274919148990595,5
dcrlme_seed1,dcrlme,1,leg1_paralysed,ite,1,20,500,1234.5137939453125,500,1200.1307373046875,60.29797363315556,26.274919148990595,5
dcrlme_seed1,dcrlme,1,leg1_paralysed,ite,2,1,536,1149.5831298828125,536,1126.03369140625,28.707233140490235,12.509213565725107,6
dcrlme_seed1,dcrlme,1,leg1_paralysed,ite,2,2,365,1059.6278076171875,536,1126.03369140625,28.707233140490235,12.509213565725107,6
dcrlme_seed1,dcrlme,1,leg1_paralysed,ite,2,3,452,1069.224609375,536,1126.03369140625,28.707233140490235,12.509213565725107,6
dcrlme_seed1,dcrlme,1,leg1_paralysed,ite,2,4,43,1052.10888671875,536,1126.03369140625,28.707233140490235,12.509213565725107,6
dcrlme_seed1,dcrlme,1,leg1_paralysed,ite,2,5,781,1050.255859375,536,1126.03369140625,28.707233140490235,12.509213565725107,6
dcrlme_seed1,dcrlme,1,leg1_paralysed,ite,2,6,500,1186.16455078125,500,1200.1307373046875,60.29797363315556,26.274919148990595,6
dcrlme_seed1,dcrlme,1,leg1_paralysed,ite,2,7,500,1230.6387939453125,500,1200.1307373046875,60.29797363315556,26.274919148990595,6
dcrlme_seed1,dcrlme,1,leg1_paralysed,ite,2,8,500,1261.251220703125,500,1200.1307373046875,60.29797363315556,26.274919148990595,6
dcrlme_seed1,dcrlme,1,leg1_paralysed,ite,2,9,500,1195.708984375,500,1200.1307373046875,60.29797363315556,26.274919148990595,6
dcrlme_seed1,dcrlme,1,leg1_paralysed,ite,2,10,500,1161.70703125,500,1200.1307373046875,60.29797363315556,26.274919148990595,6
dcrlme_seed1,dcrlme,1,leg1_paralysed,ite,2,11,500,1268.41796875,500,1200.1307373046875,60.29797363315556,26.274919148990595,6
dcrlme_seed1,dcrlme,1,leg1_paralysed,ite,2,12,500,1113.6278076171875,500,1200.1307373046875,60.29797363315556,26.274919148990595,6
dcrlme_seed1,dcrlme,1,leg1_paralysed,ite,2,13,500,1274.4183349609375,500,1200.1307373046875,60.29797363315556,26.274919148990595,6
dcrlme_seed1,dcrlme,1,leg1_paralysed,ite,2,14,500,1238.3363037109375,500,1200.1307373046875,60.29797363315556,26.274919148990595,6
dcrlme_seed1,dcrlme,1,leg1_paralysed,ite,2,15,500,1210.5546875,500,1200.1307373046875,60.29797363315556,26.274919148990595,6
dcrlme_seed1,dcrlme,1,leg1_paralysed,ite,2,16,500,1334.635986328125,500,1200.1307373046875,60.29797363315556,26.274919148990595,6
dcrlme_seed1,dcrlme,1,leg1_paralysed,ite,2,17,500,1219.502197265625,500,1200.1307373046875,60.29797363315556,26.274919148990595,6
dcrlme_seed1,dcrlme,1,leg1_paralysed,ite,2,18,500,1217.019775390625,500,1200.1307373046875,60.29797363315556,26.274919148990595,6
dcrlme_seed1,dcrlme,1,leg1_paralysed,ite,2,19,500,1215.96044921875,500,1200.1307373046875,60.29797363315556,26.274919148990595,6
dcrlme_seed1,dcrlme,1,leg1_paralysed,ite,2,20,500,1183.261962890625,500,1200.1307373046875,60.29797363315556,26.274919148990595,6
dcrlme_seed1,dcrlme,1,leg1_paralysed,ite,3,1,536,1160.695556640625,536,1126.03369140625,28.707233140490235,12.509213565725107,6
dcrlme_seed1,dcrlme,1,leg1_paralysed,ite,3,2,365,1061.0914306640625,536,1126.03369140625,28.707233140490235,12.509213565725107,6
dcrlme_seed1,dcrlme,1,leg1_paralysed,ite,3,3,452,1067.2373046875,536,1126.03369140625,28.707233140490235,12.509213565725107,6
dcrlme_seed1,dcrlme,1,leg1_paralysed,ite,3,4,43,1054.100830078125,536,1126.03369140625,28.707233140490235,12.509213565725107,6
dcrlme_seed1,dcrlme,1,leg1_paralysed,ite,3,5,781,1052.53125,536,1126.03369140625,28.707233140490235,12.509213565725107,6
dcrlme_seed1,dcrlme,1,leg1_paralysed,ite,3,6,500,1311.23095703125,500,1200.1307373046875,60.29797363315556,26.274919148990595,6
dcrlme_seed1,dcrlme,1,leg1_paralysed,ite,3,7,500,1195.5999755859375,500,1200.1307373046875,60.29797363315556,26.274919148990595,6
dcrlme_seed1,dcrlme,1,leg1_paralysed,ite,3,8,500,1278.555419921875,500,1200.1307373046875,60.29797363315556,26.274919148990595,6
dcrlme_seed1,dcrlme,1,leg1_paralysed,ite,3,9,500,1274.877197265625,500,1200.1307373046875,60.29797363315556,26.274919148990595,6
dcrlme_seed1,dcrlme,1,leg1_paralysed,ite,3,10,500,1209.299072265625,500,1200.1307373046875,60.29797363315556,26.274919148990595,6
dcrlme_seed1,dcrlme,1,leg1_paralysed,ite,3,11,500,1243.79638671875,500,1200.1307373046875,60.29797363315556,26.274919148990595,6
dcrlme_seed1,dcrlme,1,leg1_paralysed,ite,3,12,500,1166.21875,500,1200.1307373046875,60.29797363315556,26.274919148990595,6
dcrlme_seed1,dcrlme,1,leg1_paralysed,ite,3,13,500,1183.5147705078125,500,1200.1307373046875,60.29797363315556,26.274919148990595,6
dcrlme_seed1,dcrlme,1,leg1_paralysed,ite,3,14,500,1232.882568359375,500,1200.1307373046875,60.29797363315556,26.274919148990595,6
dcrlme_seed1,dcrlme,1,leg1_paralysed,ite,3,15,500,1227.6986083984375,500,1200.1307373046875,60.29797363315556,26.274919148990595,6
dcrlme_seed1,dcrlme,1,leg1_paralysed,ite,3,16,500,1202.945556640625,500,1200.1307373046875,60.29797363315556,26.274919148990595,6
dcrlme_seed1,dcrlme,1,leg1_paralysed,ite,3,17,500,1284.030517578125,500,1200.1307373046875,60.29797363315556,26.274919148990595,6
dcrlme_seed1,dcrlme,1,leg1_paralysed,ite,3,18,500,1225.6690673828125,500,1200.1307373046875,60.29797363315556,26.274919148990595,6
dcrlme_seed1,dcrlme,1,leg1_paralysed,ite,3,19,500,1223.441162109375,500,1200.1307373046875,60.29797363315556,26.274919148990595,6
dcrlme_seed1,dcrlme,1,leg1_paralysed,ite,3,20,500,1220.4931640625,500,1200.1307373046875,60.29797363315556,26.274919148990595,6
dcrlme_seed1,dcrlme,1,leg1_paralysed,ite,4,1,536,1111.5235595703125,536,1126.03369140625,28.707233140490235,12.509213565725107,5
dcrlme_seed1,dcrlme,1,leg1_paralysed,ite,4,2,365,1064.045166015625,536,1126.03369140625,28.707233140490235,12.509213565725107,5
dcrlme_seed1,dcrlme,1,leg1_paralysed,ite,4,3,452,1069.93701171875,536,1126.03369140625,28.707233140490235,12.509213565725107,5
dcrlme_seed1,dcrlme,1,leg1_paralysed,ite,4,4,43,1071.536376953125,536,1126.03369140625,28.707233140490235,12.509213565725107,5
dcrlme_seed1,dcrlme,1,leg1_paralysed,ite,4,5,500,1225.404052734375,500,1200.1307373046875,60.29797363315556,26.274919148990595,5
dcrlme_seed1,dcrlme,1,leg1_paralysed,ite,4,6,500,1237.340087890625,500,1200.1307373046875,60.29797363315556,26.274919148990595,5
dcrlme_seed1,dcrlme,1,leg1_paralysed,ite,4,7,500,1224.7034912109375,500,1200.1307373046875,60.29797363315556,26.274919148990595,5
dcrlme_seed1,dcrlme,1,leg1_paralysed,ite,4,8,500,1230.624267578125,500,1200.1307373046875,60.29797363315556,26.274919148990595,5
dcrlme_seed1,dcrlme,1,leg1_paralysed,ite,4,9,500,1244.8668212890625,500,1200.1307373046875,60.29797363315556,26.274919148990595,5
dcrlme_seed1,dcrlme,1,leg1_paralysed,ite,4,10,500,1195.236328125,500,1200.1307373046875,60.29797363315556,26.274919148990595,5
dcrlme_seed1,dcrlme,1,leg1_paralysed,ite,4,11,500,1244.5595703125,500,1200.1307373046875,60.29797363315556,26.274919148990595,5
dcrlme_seed1,dcrlme,1,leg1_paralysed,ite,4,12,500,1177.5506591796875,500,1200.1307373046875,60.29797363315556,26.274919148990595,5
dcrlme_seed1,dcrlme,1,leg1_paralysed,ite,4,13,500,1185.891845703125,500,1200.1307373046875,60.29797363315556,26.274919148990595,5
dcrlme_seed1,dcrlme,1,leg1_paralysed,ite,4,14,500,1221.8990478515625,500,1200.1307373046875,60.29797363315556,26.274919148990595,5
dcrlme_seed1,dcrlme,1,leg1_paralysed,ite,4,15,500,1212.6243896484375,500,1200.1307373046875,60.29797363315556,26.274919148990595,5
dcrlme_seed1,dcrlme,1,leg1_paralysed,ite,4,16,500,1262.578369140625,500,1200.1307373046875,60.29797363315556,26.274919148990595,5
dcrlme_seed1,dcrlme,1,leg1_paralysed,ite,4,17,500,1167.513671875,500,1200.1307373046875,60.29797363315556,26.274919148990595,5
dcrlme_seed1,dcrlme,1,leg1_paralysed,ite,4,18,500,1166.34033203125,500,1200.1307373046875,60.29797363315556,26.274919148990595,5
dcrlme_seed1,dcrlme,1,leg1_paralysed,ite,4,19,781,1123.2783203125,500,1200.1307373046875,60.29797363315556,26.274919148990595,5
dcrlme_seed1,dcrlme,1,leg1_paralysed,ite,4,20,500,1290.4261474609375,500,1200.1307373046875,60.29797363315556,26.274919148990595,5
dcrlme_seed1,dcrlme,1,leg1_paralysed,top_k,0,1,536,1149.1492919921875,536,1126.03369140625,28.707233140490235,12.509213565725107,
dcrlme_seed1,dcrlme,1,leg1_paralysed,top_k,0,2,452,1067.3455810546875,536,1126.03369140625,28.707233140490235,12.509213565725107,
dcrlme_seed1,dcrlme,1,leg1_paralysed,top_k,0,3,609,1075.8472900390625,536,1126.03369140625,28.707233140490235,12.509213565725107,
dcrlme_seed1,dcrlme,1,leg1_paralysed,top_k,0,4,545,1153.880615234375,545,1143.99755859375,36.36599820573807,15.846530240656449,
dcrlme_seed1,dcrlme,1,leg1_paralysed,top_k,0,5,477,1066.7581787109375,545,1143.99755859375,36.36599820573807,15.846530240656449,
dcrlme_seed1,dcrlme,1,leg1_paralysed,top_k,0,6,711,1089.8349609375,545,1143.99755859375,36.36599820573807,15.846530240656449,
dcrlme_seed1,dcrlme,1,leg1_paralysed,top_k,0,7,863,1113.10400390625,545,1143.99755859375,36.36599820573807,15.846530240656449,
dcrlme_seed1,dcrlme,1,leg1_paralysed,top_k,0,8,209,1078.0703125,545,1143.99755859375,36.36599820573807,15.846530240656449,
dcrlme_seed1,dcrlme,1,leg1_paralysed,top_k,0,9,365,1061.3265380859375,545,1143.99755859375,36.36599820573807,15.846530240656449,
dcrlme_seed1,dcrlme,1,leg1_paralysed,top_k,0,10,782,1097.267578125,545,1143.99755859375,36.36599820573807,15.846530240656449,
dcrlme_seed1,dcrlme,1,leg1_paralysed,top_k,0,11,59,1089.23583984375,545,1143.99755859375,36.36599820573807,15.846530240656449,
dcrlme_seed1,dcrlme,1,leg1_paralysed,top_k,0,12,963,1085.084228515625,545,1143.99755859375,36.36599820573807,15.846530240656449,
dcrlme_seed1,dcrlme,1,leg1_paralysed,top_k,0,13,781,1061.0576171875,545,1143.99755859375,36.36599820573807,15.846530240656449,
dcrlme_seed1,dcrlme,1,leg1_paralysed,top_k,0,14,628,1078.61083984375,545,1143.99755859375,36.36599820573807,15.846530240656449,
dcrlme_seed1,dcrlme,1,leg1_paralysed,top_k,0,15,518,1102.92138671875,545,1143.99755859375,36.36599820573807,15.846530240656449,
dcrlme_seed1,dcrlme,1,leg1_paralysed,top_k,0,16,601,1082.10546875,545,1143.99755859375,36.36599820573807,15.846530240656449,
dcrlme_seed1,dcrlme,1,leg1_paralysed,top_k,0,17,791,1071.4462890625,545,1143.99755859375,36.36599820573807,15.846530240656449,
dcrlme_seed1,dcrlme,1,leg1_paralysed,top_k,0,18,804,1076.4508056640625,545,1143.99755859375,36.36599820573807,15.846530240656449,
dcrlme_seed1,dcrlme,1,leg1_paralysed,top_k,0,19,657,1063.205322265625,545,1143.99755859375,36.36599820573807,15.846530240656449,
dcrlme_seed1,dcrlme,1,leg1_paralysed,top_k,0,20,141,1147.56005859375,545,1143.99755859375,36.36599820573807,15.846530240656449,
dcrlme_seed1,dcrlme,1,leg1_paralysed,top_k,1,1,536,1054.1795654296875,536,1126.03369140625,28.707233140490235,12.509213565725107,
dcrlme_seed1,dcrlme,1,leg1_paralysed,top_k,1,2,452,1066.108642578125,452,1068.6187744140625,4.22879785179861,1.8427040737624008,
dcrlme_seed1,dcrlme,1,leg1_paralysed,top_k,1,3,609,1078.98779296875,609,1076.9560546875,7.783337096099789,3.391599096738316,
dcrlme_seed1,dcrlme,1,leg1_paralysed,top_k,1,4,545,1148.39599609375,545,1143.99755859375,36.36599820573807,15.846530240656449,
dcrlme_seed1,dcrlme,1,leg1_paralysed,top_k,1,5,477,1076.46875,545,1143.99755859375,36.36599820573807,15.846530240656449,
dcrlme_seed1,dcrlme,1,leg1_paralysed,top_k,1,6,711,1072.32373046875,545,1143.99755859375,36.36599820573807,15.846530240656449,
dcrlme_seed1,dcrlme,1,leg1_paralysed,top_k,1,7,863,1103.947509765625,545,1143.99755859375,36.36599820573807,15.846530240656449,
dcrlme_seed1,dcrlme,1,leg1_paralysed,top_k,1,8,209,1071.406005859375,545,1143.99755859375,36.36599820573807,15.846530240656449,
dcrlme_seed1,dcrlme,1,leg1_paralysed,top_k,1,9,365,1058.22265625,545,1143.99755859375,36.36599820573807,15.846530240656449,
dcrlme_seed1,dcrlme,1,leg1_paralysed,top_k,1,10,782,1098.242431640625,545,1143.99755859375,36.36599820573807,15.846530240656449,
dcrlme_seed1,dcrlme,1,leg1_paralysed,top_k,1,11,59,1097.863525390625,545,1143.99755859375,36.36599820573807,15.846530240656449,
dcrlme_seed1,dcrlme,1,leg1_paralysed,top_k,1,12,963,1089.511474609375,545,1143.99755859375,36.36599820573807,15.846530240656449,
dcrlme_seed1,dcrlme,1,leg1_paralysed,top_k,1,13,781,1135.170166015625,545,1143.99755859375,36.36599820573807,15.846530240656449,
dcrlme_seed1,dcrlme,1,leg1_paralysed,top_k,1,14,628,1072.859130859375,545,1143.99755859375,36.36599820573807,15.846530240656449,
dcrlme_seed1,dcrlme,1,leg1_paralysed,top_k,1,15,518,1074.7808837890625,545,1143.99755859375,36.36599820573807,15.846530240656449,
dcrlme_seed1,dcrlme,1,leg1_paralysed,top_k,1,16,601,1069.7591552734375,545,1143.99755859375,36.36599820573807,15.846530240656449,
dcrlme_seed1,dcrlme,1,leg1_paralysed,top_k,1,17,791,1078.779541015625,545,1143.99755859375,36.36599820573807,15.846530240656449,
dcrlme_seed1,dcrlme,1,leg1_paralysed,top_k,1,18,804,1060.626220703125,545,1143.99755859375,36.36599820573807,15.846530240656449,
dcrlme_seed1,dcrlme,1,leg1_paralysed,top_k,1,19,657,1061.7718505859375,545,1143.99755859375,36.36599820573807,15.846530240656449,
dcrlme_seed1,dcrlme,1,leg1_paralysed,top_k,1,20,141,1054.96533203125,545,1143.99755859375,36.36599820573807,15.846530240656449,
dcrlme_seed1,dcrlme,1,leg1_paralysed,top_k,2,1,536,1147.1104736328125,536,1126.03369140625,28.707233140490235,12.509213565725107,
dcrlme_seed1,dcrlme,1,leg1_paralysed,top_k,2,2,452,1068.591552734375,536,1126.03369140625,28.707233140490235,12.509213565725107,
dcrlme_seed1,dcrlme,1,leg1_paralysed,top_k,2,3,609,1074.1240234375,536,1126.03369140625,28.707233140490235,12.509213565725107,
dcrlme_seed1,dcrlme,1,leg1_paralysed,top_k,2,4,545,1148.10400390625,545,1143.99755859375,36.36599820573807,15.846530240656449,
dcrlme_seed1,dcrlme,1,leg1_paralysed,top_k,2,5,477,1071.15283203125,545,1143.99755859375,36.36599820573807,15.846530240656449,
dcrlme_seed1,dcrlme,1,leg1_paralysed,top_k,2,6,711,1081.6221923828125,545,1143.99755859375,36.36599820573807,15.846530240656449,
dcrlme_seed1,dcrlme,1,leg1_paralysed,top_k,2,7,863,1102.7041015625,545,1143.99755859375,36.36599820573807,15.846530240656449,
dcrlme_seed1,dcrlme,1,leg1_paralysed,top_k,2,8,209,1090.6866455078125,545,1143.99755859375,36.36599820573807,15.846530240656449,
dcrlme_seed1,dcrlme,1,leg1_paralysed,top_k,2,9,365,1061.717529296875,545,1143.99755859375,36.36599820573807,15.846530240656449,
dcrlme_seed1,dcrlme,1,leg1_paralysed,top_k,2,10,782,1105.514892578125,545,1143.99755859375,36.36599820573807,15.846530240656449,
dcrlme_seed1,dcrlme,1,leg1_paralysed,top_k,2,11,59,1093.682373046875,545,1143.99755859375,36.36599820573807,15.846530240656449,
dcrlme_seed1,dcrlme,1,leg1_paralysed,top_k,2,12,963,1120.6224365234375,545,1143.99755859375,36.36599820573807,15.846530240656449,
dcrlme_seed1,dcrlme,1,leg1_paralysed,top_k,2,13,781,1040.5001220703125,545,1143.99755859375,36.36599820573807,15.846530240656449,
dcrlme_seed1,dcrlme,1,leg1_paralysed,top_k,2,14,628,1089.6817626953125,545,1143.99755859375,36.36599820573807,15.846530240656449,
dcrlme_seed1,dcrlme,1,leg1_paralysed,top_k,2,15,518,1088.384765625,545,1143.99755859375,36.36599820573807,15.846530240656449,
dcrlme_seed1,dcrlme,1,leg1_paralysed,top_k,2,16,601,1079.3746337890625,545,1143.99755859375,36.36599820573807,15.846530240656449,
dcrlme_seed1,dcrlme,1,leg1_paralysed,top_k,2,17,791,1064.8951416015625,545,1143.99755859375,36.36599820573807,15.846530240656449,
dcrlme_seed1,dcrlme,1,leg1_paralysed,top_k,2,18,804,1061.976806640625,545,1143.99755859375,36.36599820573807,15.846530240656449,
dcrlme_seed1,dcrlme,1,leg1_paralysed,top_k,2,19,657,1061.610107421875,545,1143.99755859375,36.36599820573807,15.846530240656449,
dcrlme_seed1,dcrlme,1,leg1_paralysed,top_k,2,20,141,1101.655517578125,545,1143.99755859375,36.36599820573807,15.846530240656449,
dcrlme_seed1,dcrlme,1,leg1_paralysed,top_k,3,1,536,1137.517578125,536,1126.03369140625,28.707233140490235,12.509213565725107,
dcrlme_seed1,dcrlme,1,leg1_paralysed,top_k,3,2,452,1070.859619140625,536,1126.03369140625,28.707233140490235,12.509213565725107,
dcrlme_seed1,dcrlme,1,leg1_paralysed,top_k,3,3,609,1068.634033203125,536,1126.03369140625,28.707233140490235,12.509213565725107,
dcrlme_seed1,dcrlme,1,leg1_paralysed,top_k,3,4,545,1138.91845703125,545,1143.99755859375,36.36599820573807,15.846530240656449,
dcrlme_seed1,dcrlme,1,leg1_paralysed,top_k,3,5,477,1078.366943359375,545,1143.99755859375,36.36599820573807,15.846530240656449,
dcrlme_seed1,dcrlme,1,leg1_paralysed,top_k,3,6,711,1051.1763916015625,545,1143.99755859375,36.36599820573807,15.846530240656449,
dcrlme_seed1,dcrlme,1,leg1_paralysed,top_k,3,7,863,1106.470458984375,545,1143.99755859375,36.36599820573807,15.846530240656449,
dcrlme_seed1,dcrlme,1,leg1_paralysed,top_k,3,8,209,1079.8150634765625,545,1143.99755859375,36.36599820573807,15.846530240656449,
dcrlme_seed1,dcrlme,1,leg1_paralysed,top_k,3,9,365,1062.98388671875,545,1143.99755859375,36.36599820573807,15.846530240656449,
dcrlme_seed1,dcrlme,1,leg1_paralysed,top_k,3,10,782,1097.125,545,1143.99755859375,36.36599820573807,15.846530240656449,
dcrlme_seed1,dcrlme,1,leg1_paralysed,top_k,3,11,59,1082.237548828125,545,1143.99755859375,36.36599820573807,15.846530240656449,
dcrlme_seed1,dcrlme,1,leg1_paralysed,top_k,3,12,963,1121.304931640625,545,1143.99755859375,36.36599820573807,15.846530240656449,
dcrlme_seed1,dcrlme,1,leg1_paralysed,top_k,3,13,781,1045.9815673828125,545,1143.99755859375,36.36599820573807,15.846530240656449,
dcrlme_seed1,dcrlme,1,leg1_paralysed,top_k,3,14,628,1074.197021484375,545,1143.99755859375,36.36599820573807,15.846530240656449,
dcrlme_seed1,dcrlme,1,leg1_paralysed,top_k,3,15,518,1088.253662109375,545,1143.99755859375,36.36599820573807,15.846530240656449,
dcrlme_seed1,dcrlme,1,leg1_paralysed,top_k,3,16,601,1061.309326171875,545,1143.99755859375,36.36599820573807,15.846530240656449,
dcrlme_seed1,dcrlme,1,leg1_paralysed,top_k,3,17,791,1070.9210205078125,545,1143.99755859375,36.36599820573807,15.846530240656449,
dcrlme_seed1,dcrlme,1,leg1_paralysed,top_k,3,18,804,1100.3994140625,545,1143.99755859375,36.36599820573807,15.846530240656449,
dcrlme_seed1,dcrlme,1,leg1_paralysed,top_k,3,19,657,1065.440185546875,545,1143.99755859375,36.36599820573807,15.846530240656449,
dcrlme_seed1,dcrlme,1,leg1_paralysed,top_k,3,20,141,1156.81005859375,141,1128.260986328125,29.656824247995754,12.92299910561908,
dcrlme_seed1,dcrlme,1,leg1_paralysed,top_k,4,1,536,1131.783447265625,536,1126.03369140625,28.707233140490235,12.509213565725107,
dcrlme_seed1,dcrlme,1,leg1_paralysed,top_k,4,2,452,1069.464111328125,536,1126.03369140625,28.707233140490235,12.509213565725107,
dcrlme_seed1,dcrlme,1,leg1_paralysed,top_k,4,3,609,1080.345947265625,536,1126.03369140625,28.707233140490235,12.509213565725107,
dcrlme_seed1,dcrlme,1,leg1_paralysed,top_k,4,4,545,1134.73193359375,545,1143.99755859375,36.36599820573807,15.846530240656449,
dcrlme_seed1,dcrlme,1,leg1_paralysed,top_k,4,5,477,1065.2674560546875,545,1143.99755859375,36.36599820573807,15.846530240656449,
dcrlme_seed1,dcrlme,1,leg1_paralysed,top_k,4,6,711,1064.77490234375,545,1143.99755859375,36.36599820573807,15.846530240656449,
dcrlme_seed1,dcrlme,1,leg1_paralysed,top_k,4,7,863,1125.3309326171875,545,1143.99755859375,36.36599820573807,15.846530240656449,
dcrlme_seed1,dcrlme,1,leg1_paralysed,top_k,4,8,209,1089.8216552734375,545,1143.99755859375,36.36599820573807,15.846530240656449,
dcrlme_seed1,dcrlme,1,leg1_paralysed,top_k,4,9,365,1060.482421875,545,1143.99755859375,36.36599820573807,15.846530240656449,
dcrlme_seed1,dcrlme,1,leg1_paralysed,top_k,4,10,782,1090.4769287109375,545,1143.99755859375,36.36599820573807,15.846530240656449,
dcrlme_seed1,dcrlme,1,leg1_paralysed,top_k,4,11,59,1076.6702880859375,545,1143.99755859375,36.36599820573807,15.846530240656449,
dcrlme_seed1,dcrlme,1,leg1_paralysed,top_k,4,12,963,1094.0867919921875,545,1143.99755859375,36.36599820573807,15.846530240656449,
dcrlme_seed1,dcrlme,1,leg1_paralysed,top_k,4,13,781,1074.437744140625,545,1143.99755859375,36.36599820573807,15.846530240656449,
dcrlme_seed1,dcrlme,1,leg1_paralysed,top_k,4,14,628,1070.7763671875,545,1143.99755859375,36.36599820573807,15.846530240656449,
dcrlme_seed1,dcrlme,1,leg1_paralysed,top_k,4,15,518,1080.2940673828125,545,1143.99755859375,36.36599820573807,15.846530240656449,
dcrlme_seed1,dcrlme,1,leg1_paralysed,top_k,4,16,601,1092.9556884765625,545,1143.99755859375,36.36599820573807,15.846530240656449,
dcrlme_seed1,dcrlme,1,leg1_paralysed,top_k,4,17,791,1070.39453125,545,1143.99755859375,36.36599820573807,15.846530240656449,
dcrlme_seed1,dcrlme,1,leg1_paralysed,top_k,4,18,804,1058.3406982421875,545,1143.99755859375,36.36599820573807,15.846530240656449,
dcrlme_seed1,dcrlme,1,leg1_paralysed,top_k,4,19,657,1064.908447265625,545,1143.99755859375,36.36599820573807,15.846530240656449,
dcrlme_seed1,dcrlme,1,leg1_paralysed,top_k,4,20,141,1073.743408203125,545,1143.99755859375,36.36599820573807,15.846530240656449,
dcrlme_seed1,dcrlme,1,leg2_paralysed,ite,0,1,536,1072.4112548828125,536,1066.89306640625,2.9816479933839717,1.5221030555950703,
dcrlme_seed1,dcrlme,1,leg2_paralysed,ite,0,2,365,1061.84521484375,536,1066.89306640625,2.9816479933839717,1.5221030555950703,
dcrlme_seed1,dcrlme,1,leg2_paralysed,ite,0,3,452,1073.74267578125,452,1078.9427490234375,7.366808593210647,3.760686001362586,
dcrlme_seed1,dcrlme,1,leg2_paralysed,ite,0,4,43,1056.092041015625,452,1078.9427490234375,7.366808593210647,3.760686001362586,
dcrlme_seed1,dcrlme,1,leg2_paralysed,ite,0,5,500,1077.0780029296875,500,1064.578369140625,2.139275661081458,1.0920799597127102,
dcrlme_seed1,dcrlme,1,leg2_paralysed,ite,0,6,756,1057.247802734375,500,1064.578369140625,2.139275661081458,1.0920799597127102,
dcrlme_seed1,dcrlme,1,leg2_paralysed,ite,0,7,210,1054.824462890625,500,1064.578369140625,2.139275661081458,1.0920799597127102,
dcrlme_seed1,dcrlme,1,leg2_paralysed,ite,0,8,781,1071.578369140625,500,1064.578369140625,2.139275661081458,1.0920799597127102,
dcrlme_seed1,dcrlme,1,leg2_paralysed,ite,0,9,32,1057.90185546875,500,1064.578369140625,2.139275661081458,1.0920799597127102,
dcrlme_seed1,dcrlme,1,leg2_paralysed,ite,0,10,897,1060.371337890625,500,1064.578369140625,2.139275661081458,1.0920799597127102,
dcrlme_seed1,dcrlme,1,leg2_paralysed,ite,0,11,452,1083.01904296875,452,1078.9427490234375,7.366808593210647,3.760686001362586,
dcrlme_seed1,dcrlme,1,leg2_paralysed,ite,0,12,444,1065.79541015625,452,1078.9427490234375,7.366808593210647,3.760686001362586,
dcrlme_seed1,dcrlme,1,leg2_paralysed,ite,0,13,781,1066.224853515625,452,1078.9427490234375,7.366808593210647,3.760686001362586,
dcrlme_seed1,dcrlme,1,leg2_paralysed,ite,0,14,500,1063.8193359375,452,1078.9427490234375,7.366808593210647,3.760686001362586,
dcrlme_seed1,dcrlme,1,leg2_paralysed,ite,0,15,452,1074.44287109375,452,1078.9427490234375,7.366808593210647,3.760686001362586,
dcrlme_seed1,dcrlme,1,leg2_paralysed,ite,0,16,43,1054.231201171875,452,1078.9427490234375,7.366808593210647,3.760686001362586,
dcrlme_seed1,dcrlme,1,leg2_paralysed,ite,0,17,897,1064.41796875,452,1078.9427490234375,7.366808593210647,3.760686001362586,
dcrlme_seed1,dcrlme,1,leg2_paralysed,ite,0,18,452,1071.079345703125,452,1078.9427490234375,7.366808593210647,3.760686001362586,
dcrlme_seed1,dcrlme,1,leg2_paralysed,ite,0,19,781,1071.38037109375,452,1078.9427490234375,7.366808593210647,3.760686001362586,
dcrlme_seed1,dcrlme,1,leg2_paralysed,ite,0,20,446,1074.6463623046875,452,1078.9427490234375,7.366808593210647,3.760686001362586,
dcrlme_seed1,dcrlme,1,leg2_paralysed,ite,1,1,536,1075.73583984375,536,1066.89306640625,2.9816479933839717,1.5221030555950703,
dcrlme_seed1,dcrlme,1,leg2_paralysed,ite,1,2,365,1057.367431640625,536,1066.89306640625,2.9816479933839717,1.5221030555950703,
dcrlme_seed1,dcrlme,1,leg2_paralysed,ite,1,3,452,1074.8568115234375,536,1066.89306640625,2.9816479933839717,1.5221030555950703,
dcrlme_seed1,dcrlme,1,leg2_paralysed,ite,1,4,43,1053.9302978515625,536,1066.89306640625,2.9816479933839717,1.5221030555950703,
dcrlme_seed1,dcrlme,1,leg2_paralysed,ite,1,5,500,1054.177734375,536,1066.89306640625,2.9816479933839717,1.5221030555950703,
dcrlme_seed1,dcrlme,1,leg2_paralysed,ite,1,6,756,1058.40380859375,536,1066.89306640625,2.9816479933839717,1.5221030555950703,
dcrlme_seed1,dcrlme,1,leg2_paralysed,ite,1,7,781,1071.0533447265625,536,1066.89306640625,2.9816479933839717,1.5221030555950703,
dcrlme_seed1,dcrlme,1,leg2_paralysed,ite,1,8,210,1053.3515625,536,1066.89306640625,2.9816479933839717,1.5221030555950703,
dcrlme_seed1,dcrlme,1,leg2_paralysed,ite,1,9,32,1057.3734130859375,536,1066.89306640625,2.9816479933839717,1.5221030555950703,
dcrlme_seed1,dcrlme,1,leg2_paralysed,ite,1,10,897,1058.8177490234375,536,1066.89306640625,2.9816479933839717,1.5221030555950703,
dcrlme_seed1,dcrlme,1,leg2_paralysed,ite,1,11,452,1074.60400390625,536,1066.89306640625,2.9816479933839717,1.5221030555950703,
dcrlme_seed1,dcrlme,1,leg2_paralysed,ite,1,12,444,1063.150390625,536,1066.89306640625,2.9816479933839717,1.5221030555950703,
dcrlme_seed1,dcrlme,1,leg2_paralysed,ite,1,13,781,1075.943359375,781,1074.40087890625,5.713916104655662,2.9169000437370736,
dcrlme_seed1,dcrlme,1,leg2_paralysed,ite,1,14,452,1073.2275390625,781,1074.40087890625,5.713916104655662,2.9169000437370736,
dcrlme_seed1,dcrlme,1,leg2_paralysed,ite,1,15,43,1056.396240234375,781,1074.40087890625,5.713916104655662,2.9169000437370736,
dcrlme_seed1,dcrlme,1,leg2_paralysed,ite,1,16,781,1075.554443359375,781,1074.40087890625,5.713916104655662,2.9169000437370736,
dcrlme_seed1,dcrlme,1,leg2_paralysed,ite,1,17,897,1060.1671142578125,781,1074.40087890625,5.713916104655662,2.9169000437370736,
dcrlme_seed1,dcrlme,1,leg2_paralysed,ite,1,18,500,1056.28271484375,781,1074.40087890625,5.713916104655662,2.9169000437370736,
dcrlme_seed1,dcrlme,1,leg2_paralysed,ite,1,19,452,1087.5191650390625,452,1078.9427490234375,7.366808593210647,3.760686001362586,
dcrlme_seed1,dcrlme,1,leg2_paralysed,ite,1,20,446,1067.3056640625,452,1078.9427490234375,7.366808593210647,3.760686001362586,
dcrlme_seed1,dcrlme,1,leg2_paralysed,ite,2,1,536,1068.770263671875,536,1066.89306640625,2.9816479933839717,1.5221030555950703,
dcrlme_seed1,dcrlme,1,leg2_paralysed,ite,2,2,365,1059.7431640625,536,1066.89306640625,2.9816479933839717,1.5221030555950703,
dcrlme_seed1,dcrlme,1,leg2_paralysed,ite,2,3,452,1087.6351318359375,452,1078.9427490234375,7.366808593210647,3.760686001362586,
dcrlme_seed1,dcrlme,1,leg2_paralysed,ite,2,4,43,1059.152099609375,452,1078.9427490234375,7.366808593210647,3.760686001362586,
dcrlme_seed1,dcrlme,1,leg2_paralysed,ite,2,5,500,1084.405029296875,452,1078.9427490234375,7.366808593210647,3.760686001362586,
dcrlme_seed1,dcrlme,1,leg2_paralysed,ite,2,6,756,1057.991455078125,452,1078.9427490234375,7.366808593210647,3.760686001362586,
dcrlme_seed1,dcrlme,1,leg2_paralysed,ite,2,7,210,1047.84912109375,452,1078.9427490234375,7.366808593210647,3.760686001362586,
dcrlme_seed1,dcrlme,1,leg2_paralysed,ite,2,8,781,1073.772216796875,452,1078.9427490234375,7.366808593210647,3.760686001362586,
dcrlme_seed1,dcrlme,1,leg2_paralysed,ite,2,9,32,1058.418212890625,452,1078.9427490234375,7.366808593210647,3.760686001362586,
dcrlme_seed1,dcrlme,1,leg2_paralysed,ite,2,10,897,1065.974853515625,452,1078.9427490234375,7.366808593210647,3.760686001362586,
dcrlme_seed1,dcrlme,1,leg2_paralysed,ite,2,11,452,1082.1407470703125,452,1078.9427490234375,7.366808593210647,3.760686001362586,
dcrlme_seed1,dcrlme,1,leg2_paralysed,ite,2,12,444,1058.62548828125,452,1078.9427490234375,7.366808593210647,3.760686001362586,
dcrlme_seed1,dcrlme,1,leg2_paralysed,ite,2,13,500,1061.517822265625,452,1078.9427490234375,7.366808593210647,3.760686001362586,
dcrlme_seed1,dcrlme,1,leg2_paralysed,ite,2,14,781,1067.89111328125,452,1078.9427490234375,7.366808593210647,3.760686001362586,
dcrlme_seed1,dcrlme,1,leg2_paralysed,ite,2,15,452,1080.92431640625,452,1078.9427490234375,7.366808593210647,3.760686001362586,
dcrlme_seed1,dcrlme,1,leg2_paralysed,ite,2,16,43,1058.973876953125,452,1078.9427490234375,7.366808593210647,3.760686001362586,
dcrlme_seed1,dcrlme,1,leg2_paralysed,ite,2,17,897,1068.257568359375,452,1078.9427490234375,7.366808593210647,3.760686001362586,
dcrlme_seed1,dcrlme,1,leg2_paralysed,ite,2,18,452,1069.911376953125,452,1078.9427490234375,7.366808593210647,3.760686001362586,
dcrlme_seed1,dcrlme,1,leg2_paralysed,ite,2,19,781,1076.814453125,452,1078.9427490234375,7.366808593210647,3.760686001362586,
dcrlme_seed1,dcrlme,1,leg2_paralysed,ite,2,20,452,1076.5218505859375,452,1078.9427490234375,7.366808593210647,3.760686001362586,
dcrlme_seed1,dcrlme,1,leg2_paralysed,ite,3,1,536,1068.3985595703125,536,1066.89306640625,2.9816479933839717,1.5221030555950703,20
dcrlme_seed1,dcrlme,1,leg2_paralysed,ite,3,2,365,1062.5770263671875,536,1066.89306640625,2.9816479933839717,1.5221030555950703,20
dcrlme_seed1,dcrlme,1,leg2_paralysed,ite,3,3,452,1083.6787109375,452,1078.9427490234375,7.366808593210647,3.760686001362586,20
dcrlme_seed1,dcrlme,1,leg2_paralysed,ite,3,4,43,1056.138671875,452,1078.9427490234375,7.366808593210647,3.760686001362586,20
dcrlme_seed1,dcrlme,1,leg2_paralysed,ite,3,5,500,1063.3843994140625,452,1078.9427490234375,7.366808593210647,3.760686001362586,20
dcrlme_seed1,dcrlme,1,leg2_paralysed,ite,3,6,756,1059.571044921875,452,1078.9427490234375,7.366808593210647,3.760686001362586,20
dcrlme_seed1,dcrlme,1,leg2_paralysed,ite,3,7,210,1052.3837890625,452,1078.9427490234375,7.366808593210647,3.760686001362586,20
dcrlme_seed1,dcrlme,1,leg2_paralysed,ite,3,8,781,1075.250732421875,452,1078.9427490234375,7.366808593210647,3.760686001362586,20
dcrlme_seed1,dcrlme,1,leg2_paralysed,ite,3,9,32,1060.9346923828125,452,1078.9427490234375,7.366808593210647,3.760686001362586,20
dcrlme_seed1,dcrlme,1,leg2_paralysed,ite,3,10,897,1062.5399169921875,452,1078.9427490234375,7.366808593210647,3.760686001362586,20
dcrlme_seed1,dcrlme,1,leg2_paralysed,ite,3,11,452,1074.093017578125,452,1078.9427490234375,7.366808593210647,3.760686001362586,20
dcrlme_seed1,dcrlme,1,leg2_paralysed,ite,3,12,444,1060.099609375,452,1078.9427490234375,7.366808593210647,3.760686001362586,20
dcrlme_seed1,dcrlme,1,leg2_paralysed,ite,3,13,781,1071.4619140625,452,1078.9427490234375,7.366808593210647,3.760686001362586,20
dcrlme_seed1,dcrlme,1,leg2_paralysed,ite,3,14,452,1080.171142578125,452,1078.9427490234375,7.366808593210647,3.760686001362586,20
dcrlme_seed1,dcrlme,1,leg2_paralysed,ite,3,15,500,1071.297607421875,452,1078.9427490234375,7.366808593210647,3.760686001362586,20
dcrlme_seed1,dcrlme,1,leg2_paralysed,ite,3,16,897,1059.4638671875,452,1078.9427490234375,7.366808593210647,3.760686001362586,20
dcrlme_seed1,dcrlme,1,leg2_paralysed,ite,3,17,43,1062.025634765625,452,1078.9427490234375,7.366808593210647,3.760686001362586,20
dcrlme_seed1,dcrlme,1,leg2_paralysed,ite,3,18,452,1075.6337890625,452,1078.9427490234375,7.366808593210647,3.760686001362586,20
dcrlme_seed1,dcrlme,1,leg2_paralysed,ite,3,19,781,1079.1806640625,452,1078.9427490234375,7.366808593210647,3.760686001362586,20
dcrlme_seed1,dcrlme,1,leg2_paralysed,ite,3,20,446,1107.086669921875,446,1104.4329833984375,16.643299519383078,8.496246743360839,20
dcrlme_seed1,dcrlme,1,leg2_paralysed,ite,4,1,536,1069.329345703125,536,1066.89306640625,2.9816479933839717,1.5221030555950703,20
dcrlme_seed1,dcrlme,1,leg2_paralysed,ite,4,2,365,1061.101806640625,536,1066.89306640625,2.9816479933839717,1.5221030555950703,20
dcrlme_seed1,dcrlme,1,leg2_paralysed,ite,4,3,452,1072.757568359375,452,1078.9427490234375,7.366808593210647,3.760686001362586,20
dcrlme_seed1,dcrlme,1,leg2_paralysed,ite,4,4,43,1054.3768310546875,452,1078.9427490234375,7.366808593210647,3.760686001362586,20
dcrlme_seed1,dcrlme,1,leg2_paralysed,ite,4,5,500,1068.92919921875,452,1078.9427490234375,7.366808593210647,3.760686001362586,20
dcrlme_seed1,dcrlme,1,leg2_paralysed,ite,4,6,756,1060.08837890625,452,1078.9427490234375,7.366808593210647,3.760686001362586,20
dcrlme_seed1,dcrlme,1,leg2_paralysed,ite,4,7,210,1044.99072265625,452,1078.9427490234375,7.366808593210647,3.760686001362586,20
dcrlme_seed1,dcrlme,1,leg2_paralysed,ite,4,8,781,1073.4443359375,781,1074.40087890625,5.713916104655662,2.9169000437370736,20
dcrlme_seed1,dcrlme,1,leg2_paralysed,ite,4,9,32,1062.033935546875,781,1074.40087890625,5.713916104655662,2.9169000437370736,20
dcrlme_seed1,dcrlme,1,leg2_paralysed,ite,4,10,897,1064.80078125,781,1074.40087890625,5.713916104655662,2.9169000437370736,20
dcrlme_seed1,dcrlme,1,leg2_paralysed,ite,4,11,452,1079.7568359375,452,1078.9427490234375,7.366808593210647,3.760686001362586,20
dcrlme_seed1,dcrlme,1,leg2_paralysed,ite,4,12,444,1058.6810302734375,452,1078.9427490234375,7.366808593210647,3.760686001362586,20
dcrlme_seed1,dcrlme,1,leg2_paralysed,ite,4,13,781,1073.6302490234375,452,1078.9427490234375,7.366808593210647,3.760686001362586,20
dcrlme_seed1,dcrlme,1,leg2_paralysed,ite,4,14,452,1081.849365234375,452,1078.9427490234375,7.366808593210647,3.760686001362586,20
dcrlme_seed1,dcrlme,1,leg2_paralysed,ite,4,15,500,1045.20166015625,452,1078.9427490234375,7.366808593210647,3.760686001362586,20
dcrlme_seed1,dcrlme,1,leg2_paralysed,ite,4,16,897,1064.68603515625,452,1078.9427490234375,7.366808593210647,3.760686001362586,20
dcrlme_seed1,dcrlme,1,leg2_paralysed,ite,4,17,43,1056.429931640625,452,1078.9427490234375,7.366808593210647,3.760686001362586,20
dcrlme_seed1,dcrlme,1,leg2_paralysed,ite,4,18,781,1071.39208984375,452,1078.9427490234375,7.366808593210647,3.760686001362586,20
dcrlme_seed1,dcrlme,1,leg2_paralysed,ite,4,19,452,1074.8671875,452,1078.9427490234375,7.366808593210647,3.760686001362586,20
dcrlme_seed1,dcrlme,1,leg2_paralysed,ite,4,20,446,1099.8333740234375,446,1104.4329833984375,16.643299519383078,8.496246743360839,20
dcrlme_seed1,dcrlme,1,leg2_paralysed,top_k,0,1,536,1066.547607421875,536,1066.89306640625,2.9816479933839717,1.5221030555950703,
dcrlme_seed1,dcrlme,1,leg2_paralysed,top_k,0,2,452,1078.823974609375,452,1078.9427490234375,7.366808593210647,3.760686001362586,
dcrlme_seed1,dcrlme,1,leg2_paralysed,top_k,0,3,609,1066.74658203125,452,1078.9427490234375,7.366808593210647,3.760686001362586,
dcrlme_seed1,dcrlme,1,leg2_paralysed,top_k,0,4,545,1071.2099609375,452,1078.9427490234375,7.366808593210647,3.760686001362586,
dcrlme_seed1,dcrlme,1,leg2_paralysed,top_k,0,5,477,1063.917236328125,452,1078.9427490234375,7.366808593210647,3.760686001362586,
dcrlme_seed1,dcrlme,1,leg2_paralysed,top_k,0,6,711,1071.9825439453125,452,1078.9427490234375,7.366808593210647,3.760686001362586,
dcrlme_seed1,dcrlme,1,leg2_paralysed,top_k,0,7,863,1073.5430908203125,452,1078.9427490234375,7.366808593210647,3.760686001362586,
dcrlme_seed1,dcrlme,1,leg2_paralysed,top_k,0,8,209,1073.355224609375,452,1078.9427490234375,7.366808593210647,3.760686001362586,
dcrlme_seed1,dcrlme,1,leg2_paralysed,top_k,0,9,365,1057.0108642578125,452,1078.9427490234375,7.366808593210647,3.760686001362586,
dcrlme_seed1,dcrlme,1,leg2_paralysed,top_k,0,10,782,1055.9296875,452,1078.9427490234375,7.366808593210647,3.760686001362586,
dcrlme_seed1,dcrlme,1,leg2_paralysed,top_k,0,11,59,1068.7928466796875,452,1078.9427490234375,7.366808593210647,3.760686001362586,
dcrlme_seed1,dcrlme,1,leg2_paralysed,top_k,0,12,963,1079.319580078125,963,1077.050537109375,6.678188536095297,3.409151985474364,
dcrlme_seed1,dcrlme,1,leg2_paralysed,top_k,0,13,781,1072.409423828125,963,1077.050537109375,6.678188536095297,3.409151985474364,
dcrlme_seed1,dcrlme,1,leg2_paralysed,top_k,0,14,628,1069.3831787109375,963,1077.050537109375,6.678188536095297,3.409151985474364,
dcrlme_seed1,dcrlme,1,leg2_paralysed,top_k,0,15,518,1109.66357421875,518,1095.128173828125,13.257062253811984,6.767604696971593,
dcrlme_seed1,dcrlme,1,leg2_paralysed,top_k,0,16,601,1100.8878173828125,518,1095.128173828125,13.257062253811984,6.767604696971593,
dcrlme_seed1,dcrlme,1,leg2_paralysed,top_k,0,17,791,1063.556884765625,518,1095.128173828125,13.257062253811984,6.767604696971593,
dcrlme_seed1,dcrlme,1,leg2_paralysed,top_k,0,18,804,1065.1361083984375,518,1095.128173828125,13.257062253811984,6.767604696971593,
dcrlme_seed1,dcrlme,1,leg2_paralysed,top_k,0,19,657,1059.0548095703125,518,1095.128173828125,13.257062253811984,6.767604696971593,
dcrlme_seed1,dcrlme,1,leg2_paralysed,top_k,0,20,141,1055.148681640625,518,1095.128173828125,13.257062253811984,6.767604696971593,
dcrlme_seed1,dcrlme,1,leg2_paralysed,top_k,1,1,536,1078.7325439453125,536,1066.89306640625,2.9816479933839717,1.5221030555950703,
dcrlme_seed1,dcrlme,1,leg2_paralysed,top_k,1,2,452,1078.9136962890625,452,1078.9427490234375,7.366808593210647,3.760686001362586,
dcrlme_seed1,dcrlme,1,leg2_paralysed,top_k,1,3,609,1070.14111328125,452,1078.9427490234375,7.366808593210647,3.760686001362586,
dcrlme_seed1,dcrlme,1,leg2_paralysed,top_k,1,4,545,1071.748046875,452,1078.9427490234375,7.366808593210647,3.760686001362586,
dcrlme_seed1,dcrlme,1,leg2_paralysed,top_k,1,5,477,1069.55224609375,452,1078.9427490234375,7.366808593210647,3.760686001362586,
dcrlme_seed1,dcrlme,1,leg2_paralysed,top_k,1,6,711,1074.652587890625,452,1078.9427490234375,7.366808593210647,3.760686001362586,
dcrlme_seed1,dcrlme,1,leg2_paralysed,top_k,1,7,863,1094.17236328125,863,1094.15869140625,12.904244984370651,6.587494823145113,
dcrlme_seed1,dcrlme,1,leg2_paralysed,top_k,1,8,209,1075.8011474609375,863,1094.15869140625,12.904244984370651,6.587494823145113,
dcrlme_seed1,dcrlme,1,leg2_paralysed,top_k,1,9,365,1058.763916015625,863,1094.15869140625,12.904244984370651,6.587494823145113,
dcrlme_seed1,dcrlme,1,leg2_paralysed,top_k,1,10,782,1074.446533203125,863,1094.15869140625,12.904244984370651,6.587494823145113,
dcrlme_seed1,dcrlme,1,leg2_paralysed,top_k,1,11,59,1075.7489013671875,863,1094.15869140625,12.904244984370651,6.587494823145113,
dcrlme_seed1,dcrlme,1,leg2_paralysed,top_k,1,12,963,1070.6646728515625,863,1094.15869140625,12.904244984370651,6.587494823145113,
dcrlme_seed1,dcrlme,1,leg2_paralysed,top_k,1,13,781,1067.4921875,863,1094.15869140625,12.904244984370651,6.587494823145113,
dcrlme_seed1,dcrlme,1,leg2_paralysed,top_k,1,14,628,1076.2645263671875,863,1094.15869140625,12.904244984370651,6.587494823145113,
dcrlme_seed1,dcrlme,1,leg2_paralysed,top_k,1,15,518,1105.599609375,518,1095.128173828125,13.257062253811984,6.767604696971593,
dcrlme_seed1,dcrlme,1,leg2_paralysed,top_k,1,16,601,1092.049560546875,518,1095.128173828125,13.257062253811984,6.767604696971593,
dcrlme_seed1,dcrlme,1,leg2_paralysed,top_k,1,17,791,1063.75341796875,518,1095.128173828125,13.257062253811984,6.767604696971593,
dcrlme_seed1,dcrlme,1,leg2_paralysed,top_k,1,18,804,1068.1103515625,518,1095.128173828125,13.257062253811984,6.767604696971593,
dcrlme_seed1,dcrlme,1,leg2_paralysed,top_k,1,19,657,1058.626708984375,518,1095.128173828125,13.257062253811984,6.767604696971593,
dcrlme_seed1,dcrlme,1,leg2_paralysed,top_k,1,20,141,1059.055908203125,518,1095.128173828125,13.257062253811984,6.767604696971593,
dcrlme_seed1,dcrlme,1,leg2_paralysed,top_k,2,1,536,1065.08056640625,536,1066.89306640625,2.9816479933839717,1.5221030555950703,
dcrlme_seed1,dcrlme,1,leg2_paralysed,top_k,2,2,452,1077.15576171875,452,1078.9427490234375,7.366808593210647,3.760686001362586,
dcrlme_seed1,dcrlme,1,leg2_paralysed,top_k,2,3,609,1067.972900390625,452,1078.9427490234375,7.366808593210647,3.760686001362586,
dcrlme_seed1,dcrlme,1,leg2_paralysed,top_k,2,4,545,1060.03857421875,452,1078.9427490234375,7.366808593210647,3.760686001362586,
dcrlme_seed1,dcrlme,1,leg2_paralysed,top_k,2,5,477,1065.2418212890625,452,1078.9427490234375,7.366808593210647,3.760686001362586,
dcrlme_seed1,dcrlme,1,leg2_paralysed,top_k,2,6,711,1070.353515625,452,1078.9427490234375,7.366808593210647,3.760686001362586,
dcrlme_seed1,dcrlme,1,leg2_paralysed,top_k,2,7,863,1095.5225830078125,863,1094.15869140625,12.904244984370651,6.587494823145113,
dcrlme_seed1,dcrlme,1,leg2_paralysed,top_k,2,8,209,1080.6287841796875,863,1094.15869140625,12.904244984370651,6.587494823145113,
dcrlme_seed1,dcrlme,1,leg2_paralysed,top_k,2,9,365,1061.84619140625,863,1094.15869140625,12.904244984370651,6.587494823145113,
dcrlme_seed1,dcrlme,1,leg2_paralysed,top_k,2,10,782,1064.46435546875,863,1094.15869140625,12.904244984370651,6.587494823145113,
dcrlme_seed1,dcrlme,1,leg2_paralysed,top_k,2,11,59,1077.1533203125,863,1094.15869140625,12.904244984370651,6.587494823145113,
dcrlme_seed1,dcrlme,1,leg2_paralysed,top_k,2,12,963,1062.839599609375,863,1094.15869140625,12.904244984370651,6.587494823145113,
dcrlme_seed1,dcrlme,1,leg2_paralysed,top_k,2,13,781,1073.122802734375,863,1094.15869140625,12.904244984370651,6.587494823145113,
dcrlme_seed1,dcrlme,1,leg2_paralysed,top_k,2,14,628,1079.71337890625,863,1094.15869140625,12.904244984370651,6.587494823145113,
dcrlme_seed1,dcrlme,1,leg2_paralysed,top_k,2,15,518,1102.390869140625,518,1095.128173828125,13.257062253811984,6.767604696971593,
dcrlme_seed1,dcrlme,1,leg2_paralysed,top_k,2,16,601,1090.3895263671875,518,1095.128173828125,13.257062253811984,6.767604696971593,
dcrlme_seed1,dcrlme,1,leg2_paralysed,top_k,2,17,791,1063.585693359375,518,1095.128173828125,13.257062253811984,6.767604696971593,
dcrlme_seed1,dcrlme,1,leg2_paralysed,top_k,2,18,804,1068.891845703125,518,1095.128173828125,13.257062253811984,6.767604696971593,
dcrlme_seed1,dcrlme,1,leg2_paralysed,top_k,2,19,657,1060.679443359375,518,1095.128173828125,13.257062253811984,6.767604696971593,
dcrlme_seed1,dcrlme,1,leg2_paralysed,top_k,2,20,141,1060.988037109375,518,1095.128173828125,13.257062253811984,6.767604696971593,
dcrlme_seed1,dcrlme,1,leg2_paralysed,top_k,3,1,536,1061.7529296875,536,1066.89306640625,2.9816479933839717,1.5221030555950703,
dcrlme_seed1,dcrlme,1,leg2_paralysed,top_k,3,2,452,1070.27197265625,452,1078.9427490234375,7.366808593210647,3.760686001362586,
dcrlme_seed1,dcrlme,1,leg2_paralysed,top_k,3,3,609,1069.6131591796875,452,1078.9427490234375,7.366808593210647,3.760686001362586,
dcrlme_seed1,dcrlme,1,leg2_paralysed,top_k,3,4,545,1075.521484375,545,1071.595458984375,4.69295835014789,2.395710781551207,
dcrlme_seed1,dcrlme,1,leg2_paralysed,top_k,3,5,477,1064.592041015625,545,1071.595458984375,4.69295835014789,2.395710781551207,
dcrlme_seed1,dcrlme,1,leg2_paralysed,top_k,3,6,711,1078.951171875,711,1073.58349609375,5.416451431251082,2.7650471458345165,
dcrlme_seed1,dcrlme,1,leg2_paralysed,top_k,3,7,863,1091.385498046875,863,1094.15869140625,12.904244984370651,6.587494823145113,
dcrlme_seed1,dcrlme,1,leg2_paralysed,top_k,3,8,209,1075.7001953125,863,1094.15869140625,12.904244984370651,6.587494823145113,
dcrlme_seed1,dcrlme,1,leg2_paralysed,top_k,3,9,365,1060.0191650390625,863,1094.15869140625,12.904244984370651,6.587494823145113,
dcrlme_seed1,dcrlme,1,leg2_paralysed,top_k,3,10,782,1069.51171875,863,1094.15869140625,12.904244984370651,6.587494823145113,
dcrlme_seed1,dcrlme,1,leg2_paralysed,top_k,3,11,59,1081.2525634765625,863,1094.15869140625,12.904244984370651,6.587494823145113,
dcrlme_seed1,dcrlme,1,leg2_paralysed,top_k,3,12,963,1074.6019287109375,863,1094.15869140625,12.904244984370651,6.587494823145113,
dcrlme_seed1,dcrlme,1,leg2_paralysed,top_k,3,13,781,1070.578125,863,1094.15869140625,12.904244984370651,6.587494823145113,
dcrlme_seed1,dcrlme,1,leg2_paralysed,top_k,3,14,628,1076.965576171875,863,1094.15869140625,12.904244984370651,6.587494823145113,
dcrlme_seed1,dcrlme,1,leg2_paralysed,top_k,3,15,518,1098.207763671875,518,1095.128173828125,13.257062253811984,6.767604696971593,
dcrlme_seed1,dcrlme,1,leg2_paralysed,top_k,3,16,601,1084.0242919921875,518,1095.128173828125,13.257062253811984,6.767604696971593,
dcrlme_seed1,dcrlme,1,leg2_paralysed,top_k,3,17,791,1066.69384765625,518,1095.128173828125,13.257062253811984,6.767604696971593,
dcrlme_seed1,dcrlme,1,leg2_paralysed,top_k,3,18,804,1070.204833984375,518,1095.128173828125,13.257062253811984,6.767604696971593,
dcrlme_seed1,dcrlme,1,leg2_paralysed,top_k,3,19,657,1057.978759765625,518,1095.128173828125,13.257062253811984,6.767604696971593,
dcrlme_seed1,dcrlme,1,leg2_paralysed,top_k,3,20,141,1055.31103515625,518,1095.128173828125,13.257062253811984,6.767604696971593,
dcrlme_seed1,dcrlme,1,leg2_paralysed,top_k,4,1,536,1064.2802734375,536,1066.89306640625,2.9816479933839717,1.5221030555950703,
dcrlme_seed1,dcrlme,1,leg2_paralysed,top_k,4,2,452,1077.9256591796875,452,1078.9427490234375,7.366808593210647,3.760686001362586,
dcrlme_seed1,dcrlme,1,leg2_paralysed,top_k,4,3,609,1071.9173583984375,452,1078.9427490234375,7.366808593210647,3.760686001362586,
dcrlme_seed1,dcrlme,1,leg2_paralysed,top_k,4,4,545,1063.5911865234375,452,1078.9427490234375,7.366808593210647,3.760686001362586,
dcrlme_seed1,dcrlme,1,leg2_paralysed,top_k,4,5,477,1062.291015625,452,1078.9427490234375,7.366808593210647,3.760686001362586,
dcrlme_seed1,dcrlme,1,leg2_paralysed,top_k,4,6,711,1069.9364013671875,452,1078.9427490234375,7.366808593210647,3.760686001362586,
dcrlme_seed1,dcrlme,1,leg2_paralysed,top_k,4,7,863,1092.15234375,863,1094.15869140625,12.904244984370651,6.587494823145113,
dcrlme_seed1,dcrlme,1,leg2_paralysed,top_k,4,8,209,1085.0665283203125,863,1094.15869140625,12.904244984370651,6.587494823145113,
dcrlme_seed1,dcrlme,1,leg2_paralysed,top_k,4,9,365,1061.25927734375,863,1094.15869140625,12.904244984370651,6.587494823145113,
dcrlme_seed1,dcrlme,1,leg2_paralysed,top_k,4,10,782,1069.353759765625,863,1094.15869140625,12.904244984370651,6.587494823145113,
dcrlme_seed1,dcrlme,1,leg2_paralysed,top_k,4,11,59,1078.6175537109375,863,1094.15869140625,12.904244984370651,6.587494823145113,
dcrlme_seed1,dcrlme,1,leg2_paralysed,top_k,4,12,963,1079.46923828125,863,1094.15869140625,12.904244984370651,6.587494823145113,
dcrlme_seed1,dcrlme,1,leg2_paralysed,top_k,4,13,781,1071.30859375,863,1094.15869140625,12.904244984370651,6.587494823145113,
dcrlme_seed1,dcrlme,1,leg2_paralysed,top_k,4,14,628,1077.3660888671875,863,1094.15869140625,12.904244984370651,6.587494823145113,
dcrlme_seed1,dcrlme,1,leg2_paralysed,top_k,4,15,518,1088.361083984375,863,1094.15869140625,12.904244984370651,6.587494823145113,
dcrlme_seed1,dcrlme,1,leg2_paralysed,top_k,4,16,601,1111.435791015625,601,1091.520751953125,11.94423727943144,6.097419983886712,
dcrlme_seed1,dcrlme,1,leg2_paralysed,top_k,4,17,791,1063.889404296875,601,1091.520751953125,11.94423727943144,6.097419983886712,
dcrlme_seed1,dcrlme,1,leg2_paralysed,top_k,4,18,804,1069.143798828125,601,1091.520751953125,11.94423727943144,6.097419983886712,
dcrlme_seed1,dcrlme,1,leg2_paralysed,top_k,4,19,657,1055.63525390625,601,1091.520751953125,11.94423727943144,6.097419983886712,
dcrlme_seed1,dcrlme,1,leg2_paralysed,top_k,4,20,141,1062.54541015625,601,1091.520751953125,11.94423727943144,6.097419983886712,
dcrlme_seed1,dcrlme,1,leg3_paralysed,ite,0,1,536,1118.2249755859375,536,1121.119140625,14.321017473101255,11.596191213640736,4
dcrlme_seed1,dcrlme,1,leg3_paralysed,ite,0,2,365,1277.421142578125,365,1344.134765625,65.48818559525289,53.02790278856438,4
dcrlme_seed1,dcrlme,1,leg3_paralysed,ite,0,3,452,1066.770751953125,365,1344.134765625,65.48818559525289,53.02790278856438,4
dcrlme_seed1,dcrlme,1,leg3_paralysed,ite,0,4,365,1354.921142578125,365,1344.134765625,65.48818559525289,53.02790278856438,4
dcrlme_seed1,dcrlme,1,leg3_paralysed,ite,0,5,365,1403.6763916015625,365,1344.134765625,65.48818559525289,53.02790278856438,4
dcrlme_seed1,dcrlme,1,leg3_paralysed,ite,0,6,365,1349.3602294921875,365,1344.134765625,65.48818559525289,53.02790278856438,4
dcrlme_seed1,dcrlme,1,leg3_paralysed,ite,0,7,365,1324.685791015625,365,1344.134765625,65.48818559525289,53.02790278856438,4
dcrlme_seed1,dcrlme,1,leg3_paralysed,ite,0,8,365,1247.552001953125,365,1344.134765625,65.48818559525289,53.02790278856438,4
dcrlme_seed1,dcrlme,1,leg3_paralysed,ite,0,9,365,1340.0697021484375,365,1344.134765625,65.48818559525289,53.02790278856438,4
dcrlme_seed1,dcrlme,1,leg3_paralysed,ite,0,10,365,1305.01953125,365,1344.134765625,65.48818559525289,53.02790278856438,4
dcrlme_seed1,dcrlme,1,leg3_paralysed,ite,0,11,365,1320.428466796875,365,1344.134765625,65.48818559525289,53.02790278856438,4
dcrlme_seed1,dcrlme,1,leg3_paralysed,ite,0,12,365,1345.82275390625,365,1344.134765625,65.48818559525289,53.02790278856438,4
dcrlme_seed1,dcrlme,1,leg3_paralysed,ite,0,13,365,1357.95166015625,365,1344.134765625,65.48818559525289,53.02790278856438,4
dcrlme_seed1,dcrlme,1,leg3_paralysed,ite,0,14,365,1366.228759765625,365,1344.134765625,65.48818559525289,53.02790278856438,4
dcrlme_seed1,dcrlme,1,leg3_paralysed,ite,0,15,365,1366.4202880859375,365,1344.134765625,65.48818559525289,53.02790278856438,4
dcrlme_seed1,dcrlme,1,leg3_paralysed,ite,0,16,365,1264.5992431640625,365,1344.134765625,65.48818559525289,53.02790278856438,4
dcrlme_seed1,dcrlme,1,leg3_paralysed,ite,0,17,365,1299.205078125,365,1344.134765625,65.48818559525289,53.02790278856438,4
dcrlme_seed1,dcrlme,1,leg3_paralysed,ite,0,18,365,1314.892333984375,365,1344.134765625,65.48818559525289,53.02790278856438,4
dcrlme_seed1,dcrlme,1,leg3_paralysed,ite,0,19,365,1263.289794921875,365,1344.134765625,65.48818559525289,53.02790278856438,4
dcrlme_seed1,dcrlme,1,leg3_paralysed,ite,0,20,365,1361.409423828125,365,1344.134765625,65.48818559525289,53.02790278856438,4
dcrlme_seed1,dcrlme,1,leg3_paralysed,ite,1,1,536,1102.0478515625,536,1121.119140625,14.321017473101255,11.596191213640736,4
dcrlme_seed1,dcrlme,1,leg3_paralysed,ite,1,2,365,1286.6728515625,365,1344.134765625,65.48818559525289,53.02790278856438,4
dcrlme_seed1,dcrlme,1,leg3_paralysed,ite,1,3,452,1095.9014892578125,365,1344.134765625,65.48818559525289,53.02790278856438,4
dcrlme_seed1,dcrlme,1,leg3_paralysed,ite,1,4,365,1339.241943359375,365,1344.134765625,65.48818559525289,53.02790278856438,4
dcrlme_seed1,dcrlme,1,leg3_paralysed,ite,1,5,365,1384.880615234375,365,1344.134765625,65.48818559525289,53.02790278856438,4
dcrlme_seed1,dcrlme,1,leg3_paralysed,ite,1,6,365,1362.0015869140625,365,1344.134765625,65.48818559525289,53.02790278856438,4
dcrlme_seed1,dcrlme,1,leg3_paralysed,ite,1,7,365,1411.72119140625,365,1344.134765625,65.48818559525289,53.02790278856438,4
dcrlme_seed1,dcrlme,1,leg3_paralysed,ite,1,8,365,1327.814697265625,365,1344.134765625,65.48818559525289,53.02790278856438,4
dcrlme_seed1,dcrlme,1,leg3_paralysed,ite,1,9,365,1264.05517578125,365,1344.134765625,65.48818559525289,53.02790278856438,4
dcrlme_seed1,dcrlme,1,leg3_paralysed,ite,1,10,365,1358.46826171875,365,1344.134765625,65.48818559525289,53.02790278856438,4
dcrlme_seed1,dcrlme,1,leg3_paralysed,ite,1,11,365,1320.137451171875,365,1344.134765625,65.48818559525289,53.02790278856438,4
dcrlme_seed1,dcrlme,1,leg3_paralysed,ite,1,12,365,1323.169189453125,365,1344.134765625,65.48818559525289,53.02790278856438,4
dcrlme_seed1,dcrlme,1,leg3_paralysed,ite,1,13,365,1356.416015625,365,1344.134765625,65.48818559525289,53.02790278856438,4
dcrlme_seed1,dcrlme,1,leg3_paralysed,ite,1,14,365,1341.33642578125,365,1344.134765625,65.48818559525289,53.02790278856438,4
dcrlme_seed1,dcrlme,1,leg3_paralysed,ite,1,15,365,1304.689208984375,365,1344.134765625,65.48818559525289,53.02790278856438,4
dcrlme_seed1,dcrlme,1,leg3_paralysed,ite,1,16,365,1315.3741455078125,365,1344.134765625,65.48818559525289,53.02790278856438,4
dcrlme_seed1,dcrlme,1,leg3_paralysed,ite,1,17,365,1427.7034912109375,365,1344.134765625,65.48818559525289,53.02790278856438,4
dcrlme_seed1,dcrlme,1,leg3_paralysed,ite,1,18,365,1346.93603515625,365,1344.134765625,65.48818559525289,53.02790278856438,4
dcrlme_seed1,dcrlme,1,leg3_paralysed,ite,1,19,365,1364.889892578125,365,1344.134765625,65.48818559525289,53.02790278856438,4
dcrlme_seed1,dcrlme,1,leg3_paralysed,ite,1,20,365,1257.396240234375,365,1344.134765625,65.48818559525289,53.02790278856438,4
dcrlme_seed1,dcrlme,1,leg3_paralysed,ite,2,1,536,1096.576171875,536,1121.119140625,14.321017473101255,11.596191213640736,3
dcrlme_seed1,dcrlme,1,leg3_paralysed,ite,2,2,365,1319.55029296875,365,1344.134765625,65.48818559525289,53.02790278856438,3
dcrlme_seed1,dcrlme,1,leg3_paralysed,ite,2,3,452,1103.353515625,365,1344.134765625,65.48818559525289,53.02790278856438,3
dcrlme_seed1,dcrlme,1,leg3_paralysed,ite,2,4,365,1244.1273193359375,365,1344.134765625,65.48818559525289,53.02790278856438,3
dcrlme_seed1,dcrlme,1,leg3_paralysed,ite,2,5,365,1274.020751953125,365,1344.134765625,65.48818559525289,53.02790278856438,3
dcrlme_seed1,dcrlme,1,leg3_paralysed,ite,2,6,43,1200.2158203125,365,1344.134765625,65.48818559525289,53.02790278856438,3
dcrlme_seed1,dcrlme,1,leg3_paralysed,ite,2,7,365,1279.04833984375,365,1344.134765625,65.48818559525289,53.02790278856438,3
dcrlme_seed1,dcrlme,1,leg3_paralysed,ite,2,8,365,1319.3026123046875,365,1344.134765625,65.48818559525289,53.02790278856438,3
dcrlme_seed1,dcrlme,1,leg3_paralysed,ite,2,9,365,1254.947998046875,365,1344.134765625,65.48818559525289,53.02790278856438,3
dcrlme_seed1,dcrlme,1,leg3_paralysed,ite,2,10,365,1263.177001953125,365,1344.134765625,65.48818559525289,53.02790278856438,3
dcrlme_seed1,dcrlme,1,leg3_paralysed,ite,2,11,365,1382.4384765625,365,1344.134765625,65.48818559525289,53.02790278856438,3
dcrlme_seed1,dcrlme,1,leg3_paralysed,ite,2,12,365,1214.196533203125,365,1344.134765625,65.48818559525289,53.02790278856438,3
dcrlme_seed1,dcrlme,1,leg3_paralysed,ite,2,13,365,1362.8193359375,365,1344.134765625,65.48818559525289,53.02790278856438,3
dcrlme_seed1,dcrlme,1,leg3_paralysed,ite,2,14,365,1232.01025390625,365,1344.134765625,65.48818559525289,53.02790278856438,3
dcrlme_seed1,dcrlme,1,leg3_paralysed,ite,2,15,365,1267.2259521484375,365,1344.134765625,65.48818559525289,53.02790278856438,3
dcrlme_seed1,dcrlme,1,leg3_paralysed,ite,2,16,365,1355.5870361328125,365,1344.134765625,65.48818559525289,53.02790278856438,3
dcrlme_seed1,dcrlme,1,leg3_paralysed,ite,2,17,365,1381.48779296875,365,1344.134765625,65.48818559525289,53.02790278856438,3
dcrlme_seed1,dcrlme,1,leg3_paralysed,ite,2,18,365,1380.915771484375,365,1344.134765625,65.48818559525289,53.02790278856438,3
dcrlme_seed1,dcrlme,1,leg3_paralysed,ite,2,19,365,1375.2169189453125,365,1344.134765625,65.48818559525289,53.02790278856438,3
dcrlme_seed1,dcrlme,1,leg3_paralysed,ite,2,20,365,1296.960693359375,365,1344.134765625,65.48818559525289,53.02790278856438,3
dcrlme_seed1,dcrlme,1,leg3_paralysed,ite,3,1,536,1116.21142578125,536,1121.119140625,14.321017473101255,11.596191213640736,3
dcrlme_seed1,dcrlme,1,leg3_paralysed,ite,3,2,365,1329.947265625,365,1344.134765625,65.48818559525289,53.02790278856438,3
dcrlme_seed1,dcrlme,1,leg3_paralysed,ite,3,3,452,1106.8800048828125,365,1344.134765625,65.48818559525289,53.02790278856438,3
dcrlme_seed1,dcrlme,1,leg3_paralysed,ite,3,4,365,1296.3551025390625,365,1344.134765625,65.48818559525289,53.02790278856438,3
dcrlme_seed1,dcrlme,1,leg3_paralysed,ite,3,5,365,1318.3492431640625,365,1344.134765625,65.48818559525289,53.02790278856438,3
dcrlme_seed1,dcrlme,1,leg3_paralysed,ite,3,6,365,1288.4403076171875,365,1344.134765625,65.48818559525289,53.02790278856438,3
dcrlme_seed1,dcrlme,1,leg3_paralysed,ite,3,7,365,1368.615966796875,365,1344.134765625,65.48818559525289,53.02790278856438,3
dcrlme_seed1,dcrlme,1,leg3_paralysed,ite,3,8,365,1291.279052734375,365,1344.134765625,65.48818559525289,53.02790278856438,3
dcrlme_seed1,dcrlme,1,leg3_paralysed,ite,3,9,365,1391.237060546875,365,1344.134765625,65.48818559525289,53.02790278856438,3
dcrlme_seed1,dcrlme,1,leg3_paralysed,ite,3,10,365,1388.120849609375,365,1344.134765625,65.48818559525289,53.02790278856438,3
dcrlme_seed1,dcrlme,1,leg3_paralysed,ite,3,11,365,1319.8489990234375,365,1344.134765625,65.48818559525289,53.02790278856438,3
dcrlme_seed1,dcrlme,1,leg3_paralysed,ite,3,12,365,1357.033935546875,365,1344.134765625,65.48818559525289,53.02790278856438,3
dcrlme_seed1,dcrlme,1,leg3_paralysed,ite,3,13,365,1314.8720703125,365,1344.134765625,65.48818559525289,53.02790278856438,3
dcrlme_seed1,dcrlme,1,leg3_paralysed,ite,3,14,365,1300.51123046875,365,1344.134765625,65.48818559525289,53.02790278856438,3
dcrlme_seed1,dcrlme,1,leg3_paralysed,ite,3,15,365,1328.498046875,365,1344.134765625,65.48818559525289,53.02790278856438,3
dcrlme_seed1,dcrlme,1,leg3_paralysed,ite,3,16,365,1356.50830078125,365,1344.134765625,65.48818559525289,53.02790278856438,3
dcrlme_seed1,dcrlme,1,leg3_paralysed,ite,3,17,365,1340.421875,365,1344.134765625,65.48818559525289,53.02790278856438,3
dcrlme_seed1,dcrlme,1,leg3_paralysed,ite,3,18,365,1267.680908203125,365,1344.134765625,65.48818559525289,53.02790278856438,3
dcrlme_seed1,dcrlme,1,leg3_paralysed,ite,3,19,365,1360.83251953125,365,1344.134765625,65.48818559525289,53.02790278856438,3
dcrlme_seed1,dcrlme,1,leg3_paralysed,ite,3,20,365,1386.540771484375,365,1344.134765625,65.48818559525289,53.02790278856438,3
dcrlme_seed1,dcrlme,1,leg3_paralysed,ite,4,1,536,1130.2991943359375,536,1121.119140625,14.321017473101255,11.596191213640736,2
dcrlme_seed1,dcrlme,1,leg3_paralysed,ite,4,2,365,1376.706298828125,365,1344.134765625,65.48818559525289,53.02790278856438,2
dcrlme_seed1,dcrlme,1,leg3_paralysed,ite,4,3,365,1357.564697265625,365,1344.134765625,65.48818559525289,53.02790278856438,2
dcrlme_seed1,dcrlme,1,leg3_paralysed,ite,4,4,452,1127.8162841796875,365,1344.134765625,65.48818559525289,53.02790278856438,2
dcrlme_seed1,dcrlme,1,leg3_paralysed,ite,4,5,365,1396.595703125,365,1344.134765625,65.48818559525289,53.02790278856438,2
dcrlme_seed1,dcrlme,1,leg3_paralysed,ite,4,6,365,1224.32421875,365,1344.134765625,65.48818559525289,53.02790278856438,2
dcrlme_seed1,dcrlme,1,leg3_paralysed,ite,4,7,365,1289.3857421875,365,1344.134765625,65.48818559525289,53.02790278856438,2
dcrlme_seed1,dcrlme,1,leg3_paralysed,ite,4,8,365,1302.2894287109375,365,1344.134765625,65.48818559525289,53.02790278856438,2
dcrlme_seed1,dcrlme,1,leg3_paralysed,ite,4,9,365,1399.974609375,365,1344.134765625,65.48818559525289,53.02790278856438,2
dcrlme_seed1,dcrlme,1,leg3_paralysed,ite,4,10,365,1283.6182861328125,365,1344.134765625,65.48818559525289,53.02790278856438,2
dcrlme_seed1,dcrlme,1,leg3_paralysed,ite,4,11,365,1424.302978515625,365,1344.134765625,65.48818559525289,53.02790278856438,2
dcrlme_seed1,dcrlme,1,leg3_paralysed,ite,4,12,365,1314.070068359375,365,1344.134765625,65.48818559525289,53.02790278856438,2
dcrlme_seed1,dcrlme,1,leg3_paralysed,ite,4,13,365,1383.927001953125,365,1344.134765625,65.48818559525289,53.02790278856438,2
dcrlme_seed1,dcrlme,1,leg3_paralysed,ite,4,14,365,1381.1820068359375,365,1344.134765625,65.48818559525289,53.02790278856438,2
dcrlme_seed1,dcrlme,1,leg3_paralysed,ite,4,15,365,1359.996337890625,365,1344.134765625,65.48818559525289,53.02790278856438,2
dcrlme_seed1,dcrlme,1,leg3_paralysed,ite,4,16,365,1322.1683349609375,365,1344.134765625,65.48818559525289,53.02790278856438,2
dcrlme_seed1,dcrlme,1,leg3_paralysed,ite,4,17,365,1240.906494140625,365,1344.134765625,65.48818559525289,53.02790278856438,2
dcrlme_seed1,dcrlme,1,leg3_paralysed,ite,4,18,365,1352.24365234375,365,1344.134765625,65.48818559525289,53.02790278856438,2
dcrlme_seed1,dcrlme,1,leg3_paralysed,ite,4,19,365,1340.08349609375,365,1344.134765625,65.48818559525289,53.02790278856438,2
dcrlme_seed1,dcrlme,1,leg3_paralysed,ite,4,20,365,1321.7802734375,365,1344.134765625,65.48818559525289,53.02790278856438,2
dcrlme_seed1,dcrlme,1,leg3_paralysed,top_k,0,1,536,1139.124267578125,536,1121.119140625,14.321017473101255,11.596191213640736,
dcrlme_seed1,dcrlme,1,leg3_paralysed,top_k,0,2,452,1064.906494140625,536,1121.119140625,14.321017473101255,11.596191213640736,
dcrlme_seed1,dcrlme,1,leg3_paralysed,top_k,0,3,609,1172.55029296875,609,1187.8016357421875,29.620189620638847,23.984425915992052,
dcrlme_seed1,dcrlme,1,leg3_paralysed,top_k,0,4,545,1195.46875,545,1174.4658203125,26.560512030170447,21.50690597316639,
dcrlme_seed1,dcrlme,1,leg3_paralysed,top_k,0,5,477,1107.819091796875,545,1174.4658203125,26.560512030170447,21.50690597316639,
dcrlme_seed1,dcrlme,1,leg3_paralysed,top_k,0,6,711,1089.1650390625,545,1174.4658203125,26.560512030170447,21.50690597316639,
dcrlme_seed1,dcrlme,1,leg3_paralysed,top_k,0,7,863,1206.3408203125,863,1224.4957275390625,38.03902917082897,30.801432696713793,
dcrlme_seed1,dcrlme,1,leg3_paralysed,top_k,0,8,209,1441.6522216796875,209,1350.367431640625,66.9181655344195,54.1858038132222,
dcrlme_seed1,dcrlme,1,leg3_paralysed,top_k,0,9,365,1265.9874267578125,209,1350.367431640625,66.9181655344195,54.1858038132222,
dcrlme_seed1,dcrlme,1,leg3_paralysed,top_k,0,10,782,1237.8692626953125,209,1350.367431640625,66.9181655344195,54.1858038132222,
dcrlme_seed1,dcrlme,1,leg3_paralysed,top_k,0,11,59,1118.055419921875,209,1350.367431640625,66.9181655344195,54.1858038132222,
dcrlme_seed1,dcrlme,1,leg3_paralysed,top_k,0,12,963,1348.8756103515625,209,1350.367431640625,66.9181655344195,54.1858038132222,
dcrlme_seed1,dcrlme,1,leg3_paralysed,top_k,0,13,781,1150.5787353515625,209,1350.367431640625,66.9181655344195,54.1858038132222,
dcrlme_seed1,dcrlme,1,leg3_paralysed,top_k,0,14,628,1168.542724609375,209,1350.367431640625,66.9181655344195,54.1858038132222,
dcrlme_seed1,dcrlme,1,leg3_paralysed,top_k,0,15,518,1267.4302978515625,209,1350.367431640625,66.9181655344195,54.1858038132222,
dcrlme_seed1,dcrlme,1,leg3_paralysed,top_k,0,16,601,1185.1142578125,209,1350.367431640625,66.9181655344195,54.1858038132222,
dcrlme_seed1,dcrlme,1,leg3_paralysed,top_k,0,17,791,1081.833251953125,209,1350.367431640625,66.9181655344195,54.1858038132222,
dcrlme_seed1,dcrlme,1,leg3_paralysed,top_k,0,18,804,1110.4127197265625,209,1350.367431640625,66.9181655344195,54.1858038132222,
dcrlme_seed1,dcrlme,1,leg3_paralysed,top_k,0,19,657,1455.776611328125,657,1383.9237060546875,74.61708588808257,60.4198687270704,
dcrlme_seed1,dcrlme,1,leg3_paralysed,top_k,0,20,141,1102.9814453125,657,1383.9237060546875,74.61708588808257,60.4198687270704,
dcrlme_seed1,dcrlme,1,leg3_paralysed,top_k,1,1,536,1109.5540771484375,536,1121.119140625,14.321017473101255,11.596191213640736,
dcrlme_seed1,dcrlme,1,leg3_paralysed,top_k,1,2,452,1102.0953369140625,536,1121.119140625,14.321017473101255,11.596191213640736,
dcrlme_seed1,dcrlme,1,leg3_paralysed,top_k,1,3,609,1145.788818359375,609,1187.8016357421875,29.620189620638847,23.984425915992052,
dcrlme_seed1,dcrlme,1,leg3_paralysed,top_k,1,4,545,1151.330322265625,545,1174.4658203125,26.560512030170447,21.50690597316639,
dcrlme_seed1,dcrlme,1,leg3_paralysed,top_k,1,5,477,1108.97021484375,545,1174.4658203125,26.560512030170447,21.50690597316639,
dcrlme_seed1,dcrlme,1,leg3_paralysed,top_k,1,6,711,1148.679931640625,545,1174.4658203125,26.560512030170447,21.50690597316639,
dcrlme_seed1,dcrlme,1,leg3_paralysed,top_k,1,7,863,1208.12451171875,863,1224.4957275390625,38.03902917082897,30.801432696713793,
dcrlme_seed1,dcrlme,1,leg3_paralysed,top_k,1,8,209,1214.742919921875,209,1350.367431640625,66.9181655344195,54.1858038132222,
dcrlme_seed1,dcrlme,1,leg3_paralysed,top_k,1,9,365,1309.068603515625,365,1344.134765625,65.48818559525289,53.02790278856438,
dcrlme_seed1,dcrlme,1,leg3_paralysed,top_k,1,10,782,1330.083251953125,782,1213.103271484375,35.4252225629986,28.684948914970672,
dcrlme_seed1,dcrlme,1,leg3_paralysed,top_k,1,11,59,1160.3104248046875,782,1213.103271484375,35.4252225629986,28.684948914970672,
dcrlme_seed1,dcrlme,1,leg3_paralysed,top_k,1,12,963,1263.8414306640625,782,1213.103271484375,35.4252225629986,28.684948914970672,
dcrlme_seed1,dcrlme,1,leg3_paralysed,top_k,1,13,781,1121.837646484375,782,1213.103271484375,35.4252225629986,28.684948914970672,
dcrlme_seed1,dcrlme,1,leg3_paralysed,top_k,1,14,628,1145.0146484375,782,1213.103271484375,35.4252225629986,28.684948914970672,
dcrlme_seed1,dcrlme,1,leg3_paralysed,top_k,1,15,518,1301.47998046875,782,1213.103271484375,35.4252225629986,28.684948914970672,
dcrlme_seed1,dcrlme,1,leg3_paralysed,top_k,1,16,601,1183.383056640625,782,1213.103271484375,35.4252225629986,28.684948914970672,
dcrlme_seed1,dcrlme,1,leg3_paralysed,top_k,1,17,791,1123.38671875,782,1213.103271484375,35.4252225629986,28.684948914970672,
dcrlme_seed1,dcrlme,1,leg3_paralysed,top_k,1,18,804,1131.356689453125,782,1213.103271484375,35.4252225629986,28.684948914970672,
dcrlme_seed1,dcrlme,1,leg3_paralysed,top_k,1,19,657,1366.072021484375,657,1383.9237060546875,74.61708588808257,60.4198687270704,
dcrlme_seed1,dcrlme,1,leg3_paralysed,top_k,1,20,141,1141.3409423828125,657,1383.9237060546875,74.61708588808257,60.4198687270704,
dcrlme_seed1,dcrlme,1,leg3_paralysed,top_k,2,1,536,1148.720947265625,536,1121.119140625,14.321017473101255,11.596191213640736,
dcrlme_seed1,dcrlme,1,leg3_paralysed,top_k,2,2,452,1070.946533203125,536,1121.119140625,14.321017473101255,11.596191213640736,
dcrlme_seed1,dcrlme,1,leg3_paralysed,top_k,2,3,609,1187.997314453125,609,1187.8016357421875,29.620189620638847,23.984425915992052,
dcrlme_seed1,dcrlme,1,leg3_paralysed,top_k,2,4,545,1196.678466796875,545,1174.4658203125,26.560512030170447,21.50690597316639,
dcrlme_seed1,dcrlme,1,leg3_paralysed,top_k,2,5,477,1097.4520263671875,545,1174.4658203125,26.560512030170447,21.50690597316639,
dcrlme_seed1,dcrlme,1,leg3_paralysed,top_k,2,6,711,1157.52490234375,545,1174.4658203125,26.560512030170447,21.50690597316639,
dcrlme_seed1,dcrlme,1,leg3_paralysed,top_k,2,7,863,1186.2138671875,545,1174.4658203125,26.560512030170447,21.50690597316639,
dcrlme_seed1,dcrlme,1,leg3_paralysed,top_k,2,8,209,1245.3453369140625,209,1350.367431640625,66.9181655344195,54.1858038132222,
dcrlme_seed1,dcrlme,1,leg3_paralysed,top_k,2,9,365,1296.5677490234375,365,1344.134765625,65.48818559525289,53.02790278856438,
dcrlme_seed1,dcrlme,1,leg3_paralysed,top_k,2,10,782,1301.3519287109375,782,1213.103271484375,35.4252225629986,28.684948914970672,
dcrlme_seed1,dcrlme,1,leg3_paralysed,top_k,2,11,59,1135.8021240234375,782,1213.103271484375,35.4252225629986,28.684948914970672,
dcrlme_seed1,dcrlme,1,leg3_paralysed,top_k,2,12,963,1284.910888671875,782,1213.103271484375,35.4252225629986,28.684948914970672,
dcrlme_seed1,dcrlme,1,leg3_paralysed,top_k,2,13,781,1148.94677734375,782,1213.103271484375,35.4252225629986,28.684948914970672,
dcrlme_seed1,dcrlme,1,leg3_paralysed,top_k,2,14,628,1145.5419921875,782,1213.103271484375,35.4252225629986,28.684948914970672,
dcrlme_seed1,dcrlme,1,leg3_paralysed,top_k,2,15,518,1303.8895263671875,518,1325.4215087890625,61.19474490634413,49.551364945738214,
dcrlme_seed1,dcrlme,1,leg3_paralysed,top_k,2,16,601,1186.9842529296875,518,1325.4215087890625,61.19474490634413,49.551364945738214,
dcrlme_seed1,dcrlme,1,leg3_paralysed,top_k,2,17,791,1109.43505859375,518,1325.4215087890625,61.19474490634413,49.551364945738214,
dcrlme_seed1,dcrlme,1,leg3_paralysed,top_k,2,18,804,1174.74658203125,518,1325.4215087890625,61.19474490634413,49.551364945738214,
dcrlme_seed1,dcrlme,1,leg3_paralysed,top_k,2,19,657,1267.461181640625,518,1325.4215087890625,61.19474490634413,49.551364945738214,
dcrlme_seed1,dcrlme,1,leg3_paralysed,top_k,2,20,141,1112.9029541015625,518,1325.4215087890625,61.19474490634413,49.551364945738214,
dcrlme_seed1,dcrlme,1,leg3_paralysed,top_k,3,1,536,1096.8843994140625,536,1121.119140625,14.321017473101255,11.596191213640736,
dcrlme_seed1,dcrlme,1,leg3_paralysed,top_k,3,2,452,1114.084716796875,452,1089.0882568359375,6.972072232443512,5.645512472461347,
dcrlme_seed1,dcrlme,1,leg3_paralysed,top_k,3,3,609,1200.2459716796875,609,1187.8016357421875,29.620189620638847,23.984425915992052,
dcrlme_seed1,dcrlme,1,leg3_paralysed,top_k,3,4,545,1154.3604736328125,609,1187.8016357421875,29.620189620638847,23.984425915992052,
dcrlme_seed1,dcrlme,1,leg3_paralysed,top_k,3,5,477,1117.478271484375,609,1187.8016357421875,29.620189620638847,23.984425915992052,
dcrlme_seed1,dcrlme,1,leg3_paralysed,top_k,3,6,711,1125.0653076171875,609,1187.8016357421875,29.620189620638847,23.984425915992052,
dcrlme_seed1,dcrlme,1,leg3_paralysed,top_k,3,7,863,1196.6297607421875,609,1187.8016357421875,29.620189620638847,23.984425915992052,
dcrlme_seed1,dcrlme,1,leg3_paralysed,top_k,3,8,209,1511.96826171875,209,1350.367431640625,66.9181655344195,54.1858038132222,
dcrlme_seed1,dcrlme,1,leg3_paralysed,top_k,3,9,365,1334.4444580078125,209,1350.367431640625,66.9181655344195,54.1858038132222,
dcrlme_seed1,dcrlme,1,leg3_paralysed,top_k,3,10,782,1502.181396484375,209,1350.367431640625,66.9181655344195,54.1858038132222,
dcrlme_seed1,dcrlme,1,leg3_paralysed,top_k,3,11,59,1150.46533203125,209,1350.367431640625,66.9181655344195,54.1858038132222,
dcrlme_seed1,dcrlme,1,leg3_paralysed,top_k,3,12,963,1262.728759765625,209,1350.367431640625,66.9181655344195,54.1858038132222,
dcrlme_seed1,dcrlme,1,leg3_paralysed,top_k,3,13,781,1130.705810546875,209,1350.367431640625,66.9181655344195,54.1858038132222,
dcrlme_seed1,dcrlme,1,leg3_paralysed,top_k,3,14,628,1169.9716796875,209,1350.367431640625,66.9181655344195,54.1858038132222,
dcrlme_seed1,dcrlme,1,leg3_paralysed,top_k,3,15,518,1263.6708984375,209,1350.367431640625,66.9181655344195,54.1858038132222,
dcrlme_seed1,dcrlme,1,leg3_paralysed,top_k,3,16,601,1153.9652099609375,209,1350.367431640625,66.9181655344195,54.1858038132222,
dcrlme_seed1,dcrlme,1,leg3_paralysed,top_k,3,17,791,1112.9222412109375,209,1350.367431640625,66.9181655344195,54.1858038132222,
dcrlme_seed1,dcrlme,1,leg3_paralysed,top_k,3,18,804,1151.125,209,1350.367431640625,66.9181655344195,54.1858038132222,
dcrlme_seed1,dcrlme,1,leg3_paralysed,top_k,3,19,657,1451.8914794921875,209,1350.367431640625,66.9181655344195,54.1858038132222,
dcrlme_seed1,dcrlme,1,leg3_paralysed,top_k,3,20,141,1106.6669921875,209,1350.367431640625,66.9181655344195,54.1858038132222,
dcrlme_seed1,dcrlme,1,leg3_paralysed,top_k,4,1,536,1101.66845703125,536,1121.119140625,14.321017473101255,11.596191213640736,
dcrlme_seed1,dcrlme,1,leg3_paralysed,top_k,4,2,452,1090.0198974609375,536,1121.119140625,14.321017473101255,11.596191213640736,
dcrlme_seed1,dcrlme,1,leg3_paralysed,top_k,4,3,609,1204.6749267578125,609,1187.8016357421875,29.620189620638847,23.984425915992052,
dcrlme_seed1,dcrlme,1,leg3_paralysed,top_k,4,4,545,1170.8037109375,609,1187.8016357421875,29.620189620638847,23.984425915992052,
dcrlme_seed1,dcrlme,1,leg3_paralysed,top_k,4,5,477,1124.22119140625,609,1187.8016357421875,29.620189620638847,23.984425915992052,
dcrlme_seed1,dcrlme,1,leg3_paralysed,top_k,4,6,711,1131.8961181640625,609,1187.8016357421875,29.620189620638847,23.984425915992052,
dcrlme_seed1,dcrlme,1,leg3_paralysed,top_k,4,7,863,1205.273193359375,863,1224.4957275390625,38.03902917082897,30.801432696713793,
dcrlme_seed1,dcrlme,1,leg3_paralysed,top_k,4,8,209,1498.4644775390625,209,1350.367431640625,66.9181655344195,54.1858038132222,
dcrlme_seed1,dcrlme,1,leg3_paralysed,top_k,4,9,365,1311.352783203125,209,1350.367431640625,66.9181655344195,54.1858038132222,
dcrlme_seed1,dcrlme,1,leg3_paralysed,top_k,4,10,782,1276.0579833984375,209,1350.367431640625,66.9181655344195,54.1858038132222,
dcrlme_seed1,dcrlme,1,leg3_paralysed,top_k,4,11,59,1161.438232421875,209,1350.367431640625,66.9181655344195,54.1858038132222,
dcrlme_seed1,dcrlme,1,leg3_paralysed,top_k,4,12,963,1341.322998046875,209,1350.367431640625,66.9181655344195,54.1858038132222,
dcrlme_seed1,dcrlme,1,leg3_paralysed,top_k,4,13,781,1116.1763916015625,209,1350.367431640625,66.9181655344195,54.1858038132222,
dcrlme_seed1,dcrlme,1,leg3_paralysed,top_k,4,14,628,1157.477294921875,209,1350.367431640625,66.9181655344195,54.1858038132222,
dcrlme_seed1,dcrlme,1,leg3_paralysed,top_k,4,15,518,1272.3837890625,209,1350.367431640625,66.9181655344195,54.1858038132222,
dcrlme_seed1,dcrlme,1,leg3_paralysed,top_k,4,16,601,1168.42138671875,209,1350.367431640625,66.9181655344195,54.1858038132222,
dcrlme_seed1,dcrlme,1,leg3_paralysed,top_k,4,17,791,1104.0389404296875,209,1350.367431640625,66.9181655344195,54.1858038132222,
dcrlme_seed1,dcrlme,1,leg3_paralysed,top_k,4,18,804,1144.26708984375,209,1350.367431640625,66.9181655344195,54.1858038132222,
dcrlme_seed1,dcrlme,1,leg3_paralysed,top_k,4,19,657,1396.11865234375,209,1350.367431640625,66.9181655344195,54.1858038132222,
dcrlme_seed1,dcrlme,1,leg3_paralysed,top_k,4,20,141,1115.921142578125,209,1350.367431640625,66.9181655344195,54.1858038132222,
dcrlme_seed1,dcrlme,1,leg4_paralysed,ite,0,1,536,1087.26171875,536,1089.4512939453125,21.504812564707013,5.712957293005283,14
dcrlme_seed1,dcrlme,1,leg4_paralysed,ite,0,2,365,1064.6695556640625,536,1089.4512939453125,21.504812564707013,5.712957293005283,14
dcrlme_seed1,dcrlme,1,leg4_paralysed,ite,0,3,452,1116.4344482421875,452,1115.406982421875,39.655990745015316,10.534989824086937,14
dcrlme_seed1,dcrlme,1,leg4_paralysed,ite,0,4,43,1065.259033203125,452,1115.406982421875,39.655990745015316,10.534989824086937,14
dcrlme_seed1,dcrlme,1,leg4_paralysed,ite,0,5,500,1067.4337158203125,452,1115.406982421875,39.655990745015316,10.534989824086937,14
dcrlme_seed1,dcrlme,1,leg4_paralysed,ite,0,6,756,1057.829833984375,452,1115.406982421875,39.655990745015316,10.534989824086937,14
dcrlme_seed1,dcrlme,1,leg4_paralysed,ite,0,7,781,1072.38525390625,452,1115.406982421875,39.655990745015316,10.534989824086937,14
dcrlme_seed1,dcrlme,1,leg4_paralysed,ite,0,8,452,1118.641357421875,452,1115.406982421875,39.655990745015316,10.534989824086937,14
dcrlme_seed1,dcrlme,1,leg4_paralysed,ite,0,9,210,1040.84765625,452,1115.406982421875,39.655990745015316,10.534989824086937,14
dcrlme_seed1,dcrlme,1,leg4_paralysed,ite,0,10,32,1060.5611572265625,452,1115.406982421875,39.655990745015316,10.534989824086937,14
dcrlme_seed1,dcrlme,1,leg4_paralysed,ite,0,11,897,1059.118896484375,452,1115.406982421875,39.655990745015316,10.534989824086937,14
dcrlme_seed1,dcrlme,1,leg4_paralysed,ite,0,12,452,1124.87451171875,452,1115.406982421875,39.655990745015316,10.534989824086937,14
dcrlme_seed1,dcrlme,1,leg4_paralysed,ite,0,13,452,1112.101318359375,452,1115.406982421875,39.655990745015316,10.534989824086937,14
dcrlme_seed1,dcrlme,1,leg4_paralysed,ite,0,14,452,1115.76806640625,452,1115.406982421875,39.655990745015316,10.534989824086937,14
dcrlme_seed1,dcrlme,1,leg4_paralysed,ite,0,15,444,1065.9688720703125,452,1115.406982421875,39.655990745015316,10.534989824086937,14
dcrlme_seed1,dcrlme,1,leg4_paralysed,ite,0,16,452,1111.18896484375,452,1115.406982421875,39.655990745015316,10.534989824086937,14
dcrlme_seed1,dcrlme,1,leg4_paralysed,ite,0,17,781,1068.8978271484375,452,1115.406982421875,39.655990745015316,10.534989824086937,14
dcrlme_seed1,dcrlme,1,leg4_paralysed,ite,0,18,452,1122.6060791015625,452,1115.406982421875,39.655990745015316,10.534989824086937,14
dcrlme_seed1,dcrlme,1,leg4_paralysed,ite,0,19,452,1126.10498046875,452,1115.406982421875,39.655990745015316,10.534989824086937,14
dcrlme_seed1,dcrlme,1,leg4_paralysed,ite,0,20,452,1125.1376953125,452,1115.406982421875,39.655990745015316,10.534989824086937,14
dcrlme_seed1,dcrlme,1,leg4_paralysed,ite,1,1,536,1142.622314453125,536,1089.4512939453125,21.504812564707013,5.712957293005283,12
dcrlme_seed1,dcrlme,1,leg4_paralysed,ite,1,2,365,1066.802001953125,536,1089.4512939453125,21.504812564707013,5.712957293005283,12
dcrlme_seed1,dcrlme,1,leg4_paralysed,ite,1,3,452,1121.0625,536,1089.4512939453125,21.504812564707013,5.712957293005283,12
dcrlme_seed1,dcrlme,1,leg4_paralysed,ite,1,4,43,1067.004638671875,536,1089.4512939453125,21.504812564707013,5.712957293005283,12
dcrlme_seed1,dcrlme,1,leg4_paralysed,ite,1,5,781,1080.341552734375,536,1089.4512939453125,21.504812564707013,5.712957293005283,12
dcrlme_seed1,dcrlme,1,leg4_paralysed,ite,1,6,500,1060.7313232421875,536,1089.4512939453125,21.504812564707013,5.712957293005283,12
dcrlme_seed1,dcrlme,1,leg4_paralysed,ite,1,7,32,1076.7122802734375,536,1089.4512939453125,21.504812564707013,5.712957293005283,12
dcrlme_seed1,dcrlme,1,leg4_paralysed,ite,1,8,452,1118.1356201171875,536,1089.4512939453125,21.504812564707013,5.712957293005283,12
dcrlme_seed1,dcrlme,1,leg4_paralysed,ite,1,9,756,1057.8203125,536,1089.4512939453125,21.504812564707013,5.712957293005283,12
dcrlme_seed1,dcrlme,1,leg4_paralysed,ite,1,10,210,1048.790283203125,536,1089.4512939453125,21.504812564707013,5.712957293005283,12
dcrlme_seed1,dcrlme,1,leg4_paralysed,ite,1,11,897,1052.248291015625,536,1089.4512939453125,21.504812564707013,5.712957293005283,12
dcrlme_seed1,dcrlme,1,leg4_paralysed,ite,1,12,452,1119.2247314453125,536,1089.4512939453125,21.504812564707013,5.712957293005283,12
dcrlme_seed1,dcrlme,1,leg4_paralysed,ite,1,13,711,1097.35400390625,536,1089.4512939453125,21.504812564707013,5.712957293005283,12
dcrlme_seed1,dcrlme,1,leg4_paralysed,ite,1,14,452,1119.058349609375,536,1089.4512939453125,21.504812564707013,5.712957293005283,12
dcrlme_seed1,dcrlme,1,leg4_paralysed,ite,1,15,452,1120.42578125,536,1089.4512939453125,21.504812564707013,5.712957293005283,12
dcrlme_seed1,dcrlme,1,leg4_paralysed,ite,1,16,444,1070.05517578125,536,1089.4512939453125,21.504812564707013,5.712957293005283,12
dcrlme_seed1,dcrlme,1,leg4_paralysed,ite,1,17,452,1117.1324462890625,536,1089.4512939453125,21.504812564707013,5.712957293005283,12
dcrlme_seed1,dcrlme,1,leg4_paralysed,ite,1,18,781,1084.4716796875,536,1089.4512939453125,21.504812564707013,5.712957293005283,12
dcrlme_seed1,dcrlme,1,leg4_paralysed,ite,1,19,452,1125.095458984375,536,1089.4512939453125,21.504812564707013,5.712957293005283,12
dcrlme_seed1,dcrlme,1,leg4_paralysed,ite,1,20,452,1119.744384765625,536,1089.4512939453125,21.504812564707013,5.712957293005283,12
dcrlme_seed1,dcrlme,1,leg4_paralysed,ite,2,1,536,1103.7822265625,536,1089.4512939453125,21.504812564707013,5.712957293005283,17
dcrlme_seed1,dcrlme,1,leg4_paralysed,ite,2,2,365,1067.30029296875,536,1089.4512939453125,21.504812564707013,5.712957293005283,17
dcrlme_seed1,dcrlme,1,leg4_paralysed,ite,2,3,452,1111.1708984375,452,1115.406982421875,39.655990745015316,10.534989824086937,17
dcrlme_seed1,dcrlme,1,leg4_paralysed,ite,2,4,43,1070.411865234375,452,1115.406982421875,39.655990745015316,10.534989824086937,17
dcrlme_seed1,dcrlme,1,leg4_paralysed,ite,2,5,500,1068.861572265625,452,1115.406982421875,39.655990745015316,10.534989824086937,17
dcrlme_seed1,dcrlme,1,leg4_paralysed,ite,2,6,756,1058.154296875,452,1115.406982421875,39.655990745015316,10.534989824086937,17
dcrlme_seed1,dcrlme,1,leg4_paralysed,ite,2,7,781,1068.856689453125,452,1115.406982421875,39.655990745015316,10.534989824086937,17
dcrlme_seed1,dcrlme,1,leg4_paralysed,ite,2,8,210,1076.0406494140625,452,1115.406982421875,39.655990745015316,10.534989824086937,17
dcrlme_seed1,dcrlme,1,leg4_paralysed,ite,2,9,452,1115.940673828125,452,1115.406982421875,39.655990745015316,10.534989824086937,17
dcrlme_seed1,dcrlme,1,leg4_paralysed,ite,2,10,32,1081.4439697265625,452,1115.406982421875,39.655990745015316,10.534989824086937,17
dcrlme_seed1,dcrlme,1,leg4_paralysed,ite,2,11,897,1051.3818359375,452,1115.406982421875,39.655990745015316,10.534989824086937,17
dcrlme_seed1,dcrlme,1,leg4_paralysed,ite,2,12,452,1117.140869140625,452,1115.406982421875,39.655990745015316,10.534989824086937,17
dcrlme_seed1,dcrlme,1,leg4_paralysed,ite,2,13,452,1113.59716796875,452,1115.406982421875,39.655990745015316,10.534989824086937,17
dcrlme_seed1,dcrlme,1,leg4_paralysed,ite,2,14,444,1069.99365234375,452,1115.406982421875,39.655990745015316,10.534989824086937,17
dcrlme_seed1,dcrlme,1,leg4_paralysed,ite,2,15,452,1122.43115234375,452,1115.406982421875,39.655990745015316,10.534989824086937,17
dcrlme_seed1,dcrlme,1,leg4_paralysed,ite,2,16,781,1070.857421875,452,1115.406982421875,39.655990745015316,10.534989824086937,17
dcrlme_seed1,dcrlme,1,leg4_paralysed,ite,2,17,452,1131.723388671875,452,1115.406982421875,39.655990745015316,10.534989824086937,17
dcrlme_seed1,dcrlme,1,leg4_paralysed,ite,2,18,452,1129.14111328125,452,1115.406982421875,39.655990745015316,10.534989824086937,17
dcrlme_seed1,dcrlme,1,leg4_paralysed,ite,2,19,452,1118.250732421875,452,1115.406982421875,39.655990745015316,10.534989824086937,17
dcrlme_seed1,dcrlme,1,leg4_paralysed,ite,2,20,452,1110.517822265625,452,1115.406982421875,39.655990745015316,10.534989824086937,17
dcrlme_seed1,dcrlme,1,leg4_paralysed,ite,3,1,536,1094.5068359375,536,1089.4512939453125,21.504812564707013,5.712957293005283,15
dcrlme_seed1,dcrlme,1,leg4_paralysed,ite,3,2,365,1063.158447265625,536,1089.4512939453125,21.504812564707013,5.712957293005283,15
dcrlme_seed1,dcrlme,1,leg4_paralysed,ite,3,3,452,1127.4696044921875,452,1115.406982421875,39.655990745015316,10.534989824086937,15
dcrlme_seed1,dcrlme,1,leg4_paralysed,ite,3,4,43,1080.61181640625,452,1115.406982421875,39.655990745015316,10.534989824086937,15
dcrlme_seed1,dcrlme,1,leg4_paralysed,ite,3,5,500,1063.447998046875,452,1115.406982421875,39.655990745015316,10.534989824086937,15
dcrlme_seed1,dcrlme,1,leg4_paralysed,ite,3,6,756,1057.1875,452,1115.406982421875,39.655990745015316,10.534989824086937,15
dcrlme_seed1,dcrlme,1,leg4_paralysed,ite,3,7,452,1107.1448974609375,452,1115.406982421875,39.655990745015316,10.534989824086937,15
dcrlme_seed1,dcrlme,1,leg4_paralysed,ite,3,8,781,1074.703857421875,452,1115.406982421875,39.655990745015316,10.534989824086937,15
dcrlme_seed1,dcrlme,1,leg4_paralysed,ite,3,9,210,1046.4664306640625,452,1115.406982421875,39.655990745015316,10.534989824086937,15
dcrlme_seed1,dcrlme,1,leg4_paralysed,ite,3,10,32,1062.9718017578125,452,1115.406982421875,39.655990745015316,10.534989824086937,15
dcrlme_seed1,dcrlme,1,leg4_paralysed,ite,3,11,897,1056.4521484375,452,1115.406982421875,39.655990745015316,10.534989824086937,15
dcrlme_seed1,dcrlme,1,leg4_paralysed,ite,3,12,452,1126.495361328125,452,1115.406982421875,39.655990745015316,10.534989824086937,15
dcrlme_seed1,dcrlme,1,leg4_paralysed,ite,3,13,452,1127.0557861328125,452,1115.406982421875,39.655990745015316,10.534989824086937,15
dcrlme_seed1,dcrlme,1,leg4_paralysed,ite,3,14,452,1125.8267822265625,452,1115.406982421875,39.655990745015316,10.534989824086937,15
dcrlme_seed1,dcrlme,1,leg4_paralysed,ite,3,15,452,1118.2176513671875,452,1115.406982421875,39.655990745015316,10.534989824086937,15
dcrlme_seed1,dcrlme,1,leg4_paralysed,ite,3,16,452,1122.4810791015625,452,1115.406982421875,39.655990745015316,10.534989824086937,15
dcrlme_seed1,dcrlme,1,leg4_paralysed,ite,3,17,444,1074.556884765625,452,1115.406982421875,39.655990745015316,10.534989824086937,15
dcrlme_seed1,dcrlme,1,leg4_paralysed,ite,3,18,781,1067.9442138671875,452,1115.406982421875,39.655990745015316,10.534989824086937,15
dcrlme_seed1,dcrlme,1,leg4_paralysed,ite,3,19,452,1113.7423095703125,452,1115.406982421875,39.655990745015316,10.534989824086937,15
dcrlme_seed1,dcrlme,1,leg4_paralysed,ite,3,20,452,1121.1370849609375,452,1115.406982421875,39.655990745015316,10.534989824086937,15
dcrlme_seed1,dcrlme,1,leg4_paralysed,ite,4,1,536,1086.90966796875,536,1089.4512939453125,21.504812564707013,5.712957293005283,18
dcrlme_seed1,dcrlme,1,leg4_paralysed,ite,4,2,365,1057.3193359375,536,1089.4512939453125,21.504812564707013,5.712957293005283,18
dcrlme_seed1,dcrlme,1,leg4_paralysed,ite,4,3,452,1124.485107421875,452,1115.406982421875,39.655990745015316,10.534989824086937,18
dcrlme_seed1,dcrlme,1,leg4_paralysed,ite,4,4,43,1104.015869140625,452,1115.406982421875,39.655990745015316,10.534989824086937,18
dcrlme_seed1,dcrlme,1,leg4_paralysed,ite,4,5,500,1061.73486328125,452,1115.406982421875,39.655990745015316,10.534989824086937,18
dcrlme_seed1,dcrlme,1,leg4_paralysed,ite,4,6,756,1058.100341796875,452,1115.406982421875,39.655990745015316,10.534989824086937,18
dcrlme_seed1,dcrlme,1,leg4_paralysed,ite,4,7,452,1120.873291015625,452,1115.406982421875,39.655990745015316,10.534989824086937,18
dcrlme_seed1,dcrlme,1,leg4_paralysed,ite,4,8,781,1078.0701904296875,452,1115.406982421875,39.655990745015316,10.534989824086937,18
dcrlme_seed1,dcrlme,1,leg4_paralysed,ite,4,9,210,1047.8338623046875,452,1115.406982421875,39.655990745015316,10.534989824086937,18
dcrlme_seed1,dcrlme,1,leg4_paralysed,ite,4,10,32,1062.501220703125,452,1115.406982421875,39.655990745015316,10.534989824086937,18
dcrlme_seed1,dcrlme,1,leg4_paralysed,ite,4,11,897,1062.9180908203125,452,1115.406982421875,39.655990745015316,10.534989824086937,18
dcrlme_seed1,dcrlme,1,leg4_paralysed,ite,4,12,452,1114.5096435546875,452,1115.406982421875,39.655990745015316,10.534989824086937,18
dcrlme_seed1,dcrlme,1,leg4_paralysed,ite,4,13,43,1068.822265625,452,1115.406982421875,39.655990745015316,10.534989824086937,18
dcrlme_seed1,dcrlme,1,leg4_paralysed,ite,4,14,452,1117.5716552734375,452,1115.406982421875,39.655990745015316,10.534989824086937,18
dcrlme_seed1,dcrlme,1,leg4_paralysed,ite,4,15,452,1122.956787109375,452,1115.406982421875,39.655990745015316,10.534989824086937,18
dcrlme_seed1,dcrlme,1,leg4_paralysed,ite,4,16,452,1121.365234375,452,1115.406982421875,39.655990745015316,10.534989824086937,18
dcrlme_seed1,dcrlme,1,leg4_paralysed,ite,4,17,444,1066.40771484375,452,1115.406982421875,39.655990745015316,10.534989824086937,18
dcrlme_seed1,dcrlme,1,leg4_paralysed,ite,4,18,452,1128.5089111328125,452,1115.406982421875,39.655990745015316,10.534989824086937,18
dcrlme_seed1,dcrlme,1,leg4_paralysed,ite,4,19,452,1122.7041015625,452,1115.406982421875,39.655990745015316,10.534989824086937,18
dcrlme_seed1,dcrlme,1,leg4_paralysed,ite,4,20,781,1079.190673828125,452,1115.406982421875,39.655990745015316,10.534989824086937,18
dcrlme_seed1,dcrlme,1,leg4_paralysed,top_k,0,1,536,1092.9296875,536,1089.4512939453125,21.504812564707013,5.712957293005283,
dcrlme_seed1,dcrlme,1,leg4_paralysed,top_k,0,2,452,1115.5699462890625,452,1115.406982421875,39.655990745015316,10.534989824086937,
dcrlme_seed1,dcrlme,1,leg4_paralysed,top_k,0,3,609,1065.140869140625,452,1115.406982421875,39.655990745015316,10.534989824086937,
dcrlme_seed1,dcrlme,1,leg4_paralysed,top_k,0,4,545,1077.572998046875,452,1115.406982421875,39.655990745015316,10.534989824086937,
dcrlme_seed1,dcrlme,1,leg4_paralysed,top_k,0,5,477,1094.7783203125,452,1115.406982421875,39.655990745015316,10.534989824086937,
dcrlme_seed1,dcrlme,1,leg4_paralysed,top_k,0,6,711,1086.26904296875,452,1115.406982421875,39.655990745015316,10.534989824086937,
dcrlme_seed1,dcrlme,1,leg4_paralysed,top_k,0,7,863,1061.285888671875,452,1115.406982421875,39.655990745015316,10.534989824086937,
dcrlme_seed1,dcrlme,1,leg4_paralysed,top_k,0,8,209,1084.217529296875,452,1115.406982421875,39.655990745015316,10.534989824086937,
dcrlme_seed1,dcrlme,1,leg4_paralysed,top_k,0,9,365,1057.665283203125,452,1115.406982421875,39.655990745015316,10.534989824086937,
dcrlme_seed1,dcrlme,1,leg4_paralysed,top_k,0,10,782,1083.564453125,452,1115.406982421875,39.655990745015316,10.534989824086937,
dcrlme_seed1,dcrlme,1,leg4_paralysed,top_k,0,11,59,1180.756591796875,59,1181.660400390625,85.98793819811895,22.843510826299738,
dcrlme_seed1,dcrlme,1,leg4_paralysed,top_k,0,12,963,1092.8721923828125,59,1181.660400390625,85.98793819811895,22.843510826299738,
dcrlme_seed1,dcrlme,1,leg4_paralysed,top_k,0,13,781,1084.0052490234375,59,1181.660400390625,85.98793819811895,22.843510826299738,
dcrlme_seed1,dcrlme,1,leg4_paralysed,top_k,0,14,628,1096.9375,59,1181.660400390625,85.98793819811895,22.843510826299738,
dcrlme_seed1,dcrlme,1,leg4_paralysed,top_k,0,15,518,1088.9296875,59,1181.660400390625,85.98793819811895,22.843510826299738,
dcrlme_seed1,dcrlme,1,leg4_paralysed,top_k,0,16,601,1161.336669921875,59,1181.660400390625,85.98793819811895,22.843510826299738,
dcrlme_seed1,dcrlme,1,leg4_paralysed,top_k,0,17,791,1108.9066162109375,59,1181.660400390625,85.98793819811895,22.843510826299738,
dcrlme_seed1,dcrlme,1,leg4_paralysed,top_k,0,18,804,1097.04345703125,59,1181.660400390625,85.98793819811895,22.843510826299738,
dcrlme_seed1,dcrlme,1,leg4_paralysed,top_k,0,19,657,1065.0308837890625,59,1181.660400390625,85.98793819811895,22.843510826299738,
dcrlme_seed1,dcrlme,1,leg4_paralysed,top_k,0,20,141,1086.33837890625,59,1181.660400390625,85.98793819811895,22.843510826299738,
dcrlme_seed1,dcrlme,1,leg4_paralysed,top_k,1,1,536,1089.65234375,536,1089.4512939453125,21.504812564707013,5.712957293005283,
dcrlme_seed1,dcrlme,1,leg4_paralysed,top_k,1,2,452,1128.933349609375,452,1115.406982421875,39.655990745015316,10.534989824086937,
dcrlme_seed1,dcrlme,1,leg4_paralysed,top_k,1,3,609,1065.635498046875,452,1115.406982421875,39.655990745015316,10.534989824086937,
dcrlme_seed1,dcrlme,1,leg4_paralysed,top_k,1,4,545,1091.5986328125,452,1115.406982421875,39.655990745015316,10.534989824086937,
dcrlme_seed1,dcrlme,1,leg4_paralysed,top_k,1,5,477,1105.8038330078125,452,1115.406982421875,39.655990745015316,10.534989824086937,
dcrlme_seed1,dcrlme,1,leg4_paralysed,top_k,1,6,711,1086.742919921875,452,1115.406982421875,39.655990745015316,10.534989824086937,
dcrlme_seed1,dcrlme,1,leg4_paralysed,top_k,1,7,863,1067.672119140625,452,1115.406982421875,39.655990745015316,10.534989824086937,
dcrlme_seed1,dcrlme,1,leg4_paralysed,top_k,1,8,209,1081.67626953125,452,1115.406982421875,39.655990745015316,10.534989824086937,
dcrlme_seed1,dcrlme,1,leg4_paralysed,top_k,1,9,365,1065.760498046875,452,1115.406982421875,39.655990745015316,10.534989824086937,
dcrlme_seed1,dcrlme,1,leg4_paralysed,top_k,1,10,782,1089.9237060546875,452,1115.406982421875,39.655990745015316,10.534989824086937,
dcrlme_seed1,dcrlme,1,leg4_paralysed,top_k,1,11,59,1182.6907958984375,59,1181.660400390625,85.98793819811895,22.843510826299738,
dcrlme_seed1,dcrlme,1,leg4_paralysed,top_k,1,12,963,1077.5589599609375,59,1181.660400390625,85.98793819811895,22.843510826299738,
dcrlme_seed1,dcrlme,1,leg4_paralysed,top_k,1,13,781,1067.697998046875,59,1181.660400390625,85.98793819811895,22.843510826299738,
dcrlme_seed1,dcrlme,1,leg4_paralysed,top_k,1,14,628,1096.994140625,59,1181.660400390625,85.98793819811895,22.843510826299738,
dcrlme_seed1,dcrlme,1,leg4_paralysed,top_k,1,15,518,1083.455078125,59,1181.660400390625,85.98793819811895,22.843510826299738,
dcrlme_seed1,dcrlme,1,leg4_paralysed,top_k,1,16,601,1130.829345703125,59,1181.660400390625,85.98793819811895,22.843510826299738,
dcrlme_seed1,dcrlme,1,leg4_paralysed,top_k,1,17,791,1111.85693359375,59,1181.660400390625,85.98793819811895,22.843510826299738,
dcrlme_seed1,dcrlme,1,leg4_paralysed,top_k,1,18,804,1120.2294921875,59,1181.660400390625,85.98793819811895,22.843510826299738,
dcrlme_seed1,dcrlme,1,leg4_paralysed,top_k,1,19,657,1057.095947265625,59,1181.660400390625,85.98793819811895,22.843510826299738,
dcrlme_seed1,dcrlme,1,leg4_paralysed,top_k,1,20,141,1070.92041015625,59,1181.660400390625,85.98793819811895,22.843510826299738,
dcrlme_seed1,dcrlme,1,leg4_paralysed,top_k,2,1,536,1149.31982421875,536,1089.4512939453125,21.504812564707013,5.712957293005283,
dcrlme_seed1,dcrlme,1,leg4_paralysed,top_k,2,2,452,1112.465087890625,536,1089.4512939453125,21.504812564707013,5.712957293005283,
dcrlme_seed1,dcrlme,1,leg4_paralysed,top_k,2,3,609,1064.3770751953125,536,1089.4512939453125,21.504812564707013,5.712957293005283,
dcrlme_seed1,dcrlme,1,leg4_paralysed,top_k,2,4,545,1091.8717041015625,536,1089.4512939453125,21.504812564707013,5.712957293005283,
dcrlme_seed1,dcrlme,1,leg4_paralysed,top_k,2,5,477,1105.196533203125,536,1089.4512939453125,21.504812564707013,5.712957293005283,
dcrlme_seed1,dcrlme,1,leg4_paralysed,top_k,2,6,711,1079.547119140625,536,1089.4512939453125,21.504812564707013,5.712957293005283,
dcrlme_seed1,dcrlme,1,leg4_paralysed,top_k,2,7,863,1066.1827392578125,536,1089.4512939453125,21.504812564707013,5.712957293005283,
dcrlme_seed1,dcrlme,1,leg4_paralysed,top_k,2,8,209,1064.4765625,536,1089.4512939453125,21.504812564707013,5.712957293005283,
dcrlme_seed1,dcrlme,1,leg4_paralysed,top_k,2,9,365,1060.0306396484375,536,1089.4512939453125,21.504812564707013,5.712957293005283,
dcrlme_seed1,dcrlme,1,leg4_paralysed,top_k,2,10,782,1090.059814453125,536,1089.4512939453125,21.504812564707013,5.712957293005283,
dcrlme_seed1,dcrlme,1,leg4_paralysed,top_k,2,11,59,1183.5380859375,59,1181.660400390625,85.98793819811895,22.843510826299738,
dcrlme_seed1,dcrlme,1,leg4_paralysed,top_k,2,12,963,1085.0947265625,59,1181.660400390625,85.98793819811895,22.843510826299738,
dcrlme_seed1,dcrlme,1,leg4_paralysed,top_k,2,13,781,1062.6505126953125,59,1181.660400390625,85.98793819811895,22.843510826299738,
dcrlme_seed1,dcrlme,1,leg4_paralysed,top_k,2,14,628,1113.182861328125,59,1181.660400390625,85.98793819811895,22.843510826299738,
dcrlme_seed1,dcrlme,1,leg4_paralysed,top_k,2,15,518,1082.04931640625,59,1181.660400390625,85.98793819811895,22.843510826299738,
dcrlme_seed1,dcrlme,1,leg4_paralysed,top_k,2,16,601,1126.641845703125,59,1181.660400390625,85.98793819811895,22.843510826299738,
dcrlme_seed1,dcrlme,1,leg4_paralysed,top_k,2,17,791,1111.65283203125,59,1181.660400390625,85.98793819811895,22.843510826299738,
dcrlme_seed1,dcrlme,1,leg4_paralysed,top_k,2,18,804,1080.6578369140625,59,1181.660400390625,85.98793819811895,22.843510826299738,
dcrlme_seed1,dcrlme,1,leg4_paralysed,top_k,2,19,657,1055.96728515625,59,1181.660400390625,85.98793819811895,22.843510826299738,
dcrlme_seed1,dcrlme,1,leg4_paralysed,top_k,2,20,141,1072.980224609375,59,1181.660400390625,85.98793819811895,22.843510826299738,
dcrlme_seed1,dcrlme,1,leg4_paralysed,top_k,3,1,536,1084.2169189453125,536,1089.4512939453125,21.504812564707013,5.712957293005283,
dcrlme_seed1,dcrlme,1,leg4_paralysed,top_k,3,2,452,1115.3690185546875,452,1115.406982421875,39.655990745015316,10.534989824086937,
dcrlme_seed1,dcrlme,1,leg4_paralysed,top_k,3,3,609,1067.212890625,452,1115.406982421875,39.655990745015316,10.534989824086937,
dcrlme_seed1,dcrlme,1,leg4_paralysed,top_k,3,4,545,1090.739013671875,452,1115.406982421875,39.655990745015316,10.534989824086937,
dcrlme_seed1,dcrlme,1,leg4_paralysed,top_k,3,5,477,1108.0201416015625,452,1115.406982421875,39.655990745015316,10.534989824086937,
dcrlme_seed1,dcrlme,1,leg4_paralysed,top_k,3,6,711,1088.235595703125,452,1115.406982421875,39.655990745015316,10.534989824086937,
dcrlme_seed1,dcrlme,1,leg4_paralysed,top_k,3,7,863,1074.911376953125,452,1115.406982421875,39.655990745015316,10.534989824086937,
dcrlme_seed1,dcrlme,1,leg4_paralysed,top_k,3,8,209,1107.267822265625,452,1115.406982421875,39.655990745015316,10.534989824086937,
dcrlme_seed1,dcrlme,1,leg4_paralysed,top_k,3,9,365,1063.144775390625,452,1115.406982421875,39.655990745015316,10.534989824086937,
dcrlme_seed1,dcrlme,1,leg4_paralysed,top_k,3,10,782,1078.70361328125,452,1115.406982421875,39.655990745015316,10.534989824086937,
dcrlme_seed1,dcrlme,1,leg4_paralysed,top_k,3,11,59,1179.9237060546875,59,1181.660400390625,85.98793819811895,22.843510826299738,
dcrlme_seed1,dcrlme,1,leg4_paralysed,top_k,3,12,963,1086.644775390625,59,1181.660400390625,85.98793819811895,22.843510826299738,
dcrlme_seed1,dcrlme,1,leg4_paralysed,top_k,3,13,781,1093.073486328125,59,1181.660400390625,85.98793819811895,22.843510826299738,
dcrlme_seed1,dcrlme,1,leg4_paralysed,top_k,3,14,628,1112.0986328125,59,1181.660400390625,85.98793819811895,22.843510826299738,
dcrlme_seed1,dcrlme,1,leg4_paralysed,top_k,3,15,518,1073.76220703125,59,1181.660400390625,85.98793819811895,22.843510826299738,
dcrlme_seed1,dcrlme,1,leg4_paralysed,top_k,3,16,601,1145.4375,59,1181.660400390625,85.98793819811895,22.843510826299738,
dcrlme_seed1,dcrlme,1,leg4_paralysed,top_k,3,17,791,1123.442138671875,59,1181.660400390625,85.98793819811895,22.843510826299738,
dcrlme_seed1,dcrlme,1,leg4_paralysed,top_k,3,18,804,1110.41943359375,59,1181.660400390625,85.98793819811895,22.843510826299738,
dcrlme_seed1,dcrlme,1,leg4_paralysed,top_k,3,19,657,1054.602783203125,59,1181.660400390625,85.98793819811895,22.843510826299738,
dcrlme_seed1,dcrlme,1,leg4_paralysed,top_k,3,20,141,1085.3170166015625,59,1181.660400390625,85.98793819811895,22.843510826299738,
dcrlme_seed1,dcrlme,1,leg4_paralysed,top_k,4,1,536,1153.617919921875,536,1089.4512939453125,21.504812564707013,5.712957293005283,
dcrlme_seed1,dcrlme,1,leg4_paralysed,top_k,4,2,452,1123.3460693359375,536,1089.4512939453125,21.504812564707013,5.712957293005283,
dcrlme_seed1,dcrlme,1,leg4_paralysed,top_k,4,3,609,1067.475341796875,536,1089.4512939453125,21.504812564707013,5.712957293005283,
dcrlme_seed1,dcrlme,1,leg4_paralysed,top_k,4,4,545,1097.3507080078125,536,1089.4512939453125,21.504812564707013,5.712957293005283,
dcrlme_seed1,dcrlme,1,leg4_paralysed,top_k,4,5,477,1114.2005615234375,536,1089.4512939453125,21.504812564707013,5.712957293005283,
dcrlme_seed1,dcrlme,1,leg4_paralysed,top_k,4,6,711,1085.797607421875,536,1089.4512939453125,21.504812564707013,5.712957293005283,
dcrlme_seed1,dcrlme,1,leg4_paralysed,top_k,4,7,863,1076.046142578125,536,1089.4512939453125,21.504812564707013,5.712957293005283,
dcrlme_seed1,dcrlme,1,leg4_paralysed,top_k,4,8,209,1067.8828125,536,1089.4512939453125,21.504812564707013,5.712957293005283,
dcrlme_seed1,dcrlme,1,leg4_paralysed,top_k,4,9,365,1061.268798828125,536,1089.4512939453125,21.504812564707013,5.712957293005283,
dcrlme_seed1,dcrlme,1,leg4_paralysed,top_k,4,10,782,1081.566650390625,536,1089.4512939453125,21.504812564707013,5.712957293005283,
dcrlme_seed1,dcrlme,1,leg4_paralysed,top_k,4,11,59,1188.705322265625,59,1181.660400390625,85.98793819811895,22.843510826299738,
dcrlme_seed1,dcrlme,1,leg4_paralysed,top_k,4,12,963,1088.994140625,59,1181.660400390625,85.98793819811895,22.843510826299738,
dcrlme_seed1,dcrlme,1,leg4_paralysed,top_k,4,13,781,1081.937255859375,59,1181.660400390625,85.98793819811895,22.843510826299738,
dcrlme_seed1,dcrlme,1,leg4_paralysed,top_k,4,14,628,1098.584228515625,59,1181.660400390625,85.98793819811895,22.843510826299738,
dcrlme_seed1,dcrlme,1,leg4_paralysed,top_k,4,15,518,1081.244873046875,59,1181.660400390625,85.98793819811895,22.843510826299738,
dcrlme_seed1,dcrlme,1,leg4_paralysed,top_k,4,16,601,1145.5361328125,59,1181.660400390625,85.98793819811895,22.843510826299738,
dcrlme_seed1,dcrlme,1,leg4_paralysed,top_k,4,17,791,1115.009033203125,59,1181.660400390625,85.98793819811895,22.843510826299738,
dcrlme_seed1,dcrlme,1,leg4_paralysed,top_k,4,18,804,1095.29541015625,59,1181.660400390625,85.98793819811895,22.843510826299738,
dcrlme_seed1,dcrlme,1,leg4_paralysed,top_k,4,19,657,1057.3995361328125,59,1181.660400390625,85.98793819811895,22.843510826299738,
dcrlme_seed1,dcrlme,1,leg4_paralysed,top_k,4,20,141,1074.847900390625,59,1181.660400390625,85.98793819811895,22.843510826299738,
dcrlme_seed1,dcrlme,1,leg1_weak,ite,0,1,536,1206.427001953125,536,1203.957763671875,30.295212632161235,26.985901855403835,4
dcrlme_seed1,dcrlme,1,leg1_weak,ite,0,2,365,1239.687255859375,365,1308.921875,52.18671082852986,46.486072689913975,4
dcrlme_seed1,dcrlme,1,leg1_weak,ite,0,3,452,1307.0916748046875,452,1307.900146484375,51.9736173466343,46.29625656753578,4
dcrlme_seed1,dcrlme,1,leg1_weak,ite,0,4,452,1285.807861328125,452,1307.900146484375,51.9736173466343,46.29625656753578,4
dcrlme_seed1,dcrlme,1,leg1_weak,ite,0,5,43,1093.0692138671875,452,1307.900146484375,51.9736173466343,46.29625656753578,4
dcrlme_seed1,dcrlme,1,leg1_weak,ite,0,6,452,1285.229736328125,452,1307.900146484375,51.9736173466343,46.29625656753578,4
dcrlme_seed1,dcrlme,1,leg1_weak,ite,0,7,452,1316.1865234375,452,1307.900146484375,51.9736173466343,46.29625656753578,4
dcrlme_seed1,dcrlme,1,leg1_weak,ite,0,8,452,1288.87548828125,452,1307.900146484375,51.9736173466343,46.29625656753578,4
dcrlme_seed1,dcrlme,1,leg1_weak,ite,0,9,452,1311.8983154296875,452,1307.900146484375,51.9736173466343,46.29625656753578,4
dcrlme_seed1,dcrlme,1,leg1_weak,ite,0,10,452,1316.655029296875,452,1307.900146484375,51.9736173466343,46.29625656753578,4
dcrlme_seed1,dcrlme,1,leg1_weak,ite,0,11,452,1297.860107421875,452,1307.900146484375,51.9736173466343,46.29625656753578,4
dcrlme_seed1,dcrlme,1,leg1_weak,ite,0,12,452,1306.5673828125,452,1307.900146484375,51.9736173466343,46.29625656753578,4
dcrlme_seed1,dcrlme,1,leg1_weak,ite,0,13,452,1289.714599609375,452,1307.900146484375,51.9736173466343,46.29625656753578,4
dcrlme_seed1,dcrlme,1,leg1_weak,ite,0,14,452,1296.08935546875,452,1307.900146484375,51.9736173466343,46.29625656753578,4
dcrlme_seed1,dcrlme,1,leg1_weak,ite,0,15,452,1295.35986328125,452,1307.900146484375,51.9736173466343,46.29625656753578,4
dcrlme_seed1,dcrlme,1,leg1_weak,ite,0,16,365,1334.0255126953125,365,1308.921875,52.18671082852986,46.486072689913975,4
dcrlme_seed1,dcrlme,1,leg1_weak,ite,0,17,365,1359.7310791015625,365,1308.921875,52.18671082852986,46.486072689913975,4
dcrlme_seed1,dcrlme,1,leg1_weak,ite,0,18,365,1347.671875,365,1308.921875,52.18671082852986,46.486072689913975,4
dcrlme_seed1,dcrlme,1,leg1_weak,ite,0,19,365,1342.479248046875,365,1308.921875,52.18671082852986,46.486072689913975,4
dcrlme_seed1,dcrlme,1,leg1_weak,ite,0,20,365,1285.3260498046875,365,1308.921875,52.18671082852986,46.486072689913975,4
dcrlme_seed1,dcrlme,1,leg1_weak,ite,1,1,536,1207.408447265625,536,1203.957763671875,30.295212632161235,26.985901855403835,2
dcrlme_seed1,dcrlme,1,leg1_weak,ite,1,2,365,1399.17529296875,365,1308.921875,52.18671082852986,46.486072689913975,2
dcrlme_seed1,dcrlme,1,leg1_weak,ite,1,3,365,1216.035400390625,365,1308.921875,52.18671082852986,46.486072689913975,2
dcrlme_seed1,dcrlme,1,leg1_weak,ite,1,4,452,1290.0345458984375,365,1308.921875,52.18671082852986,46.486072689913975,2
dcrlme_seed1,dcrlme,1,leg1_weak,ite,1,5,365,1285.9481201171875,365,1308.921875,52.18671082852986,46.486072689913975,2
dcrlme_seed1,dcrlme,1,leg1_weak,ite,1,6,43,1088.583740234375,365,1308.921875,52.18671082852986,46.486072689913975,2
dcrlme_seed1,dcrlme,1,leg1_weak,ite,1,7,452,1291.529052734375,365,1308.921875,52.18671082852986,46.486072689913975,2
dcrlme_seed1,dcrlme,1,leg1_weak,ite,1,8,365,1349.342529296875,365,1308.921875,52.18671082852986,46.486072689913975,2
dcrlme_seed1,dcrlme,1,leg1_weak,ite,1,9,365,1282.820556640625,365,1308.921875,52.18671082852986,46.486072689913975,2
dcrlme_seed1,dcrlme,1,leg1_weak,ite,1,10,365,1309.84130859375,365,1308.921875,52.18671082852986,46.486072689913975,2
dcrlme_seed1,dcrlme,1,leg1_weak,ite,1,11,365,1303.487548828125,365,1308.921875,52.18671082852986,46.486072689913975,2
dcrlme_seed1,dcrlme,1,leg1_weak,ite,1,12,365,1325.5015869140625,365,1308.921875,52.18671082852986,46.486072689913975,2
dcrlme_seed1,dcrlme,1,leg1_weak,ite,1,13,365,1280.0401611328125,365,1308.921875,52.18671082852986,46.486072689913975,2
dcrlme_seed1,dcrlme,1,leg1_weak,ite,1,14,365,1406.6259765625,365,1308.921875,52.18671082852986,46.486072689913975,2
dcrlme_seed1,dcrlme,1,leg1_weak,ite,1,15,365,1281.528564453125,365,1308.921875,52.18671082852986,46.486072689913975,2
dcrlme_seed1,dcrlme,1,leg1_weak,ite,1,16,365,1231.3243408203125,365,1308.921875,52.18671082852986,46.486072689913975,2
dcrlme_seed1,dcrlme,1,leg1_weak,ite,1,17,452,1286.39404296875,365,1308.921875,52.18671082852986,46.486072689913975,2
dcrlme_seed1,dcrlme,1,leg1_weak,ite,1,18,365,1255.878662109375,365,1308.921875,52.18671082852986,46.486072689913975,2
dcrlme_seed1,dcrlme,1,leg1_weak,ite,1,19,365,1354.091064453125,365,1308.921875,52.18671082852986,46.486072689913975,2
dcrlme_seed1,dcrlme,1,leg1_weak,ite,1,20,365,1321.45849609375,365,1308.921875,52.18671082852986,46.486072689913975,2
dcrlme_seed1,dcrlme,1,leg1_weak,ite,2,1,536,1204.9207763671875,536,1203.957763671875,30.295212632161235,26.985901855403835,3
dcrlme_seed1,dcrlme,1,leg1_weak,ite,2,2,365,1256.3427734375,365,1308.921875,52.18671082852986,46.486072689913975,3
dcrlme_seed1,dcrlme,1,leg1_weak,ite,2,3,452,1329.5859375,452,1307.900146484375,51.9736173466343,46.29625656753578,3
dcrlme_seed1,dcrlme,1,leg1_weak,ite,2,4,452,1308.3570556640625,452,1307.900146484375,51.9736173466343,46.29625656753578,3
dcrlme_seed1,dcrlme,1,leg1_weak,ite,2,5,452,1306.85546875,452,1307.900146484375,51.9736173466343,46.29625656753578,3
dcrlme_seed1,dcrlme,1,leg1_weak,ite,2,6,43,1080.300048828125,452,1307.900146484375,51.9736173466343,46.29625656753578,3
dcrlme_seed1,dcrlme,1,leg1_weak,ite,2,7,452,1344.9029541015625,452,1307.900146484375,51.9736173466343,46.29625656753578,3
dcrlme_seed1,dcrlme,1,leg1_weak,ite,2,8,452,1281.09521484375,452,1307.900146484375,51.9736173466343,46.29625656753578,3
dcrlme_seed1,dcrlme,1,leg1_weak,ite,2,9,452,1318.9903564453125,452,1307.900146484375,51.9736173466343,46.29625656753578,3
dcrlme_seed1,dcrlme,1,leg1_weak,ite,2,10,452,1316.7532958984375,452,1307.900146484375,51.9736173466343,46.29625656753578,3
dcrlme_seed1,dcrlme,1,leg1_weak,ite,2,11,452,1290.55712890625,452,1307.900146484375,51.9736173466343,46.29625656753578,3
dcrlme_seed1,dcrlme,1,leg1_weak,ite,2,12,452,1285.35791015625,452,1307.900146484375,51.9736173466343,46.29625656753578,3
dcrlme_seed1,dcrlme,1,leg1_weak,ite,2,13,365,1331.0489501953125,452,1307.900146484375,51.9736173466343,46.29625656753578,3
dcrlme_seed1,dcrlme,1,leg1_weak,ite,2,14,365,1278.681640625,452,1307.900146484375,51.9736173466343,46.29625656753578,3
dcrlme_seed1,dcrlme,1,leg1_weak,ite,2,15,452,1294.3065185546875,452,1307.900146484375,51.9736173466343,46.29625656753578,3
dcrlme_seed1,dcrlme,1,leg1_weak,ite,2,16,452,1324.9873046875,452,1307.900146484375,51.9736173466343,46.29625656753578,3
dcrlme_seed1,dcrlme,1,leg1_weak,ite,2,17,452,1292.88427734375,452,1307.900146484375,51.9736173466343,46.29625656753578,3
dcrlme_seed1,dcrlme,1,leg1_weak,ite,2,18,452,1295.8935546875,452,1307.900146484375,51.9736173466343,46.29625656753578,3
dcrlme_seed1,dcrlme,1,leg1_weak,ite,2,19,452,1306.77978515625,452,1307.900146484375,51.9736173466343,46.29625656753578,3
dcrlme_seed1,dcrlme,1,leg1_weak,ite,2,20,452,1294.214599609375,452,1307.900146484375,51.9736173466343,46.29625656753578,3
dcrlme_seed1,dcrlme,1,leg1_weak,ite,3,1,536,1219.214111328125,536,1203.957763671875,30.295212632161235,26.985901855403835,3
dcrlme_seed1,dcrlme,1,leg1_weak,ite,3,2,365,1369.135009765625,365,1308.921875,52.18671082852986,46.486072689913975,3
dcrlme_seed1,dcrlme,1,leg1_weak,ite,3,3,452,1297.2987060546875,365,1308.921875,52.18671082852986,46.486072689913975,3
dcrlme_seed1,dcrlme,1,leg1_weak,ite,3,4,365,1319.0042724609375,365,1308.921875,52.18671082852986,46.486072689913975,3
dcrlme_seed1,dcrlme,1,leg1_weak,ite,3,5,365,1214.275634765625,365,1308.921875,52.18671082852986,46.486072689913975,3
dcrlme_seed1,dcrlme,1,leg1_weak,ite,3,6,43,1091.080322265625,365,1308.921875,52.18671082852986,46.486072689913975,3
dcrlme_seed1,dcrlme,1,leg1_weak,ite,3,7,452,1282.5865478515625,365,1308.921875,52.18671082852986,46.486072689913975,3
dcrlme_seed1,dcrlme,1,leg1_weak,ite,3,8,365,1247.2752685546875,365,1308.921875,52.18671082852986,46.486072689913975,3
dcrlme_seed1,dcrlme,1,leg1_weak,ite,3,9,452,1305.1622314453125,365,1308.921875,52.18671082852986,46.486072689913975,3
dcrlme_seed1,dcrlme,1,leg1_weak,ite,3,10,452,1293.239013671875,365,1308.921875,52.18671082852986,46.486072689913975,3
dcrlme_seed1,dcrlme,1,leg1_weak,ite,3,11,452,1303.44091796875,365,1308.921875,52.18671082852986,46.486072689913975,3
dcrlme_seed1,dcrlme,1,leg1_weak,ite,3,12,452,1297.8150634765625,365,1308.921875,52.18671082852986,46.486072689913975,3
dcrlme_seed1,dcrlme,1,leg1_weak,ite,3,13,452,1306.31884765625,365,1308.921875,52.18671082852986,46.486072689913975,3
dcrlme_seed1,dcrlme,1,leg1_weak,ite,3,14,452,1293.779296875,365,1308.921875,52.18671082852986,46.486072689913975,3
dcrlme_seed1,dcrlme,1,leg1_weak,ite,3,15,365,1259.31689453125,365,1308.921875,52.18671082852986,46.486072689913975,3
dcrlme_seed1,dcrlme,1,leg1_weak,ite,3,16,452,1300.19384765625,365,1308.921875,52.18671082852986,46.486072689913975,3
dcrlme_seed1,dcrlme,1,leg1_weak,ite,3,17,452,1313.9881591796875,365,1308.921875,52.18671082852986,46.486072689913975,3
dcrlme_seed1,dcrlme,1,leg1_weak,ite,3,18,452,1301.523193359375,365,1308.921875,52.18671082852986,46.486072689913975,3
dcrlme_seed1,dcrlme,1,leg1_weak,ite,3,19,452,1291.146728515625,365,1308.921875,52.18671082852986,46.486072689913975,3
dcrlme_seed1,dcrlme,1,leg1_weak,ite,3,20,452,1299.48291015625,365,1308.921875,52.18671082852986,46.486072689913975,3
dcrlme_seed1,dcrlme,1,leg1_weak,ite,4,1,536,1189.9674072265625,536,1203.957763671875,30.295212632161235,26.985901855403835,3
dcrlme_seed1,dcrlme,1,leg1_weak,ite,4,2,365,1368.1558837890625,365,1308.921875,52.18671082852986,46.486072689913975,3
dcrlme_seed1,dcrlme,1,leg1_weak,ite,4,3,452,1291.64501953125,365,1308.921875,52.18671082852986,46.486072689913975,3
dcrlme_seed1,dcrlme,1,leg1_weak,ite,4,4,365,1260.8770751953125,365,1308.921875,52.18671082852986,46.486072689913975,3
dcrlme_seed1,dcrlme,1,leg1_weak,ite,4,5,365,1281.354736328125,365,1308.921875,52.18671082852986,46.486072689913975,3
dcrlme_seed1,dcrlme,1,leg1_weak,ite,4,6,43,1118.11669921875,365,1308.921875,52.18671082852986,46.486072689913975,3
dcrlme_seed1,dcrlme,1,leg1_weak,ite,4,7,452,1305.3753662109375,365,1308.921875,52.18671082852986,46.486072689913975,3
dcrlme_seed1,dcrlme,1,leg1_weak,ite,4,8,365,1316.786865234375,365,1308.921875,52.18671082852986,46.486072689913975,3
dcrlme_seed1,dcrlme,1,leg1_weak,ite,4,9,365,1229.2225341796875,365,1308.921875,52.18671082852986,46.486072689913975,3
dcrlme_seed1,dcrlme,1,leg1_weak,ite,4,10,452,1302.826904296875,365,1308.921875,52.18671082852986,46.486072689913975,3
dcrlme_seed1,dcrlme,1,leg1_weak,ite,4,11,452,1322.1064453125,365,1308.921875,52.18671082852986,46.486072689913975,3
dcrlme_seed1,dcrlme,1,leg1_weak,ite,4,12,452,1284.638427734375,365,1308.921875,52.18671082852986,46.486072689913975,3
dcrlme_seed1,dcrlme,1,leg1_weak,ite,4,13,452,1304.9339599609375,365,1308.921875,52.18671082852986,46.486072689913975,3
dcrlme_seed1,dcrlme,1,leg1_weak,ite,4,14,452,1309.8583984375,365,1308.921875,52.18671082852986,46.486072689913975,3
dcrlme_seed1,dcrlme,1,leg1_weak,ite,4,15,452,1315.01220703125,365,1308.921875,52.18671082852986,46.486072689913975,3
dcrlme_seed1,dcrlme,1,leg1_weak,ite,4,16,452,1305.5479736328125,365,1308.921875,52.18671082852986,46.486072689913975,3
dcrlme_seed1,dcrlme,1,leg1_weak,ite,4,17,452,1293.5169677734375,365,1308.921875,52.18671082852986,46.486072689913975,3
dcrlme_seed1,dcrlme,1,leg1_weak,ite,4,18,452,1315.24609375,365,1308.921875,52.18671082852986,46.486072689913975,3
dcrlme_seed1,dcrlme,1,leg1_weak,ite,4,19,452,1294.960205078125,365,1308.921875,52.18671082852986,46.486072689913975,3
dcrlme_seed1,dcrlme,1,leg1_weak,ite,4,20,452,1301.49365234375,365,1308.921875,52.18671082852986,46.486072689913975,3
dcrlme_seed1,dcrlme,1,leg1_weak,top_k,0,1,536,1183.968505859375,536,1203.957763671875,30.295212632161235,26.985901855403835,
dcrlme_seed1,dcrlme,1,leg1_weak,top_k,0,2,452,1306.4459228515625,452,1307.900146484375,51.9736173466343,46.29625656753578,
dcrlme_seed1,dcrlme,1,leg1_weak,top_k,0,3,609,1218.61181640625,452,1307.900146484375,51.9736173466343,46.29625656753578,
dcrlme_seed1,dcrlme,1,leg1_weak,top_k,0,4,545,1433.553955078125,545,1359.49365234375,62.73404894724182,55.8812677249592,
dcrlme_seed1,dcrlme,1,leg1_weak,top_k,0,5,477,1436.841064453125,477,1414.63623046875,74.23468125186743,66.12562343937469,
dcrlme_seed1,dcrlme,1,leg1_weak,top_k,0,6,711,1285.84228515625,477,1414.63623046875,74.23468125186743,66.12562343937469,
dcrlme_seed1,dcrlme,1,leg1_weak,top_k,0,7,863,1324.9915771484375,477,1414.63623046875,74.23468125186743,66.12562343937469,
dcrlme_seed1,dcrlme,1,leg1_weak,top_k,0,8,209,1313.89208984375,477,1414.63623046875,74.23468125186743,66.12562343937469,
dcrlme_seed1,dcrlme,1,leg1_weak,top_k,0,9,365,1354.397216796875,477,1414.63623046875,74.23468125186743,66.12562343937469,
dcrlme_seed1,dcrlme,1,leg1_weak,top_k,0,10,782,1328.7564697265625,477,1414.63623046875,74.23468125186743,66.12562343937469,
dcrlme_seed1,dcrlme,1,leg1_weak,top_k,0,11,59,1540.3929443359375,59,1534.468505859375,99.22710968657283,88.38799304397615,
dcrlme_seed1,dcrlme,1,leg1_weak,top_k,0,12,963,1373.2032470703125,59,1534.468505859375,99.22710968657283,88.38799304397615,
dcrlme_seed1,dcrlme,1,leg1_weak,top_k,0,13,781,1263.126220703125,59,1534.468505859375,99.22710968657283,88.38799304397615,
dcrlme_seed1,dcrlme,1,leg1_weak,top_k,0,14,628,1501.432373046875,59,1534.468505859375,99.22710968657283,88.38799304397615,
dcrlme_seed1,dcrlme,1,leg1_weak,top_k,0,15,518,1333.0311279296875,59,1534.468505859375,99.22710968657283,88.38799304397615,
dcrlme_seed1,dcrlme,1,leg1_weak,top_k,0,16,601,1412.56689453125,59,1534.468505859375,99.22710968657283,88.38799304397615,
dcrlme_seed1,dcrlme,1,leg1_weak,top_k,0,17,791,1360.43994140625,59,1534.468505859375,99.22710968657283,88.38799304397615,
dcrlme_seed1,dcrlme,1,leg1_weak,top_k,0,18,804,1270.406494140625,59,1534.468505859375,99.22710968657283,88.38799304397615,
dcrlme_seed1,dcrlme,1,leg1_weak,top_k,0,19,657,1423.137451171875,59,1534.468505859375,99.22710968657283,88.38799304397615,
dcrlme_seed1,dcrlme,1,leg1_weak,top_k,0,20,141,1200.5760498046875,59,1534.468505859375,99.22710968657283,88.38799304397615,
dcrlme_seed1,dcrlme,1,leg1_weak,top_k,1,1,536,1183.22021484375,536,1203.957763671875,30.295212632161235,26.985901855403835,
dcrlme_seed1,dcrlme,1,leg1_weak,top_k,1,2,452,1291.759765625,452,1307.900146484375,51.9736173466343,46.29625656753578,
dcrlme_seed1,dcrlme,1,leg1_weak,top_k,1,3,609,1239.6448974609375,452,1307.900146484375,51.9736173466343,46.29625656753578,
dcrlme_seed1,dcrlme,1,leg1_weak,top_k,1,4,545,1394.784423828125,545,1359.49365234375,62.73404894724182,55.8812677249592,
dcrlme_seed1,dcrlme,1,leg1_weak,top_k,1,5,477,1426.7373046875,477,1414.63623046875,74.23468125186743,66.12562343937469,
dcrlme_seed1,dcrlme,1,leg1_weak,top_k,1,6,711,1262.2166748046875,477,1414.63623046875,74.23468125186743,66.12562343937469,
dcrlme_seed1,dcrlme,1,leg1_weak,top_k,1,7,863,1304.2960205078125,477,1414.63623046875,74.23468125186743,66.12562343937469,
dcrlme_seed1,dcrlme,1,leg1_weak,top_k,1,8,209,1342.2149658203125,477,1414.63623046875,74.23468125186743,66.12562343937469,
dcrlme_seed1,dcrlme,1,leg1_weak,top_k,1,9,365,1236.692138671875,477,1414.63623046875,74.23468125186743,66.12562343937469,
dcrlme_seed1,dcrlme,1,leg1_weak,top_k,1,10,782,1360.771484375,477,1414.63623046875,74.23468125186743,66.12562343937469,
dcrlme_seed1,dcrlme,1,leg1_weak,top_k,1,11,59,1522.912353515625,59,1534.468505859375,99.22710968657283,88.38799304397615,
dcrlme_seed1,dcrlme,1,leg1_weak,top_k,1,12,963,1357.78076171875,59,1534.468505859375,99.22710968657283,88.38799304397615,
dcrlme_seed1,dcrlme,1,leg1_weak,top_k,1,13,781,1274.278564453125,59,1534.468505859375,99.22710968657283,88.38799304397615,
dcrlme_seed1,dcrlme,1,leg1_weak,top_k,1,14,628,1516.224609375,59,1534.468505859375,99.22710968657283,88.38799304397615,
dcrlme_seed1,dcrlme,1,leg1_weak,top_k,1,15,518,1351.3092041015625,59,1534.468505859375,99.22710968657283,88.38799304397615,
dcrlme_seed1,dcrlme,1,leg1_weak,top_k,1,16,601,1473.527099609375,59,1534.468505859375,99.22710968657283,88.38799304397615,
dcrlme_seed1,dcrlme,1,leg1_weak,top_k,1,17,791,1379.5751953125,59,1534.468505859375,99.22710968657283,88.38799304397615,
dcrlme_seed1,dcrlme,1,leg1_weak,top_k,1,18,804,1303.16748046875,59,1534.468505859375,99.22710968657283,88.38799304397615,
dcrlme_seed1,dcrlme,1,leg1_weak,top_k,1,19,657,1362.372314453125,59,1534.468505859375,99.22710968657283,88.38799304397615,
dcrlme_seed1,dcrlme,1,leg1_weak,top_k,1,20,141,1176.2347412109375,59,1534.468505859375,99.22710968657283,88.38799304397615,
dcrlme_seed1,dcrlme,1,leg1_weak,top_k,2,1,536,1233.013916015625,536,1203.957763671875,30.295212632161235,26.985901855403835,
dcrlme_seed1,dcrlme,1,leg1_weak,top_k,2,2,452,1285.29931640625,452,1307.900146484375,51.9736173466343,46.29625656753578,
dcrlme_seed1,dcrlme,1,leg1_weak,top_k,2,3,609,1283.172607421875,452,1307.900146484375,51.9736173466343,46.29625656753578,
dcrlme_seed1,dcrlme,1,leg1_weak,top_k,2,4,545,1410.783935546875,545,1359.49365234375,62.73404894724182,55.8812677249592,
dcrlme_seed1,dcrlme,1,leg1_weak,top_k,2,5,477,1418.6650390625,477,1414.63623046875,74.23468125186743,66.12562343937469,
dcrlme_seed1,dcrlme,1,leg1_weak,top_k,2,6,711,1250.671142578125,477,1414.63623046875,74.23468125186743,66.12562343937469,
dcrlme_seed1,dcrlme,1,leg1_weak,top_k,2,7,863,1356.399658203125,477,1414.63623046875,74.23468125186743,66.12562343937469,
dcrlme_seed1,dcrlme,1,leg1_weak,top_k,2,8,209,1342.658935546875,477,1414.63623046875,74.23468125186743,66.12562343937469,
dcrlme_seed1,dcrlme,1,leg1_weak,top_k,2,9,365,1219.681884765625,477,1414.63623046875,74.23468125186743,66.12562343937469,
dcrlme_seed1,dcrlme,1,leg1_weak,top_k,2,10,782,1310.264892578125,477,1414.63623046875,74.23468125186743,66.12562343937469,
dcrlme_seed1,dcrlme,1,leg1_weak,top_k,2,11,59,1549.3114013671875,59,1534.468505859375,99.22710968657283,88.38799304397615,
dcrlme_seed1,dcrlme,1,leg1_weak,top_k,2,12,963,1439.737060546875,59,1534.468505859375,99.22710968657283,88.38799304397615,
dcrlme_seed1,dcrlme,1,leg1_weak,top_k,2,13,781,1271.22802734375,59,1534.468505859375,99.22710968657283,88.38799304397615,
dcrlme_seed1,dcrlme,1,leg1_weak,top_k,2,14,628,1527.99755859375,59,1534.468505859375,99.22710968657283,88.38799304397615,
dcrlme_seed1,dcrlme,1,leg1_weak,top_k,2,15,518,1361.71826171875,59,1534.468505859375,99.22710968657283,88.38799304397615,
dcrlme_seed1,dcrlme,1,leg1_weak,top_k,2,16,601,1444.9454345703125,59,1534.468505859375,99.22710968657283,88.38799304397615,
dcrlme_seed1,dcrlme,1,leg1_weak,top_k,2,17,791,1386.0069580078125,59,1534.468505859375,99.22710968657283,88.38799304397615,
dcrlme_seed1,dcrlme,1,leg1_weak,top_k,2,18,804,1267.31591796875,59,1534.468505859375,99.22710968657283,88.38799304397615,
dcrlme_seed1,dcrlme,1,leg1_weak,top_k,2,19,657,1450.167236328125,59,1534.468505859375,99.22710968657283,88.38799304397615,
dcrlme_seed1,dcrlme,1,leg1_weak,top_k,2,20,141,1178.7694091796875,59,1534.468505859375,99.22710968657283,88.38799304397615,
dcrlme_seed1,dcrlme,1,leg1_weak,top_k,3,1,536,1217.4971923828125,536,1203.957763671875,30.295212632161235,26.985901855403835,
dcrlme_seed1,dcrlme,1,leg1_weak,top_k,3,2,452,1291.13671875,452,1307.900146484375,51.9736173466343,46.29625656753578,
dcrlme_seed1,dcrlme,1,leg1_weak,top_k,3,3,609,1240.56201171875,452,1307.900146484375,51.9736173466343,46.29625656753578,
dcrlme_seed1,dcrlme,1,leg1_weak,top_k,3,4,545,1449.611572265625,545,1359.49365234375,62.73404894724182,55.8812677249592,
dcrlme_seed1,dcrlme,1,leg1_weak,top_k,3,5,477,1423.523193359375,545,1359.49365234375,62.73404894724182,55.8812677249592,
dcrlme_seed1,dcrlme,1,leg1_weak,top_k,3,6,711,1260.82666015625,545,1359.49365234375,62.73404894724182,55.8812677249592,
dcrlme_seed1,dcrlme,1,leg1_weak,top_k,3,7,863,1394.906005859375,545,1359.49365234375,62.73404894724182,55.8812677249592,
dcrlme_seed1,dcrlme,1,leg1_weak,top_k,3,8,209,1359.341552734375,545,1359.49365234375,62.73404894724182,55.8812677249592,
dcrlme_seed1,dcrlme,1,leg1_weak,top_k,3,9,365,1294.271484375,545,1359.49365234375,62.73404894724182,55.8812677249592,
dcrlme_seed1,dcrlme,1,leg1_weak,top_k,3,10,782,1366.62353515625,545,1359.49365234375,62.73404894724182,55.8812677249592,
dcrlme_seed1,dcrlme,1,leg1_weak,top_k,3,11,59,1549.9100341796875,59,1534.468505859375,99.22710968657283,88.38799304397615,
dcrlme_seed1,dcrlme,1,leg1_weak,top_k,3,12,963,1412.72509765625,59,1534.468505859375,99.22710968657283,88.38799304397615,
dcrlme_seed1,dcrlme,1,leg1_weak,top_k,3,13,781,1286.73388671875,59,1534.468505859375,99.22710968657283,88.38799304397615,
dcrlme_seed1,dcrlme,1,leg1_weak,top_k,3,14,628,1551.2445068359375,628,1500.0333251953125,92.04524832595592,81.99064544421122,
dcrlme_seed1,dcrlme,1,leg1_weak,top_k,3,15,518,1363.950439453125,628,1500.0333251953125,92.04524832595592,81.99064544421122,
dcrlme_seed1,dcrlme,1,leg1_weak,top_k,3,16,601,1460.5172119140625,628,1500.0333251953125,92.04524832595592,81.99064544421122,
dcrlme_seed1,dcrlme,1,leg1_weak,top_k,3,17,791,1380.3603515625,628,1500.0333251953125,92.04524832595592,81.99064544421122,
dcrlme_seed1,dcrlme,1,leg1_weak,top_k,3,18,804,1262.3973388671875,628,1500.0333251953125,92.04524832595592,81.99064544421122,
dcrlme_seed1,dcrlme,1,leg1_weak,top_k,3,19,657,1376.06591796875,628,1500.0333251953125,92.04524832595592,81.99064544421122,
dcrlme_seed1,dcrlme,1,leg1_weak,top_k,3,20,141,1214.4267578125,628,1500.0333251953125,92.04524832595592,81.99064544421122,
dcrlme_seed1,dcrlme,1,leg1_weak,top_k,4,1,536,1194.00048828125,536,1203.957763671875,30.295212632161235,26.985901855403835,
dcrlme_seed1,dcrlme,1,leg1_weak,top_k,4,2,452,1299.3876953125,452,1307.900146484375,51.9736173466343,46.29625656753578,
dcrlme_seed1,dcrlme,1,leg1_weak,top_k,4,3,609,1250.645263671875,452,1307.900146484375,51.9736173466343,46.29625656753578,
dcrlme_seed1,dcrlme,1,leg1_weak,top_k,4,4,545,1403.0098876953125,545,1359.49365234375,62.73404894724182,55.8812677249592,
dcrlme_seed1,dcrlme,1,leg1_weak,top_k,4,5,477,1428.8447265625,477,1414.63623046875,74.23468125186743,66.12562343937469,
dcrlme_seed1,dcrlme,1,leg1_weak,top_k,4,6,711,1224.50732421875,477,1414.63623046875,74.23468125186743,66.12562343937469,
dcrlme_seed1,dcrlme,1,leg1_weak,top_k,4,7,863,1343.642822265625,477,1414.63623046875,74.23468125186743,66.12562343937469,
dcrlme_seed1,dcrlme,1,leg1_weak,top_k,4,8,209,1345.733642578125,477,1414.63623046875,74.23468125186743,66.12562343937469,
dcrlme_seed1,dcrlme,1,leg1_weak,top_k,4,9,365,1286.95361328125,477,1414.63623046875,74.23468125186743,66.12562343937469,
dcrlme_seed1,dcrlme,1,leg1_weak,top_k,4,10,782,1335.3843994140625,477,1414.63623046875,74.23468125186743,66.12562343937469,
dcrlme_seed1,dcrlme,1,leg1_weak,top_k,4,11,59,1524.771484375,59,1534.468505859375,99.22710968657283,88.38799304397615,
dcrlme_seed1,dcrlme,1,leg1_weak,top_k,4,12,963,1416.08056640625,59,1534.468505859375,99.22710968657283,88.38799304397615,
dcrlme_seed1,dcrlme,1,leg1_weak,top_k,4,13,781,1316.970947265625,59,1534.468505859375,99.22710968657283,88.38799304397615,
dcrlme_seed1,dcrlme,1,leg1_weak,top_k,4,14,628,1505.63623046875,59,1534.468505859375,99.22710968657283,88.38799304397615,
dcrlme_seed1,dcrlme,1,leg1_weak,top_k,4,15,518,1388.835693359375,59,1534.468505859375,99.22710968657283,88.38799304397615,
dcrlme_seed1,dcrlme,1,leg1_weak,top_k,4,16,601,1404.521484375,59,1534.468505859375,99.22710968657283,88.38799304397615,
dcrlme_seed1,dcrlme,1,leg1_weak,top_k,4,17,791,1351.2139892578125,59,1534.468505859375,99.22710968657283,88.38799304397615,
dcrlme_seed1,dcrlme,1,leg1_weak,top_k,4,18,804,1278.1434326171875,59,1534.468505859375,99.22710968657283,88.38799304397615,
dcrlme_seed1,dcrlme,1,leg1_weak,top_k,4,19,657,1400.4591064453125,59,1534.468505859375,99.22710968657283,88.38799304397615,
dcrlme_seed1,dcrlme,1,leg1_weak,top_k,4,20,141,1206.0841064453125,59,1534.468505859375,99.22710968657283,88.38799304397615,
dcrlme_seed1,dcrlme,1,leg2_weak,ite,0,1,536,1212.5374755859375,536,1218.530517578125,40.263939080497515,29.693219500506466,6
dcrlme_seed1,dcrlme,1,leg2_weak,ite,0,2,365,1137.54541015625,536,1218.530517578125,40.263939080497515,29.693219500506466,6
dcrlme_seed1,dcrlme,1,leg2_weak,ite,0,3,452,1227.47998046875,452,1236.7640380859375,44.85726312195106,33.08063221060309,6
dcrlme_seed1,dcrlme,1,leg2_weak,ite,0,4,43,1058.6417236328125,452,1236.7640380859375,44.85726312195106,33.08063221060309,6
dcrlme_seed1,dcrlme,1,leg2_weak,ite,0,5,781,1251.526611328125,781,1278.819580078125,55.45174661877793,40.89368605356769,6
dcrlme_seed1,dcrlme,1,leg2_weak,ite,0,6,452,1217.403076171875,781,1278.819580078125,55.45174661877793,40.89368605356769,6
dcrlme_seed1,dcrlme,1,leg2_weak,ite,0,7,500,1115.5146484375,781,1278.819580078125,55.45174661877793,40.89368605356769,6
dcrlme_seed1,dcrlme,1,leg2_weak,ite,0,8,711,1226.6357421875,781,1278.819580078125,55.45174661877793,40.89368605356769,6
dcrlme_seed1,dcrlme,1,leg2_weak,ite,0,9,711,1227.008544921875,781,1278.819580078125,55.45174661877793,40.89368605356769,6
dcrlme_seed1,dcrlme,1,leg2_weak,ite,0,10,452,1228.7744140625,781,1278.819580078125,55.45174661877793,40.89368605356769,6
dcrlme_seed1,dcrlme,1,leg2_weak,ite,0,11,781,1257.92236328125,781,1278.819580078125,55.45174661877793,40.89368605356769,6
dcrlme_seed1,dcrlme,1,leg2_weak,ite,0,12,781,1260.0491943359375,781,1278.819580078125,55.45174661877793,40.89368605356769,6
dcrlme_seed1,dcrlme,1,leg2_weak,ite,0,13,781,1251.90625,781,1278.819580078125,55.45174661877793,40.89368605356769,6
dcrlme_seed1,dcrlme,1,leg2_weak,ite,0,14,781,1255.683349609375,781,1278.819580078125,55.45174661877793,40.89368605356769,6
dcrlme_seed1,dcrlme,1,leg2_weak,ite,0,15,781,1266.874755859375,781,1278.819580078125,55.45174661877793,40.89368605356769,6
dcrlme_seed1,dcrlme,1,leg2_weak,ite,0,16,781,1255.935546875,781,1278.819580078125,55.45174661877793,40.89368605356769,6
dcrlme_seed1,dcrlme,1,leg2_weak,ite,0,17,781,1241.786865234375,781,1278.819580078125,55.45174661877793,40.89368605356769,6
dcrlme_seed1,dcrlme,1,leg2_weak,ite,0,18,781,1282.6844482421875,781,1278.819580078125,55.45174661877793,40.89368605356769,6
dcrlme_seed1,dcrlme,1,leg2_weak,ite,0,19,781,1253.926513671875,781,1278.819580078125,55.45174661877793,40.89368605356769,6
dcrlme_seed1,dcrlme,1,leg2_weak,ite,0,20,781,1261.106201171875,781,1278.819580078125,55.45174661877793,40.89368605356769,6
dcrlme_seed1,dcrlme,1,leg2_weak,ite,1,1,536,1231.0596923828125,536,1218.530517578125,40.263939080497515,29.693219500506466,5
dcrlme_seed1,dcrlme,1,leg2_weak,ite,1,2,365,1173.549560546875,536,1218.530517578125,40.263939080497515,29.693219500506466,5
dcrlme_seed1,dcrlme,1,leg2_weak,ite,1,3,452,1220.123291015625,536,1218.530517578125,40.263939080497515,29.693219500506466,5
dcrlme_seed1,dcrlme,1,leg2_weak,ite,1,4,43,1060.171875,536,1218.530517578125,40.263939080497515,29.693219500506466,5
dcrlme_seed1,dcrlme,1,leg2_weak,ite,1,5,781,1280.662353515625,781,1278.819580078125,55.45174661877793,40.89368605356769,5
dcrlme_seed1,dcrlme,1,leg2_weak,ite,1,6,781,1261.434326171875,781,1278.819580078125,55.45174661877793,40.89368605356769,5
dcrlme_seed1,dcrlme,1,leg2_weak,ite,1,7,500,1123.845947265625,781,1278.819580078125,55.45174661877793,40.89368605356769,5
dcrlme_seed1,dcrlme,1,leg2_weak,ite,1,8,711,1220.2705078125,781,1278.819580078125,55.45174661877793,40.89368605356769,5
dcrlme_seed1,dcrlme,1,leg2_weak,ite,1,9,452,1230.0843505859375,781,1278.819580078125,55.45174661877793,40.89368605356769,5
dcrlme_seed1,dcrlme,1,leg2_weak,ite,1,10,781,1276.2008056640625,781,1278.819580078125,55.45174661877793,40.89368605356769,5
dcrlme_seed1,dcrlme,1,leg2_weak,ite,1,11,781,1271.0108642578125,781,1278.819580078125,55.45174661877793,40.89368605356769,5
dcrlme_seed1,dcrlme,1,leg2_weak,ite,1,12,781,1257.0089111328125,781,1278.819580078125,55.45174661877793,40.89368605356769,5
dcrlme_seed1,dcrlme,1,leg2_weak,ite,1,13,781,1263.361572265625,781,1278.819580078125,55.45174661877793,40.89368605356769,5
dcrlme_seed1,dcrlme,1,leg2_weak,ite,1,14,781,1262.6259765625,781,1278.819580078125,55.45174661877793,40.89368605356769,5
dcrlme_seed1,dcrlme,1,leg2_weak,ite,1,15,781,1265.381103515625,781,1278.819580078125,55.45174661877793,40.89368605356769,5
dcrlme_seed1,dcrlme,1,leg2_weak,ite,1,16,781,1253.568603515625,781,1278.819580078125,55.45174661877793,40.89368605356769,5
dcrlme_seed1,dcrlme,1,leg2_weak,ite,1,17,781,1247.902099609375,781,1278.819580078125,55.45174661877793,40.89368605356769,5
dcrlme_seed1,dcrlme,1,leg2_weak,ite,1,18,781,1260.197021484375,781,1278.819580078125,55.45174661877793,40.89368605356769,5
dcrlme_seed1,dcrlme,1,leg2_weak,ite,1,19,781,1261.76220703125,781,1278.819580078125,55.45174661877793,40.89368605356769,5
dcrlme_seed1,dcrlme,1,leg2_weak,ite,1,20,781,1284.621826171875,781,1278.819580078125,55.45174661877793,40.89368605356769,5
dcrlme_seed1,dcrlme,1,leg2_weak,ite,2,1,536,1196.618896484375,536,1218.530517578125,40.263939080497515,29.693219500506466,6
dcrlme_seed1,dcrlme,1,leg2_weak,ite,2,2,365,1156.342529296875,536,1218.530517578125,40.263939080497515,29.693219500506466,6
dcrlme_seed1,dcrlme,1,leg2_weak,ite,2,3,452,1247.4117431640625,452,1236.7640380859375,44.85726312195106,33.08063221060309,6
dcrlme_seed1,dcrlme,1,leg2_weak,ite,2,4,43,1054.67919921875,452,1236.7640380859375,44.85726312195106,33.08063221060309,6
dcrlme_seed1,dcrlme,1,leg2_weak,ite,2,5,452,1249.1016845703125,452,1236.7640380859375,44.85726312195106,33.08063221060309,6
dcrlme_seed1,dcrlme,1,leg2_weak,ite,2,6,452,1226.90283203125,452,1236.7640380859375,44.85726312195106,33.08063221060309,6
dcrlme_seed1,dcrlme,1,leg2_weak,ite,2,7,500,1134.55615234375,452,1236.7640380859375,44.85726312195106,33.08063221060309,6
dcrlme_seed1,dcrlme,1,leg2_weak,ite,2,8,711,1244.2744140625,452,1236.7640380859375,44.85726312195106,33.08063221060309,6
dcrlme_seed1,dcrlme,1,leg2_weak,ite,2,9,452,1227.721923828125,452,1236.7640380859375,44.85726312195106,33.08063221060309,6
dcrlme_seed1,dcrlme,1,leg2_weak,ite,2,10,711,1227.338134765625,452,1236.7640380859375,44.85726312195106,33.08063221060309,6
dcrlme_seed1,dcrlme,1,leg2_weak,ite,2,11,452,1231.310791015625,452,1236.7640380859375,44.85726312195106,33.08063221060309,6
dcrlme_seed1,dcrlme,1,leg2_weak,ite,2,12,452,1237.10205078125,452,1236.7640380859375,44.85726312195106,33.08063221060309,6
dcrlme_seed1,dcrlme,1,leg2_weak,ite,2,13,781,1269.697021484375,781,1278.819580078125,55.45174661877793,40.89368605356769,6
dcrlme_seed1,dcrlme,1,leg2_weak,ite,2,14,781,1286.608642578125,781,1278.819580078125,55.45174661877793,40.89368605356769,6
dcrlme_seed1,dcrlme,1,leg2_weak,ite,2,15,781,1239.5543212890625,781,1278.819580078125,55.45174661877793,40.89368605356769,6
dcrlme_seed1,dcrlme,1,leg2_weak,ite,2,16,781,1237.7127685546875,781,1278.819580078125,55.45174661877793,40.89368605356769,6
dcrlme_seed1,dcrlme,1,leg2_weak,ite,2,17,781,1273.307861328125,781,1278.819580078125,55.45174661877793,40.89368605356769,6
dcrlme_seed1,dcrlme,1,leg2_weak,ite,2,18,781,1245.3369140625,781,1278.819580078125,55.45174661877793,40.89368605356769,6
dcrlme_seed1,dcrlme,1,leg2_weak,ite,2,19,781,1252.509521484375,781,1278.819580078125,55.45174661877793,40.89368605356769,6
dcrlme_seed1,dcrlme,1,leg2_weak,ite,2,20,781,1258.140625,781,1278.819580078125,55.45174661877793,40.89368605356769,6
dcrlme_seed1,dcrlme,1,leg2_weak,ite,3,1,536,1217.896484375,536,1218.530517578125,40.263939080497515,29.693219500506466,7
dcrlme_seed1,dcrlme,1,leg2_weak,ite,3,2,365,1167.7598876953125,536,1218.530517578125,40.263939080497515,29.693219500506466,7
dcrlme_seed1,dcrlme,1,leg2_weak,ite,3,3,452,1232.12890625,452,1236.7640380859375,44.85726312195106,33.08063221060309,7
dcrlme_seed1,dcrlme,1,leg2_weak,ite,3,4,43,1057.79931640625,452,1236.7640380859375,44.85726312195106,33.08063221060309,7
dcrlme_seed1,dcrlme,1,leg2_weak,ite,3,5,781,1246.72412109375,781,1278.819580078125,55.45174661877793,40.89368605356769,7
dcrlme_seed1,dcrlme,1,leg2_weak,ite,3,6,452,1243.107421875,781,1278.819580078125,55.45174661877793,40.89368605356769,7
dcrlme_seed1,dcrlme,1,leg2_weak,ite,3,7,500,1126.5966796875,781,1278.819580078125,55.45174661877793,40.89368605356769,7
dcrlme_seed1,dcrlme,1,leg2_weak,ite,3,8,711,1237.9415283203125,781,1278.819580078125,55.45174661877793,40.89368605356769,7
dcrlme_seed1,dcrlme,1,leg2_weak,ite,3,9,452,1239.8482666015625,781,1278.819580078125,55.45174661877793,40.89368605356769,7
dcrlme_seed1,dcrlme,1,leg2_weak,ite,3,10,452,1228.1142578125,781,1278.819580078125,55.45174661877793,40.89368605356769,7
dcrlme_seed1,dcrlme,1,leg2_weak,ite,3,11,711,1220.869140625,781,1278.819580078125,55.45174661877793,40.89368605356769,7
dcrlme_seed1,dcrlme,1,leg2_weak,ite,3,12,452,1230.12744140625,781,1278.819580078125,55.45174661877793,40.89368605356769,7
dcrlme_seed1,dcrlme,1,leg2_weak,ite,3,13,781,1243.76123046875,781,1278.819580078125,55.45174661877793,40.89368605356769,7
dcrlme_seed1,dcrlme,1,leg2_weak,ite,3,14,452,1241.4403076171875,781,1278.819580078125,55.45174661877793,40.89368605356769,7
dcrlme_seed1,dcrlme,1,leg2_weak,ite,3,15,781,1276.1929931640625,781,1278.819580078125,55.45174661877793,40.89368605356769,7
dcrlme_seed1,dcrlme,1,leg2_weak,ite,3,16,781,1250.6094970703125,781,1278.819580078125,55.45174661877793,40.89368605356769,7
dcrlme_seed1,dcrlme,1,leg2_weak,ite,3,17,781,1252.4169921875,781,1278.819580078125,55.45174661877793,40.89368605356769,7
dcrlme_seed1,dcrlme,1,leg2_weak,ite,3,18,781,1263.21826171875,781,1278.819580078125,55.45174661877793,40.89368605356769,7
dcrlme_seed1,dcrlme,1,leg2_weak,ite,3,19,781,1289.71337890625,781,1278.819580078125,55.45174661877793,40.89368605356769,7
dcrlme_seed1,dcrlme,1,leg2_weak,ite,3,20,781,1259.47314453125,781,1278.819580078125,55.45174661877793,40.89368605356769,7
dcrlme_seed1,dcrlme,1,leg2_weak,ite,4,1,536,1223.23193359375,536,1218.530517578125,40.263939080497515,29.693219500506466,7
dcrlme_seed1,dcrlme,1,leg2_weak,ite,4,2,365,1193.4560546875,536,1218.530517578125,40.263939080497515,29.693219500506466,7
dcrlme_seed1,dcrlme,1,leg2_weak,ite,4,3,452,1222.114990234375,536,1218.530517578125,40.263939080497515,29.693219500506466,7
dcrlme_seed1,dcrlme,1,leg2_weak,ite,4,4,43,1060.22119140625,536,1218.530517578125,40.263939080497515,29.693219500506466,7
dcrlme_seed1,dcrlme,1,leg2_weak,ite,4,5,500,1136.2569580078125,536,1218.530517578125,40.263939080497515,29.693219500506466,7
dcrlme_seed1,dcrlme,1,leg2_weak,ite,4,6,711,1247.306640625,711,1236.5863037109375,44.81248890638855,33.0476128230066,7
dcrlme_seed1,dcrlme,1,leg2_weak,ite,4,7,452,1226.218994140625,711,1236.5863037109375,44.81248890638855,33.0476128230066,7
dcrlme_seed1,dcrlme,1,leg2_weak,ite,4,8,781,1277.0260009765625,781,1278.819580078125,55.45174661877793,40.89368605356769,7
dcrlme_seed1,dcrlme,1,leg2_weak,ite,4,9,781,1273.2994384765625,781,1278.819580078125,55.45174661877793,40.89368605356769,7
dcrlme_seed1,dcrlme,1,leg2_weak,ite,4,10,781,1251.03466796875,781,1278.819580078125,55.45174661877793,40.89368605356769,7
dcrlme_seed1,dcrlme,1,leg2_weak,ite,4,11,781,1252.6558837890625,781,1278.819580078125,55.45174661877793,40.89368605356769,7
dcrlme_seed1,dcrlme,1,leg2_weak,ite,4,12,711,1236.0142822265625,781,1278.819580078125,55.45174661877793,40.89368605356769,7
dcrlme_seed1,dcrlme,1,leg2_weak,ite,4,13,781,1261.842529296875,781,1278.819580078125,55.45174661877793,40.89368605356769,7
dcrlme_seed1,dcrlme,1,leg2_weak,ite,4,14,781,1268.908935546875,781,1278.819580078125,55.45174661877793,40.89368605356769,7
dcrlme_seed1,dcrlme,1,leg2_weak,ite,4,15,781,1268.31201171875,781,1278.819580078125,55.45174661877793,40.89368605356769,7
dcrlme_seed1,dcrlme,1,leg2_weak,ite,4,16,781,1252.979736328125,781,1278.819580078125,55.45174661877793,40.89368605356769,7
dcrlme_seed1,dcrlme,1,leg2_weak,ite,4,17,781,1270.18359375,781,1278.819580078125,55.45174661877793,40.89368605356769,7
dcrlme_seed1,dcrlme,1,leg2_weak,ite,4,18,781,1288.5843505859375,781,1278.819580078125,55.45174661877793,40.89368605356769,7
dcrlme_seed1,dcrlme,1,leg2_weak,ite,4,19,781,1241.557861328125,781,1278.819580078125,55.45174661877793,40.89368605356769,7
dcrlme_seed1,dcrlme,1,leg2_weak,ite,4,20,781,1267.4703369140625,781,1278.819580078125,55.45174661877793,40.89368605356769,7
dcrlme_seed1,dcrlme,1,leg2_weak,top_k,0,1,536,1209.0284423828125,536,1218.530517578125,40.263939080497515,29.693219500506466,
dcrlme_seed1,dcrlme,1,leg2_weak,top_k,0,2,452,1229.018798828125,452,1236.7640380859375,44.85726312195106,33.08063221060309,
dcrlme_seed1,dcrlme,1,leg2_weak,top_k,0,3,609,1256.32421875,609,1240.110107421875,45.7001930826543,33.702263002778565,
dcrlme_seed1,dcrlme,1,leg2_weak,top_k,0,4,545,1258.771484375,545,1227.198486328125,42.44754313177678,31.30354963405855,
dcrlme_seed1,dcrlme,1,leg2_weak,top_k,0,5,477,1181.976806640625,545,1227.198486328125,42.44754313177678,31.30354963405855,
dcrlme_seed1,dcrlme,1,leg2_weak,top_k,0,6,711,1233.40771484375,545,1227.198486328125,42.44754313177678,31.30354963405855,
dcrlme_seed1,dcrlme,1,leg2_weak,top_k,0,7,863,1192.9669189453125,545,1227.198486328125,42.44754313177678,31.30354963405855,
dcrlme_seed1,dcrlme,1,leg2_weak,top_k,0,8,209,1339.84521484375,209,1338.4384765625,70.47072830304862,51.96964955861742,
dcrlme_seed1,dcrlme,1,leg2_weak,top_k,0,9,365,1153.4970703125,209,1338.4384765625,70.47072830304862,51.96964955861742,
dcrlme_seed1,dcrlme,1,leg2_weak,top_k,0,10,782,1346.3236083984375,782,1344.474365234375,71.99126804391662,53.090993404150545,
dcrlme_seed1,dcrlme,1,leg2_weak,top_k,0,11,59,1137.714599609375,782,1344.474365234375,71.99126804391662,53.090993404150545,
dcrlme_seed1,dcrlme,1,leg2_weak,top_k,0,12,963,1332.71142578125,782,1344.474365234375,71.99126804391662,53.090993404150545,
dcrlme_seed1,dcrlme,1,leg2_weak,top_k,0,13,781,1262.313232421875,782,1344.474365234375,71.99126804391662,53.090993404150545,
dcrlme_seed1,dcrlme,1,leg2_weak,top_k,0,14,628,1360.6640625,628,1333.917724609375,69.33187644924233,51.12978692108407,
dcrlme_seed1,dcrlme,1,leg2_weak,top_k,0,15,518,1253.551025390625,628,1333.917724609375,69.33187644924233,51.12978692108407,
dcrlme_seed1,dcrlme,1,leg2_weak,top_k,0,16,601,1353.15869140625,628,1333.917724609375,69.33187644924233,51.12978692108407,
dcrlme_seed1,dcrlme,1,leg2_weak,top_k,0,17,791,1223.166748046875,628,1333.917724609375,69.33187644924233,51.12978692108407,
dcrlme_seed1,dcrlme,1,leg2_weak,top_k,0,18,804,1253.016845703125,628,1333.917724609375,69.33187644924233,51.12978692108407,
dcrlme_seed1,dcrlme,1,leg2_weak,top_k,0,19,657,1198.888916015625,628,1333.917724609375,69.33187644924233,51.12978692108407,
dcrlme_seed1,dcrlme,1,leg2_weak,top_k,0,20,141,1158.17626953125,628,1333.917724609375,69.33187644924233,51.12978692108407,
dcrlme_seed1,dcrlme,1,leg2_weak,top_k,1,1,536,1221.11181640625,536,1218.530517578125,40.263939080497515,29.693219500506466,
dcrlme_seed1,dcrlme,1,leg2_weak,top_k,1,2,452,1231.53662109375,452,1236.7640380859375,44.85726312195106,33.08063221060309,
dcrlme_seed1,dcrlme,1,leg2_weak,top_k,1,3,609,1234.3843994140625,609,1240.110107421875,45.7001930826543,33.702263002778565,
dcrlme_seed1,dcrlme,1,leg2_weak,top_k,1,4,545,1210.91357421875,609,1240.110107421875,45.7001930826543,33.702263002778565,
dcrlme_seed1,dcrlme,1,leg2_weak,top_k,1,5,477,1202.376953125,609,1240.110107421875,45.7001930826543,33.702263002778565,
dcrlme_seed1,dcrlme,1,leg2_weak,top_k,1,6,711,1228.61865234375,609,1240.110107421875,45.7001930826543,33.702263002778565,
dcrlme_seed1,dcrlme,1,leg2_weak,top_k,1,7,863,1196.6580810546875,609,1240.110107421875,45.7001930826543,33.702263002778565,
dcrlme_seed1,dcrlme,1,leg2_weak,top_k,1,8,209,1354.634033203125,209,1338.4384765625,70.47072830304862,51.96964955861742,
dcrlme_seed1,dcrlme,1,leg2_weak,top_k,1,9,365,1182.141845703125,209,1338.4384765625,70.47072830304862,51.96964955861742,
dcrlme_seed1,dcrlme,1,leg2_weak,top_k,1,10,782,1333.568359375,209,1338.4384765625,70.47072830304862,51.96964955861742,
dcrlme_seed1,dcrlme,1,leg2_weak,top_k,1,11,59,1152.6661376953125,209,1338.4384765625,70.47072830304862,51.96964955861742,
dcrlme_seed1,dcrlme,1,leg2_weak,top_k,1,12,963,1301.637451171875,209,1338.4384765625,70.47072830304862,51.96964955861742,
dcrlme_seed1,dcrlme,1,leg2_weak,top_k,1,13,781,1283.380615234375,209,1338.4384765625,70.47072830304862,51.96964955861742,
dcrlme_seed1,dcrlme,1,leg2_weak,top_k,1,14,628,1322.39794921875,209,1338.4384765625,70.47072830304862,51.96964955861742,
dcrlme_seed1,dcrlme,1,leg2_weak,top_k,1,15,518,1276.41748046875,209,1338.4384765625,70.47072830304862,51.96964955861742,
dcrlme_seed1,dcrlme,1,leg2_weak,top_k,1,16,601,1402.650634765625,601,1371.816650390625,78.87923988142705,58.170627050416655,
dcrlme_seed1,dcrlme,1,leg2_weak,top_k,1,17,791,1223.30419921875,601,1371.816650390625,78.87923988142705,58.170627050416655,
dcrlme_seed1,dcrlme,1,leg2_weak,top_k,1,18,804,1242.4490966796875,601,1371.816650390625,78.87923988142705,58.170627050416655,
dcrlme_seed1,dcrlme,1,leg2_weak,top_k,1,19,657,1199.4483642578125,601,1371.816650390625,78.87923988142705,58.170627050416655,
dcrlme_seed1,dcrlme,1,leg2_weak,top_k,1,20,141,1150.990966796875,601,1371.816650390625,78.87923988142705,58.170627050416655,
dcrlme_seed1,dcrlme,1,leg2_weak,top_k,2,1,536,1218.6409912109375,536,1218.530517578125,40.263939080497515,29.693219500506466,
dcrlme_seed1,dcrlme,1,leg2_weak,top_k,2,2,452,1226.3673095703125,452,1236.7640380859375,44.85726312195106,33.08063221060309,
dcrlme_seed1,dcrlme,1,leg2_weak,top_k,2,3,609,1217.1900634765625,452,1236.7640380859375,44.85726312195106,33.08063221060309,
dcrlme_seed1,dcrlme,1,leg2_weak,top_k,2,4,545,1180.69482421875,452,1236.7640380859375,44.85726312195106,33.08063221060309,
dcrlme_seed1,dcrlme,1,leg2_weak,top_k,2,5,477,1196.3468017578125,452,1236.7640380859375,44.85726312195106,33.08063221060309,
dcrlme_seed1,dcrlme,1,leg2_weak,top_k,2,6,711,1215.55615234375,452,1236.7640380859375,44.85726312195106,33.08063221060309,
dcrlme_seed1,dcrlme,1,leg2_weak,top_k,2,7,863,1227.7939453125,863,1192.6357421875,33.74061878703943,24.882503366684876,
dcrlme_seed1,dcrlme,1,leg2_weak,top_k,2,8,209,1346.208251953125,209,1338.4384765625,70.47072830304862,51.96964955861742,
dcrlme_seed1,dcrlme,1,leg2_weak,top_k,2,9,365,1182.478759765625,209,1338.4384765625,70.47072830304862,51.96964955861742,
dcrlme_seed1,dcrlme,1,leg2_weak,top_k,2,10,782,1351.365966796875,782,1344.474365234375,71.99126804391662,53.090993404150545,
dcrlme_seed1,dcrlme,1,leg2_weak,top_k,2,11,59,1155.91357421875,782,1344.474365234375,71.99126804391662,53.090993404150545,
dcrlme_seed1,dcrlme,1,leg2_weak,top_k,2,12,963,1265.987060546875,782,1344.474365234375,71.99126804391662,53.090993404150545,
dcrlme_seed1,dcrlme,1,leg2_weak,top_k,2,13,781,1253.018798828125,782,1344.474365234375,71.99126804391662,53.090993404150545,
dcrlme_seed1,dcrlme,1,leg2_weak,top_k,2,14,628,1374.216796875,628,1333.917724609375,69.33187644924233,51.12978692108407,
dcrlme_seed1,dcrlme,1,leg2_weak,top_k,2,15,518,1246.7098388671875,628,1333.917724609375,69.33187644924233,51.12978692108407,
dcrlme_seed1,dcrlme,1,leg2_weak,top_k,2,16,601,1395.0498046875,601,1371.816650390625,78.87923988142705,58.170627050416655,
dcrlme_seed1,dcrlme,1,leg2_weak,top_k,2,17,791,1214.919921875,601,1371.816650390625,78.87923988142705,58.170627050416655,
dcrlme_seed1,dcrlme,1,leg2_weak,top_k,2,18,804,1253.120361328125,601,1371.816650390625,78.87923988142705,58.170627050416655,
dcrlme_seed1,dcrlme,1,leg2_weak,top_k,2,19,657,1145.93212890625,601,1371.816650390625,78.87923988142705,58.170627050416655,
dcrlme_seed1,dcrlme,1,leg2_weak,top_k,2,20,141,1153.828125,601,1371.816650390625,78.87923988142705,58.170627050416655,
dcrlme_seed1,dcrlme,1,leg2_weak,top_k,3,1,536,1216.72509765625,536,1218.530517578125,40.263939080497515,29.693219500506466,
dcrlme_seed1,dcrlme,1,leg2_weak,top_k,3,2,452,1240.4971923828125,452,1236.7640380859375,44.85726312195106,33.08063221060309,
dcrlme_seed1,dcrlme,1,leg2_weak,top_k,3,3,609,1241.138916015625,609,1240.110107421875,45.7001930826543,33.702263002778565,
dcrlme_seed1,dcrlme,1,leg2_weak,top_k,3,4,545,1190.912841796875,609,1240.110107421875,45.7001930826543,33.702263002778565,
dcrlme_seed1,dcrlme,1,leg2_weak,top_k,3,5,477,1194.189208984375,609,1240.110107421875,45.7001930826543,33.702263002778565,
dcrlme_seed1,dcrlme,1,leg2_weak,top_k,3,6,711,1229.9085693359375,609,1240.110107421875,45.7001930826543,33.702263002778565,
dcrlme_seed1,dcrlme,1,leg2_weak,top_k,3,7,863,1194.5452880859375,609,1240.110107421875,45.7001930826543,33.702263002778565,
dcrlme_seed1,dcrlme,1,leg2_weak,top_k,3,8,209,1336.593994140625,209,1338.4384765625,70.47072830304862,51.96964955861742,
dcrlme_seed1,dcrlme,1,leg2_weak,top_k,3,9,365,1167.449951171875,209,1338.4384765625,70.47072830304862,51.96964955861742,
dcrlme_seed1,dcrlme,1,leg2_weak,top_k,3,10,782,1349.317138671875,782,1344.474365234375,71.99126804391662,53.090993404150545,
dcrlme_seed1,dcrlme,1,leg2_weak,top_k,3,11,59,1139.052734375,782,1344.474365234375,71.99126804391662,53.090993404150545,
dcrlme_seed1,dcrlme,1,leg2_weak,top_k,3,12,963,1279.3890380859375,782,1344.474365234375,71.99126804391662,53.090993404150545,
dcrlme_seed1,dcrlme,1,leg2_weak,top_k,3,13,781,1288.315185546875,782,1344.474365234375,71.99126804391662,53.090993404150545,
dcrlme_seed1,dcrlme,1,leg2_weak,top_k,3,14,628,1344.1640625,782,1344.474365234375,71.99126804391662,53.090993404150545,
dcrlme_seed1,dcrlme,1,leg2_weak,top_k,3,15,518,1282.22509765625,782,1344.474365234375,71.99126804391662,53.090993404150545,
dcrlme_seed1,dcrlme,1,leg2_weak,top_k,3,16,601,1394.507568359375,601,1371.816650390625,78.87923988142705,58.170627050416655,
dcrlme_seed1,dcrlme,1,leg2_weak,top_k,3,17,791,1218.0042724609375,601,1371.816650390625,78.87923988142705,58.170627050416655,
dcrlme_seed1,dcrlme,1,leg2_weak,top_k,3,18,804,1249.96337890625,601,1371.816650390625,78.87923988142705,58.170627050416655,
dcrlme_seed1,dcrlme,1,leg2_weak,top_k,3,19,657,1217.940673828125,601,1371.816650390625,78.87923988142705,58.170627050416655,
dcrlme_seed1,dcrlme,1,leg2_weak,top_k,3,20,141,1151.6583251953125,601,1371.816650390625,78.87923988142705,58.170627050416655,
dcrlme_seed1,dcrlme,1,leg2_weak,top_k,4,1,536,1222.642578125,536,1218.530517578125,40.263939080497515,29.693219500506466,
dcrlme_seed1,dcrlme,1,leg2_weak,top_k,4,2,452,1237.076416015625,452,1236.7640380859375,44.85726312195106,33.08063221060309,
dcrlme_seed1,dcrlme,1,leg2_weak,top_k,4,3,609,1250.4013671875,609,1240.110107421875,45.7001930826543,33.702263002778565,
dcrlme_seed1,dcrlme,1,leg2_weak,top_k,4,4,545,1230.828125,609,1240.110107421875,45.7001930826543,33.702263002778565,
dcrlme_seed1,dcrlme,1,leg2_weak,top_k,4,5,477,1207.027587890625,609,1240.110107421875,45.7001930826543,33.702263002778565,
dcrlme_seed1,dcrlme,1,leg2_weak,top_k,4,6,711,1222.873291015625,609,1240.110107421875,45.7001930826543,33.702263002778565,
dcrlme_seed1,dcrlme,1,leg2_weak,top_k,4,7,863,1200.834228515625,609,1240.110107421875,45.7001930826543,33.702263002778565,
dcrlme_seed1,dcrlme,1,leg2_weak,top_k,4,8,209,1338.677978515625,209,1338.4384765625,70.47072830304862,51.96964955861742,
dcrlme_seed1,dcrlme,1,leg2_weak,top_k,4,9,365,1147.8099365234375,209,1338.4384765625,70.47072830304862,51.96964955861742,
dcrlme_seed1,dcrlme,1,leg2_weak,top_k,4,10,782,1354.7010498046875,782,1344.474365234375,71.99126804391662,53.090993404150545,
dcrlme_seed1,dcrlme,1,leg2_weak,top_k,4,11,59,1170.9373779296875,782,1344.474365234375,71.99126804391662,53.090993404150545,
dcrlme_seed1,dcrlme,1,leg2_weak,top_k,4,12,963,1320.6566162109375,782,1344.474365234375,71.99126804391662,53.090993404150545,
dcrlme_seed1,dcrlme,1,leg2_weak,top_k,4,13,781,1239.327880859375,782,1344.474365234375,71.99126804391662,53.090993404150545,
dcrlme_seed1,dcrlme,1,leg2_weak,top_k,4,14,628,1334.075927734375,782,1344.474365234375,71.99126804391662,53.090993404150545,
dcrlme_seed1,dcrlme,1,leg2_weak,top_k,4,15,518,1242.410400390625,782,1344.474365234375,71.99126804391662,53.090993404150545,
dcrlme_seed1,dcrlme,1,leg2_weak,top_k,4,16,601,1395.3150634765625,601,1371.816650390625,78.87923988142705,58.170627050416655,
dcrlme_seed1,dcrlme,1,leg2_weak,top_k,4,17,791,1221.125,601,1371.816650390625,78.87923988142705,58.170627050416655,
dcrlme_seed1,dcrlme,1,leg2_weak,top_k,4,18,804,1250.703369140625,601,1371.816650390625,78.87923988142705,58.170627050416655,
dcrlme_seed1,dcrlme,1,leg2_weak,top_k,4,19,657,1174.1314697265625,601,1371.816650390625,78.87923988142705,58.170627050416655,
dcrlme_seed1,dcrlme,1,leg2_weak,top_k,4,20,141,1163.49072265625,601,1371.816650390625,78.87923988142705,58.170627050416655,
dcrlme_seed1,dcrlme,1,leg3_weak,ite,0,1,536,1185.539306640625,536,1243.270751953125,35.7333481812289,34.28944568385578,2
dcrlme_seed1,dcrlme,1,leg3_weak,ite,0,2,365,1476.8294677734375,365,1482.976318359375,82.14093104434998,78.82180475173479,2
dcrlme_seed1,dcrlme,1,leg3_weak,ite,0,3,365,1461.464599609375,365,1482.976318359375,82.14093104434998,78.82180475173479,2
dcrlme_seed1,dcrlme,1,leg3_weak,ite,0,4,365,1476.319091796875,365,1482.976318359375,82.14093104434998,78.82180475173479,2
dcrlme_seed1,dcrlme,1,leg3_weak,ite,0,5,365,1533.190185546875,365,1482.976318359375,82.14093104434998,78.82180475173479,2
dcrlme_seed1,dcrlme,1,leg3_weak,ite,0,6,365,1449.60205078125,365,1482.976318359375,82.14093104434998,78.82180475173479,2
dcrlme_seed1,dcrlme,1,leg3_weak,ite,0,7,365,1526.832275390625,365,1482.976318359375,82.14093104434998,78.82180475173479,2
dcrlme_seed1,dcrlme,1,leg3_weak,ite,0,8,365,1523.268798828125,365,1482.976318359375,82.14093104434998,78.82180475173479,2
dcrlme_seed1,dcrlme,1,leg3_weak,ite,0,9,365,1500.48486328125,365,1482.976318359375,82.14093104434998,78.82180475173479,2
dcrlme_seed1,dcrlme,1,leg3_weak,ite,0,10,365,1456.493896484375,365,1482.976318359375,82.14093104434998,78.82180475173479,2
dcrlme_seed1,dcrlme,1,leg3_weak,ite,0,11,365,1468.733154296875,365,1482.976318359375,82.14093104434998,78.82180475173479,2
dcrlme_seed1,dcrlme,1,leg3_weak,ite,0,12,365,1471.61572265625,365,1482.976318359375,82.14093104434998,78.82180475173479,2
dcrlme_seed1,dcrlme,1,leg3_weak,ite,0,13,365,1381.17236328125,365,1482.976318359375,82.14093104434998,78.82180475173479,2
dcrlme_seed1,dcrlme,1,leg3_weak,ite,0,14,365,1468.8782958984375,365,1482.976318359375,82.14093104434998,78.82180475173479,2
dcrlme_seed1,dcrlme,1,leg3_weak,ite,0,15,365,1434.064208984375,365,1482.976318359375,82.14093104434998,78.82180475173479,2
dcrlme_seed1,dcrlme,1,leg3_weak,ite,0,16,365,1456.297119140625,365,1482.976318359375,82.14093104434998,78.82180475173479,2
dcrlme_seed1,dcrlme,1,leg3_weak,ite,0,17,365,1480.539794921875,365,1482.976318359375,82.14093104434998,78.82180475173479,2
dcrlme_seed1,dcrlme,1,leg3_weak,ite,0,18,365,1406.859130859375,365,1482.976318359375,82.14093104434998,78.82180475173479,2
dcrlme_seed1,dcrlme,1,leg3_weak,ite,0,19,365,1422.5291748046875,365,1482.976318359375,82.14093104434998,78.82180475173479,2
dcrlme_seed1,dcrlme,1,leg3_weak,ite,0,20,365,1476.48681640625,365,1482.976318359375,82.14093104434998,78.82180475173479,2
dcrlme_seed1,dcrlme,1,leg3_weak,ite,1,1,536,1262.1900634765625,536,1243.270751953125,35.7333481812289,34.28944568385578,2
dcrlme_seed1,dcrlme,1,leg3_weak,ite,1,2,365,1494.13525390625,365,1482.976318359375,82.14093104434998,78.82180475173479,2
dcrlme_seed1,dcrlme,1,leg3_weak,ite,1,3,365,1407.58056640625,365,1482.976318359375,82.14093104434998,78.82180475173479,2
dcrlme_seed1,dcrlme,1,leg3_weak,ite,1,4,365,1441.2392578125,365,1482.976318359375,82.14093104434998,78.82180475173479,2
dcrlme_seed1,dcrlme,1,leg3_weak,ite,1,5,365,1404.9334716796875,365,1482.976318359375,82.14093104434998,78.82180475173479,2
dcrlme_seed1,dcrlme,1,leg3_weak,ite,1,6,452,1176.90771484375,365,1482.976318359375,82.14093104434998,78.82180475173479,2
dcrlme_seed1,dcrlme,1,leg3_weak,ite,1,7,365,1514.6650390625,365,1482.976318359375,82.14093104434998,78.82180475173479,2
dcrlme_seed1,dcrlme,1,leg3_weak,ite,1,8,365,1482.736083984375,365,1482.976318359375,82.14093104434998,78.82180475173479,2
dcrlme_seed1,dcrlme,1,leg3_weak,ite,1,9,365,1458.44580078125,365,1482.976318359375,82.14093104434998,78.82180475173479,2
dcrlme_seed1,dcrlme,1,leg3_weak,ite,1,10,365,1444.078369140625,365,1482.976318359375,82.14093104434998,78.82180475173479,2
dcrlme_seed1,dcrlme,1,leg3_weak,ite,1,11,365,1504.8494873046875,365,1482.976318359375,82.14093104434998,78.82180475173479,2
dcrlme_seed1,dcrlme,1,leg3_weak,ite,1,12,365,1415.812255859375,365,1482.976318359375,82.14093104434998,78.82180475173479,2
dcrlme_seed1,dcrlme,1,leg3_weak,ite,1,13,365,1460.777099609375,365,1482.976318359375,82.14093104434998,78.82180475173479,2
dcrlme_seed1,dcrlme,1,leg3_weak,ite,1,14,365,1455.369873046875,365,1482.976318359375,82.14093104434998,78.82180475173479,2
dcrlme_seed1,dcrlme,1,leg3_weak,ite,1,15,365,1509.3125,365,1482.976318359375,82.14093104434998,78.82180475173479,2
dcrlme_seed1,dcrlme,1,leg3_weak,ite,1,16,365,1520.2982177734375,365,1482.976318359375,82.14093104434998,78.82180475173479,2
dcrlme_seed1,dcrlme,1,leg3_weak,ite,1,17,365,1471.8707275390625,365,1482.976318359375,82.14093104434998,78.82180475173479,2
dcrlme_seed1,dcrlme,1,leg3_weak,ite,1,18,365,1404.7449951171875,365,1482.976318359375,82.14093104434998,78.82180475173479,2
dcrlme_seed1,dcrlme,1,leg3_weak,ite,1,19,365,1457.103759765625,365,1482.976318359375,82.14093104434998,78.82180475173479,2
dcrlme_seed1,dcrlme,1,leg3_weak,ite,1,20,365,1493.798583984375,365,1482.976318359375,82.14093104434998,78.82180475173479,2
dcrlme_seed1,dcrlme,1,leg3_weak,ite,2,1,536,1212.11767578125,536,1243.270751953125,35.7333481812289,34.28944568385578,2
dcrlme_seed1,dcrlme,1,leg3_weak,ite,2,2,365,1416.3408203125,365,1482.976318359375,82.14093104434998,78.82180475173479,2
dcrlme_seed1,dcrlme,1,leg3_weak,ite,2,3,365,1422.3436279296875,365,1482.976318359375,82.14093104434998,78.82180475173479,2
dcrlme_seed1,dcrlme,1,leg3_weak,ite,2,4,365,1463.105712890625,365,1482.976318359375,82.14093104434998,78.82180475173479,2
dcrlme_seed1,dcrlme,1,leg3_weak,ite,2,5,365,1454.42333984375,365,1482.976318359375,82.14093104434998,78.82180475173479,2
dcrlme_seed1,dcrlme,1,leg3_weak,ite,2,6,365,1414.58203125,365,1482.976318359375,82.14093104434998,78.82180475173479,2
dcrlme_seed1,dcrlme,1,leg3_weak,ite,2,7,365,1452.135498046875,365,1482.976318359375,82.14093104434998,78.82180475173479,2
dcrlme_seed1,dcrlme,1,leg3_weak,ite,2,8,365,1438.113037109375,365,1482.976318359375,82.14093104434998,78.82180475173479,2
dcrlme_seed1,dcrlme,1,leg3_weak,ite,2,9,365,1536.214599609375,365,1482.976318359375,82.14093104434998,78.82180475173479,2
dcrlme_seed1,dcrlme,1,leg3_weak,ite,2,10,365,1531.781005859375,365,1482.976318359375,82.14093104434998,78.82180475173479,2
dcrlme_seed1,dcrlme,1,leg3_weak,ite,2,11,365,1505.3572998046875,365,1482.976318359375,82.14093104434998,78.82180475173479,2
dcrlme_seed1,dcrlme,1,leg3_weak,ite,2,12,365,1497.666259765625,365,1482.976318359375,82.14093104434998,78.82180475173479,2
dcrlme_seed1,dcrlme,1,leg3_weak,ite,2,13,365,1393.51806640625,365,1482.976318359375,82.14093104434998,78.82180475173479,2
dcrlme_seed1,dcrlme,1,leg3_weak,ite,2,14,365,1429.04736328125,365,1482.976318359375,82.14093104434998,78.82180475173479,2
dcrlme_seed1,dcrlme,1,leg3_weak,ite,2,15,365,1480.0838623046875,365,1482.976318359375,82.14093104434998,78.82180475173479,2
dcrlme_seed1,dcrlme,1,leg3_weak,ite,2,16,365,1480.4610595703125,365,1482.976318359375,82.14093104434998,78.82180475173479,2
dcrlme_seed1,dcrlme,1,leg3_weak,ite,2,17,365,1421.439208984375,365,1482.976318359375,82.14093104434998,78.82180475173479,2
dcrlme_seed1,dcrlme,1,leg3_weak,ite,2,18,365,1410.6885986328125,365,1482.976318359375,82.14093104434998,78.82180475173479,2
dcrlme_seed1,dcrlme,1,leg3_weak,ite,2,19,365,1519.063720703125,365,1482.976318359375,82.14093104434998,78.82180475173479,2
dcrlme_seed1,dcrlme,1,leg3_weak,ite,2,20,365,1413.511474609375,365,1482.976318359375,82.14093104434998,78.82180475173479,2
dcrlme_seed1,dcrlme,1,leg3_weak,ite,3,1,536,1222.093505859375,536,1243.270751953125,35.7333481812289,34.28944568385578,2
dcrlme_seed1,dcrlme,1,leg3_weak,ite,3,2,365,1517.1395263671875,365,1482.976318359375,82.14093104434998,78.82180475173479,2
dcrlme_seed1,dcrlme,1,leg3_weak,ite,3,3,365,1479.5986328125,365,1482.976318359375,82.14093104434998,78.82180475173479,2
dcrlme_seed1,dcrlme,1,leg3_weak,ite,3,4,365,1490.831787109375,365,1482.976318359375,82.14093104434998,78.82180475173479,2
dcrlme_seed1,dcrlme,1,leg3_weak,ite,3,5,365,1487.3525390625,365,1482.976318359375,82.14093104434998,78.82180475173479,2
dcrlme_seed1,dcrlme,1,leg3_weak,ite,3,6,365,1458.655517578125,365,1482.976318359375,82.14093104434998,78.82180475173479,2
dcrlme_seed1,dcrlme,1,leg3_weak,ite,3,7,365,1478.70458984375,365,1482.976318359375,82.14093104434998,78.82180475173479,2
dcrlme_seed1,dcrlme,1,leg3_weak,ite,3,8,365,1534.3798828125,365,1482.976318359375,82.14093104434998,78.82180475173479,2
dcrlme_seed1,dcrlme,1,leg3_weak,ite,3,9,365,1481.919677734375,365,1482.976318359375,82.14093104434998,78.82180475173479,2
dcrlme_seed1,dcrlme,1,leg3_weak,ite,3,10,365,1456.5596923828125,365,1482.976318359375,82.14093104434998,78.82180475173479,2
dcrlme_seed1,dcrlme,1,leg3_weak,ite,3,11,365,1362.36474609375,365,1482.976318359375,82.14093104434998,78.82180475173479,2
dcrlme_seed1,dcrlme,1,leg3_weak,ite,3,12,365,1478.400390625,365,1482.976318359375,82.14093104434998,78.82180475173479,2
dcrlme_seed1,dcrlme,1,leg3_weak,ite,3,13,365,1490.822509765625,365,1482.976318359375,82.14093104434998,78.82180475173479,2
dcrlme_seed1,dcrlme,1,leg3_weak,ite,3,14,365,1478.362060546875,365,1482.976318359375,82.14093104434998,78.82180475173479,2
dcrlme_seed1,dcrlme,1,leg3_weak,ite,3,15,365,1530.276611328125,365,1482.976318359375,82.14093104434998,78.82180475173479,2
dcrlme_seed1,dcrlme,1,leg3_weak,ite,3,16,365,1529.0892333984375,365,1482.976318359375,82.14093104434998,78.82180475173479,2
dcrlme_seed1,dcrlme,1,leg3_weak,ite,3,17,365,1399.6409912109375,365,1482.976318359375,82.14093104434998,78.82180475173479,2
dcrlme_seed1,dcrlme,1,leg3_weak,ite,3,18,365,1492.97998046875,365,1482.976318359375,82.14093104434998,78.82180475173479,2
dcrlme_seed1,dcrlme,1,leg3_weak,ite,3,19,365,1546.828125,365,1482.976318359375,82.14093104434998,78.82180475173479,2
dcrlme_seed1,dcrlme,1,leg3_weak,ite,3,20,365,1464.43505859375,365,1482.976318359375,82.14093104434998,78.82180475173479,2
dcrlme_seed1,dcrlme,1,leg3_weak,ite,4,1,536,1196.2078857421875,536,1243.270751953125,35.7333481812289,34.28944568385578,2
dcrlme_seed1,dcrlme,1,leg3_weak,ite,4,2,365,1445.9578857421875,365,1482.976318359375,82.14093104434998,78.82180475173479,2
dcrlme_seed1,dcrlme,1,leg3_weak,ite,4,3,365,1458.565185546875,365,1482.976318359375,82.14093104434998,78.82180475173479,2
dcrlme_seed1,dcrlme,1,leg3_weak,ite,4,4,365,1476.0726318359375,365,1482.976318359375,82.14093104434998,78.82180475173479,2
dcrlme_seed1,dcrlme,1,leg3_weak,ite,4,5,365,1485.9864501953125,365,1482.976318359375,82.14093104434998,78.82180475173479,2
dcrlme_seed1,dcrlme,1,leg3_weak,ite,4,6,365,1417.06591796875,365,1482.976318359375,82.14093104434998,78.82180475173479,2
dcrlme_seed1,dcrlme,1,leg3_weak,ite,4,7,365,1514.690673828125,365,1482.976318359375,82.14093104434998,78.82180475173479,2
dcrlme_seed1,dcrlme,1,leg3_weak,ite,4,8,365,1459.4154052734375,365,1482.976318359375,82.14093104434998,78.82180475173479,2
dcrlme_seed1,dcrlme,1,leg3_weak,ite,4,9,365,1473.27783203125,365,1482.976318359375,82.14093104434998,78.82180475173479,2
dcrlme_seed1,dcrlme,1,leg3_weak,ite,4,10,365,1485.58935546875,365,1482.976318359375,82.14093104434998,78.82180475173479,2
dcrlme_seed1,dcrlme,1,leg3_weak,ite,4,11,365,1472.318603515625,365,1482.976318359375,82.14093104434998,78.82180475173479,2
dcrlme_seed1,dcrlme,1,leg3_weak,ite,4,12,365,1511.1591796875,365,1482.976318359375,82.14093104434998,78.82180475173479,2
dcrlme_seed1,dcrlme,1,leg3_weak,ite,4,13,365,1478.98291015625,365,1482.976318359375,82.14093104434998,78.82180475173479,2
dcrlme_seed1,dcrlme,1,leg3_weak,ite,4,14,365,1368.150634765625,365,1482.976318359375,82.14093104434998,78.82180475173479,2
dcrlme_seed1,dcrlme,1,leg3_weak,ite,4,15,365,1517.451904296875,365,1482.976318359375,82.14093104434998,78.82180475173479,2
dcrlme_seed1,dcrlme,1,leg3_weak,ite,4,16,365,1554.766845703125,365,1482.976318359375,82.14093104434998,78.82180475173479,2
dcrlme_seed1,dcrlme,1,leg3_weak,ite,4,17,365,1526.0758056640625,365,1482.976318359375,82.14093104434998,78.82180475173479,2
dcrlme_seed1,dcrlme,1,leg3_weak,ite,4,18,365,1537.5830078125,365,1482.976318359375,82.14093104434998,78.82180475173479,2
dcrlme_seed1,dcrlme,1,leg3_weak,ite,4,19,365,1461.5147705078125,365,1482.976318359375,82.14093104434998,78.82180475173479,2
dcrlme_seed1,dcrlme,1,leg3_weak,ite,4,20,365,1451.916259765625,365,1482.976318359375,82.14093104434998,78.82180475173479,2
dcrlme_seed1,dcrlme,1,leg3_weak,top_k,0,1,536,1237.634033203125,536,1243.270751953125,35.7333481812289,34.28944568385578,
dcrlme_seed1,dcrlme,1,leg3_weak,top_k,0,2,452,1168.616943359375,536,1243.270751953125,35.7333481812289,34.28944568385578,
dcrlme_seed1,dcrlme,1,leg3_weak,top_k,0,3,609,1252.166748046875,609,1536.04443359375,92.4150477119415,88.68076797108517,
dcrlme_seed1,dcrlme,1,leg3_weak,top_k,0,4,545,1585.7572021484375,545,1550.70751953125,95.25385694726951,91.40486744779591,
dcrlme_seed1,dcrlme,1,leg3_weak,top_k,0,5,477,1223.42626953125,545,1550.70751953125,95.25385694726951,91.40486744779591,
dcrlme_seed1,dcrlme,1,leg3_weak,top_k,0,6,711,1220.28271484375,545,1550.70751953125,95.25385694726951,91.40486744779591,
dcrlme_seed1,dcrlme,1,leg3_weak,top_k,0,7,863,1329.236083984375,545,1550.70751953125,95.25385694726951,91.40486744779591,
dcrlme_seed1,dcrlme,1,leg3_weak,top_k,0,8,209,1596.052978515625,209,1575.222412109375,100.0,95.95922976472824,
dcrlme_seed1,dcrlme,1,leg3_weak,top_k,0,9,365,1482.8134765625,209,1575.222412109375,100.0,95.95922976472824,
dcrlme_seed1,dcrlme,1,leg3_weak,top_k,0,10,782,1492.62255859375,209,1575.222412109375,100.0,95.95922976472824,
dcrlme_seed1,dcrlme,1,leg3_weak,top_k,0,11,59,1419.73095703125,209,1575.222412109375,100.0,95.95922976472824,
dcrlme_seed1,dcrlme,1,leg3_weak,top_k,0,12,963,1596.7642822265625,963,1566.8466796875,98.37843775497171,94.40319112424346,
dcrlme_seed1,dcrlme,1,leg3_weak,top_k,0,13,781,1342.02197265625,963,1566.8466796875,98.37843775497171,94.40319112424346,
dcrlme_seed1,dcrlme,1,leg3_weak,top_k,0,14,628,1304.06005859375,963,1566.8466796875,98.37843775497171,94.40319112424346,
dcrlme_seed1,dcrlme,1,leg3_weak,top_k,0,15,518,1462.003173828125,963,1566.8466796875,98.37843775497171,94.40319112424346,
dcrlme_seed1,dcrlme,1,leg3_weak,top_k,0,16,601,1348.815185546875,963,1566.8466796875,98.37843775497171,94.40319112424346,
dcrlme_seed1,dcrlme,1,leg3_weak,top_k,0,17,791,1214.1312255859375,963,1566.8466796875,98.37843775497171,94.40319112424346,
dcrlme_seed1,dcrlme,1,leg3_weak,top_k,0,18,804,1255.819580078125,963,1566.8466796875,98.37843775497171,94.40319112424346,
dcrlme_seed1,dcrlme,1,leg3_weak,top_k,0,19,657,1471.792236328125,963,1566.8466796875,98.37843775497171,94.40319112424346,
dcrlme_seed1,dcrlme,1,leg3_weak,top_k,0,20,141,1176.6390380859375,963,1566.8466796875,98.37843775497171,94.40319112424346,
dcrlme_seed1,dcrlme,1,leg3_weak,top_k,1,1,536,1232.522216796875,536,1243.270751953125,35.7333481812289,34.28944568385578,
dcrlme_seed1,dcrlme,1,leg3_weak,top_k,1,2,452,1195.92333984375,536,1243.270751953125,35.7333481812289,34.28944568385578,
dcrlme_seed1,dcrlme,1,leg3_weak,top_k,1,3,609,1573.7764892578125,609,1536.04443359375,92.4150477119415,88.68076797108517,
dcrlme_seed1,dcrlme,1,leg3_weak,top_k,1,4,545,1584.6798095703125,545,1550.70751953125,95.25385694726951,91.40486744779591,
dcrlme_seed1,dcrlme,1,leg3_weak,top_k,1,5,477,1198.0758056640625,545,1550.70751953125,95.25385694726951,91.40486744779591,
dcrlme_seed1,dcrlme,1,leg3_weak,top_k,1,6,711,1215.524169921875,545,1550.70751953125,95.25385694726951,91.40486744779591,
dcrlme_seed1,dcrlme,1,leg3_weak,top_k,1,7,863,1418.359619140625,545,1550.70751953125,95.25385694726951,91.40486744779591,
dcrlme_seed1,dcrlme,1,leg3_weak,top_k,1,8,209,1484.4661865234375,545,1550.70751953125,95.25385694726951,91.40486744779591,
dcrlme_seed1,dcrlme,1,leg3_weak,top_k,1,9,365,1433.769287109375,545,1550.70751953125,95.25385694726951,91.40486744779591,
dcrlme_seed1,dcrlme,1,leg3_weak,top_k,1,10,782,1414.606201171875,545,1550.70751953125,95.25385694726951,91.40486744779591,
dcrlme_seed1,dcrlme,1,leg3_weak,top_k,1,11,59,1485.322021484375,545,1550.70751953125,95.25385694726951,91.40486744779591,
dcrlme_seed1,dcrlme,1,leg3_weak,top_k,1,12,963,1570.149658203125,545,1550.70751953125,95.25385694726951,91.40486744779591,
dcrlme_seed1,dcrlme,1,leg3_weak,top_k,1,13,781,1271.9415283203125,545,1550.70751953125,95.25385694726951,91.40486744779591,
dcrlme_seed1,dcrlme,1,leg3_weak,top_k,1,14,628,1317.79833984375,545,1550.70751953125,95.25385694726951,91.40486744779591,
dcrlme_seed1,dcrlme,1,leg3_weak,top_k,1,15,518,1548.6884765625,545,1550.70751953125,95.25385694726951,91.40486744779591,
dcrlme_seed1,dcrlme,1,leg3_weak,top_k,1,16,601,1342.46826171875,545,1550.70751953125,95.25385694726951,91.40486744779591,
dcrlme_seed1,dcrlme,1,leg3_weak,top_k,1,17,791,1220.892822265625,545,1550.70751953125,95.25385694726951,91.40486744779591,
dcrlme_seed1,dcrlme,1,leg3_weak,top_k,1,18,804,1291.7813720703125,545,1550.70751953125,95.25385694726951,91.40486744779591,
dcrlme_seed1,dcrlme,1,leg3_weak,top_k,1,19,657,1490.959228515625,545,1550.70751953125,95.25385694726951,91.40486744779591,
dcrlme_seed1,dcrlme,1,leg3_weak,top_k,1,20,141,1212.06298828125,545,1550.70751953125,95.25385694726951,91.40486744779591,
dcrlme_seed1,dcrlme,1,leg3_weak,top_k,2,1,536,1189.838623046875,536,1243.270751953125,35.7333481812289,34.28944568385578,
dcrlme_seed1,dcrlme,1,leg3_weak,top_k,2,2,452,1214.44921875,452,1199.46337890625,27.252133809915485,26.15093769844799,
dcrlme_seed1,dcrlme,1,leg3_weak,top_k,2,3,609,1362.7060546875,609,1536.04443359375,92.4150477119415,88.68076797108517,
dcrlme_seed1,dcrlme,1,leg3_weak,top_k,2,4,545,1354.514892578125,609,1536.04443359375,92.4150477119415,88.68076797108517,
dcrlme_seed1,dcrlme,1,leg3_weak,top_k,2,5,477,1222.3197021484375,609,1536.04443359375,92.4150477119415,88.68076797108517,
dcrlme_seed1,dcrlme,1,leg3_weak,top_k,2,6,711,1198.425537109375,609,1536.04443359375,92.4150477119415,88.68076797108517,
dcrlme_seed1,dcrlme,1,leg3_weak,top_k,2,7,863,1334.4239501953125,609,1536.04443359375,92.4150477119415,88.68076797108517,
dcrlme_seed1,dcrlme,1,leg3_weak,top_k,2,8,209,1571.149169921875,209,1575.222412109375,100.0,95.95922976472824,
dcrlme_seed1,dcrlme,1,leg3_weak,top_k,2,9,365,1474.60498046875,209,1575.222412109375,100.0,95.95922976472824,
dcrlme_seed1,dcrlme,1,leg3_weak,top_k,2,10,782,1586.3018798828125,782,1560.841064453125,97.2157359837457,93.28747146011413,
dcrlme_seed1,dcrlme,1,leg3_weak,top_k,2,11,59,1520.586669921875,782,1560.841064453125,97.2157359837457,93.28747146011413,
dcrlme_seed1,dcrlme,1,leg3_weak,top_k,2,12,963,1487.984619140625,782,1560.841064453125,97.2157359837457,93.28747146011413,
dcrlme_seed1,dcrlme,1,leg3_weak,top_k,2,13,781,1389.4771728515625,782,1560.841064453125,97.2157359837457,93.28747146011413,
dcrlme_seed1,dcrlme,1,leg3_weak,top_k,2,14,628,1320.021240234375,782,1560.841064453125,97.2157359837457,93.28747146011413,
dcrlme_seed1,dcrlme,1,leg3_weak,top_k,2,15,518,1543.99560546875,782,1560.841064453125,97.2157359837457,93.28747146011413,
dcrlme_seed1,dcrlme,1,leg3_weak,top_k,2,16,601,1393.4674072265625,782,1560.841064453125,97.2157359837457,93.28747146011413,
dcrlme_seed1,dcrlme,1,leg3_weak,top_k,2,17,791,1184.390869140625,782,1560.841064453125,97.2157359837457,93.28747146011413,
dcrlme_seed1,dcrlme,1,leg3_weak,top_k,2,18,804,1261.5150146484375,782,1560.841064453125,97.2157359837457,93.28747146011413,
dcrlme_seed1,dcrlme,1,leg3_weak,top_k,2,19,657,1514.2806396484375,782,1560.841064453125,97.2157359837457,93.28747146011413,
dcrlme_seed1,dcrlme,1,leg3_weak,top_k,2,20,141,1187.6685791015625,782,1560.841064453125,97.2157359837457,93.28747146011413,
dcrlme_seed1,dcrlme,1,leg3_weak,top_k,3,1,536,1173.0205078125,536,1243.270751953125,35.7333481812289,34.28944568385578,
dcrlme_seed1,dcrlme,1,leg3_weak,top_k,3,2,452,1179.83740234375,452,1199.46337890625,27.252133809915485,26.15093769844799,
dcrlme_seed1,dcrlme,1,leg3_weak,top_k,3,3,609,1547.50927734375,609,1536.04443359375,92.4150477119415,88.68076797108517,
dcrlme_seed1,dcrlme,1,leg3_weak,top_k,3,4,545,1579.176025390625,545,1550.70751953125,95.25385694726951,91.40486744779591,
dcrlme_seed1,dcrlme,1,leg3_weak,top_k,3,5,477,1233.8380126953125,545,1550.70751953125,95.25385694726951,91.40486744779591,
dcrlme_seed1,dcrlme,1,leg3_weak,top_k,3,6,711,1212.123046875,545,1550.70751953125,95.25385694726951,91.40486744779591,
dcrlme_seed1,dcrlme,1,leg3_weak,top_k,3,7,863,1329.984130859375,545,1550.70751953125,95.25385694726951,91.40486744779591,
dcrlme_seed1,dcrlme,1,leg3_weak,top_k,3,8,209,1561.5533447265625,545,1550.70751953125,95.25385694726951,91.40486744779591,
dcrlme_seed1,dcrlme,1,leg3_weak,top_k,3,9,365,1482.7822265625,545,1550.70751953125,95.25385694726951,91.40486744779591,
dcrlme_seed1,dcrlme,1,leg3_weak,top_k,3,10,782,1546.660400390625,545,1550.70751953125,95.25385694726951,91.40486744779591,
dcrlme_seed1,dcrlme,1,leg3_weak,top_k,3,11,59,1512.1943359375,545,1550.70751953125,95.25385694726951,91.40486744779591,
dcrlme_seed1,dcrlme,1,leg3_weak,top_k,3,12,963,1577.544921875,545,1550.70751953125,95.25385694726951,91.40486744779591,
dcrlme_seed1,dcrlme,1,leg3_weak,top_k,3,13,781,1366.1279296875,545,1550.70751953125,95.25385694726951,91.40486744779591,
dcrlme_seed1,dcrlme,1,leg3_weak,top_k,3,14,628,1296.2822265625,545,1550.70751953125,95.25385694726951,91.40486744779591,
dcrlme_seed1,dcrlme,1,leg3_weak,top_k,3,15,518,1540.1595458984375,545,1550.70751953125,95.25385694726951,91.40486744779591,
dcrlme_seed1,dcrlme,1,leg3_weak,top_k,3,16,601,1338.9439697265625,545,1550.70751953125,95.25385694726951,91.40486744779591,
dcrlme_seed1,dcrlme,1,leg3_weak,top_k,3,17,791,1213.410400390625,545,1550.70751953125,95.25385694726951,91.40486744779591,
dcrlme_seed1,dcrlme,1,leg3_weak,top_k,3,18,804,1289.8184814453125,545,1550.70751953125,95.25385694726951,91.40486744779591,
dcrlme_seed1,dcrlme,1,leg3_weak,top_k,3,19,657,1505.6484375,545,1550.70751953125,95.25385694726951,91.40486744779591,
dcrlme_seed1,dcrlme,1,leg3_weak,top_k,3,20,141,1198.867919921875,545,1550.70751953125,95.25385694726951,91.40486744779591,
dcrlme_seed1,dcrlme,1,leg3_weak,top_k,4,1,536,1227.3809814453125,536,1243.270751953125,35.7333481812289,34.28944568385578,
dcrlme_seed1,dcrlme,1,leg3_weak,top_k,4,2,452,1183.3916015625,536,1243.270751953125,35.7333481812289,34.28944568385578,
dcrlme_seed1,dcrlme,1,leg3_weak,top_k,4,3,609,1583.1058349609375,609,1536.04443359375,92.4150477119415,88.68076797108517,
dcrlme_seed1,dcrlme,1,leg3_weak,top_k,4,4,545,1537.462158203125,609,1536.04443359375,92.4150477119415,88.68076797108517,
dcrlme_seed1,dcrlme,1,leg3_weak,top_k,4,5,477,1217.17138671875,609,1536.04443359375,92.4150477119415,88.68076797108517,
dcrlme_seed1,dcrlme,1,leg3_weak,top_k,4,6,711,1254.9833984375,609,1536.04443359375,92.4150477119415,88.68076797108517,
dcrlme_seed1,dcrlme,1,leg3_weak,top_k,4,7,863,1258.991943359375,609,1536.04443359375,92.4150477119415,88.68076797108517,
dcrlme_seed1,dcrlme,1,leg3_weak,top_k,4,8,209,1546.726806640625,609,1536.04443359375,92.4150477119415,88.68076797108517,
dcrlme_seed1,dcrlme,1,leg3_weak,top_k,4,9,365,1498.6131591796875,609,1536.04443359375,92.4150477119415,88.68076797108517,
dcrlme_seed1,dcrlme,1,leg3_weak,top_k,4,10,782,1485.1827392578125,609,1536.04443359375,92.4150477119415,88.68076797108517,
dcrlme_seed1,dcrlme,1,leg3_weak,top_k,4,11,59,1531.5458984375,609,1536.04443359375,92.4150477119415,88.68076797108517,
dcrlme_seed1,dcrlme,1,leg3_weak,top_k,4,12,963,1565.341064453125,609,1536.04443359375,92.4150477119415,88.68076797108517,
dcrlme_seed1,dcrlme,1,leg3_weak,top_k,4,13,781,1274.8919677734375,609,1536.04443359375,92.4150477119415,88.68076797108517,
dcrlme_seed1,dcrlme,1,leg3_weak,top_k,4,14,628,1327.909423828125,609,1536.04443359375,92.4150477119415,88.68076797108517,
dcrlme_seed1,dcrlme,1,leg3_weak,top_k,4,15,518,1537.282470703125,609,1536.04443359375,92.4150477119415,88.68076797108517,
dcrlme_seed1,dcrlme,1,leg3_weak,top_k,4,16,601,1306.60693359375,609,1536.04443359375,92.4150477119415,88.68076797108517,
dcrlme_seed1,dcrlme,1,leg3_weak,top_k,4,17,791,1217.499755859375,609,1536.04443359375,92.4150477119415,88.68076797108517,
dcrlme_seed1,dcrlme,1,leg3_weak,top_k,4,18,804,1297.0030517578125,609,1536.04443359375,92.4150477119415,88.68076797108517,
dcrlme_seed1,dcrlme,1,leg3_weak,top_k,4,19,657,1452.2734375,609,1536.04443359375,92.4150477119415,88.68076797108517,
dcrlme_seed1,dcrlme,1,leg3_weak,top_k,4,20,141,1201.214111328125,609,1536.04443359375,92.4150477119415,88.68076797108517,
dcrlme_seed1,dcrlme,1,leg4_weak,ite,0,1,536,1325.386962890625,536,1361.18310546875,69.338797292175,56.19513333233247,2
dcrlme_seed1,dcrlme,1,leg4_weak,ite,0,2,365,1486.4417724609375,365,1464.264404296875,92.96832619753695,75.34551636856766,2
dcrlme_seed1,dcrlme,1,leg4_weak,ite,0,3,365,1499.1048583984375,365,1464.264404296875,92.96832619753695,75.34551636856766,2
dcrlme_seed1,dcrlme,1,leg4_weak,ite,0,4,365,1475.3365478515625,365,1464.264404296875,92.96832619753695,75.34551636856766,2
dcrlme_seed1,dcrlme,1,leg4_weak,ite,0,5,365,1492.025146484375,365,1464.264404296875,92.96832619753695,75.34551636856766,2
dcrlme_seed1,dcrlme,1,leg4_weak,ite,0,6,365,1479.48193359375,365,1464.264404296875,92.96832619753695,75.34551636856766,2
dcrlme_seed1,dcrlme,1,leg4_weak,ite,0,7,365,1431.4559326171875,365,1464.264404296875,92.96832619753695,75.34551636856766,2
dcrlme_seed1,dcrlme,1,leg4_weak,ite,0,8,365,1486.1260986328125,365,1464.264404296875,92.96832619753695,75.34551636856766,2
dcrlme_seed1,dcrlme,1,leg4_weak,ite,0,9,365,1462.885986328125,365,1464.264404296875,92.96832619753695,75.34551636856766,2
dcrlme_seed1,dcrlme,1,leg4_weak,ite,0,10,365,1476.1578369140625,365,1464.264404296875,92.96832619753695,75.34551636856766,2
dcrlme_seed1,dcrlme,1,leg4_weak,ite,0,11,365,1490.041015625,365,1464.264404296875,92.96832619753695,75.34551636856766,2
dcrlme_seed1,dcrlme,1,leg4_weak,ite,0,12,365,1466.625732421875,365,1464.264404296875,92.96832619753695,75.34551636856766,2
dcrlme_seed1,dcrlme,1,leg4_weak,ite,0,13,365,1499.788818359375,365,1464.264404296875,92.96832619753695,75.34551636856766,2
dcrlme_seed1,dcrlme,1,leg4_weak,ite,0,14,365,1506.9033203125,365,1464.264404296875,92.96832619753695,75.34551636856766,2
dcrlme_seed1,dcrlme,1,leg4_weak,ite,0,15,365,1492.025634765625,365,1464.264404296875,92.96832619753695,75.34551636856766,2
dcrlme_seed1,dcrlme,1,leg4_weak,ite,0,16,365,1481.267578125,365,1464.264404296875,92.96832619753695,75.34551636856766,2
dcrlme_seed1,dcrlme,1,leg4_weak,ite,0,17,365,1497.7076416015625,365,1464.264404296875,92.96832619753695,75.34551636856766,2
dcrlme_seed1,dcrlme,1,leg4_weak,ite,0,18,365,1486.1187744140625,365,1464.264404296875,92.96832619753695,75.34551636856766,2
dcrlme_seed1,dcrlme,1,leg4_weak,ite,0,19,365,1460.5260009765625,365,1464.264404296875,92.96832619753695,75.34551636856766,2
dcrlme_seed1,dcrlme,1,leg4_weak,ite,0,20,365,1421.558837890625,365,1464.264404296875,92.96832619753695,75.34551636856766,2
dcrlme_seed1,dcrlme,1,leg4_weak,ite,1,1,536,1347.01318359375,536,1361.18310546875,69.338797292175,56.19513333233247,2
dcrlme_seed1,dcrlme,1,leg4_weak,ite,1,2,365,1489.583984375,365,1464.264404296875,92.96832619753695,75.34551636856766,2
dcrlme_seed1,dcrlme,1,leg4_weak,ite,1,3,365,1462.483154296875,365,1464.264404296875,92.96832619753695,75.34551636856766,2
dcrlme_seed1,dcrlme,1,leg4_weak,ite,1,4,452,1254.6905517578125,365,1464.264404296875,92.96832619753695,75.34551636856766,2
dcrlme_seed1,dcrlme,1,leg4_weak,ite,1,5,365,1475.8343505859375,365,1464.264404296875,92.96832619753695,75.34551636856766,2
dcrlme_seed1,dcrlme,1,leg4_weak,ite,1,6,365,1482.1956787109375,365,1464.264404296875,92.96832619753695,75.34551636856766,2
dcrlme_seed1,dcrlme,1,leg4_weak,ite,1,7,365,1484.4422607421875,365,1464.264404296875,92.96832619753695,75.34551636856766,2
dcrlme_seed1,dcrlme,1,leg4_weak,ite,1,8,365,1477.902099609375,365,1464.264404296875,92.96832619753695,75.34551636856766,2
dcrlme_seed1,dcrlme,1,leg4_weak,ite,1,9,365,1441.411865234375,365,1464.264404296875,92.96832619753695,75.34551636856766,2
dcrlme_seed1,dcrlme,1,leg4_weak,ite,1,10,365,1486.926025390625,365,1464.264404296875,92.96832619753695,75.34551636856766,2
dcrlme_seed1,dcrlme,1,leg4_weak,ite,1,11,365,1480.88671875,365,1464.264404296875,92.96832619753695,75.34551636856766,2
dcrlme_seed1,dcrlme,1,leg4_weak,ite,1,12,365,1469.595947265625,365,1464.264404296875,92.96832619753695,75.34551636856766,2
dcrlme_seed1,dcrlme,1,leg4_weak,ite,1,13,365,1498.202392578125,365,1464.264404296875,92.96832619753695,75.34551636856766,2
dcrlme_seed1,dcrlme,1,leg4_weak,ite,1,14,365,1488.09130859375,365,1464.264404296875,92.96832619753695,75.34551636856766,2
dcrlme_seed1,dcrlme,1,leg4_weak,ite,1,15,365,1464.851318359375,365,1464.264404296875,92.96832619753695,75.34551636856766,2
dcrlme_seed1,dcrlme,1,leg4_weak,ite,1,16,365,1475.929443359375,365,1464.264404296875,92.96832619753695,75.34551636856766,2
dcrlme_seed1,dcrlme,1,leg4_weak,ite,1,17,365,1506.60546875,365,1464.264404296875,92.96832619753695,75.34551636856766,2
dcrlme_seed1,dcrlme,1,leg4_weak,ite,1,18,365,1485.1435546875,365,1464.264404296875,92.96832619753695,75.34551636856766,2
dcrlme_seed1,dcrlme,1,leg4_weak,ite,1,19,365,1501.5592041015625,365,1464.264404296875,92.96832619753695,75.34551636856766,2
dcrlme_seed1,dcrlme,1,leg4_weak,ite,1,20,365,1494.3992919921875,365,1464.264404296875,92.96832619753695,75.34551636856766,2
dcrlme_seed1,dcrlme,1,leg4_weak,ite,2,1,536,1345.5166015625,536,1361.18310546875,69.338797292175,56.19513333233247,2
dcrlme_seed1,dcrlme,1,leg4_weak,ite,2,2,365,1467.609375,365,1464.264404296875,92.96832619753695,75.34551636856766,2
dcrlme_seed1,dcrlme,1,leg4_weak,ite,2,3,452,1247.227294921875,365,1464.264404296875,92.96832619753695,75.34551636856766,2
dcrlme_seed1,dcrlme,1,leg4_weak,ite,2,4,365,1504.4991455078125,365,1464.264404296875,92.96832619753695,75.34551636856766,2
dcrlme_seed1,dcrlme,1,leg4_weak,ite,2,5,365,1454.299072265625,365,1464.264404296875,92.96832619753695,75.34551636856766,2
dcrlme_seed1,dcrlme,1,leg4_weak,ite,2,6,365,1493.955322265625,365,1464.264404296875,92.96832619753695,75.34551636856766,2
dcrlme_seed1,dcrlme,1,leg4_weak,ite,2,7,365,1464.5416259765625,365,1464.264404296875,92.96832619753695,75.34551636856766,2
dcrlme_seed1,dcrlme,1,leg4_weak,ite,2,8,365,1450.80712890625,365,1464.264404296875,92.96832619753695,75.34551636856766,2
dcrlme_seed1,dcrlme,1,leg4_weak,ite,2,9,365,1475.7216796875,365,1464.264404296875,92.96832619753695,75.34551636856766,2
dcrlme_seed1,dcrlme,1,leg4_weak,ite,2,10,365,1487.74853515625,365,1464.264404296875,92.96832619753695,75.34551636856766,2
dcrlme_seed1,dcrlme,1,leg4_weak,ite,2,11,365,1481.5111083984375,365,1464.264404296875,92.96832619753695,75.34551636856766,2
dcrlme_seed1,dcrlme,1,leg4_weak,ite,2,12,365,1494.37451171875,365,1464.264404296875,92.96832619753695,75.34551636856766,2
dcrlme_seed1,dcrlme,1,leg4_weak,ite,2,13,365,1493.9097900390625,365,1464.264404296875,92.96832619753695,75.34551636856766,2
dcrlme_seed1,dcrlme,1,leg4_weak,ite,2,14,365,1479.2130126953125,365,1464.264404296875,92.96832619753695,75.34551636856766,2
dcrlme_seed1,dcrlme,1,leg4_weak,ite,2,15,365,1491.9765625,365,1464.264404296875,92.96832619753695,75.34551636856766,2
dcrlme_seed1,dcrlme,1,leg4_weak,ite,2,16,365,1485.997802734375,365,1464.264404296875,92.96832619753695,75.34551636856766,2
dcrlme_seed1,dcrlme,1,leg4_weak,ite,2,17,365,1496.056640625,365,1464.264404296875,92.96832619753695,75.34551636856766,2
dcrlme_seed1,dcrlme,1,leg4_weak,ite,2,18,365,1471.590576171875,365,1464.264404296875,92.96832619753695,75.34551636856766,2
dcrlme_seed1,dcrlme,1,leg4_weak,ite,2,19,365,1485.53466796875,365,1464.264404296875,92.96832619753695,75.34551636856766,2
dcrlme_seed1,dcrlme,1,leg4_weak,ite,2,20,365,1432.056396484375,365,1464.264404296875,92.96832619753695,75.34551636856766,2
dcrlme_seed1,dcrlme,1,leg4_weak,ite,3,1,536,1357.063720703125,536,1361.18310546875,69.338797292175,56.19513333233247,2
dcrlme_seed1,dcrlme,1,leg4_weak,ite,3,2,365,1476.3094482421875,365,1464.264404296875,92.96832619753695,75.34551636856766,2
dcrlme_seed1,dcrlme,1,leg4_weak,ite,3,3,452,1255.7750244140625,365,1464.264404296875,92.96832619753695,75.34551636856766,2
dcrlme_seed1,dcrlme,1,leg4_weak,ite,3,4,365,1477.698486328125,365,1464.264404296875,92.96832619753695,75.34551636856766,2
dcrlme_seed1,dcrlme,1,leg4_weak,ite,3,5,365,1481.099365234375,365,1464.264404296875,92.96832619753695,75.34551636856766,2
dcrlme_seed1,dcrlme,1,leg4_weak,ite,3,6,365,1481.454345703125,365,1464.264404296875,92.96832619753695,75.34551636856766,2
dcrlme_seed1,dcrlme,1,leg4_weak,ite,3,7,365,1477.409423828125,365,1464.264404296875,92.96832619753695,75.34551636856766,2
dcrlme_seed1,dcrlme,1,leg4_weak,ite,3,8,365,1489.8409423828125,365,1464.264404296875,92.96832619753695,75.34551636856766,2
dcrlme_seed1,dcrlme,1,leg4_weak,ite,3,9,365,1501.8409423828125,365,1464.264404296875,92.96832619753695,75.34551636856766,2
dcrlme_seed1,dcrlme,1,leg4_weak,ite,3,10,365,1491.27099609375,365,1464.264404296875,92.96832619753695,75.34551636856766,2
dcrlme_seed1,dcrlme,1,leg4_weak,ite,3,11,365,1501.8267822265625,365,1464.264404296875,92.96832619753695,75.34551636856766,2
dcrlme_seed1,dcrlme,1,leg4_weak,ite,3,12,365,1486.7618408203125,365,1464.264404296875,92.96832619753695,75.34551636856766,2
dcrlme_seed1,dcrlme,1,leg4_weak,ite,3,13,365,1492.4173583984375,365,1464.264404296875,92.96832619753695,75.34551636856766,2
dcrlme_seed1,dcrlme,1,leg4_weak,ite,3,14,365,1428.972412109375,365,1464.264404296875,92.96832619753695,75.34551636856766,2
dcrlme_seed1,dcrlme,1,leg4_weak,ite,3,15,365,1491.431640625,365,1464.264404296875,92.96832619753695,75.34551636856766,2
dcrlme_seed1,dcrlme,1,leg4_weak,ite,3,16,365,1490.145263671875,365,1464.264404296875,92.96832619753695,75.34551636856766,2
dcrlme_seed1,dcrlme,1,leg4_weak,ite,3,17,365,1489.4764404296875,365,1464.264404296875,92.96832619753695,75.34551636856766,2
dcrlme_seed1,dcrlme,1,leg4_weak,ite,3,18,365,1497.792724609375,365,1464.264404296875,92.96832619753695,75.34551636856766,2
dcrlme_seed1,dcrlme,1,leg4_weak,ite,3,19,365,1470.23828125,365,1464.264404296875,92.96832619753695,75.34551636856766,2
dcrlme_seed1,dcrlme,1,leg4_weak,ite,3,20,365,1490.244140625,365,1464.264404296875,92.96832619753695,75.34551636856766,2
dcrlme_seed1,dcrlme,1,leg4_weak,ite,4,1,536,1292.3587646484375,536,1361.18310546875,69.338797292175,56.19513333233247,2
dcrlme_seed1,dcrlme,1,leg4_weak,ite,4,2,365,1482.1776123046875,365,1464.264404296875,92.96832619753695,75.34551636856766,2
dcrlme_seed1,dcrlme,1,leg4_weak,ite,4,3,365,1456.362060546875,365,1464.264404296875,92.96832619753695,75.34551636856766,2
dcrlme_seed1,dcrlme,1,leg4_weak,ite,4,4,365,1490.38623046875,365,1464.264404296875,92.96832619753695,75.34551636856766,2
dcrlme_seed1,dcrlme,1,leg4_weak,ite,4,5,365,1478.217529296875,365,1464.264404296875,92.96832619753695,75.34551636856766,2
dcrlme_seed1,dcrlme,1,leg4_weak,ite,4,6,365,1490.99267578125,365,1464.264404296875,92.96832619753695,75.34551636856766,2
dcrlme_seed1,dcrlme,1,leg4_weak,ite,4,7,365,1489.5867919921875,365,1464.264404296875,92.96832619753695,75.34551636856766,2
dcrlme_seed1,dcrlme,1,leg4_weak,ite,4,8,365,1494.4271240234375,365,1464.264404296875,92.96832619753695,75.34551636856766,2
dcrlme_seed1,dcrlme,1,leg4_weak,ite,4,9,365,1498.5428466796875,365,1464.264404296875,92.96832619753695,75.34551636856766,2
dcrlme_seed1,dcrlme,1,leg4_weak,ite,4,10,365,1499.134033203125,365,1464.264404296875,92.96832619753695,75.34551636856766,2
dcrlme_seed1,dcrlme,1,leg4_weak,ite,4,11,365,1463.7227783203125,365,1464.264404296875,92.96832619753695,75.34551636856766,2
dcrlme_seed1,dcrlme,1,leg4_weak,ite,4,12,365,1452.861328125,365,1464.264404296875,92.96832619753695,75.34551636856766,2
dcrlme_seed1,dcrlme,1,leg4_weak,ite,4,13,365,1488.75390625,365,1464.264404296875,92.96832619753695,75.34551636856766,2
dcrlme_seed1,dcrlme,1,leg4_weak,ite,4,14,365,1489.6265869140625,365,1464.264404296875,92.96832619753695,75.34551636856766,2
dcrlme_seed1,dcrlme,1,leg4_weak,ite,4,15,365,1490.6270751953125,365,1464.264404296875,92.96832619753695,75.34551636856766,2
dcrlme_seed1,dcrlme,1,leg4_weak,ite,4,16,365,1448.44921875,365,1464.264404296875,92.96832619753695,75.34551636856766,2
dcrlme_seed1,dcrlme,1,leg4_weak,ite,4,17,365,1477.826904296875,365,1464.264404296875,92.96832619753695,75.34551636856766,2
dcrlme_seed1,dcrlme,1,leg4_weak,ite,4,18,365,1493.914794921875,365,1464.264404296875,92.96832619753695,75.34551636856766,2
dcrlme_seed1,dcrlme,1,leg4_weak,ite,4,19,365,1484.584228515625,365,1464.264404296875,92.96832619753695,75.34551636856766,2
dcrlme_seed1,dcrlme,1,leg4_weak,ite,4,20,365,1483.998046875,365,1464.264404296875,92.96832619753695,75.34551636856766,2
dcrlme_seed1,dcrlme,1,leg4_weak,top_k,0,1,536,1354.39306640625,536,1361.18310546875,69.338797292175,56.19513333233247,
dcrlme_seed1,dcrlme,1,leg4_weak,top_k,0,2,452,1249.758544921875,536,1361.18310546875,69.338797292175,56.19513333233247,
dcrlme_seed1,dcrlme,1,leg4_weak,top_k,0,3,609,1281.038330078125,536,1361.18310546875,69.338797292175,56.19513333233247,
dcrlme_seed1,dcrlme,1,leg4_weak,top_k,0,4,545,1330.829833984375,536,1361.18310546875,69.338797292175,56.19513333233247,
dcrlme_seed1,dcrlme,1,leg4_weak,top_k,0,5,477,1246.2279052734375,536,1361.18310546875,69.338797292175,56.19513333233247,
dcrlme_seed1,dcrlme,1,leg4_weak,top_k,0,6,711,1332.9287109375,536,1361.18310546875,69.338797292175,56.19513333233247,
dcrlme_seed1,dcrlme,1,leg4_weak,top_k,0,7,863,1261.698486328125,536,1361.18310546875,69.338797292175,56.19513333233247,
dcrlme_seed1,dcrlme,1,leg4_weak,top_k,0,8,209,1358.0865478515625,209,1343.527099609375,65.29147633725596,52.915010953773624,
dcrlme_seed1,dcrlme,1,leg4_weak,top_k,0,9,365,1487.634033203125,365,1464.264404296875,92.96832619753695,75.34551636856766,
dcrlme_seed1,dcrlme,1,leg4_weak,top_k,0,10,782,1416.988525390625,365,1464.264404296875,92.96832619753695,75.34551636856766,
dcrlme_seed1,dcrlme,1,leg4_weak,top_k,0,11,59,1459.537109375,365,1464.264404296875,92.96832619753695,75.34551636856766,
dcrlme_seed1,dcrlme,1,leg4_weak,top_k,0,12,963,1386.40869140625,365,1464.264404296875,92.96832619753695,75.34551636856766,
dcrlme_seed1,dcrlme,1,leg4_weak,top_k,0,13,781,1324.364013671875,365,1464.264404296875,92.96832619753695,75.34551636856766,
dcrlme_seed1,dcrlme,1,leg4_weak,top_k,0,14,628,1265.716796875,365,1464.264404296875,92.96832619753695,75.34551636856766,
dcrlme_seed1,dcrlme,1,leg4_weak,top_k,0,15,518,1313.217529296875,365,1464.264404296875,92.96832619753695,75.34551636856766,
dcrlme_seed1,dcrlme,1,leg4_weak,top_k,0,16,601,1276.4964599609375,365,1464.264404296875,92.96832619753695,75.34551636856766,
dcrlme_seed1,dcrlme,1,leg4_weak,top_k,0,17,791,1300.2506103515625,365,1464.264404296875,92.96832619753695,75.34551636856766,
dcrlme_seed1,dcrlme,1,leg4_weak,top_k,0,18,804,1200.3319091796875,365,1464.264404296875,92.96832619753695,75.34551636856766,
dcrlme_seed1,dcrlme,1,leg4_weak,top_k,0,19,657,1363.551025390625,365,1464.264404296875,92.96832619753695,75.34551636856766,
dcrlme_seed1,dcrlme,1,leg4_weak,top_k,0,20,141,1259.1192626953125,365,1464.264404296875,92.96832619753695,75.34551636856766,
dcrlme_seed1,dcrlme,1,leg4_weak,top_k,1,1,536,1357.85400390625,536,1361.18310546875,69.338797292175,56.19513333233247,
dcrlme_seed1,dcrlme,1,leg4_weak,top_k,1,2,452,1262.9451904296875,536,1361.18310546875,69.338797292175,56.19513333233247,
dcrlme_seed1,dcrlme,1,leg4_weak,top_k,1,3,609,1309.6708984375,536,1361.18310546875,69.338797292175,56.19513333233247,
dcrlme_seed1,dcrlme,1,leg4_weak,top_k,1,4,545,1368.42626953125,545,1358.0255126953125,68.61497608930375,55.6085176050258,
dcrlme_seed1,dcrlme,1,leg4_weak,top_k,1,5,477,1273.7252197265625,545,1358.0255126953125,68.61497608930375,55.6085176050258,
dcrlme_seed1,dcrlme,1,leg4_weak,top_k,1,6,711,1272.40234375,545,1358.0255126953125,68.61497608930375,55.6085176050258,
dcrlme_seed1,dcrlme,1,leg4_weak,top_k,1,7,863,1250.945068359375,545,1358.0255126953125,68.61497608930375,55.6085176050258,
dcrlme_seed1,dcrlme,1,leg4_weak,top_k,1,8,209,1381.2620849609375,209,1343.527099609375,65.29147633725596,52.915010953773624,
dcrlme_seed1,dcrlme,1,leg4_weak,top_k,1,9,365,1499.4283447265625,365,1464.264404296875,92.96832619753695,75.34551636856766,
dcrlme_seed1,dcrlme,1,leg4_weak,top_k,1,10,782,1400.07568359375,365,1464.264404296875,92.96832619753695,75.34551636856766,
dcrlme_seed1,dcrlme,1,leg4_weak,top_k,1,11,59,1493.12255859375,365,1464.264404296875,92.96832619753695,75.34551636856766,
dcrlme_seed1,dcrlme,1,leg4_weak,top_k,1,12,963,1369.1875,365,1464.264404296875,92.96832619753695,75.34551636856766,
dcrlme_seed1,dcrlme,1,leg4_weak,top_k,1,13,781,1299.56884765625,365,1464.264404296875,92.96832619753695,75.34551636856766,
dcrlme_seed1,dcrlme,1,leg4_weak,top_k,1,14,628,1256.296142578125,365,1464.264404296875,92.96832619753695,75.34551636856766,
dcrlme_seed1,dcrlme,1,leg4_weak,top_k,1,15,518,1301.241943359375,365,1464.264404296875,92.96832619753695,75.34551636856766,
dcrlme_seed1,dcrlme,1,leg4_weak,top_k,1,16,601,1308.90087890625,365,1464.264404296875,92.96832619753695,75.34551636856766,
dcrlme_seed1,dcrlme,1,leg4_weak,top_k,1,17,791,1325.6280517578125,365,1464.264404296875,92.96832619753695,75.34551636856766,
dcrlme_seed1,dcrlme,1,leg4_weak,top_k,1,18,804,1197.043701171875,365,1464.264404296875,92.96832619753695,75.34551636856766,
dcrlme_seed1,dcrlme,1,leg4_weak,top_k,1,19,657,1388.9913330078125,365,1464.264404296875,92.96832619753695,75.34551636856766,
dcrlme_seed1,dcrlme,1,leg4_weak,top_k,1,20,141,1158.1246337890625,365,1464.264404296875,92.96832619753695,75.34551636856766,
dcrlme_seed1,dcrlme,1,leg4_weak,top_k,2,1,536,1282.515869140625,536,1361.18310546875,69.338797292175,56.19513333233247,
dcrlme_seed1,dcrlme,1,leg4_weak,top_k,2,2,452,1257.221435546875,536,1361.18310546875,69.338797292175,56.19513333233247,
dcrlme_seed1,dcrlme,1,leg4_weak,top_k,2,3,609,1293.4061279296875,609,1297.1788330078125,54.66697201081039,44.30445725901074,
dcrlme_seed1,dcrlme,1,leg4_weak,top_k,2,4,545,1384.914794921875,545,1358.0255126953125,68.61497608930375,55.6085176050258,
dcrlme_seed1,dcrlme,1,leg4_weak,top_k,2,5,477,1276.1822509765625,545,1358.0255126953125,68.61497608930375,55.6085176050258,
dcrlme_seed1,dcrlme,1,leg4_weak,top_k,2,6,711,1287.465087890625,545,1358.0255126953125,68.61497608930375,55.6085176050258,
dcrlme_seed1,dcrlme,1,leg4_weak,top_k,2,7,863,1260.728271484375,545,1358.0255126953125,68.61497608930375,55.6085176050258,
dcrlme_seed1,dcrlme,1,leg4_weak,top_k,2,8,209,1358.68408203125,545,1358.0255126953125,68.61497608930375,55.6085176050258,
dcrlme_seed1,dcrlme,1,leg4_weak,top_k,2,9,365,1441.1417236328125,365,1464.264404296875,92.96832619753695,75.34551636856766,
dcrlme_seed1,dcrlme,1,leg4_weak,top_k,2,10,782,1395.7958984375,365,1464.264404296875,92.96832619753695,75.34551636856766,
dcrlme_seed1,dcrlme,1,leg4_weak,top_k,2,11,59,1482.954833984375,59,1467.837158203125,93.78731560356144,76.00926048681916,
dcrlme_seed1,dcrlme,1,leg4_weak,top_k,2,12,963,1362.79931640625,59,1467.837158203125,93.78731560356144,76.00926048681916,
dcrlme_seed1,dcrlme,1,leg4_weak,top_k,2,13,781,1228.297607421875,59,1467.837158203125,93.78731560356144,76.00926048681916,
dcrlme_seed1,dcrlme,1,leg4_weak,top_k,2,14,628,1330.874755859375,59,1467.837158203125,93.78731560356144,76.00926048681916,
dcrlme_seed1,dcrlme,1,leg4_weak,top_k,2,15,518,1323.029541015625,59,1467.837158203125,93.78731560356144,76.00926048681916,
dcrlme_seed1,dcrlme,1,leg4_weak,top_k,2,16,601,1273.755615234375,59,1467.837158203125,93.78731560356144,76.00926048681916,
dcrlme_seed1,dcrlme,1,leg4_weak,top_k,2,17,791,1305.261474609375,59,1467.837158203125,93.78731560356144,76.00926048681916,
dcrlme_seed1,dcrlme,1,leg4_weak,top_k,2,18,804,1244.77490234375,59,1467.837158203125,93.78731560356144,76.00926048681916,
dcrlme_seed1,dcrlme,1,leg4_weak,top_k,2,19,657,1345.004150390625,59,1467.837158203125,93.78731560356144,76.00926048681916,
dcrlme_seed1,dcrlme,1,leg4_weak,top_k,2,20,141,1177.708251953125,59,1467.837158203125,93.78731560356144,76.00926048681916,
dcrlme_seed1,dcrlme,1,leg4_weak,top_k,3,1,536,1325.286865234375,536,1361.18310546875,69.338797292175,56.19513333233247,
dcrlme_seed1,dcrlme,1,leg4_weak,top_k,3,2,452,1245.07275390625,536,1361.18310546875,69.338797292175,56.19513333233247,
dcrlme_seed1,dcrlme,1,leg4_weak,top_k,3,3,609,1286.6932373046875,536,1361.18310546875,69.338797292175,56.19513333233247,
dcrlme_seed1,dcrlme,1,leg4_weak,top_k,3,4,545,1356.1781005859375,545,1358.0255126953125,68.61497608930375,55.6085176050258,
dcrlme_seed1,dcrlme,1,leg4_weak,top_k,3,5,477,1252.8624267578125,545,1358.0255126953125,68.61497608930375,55.6085176050258,
dcrlme_seed1,dcrlme,1,leg4_weak,top_k,3,6,711,1249.451171875,545,1358.0255126953125,68.61497608930375,55.6085176050258,
dcrlme_seed1,dcrlme,1,leg4_weak,top_k,3,7,863,1290.406982421875,545,1358.0255126953125,68.61497608930375,55.6085176050258,
dcrlme_seed1,dcrlme,1,leg4_weak,top_k,3,8,209,1342.3035888671875,545,1358.0255126953125,68.61497608930375,55.6085176050258,
dcrlme_seed1,dcrlme,1,leg4_weak,top_k,3,9,365,1489.5908203125,365,1464.264404296875,92.96832619753695,75.34551636856766,
dcrlme_seed1,dcrlme,1,leg4_weak,top_k,3,10,782,1347.7666015625,365,1464.264404296875,92.96832619753695,75.34551636856766,
dcrlme_seed1,dcrlme,1,leg4_weak,top_k,3,11,59,1475.2529296875,365,1464.264404296875,92.96832619753695,75.34551636856766,
dcrlme_seed1,dcrlme,1,leg4_weak,top_k,3,12,963,1380.2823486328125,365,1464.264404296875,92.96832619753695,75.34551636856766,
dcrlme_seed1,dcrlme,1,leg4_weak,top_k,3,13,781,1306.435546875,365,1464.264404296875,92.96832619753695,75.34551636856766,
dcrlme_seed1,dcrlme,1,leg4_weak,top_k,3,14,628,1287.37841796875,365,1464.264404296875,92.96832619753695,75.34551636856766,
dcrlme_seed1,dcrlme,1,leg4_weak,top_k,3,15,518,1300.3050537109375,365,1464.264404296875,92.96832619753695,75.34551636856766,
dcrlme_seed1,dcrlme,1,leg4_weak,top_k,3,16,601,1296.878662109375,365,1464.264404296875,92.96832619753695,75.34551636856766,
dcrlme_seed1,dcrlme,1,leg4_weak,top_k,3,17,791,1301.741943359375,365,1464.264404296875,92.96832619753695,75.34551636856766,
dcrlme_seed1,dcrlme,1,leg4_weak,top_k,3,18,804,1215.226318359375,365,1464.264404296875,92.96832619753695,75.34551636856766,
dcrlme_seed1,dcrlme,1,leg4_weak,top_k,3,19,657,1339.401123046875,365,1464.264404296875,92.96832619753695,75.34551636856766,
dcrlme_seed1,dcrlme,1,leg4_weak,top_k,3,20,141,1172.2130126953125,365,1464.264404296875,92.96832619753695,75.34551636856766,
dcrlme_seed1,dcrlme,1,leg4_weak,top_k,4,1,536,1343.490478515625,536,1361.18310546875,69.338797292175,56.19513333233247,
dcrlme_seed1,dcrlme,1,leg4_weak,top_k,4,2,452,1252.806640625,536,1361.18310546875,69.338797292175,56.19513333233247,
dcrlme_seed1,dcrlme,1,leg4_weak,top_k,4,3,609,1320.6834716796875,536,1361.18310546875,69.338797292175,56.19513333233247,
dcrlme_seed1,dcrlme,1,leg4_weak,top_k,4,4,545,1332.052734375,536,1361.18310546875,69.338797292175,56.19513333233247,
dcrlme_seed1,dcrlme,1,leg4_weak,top_k,4,5,477,1248.43603515625,536,1361.18310546875,69.338797292175,56.19513333233247,
dcrlme_seed1,dcrlme,1,leg4_weak,top_k,4,6,711,1315.9356689453125,536,1361.18310546875,69.338797292175,56.19513333233247,
dcrlme_seed1,dcrlme,1,leg4_weak,top_k,4,7,863,1224.9541015625,536,1361.18310546875,69.338797292175,56.19513333233247,
dcrlme_seed1,dcrlme,1,leg4_weak,top_k,4,8,209,1347.537841796875,209,1343.527099609375,65.29147633725596,52.915010953773624,
dcrlme_seed1,dcrlme,1,leg4_weak,top_k,4,9,365,1473.23681640625,365,1464.264404296875,92.96832619753695,75.34551636856766,
dcrlme_seed1,dcrlme,1,leg4_weak,top_k,4,10,782,1386.29345703125,365,1464.264404296875,92.96832619753695,75.34551636856766,
dcrlme_seed1,dcrlme,1,leg4_weak,top_k,4,11,59,1482.04833984375,59,1467.837158203125,93.78731560356144,76.00926048681916,
dcrlme_seed1,dcrlme,1,leg4_weak,top_k,4,12,963,1372.5050048828125,59,1467.837158203125,93.78731560356144,76.00926048681916,
dcrlme_seed1,dcrlme,1,leg4_weak,top_k,4,13,781,1294.106689453125,59,1467.837158203125,93.78731560356144,76.00926048681916,
dcrlme_seed1,dcrlme,1,leg4_weak,top_k,4,14,628,1267.0965576171875,59,1467.837158203125,93.78731560356144,76.00926048681916,
dcrlme_seed1,dcrlme,1,leg4_weak,top_k,4,15,518,1285.907470703125,59,1467.837158203125,93.78731560356144,76.00926048681916,
dcrlme_seed1,dcrlme,1,leg4_weak,top_k,4,16,601,1265.8917236328125,59,1467.837158203125,93.78731560356144,76.00926048681916,
dcrlme_seed1,dcrlme,1,leg4_weak,top_k,4,17,791,1286.227783203125,59,1467.837158203125,93.78731560356144,76.00926048681916,
dcrlme_seed1,dcrlme,1,leg4_weak,top_k,4,18,804,1236.0802001953125,59,1467.837158203125,93.78731560356144,76.00926048681916,
dcrlme_seed1,dcrlme,1,leg4_weak,top_k,4,19,657,1355.570068359375,59,1467.837158203125,93.78731560356144,76.00926048681916,
dcrlme_seed1,dcrlme,1,leg4_weak,top_k,4,20,141,1167.475341796875,59,1467.837158203125,93.78731560356144,76.00926048681916,
dcrlme_seed1,dcrlme,1,legs12_paralysed,ite,0,1,536,1049.46240234375,536,1058.86376953125,0.27554840623089966,0.030425007142475157,
dcrlme_seed1,dcrlme,1,legs12_paralysed,ite,0,2,365,1056.892578125,365,1056.4638671875,-3.762377701775206,-0.41542743801347864,
dcrlme_seed1,dcrlme,1,legs12_paralysed,ite,0,3,452,1062.2509765625,452,1059.400390625,1.1784336132906574,0.13011815815496616,
dcrlme_seed1,dcrlme,1,legs12_paralysed,ite,0,4,43,1057.37451171875,452,1059.400390625,1.1784336132906574,0.13011815815496616,
dcrlme_seed1,dcrlme,1,legs12_paralysed,ite,0,5,500,1050.9833984375,452,1059.400390625,1.1784336132906574,0.13011815815496616,
dcrlme_seed1,dcrlme,1,legs12_paralysed,ite,0,6,756,1061.3734130859375,452,1059.400390625,1.1784336132906574,0.13011815815496616,
dcrlme_seed1,dcrlme,1,legs12_paralysed,ite,0,7,210,1022.8200073242188,452,1059.400390625,1.1784336132906574,0.13011815815496616,
dcrlme_seed1,dcrlme,1,legs12_paralysed,ite,0,8,32,1052.840576171875,452,1059.400390625,1.1784336132906574,0.13011815815496616,
dcrlme_seed1,dcrlme,1,legs12_paralysed,ite,0,9,781,1055.05712890625,452,1059.400390625,1.1784336132906574,0.13011815815496616,
dcrlme_seed1,dcrlme,1,legs12_paralysed,ite,0,10,897,1057.03173828125,452,1059.400390625,1.1784336132906574,0.13011815815496616,
dcrlme_seed1,dcrlme,1,legs12_paralysed,ite,0,11,444,1051.647705078125,452,1059.400390625,1.1784336132906574,0.13011815815496616,
dcrlme_seed1,dcrlme,1,legs12_paralysed,ite,0,12,452,1057.2099609375,452,1059.400390625,1.1784336132906574,0.13011815815496616,
dcrlme_seed1,dcrlme,1,legs12_paralysed,ite,0,13,43,1056.58203125,452,1059.400390625,1.1784336132906574,0.13011815815496616,
dcrlme_seed1,dcrlme,1,legs12_paralysed,ite,0,14,781,1050.496337890625,452,1059.400390625,1.1784336132906574,0.13011815815496616,
dcrlme_seed1,dcrlme,1,legs12_paralysed,ite,0,15,897,1057.2308349609375,452,1059.400390625,1.1784336132906574,0.13011815815496616,
dcrlme_seed1,dcrlme,1,legs12_paralysed,ite,0,16,452,1063.6185302734375,452,1059.400390625,1.1784336132906574,0.13011815815496616,
dcrlme_seed1,dcrlme,1,legs12_paralysed,ite,0,17,945,1084.0281982421875,945,1072.00537109375,22.38678813580899,2.471864012010703,
dcrlme_seed1,dcrlme,1,legs12_paralysed,ite,0,18,500,1062.730712890625,945,1072.00537109375,22.38678813580899,2.471864012010703,
dcrlme_seed1,dcrlme,1,legs12_paralysed,ite,0,19,446,1081.68994140625,945,1072.00537109375,22.38678813580899,2.471864012010703,
dcrlme_seed1,dcrlme,1,legs12_paralysed,ite,0,20,731,1056.4228515625,945,1072.00537109375,22.38678813580899,2.471864012010703,
dcrlme_seed1,dcrlme,1,legs12_paralysed,ite,1,1,536,1048.986328125,536,1058.86376953125,0.27554840623089966,0.030425007142475157,
dcrlme_seed1,dcrlme,1,legs12_paralysed,ite,1,2,365,1055.931884765625,365,1056.4638671875,-3.762377701775206,-0.41542743801347864,
dcrlme_seed1,dcrlme,1,legs12_paralysed,ite,1,3,452,1058.3931884765625,452,1059.400390625,1.1784336132906574,0.13011815815496616,
dcrlme_seed1,dcrlme,1,legs12_paralysed,ite,1,4,43,1057.2681884765625,452,1059.400390625,1.1784336132906574,0.13011815815496616,
dcrlme_seed1,dcrlme,1,legs12_paralysed,ite,1,5,500,1057.51318359375,452,1059.400390625,1.1784336132906574,0.13011815815496616,
dcrlme_seed1,dcrlme,1,legs12_paralysed,ite,1,6,756,1059.42529296875,756,1059.3922119140625,1.1646726240110843,0.12859872204990772,
dcrlme_seed1,dcrlme,1,legs12_paralysed,ite,1,7,210,1026.45166015625,756,1059.3922119140625,1.1646726240110843,0.12859872204990772,
dcrlme_seed1,dcrlme,1,legs12_paralysed,ite,1,8,781,1063.8067626953125,781,1055.381591796875,-5.583346820472161,-0.6164919231992715,
dcrlme_seed1,dcrlme,1,legs12_paralysed,ite,1,9,32,1064.2001953125,32,1061.5247802734375,4.752799231684872,0.5247860169061902,
dcrlme_seed1,dcrlme,1,legs12_paralysed,ite,1,10,897,1056.525634765625,32,1061.5247802734375,4.752799231684872,0.5247860169061902,
dcrlme_seed1,dcrlme,1,legs12_paralysed,ite,1,11,444,1056.55419921875,32,1061.5247802734375,4.752799231684872,0.5247860169061902,
dcrlme_seed1,dcrlme,1,legs12_paralysed,ite,1,12,452,1062.49169921875,32,1061.5247802734375,4.752799231684872,0.5247860169061902,
dcrlme_seed1,dcrlme,1,legs12_paralysed,ite,1,13,781,1049.9158935546875,32,1061.5247802734375,4.752799231684872,0.5247860169061902,
dcrlme_seed1,dcrlme,1,legs12_paralysed,ite,1,14,43,1056.5074462890625,32,1061.5247802734375,4.752799231684872,0.5247860169061902,
dcrlme_seed1,dcrlme,1,legs12_paralysed,ite,1,15,897,1053.5020751953125,32,1061.5247802734375,4.752799231684872,0.5247860169061902,
dcrlme_seed1,dcrlme,1,legs12_paralysed,ite,1,16,500,1048.02978515625,32,1061.5247802734375,4.752799231684872,0.5247860169061902,
dcrlme_seed1,dcrlme,1,legs12_paralysed,ite,1,17,452,1057.374755859375,32,1061.5247802734375,4.752799231684872,0.5247860169061902,
dcrlme_seed1,dcrlme,1,legs12_paralysed,ite,1,18,446,1086.043212890625,446,1081.5247802734375,38.40355271773372,4.240374247544617,
dcrlme_seed1,dcrlme,1,legs12_paralysed,ite,1,19,945,1067.704345703125,446,1081.5247802734375,38.40355271773372,4.240374247544617,
dcrlme_seed1,dcrlme,1,legs12_paralysed,ite,1,20,731,1055.7646484375,446,1081.5247802734375,38.40355271773372,4.240374247544617,
dcrlme_seed1,dcrlme,1,legs12_paralysed,ite,2,1,536,1065.1895751953125,536,1058.86376953125,0.27554840623089966,0.030425007142475157,
dcrlme_seed1,dcrlme,1,legs12_paralysed,ite,2,2,365,1055.68798828125,536,1058.86376953125,0.27554840623089966,0.030425007142475157,
dcrlme_seed1,dcrlme,1,legs12_paralysed,ite,2,3,452,1057.5517578125,536,1058.86376953125,0.27554840623089966,0.030425007142475157,
dcrlme_seed1,dcrlme,1,legs12_paralysed,ite,2,4,43,1057.8443603515625,536,1058.86376953125,0.27554840623089966,0.030425007142475157,
dcrlme_seed1,dcrlme,1,legs12_paralysed,ite,2,5,500,1061.392578125,536,1058.86376953125,0.27554840623089966,0.030425007142475157,
dcrlme_seed1,dcrlme,1,legs12_paralysed,ite,2,6,756,1057.429931640625,536,1058.86376953125,0.27554840623089966,0.030425007142475157,
dcrlme_seed1,dcrlme,1,legs12_paralysed,ite,2,7,210,1028.92041015625,536,1058.86376953125,0.27554840623089966,0.030425007142475157,
dcrlme_seed1,dcrlme,1,legs12_paralysed,ite,2,8,781,1068.0762939453125,781,1055.381591796875,-5.583346820472161,-0.6164919231992715,
dcrlme_seed1,dcrlme,1,legs12_paralysed,ite,2,9,32,1064.127685546875,781,1055.381591796875,-5.583346820472161,-0.6164919231992715,
dcrlme_seed1,dcrlme,1,legs12_paralysed,ite,2,10,897,1056.2919921875,781,1055.381591796875,-5.583346820472161,-0.6164919231992715,
dcrlme_seed1,dcrlme,1,legs12_paralysed,ite,2,11,444,1053.3123779296875,781,1055.381591796875,-5.583346820472161,-0.6164919231992715,
dcrlme_seed1,dcrlme,1,legs12_paralysed,ite,2,12,452,1054.778564453125,781,1055.381591796875,-5.583346820472161,-0.6164919231992715,
dcrlme_seed1,dcrlme,1,legs12_paralysed,ite,2,13,781,1065.6280517578125,781,1055.381591796875,-5.583346820472161,-0.6164919231992715,
dcrlme_seed1,dcrlme,1,legs12_paralysed,ite,2,14,43,1058.1690673828125,781,1055.381591796875,-5.583346820472161,-0.6164919231992715,
dcrlme_seed1,dcrlme,1,legs12_paralysed,ite,2,15,500,1061.8182373046875,781,1055.381591796875,-5.583346820472161,-0.6164919231992715,
dcrlme_seed1,dcrlme,1,legs12_paralysed,ite,2,16,897,1057.2603759765625,781,1055.381591796875,-5.583346820472161,-0.6164919231992715,
dcrlme_seed1,dcrlme,1,legs12_paralysed,ite,2,17,781,1061.497314453125,781,1055.381591796875,-5.583346820472161,-0.6164919231992715,
dcrlme_seed1,dcrlme,1,legs12_paralysed,ite,2,18,446,1083.5406494140625,446,1081.5247802734375,38.40355271773372,4.240374247544617,
dcrlme_seed1,dcrlme,1,legs12_paralysed,ite,2,19,452,1061.171630859375,446,1081.5247802734375,38.40355271773372,4.240374247544617,
dcrlme_seed1,dcrlme,1,legs12_paralysed,ite,2,20,731,1055.494384765625,446,1081.5247802734375,38.40355271773372,4.240374247544617,
dcrlme_seed1,dcrlme,1,legs12_paralysed,ite,3,1,536,1067.326416015625,536,1058.86376953125,0.27554840623089966,0.030425007142475157,
dcrlme_seed1,dcrlme,1,legs12_paralysed,ite,3,2,365,1055.9810791015625,536,1058.86376953125,0.27554840623089966,0.030425007142475157,
dcrlme_seed1,dcrlme,1,legs12_paralysed,ite,3,3,452,1058.993408203125,536,1058.86376953125,0.27554840623089966,0.030425007142475157,
dcrlme_seed1,dcrlme,1,legs12_paralysed,ite,3,4,43,1055.8330078125,536,1058.86376953125,0.27554840623089966,0.030425007142475157,
dcrlme_seed1,dcrlme,1,legs12_paralysed,ite,3,5,500,1063.662841796875,536,1058.86376953125,0.27554840623089966,0.030425007142475157,
dcrlme_seed1,dcrlme,1,legs12_paralysed,ite,3,6,756,1058.3658447265625,536,1058.86376953125,0.27554840623089966,0.030425007142475157,
dcrlme_seed1,dcrlme,1,legs12_paralysed,ite,3,7,210,1021.2125244140625,536,1058.86376953125,0.27554840623089966,0.030425007142475157,
dcrlme_seed1,dcrlme,1,legs12_paralysed,ite,3,8,781,1051.75341796875,536,1058.86376953125,0.27554840623089966,0.030425007142475157,
dcrlme_seed1,dcrlme,1,legs12_paralysed,ite,3,9,32,1066.2490234375,536,1058.86376953125,0.27554840623089966,0.030425007142475157,
dcrlme_seed1,dcrlme,1,legs12_paralysed,ite,3,10,897,1055.601318359375,536,1058.86376953125,0.27554840623089966,0.030425007142475157,
dcrlme_seed1,dcrlme,1,legs12_paralysed,ite,3,11,444,1057.271728515625,536,1058.86376953125,0.27554840623089966,0.030425007142475157,
dcrlme_seed1,dcrlme,1,legs12_paralysed,ite,3,12,452,1061.437744140625,536,1058.86376953125,0.27554840623089966,0.030425007142475157,
dcrlme_seed1,dcrlme,1,legs12_paralysed,ite,3,13,781,1048.592529296875,536,1058.86376953125,0.27554840623089966,0.030425007142475157,
dcrlme_seed1,dcrlme,1,legs12_paralysed,ite,3,14,500,1046.34716796875,536,1058.86376953125,0.27554840623089966,0.030425007142475157,
dcrlme_seed1,dcrlme,1,legs12_paralysed,ite,3,15,43,1056.958251953125,536,1058.86376953125,0.27554840623089966,0.030425007142475157,
dcrlme_seed1,dcrlme,1,legs12_paralysed,ite,3,16,897,1056.095703125,536,1058.86376953125,0.27554840623089966,0.030425007142475157,
dcrlme_seed1,dcrlme,1,legs12_paralysed,ite,3,17,452,1063.2412109375,536,1058.86376953125,0.27554840623089966,0.030425007142475157,
dcrlme_seed1,dcrlme,1,legs12_paralysed,ite,3,18,446,1080.1204833984375,446,1081.5247802734375,38.40355271773372,4.240374247544617,
dcrlme_seed1,dcrlme,1,legs12_paralysed,ite,3,19,731,1055.895751953125,446,1081.5247802734375,38.40355271773372,4.240374247544617,
dcrlme_seed1,dcrlme,1,legs12_paralysed,ite,3,20,452,1063.12841796875,446,1081.5247802734375,38.40355271773372,4.240374247544617,
dcrlme_seed1,dcrlme,1,legs12_paralysed,ite,4,1,536,1065.9456787109375,536,1058.86376953125,0.27554840623089966,0.030425007142475157,
dcrlme_seed1,dcrlme,1,legs12_paralysed,ite,4,2,365,1060.025634765625,536,1058.86376953125,0.27554840623089966,0.030425007142475157,
dcrlme_seed1,dcrlme,1,legs12_paralysed,ite,4,3,452,1062.2569580078125,536,1058.86376953125,0.27554840623089966,0.030425007142475157,
dcrlme_seed1,dcrlme,1,legs12_paralysed,ite,4,4,43,1056.913330078125,536,1058.86376953125,0.27554840623089966,0.030425007142475157,
dcrlme_seed1,dcrlme,1,legs12_paralysed,ite,4,5,500,1061.848876953125,536,1058.86376953125,0.27554840623089966,0.030425007142475157,
dcrlme_seed1,dcrlme,1,legs12_paralysed,ite,4,6,756,1058.814697265625,536,1058.86376953125,0.27554840623089966,0.030425007142475157,
dcrlme_seed1,dcrlme,1,legs12_paralysed,ite,4,7,210,1030.36865234375,536,1058.86376953125,0.27554840623089966,0.030425007142475157,
dcrlme_seed1,dcrlme,1,legs12_paralysed,ite,4,8,781,1053.76513671875,536,1058.86376953125,0.27554840623089966,0.030425007142475157,
dcrlme_seed1,dcrlme,1,legs12_paralysed,ite,4,9,32,1061.5108642578125,536,1058.86376953125,0.27554840623089966,0.030425007142475157,
dcrlme_seed1,dcrlme,1,legs12_paralysed,ite,4,10,897,1055.1578369140625,536,1058.86376953125,0.27554840623089966,0.030425007142475157,
dcrlme_seed1,dcrlme,1,legs12_paralysed,ite,4,11,444,1053.8719482421875,536,1058.86376953125,0.27554840623089966,0.030425007142475157,
dcrlme_seed1,dcrlme,1,legs12_paralysed,ite,4,12,452,1060.140380859375,536,1058.86376953125,0.27554840623089966,0.030425007142475157,
dcrlme_seed1,dcrlme,1,legs12_paralysed,ite,4,13,781,1065.1485595703125,536,1058.86376953125,0.27554840623089966,0.030425007142475157,
dcrlme_seed1,dcrlme,1,legs12_paralysed,ite,4,14,43,1057.6654052734375,536,1058.86376953125,0.27554840623089966,0.030425007142475157,
dcrlme_seed1,dcrlme,1,legs12_paralysed,ite,4,15,500,1059.606201171875,536,1058.86376953125,0.27554840623089966,0.030425007142475157,
dcrlme_seed1,dcrlme,1,legs12_paralysed,ite,4,16,897,1055.5731201171875,536,1058.86376953125,0.27554840623089966,0.030425007142475157,
dcrlme_seed1,dcrlme,1,legs12_paralysed,ite,4,17,452,1054.08056640625,536,1058.86376953125,0.27554840623089966,0.030425007142475157,
dcrlme_seed1,dcrlme,1,legs12_paralysed,ite,4,18,446,1084.916015625,446,1081.5247802734375,38.40355271773372,4.240374247544617,
dcrlme_seed1,dcrlme,1,legs12_paralysed,ite,4,19,781,1050.18505859375,446,1081.5247802734375,38.40355271773372,4.240374247544617,
dcrlme_seed1,dcrlme,1,legs12_paralysed,ite,4,20,945,1078.5166015625,446,1081.5247802734375,38.40355271773372,4.240374247544617,
dcrlme_seed1,dcrlme,1,legs12_paralysed,top_k,0,1,536,1047.8271484375,536,1058.86376953125,0.27554840623089966,0.030425007142475157,
dcrlme_seed1,dcrlme,1,legs12_paralysed,top_k,0,2,452,1069.841796875,452,1059.400390625,1.1784336132906574,0.13011815815496616,
dcrlme_seed1,dcrlme,1,legs12_paralysed,top_k,0,3,609,1066.769287109375,452,1059.400390625,1.1784336132906574,0.13011815815496616,
dcrlme_seed1,dcrlme,1,legs12_paralysed,top_k,0,4,545,1061.375244140625,452,1059.400390625,1.1784336132906574,0.13011815815496616,
dcrlme_seed1,dcrlme,1,legs12_paralysed,top_k,0,5,477,1055.3160400390625,452,1059.400390625,1.1784336132906574,0.13011815815496616,
dcrlme_seed1,dcrlme,1,legs12_paralysed,top_k,0,6,711,1053.16455078125,452,1059.400390625,1.1784336132906574,0.13011815815496616,
dcrlme_seed1,dcrlme,1,legs12_paralysed,top_k,0,7,863,1067.99951171875,452,1059.400390625,1.1784336132906574,0.13011815815496616,
dcrlme_seed1,dcrlme,1,legs12_paralysed,top_k,0,8,209,1054.103759765625,452,1059.400390625,1.1784336132906574,0.13011815815496616,
dcrlme_seed1,dcrlme,1,legs12_paralysed,top_k,0,9,365,1055.937255859375,452,1059.400390625,1.1784336132906574,0.13011815815496616,
dcrlme_seed1,dcrlme,1,legs12_paralysed,top_k,0,10,782,1064.3929443359375,452,1059.400390625,1.1784336132906574,0.13011815815496616,
dcrlme_seed1,dcrlme,1,legs12_paralysed,top_k,0,11,59,1053.395751953125,452,1059.400390625,1.1784336132906574,0.13011815815496616,
dcrlme_seed1,dcrlme,1,legs12_paralysed,top_k,0,12,963,1052.6746826171875,452,1059.400390625,1.1784336132906574,0.13011815815496616,
dcrlme_seed1,dcrlme,1,legs12_paralysed,top_k,0,13,781,1053.22607421875,452,1059.400390625,1.1784336132906574,0.13011815815496616,
dcrlme_seed1,dcrlme,1,legs12_paralysed,top_k,0,14,628,1061.135986328125,452,1059.400390625,1.1784336132906574,0.13011815815496616,
dcrlme_seed1,dcrlme,1,legs12_paralysed,top_k,0,15,518,1059.683837890625,452,1059.400390625,1.1784336132906574,0.13011815815496616,
dcrlme_seed1,dcrlme,1,legs12_paralysed,top_k,0,16,601,1072.54833984375,601,1071.6636962890625,21.811907404562344,2.4083878678605752,
dcrlme_seed1,dcrlme,1,legs12_paralysed,top_k,0,17,791,1060.345947265625,601,1071.6636962890625,21.811907404562344,2.4083878678605752,
dcrlme_seed1,dcrlme,1,legs12_paralysed,top_k,0,18,804,1073.9306640625,804,1057.3123779296875,-2.3347264109944104,-0.2577916116513711,
dcrlme_seed1,dcrlme,1,legs12_paralysed,top_k,0,19,657,1057.4136962890625,804,1057.3123779296875,-2.3347264109944104,-0.2577916116513711,
dcrlme_seed1,dcrlme,1,legs12_paralysed,top_k,0,20,141,1060.474853515625,804,1057.3123779296875,-2.3347264109944104,-0.2577916116513711,
dcrlme_seed1,dcrlme,1,legs12_paralysed,top_k,1,1,536,1048.2568359375,536,1058.86376953125,0.27554840623089966,0.030425007142475157,
dcrlme_seed1,dcrlme,1,legs12_paralysed,top_k,1,2,452,1062.047607421875,452,1059.400390625,1.1784336132906574,0.13011815815496616,
dcrlme_seed1,dcrlme,1,legs12_paralysed,top_k,1,3,609,1068.576416015625,609,1059.8807373046875,1.986634998590964,0.2193566816386222,
dcrlme_seed1,dcrlme,1,legs12_paralysed,top_k,1,4,545,1055.392822265625,609,1059.8807373046875,1.986634998590964,0.2193566816386222,
dcrlme_seed1,dcrlme,1,legs12_paralysed,top_k,1,5,477,1057.0849609375,609,1059.8807373046875,1.986634998590964,0.2193566816386222,
dcrlme_seed1,dcrlme,1,legs12_paralysed,top_k,1,6,711,1063.23388671875,609,1059.8807373046875,1.986634998590964,0.2193566816386222,
dcrlme_seed1,dcrlme,1,legs12_paralysed,top_k,1,7,863,1056.9375,609,1059.8807373046875,1.986634998590964,0.2193566816386222,
dcrlme_seed1,dcrlme,1,legs12_paralysed,top_k,1,8,209,1063.35107421875,609,1059.8807373046875,1.986634998590964,0.2193566816386222,
dcrlme_seed1,dcrlme,1,legs12_paralysed,top_k,1,9,365,1057.818115234375,609,1059.8807373046875,1.986634998590964,0.2193566816386222,
dcrlme_seed1,dcrlme,1,legs12_paralysed,top_k,1,10,782,1065.067138671875,609,1059.8807373046875,1.986634998590964,0.2193566816386222,
dcrlme_seed1,dcrlme,1,legs12_paralysed,top_k,1,11,59,1083.042236328125,59,1080.8450927734375,37.259952892231276,4.114102303769014,
dcrlme_seed1,dcrlme,1,legs12_paralysed,top_k,1,12,963,1065.279541015625,59,1080.8450927734375,37.259952892231276,4.114102303769014,
dcrlme_seed1,dcrlme,1,legs12_paralysed,top_k,1,13,781,1063.23291015625,59,1080.8450927734375,37.259952892231276,4.114102303769014,
dcrlme_seed1,dcrlme,1,legs12_paralysed,top_k,1,14,628,1053.5157470703125,59,1080.8450927734375,37.259952892231276,4.114102303769014,
dcrlme_seed1,dcrlme,1,legs12_paralysed,top_k,1,15,518,1064.630126953125,59,1080.8450927734375,37.259952892231276,4.114102303769014,
dcrlme_seed1,dcrlme,1,legs12_paralysed,top_k,1,16,601,1065.849609375,59,1080.8450927734375,37.259952892231276,4.114102303769014,
dcrlme_seed1,dcrlme,1,legs12_paralysed,top_k,1,17,791,1057.094482421875,59,1080.8450927734375,37.259952892231276,4.114102303769014,
dcrlme_seed1,dcrlme,1,legs12_paralysed,top_k,1,18,804,1055.16259765625,59,1080.8450927734375,37.259952892231276,4.114102303769014,
dcrlme_seed1,dcrlme,1,legs12_paralysed,top_k,1,19,657,1059.249755859375,59,1080.8450927734375,37.259952892231276,4.114102303769014,
dcrlme_seed1,dcrlme,1,legs12_paralysed,top_k,1,20,141,1065.533203125,59,1080.8450927734375,37.259952892231276,4.114102303769014,
dcrlme_seed1,dcrlme,1,legs12_paralysed,top_k,2,1,536,1066.34912109375,536,1058.86376953125,0.27554840623089966,0.030425007142475157,
dcrlme_seed1,dcrlme,1,legs12_paralysed,top_k,2,2,452,1070.7308349609375,452,1059.400390625,1.1784336132906574,0.13011815815496616,
dcrlme_seed1,dcrlme,1,legs12_paralysed,top_k,2,3,609,1061.11328125,452,1059.400390625,1.1784336132906574,0.13011815815496616,
dcrlme_seed1,dcrlme,1,legs12_paralysed,top_k,2,4,545,1052.25830078125,452,1059.400390625,1.1784336132906574,0.13011815815496616,
dcrlme_seed1,dcrlme,1,legs12_paralysed,top_k,2,5,477,1059.865478515625,452,1059.400390625,1.1784336132906574,0.13011815815496616,
dcrlme_seed1,dcrlme,1,legs12_paralysed,top_k,2,6,711,1066.712646484375,452,1059.400390625,1.1784336132906574,0.13011815815496616,
dcrlme_seed1,dcrlme,1,legs12_paralysed,top_k,2,7,863,1048.061767578125,452,1059.400390625,1.1784336132906574,0.13011815815496616,
dcrlme_seed1,dcrlme,1,legs12_paralysed,top_k,2,8,209,1061.9072265625,452,1059.400390625,1.1784336132906574,0.13011815815496616,
dcrlme_seed1,dcrlme,1,legs12_paralysed,top_k,2,9,365,1054.210205078125,452,1059.400390625,1.1784336132906574,0.13011815815496616,
dcrlme_seed1,dcrlme,1,legs12_paralysed,top_k,2,10,782,1058.9901123046875,452,1059.400390625,1.1784336132906574,0.13011815815496616,
dcrlme_seed1,dcrlme,1,legs12_paralysed,top_k,2,11,59,1085.85693359375,59,1080.8450927734375,37.259952892231276,4.114102303769014,
dcrlme_seed1,dcrlme,1,legs12_paralysed,top_k,2,12,963,1054.1103515625,59,1080.8450927734375,37.259952892231276,4.114102303769014,
dcrlme_seed1,dcrlme,1,legs12_paralysed,top_k,2,13,781,1054.397216796875,59,1080.8450927734375,37.259952892231276,4.114102303769014,
dcrlme_seed1,dcrlme,1,legs12_paralysed,top_k,2,14,628,1071.967041015625,59,1080.8450927734375,37.259952892231276,4.114102303769014,
dcrlme_seed1,dcrlme,1,legs12_paralysed,top_k,2,15,518,1064.499755859375,59,1080.8450927734375,37.259952892231276,4.114102303769014,
dcrlme_seed1,dcrlme,1,legs12_paralysed,top_k,2,16,601,1063.8353271484375,59,1080.8450927734375,37.259952892231276,4.114102303769014,
dcrlme_seed1,dcrlme,1,legs12_paralysed,top_k,2,17,791,1075.017822265625,59,1080.8450927734375,37.259952892231276,4.114102303769014,
dcrlme_seed1,dcrlme,1,legs12_paralysed,top_k,2,18,804,1059.3052978515625,59,1080.8450927734375,37.259952892231276,4.114102303769014,
dcrlme_seed1,dcrlme,1,legs12_paralysed,top_k,2,19,657,1057.97119140625,59,1080.8450927734375,37.259952892231276,4.114102303769014,
dcrlme_seed1,dcrlme,1,legs12_paralysed,top_k,2,20,141,1063.3594970703125,59,1080.8450927734375,37.259952892231276,4.114102303769014,
dcrlme_seed1,dcrlme,1,legs12_paralysed,top_k,3,1,536,1061.975830078125,536,1058.86376953125,0.27554840623089966,0.030425007142475157,
dcrlme_seed1,dcrlme,1,legs12_paralysed,top_k,3,2,452,1063.759765625,452,1059.400390625,1.1784336132906574,0.13011815815496616,
dcrlme_seed1,dcrlme,1,legs12_paralysed,top_k,3,3,609,1055.519287109375,452,1059.400390625,1.1784336132906574,0.13011815815496616,
dcrlme_seed1,dcrlme,1,legs12_paralysed,top_k,3,4,545,1060.0684814453125,452,1059.400390625,1.1784336132906574,0.13011815815496616,
dcrlme_seed1,dcrlme,1,legs12_paralysed,top_k,3,5,477,1058.407470703125,452,1059.400390625,1.1784336132906574,0.13011815815496616,
dcrlme_seed1,dcrlme,1,legs12_paralysed,top_k,3,6,711,1065.84716796875,711,1065.3497314453125,11.188423680731836,1.2353831947554605,
dcrlme_seed1,dcrlme,1,legs12_paralysed,top_k,3,7,863,1045.27099609375,711,1065.3497314453125,11.188423680731836,1.2353831947554605,
dcrlme_seed1,dcrlme,1,legs12_paralysed,top_k,3,8,209,1064.18115234375,711,1065.3497314453125,11.188423680731836,1.2353831947554605,
dcrlme_seed1,dcrlme,1,legs12_paralysed,top_k,3,9,365,1056.580078125,711,1065.3497314453125,11.188423680731836,1.2353831947554605,
dcrlme_seed1,dcrlme,1,legs12_paralysed,top_k,3,10,782,1067.036865234375,782,1065.008056640625,10.613542949485188,1.1719070506053326,
dcrlme_seed1,dcrlme,1,legs12_paralysed,top_k,3,11,59,1095.16064453125,59,1080.8450927734375,37.259952892231276,4.114102303769014,
dcrlme_seed1,dcrlme,1,legs12_paralysed,top_k,3,12,963,1060.1962890625,59,1080.8450927734375,37.259952892231276,4.114102303769014,
dcrlme_seed1,dcrlme,1,legs12_paralysed,top_k,3,13,781,1048.815673828125,59,1080.8450927734375,37.259952892231276,4.114102303769014,
dcrlme_seed1,dcrlme,1,legs12_paralysed,top_k,3,14,628,1068.3504638671875,59,1080.8450927734375,37.259952892231276,4.114102303769014,
dcrlme_seed1,dcrlme,1,legs12_paralysed,top_k,3,15,518,1062.2969970703125,59,1080.8450927734375,37.259952892231276,4.114102303769014,
dcrlme_seed1,dcrlme,1,legs12_paralysed,top_k,3,16,601,1082.936767578125,59,1080.8450927734375,37.259952892231276,4.114102303769014,
dcrlme_seed1,dcrlme,1,legs12_paralysed,top_k,3,17,791,1060.707275390625,59,1080.8450927734375,37.259952892231276,4.114102303769014,
dcrlme_seed1,dcrlme,1,legs12_paralysed,top_k,3,18,804,1055.7906494140625,59,1080.8450927734375,37.259952892231276,4.114102303769014,
dcrlme_seed1,dcrlme,1,legs12_paralysed,top_k,3,19,657,1057.293212890625,59,1080.8450927734375,37.259952892231276,4.114102303769014,
dcrlme_seed1,dcrlme,1,legs12_paralysed,top_k,3,20,141,1066.00830078125,59,1080.8450927734375,37.259952892231276,4.114102303769014,
dcrlme_seed1,dcrlme,1,legs12_paralysed,top_k,4,1,536,1066.205322265625,536,1058.86376953125,0.27554840623089966,0.030425007142475157,
dcrlme_seed1,dcrlme,1,legs12_paralysed,top_k,4,2,452,1064.74951171875,536,1058.86376953125,0.27554840623089966,0.030425007142475157,
dcrlme_seed1,dcrlme,1,legs12_paralysed,top_k,4,3,609,1061.78564453125,536,1058.86376953125,0.27554840623089966,0.030425007142475157,
dcrlme_seed1,dcrlme,1,legs12_paralysed,top_k,4,4,545,1062.801513671875,536,1058.86376953125,0.27554840623089966,0.030425007142475157,
dcrlme_seed1,dcrlme,1,legs12_paralysed,top_k,4,5,477,1056.2288818359375,536,1058.86376953125,0.27554840623089966,0.030425007142475157,
dcrlme_seed1,dcrlme,1,legs12_paralysed,top_k,4,6,711,1067.26953125,711,1065.3497314453125,11.188423680731836,1.2353831947554605,
dcrlme_seed1,dcrlme,1,legs12_paralysed,top_k,4,7,863,1043.2926025390625,711,1065.3497314453125,11.188423680731836,1.2353831947554605,
dcrlme_seed1,dcrlme,1,legs12_paralysed,top_k,4,8,209,1065.683349609375,711,1065.3497314453125,11.188423680731836,1.2353831947554605,
dcrlme_seed1,dcrlme,1,legs12_paralysed,top_k,4,9,365,1055.4923095703125,711,1065.3497314453125,11.188423680731836,1.2353831947554605,
dcrlme_seed1,dcrlme,1,legs12_paralysed,top_k,4,10,782,1066.4412841796875,711,1065.3497314453125,11.188423680731836,1.2353831947554605,
dcrlme_seed1,dcrlme,1,legs12_paralysed,top_k,4,11,59,1083.1661376953125,59,1080.8450927734375,37.259952892231276,4.114102303769014,
dcrlme_seed1,dcrlme,1,legs12_paralysed,top_k,4,12,963,1061.73388671875,59,1080.8450927734375,37.259952892231276,4.114102303769014,
dcrlme_seed1,dcrlme,1,legs12_paralysed,top_k,4,13,781,1065.765380859375,59,1080.8450927734375,37.259952892231276,4.114102303769014,
dcrlme_seed1,dcrlme,1,legs12_paralysed,top_k,4,14,628,1062.1517333984375,59,1080.8450927734375,37.259952892231276,4.114102303769014,
dcrlme_seed1,dcrlme,1,legs12_paralysed,top_k,4,15,518,1064.840576171875,59,1080.8450927734375,37.259952892231276,4.114102303769014,
dcrlme_seed1,dcrlme,1,legs12_paralysed,top_k,4,16,601,1076.868408203125,59,1080.8450927734375,37.259952892231276,4.114102303769014,
dcrlme_seed1,dcrlme,1,legs12_paralysed,top_k,4,17,791,1054.22900390625,59,1080.8450927734375,37.259952892231276,4.114102303769014,
dcrlme_seed1,dcrlme,1,legs12_paralysed,top_k,4,18,804,1052.2109375,59,1080.8450927734375,37.259952892231276,4.114102303769014,
dcrlme_seed1,dcrlme,1,legs12_paralysed,top_k,4,19,657,1058.2900390625,59,1080.8450927734375,37.259952892231276,4.114102303769014,
dcrlme_seed1,dcrlme,1,legs12_paralysed,top_k,4,20,141,1061.0,59,1080.8450927734375,37.259952892231276,4.114102303769014,
dcrlme_seed1,dcrlme,1,legs14_paralysed,ite,0,1,536,1053.77001953125,536,1052.5992431640625,-9.716167392727856,-1.1333950148798237,
dcrlme_seed1,dcrlme,1,legs14_paralysed,ite,0,2,365,1052.2978515625,536,1052.5992431640625,-9.716167392727856,-1.1333950148798237,
dcrlme_seed1,dcrlme,1,legs14_paralysed,ite,0,3,452,1056.1917724609375,452,1055.3489990234375,-5.336860212110496,-0.6225469894686835,
dcrlme_seed1,dcrlme,1,legs14_paralysed,ite,0,4,43,1059.053466796875,43,1056.730712890625,-3.136319593385116,-0.3658530003170944,
dcrlme_seed1,dcrlme,1,legs14_paralysed,ite,0,5,500,1055.3365478515625,43,1056.730712890625,-3.136319593385116,-0.3658530003170944,
dcrlme_seed1,dcrlme,1,legs14_paralysed,ite,0,6,756,1054.534423828125,43,1056.730712890625,-3.136319593385116,-0.3658530003170944,
dcrlme_seed1,dcrlme,1,legs14_paralysed,ite,0,7,210,1053.646728515625,43,1056.730712890625,-3.136319593385116,-0.3658530003170944,
dcrlme_seed1,dcrlme,1,legs14_paralysed,ite,0,8,781,1049.644775390625,43,1056.730712890625,-3.136319593385116,-0.3658530003170944,
dcrlme_seed1,dcrlme,1,legs14_paralysed,ite,0,9,32,1059.1080322265625,32,1060.307861328125,2.5607068480963324,0.29870753136398753,
dcrlme_seed1,dcrlme,1,legs14_paralysed,ite,0,10,897,1055.362060546875,32,1060.307861328125,2.5607068480963324,0.29870753136398753,
dcrlme_seed1,dcrlme,1,legs14_paralysed,ite,0,11,444,1055.7847900390625,32,1060.307861328125,2.5607068480963324,0.29870753136398753,
dcrlme_seed1,dcrlme,1,legs14_paralysed,ite,0,12,452,1055.546142578125,32,1060.307861328125,2.5607068480963324,0.29870753136398753,
dcrlme_seed1,dcrlme,1,legs14_paralysed,ite,0,13,43,1061.644287109375,43,1056.730712890625,-3.136319593385116,-0.3658530003170944,
dcrlme_seed1,dcrlme,1,legs14_paralysed,ite,0,14,781,1049.2501220703125,43,1056.730712890625,-3.136319593385116,-0.3658530003170944,
dcrlme_seed1,dcrlme,1,legs14_paralysed,ite,0,15,897,1052.948974609375,43,1056.730712890625,-3.136319593385116,-0.3658530003170944,
dcrlme_seed1,dcrlme,1,legs14_paralysed,ite,0,16,500,1070.376708984375,500,1061.6314697265625,4.668707725279766,0.5446067207244152,
dcrlme_seed1,dcrlme,1,legs14_paralysed,ite,0,17,446,1055.2650146484375,500,1061.6314697265625,4.668707725279766,0.5446067207244152,
dcrlme_seed1,dcrlme,1,legs14_paralysed,ite,0,18,452,1056.0150146484375,500,1061.6314697265625,4.668707725279766,0.5446067207244152,
dcrlme_seed1,dcrlme,1,legs14_paralysed,ite,0,19,731,1055.2529296875,500,1061.6314697265625,4.668707725279766,0.5446067207244152,
dcrlme_seed1,dcrlme,1,legs14_paralysed,ite,0,20,500,1055.1549072265625,500,1061.6314697265625,4.668707725279766,0.5446067207244152,
dcrlme_seed1,dcrlme,1,legs14_paralysed,ite,1,1,536,1052.540283203125,536,1052.5992431640625,-9.716167392727856,-1.1333950148798237,
dcrlme_seed1,dcrlme,1,legs14_paralysed,ite,1,2,365,1054.0166015625,365,1054.0487060546875,-7.407728545944115,-0.8641146520221534,
dcrlme_seed1,dcrlme,1,legs14_paralysed,ite,1,3,452,1055.5546875,452,1055.3489990234375,-5.336860212110496,-0.6225469894686835,
dcrlme_seed1,dcrlme,1,legs14_paralysed,ite,1,4,43,1052.830810546875,452,1055.3489990234375,-5.336860212110496,-0.6225469894686835,
dcrlme_seed1,dcrlme,1,legs14_paralysed,ite,1,5,500,1060.4346923828125,500,1061.6314697265625,4.668707725279766,0.5446067207244152,
dcrlme_seed1,dcrlme,1,legs14_paralysed,ite,1,6,756,1055.2757568359375,500,1061.6314697265625,4.668707725279766,0.5446067207244152,
dcrlme_seed1,dcrlme,1,legs14_paralysed,ite,1,7,210,1053.2550048828125,500,1061.6314697265625,4.668707725279766,0.5446067207244152,
dcrlme_seed1,dcrlme,1,legs14_paralysed,ite,1,8,781,1048.5791015625,500,1061.6314697265625,4.668707725279766,0.5446067207244152,
dcrlme_seed1,dcrlme,1,legs14_paralysed,ite,1,9,32,1061.16943359375,32,1060.307861328125,2.5607068480963324,0.29870753136398753,
dcrlme_seed1,dcrlme,1,legs14_paralysed,ite,1,10,897,1052.20703125,32,1060.307861328125,2.5607068480963324,0.29870753136398753,
dcrlme_seed1,dcrlme,1,legs14_paralysed,ite,1,11,444,1055.6419677734375,32,1060.307861328125,2.5607068480963324,0.29870753136398753,
dcrlme_seed1,dcrlme,1,legs14_paralysed,ite,1,12,452,1055.5733642578125,32,1060.307861328125,2.5607068480963324,0.29870753136398753,
dcrlme_seed1,dcrlme,1,legs14_paralysed,ite,1,13,43,1051.441650390625,32,1060.307861328125,2.5607068480963324,0.29870753136398753,
dcrlme_seed1,dcrlme,1,legs14_paralysed,ite,1,14,500,1051.79052734375,32,1060.307861328125,2.5607068480963324,0.29870753136398753,
dcrlme_seed1,dcrlme,1,legs14_paralysed,ite,1,15,781,1049.548095703125,32,1060.307861328125,2.5607068480963324,0.29870753136398753,
dcrlme_seed1,dcrlme,1,legs14_paralysed,ite,1,16,897,1055.517333984375,32,1060.307861328125,2.5607068480963324,0.29870753136398753,
dcrlme_seed1,dcrlme,1,legs14_paralysed,ite,1,17,446,1055.4410400390625,32,1060.307861328125,2.5607068480963324,0.29870753136398753,
dcrlme_seed1,dcrlme,1,legs14_paralysed,ite,1,18,452,1054.936279296875,32,1060.307861328125,2.5607068480963324,0.29870753136398753,
dcrlme_seed1,dcrlme,1,legs14_paralysed,ite,1,19,731,1054.9228515625,32,1060.307861328125,2.5607068480963324,0.29870753136398753,
dcrlme_seed1,dcrlme,1,legs14_paralysed,ite,1,20,365,1053.05078125,32,1060.307861328125,2.5607068480963324,0.29870753136398753,
dcrlme_seed1,dcrlme,1,legs14_paralysed,ite,2,1,536,1053.2879638671875,536,1052.5992431640625,-9.716167392727856,-1.1333950148798237,
dcrlme_seed1,dcrlme,1,legs14_paralysed,ite,2,2,365,1053.654052734375,365,1054.0487060546875,-7.407728545944115,-0.8641146520221534,
dcrlme_seed1,dcrlme,1,legs14_paralysed,ite,2,3,452,1054.779541015625,452,1055.3489990234375,-5.336860212110496,-0.6225469894686835,
dcrlme_seed1,dcrlme,1,legs14_paralysed,ite,2,4,43,1054.578125,452,1055.3489990234375,-5.336860212110496,-0.6225469894686835,
dcrlme_seed1,dcrlme,1,legs14_paralysed,ite,2,5,500,1053.354736328125,452,1055.3489990234375,-5.336860212110496,-0.6225469894686835,
dcrlme_seed1,dcrlme,1,legs14_paralysed,ite,2,6,756,1055.6044921875,756,1057.225341796875,-2.348565322948219,-0.2739611331872915,
dcrlme_seed1,dcrlme,1,legs14_paralysed,ite,2,7,210,1046.607421875,756,1057.225341796875,-2.348565322948219,-0.2739611331872915,
dcrlme_seed1,dcrlme,1,legs14_paralysed,ite,2,8,781,1050.056884765625,756,1057.225341796875,-2.348565322948219,-0.2739611331872915,
dcrlme_seed1,dcrlme,1,legs14_paralysed,ite,2,9,32,1060.371337890625,32,1060.307861328125,2.5607068480963324,0.29870753136398753,
dcrlme_seed1,dcrlme,1,legs14_paralysed,ite,2,10,897,1054.043701171875,32,1060.307861328125,2.5607068480963324,0.29870753136398753,
dcrlme_seed1,dcrlme,1,legs14_paralysed,ite,2,11,444,1054.269775390625,32,1060.307861328125,2.5607068480963324,0.29870753136398753,
dcrlme_seed1,dcrlme,1,legs14_paralysed,ite,2,12,452,1055.6768798828125,32,1060.307861328125,2.5607068480963324,0.29870753136398753,
dcrlme_seed1,dcrlme,1,legs14_paralysed,ite,2,13,43,1059.490966796875,32,1060.307861328125,2.5607068480963324,0.29870753136398753,
dcrlme_seed1,dcrlme,1,legs14_paralysed,ite,2,14,781,1048.0771484375,32,1060.307861328125,2.5607068480963324,0.29870753136398753,
dcrlme_seed1,dcrlme,1,legs14_paralysed,ite,2,15,897,1053.582275390625,32,1060.307861328125,2.5607068480963324,0.29870753136398753,
dcrlme_seed1,dcrlme,1,legs14_paralysed,ite,2,16,500,1065.140380859375,500,1061.6314697265625,4.668707725279766,0.5446067207244152,
dcrlme_seed1,dcrlme,1,legs14_paralysed,ite,2,17,446,1055.57275390625,500,1061.6314697265625,4.668707725279766,0.5446067207244152,
dcrlme_seed1,dcrlme,1,legs14_paralysed,ite,2,18,452,1056.93701171875,500,1061.6314697265625,4.668707725279766,0.5446067207244152,
dcrlme_seed1,dcrlme,1,legs14_paralysed,ite,2,19,731,1053.611328125,500,1061.6314697265625,4.668707725279766,0.5446067207244152,
dcrlme_seed1,dcrlme,1,legs14_paralysed,ite,2,20,365,1053.584228515625,500,1061.6314697265625,4.668707725279766,0.5446067207244152,
dcrlme_seed1,dcrlme,1,legs14_paralysed,ite,3,1,536,1053.0849609375,536,1052.5992431640625,-9.716167392727856,-1.1333950148798237,
dcrlme_seed1,dcrlme,1,legs14_paralysed,ite,3,2,365,1053.2613525390625,365,1054.0487060546875,-7.407728545944115,-0.8641146520221534,
dcrlme_seed1,dcrlme,1,legs14_paralysed,ite,3,3,452,1056.32470703125,452,1055.3489990234375,-5.336860212110496,-0.6225469894686835,
dcrlme_seed1,dcrlme,1,legs14_paralysed,ite,3,4,43,1055.5452880859375,452,1055.3489990234375,-5.336860212110496,-0.6225469894686835,
dcrlme_seed1,dcrlme,1,legs14_paralysed,ite,3,5,500,1057.5814208984375,500,1061.6314697265625,4.668707725279766,0.5446067207244152,
dcrlme_seed1,dcrlme,1,legs14_paralysed,ite,3,6,756,1066.4921875,756,1057.225341796875,-2.348565322948219,-0.2739611331872915,
dcrlme_seed1,dcrlme,1,legs14_paralysed,ite,3,7,210,1051.1083984375,756,1057.225341796875,-2.348565322948219,-0.2739611331872915,
dcrlme_seed1,dcrlme,1,legs14_paralysed,ite,3,8,781,1049.81103515625,756,1057.225341796875,-2.348565322948219,-0.2739611331872915,
dcrlme_seed1,dcrlme,1,legs14_paralysed,ite,3,9,32,1059.2552490234375,756,1057.225341796875,-2.348565322948219,-0.2739611331872915,
dcrlme_seed1,dcrlme,1,legs14_paralysed,ite,3,10,897,1054.09765625,756,1057.225341796875,-2.348565322948219,-0.2739611331872915,
dcrlme_seed1,dcrlme,1,legs14_paralysed,ite,3,11,444,1062.6873779296875,756,1057.225341796875,-2.348565322948219,-0.2739611331872915,
dcrlme_seed1,dcrlme,1,legs14_paralysed,ite,3,12,452,1058.023681640625,756,1057.225341796875,-2.348565322948219,-0.2739611331872915,
dcrlme_seed1,dcrlme,1,legs14_paralysed,ite,3,13,43,1063.034423828125,756,1057.225341796875,-2.348565322948219,-0.2739611331872915,
dcrlme_seed1,dcrlme,1,legs14_paralysed,ite,3,14,781,1049.999267578125,756,1057.225341796875,-2.348565322948219,-0.2739611331872915,
dcrlme_seed1,dcrlme,1,legs14_paralysed,ite,3,15,500,1067.3077392578125,500,1061.6314697265625,4.668707725279766,0.5446067207244152,
dcrlme_seed1,dcrlme,1,legs14_paralysed,ite,3,16,897,1053.8682861328125,500,1061.6314697265625,4.668707725279766,0.5446067207244152,
dcrlme_seed1,dcrlme,1,legs14_paralysed,ite,3,17,945,1052.6107177734375,500,1061.6314697265625,4.668707725279766,0.5446067207244152,
dcrlme_seed1,dcrlme,1,legs14_paralysed,ite,3,18,452,1057.86767578125,500,1061.6314697265625,4.668707725279766,0.5446067207244152,
dcrlme_seed1,dcrlme,1,legs14_paralysed,ite,3,19,731,1051.7294921875,500,1061.6314697265625,4.668707725279766,0.5446067207244152,
dcrlme_seed1,dcrlme,1,legs14_paralysed,ite,3,20,500,1063.67236328125,500,1061.6314697265625,4.668707725279766,0.5446067207244152,
dcrlme_seed1,dcrlme,1,legs14_paralysed,ite,4,1,536,1052.19482421875,536,1052.5992431640625,-9.716167392727856,-1.1333950148798237,
dcrlme_seed1,dcrlme,1,legs14_paralysed,ite,4,2,365,1058.430419921875,365,1054.0487060546875,-7.407728545944115,-0.8641146520221534,
dcrlme_seed1,dcrlme,1,legs14_paralysed,ite,4,3,452,1054.7301025390625,365,1054.0487060546875,-7.407728545944115,-0.8641146520221534,
dcrlme_seed1,dcrlme,1,legs14_paralysed,ite,4,4,43,1051.4609375,365,1054.0487060546875,-7.407728545944115,-0.8641146520221534,
dcrlme_seed1,dcrlme,1,legs14_paralysed,ite,4,5,500,1055.740234375,365,1054.0487060546875,-7.407728545944115,-0.8641146520221534,
dcrlme_seed1,dcrlme,1,legs14_paralysed,ite,4,6,756,1055.1881103515625,365,1054.0487060546875,-7.407728545944115,-0.8641146520221534,
dcrlme_seed1,dcrlme,1,legs14_paralysed,ite,4,7,210,1053.6214599609375,365,1054.0487060546875,-7.407728545944115,-0.8641146520221534,
dcrlme_seed1,dcrlme,1,legs14_paralysed,ite,4,8,781,1048.5181884765625,365,1054.0487060546875,-7.407728545944115,-0.8641146520221534,
dcrlme_seed1,dcrlme,1,legs14_paralysed,ite,4,9,32,1059.908447265625,32,1060.307861328125,2.5607068480963324,0.29870753136398753,
dcrlme_seed1,dcrlme,1,legs14_paralysed,ite,4,10,897,1055.734375,32,1060.307861328125,2.5607068480963324,0.29870753136398753,
dcrlme_seed1,dcrlme,1,legs14_paralysed,ite,4,11,444,1057.2408447265625,32,1060.307861328125,2.5607068480963324,0.29870753136398753,
dcrlme_seed1,dcrlme,1,legs14_paralysed,ite,4,12,452,1054.39501953125,32,1060.307861328125,2.5607068480963324,0.29870753136398753,
dcrlme_seed1,dcrlme,1,legs14_paralysed,ite,4,13,43,1051.607177734375,32,1060.307861328125,2.5607068480963324,0.29870753136398753,
dcrlme_seed1,dcrlme,1,legs14_paralysed,ite,4,14,897,1056.9141845703125,32,1060.307861328125,2.5607068480963324,0.29870753136398753,
dcrlme_seed1,dcrlme,1,legs14_paralysed,ite,4,15,781,1045.865234375,32,1060.307861328125,2.5607068480963324,0.29870753136398753,
dcrlme_seed1,dcrlme,1,legs14_paralysed,ite,4,16,500,1063.1817626953125,500,1061.6314697265625,4.668707725279766,0.5446067207244152,
dcrlme_seed1,dcrlme,1,legs14_paralysed,ite,4,17,446,1056.054931640625,500,1061.6314697265625,4.668707725279766,0.5446067207244152,
dcrlme_seed1,dcrlme,1,legs14_paralysed,ite,4,18,452,1055.168212890625,500,1061.6314697265625,4.668707725279766,0.5446067207244152,
dcrlme_seed1,dcrlme,1,legs14_paralysed,ite,4,19,731,1053.18115234375,500,1061.6314697265625,4.668707725279766,0.5446067207244152,
dcrlme_seed1,dcrlme,1,legs14_paralysed,ite,4,20,365,1052.6268310546875,500,1061.6314697265625,4.668707725279766,0.5446067207244152,
dcrlme_seed1,dcrlme,1,legs14_paralysed,top_k,0,1,536,1051.0096435546875,536,1052.5992431640625,-9.716167392727856,-1.1333950148798237,
dcrlme_seed1,dcrlme,1,legs14_paralysed,top_k,0,2,452,1056.86572265625,452,1055.3489990234375,-5.336860212110496,-0.6225469894686835,
dcrlme_seed1,dcrlme,1,legs14_paralysed,top_k,0,3,609,1054.97509765625,452,1055.3489990234375,-5.336860212110496,-0.6225469894686835,
dcrlme_seed1,dcrlme,1,legs14_paralysed,top_k,0,4,545,1066.086669921875,545,1065.4169921875,10.697594122248821,1.2478788558582548,
dcrlme_seed1,dcrlme,1,legs14_paralysed,top_k,0,5,477,1054.874755859375,545,1065.4169921875,10.697594122248821,1.2478788558582548,
dcrlme_seed1,dcrlme,1,legs14_paralysed,top_k,0,6,711,1050.0687255859375,545,1065.4169921875,10.697594122248821,1.2478788558582548,
dcrlme_seed1,dcrlme,1,legs14_paralysed,top_k,0,7,863,1049.48779296875,545,1065.4169921875,10.697594122248821,1.2478788558582548,
dcrlme_seed1,dcrlme,1,legs14_paralysed,top_k,0,8,209,1054.9361572265625,545,1065.4169921875,10.697594122248821,1.2478788558582548,
dcrlme_seed1,dcrlme,1,legs14_paralysed,top_k,0,9,365,1052.87646484375,545,1065.4169921875,10.697594122248821,1.2478788558582548,
dcrlme_seed1,dcrlme,1,legs14_paralysed,top_k,0,10,782,1062.54833984375,545,1065.4169921875,10.697594122248821,1.2478788558582548,
dcrlme_seed1,dcrlme,1,legs14_paralysed,top_k,0,11,59,1054.265625,545,1065.4169921875,10.697594122248821,1.2478788558582548,
dcrlme_seed1,dcrlme,1,legs14_paralysed,top_k,0,12,963,1058.078857421875,545,1065.4169921875,10.697594122248821,1.2478788558582548,
dcrlme_seed1,dcrlme,1,legs14_paralysed,top_k,0,13,781,1048.6103515625,545,1065.4169921875,10.697594122248821,1.2478788558582548,
dcrlme_seed1,dcrlme,1,legs14_paralysed,top_k,0,14,628,1059.209228515625,545,1065.4169921875,10.697594122248821,1.2478788558582548,
dcrlme_seed1,dcrlme,1,legs14_paralysed,top_k,0,15,518,1054.6810302734375,545,1065.4169921875,10.697594122248821,1.2478788558582548,
dcrlme_seed1,dcrlme,1,legs14_paralysed,top_k,0,16,601,1069.998779296875,601,1057.1578369140625,-2.4560747285631264,-0.28650215059172907,
dcrlme_seed1,dcrlme,1,legs14_paralysed,top_k,0,17,791,1055.358154296875,601,1057.1578369140625,-2.4560747285631264,-0.28650215059172907,
dcrlme_seed1,dcrlme,1,legs14_paralysed,top_k,0,18,804,1056.697509765625,601,1057.1578369140625,-2.4560747285631264,-0.28650215059172907,
dcrlme_seed1,dcrlme,1,legs14_paralysed,top_k,0,19,657,1053.305419921875,601,1057.1578369140625,-2.4560747285631264,-0.28650215059172907,
dcrlme_seed1,dcrlme,1,legs14_paralysed,top_k,0,20,141,1052.9019775390625,601,1057.1578369140625,-2.4560747285631264,-0.28650215059172907,
dcrlme_seed1,dcrlme,1,legs14_paralysed,top_k,1,1,536,1052.98046875,536,1052.5992431640625,-9.716167392727856,-1.1333950148798237,
dcrlme_seed1,dcrlme,1,legs14_paralysed,top_k,1,2,452,1055.0467529296875,452,1055.3489990234375,-5.336860212110496,-0.6225469894686835,
dcrlme_seed1,dcrlme,1,legs14_paralysed,top_k,1,3,609,1062.196533203125,609,1061.4066162109375,4.310602254859044,0.502833566910719,
dcrlme_seed1,dcrlme,1,legs14_paralysed,top_k,1,4,545,1064.70654296875,545,1065.4169921875,10.697594122248821,1.2478788558582548,
dcrlme_seed1,dcrlme,1,legs14_paralysed,top_k,1,5,477,1055.512939453125,545,1065.4169921875,10.697594122248821,1.2478788558582548,
dcrlme_seed1,dcrlme,1,legs14_paralysed,top_k,1,6,711,1050.8992919921875,545,1065.4169921875,10.697594122248821,1.2478788558582548,
dcrlme_seed1,dcrlme,1,legs14_paralysed,top_k,1,7,863,1056.3472900390625,545,1065.4169921875,10.697594122248821,1.2478788558582548,
dcrlme_seed1,dcrlme,1,legs14_paralysed,top_k,1,8,209,1057.463134765625,545,1065.4169921875,10.697594122248821,1.2478788558582548,
dcrlme_seed1,dcrlme,1,legs14_paralysed,top_k,1,9,365,1054.21923828125,545,1065.4169921875,10.697594122248821,1.2478788558582548,
dcrlme_seed1,dcrlme,1,legs14_paralysed,top_k,1,10,782,1062.45849609375,545,1065.4169921875,10.697594122248821,1.2478788558582548,
dcrlme_seed1,dcrlme,1,legs14_paralysed,top_k,1,11,59,1051.32861328125,545,1065.4169921875,10.697594122248821,1.2478788558582548,
dcrlme_seed1,dcrlme,1,legs14_paralysed,top_k,1,12,963,1057.730224609375,545,1065.4169921875,10.697594122248821,1.2478788558582548,
dcrlme_seed1,dcrlme,1,legs14_paralysed,top_k,1,13,781,1050.055908203125,545,1065.4169921875,10.697594122248821,1.2478788558582548,
dcrlme_seed1,dcrlme,1,legs14_paralysed,top_k,1,14,628,1071.111572265625,628,1061.2371826171875,4.040759479102279,0.4713562935701054,
dcrlme_seed1,dcrlme,1,legs14_paralysed,top_k,1,15,518,1056.6505126953125,628,1061.2371826171875,4.040759479102279,0.4713562935701054,
dcrlme_seed1,dcrlme,1,legs14_paralysed,top_k,1,16,601,1056.1416015625,628,1061.2371826171875,4.040759479102279,0.4713562935701054,
dcrlme_seed1,dcrlme,1,legs14_paralysed,top_k,1,17,791,1055.4296875,628,1061.2371826171875,4.040759479102279,0.4713562935701054,
dcrlme_seed1,dcrlme,1,legs14_paralysed,top_k,1,18,804,1059.321533203125,628,1061.2371826171875,4.040759479102279,0.4713562935701054,
dcrlme_seed1,dcrlme,1,legs14_paralysed,top_k,1,19,657,1052.2760009765625,628,1061.2371826171875,4.040759479102279,0.4713562935701054,
dcrlme_seed1,dcrlme,1,legs14_paralysed,top_k,1,20,141,1052.3643798828125,628,1061.2371826171875,4.040759479102279,0.4713562935701054,
dcrlme_seed1,dcrlme,1,legs14_paralysed,top_k,2,1,536,1051.368896484375,536,1052.5992431640625,-9.716167392727856,-1.1333950148798237,
dcrlme_seed1,dcrlme,1,legs14_paralysed,top_k,2,2,452,1055.49658203125,452,1055.3489990234375,-5.336860212110496,-0.6225469894686835,
dcrlme_seed1,dcrlme,1,legs14_paralysed,top_k,2,3,609,1058.87158203125,609,1061.4066162109375,4.310602254859044,0.502833566910719,
dcrlme_seed1,dcrlme,1,legs14_paralysed,top_k,2,4,545,1067.269287109375,545,1065.4169921875,10.697594122248821,1.2478788558582548,
dcrlme_seed1,dcrlme,1,legs14_paralysed,top_k,2,5,477,1055.30224609375,545,1065.4169921875,10.697594122248821,1.2478788558582548,
dcrlme_seed1,dcrlme,1,legs14_paralysed,top_k,2,6,711,1050.66845703125,545,1065.4169921875,10.697594122248821,1.2478788558582548,
dcrlme_seed1,dcrlme,1,legs14_paralysed,top_k,2,7,863,1054.0111083984375,545,1065.4169921875,10.697594122248821,1.2478788558582548,
dcrlme_seed1,dcrlme,1,legs14_paralysed,top_k,2,8,209,1062.0169677734375,545,1065.4169921875,10.697594122248821,1.2478788558582548,
dcrlme_seed1,dcrlme,1,legs14_paralysed,top_k,2,9,365,1053.351318359375,545,1065.4169921875,10.697594122248821,1.2478788558582548,
dcrlme_seed1,dcrlme,1,legs14_paralysed,top_k,2,10,782,1063.53369140625,545,1065.4169921875,10.697594122248821,1.2478788558582548,
dcrlme_seed1,dcrlme,1,legs14_paralysed,top_k,2,11,59,1052.44189453125,545,1065.4169921875,10.697594122248821,1.2478788558582548,
dcrlme_seed1,dcrlme,1,legs14_paralysed,top_k,2,12,963,1058.170654296875,545,1065.4169921875,10.697594122248821,1.2478788558582548,
dcrlme_seed1,dcrlme,1,legs14_paralysed,top_k,2,13,781,1048.58740234375,545,1065.4169921875,10.697594122248821,1.2478788558582548,
dcrlme_seed1,dcrlme,1,legs14_paralysed,top_k,2,14,628,1061.00830078125,545,1065.4169921875,10.697594122248821,1.2478788558582548,
dcrlme_seed1,dcrlme,1,legs14_paralysed,top_k,2,15,518,1057.8909912109375,545,1065.4169921875,10.697594122248821,1.2478788558582548,
dcrlme_seed1,dcrlme,1,legs14_paralysed,top_k,2,16,601,1060.074462890625,545,1065.4169921875,10.697594122248821,1.2478788558582548,
dcrlme_seed1,dcrlme,1,legs14_paralysed,top_k,2,17,791,1053.18701171875,545,1065.4169921875,10.697594122248821,1.2478788558582548,
dcrlme_seed1,dcrlme,1,legs14_paralysed,top_k,2,18,804,1054.60302734375,545,1065.4169921875,10.697594122248821,1.2478788558582548,
dcrlme_seed1,dcrlme,1,legs14_paralysed,top_k,2,19,657,1051.36376953125,545,1065.4169921875,10.697594122248821,1.2478788558582548,
dcrlme_seed1,dcrlme,1,legs14_paralysed,top_k,2,20,141,1054.2025146484375,545,1065.4169921875,10.697594122248821,1.2478788558582548,
dcrlme_seed1,dcrlme,1,legs14_paralysed,top_k,3,1,536,1053.15576171875,536,1052.5992431640625,-9.716167392727856,-1.1333950148798237,
dcrlme_seed1,dcrlme,1,legs14_paralysed,top_k,3,2,452,1054.99462890625,452,1055.3489990234375,-5.336860212110496,-0.6225469894686835,
dcrlme_seed1,dcrlme,1,legs14_paralysed,top_k,3,3,609,1058.81103515625,609,1061.4066162109375,4.310602254859044,0.502833566910719,
dcrlme_seed1,dcrlme,1,legs14_paralysed,top_k,3,4,545,1062.0887451171875,545,1065.4169921875,10.697594122248821,1.2478788558582548,
dcrlme_seed1,dcrlme,1,legs14_paralysed,top_k,3,5,477,1054.4521484375,545,1065.4169921875,10.697594122248821,1.2478788558582548,
dcrlme_seed1,dcrlme,1,legs14_paralysed,top_k,3,6,711,1050.42626953125,545,1065.4169921875,10.697594122248821,1.2478788558582548,
dcrlme_seed1,dcrlme,1,legs14_paralysed,top_k,3,7,863,1054.8612060546875,545,1065.4169921875,10.697594122248821,1.2478788558582548,
dcrlme_seed1,dcrlme,1,legs14_paralysed,top_k,3,8,209,1058.59765625,545,1065.4169921875,10.697594122248821,1.2478788558582548,
dcrlme_seed1,dcrlme,1,legs14_paralysed,top_k,3,9,365,1053.16845703125,545,1065.4169921875,10.697594122248821,1.2478788558582548,
dcrlme_seed1,dcrlme,1,legs14_paralysed,top_k,3,10,782,1059.04248046875,545,1065.4169921875,10.697594122248821,1.2478788558582548,
dcrlme_seed1,dcrlme,1,legs14_paralysed,top_k,3,11,59,1052.353759765625,545,1065.4169921875,10.697594122248821,1.2478788558582548,
dcrlme_seed1,dcrlme,1,legs14_paralysed,top_k,3,12,963,1061.773193359375,545,1065.4169921875,10.697594122248821,1.2478788558582548,
dcrlme_seed1,dcrlme,1,legs14_paralysed,top_k,3,13,781,1045.92041015625,545,1065.4169921875,10.697594122248821,1.2478788558582548,
dcrlme_seed1,dcrlme,1,legs14_paralysed,top_k,3,14,628,1065.9910888671875,628,1061.2371826171875,4.040759479102279,0.4713562935701054,
dcrlme_seed1,dcrlme,1,legs14_paralysed,top_k,3,15,518,1056.9046630859375,628,1061.2371826171875,4.040759479102279,0.4713562935701054,
dcrlme_seed1,dcrlme,1,legs14_paralysed,top_k,3,16,601,1061.0283203125,628,1061.2371826171875,4.040759479102279,0.4713562935701054,
dcrlme_seed1,dcrlme,1,legs14_paralysed,top_k,3,17,791,1055.166015625,628,1061.2371826171875,4.040759479102279,0.4713562935701054,
dcrlme_seed1,dcrlme,1,legs14_paralysed,top_k,3,18,804,1053.5594482421875,628,1061.2371826171875,4.040759479102279,0.4713562935701054,
dcrlme_seed1,dcrlme,1,legs14_paralysed,top_k,3,19,657,1053.8929443359375,628,1061.2371826171875,4.040759479102279,0.4713562935701054,
dcrlme_seed1,dcrlme,1,legs14_paralysed,top_k,3,20,141,1053.8076171875,628,1061.2371826171875,4.040759479102279,0.4713562935701054,
dcrlme_seed1,dcrlme,1,legs14_paralysed,top_k,4,1,536,1053.0146484375,536,1052.5992431640625,-9.716167392727856,-1.1333950148798237,
dcrlme_seed1,dcrlme,1,legs14_paralysed,top_k,4,2,452,1055.378173828125,452,1055.3489990234375,-5.336860212110496,-0.6225469894686835,
dcrlme_seed1,dcrlme,1,legs14_paralysed,top_k,4,3,609,1061.265869140625,609,1061.4066162109375,4.310602254859044,0.502833566910719,
dcrlme_seed1,dcrlme,1,legs14_paralysed,top_k,4,4,545,1062.5865478515625,545,1065.4169921875,10.697594122248821,1.2478788558582548,
dcrlme_seed1,dcrlme,1,legs14_paralysed,top_k,4,5,477,1056.755126953125,545,1065.4169921875,10.697594122248821,1.2478788558582548,
dcrlme_seed1,dcrlme,1,legs14_paralysed,top_k,4,6,711,1051.38818359375,545,1065.4169921875,10.697594122248821,1.2478788558582548,
dcrlme_seed1,dcrlme,1,legs14_paralysed,top_k,4,7,863,1050.8387451171875,545,1065.4169921875,10.697594122248821,1.2478788558582548,
dcrlme_seed1,dcrlme,1,legs14_paralysed,top_k,4,8,209,1062.39599609375,545,1065.4169921875,10.697594122248821,1.2478788558582548,
dcrlme_seed1,dcrlme,1,legs14_paralysed,top_k,4,9,365,1053.3974609375,545,1065.4169921875,10.697594122248821,1.2478788558582548,
dcrlme_seed1,dcrlme,1,legs14_paralysed,top_k,4,10,782,1058.022216796875,545,1065.4169921875,10.697594122248821,1.2478788558582548,
dcrlme_seed1,dcrlme,1,legs14_paralysed,top_k,4,11,59,1048.541259765625,545,1065.4169921875,10.697594122248821,1.2478788558582548,
dcrlme_seed1,dcrlme,1,legs14_paralysed,top_k,4,12,963,1060.55322265625,545,1065.4169921875,10.697594122248821,1.2478788558582548,
dcrlme_seed1,dcrlme,1,legs14_paralysed,top_k,4,13,781,1049.48388671875,545,1065.4169921875,10.697594122248821,1.2478788558582548,
dcrlme_seed1,dcrlme,1,legs14_paralysed,top_k,4,14,628,1061.889892578125,545,1065.4169921875,10.697594122248821,1.2478788558582548,
dcrlme_seed1,dcrlme,1,legs14_paralysed,top_k,4,15,518,1056.09228515625,545,1065.4169921875,10.697594122248821,1.2478788558582548,
dcrlme_seed1,dcrlme,1,legs14_paralysed,top_k,4,16,601,1060.7431640625,545,1065.4169921875,10.697594122248821,1.2478788558582548,
dcrlme_seed1,dcrlme,1,legs14_paralysed,top_k,4,17,791,1055.0037841796875,545,1065.4169921875,10.697594122248821,1.2478788558582548,
dcrlme_seed1,dcrlme,1,legs14_paralysed,top_k,4,18,804,1058.9599609375,545,1065.4169921875,10.697594122248821,1.2478788558582548,
dcrlme_seed1,dcrlme,1,legs14_paralysed,top_k,4,19,657,1055.481689453125,545,1065.4169921875,10.697594122248821,1.2478788558582548,
dcrlme_seed1,dcrlme,1,legs14_paralysed,top_k,4,20,141,1054.323974609375,545,1065.4169921875,10.697594122248821,1.2478788558582548,
dcrlme_seed1,dcrlme,1,ankle1_paralysed,ite,0,1,536,1154.454345703125,536,1152.029052734375,24.52681833793114,17.338616495823835,6
dcrlme_seed1,dcrlme,1,ankle1_paralysed,ite,0,2,365,1189.15283203125,365,1155.3541259765625,25.400645565167217,17.956346646057966,6
dcrlme_seed1,dcrlme,1,ankle1_paralysed,ite,0,3,452,1235.239501953125,452,1240.33056640625,47.732402465720426,33.74321974316268,6
dcrlme_seed1,dcrlme,1,ankle1_paralysed,ite,0,4,43,1074.43017578125,452,1240.33056640625,47.732402465720426,33.74321974316268,6
dcrlme_seed1,dcrlme,1,ankle1_paralysed,ite,0,5,452,1228.99169921875,452,1240.33056640625,47.732402465720426,33.74321974316268,6
dcrlme_seed1,dcrlme,1,ankle1_paralysed,ite,0,6,500,1311.7764892578125,500,1276.4471435546875,57.22381699050682,40.45293619234664,6
dcrlme_seed1,dcrlme,1,ankle1_paralysed,ite,0,7,500,1303.9814453125,500,1276.4471435546875,57.22381699050682,40.45293619234664,6
dcrlme_seed1,dcrlme,1,ankle1_paralysed,ite,0,8,500,1291.432861328125,500,1276.4471435546875,57.22381699050682,40.45293619234664,6
dcrlme_seed1,dcrlme,1,ankle1_paralysed,ite,0,9,500,1244.0289306640625,500,1276.4471435546875,57.22381699050682,40.45293619234664,6
dcrlme_seed1,dcrlme,1,ankle1_paralysed,ite,0,10,500,1301.999755859375,500,1276.4471435546875,57.22381699050682,40.45293619234664,6
dcrlme_seed1,dcrlme,1,ankle1_paralysed,ite,0,11,500,1268.7828369140625,500,1276.4471435546875,57.22381699050682,40.45293619234664,6
dcrlme_seed1,dcrlme,1,ankle1_paralysed,ite,0,12,500,1319.443603515625,500,1276.4471435546875,57.22381699050682,40.45293619234664,6
dcrlme_seed1,dcrlme,1,ankle1_paralysed,ite,0,13,500,1228.629638671875,500,1276.4471435546875,57.22381699050682,40.45293619234664,6
dcrlme_seed1,dcrlme,1,ankle1_paralysed,ite,0,14,500,1319.059326171875,500,1276.4471435546875,57.22381699050682,40.45293619234664,6
dcrlme_seed1,dcrlme,1,ankle1_paralysed,ite,0,15,500,1350.092529296875,500,1276.4471435546875,57.22381699050682,40.45293619234664,6
dcrlme_seed1,dcrlme,1,ankle1_paralysed,ite,0,16,500,1304.3848876953125,500,1276.4471435546875,57.22381699050682,40.45293619234664,6
dcrlme_seed1,dcrlme,1,ankle1_paralysed,ite,0,17,500,1278.298828125,500,1276.4471435546875,57.22381699050682,40.45293619234664,6
dcrlme_seed1,dcrlme,1,ankle1_paralysed,ite,0,18,500,1323.248779296875,500,1276.4471435546875,57.22381699050682,40.45293619234664,6
dcrlme_seed1,dcrlme,1,ankle1_paralysed,ite,0,19,500,1252.891845703125,500,1276.4471435546875,57.22381699050682,40.45293619234664,6
dcrlme_seed1,dcrlme,1,ankle1_paralysed,ite,0,20,500,1288.8319091796875,500,1276.4471435546875,57.22381699050682,40.45293619234664,6
dcrlme_seed1,dcrlme,1,ankle1_paralysed,ite,1,1,536,1143.6376953125,536,1152.029052734375,24.52681833793114,17.338616495823835,6
dcrlme_seed1,dcrlme,1,ankle1_paralysed,ite,1,2,365,1164.8848876953125,365,1155.3541259765625,25.400645565167217,17.956346646057966,6
dcrlme_seed1,dcrlme,1,ankle1_paralysed,ite,1,3,452,1231.64404296875,452,1240.33056640625,47.732402465720426,33.74321974316268,6
dcrlme_seed1,dcrlme,1,ankle1_paralysed,ite,1,4,43,1078.80859375,452,1240.33056640625,47.732402465720426,33.74321974316268,6
dcrlme_seed1,dcrlme,1,ankle1_paralysed,ite,1,5,452,1227.0589599609375,452,1240.33056640625,47.732402465720426,33.74321974316268,6
dcrlme_seed1,dcrlme,1,ankle1_paralysed,ite,1,6,500,1296.2783203125,500,1276.4471435546875,57.22381699050682,40.45293619234664,6
dcrlme_seed1,dcrlme,1,ankle1_paralysed,ite,1,7,500,1350.235107421875,500,1276.4471435546875,57.22381699050682,40.45293619234664,6
dcrlme_seed1,dcrlme,1,ankle1_paralysed,ite,1,8,500,1360.3587646484375,500,1276.4471435546875,57.22381699050682,40.45293619234664,6
dcrlme_seed1,dcrlme,1,ankle1_paralysed,ite,1,9,500,1340.6729736328125,500,1276.4471435546875,57.22381699050682,40.45293619234664,6
dcrlme_seed1,dcrlme,1,ankle1_paralysed,ite,1,10,500,1336.0626220703125,500,1276.4471435546875,57.22381699050682,40.45293619234664,6
dcrlme_seed1,dcrlme,1,ankle1_paralysed,ite,1,11,500,1263.0537109375,500,1276.4471435546875,57.22381699050682,40.45293619234664,6
dcrlme_seed1,dcrlme,1,ankle1_paralysed,ite,1,12,500,1287.19677734375,500,1276.4471435546875,57.22381699050682,40.45293619234664,6
dcrlme_seed1,dcrlme,1,ankle1_paralysed,ite,1,13,500,1318.2623291015625,500,1276.4471435546875,57.22381699050682,40.45293619234664,6
dcrlme_seed1,dcrlme,1,ankle1_paralysed,ite,1,14,500,1238.757080078125,500,1276.4471435546875,57.22381699050682,40.45293619234664,6
dcrlme_seed1,dcrlme,1,ankle1_paralysed,ite,1,15,500,1282.1572265625,500,1276.4471435546875,57.22381699050682,40.45293619234664,6
dcrlme_seed1,dcrlme,1,ankle1_paralysed,ite,1,16,500,1240.9368896484375,500,1276.4471435546875,57.22381699050682,40.45293619234664,6
dcrlme_seed1,dcrlme,1,ankle1_paralysed,ite,1,17,500,1211.473876953125,500,1276.4471435546875,57.22381699050682,40.45293619234664,6
dcrlme_seed1,dcrlme,1,ankle1_paralysed,ite,1,18,500,1256.5006103515625,500,1276.4471435546875,57.22381699050682,40.45293619234664,6
dcrlme_seed1,dcrlme,1,ankle1_paralysed,ite,1,19,500,1261.1292724609375,500,1276.4471435546875,57.22381699050682,40.45293619234664,6
dcrlme_seed1,dcrlme,1,ankle1_paralysed,ite,1,20,500,1310.16650390625,500,1276.4471435546875,57.22381699050682,40.45293619234664,6
dcrlme_seed1,dcrlme,1,ankle1_paralysed,ite,2,1,536,1152.635498046875,536,1152.029052734375,24.52681833793114,17.338616495823835,5
dcrlme_seed1,dcrlme,1,ankle1_paralysed,ite,2,2,365,1147.867919921875,536,1152.029052734375,24.52681833793114,17.338616495823835,5
dcrlme_seed1,dcrlme,1,ankle1_paralysed,ite,2,3,452,1245.571533203125,452,1240.33056640625,47.732402465720426,33.74321974316268,5
dcrlme_seed1,dcrlme,1,ankle1_paralysed,ite,2,4,43,1069.2425537109375,452,1240.33056640625,47.732402465720426,33.74321974316268,5
dcrlme_seed1,dcrlme,1,ankle1_paralysed,ite,2,5,452,1233.0770263671875,452,1240.33056640625,47.732402465720426,33.74321974316268,5
dcrlme_seed1,dcrlme,1,ankle1_paralysed,ite,2,6,452,1243.11669921875,452,1240.33056640625,47.732402465720426,33.74321974316268,5
dcrlme_seed1,dcrlme,1,ankle1_paralysed,ite,2,7,500,1346.4088134765625,500,1276.4471435546875,57.22381699050682,40.45293619234664,5
dcrlme_seed1,dcrlme,1,ankle1_paralysed,ite,2,8,500,1313.065673828125,500,1276.4471435546875,57.22381699050682,40.45293619234664,5
dcrlme_seed1,dcrlme,1,ankle1_paralysed,ite,2,9,500,1239.9989013671875,500,1276.4471435546875,57.22381699050682,40.45293619234664,5
dcrlme_seed1,dcrlme,1,ankle1_paralysed,ite,2,10,500,1226.716796875,500,1276.4471435546875,57.22381699050682,40.45293619234664,5
dcrlme_seed1,dcrlme,1,ankle1_paralysed,ite,2,11,500,1219.6455078125,500,1276.4471435546875,57.22381699050682,40.45293619234664,5
dcrlme_seed1,dcrlme,1,ankle1_paralysed,ite,2,12,500,1305.44384765625,500,1276.4471435546875,57.22381699050682,40.45293619234664,5
dcrlme_seed1,dcrlme,1,ankle1_paralysed,ite,2,13,500,1315.552734375,500,1276.4471435546875,57.22381699050682,40.45293619234664,5
dcrlme_seed1,dcrlme,1,ankle1_paralysed,ite,2,14,500,1252.996826171875,500,1276.4471435546875,57.22381699050682,40.45293619234664,5
dcrlme_seed1,dcrlme,1,ankle1_paralysed,ite,2,15,500,1357.788818359375,500,1276.4471435546875,57.22381699050682,40.45293619234664,5
dcrlme_seed1,dcrlme,1,ankle1_paralysed,ite,2,16,500,1288.273193359375,500,1276.4471435546875,57.22381699050682,40.45293619234664,5
dcrlme_seed1,dcrlme,1,ankle1_paralysed,ite,2,17,500,1344.8876953125,500,1276.4471435546875,57.22381699050682,40.45293619234664,5
dcrlme_seed1,dcrlme,1,ankle1_paralysed,ite,2,18,500,1267.469482421875,500,1276.4471435546875,57.22381699050682,40.45293619234664,5
dcrlme_seed1,dcrlme,1,ankle1_paralysed,ite,2,19,500,1275.4349365234375,500,1276.4471435546875,57.22381699050682,40.45293619234664,5
dcrlme_seed1,dcrlme,1,ankle1_paralysed,ite,2,20,500,1389.3416748046875,500,1276.4471435546875,57.22381699050682,40.45293619234664,5
dcrlme_seed1,dcrlme,1,ankle1_paralysed,ite,3,1,536,1169.242431640625,536,1152.029052734375,24.52681833793114,17.338616495823835,6
dcrlme_seed1,dcrlme,1,ankle1_paralysed,ite,3,2,365,1206.966796875,365,1155.3541259765625,25.400645565167217,17.956346646057966,6
dcrlme_seed1,dcrlme,1,ankle1_paralysed,ite,3,3,452,1238.595458984375,452,1240.33056640625,47.732402465720426,33.74321974316268,6
dcrlme_seed1,dcrlme,1,ankle1_paralysed,ite,3,4,43,1064.887939453125,452,1240.33056640625,47.732402465720426,33.74321974316268,6
dcrlme_seed1,dcrlme,1,ankle1_paralysed,ite,3,5,452,1217.43798828125,452,1240.33056640625,47.732402465720426,33.74321974316268,6
dcrlme_seed1,dcrlme,1,ankle1_paralysed,ite,3,6,500,1289.15673828125,500,1276.4471435546875,57.22381699050682,40.45293619234664,6
dcrlme_seed1,dcrlme,1,ankle1_paralysed,ite,3,7,500,1306.24072265625,500,1276.4471435546875,57.22381699050682,40.45293619234664,6
dcrlme_seed1,dcrlme,1,ankle1_paralysed,ite,3,8,500,1264.42578125,500,1276.4471435546875,57.22381699050682,40.45293619234664,6
dcrlme_seed1,dcrlme,1,ankle1_paralysed,ite,3,9,500,1311.373046875,500,1276.4471435546875,57.22381699050682,40.45293619234664,6
dcrlme_seed1,dcrlme,1,ankle1_paralysed,ite,3,10,500,1319.67041015625,500,1276.4471435546875,57.22381699050682,40.45293619234664,6
dcrlme_seed1,dcrlme,1,ankle1_paralysed,ite,3,11,500,1357.8609619140625,500,1276.4471435546875,57.22381699050682,40.45293619234664,6
dcrlme_seed1,dcrlme,1,ankle1_paralysed,ite,3,12,500,1382.607421875,500,1276.4471435546875,57.22381699050682,40.45293619234664,6
dcrlme_seed1,dcrlme,1,ankle1_paralysed,ite,3,13,500,1320.6396484375,500,1276.4471435546875,57.22381699050682,40.45293619234664,6
dcrlme_seed1,dcrlme,1,ankle1_paralysed,ite,3,14,500,1194.25634765625,500,1276.4471435546875,57.22381699050682,40.45293619234664,6
dcrlme_seed1,dcrlme,1,ankle1_paralysed,ite,3,15,500,1257.352783203125,500,1276.4471435546875,57.22381699050682,40.45293619234664,6
dcrlme_seed1,dcrlme,1,ankle1_paralysed,ite,3,16,500,1268.180419921875,500,1276.4471435546875,57.22381699050682,40.45293619234664,6
dcrlme_seed1,dcrlme,1,ankle1_paralysed,ite,3,17,500,1278.1947021484375,500,1276.4471435546875,57.22381699050682,40.45293619234664,6
dcrlme_seed1,dcrlme,1,ankle1_paralysed,ite,3,18,500,1265.8121337890625,500,1276.4471435546875,57.22381699050682,40.45293619234664,6
dcrlme_seed1,dcrlme,1,ankle1_paralysed,ite,3,19,500,1404.9212646484375,500,1276.4471435546875,57.22381699050682,40.45293619234664,6
dcrlme_seed1,dcrlme,1,ankle1_paralysed,ite,3,20,500,1243.9669189453125,500,1276.4471435546875,57.22381699050682,40.45293619234664,6
dcrlme_seed1,dcrlme,1,ankle1_paralysed,ite,4,1,536,1160.3814697265625,536,1152.029052734375,24.52681833793114,17.338616495823835,6
dcrlme_seed1,dcrlme,1,ankle1_paralysed,ite,4,2,365,1180.2529296875,365,1155.3541259765625,25.400645565167217,17.956346646057966,6
dcrlme_seed1,dcrlme,1,ankle1_paralysed,ite,4,3,452,1245.1435546875,452,1240.33056640625,47.732402465720426,33.74321974316268,6
dcrlme_seed1,dcrlme,1,ankle1_paralysed,ite,4,4,43,1064.1036376953125,452,1240.33056640625,47.732402465720426,33.74321974316268,6
dcrlme_seed1,dcrlme,1,ankle1_paralysed,ite,4,5,452,1224.7762451171875,452,1240.33056640625,47.732402465720426,33.74321974316268,6
dcrlme_seed1,dcrlme,1,ankle1_paralysed,ite,4,6,500,1314.965576171875,500,1276.4471435546875,57.22381699050682,40.45293619234664,6
dcrlme_seed1,dcrlme,1,ankle1_paralysed,ite,4,7,500,1211.35498046875,500,1276.4471435546875,57.22381699050682,40.45293619234664,6
dcrlme_seed1,dcrlme,1,ankle1_paralysed,ite,4,8,500,1341.60400390625,500,1276.4471435546875,57.22381699050682,40.45293619234664,6
dcrlme_seed1,dcrlme,1,ankle1_paralysed,ite,4,9,500,1235.34228515625,500,1276.4471435546875,57.22381699050682,40.45293619234664,6
dcrlme_seed1,dcrlme,1,ankle1_paralysed,ite,4,10,500,1238.826171875,500,1276.4471435546875,57.22381699050682,40.45293619234664,6
dcrlme_seed1,dcrlme,1,ankle1_paralysed,ite,4,11,500,1293.693115234375,500,1276.4471435546875,57.22381699050682,40.45293619234664,6
dcrlme_seed1,dcrlme,1,ankle1_paralysed,ite,4,12,500,1271.989501953125,500,1276.4471435546875,57.22381699050682,40.45293619234664,6
dcrlme_seed1,dcrlme,1,ankle1_paralysed,ite,4,13,500,1284.989990234375,500,1276.4471435546875,57.22381699050682,40.45293619234664,6
dcrlme_seed1,dcrlme,1,ankle1_paralysed,ite,4,14,500,1246.341552734375,500,1276.4471435546875,57.22381699050682,40.45293619234664,6
dcrlme_seed1,dcrlme,1,ankle1_paralysed,ite,4,15,500,1248.197265625,500,1276.4471435546875,57.22381699050682,40.45293619234664,6
dcrlme_seed1,dcrlme,1,ankle1_paralysed,ite,4,16,500,1230.331787109375,500,1276.4471435546875,57.22381699050682,40.45293619234664,6
dcrlme_seed1,dcrlme,1,ankle1_paralysed,ite,4,17,500,1343.43603515625,500,1276.4471435546875,57.22381699050682,40.45293619234664,6
dcrlme_seed1,dcrlme,1,ankle1_paralysed,ite,4,18,500,1306.945556640625,500,1276.4471435546875,57.22381699050682,40.45293619234664,6
dcrlme_seed1,dcrlme,1,ankle1_paralysed,ite,4,19,500,1333.4661865234375,500,1276.4471435546875,57.22381699050682,40.45293619234664,6
dcrlme_seed1,dcrlme,1,ankle1_paralysed,ite,4,20,500,1253.2552490234375,500,1276.4471435546875,57.22381699050682,40.45293619234664,6
dcrlme_seed1,dcrlme,1,ankle1_paralysed,top_k,0,1,536,1160.063232421875,536,1152.029052734375,24.52681833793114,17.338616495823835,
dcrlme_seed1,dcrlme,1,ankle1_paralysed,top_k,0,2,452,1218.61083984375,452,1240.33056640625,47.732402465720426,33.74321974316268,
dcrlme_seed1,dcrlme,1,ankle1_paralysed,top_k,0,3,609,1144.4263916015625,452,1240.33056640625,47.732402465720426,33.74321974316268,
dcrlme_seed1,dcrlme,1,ankle1_paralysed,top_k,0,4,545,1129.970947265625,452,1240.33056640625,47.732402465720426,33.74321974316268,
dcrlme_seed1,dcrlme,1,ankle1_paralysed,top_k,0,5,477,1160.5068359375,452,1240.33056640625,47.732402465720426,33.74321974316268,
dcrlme_seed1,dcrlme,1,ankle1_paralysed,top_k,0,6,711,1170.3720703125,452,1240.33056640625,47.732402465720426,33.74321974316268,
dcrlme_seed1,dcrlme,1,ankle1_paralysed,top_k,0,7,863,1293.2457275390625,863,1218.3690185546875,41.96092103744422,29.663216306969268,
dcrlme_seed1,dcrlme,1,ankle1_paralysed,top_k,0,8,209,1099.5159912109375,863,1218.3690185546875,41.96092103744422,29.663216306969268,
dcrlme_seed1,dcrlme,1,ankle1_paralysed,top_k,0,9,365,1164.0067138671875,863,1218.3690185546875,41.96092103744422,29.663216306969268,
dcrlme_seed1,dcrlme,1,ankle1_paralysed,top_k,0,10,782,1090.3916015625,863,1218.3690185546875,41.96092103744422,29.663216306969268,
dcrlme_seed1,dcrlme,1,ankle1_paralysed,top_k,0,11,59,1107.662353515625,863,1218.3690185546875,41.96092103744422,29.663216306969268,
dcrlme_seed1,dcrlme,1,ankle1_paralysed,top_k,0,12,963,1077.228515625,863,1218.3690185546875,41.96092103744422,29.663216306969268,
dcrlme_seed1,dcrlme,1,ankle1_paralysed,top_k,0,13,781,1138.60107421875,863,1218.3690185546875,41.96092103744422,29.663216306969268,
dcrlme_seed1,dcrlme,1,ankle1_paralysed,top_k,0,14,628,1051.1019287109375,863,1218.3690185546875,41.96092103744422,29.663216306969268,
dcrlme_seed1,dcrlme,1,ankle1_paralysed,top_k,0,15,518,1079.743408203125,863,1218.3690185546875,41.96092103744422,29.663216306969268,
dcrlme_seed1,dcrlme,1,ankle1_paralysed,top_k,0,16,601,1061.693115234375,863,1218.3690185546875,41.96092103744422,29.663216306969268,
dcrlme_seed1,dcrlme,1,ankle1_paralysed,top_k,0,17,791,1160.6397705078125,863,1218.3690185546875,41.96092103744422,29.663216306969268,
dcrlme_seed1,dcrlme,1,ankle1_paralysed,top_k,0,18,804,1182.443603515625,863,1218.3690185546875,41.96092103744422,29.663216306969268,
dcrlme_seed1,dcrlme,1,ankle1_paralysed,top_k,0,19,657,1186.17578125,863,1218.3690185546875,41.96092103744422,29.663216306969268,
dcrlme_seed1,dcrlme,1,ankle1_paralysed,top_k,0,20,141,1165.762939453125,863,1218.3690185546875,41.96092103744422,29.663216306969268,
dcrlme_seed1,dcrlme,1,ankle1_paralysed,top_k,1,1,536,1167.840087890625,536,1152.029052734375,24.52681833793114,17.338616495823835,
dcrlme_seed1,dcrlme,1,ankle1_paralysed,top_k,1,2,452,1239.53466796875,452,1240.33056640625,47.732402465720426,33.74321974316268,
dcrlme_seed1,dcrlme,1,ankle1_paralysed,top_k,1,3,609,1134.9295654296875,452,1240.33056640625,47.732402465720426,33.74321974316268,
dcrlme_seed1,dcrlme,1,ankle1_paralysed,top_k,1,4,545,1098.521728515625,452,1240.33056640625,47.732402465720426,33.74321974316268,
dcrlme_seed1,dcrlme,1,ankle1_paralysed,top_k,1,5,477,1153.3951416015625,452,1240.33056640625,47.732402465720426,33.74321974316268,
dcrlme_seed1,dcrlme,1,ankle1_paralysed,top_k,1,6,711,1183.6240234375,452,1240.33056640625,47.732402465720426,33.74321974316268,
dcrlme_seed1,dcrlme,1,ankle1_paralysed,top_k,1,7,863,1199.888671875,452,1240.33056640625,47.732402465720426,33.74321974316268,
dcrlme_seed1,dcrlme,1,ankle1_paralysed,top_k,1,8,209,1100.113037109375,452,1240.33056640625,47.732402465720426,33.74321974316268,
dcrlme_seed1,dcrlme,1,ankle1_paralysed,top_k,1,9,365,1171.988525390625,452,1240.33056640625,47.732402465720426,33.74321974316268,
dcrlme_seed1,dcrlme,1,ankle1_paralysed,top_k,1,10,782,1100.58154296875,452,1240.33056640625,47.732402465720426,33.74321974316268,
dcrlme_seed1,dcrlme,1,ankle1_paralysed,top_k,1,11,59,1095.069580078125,452,1240.33056640625,47.732402465720426,33.74321974316268,
dcrlme_seed1,dcrlme,1,ankle1_paralysed,top_k,1,12,963,1085.6591796875,452,1240.33056640625,47.732402465720426,33.74321974316268,
dcrlme_seed1,dcrlme,1,ankle1_paralysed,top_k,1,13,781,1135.2042236328125,452,1240.33056640625,47.732402465720426,33.74321974316268,
dcrlme_seed1,dcrlme,1,ankle1_paralysed,top_k,1,14,628,1057.947998046875,452,1240.33056640625,47.732402465720426,33.74321974316268,
dcrlme_seed1,dcrlme,1,ankle1_paralysed,top_k,1,15,518,1078.189453125,452,1240.33056640625,47.732402465720426,33.74321974316268,
dcrlme_seed1,dcrlme,1,ankle1_paralysed,top_k,1,16,601,1057.497802734375,452,1240.33056640625,47.732402465720426,33.74321974316268,
dcrlme_seed1,dcrlme,1,ankle1_paralysed,top_k,1,17,791,1156.7982177734375,452,1240.33056640625,47.732402465720426,33.74321974316268,
dcrlme_seed1,dcrlme,1,ankle1_paralysed,top_k,1,18,804,1164.0567626953125,452,1240.33056640625,47.732402465720426,33.74321974316268,
dcrlme_seed1,dcrlme,1,ankle1_paralysed,top_k,1,19,657,1168.817138671875,452,1240.33056640625,47.732402465720426,33.74321974316268,
dcrlme_seed1,dcrlme,1,ankle1_paralysed,top_k,1,20,141,1131.7109375,452,1240.33056640625,47.732402465720426,33.74321974316268,
dcrlme_seed1,dcrlme,1,ankle1_paralysed,top_k,2,1,536,1146.281005859375,536,1152.029052734375,24.52681833793114,17.338616495823835,
dcrlme_seed1,dcrlme,1,ankle1_paralysed,top_k,2,2,452,1232.948486328125,452,1240.33056640625,47.732402465720426,33.74321974316268,
dcrlme_seed1,dcrlme,1,ankle1_paralysed,top_k,2,3,609,1118.23876953125,452,1240.33056640625,47.732402465720426,33.74321974316268,
dcrlme_seed1,dcrlme,1,ankle1_paralysed,top_k,2,4,545,1093.735107421875,452,1240.33056640625,47.732402465720426,33.74321974316268,
dcrlme_seed1,dcrlme,1,ankle1_paralysed,top_k,2,5,477,1168.0003662109375,452,1240.33056640625,47.732402465720426,33.74321974316268,
dcrlme_seed1,dcrlme,1,ankle1_paralysed,top_k,2,6,711,1182.6236572265625,452,1240.33056640625,47.732402465720426,33.74321974316268,
dcrlme_seed1,dcrlme,1,ankle1_paralysed,top_k,2,7,863,1244.3226318359375,863,1218.3690185546875,41.96092103744422,29.663216306969268,
dcrlme_seed1,dcrlme,1,ankle1_paralysed,top_k,2,8,209,1110.3492431640625,863,1218.3690185546875,41.96092103744422,29.663216306969268,
dcrlme_seed1,dcrlme,1,ankle1_paralysed,top_k,2,9,365,1145.415283203125,863,1218.3690185546875,41.96092103744422,29.663216306969268,
dcrlme_seed1,dcrlme,1,ankle1_paralysed,top_k,2,10,782,1107.39501953125,863,1218.3690185546875,41.96092103744422,29.663216306969268,
dcrlme_seed1,dcrlme,1,ankle1_paralysed,top_k,2,11,59,1111.6558837890625,863,1218.3690185546875,41.96092103744422,29.663216306969268,
dcrlme_seed1,dcrlme,1,ankle1_paralysed,top_k,2,12,963,1070.340087890625,863,1218.3690185546875,41.96092103744422,29.663216306969268,
dcrlme_seed1,dcrlme,1,ankle1_paralysed,top_k,2,13,781,1156.863037109375,863,1218.3690185546875,41.96092103744422,29.663216306969268,
dcrlme_seed1,dcrlme,1,ankle1_paralysed,top_k,2,14,628,1054.10693359375,863,1218.3690185546875,41.96092103744422,29.663216306969268,
dcrlme_seed1,dcrlme,1,ankle1_paralysed,top_k,2,15,518,1076.666748046875,863,1218.3690185546875,41.96092103744422,29.663216306969268,
dcrlme_seed1,dcrlme,1,ankle1_paralysed,top_k,2,16,601,1068.5419921875,863,1218.3690185546875,41.96092103744422,29.663216306969268,
dcrlme_seed1,dcrlme,1,ankle1_paralysed,top_k,2,17,791,1142.56787109375,863,1218.3690185546875,41.96092103744422,29.663216306969268,
dcrlme_seed1,dcrlme,1,ankle1_paralysed,top_k,2,18,804,1168.260498046875,863,1218.3690185546875,41.96092103744422,29.663216306969268,
dcrlme_seed1,dcrlme,1,ankle1_paralysed,top_k,2,19,657,1157.241455078125,863,1218.3690185546875,41.96092103744422,29.663216306969268,
dcrlme_seed1,dcrlme,1,ankle1_paralysed,top_k,2,20,141,1146.496826171875,863,1218.3690185546875,41.96092103744422,29.663216306969268,
dcrlme_seed1,dcrlme,1,ankle1_paralysed,top_k,3,1,536,1154.9345703125,536,1152.029052734375,24.52681833793114,17.338616495823835,
dcrlme_seed1,dcrlme,1,ankle1_paralysed,top_k,3,2,452,1208.766357421875,452,1240.33056640625,47.732402465720426,33.74321974316268,
dcrlme_seed1,dcrlme,1,ankle1_paralysed,top_k,3,3,609,1141.39453125,452,1240.33056640625,47.732402465720426,33.74321974316268,
dcrlme_seed1,dcrlme,1,ankle1_paralysed,top_k,3,4,545,1086.528076171875,452,1240.33056640625,47.732402465720426,33.74321974316268,
dcrlme_seed1,dcrlme,1,ankle1_paralysed,top_k,3,5,477,1167.648681640625,452,1240.33056640625,47.732402465720426,33.74321974316268,
dcrlme_seed1,dcrlme,1,ankle1_paralysed,top_k,3,6,711,1184.437744140625,452,1240.33056640625,47.732402465720426,33.74321974316268,
dcrlme_seed1,dcrlme,1,ankle1_paralysed,top_k,3,7,863,1237.103515625,863,1218.3690185546875,41.96092103744422,29.663216306969268,
dcrlme_seed1,dcrlme,1,ankle1_paralysed,top_k,3,8,209,1101.617919921875,863,1218.3690185546875,41.96092103744422,29.663216306969268,
dcrlme_seed1,dcrlme,1,ankle1_paralysed,top_k,3,9,365,1113.5667724609375,863,1218.3690185546875,41.96092103744422,29.663216306969268,
dcrlme_seed1,dcrlme,1,ankle1_paralysed,top_k,3,10,782,1101.15966796875,863,1218.3690185546875,41.96092103744422,29.663216306969268,
dcrlme_seed1,dcrlme,1,ankle1_paralysed,top_k,3,11,59,1131.086669921875,863,1218.3690185546875,41.96092103744422,29.663216306969268,
dcrlme_seed1,dcrlme,1,ankle1_paralysed,top_k,3,12,963,1085.49755859375,863,1218.3690185546875,41.96092103744422,29.663216306969268,
dcrlme_seed1,dcrlme,1,ankle1_paralysed,top_k,3,13,781,1156.381103515625,863,1218.3690185546875,41.96092103744422,29.663216306969268,
dcrlme_seed1,dcrlme,1,ankle1_paralysed,top_k,3,14,628,1058.579345703125,863,1218.3690185546875,41.96092103744422,29.663216306969268,
dcrlme_seed1,dcrlme,1,ankle1_paralysed,top_k,3,15,518,1086.8409423828125,863,1218.3690185546875,41.96092103744422,29.663216306969268,
dcrlme_seed1,dcrlme,1,ankle1_paralysed,top_k,3,16,601,1073.1409912109375,863,1218.3690185546875,41.96092103744422,29.663216306969268,
dcrlme_seed1,dcrlme,1,ankle1_paralysed,top_k,3,17,791,1166.03515625,863,1218.3690185546875,41.96092103744422,29.663216306969268,
dcrlme_seed1,dcrlme,1,ankle1_paralysed,top_k,3,18,804,1170.734375,863,1218.3690185546875,41.96092103744422,29.663216306969268,
dcrlme_seed1,dcrlme,1,ankle1_paralysed,top_k,3,19,657,1171.2257080078125,863,1218.3690185546875,41.96092103744422,29.663216306969268,
dcrlme_seed1,dcrlme,1,ankle1_paralysed,top_k,3,20,141,1142.45703125,863,1218.3690185546875,41.96092103744422,29.663216306969268,
dcrlme_seed1,dcrlme,1,ankle1_paralysed,top_k,4,1,536,1162.5020751953125,536,1152.029052734375,24.52681833793114,17.338616495823835,
dcrlme_seed1,dcrlme,1,ankle1_paralysed,top_k,4,2,452,1239.5025634765625,452,1240.33056640625,47.732402465720426,33.74321974316268,
dcrlme_seed1,dcrlme,1,ankle1_paralysed,top_k,4,3,609,1139.72021484375,452,1240.33056640625,47.732402465720426,33.74321974316268,
dcrlme_seed1,dcrlme,1,ankle1_paralysed,top_k,4,4,545,1102.60791015625,452,1240.33056640625,47.732402465720426,33.74321974316268,
dcrlme_seed1,dcrlme,1,ankle1_paralysed,top_k,4,5,477,1168.7716064453125,452,1240.33056640625,47.732402465720426,33.74321974316268,
dcrlme_seed1,dcrlme,1,ankle1_paralysed,top_k,4,6,711,1152.3441162109375,452,1240.33056640625,47.732402465720426,33.74321974316268,
dcrlme_seed1,dcrlme,1,ankle1_paralysed,top_k,4,7,863,1234.446044921875,452,1240.33056640625,47.732402465720426,33.74321974316268,
dcrlme_seed1,dcrlme,1,ankle1_paralysed,top_k,4,8,209,1094.2952880859375,452,1240.33056640625,47.732402465720426,33.74321974316268,
dcrlme_seed1,dcrlme,1,ankle1_paralysed,top_k,4,9,365,1169.9581298828125,452,1240.33056640625,47.732402465720426,33.74321974316268,
dcrlme_seed1,dcrlme,1,ankle1_paralysed,top_k,4,10,782,1079.225830078125,452,1240.33056640625,47.732402465720426,33.74321974316268,
dcrlme_seed1,dcrlme,1,ankle1_paralysed,top_k,4,11,59,1130.3712158203125,452,1240.33056640625,47.732402465720426,33.74321974316268,
dcrlme_seed1,dcrlme,1,ankle1_paralysed,top_k,4,12,963,1080.960693359375,452,1240.33056640625,47.732402465720426,33.74321974316268,
dcrlme_seed1,dcrlme,1,ankle1_paralysed,top_k,4,13,781,1153.832763671875,452,1240.33056640625,47.732402465720426,33.74321974316268,
dcrlme_seed1,dcrlme,1,ankle1_paralysed,top_k,4,14,628,1052.943359375,452,1240.33056640625,47.732402465720426,33.74321974316268,
dcrlme_seed1,dcrlme,1,ankle1_paralysed,top_k,4,15,518,1082.24267578125,452,1240.33056640625,47.732402465720426,33.74321974316268,
dcrlme_seed1,dcrlme,1,ankle1_paralysed,top_k,4,16,601,1058.297607421875,452,1240.33056640625,47.732402465720426,33.74321974316268,
dcrlme_seed1,dcrlme,1,ankle1_paralysed,top_k,4,17,791,1166.3397216796875,452,1240.33056640625,47.732402465720426,33.74321974316268,
dcrlme_seed1,dcrlme,1,ankle1_paralysed,top_k,4,18,804,1169.16650390625,452,1240.33056640625,47.732402465720426,33.74321974316268,
dcrlme_seed1,dcrlme,1,ankle1_paralysed,top_k,4,19,657,1220.781005859375,452,1240.33056640625,47.732402465720426,33.74321974316268,
dcrlme_seed1,dcrlme,1,ankle1_paralysed,top_k,4,20,141,1150.9500732421875,452,1240.33056640625,47.732402465720426,33.74321974316268,
dcrlme_seed1,dcrlme,1,ankle3_paralysed,ite,0,1,536,1130.352783203125,536,1110.56396484375,10.13276421075787,9.635256868384124,3
dcrlme_seed1,dcrlme,1,ankle3_paralysed,ite,0,2,365,1341.77978515625,365,1368.595458984375,60.54488169836993,57.57219600653185,3
dcrlme_seed1,dcrlme,1,ankle3_paralysed,ite,0,3,452,1182.7169189453125,365,1368.595458984375,60.54488169836993,57.57219600653185,3
dcrlme_seed1,dcrlme,1,ankle3_paralysed,ite,0,4,365,1369.015380859375,365,1368.595458984375,60.54488169836993,57.57219600653185,3
dcrlme_seed1,dcrlme,1,ankle3_paralysed,ite,0,5,365,1308.4686279296875,365,1368.595458984375,60.54488169836993,57.57219600653185,3
dcrlme_seed1,dcrlme,1,ankle3_paralysed,ite,0,6,365,1409.888671875,365,1368.595458984375,60.54488169836993,57.57219600653185,3
dcrlme_seed1,dcrlme,1,ankle3_paralysed,ite,0,7,365,1309.000244140625,365,1368.595458984375,60.54488169836993,57.57219600653185,3
dcrlme_seed1,dcrlme,1,ankle3_paralysed,ite,0,8,365,1295.855224609375,365,1368.595458984375,60.54488169836993,57.57219600653185,3
dcrlme_seed1,dcrlme,1,ankle3_paralysed,ite,0,9,365,1343.5179443359375,365,1368.595458984375,60.54488169836993,57.57219600653185,3
dcrlme_seed1,dcrlme,1,ankle3_paralysed,ite,0,10,365,1306.4208984375,365,1368.595458984375,60.54488169836993,57.57219600653185,3
dcrlme_seed1,dcrlme,1,ankle3_paralysed,ite,0,11,365,1433.669921875,365,1368.595458984375,60.54488169836993,57.57219600653185,3
dcrlme_seed1,dcrlme,1,ankle3_paralysed,ite,0,12,365,1368.281494140625,365,1368.595458984375,60.54488169836993,57.57219600653185,3
dcrlme_seed1,dcrlme,1,ankle3_paralysed,ite,0,13,365,1333.1575927734375,365,1368.595458984375,60.54488169836993,57.57219600653185,3
dcrlme_seed1,dcrlme,1,ankle3_paralysed,ite,0,14,365,1402.7467041015625,365,1368.595458984375,60.54488169836993,57.57219600653185,3
dcrlme_seed1,dcrlme,1,ankle3_paralysed,ite,0,15,365,1359.7493896484375,365,1368.595458984375,60.54488169836993,57.57219600653185,3
dcrlme_seed1,dcrlme,1,ankle3_paralysed,ite,0,16,365,1372.55078125,365,1368.595458984375,60.54488169836993,57.57219600653185,3
dcrlme_seed1,dcrlme,1,ankle3_paralysed,ite,0,17,365,1378.9505615234375,365,1368.595458984375,60.54488169836993,57.57219600653185,3
dcrlme_seed1,dcrlme,1,ankle3_paralysed,ite,0,18,365,1339.7525634765625,365,1368.595458984375,60.54488169836993,57.57219600653185,3
dcrlme_seed1,dcrlme,1,ankle3_paralysed,ite,0,19,365,1450.59912109375,365,1368.595458984375,60.54488169836993,57.57219600653185,3
dcrlme_seed1,dcrlme,1,ankle3_paralysed,ite,0,20,365,1330.5662841796875,365,1368.595458984375,60.54488169836993,57.57219600653185,3
dcrlme_seed1,dcrlme,1,ankle3_paralysed,ite,1,1,536,1089.697509765625,536,1110.56396484375,10.13276421075787,9.635256868384124,3
dcrlme_seed1,dcrlme,1,ankle3_paralysed,ite,1,2,365,1351.3818359375,365,1368.595458984375,60.54488169836993,57.57219600653185,3
dcrlme_seed1,dcrlme,1,ankle3_paralysed,ite,1,3,365,1283.851318359375,365,1368.595458984375,60.54488169836993,57.57219600653185,3
dcrlme_seed1,dcrlme,1,ankle3_paralysed,ite,1,4,452,1209.107177734375,365,1368.595458984375,60.54488169836993,57.57219600653185,3
dcrlme_seed1,dcrlme,1,ankle3_paralysed,ite,1,5,365,1347.6318359375,365,1368.595458984375,60.54488169836993,57.57219600653185,3
dcrlme_seed1,dcrlme,1,ankle3_paralysed,ite,1,6,365,1370.2607421875,365,1368.595458984375,60.54488169836993,57.57219600653185,3
dcrlme_seed1,dcrlme,1,ankle3_paralysed,ite,1,7,365,1380.7576904296875,365,1368.595458984375,60.54488169836993,57.57219600653185,3
dcrlme_seed1,dcrlme,1,ankle3_paralysed,ite,1,8,365,1292.4281005859375,365,1368.595458984375,60.54488169836993,57.57219600653185,3
dcrlme_seed1,dcrlme,1,ankle3_paralysed,ite,1,9,365,1421.97900390625,365,1368.595458984375,60.54488169836993,57.57219600653185,3
dcrlme_seed1,dcrlme,1,ankle3_paralysed,ite,1,10,365,1323.68505859375,365,1368.595458984375,60.54488169836993,57.57219600653185,3
dcrlme_seed1,dcrlme,1,ankle3_paralysed,ite,1,11,365,1358.1448974609375,365,1368.595458984375,60.54488169836993,57.57219600653185,3
dcrlme_seed1,dcrlme,1,ankle3_paralysed,ite,1,12,365,1362.458740234375,365,1368.595458984375,60.54488169836993,57.57219600653185,3
dcrlme_seed1,dcrlme,1,ankle3_paralysed,ite,1,13,365,1376.4599609375,365,1368.595458984375,60.54488169836993,57.57219600653185,3
dcrlme_seed1,dcrlme,1,ankle3_paralysed,ite,1,14,365,1294.2998046875,365,1368.595458984375,60.54488169836993,57.57219600653185,3
dcrlme_seed1,dcrlme,1,ankle3_paralysed,ite,1,15,365,1391.4952392578125,365,1368.595458984375,60.54488169836993,57.57219600653185,3
dcrlme_seed1,dcrlme,1,ankle3_paralysed,ite,1,16,365,1342.894287109375,365,1368.595458984375,60.54488169836993,57.57219600653185,3
dcrlme_seed1,dcrlme,1,ankle3_paralysed,ite,1,17,365,1404.3138427734375,365,1368.595458984375,60.54488169836993,57.57219600653185,3
dcrlme_seed1,dcrlme,1,ankle3_paralysed,ite,1,18,365,1292.353271484375,365,1368.595458984375,60.54488169836993,57.57219600653185,3
dcrlme_seed1,dcrlme,1,ankle3_paralysed,ite,1,19,365,1381.4873046875,365,1368.595458984375,60.54488169836993,57.57219600653185,3
dcrlme_seed1,dcrlme,1,ankle3_paralysed,ite,1,20,365,1381.346923828125,365,1368.595458984375,60.54488169836993,57.57219600653185,3
dcrlme_seed1,dcrlme,1,ankle3_paralysed,ite,2,1,536,1120.82470703125,536,1110.56396484375,10.13276421075787,9.635256868384124,2
dcrlme_seed1,dcrlme,1,ankle3_paralysed,ite,2,2,365,1359.635498046875,365,1368.595458984375,60.54488169836993,57.57219600653185,2
dcrlme_seed1,dcrlme,1,ankle3_paralysed,ite,2,3,365,1331.1551513671875,365,1368.595458984375,60.54488169836993,57.57219600653185,2
dcrlme_seed1,dcrlme,1,ankle3_paralysed,ite,2,4,452,1219.8365478515625,365,1368.595458984375,60.54488169836993,57.57219600653185,2
dcrlme_seed1,dcrlme,1,ankle3_paralysed,ite,2,5,365,1418.62744140625,365,1368.595458984375,60.54488169836993,57.57219600653185,2
dcrlme_seed1,dcrlme,1,ankle3_paralysed,ite,2,6,365,1473.1693115234375,365,1368.595458984375,60.54488169836993,57.57219600653185,2
dcrlme_seed1,dcrlme,1,ankle3_paralysed,ite,2,7,365,1360.103759765625,365,1368.595458984375,60.54488169836993,57.57219600653185,2
dcrlme_seed1,dcrlme,1,ankle3_paralysed,ite,2,8,365,1404.771484375,365,1368.595458984375,60.54488169836993,57.57219600653185,2
dcrlme_seed1,dcrlme,1,ankle3_paralysed,ite,2,9,365,1320.7803955078125,365,1368.595458984375,60.54488169836993,57.57219600653185,2
dcrlme_seed1,dcrlme,1,ankle3_paralysed,ite,2,10,365,1342.162841796875,365,1368.595458984375,60.54488169836993,57.57219600653185,2
dcrlme_seed1,dcrlme,1,ankle3_paralysed,ite,2,11,365,1368.77294921875,365,1368.595458984375,60.54488169836993,57.57219600653185,2
dcrlme_seed1,dcrlme,1,ankle3_paralysed,ite,2,12,365,1447.61572265625,365,1368.595458984375,60.54488169836993,57.57219600653185,2
dcrlme_seed1,dcrlme,1,ankle3_paralysed,ite,2,13,365,1314.031005859375,365,1368.595458984375,60.54488169836993,57.57219600653185,2
dcrlme_seed1,dcrlme,1,ankle3_paralysed,ite,2,14,365,1342.562255859375,365,1368.595458984375,60.54488169836993,57.57219600653185,2
dcrlme_seed1,dcrlme,1,ankle3_paralysed,ite,2,15,365,1317.02734375,365,1368.595458984375,60.54488169836993,57.57219600653185,2
dcrlme_seed1,dcrlme,1,ankle3_paralysed,ite,2,16,365,1327.1357421875,365,1368.595458984375,60.54488169836993,57.57219600653185,2
dcrlme_seed1,dcrlme,1,ankle3_paralysed,ite,2,17,365,1296.854248046875,365,1368.595458984375,60.54488169836993,57.57219600653185,2
dcrlme_seed1,dcrlme,1,ankle3_paralysed,ite,2,18,365,1352.2646484375,365,1368.595458984375,60.54488169836993,57.57219600653185,2
dcrlme_seed1,dcrlme,1,ankle3_paralysed,ite,2,19,365,1414.5418701171875,365,1368.595458984375,60.54488169836993,57.57219600653185,2
dcrlme_seed1,dcrlme,1,ankle3_paralysed,ite,2,20,365,1369.7509765625,365,1368.595458984375,60.54488169836993,57.57219600653185,2
dcrlme_seed1,dcrlme,1,ankle3_paralysed,ite,3,1,536,1111.045166015625,536,1110.56396484375,10.13276421075787,9.635256868384124,4
dcrlme_seed1,dcrlme,1,ankle3_paralysed,ite,3,2,365,1315.0321044921875,365,1368.595458984375,60.54488169836993,57.57219600653185,4
dcrlme_seed1,dcrlme,1,ankle3_paralysed,ite,3,3,452,1167.98291015625,365,1368.595458984375,60.54488169836993,57.57219600653185,4
dcrlme_seed1,dcrlme,1,ankle3_paralysed,ite,3,4,365,1341.410400390625,365,1368.595458984375,60.54488169836993,57.57219600653185,4
dcrlme_seed1,dcrlme,1,ankle3_paralysed,ite,3,5,365,1354.84814453125,365,1368.595458984375,60.54488169836993,57.57219600653185,4
dcrlme_seed1,dcrlme,1,ankle3_paralysed,ite,3,6,365,1311.220458984375,365,1368.595458984375,60.54488169836993,57.57219600653185,4
dcrlme_seed1,dcrlme,1,ankle3_paralysed,ite,3,7,365,1360.266845703125,365,1368.595458984375,60.54488169836993,57.57219600653185,4
dcrlme_seed1,dcrlme,1,ankle3_paralysed,ite,3,8,365,1465.867919921875,365,1368.595458984375,60.54488169836993,57.57219600653185,4
dcrlme_seed1,dcrlme,1,ankle3_paralysed,ite,3,9,365,1377.987548828125,365,1368.595458984375,60.54488169836993,57.57219600653185,4
dcrlme_seed1,dcrlme,1,ankle3_paralysed,ite,3,10,365,1382.706787109375,365,1368.595458984375,60.54488169836993,57.57219600653185,4
dcrlme_seed1,dcrlme,1,ankle3_paralysed,ite,3,11,365,1372.3787841796875,365,1368.595458984375,60.54488169836993,57.57219600653185,4
dcrlme_seed1,dcrlme,1,ankle3_paralysed,ite,3,12,365,1337.09814453125,365,1368.595458984375,60.54488169836993,57.57219600653185,4
dcrlme_seed1,dcrlme,1,ankle3_paralysed,ite,3,13,365,1317.126220703125,365,1368.595458984375,60.54488169836993,57.57219600653185,4
dcrlme_seed1,dcrlme,1,ankle3_paralysed,ite,3,14,365,1347.5557861328125,365,1368.595458984375,60.54488169836993,57.57219600653185,4
dcrlme_seed1,dcrlme,1,ankle3_paralysed,ite,3,15,365,1330.699951171875,365,1368.595458984375,60.54488169836993,57.57219600653185,4
dcrlme_seed1,dcrlme,1,ankle3_paralysed,ite,3,16,365,1225.540283203125,365,1368.595458984375,60.54488169836993,57.57219600653185,4
dcrlme_seed1,dcrlme,1,ankle3_paralysed,ite,3,17,365,1336.47900390625,365,1368.595458984375,60.54488169836993,57.57219600653185,4
dcrlme_seed1,dcrlme,1,ankle3_paralysed,ite,3,18,365,1331.6015625,365,1368.595458984375,60.54488169836993,57.57219600653185,4
dcrlme_seed1,dcrlme,1,ankle3_paralysed,ite,3,19,365,1377.8037109375,365,1368.595458984375,60.54488169836993,57.57219600653185,4
dcrlme_seed1,dcrlme,1,ankle3_paralysed,ite,3,20,365,1379.2763671875,365,1368.595458984375,60.54488169836993,57.57219600653185,4
dcrlme_seed1,dcrlme,1,ankle3_paralysed,ite,4,1,536,1121.78759765625,536,1110.56396484375,10.13276421075787,9.635256868384124,4
dcrlme_seed1,dcrlme,1,ankle3_paralysed,ite,4,2,365,1309.908203125,365,1368.595458984375,60.54488169836993,57.57219600653185,4
dcrlme_seed1,dcrlme,1,ankle3_paralysed,ite,4,3,452,1188.394287109375,365,1368.595458984375,60.54488169836993,57.57219600653185,4
dcrlme_seed1,dcrlme,1,ankle3_paralysed,ite,4,4,365,1383.984619140625,365,1368.595458984375,60.54488169836993,57.57219600653185,4
dcrlme_seed1,dcrlme,1,ankle3_paralysed,ite,4,5,365,1388.077880859375,365,1368.595458984375,60.54488169836993,57.57219600653185,4
dcrlme_seed1,dcrlme,1,ankle3_paralysed,ite,4,6,365,1363.6424560546875,365,1368.595458984375,60.54488169836993,57.57219600653185,4
dcrlme_seed1,dcrlme,1,ankle3_paralysed,ite,4,7,365,1341.1875,365,1368.595458984375,60.54488169836993,57.57219600653185,4
dcrlme_seed1,dcrlme,1,ankle3_paralysed,ite,4,8,365,1424.9337158203125,365,1368.595458984375,60.54488169836993,57.57219600653185,4
dcrlme_seed1,dcrlme,1,ankle3_paralysed,ite,4,9,365,1405.365234375,365,1368.595458984375,60.54488169836993,57.57219600653185,4
dcrlme_seed1,dcrlme,1,ankle3_paralysed,ite,4,10,365,1305.92138671875,365,1368.595458984375,60.54488169836993,57.57219600653185,4
dcrlme_seed1,dcrlme,1,ankle3_paralysed,ite,4,11,365,1340.6494140625,365,1368.595458984375,60.54488169836993,57.57219600653185,4
dcrlme_seed1,dcrlme,1,ankle3_paralysed,ite,4,12,365,1374.6478271484375,365,1368.595458984375,60.54488169836993,57.57219600653185,4
dcrlme_seed1,dcrlme,1,ankle3_paralysed,ite,4,13,365,1368.73583984375,365,1368.595458984375,60.54488169836993,57.57219600653185,4
dcrlme_seed1,dcrlme,1,ankle3_paralysed,ite,4,14,365,1286.7799072265625,365,1368.595458984375,60.54488169836993,57.57219600653185,4
dcrlme_seed1,dcrlme,1,ankle3_paralysed,ite,4,15,365,1381.197265625,365,1368.595458984375,60.54488169836993,57.57219600653185,4
dcrlme_seed1,dcrlme,1,ankle3_paralysed,ite,4,16,365,1347.265869140625,365,1368.595458984375,60.54488169836993,57.57219600653185,4
dcrlme_seed1,dcrlme,1,ankle3_paralysed,ite,4,17,365,1309.71533203125,365,1368.595458984375,60.54488169836993,57.57219600653185,4
dcrlme_seed1,dcrlme,1,ankle3_paralysed,ite,4,18,365,1422.296875,365,1368.595458984375,60.54488169836993,57.57219600653185,4
dcrlme_seed1,dcrlme,1,ankle3_paralysed,ite,4,19,365,1394.759521484375,365,1368.595458984375,60.54488169836993,57.57219600653185,4
dcrlme_seed1,dcrlme,1,ankle3_paralysed,ite,4,20,365,1317.424072265625,365,1368.595458984375,60.54488169836993,57.57219600653185,4
dcrlme_seed1,dcrlme,1,ankle3_paralysed,top_k,0,1,536,1087.848876953125,536,1110.56396484375,10.13276421075787,9.635256868384124,
dcrlme_seed1,dcrlme,1,ankle3_paralysed,top_k,0,2,452,1181.201904296875,452,1197.736328125,27.163799255697715,25.830087220621618,
dcrlme_seed1,dcrlme,1,ankle3_paralysed,top_k,0,3,609,1266.248779296875,609,1262.7532958984375,39.86629136426385,37.908901233160734,
dcrlme_seed1,dcrlme,1,ankle3_paralysed,top_k,0,4,545,1413.3828125,545,1397.100341796875,66.11393638334266,62.86781636122447,
dcrlme_seed1,dcrlme,1,ankle3_paralysed,top_k,0,5,477,1178.39404296875,545,1397.100341796875,66.11393638334266,62.86781636122447,
dcrlme_seed1,dcrlme,1,ankle3_paralysed,top_k,0,6,711,1136.0802001953125,545,1397.100341796875,66.11393638334266,62.86781636122447,
dcrlme_seed1,dcrlme,1,ankle3_paralysed,top_k,0,7,863,1312.0972900390625,545,1397.100341796875,66.11393638334266,62.86781636122447,
dcrlme_seed1,dcrlme,1,ankle3_paralysed,top_k,0,8,209,1429.606201171875,209,1481.6981201171875,82.64196973089325,78.58434183448006,
dcrlme_seed1,dcrlme,1,ankle3_paralysed,top_k,0,9,365,1284.4326171875,209,1481.6981201171875,82.64196973089325,78.58434183448006,
dcrlme_seed1,dcrlme,1,ankle3_paralysed,top_k,0,10,782,1479.65966796875,782,1570.544189453125,100.0,95.09011231263482,
dcrlme_seed1,dcrlme,1,ankle3_paralysed,top_k,0,11,59,1228.233154296875,782,1570.544189453125,100.0,95.09011231263482,
dcrlme_seed1,dcrlme,1,ankle3_paralysed,top_k,0,12,963,1535.8255615234375,963,1412.0968017578125,69.04382408548896,65.65384986782946,
dcrlme_seed1,dcrlme,1,ankle3_paralysed,top_k,0,13,781,1131.031005859375,963,1412.0968017578125,69.04382408548896,65.65384986782946,
dcrlme_seed1,dcrlme,1,ankle3_paralysed,top_k,0,14,628,1219.61767578125,963,1412.0968017578125,69.04382408548896,65.65384986782946,
dcrlme_seed1,dcrlme,1,ankle3_paralysed,top_k,0,15,518,1403.6639404296875,963,1412.0968017578125,69.04382408548896,65.65384986782946,
dcrlme_seed1,dcrlme,1,ankle3_paralysed,top_k,0,16,601,1264.166748046875,963,1412.0968017578125,69.04382408548896,65.65384986782946,
dcrlme_seed1,dcrlme,1,ankle3_paralysed,top_k,0,17,791,1206.1748046875,963,1412.0968017578125,69.04382408548896,65.65384986782946,
dcrlme_seed1,dcrlme,1,ankle3_paralysed,top_k,0,18,804,1190.5006103515625,963,1412.0968017578125,69.04382408548896,65.65384986782946,
dcrlme_seed1,dcrlme,1,ankle3_paralysed,top_k,0,19,657,1529.7301025390625,963,1412.0968017578125,69.04382408548896,65.65384986782946,
dcrlme_seed1,dcrlme,1,ankle3_paralysed,top_k,0,20,141,1123.2164306640625,963,1412.0968017578125,69.04382408548896,65.65384986782946,
dcrlme_seed1,dcrlme,1,ankle3_paralysed,top_k,1,1,536,1140.7991943359375,536,1110.56396484375,10.13276421075787,9.635256868384124,
dcrlme_seed1,dcrlme,1,ankle3_paralysed,top_k,1,2,452,1197.161376953125,452,1197.736328125,27.163799255697715,25.830087220621618,
dcrlme_seed1,dcrlme,1,ankle3_paralysed,top_k,1,3,609,1265.41015625,609,1262.7532958984375,39.86629136426385,37.908901233160734,
dcrlme_seed1,dcrlme,1,ankle3_paralysed,top_k,1,4,545,1534.6953125,545,1397.100341796875,66.11393638334266,62.86781636122447,
dcrlme_seed1,dcrlme,1,ankle3_paralysed,top_k,1,5,477,1176.810546875,545,1397.100341796875,66.11393638334266,62.86781636122447,
dcrlme_seed1,dcrlme,1,ankle3_paralysed,top_k,1,6,711,1121.3406982421875,545,1397.100341796875,66.11393638334266,62.86781636122447,
dcrlme_seed1,dcrlme,1,ankle3_paralysed,top_k,1,7,863,1343.677734375,545,1397.100341796875,66.11393638334266,62.86781636122447,
dcrlme_seed1,dcrlme,1,ankle3_paralysed,top_k,1,8,209,1498.5191650390625,545,1397.100341796875,66.11393638334266,62.86781636122447,
dcrlme_seed1,dcrlme,1,ankle3_paralysed,top_k,1,9,365,1449.2745361328125,545,1397.100341796875,66.11393638334266,62.86781636122447,
dcrlme_seed1,dcrlme,1,ankle3_paralysed,top_k,1,10,782,1600.9461669921875,782,1570.544189453125,100.0,95.09011231263482,
dcrlme_seed1,dcrlme,1,ankle3_paralysed,top_k,1,11,59,1265.88232421875,782,1570.544189453125,100.0,95.09011231263482,
dcrlme_seed1,dcrlme,1,ankle3_paralysed,top_k,1,12,963,1424.974853515625,782,1570.544189453125,100.0,95.09011231263482,
dcrlme_seed1,dcrlme,1,ankle3_paralysed,top_k,1,13,781,1133.1143798828125,782,1570.544189453125,100.0,95.09011231263482,
dcrlme_seed1,dcrlme,1,ankle3_paralysed,top_k,1,14,628,1246.249267578125,782,1570.544189453125,100.0,95.09011231263482,
dcrlme_seed1,dcrlme,1,ankle3_paralysed,top_k,1,15,518,1341.1016845703125,782,1570.544189453125,100.0,95.09011231263482,
dcrlme_seed1,dcrlme,1,ankle3_paralysed,top_k,1,16,601,1245.1434326171875,782,1570.544189453125,100.0,95.09011231263482,
dcrlme_seed1,dcrlme,1,ankle3_paralysed,top_k,1,17,791,1189.944091796875,782,1570.544189453125,100.0,95.09011231263482,
dcrlme_seed1,dcrlme,1,ankle3_paralysed,top_k,1,18,804,1166.4146728515625,782,1570.544189453125,100.0,95.09011231263482,
dcrlme_seed1,dcrlme,1,ankle3_paralysed,top_k,1,19,657,1424.381103515625,782,1570.544189453125,100.0,95.09011231263482,
dcrlme_seed1,dcrlme,1,ankle3_paralysed,top_k,1,20,141,1117.3297119140625,782,1570.544189453125,100.0,95.09011231263482,
dcrlme_seed1,dcrlme,1,ankle3_paralysed,top_k,2,1,536,1106.0894775390625,536,1110.56396484375,10.13276421075787,9.635256868384124,
dcrlme_seed1,dcrlme,1,ankle3_paralysed,top_k,2,2,452,1172.440673828125,452,1197.736328125,27.163799255697715,25.830087220621618,
dcrlme_seed1,dcrlme,1,ankle3_paralysed,top_k,2,3,609,1251.81201171875,609,1262.7532958984375,39.86629136426385,37.908901233160734,
dcrlme_seed1,dcrlme,1,ankle3_paralysed,top_k,2,4,545,1483.1829833984375,545,1397.100341796875,66.11393638334266,62.86781636122447,
dcrlme_seed1,dcrlme,1,ankle3_paralysed,top_k,2,5,477,1171.652099609375,545,1397.100341796875,66.11393638334266,62.86781636122447,
dcrlme_seed1,dcrlme,1,ankle3_paralysed,top_k,2,6,711,1142.8389892578125,545,1397.100341796875,66.11393638334266,62.86781636122447,
dcrlme_seed1,dcrlme,1,ankle3_paralysed,top_k,2,7,863,1282.050048828125,545,1397.100341796875,66.11393638334266,62.86781636122447,
dcrlme_seed1,dcrlme,1,ankle3_paralysed,top_k,2,8,209,1460.8560791015625,545,1397.100341796875,66.11393638334266,62.86781636122447,
dcrlme_seed1,dcrlme,1,ankle3_paralysed,top_k,2,9,365,1361.246826171875,545,1397.100341796875,66.11393638334266,62.86781636122447,
dcrlme_seed1,dcrlme,1,ankle3_paralysed,top_k,2,10,782,1558.861572265625,782,1570.544189453125,100.0,95.09011231263482,
dcrlme_seed1,dcrlme,1,ankle3_paralysed,top_k,2,11,59,1237.04541015625,782,1570.544189453125,100.0,95.09011231263482,
dcrlme_seed1,dcrlme,1,ankle3_paralysed,top_k,2,12,963,1602.499755859375,963,1412.0968017578125,69.04382408548896,65.65384986782946,
dcrlme_seed1,dcrlme,1,ankle3_paralysed,top_k,2,13,781,1139.804443359375,963,1412.0968017578125,69.04382408548896,65.65384986782946,
dcrlme_seed1,dcrlme,1,ankle3_paralysed,top_k,2,14,628,1222.3900146484375,963,1412.0968017578125,69.04382408548896,65.65384986782946,
dcrlme_seed1,dcrlme,1,ankle3_paralysed,top_k,2,15,518,1569.853515625,963,1412.0968017578125,69.04382408548896,65.65384986782946,
dcrlme_seed1,dcrlme,1,ankle3_paralysed,top_k,2,16,601,1253.1356201171875,963,1412.0968017578125,69.04382408548896,65.65384986782946,
dcrlme_seed1,dcrlme,1,ankle3_paralysed,top_k,2,17,791,1190.94287109375,963,1412.0968017578125,69.04382408548896,65.65384986782946,
dcrlme_seed1,dcrlme,1,ankle3_paralysed,top_k,2,18,804,1148.2310791015625,963,1412.0968017578125,69.04382408548896,65.65384986782946,
dcrlme_seed1,dcrlme,1,ankle3_paralysed,top_k,2,19,657,1454.6810302734375,963,1412.0968017578125,69.04382408548896,65.65384986782946,
dcrlme_seed1,dcrlme,1,ankle3_paralysed,top_k,2,20,141,1117.013427734375,963,1412.0968017578125,69.04382408548896,65.65384986782946,
dcrlme_seed1,dcrlme,1,ankle3_paralysed,top_k,3,1,536,1115.3980712890625,536,1110.56396484375,10.13276421075787,9.635256868384124,
dcrlme_seed1,dcrlme,1,ankle3_paralysed,top_k,3,2,452,1213.2425537109375,452,1197.736328125,27.163799255697715,25.830087220621618,
dcrlme_seed1,dcrlme,1,ankle3_paralysed,top_k,3,3,609,1263.5081787109375,609,1262.7532958984375,39.86629136426385,37.908901233160734,
dcrlme_seed1,dcrlme,1,ankle3_paralysed,top_k,3,4,545,1493.33251953125,545,1397.100341796875,66.11393638334266,62.86781636122447,
dcrlme_seed1,dcrlme,1,ankle3_paralysed,top_k,3,5,477,1165.713623046875,545,1397.100341796875,66.11393638334266,62.86781636122447,
dcrlme_seed1,dcrlme,1,ankle3_paralysed,top_k,3,6,711,1138.7119140625,545,1397.100341796875,66.11393638334266,62.86781636122447,
dcrlme_seed1,dcrlme,1,ankle3_paralysed,top_k,3,7,863,1277.0552978515625,545,1397.100341796875,66.11393638334266,62.86781636122447,
dcrlme_seed1,dcrlme,1,ankle3_paralysed,top_k,3,8,209,1473.4154052734375,545,1397.100341796875,66.11393638334266,62.86781636122447,
dcrlme_seed1,dcrlme,1,ankle3_paralysed,top_k,3,9,365,1395.42333984375,545,1397.100341796875,66.11393638334266,62.86781636122447,
dcrlme_seed1,dcrlme,1,ankle3_paralysed,top_k,3,10,782,1556.301513671875,782,1570.544189453125,100.0,95.09011231263482,
dcrlme_seed1,dcrlme,1,ankle3_paralysed,top_k,3,11,59,1250.7181396484375,782,1570.544189453125,100.0,95.09011231263482,
dcrlme_seed1,dcrlme,1,ankle3_paralysed,top_k,3,12,963,1469.692626953125,782,1570.544189453125,100.0,95.09011231263482,
dcrlme_seed1,dcrlme,1,ankle3_paralysed,top_k,3,13,781,1136.060546875,782,1570.544189453125,100.0,95.09011231263482,
dcrlme_seed1,dcrlme,1,ankle3_paralysed,top_k,3,14,628,1224.990966796875,782,1570.544189453125,100.0,95.09011231263482,
dcrlme_seed1,dcrlme,1,ankle3_paralysed,top_k,3,15,518,1361.583251953125,782,1570.544189453125,100.0,95.09011231263482,
dcrlme_seed1,dcrlme,1,ankle3_paralysed,top_k,3,16,601,1239.552490234375,782,1570.544189453125,100.0,95.09011231263482,
dcrlme_seed1,dcrlme,1,ankle3_paralysed,top_k,3,17,791,1198.9111328125,782,1570.544189453125,100.0,95.09011231263482,
dcrlme_seed1,dcrlme,1,ankle3_paralysed,top_k,3,18,804,1124.66748046875,782,1570.544189453125,100.0,95.09011231263482,
dcrlme_seed1,dcrlme,1,ankle3_paralysed,top_k,3,19,657,1502.0654296875,782,1570.544189453125,100.0,95.09011231263482,
dcrlme_seed1,dcrlme,1,ankle3_paralysed,top_k,3,20,141,1120.39208984375,782,1570.544189453125,100.0,95.09011231263482,
dcrlme_seed1,dcrlme,1,ankle3_paralysed,top_k,4,1,536,1106.732666015625,536,1110.56396484375,10.13276421075787,9.635256868384124,
dcrlme_seed1,dcrlme,1,ankle3_paralysed,top_k,4,2,452,1194.019287109375,452,1197.736328125,27.163799255697715,25.830087220621618,
dcrlme_seed1,dcrlme,1,ankle3_paralysed,top_k,4,3,609,1271.649169921875,609,1262.7532958984375,39.86629136426385,37.908901233160734,
dcrlme_seed1,dcrlme,1,ankle3_paralysed,top_k,4,4,545,1605.243408203125,545,1397.100341796875,66.11393638334266,62.86781636122447,
dcrlme_seed1,dcrlme,1,ankle3_paralysed,top_k,4,5,477,1190.0079345703125,545,1397.100341796875,66.11393638334266,62.86781636122447,
dcrlme_seed1,dcrlme,1,ankle3_paralysed,top_k,4,6,711,1132.918701171875,545,1397.100341796875,66.11393638334266,62.86781636122447,
dcrlme_seed1,dcrlme,1,ankle3_paralysed,top_k,4,7,863,1273.781005859375,545,1397.100341796875,66.11393638334266,62.86781636122447,
dcrlme_seed1,dcrlme,1,ankle3_paralysed,top_k,4,8,209,1403.543212890625,545,1397.100341796875,66.11393638334266,62.86781636122447,
dcrlme_seed1,dcrlme,1,ankle3_paralysed,top_k,4,9,365,1351.009521484375,545,1397.100341796875,66.11393638334266,62.86781636122447,
dcrlme_seed1,dcrlme,1,ankle3_paralysed,top_k,4,10,782,1556.020751953125,545,1397.100341796875,66.11393638334266,62.86781636122447,
dcrlme_seed1,dcrlme,1,ankle3_paralysed,top_k,4,11,59,1207.021240234375,545,1397.100341796875,66.11393638334266,62.86781636122447,
dcrlme_seed1,dcrlme,1,ankle3_paralysed,top_k,4,12,963,1391.138427734375,545,1397.100341796875,66.11393638334266,62.86781636122447,
dcrlme_seed1,dcrlme,1,ankle3_paralysed,top_k,4,13,781,1097.33642578125,545,1397.100341796875,66.11393638334266,62.86781636122447,
dcrlme_seed1,dcrlme,1,ankle3_paralysed,top_k,4,14,628,1249.4244384765625,545,1397.100341796875,66.11393638334266,62.86781636122447,
dcrlme_seed1,dcrlme,1,ankle3_paralysed,top_k,4,15,518,1385.56298828125,545,1397.100341796875,66.11393638334266,62.86781636122447,
dcrlme_seed1,dcrlme,1,ankle3_paralysed,top_k,4,16,601,1266.8623046875,545,1397.100341796875,66.11393638334266,62.86781636122447,
dcrlme_seed1,dcrlme,1,ankle3_paralysed,top_k,4,17,791,1220.640869140625,545,1397.100341796875,66.11393638334266,62.86781636122447,
dcrlme_seed1,dcrlme,1,ankle3_paralysed,top_k,4,18,804,1243.29248046875,545,1397.100341796875,66.11393638334266,62.86781636122447,
dcrlme_seed1,dcrlme,1,ankle3_paralysed,top_k,4,19,657,1440.10986328125,545,1397.100341796875,66.11393638334266,62.86781636122447,
dcrlme_seed1,dcrlme,1,ankle3_paralysed,top_k,4,20,141,1138.021728515625,545,1397.100341796875,66.11393638334266,62.86781636122447,
