run,algo,seed,scenario,method,rep,trial,cell,observed,recommended_cell,recommended_true,pct_oracle,pct_intact,stop_trial
me_seed0,me,0,leg1_paralysed,ite,0,1,285,1062.6029052734375,285,1070.271484375,14.85999000488464,9.658322928878324,2
me_seed0,me,0,leg1_paralysed,ite,0,2,586,1137.62890625,586,1115.3948974609375,72.80704724604473,47.32129520741628,2
me_seed0,me,0,leg1_paralysed,ite,0,3,586,1140.4742431640625,586,1115.3948974609375,72.80704724604473,47.32129520741628,2
me_seed0,me,0,leg1_paralysed,ite,0,4,586,1142.270751953125,586,1115.3948974609375,72.80704724604473,47.32129520741628,2
me_seed0,me,0,leg1_paralysed,ite,0,5,586,1097.572509765625,586,1115.3948974609375,72.80704724604473,47.32129520741628,2
me_seed0,me,0,leg1_paralysed,ite,0,6,611,1057.627197265625,586,1115.3948974609375,72.80704724604473,47.32129520741628,2
me_seed0,me,0,leg1_paralysed,ite,0,7,586,1152.70166015625,586,1115.3948974609375,72.80704724604473,47.32129520741628,2
me_seed0,me,0,leg1_paralysed,ite,0,8,586,1101.7406005859375,586,1115.3948974609375,72.80704724604473,47.32129520741628,2
me_seed0,me,0,leg1_paralysed,ite,0,9,586,1135.0445556640625,586,1115.3948974609375,72.80704724604473,47.32129520741628,2
me_seed0,me,0,leg1_paralysed,ite,0,10,586,1134.548583984375,586,1115.3948974609375,72.80704724604473,47.32129520741628,2
me_seed0,me,0,leg1_paralysed,ite,0,11,586,1142.2216796875,586,1115.3948974609375,72.80704724604473,47.32129520741628,2
me_seed0,me,0,leg1_paralysed,ite,0,12,586,1144.7066650390625,586,1115.3948974609375,72.80704724604473,47.32129520741628,2
me_seed0,me,0,leg1_paralysed,ite,0,13,586,1116.656982421875,586,1115.3948974609375,72.80704724604473,47.32129520741628,2
me_seed0,me,0,leg1_paralysed,ite,0,14,586,1146.132568359375,586,1115.3948974609375,72.80704724604473,47.32129520741628,2
me_seed0,me,0,leg1_paralysed,ite,0,15,586,1085.3782958984375,586,1115.3948974609375,72.80704724604473,47.32129520741628,2
me_seed0,me,0,leg1_paralysed,ite,0,16,586,1141.717529296875,586,1115.3948974609375,72.80704724604473,47.32129520741628,2
me_seed0,me,0,leg1_paralysed,ite,0,17,586,1138.49658203125,586,1115.3948974609375,72.80704724604473,47.32129520741628,2
me_seed0,me,0,leg1_paralysed,ite,0,18,586,1146.00048828125,586,1115.3948974609375,72.80704724604473,47.32129520741628,2
me_seed0,me,0,leg1_paralysed,ite,0,19,586,1082.2513427734375,586,1115.3948974609375,72.80704724604473,47.32129520741628,2
me_seed0,me,0,leg1_paralysed,ite,0,20,586,1132.806396484375,586,1115.3948974609375,72.80704724604473,47.32129520741628,2
me_seed0,me,0,leg1_paralysed,ite,1,1,285,1064.7484130859375,285,1070.271484375,14.85999000488464,9.658322928878324,2
me_seed0,me,0,leg1_paralysed,ite,1,2,586,1142.88330078125,586,1115.3948974609375,72.80704724604473,47.32129520741628,2
me_seed0,me,0,leg1_paralysed,ite,1,3,586,1051.68505859375,586,1115.3948974609375,72.80704724604473,47.32129520741628,2
me_seed0,me,0,leg1_paralysed,ite,1,4,173,1075.73046875,586,1115.3948974609375,72.80704724604473,47.32129520741628,2
me_seed0,me,0,leg1_paralysed,ite,1,5,611,1059.9453125,586,1115.3948974609375,72.80704724604473,47.32129520741628,2
me_seed0,me,0,leg1_paralysed,ite,1,6,940,1096.6396484375,586,1115.3948974609375,72.80704724604473,47.32129520741628,2
me_seed0,me,0,leg1_paralysed,ite,1,7,277,1069.669189453125,586,1115.3948974609375,72.80704724604473,47.32129520741628,2
me_seed0,me,0,leg1_paralysed,ite,1,8,223,1083.80615234375,586,1115.3948974609375,72.80704724604473,47.32129520741628,2
me_seed0,me,0,leg1_paralysed,ite,1,9,940,1073.5064697265625,586,1115.3948974609375,72.80704724604473,47.32129520741628,2
me_seed0,me,0,leg1_paralysed,ite,1,10,411,1098.25,586,1115.3948974609375,72.80704724604473,47.32129520741628,2
me_seed0,me,0,leg1_paralysed,ite,1,11,411,1105.379150390625,586,1115.3948974609375,72.80704724604473,47.32129520741628,2
me_seed0,me,0,leg1_paralysed,ite,1,12,411,1134.255859375,586,1115.3948974609375,72.80704724604473,47.32129520741628,2
me_seed0,me,0,leg1_paralysed,ite,1,13,411,1098.7845458984375,586,1115.3948974609375,72.80704724604473,47.32129520741628,2
me_seed0,me,0,leg1_paralysed,ite,1,14,411,1098.068603515625,586,1115.3948974609375,72.80704724604473,47.32129520741628,2
me_seed0,me,0,leg1_paralysed,ite,1,15,411,1137.25927734375,586,1115.3948974609375,72.80704724604473,47.32129520741628,2
me_seed0,me,0,leg1_paralysed,ite,1,16,411,1095.6112060546875,586,1115.3948974609375,72.80704724604473,47.32129520741628,2
me_seed0,me,0,leg1_paralysed,ite,1,17,411,1106.925048828125,586,1115.3948974609375,72.80704724604473,47.32129520741628,2
me_seed0,me,0,leg1_paralysed,ite,1,18,411,1109.135986328125,586,1115.3948974609375,72.80704724604473,47.32129520741628,2
me_seed0,me,0,leg1_paralysed,ite,1,19,411,1108.1248779296875,586,1115.3948974609375,72.80704724604473,47.32129520741628,2
me_seed0,me,0,leg1_paralysed,ite,1,20,411,1109.9986572265625,586,1115.3948974609375,72.80704724604473,47.32129520741628,2
me_seed0,me,0,leg1_paralysed,ite,2,1,285,1077.5859375,285,1070.271484375,14.85999000488464,9.658322928878324,5
me_seed0,me,0,leg1_paralysed,ite,2,2,586,1072.022705078125,285,1070.271484375,14.85999000488464,9.658322928878324,5
me_seed0,me,0,leg1_paralysed,ite,2,3,173,1073.6575927734375,285,1070.271484375,14.85999000488464,9.658322928878324,5
me_seed0,me,0,leg1_paralysed,ite,2,4,611,1047.8792724609375,285,1070.271484375,14.85999000488464,9.658322928878324,5
me_seed0,me,0,leg1_paralysed,ite,2,5,940,1109.2254638671875,940,1069.215087890625,13.50337570284028,8.776584851344468,5
me_seed0,me,0,leg1_paralysed,ite,2,6,940,1104.510498046875,940,1069.215087890625,13.50337570284028,8.776584851344468,5
me_seed0,me,0,leg1_paralysed,ite,2,7,940,1097.8388671875,940,1069.215087890625,13.50337570284028,8.776584851344468,5
me_seed0,me,0,leg1_paralysed,ite,2,8,940,1090.3896484375,940,1069.215087890625,13.50337570284028,8.776584851344468,5
me_seed0,me,0,leg1_paralysed,ite,2,9,467,1064.1817626953125,940,1069.215087890625,13.50337570284028,8.776584851344468,5
me_seed0,me,0,leg1_paralysed,ite,2,10,223,1056.14892578125,940,1069.215087890625,13.50337570284028,8.776584851344468,5
me_seed0,me,0,leg1_paralysed,ite,2,11,940,1067.822509765625,940,1069.215087890625,13.50337570284028,8.776584851344468,5
me_seed0,me,0,leg1_paralysed,ite,2,12,1010,1099.612060546875,940,1069.215087890625,13.50337570284028,8.776584851344468,5
me_seed0,me,0,leg1_paralysed,ite,2,13,1010,1102.233642578125,940,1069.215087890625,13.50337570284028,8.776584851344468,5
me_seed0,me,0,leg1_paralysed,ite,2,14,1010,1105.121337890625,940,1069.215087890625,13.50337570284028,8.776584851344468,5
me_seed0,me,0,leg1_paralysed,ite,2,15,1010,1097.9075927734375,940,1069.215087890625,13.50337570284028,8.776584851344468,5
me_seed0,me,0,leg1_paralysed,ite,2,16,1010,1101.57568359375,940,1069.215087890625,13.50337570284028,8.776584851344468,5
me_seed0,me,0,leg1_paralysed,ite,2,17,1010,1098.749267578125,940,1069.215087890625,13.50337570284028,8.776584851344468,5
me_seed0,me,0,leg1_paralysed,ite,2,18,1010,1098.4793701171875,940,1069.215087890625,13.50337570284028,8.776584851344468,5
me_seed0,me,0,leg1_paralysed,ite,2,19,1010,1084.088134765625,940,1069.215087890625,13.50337570284028,8.776584851344468,5
me_seed0,me,0,leg1_paralysed,ite,2,20,335,1134.47607421875,335,1121.6259765625,80.80893967126478,52.522164189125974,5
me_seed0,me,0,leg1_paralysed,ite,3,1,285,1069.2578125,285,1070.271484375,14.85999000488464,9.658322928878324,9
me_seed0,me,0,leg1_paralysed,ite,3,2,586,1076.2281494140625,586,1115.3948974609375,72.80704724604473,47.32129520741628,9
me_seed0,me,0,leg1_paralysed,ite,3,3,173,1085.439208984375,173,1075.4228515625,21.47532667535748,13.957993239940114,9
me_seed0,me,0,leg1_paralysed,ite,3,4,611,1055.190185546875,173,1075.4228515625,21.47532667535748,13.957993239940114,9
me_seed0,me,0,leg1_paralysed,ite,3,5,940,1071.3875732421875,173,1075.4228515625,21.47532667535748,13.957993239940114,9
me_seed0,me,0,leg1_paralysed,ite,3,6,277,1067.1551513671875,173,1075.4228515625,21.47532667535748,13.957993239940114,9
me_seed0,me,0,leg1_paralysed,ite,3,7,515,1065.05517578125,173,1075.4228515625,21.47532667535748,13.957993239940114,9
me_seed0,me,0,leg1_paralysed,ite,3,8,467,1065.2347412109375,173,1075.4228515625,21.47532667535748,13.957993239940114,9
me_seed0,me,0,leg1_paralysed,ite,3,9,335,1125.661376953125,335,1121.6259765625,80.80893967126478,52.522164189125974,9
me_seed0,me,0,leg1_paralysed,ite,3,10,335,1129.85009765625,335,1121.6259765625,80.80893967126478,52.522164189125974,9
me_seed0,me,0,leg1_paralysed,ite,3,11,335,1121.1195068359375,335,1121.6259765625,80.80893967126478,52.522164189125974,9
me_seed0,me,0,leg1_paralysed,ite,3,12,335,1119.41015625,335,1121.6259765625,80.80893967126478,52.522164189125974,9
me_seed0,me,0,leg1_paralysed,ite,3,13,335,1120.7779541015625,335,1121.6259765625,80.80893967126478,52.522164189125974,9
me_seed0,me,0,leg1_paralysed,ite,3,14,335,1134.7098388671875,335,1121.6259765625,80.80893967126478,52.522164189125974,9
me_seed0,me,0,leg1_paralysed,ite,3,15,335,1122.115234375,335,1121.6259765625,80.80893967126478,52.522164189125974,9
me_seed0,me,0,leg1_paralysed,ite,3,16,335,1124.859375,335,1121.6259765625,80.80893967126478,52.522164189125974,9
me_seed0,me,0,leg1_paralysed,ite,3,17,335,1121.6162109375,335,1121.6259765625,80.80893967126478,52.522164189125974,9
me_seed0,me,0,leg1_paralysed,ite,3,18,335,1123.783447265625,335,1121.6259765625,80.80893967126478,52.522164189125974,9
me_seed0,me,0,leg1_paralysed,ite,3,19,335,1120.6640625,335,1121.6259765625,80.80893967126478,52.522164189125974,9
me_seed0,me,0,leg1_paralysed,ite,3,20,335,1134.002197265625,335,1121.6259765625,80.80893967126478,52.522164189125974,9
me_seed0,me,0,leg1_paralysed,ite,4,1,285,1065.376953125,285,1070.271484375,14.85999000488464,9.658322928878324,2
me_seed0,me,0,leg1_paralysed,ite,4,2,586,1129.705322265625,586,1115.3948974609375,72.80704724604473,47.32129520741628,2
me_seed0,me,0,leg1_paralysed,ite,4,3,586,1078.2447509765625,586,1115.3948974609375,72.80704724604473,47.32129520741628,2
me_seed0,me,0,leg1_paralysed,ite,4,4,611,1056.886962890625,586,1115.3948974609375,72.80704724604473,47.32129520741628,2
me_seed0,me,0,leg1_paralysed,ite,4,5,173,1074.51416015625,586,1115.3948974609375,72.80704724604473,47.32129520741628,2
me_seed0,me,0,leg1_paralysed,ite,4,6,940,1110.86474609375,586,1115.3948974609375,72.80704724604473,47.32129520741628,2
me_seed0,me,0,leg1_paralysed,ite,4,7,940,1079.0345458984375,586,1115.3948974609375,72.80704724604473,47.32129520741628,2
me_seed0,me,0,leg1_paralysed,ite,4,8,277,1065.97119140625,586,1115.3948974609375,72.80704724604473,47.32129520741628,2
me_seed0,me,0,leg1_paralysed,ite,4,9,223,1081.70361328125,586,1115.3948974609375,72.80704724604473,47.32129520741628,2
me_seed0,me,0,leg1_paralysed,ite,4,10,586,1136.741943359375,586,1115.3948974609375,72.80704724604473,47.32129520741628,2
me_seed0,me,0,leg1_paralysed,ite,4,11,586,1152.890380859375,586,1115.3948974609375,72.80704724604473,47.32129520741628,2
me_seed0,me,0,leg1_paralysed,ite,4,12,586,1143.0294189453125,586,1115.3948974609375,72.80704724604473,47.32129520741628,2
me_seed0,me,0,leg1_paralysed,ite,4,13,586,1088.407470703125,586,1115.3948974609375,72.80704724604473,47.32129520741628,2
me_seed0,me,0,leg1_paralysed,ite,4,14,586,1108.31884765625,586,1115.3948974609375,72.80704724604473,47.32129520741628,2
me_seed0,me,0,leg1_paralysed,ite,4,15,586,1123.822509765625,586,1115.3948974609375,72.80704724604473,47.32129520741628,2
me_seed0,me,0,leg1_paralysed,ite,4,16,586,1144.4969482421875,586,1115.3948974609375,72.80704724604473,47.32129520741628,2
me_seed0,me,0,leg1_paralysed,ite,4,17,586,1093.6636962890625,586,1115.3948974609375,72.80704724604473,47.32129520741628,2
me_seed0,me,0,leg1_paralysed,ite,4,18,586,1164.159423828125,586,1115.3948974609375,72.80704724604473,47.32129520741628,2
me_seed0,me,0,leg1_paralysed,ite,4,19,586,1131.064453125,586,1115.3948974609375,72.80704724604473,47.32129520741628,2
me_seed0,me,0,leg1_paralysed,ite,4,20,586,1150.192626953125,586,1115.3948974609375,72.80704724604473,47.32129520741628,2
me_seed0,me,0,leg1_paralysed,top_k,0,1,285,1090.140625,285,1070.271484375,14.85999000488464,9.658322928878324,
me_seed0,me,0,leg1_paralysed,top_k,0,2,911,1067.916748046875,285,1070.271484375,14.85999000488464,9.658322928878324,
me_seed0,me,0,leg1_paralysed,top_k,0,3,166,1058.595458984375,285,1070.271484375,14.85999000488464,9.658322928878324,
me_seed0,me,0,leg1_paralysed,top_k,0,4,228,1070.8519287109375,285,1070.271484375,14.85999000488464,9.658322928878324,
me_seed0,me,0,leg1_paralysed,top_k,0,5,458,1070.41357421875,285,1070.271484375,14.85999000488464,9.658322928878324,
me_seed0,me,0,leg1_paralysed,top_k,0,6,515,1067.75537109375,285,1070.271484375,14.85999000488464,9.658322928878324,
me_seed0,me,0,leg1_paralysed,top_k,0,7,761,1091.5009765625,761,1079.078369140625,26.169707526873587,17.009128954040975,
me_seed0,me,0,leg1_paralysed,top_k,0,8,12,1069.7705078125,761,1079.078369140625,26.169707526873587,17.009128954040975,
me_seed0,me,0,leg1_paralysed,top_k,0,9,411,1109.4879150390625,411,1113.6241455078125,70.53306445595281,45.8433090099693,
me_seed0,me,0,leg1_paralysed,top_k,0,10,612,1066.25390625,411,1113.6241455078125,70.53306445595281,45.8433090099693,
me_seed0,me,0,leg1_paralysed,top_k,0,11,173,1069.994873046875,411,1113.6241455078125,70.53306445595281,45.8433090099693,
me_seed0,me,0,leg1_paralysed,top_k,0,12,697,1054.998291015625,411,1113.6241455078125,70.53306445595281,45.8433090099693,
me_seed0,me,0,leg1_paralysed,top_k,0,13,689,1072.5379638671875,411,1113.6241455078125,70.53306445595281,45.8433090099693,
me_seed0,me,0,leg1_paralysed,top_k,0,14,198,1083.484375,411,1113.6241455078125,70.53306445595281,45.8433090099693,
me_seed0,me,0,leg1_paralysed,top_k,0,15,960,1066.8416748046875,411,1113.6241455078125,70.53306445595281,45.8433090099693,
me_seed0,me,0,leg1_paralysed,top_k,0,16,864,1076.6058349609375,411,1113.6241455078125,70.53306445595281,45.8433090099693,
me_seed0,me,0,leg1_paralysed,top_k,0,17,682,1072.6148681640625,411,1113.6241455078125,70.53306445595281,45.8433090099693,
me_seed0,me,0,leg1_paralysed,top_k,0,18,691,1064.4542236328125,411,1113.6241455078125,70.53306445595281,45.8433090099693,
me_seed0,me,0,leg1_paralysed,top_k,0,19,957,1071.0460205078125,411,1113.6241455078125,70.53306445595281,45.8433090099693,
me_seed0,me,0,leg1_paralysed,top_k,0,20,321,1071.7860107421875,411,1113.6241455078125,70.53306445595281,45.8433090099693,
me_seed0,me,0,leg1_paralysed,top_k,1,1,285,1090.4267578125,285,1070.271484375,14.85999000488464,9.658322928878324,
me_seed0,me,0,leg1_paralysed,top_k,1,2,911,1068.580810546875,285,1070.271484375,14.85999000488464,9.658322928878324,
me_seed0,me,0,leg1_paralysed,top_k,1,3,166,1063.4287109375,285,1070.271484375,14.85999000488464,9.658322928878324,
me_seed0,me,0,leg1_paralysed,top_k,1,4,228,1064.21533203125,285,1070.271484375,14.85999000488464,9.658322928878324,
me_seed0,me,0,leg1_paralysed,top_k,1,5,458,1068.07373046875,285,1070.271484375,14.85999000488464,9.658322928878324,
me_seed0,me,0,leg1_paralysed,top_k,1,6,515,1061.65966796875,285,1070.271484375,14.85999000488464,9.658322928878324,
me_seed0,me,0,leg1_paralysed,top_k,1,7,761,1087.909423828125,285,1070.271484375,14.85999000488464,9.658322928878324,
me_seed0,me,0,leg1_paralysed,top_k,1,8,12,1062.875244140625,285,1070.271484375,14.85999000488464,9.658322928878324,
me_seed0,me,0,leg1_paralysed,top_k,1,9,411,1072.4859619140625,285,1070.271484375,14.85999000488464,9.658322928878324,
me_seed0,me,0,leg1_paralysed,top_k,1,10,612,1071.1966552734375,285,1070.271484375,14.85999000488464,9.658322928878324,
me_seed0,me,0,leg1_paralysed,top_k,1,11,173,1075.2777099609375,285,1070.271484375,14.85999000488464,9.658322928878324,
me_seed0,me,0,leg1_paralysed,top_k,1,12,697,1064.95263671875,285,1070.271484375,14.85999000488464,9.658322928878324,
me_seed0,me,0,leg1_paralysed,top_k,1,13,689,1067.27294921875,285,1070.271484375,14.85999000488464,9.658322928878324,
me_seed0,me,0,leg1_paralysed,top_k,1,14,198,1079.53759765625,285,1070.271484375,14.85999000488464,9.658322928878324,
me_seed0,me,0,leg1_paralysed,top_k,1,15,960,1070.974609375,285,1070.271484375,14.85999000488464,9.658322928878324,
me_seed0,me,0,leg1_paralysed,top_k,1,16,864,1078.900390625,285,1070.271484375,14.85999000488464,9.658322928878324,
me_seed0,me,0,leg1_paralysed,top_k,1,17,682,1061.8314208984375,285,1070.271484375,14.85999000488464,9.658322928878324,
me_seed0,me,0,leg1_paralysed,top_k,1,18,691,1064.415283203125,285,1070.271484375,14.85999000488464,9.658322928878324,
me_seed0,me,0,leg1_paralysed,top_k,1,19,957,1056.123291015625,285,1070.271484375,14.85999000488464,9.658322928878324,
me_seed0,me,0,leg1_paralysed,top_k,1,20,321,1072.0697021484375,285,1070.271484375,14.85999000488464,9.658322928878324,
me_seed0,me,0,leg1_paralysed,top_k,2,1,285,1068.443115234375,285,1070.271484375,14.85999000488464,9.658322928878324,
me_seed0,me,0,leg1_paralysed,top_k,2,2,911,1053.2706298828125,285,1070.271484375,14.85999000488464,9.658322928878324,
me_seed0,me,0,leg1_paralysed,top_k,2,3,166,1075.5308837890625,166,1067.4697265625,11.261999311503297,7.319791341686614,
me_seed0,me,0,leg1_paralysed,top_k,2,4,228,1063.861328125,166,1067.4697265625,11.261999311503297,7.319791341686614,
me_seed0,me,0,leg1_paralysed,top_k,2,5,458,1062.62890625,166,1067.4697265625,11.261999311503297,7.319791341686614,
me_seed0,me,0,leg1_paralysed,top_k,2,6,515,1078.8841552734375,515,1071.25146484375,16.118471587599235,10.476279167200696,
me_seed0,me,0,leg1_paralysed,top_k,2,7,761,1065.314453125,515,1071.25146484375,16.118471587599235,10.476279167200696,
me_seed0,me,0,leg1_paralysed,top_k,2,8,12,1062.158935546875,515,1071.25146484375,16.118471587599235,10.476279167200696,
me_seed0,me,0,leg1_paralysed,top_k,2,9,411,1097.4154052734375,411,1113.6241455078125,70.53306445595281,45.8433090099693,
me_seed0,me,0,leg1_paralysed,top_k,2,10,612,1074.22216796875,411,1113.6241455078125,70.53306445595281,45.8433090099693,
me_seed0,me,0,leg1_paralysed,top_k,2,11,173,1068.5972900390625,411,1113.6241455078125,70.53306445595281,45.8433090099693,
me_seed0,me,0,leg1_paralysed,top_k,2,12,697,1070.76171875,411,1113.6241455078125,70.53306445595281,45.8433090099693,
me_seed0,me,0,leg1_paralysed,top_k,2,13,689,1068.60205078125,411,1113.6241455078125,70.53306445595281,45.8433090099693,
me_seed0,me,0,leg1_paralysed,top_k,2,14,198,1063.80419921875,411,1113.6241455078125,70.53306445595281,45.8433090099693,
me_seed0,me,0,leg1_paralysed,top_k,2,15,960,1122.9892578125,960,1079.037109375,26.116722128896814,16.974690836383658,
me_seed0,me,0,leg1_paralysed,top_k,2,16,864,1071.1884765625,960,1079.037109375,26.116722128896814,16.974690836383658,
me_seed0,me,0,leg1_paralysed,top_k,2,17,682,1075.7469482421875,960,1079.037109375,26.116722128896814,16.974690836383658,
me_seed0,me,0,leg1_paralysed,top_k,2,18,691,1065.36376953125,960,1079.037109375,26.116722128896814,16.974690836383658,
me_seed0,me,0,leg1_paralysed,top_k,2,19,957,1067.59326171875,960,1079.037109375,26.116722128896814,16.974690836383658,
me_seed0,me,0,leg1_paralysed,top_k,2,20,321,1074.40966796875,960,1079.037109375,26.116722128896814,16.974690836383658,
me_seed0,me,0,leg1_paralysed,top_k,3,1,285,1069.31201171875,285,1070.271484375,14.85999000488464,9.658322928878324,
me_seed0,me,0,leg1_paralysed,top_k,3,2,911,1081.494140625,911,1067.61669921875,11.450740196603991,7.442464399850556,
me_seed0,me,0,leg1_paralysed,top_k,3,3,166,1056.3028564453125,911,1067.61669921875,11.450740196603991,7.442464399850556,
me_seed0,me,0,leg1_paralysed,top_k,3,4,228,1062.6785888671875,911,1067.61669921875,11.450740196603991,7.442464399850556,
me_seed0,me,0,leg1_paralysed,top_k,3,5,458,1060.5677490234375,911,1067.61669921875,11.450740196603991,7.442464399850556,
me_seed0,me,0,leg1_paralysed,top_k,3,6,515,1072.7183837890625,911,1067.61669921875,11.450740196603991,7.442464399850556,
me_seed0,me,0,leg1_paralysed,top_k,3,7,761,1069.364990234375,911,1067.61669921875,11.450740196603991,7.442464399850556,
me_seed0,me,0,leg1_paralysed,top_k,3,8,12,1068.8388671875,911,1067.61669921875,11.450740196603991,7.442464399850556,
me_seed0,me,0,leg1_paralysed,top_k,3,9,411,1104.7950439453125,411,1113.6241455078125,70.53306445595281,45.8433090099693,
me_seed0,me,0,leg1_paralysed,top_k,3,10,612,1065.230712890625,411,1113.6241455078125,70.53306445595281,45.8433090099693,
me_seed0,me,0,leg1_paralysed,top_k,3,11,173,1077.4073486328125,411,1113.6241455078125,70.53306445595281,45.8433090099693,
me_seed0,me,0,leg1_paralysed,top_k,3,12,697,1069.3216552734375,411,1113.6241455078125,70.53306445595281,45.8433090099693,
me_seed0,me,0,leg1_paralysed,top_k,3,13,689,1064.7476806640625,411,1113.6241455078125,70.53306445595281,45.8433090099693,
me_seed0,me,0,leg1_paralysed,top_k,3,14,198,1078.47802734375,411,1113.6241455078125,70.53306445595281,45.8433090099693,
me_seed0,me,0,leg1_paralysed,top_k,3,15,960,1065.6871337890625,411,1113.6241455078125,70.53306445595281,45.8433090099693,
me_seed0,me,0,leg1_paralysed,top_k,3,16,864,1076.89306640625,411,1113.6241455078125,70.53306445595281,45.8433090099693,
me_seed0,me,0,leg1_paralysed,top_k,3,17,682,1075.357177734375,411,1113.6241455078125,70.53306445595281,45.8433090099693,
me_seed0,me,0,leg1_paralysed,top_k,3,18,691,1064.218994140625,411,1113.6241455078125,70.53306445595281,45.8433090099693,
me_seed0,me,0,leg1_paralysed,top_k,3,19,957,1067.106201171875,411,1113.6241455078125,70.53306445595281,45.8433090099693,
me_seed0,me,0,leg1_paralysed,top_k,3,20,321,1062.197265625,411,1113.6241455078125,70.53306445595281,45.8433090099693,
me_seed0,me,0,leg1_paralysed,top_k,4,1,285,1062.46240234375,285,1070.271484375,14.85999000488464,9.658322928878324,
me_seed0,me,0,leg1_paralysed,top_k,4,2,911,1072.788330078125,911,1067.61669921875,11.450740196603991,7.442464399850556,
me_seed0,me,0,leg1_paralysed,top_k,4,3,166,1067.260498046875,911,1067.61669921875,11.450740196603991,7.442464399850556,
me_seed0,me,0,leg1_paralysed,top_k,4,4,228,1069.098388671875,911,1067.61669921875,11.450740196603991,7.442464399850556,
me_seed0,me,0,leg1_paralysed,top_k,4,5,458,1068.419677734375,911,1067.61669921875,11.450740196603991,7.442464399850556,
me_seed0,me,0,leg1_paralysed,top_k,4,6,515,1087.0474853515625,515,1071.25146484375,16.118471587599235,10.476279167200696,
me_seed0,me,0,leg1_paralysed,top_k,4,7,761,1089.316162109375,761,1079.078369140625,26.169707526873587,17.009128954040975,
me_seed0,me,0,leg1_paralysed,top_k,4,8,12,1068.712158203125,761,1079.078369140625,26.169707526873587,17.009128954040975,
me_seed0,me,0,leg1_paralysed,top_k,4,9,411,1101.8311767578125,411,1113.6241455078125,70.53306445595281,45.8433090099693,
me_seed0,me,0,leg1_paralysed,top_k,4,10,612,1070.680908203125,411,1113.6241455078125,70.53306445595281,45.8433090099693,
me_seed0,me,0,leg1_paralysed,top_k,4,11,173,1070.0635986328125,411,1113.6241455078125,70.53306445595281,45.8433090099693,
me_seed0,me,0,leg1_paralysed,top_k,4,12,697,1066.8848876953125,411,1113.6241455078125,70.53306445595281,45.8433090099693,
me_seed0,me,0,leg1_paralysed,top_k,4,13,689,1073.946044921875,411,1113.6241455078125,70.53306445595281,45.8433090099693,
me_seed0,me,0,leg1_paralysed,top_k,4,14,198,1065.6319580078125,411,1113.6241455078125,70.53306445595281,45.8433090099693,
me_seed0,me,0,leg1_paralysed,top_k,4,15,960,1062.541015625,411,1113.6241455078125,70.53306445595281,45.8433090099693,
me_seed0,me,0,leg1_paralysed,top_k,4,16,864,1077.572021484375,411,1113.6241455078125,70.53306445595281,45.8433090099693,
me_seed0,me,0,leg1_paralysed,top_k,4,17,682,1082.76953125,411,1113.6241455078125,70.53306445595281,45.8433090099693,
me_seed0,me,0,leg1_paralysed,top_k,4,18,691,1063.082275390625,411,1113.6241455078125,70.53306445595281,45.8433090099693,
me_seed0,me,0,leg1_paralysed,top_k,4,19,957,1067.7059326171875,411,1113.6241455078125,70.53306445595281,45.8433090099693,
me_seed0,me,0,leg1_paralysed,top_k,4,20,321,1077.04443359375,411,1113.6241455078125,70.53306445595281,45.8433090099693,
me_seed0,me,0,leg1_paralysed,best_intact,0,1,285,1069.0126953125,285,1070.271484375,14.85999000488464,9.658322928878324,
me_seed0,me,0,leg1_paralysed,best_intact,1,1,285,1069.492431640625,285,1070.271484375,14.85999000488464,9.658322928878324,
me_seed0,me,0,leg1_paralysed,best_intact,2,1,285,1064.2119140625,285,1070.271484375,14.85999000488464,9.658322928878324,
me_seed0,me,0,leg1_paralysed,best_intact,3,1,285,1073.153076171875,285,1070.271484375,14.85999000488464,9.658322928878324,
me_seed0,me,0,leg1_paralysed,best_intact,4,1,285,1081.2830810546875,285,1070.271484375,14.85999000488464,9.658322928878324,
me_seed0,me,0,leg2_paralysed,ite,0,1,285,1058.4287109375,285,1060.2432861328125,3.7701560475895173,1.2881282434746015,
me_seed0,me,0,leg2_paralysed,ite,0,2,586,1054.4541015625,285,1060.2432861328125,3.7701560475895173,1.2881282434746015,
me_seed0,me,0,leg2_paralysed,ite,0,3,173,1056.880126953125,285,1060.2432861328125,3.7701560475895173,1.2881282434746015,
me_seed0,me,0,leg2_paralysed,ite,0,4,611,1052.574951171875,285,1060.2432861328125,3.7701560475895173,1.2881282434746015,
me_seed0,me,0,leg2_paralysed,ite,0,5,940,1059.299072265625,940,1058.9384765625,0.5825840297541403,0.1990482445423865,
me_seed0,me,0,leg2_paralysed,ite,0,6,277,1052.03662109375,940,1058.9384765625,0.5825840297541403,0.1990482445423865,
me_seed0,me,0,leg2_paralysed,ite,0,7,411,1064.4825439453125,411,1063.0439453125,10.611999513320367,3.625742839367745,
me_seed0,me,0,leg2_paralysed,ite,0,8,335,1058.3153076171875,411,1063.0439453125,10.611999513320367,3.625742839367745,
me_seed0,me,0,leg2_paralysed,ite,0,9,467,1061.3909912109375,411,1063.0439453125,10.611999513320367,3.625742839367745,
me_seed0,me,0,leg2_paralysed,ite,0,10,515,1054.82666015625,411,1063.0439453125,10.611999513320367,3.625742839367745,
me_seed0,me,0,leg2_paralysed,ite,0,11,223,1057.2440185546875,411,1063.0439453125,10.611999513320367,3.625742839367745,
me_seed0,me,0,leg2_paralysed,ite,0,12,411,1059.4500732421875,411,1063.0439453125,10.611999513320367,3.625742839367745,
me_seed0,me,0,leg2_paralysed,ite,0,13,173,1056.2445068359375,411,1063.0439453125,10.611999513320367,3.625742839367745,
me_seed0,me,0,leg2_paralysed,ite,0,14,677,1053.460693359375,411,1063.0439453125,10.611999513320367,3.625742839367745,
me_seed0,me,0,leg2_paralysed,ite,0,15,467,1056.509033203125,411,1063.0439453125,10.611999513320367,3.625742839367745,
me_seed0,me,0,leg2_paralysed,ite,0,16,1010,1056.2388916015625,411,1063.0439453125,10.611999513320367,3.625742839367745,
me_seed0,me,0,leg2_paralysed,ite,0,17,411,1061.2177734375,411,1063.0439453125,10.611999513320367,3.625742839367745,
me_seed0,me,0,leg2_paralysed,ite,0,18,940,1057.33984375,411,1063.0439453125,10.611999513320367,3.625742839367745,
me_seed0,me,0,leg2_paralysed,ite,0,19,277,1052.57470703125,411,1063.0439453125,10.611999513320367,3.625742839367745,
me_seed0,me,0,leg2_paralysed,ite,0,20,411,1062.4178466796875,411,1063.0439453125,10.611999513320367,3.625742839367745,
me_seed0,me,0,leg2_paralysed,ite,1,1,285,1061.2542724609375,285,1060.2432861328125,3.7701560475895173,1.2881282434746015,
me_seed0,me,0,leg2_paralysed,ite,1,2,586,1056.6490478515625,285,1060.2432861328125,3.7701560475895173,1.2881282434746015,
me_seed0,me,0,leg2_paralysed,ite,1,3,173,1056.333251953125,285,1060.2432861328125,3.7701560475895173,1.2881282434746015,
me_seed0,me,0,leg2_paralysed,ite,1,4,611,1049.8690185546875,285,1060.2432861328125,3.7701560475895173,1.2881282434746015,
me_seed0,me,0,leg2_paralysed,ite,1,5,940,1061.0220947265625,285,1060.2432861328125,3.7701560475895173,1.2881282434746015,
me_seed0,me,0,leg2_paralysed,ite,1,6,277,1054.0361328125,285,1060.2432861328125,3.7701560475895173,1.2881282434746015,
me_seed0,me,0,leg2_paralysed,ite,1,7,411,1062.36279296875,411,1063.0439453125,10.611999513320367,3.625742839367745,
me_seed0,me,0,leg2_paralysed,ite,1,8,335,1059.9427490234375,411,1063.0439453125,10.611999513320367,3.625742839367745,
me_seed0,me,0,leg2_paralysed,ite,1,9,467,1058.8525390625,411,1063.0439453125,10.611999513320367,3.625742839367745,
me_seed0,me,0,leg2_paralysed,ite,1,10,515,1055.98486328125,411,1063.0439453125,10.611999513320367,3.625742839367745,
me_seed0,me,0,leg2_paralysed,ite,1,11,223,1058.3076171875,411,1063.0439453125,10.611999513320367,3.625742839367745,
me_seed0,me,0,leg2_paralysed,ite,1,12,411,1058.61767578125,411,1063.0439453125,10.611999513320367,3.625742839367745,
me_seed0,me,0,leg2_paralysed,ite,1,13,1010,1055.52490234375,411,1063.0439453125,10.611999513320367,3.625742839367745,
me_seed0,me,0,leg2_paralysed,ite,1,14,677,1053.4093017578125,411,1063.0439453125,10.611999513320367,3.625742839367745,
me_seed0,me,0,leg2_paralysed,ite,1,15,173,1057.25927734375,411,1063.0439453125,10.611999513320367,3.625742839367745,
me_seed0,me,0,leg2_paralysed,ite,1,16,940,1058.109619140625,411,1063.0439453125,10.611999513320367,3.625742839367745,
me_seed0,me,0,leg2_paralysed,ite,1,17,467,1059.0079345703125,411,1063.0439453125,10.611999513320367,3.625742839367745,
me_seed0,me,0,leg2_paralysed,ite,1,18,277,1053.7509765625,411,1063.0439453125,10.611999513320367,3.625742839367745,
me_seed0,me,0,leg2_paralysed,ite,1,19,411,1059.4085693359375,411,1063.0439453125,10.611999513320367,3.625742839367745,
me_seed0,me,0,leg2_paralysed,ite,1,20,515,1055.62353515625,411,1063.0439453125,10.611999513320367,3.625742839367745,
me_seed0,me,0,leg2_paralysed,ite,2,1,285,1060.6080322265625,285,1060.2432861328125,3.7701560475895173,1.2881282434746015,
me_seed0,me,0,leg2_paralysed,ite,2,2,586,1055.48193359375,285,1060.2432861328125,3.7701560475895173,1.2881282434746015,
me_seed0,me,0,leg2_paralysed,ite,2,3,173,1054.784423828125,285,1060.2432861328125,3.7701560475895173,1.2881282434746015,
me_seed0,me,0,leg2_paralysed,ite,2,4,611,1052.1915283203125,285,1060.2432861328125,3.7701560475895173,1.2881282434746015,
me_seed0,me,0,leg2_paralysed,ite,2,5,940,1060.96240234375,940,1058.9384765625,0.5825840297541403,0.1990482445423865,
me_seed0,me,0,leg2_paralysed,ite,2,6,277,1050.8089599609375,940,1058.9384765625,0.5825840297541403,0.1990482445423865,
me_seed0,me,0,leg2_paralysed,ite,2,7,411,1065.063720703125,411,1063.0439453125,10.611999513320367,3.625742839367745,
me_seed0,me,0,leg2_paralysed,ite,2,8,335,1058.306884765625,411,1063.0439453125,10.611999513320367,3.625742839367745,
me_seed0,me,0,leg2_paralysed,ite,2,9,467,1058.097900390625,411,1063.0439453125,10.611999513320367,3.625742839367745,
me_seed0,me,0,leg2_paralysed,ite,2,10,515,1055.431396484375,411,1063.0439453125,10.611999513320367,3.625742839367745,
me_seed0,me,0,leg2_paralysed,ite,2,11,223,1058.885498046875,411,1063.0439453125,10.611999513320367,3.625742839367745,
me_seed0,me,0,leg2_paralysed,ite,2,12,411,1060.94580078125,411,1063.0439453125,10.611999513320367,3.625742839367745,
me_seed0,me,0,leg2_paralysed,ite,2,13,1010,1058.2545166015625,411,1063.0439453125,10.611999513320367,3.625742839367745,
me_seed0,me,0,leg2_paralysed,ite,2,14,677,1052.77734375,411,1063.0439453125,10.611999513320367,3.625742839367745,
me_seed0,me,0,leg2_paralysed,ite,2,15,940,1058.9765625,411,1063.0439453125,10.611999513320367,3.625742839367745,
me_seed0,me,0,leg2_paralysed,ite,2,16,411,1065.4229736328125,411,1063.0439453125,10.611999513320367,3.625742839367745,
me_seed0,me,0,leg2_paralysed,ite,2,17,173,1056.00390625,411,1063.0439453125,10.611999513320367,3.625742839367745,
me_seed0,me,0,leg2_paralysed,ite,2,18,411,1062.0703125,411,1063.0439453125,10.611999513320367,3.625742839367745,
me_seed0,me,0,leg2_paralysed,ite,2,19,467,1058.631103515625,411,1063.0439453125,10.611999513320367,3.625742839367745,
me_seed0,me,0,leg2_paralysed,ite,2,20,411,1064.7423095703125,411,1063.0439453125,10.611999513320367,3.625742839367745,
me_seed0,me,0,leg2_paralysed,ite,3,1,285,1061.4517822265625,285,1060.2432861328125,3.7701560475895173,1.2881282434746015,
me_seed0,me,0,leg2_paralysed,ite,3,2,586,1057.65478515625,285,1060.2432861328125,3.7701560475895173,1.2881282434746015,
me_seed0,me,0,leg2_paralysed,ite,3,3,173,1056.862060546875,285,1060.2432861328125,3.7701560475895173,1.2881282434746015,
me_seed0,me,0,leg2_paralysed,ite,3,4,611,1051.385498046875,285,1060.2432861328125,3.7701560475895173,1.2881282434746015,
me_seed0,me,0,leg2_paralysed,ite,3,5,940,1058.611572265625,285,1060.2432861328125,3.7701560475895173,1.2881282434746015,
me_seed0,me,0,leg2_paralysed,ite,3,6,277,1052.7606201171875,285,1060.2432861328125,3.7701560475895173,1.2881282434746015,
me_seed0,me,0,leg2_paralysed,ite,3,7,411,1060.057373046875,285,1060.2432861328125,3.7701560475895173,1.2881282434746015,
me_seed0,me,0,leg2_paralysed,ite,3,8,335,1059.8115234375,285,1060.2432861328125,3.7701560475895173,1.2881282434746015,
me_seed0,me,0,leg2_paralysed,ite,3,9,467,1059.6092529296875,285,1060.2432861328125,3.7701560475895173,1.2881282434746015,
me_seed0,me,0,leg2_paralysed,ite,3,10,515,1055.0986328125,285,1060.2432861328125,3.7701560475895173,1.2881282434746015,
me_seed0,me,0,leg2_paralysed,ite,3,11,223,1057.51904296875,285,1060.2432861328125,3.7701560475895173,1.2881282434746015,
me_seed0,me,0,leg2_paralysed,ite,3,12,612,1053.7557373046875,285,1060.2432861328125,3.7701560475895173,1.2881282434746015,
me_seed0,me,0,leg2_paralysed,ite,3,13,677,1052.5,285,1060.2432861328125,3.7701560475895173,1.2881282434746015,
me_seed0,me,0,leg2_paralysed,ite,3,14,411,1063.2745361328125,411,1063.0439453125,10.611999513320367,3.625742839367745,
me_seed0,me,0,leg2_paralysed,ite,3,15,173,1055.1080322265625,411,1063.0439453125,10.611999513320367,3.625742839367745,
me_seed0,me,0,leg2_paralysed,ite,3,16,940,1058.174560546875,411,1063.0439453125,10.611999513320367,3.625742839367745,
me_seed0,me,0,leg2_paralysed,ite,3,17,411,1064.6982421875,411,1063.0439453125,10.611999513320367,3.625742839367745,
me_seed0,me,0,leg2_paralysed,ite,3,18,467,1058.1212158203125,411,1063.0439453125,10.611999513320367,3.625742839367745,
me_seed0,me,0,leg2_paralysed,ite,3,19,277,1054.3609619140625,411,1063.0439453125,10.611999513320367,3.625742839367745,
me_seed0,me,0,leg2_paralysed,ite,3,20,411,1061.751708984375,411,1063.0439453125,10.611999513320367,3.625742839367745,
me_seed0,me,0,leg2_paralysed,ite,4,1,285,1060.375732421875,285,1060.2432861328125,3.7701560475895173,1.2881282434746015,
me_seed0,me,0,leg2_paralysed,ite,4,2,586,1054.3753662109375,285,1060.2432861328125,3.7701560475895173,1.2881282434746015,
me_seed0,me,0,leg2_paralysed,ite,4,3,173,1054.6787109375,285,1060.2432861328125,3.7701560475895173,1.2881282434746015,
me_seed0,me,0,leg2_paralysed,ite,4,4,611,1051.2769775390625,285,1060.2432861328125,3.7701560475895173,1.2881282434746015,
me_seed0,me,0,leg2_paralysed,ite,4,5,940,1058.5833740234375,285,1060.2432861328125,3.7701560475895173,1.2881282434746015,
me_seed0,me,0,leg2_paralysed,ite,4,6,277,1048.764404296875,285,1060.2432861328125,3.7701560475895173,1.2881282434746015,
me_seed0,me,0,leg2_paralysed,ite,4,7,411,1061.22607421875,411,1063.0439453125,10.611999513320367,3.625742839367745,
me_seed0,me,0,leg2_paralysed,ite,4,8,335,1060.4068603515625,411,1063.0439453125,10.611999513320367,3.625742839367745,
me_seed0,me,0,leg2_paralysed,ite,4,9,467,1058.5263671875,411,1063.0439453125,10.611999513320367,3.625742839367745,
me_seed0,me,0,leg2_paralysed,ite,4,10,515,1056.930419921875,411,1063.0439453125,10.611999513320367,3.625742839367745,
me_seed0,me,0,leg2_paralysed,ite,4,11,223,1057.148193359375,411,1063.0439453125,10.611999513320367,3.625742839367745,
me_seed0,me,0,leg2_paralysed,ite,4,12,677,1053.87353515625,411,1063.0439453125,10.611999513320367,3.625742839367745,
me_seed0,me,0,leg2_paralysed,ite,4,13,411,1059.75732421875,411,1063.0439453125,10.611999513320367,3.625742839367745,
me_seed0,me,0,leg2_paralysed,ite,4,14,1010,1054.22900390625,411,1063.0439453125,10.611999513320367,3.625742839367745,
me_seed0,me,0,leg2_paralysed,ite,4,15,467,1059.27734375,411,1063.0439453125,10.611999513320367,3.625742839367745,
me_seed0,me,0,leg2_paralysed,ite,4,16,173,1055.966796875,411,1063.0439453125,10.611999513320367,3.625742839367745,
me_seed0,me,0,leg2_paralysed,ite,4,17,411,1059.591796875,411,1063.0439453125,10.611999513320367,3.625742839367745,
me_seed0,me,0,leg2_paralysed,ite,4,18,940,1059.540283203125,411,1063.0439453125,10.611999513320367,3.625742839367745,
me_seed0,me,0,leg2_paralysed,ite,4,19,515,1055.2998046875,411,1063.0439453125,10.611999513320367,3.625742839367745,
me_seed0,me,0,leg2_paralysed,ite,4,20,223,1057.8240966796875,411,1063.0439453125,10.611999513320367,3.625742839367745,
me_seed0,me,0,leg2_paralysed,top_k,0,1,285,1062.306396484375,285,1060.2432861328125,3.7701560475895173,1.2881282434746015,
me_seed0,me,0,leg2_paralysed,top_k,0,2,911,1055.3671875,285,1060.2432861328125,3.7701560475895173,1.2881282434746015,
me_seed0,me,0,leg2_paralysed,top_k,0,3,166,1057.1629638671875,285,1060.2432861328125,3.7701560475895173,1.2881282434746015,
me_seed0,me,0,leg2_paralysed,top_k,0,4,228,1054.4652099609375,285,1060.2432861328125,3.7701560475895173,1.2881282434746015,
me_seed0,me,0,leg2_paralysed,top_k,0,5,458,1059.108642578125,285,1060.2432861328125,3.7701560475895173,1.2881282434746015,
me_seed0,me,0,leg2_paralysed,top_k,0,6,515,1054.6297607421875,285,1060.2432861328125,3.7701560475895173,1.2881282434746015,
me_seed0,me,0,leg2_paralysed,top_k,0,7,761,1057.792236328125,285,1060.2432861328125,3.7701560475895173,1.2881282434746015,
me_seed0,me,0,leg2_paralysed,top_k,0,8,12,1054.654541015625,285,1060.2432861328125,3.7701560475895173,1.2881282434746015,
me_seed0,me,0,leg2_paralysed,top_k,0,9,411,1059.935791015625,285,1060.2432861328125,3.7701560475895173,1.2881282434746015,
me_seed0,me,0,leg2_paralysed,top_k,0,10,612,1052.64892578125,285,1060.2432861328125,3.7701560475895173,1.2881282434746015,
me_seed0,me,0,leg2_paralysed,top_k,0,11,173,1056.523193359375,285,1060.2432861328125,3.7701560475895173,1.2881282434746015,
me_seed0,me,0,leg2_paralysed,top_k,0,12,697,1053.555908203125,285,1060.2432861328125,3.7701560475895173,1.2881282434746015,
me_seed0,me,0,leg2_paralysed,top_k,0,13,689,1059.0478515625,285,1060.2432861328125,3.7701560475895173,1.2881282434746015,
me_seed0,me,0,leg2_paralysed,top_k,0,14,198,1053.560546875,285,1060.2432861328125,3.7701560475895173,1.2881282434746015,
me_seed0,me,0,leg2_paralysed,top_k,0,15,960,1057.0833740234375,285,1060.2432861328125,3.7701560475895173,1.2881282434746015,
me_seed0,me,0,leg2_paralysed,top_k,0,16,864,1054.21337890625,285,1060.2432861328125,3.7701560475895173,1.2881282434746015,
me_seed0,me,0,leg2_paralysed,top_k,0,17,682,1059.10791015625,285,1060.2432861328125,3.7701560475895173,1.2881282434746015,
me_seed0,me,0,leg2_paralysed,top_k,0,18,691,1056.9169921875,285,1060.2432861328125,3.7701560475895173,1.2881282434746015,
me_seed0,me,0,leg2_paralysed,top_k,0,19,957,1055.71826171875,285,1060.2432861328125,3.7701560475895173,1.2881282434746015,
me_seed0,me,0,leg2_paralysed,top_k,0,20,321,1058.8328857421875,285,1060.2432861328125,3.7701560475895173,1.2881282434746015,
me_seed0,me,0,leg2_paralysed,top_k,1,1,285,1058.439208984375,285,1060.2432861328125,3.7701560475895173,1.2881282434746015,
me_seed0,me,0,leg2_paralysed,top_k,1,2,911,1054.622802734375,285,1060.2432861328125,3.7701560475895173,1.2881282434746015,
me_seed0,me,0,leg2_paralysed,top_k,1,3,166,1057.4395751953125,285,1060.2432861328125,3.7701560475895173,1.2881282434746015,
me_seed0,me,0,leg2_paralysed,top_k,1,4,228,1056.0845947265625,285,1060.2432861328125,3.7701560475895173,1.2881282434746015,
me_seed0,me,0,leg2_paralysed,top_k,1,5,458,1055.257568359375,285,1060.2432861328125,3.7701560475895173,1.2881282434746015,
me_seed0,me,0,leg2_paralysed,top_k,1,6,515,1054.6083984375,285,1060.2432861328125,3.7701560475895173,1.2881282434746015,
me_seed0,me,0,leg2_paralysed,top_k,1,7,761,1055.0311279296875,285,1060.2432861328125,3.7701560475895173,1.2881282434746015,
me_seed0,me,0,leg2_paralysed,top_k,1,8,12,1052.653564453125,285,1060.2432861328125,3.7701560475895173,1.2881282434746015,
me_seed0,me,0,leg2_paralysed,top_k,1,9,411,1064.98486328125,411,1063.0439453125,10.611999513320367,3.625742839367745,
me_seed0,me,0,leg2_paralysed,top_k,1,10,612,1053.343505859375,411,1063.0439453125,10.611999513320367,3.625742839367745,
me_seed0,me,0,leg2_paralysed,top_k,1,11,173,1056.4097900390625,411,1063.0439453125,10.611999513320367,3.625742839367745,
me_seed0,me,0,leg2_paralysed,top_k,1,12,697,1050.583984375,411,1063.0439453125,10.611999513320367,3.625742839367745,
me_seed0,me,0,leg2_paralysed,top_k,1,13,689,1058.8612060546875,411,1063.0439453125,10.611999513320367,3.625742839367745,
me_seed0,me,0,leg2_paralysed,top_k,1,14,198,1053.9034423828125,411,1063.0439453125,10.611999513320367,3.625742839367745,
me_seed0,me,0,leg2_paralysed,top_k,1,15,960,1057.462646484375,411,1063.0439453125,10.611999513320367,3.625742839367745,
me_seed0,me,0,leg2_paralysed,top_k,1,16,864,1055.3828125,411,1063.0439453125,10.611999513320367,3.625742839367745,
me_seed0,me,0,leg2_paralysed,top_k,1,17,682,1058.448486328125,411,1063.0439453125,10.611999513320367,3.625742839367745,
me_seed0,me,0,leg2_paralysed,top_k,1,18,691,1056.6373291015625,411,1063.0439453125,10.611999513320367,3.625742839367745,
me_seed0,me,0,leg2_paralysed,top_k,1,19,957,1058.9771728515625,411,1063.0439453125,10.611999513320367,3.625742839367745,
me_seed0,me,0,leg2_paralysed,top_k,1,20,321,1057.659423828125,411,1063.0439453125,10.611999513320367,3.625742839367745,
me_seed0,me,0,leg2_paralysed,top_k,2,1,285,1057.3028564453125,285,1060.2432861328125,3.7701560475895173,1.2881282434746015,
me_seed0,me,0,leg2_paralysed,top_k,2,2,911,1055.036865234375,285,1060.2432861328125,3.7701560475895173,1.2881282434746015,
me_seed0,me,0,leg2_paralysed,top_k,2,3,166,1055.35400390625,285,1060.2432861328125,3.7701560475895173,1.2881282434746015,
me_seed0,me,0,leg2_paralysed,top_k,2,4,228,1056.586669921875,285,1060.2432861328125,3.7701560475895173,1.2881282434746015,
me_seed0,me,0,leg2_paralysed,top_k,2,5,458,1056.1951904296875,285,1060.2432861328125,3.7701560475895173,1.2881282434746015,
me_seed0,me,0,leg2_paralysed,top_k,2,6,515,1054.5496826171875,285,1060.2432861328125,3.7701560475895173,1.2881282434746015,
me_seed0,me,0,leg2_paralysed,top_k,2,7,761,1054.9228515625,285,1060.2432861328125,3.7701560475895173,1.2881282434746015,
me_seed0,me,0,leg2_paralysed,top_k,2,8,12,1053.2171630859375,285,1060.2432861328125,3.7701560475895173,1.2881282434746015,
me_seed0,me,0,leg2_paralysed,top_k,2,9,411,1061.109619140625,411,1063.0439453125,10.611999513320367,3.625742839367745,
me_seed0,me,0,leg2_paralysed,top_k,2,10,612,1053.123291015625,411,1063.0439453125,10.611999513320367,3.625742839367745,
me_seed0,me,0,leg2_paralysed,top_k,2,11,173,1055.554931640625,411,1063.0439453125,10.611999513320367,3.625742839367745,
me_seed0,me,0,leg2_paralysed,top_k,2,12,697,1053.305908203125,411,1063.0439453125,10.611999513320367,3.625742839367745,
me_seed0,me,0,leg2_paralysed,top_k,2,13,689,1058.2532958984375,411,1063.0439453125,10.611999513320367,3.625742839367745,
me_seed0,me,0,leg2_paralysed,top_k,2,14,198,1056.4246826171875,411,1063.0439453125,10.611999513320367,3.625742839367745,
me_seed0,me,0,leg2_paralysed,top_k,2,15,960,1059.642578125,411,1063.0439453125,10.611999513320367,3.625742839367745,
me_seed0,me,0,leg2_paralysed,top_k,2,16,864,1056.1431884765625,411,1063.0439453125,10.611999513320367,3.625742839367745,
me_seed0,me,0,leg2_paralysed,top_k,2,17,682,1053.4259033203125,411,1063.0439453125,10.611999513320367,3.625742839367745,
me_seed0,me,0,leg2_paralysed,top_k,2,18,691,1054.697509765625,411,1063.0439453125,10.611999513320367,3.625742839367745,
me_seed0,me,0,leg2_paralysed,top_k,2,19,957,1055.0501708984375,411,1063.0439453125,10.611999513320367,3.625742839367745,
me_seed0,me,0,leg2_paralysed,top_k,2,20,321,1058.8050537109375,411,1063.0439453125,10.611999513320367,3.625742839367745,
me_seed0,me,0,leg2_paralysed,top_k,3,1,285,1059.740966796875,285,1060.2432861328125,3.7701560475895173,1.2881282434746015,
me_seed0,me,0,leg2_paralysed,top_k,3,2,911,1053.4521484375,285,1060.2432861328125,3.7701560475895173,1.2881282434746015,
me_seed0,me,0,leg2_paralysed,top_k,3,3,166,1054.5633544921875,285,1060.2432861328125,3.7701560475895173,1.2881282434746015,
me_seed0,me,0,leg2_paralysed,top_k,3,4,228,1054.2808837890625,285,1060.2432861328125,3.7701560475895173,1.2881282434746015,
me_seed0,me,0,leg2_paralysed,top_k,3,5,458,1057.15673828125,285,1060.2432861328125,3.7701560475895173,1.2881282434746015,
me_seed0,me,0,leg2_paralysed,top_k,3,6,515,1055.5184326171875,285,1060.2432861328125,3.7701560475895173,1.2881282434746015,
me_seed0,me,0,leg2_paralysed,top_k,3,7,761,1055.44580078125,285,1060.2432861328125,3.7701560475895173,1.2881282434746015,
me_seed0,me,0,leg2_paralysed,top_k,3,8,12,1054.103271484375,285,1060.2432861328125,3.7701560475895173,1.2881282434746015,
me_seed0,me,0,leg2_paralysed,top_k,3,9,411,1063.63671875,411,1063.0439453125,10.611999513320367,3.625742839367745,
me_seed0,me,0,leg2_paralysed,top_k,3,10,612,1052.8392333984375,411,1063.0439453125,10.611999513320367,3.625742839367745,
me_seed0,me,0,leg2_paralysed,top_k,3,11,173,1055.5899658203125,411,1063.0439453125,10.611999513320367,3.625742839367745,
me_seed0,me,0,leg2_paralysed,top_k,3,12,697,1052.6812744140625,411,1063.0439453125,10.611999513320367,3.625742839367745,
me_seed0,me,0,leg2_paralysed,top_k,3,13,689,1059.8421630859375,411,1063.0439453125,10.611999513320367,3.625742839367745,
me_seed0,me,0,leg2_paralysed,top_k,3,14,198,1052.947509765625,411,1063.0439453125,10.611999513320367,3.625742839367745,
me_seed0,me,0,leg2_paralysed,top_k,3,15,960,1057.7353515625,411,1063.0439453125,10.611999513320367,3.625742839367745,
me_seed0,me,0,leg2_paralysed,top_k,3,16,864,1054.62890625,411,1063.0439453125,10.611999513320367,3.625742839367745,
me_seed0,me,0,leg2_paralysed,top_k,3,17,682,1056.0855712890625,411,1063.0439453125,10.611999513320367,3.625742839367745,
me_seed0,me,0,leg2_paralysed,top_k,3,18,691,1057.455322265625,411,1063.0439453125,10.611999513320367,3.625742839367745,
me_seed0,me,0,leg2_paralysed,top_k,3,19,957,1055.439453125,411,1063.0439453125,10.611999513320367,3.625742839367745,
me_seed0,me,0,leg2_paralysed,top_k,3,20,321,1058.216796875,411,1063.0439453125,10.611999513320367,3.625742839367745,
me_seed0,me,0,leg2_paralysed,top_k,4,1,285,1059.36767578125,285,1060.2432861328125,3.7701560475895173,1.2881282434746015,
me_seed0,me,0,leg2_paralysed,top_k,4,2,911,1056.325927734375,285,1060.2432861328125,3.7701560475895173,1.2881282434746015,
me_seed0,me,0,leg2_paralysed,top_k,4,3,166,1054.938232421875,285,1060.2432861328125,3.7701560475895173,1.2881282434746015,
me_seed0,me,0,leg2_paralysed,top_k,4,4,228,1054.669189453125,285,1060.2432861328125,3.7701560475895173,1.2881282434746015,
me_seed0,me,0,leg2_paralysed,top_k,4,5,458,1058.124755859375,285,1060.2432861328125,3.7701560475895173,1.2881282434746015,
me_seed0,me,0,leg2_paralysed,top_k,4,6,515,1054.972412109375,285,1060.2432861328125,3.7701560475895173,1.2881282434746015,
me_seed0,me,0,leg2_paralysed,top_k,4,7,761,1055.7802734375,285,1060.2432861328125,3.7701560475895173,1.2881282434746015,
me_seed0,me,0,leg2_paralysed,top_k,4,8,12,1053.377197265625,285,1060.2432861328125,3.7701560475895173,1.2881282434746015,
me_seed0,me,0,leg2_paralysed,top_k,4,9,411,1061.265625,411,1063.0439453125,10.611999513320367,3.625742839367745,
me_seed0,me,0,leg2_paralysed,top_k,4,10,612,1054.53759765625,411,1063.0439453125,10.611999513320367,3.625742839367745,
me_seed0,me,0,leg2_paralysed,top_k,4,11,173,1056.5755615234375,411,1063.0439453125,10.611999513320367,3.625742839367745,
me_seed0,me,0,leg2_paralysed,top_k,4,12,697,1053.09716796875,411,1063.0439453125,10.611999513320367,3.625742839367745,
me_seed0,me,0,leg2_paralysed,top_k,4,13,689,1058.310791015625,411,1063.0439453125,10.611999513320367,3.625742839367745,
me_seed0,me,0,leg2_paralysed,top_k,4,14,198,1053.32861328125,411,1063.0439453125,10.611999513320367,3.625742839367745,
me_seed0,me,0,leg2_paralysed,top_k,4,15,960,1060.562744140625,411,1063.0439453125,10.611999513320367,3.625742839367745,
me_seed0,me,0,leg2_paralysed,top_k,4,16,864,1056.1236572265625,411,1063.0439453125,10.611999513320367,3.625742839367745,
me_seed0,me,0,leg2_paralysed,top_k,4,17,682,1051.092041015625,411,1063.0439453125,10.611999513320367,3.625742839367745,
me_seed0,me,0,leg2_paralysed,top_k,4,18,691,1057.072509765625,411,1063.0439453125,10.611999513320367,3.625742839367745,
me_seed0,me,0,leg2_paralysed,top_k,4,19,957,1055.08935546875,411,1063.0439453125,10.611999513320367,3.625742839367745,
me_seed0,me,0,leg2_paralysed,top_k,4,20,321,1056.77294921875,411,1063.0439453125,10.611999513320367,3.625742839367745,
me_seed0,me,0,leg2_paralysed,best_intact,0,1,285,1060.091064453125,285,1060.2432861328125,3.7701560475895173,1.2881282434746015,
me_seed0,me,0,leg2_paralysed,best_intact,1,1,285,1061.869140625,285,1060.2432861328125,3.7701560475895173,1.2881282434746015,
me_seed0,me,0,leg2_paralysed,best_intact,2,1,285,1057.4014892578125,285,1060.2432861328125,3.7701560475895173,1.2881282434746015,
me_seed0,me,0,leg2_paralysed,best_intact,3,1,285,1057.4888916015625,285,1060.2432861328125,3.7701560475895173,1.2881282434746015,
me_seed0,me,0,leg2_paralysed,best_intact,4,1,285,1057.997802734375,285,1060.2432861328125,3.7701560475895173,1.2881282434746015,
me_seed0,me,0,leg3_paralysed,ite,0,1,285,1059.26220703125,285,1062.384521484375,4.931408015375997,3.0753442843830103,11
me_seed0,me,0,leg3_paralysed,ite,0,2,586,1069.2991943359375,586,1061.638671875,3.933153898108748,2.4528090805776186,11
me_seed0,me,0,leg3_paralysed,ite,0,3,173,1059.037109375,586,1061.638671875,3.933153898108748,2.4528090805776186,11
me_seed0,me,0,leg3_paralysed,ite,0,4,611,1064.7406005859375,586,1061.638671875,3.933153898108748,2.4528090805776186,11
me_seed0,me,0,leg3_paralysed,ite,0,5,940,1058.3392333984375,586,1061.638671875,3.933153898108748,2.4528090805776186,11
me_seed0,me,0,leg3_paralysed,ite,0,6,277,1056.9287109375,586,1061.638671875,3.933153898108748,2.4528090805776186,11
me_seed0,me,0,leg3_paralysed,ite,0,7,411,1063.896240234375,586,1061.638671875,3.933153898108748,2.4528090805776186,11
me_seed0,me,0,leg3_paralysed,ite,0,8,335,1068.94482421875,586,1061.638671875,3.933153898108748,2.4528090805776186,11
me_seed0,me,0,leg3_paralysed,ite,0,9,223,1080.320068359375,223,1079.8265380859375,28.27601350567563,17.633600028365567,11
me_seed0,me,0,leg3_paralysed,ite,0,10,515,1064.23974609375,223,1079.8265380859375,28.27601350567563,17.633600028365567,11
me_seed0,me,0,leg3_paralysed,ite,0,11,467,1057.72119140625,223,1079.8265380859375,28.27601350567563,17.633600028365567,11
me_seed0,me,0,leg3_paralysed,ite,0,12,223,1076.349853515625,223,1079.8265380859375,28.27601350567563,17.633600028365567,11
me_seed0,me,0,leg3_paralysed,ite,0,13,223,1066.737548828125,223,1079.8265380859375,28.27601350567563,17.633600028365567,11
me_seed0,me,0,leg3_paralysed,ite,0,14,677,1061.723876953125,223,1079.8265380859375,28.27601350567563,17.633600028365567,11
me_seed0,me,0,leg3_paralysed,ite,0,15,223,1081.50341796875,223,1079.8265380859375,28.27601350567563,17.633600028365567,11
me_seed0,me,0,leg3_paralysed,ite,0,16,223,1068.957275390625,223,1079.8265380859375,28.27601350567563,17.633600028365567,11
me_seed0,me,0,leg3_paralysed,ite,0,17,1010,1059.30517578125,223,1079.8265380859375,28.27601350567563,17.633600028365567,11
me_seed0,me,0,leg3_paralysed,ite,0,18,223,1062.649169921875,223,1079.8265380859375,28.27601350567563,17.633600028365567,11
me_seed0,me,0,leg3_paralysed,ite,0,19,411,1062.7677001953125,223,1079.8265380859375,28.27601350567563,17.633600028365567,11
me_seed0,me,0,leg3_paralysed,ite,0,20,611,1056.642333984375,223,1079.8265380859375,28.27601350567563,17.633600028365567,11
me_seed0,me,0,leg3_paralysed,ite,1,1,285,1062.6566162109375,285,1062.384521484375,4.931408015375997,3.0753442843830103,13
me_seed0,me,0,leg3_paralysed,ite,1,2,586,1068.11279296875,586,1061.638671875,3.933153898108748,2.4528090805776186,13
me_seed0,me,0,leg3_paralysed,ite,1,3,173,1059.09619140625,586,1061.638671875,3.933153898108748,2.4528090805776186,13
me_seed0,me,0,leg3_paralysed,ite,1,4,611,1056.94384765625,586,1061.638671875,3.933153898108748,2.4528090805776186,13
me_seed0,me,0,leg3_paralysed,ite,1,5,940,1058.835693359375,586,1061.638671875,3.933153898108748,2.4528090805776186,13
me_seed0,me,0,leg3_paralysed,ite,1,6,277,1057.1685791015625,586,1061.638671875,3.933153898108748,2.4528090805776186,13
me_seed0,me,0,leg3_paralysed,ite,1,7,411,1062.7281494140625,586,1061.638671875,3.933153898108748,2.4528090805776186,13
me_seed0,me,0,leg3_paralysed,ite,1,8,335,1058.14404296875,586,1061.638671875,3.933153898108748,2.4528090805776186,13
me_seed0,me,0,leg3_paralysed,ite,1,9,223,1067.1005859375,586,1061.638671875,3.933153898108748,2.4528090805776186,13
me_seed0,me,0,leg3_paralysed,ite,1,10,467,1058.1005859375,586,1061.638671875,3.933153898108748,2.4528090805776186,13
me_seed0,me,0,leg3_paralysed,ite,1,11,515,1055.351806640625,586,1061.638671875,3.933153898108748,2.4528090805776186,13
me_seed0,me,0,leg3_paralysed,ite,1,12,411,1064.101318359375,586,1061.638671875,3.933153898108748,2.4528090805776186,13
me_seed0,me,0,leg3_paralysed,ite,1,13,223,1076.8612060546875,223,1079.8265380859375,28.27601350567563,17.633600028365567,13
me_seed0,me,0,leg3_paralysed,ite,1,14,223,1061.343017578125,223,1079.8265380859375,28.27601350567563,17.633600028365567,13
me_seed0,me,0,leg3_paralysed,ite,1,15,1010,1056.786865234375,223,1079.8265380859375,28.27601350567563,17.633600028365567,13
me_seed0,me,0,leg3_paralysed,ite,1,16,277,1049.1798095703125,223,1079.8265380859375,28.27601350567563,17.633600028365567,13
me_seed0,me,0,leg3_paralysed,ite,1,17,677,1056.947265625,223,1079.8265380859375,28.27601350567563,17.633600028365567,13
me_seed0,me,0,leg3_paralysed,ite,1,18,173,1058.9429931640625,223,1079.8265380859375,28.27601350567563,17.633600028365567,13
me_seed0,me,0,leg3_paralysed,ite,1,19,223,1071.3173828125,223,1079.8265380859375,28.27601350567563,17.633600028365567,13
me_seed0,me,0,leg3_paralysed,ite,1,20,223,1068.42138671875,223,1079.8265380859375,28.27601350567563,17.633600028365567,13
me_seed0,me,0,leg3_paralysed,ite,2,1,285,1069.4473876953125,285,1062.384521484375,4.931408015375997,3.0753442843830103,16
me_seed0,me,0,leg3_paralysed,ite,2,2,586,1060.4111328125,285,1062.384521484375,4.931408015375997,3.0753442843830103,16
me_seed0,me,0,leg3_paralysed,ite,2,3,173,1060.580322265625,285,1062.384521484375,4.931408015375997,3.0753442843830103,16
me_seed0,me,0,leg3_paralysed,ite,2,4,611,1059.8843994140625,285,1062.384521484375,4.931408015375997,3.0753442843830103,16
me_seed0,me,0,leg3_paralysed,ite,2,5,940,1062.8011474609375,285,1062.384521484375,4.931408015375997,3.0753442843830103,16
me_seed0,me,0,leg3_paralysed,ite,2,6,277,1047.772216796875,285,1062.384521484375,4.931408015375997,3.0753442843830103,16
me_seed0,me,0,leg3_paralysed,ite,2,7,411,1061.95849609375,285,1062.384521484375,4.931408015375997,3.0753442843830103,16
me_seed0,me,0,leg3_paralysed,ite,2,8,335,1057.6004638671875,285,1062.384521484375,4.931408015375997,3.0753442843830103,16
me_seed0,me,0,leg3_paralysed,ite,2,9,515,1056.14013671875,285,1062.384521484375,4.931408015375997,3.0753442843830103,16
me_seed0,me,0,leg3_paralysed,ite,2,10,467,1058.8094482421875,285,1062.384521484375,4.931408015375997,3.0753442843830103,16
me_seed0,me,0,leg3_paralysed,ite,2,11,223,1066.874755859375,285,1062.384521484375,4.931408015375997,3.0753442843830103,16
me_seed0,me,0,leg3_paralysed,ite,2,12,411,1064.185302734375,285,1062.384521484375,4.931408015375997,3.0753442843830103,16
me_seed0,me,0,leg3_paralysed,ite,2,13,612,1053.16552734375,285,1062.384521484375,4.931408015375997,3.0753442843830103,16
me_seed0,me,0,leg3_paralysed,ite,2,14,223,1068.921630859375,285,1062.384521484375,4.931408015375997,3.0753442843830103,16
me_seed0,me,0,leg3_paralysed,ite,2,15,677,1058.432861328125,285,1062.384521484375,4.931408015375997,3.0753442843830103,16
me_seed0,me,0,leg3_paralysed,ite,2,16,940,1059.821044921875,285,1062.384521484375,4.931408015375997,3.0753442843830103,16
me_seed0,me,0,leg3_paralysed,ite,2,17,223,1097.503173828125,223,1079.8265380859375,28.27601350567563,17.633600028365567,16
me_seed0,me,0,leg3_paralysed,ite,2,18,223,1072.100341796875,223,1079.8265380859375,28.27601350567563,17.633600028365567,16
me_seed0,me,0,leg3_paralysed,ite,2,19,223,1079.9345703125,223,1079.8265380859375,28.27601350567563,17.633600028365567,16
me_seed0,me,0,leg3_paralysed,ite,2,20,223,1081.5447998046875,223,1079.8265380859375,28.27601350567563,17.633600028365567,16
me_seed0,me,0,leg3_paralysed,ite,3,1,285,1062.0322265625,285,1062.384521484375,4.931408015375997,3.0753442843830103,11
me_seed0,me,0,leg3_paralysed,ite,3,2,586,1057.191650390625,285,1062.384521484375,4.931408015375997,3.0753442843830103,11
me_seed0,me,0,leg3_paralysed,ite,3,3,173,1058.376953125,285,1062.384521484375,4.931408015375997,3.0753442843830103,11
me_seed0,me,0,leg3_paralysed,ite,3,4,611,1059.427001953125,285,1062.384521484375,4.931408015375997,3.0753442843830103,11
me_seed0,me,0,leg3_paralysed,ite,3,5,940,1060.1729736328125,285,1062.384521484375,4.931408015375997,3.0753442843830103,11
me_seed0,me,0,leg3_paralysed,ite,3,6,277,1048.4434814453125,285,1062.384521484375,4.931408015375997,3.0753442843830103,11
me_seed0,me,0,leg3_paralysed,ite,3,7,411,1062.798828125,411,1062.1107177734375,4.564945824699984,2.846809675195532,11
me_seed0,me,0,leg3_paralysed,ite,3,8,335,1058.2996826171875,411,1062.1107177734375,4.564945824699984,2.846809675195532,11
me_seed0,me,0,leg3_paralysed,ite,3,9,515,1055.1962890625,411,1062.1107177734375,4.564945824699984,2.846809675195532,11
me_seed0,me,0,leg3_paralysed,ite,3,10,467,1058.163330078125,411,1062.1107177734375,4.564945824699984,2.846809675195532,11
me_seed0,me,0,leg3_paralysed,ite,3,11,223,1079.161865234375,223,1079.8265380859375,28.27601350567563,17.633600028365567,11
me_seed0,me,0,leg3_paralysed,ite,3,12,223,1094.7724609375,223,1079.8265380859375,28.27601350567563,17.633600028365567,11
me_seed0,me,0,leg3_paralysed,ite,3,13,223,1065.3836669921875,223,1079.8265380859375,28.27601350567563,17.633600028365567,11
me_seed0,me,0,leg3_paralysed,ite,3,14,223,1077.3963623046875,223,1079.8265380859375,28.27601350567563,17.633600028365567,11
me_seed0,me,0,leg3_paralysed,ite,3,15,223,1076.53759765625,223,1079.8265380859375,28.27601350567563,17.633600028365567,11
me_seed0,me,0,leg3_paralysed,ite,3,16,223,1077.260986328125,223,1079.8265380859375,28.27601350567563,17.633600028365567,11
me_seed0,me,0,leg3_paralysed,ite,3,17,223,1066.832763671875,223,1079.8265380859375,28.27601350567563,17.633600028365567,11
me_seed0,me,0,leg3_paralysed,ite,3,18,223,1073.985595703125,223,1079.8265380859375,28.27601350567563,17.633600028365567,11
me_seed0,me,0,leg3_paralysed,ite,3,19,223,1065.2967529296875,223,1079.8265380859375,28.27601350567563,17.633600028365567,11
me_seed0,me,0,leg3_paralysed,ite,3,20,223,1076.97900390625,223,1079.8265380859375,28.27601350567563,17.633600028365567,11
me_seed0,me,0,leg3_paralysed,ite,4,1,285,1061.4635009765625,285,1062.384521484375,4.931408015375997,3.0753442843830103,7
me_seed0,me,0,leg3_paralysed,ite,4,2,586,1056.973876953125,285,1062.384521484375,4.931408015375997,3.0753442843830103,7
me_seed0,me,0,leg3_paralysed,ite,4,3,173,1060.063720703125,285,1062.384521484375,4.931408015375997,3.0753442843830103,7
me_seed0,me,0,leg3_paralysed,ite,4,4,611,1088.920654296875,611,1057.487548828125,-1.6227592789436311,-1.01199159709933,7
me_seed0,me,0,leg3_paralysed,ite,4,5,277,1068.468994140625,611,1057.487548828125,-1.6227592789436311,-1.01199159709933,7
me_seed0,me,0,leg3_paralysed,ite,4,6,940,1058.824951171875,611,1057.487548828125,-1.6227592789436311,-1.01199159709933,7
me_seed0,me,0,leg3_paralysed,ite,4,7,411,1062.2176513671875,611,1057.487548828125,-1.6227592789436311,-1.01199159709933,7
me_seed0,me,0,leg3_paralysed,ite,4,8,611,1056.5216064453125,611,1057.487548828125,-1.6227592789436311,-1.01199159709933,7
me_seed0,me,0,leg3_paralysed,ite,4,9,335,1055.5377197265625,611,1057.487548828125,-1.6227592789436311,-1.01199159709933,7
me_seed0,me,0,leg3_paralysed,ite,4,10,515,1055.86474609375,611,1057.487548828125,-1.6227592789436311,-1.01199159709933,7
me_seed0,me,0,leg3_paralysed,ite,4,11,467,1058.0289306640625,611,1057.487548828125,-1.6227592789436311,-1.01199159709933,7
me_seed0,me,0,leg3_paralysed,ite,4,12,223,1070.019287109375,611,1057.487548828125,-1.6227592789436311,-1.01199159709933,7
me_seed0,me,0,leg3_paralysed,ite,4,13,277,1061.4404296875,611,1057.487548828125,-1.6227592789436311,-1.01199159709933,7
me_seed0,me,0,leg3_paralysed,ite,4,14,611,1055.239501953125,611,1057.487548828125,-1.6227592789436311,-1.01199159709933,7
me_seed0,me,0,leg3_paralysed,ite,4,15,223,1062.087646484375,611,1057.487548828125,-1.6227592789436311,-1.01199159709933,7
me_seed0,me,0,leg3_paralysed,ite,4,16,411,1062.308837890625,611,1057.487548828125,-1.6227592789436311,-1.01199159709933,7
me_seed0,me,0,leg3_paralysed,ite,4,17,173,1059.2640380859375,611,1057.487548828125,-1.6227592789436311,-1.01199159709933,7
me_seed0,me,0,leg3_paralysed,ite,4,18,277,1049.7889404296875,611,1057.487548828125,-1.6227592789436311,-1.01199159709933,7
me_seed0,me,0,leg3_paralysed,ite,4,19,677,1057.536376953125,611,1057.487548828125,-1.6227592789436311,-1.01199159709933,7
me_seed0,me,0,leg3_paralysed,ite,4,20,611,1057.8203125,611,1057.487548828125,-1.6227592789436311,-1.01199159709933,7
me_seed0,me,0,leg3_paralysed,top_k,0,1,285,1060.4998779296875,285,1062.384521484375,4.931408015375997,3.0753442843830103,
me_seed0,me,0,leg3_paralysed,top_k,0,2,911,1054.02294921875,285,1062.384521484375,4.931408015375997,3.0753442843830103,
me_seed0,me,0,leg3_paralysed,top_k,0,3,166,1059.59619140625,285,1062.384521484375,4.931408015375997,3.0753442843830103,
me_seed0,me,0,leg3_paralysed,top_k,0,4,228,1055.517578125,285,1062.384521484375,4.931408015375997,3.0753442843830103,
me_seed0,me,0,leg3_paralysed,top_k,0,5,458,1061.472900390625,458,1058.1033935546875,-0.7985052655863044,-0.4979670302911136,
me_seed0,me,0,leg3_paralysed,top_k,0,6,515,1059.5830078125,458,1058.1033935546875,-0.7985052655863044,-0.4979670302911136,
me_seed0,me,0,leg3_paralysed,top_k,0,7,761,1070.0986328125,761,1064.3714599609375,7.590750448560775,4.733773991803692,
me_seed0,me,0,leg3_paralysed,top_k,0,8,12,1055.8319091796875,761,1064.3714599609375,7.590750448560775,4.733773991803692,
me_seed0,me,0,leg3_paralysed,top_k,0,9,411,1062.849609375,761,1064.3714599609375,7.590750448560775,4.733773991803692,
me_seed0,me,0,leg3_paralysed,top_k,0,10,612,1053.019287109375,761,1064.3714599609375,7.590750448560775,4.733773991803692,
me_seed0,me,0,leg3_paralysed,top_k,0,11,173,1060.204345703125,761,1064.3714599609375,7.590750448560775,4.733773991803692,
me_seed0,me,0,leg3_paralysed,top_k,0,12,697,1064.5960693359375,761,1064.3714599609375,7.590750448560775,4.733773991803692,
me_seed0,me,0,leg3_paralysed,top_k,0,13,689,1060.9580078125,761,1064.3714599609375,7.590750448560775,4.733773991803692,
me_seed0,me,0,leg3_paralysed,top_k,0,14,198,1065.0849609375,761,1064.3714599609375,7.590750448560775,4.733773991803692,
me_seed0,me,0,leg3_paralysed,top_k,0,15,960,1060.14404296875,761,1064.3714599609375,7.590750448560775,4.733773991803692,
me_seed0,me,0,leg3_paralysed,top_k,0,16,864,1054.60302734375,761,1064.3714599609375,7.590750448560775,4.733773991803692,
me_seed0,me,0,leg3_paralysed,top_k,0,17,682,1057.503173828125,761,1064.3714599609375,7.590750448560775,4.733773991803692,
me_seed0,me,0,leg3_paralysed,top_k,0,18,691,1056.32177734375,761,1064.3714599609375,7.590750448560775,4.733773991803692,
me_seed0,me,0,leg3_paralysed,top_k,0,19,957,1064.195068359375,761,1064.3714599609375,7.590750448560775,4.733773991803692,
me_seed0,me,0,leg3_paralysed,top_k,0,20,321,1058.6533203125,761,1064.3714599609375,7.590750448560775,4.733773991803692,
me_seed0,me,0,leg3_paralysed,top_k,1,1,285,1065.142578125,285,1062.384521484375,4.931408015375997,3.0753442843830103,
me_seed0,me,0,leg3_paralysed,top_k,1,2,911,1054.4521484375,285,1062.384521484375,4.931408015375997,3.0753442843830103,
me_seed0,me,0,leg3_paralysed,top_k,1,3,166,1058.949462890625,285,1062.384521484375,4.931408015375997,3.0753442843830103,
me_seed0,me,0,leg3_paralysed,top_k,1,4,228,1066.3958740234375,228,1056.436767578125,-3.029137583597718,-1.8890428302182847,
me_seed0,me,0,leg3_paralysed,top_k,1,5,458,1056.272216796875,228,1056.436767578125,-3.029137583597718,-1.8890428302182847,
me_seed0,me,0,leg3_paralysed,top_k,1,6,515,1058.633056640625,228,1056.436767578125,-3.029137583597718,-1.8890428302182847,
me_seed0,me,0,leg3_paralysed,top_k,1,7,761,1069.98193359375,761,1064.3714599609375,7.590750448560775,4.733773991803692,
me_seed0,me,0,leg3_paralysed,top_k,1,8,12,1060.27880859375,761,1064.3714599609375,7.590750448560775,4.733773991803692,
me_seed0,me,0,leg3_paralysed,top_k,1,9,411,1062.3516845703125,761,1064.3714599609375,7.590750448560775,4.733773991803692,
me_seed0,me,0,leg3_paralysed,top_k,1,10,612,1060.124755859375,761,1064.3714599609375,7.590750448560775,4.733773991803692,
me_seed0,me,0,leg3_paralysed,top_k,1,11,173,1058.7236328125,761,1064.3714599609375,7.590750448560775,4.733773991803692,
me_seed0,me,0,leg3_paralysed,top_k,1,12,697,1054.0172119140625,761,1064.3714599609375,7.590750448560775,4.733773991803692,
me_seed0,me,0,leg3_paralysed,top_k,1,13,689,1063.9244384765625,761,1064.3714599609375,7.590750448560775,4.733773991803692,
me_seed0,me,0,leg3_paralysed,top_k,1,14,198,1060.413818359375,761,1064.3714599609375,7.590750448560775,4.733773991803692,
me_seed0,me,0,leg3_paralysed,top_k,1,15,960,1060.6307373046875,761,1064.3714599609375,7.590750448560775,4.733773991803692,
me_seed0,me,0,leg3_paralysed,top_k,1,16,864,1055.877685546875,761,1064.3714599609375,7.590750448560775,4.733773991803692,
me_seed0,me,0,leg3_paralysed,top_k,1,17,682,1062.453857421875,761,1064.3714599609375,7.590750448560775,4.733773991803692,
me_seed0,me,0,leg3_paralysed,top_k,1,18,691,1055.5538330078125,761,1064.3714599609375,7.590750448560775,4.733773991803692,
me_seed0,me,0,leg3_paralysed,top_k,1,19,957,1064.857421875,761,1064.3714599609375,7.590750448560775,4.733773991803692,
me_seed0,me,0,leg3_paralysed,top_k,1,20,321,1062.0753173828125,761,1064.3714599609375,7.590750448560775,4.733773991803692,
me_seed0,me,0,leg3_paralysed,top_k,2,1,285,1062.3834228515625,285,1062.384521484375,4.931408015375997,3.0753442843830103,
me_seed0,me,0,leg3_paralysed,top_k,2,2,911,1054.550537109375,285,1062.384521484375,4.931408015375997,3.0753442843830103,
me_seed0,me,0,leg3_paralysed,top_k,2,3,166,1058.766357421875,285,1062.384521484375,4.931408015375997,3.0753442843830103,
me_seed0,me,0,leg3_paralysed,top_k,2,4,228,1067.228759765625,228,1056.436767578125,-3.029137583597718,-1.8890428302182847,
me_seed0,me,0,leg3_paralysed,top_k,2,5,458,1058.4195556640625,228,1056.436767578125,-3.029137583597718,-1.8890428302182847,
me_seed0,me,0,leg3_paralysed,top_k,2,6,515,1056.65673828125,228,1056.436767578125,-3.029137583597718,-1.8890428302182847,
me_seed0,me,0,leg3_paralysed,top_k,2,7,761,1064.2354736328125,228,1056.436767578125,-3.029137583597718,-1.8890428302182847,
me_seed0,me,0,leg3_paralysed,top_k,2,8,12,1058.972412109375,228,1056.436767578125,-3.029137583597718,-1.8890428302182847,
me_seed0,me,0,leg3_paralysed,top_k,2,9,411,1062.02685546875,228,1056.436767578125,-3.029137583597718,-1.8890428302182847,
me_seed0,me,0,leg3_paralysed,top_k,2,10,612,1052.8831787109375,228,1056.436767578125,-3.029137583597718,-1.8890428302182847,
me_seed0,me,0,leg3_paralysed,top_k,2,11,173,1059.50146484375,228,1056.436767578125,-3.029137583597718,-1.8890428302182847,
me_seed0,me,0,leg3_paralysed,top_k,2,12,697,1056.984619140625,228,1056.436767578125,-3.029137583597718,-1.8890428302182847,
me_seed0,me,0,leg3_paralysed,top_k,2,13,689,1060.97216796875,228,1056.436767578125,-3.029137583597718,-1.8890428302182847,
me_seed0,me,0,leg3_paralysed,top_k,2,14,198,1058.73193359375,228,1056.436767578125,-3.029137583597718,-1.8890428302182847,
me_seed0,me,0,leg3_paralysed,top_k,2,15,960,1059.4832763671875,228,1056.436767578125,-3.029137583597718,-1.8890428302182847,
me_seed0,me,0,leg3_paralysed,top_k,2,16,864,1053.3853759765625,228,1056.436767578125,-3.029137583597718,-1.8890428302182847,
me_seed0,me,0,leg3_paralysed,top_k,2,17,682,1053.13134765625,228,1056.436767578125,-3.029137583597718,-1.8890428302182847,
me_seed0,me,0,leg3_paralysed,top_k,2,18,691,1064.2645263671875,228,1056.436767578125,-3.029137583597718,-1.8890428302182847,
me_seed0,me,0,leg3_paralysed,top_k,2,19,957,1055.789794921875,228,1056.436767578125,-3.029137583597718,-1.8890428302182847,
me_seed0,me,0,leg3_paralysed,top_k,2,20,321,1068.221923828125,321,1057.6103515625,-1.4583986174099404,-0.9094923475038759,
me_seed0,me,0,leg3_paralysed,top_k,3,1,285,1060.1123046875,285,1062.384521484375,4.931408015375997,3.0753442843830103,
me_seed0,me,0,leg3_paralysed,top_k,3,2,911,1055.8414306640625,285,1062.384521484375,4.931408015375997,3.0753442843830103,
me_seed0,me,0,leg3_paralysed,top_k,3,3,166,1057.4013671875,285,1062.384521484375,4.931408015375997,3.0753442843830103,
me_seed0,me,0,leg3_paralysed,top_k,3,4,228,1056.23974609375,285,1062.384521484375,4.931408015375997,3.0753442843830103,
me_seed0,me,0,leg3_paralysed,top_k,3,5,458,1058.2650146484375,285,1062.384521484375,4.931408015375997,3.0753442843830103,
me_seed0,me,0,leg3_paralysed,top_k,3,6,515,1060.68115234375,515,1059.93359375,1.6510567606310198,1.0296385852005787,
me_seed0,me,0,leg3_paralysed,top_k,3,7,761,1063.61474609375,761,1064.3714599609375,7.590750448560775,4.733773991803692,
me_seed0,me,0,leg3_paralysed,top_k,3,8,12,1056.0723876953125,761,1064.3714599609375,7.590750448560775,4.733773991803692,
me_seed0,me,0,leg3_paralysed,top_k,3,9,411,1063.5382080078125,761,1064.3714599609375,7.590750448560775,4.733773991803692,
me_seed0,me,0,leg3_paralysed,top_k,3,10,612,1060.9393310546875,761,1064.3714599609375,7.590750448560775,4.733773991803692,
me_seed0,me,0,leg3_paralysed,top_k,3,11,173,1058.4293212890625,761,1064.3714599609375,7.590750448560775,4.733773991803692,
me_seed0,me,0,leg3_paralysed,top_k,3,12,697,1065.2091064453125,697,1060.18212890625,1.983699212800597,1.2370823945210006,
me_seed0,me,0,leg3_paralysed,top_k,3,13,689,1061.7752685546875,697,1060.18212890625,1.983699212800597,1.2370823945210006,
me_seed0,me,0,leg3_paralysed,top_k,3,14,198,1059.7647705078125,697,1060.18212890625,1.983699212800597,1.2370823945210006,
me_seed0,me,0,leg3_paralysed,top_k,3,15,960,1064.6973876953125,697,1060.18212890625,1.983699212800597,1.2370823945210006,
me_seed0,me,0,leg3_paralysed,top_k,3,16,864,1054.399658203125,697,1060.18212890625,1.983699212800597,1.2370823945210006,
me_seed0,me,0,leg3_paralysed,top_k,3,17,682,1054.680908203125,697,1060.18212890625,1.983699212800597,1.2370823945210006,
me_seed0,me,0,leg3_paralysed,top_k,3,18,691,1055.631591796875,697,1060.18212890625,1.983699212800597,1.2370823945210006,
me_seed0,me,0,leg3_paralysed,top_k,3,19,957,1054.7799072265625,697,1060.18212890625,1.983699212800597,1.2370823945210006,
me_seed0,me,0,leg3_paralysed,top_k,3,20,321,1064.6334228515625,697,1060.18212890625,1.983699212800597,1.2370823945210006,
me_seed0,me,0,leg3_paralysed,top_k,4,1,285,1060.2666015625,285,1062.384521484375,4.931408015375997,3.0753442843830103,
me_seed0,me,0,leg3_paralysed,top_k,4,2,911,1064.055419921875,911,1055.88427734375,-3.7685971801200693,-2.350187565475765,
me_seed0,me,0,leg3_paralysed,top_k,4,3,166,1057.8126220703125,911,1055.88427734375,-3.7685971801200693,-2.350187565475765,
me_seed0,me,0,leg3_paralysed,top_k,4,4,228,1063.77001953125,911,1055.88427734375,-3.7685971801200693,-2.350187565475765,
me_seed0,me,0,leg3_paralysed,top_k,4,5,458,1058.8955078125,911,1055.88427734375,-3.7685971801200693,-2.350187565475765,
me_seed0,me,0,leg3_paralysed,top_k,4,6,515,1057.34375,911,1055.88427734375,-3.7685971801200693,-2.350187565475765,
me_seed0,me,0,leg3_paralysed,top_k,4,7,761,1067.815185546875,761,1064.3714599609375,7.590750448560775,4.733773991803692,
me_seed0,me,0,leg3_paralysed,top_k,4,8,12,1059.354736328125,761,1064.3714599609375,7.590750448560775,4.733773991803692,
me_seed0,me,0,leg3_paralysed,top_k,4,9,411,1062.737548828125,761,1064.3714599609375,7.590750448560775,4.733773991803692,
me_seed0,me,0,leg3_paralysed,top_k,4,10,612,1052.507080078125,761,1064.3714599609375,7.590750448560775,4.733773991803692,
me_seed0,me,0,leg3_paralysed,top_k,4,11,173,1057.8787841796875,761,1064.3714599609375,7.590750448560775,4.733773991803692,
me_seed0,me,0,leg3_paralysed,top_k,4,12,697,1066.357666015625,761,1064.3714599609375,7.590750448560775,4.733773991803692,
me_seed0,me,0,leg3_paralysed,top_k,4,13,689,1059.8953857421875,761,1064.3714599609375,7.590750448560775,4.733773991803692,
me_seed0,me,0,leg3_paralysed,top_k,4,14,198,1057.6844482421875,761,1064.3714599609375,7.590750448560775,4.733773991803692,
me_seed0,me,0,leg3_paralysed,top_k,4,15,960,1062.8876953125,761,1064.3714599609375,7.590750448560775,4.733773991803692,
me_seed0,me,0,leg3_paralysed,top_k,4,16,864,1055.69091796875,761,1064.3714599609375,7.590750448560775,4.733773991803692,
me_seed0,me,0,leg3_paralysed,top_k,4,17,682,1057.5751953125,761,1064.3714599609375,7.590750448560775,4.733773991803692,
me_seed0,me,0,leg3_paralysed,top_k,4,18,691,1056.7744140625,761,1064.3714599609375,7.590750448560775,4.733773991803692,
me_seed0,me,0,leg3_paralysed,top_k,4,19,957,1056.089111328125,761,1064.3714599609375,7.590750448560775,4.733773991803692,
me_seed0,me,0,leg3_paralysed,top_k,4,20,321,1056.322265625,761,1064.3714599609375,7.590750448560775,4.733773991803692,
me_seed0,me,0,leg3_paralysed,best_intact,0,1,285,1065.050537109375,285,1062.384521484375,4.931408015375997,3.0753442843830103,
me_seed0,me,0,leg3_paralysed,best_intact,1,1,285,1066.528564453125,285,1062.384521484375,4.931408015375997,3.0753442843830103,
me_seed0,me,0,leg3_paralysed,best_intact,2,1,285,1064.1119384765625,285,1062.384521484375,4.931408015375997,3.0753442843830103,
me_seed0,me,0,leg3_paralysed,best_intact,3,1,285,1061.030029296875,285,1062.384521484375,4.931408015375997,3.0753442843830103,
me_seed0,me,0,leg3_paralysed,best_intact,4,1,285,1060.5966796875,285,1062.384521484375,4.931408015375997,3.0753442843830103,
me_seed0,me,0,leg4_paralysed,ite,0,1,285,1050.864501953125,285,1062.8228759765625,4.360783548153646,3.441223812511515,5
me_seed0,me,0,leg4_paralysed,ite,0,2,586,1081.9853515625,586,1095.144287109375,38.54727829655897,30.41880215260648,5
me_seed0,me,0,leg4_paralysed,ite,0,3,611,1097.90478515625,611,1065.8575439453125,7.570564833708495,5.974157554999574,5
me_seed0,me,0,leg4_paralysed,ite,0,4,173,1071.895263671875,611,1065.8575439453125,7.570564833708495,5.974157554999574,5
me_seed0,me,0,leg4_paralysed,ite,0,5,277,1150.9864501953125,277,1131.068603515625,76.5445813572391,60.40360251239312,5
me_seed0,me,0,leg4_paralysed,ite,0,6,277,1096.986328125,277,1131.068603515625,76.5445813572391,60.40360251239312,5
me_seed0,me,0,leg4_paralysed,ite,0,7,277,1083.45556640625,277,1131.068603515625,76.5445813572391,60.40360251239312,5
me_seed0,me,0,leg4_paralysed,ite,0,8,277,1132.0576171875,277,1131.068603515625,76.5445813572391,60.40360251239312,5
me_seed0,me,0,leg4_paralysed,ite,0,9,277,1168.426513671875,277,1131.068603515625,76.5445813572391,60.40360251239312,5
me_seed0,me,0,leg4_paralysed,ite,0,10,277,1129.3177490234375,277,1131.068603515625,76.5445813572391,60.40360251239312,5
me_seed0,me,0,leg4_paralysed,ite,0,11,277,1119.478759765625,277,1131.068603515625,76.5445813572391,60.40360251239312,5
me_seed0,me,0,leg4_paralysed,ite,0,12,277,1121.24755859375,277,1131.068603515625,76.5445813572391,60.40360251239312,5
me_seed0,me,0,leg4_paralysed,ite,0,13,277,1073.643798828125,277,1131.068603515625,76.5445813572391,60.40360251239312,5
me_seed0,me,0,leg4_paralysed,ite,0,14,277,1078.673095703125,277,1131.068603515625,76.5445813572391,60.40360251239312,5
me_seed0,me,0,leg4_paralysed,ite,0,15,277,1119.4134521484375,277,1131.068603515625,76.5445813572391,60.40360251239312,5
me_seed0,me,0,leg4_paralysed,ite,0,16,277,1099.735107421875,277,1131.068603515625,76.5445813572391,60.40360251239312,5
me_seed0,me,0,leg4_paralysed,ite,0,17,277,1154.43408203125,277,1131.068603515625,76.5445813572391,60.40360251239312,5
me_seed0,me,0,leg4_paralysed,ite,0,18,277,1073.380615234375,277,1131.068603515625,76.5445813572391,60.40360251239312,5
me_seed0,me,0,leg4_paralysed,ite,0,19,277,1135.3359375,277,1131.068603515625,76.5445813572391,60.40360251239312,5
me_seed0,me,0,leg4_paralysed,ite,0,20,277,1092.5953369140625,277,1131.068603515625,76.5445813572391,60.40360251239312,5
me_seed0,me,0,leg4_paralysed,ite,1,1,285,1051.2713623046875,285,1062.8228759765625,4.360783548153646,3.441223812511515,3
me_seed0,me,0,leg4_paralysed,ite,1,2,586,1084.3408203125,586,1095.144287109375,38.54727829655897,30.41880215260648,3
me_seed0,me,0,leg4_paralysed,ite,1,3,611,1112.334716796875,611,1065.8575439453125,7.570564833708495,5.974157554999574,3
me_seed0,me,0,leg4_paralysed,ite,1,4,611,1107.2166748046875,611,1065.8575439453125,7.570564833708495,5.974157554999574,3
me_seed0,me,0,leg4_paralysed,ite,1,5,277,1111.5838623046875,611,1065.8575439453125,7.570564833708495,5.974157554999574,3
me_seed0,me,0,leg4_paralysed,ite,1,6,277,1088.02978515625,611,1065.8575439453125,7.570564833708495,5.974157554999574,3
me_seed0,me,0,leg4_paralysed,ite,1,7,173,1084.2374267578125,611,1065.8575439453125,7.570564833708495,5.974157554999574,3
me_seed0,me,0,leg4_paralysed,ite,1,8,611,1063.8704833984375,611,1065.8575439453125,7.570564833708495,5.974157554999574,3
me_seed0,me,0,leg4_paralysed,ite,1,9,223,1051.181396484375,611,1065.8575439453125,7.570564833708495,5.974157554999574,3
me_seed0,me,0,leg4_paralysed,ite,1,10,277,1058.939453125,611,1065.8575439453125,7.570564833708495,5.974157554999574,3
me_seed0,me,0,leg4_paralysed,ite,1,11,677,1118.1630859375,677,1134.1898193359375,79.84590467543507,63.0087747916239,3
me_seed0,me,0,leg4_paralysed,ite,1,12,677,1139.9637451171875,677,1134.1898193359375,79.84590467543507,63.0087747916239,3
me_seed0,me,0,leg4_paralysed,ite,1,13,677,1109.5439453125,677,1134.1898193359375,79.84590467543507,63.0087747916239,3
me_seed0,me,0,leg4_paralysed,ite,1,14,677,1130.9852294921875,677,1134.1898193359375,79.84590467543507,63.0087747916239,3
me_seed0,me,0,leg4_paralysed,ite,1,15,677,1073.290283203125,677,1134.1898193359375,79.84590467543507,63.0087747916239,3
me_seed0,me,0,leg4_paralysed,ite,1,16,677,1077.483154296875,677,1134.1898193359375,79.84590467543507,63.0087747916239,3
me_seed0,me,0,leg4_paralysed,ite,1,17,677,1081.696533203125,677,1134.1898193359375,79.84590467543507,63.0087747916239,3
me_seed0,me,0,leg4_paralysed,ite,1,18,677,1085.46826171875,677,1134.1898193359375,79.84590467543507,63.0087747916239,3
me_seed0,me,0,leg4_paralysed,ite,1,19,677,1104.54248046875,677,1134.1898193359375,79.84590467543507,63.0087747916239,3
me_seed0,me,0,leg4_paralysed,ite,1,20,677,1103.239013671875,677,1134.1898193359375,79.84590467543507,63.0087747916239,3
me_seed0,me,0,leg4_paralysed,ite,2,1,285,1051.7659912109375,285,1062.8228759765625,4.360783548153646,3.441223812511515,6
me_seed0,me,0,leg4_paralysed,ite,2,2,586,1097.22021484375,586,1095.144287109375,38.54727829655897,30.41880215260648,6
me_seed0,me,0,leg4_paralysed,ite,2,3,611,1096.46728515625,586,1095.144287109375,38.54727829655897,30.41880215260648,6
me_seed0,me,0,leg4_paralysed,ite,2,4,277,1100.2220458984375,277,1131.068603515625,76.5445813572391,60.40360251239312,6
me_seed0,me,0,leg4_paralysed,ite,2,5,173,1096.578857421875,277,1131.068603515625,76.5445813572391,60.40360251239312,6
me_seed0,me,0,leg4_paralysed,ite,2,6,223,1069.6357421875,277,1131.068603515625,76.5445813572391,60.40360251239312,6
me_seed0,me,0,leg4_paralysed,ite,2,7,277,1094.8123779296875,277,1131.068603515625,76.5445813572391,60.40360251239312,6
me_seed0,me,0,leg4_paralysed,ite,2,8,611,1103.6195068359375,611,1065.8575439453125,7.570564833708495,5.974157554999574,6
me_seed0,me,0,leg4_paralysed,ite,2,9,611,1110.69873046875,611,1065.8575439453125,7.570564833708495,5.974157554999574,6
me_seed0,me,0,leg4_paralysed,ite,2,10,611,1127.410888671875,611,1065.8575439453125,7.570564833708495,5.974157554999574,6
me_seed0,me,0,leg4_paralysed,ite,2,11,611,1098.02587890625,611,1065.8575439453125,7.570564833708495,5.974157554999574,6
me_seed0,me,0,leg4_paralysed,ite,2,12,611,1109.3402099609375,611,1065.8575439453125,7.570564833708495,5.974157554999574,6
me_seed0,me,0,leg4_paralysed,ite,2,13,611,1099.0751953125,611,1065.8575439453125,7.570564833708495,5.974157554999574,6
me_seed0,me,0,leg4_paralysed,ite,2,14,611,1125.609619140625,611,1065.8575439453125,7.570564833708495,5.974157554999574,6
me_seed0,me,0,leg4_paralysed,ite,2,15,611,1101.513427734375,611,1065.8575439453125,7.570564833708495,5.974157554999574,6
me_seed0,me,0,leg4_paralysed,ite,2,16,611,1108.5574951171875,611,1065.8575439453125,7.570564833708495,5.974157554999574,6
me_seed0,me,0,leg4_paralysed,ite,2,17,611,1111.73046875,611,1065.8575439453125,7.570564833708495,5.974157554999574,6
me_seed0,me,0,leg4_paralysed,ite,2,18,611,1092.7706298828125,611,1065.8575439453125,7.570564833708495,5.974157554999574,6
me_seed0,me,0,leg4_paralysed,ite,2,19,611,1108.5986328125,611,1065.8575439453125,7.570564833708495,5.974157554999574,6
me_seed0,me,0,leg4_paralysed,ite,2,20,611,1053.42431640625,611,1065.8575439453125,7.570564833708495,5.974157554999574,6
me_seed0,me,0,leg4_paralysed,ite,3,1,285,1060.63818359375,285,1062.8228759765625,4.360783548153646,3.441223812511515,3
me_seed0,me,0,leg4_paralysed,ite,3,2,586,1095.811279296875,586,1095.144287109375,38.54727829655897,30.41880215260648,3
me_seed0,me,0,leg4_paralysed,ite,3,3,611,1127.42626953125,611,1065.8575439453125,7.570564833708495,5.974157554999574,3
me_seed0,me,0,leg4_paralysed,ite,3,4,611,1089.967529296875,611,1065.8575439453125,7.570564833708495,5.974157554999574,3
me_seed0,me,0,leg4_paralysed,ite,3,5,173,1074.8992919921875,611,1065.8575439453125,7.570564833708495,5.974157554999574,3
me_seed0,me,0,leg4_paralysed,ite,3,6,277,1145.2421875,277,1131.068603515625,76.5445813572391,60.40360251239312,3
me_seed0,me,0,leg4_paralysed,ite,3,7,277,1126.1552734375,277,1131.068603515625,76.5445813572391,60.40360251239312,3
me_seed0,me,0,leg4_paralysed,ite,3,8,277,1120.74951171875,277,1131.068603515625,76.5445813572391,60.40360251239312,3
me_seed0,me,0,leg4_paralysed,ite,3,9,277,1122.3780517578125,277,1131.068603515625,76.5445813572391,60.40360251239312,3
me_seed0,me,0,leg4_paralysed,ite,3,10,277,1140.8592529296875,277,1131.068603515625,76.5445813572391,60.40360251239312,3
me_seed0,me,0,leg4_paralysed,ite,3,11,277,1094.15087890625,277,1131.068603515625,76.5445813572391,60.40360251239312,3
me_seed0,me,0,leg4_paralysed,ite,3,12,277,1109.415283203125,277,1131.068603515625,76.5445813572391,60.40360251239312,3
me_seed0,me,0,leg4_paralysed,ite,3,13,277,1075.9271240234375,277,1131.068603515625,76.5445813572391,60.40360251239312,3
me_seed0,me,0,leg4_paralysed,ite,3,14,277,1090.0633544921875,277,1131.068603515625,76.5445813572391,60.40360251239312,3
me_seed0,me,0,leg4_paralysed,ite,3,15,277,1057.181640625,277,1131.068603515625,76.5445813572391,60.40360251239312,3
me_seed0,me,0,leg4_paralysed,ite,3,16,611,1106.38818359375,277,1131.068603515625,76.5445813572391,60.40360251239312,3
me_seed0,me,0,leg4_paralysed,ite,3,17,223,1051.5531005859375,277,1131.068603515625,76.5445813572391,60.40360251239312,3
me_seed0,me,0,leg4_paralysed,ite,3,18,611,1115.03955078125,277,1131.068603515625,76.5445813572391,60.40360251239312,3
me_seed0,me,0,leg4_paralysed,ite,3,19,611,1105.6605224609375,277,1131.068603515625,76.5445813572391,60.40360251239312,3
me_seed0,me,0,leg4_paralysed,ite,3,20,611,1110.236572265625,277,1131.068603515625,76.5445813572391,60.40360251239312,3
me_seed0,me,0,leg4_paralysed,ite,4,1,285,1059.08349609375,285,1062.8228759765625,4.360783548153646,3.441223812511515,4
me_seed0,me,0,leg4_paralysed,ite,4,2,586,1065.61669921875,586,1095.144287109375,38.54727829655897,30.41880215260648,4
me_seed0,me,0,leg4_paralysed,ite,4,3,173,1074.114013671875,173,1076.2242431640625,18.53546692117672,14.626887448284206,4
me_seed0,me,0,leg4_paralysed,ite,4,4,611,1105.32861328125,611,1065.8575439453125,7.570564833708495,5.974157554999574,4
me_seed0,me,0,leg4_paralysed,ite,4,5,611,1094.009033203125,611,1065.8575439453125,7.570564833708495,5.974157554999574,4
me_seed0,me,0,leg4_paralysed,ite,4,6,277,1101.26171875,611,1065.8575439453125,7.570564833708495,5.974157554999574,4
me_seed0,me,0,leg4_paralysed,ite,4,7,223,1071.986328125,611,1065.8575439453125,7.570564833708495,5.974157554999574,4
me_seed0,me,0,leg4_paralysed,ite,4,8,277,1186.6793212890625,277,1131.068603515625,76.5445813572391,60.40360251239312,4
me_seed0,me,0,leg4_paralysed,ite,4,9,277,1101.4140625,277,1131.068603515625,76.5445813572391,60.40360251239312,4
me_seed0,me,0,leg4_paralysed,ite,4,10,277,1130.5830078125,277,1131.068603515625,76.5445813572391,60.40360251239312,4
me_seed0,me,0,leg4_paralysed,ite,4,11,277,1142.0345458984375,277,1131.068603515625,76.5445813572391,60.40360251239312,4
me_seed0,me,0,leg4_paralysed,ite,4,12,277,1126.5498046875,277,1131.068603515625,76.5445813572391,60.40360251239312,4
me_seed0,me,0,leg4_paralysed,ite,4,13,277,1118.3353271484375,277,1131.068603515625,76.5445813572391,60.40360251239312,4
me_seed0,me,0,leg4_paralysed,ite,4,14,277,1075.689697265625,277,1131.068603515625,76.5445813572391,60.40360251239312,4
me_seed0,me,0,leg4_paralysed,ite,4,15,277,1138.208984375,277,1131.068603515625,76.5445813572391,60.40360251239312,4
me_seed0,me,0,leg4_paralysed,ite,4,16,277,1158.4525146484375,277,1131.068603515625,76.5445813572391,60.40360251239312,4
me_seed0,me,0,leg4_paralysed,ite,4,17,277,1127.663330078125,277,1131.068603515625,76.5445813572391,60.40360251239312,4
me_seed0,me,0,leg4_paralysed,ite,4,18,277,1055.0740966796875,277,1131.068603515625,76.5445813572391,60.40360251239312,4
me_seed0,me,0,leg4_paralysed,ite,4,19,277,1071.42236328125,277,1131.068603515625,76.5445813572391,60.40360251239312,4
me_seed0,me,0,leg4_paralysed,ite,4,20,277,1137.431396484375,277,1131.068603515625,76.5445813572391,60.40360251239312,4
me_seed0,me,0,leg4_paralysed,top_k,0,1,285,1052.5103759765625,285,1062.8228759765625,4.360783548153646,3.441223812511515,
me_seed0,me,0,leg4_paralysed,top_k,0,2,911,1058.6085205078125,911,1068.9696044921875,10.862204580045395,8.571688240075623,
me_seed0,me,0,leg4_paralysed,top_k,0,3,166,1093.900146484375,166,1065.0731201171875,6.740876396822917,5.31942576782225,
me_seed0,me,0,leg4_paralysed,top_k,0,4,228,1070.719970703125,166,1065.0731201171875,6.740876396822917,5.31942576782225,
me_seed0,me,0,leg4_paralysed,top_k,0,5,458,1065.854736328125,166,1065.0731201171875,6.740876396822917,5.31942576782225,
me_seed0,me,0,leg4_paralysed,top_k,0,6,515,1076.739501953125,166,1065.0731201171875,6.740876396822917,5.31942576782225,
me_seed0,me,0,leg4_paralysed,top_k,0,7,761,1052.7412109375,166,1065.0731201171875,6.740876396822917,5.31942576782225,
me_seed0,me,0,leg4_paralysed,top_k,0,8,12,1066.081787109375,166,1065.0731201171875,6.740876396822917,5.31942576782225,
me_seed0,me,0,leg4_paralysed,top_k,0,9,411,1095.66064453125,411,1093.77880859375,37.103005832350746,29.279083856408917,
me_seed0,me,0,leg4_paralysed,top_k,0,10,612,1067.251708984375,411,1093.77880859375,37.103005832350746,29.279083856408917,
me_seed0,me,0,leg4_paralysed,top_k,0,11,173,1073.35107421875,411,1093.77880859375,37.103005832350746,29.279083856408917,
me_seed0,me,0,leg4_paralysed,top_k,0,12,697,1070.2559814453125,411,1093.77880859375,37.103005832350746,29.279083856408917,
me_seed0,me,0,leg4_paralysed,top_k,0,13,689,1061.0604248046875,411,1093.77880859375,37.103005832350746,29.279083856408917,
me_seed0,me,0,leg4_paralysed,top_k,0,14,198,1106.730224609375,198,1107.4744873046875,51.58898376207023,40.71039927227568,
me_seed0,me,0,leg4_paralysed,top_k,0,15,960,1105.343505859375,198,1107.4744873046875,51.58898376207023,40.71039927227568,
me_seed0,me,0,leg4_paralysed,top_k,0,16,864,1072.5601806640625,198,1107.4744873046875,51.58898376207023,40.71039927227568,
me_seed0,me,0,leg4_paralysed,top_k,0,17,682,1081.316650390625,198,1107.4744873046875,51.58898376207023,40.71039927227568,
me_seed0,me,0,leg4_paralysed,top_k,0,18,691,1067.533935546875,198,1107.4744873046875,51.58898376207023,40.71039927227568,
me_seed0,me,0,leg4_paralysed,top_k,0,19,957,1071.84033203125,198,1107.4744873046875,51.58898376207023,40.71039927227568,
me_seed0,me,0,leg4_paralysed,top_k,0,20,321,1056.4656982421875,198,1107.4744873046875,51.58898376207023,40.71039927227568,
me_seed0,me,0,leg4_paralysed,top_k,1,1,285,1053.865966796875,285,1062.8228759765625,4.360783548153646,3.441223812511515,
me_seed0,me,0,leg4_paralysed,top_k,1,2,911,1066.670654296875,911,1068.9696044921875,10.862204580045395,8.571688240075623,
me_seed0,me,0,leg4_paralysed,top_k,1,3,166,1065.021240234375,911,1068.9696044921875,10.862204580045395,8.571688240075623,
me_seed0,me,0,leg4_paralysed,top_k,1,4,228,1077.896240234375,228,1071.69482421875,13.744681136763496,10.846336100133787,
me_seed0,me,0,leg4_paralysed,top_k,1,5,458,1066.2918701171875,228,1071.69482421875,13.744681136763496,10.846336100133787,
me_seed0,me,0,leg4_paralysed,top_k,1,6,515,1066.234619140625,228,1071.69482421875,13.744681136763496,10.846336100133787,
me_seed0,me,0,leg4_paralysed,top_k,1,7,761,1096.2496337890625,761,1093.0982666015625,36.38319365749281,28.711058690907272,
me_seed0,me,0,leg4_paralysed,top_k,1,8,12,1058.232666015625,761,1093.0982666015625,36.38319365749281,28.711058690907272,
me_seed0,me,0,leg4_paralysed,top_k,1,9,411,1103.73828125,411,1093.77880859375,37.103005832350746,29.279083856408917,
me_seed0,me,0,leg4_paralysed,top_k,1,10,612,1062.73486328125,411,1093.77880859375,37.103005832350746,29.279083856408917,
me_seed0,me,0,leg4_paralysed,top_k,1,11,173,1091.383544921875,411,1093.77880859375,37.103005832350746,29.279083856408917,
me_seed0,me,0,leg4_paralysed,top_k,1,12,697,1068.50439453125,411,1093.77880859375,37.103005832350746,29.279083856408917,
me_seed0,me,0,leg4_paralysed,top_k,1,13,689,1091.85546875,411,1093.77880859375,37.103005832350746,29.279083856408917,
me_seed0,me,0,leg4_paralysed,top_k,1,14,198,1113.5516357421875,198,1107.4744873046875,51.58898376207023,40.71039927227568,
me_seed0,me,0,leg4_paralysed,top_k,1,15,960,1093.92138671875,198,1107.4744873046875,51.58898376207023,40.71039927227568,
me_seed0,me,0,leg4_paralysed,top_k,1,16,864,1059.4373779296875,198,1107.4744873046875,51.58898376207023,40.71039927227568,
me_seed0,me,0,leg4_paralysed,top_k,1,17,682,1079.08984375,198,1107.4744873046875,51.58898376207023,40.71039927227568,
me_seed0,me,0,leg4_paralysed,top_k,1,18,691,1067.3135986328125,198,1107.4744873046875,51.58898376207023,40.71039927227568,
me_seed0,me,0,leg4_paralysed,top_k,1,19,957,1063.341796875,198,1107.4744873046875,51.58898376207023,40.71039927227568,
me_seed0,me,0,leg4_paralysed,top_k,1,20,321,1055.000244140625,198,1107.4744873046875,51.58898376207023,40.71039927227568,
me_seed0,me,0,leg4_paralysed,top_k,2,1,285,1060.7857666015625,285,1062.8228759765625,4.360783548153646,3.441223812511515,
me_seed0,me,0,leg4_paralysed,top_k,2,2,911,1057.431640625,285,1062.8228759765625,4.360783548153646,3.441223812511515,
me_seed0,me,0,leg4_paralysed,top_k,2,3,166,1067.5946044921875,166,1065.0731201171875,6.740876396822917,5.31942576782225,
me_seed0,me,0,leg4_paralysed,top_k,2,4,228,1063.7841796875,166,1065.0731201171875,6.740876396822917,5.31942576782225,
me_seed0,me,0,leg4_paralysed,top_k,2,5,458,1071.4886474609375,458,1072.25537109375,14.337573963121818,11.314205438247429,
me_seed0,me,0,leg4_paralysed,top_k,2,6,515,1072.4163818359375,515,1071.686767578125,13.73615959352751,10.839611497277623,
me_seed0,me,0,leg4_paralysed,top_k,2,7,761,1057.1019287109375,515,1071.686767578125,13.73615959352751,10.839611497277623,
me_seed0,me,0,leg4_paralysed,top_k,2,8,12,1066.857177734375,515,1071.686767578125,13.73615959352751,10.839611497277623,
me_seed0,me,0,leg4_paralysed,top_k,2,9,411,1102.4197998046875,411,1093.77880859375,37.103005832350746,29.279083856408917,
me_seed0,me,0,leg4_paralysed,top_k,2,10,612,1062.2733154296875,411,1093.77880859375,37.103005832350746,29.279083856408917,
me_seed0,me,0,leg4_paralysed,top_k,2,11,173,1078.6407470703125,411,1093.77880859375,37.103005832350746,29.279083856408917,
me_seed0,me,0,leg4_paralysed,top_k,2,12,697,1058.55419921875,411,1093.77880859375,37.103005832350746,29.279083856408917,
me_seed0,me,0,leg4_paralysed,top_k,2,13,689,1090.44921875,411,1093.77880859375,37.103005832350746,29.279083856408917,
me_seed0,me,0,leg4_paralysed,top_k,2,14,198,1065.991455078125,411,1093.77880859375,37.103005832350746,29.279083856408917,
me_seed0,me,0,leg4_paralysed,top_k,2,15,960,1099.61083984375,411,1093.77880859375,37.103005832350746,29.279083856408917,
me_seed0,me,0,leg4_paralysed,top_k,2,16,864,1060.1337890625,411,1093.77880859375,37.103005832350746,29.279083856408917,
me_seed0,me,0,leg4_paralysed,top_k,2,17,682,1057.104736328125,411,1093.77880859375,37.103005832350746,29.279083856408917,
me_seed0,me,0,leg4_paralysed,top_k,2,18,691,1066.4759521484375,411,1093.77880859375,37.103005832350746,29.279083856408917,
me_seed0,me,0,leg4_paralysed,top_k,2,19,957,1060.7479248046875,411,1093.77880859375,37.103005832350746,29.279083856408917,
me_seed0,me,0,leg4_paralysed,top_k,2,20,321,1050.541748046875,411,1093.77880859375,37.103005832350746,29.279083856408917,
me_seed0,me,0,leg4_paralysed,top_k,3,1,285,1053.25439453125,285,1062.8228759765625,4.360783548153646,3.441223812511515,
me_seed0,me,0,leg4_paralysed,top_k,3,2,911,1073.8131103515625,911,1068.9696044921875,10.862204580045395,8.571688240075623,
me_seed0,me,0,leg4_paralysed,top_k,3,3,166,1065.1363525390625,911,1068.9696044921875,10.862204580045395,8.571688240075623,
me_seed0,me,0,leg4_paralysed,top_k,3,4,228,1069.9697265625,911,1068.9696044921875,10.862204580045395,8.571688240075623,
me_seed0,me,0,leg4_paralysed,top_k,3,5,458,1067.158935546875,911,1068.9696044921875,10.862204580045395,8.571688240075623,
me_seed0,me,0,leg4_paralysed,top_k,3,6,515,1072.1142578125,911,1068.9696044921875,10.862204580045395,8.571688240075623,
me_seed0,me,0,leg4_paralysed,top_k,3,7,761,1094.850341796875,761,1093.0982666015625,36.38319365749281,28.711058690907272,
me_seed0,me,0,leg4_paralysed,top_k,3,8,12,1066.5677490234375,761,1093.0982666015625,36.38319365749281,28.711058690907272,
me_seed0,me,0,leg4_paralysed,top_k,3,9,411,1082.4267578125,761,1093.0982666015625,36.38319365749281,28.711058690907272,
me_seed0,me,0,leg4_paralysed,top_k,3,10,612,1069.6336669921875,761,1093.0982666015625,36.38319365749281,28.711058690907272,
me_seed0,me,0,leg4_paralysed,top_k,3,11,173,1063.556884765625,761,1093.0982666015625,36.38319365749281,28.711058690907272,
me_seed0,me,0,leg4_paralysed,top_k,3,12,697,1065.3050537109375,761,1093.0982666015625,36.38319365749281,28.711058690907272,
me_seed0,me,0,leg4_paralysed,top_k,3,13,689,1087.3992919921875,761,1093.0982666015625,36.38319365749281,28.711058690907272,
me_seed0,me,0,leg4_paralysed,top_k,3,14,198,1114.6077880859375,198,1107.4744873046875,51.58898376207023,40.71039927227568,
me_seed0,me,0,leg4_paralysed,top_k,3,15,960,1103.55810546875,198,1107.4744873046875,51.58898376207023,40.71039927227568,
me_seed0,me,0,leg4_paralysed,top_k,3,16,864,1057.842529296875,198,1107.4744873046875,51.58898376207023,40.71039927227568,
me_seed0,me,0,leg4_paralysed,top_k,3,17,682,1080.96435546875,198,1107.4744873046875,51.58898376207023,40.71039927227568,
me_seed0,me,0,leg4_paralysed,top_k,3,18,691,1067.3707275390625,198,1107.4744873046875,51.58898376207023,40.71039927227568,
me_seed0,me,0,leg4_paralysed,top_k,3,19,957,1060.98583984375,198,1107.4744873046875,51.58898376207023,40.71039927227568,
me_seed0,me,0,leg4_paralysed,top_k,3,20,321,1058.537353515625,198,1107.4744873046875,51.58898376207023,40.71039927227568,
me_seed0,me,0,leg4_paralysed,top_k,4,1,285,1053.869384765625,285,1062.8228759765625,4.360783548153646,3.441223812511515,
me_seed0,me,0,leg4_paralysed,top_k,4,2,911,1073.025146484375,911,1068.9696044921875,10.862204580045395,8.571688240075623,
me_seed0,me,0,leg4_paralysed,top_k,4,3,166,1065.5323486328125,911,1068.9696044921875,10.862204580045395,8.571688240075623,
me_seed0,me,0,leg4_paralysed,top_k,4,4,228,1070.03466796875,911,1068.9696044921875,10.862204580045395,8.571688240075623,
me_seed0,me,0,leg4_paralysed,top_k,4,5,458,1062.37548828125,911,1068.9696044921875,10.862204580045395,8.571688240075623,
me_seed0,me,0,leg4_paralysed,top_k,4,6,515,1068.56689453125,911,1068.9696044921875,10.862204580045395,8.571688240075623,
me_seed0,me,0,leg4_paralysed,top_k,4,7,761,1092.4024658203125,761,1093.0982666015625,36.38319365749281,28.711058690907272,
me_seed0,me,0,leg4_paralysed,top_k,4,8,12,1067.06494140625,761,1093.0982666015625,36.38319365749281,28.711058690907272,
me_seed0,me,0,leg4_paralysed,top_k,4,9,411,1091.31884765625,761,1093.0982666015625,36.38319365749281,28.711058690907272,
me_seed0,me,0,leg4_paralysed,top_k,4,10,612,1067.0960693359375,761,1093.0982666015625,36.38319365749281,28.711058690907272,
me_seed0,me,0,leg4_paralysed,top_k,4,11,173,1072.754638671875,761,1093.0982666015625,36.38319365749281,28.711058690907272,
me_seed0,me,0,leg4_paralysed,top_k,4,12,697,1070.1563720703125,761,1093.0982666015625,36.38319365749281,28.711058690907272,
me_seed0,me,0,leg4_paralysed,top_k,4,13,689,1054.732421875,761,1093.0982666015625,36.38319365749281,28.711058690907272,
me_seed0,me,0,leg4_paralysed,top_k,4,14,198,1067.88720703125,761,1093.0982666015625,36.38319365749281,28.711058690907272,
me_seed0,me,0,leg4_paralysed,top_k,4,15,960,1084.959716796875,761,1093.0982666015625,36.38319365749281,28.711058690907272,
me_seed0,me,0,leg4_paralysed,top_k,4,16,864,1057.13916015625,761,1093.0982666015625,36.38319365749281,28.711058690907272,
me_seed0,me,0,leg4_paralysed,top_k,4,17,682,1084.6705322265625,761,1093.0982666015625,36.38319365749281,28.711058690907272,
me_seed0,me,0,leg4_paralysed,top_k,4,18,691,1069.6759033203125,761,1093.0982666015625,36.38319365749281,28.711058690907272,
me_seed0,me,0,leg4_paralysed,top_k,4,19,957,1066.66552734375,761,1093.0982666015625,36.38319365749281,28.711058690907272,
me_seed0,me,0,leg4_paralysed,top_k,4,20,321,1055.522705078125,761,1093.0982666015625,36.38319365749281,28.711058690907272,
me_seed0,me,0,leg4_paralysed,best_intact,0,1,285,1052.8961181640625,285,1062.8228759765625,4.360783548153646,3.441223812511515,
me_seed0,me,0,leg4_paralysed,best_intact,1,1,285,1052.1517333984375,285,1062.8228759765625,4.360783548153646,3.441223812511515,
me_seed0,me,0,leg4_paralysed,best_intact,2,1,285,1053.691650390625,285,1062.8228759765625,4.360783548153646,3.441223812511515,
me_seed0,me,0,leg4_paralysed,best_intact,3,1,285,1052.660400390625,285,1062.8228759765625,4.360783548153646,3.441223812511515,
me_seed0,me,0,leg4_paralysed,best_intact,4,1,285,1054.7054443359375,285,1062.8228759765625,4.360783548153646,3.441223812511515,
me_seed0,me,0,leg1_weak,ite,0,1,285,1115.781982421875,285,1070.557861328125,10.689663292927216,9.8973519940383,5
me_seed0,me,0,leg1_weak,ite,0,2,586,1117.656982421875,586,1151.829833984375,83.954984821584,77.73229274519278,5
me_seed0,me,0,leg1_weak,ite,0,3,515,1086.2349853515625,586,1151.829833984375,83.954984821584,77.73229274519278,5
me_seed0,me,0,leg1_weak,ite,0,4,411,1097.282958984375,586,1151.829833984375,83.954984821584,77.73229274519278,5
me_seed0,me,0,leg1_weak,ite,0,5,612,1150.502685546875,612,1125.2276611328125,59.97357175100133,55.52836732959702,5
me_seed0,me,0,leg1_weak,ite,0,6,612,1148.240478515625,612,1125.2276611328125,59.97357175100133,55.52836732959702,5
me_seed0,me,0,leg1_weak,ite,0,7,612,1149.5673828125,612,1125.2276611328125,59.97357175100133,55.52836732959702,5
me_seed0,me,0,leg1_weak,ite,0,8,612,1077.5694580078125,612,1125.2276611328125,59.97357175100133,55.52836732959702,5
me_seed0,me,0,leg1_weak,ite,0,9,612,1144.6055908203125,612,1125.2276611328125,59.97357175100133,55.52836732959702,5
me_seed0,me,0,leg1_weak,ite,0,10,612,1152.9842529296875,612,1125.2276611328125,59.97357175100133,55.52836732959702,5
me_seed0,me,0,leg1_weak,ite,0,11,612,1087.1348876953125,612,1125.2276611328125,59.97357175100133,55.52836732959702,5
me_seed0,me,0,leg1_weak,ite,0,12,612,1145.985595703125,612,1125.2276611328125,59.97357175100133,55.52836732959702,5
me_seed0,me,0,leg1_weak,ite,0,13,612,1148.7021484375,612,1125.2276611328125,59.97357175100133,55.52836732959702,5
me_seed0,me,0,leg1_weak,ite,0,14,612,1146.8603515625,612,1125.2276611328125,59.97357175100133,55.52836732959702,5
me_seed0,me,0,leg1_weak,ite,0,15,612,1143.949951171875,612,1125.2276611328125,59.97357175100133,55.52836732959702,5
me_seed0,me,0,leg1_weak,ite,0,16,612,1141.105224609375,612,1125.2276611328125,59.97357175100133,55.52836732959702,5
me_seed0,me,0,leg1_weak,ite,0,17,612,1103.314208984375,612,1125.2276611328125,59.97357175100133,55.52836732959702,5
me_seed0,me,0,leg1_weak,ite,0,18,612,1148.430908203125,612,1125.2276611328125,59.97357175100133,55.52836732959702,5
me_seed0,me,0,leg1_weak,ite,0,19,612,1149.197509765625,612,1125.2276611328125,59.97357175100133,55.52836732959702,5
me_seed0,me,0,leg1_weak,ite,0,20,612,1146.450439453125,612,1125.2276611328125,59.97357175100133,55.52836732959702,5
me_seed0,me,0,leg1_weak,ite,1,1,285,1069.540283203125,285,1070.557861328125,10.689663292927216,9.8973519940383,3
me_seed0,me,0,leg1_weak,ite,1,2,586,1116.680419921875,586,1151.829833984375,83.954984821584,77.73229274519278,3
me_seed0,me,0,leg1_weak,ite,1,3,611,1145.8167724609375,611,1144.3369140625,77.200243065941,71.47820831311707,3
me_seed0,me,0,leg1_weak,ite,1,4,611,1119.935546875,611,1144.3369140625,77.200243065941,71.47820831311707,3
me_seed0,me,0,leg1_weak,ite,1,5,611,1130.2498779296875,611,1144.3369140625,77.200243065941,71.47820831311707,3
me_seed0,me,0,leg1_weak,ite,1,6,611,1051.6302490234375,611,1144.3369140625,77.200243065941,71.47820831311707,3
me_seed0,me,0,leg1_weak,ite,1,7,277,1085.26513671875,611,1144.3369140625,77.200243065941,71.47820831311707,3
me_seed0,me,0,leg1_weak,ite,1,8,173,1079.510009765625,611,1144.3369140625,77.200243065941,71.47820831311707,3
me_seed0,me,0,leg1_weak,ite,1,9,586,1148.7734375,586,1151.829833984375,83.954984821584,77.73229274519278,3
me_seed0,me,0,leg1_weak,ite,1,10,586,1156.68798828125,586,1151.829833984375,83.954984821584,77.73229274519278,3
me_seed0,me,0,leg1_weak,ite,1,11,586,1160.448486328125,586,1151.829833984375,83.954984821584,77.73229274519278,3
me_seed0,me,0,leg1_weak,ite,1,12,586,1143.222900390625,586,1151.829833984375,83.954984821584,77.73229274519278,3
me_seed0,me,0,leg1_weak,ite,1,13,586,1150.7979736328125,586,1151.829833984375,83.954984821584,77.73229274519278,3
me_seed0,me,0,leg1_weak,ite,1,14,586,1172.8447265625,586,1151.829833984375,83.954984821584,77.73229274519278,3
me_seed0,me,0,leg1_weak,ite,1,15,586,1103.4652099609375,586,1151.829833984375,83.954984821584,77.73229274519278,3
me_seed0,me,0,leg1_weak,ite,1,16,586,1115.5650634765625,586,1151.829833984375,83.954984821584,77.73229274519278,3
me_seed0,me,0,leg1_weak,ite,1,17,586,1136.80322265625,586,1151.829833984375,83.954984821584,77.73229274519278,3
me_seed0,me,0,leg1_weak,ite,1,18,586,1140.0048828125,586,1151.829833984375,83.954984821584,77.73229274519278,3
me_seed0,me,0,leg1_weak,ite,1,19,586,1132.974365234375,586,1151.829833984375,83.954984821584,77.73229274519278,3
me_seed0,me,0,leg1_weak,ite,1,20,586,1147.6949462890625,586,1151.829833984375,83.954984821584,77.73229274519278,3
me_seed0,me,0,leg1_weak,ite,2,1,285,1090.8759765625,285,1070.557861328125,10.689663292927216,9.8973519940383,2
me_seed0,me,0,leg1_weak,ite,2,2,586,1131.20361328125,586,1151.829833984375,83.954984821584,77.73229274519278,2
me_seed0,me,0,leg1_weak,ite,2,3,611,1133.098876953125,611,1144.3369140625,77.200243065941,71.47820831311707,2
me_seed0,me,0,leg1_weak,ite,2,4,586,1132.521240234375,611,1144.3369140625,77.200243065941,71.47820831311707,2
me_seed0,me,0,leg1_weak,ite,2,5,611,1126.5947265625,611,1144.3369140625,77.200243065941,71.47820831311707,2
me_seed0,me,0,leg1_weak,ite,2,6,586,1111.3900146484375,611,1144.3369140625,77.200243065941,71.47820831311707,2
me_seed0,me,0,leg1_weak,ite,2,7,515,1100.254150390625,611,1144.3369140625,77.200243065941,71.47820831311707,2
me_seed0,me,0,leg1_weak,ite,2,8,611,1116.81689453125,611,1144.3369140625,77.200243065941,71.47820831311707,2
me_seed0,me,0,leg1_weak,ite,2,9,586,1148.43017578125,586,1151.829833984375,83.954984821584,77.73229274519278,2
me_seed0,me,0,leg1_weak,ite,2,10,586,1127.2799072265625,586,1151.829833984375,83.954984821584,77.73229274519278,2
me_seed0,me,0,leg1_weak,ite,2,11,586,1110.6727294921875,586,1151.829833984375,83.954984821584,77.73229274519278,2
me_seed0,me,0,leg1_weak,ite,2,12,586,1140.52099609375,586,1151.829833984375,83.954984821584,77.73229274519278,2
me_seed0,me,0,leg1_weak,ite,2,13,586,1135.6256103515625,586,1151.829833984375,83.954984821584,77.73229274519278,2
me_seed0,me,0,leg1_weak,ite,2,14,586,1153.8492431640625,586,1151.829833984375,83.954984821584,77.73229274519278,2
me_seed0,me,0,leg1_weak,ite,2,15,586,1163.77099609375,586,1151.829833984375,83.954984821584,77.73229274519278,2
me_seed0,me,0,leg1_weak,ite,2,16,586,1118.707763671875,586,1151.829833984375,83.954984821584,77.73229274519278,2
me_seed0,me,0,leg1_weak,ite,2,17,586,1163.3243408203125,586,1151.829833984375,83.954984821584,77.73229274519278,2
me_seed0,me,0,leg1_weak,ite,2,18,586,1164.7423095703125,586,1151.829833984375,83.954984821584,77.73229274519278,2
me_seed0,me,0,leg1_weak,ite,2,19,586,1152.4912109375,586,1151.829833984375,83.954984821584,77.73229274519278,2
me_seed0,me,0,leg1_weak,ite,2,20,586,1168.2216796875,586,1151.829833984375,83.954984821584,77.73229274519278,2
me_seed0,me,0,leg1_weak,ite,3,1,285,1067.115234375,285,1070.557861328125,10.689663292927216,9.8973519940383,2
me_seed0,me,0,leg1_weak,ite,3,2,586,1150.8294677734375,586,1151.829833984375,83.954984821584,77.73229274519278,2
me_seed0,me,0,leg1_weak,ite,3,3,586,1154.587646484375,586,1151.829833984375,83.954984821584,77.73229274519278,2
me_seed0,me,0,leg1_weak,ite,3,4,586,1137.461181640625,586,1151.829833984375,83.954984821584,77.73229274519278,2
me_seed0,me,0,leg1_weak,ite,3,5,586,1164.14501953125,586,1151.829833984375,83.954984821584,77.73229274519278,2
me_seed0,me,0,leg1_weak,ite,3,6,586,1101.0472412109375,586,1151.829833984375,83.954984821584,77.73229274519278,2
me_seed0,me,0,leg1_weak,ite,3,7,586,1152.806396484375,586,1151.829833984375,83.954984821584,77.73229274519278,2
me_seed0,me,0,leg1_weak,ite,3,8,586,1159.073486328125,586,1151.829833984375,83.954984821584,77.73229274519278,2
me_seed0,me,0,leg1_weak,ite,3,9,586,1151.8564453125,586,1151.829833984375,83.954984821584,77.73229274519278,2
me_seed0,me,0,leg1_weak,ite,3,10,586,1122.84814453125,586,1151.829833984375,83.954984821584,77.73229274519278,2
me_seed0,me,0,leg1_weak,ite,3,11,586,1158.38916015625,586,1151.829833984375,83.954984821584,77.73229274519278,2
me_seed0,me,0,leg1_weak,ite,3,12,586,1131.738525390625,586,1151.829833984375,83.954984821584,77.73229274519278,2
me_seed0,me,0,leg1_weak,ite,3,13,586,1165.066650390625,586,1151.829833984375,83.954984821584,77.73229274519278,2
me_seed0,me,0,leg1_weak,ite,3,14,586,1162.781982421875,586,1151.829833984375,83.954984821584,77.73229274519278,2
me_seed0,me,0,leg1_weak,ite,3,15,586,1171.831787109375,586,1151.829833984375,83.954984821584,77.73229274519278,2
me_seed0,me,0,leg1_weak,ite,3,16,586,1086.7833251953125,586,1151.829833984375,83.954984821584,77.73229274519278,2
me_seed0,me,0,leg1_weak,ite,3,17,586,1158.2744140625,586,1151.829833984375,83.954984821584,77.73229274519278,2
me_seed0,me,0,leg1_weak,ite,3,18,586,1116.616455078125,586,1151.829833984375,83.954984821584,77.73229274519278,2
me_seed0,me,0,leg1_weak,ite,3,19,586,1162.08349609375,586,1151.829833984375,83.954984821584,77.73229274519278,2
me_seed0,me,0,leg1_weak,ite,3,20,586,1160.32373046875,586,1151.829833984375,83.954984821584,77.73229274519278,2
me_seed0,me,0,leg1_weak,ite,4,1,285,1082.835693359375,285,1070.557861328125,10.689663292927216,9.8973519940383,2
me_seed0,me,0,leg1_weak,ite,4,2,586,1144.7894287109375,586,1151.829833984375,83.954984821584,77.73229274519278,2
me_seed0,me,0,leg1_weak,ite,4,3,586,1149.79248046875,586,1151.829833984375,83.954984821584,77.73229274519278,2
me_seed0,me,0,leg1_weak,ite,4,4,586,1124.974609375,586,1151.829833984375,83.954984821584,77.73229274519278,2
me_seed0,me,0,leg1_weak,ite,4,5,586,1157.9024658203125,586,1151.829833984375,83.954984821584,77.73229274519278,2
me_seed0,me,0,leg1_weak,ite,4,6,586,1137.637939453125,586,1151.829833984375,83.954984821584,77.73229274519278,2
me_seed0,me,0,leg1_weak,ite,4,7,586,1158.252685546875,586,1151.829833984375,83.954984821584,77.73229274519278,2
me_seed0,me,0,leg1_weak,ite,4,8,586,1150.846435546875,586,1151.829833984375,83.954984821584,77.73229274519278,2
me_seed0,me,0,leg1_weak,ite,4,9,586,1138.6102294921875,586,1151.829833984375,83.954984821584,77.73229274519278,2
me_seed0,me,0,leg1_weak,ite,4,10,586,1126.478759765625,586,1151.829833984375,83.954984821584,77.73229274519278,2
me_seed0,me,0,leg1_weak,ite,4,11,586,1111.40234375,586,1151.829833984375,83.954984821584,77.73229274519278,2
me_seed0,me,0,leg1_weak,ite,4,12,586,1158.8841552734375,586,1151.829833984375,83.954984821584,77.73229274519278,2
me_seed0,me,0,leg1_weak,ite,4,13,586,1152.039306640625,586,1151.829833984375,83.954984821584,77.73229274519278,2
me_seed0,me,0,leg1_weak,ite,4,14,586,1145.4891357421875,586,1151.829833984375,83.954984821584,77.73229274519278,2
me_seed0,me,0,leg1_weak,ite,4,15,586,1129.080322265625,586,1151.829833984375,83.954984821584,77.73229274519278,2
me_seed0,me,0,leg1_weak,ite,4,16,586,1163.1890869140625,586,1151.829833984375,83.954984821584,77.73229274519278,2
me_seed0,me,0,leg1_weak,ite,4,17,586,1150.672119140625,586,1151.829833984375,83.954984821584,77.73229274519278,2
me_seed0,me,0,leg1_weak,ite,4,18,586,1152.0521240234375,586,1151.829833984375,83.954984821584,77.73229274519278,2
me_seed0,me,0,leg1_weak,ite,4,19,586,1156.02490234375,586,1151.829833984375,83.954984821584,77.73229274519278,2
me_seed0,me,0,leg1_weak,ite,4,20,586,1138.487060546875,586,1151.829833984375,83.954984821584,77.73229274519278,2
me_seed0,me,0,leg1_weak,top_k,0,1,285,1094.29931640625,285,1070.557861328125,10.689663292927216,9.8973519940383,
me_seed0,me,0,leg1_weak,top_k,0,2,911,1166.9444580078125,911,1060.9847412109375,2.0596559177554603,1.9069954820857227,
me_seed0,me,0,leg1_weak,top_k,0,3,166,1067.9061279296875,911,1060.9847412109375,2.0596559177554603,1.9069954820857227,
me_seed0,me,0,leg1_weak,top_k,0,4,228,1063.722900390625,911,1060.9847412109375,2.0596559177554603,1.9069954820857227,
me_seed0,me,0,leg1_weak,top_k,0,5,458,1069.89453125,911,1060.9847412109375,2.0596559177554603,1.9069954820857227,
me_seed0,me,0,leg1_weak,top_k,0,6,515,1068.131103515625,911,1060.9847412109375,2.0596559177554603,1.9069954820857227,
me_seed0,me,0,leg1_weak,top_k,0,7,761,1068.249267578125,911,1060.9847412109375,2.0596559177554603,1.9069954820857227,
me_seed0,me,0,leg1_weak,top_k,0,8,12,1061.701171875,911,1060.9847412109375,2.0596559177554603,1.9069954820857227,
me_seed0,me,0,leg1_weak,top_k,0,9,411,1138.1807861328125,911,1060.9847412109375,2.0596559177554603,1.9069954820857227,
me_seed0,me,0,leg1_weak,top_k,0,10,612,1151.95556640625,911,1060.9847412109375,2.0596559177554603,1.9069954820857227,
me_seed0,me,0,leg1_weak,top_k,0,11,173,1075.4500732421875,911,1060.9847412109375,2.0596559177554603,1.9069954820857227,
me_seed0,me,0,leg1_weak,top_k,0,12,697,1058.3533935546875,911,1060.9847412109375,2.0596559177554603,1.9069954820857227,
me_seed0,me,0,leg1_weak,top_k,0,13,689,1066.563232421875,911,1060.9847412109375,2.0596559177554603,1.9069954820857227,
me_seed0,me,0,leg1_weak,top_k,0,14,198,1065.330322265625,911,1060.9847412109375,2.0596559177554603,1.9069954820857227,
me_seed0,me,0,leg1_weak,top_k,0,15,960,1073.52978515625,911,1060.9847412109375,2.0596559177554603,1.9069954820857227,
me_seed0,me,0,leg1_weak,top_k,0,16,864,1078.39404296875,911,1060.9847412109375,2.0596559177554603,1.9069954820857227,
me_seed0,me,0,leg1_weak,top_k,0,17,682,1176.265625,682,1093.85791015625,31.694266887899783,29.34510722990579,
me_seed0,me,0,leg1_weak,top_k,0,18,691,1074.0968017578125,682,1093.85791015625,31.694266887899783,29.34510722990579,
me_seed0,me,0,leg1_weak,top_k,0,19,957,1077.0897216796875,682,1093.85791015625,31.694266887899783,29.34510722990579,
me_seed0,me,0,leg1_weak,top_k,0,20,321,1089.293212890625,682,1093.85791015625,31.694266887899783,29.34510722990579,
me_seed0,me,0,leg1_weak,top_k,1,1,285,1144.6259765625,285,1070.557861328125,10.689663292927216,9.8973519940383,
me_seed0,me,0,leg1_weak,top_k,1,2,911,1074.4639892578125,285,1070.557861328125,10.689663292927216,9.8973519940383,
me_seed0,me,0,leg1_weak,top_k,1,3,166,1114.980712890625,285,1070.557861328125,10.689663292927216,9.8973519940383,
me_seed0,me,0,leg1_weak,top_k,1,4,228,1070.09765625,285,1070.557861328125,10.689663292927216,9.8973519940383,
me_seed0,me,0,leg1_weak,top_k,1,5,458,1069.730224609375,285,1070.557861328125,10.689663292927216,9.8973519940383,
me_seed0,me,0,leg1_weak,top_k,1,6,515,1084.950927734375,285,1070.557861328125,10.689663292927216,9.8973519940383,
me_seed0,me,0,leg1_weak,top_k,1,7,761,1124.11962890625,285,1070.557861328125,10.689663292927216,9.8973519940383,
me_seed0,me,0,leg1_weak,top_k,1,8,12,1057.476806640625,285,1070.557861328125,10.689663292927216,9.8973519940383,
me_seed0,me,0,leg1_weak,top_k,1,9,411,1077.7691650390625,285,1070.557861328125,10.689663292927216,9.8973519940383,
me_seed0,me,0,leg1_weak,top_k,1,10,612,1156.51123046875,612,1125.2276611328125,59.97357175100133,55.52836732959702,
me_seed0,me,0,leg1_weak,top_k,1,11,173,1073.31298828125,612,1125.2276611328125,59.97357175100133,55.52836732959702,
me_seed0,me,0,leg1_weak,top_k,1,12,697,1073.5693359375,612,1125.2276611328125,59.97357175100133,55.52836732959702,
me_seed0,me,0,leg1_weak,top_k,1,13,689,1101.55615234375,612,1125.2276611328125,59.97357175100133,55.52836732959702,
me_seed0,me,0,leg1_weak,top_k,1,14,198,1084.82568359375,612,1125.2276611328125,59.97357175100133,55.52836732959702,
me_seed0,me,0,leg1_weak,top_k,1,15,960,1123.57470703125,612,1125.2276611328125,59.97357175100133,55.52836732959702,
me_seed0,me,0,leg1_weak,top_k,1,16,864,1074.7845458984375,612,1125.2276611328125,59.97357175100133,55.52836732959702,
me_seed0,me,0,leg1_weak,top_k,1,17,682,1181.781494140625,682,1093.85791015625,31.694266887899783,29.34510722990579,
me_seed0,me,0,leg1_weak,top_k,1,18,691,1067.796875,682,1093.85791015625,31.694266887899783,29.34510722990579,
me_seed0,me,0,leg1_weak,top_k,1,19,957,1083.694580078125,682,1093.85791015625,31.694266887899783,29.34510722990579,
me_seed0,me,0,leg1_weak,top_k,1,20,321,1064.83642578125,682,1093.85791015625,31.694266887899783,29.34510722990579,
me_seed0,me,0,leg1_weak,top_k,2,1,285,1067.82275390625,285,1070.557861328125,10.689663292927216,9.8973519940383,
me_seed0,me,0,leg1_weak,top_k,2,2,911,1057.28125,285,1070.557861328125,10.689663292927216,9.8973519940383,
me_seed0,me,0,leg1_weak,top_k,2,3,166,1069.4830322265625,166,1088.7576904296875,27.09650426542868,25.08812795818843,
me_seed0,me,0,leg1_weak,top_k,2,4,228,1069.23193359375,166,1088.7576904296875,27.09650426542868,25.08812795818843,
me_seed0,me,0,leg1_weak,top_k,2,5,458,1069.574951171875,458,1100.07373046875,37.29772474520881,34.5332402213576,
me_seed0,me,0,leg1_weak,top_k,2,6,515,1091.466064453125,515,1081.17822265625,20.26374107182745,18.761804989370003,
me_seed0,me,0,leg1_weak,top_k,2,7,761,1118.7529296875,761,1113.009521484375,48.959123589259036,45.33030332238172,
me_seed0,me,0,leg1_weak,top_k,2,8,12,1068.77685546875,761,1113.009521484375,48.959123589259036,45.33030332238172,
me_seed0,me,0,leg1_weak,top_k,2,9,411,1132.349609375,411,1121.92236328125,56.99390112251829,52.76954806389512,
me_seed0,me,0,leg1_weak,top_k,2,10,612,1145.83740234375,612,1125.2276611328125,59.97357175100133,55.52836732959702,
me_seed0,me,0,leg1_weak,top_k,2,11,173,1078.9615478515625,612,1125.2276611328125,59.97357175100133,55.52836732959702,
me_seed0,me,0,leg1_weak,top_k,2,12,697,1076.4786376953125,612,1125.2276611328125,59.97357175100133,55.52836732959702,
me_seed0,me,0,leg1_weak,top_k,2,13,689,1077.810546875,612,1125.2276611328125,59.97357175100133,55.52836732959702,
me_seed0,me,0,leg1_weak,top_k,2,14,198,1083.618408203125,612,1125.2276611328125,59.97357175100133,55.52836732959702,
me_seed0,me,0,leg1_weak,top_k,2,15,960,1073.59375,612,1125.2276611328125,59.97357175100133,55.52836732959702,
me_seed0,me,0,leg1_weak,top_k,2,16,864,1076.0111083984375,612,1125.2276611328125,59.97357175100133,55.52836732959702,
me_seed0,me,0,leg1_weak,top_k,2,17,682,1054.3544921875,612,1125.2276611328125,59.97357175100133,55.52836732959702,
me_seed0,me,0,leg1_weak,top_k,2,18,691,1059.965087890625,612,1125.2276611328125,59.97357175100133,55.52836732959702,
me_seed0,me,0,leg1_weak,top_k,2,19,957,1070.104736328125,612,1125.2276611328125,59.97357175100133,55.52836732959702,
me_seed0,me,0,leg1_weak,top_k,2,20,321,1064.214599609375,612,1125.2276611328125,59.97357175100133,55.52836732959702,
me_seed0,me,0,leg1_weak,top_k,3,1,285,1094.196533203125,285,1070.557861328125,10.689663292927216,9.8973519940383,
me_seed0,me,0,leg1_weak,top_k,3,2,911,1056.726806640625,285,1070.557861328125,10.689663292927216,9.8973519940383,
me_seed0,me,0,leg1_weak,top_k,3,3,166,1067.416259765625,285,1070.557861328125,10.689663292927216,9.8973519940383,
me_seed0,me,0,leg1_weak,top_k,3,4,228,1065.6865234375,285,1070.557861328125,10.689663292927216,9.8973519940383,
me_seed0,me,0,leg1_weak,top_k,3,5,458,1068.5384521484375,285,1070.557861328125,10.689663292927216,9.8973519940383,
me_seed0,me,0,leg1_weak,top_k,3,6,515,1161.360107421875,515,1081.17822265625,20.26374107182745,18.761804989370003,
me_seed0,me,0,leg1_weak,top_k,3,7,761,1083.5906982421875,515,1081.17822265625,20.26374107182745,18.761804989370003,
me_seed0,me,0,leg1_weak,top_k,3,8,12,1070.97265625,515,1081.17822265625,20.26374107182745,18.761804989370003,
me_seed0,me,0,leg1_weak,top_k,3,9,411,1152.610107421875,515,1081.17822265625,20.26374107182745,18.761804989370003,
me_seed0,me,0,leg1_weak,top_k,3,10,612,1142.21435546875,515,1081.17822265625,20.26374107182745,18.761804989370003,
me_seed0,me,0,leg1_weak,top_k,3,11,173,1075.16064453125,515,1081.17822265625,20.26374107182745,18.761804989370003,
me_seed0,me,0,leg1_weak,top_k,3,12,697,1077.217529296875,515,1081.17822265625,20.26374107182745,18.761804989370003,
me_seed0,me,0,leg1_weak,top_k,3,13,689,1096.4722900390625,515,1081.17822265625,20.26374107182745,18.761804989370003,
me_seed0,me,0,leg1_weak,top_k,3,14,198,1076.319091796875,515,1081.17822265625,20.26374107182745,18.761804989370003,
me_seed0,me,0,leg1_weak,top_k,3,15,960,1065.2275390625,515,1081.17822265625,20.26374107182745,18.761804989370003,
me_seed0,me,0,leg1_weak,top_k,3,16,864,1080.1416015625,515,1081.17822265625,20.26374107182745,18.761804989370003,
me_seed0,me,0,leg1_weak,top_k,3,17,682,1175.8681640625,682,1093.85791015625,31.694266887899783,29.34510722990579,
me_seed0,me,0,leg1_weak,top_k,3,18,691,1064.7646484375,682,1093.85791015625,31.694266887899783,29.34510722990579,
me_seed0,me,0,leg1_weak,top_k,3,19,957,1150.5899658203125,682,1093.85791015625,31.694266887899783,29.34510722990579,
me_seed0,me,0,leg1_weak,top_k,3,20,321,1059.3575439453125,682,1093.85791015625,31.694266887899783,29.34510722990579,
me_seed0,me,0,leg1_weak,top_k,4,1,285,1069.728759765625,285,1070.557861328125,10.689663292927216,9.8973519940383,
me_seed0,me,0,leg1_weak,top_k,4,2,911,1068.6337890625,285,1070.557861328125,10.689663292927216,9.8973519940383,
me_seed0,me,0,leg1_weak,top_k,4,3,166,1078.9937744140625,166,1088.7576904296875,27.09650426542868,25.08812795818843,
me_seed0,me,0,leg1_weak,top_k,4,4,228,1068.4273681640625,166,1088.7576904296875,27.09650426542868,25.08812795818843,
me_seed0,me,0,leg1_weak,top_k,4,5,458,1069.0107421875,166,1088.7576904296875,27.09650426542868,25.08812795818843,
me_seed0,me,0,leg1_weak,top_k,4,6,515,1077.7303466796875,166,1088.7576904296875,27.09650426542868,25.08812795818843,
me_seed0,me,0,leg1_weak,top_k,4,7,761,1077.2076416015625,166,1088.7576904296875,27.09650426542868,25.08812795818843,
me_seed0,me,0,leg1_weak,top_k,4,8,12,1064.849609375,166,1088.7576904296875,27.09650426542868,25.08812795818843,
me_seed0,me,0,leg1_weak,top_k,4,9,411,1105.603271484375,411,1121.92236328125,56.99390112251829,52.76954806389512,
me_seed0,me,0,leg1_weak,top_k,4,10,612,1146.363525390625,612,1125.2276611328125,59.97357175100133,55.52836732959702,
me_seed0,me,0,leg1_weak,top_k,4,11,173,1076.162353515625,612,1125.2276611328125,59.97357175100133,55.52836732959702,
me_seed0,me,0,leg1_weak,top_k,4,12,697,1062.561767578125,612,1125.2276611328125,59.97357175100133,55.52836732959702,
me_seed0,me,0,leg1_weak,top_k,4,13,689,1069.8035888671875,612,1125.2276611328125,59.97357175100133,55.52836732959702,
me_seed0,me,0,leg1_weak,top_k,4,14,198,1075.1123046875,612,1125.2276611328125,59.97357175100133,55.52836732959702,
me_seed0,me,0,leg1_weak,top_k,4,15,960,1055.45947265625,612,1125.2276611328125,59.97357175100133,55.52836732959702,
me_seed0,me,0,leg1_weak,top_k,4,16,864,1079.52197265625,612,1125.2276611328125,59.97357175100133,55.52836732959702,
me_seed0,me,0,leg1_weak,top_k,4,17,682,1158.7457275390625,682,1093.85791015625,31.694266887899783,29.34510722990579,
me_seed0,me,0,leg1_weak,top_k,4,18,691,1066.297119140625,682,1093.85791015625,31.694266887899783,29.34510722990579,
me_seed0,me,0,leg1_weak,top_k,4,19,957,1072.232177734375,682,1093.85791015625,31.694266887899783,29.34510722990579,
me_seed0,me,0,leg1_weak,top_k,4,20,321,1081.831298828125,682,1093.85791015625,31.694266887899783,29.34510722990579,
me_seed0,me,0,leg1_weak,best_intact,0,1,285,1075.3411865234375,285,1070.557861328125,10.689663292927216,9.8973519940383,
me_seed0,me,0,leg1_weak,best_intact,1,1,285,1175.51708984375,285,1070.557861328125,10.689663292927216,9.8973519940383,
me_seed0,me,0,leg1_weak,best_intact,2,1,285,1068.685302734375,285,1070.557861328125,10.689663292927216,9.8973519940383,
me_seed0,me,0,leg1_weak,best_intact,3,1,285,1140.763427734375,285,1070.557861328125,10.689663292927216,9.8973519940383,
me_seed0,me,0,leg1_weak,best_intact,4,1,285,1068.7064208984375,285,1070.557861328125,10.689663292927216,9.8973519940383,
me_seed0,me,0,leg2_weak,ite,0,1,285,1062.7301025390625,285,1060.4058837890625,2.6631088927323607,1.4238429556626182,11
me_seed0,me,0,leg2_weak,ite,0,2,586,1080.6029052734375,586,1081.078125,34.93519551113712,18.67825689327828,11
me_seed0,me,0,leg2_weak,ite,0,3,173,1062.422119140625,586,1081.078125,34.93519551113712,18.67825689327828,11
me_seed0,me,0,leg2_weak,ite,0,4,611,1059.7861328125,586,1081.078125,34.93519551113712,18.67825689327828,11
me_seed0,me,0,leg2_weak,ite,0,5,940,1060.6199951171875,586,1081.078125,34.93519551113712,18.67825689327828,11
me_seed0,me,0,leg2_weak,ite,0,6,277,1063.29345703125,586,1081.078125,34.93519551113712,18.67825689327828,11
me_seed0,me,0,leg2_weak,ite,0,7,411,1062.0001220703125,586,1081.078125,34.93519551113712,18.67825689327828,11
me_seed0,me,0,leg2_weak,ite,0,8,335,1061.8525390625,586,1081.078125,34.93519551113712,18.67825689327828,11
me_seed0,me,0,leg2_weak,ite,0,9,223,1066.7568359375,586,1081.078125,34.93519551113712,18.67825689327828,11
me_seed0,me,0,leg2_weak,ite,0,10,467,1061.342529296875,586,1081.078125,34.93519551113712,18.67825689327828,11
me_seed0,me,0,leg2_weak,ite,0,11,515,1059.4578857421875,586,1081.078125,34.93519551113712,18.67825689327828,11
me_seed0,me,0,leg2_weak,ite,0,12,586,1082.3433837890625,586,1081.078125,34.93519551113712,18.67825689327828,11
me_seed0,me,0,leg2_weak,ite,0,13,586,1069.392333984375,586,1081.078125,34.93519551113712,18.67825689327828,11
me_seed0,me,0,leg2_weak,ite,0,14,586,1093.4384765625,586,1081.078125,34.93519551113712,18.67825689327828,11
me_seed0,me,0,leg2_weak,ite,0,15,586,1080.15576171875,586,1081.078125,34.93519551113712,18.67825689327828,11
me_seed0,me,0,leg2_weak,ite,0,16,586,1082.0843505859375,586,1081.078125,34.93519551113712,18.67825689327828,11
me_seed0,me,0,leg2_weak,ite,0,17,586,1086.3125,586,1081.078125,34.93519551113712,18.67825689327828,11
me_seed0,me,0,leg2_weak,ite,0,18,586,1080.15771484375,586,1081.078125,34.93519551113712,18.67825689327828,11
me_seed0,me,0,leg2_weak,ite,0,19,586,1061.00244140625,586,1081.078125,34.93519551113712,18.67825689327828,11
me_seed0,me,0,leg2_weak,ite,0,20,586,1063.9307861328125,586,1081.078125,34.93519551113712,18.67825689327828,11
me_seed0,me,0,leg2_weak,ite,1,1,285,1059.265380859375,285,1060.4058837890625,2.6631088927323607,1.4238429556626182,9
me_seed0,me,0,leg2_weak,ite,1,2,586,1081.96337890625,586,1081.078125,34.93519551113712,18.67825689327828,9
me_seed0,me,0,leg2_weak,ite,1,3,173,1062.48974609375,586,1081.078125,34.93519551113712,18.67825689327828,9
me_seed0,me,0,leg2_weak,ite,1,4,611,1059.73193359375,586,1081.078125,34.93519551113712,18.67825689327828,9
me_seed0,me,0,leg2_weak,ite,1,5,940,1059.6710205078125,586,1081.078125,34.93519551113712,18.67825689327828,9
me_seed0,me,0,leg2_weak,ite,1,6,277,1056.5301513671875,586,1081.078125,34.93519551113712,18.67825689327828,9
me_seed0,me,0,leg2_weak,ite,1,7,411,1059.27001953125,586,1081.078125,34.93519551113712,18.67825689327828,9
me_seed0,me,0,leg2_weak,ite,1,8,335,1065.540771484375,586,1081.078125,34.93519551113712,18.67825689327828,9
me_seed0,me,0,leg2_weak,ite,1,9,223,1061.9072265625,586,1081.078125,34.93519551113712,18.67825689327828,9
me_seed0,me,0,leg2_weak,ite,1,10,467,1060.5126953125,586,1081.078125,34.93519551113712,18.67825689327828,9
me_seed0,me,0,leg2_weak,ite,1,11,515,1059.6307373046875,586,1081.078125,34.93519551113712,18.67825689327828,9
me_seed0,me,0,leg2_weak,ite,1,12,586,1061.7989501953125,586,1081.078125,34.93519551113712,18.67825689327828,9
me_seed0,me,0,leg2_weak,ite,1,13,677,1058.5250244140625,586,1081.078125,34.93519551113712,18.67825689327828,9
me_seed0,me,0,leg2_weak,ite,1,14,1010,1063.760498046875,586,1081.078125,34.93519551113712,18.67825689327828,9
me_seed0,me,0,leg2_weak,ite,1,15,173,1061.18896484375,586,1081.078125,34.93519551113712,18.67825689327828,9
me_seed0,me,0,leg2_weak,ite,1,16,586,1073.93505859375,586,1081.078125,34.93519551113712,18.67825689327828,9
me_seed0,me,0,leg2_weak,ite,1,17,586,1086.46044921875,586,1081.078125,34.93519551113712,18.67825689327828,9
me_seed0,me,0,leg2_weak,ite,1,18,586,1079.055908203125,586,1081.078125,34.93519551113712,18.67825689327828,9
me_seed0,me,0,leg2_weak,ite,1,19,586,1082.38525390625,586,1081.078125,34.93519551113712,18.67825689327828,9
me_seed0,me,0,leg2_weak,ite,1,20,586,1092.902587890625,586,1081.078125,34.93519551113712,18.67825689327828,9
me_seed0,me,0,leg2_weak,ite,2,1,285,1060.2022705078125,285,1060.4058837890625,2.6631088927323607,1.4238429556626182,11
me_seed0,me,0,leg2_weak,ite,2,2,586,1079.793701171875,586,1081.078125,34.93519551113712,18.67825689327828,11
me_seed0,me,0,leg2_weak,ite,2,3,173,1060.3948974609375,586,1081.078125,34.93519551113712,18.67825689327828,11
me_seed0,me,0,leg2_weak,ite,2,4,611,1058.5283203125,586,1081.078125,34.93519551113712,18.67825689327828,11
me_seed0,me,0,leg2_weak,ite,2,5,940,1060.0048828125,586,1081.078125,34.93519551113712,18.67825689327828,11
me_seed0,me,0,leg2_weak,ite,2,6,277,1064.295166015625,586,1081.078125,34.93519551113712,18.67825689327828,11
me_seed0,me,0,leg2_weak,ite,2,7,411,1060.7479248046875,586,1081.078125,34.93519551113712,18.67825689327828,11
me_seed0,me,0,leg2_weak,ite,2,8,335,1067.0223388671875,586,1081.078125,34.93519551113712,18.67825689327828,11
me_seed0,me,0,leg2_weak,ite,2,9,223,1053.9931640625,586,1081.078125,34.93519551113712,18.67825689327828,11
me_seed0,me,0,leg2_weak,ite,2,10,467,1058.9462890625,586,1081.078125,34.93519551113712,18.67825689327828,11
me_seed0,me,0,leg2_weak,ite,2,11,515,1059.5594482421875,586,1081.078125,34.93519551113712,18.67825689327828,11
me_seed0,me,0,leg2_weak,ite,2,12,586,1071.535400390625,586,1081.078125,34.93519551113712,18.67825689327828,11
me_seed0,me,0,leg2_weak,ite,2,13,677,1061.393798828125,586,1081.078125,34.93519551113712,18.67825689327828,11
me_seed0,me,0,leg2_weak,ite,2,14,277,1064.37939453125,586,1081.078125,34.93519551113712,18.67825689327828,11
me_seed0,me,0,leg2_weak,ite,2,15,586,1069.5146484375,586,1081.078125,34.93519551113712,18.67825689327828,11
me_seed0,me,0,leg2_weak,ite,2,16,1010,1070.482421875,586,1081.078125,34.93519551113712,18.67825689327828,11
me_seed0,me,0,leg2_weak,ite,2,17,586,1079.175537109375,586,1081.078125,34.93519551113712,18.67825689327828,11
me_seed0,me,0,leg2_weak,ite,2,18,586,1093.5711669921875,586,1081.078125,34.93519551113712,18.67825689327828,11
me_seed0,me,0,leg2_weak,ite,2,19,586,1062.560302734375,586,1081.078125,34.93519551113712,18.67825689327828,11
me_seed0,me,0,leg2_weak,ite,2,20,586,1076.905029296875,586,1081.078125,34.93519551113712,18.67825689327828,11
me_seed0,me,0,leg2_weak,ite,3,1,285,1060.597412109375,285,1060.4058837890625,2.6631088927323607,1.4238429556626182,11
me_seed0,me,0,leg2_weak,ite,3,2,586,1076.9703369140625,586,1081.078125,34.93519551113712,18.67825689327828,11
me_seed0,me,0,leg2_weak,ite,3,3,173,1061.6241455078125,586,1081.078125,34.93519551113712,18.67825689327828,11
me_seed0,me,0,leg2_weak,ite,3,4,611,1062.003662109375,586,1081.078125,34.93519551113712,18.67825689327828,11
me_seed0,me,0,leg2_weak,ite,3,5,940,1058.75732421875,586,1081.078125,34.93519551113712,18.67825689327828,11
me_seed0,me,0,leg2_weak,ite,3,6,277,1064.2952880859375,586,1081.078125,34.93519551113712,18.67825689327828,11
me_seed0,me,0,leg2_weak,ite,3,7,411,1063.181884765625,586,1081.078125,34.93519551113712,18.67825689327828,11
me_seed0,me,0,leg2_weak,ite,3,8,335,1060.6943359375,586,1081.078125,34.93519551113712,18.67825689327828,11
me_seed0,me,0,leg2_weak,ite,3,9,223,1064.2080078125,586,1081.078125,34.93519551113712,18.67825689327828,11
me_seed0,me,0,leg2_weak,ite,3,10,515,1061.3292236328125,586,1081.078125,34.93519551113712,18.67825689327828,11
me_seed0,me,0,leg2_weak,ite,3,11,467,1061.3994140625,586,1081.078125,34.93519551113712,18.67825689327828,11
me_seed0,me,0,leg2_weak,ite,3,12,586,1072.9462890625,586,1081.078125,34.93519551113712,18.67825689327828,11
me_seed0,me,0,leg2_weak,ite,3,13,277,1055.27099609375,586,1081.078125,34.93519551113712,18.67825689327828,11
me_seed0,me,0,leg2_weak,ite,3,14,586,1064.5098876953125,586,1081.078125,34.93519551113712,18.67825689327828,11
me_seed0,me,0,leg2_weak,ite,3,15,173,1062.654052734375,586,1081.078125,34.93519551113712,18.67825689327828,11
me_seed0,me,0,leg2_weak,ite,3,16,677,1061.49658203125,586,1081.078125,34.93519551113712,18.67825689327828,11
me_seed0,me,0,leg2_weak,ite,3,17,411,1059.2236328125,586,1081.078125,34.93519551113712,18.67825689327828,11
me_seed0,me,0,leg2_weak,ite,3,18,1010,1063.55078125,586,1081.078125,34.93519551113712,18.67825689327828,11
me_seed0,me,0,leg2_weak,ite,3,19,611,1060.2506103515625,586,1081.078125,34.93519551113712,18.67825689327828,11
me_seed0,me,0,leg2_weak,ite,3,20,586,1074.075927734375,586,1081.078125,34.93519551113712,18.67825689327828,11
me_seed0,me,0,leg2_weak,ite,4,1,285,1059.3427734375,285,1060.4058837890625,2.6631088927323607,1.4238429556626182,9
me_seed0,me,0,leg2_weak,ite,4,2,586,1083.09716796875,586,1081.078125,34.93519551113712,18.67825689327828,9
me_seed0,me,0,leg2_weak,ite,4,3,173,1059.784912109375,586,1081.078125,34.93519551113712,18.67825689327828,9
me_seed0,me,0,leg2_weak,ite,4,4,611,1061.1470947265625,586,1081.078125,34.93519551113712,18.67825689327828,9
me_seed0,me,0,leg2_weak,ite,4,5,940,1059.2869873046875,586,1081.078125,34.93519551113712,18.67825689327828,9
me_seed0,me,0,leg2_weak,ite,4,6,277,1054.11474609375,586,1081.078125,34.93519551113712,18.67825689327828,9
me_seed0,me,0,leg2_weak,ite,4,7,411,1058.160400390625,586,1081.078125,34.93519551113712,18.67825689327828,9
me_seed0,me,0,leg2_weak,ite,4,8,335,1058.97216796875,586,1081.078125,34.93519551113712,18.67825689327828,9
me_seed0,me,0,leg2_weak,ite,4,9,223,1059.285888671875,586,1081.078125,34.93519551113712,18.67825689327828,9
me_seed0,me,0,leg2_weak,ite,4,10,467,1059.19384765625,586,1081.078125,34.93519551113712,18.67825689327828,9
me_seed0,me,0,leg2_weak,ite,4,11,515,1060.1630859375,586,1081.078125,34.93519551113712,18.67825689327828,9
me_seed0,me,0,leg2_weak,ite,4,12,586,1075.47998046875,586,1081.078125,34.93519551113712,18.67825689327828,9
me_seed0,me,0,leg2_weak,ite,4,13,586,1084.47705078125,586,1081.078125,34.93519551113712,18.67825689327828,9
me_seed0,me,0,leg2_weak,ite,4,14,586,1093.6180419921875,586,1081.078125,34.93519551113712,18.67825689327828,9
me_seed0,me,0,leg2_weak,ite,4,15,586,1080.01171875,586,1081.078125,34.93519551113712,18.67825689327828,9
me_seed0,me,0,leg2_weak,ite,4,16,586,1083.72509765625,586,1081.078125,34.93519551113712,18.67825689327828,9
me_seed0,me,0,leg2_weak,ite,4,17,586,1067.93701171875,586,1081.078125,34.93519551113712,18.67825689327828,9
me_seed0,me,0,leg2_weak,ite,4,18,586,1070.94677734375,586,1081.078125,34.93519551113712,18.67825689327828,9
me_seed0,me,0,leg2_weak,ite,4,19,586,1090.440185546875,586,1081.078125,34.93519551113712,18.67825689327828,9
me_seed0,me,0,leg2_weak,ite,4,20,586,1074.06982421875,586,1081.078125,34.93519551113712,18.67825689327828,9
me_seed0,me,0,leg2_weak,top_k,0,1,285,1056.795166015625,285,1060.4058837890625,2.6631088927323607,1.4238429556626182,
me_seed0,me,0,leg2_weak,top_k,0,2,911,1061.2557373046875,911,1060.33349609375,2.550102182458698,1.3634234178792144,
me_seed0,me,0,leg2_weak,top_k,0,3,166,1058.1629638671875,911,1060.33349609375,2.550102182458698,1.3634234178792144,
me_seed0,me,0,leg2_weak,top_k,0,4,228,1060.22119140625,911,1060.33349609375,2.550102182458698,1.3634234178792144,
me_seed0,me,0,leg2_weak,top_k,0,5,458,1061.91015625,458,1059.351806640625,1.0175558687642652,0.5440407486479605,
me_seed0,me,0,leg2_weak,top_k,0,6,515,1059.3408203125,458,1059.351806640625,1.0175558687642652,0.5440407486479605,
me_seed0,me,0,leg2_weak,top_k,0,7,761,1057.875244140625,458,1059.351806640625,1.0175558687642652,0.5440407486479605,
me_seed0,me,0,leg2_weak,top_k,0,8,12,1058.852294921875,458,1059.351806640625,1.0175558687642652,0.5440407486479605,
me_seed0,me,0,leg2_weak,top_k,0,9,411,1061.9315185546875,411,1060.17578125,2.3038885742401938,1.2317842225737208,
me_seed0,me,0,leg2_weak,top_k,0,10,612,1065.265625,612,1061.9569091796875,5.084463463958605,2.718430893396057,
me_seed0,me,0,leg2_weak,top_k,0,11,173,1062.928466796875,612,1061.9569091796875,5.084463463958605,2.718430893396057,
me_seed0,me,0,leg2_weak,top_k,0,12,697,1069.1904296875,697,1062.39599609375,5.769935870121111,3.0849217490569396,
me_seed0,me,0,leg2_weak,top_k,0,13,689,1060.3331298828125,697,1062.39599609375,5.769935870121111,3.0849217490569396,
me_seed0,me,0,leg2_weak,top_k,0,14,198,1060.899169921875,697,1062.39599609375,5.769935870121111,3.0849217490569396,
me_seed0,me,0,leg2_weak,top_k,0,15,960,1059.5826416015625,697,1062.39599609375,5.769935870121111,3.0849217490569396,
me_seed0,me,0,leg2_weak,top_k,0,16,864,1060.92236328125,697,1062.39599609375,5.769935870121111,3.0849217490569396,
me_seed0,me,0,leg2_weak,top_k,0,17,682,1058.4521484375,697,1062.39599609375,5.769935870121111,3.0849217490569396,
me_seed0,me,0,leg2_weak,top_k,0,18,691,1060.1201171875,697,1062.39599609375,5.769935870121111,3.0849217490569396,
me_seed0,me,0,leg2_weak,top_k,0,19,957,1057.485595703125,697,1062.39599609375,5.769935870121111,3.0849217490569396,
me_seed0,me,0,leg2_weak,top_k,0,20,321,1057.740478515625,697,1062.39599609375,5.769935870121111,3.0849217490569396,
me_seed0,me,0,leg2_weak,top_k,1,1,285,1061.750244140625,285,1060.4058837890625,2.6631088927323607,1.4238429556626182,
me_seed0,me,0,leg2_weak,top_k,1,2,911,1063.522705078125,911,1060.33349609375,2.550102182458698,1.3634234178792144,
me_seed0,me,0,leg2_weak,top_k,1,3,166,1059.66796875,911,1060.33349609375,2.550102182458698,1.3634234178792144,
me_seed0,me,0,leg2_weak,top_k,1,4,228,1062.955078125,911,1060.33349609375,2.550102182458698,1.3634234178792144,
me_seed0,me,0,leg2_weak,top_k,1,5,458,1058.59375,911,1060.33349609375,2.550102182458698,1.3634234178792144,
me_seed0,me,0,leg2_weak,top_k,1,6,515,1061.6058349609375,911,1060.33349609375,2.550102182458698,1.3634234178792144,
me_seed0,me,0,leg2_weak,top_k,1,7,761,1058.7972412109375,911,1060.33349609375,2.550102182458698,1.3634234178792144,
me_seed0,me,0,leg2_weak,top_k,1,8,12,1054.02294921875,911,1060.33349609375,2.550102182458698,1.3634234178792144,
me_seed0,me,0,leg2_weak,top_k,1,9,411,1057.220947265625,911,1060.33349609375,2.550102182458698,1.3634234178792144,
me_seed0,me,0,leg2_weak,top_k,1,10,612,1061.9752197265625,911,1060.33349609375,2.550102182458698,1.3634234178792144,
me_seed0,me,0,leg2_weak,top_k,1,11,173,1060.5859375,911,1060.33349609375,2.550102182458698,1.3634234178792144,
me_seed0,me,0,leg2_weak,top_k,1,12,697,1060.3753662109375,911,1060.33349609375,2.550102182458698,1.3634234178792144,
me_seed0,me,0,leg2_weak,top_k,1,13,689,1056.013427734375,911,1060.33349609375,2.550102182458698,1.3634234178792144,
me_seed0,me,0,leg2_weak,top_k,1,14,198,1059.5146484375,911,1060.33349609375,2.550102182458698,1.3634234178792144,
me_seed0,me,0,leg2_weak,top_k,1,15,960,1060.914794921875,911,1060.33349609375,2.550102182458698,1.3634234178792144,
me_seed0,me,0,leg2_weak,top_k,1,16,864,1061.374755859375,911,1060.33349609375,2.550102182458698,1.3634234178792144,
me_seed0,me,0,leg2_weak,top_k,1,17,682,1059.0843505859375,911,1060.33349609375,2.550102182458698,1.3634234178792144,
me_seed0,me,0,leg2_weak,top_k,1,18,691,1060.244140625,911,1060.33349609375,2.550102182458698,1.3634234178792144,
me_seed0,me,0,leg2_weak,top_k,1,19,957,1057.844970703125,911,1060.33349609375,2.550102182458698,1.3634234178792144,
me_seed0,me,0,leg2_weak,top_k,1,20,321,1054.468017578125,911,1060.33349609375,2.550102182458698,1.3634234178792144,
me_seed0,me,0,leg2_weak,top_k,2,1,285,1061.307373046875,285,1060.4058837890625,2.6631088927323607,1.4238429556626182,
me_seed0,me,0,leg2_weak,top_k,2,2,911,1064.46630859375,911,1060.33349609375,2.550102182458698,1.3634234178792144,
me_seed0,me,0,leg2_weak,top_k,2,3,166,1059.852783203125,911,1060.33349609375,2.550102182458698,1.3634234178792144,
me_seed0,me,0,leg2_weak,top_k,2,4,228,1060.276123046875,911,1060.33349609375,2.550102182458698,1.3634234178792144,
me_seed0,me,0,leg2_weak,top_k,2,5,458,1058.7486572265625,911,1060.33349609375,2.550102182458698,1.3634234178792144,
me_seed0,me,0,leg2_weak,top_k,2,6,515,1059.6524658203125,911,1060.33349609375,2.550102182458698,1.3634234178792144,
me_seed0,me,0,leg2_weak,top_k,2,7,761,1060.34912109375,911,1060.33349609375,2.550102182458698,1.3634234178792144,
me_seed0,me,0,leg2_weak,top_k,2,8,12,1055.8095703125,911,1060.33349609375,2.550102182458698,1.3634234178792144,
me_seed0,me,0,leg2_weak,top_k,2,9,411,1061.9705810546875,911,1060.33349609375,2.550102182458698,1.3634234178792144,
me_seed0,me,0,leg2_weak,top_k,2,10,612,1057.8740234375,911,1060.33349609375,2.550102182458698,1.3634234178792144,
me_seed0,me,0,leg2_weak,top_k,2,11,173,1061.7935791015625,911,1060.33349609375,2.550102182458698,1.3634234178792144,
me_seed0,me,0,leg2_weak,top_k,2,12,697,1061.37060546875,911,1060.33349609375,2.550102182458698,1.3634234178792144,
me_seed0,me,0,leg2_weak,top_k,2,13,689,1061.9521484375,911,1060.33349609375,2.550102182458698,1.3634234178792144,
me_seed0,me,0,leg2_weak,top_k,2,14,198,1058.9344482421875,911,1060.33349609375,2.550102182458698,1.3634234178792144,
me_seed0,me,0,leg2_weak,top_k,2,15,960,1059.558349609375,911,1060.33349609375,2.550102182458698,1.3634234178792144,
me_seed0,me,0,leg2_weak,top_k,2,16,864,1058.12939453125,911,1060.33349609375,2.550102182458698,1.3634234178792144,
me_seed0,me,0,leg2_weak,top_k,2,17,682,1057.410400390625,911,1060.33349609375,2.550102182458698,1.3634234178792144,
me_seed0,me,0,leg2_weak,top_k,2,18,691,1058.570068359375,911,1060.33349609375,2.550102182458698,1.3634234178792144,
me_seed0,me,0,leg2_weak,top_k,2,19,957,1059.047119140625,911,1060.33349609375,2.550102182458698,1.3634234178792144,
me_seed0,me,0,leg2_weak,top_k,2,20,321,1059.238525390625,911,1060.33349609375,2.550102182458698,1.3634234178792144,
me_seed0,me,0,leg2_weak,top_k,3,1,285,1062.2542724609375,285,1060.4058837890625,2.6631088927323607,1.4238429556626182,
me_seed0,me,0,leg2_weak,top_k,3,2,911,1060.33154296875,285,1060.4058837890625,2.6631088927323607,1.4238429556626182,
me_seed0,me,0,leg2_weak,top_k,3,3,166,1056.76953125,285,1060.4058837890625,2.6631088927323607,1.4238429556626182,
me_seed0,me,0,leg2_weak,top_k,3,4,228,1061.87353515625,285,1060.4058837890625,2.6631088927323607,1.4238429556626182,
me_seed0,me,0,leg2_weak,top_k,3,5,458,1059.8424072265625,285,1060.4058837890625,2.6631088927323607,1.4238429556626182,
me_seed0,me,0,leg2_weak,top_k,3,6,515,1060.3753662109375,285,1060.4058837890625,2.6631088927323607,1.4238429556626182,
me_seed0,me,0,leg2_weak,top_k,3,7,761,1056.7581787109375,285,1060.4058837890625,2.6631088927323607,1.4238429556626182,
me_seed0,me,0,leg2_weak,top_k,3,8,12,1058.3958740234375,285,1060.4058837890625,2.6631088927323607,1.4238429556626182,
me_seed0,me,0,leg2_weak,top_k,3,9,411,1057.92626953125,285,1060.4058837890625,2.6631088927323607,1.4238429556626182,
me_seed0,me,0,leg2_weak,top_k,3,10,612,1064.081298828125,612,1061.9569091796875,5.084463463958605,2.718430893396057,
me_seed0,me,0,leg2_weak,top_k,3,11,173,1062.7655029296875,612,1061.9569091796875,5.084463463958605,2.718430893396057,
me_seed0,me,0,leg2_weak,top_k,3,12,697,1060.3995361328125,612,1061.9569091796875,5.084463463958605,2.718430893396057,
me_seed0,me,0,leg2_weak,top_k,3,13,689,1059.351318359375,612,1061.9569091796875,5.084463463958605,2.718430893396057,
me_seed0,me,0,leg2_weak,top_k,3,14,198,1058.5421142578125,612,1061.9569091796875,5.084463463958605,2.718430893396057,
me_seed0,me,0,leg2_weak,top_k,3,15,960,1057.454345703125,612,1061.9569091796875,5.084463463958605,2.718430893396057,
me_seed0,me,0,leg2_weak,top_k,3,16,864,1058.634033203125,612,1061.9569091796875,5.084463463958605,2.718430893396057,
me_seed0,me,0,leg2_weak,top_k,3,17,682,1059.3236083984375,612,1061.9569091796875,5.084463463958605,2.718430893396057,
me_seed0,me,0,leg2_weak,top_k,3,18,691,1060.31201171875,612,1061.9569091796875,5.084463463958605,2.718430893396057,
me_seed0,me,0,leg2_weak,top_k,3,19,957,1057.9368896484375,612,1061.9569091796875,5.084463463958605,2.718430893396057,
me_seed0,me,0,leg2_weak,top_k,3,20,321,1054.49072265625,612,1061.9569091796875,5.084463463958605,2.718430893396057,
me_seed0,me,0,leg2_weak,top_k,4,1,285,1062.3935546875,285,1060.4058837890625,2.6631088927323607,1.4238429556626182,
me_seed0,me,0,leg2_weak,top_k,4,2,911,1058.02099609375,285,1060.4058837890625,2.6631088927323607,1.4238429556626182,
me_seed0,me,0,leg2_weak,top_k,4,3,166,1060.19091796875,285,1060.4058837890625,2.6631088927323607,1.4238429556626182,
me_seed0,me,0,leg2_weak,top_k,4,4,228,1064.55859375,228,1063.050048828125,6.790998186556671,3.6308372354708984,
me_seed0,me,0,leg2_weak,top_k,4,5,458,1057.28857421875,228,1063.050048828125,6.790998186556671,3.6308372354708984,
me_seed0,me,0,leg2_weak,top_k,4,6,515,1060.212158203125,228,1063.050048828125,6.790998186556671,3.6308372354708984,
me_seed0,me,0,leg2_weak,top_k,4,7,761,1059.8565673828125,228,1063.050048828125,6.790998186556671,3.6308372354708984,
me_seed0,me,0,leg2_weak,top_k,4,8,12,1054.4464111328125,228,1063.050048828125,6.790998186556671,3.6308372354708984,
me_seed0,me,0,leg2_weak,top_k,4,9,411,1063.16748046875,228,1063.050048828125,6.790998186556671,3.6308372354708984,
me_seed0,me,0,leg2_weak,top_k,4,10,612,1067.245361328125,612,1061.9569091796875,5.084463463958605,2.718430893396057,
me_seed0,me,0,leg2_weak,top_k,4,11,173,1061.321044921875,612,1061.9569091796875,5.084463463958605,2.718430893396057,
me_seed0,me,0,leg2_weak,top_k,4,12,697,1063.3089599609375,612,1061.9569091796875,5.084463463958605,2.718430893396057,
me_seed0,me,0,leg2_weak,top_k,4,13,689,1057.5616455078125,612,1061.9569091796875,5.084463463958605,2.718430893396057,
me_seed0,me,0,leg2_weak,top_k,4,14,198,1058.831298828125,612,1061.9569091796875,5.084463463958605,2.718430893396057,
me_seed0,me,0,leg2_weak,top_k,4,15,960,1060.5615234375,612,1061.9569091796875,5.084463463958605,2.718430893396057,
me_seed0,me,0,leg2_weak,top_k,4,16,864,1060.151123046875,612,1061.9569091796875,5.084463463958605,2.718430893396057,
me_seed0,me,0,leg2_weak,top_k,4,17,682,1055.4244384765625,612,1061.9569091796875,5.084463463958605,2.718430893396057,
me_seed0,me,0,leg2_weak,top_k,4,18,691,1058.0594482421875,612,1061.9569091796875,5.084463463958605,2.718430893396057,
me_seed0,me,0,leg2_weak,top_k,4,19,957,1062.5516357421875,612,1061.9569091796875,5.084463463958605,2.718430893396057,
me_seed0,me,0,leg2_weak,top_k,4,20,321,1058.437255859375,612,1061.9569091796875,5.084463463958605,2.718430893396057,
me_seed0,me,0,leg2_weak,best_intact,0,1,285,1061.553466796875,285,1060.4058837890625,2.6631088927323607,1.4238429556626182,
me_seed0,me,0,leg2_weak,best_intact,1,1,285,1057.2520751953125,285,1060.4058837890625,2.6631088927323607,1.4238429556626182,
me_seed0,me,0,leg2_weak,best_intact,2,1,285,1059.4024658203125,285,1060.4058837890625,2.6631088927323607,1.4238429556626182,
me_seed0,me,0,leg2_weak,best_intact,3,1,285,1059.037841796875,285,1060.4058837890625,2.6631088927323607,1.4238429556626182,
me_seed0,me,0,leg2_weak,best_intact,4,1,285,1060.35791015625,285,1060.4058837890625,2.6631088927323607,1.4238429556626182,
me_seed0,me,0,leg3_weak,ite,0,1,285,1059.7147216796875,285,1064.0360107421875,6.3215488507641595,4.45378598197436,3
me_seed0,me,0,leg3_weak,ite,0,2,586,1111.040771484375,586,1096.84375,45.18873567287588,31.83728580356862,3
me_seed0,me,0,leg3_weak,ite,0,3,611,1114.5166015625,611,1065.8837890625,8.510603836146357,5.996063458243135,3
me_seed0,me,0,leg3_weak,ite,0,4,277,1133.0826416015625,277,1116.18212890625,68.09882953455573,47.978370416801056,3
me_seed0,me,0,leg3_weak,ite,0,5,277,1152.666015625,277,1116.18212890625,68.09882953455573,47.978370416801056,3
me_seed0,me,0,leg3_weak,ite,0,6,277,1138.1414794921875,277,1116.18212890625,68.09882953455573,47.978370416801056,3
me_seed0,me,0,leg3_weak,ite,0,7,277,1151.9730224609375,277,1116.18212890625,68.09882953455573,47.978370416801056,3
me_seed0,me,0,leg3_weak,ite,0,8,277,1132.1810302734375,277,1116.18212890625,68.09882953455573,47.978370416801056,3
me_seed0,me,0,leg3_weak,ite,0,9,277,1129.963134765625,277,1116.18212890625,68.09882953455573,47.978370416801056,3
me_seed0,me,0,leg3_weak,ite,0,10,277,1121.930419921875,277,1116.18212890625,68.09882953455573,47.978370416801056,3
me_seed0,me,0,leg3_weak,ite,0,11,277,1051.6673583984375,277,1116.18212890625,68.09882953455573,47.978370416801056,3
me_seed0,me,0,leg3_weak,ite,0,12,277,1134.396484375,277,1116.18212890625,68.09882953455573,47.978370416801056,3
me_seed0,me,0,leg3_weak,ite,0,13,277,1137.777099609375,277,1116.18212890625,68.09882953455573,47.978370416801056,3
me_seed0,me,0,leg3_weak,ite,0,14,277,1068.6668701171875,277,1116.18212890625,68.09882953455573,47.978370416801056,3
me_seed0,me,0,leg3_weak,ite,0,15,277,1141.3797607421875,277,1116.18212890625,68.09882953455573,47.978370416801056,3
me_seed0,me,0,leg3_weak,ite,0,16,277,1105.20556640625,277,1116.18212890625,68.09882953455573,47.978370416801056,3
me_seed0,me,0,leg3_weak,ite,0,17,277,1110.046142578125,277,1116.18212890625,68.09882953455573,47.978370416801056,3
me_seed0,me,0,leg3_weak,ite,0,18,277,1143.2557373046875,277,1116.18212890625,68.09882953455573,47.978370416801056,3
me_seed0,me,0,leg3_weak,ite,0,19,277,1070.712890625,277,1116.18212890625,68.09882953455573,47.978370416801056,3
me_seed0,me,0,leg3_weak,ite,0,20,277,1114.3544921875,277,1116.18212890625,68.09882953455573,47.978370416801056,3
me_seed0,me,0,leg3_weak,ite,1,1,285,1059.5126953125,285,1064.0360107421875,6.3215488507641595,4.45378598197436,6
me_seed0,me,0,leg3_weak,ite,1,2,586,1088.2801513671875,586,1096.84375,45.18873567287588,31.83728580356862,6
me_seed0,me,0,leg3_weak,ite,1,3,611,1052.96337890625,586,1096.84375,45.18873567287588,31.83728580356862,6
me_seed0,me,0,leg3_weak,ite,1,4,173,1067.0245361328125,586,1096.84375,45.18873567287588,31.83728580356862,6
me_seed0,me,0,leg3_weak,ite,1,5,940,1063.3682861328125,586,1096.84375,45.18873567287588,31.83728580356862,6
me_seed0,me,0,leg3_weak,ite,1,6,277,1127.6104736328125,277,1116.18212890625,68.09882953455573,47.978370416801056,6
me_seed0,me,0,leg3_weak,ite,1,7,277,1137.417724609375,277,1116.18212890625,68.09882953455573,47.978370416801056,6
me_seed0,me,0,leg3_weak,ite,1,8,277,1139.501708984375,277,1116.18212890625,68.09882953455573,47.978370416801056,6
me_seed0,me,0,leg3_weak,ite,1,9,277,1132.341064453125,277,1116.18212890625,68.09882953455573,47.978370416801056,6
me_seed0,me,0,leg3_weak,ite,1,10,277,1142.196044921875,277,1116.18212890625,68.09882953455573,47.978370416801056,6
me_seed0,me,0,leg3_weak,ite,1,11,277,1125.265625,277,1116.18212890625,68.09882953455573,47.978370416801056,6
me_seed0,me,0,leg3_weak,ite,1,12,277,1052.076416015625,277,1116.18212890625,68.09882953455573,47.978370416801056,6
me_seed0,me,0,leg3_weak,ite,1,13,277,1151.580078125,277,1116.18212890625,68.09882953455573,47.978370416801056,6
me_seed0,me,0,leg3_weak,ite,1,14,277,1140.1380615234375,277,1116.18212890625,68.09882953455573,47.978370416801056,6
me_seed0,me,0,leg3_weak,ite,1,15,277,1135.546142578125,277,1116.18212890625,68.09882953455573,47.978370416801056,6
me_seed0,me,0,leg3_weak,ite,1,16,277,1111.244384765625,277,1116.18212890625,68.09882953455573,47.978370416801056,6
me_seed0,me,0,leg3_weak,ite,1,17,277,1111.40869140625,277,1116.18212890625,68.09882953455573,47.978370416801056,6
me_seed0,me,0,leg3_weak,ite,1,18,277,1124.158935546875,277,1116.18212890625,68.09882953455573,47.978370416801056,6
me_seed0,me,0,leg3_weak,ite,1,19,277,1133.892578125,277,1116.18212890625,68.09882953455573,47.978370416801056,6
me_seed0,me,0,leg3_weak,ite,1,20,277,1080.299560546875,277,1116.18212890625,68.09882953455573,47.978370416801056,6
me_seed0,me,0,leg3_weak,ite,2,1,285,1061.698974609375,285,1064.0360107421875,6.3215488507641595,4.45378598197436,6
me_seed0,me,0,leg3_weak,ite,2,2,586,1100.90478515625,586,1096.84375,45.18873567287588,31.83728580356862,6
me_seed0,me,0,leg3_weak,ite,2,3,611,1102.3436279296875,611,1065.8837890625,8.510603836146357,5.996063458243135,6
me_seed0,me,0,leg3_weak,ite,2,4,277,1048.8636474609375,611,1065.8837890625,8.510603836146357,5.996063458243135,6
me_seed0,me,0,leg3_weak,ite,2,5,173,1067.9248046875,611,1065.8837890625,8.510603836146357,5.996063458243135,6
me_seed0,me,0,leg3_weak,ite,2,6,940,1059.572509765625,611,1065.8837890625,8.510603836146357,5.996063458243135,6
me_seed0,me,0,leg3_weak,ite,2,7,611,1054.28955078125,611,1065.8837890625,8.510603836146357,5.996063458243135,6
me_seed0,me,0,leg3_weak,ite,2,8,411,1064.55712890625,611,1065.8837890625,8.510603836146357,5.996063458243135,6
me_seed0,me,0,leg3_weak,ite,2,9,677,1065.261474609375,611,1065.8837890625,8.510603836146357,5.996063458243135,6
me_seed0,me,0,leg3_weak,ite,2,10,223,1083.863037109375,611,1065.8837890625,8.510603836146357,5.996063458243135,6
me_seed0,me,0,leg3_weak,ite,2,11,586,1086.1337890625,611,1065.8837890625,8.510603836146357,5.996063458243135,6
me_seed0,me,0,leg3_weak,ite,2,12,515,1066.707275390625,611,1065.8837890625,8.510603836146357,5.996063458243135,6
me_seed0,me,0,leg3_weak,ite,2,13,586,1058.7103271484375,611,1065.8837890625,8.510603836146357,5.996063458243135,6
me_seed0,me,0,leg3_weak,ite,2,14,467,1060.8419189453125,611,1065.8837890625,8.510603836146357,5.996063458243135,6
me_seed0,me,0,leg3_weak,ite,2,15,223,1066.20361328125,611,1065.8837890625,8.510603836146357,5.996063458243135,6
me_seed0,me,0,leg3_weak,ite,2,16,611,1054.1435546875,611,1065.8837890625,8.510603836146357,5.996063458243135,6
me_seed0,me,0,leg3_weak,ite,2,17,1010,1054.984375,611,1065.8837890625,8.510603836146357,5.996063458243135,6
me_seed0,me,0,leg3_weak,ite,2,18,586,1095.029052734375,611,1065.8837890625,8.510603836146357,5.996063458243135,6
me_seed0,me,0,leg3_weak,ite,2,19,586,1080.30517578125,611,1065.8837890625,8.510603836146357,5.996063458243135,6
me_seed0,me,0,leg3_weak,ite,2,20,586,1095.430419921875,611,1065.8837890625,8.510603836146357,5.996063458243135,6
me_seed0,me,0,leg3_weak,ite,3,1,285,1059.2640380859375,285,1064.0360107421875,6.3215488507641595,4.45378598197436,5
me_seed0,me,0,leg3_weak,ite,3,2,586,1091.3885498046875,586,1096.84375,45.18873567287588,31.83728580356862,5
me_seed0,me,0,leg3_weak,ite,3,3,611,1100.496337890625,611,1065.8837890625,8.510603836146357,5.996063458243135,5
me_seed0,me,0,leg3_weak,ite,3,4,173,1064.953369140625,611,1065.8837890625,8.510603836146357,5.996063458243135,5
me_seed0,me,0,leg3_weak,ite,3,5,277,1107.7425537109375,277,1116.18212890625,68.09882953455573,47.978370416801056,5
me_seed0,me,0,leg3_weak,ite,3,6,277,1126.1396484375,277,1116.18212890625,68.09882953455573,47.978370416801056,5
me_seed0,me,0,leg3_weak,ite,3,7,277,1140.3818359375,277,1116.18212890625,68.09882953455573,47.978370416801056,5
me_seed0,me,0,leg3_weak,ite,3,8,277,1137.6611328125,277,1116.18212890625,68.09882953455573,47.978370416801056,5
me_seed0,me,0,leg3_weak,ite,3,9,277,1077.7025146484375,277,1116.18212890625,68.09882953455573,47.978370416801056,5
me_seed0,me,0,leg3_weak,ite,3,10,277,1106.9254150390625,277,1116.18212890625,68.09882953455573,47.978370416801056,5
me_seed0,me,0,leg3_weak,ite,3,11,277,1156.357666015625,277,1116.18212890625,68.09882953455573,47.978370416801056,5
me_seed0,me,0,leg3_weak,ite,3,12,277,1123.143310546875,277,1116.18212890625,68.09882953455573,47.978370416801056,5
me_seed0,me,0,leg3_weak,ite,3,13,277,1121.409423828125,277,1116.18212890625,68.09882953455573,47.978370416801056,5
me_seed0,me,0,leg3_weak,ite,3,14,277,1108.707275390625,277,1116.18212890625,68.09882953455573,47.978370416801056,5
me_seed0,me,0,leg3_weak,ite,3,15,277,1147.963623046875,277,1116.18212890625,68.09882953455573,47.978370416801056,5
me_seed0,me,0,leg3_weak,ite,3,16,277,1052.425048828125,277,1116.18212890625,68.09882953455573,47.978370416801056,5
me_seed0,me,0,leg3_weak,ite,3,17,277,1052.701416015625,277,1116.18212890625,68.09882953455573,47.978370416801056,5
me_seed0,me,0,leg3_weak,ite,3,18,277,1124.92578125,277,1116.18212890625,68.09882953455573,47.978370416801056,5
me_seed0,me,0,leg3_weak,ite,3,19,277,1074.0789794921875,277,1116.18212890625,68.09882953455573,47.978370416801056,5
me_seed0,me,0,leg3_weak,ite,3,20,277,1077.2889404296875,277,1116.18212890625,68.09882953455573,47.978370416801056,5
me_seed0,me,0,leg3_weak,ite,4,1,285,1059.57373046875,285,1064.0360107421875,6.3215488507641595,4.45378598197436,6
me_seed0,me,0,leg3_weak,ite,4,2,586,1077.620361328125,586,1096.84375,45.18873567287588,31.83728580356862,6
me_seed0,me,0,leg3_weak,ite,4,3,173,1065.9107666015625,586,1096.84375,45.18873567287588,31.83728580356862,6
me_seed0,me,0,leg3_weak,ite,4,4,611,1054.9208984375,586,1096.84375,45.18873567287588,31.83728580356862,6
me_seed0,me,0,leg3_weak,ite,4,5,940,1060.5330810546875,586,1096.84375,45.18873567287588,31.83728580356862,6
me_seed0,me,0,leg3_weak,ite,4,6,277,1110.932861328125,277,1116.18212890625,68.09882953455573,47.978370416801056,6
me_seed0,me,0,leg3_weak,ite,4,7,277,1122.4862060546875,277,1116.18212890625,68.09882953455573,47.978370416801056,6
me_seed0,me,0,leg3_weak,ite,4,8,277,1101.674072265625,277,1116.18212890625,68.09882953455573,47.978370416801056,6
me_seed0,me,0,leg3_weak,ite,4,9,277,1110.7470703125,277,1116.18212890625,68.09882953455573,47.978370416801056,6
me_seed0,me,0,leg3_weak,ite,4,10,277,1129.9288330078125,277,1116.18212890625,68.09882953455573,47.978370416801056,6
me_seed0,me,0,leg3_weak,ite,4,11,277,1137.746337890625,277,1116.18212890625,68.09882953455573,47.978370416801056,6
me_seed0,me,0,leg3_weak,ite,4,12,277,1071.2535400390625,277,1116.18212890625,68.09882953455573,47.978370416801056,6
me_seed0,me,0,leg3_weak,ite,4,13,277,1118.482421875,277,1116.18212890625,68.09882953455573,47.978370416801056,6
me_seed0,me,0,leg3_weak,ite,4,14,277,1125.5682373046875,277,1116.18212890625,68.09882953455573,47.978370416801056,6
me_seed0,me,0,leg3_weak,ite,4,15,277,1108.476806640625,277,1116.18212890625,68.09882953455573,47.978370416801056,6
me_seed0,me,0,leg3_weak,ite,4,16,277,1135.07373046875,277,1116.18212890625,68.09882953455573,47.978370416801056,6
me_seed0,me,0,leg3_weak,ite,4,17,277,1137.57568359375,277,1116.18212890625,68.09882953455573,47.978370416801056,6
me_seed0,me,0,leg3_weak,ite,4,18,277,1142.27294921875,277,1116.18212890625,68.09882953455573,47.978370416801056,6
me_seed0,me,0,leg3_weak,ite,4,19,277,1109.1505126953125,277,1116.18212890625,68.09882953455573,47.978370416801056,6
me_seed0,me,0,leg3_weak,ite,4,20,277,1126.334228515625,277,1116.18212890625,68.09882953455573,47.978370416801056,6
me_seed0,me,0,leg3_weak,top_k,0,1,285,1058.4244384765625,285,1064.0360107421875,6.3215488507641595,4.45378598197436,
me_seed0,me,0,leg3_weak,top_k,0,2,911,1068.859619140625,911,1056.950439453125,-2.0726968139322612,-1.4602984541768627,
me_seed0,me,0,leg3_weak,top_k,0,3,166,1056.4755859375,911,1056.950439453125,-2.0726968139322612,-1.4602984541768627,
me_seed0,me,0,leg3_weak,top_k,0,4,228,1057.1346435546875,911,1056.950439453125,-2.0726968139322612,-1.4602984541768627,
me_seed0,me,0,leg3_weak,top_k,0,5,458,1065.8204345703125,911,1056.950439453125,-2.0726968139322612,-1.4602984541768627,
me_seed0,me,0,leg3_weak,top_k,0,6,515,1065.2825927734375,911,1056.950439453125,-2.0726968139322612,-1.4602984541768627,
me_seed0,me,0,leg3_weak,top_k,0,7,761,1070.18603515625,761,1069.075439453125,12.291738251671427,8.660025068504309,
me_seed0,me,0,leg3_weak,top_k,0,8,12,1056.908203125,761,1069.075439453125,12.291738251671427,8.660025068504309,
me_seed0,me,0,leg3_weak,top_k,0,9,411,1076.55810546875,411,1068.1046142578125,11.141605841104958,7.84971042433667,
me_seed0,me,0,leg3_weak,top_k,0,10,612,1061.464111328125,411,1068.1046142578125,11.141605841104958,7.84971042433667,
me_seed0,me,0,leg3_weak,top_k,0,11,173,1063.85595703125,411,1068.1046142578125,11.141605841104958,7.84971042433667,
me_seed0,me,0,leg3_weak,top_k,0,12,697,1068.716552734375,411,1068.1046142578125,11.141605841104958,7.84971042433667,
me_seed0,me,0,leg3_weak,top_k,0,13,689,1076.7119140625,689,1065.6075439453125,8.183337440432549,5.765491090614395,
me_seed0,me,0,leg3_weak,top_k,0,14,198,1064.056640625,689,1065.6075439453125,8.183337440432549,5.765491090614395,
me_seed0,me,0,leg3_weak,top_k,0,15,960,1066.81884765625,689,1065.6075439453125,8.183337440432549,5.765491090614395,
me_seed0,me,0,leg3_weak,top_k,0,16,864,1065.654052734375,689,1065.6075439453125,8.183337440432549,5.765491090614395,
me_seed0,me,0,leg3_weak,top_k,0,17,682,1065.3250732421875,689,1065.6075439453125,8.183337440432549,5.765491090614395,
me_seed0,me,0,leg3_weak,top_k,0,18,691,1057.376953125,689,1065.6075439453125,8.183337440432549,5.765491090614395,
me_seed0,me,0,leg3_weak,top_k,0,19,957,1072.7550048828125,689,1065.6075439453125,8.183337440432549,5.765491090614395,
me_seed0,me,0,leg3_weak,top_k,0,20,321,1057.433837890625,689,1065.6075439453125,8.183337440432549,5.765491090614395,
me_seed0,me,0,leg3_weak,top_k,1,1,285,1074.4014892578125,285,1064.0360107421875,6.3215488507641595,4.45378598197436,
me_seed0,me,0,leg3_weak,top_k,1,2,911,1059.7860107421875,285,1064.0360107421875,6.3215488507641595,4.45378598197436,
me_seed0,me,0,leg3_weak,top_k,1,3,166,1062.70361328125,285,1064.0360107421875,6.3215488507641595,4.45378598197436,
me_seed0,me,0,leg3_weak,top_k,1,4,228,1070.597900390625,285,1064.0360107421875,6.3215488507641595,4.45378598197436,
me_seed0,me,0,leg3_weak,top_k,1,5,458,1063.4993896484375,285,1064.0360107421875,6.3215488507641595,4.45378598197436,
me_seed0,me,0,leg3_weak,top_k,1,6,515,1067.4908447265625,285,1064.0360107421875,6.3215488507641595,4.45378598197436,
me_seed0,me,0,leg3_weak,top_k,1,7,761,1065.8121337890625,285,1064.0360107421875,6.3215488507641595,4.45378598197436,
me_seed0,me,0,leg3_weak,top_k,1,8,12,1056.353271484375,285,1064.0360107421875,6.3215488507641595,4.45378598197436,
me_seed0,me,0,leg3_weak,top_k,1,9,411,1067.98681640625,285,1064.0360107421875,6.3215488507641595,4.45378598197436,
me_seed0,me,0,leg3_weak,top_k,1,10,612,1074.5084228515625,612,1058.6568603515625,-0.051107354947141734,-0.03600719165712887,
me_seed0,me,0,leg3_weak,top_k,1,11,173,1066.569580078125,612,1058.6568603515625,-0.051107354947141734,-0.03600719165712887,
me_seed0,me,0,leg3_weak,top_k,1,12,697,1062.466064453125,612,1058.6568603515625,-0.051107354947141734,-0.03600719165712887,
me_seed0,me,0,leg3_weak,top_k,1,13,689,1056.521484375,612,1058.6568603515625,-0.051107354947141734,-0.03600719165712887,
me_seed0,me,0,leg3_weak,top_k,1,14,198,1063.781982421875,612,1058.6568603515625,-0.051107354947141734,-0.03600719165712887,
me_seed0,me,0,leg3_weak,top_k,1,15,960,1069.3590087890625,612,1058.6568603515625,-0.051107354947141734,-0.03600719165712887,
me_seed0,me,0,leg3_weak,top_k,1,16,864,1059.008544921875,612,1058.6568603515625,-0.051107354947141734,-0.03600719165712887,
me_seed0,me,0,leg3_weak,top_k,1,17,682,1053.82275390625,612,1058.6568603515625,-0.051107354947141734,-0.03600719165712887,
me_seed0,me,0,leg3_weak,top_k,1,18,691,1058.076416015625,612,1058.6568603515625,-0.051107354947141734,-0.03600719165712887,
me_seed0,me,0,leg3_weak,top_k,1,19,957,1069.7230224609375,612,1058.6568603515625,-0.051107354947141734,-0.03600719165712887,
me_seed0,me,0,leg3_weak,top_k,1,20,321,1064.0301513671875,612,1058.6568603515625,-0.051107354947141734,-0.03600719165712887,
me_seed0,me,0,leg3_weak,top_k,2,1,285,1070.8951416015625,285,1064.0360107421875,6.3215488507641595,4.45378598197436,
me_seed0,me,0,leg3_weak,top_k,2,2,911,1066.2398681640625,285,1064.0360107421875,6.3215488507641595,4.45378598197436,
me_seed0,me,0,leg3_weak,top_k,2,3,166,1057.121337890625,285,1064.0360107421875,6.3215488507641595,4.45378598197436,
me_seed0,me,0,leg3_weak,top_k,2,4,228,1057.2874755859375,285,1064.0360107421875,6.3215488507641595,4.45378598197436,
me_seed0,me,0,leg3_weak,top_k,2,5,458,1066.630859375,285,1064.0360107421875,6.3215488507641595,4.45378598197436,
me_seed0,me,0,leg3_weak,top_k,2,6,515,1065.7523193359375,285,1064.0360107421875,6.3215488507641595,4.45378598197436,
me_seed0,me,0,leg3_weak,top_k,2,7,761,1064.027099609375,285,1064.0360107421875,6.3215488507641595,4.45378598197436,
me_seed0,me,0,leg3_weak,top_k,2,8,12,1067.413330078125,285,1064.0360107421875,6.3215488507641595,4.45378598197436,
me_seed0,me,0,leg3_weak,top_k,2,9,411,1081.9599609375,411,1068.1046142578125,11.141605841104958,7.84971042433667,
me_seed0,me,0,leg3_weak,top_k,2,10,612,1066.60693359375,411,1068.1046142578125,11.141605841104958,7.84971042433667,
me_seed0,me,0,leg3_weak,top_k,2,11,173,1065.5584716796875,411,1068.1046142578125,11.141605841104958,7.84971042433667,
me_seed0,me,0,leg3_weak,top_k,2,12,697,1057.3076171875,411,1068.1046142578125,11.141605841104958,7.84971042433667,
me_seed0,me,0,leg3_weak,top_k,2,13,689,1071.8839111328125,411,1068.1046142578125,11.141605841104958,7.84971042433667,
me_seed0,me,0,leg3_weak,top_k,2,14,198,1064.35693359375,411,1068.1046142578125,11.141605841104958,7.84971042433667,
me_seed0,me,0,leg3_weak,top_k,2,15,960,1059.3017578125,411,1068.1046142578125,11.141605841104958,7.84971042433667,
me_seed0,me,0,leg3_weak,top_k,2,16,864,1057.219970703125,411,1068.1046142578125,11.141605841104958,7.84971042433667,
me_seed0,me,0,leg3_weak,top_k,2,17,682,1056.6986083984375,411,1068.1046142578125,11.141605841104958,7.84971042433667,
me_seed0,me,0,leg3_weak,top_k,2,18,691,1066.3787841796875,411,1068.1046142578125,11.141605841104958,7.84971042433667,
me_seed0,me,0,leg3_weak,top_k,2,19,957,1070.296875,411,1068.1046142578125,11.141605841104958,7.84971042433667,
me_seed0,me,0,leg3_weak,top_k,2,20,321,1068.4971923828125,411,1068.1046142578125,11.141605841104958,7.84971042433667,
me_seed0,me,0,leg3_weak,top_k,3,1,285,1061.8704833984375,285,1064.0360107421875,6.3215488507641595,4.45378598197436,
me_seed0,me,0,leg3_weak,top_k,3,2,911,1059.733642578125,285,1064.0360107421875,6.3215488507641595,4.45378598197436,
me_seed0,me,0,leg3_weak,top_k,3,3,166,1059.617431640625,285,1064.0360107421875,6.3215488507641595,4.45378598197436,
me_seed0,me,0,leg3_weak,top_k,3,4,228,1057.85546875,285,1064.0360107421875,6.3215488507641595,4.45378598197436,
me_seed0,me,0,leg3_weak,top_k,3,5,458,1066.280517578125,458,1065.7967529296875,8.407492505989952,5.923417369812163,
me_seed0,me,0,leg3_weak,top_k,3,6,515,1066.3612060546875,515,1065.956298828125,8.596505841914807,6.056584883948602,
me_seed0,me,0,leg3_weak,top_k,3,7,761,1068.881103515625,761,1069.075439453125,12.291738251671427,8.660025068504309,
me_seed0,me,0,leg3_weak,top_k,3,8,12,1059.891357421875,761,1069.075439453125,12.291738251671427,8.660025068504309,
me_seed0,me,0,leg3_weak,top_k,3,9,411,1077.322265625,411,1068.1046142578125,11.141605841104958,7.84971042433667,
me_seed0,me,0,leg3_weak,top_k,3,10,612,1057.3046875,411,1068.1046142578125,11.141605841104958,7.84971042433667,
me_seed0,me,0,leg3_weak,top_k,3,11,173,1064.773193359375,411,1068.1046142578125,11.141605841104958,7.84971042433667,
me_seed0,me,0,leg3_weak,top_k,3,12,697,1069.057861328125,411,1068.1046142578125,11.141605841104958,7.84971042433667,
me_seed0,me,0,leg3_weak,top_k,3,13,689,1057.8431396484375,411,1068.1046142578125,11.141605841104958,7.84971042433667,
me_seed0,me,0,leg3_weak,top_k,3,14,198,1064.6976318359375,411,1068.1046142578125,11.141605841104958,7.84971042433667,
me_seed0,me,0,leg3_weak,top_k,3,15,960,1067.99609375,411,1068.1046142578125,11.141605841104958,7.84971042433667,
me_seed0,me,0,leg3_weak,top_k,3,16,864,1067.63232421875,411,1068.1046142578125,11.141605841104958,7.84971042433667,
me_seed0,me,0,leg3_weak,top_k,3,17,682,1063.75146484375,411,1068.1046142578125,11.141605841104958,7.84971042433667,
me_seed0,me,0,leg3_weak,top_k,3,18,691,1057.353759765625,411,1068.1046142578125,11.141605841104958,7.84971042433667,
me_seed0,me,0,leg3_weak,top_k,3,19,957,1060.9947509765625,411,1068.1046142578125,11.141605841104958,7.84971042433667,
me_seed0,me,0,leg3_weak,top_k,3,20,321,1058.4814453125,411,1068.1046142578125,11.141605841104958,7.84971042433667,
me_seed0,me,0,leg3_weak,top_k,4,1,285,1060.337646484375,285,1064.0360107421875,6.3215488507641595,4.45378598197436,
me_seed0,me,0,leg3_weak,top_k,4,2,911,1059.73193359375,285,1064.0360107421875,6.3215488507641595,4.45378598197436,
me_seed0,me,0,leg3_weak,top_k,4,3,166,1057.9873046875,285,1064.0360107421875,6.3215488507641595,4.45378598197436,
me_seed0,me,0,leg3_weak,top_k,4,4,228,1057.51025390625,285,1064.0360107421875,6.3215488507641595,4.45378598197436,
me_seed0,me,0,leg3_weak,top_k,4,5,458,1066.878662109375,458,1065.7967529296875,8.407492505989952,5.923417369812163,
me_seed0,me,0,leg3_weak,top_k,4,6,515,1066.606689453125,458,1065.7967529296875,8.407492505989952,5.923417369812163,
me_seed0,me,0,leg3_weak,top_k,4,7,761,1061.411376953125,458,1065.7967529296875,8.407492505989952,5.923417369812163,
me_seed0,me,0,leg3_weak,top_k,4,8,12,1056.713134765625,458,1065.7967529296875,8.407492505989952,5.923417369812163,
me_seed0,me,0,leg3_weak,top_k,4,9,411,1076.5048828125,411,1068.1046142578125,11.141605841104958,7.84971042433667,
me_seed0,me,0,leg3_weak,top_k,4,10,612,1055.6265869140625,411,1068.1046142578125,11.141605841104958,7.84971042433667,
me_seed0,me,0,leg3_weak,top_k,4,11,173,1063.810302734375,411,1068.1046142578125,11.141605841104958,7.84971042433667,
me_seed0,me,0,leg3_weak,top_k,4,12,697,1057.2705078125,411,1068.1046142578125,11.141605841104958,7.84971042433667,
me_seed0,me,0,leg3_weak,top_k,4,13,689,1069.2060546875,411,1068.1046142578125,11.141605841104958,7.84971042433667,
me_seed0,me,0,leg3_weak,top_k,4,14,198,1064.90478515625,411,1068.1046142578125,11.141605841104958,7.84971042433667,
me_seed0,me,0,leg3_weak,top_k,4,15,960,1065.0242919921875,411,1068.1046142578125,11.141605841104958,7.84971042433667,
me_seed0,me,0,leg3_weak,top_k,4,16,864,1058.683837890625,411,1068.1046142578125,11.141605841104958,7.84971042433667,
me_seed0,me,0,leg3_weak,top_k,4,17,682,1060.6439208984375,411,1068.1046142578125,11.141605841104958,7.84971042433667,
me_seed0,me,0,leg3_weak,top_k,4,18,691,1066.48486328125,411,1068.1046142578125,11.141605841104958,7.84971042433667,
me_seed0,me,0,leg3_weak,top_k,4,19,957,1061.317138671875,411,1068.1046142578125,11.141605841104958,7.84971042433667,
me_seed0,me,0,leg3_weak,top_k,4,20,321,1070.4599609375,411,1068.1046142578125,11.141605841104958,7.84971042433667,
me_seed0,me,0,leg3_weak,best_intact,0,1,285,1060.7667236328125,285,1064.0360107421875,6.3215488507641595,4.45378598197436,
me_seed0,me,0,leg3_weak,best_intact,1,1,285,1059.76708984375,285,1064.0360107421875,6.3215488507641595,4.45378598197436,
me_seed0,me,0,leg3_weak,best_intact,2,1,285,1064.48876953125,285,1064.0360107421875,6.3215488507641595,4.45378598197436,
me_seed0,me,0,leg3_weak,best_intact,3,1,285,1065.61962890625,285,1064.0360107421875,6.3215488507641595,4.45378598197436,
me_seed0,me,0,leg3_weak,best_intact,4,1,285,1065.802978515625,285,1064.0360107421875,6.3215488507641595,4.45378598197436,
me_seed0,me,0,leg4_weak,ite,0,1,285,1084.376953125,285,1071.7965087890625,11.59423202988375,10.931208739212328,2
me_seed0,me,0,leg4_weak,ite,0,2,586,1126.235107421875,586,1117.89306640625,52.403137166413444,49.406431532437125,2
me_seed0,me,0,leg4_weak,ite,0,3,611,1139.582763671875,611,1123.730224609375,57.57072554375957,54.27850818964927,2
me_seed0,me,0,leg4_weak,ite,0,4,611,1051.352294921875,611,1123.730224609375,57.57072554375957,54.27850818964927,2
me_seed0,me,0,leg4_weak,ite,0,5,173,1082.0711669921875,611,1123.730224609375,57.57072554375957,54.27850818964927,2
me_seed0,me,0,leg4_weak,ite,0,6,586,1137.9404296875,611,1123.730224609375,57.57072554375957,54.27850818964927,2
me_seed0,me,0,leg4_weak,ite,0,7,586,1142.50341796875,586,1117.89306640625,52.403137166413444,49.406431532437125,2
me_seed0,me,0,leg4_weak,ite,0,8,586,1133.011474609375,586,1117.89306640625,52.403137166413444,49.406431532437125,2
me_seed0,me,0,leg4_weak,ite,0,9,586,1118.04150390625,586,1117.89306640625,52.403137166413444,49.406431532437125,2
me_seed0,me,0,leg4_weak,ite,0,10,586,1114.362060546875,586,1117.89306640625,52.403137166413444,49.406431532437125,2
me_seed0,me,0,leg4_weak,ite,0,11,586,1145.535888671875,586,1117.89306640625,52.403137166413444,49.406431532437125,2
me_seed0,me,0,leg4_weak,ite,0,12,586,1155.867919921875,586,1117.89306640625,52.403137166413444,49.406431532437125,2
me_seed0,me,0,leg4_weak,ite,0,13,586,1149.9176025390625,586,1117.89306640625,52.403137166413444,49.406431532437125,2
me_seed0,me,0,leg4_weak,ite,0,14,586,1140.4517822265625,586,1117.89306640625,52.403137166413444,49.406431532437125,2
me_seed0,me,0,leg4_weak,ite,0,15,586,1154.5367431640625,586,1117.89306640625,52.403137166413444,49.406431532437125,2
me_seed0,me,0,leg4_weak,ite,0,16,586,1147.9893798828125,586,1117.89306640625,52.403137166413444,49.406431532437125,2
me_seed0,me,0,leg4_weak,ite,0,17,586,1139.0518798828125,586,1117.89306640625,52.403137166413444,49.406431532437125,2
me_seed0,me,0,leg4_weak,ite,0,18,586,1146.9532470703125,586,1117.89306640625,52.403137166413444,49.406431532437125,2
me_seed0,me,0,leg4_weak,ite,0,19,586,1144.0830078125,586,1117.89306640625,52.403137166413444,49.406431532437125,2
me_seed0,me,0,leg4_weak,ite,0,20,586,1139.1591796875,586,1117.89306640625,52.403137166413444,49.406431532437125,2
me_seed0,me,0,leg4_weak,ite,1,1,285,1129.599609375,285,1071.7965087890625,11.59423202988375,10.931208739212328,3
me_seed0,me,0,leg4_weak,ite,1,2,586,1119.1192626953125,285,1071.7965087890625,11.59423202988375,10.931208739212328,3
me_seed0,me,0,leg4_weak,ite,1,3,515,1086.4146728515625,285,1071.7965087890625,11.59423202988375,10.931208739212328,3
me_seed0,me,0,leg4_weak,ite,1,4,411,1116.10400390625,285,1071.7965087890625,11.59423202988375,10.931208739212328,3
me_seed0,me,0,leg4_weak,ite,1,5,612,1117.01318359375,285,1071.7965087890625,11.59423202988375,10.931208739212328,3
me_seed0,me,0,leg4_weak,ite,1,6,586,1150.144287109375,586,1117.89306640625,52.403137166413444,49.406431532437125,3
me_seed0,me,0,leg4_weak,ite,1,7,586,1110.979736328125,586,1117.89306640625,52.403137166413444,49.406431532437125,3
me_seed0,me,0,leg4_weak,ite,1,8,586,1139.0963134765625,586,1117.89306640625,52.403137166413444,49.406431532437125,3
me_seed0,me,0,leg4_weak,ite,1,9,586,1131.1614990234375,586,1117.89306640625,52.403137166413444,49.406431532437125,3
me_seed0,me,0,leg4_weak,ite,1,10,586,1116.621826171875,586,1117.89306640625,52.403137166413444,49.406431532437125,3
me_seed0,me,0,leg4_weak,ite,1,11,586,1145.936279296875,586,1117.89306640625,52.403137166413444,49.406431532437125,3
me_seed0,me,0,leg4_weak,ite,1,12,586,1165.7667236328125,586,1117.89306640625,52.403137166413444,49.406431532437125,3
me_seed0,me,0,leg4_weak,ite,1,13,586,1134.72998046875,586,1117.89306640625,52.403137166413444,49.406431532437125,3
me_seed0,me,0,leg4_weak,ite,1,14,586,1156.790283203125,586,1117.89306640625,52.403137166413444,49.406431532437125,3
me_seed0,me,0,leg4_weak,ite,1,15,586,1139.6279296875,586,1117.89306640625,52.403137166413444,49.406431532437125,3
me_seed0,me,0,leg4_weak,ite,1,16,586,1137.2518310546875,586,1117.89306640625,52.403137166413444,49.406431532437125,3
me_seed0,me,0,leg4_weak,ite,1,17,586,1124.7752685546875,586,1117.89306640625,52.403137166413444,49.406431532437125,3
me_seed0,me,0,leg4_weak,ite,1,18,586,1150.5845947265625,586,1117.89306640625,52.403137166413444,49.406431532437125,3
me_seed0,me,0,leg4_weak,ite,1,19,586,1125.305908203125,586,1117.89306640625,52.403137166413444,49.406431532437125,3
me_seed0,me,0,leg4_weak,ite,1,20,586,1128.1539306640625,586,1117.89306640625,52.403137166413444,49.406431532437125,3
me_seed0,me,0,leg4_weak,ite,2,1,285,1056.60400390625,285,1071.7965087890625,11.59423202988375,10.931208739212328,2
me_seed0,me,0,leg4_weak,ite,2,2,586,1149.77783203125,586,1117.89306640625,52.403137166413444,49.406431532437125,2
me_seed0,me,0,leg4_weak,ite,2,3,586,1128.0191650390625,586,1117.89306640625,52.403137166413444,49.406431532437125,2
me_seed0,me,0,leg4_weak,ite,2,4,586,1141.191650390625,586,1117.89306640625,52.403137166413444,49.406431532437125,2
me_seed0,me,0,leg4_weak,ite,2,5,586,1136.7613525390625,586,1117.89306640625,52.403137166413444,49.406431532437125,2
me_seed0,me,0,leg4_weak,ite,2,6,586,1136.479736328125,586,1117.89306640625,52.403137166413444,49.406431532437125,2
me_seed0,me,0,leg4_weak,ite,2,7,586,1147.5894775390625,586,1117.89306640625,52.403137166413444,49.406431532437125,2
me_seed0,me,0,leg4_weak,ite,2,8,586,1146.486328125,586,1117.89306640625,52.403137166413444,49.406431532437125,2
me_seed0,me,0,leg4_weak,ite,2,9,586,1132.4644775390625,586,1117.89306640625,52.403137166413444,49.406431532437125,2
me_seed0,me,0,leg4_weak,ite,2,10,586,1125.888671875,586,1117.89306640625,52.403137166413444,49.406431532437125,2
me_seed0,me,0,leg4_weak,ite,2,11,586,1156.020751953125,586,1117.89306640625,52.403137166413444,49.406431532437125,2
me_seed0,me,0,leg4_weak,ite,2,12,586,1130.8846435546875,586,1117.89306640625,52.403137166413444,49.406431532437125,2
me_seed0,me,0,leg4_weak,ite,2,13,586,1142.377197265625,586,1117.89306640625,52.403137166413444,49.406431532437125,2
me_seed0,me,0,leg4_weak,ite,2,14,586,1132.53515625,586,1117.89306640625,52.403137166413444,49.406431532437125,2
me_seed0,me,0,leg4_weak,ite,2,15,586,1137.872802734375,586,1117.89306640625,52.403137166413444,49.406431532437125,2
me_seed0,me,0,leg4_weak,ite,2,16,586,1130.7484130859375,586,1117.89306640625,52.403137166413444,49.406431532437125,2
me_seed0,me,0,leg4_weak,ite,2,17,586,1156.2900390625,586,1117.89306640625,52.403137166413444,49.406431532437125,2
me_seed0,me,0,leg4_weak,ite,2,18,586,1124.2369384765625,586,1117.89306640625,52.403137166413444,49.406431532437125,2
me_seed0,me,0,leg4_weak,ite,2,19,586,1120.809814453125,586,1117.89306640625,52.403137166413444,49.406431532437125,2
me_seed0,me,0,leg4_weak,ite,2,20,586,1138.814208984375,586,1117.89306640625,52.403137166413444,49.406431532437125,2
me_seed0,me,0,leg4_weak,ite,3,1,285,1065.934814453125,285,1071.7965087890625,11.59423202988375,10.931208739212328,3
me_seed0,me,0,leg4_weak,ite,3,2,586,1105.7579345703125,586,1117.89306640625,52.403137166413444,49.406431532437125,3
me_seed0,me,0,leg4_weak,ite,3,3,611,1146.790283203125,611,1123.730224609375,57.57072554375957,54.27850818964927,3
me_seed0,me,0,leg4_weak,ite,3,4,611,1157.9052734375,611,1123.730224609375,57.57072554375957,54.27850818964927,3
me_seed0,me,0,leg4_weak,ite,3,5,611,1135.38671875,611,1123.730224609375,57.57072554375957,54.27850818964927,3
me_seed0,me,0,leg4_weak,ite,3,6,611,1137.540771484375,611,1123.730224609375,57.57072554375957,54.27850818964927,3
me_seed0,me,0,leg4_weak,ite,3,7,611,1124.204345703125,611,1123.730224609375,57.57072554375957,54.27850818964927,3
me_seed0,me,0,leg4_weak,ite,3,8,611,1152.1143798828125,611,1123.730224609375,57.57072554375957,54.27850818964927,3
me_seed0,me,0,leg4_weak,ite,3,9,611,1051.679931640625,611,1123.730224609375,57.57072554375957,54.27850818964927,3
me_seed0,me,0,leg4_weak,ite,3,10,611,1148.1348876953125,611,1123.730224609375,57.57072554375957,54.27850818964927,3
me_seed0,me,0,leg4_weak,ite,3,11,611,1139.54833984375,611,1123.730224609375,57.57072554375957,54.27850818964927,3
me_seed0,me,0,leg4_weak,ite,3,12,611,1109.9844970703125,611,1123.730224609375,57.57072554375957,54.27850818964927,3
me_seed0,me,0,leg4_weak,ite,3,13,611,1157.5653076171875,611,1123.730224609375,57.57072554375957,54.27850818964927,3
me_seed0,me,0,leg4_weak,ite,3,14,611,1054.885986328125,611,1123.730224609375,57.57072554375957,54.27850818964927,3
me_seed0,me,0,leg4_weak,ite,3,15,611,1141.4654541015625,611,1123.730224609375,57.57072554375957,54.27850818964927,3
me_seed0,me,0,leg4_weak,ite,3,16,611,1125.6669921875,611,1123.730224609375,57.57072554375957,54.27850818964927,3
me_seed0,me,0,leg4_weak,ite,3,17,611,1161.07958984375,611,1123.730224609375,57.57072554375957,54.27850818964927,3
me_seed0,me,0,leg4_weak,ite,3,18,611,1133.8255615234375,611,1123.730224609375,57.57072554375957,54.27850818964927,3
me_seed0,me,0,leg4_weak,ite,3,19,611,1136.927978515625,611,1123.730224609375,57.57072554375957,54.27850818964927,3
me_seed0,me,0,leg4_weak,ite,3,20,611,1151.4151611328125,611,1123.730224609375,57.57072554375957,54.27850818964927,3
me_seed0,me,0,leg4_weak,ite,4,1,285,1125.266357421875,285,1071.7965087890625,11.59423202988375,10.931208739212328,2
me_seed0,me,0,leg4_weak,ite,4,2,586,1146.726806640625,586,1117.89306640625,52.403137166413444,49.406431532437125,2
me_seed0,me,0,leg4_weak,ite,4,3,515,1085.3291015625,586,1117.89306640625,52.403137166413444,49.406431532437125,2
me_seed0,me,0,leg4_weak,ite,4,4,586,1123.5361328125,586,1117.89306640625,52.403137166413444,49.406431532437125,2
me_seed0,me,0,leg4_weak,ite,4,5,586,1143.701416015625,586,1117.89306640625,52.403137166413444,49.406431532437125,2
me_seed0,me,0,leg4_weak,ite,4,6,586,1117.637939453125,586,1117.89306640625,52.403137166413444,49.406431532437125,2
me_seed0,me,0,leg4_weak,ite,4,7,411,1133.281005859375,586,1117.89306640625,52.403137166413444,49.406431532437125,2
me_seed0,me,0,leg4_weak,ite,4,8,586,1133.665771484375,586,1117.89306640625,52.403137166413444,49.406431532437125,2
me_seed0,me,0,leg4_weak,ite,4,9,411,1101.1982421875,586,1117.89306640625,52.403137166413444,49.406431532437125,2
me_seed0,me,0,leg4_weak,ite,4,10,586,1145.9483642578125,586,1117.89306640625,52.403137166413444,49.406431532437125,2
me_seed0,me,0,leg4_weak,ite,4,11,586,1147.24658203125,586,1117.89306640625,52.403137166413444,49.406431532437125,2
me_seed0,me,0,leg4_weak,ite,4,12,586,1127.375732421875,586,1117.89306640625,52.403137166413444,49.406431532437125,2
me_seed0,me,0,leg4_weak,ite,4,13,586,1146.097412109375,586,1117.89306640625,52.403137166413444,49.406431532437125,2
me_seed0,me,0,leg4_weak,ite,4,14,586,1150.5650634765625,586,1117.89306640625,52.403137166413444,49.406431532437125,2
me_seed0,me,0,leg4_weak,ite,4,15,586,1104.052978515625,586,1117.89306640625,52.403137166413444,49.406431532437125,2
me_seed0,me,0,leg4_weak,ite,4,16,586,1156.628173828125,586,1117.89306640625,52.403137166413444,49.406431532437125,2
me_seed0,me,0,leg4_weak,ite,4,17,586,1132.447998046875,586,1117.89306640625,52.403137166413444,49.406431532437125,2
me_seed0,me,0,leg4_weak,ite,4,18,586,1121.93896484375,586,1117.89306640625,52.403137166413444,49.406431532437125,2
me_seed0,me,0,leg4_weak,ite,4,19,586,1138.7322998046875,586,1117.89306640625,52.403137166413444,49.406431532437125,2
me_seed0,me,0,leg4_weak,ite,4,20,586,1143.8621826171875,586,1117.89306640625,52.403137166413444,49.406431532437125,2
me_seed0,me,0,leg4_weak,top_k,0,1,285,1069.1217041015625,285,1071.7965087890625,11.59423202988375,10.931208739212328,
me_seed0,me,0,leg4_weak,top_k,0,2,911,1088.547119140625,911,1081.9967041015625,20.624381446652382,19.444963506802925,
me_seed0,me,0,leg4_weak,top_k,0,3,166,1105.2005615234375,166,1091.198486328125,28.77064393092041,27.125376959839624,
me_seed0,me,0,leg4_weak,top_k,0,4,228,1068.2794189453125,166,1091.198486328125,28.77064393092041,27.125376959839624,
me_seed0,me,0,leg4_weak,top_k,0,5,458,1072.53125,166,1091.198486328125,28.77064393092041,27.125376959839624,
me_seed0,me,0,leg4_weak,top_k,0,6,515,1098.513916015625,166,1091.198486328125,28.77064393092041,27.125376959839624,
me_seed0,me,0,leg4_weak,top_k,0,7,761,1084.3638916015625,166,1091.198486328125,28.77064393092041,27.125376959839624,
me_seed0,me,0,leg4_weak,top_k,0,8,12,1078.326171875,166,1091.198486328125,28.77064393092041,27.125376959839624,
me_seed0,me,0,leg4_weak,top_k,0,9,411,1102.9490966796875,166,1091.198486328125,28.77064393092041,27.125376959839624,
me_seed0,me,0,leg4_weak,top_k,0,10,612,1097.5750732421875,166,1091.198486328125,28.77064393092041,27.125376959839624,
me_seed0,me,0,leg4_weak,top_k,0,11,173,1091.6783447265625,166,1091.198486328125,28.77064393092041,27.125376959839624,
me_seed0,me,0,leg4_weak,top_k,0,12,697,1087.682861328125,166,1091.198486328125,28.77064393092041,27.125376959839624,
me_seed0,me,0,leg4_weak,top_k,0,13,689,1118.8372802734375,689,1099.9263916015625,36.497387027492216,34.41026149942747,
me_seed0,me,0,leg4_weak,top_k,0,14,198,1094.6070556640625,689,1099.9263916015625,36.497387027492216,34.41026149942747,
me_seed0,me,0,leg4_weak,top_k,0,15,960,1109.81396484375,689,1099.9263916015625,36.497387027492216,34.41026149942747,
me_seed0,me,0,leg4_weak,top_k,0,16,864,1089.439697265625,689,1099.9263916015625,36.497387027492216,34.41026149942747,
me_seed0,me,0,leg4_weak,top_k,0,17,682,1135.8564453125,682,1133.941162109375,66.6103849311921,62.80122909438142,
me_seed0,me,0,leg4_weak,top_k,0,18,691,1068.9459228515625,682,1133.941162109375,66.6103849311921,62.80122909438142,
me_seed0,me,0,leg4_weak,top_k,0,19,957,1115.304931640625,682,1133.941162109375,66.6103849311921,62.80122909438142,
me_seed0,me,0,leg4_weak,top_k,0,20,321,1106.447021484375,682,1133.941162109375,66.6103849311921,62.80122909438142,
me_seed0,me,0,leg4_weak,top_k,1,1,285,1102.460205078125,285,1071.7965087890625,11.59423202988375,10.931208739212328,
me_seed0,me,0,leg4_weak,top_k,1,2,911,1058.875732421875,285,1071.7965087890625,11.59423202988375,10.931208739212328,
me_seed0,me,0,leg4_weak,top_k,1,3,166,1086.02392578125,285,1071.7965087890625,11.59423202988375,10.931208739212328,
me_seed0,me,0,leg4_weak,top_k,1,4,228,1078.927490234375,285,1071.7965087890625,11.59423202988375,10.931208739212328,
me_seed0,me,0,leg4_weak,top_k,1,5,458,1075.555419921875,285,1071.7965087890625,11.59423202988375,10.931208739212328,
me_seed0,me,0,leg4_weak,top_k,1,6,515,1077.4560546875,285,1071.7965087890625,11.59423202988375,10.931208739212328,
me_seed0,me,0,leg4_weak,top_k,1,7,761,1119.56298828125,761,1096.584228515625,33.53859740468575,31.62067208126252,
me_seed0,me,0,leg4_weak,top_k,1,8,12,1057.0400390625,761,1096.584228515625,33.53859740468575,31.62067208126252,
me_seed0,me,0,leg4_weak,top_k,1,9,411,1111.4893798828125,761,1096.584228515625,33.53859740468575,31.62067208126252,
me_seed0,me,0,leg4_weak,top_k,1,10,612,1078.0545654296875,761,1096.584228515625,33.53859740468575,31.62067208126252,
me_seed0,me,0,leg4_weak,top_k,1,11,173,1077.553466796875,761,1096.584228515625,33.53859740468575,31.62067208126252,
me_seed0,me,0,leg4_weak,top_k,1,12,697,1076.39990234375,761,1096.584228515625,33.53859740468575,31.62067208126252,
me_seed0,me,0,leg4_weak,top_k,1,13,689,1125.7987060546875,689,1099.9263916015625,36.497387027492216,34.41026149942747,
me_seed0,me,0,leg4_weak,top_k,1,14,198,1096.503173828125,689,1099.9263916015625,36.497387027492216,34.41026149942747,
me_seed0,me,0,leg4_weak,top_k,1,15,960,1136.52197265625,960,1121.292724609375,55.41282674584148,52.244010161893776,
me_seed0,me,0,leg4_weak,top_k,1,16,864,1121.5252685546875,960,1121.292724609375,55.41282674584148,52.244010161893776,
me_seed0,me,0,leg4_weak,top_k,1,17,682,1149.696533203125,682,1133.941162109375,66.6103849311921,62.80122909438142,
me_seed0,me,0,leg4_weak,top_k,1,18,691,1062.174072265625,682,1133.941162109375,66.6103849311921,62.80122909438142,
me_seed0,me,0,leg4_weak,top_k,1,19,957,1070.9178466796875,682,1133.941162109375,66.6103849311921,62.80122909438142,
me_seed0,me,0,leg4_weak,top_k,1,20,321,1086.6673583984375,682,1133.941162109375,66.6103849311921,62.80122909438142,
me_seed0,me,0,leg4_weak,top_k,2,1,285,1065.531494140625,285,1071.7965087890625,11.59423202988375,10.931208739212328,
me_seed0,me,0,leg4_weak,top_k,2,2,911,1060.868408203125,285,1071.7965087890625,11.59423202988375,10.931208739212328,
me_seed0,me,0,leg4_weak,top_k,2,3,166,1067.29052734375,166,1091.198486328125,28.77064393092041,27.125376959839624,
me_seed0,me,0,leg4_weak,top_k,2,4,228,1069.14111328125,228,1068.528076171875,8.700715387543156,8.203159625973479,
me_seed0,me,0,leg4_weak,top_k,2,5,458,1073.763916015625,458,1075.823486328125,15.159282282513962,14.292389400151128,
me_seed0,me,0,leg4_weak,top_k,2,6,515,1085.58251953125,515,1093.43505859375,30.750663050284157,28.992167467879295,
me_seed0,me,0,leg4_weak,top_k,2,7,761,1084.55712890625,515,1093.43505859375,30.750663050284157,28.992167467879295,
me_seed0,me,0,leg4_weak,top_k,2,8,12,1068.26416015625,515,1093.43505859375,30.750663050284157,28.992167467879295,
me_seed0,me,0,leg4_weak,top_k,2,9,411,1152.963623046875,411,1114.7962646484375,49.661563918998375,46.821636837618954,
me_seed0,me,0,leg4_weak,top_k,2,10,612,1081.856689453125,411,1114.7962646484375,49.661563918998375,46.821636837618954,
me_seed0,me,0,leg4_weak,top_k,2,11,173,1113.0880126953125,411,1114.7962646484375,49.661563918998375,46.821636837618954,
me_seed0,me,0,leg4_weak,top_k,2,12,697,1072.7811279296875,411,1114.7962646484375,49.661563918998375,46.821636837618954,
me_seed0,me,0,leg4_weak,top_k,2,13,689,1089.47900390625,411,1114.7962646484375,49.661563918998375,46.821636837618954,
me_seed0,me,0,leg4_weak,top_k,2,14,198,1099.9393310546875,411,1114.7962646484375,49.661563918998375,46.821636837618954,
me_seed0,me,0,leg4_weak,top_k,2,15,960,1131.7847900390625,411,1114.7962646484375,49.661563918998375,46.821636837618954,
me_seed0,me,0,leg4_weak,top_k,2,16,864,1089.006103515625,411,1114.7962646484375,49.661563918998375,46.821636837618954,
me_seed0,me,0,leg4_weak,top_k,2,17,682,1054.66748046875,411,1114.7962646484375,49.661563918998375,46.821636837618954,
me_seed0,me,0,leg4_weak,top_k,2,18,691,1068.7978515625,411,1114.7962646484375,49.661563918998375,46.821636837618954,
me_seed0,me,0,leg4_weak,top_k,2,19,957,1076.394775390625,411,1114.7962646484375,49.661563918998375,46.821636837618954,
me_seed0,me,0,leg4_weak,top_k,2,20,321,1071.27783203125,411,1114.7962646484375,49.661563918998375,46.821636837618954,
me_seed0,me,0,leg4_weak,top_k,3,1,285,1067.5238037109375,285,1071.7965087890625,11.59423202988375,10.931208739212328,
me_seed0,me,0,leg4_weak,top_k,3,2,911,1086.5179443359375,911,1081.9967041015625,20.624381446652382,19.444963506802925,
me_seed0,me,0,leg4_weak,top_k,3,3,166,1094.171875,166,1091.198486328125,28.77064393092041,27.125376959839624,
me_seed0,me,0,leg4_weak,top_k,3,4,228,1060.6409912109375,166,1091.198486328125,28.77064393092041,27.125376959839624,
me_seed0,me,0,leg4_weak,top_k,3,5,458,1074.636962890625,166,1091.198486328125,28.77064393092041,27.125376959839624,
me_seed0,me,0,leg4_weak,top_k,3,6,515,1099.0628662109375,515,1093.43505859375,30.750663050284157,28.992167467879295,
me_seed0,me,0,leg4_weak,top_k,3,7,761,1111.545654296875,761,1096.584228515625,33.53859740468575,31.62067208126252,
me_seed0,me,0,leg4_weak,top_k,3,8,12,1067.9647216796875,761,1096.584228515625,33.53859740468575,31.62067208126252,
me_seed0,me,0,leg4_weak,top_k,3,9,411,1103.9290771484375,761,1096.584228515625,33.53859740468575,31.62067208126252,
me_seed0,me,0,leg4_weak,top_k,3,10,612,1076.8507080078125,761,1096.584228515625,33.53859740468575,31.62067208126252,
me_seed0,me,0,leg4_weak,top_k,3,11,173,1086.184814453125,761,1096.584228515625,33.53859740468575,31.62067208126252,
me_seed0,me,0,leg4_weak,top_k,3,12,697,1065.3154296875,761,1096.584228515625,33.53859740468575,31.62067208126252,
me_seed0,me,0,leg4_weak,top_k,3,13,689,1056.9854736328125,761,1096.584228515625,33.53859740468575,31.62067208126252,
me_seed0,me,0,leg4_weak,top_k,3,14,198,1070.81884765625,761,1096.584228515625,33.53859740468575,31.62067208126252,
me_seed0,me,0,leg4_weak,top_k,3,15,960,1116.511474609375,960,1121.292724609375,55.41282674584148,52.244010161893776,
me_seed0,me,0,leg4_weak,top_k,3,16,864,1090.6925048828125,960,1121.292724609375,55.41282674584148,52.244010161893776,
me_seed0,me,0,leg4_weak,top_k,3,17,682,1049.5069580078125,960,1121.292724609375,55.41282674584148,52.244010161893776,
me_seed0,me,0,leg4_weak,top_k,3,18,691,1068.827392578125,960,1121.292724609375,55.41282674584148,52.244010161893776,
me_seed0,me,0,leg4_weak,top_k,3,19,957,1100.0050048828125,960,1121.292724609375,55.41282674584148,52.244010161893776,
me_seed0,me,0,leg4_weak,top_k,3,20,321,1089.7042236328125,960,1121.292724609375,55.41282674584148,52.244010161893776,
me_seed0,me,0,leg4_weak,top_k,4,1,285,1081.95703125,285,1071.7965087890625,11.59423202988375,10.931208739212328,
me_seed0,me,0,leg4_weak,top_k,4,2,911,1123.6234130859375,911,1081.9967041015625,20.624381446652382,19.444963506802925,
me_seed0,me,0,leg4_weak,top_k,4,3,166,1080.72119140625,911,1081.9967041015625,20.624381446652382,19.444963506802925,
me_seed0,me,0,leg4_weak,top_k,4,4,228,1069.6031494140625,911,1081.9967041015625,20.624381446652382,19.444963506802925,
me_seed0,me,0,leg4_weak,top_k,4,5,458,1073.715576171875,911,1081.9967041015625,20.624381446652382,19.444963506802925,
me_seed0,me,0,leg4_weak,top_k,4,6,515,1098.4525146484375,911,1081.9967041015625,20.624381446652382,19.444963506802925,
me_seed0,me,0,leg4_weak,top_k,4,7,761,1074.921142578125,911,1081.9967041015625,20.624381446652382,19.444963506802925,
me_seed0,me,0,leg4_weak,top_k,4,8,12,1059.2115478515625,911,1081.9967041015625,20.624381446652382,19.444963506802925,
me_seed0,me,0,leg4_weak,top_k,4,9,411,1129.587890625,411,1114.7962646484375,49.661563918998375,46.821636837618954,
me_seed0,me,0,leg4_weak,top_k,4,10,612,1106.663330078125,411,1114.7962646484375,49.661563918998375,46.821636837618954,
me_seed0,me,0,leg4_weak,top_k,4,11,173,1079.5858154296875,411,1114.7962646484375,49.661563918998375,46.821636837618954,
me_seed0,me,0,leg4_weak,top_k,4,12,697,1084.511474609375,411,1114.7962646484375,49.661563918998375,46.821636837618954,
me_seed0,me,0,leg4_weak,top_k,4,13,689,1088.414794921875,411,1114.7962646484375,49.661563918998375,46.821636837618954,
me_seed0,me,0,leg4_weak,top_k,4,14,198,1065.598876953125,411,1114.7962646484375,49.661563918998375,46.821636837618954,
me_seed0,me,0,leg4_weak,top_k,4,15,960,1075.830322265625,411,1114.7962646484375,49.661563918998375,46.821636837618954,
me_seed0,me,0,leg4_weak,top_k,4,16,864,1073.35595703125,411,1114.7962646484375,49.661563918998375,46.821636837618954,
me_seed0,me,0,leg4_weak,top_k,4,17,682,1051.3349609375,411,1114.7962646484375,49.661563918998375,46.821636837618954,
me_seed0,me,0,leg4_weak,top_k,4,18,691,1066.9580078125,411,1114.7962646484375,49.661563918998375,46.821636837618954,
me_seed0,me,0,leg4_weak,top_k,4,19,957,1126.523193359375,411,1114.7962646484375,49.661563918998375,46.821636837618954,
me_seed0,me,0,leg4_weak,top_k,4,20,321,1067.436767578125,411,1114.7962646484375,49.661563918998375,46.821636837618954,
me_seed0,me,0,leg4_weak,best_intact,0,1,285,1105.888671875,285,1071.7965087890625,11.59423202988375,10.931208739212328,
me_seed0,me,0,leg4_weak,best_intact,1,1,285,1056.4188232421875,285,1071.7965087890625,11.59423202988375,10.931208739212328,
me_seed0,me,0,leg4_weak,best_intact,2,1,285,1056.9765625,285,1071.7965087890625,11.59423202988375,10.931208739212328,
me_seed0,me,0,leg4_weak,best_intact,3,1,285,1082.181396484375,285,1071.7965087890625,11.59423202988375,10.931208739212328,
me_seed0,me,0,leg4_weak,best_intact,4,1,285,1118.150390625,285,1071.7965087890625,11.59423202988375,10.931208739212328,
me_seed0,me,0,legs12_paralysed,ite,0,1,285,1056.41796875,285,1056.66552734375,-6.970396808734158,-1.698104864272081,
me_seed0,me,0,legs12_paralysed,ite,0,2,586,1057.710205078125,586,1058.2623291015625,-1.4995236354604167,-0.3653089557649892,
me_seed0,me,0,legs12_paralysed,ite,0,3,173,1059.0311279296875,173,1057.172607421875,-5.233067310853329,-1.274862436022065,
me_seed0,me,0,legs12_paralysed,ite,0,4,611,1057.98388671875,173,1057.172607421875,-5.233067310853329,-1.274862436022065,
me_seed0,me,0,legs12_paralysed,ite,0,5,940,1059.785400390625,940,1059.35986328125,2.2607867919460665,0.5507653515041234,
me_seed0,me,0,legs12_paralysed,ite,0,6,277,1055.9794921875,940,1059.35986328125,2.2607867919460665,0.5507653515041234,
me_seed0,me,0,legs12_paralysed,ite,0,7,411,1058.037841796875,940,1059.35986328125,2.2607867919460665,0.5507653515041234,
me_seed0,me,0,legs12_paralysed,ite,0,8,335,1060.270751953125,335,1060.4754638671875,6.082995333383932,1.4819190712385713,
me_seed0,me,0,legs12_paralysed,ite,0,9,223,1057.0782470703125,335,1060.4754638671875,6.082995333383932,1.4819190712385713,
me_seed0,me,0,legs12_paralysed,ite,0,10,467,1060.669677734375,467,1059.469482421875,2.6363577811364816,0.6422607055167653,
me_seed0,me,0,legs12_paralysed,ite,0,11,515,1058.94384765625,467,1059.469482421875,2.6363577811364816,0.6422607055167653,
me_seed0,me,0,legs12_paralysed,ite,0,12,173,1058.03564453125,467,1059.469482421875,2.6363577811364816,0.6422607055167653,
me_seed0,me,0,legs12_paralysed,ite,0,13,677,1054.47998046875,467,1059.469482421875,2.6363577811364816,0.6422607055167653,
me_seed0,me,0,legs12_paralysed,ite,0,14,1010,1057.33154296875,467,1059.469482421875,2.6363577811364816,0.6422607055167653,
me_seed0,me,0,legs12_paralysed,ite,0,15,411,1058.775146484375,467,1059.469482421875,2.6363577811364816,0.6422607055167653,
me_seed0,me,0,legs12_paralysed,ite,0,16,277,1052.118896484375,467,1059.469482421875,2.6363577811364816,0.6422607055167653,
me_seed0,me,0,legs12_paralysed,ite,0,17,467,1059.48095703125,467,1059.469482421875,2.6363577811364816,0.6422607055167653,
me_seed0,me,0,legs12_paralysed,ite,0,18,940,1059.539306640625,467,1059.469482421875,2.6363577811364816,0.6422607055167653,
me_seed0,me,0,legs12_paralysed,ite,0,19,515,1056.8714599609375,467,1059.469482421875,2.6363577811364816,0.6422607055167653,
me_seed0,me,0,legs12_paralysed,ite,0,20,611,1055.1318359375,467,1059.469482421875,2.6363577811364816,0.6422607055167653,
me_seed0,me,0,legs12_paralysed,ite,1,1,285,1056.4951171875,285,1056.66552734375,-6.970396808734158,-1.698104864272081,
me_seed0,me,0,legs12_paralysed,ite,1,2,586,1059.0257568359375,586,1058.2623291015625,-1.4995236354604167,-0.3653089557649892,
me_seed0,me,0,legs12_paralysed,ite,1,3,173,1056.85888671875,586,1058.2623291015625,-1.4995236354604167,-0.3653089557649892,
me_seed0,me,0,legs12_paralysed,ite,1,4,611,1055.701416015625,586,1058.2623291015625,-1.4995236354604167,-0.3653089557649892,
me_seed0,me,0,legs12_paralysed,ite,1,5,940,1059.173583984375,940,1059.35986328125,2.2607867919460665,0.5507653515041234,
me_seed0,me,0,legs12_paralysed,ite,1,6,277,1056.675537109375,940,1059.35986328125,2.2607867919460665,0.5507653515041234,
me_seed0,me,0,legs12_paralysed,ite,1,7,411,1056.89404296875,940,1059.35986328125,2.2607867919460665,0.5507653515041234,
me_seed0,me,0,legs12_paralysed,ite,1,8,335,1059.6756591796875,335,1060.4754638671875,6.082995333383932,1.4819190712385713,
me_seed0,me,0,legs12_paralysed,ite,1,9,223,1055.4036865234375,335,1060.4754638671875,6.082995333383932,1.4819190712385713,
me_seed0,me,0,legs12_paralysed,ite,1,10,467,1060.814697265625,467,1059.469482421875,2.6363577811364816,0.6422607055167653,
me_seed0,me,0,legs12_paralysed,ite,1,11,515,1055.6868896484375,467,1059.469482421875,2.6363577811364816,0.6422607055167653,
me_seed0,me,0,legs12_paralysed,ite,1,12,677,1056.1409912109375,467,1059.469482421875,2.6363577811364816,0.6422607055167653,
me_seed0,me,0,legs12_paralysed,ite,1,13,173,1058.1461181640625,467,1059.469482421875,2.6363577811364816,0.6422607055167653,
me_seed0,me,0,legs12_paralysed,ite,1,14,277,1055.4923095703125,467,1059.469482421875,2.6363577811364816,0.6422607055167653,
me_seed0,me,0,legs12_paralysed,ite,1,15,467,1058.8760986328125,467,1059.469482421875,2.6363577811364816,0.6422607055167653,
me_seed0,me,0,legs12_paralysed,ite,1,16,1010,1059.529052734375,467,1059.469482421875,2.6363577811364816,0.6422607055167653,
me_seed0,me,0,legs12_paralysed,ite,1,17,411,1056.567626953125,467,1059.469482421875,2.6363577811364816,0.6422607055167653,
me_seed0,me,0,legs12_paralysed,ite,1,18,940,1060.0374755859375,467,1059.469482421875,2.6363577811364816,0.6422607055167653,
me_seed0,me,0,legs12_paralysed,ite,1,19,611,1055.342529296875,467,1059.469482421875,2.6363577811364816,0.6422607055167653,
me_seed0,me,0,legs12_paralysed,ite,1,20,515,1057.377197265625,467,1059.469482421875,2.6363577811364816,0.6422607055167653,
me_seed0,me,0,legs12_paralysed,ite,2,1,285,1056.9605712890625,285,1056.66552734375,-6.970396808734158,-1.698104864272081,
me_seed0,me,0,legs12_paralysed,ite,2,2,586,1058.75048828125,586,1058.2623291015625,-1.4995236354604167,-0.3653089557649892,
me_seed0,me,0,legs12_paralysed,ite,2,3,173,1057.187744140625,586,1058.2623291015625,-1.4995236354604167,-0.3653089557649892,
me_seed0,me,0,legs12_paralysed,ite,2,4,611,1054.8687744140625,586,1058.2623291015625,-1.4995236354604167,-0.3653089557649892,
me_seed0,me,0,legs12_paralysed,ite,2,5,940,1059.872314453125,940,1059.35986328125,2.2607867919460665,0.5507653515041234,
me_seed0,me,0,legs12_paralysed,ite,2,6,277,1053.0594482421875,940,1059.35986328125,2.2607867919460665,0.5507653515041234,
me_seed0,me,0,legs12_paralysed,ite,2,7,411,1056.9334716796875,940,1059.35986328125,2.2607867919460665,0.5507653515041234,
me_seed0,me,0,legs12_paralysed,ite,2,8,335,1058.58251953125,940,1059.35986328125,2.2607867919460665,0.5507653515041234,
me_seed0,me,0,legs12_paralysed,ite,2,9,223,1055.378173828125,940,1059.35986328125,2.2607867919460665,0.5507653515041234,
me_seed0,me,0,legs12_paralysed,ite,2,10,467,1059.22900390625,940,1059.35986328125,2.2607867919460665,0.5507653515041234,
me_seed0,me,0,legs12_paralysed,ite,2,11,515,1056.6708984375,940,1059.35986328125,2.2607867919460665,0.5507653515041234,
me_seed0,me,0,legs12_paralysed,ite,2,12,1010,1058.3251953125,940,1059.35986328125,2.2607867919460665,0.5507653515041234,
me_seed0,me,0,legs12_paralysed,ite,2,13,677,1054.306396484375,940,1059.35986328125,2.2607867919460665,0.5507653515041234,
me_seed0,me,0,legs12_paralysed,ite,2,14,173,1057.11474609375,940,1059.35986328125,2.2607867919460665,0.5507653515041234,
me_seed0,me,0,legs12_paralysed,ite,2,15,411,1057.783203125,940,1059.35986328125,2.2607867919460665,0.5507653515041234,
me_seed0,me,0,legs12_paralysed,ite,2,16,940,1058.804443359375,940,1059.35986328125,2.2607867919460665,0.5507653515041234,
me_seed0,me,0,legs12_paralysed,ite,2,17,467,1060.468505859375,467,1059.469482421875,2.6363577811364816,0.6422607055167653,
me_seed0,me,0,legs12_paralysed,ite,2,18,277,1053.5032958984375,467,1059.469482421875,2.6363577811364816,0.6422607055167653,
me_seed0,me,0,legs12_paralysed,ite,2,19,515,1057.0517578125,467,1059.469482421875,2.6363577811364816,0.6422607055167653,
me_seed0,me,0,legs12_paralysed,ite,2,20,467,1058.88427734375,467,1059.469482421875,2.6363577811364816,0.6422607055167653,
me_seed0,me,0,legs12_paralysed,ite,3,1,285,1057.182861328125,285,1056.66552734375,-6.970396808734158,-1.698104864272081,
me_seed0,me,0,legs12_paralysed,ite,3,2,586,1058.4530029296875,586,1058.2623291015625,-1.4995236354604167,-0.3653089557649892,
me_seed0,me,0,legs12_paralysed,ite,3,3,173,1057.534912109375,586,1058.2623291015625,-1.4995236354604167,-0.3653089557649892,
me_seed0,me,0,legs12_paralysed,ite,3,4,611,1054.5225830078125,586,1058.2623291015625,-1.4995236354604167,-0.3653089557649892,
me_seed0,me,0,legs12_paralysed,ite,3,5,940,1060.4410400390625,940,1059.35986328125,2.2607867919460665,0.5507653515041234,
me_seed0,me,0,legs12_paralysed,ite,3,6,277,1053.313232421875,940,1059.35986328125,2.2607867919460665,0.5507653515041234,
me_seed0,me,0,legs12_paralysed,ite,3,7,411,1057.572021484375,940,1059.35986328125,2.2607867919460665,0.5507653515041234,
me_seed0,me,0,legs12_paralysed,ite,3,8,335,1060.1793212890625,940,1059.35986328125,2.2607867919460665,0.5507653515041234,
me_seed0,me,0,legs12_paralysed,ite,3,9,223,1057.515625,940,1059.35986328125,2.2607867919460665,0.5507653515041234,
me_seed0,me,0,legs12_paralysed,ite,3,10,467,1059.5150146484375,940,1059.35986328125,2.2607867919460665,0.5507653515041234,
me_seed0,me,0,legs12_paralysed,ite,3,11,515,1056.41650390625,940,1059.35986328125,2.2607867919460665,0.5507653515041234,
me_seed0,me,0,legs12_paralysed,ite,3,12,677,1056.577880859375,940,1059.35986328125,2.2607867919460665,0.5507653515041234,
me_seed0,me,0,legs12_paralysed,ite,3,13,173,1057.8607177734375,940,1059.35986328125,2.2607867919460665,0.5507653515041234,
me_seed0,me,0,legs12_paralysed,ite,3,14,1010,1057.9794921875,940,1059.35986328125,2.2607867919460665,0.5507653515041234,
me_seed0,me,0,legs12_paralysed,ite,3,15,411,1057.6605224609375,940,1059.35986328125,2.2607867919460665,0.5507653515041234,
me_seed0,me,0,legs12_paralysed,ite,3,16,940,1059.1083984375,940,1059.35986328125,2.2607867919460665,0.5507653515041234,
me_seed0,me,0,legs12_paralysed,ite,3,17,467,1059.7208251953125,940,1059.35986328125,2.2607867919460665,0.5507653515041234,
me_seed0,me,0,legs12_paralysed,ite,3,18,277,1055.5126953125,940,1059.35986328125,2.2607867919460665,0.5507653515041234,
me_seed0,me,0,legs12_paralysed,ite,3,19,515,1056.7318115234375,940,1059.35986328125,2.2607867919460665,0.5507653515041234,
me_seed0,me,0,legs12_paralysed,ite,3,20,223,1056.87060546875,940,1059.35986328125,2.2607867919460665,0.5507653515041234,
me_seed0,me,0,legs12_paralysed,ite,4,1,285,1056.667724609375,285,1056.66552734375,-6.970396808734158,-1.698104864272081,
me_seed0,me,0,legs12_paralysed,ite,4,2,586,1057.642822265625,586,1058.2623291015625,-1.4995236354604167,-0.3653089557649892,
me_seed0,me,0,legs12_paralysed,ite,4,3,173,1056.976806640625,586,1058.2623291015625,-1.4995236354604167,-0.3653089557649892,
me_seed0,me,0,legs12_paralysed,ite,4,4,611,1054.8798828125,586,1058.2623291015625,-1.4995236354604167,-0.3653089557649892,
me_seed0,me,0,legs12_paralysed,ite,4,5,940,1059.6605224609375,940,1059.35986328125,2.2607867919460665,0.5507653515041234,
me_seed0,me,0,legs12_paralysed,ite,4,6,277,1055.8994140625,940,1059.35986328125,2.2607867919460665,0.5507653515041234,
me_seed0,me,0,legs12_paralysed,ite,4,7,411,1056.868408203125,940,1059.35986328125,2.2607867919460665,0.5507653515041234,
me_seed0,me,0,legs12_paralysed,ite,4,8,335,1060.53271484375,335,1060.4754638671875,6.082995333383932,1.4819190712385713,
me_seed0,me,0,legs12_paralysed,ite,4,9,223,1054.388916015625,335,1060.4754638671875,6.082995333383932,1.4819190712385713,
me_seed0,me,0,legs12_paralysed,ite,4,10,467,1059.49560546875,335,1060.4754638671875,6.082995333383932,1.4819190712385713,
me_seed0,me,0,legs12_paralysed,ite,4,11,515,1057.958984375,335,1060.4754638671875,6.082995333383932,1.4819190712385713,
me_seed0,me,0,legs12_paralysed,ite,4,12,677,1056.02197265625,335,1060.4754638671875,6.082995333383932,1.4819190712385713,
me_seed0,me,0,legs12_paralysed,ite,4,13,173,1057.7293701171875,335,1060.4754638671875,6.082995333383932,1.4819190712385713,
me_seed0,me,0,legs12_paralysed,ite,4,14,1010,1057.433837890625,335,1060.4754638671875,6.082995333383932,1.4819190712385713,
me_seed0,me,0,legs12_paralysed,ite,4,15,277,1055.080810546875,335,1060.4754638671875,6.082995333383932,1.4819190712385713,
me_seed0,me,0,legs12_paralysed,ite,4,16,411,1057.3760986328125,335,1060.4754638671875,6.082995333383932,1.4819190712385713,
me_seed0,me,0,legs12_paralysed,ite,4,17,467,1060.0413818359375,335,1060.4754638671875,6.082995333383932,1.4819190712385713,
me_seed0,me,0,legs12_paralysed,ite,4,18,940,1059.823486328125,335,1060.4754638671875,6.082995333383932,1.4819190712385713,
me_seed0,me,0,legs12_paralysed,ite,4,19,515,1056.1007080078125,335,1060.4754638671875,6.082995333383932,1.4819190712385713,
me_seed0,me,0,legs12_paralysed,ite,4,20,611,1056.04833984375,335,1060.4754638671875,6.082995333383932,1.4819190712385713,
me_seed0,me,0,legs12_paralysed,top_k,0,1,285,1060.096435546875,285,1056.66552734375,-6.970396808734158,-1.698104864272081,
me_seed0,me,0,legs12_paralysed,top_k,0,2,911,1055.910400390625,285,1056.66552734375,-6.970396808734158,-1.698104864272081,
me_seed0,me,0,legs12_paralysed,top_k,0,3,166,1055.8502197265625,285,1056.66552734375,-6.970396808734158,-1.698104864272081,
me_seed0,me,0,legs12_paralysed,top_k,0,4,228,1057.142578125,285,1056.66552734375,-6.970396808734158,-1.698104864272081,
me_seed0,me,0,legs12_paralysed,top_k,0,5,458,1057.994873046875,285,1056.66552734375,-6.970396808734158,-1.698104864272081,
me_seed0,me,0,legs12_paralysed,top_k,0,6,515,1058.779541015625,285,1056.66552734375,-6.970396808734158,-1.698104864272081,
me_seed0,me,0,legs12_paralysed,top_k,0,7,761,1055.269775390625,285,1056.66552734375,-6.970396808734158,-1.698104864272081,
me_seed0,me,0,legs12_paralysed,top_k,0,8,12,1055.627197265625,285,1056.66552734375,-6.970396808734158,-1.698104864272081,
me_seed0,me,0,legs12_paralysed,top_k,0,9,411,1056.969970703125,285,1056.66552734375,-6.970396808734158,-1.698104864272081,
me_seed0,me,0,legs12_paralysed,top_k,0,10,612,1057.5833740234375,285,1056.66552734375,-6.970396808734158,-1.698104864272081,
me_seed0,me,0,legs12_paralysed,top_k,0,11,173,1057.13427734375,285,1056.66552734375,-6.970396808734158,-1.698104864272081,
me_seed0,me,0,legs12_paralysed,top_k,0,12,697,1056.65673828125,285,1056.66552734375,-6.970396808734158,-1.698104864272081,
me_seed0,me,0,legs12_paralysed,top_k,0,13,689,1055.4130859375,285,1056.66552734375,-6.970396808734158,-1.698104864272081,
me_seed0,me,0,legs12_paralysed,top_k,0,14,198,1057.196044921875,285,1056.66552734375,-6.970396808734158,-1.698104864272081,
me_seed0,me,0,legs12_paralysed,top_k,0,15,960,1056.7869873046875,285,1056.66552734375,-6.970396808734158,-1.698104864272081,
me_seed0,me,0,legs12_paralysed,top_k,0,16,864,1056.7567138671875,285,1056.66552734375,-6.970396808734158,-1.698104864272081,
me_seed0,me,0,legs12_paralysed,top_k,0,17,682,1057.57958984375,285,1056.66552734375,-6.970396808734158,-1.698104864272081,
me_seed0,me,0,legs12_paralysed,top_k,0,18,691,1056.414794921875,285,1056.66552734375,-6.970396808734158,-1.698104864272081,
me_seed0,me,0,legs12_paralysed,top_k,0,19,957,1057.360107421875,285,1056.66552734375,-6.970396808734158,-1.698104864272081,
me_seed0,me,0,legs12_paralysed,top_k,0,20,321,1057.891845703125,285,1056.66552734375,-6.970396808734158,-1.698104864272081,
me_seed0,me,0,legs12_paralysed,top_k,1,1,285,1056.732666015625,285,1056.66552734375,-6.970396808734158,-1.698104864272081,
me_seed0,me,0,legs12_paralysed,top_k,1,2,911,1055.601318359375,285,1056.66552734375,-6.970396808734158,-1.698104864272081,
me_seed0,me,0,legs12_paralysed,top_k,1,3,166,1055.997802734375,285,1056.66552734375,-6.970396808734158,-1.698104864272081,
me_seed0,me,0,legs12_paralysed,top_k,1,4,228,1057.6497802734375,228,1057.474365234375,-4.1992015143291574,-1.022995492682142,
me_seed0,me,0,legs12_paralysed,top_k,1,5,458,1058.49658203125,458,1058.568359375,-0.45101977142882355,-0.10987593515285868,
me_seed0,me,0,legs12_paralysed,top_k,1,6,515,1056.8997802734375,458,1058.568359375,-0.45101977142882355,-0.10987593515285868,
me_seed0,me,0,legs12_paralysed,top_k,1,7,761,1055.37646484375,458,1058.568359375,-0.45101977142882355,-0.10987593515285868,
me_seed0,me,0,legs12_paralysed,top_k,1,8,12,1054.583740234375,458,1058.568359375,-0.45101977142882355,-0.10987593515285868,
me_seed0,me,0,legs12_paralysed,top_k,1,9,411,1057.2347412109375,458,1058.568359375,-0.45101977142882355,-0.10987593515285868,
me_seed0,me,0,legs12_paralysed,top_k,1,10,612,1056.5802001953125,458,1058.568359375,-0.45101977142882355,-0.10987593515285868,
me_seed0,me,0,legs12_paralysed,top_k,1,11,173,1057.953125,458,1058.568359375,-0.45101977142882355,-0.10987593515285868,
me_seed0,me,0,legs12_paralysed,top_k,1,12,697,1056.818603515625,458,1058.568359375,-0.45101977142882355,-0.10987593515285868,
me_seed0,me,0,legs12_paralysed,top_k,1,13,689,1056.1380615234375,458,1058.568359375,-0.45101977142882355,-0.10987593515285868,
me_seed0,me,0,legs12_paralysed,top_k,1,14,198,1057.427001953125,458,1058.568359375,-0.45101977142882355,-0.10987593515285868,
me_seed0,me,0,legs12_paralysed,top_k,1,15,960,1056.22265625,458,1058.568359375,-0.45101977142882355,-0.10987593515285868,
me_seed0,me,0,legs12_paralysed,top_k,1,16,864,1061.1900634765625,864,1057.424072265625,-4.371512480416519,-1.0649733165721293,
me_seed0,me,0,legs12_paralysed,top_k,1,17,682,1059.9462890625,864,1057.424072265625,-4.371512480416519,-1.0649733165721293,
me_seed0,me,0,legs12_paralysed,top_k,1,18,691,1055.0703125,864,1057.424072265625,-4.371512480416519,-1.0649733165721293,
me_seed0,me,0,legs12_paralysed,top_k,1,19,957,1057.421630859375,864,1057.424072265625,-4.371512480416519,-1.0649733165721293,
me_seed0,me,0,legs12_paralysed,top_k,1,20,321,1056.4150390625,864,1057.424072265625,-4.371512480416519,-1.0649733165721293,
me_seed0,me,0,legs12_paralysed,top_k,2,1,285,1056.4268798828125,285,1056.66552734375,-6.970396808734158,-1.698104864272081,
me_seed0,me,0,legs12_paralysed,top_k,2,2,911,1055.7109375,285,1056.66552734375,-6.970396808734158,-1.698104864272081,
me_seed0,me,0,legs12_paralysed,top_k,2,3,166,1056.705078125,166,1058.9609375,0.8940095172531084,0.21779562220199242,
me_seed0,me,0,legs12_paralysed,top_k,2,4,228,1056.466796875,166,1058.9609375,0.8940095172531084,0.21779562220199242,
me_seed0,me,0,legs12_paralysed,top_k,2,5,458,1057.6380615234375,458,1058.568359375,-0.45101977142882355,-0.10987593515285868,
me_seed0,me,0,legs12_paralysed,top_k,2,6,515,1057.4227294921875,458,1058.568359375,-0.45101977142882355,-0.10987593515285868,
me_seed0,me,0,legs12_paralysed,top_k,2,7,761,1057.19287109375,458,1058.568359375,-0.45101977142882355,-0.10987593515285868,
me_seed0,me,0,legs12_paralysed,top_k,2,8,12,1055.26416015625,458,1058.568359375,-0.45101977142882355,-0.10987593515285868,
me_seed0,me,0,legs12_paralysed,top_k,2,9,411,1058.36474609375,411,1057.0654296875,-5.600273690039503,-1.3643200315934454,
me_seed0,me,0,legs12_paralysed,top_k,2,10,612,1056.37646484375,411,1057.0654296875,-5.600273690039503,-1.3643200315934454,
me_seed0,me,0,legs12_paralysed,top_k,2,11,173,1057.09716796875,411,1057.0654296875,-5.600273690039503,-1.3643200315934454,
me_seed0,me,0,legs12_paralysed,top_k,2,12,697,1057.0302734375,411,1057.0654296875,-5.600273690039503,-1.3643200315934454,
me_seed0,me,0,legs12_paralysed,top_k,2,13,689,1056.505615234375,411,1057.0654296875,-5.600273690039503,-1.3643200315934454,
me_seed0,me,0,legs12_paralysed,top_k,2,14,198,1057.4429931640625,411,1057.0654296875,-5.600273690039503,-1.3643200315934454,
me_seed0,me,0,legs12_paralysed,top_k,2,15,960,1055.5321044921875,411,1057.0654296875,-5.600273690039503,-1.3643200315934454,
me_seed0,me,0,legs12_paralysed,top_k,2,16,864,1057.2978515625,411,1057.0654296875,-5.600273690039503,-1.3643200315934454,
me_seed0,me,0,legs12_paralysed,top_k,2,17,682,1058.693359375,682,1059.284423828125,2.0023203428150236,0.48779861566914273,
me_seed0,me,0,legs12_paralysed,top_k,2,18,691,1056.423583984375,682,1059.284423828125,2.0023203428150236,0.48779861566914273,
me_seed0,me,0,legs12_paralysed,top_k,2,19,957,1057.0927734375,682,1059.284423828125,2.0023203428150236,0.48779861566914273,
me_seed0,me,0,legs12_paralysed,top_k,2,20,321,1057.15380859375,682,1059.284423828125,2.0023203428150236,0.48779861566914273,
me_seed0,me,0,legs12_paralysed,top_k,3,1,285,1057.5909423828125,285,1056.66552734375,-6.970396808734158,-1.698104864272081,
me_seed0,me,0,legs12_paralysed,top_k,3,2,911,1054.278564453125,285,1056.66552734375,-6.970396808734158,-1.698104864272081,
me_seed0,me,0,legs12_paralysed,top_k,3,3,166,1058.6015625,166,1058.9609375,0.8940095172531084,0.21779562220199242,
me_seed0,me,0,legs12_paralysed,top_k,3,4,228,1056.77734375,166,1058.9609375,0.8940095172531084,0.21779562220199242,
me_seed0,me,0,legs12_paralysed,top_k,3,5,458,1058.560546875,166,1058.9609375,0.8940095172531084,0.21779562220199242,
me_seed0,me,0,legs12_paralysed,top_k,3,6,515,1056.325927734375,166,1058.9609375,0.8940095172531084,0.21779562220199242,
me_seed0,me,0,legs12_paralysed,top_k,3,7,761,1055.39013671875,166,1058.9609375,0.8940095172531084,0.21779562220199242,
me_seed0,me,0,legs12_paralysed,top_k,3,8,12,1055.47607421875,166,1058.9609375,0.8940095172531084,0.21779562220199242,
me_seed0,me,0,legs12_paralysed,top_k,3,9,411,1056.610107421875,166,1058.9609375,0.8940095172531084,0.21779562220199242,
me_seed0,me,0,legs12_paralysed,top_k,3,10,612,1058.6766357421875,612,1056.3184814453125,-8.159426120836997,-1.987772226697405,
me_seed0,me,0,legs12_paralysed,top_k,3,11,173,1058.414794921875,612,1056.3184814453125,-8.159426120836997,-1.987772226697405,
me_seed0,me,0,legs12_paralysed,top_k,3,12,697,1056.13671875,612,1056.3184814453125,-8.159426120836997,-1.987772226697405,
me_seed0,me,0,legs12_paralysed,top_k,3,13,689,1056.82080078125,612,1056.3184814453125,-8.159426120836997,-1.987772226697405,
me_seed0,me,0,legs12_paralysed,top_k,3,14,198,1056.7886962890625,612,1056.3184814453125,-8.159426120836997,-1.987772226697405,
me_seed0,me,0,legs12_paralysed,top_k,3,15,960,1056.52294921875,612,1056.3184814453125,-8.159426120836997,-1.987772226697405,
me_seed0,me,0,legs12_paralysed,top_k,3,16,864,1056.6644287109375,612,1056.3184814453125,-8.159426120836997,-1.987772226697405,
me_seed0,me,0,legs12_paralysed,top_k,3,17,682,1057.578125,612,1056.3184814453125,-8.159426120836997,-1.987772226697405,
me_seed0,me,0,legs12_paralysed,top_k,3,18,691,1056.8900146484375,612,1056.3184814453125,-8.159426120836997,-1.987772226697405,
me_seed0,me,0,legs12_paralysed,top_k,3,19,957,1054.243408203125,612,1056.3184814453125,-8.159426120836997,-1.987772226697405,
me_seed0,me,0,legs12_paralysed,top_k,3,20,321,1056.678955078125,612,1056.3184814453125,-8.159426120836997,-1.987772226697405,
me_seed0,me,0,legs12_paralysed,top_k,4,1,285,1056.334716796875,285,1056.66552734375,-6.970396808734158,-1.698104864272081,
me_seed0,me,0,legs12_paralysed,top_k,4,2,911,1055.518798828125,285,1056.66552734375,-6.970396808734158,-1.698104864272081,
me_seed0,me,0,legs12_paralysed,top_k,4,3,166,1059.949462890625,166,1058.9609375,0.8940095172531084,0.21779562220199242,
me_seed0,me,0,legs12_paralysed,top_k,4,4,228,1056.64208984375,166,1058.9609375,0.8940095172531084,0.21779562220199242,
me_seed0,me,0,legs12_paralysed,top_k,4,5,458,1057.8603515625,166,1058.9609375,0.8940095172531084,0.21779562220199242,
me_seed0,me,0,legs12_paralysed,top_k,4,6,515,1057.942138671875,166,1058.9609375,0.8940095172531084,0.21779562220199242,
me_seed0,me,0,legs12_paralysed,top_k,4,7,761,1055.8109130859375,166,1058.9609375,0.8940095172531084,0.21779562220199242,
me_seed0,me,0,legs12_paralysed,top_k,4,8,12,1055.318115234375,166,1058.9609375,0.8940095172531084,0.21779562220199242,
me_seed0,me,0,legs12_paralysed,top_k,4,9,411,1057.2091064453125,166,1058.9609375,0.8940095172531084,0.21779562220199242,
me_seed0,me,0,legs12_paralysed,top_k,4,10,612,1056.220458984375,166,1058.9609375,0.8940095172531084,0.21779562220199242,
me_seed0,me,0,legs12_paralysed,top_k,4,11,173,1056.7421875,166,1058.9609375,0.8940095172531084,0.21779562220199242,
me_seed0,me,0,legs12_paralysed,top_k,4,12,697,1057.0955810546875,166,1058.9609375,0.8940095172531084,0.21779562220199242,
me_seed0,me,0,legs12_paralysed,top_k,4,13,689,1055.884033203125,166,1058.9609375,0.8940095172531084,0.21779562220199242,
me_seed0,me,0,legs12_paralysed,top_k,4,14,198,1056.6239013671875,166,1058.9609375,0.8940095172531084,0.21779562220199242,
me_seed0,me,0,legs12_paralysed,top_k,4,15,960,1057.479736328125,166,1058.9609375,0.8940095172531084,0.21779562220199242,
me_seed0,me,0,legs12_paralysed,top_k,4,16,864,1058.0665283203125,166,1058.9609375,0.8940095172531084,0.21779562220199242,
me_seed0,me,0,legs12_paralysed,top_k,4,17,682,1058.80712890625,166,1058.9609375,0.8940095172531084,0.21779562220199242,
me_seed0,me,0,legs12_paralysed,top_k,4,18,691,1056.299560546875,166,1058.9609375,0.8940095172531084,0.21779562220199242,
me_seed0,me,0,legs12_paralysed,top_k,4,19,957,1057.415771484375,166,1058.9609375,0.8940095172531084,0.21779562220199242,
me_seed0,me,0,legs12_paralysed,top_k,4,20,321,1057.6785888671875,166,1058.9609375,0.8940095172531084,0.21779562220199242,
me_seed0,me,0,legs12_paralysed,best_intact,0,1,285,1056.723876953125,285,1056.66552734375,-6.970396808734158,-1.698104864272081,
me_seed0,me,0,legs12_paralysed,best_intact,1,1,285,1057.119873046875,285,1056.66552734375,-6.970396808734158,-1.698104864272081,
me_seed0,me,0,legs12_paralysed,best_intact,2,1,285,1056.513916015625,285,1056.66552734375,-6.970396808734158,-1.698104864272081,
me_seed0,me,0,legs12_paralysed,best_intact,3,1,285,1056.286865234375,285,1056.66552734375,-6.970396808734158,-1.698104864272081,
me_seed0,me,0,legs12_paralysed,best_intact,4,1,285,1056.3448486328125,285,1056.66552734375,-6.970396808734158,-1.698104864272081,
me_seed0,me,0,legs14_paralysed,ite,0,1,285,1054.5218505859375,285,1057.681884765625,-2.541738587714539,-0.8497860251749136,6
me_seed0,me,0,legs14_paralysed,ite,0,2,586,1067.9381103515625,586,1072.2005615234375,33.70433622967918,11.268457761241107,6
me_seed0,me,0,legs14_paralysed,ite,0,3,173,1082.0855712890625,173,1085.4942626953125,66.89224276644916,22.364256249754167,6
me_seed0,me,0,legs14_paralysed,ite,0,4,611,1060.5889892578125,173,1085.4942626953125,66.89224276644916,22.364256249754167,6
me_seed0,me,0,legs14_paralysed,ite,0,5,940,1059.42431640625,173,1085.4942626953125,66.89224276644916,22.364256249754167,6
me_seed0,me,0,legs14_paralysed,ite,0,6,277,1101.7763671875,277,1077.835205078125,47.771300820143686,15.971502355750614,6
me_seed0,me,0,legs14_paralysed,ite,0,7,277,1079.7806396484375,277,1077.835205078125,47.771300820143686,15.971502355750614,6
me_seed0,me,0,legs14_paralysed,ite,0,8,515,1076.009033203125,277,1077.835205078125,47.771300820143686,15.971502355750614,6
me_seed0,me,0,legs14_paralysed,ite,0,9,277,1088.2752685546875,277,1077.835205078125,47.771300820143686,15.971502355750614,6
me_seed0,me,0,legs14_paralysed,ite,0,10,467,1059.840087890625,277,1077.835205078125,47.771300820143686,15.971502355750614,6
me_seed0,me,0,legs14_paralysed,ite,0,11,277,1079.458251953125,277,1077.835205078125,47.771300820143686,15.971502355750614,6
me_seed0,me,0,legs14_paralysed,ite,0,12,335,1080.0543212890625,277,1077.835205078125,47.771300820143686,15.971502355750614,6
me_seed0,me,0,legs14_paralysed,ite,0,13,277,1078.109130859375,277,1077.835205078125,47.771300820143686,15.971502355750614,6
me_seed0,me,0,legs14_paralysed,ite,0,14,223,1057.6470947265625,277,1077.835205078125,47.771300820143686,15.971502355750614,6
me_seed0,me,0,legs14_paralysed,ite,0,15,173,1083.871826171875,277,1077.835205078125,47.771300820143686,15.971502355750614,6
me_seed0,me,0,legs14_paralysed,ite,0,16,277,1079.7305908203125,277,1077.835205078125,47.771300820143686,15.971502355750614,6
me_seed0,me,0,legs14_paralysed,ite,0,17,173,1078.056396484375,277,1077.835205078125,47.771300820143686,15.971502355750614,6
me_seed0,me,0,legs14_paralysed,ite,0,18,411,1097.8458251953125,277,1077.835205078125,47.771300820143686,15.971502355750614,6
me_seed0,me,0,legs14_paralysed,ite,0,19,411,1095.8055419921875,277,1077.835205078125,47.771300820143686,15.971502355750614,6
me_seed0,me,0,legs14_paralysed,ite,0,20,411,1098.686767578125,277,1077.835205078125,47.771300820143686,15.971502355750614,6
me_seed0,me,0,legs14_paralysed,ite,1,1,285,1076.78662109375,285,1057.681884765625,-2.541738587714539,-0.8497860251749136,8
me_seed0,me,0,legs14_paralysed,ite,1,2,586,1057.603515625,285,1057.681884765625,-2.541738587714539,-0.8497860251749136,8
me_seed0,me,0,legs14_paralysed,ite,1,3,173,1086.4637451171875,173,1085.4942626953125,66.89224276644916,22.364256249754167,8
me_seed0,me,0,legs14_paralysed,ite,1,4,515,1057.733154296875,173,1085.4942626953125,66.89224276644916,22.364256249754167,8
me_seed0,me,0,legs14_paralysed,ite,1,5,467,1063.2515869140625,173,1085.4942626953125,66.89224276644916,22.364256249754167,8
me_seed0,me,0,legs14_paralysed,ite,1,6,277,1089.1004638671875,277,1077.835205078125,47.771300820143686,15.971502355750614,8
me_seed0,me,0,legs14_paralysed,ite,1,7,611,1053.9609375,277,1077.835205078125,47.771300820143686,15.971502355750614,8
me_seed0,me,0,legs14_paralysed,ite,1,8,940,1058.48876953125,277,1077.835205078125,47.771300820143686,15.971502355750614,8
me_seed0,me,0,legs14_paralysed,ite,1,9,411,1096.886474609375,411,1097.893798828125,97.8478540709751,32.7137257091552,8
me_seed0,me,0,legs14_paralysed,ite,1,10,411,1100.0552978515625,411,1097.893798828125,97.8478540709751,32.7137257091552,8
me_seed0,me,0,legs14_paralysed,ite,1,11,411,1094.543701171875,411,1097.893798828125,97.8478540709751,32.7137257091552,8
me_seed0,me,0,legs14_paralysed,ite,1,12,411,1099.7664794921875,411,1097.893798828125,97.8478540709751,32.7137257091552,8
me_seed0,me,0,legs14_paralysed,ite,1,13,411,1098.457763671875,411,1097.893798828125,97.8478540709751,32.7137257091552,8
me_seed0,me,0,legs14_paralysed,ite,1,14,411,1100.290283203125,411,1097.893798828125,97.8478540709751,32.7137257091552,8
me_seed0,me,0,legs14_paralysed,ite,1,15,411,1102.4097900390625,411,1097.893798828125,97.8478540709751,32.7137257091552,8
me_seed0,me,0,legs14_paralysed,ite,1,16,411,1096.36669921875,411,1097.893798828125,97.8478540709751,32.7137257091552,8
me_seed0,me,0,legs14_paralysed,ite,1,17,411,1097.38232421875,411,1097.893798828125,97.8478540709751,32.7137257091552,8
me_seed0,me,0,legs14_paralysed,ite,1,18,411,1101.789794921875,411,1097.893798828125,97.8478540709751,32.7137257091552,8
me_seed0,me,0,legs14_paralysed,ite,1,19,411,1093.741455078125,411,1097.893798828125,97.8478540709751,32.7137257091552,8
me_seed0,me,0,legs14_paralysed,ite,1,20,411,1096.49951171875,411,1097.893798828125,97.8478540709751,32.7137257091552,8
me_seed0,me,0,legs14_paralysed,ite,2,1,285,1052.1904296875,285,1057.681884765625,-2.541738587714539,-0.8497860251749136,9
me_seed0,me,0,legs14_paralysed,ite,2,2,586,1079.499267578125,586,1072.2005615234375,33.70433622967918,11.268457761241107,9
me_seed0,me,0,legs14_paralysed,ite,2,3,611,1055.766357421875,586,1072.2005615234375,33.70433622967918,11.268457761241107,9
me_seed0,me,0,legs14_paralysed,ite,2,4,173,1069.029541015625,586,1072.2005615234375,33.70433622967918,11.268457761241107,9
me_seed0,me,0,legs14_paralysed,ite,2,5,940,1061.80908203125,586,1072.2005615234375,33.70433622967918,11.268457761241107,9
me_seed0,me,0,legs14_paralysed,ite,2,6,277,1084.4678955078125,277,1077.835205078125,47.771300820143686,15.971502355750614,9
me_seed0,me,0,legs14_paralysed,ite,2,7,223,1066.5921630859375,277,1077.835205078125,47.771300820143686,15.971502355750614,9
me_seed0,me,0,legs14_paralysed,ite,2,8,277,1081.008056640625,277,1077.835205078125,47.771300820143686,15.971502355750614,9
me_seed0,me,0,legs14_paralysed,ite,2,9,335,1087.142822265625,335,1087.173095703125,71.08347229942558,23.765520841887646,9
me_seed0,me,0,legs14_paralysed,ite,2,10,411,1099.98046875,411,1097.893798828125,97.8478540709751,32.7137257091552,9
me_seed0,me,0,legs14_paralysed,ite,2,11,411,1094.001708984375,411,1097.893798828125,97.8478540709751,32.7137257091552,9
me_seed0,me,0,legs14_paralysed,ite,2,12,411,1094.9969482421875,411,1097.893798828125,97.8478540709751,32.7137257091552,9
me_seed0,me,0,legs14_paralysed,ite,2,13,411,1097.8172607421875,411,1097.893798828125,97.8478540709751,32.7137257091552,9
me_seed0,me,0,legs14_paralysed,ite,2,14,411,1095.5377197265625,411,1097.893798828125,97.8478540709751,32.7137257091552,9
me_seed0,me,0,legs14_paralysed,ite,2,15,411,1095.739501953125,411,1097.893798828125,97.8478540709751,32.7137257091552,9
me_seed0,me,0,legs14_paralysed,ite,2,16,411,1097.28857421875,411,1097.893798828125,97.8478540709751,32.7137257091552,9
me_seed0,me,0,legs14_paralysed,ite,2,17,411,1097.315185546875,411,1097.893798828125,97.8478540709751,32.7137257091552,9
me_seed0,me,0,legs14_paralysed,ite,2,18,411,1105.6329345703125,411,1097.893798828125,97.8478540709751,32.7137257091552,9
me_seed0,me,0,legs14_paralysed,ite,2,19,411,1098.3033447265625,411,1097.893798828125,97.8478540709751,32.7137257091552,9
me_seed0,me,0,legs14_paralysed,ite,2,20,411,1095.27880859375,411,1097.893798828125,97.8478540709751,32.7137257091552,9
me_seed0,me,0,legs14_paralysed,ite,3,1,285,1063.4931640625,285,1057.681884765625,-2.541738587714539,-0.8497860251749136,6
me_seed0,me,0,legs14_paralysed,ite,3,2,586,1057.097900390625,285,1057.681884765625,-2.541738587714539,-0.8497860251749136,6
me_seed0,me,0,legs14_paralysed,ite,3,3,173,1083.549072265625,173,1085.4942626953125,66.89224276644916,22.364256249754167,6
me_seed0,me,0,legs14_paralysed,ite,3,4,611,1054.910888671875,173,1085.4942626953125,66.89224276644916,22.364256249754167,6
me_seed0,me,0,legs14_paralysed,ite,3,5,940,1063.856689453125,173,1085.4942626953125,66.89224276644916,22.364256249754167,6
me_seed0,me,0,legs14_paralysed,ite,3,6,173,1090.1934814453125,173,1085.4942626953125,66.89224276644916,22.364256249754167,6
me_seed0,me,0,legs14_paralysed,ite,3,7,277,1078.643310546875,173,1085.4942626953125,66.89224276644916,22.364256249754167,6
me_seed0,me,0,legs14_paralysed,ite,3,8,515,1062.7864990234375,173,1085.4942626953125,66.89224276644916,22.364256249754167,6
me_seed0,me,0,legs14_paralysed,ite,3,9,467,1059.58349609375,173,1085.4942626953125,66.89224276644916,22.364256249754167,6
me_seed0,me,0,legs14_paralysed,ite,3,10,335,1088.350830078125,173,1085.4942626953125,66.89224276644916,22.364256249754167,6
me_seed0,me,0,legs14_paralysed,ite,3,11,335,1078.8758544921875,173,1085.4942626953125,66.89224276644916,22.364256249754167,6
me_seed0,me,0,legs14_paralysed,ite,3,12,173,1077.888671875,173,1085.4942626953125,66.89224276644916,22.364256249754167,6
me_seed0,me,0,legs14_paralysed,ite,3,13,411,1097.210205078125,411,1097.893798828125,97.8478540709751,32.7137257091552,6
me_seed0,me,0,legs14_paralysed,ite,3,14,411,1098.03662109375,411,1097.893798828125,97.8478540709751,32.7137257091552,6
me_seed0,me,0,legs14_paralysed,ite,3,15,411,1094.442138671875,411,1097.893798828125,97.8478540709751,32.7137257091552,6
me_seed0,me,0,legs14_paralysed,ite,3,16,411,1092.481201171875,411,1097.893798828125,97.8478540709751,32.7137257091552,6
me_seed0,me,0,legs14_paralysed,ite,3,17,411,1096.292724609375,411,1097.893798828125,97.8478540709751,32.7137257091552,6
me_seed0,me,0,legs14_paralysed,ite,3,18,411,1096.697998046875,411,1097.893798828125,97.8478540709751,32.7137257091552,6
me_seed0,me,0,legs14_paralysed,ite,3,19,411,1098.30029296875,411,1097.893798828125,97.8478540709751,32.7137257091552,6
me_seed0,me,0,legs14_paralysed,ite,3,20,411,1097.65185546875,411,1097.893798828125,97.8478540709751,32.7137257091552,6
me_seed0,me,0,legs14_paralysed,ite,4,1,285,1061.6361083984375,285,1057.681884765625,-2.541738587714539,-0.8497860251749136,7
me_seed0,me,0,legs14_paralysed,ite,4,2,586,1060.3668212890625,285,1057.681884765625,-2.541738587714539,-0.8497860251749136,7
me_seed0,me,0,legs14_paralysed,ite,4,3,173,1073.078857421875,173,1085.4942626953125,66.89224276644916,22.364256249754167,7
me_seed0,me,0,legs14_paralysed,ite,4,4,611,1063.406494140625,173,1085.4942626953125,66.89224276644916,22.364256249754167,7
me_seed0,me,0,legs14_paralysed,ite,4,5,940,1058.71142578125,173,1085.4942626953125,66.89224276644916,22.364256249754167,7
me_seed0,me,0,legs14_paralysed,ite,4,6,277,1069.501953125,173,1085.4942626953125,66.89224276644916,22.364256249754167,7
me_seed0,me,0,legs14_paralysed,ite,4,7,411,1096.6351318359375,411,1097.893798828125,97.8478540709751,32.7137257091552,7
me_seed0,me,0,legs14_paralysed,ite,4,8,411,1090.846435546875,411,1097.893798828125,97.8478540709751,32.7137257091552,7
me_seed0,me,0,legs14_paralysed,ite,4,9,411,1096.436767578125,411,1097.893798828125,97.8478540709751,32.7137257091552,7
me_seed0,me,0,legs14_paralysed,ite,4,10,411,1098.536865234375,411,1097.893798828125,97.8478540709751,32.7137257091552,7
me_seed0,me,0,legs14_paralysed,ite,4,11,411,1096.387451171875,411,1097.893798828125,97.8478540709751,32.7137257091552,7
me_seed0,me,0,legs14_paralysed,ite,4,12,411,1096.057373046875,411,1097.893798828125,97.8478540709751,32.7137257091552,7
me_seed0,me,0,legs14_paralysed,ite,4,13,411,1093.62939453125,411,1097.893798828125,97.8478540709751,32.7137257091552,7
me_seed0,me,0,legs14_paralysed,ite,4,14,411,1098.910400390625,411,1097.893798828125,97.8478540709751,32.7137257091552,7
me_seed0,me,0,legs14_paralysed,ite,4,15,411,1097.871826171875,411,1097.893798828125,97.8478540709751,32.7137257091552,7
me_seed0,me,0,legs14_paralysed,ite,4,16,411,1096.46875,411,1097.893798828125,97.8478540709751,32.7137257091552,7
me_seed0,me,0,legs14_paralysed,ite,4,17,411,1096.254150390625,411,1097.893798828125,97.8478540709751,32.7137257091552,7
me_seed0,me,0,legs14_paralysed,ite,4,18,411,1097.8544921875,411,1097.893798828125,97.8478540709751,32.7137257091552,7
me_seed0,me,0,legs14_paralysed,ite,4,19,411,1097.45556640625,411,1097.893798828125,97.8478540709751,32.7137257091552,7
me_seed0,me,0,legs14_paralysed,ite,4,20,411,1092.708251953125,411,1097.893798828125,97.8478540709751,32.7137257091552,7
me_seed0,me,0,legs14_paralysed,top_k,0,1,285,1051.9228515625,285,1057.681884765625,-2.541738587714539,-0.8497860251749136,
me_seed0,me,0,legs14_paralysed,top_k,0,2,911,1058.5765380859375,911,1063.5906982421875,12.209694957237351,4.082098842288261,
me_seed0,me,0,legs14_paralysed,top_k,0,3,166,1062.53759765625,166,1057.964599609375,-1.8359371190623626,-0.6138135976768305,
me_seed0,me,0,legs14_paralysed,top_k,0,4,228,1063.45166015625,228,1063.43115234375,11.811386442760497,3.9489313281518204,
me_seed0,me,0,legs14_paralysed,top_k,0,5,458,1060.6329345703125,228,1063.43115234375,11.811386442760497,3.9489313281518204,
me_seed0,me,0,legs14_paralysed,top_k,0,6,515,1073.906982421875,515,1061.0037841796875,5.751428668948529,1.9228899979275624,
me_seed0,me,0,legs14_paralysed,top_k,0,7,761,1074.076904296875,761,1075.03076171875,40.769969671259794,13.630729234273515,
me_seed0,me,0,legs14_paralysed,top_k,0,8,12,1063.53125,761,1075.03076171875,40.769969671259794,13.630729234273515,
me_seed0,me,0,legs14_paralysed,top_k,0,9,411,1096.76318359375,411,1097.893798828125,97.8478540709751,32.7137257091552,
me_seed0,me,0,legs14_paralysed,top_k,0,10,612,1065.746337890625,411,1097.893798828125,97.8478540709751,32.7137257091552,
me_seed0,me,0,legs14_paralysed,top_k,0,11,173,1064.58251953125,411,1097.893798828125,97.8478540709751,32.7137257091552,
me_seed0,me,0,legs14_paralysed,top_k,0,12,697,1067.08984375,411,1097.893798828125,97.8478540709751,32.7137257091552,
me_seed0,me,0,legs14_paralysed,top_k,0,13,689,1067.371337890625,411,1097.893798828125,97.8478540709751,32.7137257091552,
me_seed0,me,0,legs14_paralysed,top_k,0,14,198,1081.68359375,411,1097.893798828125,97.8478540709751,32.7137257091552,
me_seed0,me,0,legs14_paralysed,top_k,0,15,960,1096.213623046875,411,1097.893798828125,97.8478540709751,32.7137257091552,
me_seed0,me,0,legs14_paralysed,top_k,0,16,864,1081.15185546875,411,1097.893798828125,97.8478540709751,32.7137257091552,
me_seed0,me,0,legs14_paralysed,top_k,0,17,682,1088.8116455078125,411,1097.893798828125,97.8478540709751,32.7137257091552,
me_seed0,me,0,legs14_paralysed,top_k,0,18,691,1062.592041015625,411,1097.893798828125,97.8478540709751,32.7137257091552,
me_seed0,me,0,legs14_paralysed,top_k,0,19,957,1060.4365234375,411,1097.893798828125,97.8478540709751,32.7137257091552,
me_seed0,me,0,legs14_paralysed,top_k,0,20,321,1053.5009765625,411,1097.893798828125,97.8478540709751,32.7137257091552,
me_seed0,me,0,legs14_paralysed,top_k,1,1,285,1063.86572265625,285,1057.681884765625,-2.541738587714539,-0.8497860251749136,
me_seed0,me,0,legs14_paralysed,top_k,1,2,911,1058.560302734375,285,1057.681884765625,-2.541738587714539,-0.8497860251749136,
me_seed0,me,0,legs14_paralysed,top_k,1,3,166,1065.01611328125,166,1057.964599609375,-1.8359371190623626,-0.6138135976768305,
me_seed0,me,0,legs14_paralysed,top_k,1,4,228,1062.5694580078125,166,1057.964599609375,-1.8359371190623626,-0.6138135976768305,
me_seed0,me,0,legs14_paralysed,top_k,1,5,458,1063.16943359375,166,1057.964599609375,-1.8359371190623626,-0.6138135976768305,
me_seed0,me,0,legs14_paralysed,top_k,1,6,515,1066.428955078125,515,1061.0037841796875,5.751428668948529,1.9228899979275624,
me_seed0,me,0,legs14_paralysed,top_k,1,7,761,1080.490966796875,761,1075.03076171875,40.769969671259794,13.630729234273515,
me_seed0,me,0,legs14_paralysed,top_k,1,8,12,1069.983642578125,761,1075.03076171875,40.769969671259794,13.630729234273515,
me_seed0,me,0,legs14_paralysed,top_k,1,9,411,1094.3453369140625,411,1097.893798828125,97.8478540709751,32.7137257091552,
me_seed0,me,0,legs14_paralysed,top_k,1,10,612,1069.5234375,411,1097.893798828125,97.8478540709751,32.7137257091552,
me_seed0,me,0,legs14_paralysed,top_k,1,11,173,1066.14794921875,411,1097.893798828125,97.8478540709751,32.7137257091552,
me_seed0,me,0,legs14_paralysed,top_k,1,12,697,1060.571044921875,411,1097.893798828125,97.8478540709751,32.7137257091552,
me_seed0,me,0,legs14_paralysed,top_k,1,13,689,1082.145751953125,411,1097.893798828125,97.8478540709751,32.7137257091552,
me_seed0,me,0,legs14_paralysed,top_k,1,14,198,1064.0765380859375,411,1097.893798828125,97.8478540709751,32.7137257091552,
me_seed0,me,0,legs14_paralysed,top_k,1,15,960,1097.5849609375,960,1096.203369140625,93.62767326877504,31.302781764425724,
me_seed0,me,0,legs14_paralysed,top_k,1,16,864,1062.050537109375,960,1096.203369140625,93.62767326877504,31.302781764425724,
me_seed0,me,0,legs14_paralysed,top_k,1,17,682,1086.565185546875,960,1096.203369140625,93.62767326877504,31.302781764425724,
me_seed0,me,0,legs14_paralysed,top_k,1,18,691,1057.3101806640625,960,1096.203369140625,93.62767326877504,31.302781764425724,
me_seed0,me,0,legs14_paralysed,top_k,1,19,957,1062.836669921875,960,1096.203369140625,93.62767326877504,31.302781764425724,
me_seed0,me,0,legs14_paralysed,top_k,1,20,321,1064.612060546875,960,1096.203369140625,93.62767326877504,31.302781764425724,
me_seed0,me,0,legs14_paralysed,top_k,2,1,285,1065.8162841796875,285,1057.681884765625,-2.541738587714539,-0.8497860251749136,
me_seed0,me,0,legs14_paralysed,top_k,2,2,911,1063.833251953125,285,1057.681884765625,-2.541738587714539,-0.8497860251749136,
me_seed0,me,0,legs14_paralysed,top_k,2,3,166,1061.9954833984375,285,1057.681884765625,-2.541738587714539,-0.8497860251749136,
me_seed0,me,0,legs14_paralysed,top_k,2,4,228,1063.540771484375,285,1057.681884765625,-2.541738587714539,-0.8497860251749136,
me_seed0,me,0,legs14_paralysed,top_k,2,5,458,1061.07275390625,285,1057.681884765625,-2.541738587714539,-0.8497860251749136,
me_seed0,me,0,legs14_paralysed,top_k,2,6,515,1068.425048828125,515,1061.0037841796875,5.751428668948529,1.9228899979275624,
me_seed0,me,0,legs14_paralysed,top_k,2,7,761,1079.612548828125,761,1075.03076171875,40.769969671259794,13.630729234273515,
me_seed0,me,0,legs14_paralysed,top_k,2,8,12,1062.871337890625,761,1075.03076171875,40.769969671259794,13.630729234273515,
me_seed0,me,0,legs14_paralysed,top_k,2,9,411,1096.4130859375,411,1097.893798828125,97.8478540709751,32.7137257091552,
me_seed0,me,0,legs14_paralysed,top_k,2,10,612,1063.243896484375,411,1097.893798828125,97.8478540709751,32.7137257091552,
me_seed0,me,0,legs14_paralysed,top_k,2,11,173,1081.909912109375,411,1097.893798828125,97.8478540709751,32.7137257091552,
me_seed0,me,0,legs14_paralysed,top_k,2,12,697,1058.1544189453125,411,1097.893798828125,97.8478540709751,32.7137257091552,
me_seed0,me,0,legs14_paralysed,top_k,2,13,689,1064.8099365234375,411,1097.893798828125,97.8478540709751,32.7137257091552,
me_seed0,me,0,legs14_paralysed,top_k,2,14,198,1083.227783203125,411,1097.893798828125,97.8478540709751,32.7137257091552,
me_seed0,me,0,legs14_paralysed,top_k,2,15,960,1094.9169921875,411,1097.893798828125,97.8478540709751,32.7137257091552,
me_seed0,me,0,legs14_paralysed,top_k,2,16,864,1063.950439453125,411,1097.893798828125,97.8478540709751,32.7137257091552,
me_seed0,me,0,legs14_paralysed,top_k,2,17,682,1085.41259765625,411,1097.893798828125,97.8478540709751,32.7137257091552,
me_seed0,me,0,legs14_paralysed,top_k,2,18,691,1062.954345703125,411,1097.893798828125,97.8478540709751,32.7137257091552,
me_seed0,me,0,legs14_paralysed,top_k,2,19,957,1062.9732666015625,411,1097.893798828125,97.8478540709751,32.7137257091552,
me_seed0,me,0,legs14_paralysed,top_k,2,20,321,1076.240966796875,411,1097.893798828125,97.8478540709751,32.7137257091552,
me_seed0,me,0,legs14_paralysed,top_k,3,1,285,1061.3818359375,285,1057.681884765625,-2.541738587714539,-0.8497860251749136,
me_seed0,me,0,legs14_paralysed,top_k,3,2,911,1058.8211669921875,285,1057.681884765625,-2.541738587714539,-0.8497860251749136,
me_seed0,me,0,legs14_paralysed,top_k,3,3,166,1057.4774169921875,285,1057.681884765625,-2.541738587714539,-0.8497860251749136,
me_seed0,me,0,legs14_paralysed,top_k,3,4,228,1065.836181640625,228,1063.43115234375,11.811386442760497,3.9489313281518204,
me_seed0,me,0,legs14_paralysed,top_k,3,5,458,1060.18310546875,228,1063.43115234375,11.811386442760497,3.9489313281518204,
me_seed0,me,0,legs14_paralysed,top_k,3,6,515,1062.4981689453125,228,1063.43115234375,11.811386442760497,3.9489313281518204,
me_seed0,me,0,legs14_paralysed,top_k,3,7,761,1075.9862060546875,761,1075.03076171875,40.769969671259794,13.630729234273515,
me_seed0,me,0,legs14_paralysed,top_k,3,8,12,1057.97900390625,761,1075.03076171875,40.769969671259794,13.630729234273515,
me_seed0,me,0,legs14_paralysed,top_k,3,9,411,1098.2353515625,411,1097.893798828125,97.8478540709751,32.7137257091552,
me_seed0,me,0,legs14_paralysed,top_k,3,10,612,1091.001220703125,411,1097.893798828125,97.8478540709751,32.7137257091552,
me_seed0,me,0,legs14_paralysed,top_k,3,11,173,1091.967529296875,411,1097.893798828125,97.8478540709751,32.7137257091552,
me_seed0,me,0,legs14_paralysed,top_k,3,12,697,1057.365234375,411,1097.893798828125,97.8478540709751,32.7137257091552,
me_seed0,me,0,legs14_paralysed,top_k,3,13,689,1082.8790283203125,411,1097.893798828125,97.8478540709751,32.7137257091552,
me_seed0,me,0,legs14_paralysed,top_k,3,14,198,1074.1915283203125,411,1097.893798828125,97.8478540709751,32.7137257091552,
me_seed0,me,0,legs14_paralysed,top_k,3,15,960,1080.5537109375,411,1097.893798828125,97.8478540709751,32.7137257091552,
me_seed0,me,0,legs14_paralysed,top_k,3,16,864,1071.1490478515625,411,1097.893798828125,97.8478540709751,32.7137257091552,
me_seed0,me,0,legs14_paralysed,top_k,3,17,682,1083.206787109375,411,1097.893798828125,97.8478540709751,32.7137257091552,
me_seed0,me,0,legs14_paralysed,top_k,3,18,691,1058.049072265625,411,1097.893798828125,97.8478540709751,32.7137257091552,
me_seed0,me,0,legs14_paralysed,top_k,3,19,957,1059.440673828125,411,1097.893798828125,97.8478540709751,32.7137257091552,
me_seed0,me,0,legs14_paralysed,top_k,3,20,321,1054.607421875,411,1097.893798828125,97.8478540709751,32.7137257091552,
me_seed0,me,0,legs14_paralysed,top_k,4,1,285,1061.1474609375,285,1057.681884765625,-2.541738587714539,-0.8497860251749136,
me_seed0,me,0,legs14_paralysed,top_k,4,2,911,1068.1805419921875,911,1063.5906982421875,12.209694957237351,4.082098842288261,
me_seed0,me,0,legs14_paralysed,top_k,4,3,166,1057.379638671875,911,1063.5906982421875,12.209694957237351,4.082098842288261,
me_seed0,me,0,legs14_paralysed,top_k,4,4,228,1061.3876953125,911,1063.5906982421875,12.209694957237351,4.082098842288261,
me_seed0,me,0,legs14_paralysed,top_k,4,5,458,1062.0499267578125,911,1063.5906982421875,12.209694957237351,4.082098842288261,
me_seed0,me,0,legs14_paralysed,top_k,4,6,515,1056.746337890625,911,1063.5906982421875,12.209694957237351,4.082098842288261,
me_seed0,me,0,legs14_paralysed,top_k,4,7,761,1076.3013916015625,761,1075.03076171875,40.769969671259794,13.630729234273515,
me_seed0,me,0,legs14_paralysed,top_k,4,8,12,1057.5379638671875,761,1075.03076171875,40.769969671259794,13.630729234273515,
me_seed0,me,0,legs14_paralysed,top_k,4,9,411,1095.005859375,411,1097.893798828125,97.8478540709751,32.7137257091552,
me_seed0,me,0,legs14_paralysed,top_k,4,10,612,1066.1451416015625,411,1097.893798828125,97.8478540709751,32.7137257091552,
me_seed0,me,0,legs14_paralysed,top_k,4,11,173,1085.310791015625,411,1097.893798828125,97.8478540709751,32.7137257091552,
me_seed0,me,0,legs14_paralysed,top_k,4,12,697,1057.4130859375,411,1097.893798828125,97.8478540709751,32.7137257091552,
me_seed0,me,0,legs14_paralysed,top_k,4,13,689,1080.46533203125,411,1097.893798828125,97.8478540709751,32.7137257091552,
me_seed0,me,0,legs14_paralysed,top_k,4,14,198,1080.4647216796875,411,1097.893798828125,97.8478540709751,32.7137257091552,
me_seed0,me,0,legs14_paralysed,top_k,4,15,960,1096.167236328125,960,1096.203369140625,93.62767326877504,31.302781764425724,
me_seed0,me,0,legs14_paralysed,top_k,4,16,864,1078.2330322265625,960,1096.203369140625,93.62767326877504,31.302781764425724,
me_seed0,me,0,legs14_paralysed,top_k,4,17,682,1089.394287109375,960,1096.203369140625,93.62767326877504,31.302781764425724,
me_seed0,me,0,legs14_paralysed,top_k,4,18,691,1058.9873046875,960,1096.203369140625,93.62767326877504,31.302781764425724,
me_seed0,me,0,legs14_paralysed,top_k,4,19,957,1063.065185546875,960,1096.203369140625,93.62767326877504,31.302781764425724,
me_seed0,me,0,legs14_paralysed,top_k,4,20,321,1059.8148193359375,960,1096.203369140625,93.62767326877504,31.302781764425724,
me_seed0,me,0,legs14_paralysed,best_intact,0,1,285,1066.282958984375,285,1057.681884765625,-2.541738587714539,-0.8497860251749136,
me_seed0,me,0,legs14_paralysed,best_intact,1,1,285,1061.8004150390625,285,1057.681884765625,-2.541738587714539,-0.8497860251749136,
me_seed0,me,0,legs14_paralysed,best_intact,2,1,285,1053.2442626953125,285,1057.681884765625,-2.541738587714539,-0.8497860251749136,
me_seed0,me,0,legs14_paralysed,best_intact,3,1,285,1074.35400390625,285,1057.681884765625,-2.541738587714539,-0.8497860251749136,
me_seed0,me,0,legs14_paralysed,best_intact,4,1,285,1053.1279296875,285,1057.681884765625,-2.541738587714539,-0.8497860251749136,
me_seed0,me,0,ankle1_paralysed,ite,0,1,285,1088.577392578125,285,1095.8944091796875,30.248585190278305,31.04490343368408,2
me_seed0,me,0,ankle1_paralysed,ite,0,2,586,1131.158447265625,586,1105.8663330078125,38.35831442320653,39.368127787016725,2
me_seed0,me,0,ankle1_paralysed,ite,0,3,611,1123.74267578125,586,1105.8663330078125,38.35831442320653,39.368127787016725,2
me_seed0,me,0,ankle1_paralysed,ite,0,4,586,1118.4532470703125,586,1105.8663330078125,38.35831442320653,39.368127787016725,2
me_seed0,me,0,ankle1_paralysed,ite,0,5,515,1069.384765625,586,1105.8663330078125,38.35831442320653,39.368127787016725,2
me_seed0,me,0,ankle1_paralysed,ite,0,6,586,1137.46484375,586,1105.8663330078125,38.35831442320653,39.368127787016725,2
me_seed0,me,0,ankle1_paralysed,ite,0,7,586,1074.90966796875,586,1105.8663330078125,38.35831442320653,39.368127787016725,2
me_seed0,me,0,ankle1_paralysed,ite,0,8,611,1083.2525634765625,586,1105.8663330078125,38.35831442320653,39.368127787016725,2
me_seed0,me,0,ankle1_paralysed,ite,0,9,277,1149.788818359375,277,1146.716552734375,71.58001033645498,73.46441146581466,2
me_seed0,me,0,ankle1_paralysed,ite,0,10,277,1175.457763671875,277,1146.716552734375,71.58001033645498,73.46441146581466,2
me_seed0,me,0,ankle1_paralysed,ite,0,11,277,1124.3173828125,277,1146.716552734375,71.58001033645498,73.46441146581466,2
me_seed0,me,0,ankle1_paralysed,ite,0,12,277,1137.2757568359375,277,1146.716552734375,71.58001033645498,73.46441146581466,2
me_seed0,me,0,ankle1_paralysed,ite,0,13,277,1165.3680419921875,277,1146.716552734375,71.58001033645498,73.46441146581466,2
me_seed0,me,0,ankle1_paralysed,ite,0,14,277,1153.535400390625,277,1146.716552734375,71.58001033645498,73.46441146581466,2
me_seed0,me,0,ankle1_paralysed,ite,0,15,277,1169.2823486328125,277,1146.716552734375,71.58001033645498,73.46441146581466,2
me_seed0,me,0,ankle1_paralysed,ite,0,16,277,1161.4913330078125,277,1146.716552734375,71.58001033645498,73.46441146581466,2
me_seed0,me,0,ankle1_paralysed,ite,0,17,277,1169.57958984375,277,1146.716552734375,71.58001033645498,73.46441146581466,2
me_seed0,me,0,ankle1_paralysed,ite,0,18,277,1151.4111328125,277,1146.716552734375,71.58001033645498,73.46441146581466,2
me_seed0,me,0,ankle1_paralysed,ite,0,19,277,1152.4456787109375,277,1146.716552734375,71.58001033645498,73.46441146581466,2
me_seed0,me,0,ankle1_paralysed,ite,0,20,277,1130.1346435546875,277,1146.716552734375,71.58001033645498,73.46441146581466,2
me_seed0,me,0,ankle1_paralysed,ite,1,1,285,1068.970458984375,285,1095.8944091796875,30.248585190278305,31.04490343368408,3
me_seed0,me,0,ankle1_paralysed,ite,1,2,586,1118.102783203125,586,1105.8663330078125,38.35831442320653,39.368127787016725,3
me_seed0,me,0,ankle1_paralysed,ite,1,3,611,1124.1424560546875,611,1121.97900390625,51.46204450155591,52.81682405973239,3
me_seed0,me,0,ankle1_paralysed,ite,1,4,611,1100.611572265625,611,1121.97900390625,51.46204450155591,52.81682405973239,3
me_seed0,me,0,ankle1_paralysed,ite,1,5,277,1130.37353515625,277,1146.716552734375,71.58001033645498,73.46441146581466,3
me_seed0,me,0,ankle1_paralysed,ite,1,6,277,1157.6484375,277,1146.716552734375,71.58001033645498,73.46441146581466,3
me_seed0,me,0,ankle1_paralysed,ite,1,7,277,1149.7044677734375,277,1146.716552734375,71.58001033645498,73.46441146581466,3
me_seed0,me,0,ankle1_paralysed,ite,1,8,277,1154.4737548828125,277,1146.716552734375,71.58001033645498,73.46441146581466,3
me_seed0,me,0,ankle1_paralysed,ite,1,9,277,1154.7421875,277,1146.716552734375,71.58001033645498,73.46441146581466,3
me_seed0,me,0,ankle1_paralysed,ite,1,10,277,1147.4451904296875,277,1146.716552734375,71.58001033645498,73.46441146581466,3
me_seed0,me,0,ankle1_paralysed,ite,1,11,277,1105.868896484375,277,1146.716552734375,71.58001033645498,73.46441146581466,3
me_seed0,me,0,ankle1_paralysed,ite,1,12,277,1140.050537109375,277,1146.716552734375,71.58001033645498,73.46441146581466,3
me_seed0,me,0,ankle1_paralysed,ite,1,13,277,1183.49267578125,277,1146.716552734375,71.58001033645498,73.46441146581466,3
me_seed0,me,0,ankle1_paralysed,ite,1,14,277,1139.163330078125,277,1146.716552734375,71.58001033645498,73.46441146581466,3
me_seed0,me,0,ankle1_paralysed,ite,1,15,277,1158.459228515625,277,1146.716552734375,71.58001033645498,73.46441146581466,3
me_seed0,me,0,ankle1_paralysed,ite,1,16,277,1166.347900390625,277,1146.716552734375,71.58001033645498,73.46441146581466,3
me_seed0,me,0,ankle1_paralysed,ite,1,17,277,1164.150146484375,277,1146.716552734375,71.58001033645498,73.46441146581466,3
me_seed0,me,0,ankle1_paralysed,ite,1,18,277,1103.727783203125,277,1146.716552734375,71.58001033645498,73.46441146581466,3
me_seed0,me,0,ankle1_paralysed,ite,1,19,277,1154.689697265625,277,1146.716552734375,71.58001033645498,73.46441146581466,3
me_seed0,me,0,ankle1_paralysed,ite,1,20,277,1152.75830078125,277,1146.716552734375,71.58001033645498,73.46441146581466,3
me_seed0,me,0,ankle1_paralysed,ite,2,1,285,1070.453857421875,285,1095.8944091796875,30.248585190278305,31.04490343368408,4
me_seed0,me,0,ankle1_paralysed,ite,2,2,586,1110.467529296875,586,1105.8663330078125,38.35831442320653,39.368127787016725,4
me_seed0,me,0,ankle1_paralysed,ite,2,3,611,1066.709228515625,586,1105.8663330078125,38.35831442320653,39.368127787016725,4
me_seed0,me,0,ankle1_paralysed,ite,2,4,173,1075.747802734375,586,1105.8663330078125,38.35831442320653,39.368127787016725,4
me_seed0,me,0,ankle1_paralysed,ite,2,5,277,1184.31884765625,277,1146.716552734375,71.58001033645498,73.46441146581466,4
me_seed0,me,0,ankle1_paralysed,ite,2,6,277,1130.5445556640625,277,1146.716552734375,71.58001033645498,73.46441146581466,4
me_seed0,me,0,ankle1_paralysed,ite,2,7,277,1161.10205078125,277,1146.716552734375,71.58001033645498,73.46441146581466,4
me_seed0,me,0,ankle1_paralysed,ite,2,8,277,1156.739501953125,277,1146.716552734375,71.58001033645498,73.46441146581466,4
me_seed0,me,0,ankle1_paralysed,ite,2,9,277,1152.629638671875,277,1146.716552734375,71.58001033645498,73.46441146581466,4
me_seed0,me,0,ankle1_paralysed,ite,2,10,277,1171.669921875,277,1146.716552734375,71.58001033645498,73.46441146581466,4
me_seed0,me,0,ankle1_paralysed,ite,2,11,277,1120.542236328125,277,1146.716552734375,71.58001033645498,73.46441146581466,4
me_seed0,me,0,ankle1_paralysed,ite,2,12,277,1165.264404296875,277,1146.716552734375,71.58001033645498,73.46441146581466,4
me_seed0,me,0,ankle1_paralysed,ite,2,13,277,1161.08349609375,277,1146.716552734375,71.58001033645498,73.46441146581466,4
me_seed0,me,0,ankle1_paralysed,ite,2,14,277,1162.92626953125,277,1146.716552734375,71.58001033645498,73.46441146581466,4
me_seed0,me,0,ankle1_paralysed,ite,2,15,277,1171.608642578125,277,1146.716552734375,71.58001033645498,73.46441146581466,4
me_seed0,me,0,ankle1_paralysed,ite,2,16,277,1118.1834716796875,277,1146.716552734375,71.58001033645498,73.46441146581466,4
me_seed0,me,0,ankle1_paralysed,ite,2,17,277,1130.3438720703125,277,1146.716552734375,71.58001033645498,73.46441146581466,4
me_seed0,me,0,ankle1_paralysed,ite,2,18,277,1153.5009765625,277,1146.716552734375,71.58001033645498,73.46441146581466,4
me_seed0,me,0,ankle1_paralysed,ite,2,19,277,1097.86279296875,277,1146.716552734375,71.58001033645498,73.46441146581466,4
me_seed0,me,0,ankle1_paralysed,ite,2,20,277,1150.769287109375,277,1146.716552734375,71.58001033645498,73.46441146581466,4
me_seed0,me,0,ankle1_paralysed,ite,3,1,285,1074.156005859375,285,1095.8944091796875,30.248585190278305,31.04490343368408,2
me_seed0,me,0,ankle1_paralysed,ite,3,2,586,1144.0284423828125,586,1105.8663330078125,38.35831442320653,39.368127787016725,2
me_seed0,me,0,ankle1_paralysed,ite,3,3,586,1136.63671875,586,1105.8663330078125,38.35831442320653,39.368127787016725,2
me_seed0,me,0,ankle1_paralysed,ite,3,4,586,1120.875,586,1105.8663330078125,38.35831442320653,39.368127787016725,2
me_seed0,me,0,ankle1_paralysed,ite,3,5,586,1135.71875,586,1105.8663330078125,38.35831442320653,39.368127787016725,2
me_seed0,me,0,ankle1_paralysed,ite,3,6,586,1137.9493408203125,586,1105.8663330078125,38.35831442320653,39.368127787016725,2
me_seed0,me,0,ankle1_paralysed,ite,3,7,586,1104.1015625,586,1105.8663330078125,38.35831442320653,39.368127787016725,2
me_seed0,me,0,ankle1_paralysed,ite,3,8,611,1091.23681640625,586,1105.8663330078125,38.35831442320653,39.368127787016725,2
me_seed0,me,0,ankle1_paralysed,ite,3,9,586,1105.8155517578125,586,1105.8663330078125,38.35831442320653,39.368127787016725,2
me_seed0,me,0,ankle1_paralysed,ite,3,10,586,1123.7802734375,586,1105.8663330078125,38.35831442320653,39.368127787016725,2
me_seed0,me,0,ankle1_paralysed,ite,3,11,586,1100.01025390625,586,1105.8663330078125,38.35831442320653,39.368127787016725,2
me_seed0,me,0,ankle1_paralysed,ite,3,12,586,1151.240966796875,586,1105.8663330078125,38.35831442320653,39.368127787016725,2
me_seed0,me,0,ankle1_paralysed,ite,3,13,586,1129.10693359375,586,1105.8663330078125,38.35831442320653,39.368127787016725,2
me_seed0,me,0,ankle1_paralysed,ite,3,14,586,1132.358642578125,586,1105.8663330078125,38.35831442320653,39.368127787016725,2
me_seed0,me,0,ankle1_paralysed,ite,3,15,586,1137.050048828125,586,1105.8663330078125,38.35831442320653,39.368127787016725,2
me_seed0,me,0,ankle1_paralysed,ite,3,16,586,1139.37548828125,586,1105.8663330078125,38.35831442320653,39.368127787016725,2
me_seed0,me,0,ankle1_paralysed,ite,3,17,586,1131.68408203125,586,1105.8663330078125,38.35831442320653,39.368127787016725,2
me_seed0,me,0,ankle1_paralysed,ite,3,18,586,1120.0263671875,586,1105.8663330078125,38.35831442320653,39.368127787016725,2
me_seed0,me,0,ankle1_paralysed,ite,3,19,586,1123.3809814453125,586,1105.8663330078125,38.35831442320653,39.368127787016725,2
me_seed0,me,0,ankle1_paralysed,ite,3,20,586,1128.1094970703125,586,1105.8663330078125,38.35831442320653,39.368127787016725,2
me_seed0,me,0,ankle1_paralysed,ite,4,1,285,1072.4522705078125,285,1095.8944091796875,30.248585190278305,31.04490343368408,2
me_seed0,me,0,ankle1_paralysed,ite,4,2,586,1133.28662109375,586,1105.8663330078125,38.35831442320653,39.368127787016725,2
me_seed0,me,0,ankle1_paralysed,ite,4,3,586,1134.542236328125,586,1105.8663330078125,38.35831442320653,39.368127787016725,2
me_seed0,me,0,ankle1_paralysed,ite,4,4,586,1158.157958984375,586,1105.8663330078125,38.35831442320653,39.368127787016725,2
me_seed0,me,0,ankle1_paralysed,ite,4,5,586,1143.709228515625,586,1105.8663330078125,38.35831442320653,39.368127787016725,2
me_seed0,me,0,ankle1_paralysed,ite,4,6,586,1122.3699951171875,586,1105.8663330078125,38.35831442320653,39.368127787016725,2
me_seed0,me,0,ankle1_paralysed,ite,4,7,586,1150.37548828125,586,1105.8663330078125,38.35831442320653,39.368127787016725,2
me_seed0,me,0,ankle1_paralysed,ite,4,8,586,1111.202880859375,586,1105.8663330078125,38.35831442320653,39.368127787016725,2
me_seed0,me,0,ankle1_paralysed,ite,4,9,586,1134.9986572265625,586,1105.8663330078125,38.35831442320653,39.368127787016725,2
me_seed0,me,0,ankle1_paralysed,ite,4,10,586,1135.46826171875,586,1105.8663330078125,38.35831442320653,39.368127787016725,2
me_seed0,me,0,ankle1_paralysed,ite,4,11,586,1119.723876953125,586,1105.8663330078125,38.35831442320653,39.368127787016725,2
me_seed0,me,0,ankle1_paralysed,ite,4,12,611,1112.3248291015625,586,1105.8663330078125,38.35831442320653,39.368127787016725,2
me_seed0,me,0,ankle1_paralysed,ite,4,13,586,1114.9510498046875,586,1105.8663330078125,38.35831442320653,39.368127787016725,2
me_seed0,me,0,ankle1_paralysed,ite,4,14,586,1121.271240234375,586,1105.8663330078125,38.35831442320653,39.368127787016725,2
me_seed0,me,0,ankle1_paralysed,ite,4,15,586,1112.65283203125,586,1105.8663330078125,38.35831442320653,39.368127787016725,2
me_seed0,me,0,ankle1_paralysed,ite,4,16,586,1130.08154296875,586,1105.8663330078125,38.35831442320653,39.368127787016725,2
me_seed0,me,0,ankle1_paralysed,ite,4,17,586,1116.1881103515625,586,1105.8663330078125,38.35831442320653,39.368127787016725,2
me_seed0,me,0,ankle1_paralysed,ite,4,18,586,1105.20166015625,586,1105.8663330078125,38.35831442320653,39.368127787016725,2
me_seed0,me,0,ankle1_paralysed,ite,4,19,586,1133.0498046875,586,1105.8663330078125,38.35831442320653,39.368127787016725,2
me_seed0,me,0,ankle1_paralysed,ite,4,20,586,1089.8046875,586,1105.8663330078125,38.35831442320653,39.368127787016725,2
me_seed0,me,0,ankle1_paralysed,top_k,0,1,285,1092.994873046875,285,1095.8944091796875,30.248585190278305,31.04490343368408,
me_seed0,me,0,ankle1_paralysed,top_k,0,2,911,1066.4423828125,285,1095.8944091796875,30.248585190278305,31.04490343368408,
me_seed0,me,0,ankle1_paralysed,top_k,0,3,166,1074.878662109375,285,1095.8944091796875,30.248585190278305,31.04490343368408,
me_seed0,me,0,ankle1_paralysed,top_k,0,4,228,1073.3690185546875,285,1095.8944091796875,30.248585190278305,31.04490343368408,
me_seed0,me,0,ankle1_paralysed,top_k,0,5,458,1072.6201171875,285,1095.8944091796875,30.248585190278305,31.04490343368408,
me_seed0,me,0,ankle1_paralysed,top_k,0,6,515,1076.5025634765625,285,1095.8944091796875,30.248585190278305,31.04490343368408,
me_seed0,me,0,ankle1_paralysed,top_k,0,7,761,1075.12451171875,285,1095.8944091796875,30.248585190278305,31.04490343368408,
me_seed0,me,0,ankle1_paralysed,top_k,0,8,12,1058.34130859375,285,1095.8944091796875,30.248585190278305,31.04490343368408,
me_seed0,me,0,ankle1_paralysed,top_k,0,9,411,1074.1890869140625,285,1095.8944091796875,30.248585190278305,31.04490343368408,
me_seed0,me,0,ankle1_paralysed,top_k,0,10,612,1077.2962646484375,285,1095.8944091796875,30.248585190278305,31.04490343368408,
me_seed0,me,0,ankle1_paralysed,top_k,0,11,173,1165.983642578125,173,1111.708740234375,43.10968853040665,44.24458562487759,
me_seed0,me,0,ankle1_paralysed,top_k,0,12,697,1071.048095703125,173,1111.708740234375,43.10968853040665,44.24458562487759,
me_seed0,me,0,ankle1_paralysed,top_k,0,13,689,1093.8779296875,173,1111.708740234375,43.10968853040665,44.24458562487759,
me_seed0,me,0,ankle1_paralysed,top_k,0,14,198,1075.2587890625,173,1111.708740234375,43.10968853040665,44.24458562487759,
me_seed0,me,0,ankle1_paralysed,top_k,0,15,960,1065.26123046875,173,1111.708740234375,43.10968853040665,44.24458562487759,
me_seed0,me,0,ankle1_paralysed,top_k,0,16,864,1077.736083984375,173,1111.708740234375,43.10968853040665,44.24458562487759,
me_seed0,me,0,ankle1_paralysed,top_k,0,17,682,1159.0916748046875,173,1111.708740234375,43.10968853040665,44.24458562487759,
me_seed0,me,0,ankle1_paralysed,top_k,0,18,691,1071.087158203125,173,1111.708740234375,43.10968853040665,44.24458562487759,
me_seed0,me,0,ankle1_paralysed,top_k,0,19,957,1068.6431884765625,173,1111.708740234375,43.10968853040665,44.24458562487759,
me_seed0,me,0,ankle1_paralysed,top_k,0,20,321,1093.4072265625,173,1111.708740234375,43.10968853040665,44.24458562487759,
me_seed0,me,0,ankle1_paralysed,top_k,1,1,285,1079.8634033203125,285,1095.8944091796875,30.248585190278305,31.04490343368408,
me_seed0,me,0,ankle1_paralysed,top_k,1,2,911,1065.56396484375,285,1095.8944091796875,30.248585190278305,31.04490343368408,
me_seed0,me,0,ankle1_paralysed,top_k,1,3,166,1066.053466796875,285,1095.8944091796875,30.248585190278305,31.04490343368408,
me_seed0,me,0,ankle1_paralysed,top_k,1,4,228,1069.18310546875,285,1095.8944091796875,30.248585190278305,31.04490343368408,
me_seed0,me,0,ankle1_paralysed,top_k,1,5,458,1071.218994140625,285,1095.8944091796875,30.248585190278305,31.04490343368408,
me_seed0,me,0,ankle1_paralysed,top_k,1,6,515,1081.9970703125,515,1076.1884765625,14.222612613453283,14.597034287119724,
me_seed0,me,0,ankle1_paralysed,top_k,1,7,761,1079.4222412109375,515,1076.1884765625,14.222612613453283,14.597034287119724,
me_seed0,me,0,ankle1_paralysed,top_k,1,8,12,1060.6429443359375,515,1076.1884765625,14.222612613453283,14.597034287119724,
me_seed0,me,0,ankle1_paralysed,top_k,1,9,411,1134.1114501953125,411,1131.68017578125,59.35158302033754,60.914061001929134,
me_seed0,me,0,ankle1_paralysed,top_k,1,10,612,1135.9647216796875,612,1124.509521484375,53.52000370095121,54.92896068409995,
me_seed0,me,0,ankle1_paralysed,top_k,1,11,173,1160.4228515625,173,1111.708740234375,43.10968853040665,44.24458562487759,
me_seed0,me,0,ankle1_paralysed,top_k,1,12,697,1087.156005859375,173,1111.708740234375,43.10968853040665,44.24458562487759,
me_seed0,me,0,ankle1_paralysed,top_k,1,13,689,1129.251953125,173,1111.708740234375,43.10968853040665,44.24458562487759,
me_seed0,me,0,ankle1_paralysed,top_k,1,14,198,1081.310791015625,173,1111.708740234375,43.10968853040665,44.24458562487759,
me_seed0,me,0,ankle1_paralysed,top_k,1,15,960,1063.98486328125,173,1111.708740234375,43.10968853040665,44.24458562487759,
me_seed0,me,0,ankle1_paralysed,top_k,1,16,864,1077.077392578125,173,1111.708740234375,43.10968853040665,44.24458562487759,
me_seed0,me,0,ankle1_paralysed,top_k,1,17,682,1120.8248291015625,173,1111.708740234375,43.10968853040665,44.24458562487759,
me_seed0,me,0,ankle1_paralysed,top_k,1,18,691,1067.587158203125,173,1111.708740234375,43.10968853040665,44.24458562487759,
me_seed0,me,0,ankle1_paralysed,top_k,1,19,957,1066.2021484375,173,1111.708740234375,43.10968853040665,44.24458562487759,
me_seed0,me,0,ankle1_paralysed,top_k,1,20,321,1079.9942626953125,173,1111.708740234375,43.10968853040665,44.24458562487759,
me_seed0,me,0,ankle1_paralysed,top_k,2,1,285,1083.8028564453125,285,1095.8944091796875,30.248585190278305,31.04490343368408,
me_seed0,me,0,ankle1_paralysed,top_k,2,2,911,1154.86083984375,911,1095.5792236328125,29.992258578949862,30.78182881891722,
me_seed0,me,0,ankle1_paralysed,top_k,2,3,166,1067.58203125,911,1095.5792236328125,29.992258578949862,30.78182881891722,
me_seed0,me,0,ankle1_paralysed,top_k,2,4,228,1070.713134765625,911,1095.5792236328125,29.992258578949862,30.78182881891722,
me_seed0,me,0,ankle1_paralysed,top_k,2,5,458,1088.273193359375,911,1095.5792236328125,29.992258578949862,30.78182881891722,
me_seed0,me,0,ankle1_paralysed,top_k,2,6,515,1101.874267578125,911,1095.5792236328125,29.992258578949862,30.78182881891722,
me_seed0,me,0,ankle1_paralysed,top_k,2,7,761,1105.9501953125,911,1095.5792236328125,29.992258578949862,30.78182881891722,
me_seed0,me,0,ankle1_paralysed,top_k,2,8,12,1070.6845703125,911,1095.5792236328125,29.992258578949862,30.78182881891722,
me_seed0,me,0,ankle1_paralysed,top_k,2,9,411,1150.8916015625,911,1095.5792236328125,29.992258578949862,30.78182881891722,
me_seed0,me,0,ankle1_paralysed,top_k,2,10,612,1109.740966796875,911,1095.5792236328125,29.992258578949862,30.78182881891722,
me_seed0,me,0,ankle1_paralysed,top_k,2,11,173,1146.386962890625,911,1095.5792236328125,29.992258578949862,30.78182881891722,
me_seed0,me,0,ankle1_paralysed,top_k,2,12,697,1070.93701171875,911,1095.5792236328125,29.992258578949862,30.78182881891722,
me_seed0,me,0,ankle1_paralysed,top_k,2,13,689,1079.737060546875,911,1095.5792236328125,29.992258578949862,30.78182881891722,
me_seed0,me,0,ankle1_paralysed,top_k,2,14,198,1079.31640625,911,1095.5792236328125,29.992258578949862,30.78182881891722,
me_seed0,me,0,ankle1_paralysed,top_k,2,15,960,1063.4019775390625,911,1095.5792236328125,29.992258578949862,30.78182881891722,
me_seed0,me,0,ankle1_paralysed,top_k,2,16,864,1082.228759765625,911,1095.5792236328125,29.992258578949862,30.78182881891722,
me_seed0,me,0,ankle1_paralysed,top_k,2,17,682,1175.32568359375,682,1148.8648681640625,73.32714125542063,75.25753700620272,
me_seed0,me,0,ankle1_paralysed,top_k,2,18,691,1069.944091796875,682,1148.8648681640625,73.32714125542063,75.25753700620272,
me_seed0,me,0,ankle1_paralysed,top_k,2,19,957,1069.114990234375,682,1148.8648681640625,73.32714125542063,75.25753700620272,
me_seed0,me,0,ankle1_paralysed,top_k,2,20,321,1063.5010986328125,682,1148.8648681640625,73.32714125542063,75.25753700620272,
me_seed0,me,0,ankle1_paralysed,top_k,3,1,285,1077.749755859375,285,1095.8944091796875,30.248585190278305,31.04490343368408,
me_seed0,me,0,ankle1_paralysed,top_k,3,2,911,1140.79736328125,911,1095.5792236328125,29.992258578949862,30.78182881891722,
me_seed0,me,0,ankle1_paralysed,top_k,3,3,166,1108.380859375,911,1095.5792236328125,29.992258578949862,30.78182881891722,
me_seed0,me,0,ankle1_paralysed,top_k,3,4,228,1068.899658203125,911,1095.5792236328125,29.992258578949862,30.78182881891722,
me_seed0,me,0,ankle1_paralysed,top_k,3,5,458,1067.365966796875,911,1095.5792236328125,29.992258578949862,30.78182881891722,
me_seed0,me,0,ankle1_paralysed,top_k,3,6,515,1075.4927978515625,911,1095.5792236328125,29.992258578949862,30.78182881891722,
me_seed0,me,0,ankle1_paralysed,top_k,3,7,761,1081.65673828125,911,1095.5792236328125,29.992258578949862,30.78182881891722,
me_seed0,me,0,ankle1_paralysed,top_k,3,8,12,1068.6800537109375,911,1095.5792236328125,29.992258578949862,30.78182881891722,
me_seed0,me,0,ankle1_paralysed,top_k,3,9,411,1111.6390380859375,911,1095.5792236328125,29.992258578949862,30.78182881891722,
me_seed0,me,0,ankle1_paralysed,top_k,3,10,612,1072.0413818359375,911,1095.5792236328125,29.992258578949862,30.78182881891722,
me_seed0,me,0,ankle1_paralysed,top_k,3,11,173,1160.031005859375,173,1111.708740234375,43.10968853040665,44.24458562487759,
me_seed0,me,0,ankle1_paralysed,top_k,3,12,697,1084.357421875,173,1111.708740234375,43.10968853040665,44.24458562487759,
me_seed0,me,0,ankle1_paralysed,top_k,3,13,689,1087.533935546875,173,1111.708740234375,43.10968853040665,44.24458562487759,
me_seed0,me,0,ankle1_paralysed,top_k,3,14,198,1081.435791015625,173,1111.708740234375,43.10968853040665,44.24458562487759,
me_seed0,me,0,ankle1_paralysed,top_k,3,15,960,1065.842529296875,173,1111.708740234375,43.10968853040665,44.24458562487759,
me_seed0,me,0,ankle1_paralysed,top_k,3,16,864,1083.018310546875,173,1111.708740234375,43.10968853040665,44.24458562487759,
me_seed0,me,0,ankle1_paralysed,top_k,3,17,682,1151.33154296875,173,1111.708740234375,43.10968853040665,44.24458562487759,
me_seed0,me,0,ankle1_paralysed,top_k,3,18,691,1066.047607421875,173,1111.708740234375,43.10968853040665,44.24458562487759,
me_seed0,me,0,ankle1_paralysed,top_k,3,19,957,1080.8712158203125,173,1111.708740234375,43.10968853040665,44.24458562487759,
me_seed0,me,0,ankle1_paralysed,top_k,3,20,321,1061.7757568359375,173,1111.708740234375,43.10968853040665,44.24458562487759,
me_seed0,me,0,ankle1_paralysed,top_k,4,1,285,1119.78564453125,285,1095.8944091796875,30.248585190278305,31.04490343368408,
me_seed0,me,0,ankle1_paralysed,top_k,4,2,911,1163.931884765625,911,1095.5792236328125,29.992258578949862,30.78182881891722,
me_seed0,me,0,ankle1_paralysed,top_k,4,3,166,1058.803955078125,911,1095.5792236328125,29.992258578949862,30.78182881891722,
me_seed0,me,0,ankle1_paralysed,top_k,4,4,228,1059.0048828125,911,1095.5792236328125,29.992258578949862,30.78182881891722,
me_seed0,me,0,ankle1_paralysed,top_k,4,5,458,1070.732666015625,911,1095.5792236328125,29.992258578949862,30.78182881891722,
me_seed0,me,0,ankle1_paralysed,top_k,4,6,515,1085.67333984375,911,1095.5792236328125,29.992258578949862,30.78182881891722,
me_seed0,me,0,ankle1_paralysed,top_k,4,7,761,1130.2530517578125,911,1095.5792236328125,29.992258578949862,30.78182881891722,
me_seed0,me,0,ankle1_paralysed,top_k,4,8,12,1061.002197265625,911,1095.5792236328125,29.992258578949862,30.78182881891722,
me_seed0,me,0,ankle1_paralysed,top_k,4,9,411,1166.00390625,411,1131.68017578125,59.35158302033754,60.914061001929134,
me_seed0,me,0,ankle1_paralysed,top_k,4,10,612,1072.8812255859375,411,1131.68017578125,59.35158302033754,60.914061001929134,
me_seed0,me,0,ankle1_paralysed,top_k,4,11,173,1075.411376953125,411,1131.68017578125,59.35158302033754,60.914061001929134,
me_seed0,me,0,ankle1_paralysed,top_k,4,12,697,1076.418212890625,411,1131.68017578125,59.35158302033754,60.914061001929134,
me_seed0,me,0,ankle1_paralysed,top_k,4,13,689,1104.3896484375,411,1131.68017578125,59.35158302033754,60.914061001929134,
me_seed0,me,0,ankle1_paralysed,top_k,4,14,198,1074.6259765625,411,1131.68017578125,59.35158302033754,60.914061001929134,
me_seed0,me,0,ankle1_paralysed,top_k,4,15,960,1114.348876953125,411,1131.68017578125,59.35158302033754,60.914061001929134,
me_seed0,me,0,ankle1_paralysed,top_k,4,16,864,1077.512451171875,411,1131.68017578125,59.35158302033754,60.914061001929134,
me_seed0,me,0,ankle1_paralysed,top_k,4,17,682,1155.323486328125,411,1131.68017578125,59.35158302033754,60.914061001929134,
me_seed0,me,0,ankle1_paralysed,top_k,4,18,691,1067.606689453125,411,1131.68017578125,59.35158302033754,60.914061001929134,
me_seed0,me,0,ankle1_paralysed,top_k,4,19,957,1086.435791015625,411,1131.68017578125,59.35158302033754,60.914061001929134,
me_seed0,me,0,ankle1_paralysed,top_k,4,20,321,1064.368896484375,411,1131.68017578125,59.35158302033754,60.914061001929134,
me_seed0,me,0,ankle1_paralysed,best_intact,0,1,285,1069.67529296875,285,1095.8944091796875,30.248585190278305,31.04490343368408,
me_seed0,me,0,ankle1_paralysed,best_intact,1,1,285,1080.865234375,285,1095.8944091796875,30.248585190278305,31.04490343368408,
me_seed0,me,0,ankle1_paralysed,best_intact,2,1,285,1066.3319091796875,285,1095.8944091796875,30.248585190278305,31.04490343368408,
me_seed0,me,0,ankle1_paralysed,best_intact,3,1,285,1079.741455078125,285,1095.8944091796875,30.248585190278305,31.04490343368408,
me_seed0,me,0,ankle1_paralysed,best_intact,4,1,285,1084.334228515625,285,1095.8944091796875,30.248585190278305,31.04490343368408,
me_seed0,me,0,ankle3_paralysed,ite,0,1,285,1074.7813720703125,285,1062.143798828125,3.9072690472371376,2.874421302074625,4
me_seed0,me,0,ankle3_paralysed,ite,0,2,586,1062.5615234375,285,1062.143798828125,3.9072690472371376,2.874421302074625,4
me_seed0,me,0,ankle3_paralysed,ite,0,3,173,1067.15576171875,285,1062.143798828125,3.9072690472371376,2.874421302074625,4
me_seed0,me,0,ankle3_paralysed,ite,0,4,611,1139.7669677734375,611,1070.626708984375,13.531818545691912,9.954816782081874,4
me_seed0,me,0,ankle3_paralysed,ite,0,5,611,1083.8524169921875,611,1070.626708984375,13.531818545691912,9.954816782081874,4
me_seed0,me,0,ankle3_paralysed,ite,0,6,611,1102.273681640625,611,1070.626708984375,13.531818545691912,9.954816782081874,4
me_seed0,me,0,ankle3_paralysed,ite,0,7,611,1051.620361328125,611,1070.626708984375,13.531818545691912,9.954816782081874,4
me_seed0,me,0,ankle3_paralysed,ite,0,8,940,1073.281982421875,611,1070.626708984375,13.531818545691912,9.954816782081874,4
me_seed0,me,0,ankle3_paralysed,ite,0,9,411,1070.7117919921875,611,1070.626708984375,13.531818545691912,9.954816782081874,4
me_seed0,me,0,ankle3_paralysed,ite,0,10,277,1125.9974365234375,611,1070.626708984375,13.531818545691912,9.954816782081874,4
me_seed0,me,0,ankle3_paralysed,ite,0,11,277,1100.5831298828125,611,1070.626708984375,13.531818545691912,9.954816782081874,4
me_seed0,me,0,ankle3_paralysed,ite,0,12,277,1129.0931396484375,611,1070.626708984375,13.531818545691912,9.954816782081874,4
me_seed0,me,0,ankle3_paralysed,ite,0,13,277,1108.6220703125,611,1070.626708984375,13.531818545691912,9.954816782081874,4
me_seed0,me,0,ankle3_paralysed,ite,0,14,277,1106.64404296875,611,1070.626708984375,13.531818545691912,9.954816782081874,4
me_seed0,me,0,ankle3_paralysed,ite,0,15,277,1117.1748046875,611,1070.626708984375,13.531818545691912,9.954816782081874,4
me_seed0,me,0,ankle3_paralysed,ite,0,16,277,1078.7738037109375,611,1070.626708984375,13.531818545691912,9.954816782081874,4
me_seed0,me,0,ankle3_paralysed,ite,0,17,277,1143.7061767578125,277,1082.896240234375,27.452596753092568,20.19577560448573,4
me_seed0,me,0,ankle3_paralysed,ite,0,18,277,1125.3779296875,277,1082.896240234375,27.452596753092568,20.19577560448573,4
me_seed0,me,0,ankle3_paralysed,ite,0,19,277,1138.126708984375,277,1082.896240234375,27.452596753092568,20.19577560448573,4
me_seed0,me,0,ankle3_paralysed,ite,0,20,277,1122.4964599609375,277,1082.896240234375,27.452596753092568,20.19577560448573,4
me_seed0,me,0,ankle3_paralysed,ite,1,1,285,1060.688720703125,285,1062.143798828125,3.9072690472371376,2.874421302074625,5
me_seed0,me,0,ankle3_paralysed,ite,1,2,586,1070.822509765625,586,1071.08349609375,14.050080564675648,10.336081386441903,5
me_seed0,me,0,ankle3_paralysed,ite,1,3,173,1065.428466796875,586,1071.08349609375,14.050080564675648,10.336081386441903,5
me_seed0,me,0,ankle3_paralysed,ite,1,4,611,1052.941650390625,586,1071.08349609375,14.050080564675648,10.336081386441903,5
me_seed0,me,0,ankle3_paralysed,ite,1,5,940,1137.011474609375,940,1103.228515625,50.52121204063105,37.16643167915572,5
me_seed0,me,0,ankle3_paralysed,ite,1,6,940,1061.19873046875,940,1103.228515625,50.52121204063105,37.16643167915572,5
me_seed0,me,0,ankle3_paralysed,ite,1,7,940,1166.40771484375,940,1103.228515625,50.52121204063105,37.16643167915572,5
me_seed0,me,0,ankle3_paralysed,ite,1,8,940,1119.034423828125,940,1103.228515625,50.52121204063105,37.16643167915572,5
me_seed0,me,0,ankle3_paralysed,ite,1,9,940,1061.269287109375,940,1103.228515625,50.52121204063105,37.16643167915572,5
me_seed0,me,0,ankle3_paralysed,ite,1,10,940,1068.7049560546875,940,1103.228515625,50.52121204063105,37.16643167915572,5
me_seed0,me,0,ankle3_paralysed,ite,1,11,940,1123.2889404296875,940,1103.228515625,50.52121204063105,37.16643167915572,5
me_seed0,me,0,ankle3_paralysed,ite,1,12,940,1062.609619140625,940,1103.228515625,50.52121204063105,37.16643167915572,5
me_seed0,me,0,ankle3_paralysed,ite,1,13,277,1062.170654296875,940,1103.228515625,50.52121204063105,37.16643167915572,5
me_seed0,me,0,ankle3_paralysed,ite,1,14,940,1136.0841064453125,940,1103.228515625,50.52121204063105,37.16643167915572,5
me_seed0,me,0,ankle3_paralysed,ite,1,15,940,1147.7294921875,940,1103.228515625,50.52121204063105,37.16643167915572,5
me_seed0,me,0,ankle3_paralysed,ite,1,16,940,1059.84326171875,940,1103.228515625,50.52121204063105,37.16643167915572,5
me_seed0,me,0,ankle3_paralysed,ite,1,17,940,1148.859130859375,940,1103.228515625,50.52121204063105,37.16643167915572,5
me_seed0,me,0,ankle3_paralysed,ite,1,18,940,1058.289306640625,940,1103.228515625,50.52121204063105,37.16643167915572,5
me_seed0,me,0,ankle3_paralysed,ite,1,19,940,1148.045654296875,940,1103.228515625,50.52121204063105,37.16643167915572,5
me_seed0,me,0,ankle3_paralysed,ite,1,20,940,1135.46826171875,940,1103.228515625,50.52121204063105,37.16643167915572,5
me_seed0,me,0,ankle3_paralysed,ite,2,1,285,1065.872802734375,285,1062.143798828125,3.9072690472371376,2.874421302074625,4
me_seed0,me,0,ankle3_paralysed,ite,2,2,586,1068.567626953125,586,1071.08349609375,14.050080564675648,10.336081386441903,4
me_seed0,me,0,ankle3_paralysed,ite,2,3,173,1061.166015625,586,1071.08349609375,14.050080564675648,10.336081386441903,4
me_seed0,me,0,ankle3_paralysed,ite,2,4,611,1163.251953125,611,1070.626708984375,13.531818545691912,9.954816782081874,4
me_seed0,me,0,ankle3_paralysed,ite,2,5,611,1123.4022216796875,611,1070.626708984375,13.531818545691912,9.954816782081874,4
me_seed0,me,0,ankle3_paralysed,ite,2,6,611,1115.686279296875,611,1070.626708984375,13.531818545691912,9.954816782081874,4
me_seed0,me,0,ankle3_paralysed,ite,2,7,611,1051.76025390625,611,1070.626708984375,13.531818545691912,9.954816782081874,4
me_seed0,me,0,ankle3_paralysed,ite,2,8,611,1051.569580078125,611,1070.626708984375,13.531818545691912,9.954816782081874,4
me_seed0,me,0,ankle3_paralysed,ite,2,9,277,1138.842529296875,611,1070.626708984375,13.531818545691912,9.954816782081874,4
me_seed0,me,0,ankle3_paralysed,ite,2,10,277,1105.2841796875,611,1070.626708984375,13.531818545691912,9.954816782081874,4
me_seed0,me,0,ankle3_paralysed,ite,2,11,277,1123.00390625,611,1070.626708984375,13.531818545691912,9.954816782081874,4
me_seed0,me,0,ankle3_paralysed,ite,2,12,277,1134.30859375,611,1070.626708984375,13.531818545691912,9.954816782081874,4
me_seed0,me,0,ankle3_paralysed,ite,2,13,277,1061.778564453125,611,1070.626708984375,13.531818545691912,9.954816782081874,4
me_seed0,me,0,ankle3_paralysed,ite,2,14,277,1145.517578125,611,1070.626708984375,13.531818545691912,9.954816782081874,4
me_seed0,me,0,ankle3_paralysed,ite,2,15,277,1131.4979248046875,611,1070.626708984375,13.531818545691912,9.954816782081874,4
me_seed0,me,0,ankle3_paralysed,ite,2,16,277,1133.915771484375,611,1070.626708984375,13.531818545691912,9.954816782081874,4
me_seed0,me,0,ankle3_paralysed,ite,2,17,277,1120.40478515625,611,1070.626708984375,13.531818545691912,9.954816782081874,4
me_seed0,me,0,ankle3_paralysed,ite,2,18,277,1141.0758056640625,611,1070.626708984375,13.531818545691912,9.954816782081874,4
me_seed0,me,0,ankle3_paralysed,ite,2,19,277,1144.797119140625,611,1070.626708984375,13.531818545691912,9.954816782081874,4
me_seed0,me,0,ankle3_paralysed,ite,2,20,277,1118.839599609375,611,1070.626708984375,13.531818545691912,9.954816782081874,4
me_seed0,me,0,ankle3_paralysed,ite,3,1,285,1063.65478515625,285,1062.143798828125,3.9072690472371376,2.874421302074625,6
me_seed0,me,0,ankle3_paralysed,ite,3,2,586,1058.504638671875,285,1062.143798828125,3.9072690472371376,2.874421302074625,6
me_seed0,me,0,ankle3_paralysed,ite,3,3,173,1062.74462890625,285,1062.143798828125,3.9072690472371376,2.874421302074625,6
me_seed0,me,0,ankle3_paralysed,ite,3,4,611,1069.368408203125,611,1070.626708984375,13.531818545691912,9.954816782081874,6
me_seed0,me,0,ankle3_paralysed,ite,3,5,940,1059.6549072265625,611,1070.626708984375,13.531818545691912,9.954816782081874,6
me_seed0,me,0,ankle3_paralysed,ite,3,6,277,1109.90576171875,277,1082.896240234375,27.452596753092568,20.19577560448573,6
me_seed0,me,0,ankle3_paralysed,ite,3,7,277,1133.945556640625,277,1082.896240234375,27.452596753092568,20.19577560448573,6
me_seed0,me,0,ankle3_paralysed,ite,3,8,277,1105.3614501953125,277,1082.896240234375,27.452596753092568,20.19577560448573,6
me_seed0,me,0,ankle3_paralysed,ite,3,9,277,1093.977783203125,277,1082.896240234375,27.452596753092568,20.19577560448573,6
me_seed0,me,0,ankle3_paralysed,ite,3,10,277,1049.369140625,277,1082.896240234375,27.452596753092568,20.19577560448573,6
me_seed0,me,0,ankle3_paralysed,ite,3,11,277,1096.2969970703125,277,1082.896240234375,27.452596753092568,20.19577560448573,6
me_seed0,me,0,ankle3_paralysed,ite,3,12,277,1101.3017578125,277,1082.896240234375,27.452596753092568,20.19577560448573,6
me_seed0,me,0,ankle3_paralysed,ite,3,13,277,1111.153564453125,277,1082.896240234375,27.452596753092568,20.19577560448573,6
me_seed0,me,0,ankle3_paralysed,ite,3,14,277,1117.2762451171875,277,1082.896240234375,27.452596753092568,20.19577560448573,6
me_seed0,me,0,ankle3_paralysed,ite,3,15,277,1038.2119140625,277,1082.896240234375,27.452596753092568,20.19577560448573,6
me_seed0,me,0,ankle3_paralysed,ite,3,16,277,1096.81103515625,277,1082.896240234375,27.452596753092568,20.19577560448573,6
me_seed0,me,0,ankle3_paralysed,ite,3,17,277,1135.93603515625,277,1082.896240234375,27.452596753092568,20.19577560448573,6
me_seed0,me,0,ankle3_paralysed,ite,3,18,277,1086.16162109375,277,1082.896240234375,27.452596753092568,20.19577560448573,6
me_seed0,me,0,ankle3_paralysed,ite,3,19,277,1124.580078125,277,1082.896240234375,27.452596753092568,20.19577560448573,6
me_seed0,me,0,ankle3_paralysed,ite,3,20,277,1155.287353515625,277,1082.896240234375,27.452596753092568,20.19577560448573,6
me_seed0,me,0,ankle3_paralysed,ite,4,1,285,1058.5244140625,285,1062.143798828125,3.9072690472371376,2.874421302074625,5
me_seed0,me,0,ankle3_paralysed,ite,4,2,586,1060.658447265625,586,1071.08349609375,14.050080564675648,10.336081386441903,5
me_seed0,me,0,ankle3_paralysed,ite,4,3,173,1068.079833984375,173,1065.7978515625,8.053088201769246,5.92433436111073,5
me_seed0,me,0,ankle3_paralysed,ite,4,4,611,1050.76513671875,173,1065.7978515625,8.053088201769246,5.92433436111073,5
me_seed0,me,0,ankle3_paralysed,ite,4,5,940,1127.0491943359375,940,1103.228515625,50.52121204063105,37.16643167915572,5
me_seed0,me,0,ankle3_paralysed,ite,4,6,940,1122.279052734375,940,1103.228515625,50.52121204063105,37.16643167915572,5
me_seed0,me,0,ankle3_paralysed,ite,4,7,940,1070.265625,940,1103.228515625,50.52121204063105,37.16643167915572,5
me_seed0,me,0,ankle3_paralysed,ite,4,8,940,1138.626953125,940,1103.228515625,50.52121204063105,37.16643167915572,5
me_seed0,me,0,ankle3_paralysed,ite,4,9,940,1065.834716796875,940,1103.228515625,50.52121204063105,37.16643167915572,5
me_seed0,me,0,ankle3_paralysed,ite,4,10,940,1059.066650390625,940,1103.228515625,50.52121204063105,37.16643167915572,5
me_seed0,me,0,ankle3_paralysed,ite,4,11,940,1066.260009765625,940,1103.228515625,50.52121204063105,37.16643167915572,5
me_seed0,me,0,ankle3_paralysed,ite,4,12,277,1093.41650390625,940,1103.228515625,50.52121204063105,37.16643167915572,5
me_seed0,me,0,ankle3_paralysed,ite,4,13,223,1140.079833984375,223,1138.9033203125,90.99717102618926,66.94297312624543,5
me_seed0,me,0,ankle3_paralysed,ite,4,14,223,1107.56005859375,223,1138.9033203125,90.99717102618926,66.94297312624543,5
me_seed0,me,0,ankle3_paralysed,ite,4,15,223,1144.410400390625,223,1138.9033203125,90.99717102618926,66.94297312624543,5
me_seed0,me,0,ankle3_paralysed,ite,4,16,223,1133.3074951171875,223,1138.9033203125,90.99717102618926,66.94297312624543,5
me_seed0,me,0,ankle3_paralysed,ite,4,17,223,1122.4833984375,223,1138.9033203125,90.99717102618926,66.94297312624543,5
me_seed0,me,0,ankle3_paralysed,ite,4,18,223,1143.262939453125,223,1138.9033203125,90.99717102618926,66.94297312624543,5
me_seed0,me,0,ankle3_paralysed,ite,4,19,223,1106.245361328125,223,1138.9033203125,90.99717102618926,66.94297312624543,5
me_seed0,me,0,ankle3_paralysed,ite,4,20,223,1124.5220947265625,223,1138.9033203125,90.99717102618926,66.94297312624543,5
me_seed0,me,0,ankle3_paralysed,top_k,0,1,285,1068.393798828125,285,1062.143798828125,3.9072690472371376,2.874421302074625,
me_seed0,me,0,ankle3_paralysed,top_k,0,2,911,1065.817626953125,285,1062.143798828125,3.9072690472371376,2.874421302074625,
me_seed0,me,0,ankle3_paralysed,top_k,0,3,166,1070.44384765625,166,1062.3924560546875,4.189390835764628,3.0819669993171104,
me_seed0,me,0,ankle3_paralysed,top_k,0,4,228,1059.6331787109375,166,1062.3924560546875,4.189390835764628,3.0819669993171104,
me_seed0,me,0,ankle3_paralysed,top_k,0,5,458,1060.89990234375,166,1062.3924560546875,4.189390835764628,3.0819669993171104,
me_seed0,me,0,ankle3_paralysed,top_k,0,6,515,1075.1494140625,515,1067.040283203125,9.462727653724473,6.961349631868713,
me_seed0,me,0,ankle3_paralysed,top_k,0,7,761,1075.98681640625,761,1069.2955322265625,12.021490561454168,8.843728991984035,
me_seed0,me,0,ankle3_paralysed,top_k,0,8,12,1062.425537109375,761,1069.2955322265625,12.021490561454168,8.843728991984035,
me_seed0,me,0,ankle3_paralysed,top_k,0,9,411,1061.88623046875,761,1069.2955322265625,12.021490561454168,8.843728991984035,
me_seed0,me,0,ankle3_paralysed,top_k,0,10,612,1061.317138671875,761,1069.2955322265625,12.021490561454168,8.843728991984035,
me_seed0,me,0,ankle3_paralysed,top_k,0,11,173,1067.12109375,761,1069.2955322265625,12.021490561454168,8.843728991984035,
me_seed0,me,0,ankle3_paralysed,top_k,0,12,697,1063.771484375,761,1069.2955322265625,12.021490561454168,8.843728991984035,
me_seed0,me,0,ankle3_paralysed,top_k,0,13,689,1066.7384033203125,761,1069.2955322265625,12.021490561454168,8.843728991984035,
me_seed0,me,0,ankle3_paralysed,top_k,0,14,198,1065.32275390625,761,1069.2955322265625,12.021490561454168,8.843728991984035,
me_seed0,me,0,ankle3_paralysed,top_k,0,15,960,1065.38525390625,761,1069.2955322265625,12.021490561454168,8.843728991984035,
me_seed0,me,0,ankle3_paralysed,top_k,0,16,864,1059.2191162109375,761,1069.2955322265625,12.021490561454168,8.843728991984035,
me_seed0,me,0,ankle3_paralysed,top_k,0,17,682,1049.2843017578125,761,1069.2955322265625,12.021490561454168,8.843728991984035,
me_seed0,me,0,ankle3_paralysed,top_k,0,18,691,1066.42822265625,761,1069.2955322265625,12.021490561454168,8.843728991984035,
me_seed0,me,0,ankle3_paralysed,top_k,0,19,957,1060.0439453125,761,1069.2955322265625,12.021490561454168,8.843728991984035,
me_seed0,me,0,ankle3_paralysed,top_k,0,20,321,1062.9814453125,761,1069.2955322265625,12.021490561454168,8.843728991984035,
me_seed0,me,0,ankle3_paralysed,top_k,1,1,285,1069.2451171875,285,1062.143798828125,3.9072690472371376,2.874421302074625,
me_seed0,me,0,ankle3_paralysed,top_k,1,2,911,1057.397705078125,285,1062.143798828125,3.9072690472371376,2.874421302074625,
me_seed0,me,0,ankle3_paralysed,top_k,1,3,166,1063.8587646484375,285,1062.143798828125,3.9072690472371376,2.874421302074625,
me_seed0,me,0,ankle3_paralysed,top_k,1,4,228,1058.44677734375,285,1062.143798828125,3.9072690472371376,2.874421302074625,
me_seed0,me,0,ankle3_paralysed,top_k,1,5,458,1067.5037841796875,285,1062.143798828125,3.9072690472371376,2.874421302074625,
me_seed0,me,0,ankle3_paralysed,top_k,1,6,515,1066.946533203125,285,1062.143798828125,3.9072690472371376,2.874421302074625,
me_seed0,me,0,ankle3_paralysed,top_k,1,7,761,1075.471435546875,761,1069.2955322265625,12.021490561454168,8.843728991984035,
me_seed0,me,0,ankle3_paralysed,top_k,1,8,12,1058.036865234375,761,1069.2955322265625,12.021490561454168,8.843728991984035,
me_seed0,me,0,ankle3_paralysed,top_k,1,9,411,1064.2086181640625,761,1069.2955322265625,12.021490561454168,8.843728991984035,
me_seed0,me,0,ankle3_paralysed,top_k,1,10,612,1069.478515625,761,1069.2955322265625,12.021490561454168,8.843728991984035,
me_seed0,me,0,ankle3_paralysed,top_k,1,11,173,1063.88134765625,761,1069.2955322265625,12.021490561454168,8.843728991984035,
me_seed0,me,0,ankle3_paralysed,top_k,1,12,697,1058.67431640625,761,1069.2955322265625,12.021490561454168,8.843728991984035,
me_seed0,me,0,ankle3_paralysed,top_k,1,13,689,1067.1083984375,761,1069.2955322265625,12.021490561454168,8.843728991984035,
me_seed0,me,0,ankle3_paralysed,top_k,1,14,198,1075.297607421875,761,1069.2955322265625,12.021490561454168,8.843728991984035,
me_seed0,me,0,ankle3_paralysed,top_k,1,15,960,1055.44775390625,761,1069.2955322265625,12.021490561454168,8.843728991984035,
me_seed0,me,0,ankle3_paralysed,top_k,1,16,864,1063.285888671875,761,1069.2955322265625,12.021490561454168,8.843728991984035,
me_seed0,me,0,ankle3_paralysed,top_k,1,17,682,1053.9600830078125,761,1069.2955322265625,12.021490561454168,8.843728991984035,
me_seed0,me,0,ankle3_paralysed,top_k,1,18,691,1068.821044921875,761,1069.2955322265625,12.021490561454168,8.843728991984035,
me_seed0,me,0,ankle3_paralysed,top_k,1,19,957,1061.818359375,761,1069.2955322265625,12.021490561454168,8.843728991984035,
me_seed0,me,0,ankle3_paralysed,top_k,1,20,321,1050.689208984375,761,1069.2955322265625,12.021490561454168,8.843728991984035,
me_seed0,me,0,ankle3_paralysed,top_k,2,1,285,1066.149169921875,285,1062.143798828125,3.9072690472371376,2.874421302074625,
me_seed0,me,0,ankle3_paralysed,top_k,2,2,911,1059.23193359375,285,1062.143798828125,3.9072690472371376,2.874421302074625,
me_seed0,me,0,ankle3_paralysed,top_k,2,3,166,1068.5643310546875,166,1062.3924560546875,4.189390835764628,3.0819669993171104,
me_seed0,me,0,ankle3_paralysed,top_k,2,4,228,1064.05859375,166,1062.3924560546875,4.189390835764628,3.0819669993171104,
me_seed0,me,0,ankle3_paralysed,top_k,2,5,458,1068.8792724609375,458,1066.0672607421875,8.358754764007916,6.149201005103938,
me_seed0,me,0,ankle3_paralysed,top_k,2,6,515,1065.4696044921875,458,1066.0672607421875,8.358754764007916,6.149201005103938,
me_seed0,me,0,ankle3_paralysed,top_k,2,7,761,1067.727783203125,458,1066.0672607421875,8.358754764007916,6.149201005103938,
me_seed0,me,0,ankle3_paralysed,top_k,2,8,12,1055.908447265625,458,1066.0672607421875,8.358754764007916,6.149201005103938,
me_seed0,me,0,ankle3_paralysed,top_k,2,9,411,1066.977294921875,458,1066.0672607421875,8.358754764007916,6.149201005103938,
me_seed0,me,0,ankle3_paralysed,top_k,2,10,612,1068.34423828125,458,1066.0672607421875,8.358754764007916,6.149201005103938,
me_seed0,me,0,ankle3_paralysed,top_k,2,11,173,1067.1845703125,458,1066.0672607421875,8.358754764007916,6.149201005103938,
me_seed0,me,0,ankle3_paralysed,top_k,2,12,697,1062.3004150390625,458,1066.0672607421875,8.358754764007916,6.149201005103938,
me_seed0,me,0,ankle3_paralysed,top_k,2,13,689,1068.861572265625,458,1066.0672607421875,8.358754764007916,6.149201005103938,
me_seed0,me,0,ankle3_paralysed,top_k,2,14,198,1072.973388671875,198,1066.334228515625,8.6616513528688,6.3720298906558845,
me_seed0,me,0,ankle3_paralysed,top_k,2,15,960,1055.2880859375,198,1066.334228515625,8.6616513528688,6.3720298906558845,
me_seed0,me,0,ankle3_paralysed,top_k,2,16,864,1061.286865234375,198,1066.334228515625,8.6616513528688,6.3720298906558845,
me_seed0,me,0,ankle3_paralysed,top_k,2,17,682,1059.783203125,198,1066.334228515625,8.6616513528688,6.3720298906558845,
me_seed0,me,0,ankle3_paralysed,top_k,2,18,691,1067.622802734375,198,1066.334228515625,8.6616513528688,6.3720298906558845,
me_seed0,me,0,ankle3_paralysed,top_k,2,19,957,1066.72314453125,198,1066.334228515625,8.6616513528688,6.3720298906558845,
me_seed0,me,0,ankle3_paralysed,top_k,2,20,321,1068.750244140625,198,1066.334228515625,8.6616513528688,6.3720298906558845,
me_seed0,me,0,ankle3_paralysed,top_k,3,1,285,1065.8963623046875,285,1062.143798828125,3.9072690472371376,2.874421302074625,
me_seed0,me,0,ankle3_paralysed,top_k,3,2,911,1058.9150390625,285,1062.143798828125,3.9072690472371376,2.874421302074625,
me_seed0,me,0,ankle3_paralysed,top_k,3,3,166,1069.780517578125,166,1062.3924560546875,4.189390835764628,3.0819669993171104,
me_seed0,me,0,ankle3_paralysed,top_k,3,4,228,1061.84765625,166,1062.3924560546875,4.189390835764628,3.0819669993171104,
me_seed0,me,0,ankle3_paralysed,top_k,3,5,458,1059.51904296875,166,1062.3924560546875,4.189390835764628,3.0819669993171104,
me_seed0,me,0,ankle3_paralysed,top_k,3,6,515,1067.926513671875,166,1062.3924560546875,4.189390835764628,3.0819669993171104,
me_seed0,me,0,ankle3_paralysed,top_k,3,7,761,1072.62744140625,761,1069.2955322265625,12.021490561454168,8.843728991984035,
me_seed0,me,0,ankle3_paralysed,top_k,3,8,12,1060.8951416015625,761,1069.2955322265625,12.021490561454168,8.843728991984035,
me_seed0,me,0,ankle3_paralysed,top_k,3,9,411,1070.40576171875,761,1069.2955322265625,12.021490561454168,8.843728991984035,
me_seed0,me,0,ankle3_paralysed,top_k,3,10,612,1060.437744140625,761,1069.2955322265625,12.021490561454168,8.843728991984035,
me_seed0,me,0,ankle3_paralysed,top_k,3,11,173,1067.059326171875,761,1069.2955322265625,12.021490561454168,8.843728991984035,
me_seed0,me,0,ankle3_paralysed,top_k,3,12,697,1061.32373046875,761,1069.2955322265625,12.021490561454168,8.843728991984035,
me_seed0,me,0,ankle3_paralysed,top_k,3,13,689,1068.6044921875,761,1069.2955322265625,12.021490561454168,8.843728991984035,
me_seed0,me,0,ankle3_paralysed,top_k,3,14,198,1082.4996337890625,198,1066.334228515625,8.6616513528688,6.3720298906558845,
me_seed0,me,0,ankle3_paralysed,top_k,3,15,960,1065.215087890625,198,1066.334228515625,8.6616513528688,6.3720298906558845,
me_seed0,me,0,ankle3_paralysed,top_k,3,16,864,1064.57763671875,198,1066.334228515625,8.6616513528688,6.3720298906558845,
me_seed0,me,0,ankle3_paralysed,top_k,3,17,682,1082.972412109375,682,1055.609375,-3.506564698406737,-2.579639165961811,
me_seed0,me,0,ankle3_paralysed,top_k,3,18,691,1066.224853515625,682,1055.609375,-3.506564698406737,-2.579639165961811,
me_seed0,me,0,ankle3_paralysed,top_k,3,19,957,1065.609130859375,682,1055.609375,-3.506564698406737,-2.579639165961811,
me_seed0,me,0,ankle3_paralysed,top_k,3,20,321,1058.700439453125,682,1055.609375,-3.506564698406737,-2.579639165961811,
me_seed0,me,0,ankle3_paralysed,top_k,4,1,285,1056.0404052734375,285,1062.143798828125,3.9072690472371376,2.874421302074625,
me_seed0,me,0,ankle3_paralysed,top_k,4,2,911,1058.53759765625,911,1062.674560546875,4.509461259567785,3.317429987204878,
me_seed0,me,0,ankle3_paralysed,top_k,4,3,166,1069.552490234375,166,1062.3924560546875,4.189390835764628,3.0819669993171104,
me_seed0,me,0,ankle3_paralysed,top_k,4,4,228,1061.829833984375,166,1062.3924560546875,4.189390835764628,3.0819669993171104,
me_seed0,me,0,ankle3_paralysed,top_k,4,5,458,1067.0980224609375,166,1062.3924560546875,4.189390835764628,3.0819669993171104,
me_seed0,me,0,ankle3_paralysed,top_k,4,6,515,1066.534912109375,166,1062.3924560546875,4.189390835764628,3.0819669993171104,
me_seed0,me,0,ankle3_paralysed,top_k,4,7,761,1071.4017333984375,761,1069.2955322265625,12.021490561454168,8.843728991984035,
me_seed0,me,0,ankle3_paralysed,top_k,4,8,12,1057.029296875,761,1069.2955322265625,12.021490561454168,8.843728991984035,
me_seed0,me,0,ankle3_paralysed,top_k,4,9,411,1062.541748046875,761,1069.2955322265625,12.021490561454168,8.843728991984035,
me_seed0,me,0,ankle3_paralysed,top_k,4,10,612,1067.3271484375,761,1069.2955322265625,12.021490561454168,8.843728991984035,
me_seed0,me,0,ankle3_paralysed,top_k,4,11,173,1056.36962890625,761,1069.2955322265625,12.021490561454168,8.843728991984035,
me_seed0,me,0,ankle3_paralysed,top_k,4,12,697,1069.6898193359375,761,1069.2955322265625,12.021490561454168,8.843728991984035,
me_seed0,me,0,ankle3_paralysed,top_k,4,13,689,1068.3055419921875,761,1069.2955322265625,12.021490561454168,8.843728991984035,
me_seed0,me,0,ankle3_paralysed,top_k,4,14,198,1082.87353515625,198,1066.334228515625,8.6616513528688,6.3720298906558845,
me_seed0,me,0,ankle3_paralysed,top_k,4,15,960,1055.638671875,198,1066.334228515625,8.6616513528688,6.3720298906558845,
me_seed0,me,0,ankle3_paralysed,top_k,4,16,864,1064.44384765625,198,1066.334228515625,8.6616513528688,6.3720298906558845,
me_seed0,me,0,ankle3_paralysed,top_k,4,17,682,1062.502197265625,198,1066.334228515625,8.6616513528688,6.3720298906558845,
me_seed0,me,0,ankle3_paralysed,top_k,4,18,691,1061.798583984375,198,1066.334228515625,8.6616513528688,6.3720298906558845,
me_seed0,me,0,ankle3_paralysed,top_k,4,19,957,1066.803466796875,198,1066.334228515625,8.6616513528688,6.3720298906558845,
me_seed0,me,0,ankle3_paralysed,top_k,4,20,321,1057.4893798828125,198,1066.334228515625,8.6616513528688,6.3720298906558845,
me_seed0,me,0,ankle3_paralysed,best_intact,0,1,285,1066.3209228515625,285,1062.143798828125,3.9072690472371376,2.874421302074625,
me_seed0,me,0,ankle3_paralysed,best_intact,1,1,285,1067.00048828125,285,1062.143798828125,3.9072690472371376,2.874421302074625,
me_seed0,me,0,ankle3_paralysed,best_intact,2,1,285,1064.3912353515625,285,1062.143798828125,3.9072690472371376,2.874421302074625,
me_seed0,me,0,ankle3_paralysed,best_intact,3,1,285,1059.317138671875,285,1062.143798828125,3.9072690472371376,2.874421302074625,
me_seed0,me,0,ankle3_paralysed,best_intact,4,1,285,1062.662109375,285,1062.143798828125,3.9072690472371376,2.874421302074625,
