run,algo,seed,scenario,method,rep,trial,cell,observed,recommended_cell,recommended_true,pct_oracle,pct_intact,stop_trial
dcrlme_seed2,dcrlme,2,leg1_paralysed,ite,0,1,771,1054.960693359375,771,1067.66650390625,4.084278018442108,1.6608212542865999,6
dcrlme_seed2,dcrlme,2,leg1_paralysed,ite,0,2,311,1196.0914306640625,311,1185.23046875,57.63512931930849,23.436614093076855,6
dcrlme_seed2,dcrlme,2,leg1_paralysed,ite,0,3,305,1103.916259765625,311,1185.23046875,57.63512931930849,23.436614093076855,6
dcrlme_seed2,dcrlme,2,leg1_paralysed,ite,0,4,258,1062.4747314453125,311,1185.23046875,57.63512931930849,23.436614093076855,6
dcrlme_seed2,dcrlme,2,leg1_paralysed,ite,0,5,158,1070.0238037109375,311,1185.23046875,57.63512931930849,23.436614093076855,6
dcrlme_seed2,dcrlme,2,leg1_paralysed,ite,0,6,311,1217.4761962890625,311,1185.23046875,57.63512931930849,23.436614093076855,6
dcrlme_seed2,dcrlme,2,leg1_paralysed,ite,0,7,78,1054.6719970703125,311,1185.23046875,57.63512931930849,23.436614093076855,6
dcrlme_seed2,dcrlme,2,leg1_paralysed,ite,0,8,311,1217.6256103515625,311,1185.23046875,57.63512931930849,23.436614093076855,6
dcrlme_seed2,dcrlme,2,leg1_paralysed,ite,0,9,311,1086.0350341796875,311,1185.23046875,57.63512931930849,23.436614093076855,6
dcrlme_seed2,dcrlme,2,leg1_paralysed,ite,0,10,278,1047.0570068359375,311,1185.23046875,57.63512931930849,23.436614093076855,6
dcrlme_seed2,dcrlme,2,leg1_paralysed,ite,0,11,311,1228.13720703125,311,1185.23046875,57.63512931930849,23.436614093076855,6
dcrlme_seed2,dcrlme,2,leg1_paralysed,ite,0,12,311,1231.921630859375,311,1185.23046875,57.63512931930849,23.436614093076855,6
dcrlme_seed2,dcrlme,2,leg1_paralysed,ite,0,13,311,1229.8348388671875,311,1185.23046875,57.63512931930849,23.436614093076855,6
dcrlme_seed2,dcrlme,2,leg1_paralysed,ite,0,14,311,1226.489990234375,311,1185.23046875,57.63512931930849,23.436614093076855,6
dcrlme_seed2,dcrlme,2,leg1_paralysed,ite,0,15,311,1248.7711181640625,311,1185.23046875,57.63512931930849,23.436614093076855,6
dcrlme_seed2,dcrlme,2,leg1_paralysed,ite,0,16,311,1179.060791015625,311,1185.23046875,57.63512931930849,23.436614093076855,6
dcrlme_seed2,dcrlme,2,leg1_paralysed,ite,0,17,311,1092.156005859375,311,1185.23046875,57.63512931930849,23.436614093076855,6
dcrlme_seed2,dcrlme,2,leg1_paralysed,ite,0,18,311,1202.28271484375,311,1185.23046875,57.63512931930849,23.436614093076855,6
dcrlme_seed2,dcrlme,2,leg1_paralysed,ite,0,19,311,1215.248291015625,311,1185.23046875,57.63512931930849,23.436614093076855,6
dcrlme_seed2,dcrlme,2,leg1_paralysed,ite,0,20,311,1253.7352294921875,311,1185.23046875,57.63512931930849,23.436614093076855,6
dcrlme_seed2,dcrlme,2,leg1_paralysed,ite,1,1,771,1062.72021484375,771,1067.66650390625,4.084278018442108,1.6608212542865999,6
dcrlme_seed2,dcrlme,2,leg1_paralysed,ite,1,2,311,1241.737060546875,311,1185.23046875,57.63512931930849,23.436614093076855,6
dcrlme_seed2,dcrlme,2,leg1_paralysed,ite,1,3,305,1110.27294921875,311,1185.23046875,57.63512931930849,23.436614093076855,6
dcrlme_seed2,dcrlme,2,leg1_paralysed,ite,1,4,158,1062.087890625,311,1185.23046875,57.63512931930849,23.436614093076855,6
dcrlme_seed2,dcrlme,2,leg1_paralysed,ite,1,5,258,1059.276611328125,311,1185.23046875,57.63512931930849,23.436614093076855,6
dcrlme_seed2,dcrlme,2,leg1_paralysed,ite,1,6,311,1099.2593994140625,311,1185.23046875,57.63512931930849,23.436614093076855,6
dcrlme_seed2,dcrlme,2,leg1_paralysed,ite,1,7,78,1053.95458984375,311,1185.23046875,57.63512931930849,23.436614093076855,6
dcrlme_seed2,dcrlme,2,leg1_paralysed,ite,1,8,278,1052.47021484375,311,1185.23046875,57.63512931930849,23.436614093076855,6
dcrlme_seed2,dcrlme,2,leg1_paralysed,ite,1,9,311,1200.3614501953125,311,1185.23046875,57.63512931930849,23.436614093076855,6
dcrlme_seed2,dcrlme,2,leg1_paralysed,ite,1,10,311,1229.27734375,311,1185.23046875,57.63512931930849,23.436614093076855,6
dcrlme_seed2,dcrlme,2,leg1_paralysed,ite,1,11,311,1248.83935546875,311,1185.23046875,57.63512931930849,23.436614093076855,6
dcrlme_seed2,dcrlme,2,leg1_paralysed,ite,1,12,311,1242.739501953125,311,1185.23046875,57.63512931930849,23.436614093076855,6
dcrlme_seed2,dcrlme,2,leg1_paralysed,ite,1,13,311,1136.33447265625,311,1185.23046875,57.63512931930849,23.436614093076855,6
dcrlme_seed2,dcrlme,2,leg1_paralysed,ite,1,14,311,1223.03955078125,311,1185.23046875,57.63512931930849,23.436614093076855,6
dcrlme_seed2,dcrlme,2,leg1_paralysed,ite,1,15,311,1238.6749267578125,311,1185.23046875,57.63512931930849,23.436614093076855,6
dcrlme_seed2,dcrlme,2,leg1_paralysed,ite,1,16,311,1085.660888671875,311,1185.23046875,57.63512931930849,23.436614093076855,6
dcrlme_seed2,dcrlme,2,leg1_paralysed,ite,1,17,311,1253.4921875,311,1185.23046875,57.63512931930849,23.436614093076855,6
dcrlme_seed2,dcrlme,2,leg1_paralysed,ite,1,18,311,1253.0733642578125,311,1185.23046875,57.63512931930849,23.436614093076855,6
dcrlme_seed2,dcrlme,2,leg1_paralysed,ite,1,19,311,1225.93896484375,311,1185.23046875,57.63512931930849,23.436614093076855,6
dcrlme_seed2,dcrlme,2,leg1_paralysed,ite,1,20,311,1272.067626953125,311,1185.23046875,57.63512931930849,23.436614093076855,6
dcrlme_seed2,dcrlme,2,leg1_paralysed,ite,2,1,771,1050.955810546875,771,1067.66650390625,4.084278018442108,1.6608212542865999,7
dcrlme_seed2,dcrlme,2,leg1_paralysed,ite,2,2,311,1196.4788818359375,311,1185.23046875,57.63512931930849,23.436614093076855,7
dcrlme_seed2,dcrlme,2,leg1_paralysed,ite,2,3,305,1107.956298828125,311,1185.23046875,57.63512931930849,23.436614093076855,7
dcrlme_seed2,dcrlme,2,leg1_paralysed,ite,2,4,258,1070.3116455078125,311,1185.23046875,57.63512931930849,23.436614093076855,7
dcrlme_seed2,dcrlme,2,leg1_paralysed,ite,2,5,158,1061.88134765625,311,1185.23046875,57.63512931930849,23.436614093076855,7
dcrlme_seed2,dcrlme,2,leg1_paralysed,ite,2,6,311,1140.9339599609375,311,1185.23046875,57.63512931930849,23.436614093076855,7
dcrlme_seed2,dcrlme,2,leg1_paralysed,ite,2,7,78,1049.6234130859375,311,1185.23046875,57.63512931930849,23.436614093076855,7
dcrlme_seed2,dcrlme,2,leg1_paralysed,ite,2,8,278,1076.8802490234375,311,1185.23046875,57.63512931930849,23.436614093076855,7
dcrlme_seed2,dcrlme,2,leg1_paralysed,ite,2,9,311,1204.200439453125,311,1185.23046875,57.63512931930849,23.436614093076855,7
dcrlme_seed2,dcrlme,2,leg1_paralysed,ite,2,10,311,1260.735107421875,311,1185.23046875,57.63512931930849,23.436614093076855,7
dcrlme_seed2,dcrlme,2,leg1_paralysed,ite,2,11,311,1248.251708984375,311,1185.23046875,57.63512931930849,23.436614093076855,7
dcrlme_seed2,dcrlme,2,leg1_paralysed,ite,2,12,311,1176.7236328125,311,1185.23046875,57.63512931930849,23.436614093076855,7
dcrlme_seed2,dcrlme,2,leg1_paralysed,ite,2,13,311,1197.4176025390625,311,1185.23046875,57.63512931930849,23.436614093076855,7
dcrlme_seed2,dcrlme,2,leg1_paralysed,ite,2,14,311,1199.0947265625,311,1185.23046875,57.63512931930849,23.436614093076855,7
dcrlme_seed2,dcrlme,2,leg1_paralysed,ite,2,15,311,1224.4228515625,311,1185.23046875,57.63512931930849,23.436614093076855,7
dcrlme_seed2,dcrlme,2,leg1_paralysed,ite,2,16,311,1182.107666015625,311,1185.23046875,57.63512931930849,23.436614093076855,7
dcrlme_seed2,dcrlme,2,leg1_paralysed,ite,2,17,311,1253.972900390625,311,1185.23046875,57.63512931930849,23.436614093076855,7
dcrlme_seed2,dcrlme,2,leg1_paralysed,ite,2,18,311,1223.14697265625,311,1185.23046875,57.63512931930849,23.436614093076855,7
dcrlme_seed2,dcrlme,2,leg1_paralysed,ite,2,19,311,1196.41796875,311,1185.23046875,57.63512931930849,23.436614093076855,7
dcrlme_seed2,dcrlme,2,leg1_paralysed,ite,2,20,311,1255.177001953125,311,1185.23046875,57.63512931930849,23.436614093076855,7
dcrlme_seed2,dcrlme,2,leg1_paralysed,ite,3,1,771,1070.1300048828125,771,1067.66650390625,4.084278018442108,1.6608212542865999,7
dcrlme_seed2,dcrlme,2,leg1_paralysed,ite,3,2,311,1184.322509765625,311,1185.23046875,57.63512931930849,23.436614093076855,7
dcrlme_seed2,dcrlme,2,leg1_paralysed,ite,3,3,305,1102.38037109375,311,1185.23046875,57.63512931930849,23.436614093076855,7
dcrlme_seed2,dcrlme,2,leg1_paralysed,ite,3,4,258,1065.4925537109375,311,1185.23046875,57.63512931930849,23.436614093076855,7
dcrlme_seed2,dcrlme,2,leg1_paralysed,ite,3,5,158,1076.8297119140625,311,1185.23046875,57.63512931930849,23.436614093076855,7
dcrlme_seed2,dcrlme,2,leg1_paralysed,ite,3,6,78,1053.957763671875,311,1185.23046875,57.63512931930849,23.436614093076855,7
dcrlme_seed2,dcrlme,2,leg1_paralysed,ite,3,7,311,1232.927978515625,311,1185.23046875,57.63512931930849,23.436614093076855,7
dcrlme_seed2,dcrlme,2,leg1_paralysed,ite,3,8,311,1242.1630859375,311,1185.23046875,57.63512931930849,23.436614093076855,7
dcrlme_seed2,dcrlme,2,leg1_paralysed,ite,3,9,311,1099.4483642578125,311,1185.23046875,57.63512931930849,23.436614093076855,7
dcrlme_seed2,dcrlme,2,leg1_paralysed,ite,3,10,311,1180.513427734375,311,1185.23046875,57.63512931930849,23.436614093076855,7
dcrlme_seed2,dcrlme,2,leg1_paralysed,ite,3,11,311,1214.678466796875,311,1185.23046875,57.63512931930849,23.436614093076855,7
dcrlme_seed2,dcrlme,2,leg1_paralysed,ite,3,12,311,1185.48779296875,311,1185.23046875,57.63512931930849,23.436614093076855,7
dcrlme_seed2,dcrlme,2,leg1_paralysed,ite,3,13,311,1081.078125,311,1185.23046875,57.63512931930849,23.436614093076855,7
dcrlme_seed2,dcrlme,2,leg1_paralysed,ite,3,14,278,1057.82666015625,311,1185.23046875,57.63512931930849,23.436614093076855,7
dcrlme_seed2,dcrlme,2,leg1_paralysed,ite,3,15,311,1269.16357421875,311,1185.23046875,57.63512931930849,23.436614093076855,7
dcrlme_seed2,dcrlme,2,leg1_paralysed,ite,3,16,311,1207.0809326171875,311,1185.23046875,57.63512931930849,23.436614093076855,7
dcrlme_seed2,dcrlme,2,leg1_paralysed,ite,3,17,311,1133.4892578125,311,1185.23046875,57.63512931930849,23.436614093076855,7
dcrlme_seed2,dcrlme,2,leg1_paralysed,ite,3,18,311,1212.9427490234375,311,1185.23046875,57.63512931930849,23.436614093076855,7
dcrlme_seed2,dcrlme,2,leg1_paralysed,ite,3,19,311,1179.43359375,311,1185.23046875,57.63512931930849,23.436614093076855,7
dcrlme_seed2,dcrlme,2,leg1_paralysed,ite,3,20,311,1221.1455078125,311,1185.23046875,57.63512931930849,23.436614093076855,7
dcrlme_seed2,dcrlme,2,leg1_paralysed,ite,4,1,771,1054.07568359375,771,1067.66650390625,4.084278018442108,1.6608212542865999,6
dcrlme_seed2,dcrlme,2,leg1_paralysed,ite,4,2,311,1222.242919921875,311,1185.23046875,57.63512931930849,23.436614093076855,6
dcrlme_seed2,dcrlme,2,leg1_paralysed,ite,4,3,305,1112.9715576171875,311,1185.23046875,57.63512931930849,23.436614093076855,6
dcrlme_seed2,dcrlme,2,leg1_paralysed,ite,4,4,258,1068.90771484375,311,1185.23046875,57.63512931930849,23.436614093076855,6
dcrlme_seed2,dcrlme,2,leg1_paralysed,ite,4,5,158,1075.066650390625,311,1185.23046875,57.63512931930849,23.436614093076855,6
dcrlme_seed2,dcrlme,2,leg1_paralysed,ite,4,6,311,1211.1724853515625,311,1185.23046875,57.63512931930849,23.436614093076855,6
dcrlme_seed2,dcrlme,2,leg1_paralysed,ite,4,7,311,1244.093505859375,311,1185.23046875,57.63512931930849,23.436614093076855,6
dcrlme_seed2,dcrlme,2,leg1_paralysed,ite,4,8,311,1240.518798828125,311,1185.23046875,57.63512931930849,23.436614093076855,6
dcrlme_seed2,dcrlme,2,leg1_paralysed,ite,4,9,311,1199.9678955078125,311,1185.23046875,57.63512931930849,23.436614093076855,6
dcrlme_seed2,dcrlme,2,leg1_paralysed,ite,4,10,78,1055.4775390625,311,1185.23046875,57.63512931930849,23.436614093076855,6
dcrlme_seed2,dcrlme,2,leg1_paralysed,ite,4,11,311,1251.6376953125,311,1185.23046875,57.63512931930849,23.436614093076855,6
dcrlme_seed2,dcrlme,2,leg1_paralysed,ite,4,12,311,1066.6923828125,311,1185.23046875,57.63512931930849,23.436614093076855,6
dcrlme_seed2,dcrlme,2,leg1_paralysed,ite,4,13,311,1247.123291015625,311,1185.23046875,57.63512931930849,23.436614093076855,6
dcrlme_seed2,dcrlme,2,leg1_paralysed,ite,4,14,311,1212.106689453125,311,1185.23046875,57.63512931930849,23.436614093076855,6
dcrlme_seed2,dcrlme,2,leg1_paralysed,ite,4,15,311,1255.39892578125,311,1185.23046875,57.63512931930849,23.436614093076855,6
dcrlme_seed2,dcrlme,2,leg1_paralysed,ite,4,16,311,1087.8328857421875,311,1185.23046875,57.63512931930849,23.436614093076855,6
dcrlme_seed2,dcrlme,2,leg1_paralysed,ite,4,17,311,1088.876708984375,311,1185.23046875,57.63512931930849,23.436614093076855,6
dcrlme_seed2,dcrlme,2,leg1_paralysed,ite,4,18,278,1051.9510498046875,311,1185.23046875,57.63512931930849,23.436614093076855,6
dcrlme_seed2,dcrlme,2,leg1_paralysed,ite,4,19,311,1194.6136474609375,311,1185.23046875,57.63512931930849,23.436614093076855,6
dcrlme_seed2,dcrlme,2,leg1_paralysed,ite,4,20,311,1259.245849609375,311,1185.23046875,57.63512931930849,23.436614093076855,6
dcrlme_seed2,dcrlme,2,leg1_paralysed,top_k,0,1,771,1076.665771484375,771,1067.66650390625,4.084278018442108,1.6608212542865999,
dcrlme_seed2,dcrlme,2,leg1_paralysed,top_k,0,2,905,1075.95458984375,771,1067.66650390625,4.084278018442108,1.6608212542865999,
dcrlme_seed2,dcrlme,2,leg1_paralysed,top_k,0,3,906,1068.9034423828125,771,1067.66650390625,4.084278018442108,1.6608212542865999,
dcrlme_seed2,dcrlme,2,leg1_paralysed,top_k,0,4,32,1069.078857421875,771,1067.66650390625,4.084278018442108,1.6608212542865999,
dcrlme_seed2,dcrlme,2,leg1_paralysed,top_k,0,5,258,1066.7109375,771,1067.66650390625,4.084278018442108,1.6608212542865999,
dcrlme_seed2,dcrlme,2,leg1_paralysed,top_k,0,6,94,1075.0888671875,771,1067.66650390625,4.084278018442108,1.6608212542865999,
dcrlme_seed2,dcrlme,2,leg1_paralysed,top_k,0,7,437,1083.138427734375,437,1084.73388671875,11.858538441709376,4.822128317375903,
dcrlme_seed2,dcrlme,2,leg1_paralysed,top_k,0,8,790,1105.0233154296875,790,1105.8331298828125,21.469327213091987,8.73023696960219,
dcrlme_seed2,dcrlme,2,leg1_paralysed,top_k,0,9,161,1105.16796875,161,1108.1605224609375,22.529463744175793,9.161328407383706,
dcrlme_seed2,dcrlme,2,leg1_paralysed,top_k,0,10,661,1068.16748046875,161,1108.1605224609375,22.529463744175793,9.161328407383706,
dcrlme_seed2,dcrlme,2,leg1_paralysed,top_k,0,11,478,1057.705810546875,161,1108.1605224609375,22.529463744175793,9.161328407383706,
dcrlme_seed2,dcrlme,2,leg1_paralysed,top_k,0,12,575,1084.8233642578125,161,1108.1605224609375,22.529463744175793,9.161328407383706,
dcrlme_seed2,dcrlme,2,leg1_paralysed,top_k,0,13,674,1049.763671875,161,1108.1605224609375,22.529463744175793,9.161328407383706,
dcrlme_seed2,dcrlme,2,leg1_paralysed,top_k,0,14,323,1082.37841796875,161,1108.1605224609375,22.529463744175793,9.161328407383706,
dcrlme_seed2,dcrlme,2,leg1_paralysed,top_k,0,15,358,1098.296875,161,1108.1605224609375,22.529463744175793,9.161328407383706,
dcrlme_seed2,dcrlme,2,leg1_paralysed,top_k,0,16,120,1072.586181640625,161,1108.1605224609375,22.529463744175793,9.161328407383706,
dcrlme_seed2,dcrlme,2,leg1_paralysed,top_k,0,17,427,1100.4544677734375,161,1108.1605224609375,22.529463744175793,9.161328407383706,
dcrlme_seed2,dcrlme,2,leg1_paralysed,top_k,0,18,285,1050.7796630859375,161,1108.1605224609375,22.529463744175793,9.161328407383706,
dcrlme_seed2,dcrlme,2,leg1_paralysed,top_k,0,19,553,1102.4683837890625,161,1108.1605224609375,22.529463744175793,9.161328407383706,
dcrlme_seed2,dcrlme,2,leg1_paralysed,top_k,0,20,311,1273.98681640625,311,1185.23046875,57.63512931930849,23.436614093076855,
dcrlme_seed2,dcrlme,2,leg1_paralysed,top_k,1,1,771,1082.2781982421875,771,1067.66650390625,4.084278018442108,1.6608212542865999,
dcrlme_seed2,dcrlme,2,leg1_paralysed,top_k,1,2,905,1075.6612548828125,771,1067.66650390625,4.084278018442108,1.6608212542865999,
dcrlme_seed2,dcrlme,2,leg1_paralysed,top_k,1,3,906,1072.695068359375,771,1067.66650390625,4.084278018442108,1.6608212542865999,
dcrlme_seed2,dcrlme,2,leg1_paralysed,top_k,1,4,32,1065.003662109375,771,1067.66650390625,4.084278018442108,1.6608212542865999,
dcrlme_seed2,dcrlme,2,leg1_paralysed,top_k,1,5,258,1067.772216796875,771,1067.66650390625,4.084278018442108,1.6608212542865999,
dcrlme_seed2,dcrlme,2,leg1_paralysed,top_k,1,6,94,1071.767578125,771,1067.66650390625,4.084278018442108,1.6608212542865999,
dcrlme_seed2,dcrlme,2,leg1_paralysed,top_k,1,7,437,1080.6787109375,771,1067.66650390625,4.084278018442108,1.6608212542865999,
dcrlme_seed2,dcrlme,2,leg1_paralysed,top_k,1,8,790,1107.21240234375,790,1105.8331298828125,21.469327213091987,8.73023696960219,
dcrlme_seed2,dcrlme,2,leg1_paralysed,top_k,1,9,161,1102.486083984375,790,1105.8331298828125,21.469327213091987,8.73023696960219,
dcrlme_seed2,dcrlme,2,leg1_paralysed,top_k,1,10,661,1060.6656494140625,790,1105.8331298828125,21.469327213091987,8.73023696960219,
dcrlme_seed2,dcrlme,2,leg1_paralysed,top_k,1,11,478,1055.666259765625,790,1105.8331298828125,21.469327213091987,8.73023696960219,
dcrlme_seed2,dcrlme,2,leg1_paralysed,top_k,1,12,575,1086.667236328125,790,1105.8331298828125,21.469327213091987,8.73023696960219,
dcrlme_seed2,dcrlme,2,leg1_paralysed,top_k,1,13,674,1048.4892578125,790,1105.8331298828125,21.469327213091987,8.73023696960219,
dcrlme_seed2,dcrlme,2,leg1_paralysed,top_k,1,14,323,1083.35107421875,790,1105.8331298828125,21.469327213091987,8.73023696960219,
dcrlme_seed2,dcrlme,2,leg1_paralysed,top_k,1,15,358,1105.7432861328125,790,1105.8331298828125,21.469327213091987,8.73023696960219,
dcrlme_seed2,dcrlme,2,leg1_paralysed,top_k,1,16,120,1074.520263671875,790,1105.8331298828125,21.469327213091987,8.73023696960219,
dcrlme_seed2,dcrlme,2,leg1_paralysed,top_k,1,17,427,1095.0484619140625,790,1105.8331298828125,21.469327213091987,8.73023696960219,
dcrlme_seed2,dcrlme,2,leg1_paralysed,top_k,1,18,285,1062.3134765625,790,1105.8331298828125,21.469327213091987,8.73023696960219,
dcrlme_seed2,dcrlme,2,leg1_paralysed,top_k,1,19,553,1103.622314453125,790,1105.8331298828125,21.469327213091987,8.73023696960219,
dcrlme_seed2,dcrlme,2,leg1_paralysed,top_k,1,20,311,1251.116943359375,311,1185.23046875,57.63512931930849,23.436614093076855,
dcrlme_seed2,dcrlme,2,leg1_paralysed,top_k,2,1,771,1059.4390869140625,771,1067.66650390625,4.084278018442108,1.6608212542865999,
dcrlme_seed2,dcrlme,2,leg1_paralysed,top_k,2,2,905,1080.8214111328125,905,1074.1678466796875,7.0456653838565915,2.8650328815186277,
dcrlme_seed2,dcrlme,2,leg1_paralysed,top_k,2,3,906,1068.681640625,905,1074.1678466796875,7.0456653838565915,2.8650328815186277,
dcrlme_seed2,dcrlme,2,leg1_paralysed,top_k,2,4,32,1063.5589599609375,905,1074.1678466796875,7.0456653838565915,2.8650328815186277,
dcrlme_seed2,dcrlme,2,leg1_paralysed,top_k,2,5,258,1080.7642822265625,905,1074.1678466796875,7.0456653838565915,2.8650328815186277,
dcrlme_seed2,dcrlme,2,leg1_paralysed,top_k,2,6,94,1067.995361328125,905,1074.1678466796875,7.0456653838565915,2.8650328815186277,
dcrlme_seed2,dcrlme,2,leg1_paralysed,top_k,2,7,437,1086.364990234375,437,1084.73388671875,11.858538441709376,4.822128317375903,
dcrlme_seed2,dcrlme,2,leg1_paralysed,top_k,2,8,790,1101.10546875,790,1105.8331298828125,21.469327213091987,8.73023696960219,
dcrlme_seed2,dcrlme,2,leg1_paralysed,top_k,2,9,161,1096.6546630859375,790,1105.8331298828125,21.469327213091987,8.73023696960219,
dcrlme_seed2,dcrlme,2,leg1_paralysed,top_k,2,10,661,1067.8812255859375,790,1105.8331298828125,21.469327213091987,8.73023696960219,
dcrlme_seed2,dcrlme,2,leg1_paralysed,top_k,2,11,478,1060.67724609375,790,1105.8331298828125,21.469327213091987,8.73023696960219,
dcrlme_seed2,dcrlme,2,leg1_paralysed,top_k,2,12,575,1089.2862548828125,790,1105.8331298828125,21.469327213091987,8.73023696960219,
dcrlme_seed2,dcrlme,2,leg1_paralysed,top_k,2,13,674,1048.6363525390625,790,1105.8331298828125,21.469327213091987,8.73023696960219,
dcrlme_seed2,dcrlme,2,leg1_paralysed,top_k,2,14,323,1076.5616455078125,790,1105.8331298828125,21.469327213091987,8.73023696960219,
dcrlme_seed2,dcrlme,2,leg1_paralysed,top_k,2,15,358,1093.16943359375,790,1105.8331298828125,21.469327213091987,8.73023696960219,
dcrlme_seed2,dcrlme,2,leg1_paralysed,top_k,2,16,120,1071.4874267578125,790,1105.8331298828125,21.469327213091987,8.73023696960219,
dcrlme_seed2,dcrlme,2,leg1_paralysed,top_k,2,17,427,1100.759521484375,790,1105.8331298828125,21.469327213091987,8.73023696960219,
dcrlme_seed2,dcrlme,2,leg1_paralysed,top_k,2,18,285,1056.4307861328125,790,1105.8331298828125,21.469327213091987,8.73023696960219,
dcrlme_seed2,dcrlme,2,leg1_paralysed,top_k,2,19,553,1105.6282958984375,553,1098.010498046875,17.90608745008749,7.2812894920320135,
dcrlme_seed2,dcrlme,2,leg1_paralysed,top_k,2,20,311,1071.830322265625,553,1098.010498046875,17.90608745008749,7.2812894920320135,
dcrlme_seed2,dcrlme,2,leg1_paralysed,top_k,3,1,771,1055.11181640625,771,1067.66650390625,4.084278018442108,1.6608212542865999,
dcrlme_seed2,dcrlme,2,leg1_paralysed,top_k,3,2,905,1071.231689453125,905,1074.1678466796875,7.0456653838565915,2.8650328815186277,
dcrlme_seed2,dcrlme,2,leg1_paralysed,top_k,3,3,906,1067.462890625,905,1074.1678466796875,7.0456653838565915,2.8650328815186277,
dcrlme_seed2,dcrlme,2,leg1_paralysed,top_k,3,4,32,1064.623046875,905,1074.1678466796875,7.0456653838565915,2.8650328815186277,
dcrlme_seed2,dcrlme,2,leg1_paralysed,top_k,3,5,258,1069.303955078125,905,1074.1678466796875,7.0456653838565915,2.8650328815186277,
dcrlme_seed2,dcrlme,2,leg1_paralysed,top_k,3,6,94,1071.953857421875,94,1068.275146484375,4.3615171217665525,1.7735571143924767,
dcrlme_seed2,dcrlme,2,leg1_paralysed,top_k,3,7,437,1083.25537109375,437,1084.73388671875,11.858538441709376,4.822128317375903,
dcrlme_seed2,dcrlme,2,leg1_paralysed,top_k,3,8,790,1103.622802734375,790,1105.8331298828125,21.469327213091987,8.73023696960219,
dcrlme_seed2,dcrlme,2,leg1_paralysed,top_k,3,9,161,1115.681640625,161,1108.1605224609375,22.529463744175793,9.161328407383706,
dcrlme_seed2,dcrlme,2,leg1_paralysed,top_k,3,10,661,1062.892822265625,161,1108.1605224609375,22.529463744175793,9.161328407383706,
dcrlme_seed2,dcrlme,2,leg1_paralysed,top_k,3,11,478,1056.677001953125,161,1108.1605224609375,22.529463744175793,9.161328407383706,
dcrlme_seed2,dcrlme,2,leg1_paralysed,top_k,3,12,575,1084.286376953125,161,1108.1605224609375,22.529463744175793,9.161328407383706,
dcrlme_seed2,dcrlme,2,leg1_paralysed,top_k,3,13,674,1050.8623046875,161,1108.1605224609375,22.529463744175793,9.161328407383706,
dcrlme_seed2,dcrlme,2,leg1_paralysed,top_k,3,14,323,1071.83544921875,161,1108.1605224609375,22.529463744175793,9.161328407383706,
dcrlme_seed2,dcrlme,2,leg1_paralysed,top_k,3,15,358,1098.8221435546875,161,1108.1605224609375,22.529463744175793,9.161328407383706,
dcrlme_seed2,dcrlme,2,leg1_paralysed,top_k,3,16,120,1076.309326171875,161,1108.1605224609375,22.529463744175793,9.161328407383706,
dcrlme_seed2,dcrlme,2,leg1_paralysed,top_k,3,17,427,1103.224853515625,161,1108.1605224609375,22.529463744175793,9.161328407383706,
dcrlme_seed2,dcrlme,2,leg1_paralysed,top_k,3,18,285,1064.35888671875,161,1108.1605224609375,22.529463744175793,9.161328407383706,
dcrlme_seed2,dcrlme,2,leg1_paralysed,top_k,3,19,553,1101.3570556640625,161,1108.1605224609375,22.529463744175793,9.161328407383706,
dcrlme_seed2,dcrlme,2,leg1_paralysed,top_k,3,20,311,1212.35302734375,311,1185.23046875,57.63512931930849,23.436614093076855,
dcrlme_seed2,dcrlme,2,leg1_paralysed,top_k,4,1,771,1060.4990234375,771,1067.66650390625,4.084278018442108,1.6608212542865999,
dcrlme_seed2,dcrlme,2,leg1_paralysed,top_k,4,2,905,1070.439208984375,905,1074.1678466796875,7.0456653838565915,2.8650328815186277,
dcrlme_seed2,dcrlme,2,leg1_paralysed,top_k,4,3,906,1070.9951171875,906,1068.0509033203125,4.259373472988573,1.7320216601176077,
dcrlme_seed2,dcrlme,2,leg1_paralysed,top_k,4,4,32,1066.89013671875,906,1068.0509033203125,4.259373472988573,1.7320216601176077,
dcrlme_seed2,dcrlme,2,leg1_paralysed,top_k,4,5,258,1065.3597412109375,906,1068.0509033203125,4.259373472988573,1.7320216601176077,
dcrlme_seed2,dcrlme,2,leg1_paralysed,top_k,4,6,94,1059.6160888671875,906,1068.0509033203125,4.259373472988573,1.7320216601176077,
dcrlme_seed2,dcrlme,2,leg1_paralysed,top_k,4,7,437,1086.5260009765625,437,1084.73388671875,11.858538441709376,4.822128317375903,
dcrlme_seed2,dcrlme,2,leg1_paralysed,top_k,4,8,790,1098.9981689453125,790,1105.8331298828125,21.469327213091987,8.73023696960219,
dcrlme_seed2,dcrlme,2,leg1_paralysed,top_k,4,9,161,1101.658203125,161,1108.1605224609375,22.529463744175793,9.161328407383706,
dcrlme_seed2,dcrlme,2,leg1_paralysed,top_k,4,10,661,1065.570556640625,161,1108.1605224609375,22.529463744175793,9.161328407383706,
dcrlme_seed2,dcrlme,2,leg1_paralysed,top_k,4,11,478,1062.0469970703125,161,1108.1605224609375,22.529463744175793,9.161328407383706,
dcrlme_seed2,dcrlme,2,leg1_paralysed,top_k,4,12,575,1084.115478515625,161,1108.1605224609375,22.529463744175793,9.161328407383706,
dcrlme_seed2,dcrlme,2,leg1_paralysed,top_k,4,13,674,1048.16064453125,161,1108.1605224609375,22.529463744175793,9.161328407383706,
dcrlme_seed2,dcrlme,2,leg1_paralysed,top_k,4,14,323,1076.6748046875,161,1108.1605224609375,22.529463744175793,9.161328407383706,
dcrlme_seed2,dcrlme,2,leg1_paralysed,top_k,4,15,358,1094.93408203125,161,1108.1605224609375,22.529463744175793,9.161328407383706,
dcrlme_seed2,dcrlme,2,leg1_paralysed,top_k,4,16,120,1074.84228515625,161,1108.1605224609375,22.529463744175793,9.161328407383706,
dcrlme_seed2,dcrlme,2,leg1_paralysed,top_k,4,17,427,1059.765869140625,161,1108.1605224609375,22.529463744175793,9.161328407383706,
dcrlme_seed2,dcrlme,2,leg1_paralysed,top_k,4,18,285,1050.335205078125,161,1108.1605224609375,22.529463744175793,9.161328407383706,
dcrlme_seed2,dcrlme,2,leg1_paralysed,top_k,4,19,553,1098.4678955078125,161,1108.1605224609375,22.529463744175793,9.161328407383706,
dcrlme_seed2,dcrlme,2,leg1_paralysed,top_k,4,20,311,1230.607421875,311,1185.23046875,57.63512931930849,23.436614093076855,
dcrlme_seed2,dcrlme,2,leg2_paralysed,ite,0,1,771,1099.6961669921875,771,1103.33740234375,22.05851197568522,8.267965678012809,15
dcrlme_seed2,dcrlme,2,leg2_paralysed,ite,0,2,311,1066.9276123046875,771,1103.33740234375,22.05851197568522,8.267965678012809,15
dcrlme_seed2,dcrlme,2,leg2_paralysed,ite,0,3,305,1064.2427978515625,771,1103.33740234375,22.05851197568522,8.267965678012809,15
dcrlme_seed2,dcrlme,2,leg2_paralysed,ite,0,4,258,1068.1165771484375,771,1103.33740234375,22.05851197568522,8.267965678012809,15
dcrlme_seed2,dcrlme,2,leg2_paralysed,ite,0,5,133,1071.85009765625,771,1103.33740234375,22.05851197568522,8.267965678012809,15
dcrlme_seed2,dcrlme,2,leg2_paralysed,ite,0,6,78,1058.240966796875,771,1103.33740234375,22.05851197568522,8.267965678012809,15
dcrlme_seed2,dcrlme,2,leg2_paralysed,ite,0,7,158,1075.184814453125,771,1103.33740234375,22.05851197568522,8.267965678012809,15
dcrlme_seed2,dcrlme,2,leg2_paralysed,ite,0,8,872,1071.1324462890625,771,1103.33740234375,22.05851197568522,8.267965678012809,15
dcrlme_seed2,dcrlme,2,leg2_paralysed,ite,0,9,295,1060.30224609375,771,1103.33740234375,22.05851197568522,8.267965678012809,15
dcrlme_seed2,dcrlme,2,leg2_paralysed,ite,0,10,720,1071.6041259765625,771,1103.33740234375,22.05851197568522,8.267965678012809,15
dcrlme_seed2,dcrlme,2,leg2_paralysed,ite,0,11,278,1066.58984375,771,1103.33740234375,22.05851197568522,8.267965678012809,15
dcrlme_seed2,dcrlme,2,leg2_paralysed,ite,0,12,258,1104.70361328125,258,1068.282958984375,4.735620901311993,1.775004185200093,15
dcrlme_seed2,dcrlme,2,leg2_paralysed,ite,0,13,311,1072.579345703125,258,1068.282958984375,4.735620901311993,1.775004185200093,15
dcrlme_seed2,dcrlme,2,leg2_paralysed,ite,0,14,258,1066.8095703125,258,1068.282958984375,4.735620901311993,1.775004185200093,15
dcrlme_seed2,dcrlme,2,leg2_paralysed,ite,0,15,181,1211.51708984375,181,1235.105224609375,87.17435503197876,32.67466890793816,15
dcrlme_seed2,dcrlme,2,leg2_paralysed,ite,0,16,181,1194.971923828125,181,1235.105224609375,87.17435503197876,32.67466890793816,15
dcrlme_seed2,dcrlme,2,leg2_paralysed,ite,0,17,181,1230.3834228515625,181,1235.105224609375,87.17435503197876,32.67466890793816,15
dcrlme_seed2,dcrlme,2,leg2_paralysed,ite,0,18,181,1241.974609375,181,1235.105224609375,87.17435503197876,32.67466890793816,15
dcrlme_seed2,dcrlme,2,leg2_paralysed,ite,0,19,181,1187.235107421875,181,1235.105224609375,87.17435503197876,32.67466890793816,15
dcrlme_seed2,dcrlme,2,leg2_paralysed,ite,0,20,181,1194.9949951171875,181,1235.105224609375,87.17435503197876,32.67466890793816,15
dcrlme_seed2,dcrlme,2,leg2_paralysed,ite,1,1,771,1108.080810546875,771,1103.33740234375,22.05851197568522,8.267965678012809,13
dcrlme_seed2,dcrlme,2,leg2_paralysed,ite,1,2,311,1071.7269287109375,771,1103.33740234375,22.05851197568522,8.267965678012809,13
dcrlme_seed2,dcrlme,2,leg2_paralysed,ite,1,3,305,1065.008544921875,771,1103.33740234375,22.05851197568522,8.267965678012809,13
dcrlme_seed2,dcrlme,2,leg2_paralysed,ite,1,4,258,1067.368896484375,771,1103.33740234375,22.05851197568522,8.267965678012809,13
dcrlme_seed2,dcrlme,2,leg2_paralysed,ite,1,5,133,1060.6884765625,771,1103.33740234375,22.05851197568522,8.267965678012809,13
dcrlme_seed2,dcrlme,2,leg2_paralysed,ite,1,6,78,1057.1820068359375,771,1103.33740234375,22.05851197568522,8.267965678012809,13
dcrlme_seed2,dcrlme,2,leg2_paralysed,ite,1,7,872,1070.1739501953125,771,1103.33740234375,22.05851197568522,8.267965678012809,13
dcrlme_seed2,dcrlme,2,leg2_paralysed,ite,1,8,158,1052.824462890625,771,1103.33740234375,22.05851197568522,8.267965678012809,13
dcrlme_seed2,dcrlme,2,leg2_paralysed,ite,1,9,295,1059.8795166015625,771,1103.33740234375,22.05851197568522,8.267965678012809,13
dcrlme_seed2,dcrlme,2,leg2_paralysed,ite,1,10,720,1079.731689453125,771,1103.33740234375,22.05851197568522,8.267965678012809,13
dcrlme_seed2,dcrlme,2,leg2_paralysed,ite,1,11,278,1066.271484375,771,1103.33740234375,22.05851197568522,8.267965678012809,13
dcrlme_seed2,dcrlme,2,leg2_paralysed,ite,1,12,258,1064.927001953125,771,1103.33740234375,22.05851197568522,8.267965678012809,13
dcrlme_seed2,dcrlme,2,leg2_paralysed,ite,1,13,181,1223.9259033203125,181,1235.105224609375,87.17435503197876,32.67466890793816,13
dcrlme_seed2,dcrlme,2,leg2_paralysed,ite,1,14,181,1199.3599853515625,181,1235.105224609375,87.17435503197876,32.67466890793816,13
dcrlme_seed2,dcrlme,2,leg2_paralysed,ite,1,15,181,1221.40283203125,181,1235.105224609375,87.17435503197876,32.67466890793816,13
dcrlme_seed2,dcrlme,2,leg2_paralysed,ite,1,16,181,1179.08447265625,181,1235.105224609375,87.17435503197876,32.67466890793816,13
dcrlme_seed2,dcrlme,2,leg2_paralysed,ite,1,17,181,1253.129150390625,181,1235.105224609375,87.17435503197876,32.67466890793816,13
dcrlme_seed2,dcrlme,2,leg2_paralysed,ite,1,18,181,1212.898681640625,181,1235.105224609375,87.17435503197876,32.67466890793816,13
dcrlme_seed2,dcrlme,2,leg2_paralysed,ite,1,19,181,1169.12890625,181,1235.105224609375,87.17435503197876,32.67466890793816,13
dcrlme_seed2,dcrlme,2,leg2_paralysed,ite,1,20,181,1186.0947265625,181,1235.105224609375,87.17435503197876,32.67466890793816,13
dcrlme_seed2,dcrlme,2,leg2_paralysed,ite,2,1,771,1081.441650390625,771,1103.33740234375,22.05851197568522,8.267965678012809,11
dcrlme_seed2,dcrlme,2,leg2_paralysed,ite,2,2,311,1067.2734375,771,1103.33740234375,22.05851197568522,8.267965678012809,11
dcrlme_seed2,dcrlme,2,leg2_paralysed,ite,2,3,305,1068.938720703125,771,1103.33740234375,22.05851197568522,8.267965678012809,11
dcrlme_seed2,dcrlme,2,leg2_paralysed,ite,2,4,258,1065.098876953125,771,1103.33740234375,22.05851197568522,8.267965678012809,11
dcrlme_seed2,dcrlme,2,leg2_paralysed,ite,2,5,133,1061.729736328125,771,1103.33740234375,22.05851197568522,8.267965678012809,11
dcrlme_seed2,dcrlme,2,leg2_paralysed,ite,2,6,78,1059.1121826171875,771,1103.33740234375,22.05851197568522,8.267965678012809,11
dcrlme_seed2,dcrlme,2,leg2_paralysed,ite,2,7,158,1077.248291015625,771,1103.33740234375,22.05851197568522,8.267965678012809,11
dcrlme_seed2,dcrlme,2,leg2_paralysed,ite,2,8,278,1064.5732421875,771,1103.33740234375,22.05851197568522,8.267965678012809,11
dcrlme_seed2,dcrlme,2,leg2_paralysed,ite,2,9,295,1054.1572265625,771,1103.33740234375,22.05851197568522,8.267965678012809,11
dcrlme_seed2,dcrlme,2,leg2_paralysed,ite,2,10,258,1065.2275390625,771,1103.33740234375,22.05851197568522,8.267965678012809,11
dcrlme_seed2,dcrlme,2,leg2_paralysed,ite,2,11,181,1241.705322265625,181,1235.105224609375,87.17435503197876,32.67466890793816,11
dcrlme_seed2,dcrlme,2,leg2_paralysed,ite,2,12,181,1206.9129638671875,181,1235.105224609375,87.17435503197876,32.67466890793816,11
dcrlme_seed2,dcrlme,2,leg2_paralysed,ite,2,13,181,1201.009765625,181,1235.105224609375,87.17435503197876,32.67466890793816,11
dcrlme_seed2,dcrlme,2,leg2_paralysed,ite,2,14,181,1236.28564453125,181,1235.105224609375,87.17435503197876,32.67466890793816,11
dcrlme_seed2,dcrlme,2,leg2_paralysed,ite,2,15,181,1191.7547607421875,181,1235.105224609375,87.17435503197876,32.67466890793816,11
dcrlme_seed2,dcrlme,2,leg2_paralysed,ite,2,16,181,1193.940185546875,181,1235.105224609375,87.17435503197876,32.67466890793816,11
dcrlme_seed2,dcrlme,2,leg2_paralysed,ite,2,17,181,1199.58984375,181,1235.105224609375,87.17435503197876,32.67466890793816,11
dcrlme_seed2,dcrlme,2,leg2_paralysed,ite,2,18,181,1206.15185546875,181,1235.105224609375,87.17435503197876,32.67466890793816,11
dcrlme_seed2,dcrlme,2,leg2_paralysed,ite,2,19,181,1224.925537109375,181,1235.105224609375,87.17435503197876,32.67466890793816,11
dcrlme_seed2,dcrlme,2,leg2_paralysed,ite,2,20,181,1182.8382568359375,181,1235.105224609375,87.17435503197876,32.67466890793816,11
dcrlme_seed2,dcrlme,2,leg2_paralysed,ite,3,1,771,1093.849853515625,771,1103.33740234375,22.05851197568522,8.267965678012809,9
dcrlme_seed2,dcrlme,2,leg2_paralysed,ite,3,2,311,1073.297607421875,771,1103.33740234375,22.05851197568522,8.267965678012809,9
dcrlme_seed2,dcrlme,2,leg2_paralysed,ite,3,3,305,1062.8193359375,771,1103.33740234375,22.05851197568522,8.267965678012809,9
dcrlme_seed2,dcrlme,2,leg2_paralysed,ite,3,4,258,1068.300537109375,771,1103.33740234375,22.05851197568522,8.267965678012809,9
dcrlme_seed2,dcrlme,2,leg2_paralysed,ite,3,5,133,1061.474853515625,771,1103.33740234375,22.05851197568522,8.267965678012809,9
dcrlme_seed2,dcrlme,2,leg2_paralysed,ite,3,6,78,1059.1812744140625,771,1103.33740234375,22.05851197568522,8.267965678012809,9
dcrlme_seed2,dcrlme,2,leg2_paralysed,ite,3,7,158,1145.3040771484375,158,1065.1480712890625,3.18645015797546,1.194344413162584,9
dcrlme_seed2,dcrlme,2,leg2_paralysed,ite,3,8,872,1081.8994140625,158,1065.1480712890625,3.18645015797546,1.194344413162584,9
dcrlme_seed2,dcrlme,2,leg2_paralysed,ite,3,9,295,1062.307373046875,158,1065.1480712890625,3.18645015797546,1.194344413162584,9
dcrlme_seed2,dcrlme,2,leg2_paralysed,ite,3,10,158,1055.266845703125,158,1065.1480712890625,3.18645015797546,1.194344413162584,9
dcrlme_seed2,dcrlme,2,leg2_paralysed,ite,3,11,720,1071.212646484375,158,1065.1480712890625,3.18645015797546,1.194344413162584,9
dcrlme_seed2,dcrlme,2,leg2_paralysed,ite,3,12,278,1066.45361328125,158,1065.1480712890625,3.18645015797546,1.194344413162584,9
dcrlme_seed2,dcrlme,2,leg2_paralysed,ite,3,13,258,1063.94482421875,158,1065.1480712890625,3.18645015797546,1.194344413162584,9
dcrlme_seed2,dcrlme,2,leg2_paralysed,ite,3,14,311,1067.75830078125,158,1065.1480712890625,3.18645015797546,1.194344413162584,9
dcrlme_seed2,dcrlme,2,leg2_paralysed,ite,3,15,181,1205.869384765625,181,1235.105224609375,87.17435503197876,32.67466890793816,9
dcrlme_seed2,dcrlme,2,leg2_paralysed,ite,3,16,181,1226.074462890625,181,1235.105224609375,87.17435503197876,32.67466890793816,9
dcrlme_seed2,dcrlme,2,leg2_paralysed,ite,3,17,181,1238.4012451171875,181,1235.105224609375,87.17435503197876,32.67466890793816,9
dcrlme_seed2,dcrlme,2,leg2_paralysed,ite,3,18,181,1175.2734375,181,1235.105224609375,87.17435503197876,32.67466890793816,9
dcrlme_seed2,dcrlme,2,leg2_paralysed,ite,3,19,181,1184.8984375,181,1235.105224609375,87.17435503197876,32.67466890793816,9
dcrlme_seed2,dcrlme,2,leg2_paralysed,ite,3,20,181,1212.086669921875,181,1235.105224609375,87.17435503197876,32.67466890793816,9
dcrlme_seed2,dcrlme,2,leg2_paralysed,ite,4,1,771,1105.510009765625,771,1103.33740234375,22.05851197568522,8.267965678012809,11
dcrlme_seed2,dcrlme,2,leg2_paralysed,ite,4,2,311,1068.6214599609375,771,1103.33740234375,22.05851197568522,8.267965678012809,11
dcrlme_seed2,dcrlme,2,leg2_paralysed,ite,4,3,305,1071.740234375,771,1103.33740234375,22.05851197568522,8.267965678012809,11
dcrlme_seed2,dcrlme,2,leg2_paralysed,ite,4,4,258,1064.1904296875,771,1103.33740234375,22.05851197568522,8.267965678012809,11
dcrlme_seed2,dcrlme,2,leg2_paralysed,ite,4,5,133,1065.628173828125,771,1103.33740234375,22.05851197568522,8.267965678012809,11
dcrlme_seed2,dcrlme,2,leg2_paralysed,ite,4,6,78,1058.4169921875,771,1103.33740234375,22.05851197568522,8.267965678012809,11
dcrlme_seed2,dcrlme,2,leg2_paralysed,ite,4,7,158,1101.70849609375,771,1103.33740234375,22.05851197568522,8.267965678012809,11
dcrlme_seed2,dcrlme,2,leg2_paralysed,ite,4,8,278,1063.560791015625,771,1103.33740234375,22.05851197568522,8.267965678012809,11
dcrlme_seed2,dcrlme,2,leg2_paralysed,ite,4,9,295,1059.5302734375,771,1103.33740234375,22.05851197568522,8.267965678012809,11
dcrlme_seed2,dcrlme,2,leg2_paralysed,ite,4,10,258,1061.042724609375,771,1103.33740234375,22.05851197568522,8.267965678012809,11
dcrlme_seed2,dcrlme,2,leg2_paralysed,ite,4,11,181,1218.11181640625,181,1235.105224609375,87.17435503197876,32.67466890793816,11
dcrlme_seed2,dcrlme,2,leg2_paralysed,ite,4,12,181,1201.56591796875,181,1235.105224609375,87.17435503197876,32.67466890793816,11
dcrlme_seed2,dcrlme,2,leg2_paralysed,ite,4,13,181,1249.070556640625,181,1235.105224609375,87.17435503197876,32.67466890793816,11
dcrlme_seed2,dcrlme,2,leg2_paralysed,ite,4,14,181,1276.0281982421875,181,1235.105224609375,87.17435503197876,32.67466890793816,11
dcrlme_seed2,dcrlme,2,leg2_paralysed,ite,4,15,181,1255.072265625,181,1235.105224609375,87.17435503197876,32.67466890793816,11
dcrlme_seed2,dcrlme,2,leg2_paralysed,ite,4,16,181,1220.2490234375,181,1235.105224609375,87.17435503197876,32.67466890793816,11
dcrlme_seed2,dcrlme,2,leg2_paralysed,ite,4,17,181,1188.241455078125,181,1235.105224609375,87.17435503197876,32.67466890793816,11
dcrlme_seed2,dcrlme,2,leg2_paralysed,ite,4,18,181,1199.6826171875,181,1235.105224609375,87.17435503197876,32.67466890793816,11
dcrlme_seed2,dcrlme,2,leg2_paralysed,ite,4,19,181,1214.1759033203125,181,1235.105224609375,87.17435503197876,32.67466890793816,11
dcrlme_seed2,dcrlme,2,leg2_paralysed,ite,4,20,181,1240.20263671875,181,1235.105224609375,87.17435503197876,32.67466890793816,11
dcrlme_seed2,dcrlme,2,leg2_paralysed,top_k,0,1,771,1106.168212890625,771,1103.33740234375,22.05851197568522,8.267965678012809,
dcrlme_seed2,dcrlme,2,leg2_paralysed,top_k,0,2,905,1095.60107421875,771,1103.33740234375,22.05851197568522,8.267965678012809,
dcrlme_seed2,dcrlme,2,leg2_paralysed,top_k,0,3,906,1105.6129150390625,771,1103.33740234375,22.05851197568522,8.267965678012809,
dcrlme_seed2,dcrlme,2,leg2_paralysed,top_k,0,4,32,1081.169677734375,771,1103.33740234375,22.05851197568522,8.267965678012809,
dcrlme_seed2,dcrlme,2,leg2_paralysed,top_k,0,5,258,1065.4404296875,771,1103.33740234375,22.05851197568522,8.267965678012809,
dcrlme_seed2,dcrlme,2,leg2_paralysed,top_k,0,6,94,1099.445556640625,771,1103.33740234375,22.05851197568522,8.267965678012809,
dcrlme_seed2,dcrlme,2,leg2_paralysed,top_k,0,7,437,1058.0552978515625,771,1103.33740234375,22.05851197568522,8.267965678012809,
dcrlme_seed2,dcrlme,2,leg2_paralysed,top_k,0,8,790,1076.82421875,771,1103.33740234375,22.05851197568522,8.267965678012809,
dcrlme_seed2,dcrlme,2,leg2_paralysed,top_k,0,9,161,1068.404541015625,771,1103.33740234375,22.05851197568522,8.267965678012809,
dcrlme_seed2,dcrlme,2,leg2_paralysed,top_k,0,10,661,1085.6021728515625,771,1103.33740234375,22.05851197568522,8.267965678012809,
dcrlme_seed2,dcrlme,2,leg2_paralysed,top_k,0,11,478,1082.564453125,771,1103.33740234375,22.05851197568522,8.267965678012809,
dcrlme_seed2,dcrlme,2,leg2_paralysed,top_k,0,12,575,1060.1796875,771,1103.33740234375,22.05851197568522,8.267965678012809,
dcrlme_seed2,dcrlme,2,leg2_paralysed,top_k,0,13,674,1072.3118896484375,771,1103.33740234375,22.05851197568522,8.267965678012809,
dcrlme_seed2,dcrlme,2,leg2_paralysed,top_k,0,14,323,1061.38916015625,771,1103.33740234375,22.05851197568522,8.267965678012809,
dcrlme_seed2,dcrlme,2,leg2_paralysed,top_k,0,15,358,1061.1298828125,771,1103.33740234375,22.05851197568522,8.267965678012809,
dcrlme_seed2,dcrlme,2,leg2_paralysed,top_k,0,16,120,1107.470458984375,120,1150.843017578125,45.534411726524574,17.067196270464404,
dcrlme_seed2,dcrlme,2,leg2_paralysed,top_k,0,17,427,1068.4501953125,120,1150.843017578125,45.534411726524574,17.067196270464404,
dcrlme_seed2,dcrlme,2,leg2_paralysed,top_k,0,18,285,1163.907958984375,285,1134.281494140625,37.35018630345093,13.999587042168269,
dcrlme_seed2,dcrlme,2,leg2_paralysed,top_k,0,19,553,1064.6514892578125,285,1134.281494140625,37.35018630345093,13.999587042168269,
dcrlme_seed2,dcrlme,2,leg2_paralysed,top_k,0,20,311,1071.064697265625,285,1134.281494140625,37.35018630345093,13.999587042168269,
dcrlme_seed2,dcrlme,2,leg2_paralysed,top_k,1,1,771,1102.1497802734375,771,1103.33740234375,22.05851197568522,8.267965678012809,
dcrlme_seed2,dcrlme,2,leg2_paralysed,top_k,1,2,905,1092.9669189453125,771,1103.33740234375,22.05851197568522,8.267965678012809,
dcrlme_seed2,dcrlme,2,leg2_paralysed,top_k,1,3,906,1106.1466064453125,906,1127.73681640625,34.11599603697981,12.787348694050243,
dcrlme_seed2,dcrlme,2,leg2_paralysed,top_k,1,4,32,1116.1495361328125,32,1108.618408203125,24.66823218510951,9.246140322998858,
dcrlme_seed2,dcrlme,2,leg2_paralysed,top_k,1,5,258,1064.065185546875,32,1108.618408203125,24.66823218510951,9.246140322998858,
dcrlme_seed2,dcrlme,2,leg2_paralysed,top_k,1,6,94,1123.3988037109375,94,1094.90966796875,17.893769632320314,6.706938044296457,
dcrlme_seed2,dcrlme,2,leg2_paralysed,top_k,1,7,437,1061.5362548828125,94,1094.90966796875,17.893769632320314,6.706938044296457,
dcrlme_seed2,dcrlme,2,leg2_paralysed,top_k,1,8,790,1068.53466796875,94,1094.90966796875,17.893769632320314,6.706938044296457,
dcrlme_seed2,dcrlme,2,leg2_paralysed,top_k,1,9,161,1058.603759765625,94,1094.90966796875,17.893769632320314,6.706938044296457,
dcrlme_seed2,dcrlme,2,leg2_paralysed,top_k,1,10,661,1087.261474609375,94,1094.90966796875,17.893769632320314,6.706938044296457,
dcrlme_seed2,dcrlme,2,leg2_paralysed,top_k,1,11,478,1091.8272705078125,94,1094.90966796875,17.893769632320314,6.706938044296457,
dcrlme_seed2,dcrlme,2,leg2_paralysed,top_k,1,12,575,1058.584228515625,94,1094.90966796875,17.893769632320314,6.706938044296457,
dcrlme_seed2,dcrlme,2,leg2_paralysed,top_k,1,13,674,1092.0684814453125,94,1094.90966796875,17.893769632320314,6.706938044296457,
dcrlme_seed2,dcrlme,2,leg2_paralysed,top_k,1,14,323,1061.170654296875,94,1094.90966796875,17.893769632320314,6.706938044296457,
dcrlme_seed2,dcrlme,2,leg2_paralysed,top_k,1,15,358,1060.308837890625,94,1094.90966796875,17.893769632320314,6.706938044296457,
dcrlme_seed2,dcrlme,2,leg2_paralysed,top_k,1,16,120,1126.33642578125,120,1150.843017578125,45.534411726524574,17.067196270464404,
dcrlme_seed2,dcrlme,2,leg2_paralysed,top_k,1,17,427,1068.9638671875,120,1150.843017578125,45.534411726524574,17.067196270464404,
dcrlme_seed2,dcrlme,2,leg2_paralysed,top_k,1,18,285,1124.9619140625,120,1150.843017578125,45.534411726524574,17.067196270464404,
dcrlme_seed2,dcrlme,2,leg2_paralysed,top_k,1,19,553,1064.4873046875,120,1150.843017578125,45.534411726524574,17.067196270464404,
dcrlme_seed2,dcrlme,2,leg2_paralysed,top_k,1,20,311,1071.7442626953125,120,1150.843017578125,45.534411726524574,17.067196270464404,
dcrlme_seed2,dcrlme,2,leg2_paralysed,top_k,2,1,771,1105.5748291015625,771,1103.33740234375,22.05851197568522,8.267965678012809,
dcrlme_seed2,dcrlme,2,leg2_paralysed,top_k,2,2,905,1129.042236328125,905,1119.588134765625,30.08915347630511,11.278008620743446,
dcrlme_seed2,dcrlme,2,leg2_paralysed,top_k,2,3,906,1117.11181640625,905,1119.588134765625,30.08915347630511,11.278008620743446,
dcrlme_seed2,dcrlme,2,leg2_paralysed,top_k,2,4,32,1106.341552734375,905,1119.588134765625,30.08915347630511,11.278008620743446,
dcrlme_seed2,dcrlme,2,leg2_paralysed,top_k,2,5,258,1061.607421875,905,1119.588134765625,30.08915347630511,11.278008620743446,
dcrlme_seed2,dcrlme,2,leg2_paralysed,top_k,2,6,94,1085.254150390625,905,1119.588134765625,30.08915347630511,11.278008620743446,
dcrlme_seed2,dcrlme,2,leg2_paralysed,top_k,2,7,437,1060.598876953125,905,1119.588134765625,30.08915347630511,11.278008620743446,
dcrlme_seed2,dcrlme,2,leg2_paralysed,top_k,2,8,790,1061.308837890625,905,1119.588134765625,30.08915347630511,11.278008620743446,
dcrlme_seed2,dcrlme,2,leg2_paralysed,top_k,2,9,161,1066.185546875,905,1119.588134765625,30.08915347630511,11.278008620743446,
dcrlme_seed2,dcrlme,2,leg2_paralysed,top_k,2,10,661,1083.379638671875,905,1119.588134765625,30.08915347630511,11.278008620743446,
dcrlme_seed2,dcrlme,2,leg2_paralysed,top_k,2,11,478,1074.1103515625,905,1119.588134765625,30.08915347630511,11.278008620743446,
dcrlme_seed2,dcrlme,2,leg2_paralysed,top_k,2,12,575,1058.690673828125,905,1119.588134765625,30.08915347630511,11.278008620743446,
dcrlme_seed2,dcrlme,2,leg2_paralysed,top_k,2,13,674,1092.1021728515625,905,1119.588134765625,30.08915347630511,11.278008620743446,
dcrlme_seed2,dcrlme,2,leg2_paralysed,top_k,2,14,323,1064.225830078125,905,1119.588134765625,30.08915347630511,11.278008620743446,
dcrlme_seed2,dcrlme,2,leg2_paralysed,top_k,2,15,358,1062.27783203125,905,1119.588134765625,30.08915347630511,11.278008620743446,
dcrlme_seed2,dcrlme,2,leg2_paralysed,top_k,2,16,120,1112.7685546875,905,1119.588134765625,30.08915347630511,11.278008620743446,
dcrlme_seed2,dcrlme,2,leg2_paralysed,top_k,2,17,427,1064.4041748046875,905,1119.588134765625,30.08915347630511,11.278008620743446,
dcrlme_seed2,dcrlme,2,leg2_paralysed,top_k,2,18,285,1068.31591796875,905,1119.588134765625,30.08915347630511,11.278008620743446,
dcrlme_seed2,dcrlme,2,leg2_paralysed,top_k,2,19,553,1062.640625,905,1119.588134765625,30.08915347630511,11.278008620743446,
dcrlme_seed2,dcrlme,2,leg2_paralysed,top_k,2,20,311,1069.8077392578125,905,1119.588134765625,30.08915347630511,11.278008620743446,
dcrlme_seed2,dcrlme,2,leg2_paralysed,top_k,3,1,771,1103.631591796875,771,1103.33740234375,22.05851197568522,8.267965678012809,
dcrlme_seed2,dcrlme,2,leg2_paralysed,top_k,3,2,905,1161.6239013671875,905,1119.588134765625,30.08915347630511,11.278008620743446,
dcrlme_seed2,dcrlme,2,leg2_paralysed,top_k,3,3,906,1094.159423828125,905,1119.588134765625,30.08915347630511,11.278008620743446,
dcrlme_seed2,dcrlme,2,leg2_paralysed,top_k,3,4,32,1101.990966796875,905,1119.588134765625,30.08915347630511,11.278008620743446,
dcrlme_seed2,dcrlme,2,leg2_paralysed,top_k,3,5,258,1064.09814453125,905,1119.588134765625,30.08915347630511,11.278008620743446,
dcrlme_seed2,dcrlme,2,leg2_paralysed,top_k,3,6,94,1080.1346435546875,905,1119.588134765625,30.08915347630511,11.278008620743446,
dcrlme_seed2,dcrlme,2,leg2_paralysed,top_k,3,7,437,1061.395751953125,905,1119.588134765625,30.08915347630511,11.278008620743446,
dcrlme_seed2,dcrlme,2,leg2_paralysed,top_k,3,8,790,1059.1558837890625,905,1119.588134765625,30.08915347630511,11.278008620743446,
dcrlme_seed2,dcrlme,2,leg2_paralysed,top_k,3,9,161,1063.169677734375,905,1119.588134765625,30.08915347630511,11.278008620743446,
dcrlme_seed2,dcrlme,2,leg2_paralysed,top_k,3,10,661,1111.346435546875,905,1119.588134765625,30.08915347630511,11.278008620743446,
dcrlme_seed2,dcrlme,2,leg2_paralysed,top_k,3,11,478,1077.8538818359375,905,1119.588134765625,30.08915347630511,11.278008620743446,
dcrlme_seed2,dcrlme,2,leg2_paralysed,top_k,3,12,575,1059.997802734375,905,1119.588134765625,30.08915347630511,11.278008620743446,
dcrlme_seed2,dcrlme,2,leg2_paralysed,top_k,3,13,674,1075.8660888671875,905,1119.588134765625,30.08915347630511,11.278008620743446,
dcrlme_seed2,dcrlme,2,leg2_paralysed,top_k,3,14,323,1062.323974609375,905,1119.588134765625,30.08915347630511,11.278008620743446,
dcrlme_seed2,dcrlme,2,leg2_paralysed,top_k,3,15,358,1063.9161376953125,905,1119.588134765625,30.08915347630511,11.278008620743446,
dcrlme_seed2,dcrlme,2,leg2_paralysed,top_k,3,16,120,1155.909423828125,905,1119.588134765625,30.08915347630511,11.278008620743446,
dcrlme_seed2,dcrlme,2,leg2_paralysed,top_k,3,17,427,1069.572265625,905,1119.588134765625,30.08915347630511,11.278008620743446,
dcrlme_seed2,dcrlme,2,leg2_paralysed,top_k,3,18,285,1063.997314453125,905,1119.588134765625,30.08915347630511,11.278008620743446,
dcrlme_seed2,dcrlme,2,leg2_paralysed,top_k,3,19,553,1064.9952392578125,905,1119.588134765625,30.08915347630511,11.278008620743446,
dcrlme_seed2,dcrlme,2,leg2_paralysed,top_k,3,20,311,1077.060791015625,905,1119.588134765625,30.08915347630511,11.278008620743446,
dcrlme_seed2,dcrlme,2,leg2_paralysed,top_k,4,1,771,1086.361572265625,771,1103.33740234375,22.05851197568522,8.267965678012809,
dcrlme_seed2,dcrlme,2,leg2_paralysed,top_k,4,2,905,1110.387451171875,905,1119.588134765625,30.08915347630511,11.278008620743446,
dcrlme_seed2,dcrlme,2,leg2_paralysed,top_k,4,3,906,1103.3280029296875,905,1119.588134765625,30.08915347630511,11.278008620743446,
dcrlme_seed2,dcrlme,2,leg2_paralysed,top_k,4,4,32,1111.603271484375,32,1108.618408203125,24.66823218510951,9.246140322998858,
dcrlme_seed2,dcrlme,2,leg2_paralysed,top_k,4,5,258,1060.947265625,32,1108.618408203125,24.66823218510951,9.246140322998858,
dcrlme_seed2,dcrlme,2,leg2_paralysed,top_k,4,6,94,1127.2208251953125,94,1094.90966796875,17.893769632320314,6.706938044296457,
dcrlme_seed2,dcrlme,2,leg2_paralysed,top_k,4,7,437,1059.8302001953125,94,1094.90966796875,17.893769632320314,6.706938044296457,
dcrlme_seed2,dcrlme,2,leg2_paralysed,top_k,4,8,790,1063.191650390625,94,1094.90966796875,17.893769632320314,6.706938044296457,
dcrlme_seed2,dcrlme,2,leg2_paralysed,top_k,4,9,161,1062.6685791015625,94,1094.90966796875,17.893769632320314,6.706938044296457,
dcrlme_seed2,dcrlme,2,leg2_paralysed,top_k,4,10,661,1089.2255859375,94,1094.90966796875,17.893769632320314,6.706938044296457,
dcrlme_seed2,dcrlme,2,leg2_paralysed,top_k,4,11,478,1078.4539794921875,94,1094.90966796875,17.893769632320314,6.706938044296457,
dcrlme_seed2,dcrlme,2,leg2_paralysed,top_k,4,12,575,1058.5872802734375,94,1094.90966796875,17.893769632320314,6.706938044296457,
dcrlme_seed2,dcrlme,2,leg2_paralysed,top_k,4,13,674,1089.971923828125,94,1094.90966796875,17.893769632320314,6.706938044296457,
dcrlme_seed2,dcrlme,2,leg2_paralysed,top_k,4,14,323,1060.05419921875,94,1094.90966796875,17.893769632320314,6.706938044296457,
dcrlme_seed2,dcrlme,2,leg2_paralysed,top_k,4,15,358,1061.232421875,94,1094.90966796875,17.893769632320314,6.706938044296457,
dcrlme_seed2,dcrlme,2,leg2_paralysed,top_k,4,16,120,1143.2447509765625,120,1150.843017578125,45.534411726524574,17.067196270464404,
dcrlme_seed2,dcrlme,2,leg2_paralysed,top_k,4,17,427,1070.4716796875,120,1150.843017578125,45.534411726524574,17.067196270464404,
dcrlme_seed2,dcrlme,2,leg2_paralysed,top_k,4,18,285,1158.080322265625,285,1134.281494140625,37.35018630345093,13.999587042168269,
dcrlme_seed2,dcrlme,2,leg2_paralysed,top_k,4,19,553,1060.52734375,285,1134.281494140625,37.35018630345093,13.999587042168269,
dcrlme_seed2,dcrlme,2,leg2_paralysed,top_k,4,20,311,1066.689453125,285,1134.281494140625,37.35018630345093,13.999587042168269,
dcrlme_seed2,dcrlme,2,leg3_paralysed,ite,0,1,771,1102.2159423828125,771,1151.8310546875,26.361653198868886,17.250205506665157,6
dcrlme_seed2,dcrlme,2,leg3_paralysed,ite,0,2,311,1146.5980224609375,311,1112.106689453125,15.117284246239029,9.892257438599648,6
dcrlme_seed2,dcrlme,2,leg3_paralysed,ite,0,3,305,1170.6875,305,1140.890625,23.26485788997613,15.223763724449134,6
dcrlme_seed2,dcrlme,2,leg3_paralysed,ite,0,4,258,1206.517578125,258,1199.190673828125,39.7672552250128,26.022393963399413,6
dcrlme_seed2,dcrlme,2,leg3_paralysed,ite,0,5,133,1103.8944091796875,258,1199.190673828125,39.7672552250128,26.022393963399413,6
dcrlme_seed2,dcrlme,2,leg3_paralysed,ite,0,6,872,1239.4749755859375,872,1238.1817626953125,50.80406315134927,33.244520869881285,6
dcrlme_seed2,dcrlme,2,leg3_paralysed,ite,0,7,258,1209.8701171875,872,1238.1817626953125,50.80406315134927,33.244520869881285,6
dcrlme_seed2,dcrlme,2,leg3_paralysed,ite,0,8,872,1215.372802734375,872,1238.1817626953125,50.80406315134927,33.244520869881285,6
dcrlme_seed2,dcrlme,2,leg3_paralysed,ite,0,9,78,1085.026123046875,872,1238.1817626953125,50.80406315134927,33.244520869881285,6
dcrlme_seed2,dcrlme,2,leg3_paralysed,ite,0,10,258,1205.43017578125,872,1238.1817626953125,50.80406315134927,33.244520869881285,6
dcrlme_seed2,dcrlme,2,leg3_paralysed,ite,0,11,872,1225.6961669921875,872,1238.1817626953125,50.80406315134927,33.244520869881285,6
dcrlme_seed2,dcrlme,2,leg3_paralysed,ite,0,12,872,1275.223388671875,872,1238.1817626953125,50.80406315134927,33.244520869881285,6
dcrlme_seed2,dcrlme,2,leg3_paralysed,ite,0,13,872,1215.0640869140625,872,1238.1817626953125,50.80406315134927,33.244520869881285,6
dcrlme_seed2,dcrlme,2,leg3_paralysed,ite,0,14,872,1231.53662109375,872,1238.1817626953125,50.80406315134927,33.244520869881285,6
dcrlme_seed2,dcrlme,2,leg3_paralysed,ite,0,15,872,1216.09912109375,872,1238.1817626953125,50.80406315134927,33.244520869881285,6
dcrlme_seed2,dcrlme,2,leg3_paralysed,ite,0,16,872,1227.648193359375,872,1238.1817626953125,50.80406315134927,33.244520869881285,6
dcrlme_seed2,dcrlme,2,leg3_paralysed,ite,0,17,872,1229.159423828125,872,1238.1817626953125,50.80406315134927,33.244520869881285,6
dcrlme_seed2,dcrlme,2,leg3_paralysed,ite,0,18,872,1247.321044921875,872,1238.1817626953125,50.80406315134927,33.244520869881285,6
dcrlme_seed2,dcrlme,2,leg3_paralysed,ite,0,19,872,1307.0147705078125,872,1238.1817626953125,50.80406315134927,33.244520869881285,6
dcrlme_seed2,dcrlme,2,leg3_paralysed,ite,0,20,872,1240.0855712890625,872,1238.1817626953125,50.80406315134927,33.244520869881285,6
dcrlme_seed2,dcrlme,2,leg3_paralysed,ite,1,1,771,1125.674560546875,771,1151.8310546875,26.361653198868886,17.250205506665157,8
dcrlme_seed2,dcrlme,2,leg3_paralysed,ite,1,2,311,1131.0228271484375,311,1112.106689453125,15.117284246239029,9.892257438599648,8
dcrlme_seed2,dcrlme,2,leg3_paralysed,ite,1,3,258,1205.6795654296875,258,1199.190673828125,39.7672552250128,26.022393963399413,8
dcrlme_seed2,dcrlme,2,leg3_paralysed,ite,1,4,305,1151.306884765625,258,1199.190673828125,39.7672552250128,26.022393963399413,8
dcrlme_seed2,dcrlme,2,leg3_paralysed,ite,1,5,133,1106.4254150390625,258,1199.190673828125,39.7672552250128,26.022393963399413,8
dcrlme_seed2,dcrlme,2,leg3_paralysed,ite,1,6,872,1204.717529296875,258,1199.190673828125,39.7672552250128,26.022393963399413,8
dcrlme_seed2,dcrlme,2,leg3_paralysed,ite,1,7,258,1179.156005859375,258,1199.190673828125,39.7672552250128,26.022393963399413,8
dcrlme_seed2,dcrlme,2,leg3_paralysed,ite,1,8,78,1076.7242431640625,258,1199.190673828125,39.7672552250128,26.022393963399413,8
dcrlme_seed2,dcrlme,2,leg3_paralysed,ite,1,9,258,1226.0072021484375,258,1199.190673828125,39.7672552250128,26.022393963399413,8
dcrlme_seed2,dcrlme,2,leg3_paralysed,ite,1,10,258,1205.6517333984375,258,1199.190673828125,39.7672552250128,26.022393963399413,8
dcrlme_seed2,dcrlme,2,leg3_paralysed,ite,1,11,258,1223.1064453125,258,1199.190673828125,39.7672552250128,26.022393963399413,8
dcrlme_seed2,dcrlme,2,leg3_paralysed,ite,1,12,258,1168.1817626953125,258,1199.190673828125,39.7672552250128,26.022393963399413,8
dcrlme_seed2,dcrlme,2,leg3_paralysed,ite,1,13,258,1195.3575439453125,258,1199.190673828125,39.7672552250128,26.022393963399413,8
dcrlme_seed2,dcrlme,2,leg3_paralysed,ite,1,14,258,1196.5360107421875,258,1199.190673828125,39.7672552250128,26.022393963399413,8
dcrlme_seed2,dcrlme,2,leg3_paralysed,ite,1,15,278,1112.249755859375,258,1199.190673828125,39.7672552250128,26.022393963399413,8
dcrlme_seed2,dcrlme,2,leg3_paralysed,ite,1,16,258,1218.036376953125,258,1199.190673828125,39.7672552250128,26.022393963399413,8
dcrlme_seed2,dcrlme,2,leg3_paralysed,ite,1,17,258,1177.8123779296875,258,1199.190673828125,39.7672552250128,26.022393963399413,8
dcrlme_seed2,dcrlme,2,leg3_paralysed,ite,1,18,295,1413.84765625,295,1411.9822998046875,99.99999999999999,65.4367363705601,8
dcrlme_seed2,dcrlme,2,leg3_paralysed,ite,1,19,295,1409.6402587890625,295,1411.9822998046875,99.99999999999999,65.4367363705601,8
dcrlme_seed2,dcrlme,2,leg3_paralysed,ite,1,20,203,1342.39306640625,295,1411.9822998046875,99.99999999999999,65.4367363705601,8
dcrlme_seed2,dcrlme,2,leg3_paralysed,ite,2,1,771,1126.181396484375,771,1151.8310546875,26.361653198868886,17.250205506665157,6
dcrlme_seed2,dcrlme,2,leg3_paralysed,ite,2,2,311,1246.4805908203125,311,1112.106689453125,15.117284246239029,9.892257438599648,6
dcrlme_seed2,dcrlme,2,leg3_paralysed,ite,2,3,258,1195.625,311,1112.106689453125,15.117284246239029,9.892257438599648,6
dcrlme_seed2,dcrlme,2,leg3_paralysed,ite,2,4,305,1167.3704833984375,311,1112.106689453125,15.117284246239029,9.892257438599648,6
dcrlme_seed2,dcrlme,2,leg3_paralysed,ite,2,5,158,1120.201904296875,311,1112.106689453125,15.117284246239029,9.892257438599648,6
dcrlme_seed2,dcrlme,2,leg3_paralysed,ite,2,6,311,1205.373779296875,311,1112.106689453125,15.117284246239029,9.892257438599648,6
dcrlme_seed2,dcrlme,2,leg3_paralysed,ite,2,7,872,1193.8472900390625,311,1112.106689453125,15.117284246239029,9.892257438599648,6
dcrlme_seed2,dcrlme,2,leg3_paralysed,ite,2,8,311,1119.382568359375,311,1112.106689453125,15.117284246239029,9.892257438599648,6
dcrlme_seed2,dcrlme,2,leg3_paralysed,ite,2,9,258,1204.8587646484375,311,1112.106689453125,15.117284246239029,9.892257438599648,6
dcrlme_seed2,dcrlme,2,leg3_paralysed,ite,2,10,78,1075.882568359375,311,1112.106689453125,15.117284246239029,9.892257438599648,6
dcrlme_seed2,dcrlme,2,leg3_paralysed,ite,2,11,258,1204.201171875,311,1112.106689453125,15.117284246239029,9.892257438599648,6
dcrlme_seed2,dcrlme,2,leg3_paralysed,ite,2,12,278,1137.5670166015625,311,1112.106689453125,15.117284246239029,9.892257438599648,6
dcrlme_seed2,dcrlme,2,leg3_paralysed,ite,2,13,258,1209.74462890625,311,1112.106689453125,15.117284246239029,9.892257438599648,6
dcrlme_seed2,dcrlme,2,leg3_paralysed,ite,2,14,258,1212.443359375,311,1112.106689453125,15.117284246239029,9.892257438599648,6
dcrlme_seed2,dcrlme,2,leg3_paralysed,ite,2,15,258,1176.4007568359375,311,1112.106689453125,15.117284246239029,9.892257438599648,6
dcrlme_seed2,dcrlme,2,leg3_paralysed,ite,2,16,258,1203.11083984375,311,1112.106689453125,15.117284246239029,9.892257438599648,6
dcrlme_seed2,dcrlme,2,leg3_paralysed,ite,2,17,311,1118.154052734375,311,1112.106689453125,15.117284246239029,9.892257438599648,6
dcrlme_seed2,dcrlme,2,leg3_paralysed,ite,2,18,258,1183.39892578125,311,1112.106689453125,15.117284246239029,9.892257438599648,6
dcrlme_seed2,dcrlme,2,leg3_paralysed,ite,2,19,258,1199.8377685546875,311,1112.106689453125,15.117284246239029,9.892257438599648,6
dcrlme_seed2,dcrlme,2,leg3_paralysed,ite,2,20,258,1179.612548828125,311,1112.106689453125,15.117284246239029,9.892257438599648,6
dcrlme_seed2,dcrlme,2,leg3_paralysed,ite,3,1,771,1209.5205078125,771,1151.8310546875,26.361653198868886,17.250205506665157,7
dcrlme_seed2,dcrlme,2,leg3_paralysed,ite,3,2,311,1152.216064453125,771,1151.8310546875,26.361653198868886,17.250205506665157,7
dcrlme_seed2,dcrlme,2,leg3_paralysed,ite,3,3,258,1202.676513671875,771,1151.8310546875,26.361653198868886,17.250205506665157,7
dcrlme_seed2,dcrlme,2,leg3_paralysed,ite,3,4,305,1212.9007568359375,305,1140.890625,23.26485788997613,15.223763724449134,7
dcrlme_seed2,dcrlme,2,leg3_paralysed,ite,3,5,133,1073.76708984375,305,1140.890625,23.26485788997613,15.223763724449134,7
dcrlme_seed2,dcrlme,2,leg3_paralysed,ite,3,6,872,1240.07958984375,872,1238.1817626953125,50.80406315134927,33.244520869881285,7
dcrlme_seed2,dcrlme,2,leg3_paralysed,ite,3,7,258,1174.625244140625,872,1238.1817626953125,50.80406315134927,33.244520869881285,7
dcrlme_seed2,dcrlme,2,leg3_paralysed,ite,3,8,872,1251.6903076171875,872,1238.1817626953125,50.80406315134927,33.244520869881285,7
dcrlme_seed2,dcrlme,2,leg3_paralysed,ite,3,9,872,1236.8211669921875,872,1238.1817626953125,50.80406315134927,33.244520869881285,7
dcrlme_seed2,dcrlme,2,leg3_paralysed,ite,3,10,872,1220.1572265625,872,1238.1817626953125,50.80406315134927,33.244520869881285,7
dcrlme_seed2,dcrlme,2,leg3_paralysed,ite,3,11,203,1331.099609375,203,1348.8681640625,82.13492841926124,53.74641657786023,7
dcrlme_seed2,dcrlme,2,leg3_paralysed,ite,3,12,203,1347.1229248046875,203,1348.8681640625,82.13492841926124,53.74641657786023,7
dcrlme_seed2,dcrlme,2,leg3_paralysed,ite,3,13,203,1346.84716796875,203,1348.8681640625,82.13492841926124,53.74641657786023,7
dcrlme_seed2,dcrlme,2,leg3_paralysed,ite,3,14,203,1352.54296875,203,1348.8681640625,82.13492841926124,53.74641657786023,7
dcrlme_seed2,dcrlme,2,leg3_paralysed,ite,3,15,203,1373.74609375,203,1348.8681640625,82.13492841926124,53.74641657786023,7
dcrlme_seed2,dcrlme,2,leg3_paralysed,ite,3,16,203,1360.113525390625,203,1348.8681640625,82.13492841926124,53.74641657786023,7
dcrlme_seed2,dcrlme,2,leg3_paralysed,ite,3,17,203,1352.40380859375,203,1348.8681640625,82.13492841926124,53.74641657786023,7
dcrlme_seed2,dcrlme,2,leg3_paralysed,ite,3,18,203,1346.2801513671875,203,1348.8681640625,82.13492841926124,53.74641657786023,7
dcrlme_seed2,dcrlme,2,leg3_paralysed,ite,3,19,203,1342.1700439453125,203,1348.8681640625,82.13492841926124,53.74641657786023,7
dcrlme_seed2,dcrlme,2,leg3_paralysed,ite,3,20,203,1362.044189453125,203,1348.8681640625,82.13492841926124,53.74641657786023,7
dcrlme_seed2,dcrlme,2,leg3_paralysed,ite,4,1,771,1186.4744873046875,771,1151.8310546875,26.361653198868886,17.250205506665157,4
dcrlme_seed2,dcrlme,2,leg3_paralysed,ite,4,2,311,1113.145263671875,771,1151.8310546875,26.361653198868886,17.250205506665157,4
dcrlme_seed2,dcrlme,2,leg3_paralysed,ite,4,3,258,1216.515625,258,1199.190673828125,39.7672552250128,26.022393963399413,4
dcrlme_seed2,dcrlme,2,leg3_paralysed,ite,4,4,305,1272.263427734375,305,1140.890625,23.26485788997613,15.223763724449134,4
dcrlme_seed2,dcrlme,2,leg3_paralysed,ite,4,5,278,1162.9150390625,305,1140.890625,23.26485788997613,15.223763724449134,4
dcrlme_seed2,dcrlme,2,leg3_paralysed,ite,4,6,456,1059.325439453125,305,1140.890625,23.26485788997613,15.223763724449134,4
dcrlme_seed2,dcrlme,2,leg3_paralysed,ite,4,7,258,1200.11083984375,305,1140.890625,23.26485788997613,15.223763724449134,4
dcrlme_seed2,dcrlme,2,leg3_paralysed,ite,4,8,305,1195.518798828125,305,1140.890625,23.26485788997613,15.223763724449134,4
dcrlme_seed2,dcrlme,2,leg3_paralysed,ite,4,9,872,1215.7984619140625,305,1140.890625,23.26485788997613,15.223763724449134,4
dcrlme_seed2,dcrlme,2,leg3_paralysed,ite,4,10,258,1159.5732421875,305,1140.890625,23.26485788997613,15.223763724449134,4
dcrlme_seed2,dcrlme,2,leg3_paralysed,ite,4,11,78,1086.8677978515625,305,1140.890625,23.26485788997613,15.223763724449134,4
dcrlme_seed2,dcrlme,2,leg3_paralysed,ite,4,12,305,1143.715576171875,305,1140.890625,23.26485788997613,15.223763724449134,4
dcrlme_seed2,dcrlme,2,leg3_paralysed,ite,4,13,258,1186.10400390625,305,1140.890625,23.26485788997613,15.223763724449134,4
dcrlme_seed2,dcrlme,2,leg3_paralysed,ite,4,14,872,1213.18017578125,305,1140.890625,23.26485788997613,15.223763724449134,4
dcrlme_seed2,dcrlme,2,leg3_paralysed,ite,4,15,872,1251.381591796875,305,1140.890625,23.26485788997613,15.223763724449134,4
dcrlme_seed2,dcrlme,2,leg3_paralysed,ite,4,16,872,1231.932861328125,305,1140.890625,23.26485788997613,15.223763724449134,4
dcrlme_seed2,dcrlme,2,leg3_paralysed,ite,4,17,872,1208.042724609375,305,1140.890625,23.26485788997613,15.223763724449134,4
dcrlme_seed2,dcrlme,2,leg3_paralysed,ite,4,18,872,1205.207275390625,305,1140.890625,23.26485788997613,15.223763724449134,4
dcrlme_seed2,dcrlme,2,leg3_paralysed,ite,4,19,872,1220.73046875,305,1140.890625,23.26485788997613,15.223763724449134,4
dcrlme_seed2,dcrlme,2,leg3_paralysed,ite,4,20,872,1211.1602783203125,305,1140.890625,23.26485788997613,15.223763724449134,4
dcrlme_seed2,dcrlme,2,leg3_paralysed,top_k,0,1,771,1079.6424560546875,771,1151.8310546875,26.361653198868886,17.250205506665157,
dcrlme_seed2,dcrlme,2,leg3_paralysed,top_k,0,2,905,1128.6904296875,905,1197.038330078125,39.15801333794687,25.623725955901055,
dcrlme_seed2,dcrlme,2,leg3_paralysed,top_k,0,3,906,1155.541015625,906,1199.68359375,39.90678101561921,26.11369508716747,
dcrlme_seed2,dcrlme,2,leg3_paralysed,top_k,0,4,32,1127.041015625,906,1199.68359375,39.90678101561921,26.11369508716747,
dcrlme_seed2,dcrlme,2,leg3_paralysed,top_k,0,5,258,1163.5986328125,258,1199.190673828125,39.7672552250128,26.022393963399413,
dcrlme_seed2,dcrlme,2,leg3_paralysed,top_k,0,6,94,1169.330322265625,94,1190.18115234375,37.2170223123093,24.353604775478367,
dcrlme_seed2,dcrlme,2,leg3_paralysed,top_k,0,7,437,1237.6629638671875,437,1200.266357421875,40.07173795577647,26.22163752522312,
dcrlme_seed2,dcrlme,2,leg3_paralysed,top_k,0,8,790,1116.5347900390625,437,1200.266357421875,40.07173795577647,26.22163752522312,
dcrlme_seed2,dcrlme,2,leg3_paralysed,top_k,0,9,161,1181.293212890625,437,1200.266357421875,40.07173795577647,26.22163752522312,
dcrlme_seed2,dcrlme,2,leg3_paralysed,top_k,0,10,661,1150.873046875,437,1200.266357421875,40.07173795577647,26.22163752522312,
dcrlme_seed2,dcrlme,2,leg3_paralysed,top_k,0,11,478,1215.3299560546875,437,1200.266357421875,40.07173795577647,26.22163752522312,
dcrlme_seed2,dcrlme,2,leg3_paralysed,top_k,0,12,575,1218.021484375,437,1200.266357421875,40.07173795577647,26.22163752522312,
dcrlme_seed2,dcrlme,2,leg3_paralysed,top_k,0,13,674,1102.95068359375,437,1200.266357421875,40.07173795577647,26.22163752522312,
dcrlme_seed2,dcrlme,2,leg3_paralysed,top_k,0,14,323,1110.45556640625,437,1200.266357421875,40.07173795577647,26.22163752522312,
dcrlme_seed2,dcrlme,2,leg3_paralysed,top_k,0,15,358,1197.761474609375,437,1200.266357421875,40.07173795577647,26.22163752522312,
dcrlme_seed2,dcrlme,2,leg3_paralysed,top_k,0,16,120,1248.522216796875,120,1221.5208740234375,46.08803614374487,30.158506709750785,
dcrlme_seed2,dcrlme,2,leg3_paralysed,top_k,0,17,427,1132.4888916015625,120,1221.5208740234375,46.08803614374487,30.158506709750785,
dcrlme_seed2,dcrlme,2,leg3_paralysed,top_k,0,18,285,1191.852783203125,120,1221.5208740234375,46.08803614374487,30.158506709750785,
dcrlme_seed2,dcrlme,2,leg3_paralysed,top_k,0,19,553,1197.899658203125,120,1221.5208740234375,46.08803614374487,30.158506709750785,
dcrlme_seed2,dcrlme,2,leg3_paralysed,top_k,0,20,311,1120.48291015625,120,1221.5208740234375,46.08803614374487,30.158506709750785,
dcrlme_seed2,dcrlme,2,leg3_paralysed,top_k,1,1,771,1089.2115478515625,771,1151.8310546875,26.361653198868886,17.250205506665157,
dcrlme_seed2,dcrlme,2,leg3_paralysed,top_k,1,2,905,1199.0631103515625,905,1197.038330078125,39.15801333794687,25.623725955901055,
dcrlme_seed2,dcrlme,2,leg3_paralysed,top_k,1,3,906,1213.775146484375,906,1199.68359375,39.90678101561921,26.11369508716747,
dcrlme_seed2,dcrlme,2,leg3_paralysed,top_k,1,4,32,1126.15576171875,906,1199.68359375,39.90678101561921,26.11369508716747,
dcrlme_seed2,dcrlme,2,leg3_paralysed,top_k,1,5,258,1212.3245849609375,906,1199.68359375,39.90678101561921,26.11369508716747,
dcrlme_seed2,dcrlme,2,leg3_paralysed,top_k,1,6,94,1211.433837890625,906,1199.68359375,39.90678101561921,26.11369508716747,
dcrlme_seed2,dcrlme,2,leg3_paralysed,top_k,1,7,437,1162.67041015625,906,1199.68359375,39.90678101561921,26.11369508716747,
dcrlme_seed2,dcrlme,2,leg3_paralysed,top_k,1,8,790,1111.1827392578125,906,1199.68359375,39.90678101561921,26.11369508716747,
dcrlme_seed2,dcrlme,2,leg3_paralysed,top_k,1,9,161,1225.21484375,161,1188.125732421875,36.63521565994904,23.972889490187,
dcrlme_seed2,dcrlme,2,leg3_paralysed,top_k,1,10,661,1253.35107421875,661,1128.784912109375,19.83821780715351,12.981482287084551,
dcrlme_seed2,dcrlme,2,leg3_paralysed,top_k,1,11,478,1224.8946533203125,661,1128.784912109375,19.83821780715351,12.981482287084551,
dcrlme_seed2,dcrlme,2,leg3_paralysed,top_k,1,12,575,1251.97509765625,661,1128.784912109375,19.83821780715351,12.981482287084551,
dcrlme_seed2,dcrlme,2,leg3_paralysed,top_k,1,13,674,1082.1607666015625,661,1128.784912109375,19.83821780715351,12.981482287084551,
dcrlme_seed2,dcrlme,2,leg3_paralysed,top_k,1,14,323,1103.5323486328125,661,1128.784912109375,19.83821780715351,12.981482287084551,
dcrlme_seed2,dcrlme,2,leg3_paralysed,top_k,1,15,358,1197.258544921875,661,1128.784912109375,19.83821780715351,12.981482287084551,
dcrlme_seed2,dcrlme,2,leg3_paralysed,top_k,1,16,120,1215.614013671875,661,1128.784912109375,19.83821780715351,12.981482287084551,
dcrlme_seed2,dcrlme,2,leg3_paralysed,top_k,1,17,427,1142.06591796875,661,1128.784912109375,19.83821780715351,12.981482287084551,
dcrlme_seed2,dcrlme,2,leg3_paralysed,top_k,1,18,285,1159.6075439453125,661,1128.784912109375,19.83821780715351,12.981482287084551,
dcrlme_seed2,dcrlme,2,leg3_paralysed,top_k,1,19,553,1188.78076171875,661,1128.784912109375,19.83821780715351,12.981482287084551,
dcrlme_seed2,dcrlme,2,leg3_paralysed,top_k,1,20,311,1100.838623046875,661,1128.784912109375,19.83821780715351,12.981482287084551,
dcrlme_seed2,dcrlme,2,leg3_paralysed,top_k,2,1,771,1130.250732421875,771,1151.8310546875,26.361653198868886,17.250205506665157,
dcrlme_seed2,dcrlme,2,leg3_paralysed,top_k,2,2,905,1215.99755859375,905,1197.038330078125,39.15801333794687,25.623725955901055,
dcrlme_seed2,dcrlme,2,leg3_paralysed,top_k,2,3,906,1209.517822265625,905,1197.038330078125,39.15801333794687,25.623725955901055,
dcrlme_seed2,dcrlme,2,leg3_paralysed,top_k,2,4,32,1092.31884765625,905,1197.038330078125,39.15801333794687,25.623725955901055,
dcrlme_seed2,dcrlme,2,leg3_paralysed,top_k,2,5,258,1206.9171142578125,905,1197.038330078125,39.15801333794687,25.623725955901055,
dcrlme_seed2,dcrlme,2,leg3_paralysed,top_k,2,6,94,1160.1156005859375,905,1197.038330078125,39.15801333794687,25.623725955901055,
dcrlme_seed2,dcrlme,2,leg3_paralysed,top_k,2,7,437,1234.717041015625,437,1200.266357421875,40.07173795577647,26.22163752522312,
dcrlme_seed2,dcrlme,2,leg3_paralysed,top_k,2,8,790,1175.2685546875,437,1200.266357421875,40.07173795577647,26.22163752522312,
dcrlme_seed2,dcrlme,2,leg3_paralysed,top_k,2,9,161,1197.5057373046875,437,1200.266357421875,40.07173795577647,26.22163752522312,
dcrlme_seed2,dcrlme,2,leg3_paralysed,top_k,2,10,661,1133.3814697265625,437,1200.266357421875,40.07173795577647,26.22163752522312,
dcrlme_seed2,dcrlme,2,leg3_paralysed,top_k,2,11,478,1213.6456298828125,437,1200.266357421875,40.07173795577647,26.22163752522312,
dcrlme_seed2,dcrlme,2,leg3_paralysed,top_k,2,12,575,1202.4337158203125,437,1200.266357421875,40.07173795577647,26.22163752522312,
dcrlme_seed2,dcrlme,2,leg3_paralysed,top_k,2,13,674,1083.1986083984375,437,1200.266357421875,40.07173795577647,26.22163752522312,
dcrlme_seed2,dcrlme,2,leg3_paralysed,top_k,2,14,323,1121.5062255859375,437,1200.266357421875,40.07173795577647,26.22163752522312,
dcrlme_seed2,dcrlme,2,leg3_paralysed,top_k,2,15,358,1183.02001953125,437,1200.266357421875,40.07173795577647,26.22163752522312,
dcrlme_seed2,dcrlme,2,leg3_paralysed,top_k,2,16,120,1248.4005126953125,120,1221.5208740234375,46.08803614374487,30.158506709750785,
dcrlme_seed2,dcrlme,2,leg3_paralysed,top_k,2,17,427,1144.1815185546875,120,1221.5208740234375,46.08803614374487,30.158506709750785,
dcrlme_seed2,dcrlme,2,leg3_paralysed,top_k,2,18,285,1147.6336669921875,120,1221.5208740234375,46.08803614374487,30.158506709750785,
dcrlme_seed2,dcrlme,2,leg3_paralysed,top_k,2,19,553,1258.6929931640625,553,1210.1085205078125,42.85765819332552,28.044652806562173,
dcrlme_seed2,dcrlme,2,leg3_paralysed,top_k,2,20,311,1164.081298828125,553,1210.1085205078125,42.85765819332552,28.044652806562173,
dcrlme_seed2,dcrlme,2,leg3_paralysed,top_k,3,1,771,1139.335693359375,771,1151.8310546875,26.361653198868886,17.250205506665157,
dcrlme_seed2,dcrlme,2,leg3_paralysed,top_k,3,2,905,1184.9075927734375,905,1197.038330078125,39.15801333794687,25.623725955901055,
dcrlme_seed2,dcrlme,2,leg3_paralysed,top_k,3,3,906,1188.38525390625,906,1199.68359375,39.90678101561921,26.11369508716747,
dcrlme_seed2,dcrlme,2,leg3_paralysed,top_k,3,4,32,1294.96826171875,32,1105.6458740234375,13.288487436079174,8.69555249118213,
dcrlme_seed2,dcrlme,2,leg3_paralysed,top_k,3,5,258,1190.87109375,32,1105.6458740234375,13.288487436079174,8.69555249118213,
dcrlme_seed2,dcrlme,2,leg3_paralysed,top_k,3,6,94,1214.6328125,32,1105.6458740234375,13.288487436079174,8.69555249118213,
dcrlme_seed2,dcrlme,2,leg3_paralysed,top_k,3,7,437,1221.168212890625,32,1105.6458740234375,13.288487436079174,8.69555249118213,
dcrlme_seed2,dcrlme,2,leg3_paralysed,top_k,3,8,790,1210.05517578125,32,1105.6458740234375,13.288487436079174,8.69555249118213,
dcrlme_seed2,dcrlme,2,leg3_paralysed,top_k,3,9,161,1192.102294921875,32,1105.6458740234375,13.288487436079174,8.69555249118213,
dcrlme_seed2,dcrlme,2,leg3_paralysed,top_k,3,10,661,1135.8798828125,32,1105.6458740234375,13.288487436079174,8.69555249118213,
dcrlme_seed2,dcrlme,2,leg3_paralysed,top_k,3,11,478,1234.007568359375,32,1105.6458740234375,13.288487436079174,8.69555249118213,
dcrlme_seed2,dcrlme,2,leg3_paralysed,top_k,3,12,575,1164.4146728515625,32,1105.6458740234375,13.288487436079174,8.69555249118213,
dcrlme_seed2,dcrlme,2,leg3_paralysed,top_k,3,13,674,1088.8765869140625,32,1105.6458740234375,13.288487436079174,8.69555249118213,
dcrlme_seed2,dcrlme,2,leg3_paralysed,top_k,3,14,323,1115.56298828125,32,1105.6458740234375,13.288487436079174,8.69555249118213,
dcrlme_seed2,dcrlme,2,leg3_paralysed,top_k,3,15,358,1179.1011962890625,32,1105.6458740234375,13.288487436079174,8.69555249118213,
dcrlme_seed2,dcrlme,2,leg3_paralysed,top_k,3,16,120,1249.0419921875,32,1105.6458740234375,13.288487436079174,8.69555249118213,
dcrlme_seed2,dcrlme,2,leg3_paralysed,top_k,3,17,427,1151.6376953125,32,1105.6458740234375,13.288487436079174,8.69555249118213,
dcrlme_seed2,dcrlme,2,leg3_paralysed,top_k,3,18,285,1171.7999267578125,32,1105.6458740234375,13.288487436079174,8.69555249118213,
dcrlme_seed2,dcrlme,2,leg3_paralysed,top_k,3,19,553,1176.6607666015625,32,1105.6458740234375,13.288487436079174,8.69555249118213,
dcrlme_seed2,dcrlme,2,leg3_paralysed,top_k,3,20,311,1146.21484375,32,1105.6458740234375,13.288487436079174,8.69555249118213,
dcrlme_seed2,dcrlme,2,leg3_paralysed,top_k,4,1,771,1167.807373046875,771,1151.8310546875,26.361653198868886,17.250205506665157,
dcrlme_seed2,dcrlme,2,leg3_paralysed,top_k,4,2,905,1135.573974609375,771,1151.8310546875,26.361653198868886,17.250205506665157,
dcrlme_seed2,dcrlme,2,leg3_paralysed,top_k,4,3,906,1200.656982421875,906,1199.68359375,39.90678101561921,26.11369508716747,
dcrlme_seed2,dcrlme,2,leg3_paralysed,top_k,4,4,32,1147.980224609375,906,1199.68359375,39.90678101561921,26.11369508716747,
dcrlme_seed2,dcrlme,2,leg3_paralysed,top_k,4,5,258,1172.63134765625,906,1199.68359375,39.90678101561921,26.11369508716747,
dcrlme_seed2,dcrlme,2,leg3_paralysed,top_k,4,6,94,1229.709228515625,94,1190.18115234375,37.2170223123093,24.353604775478367,
dcrlme_seed2,dcrlme,2,leg3_paralysed,top_k,4,7,437,1235.6973876953125,437,1200.266357421875,40.07173795577647,26.22163752522312,
dcrlme_seed2,dcrlme,2,leg3_paralysed,top_k,4,8,790,1099.077392578125,437,1200.266357421875,40.07173795577647,26.22163752522312,
dcrlme_seed2,dcrlme,2,leg3_paralysed,top_k,4,9,161,1197.388671875,437,1200.266357421875,40.07173795577647,26.22163752522312,
dcrlme_seed2,dcrlme,2,leg3_paralysed,top_k,4,10,661,1149.679931640625,437,1200.266357421875,40.07173795577647,26.22163752522312,
dcrlme_seed2,dcrlme,2,leg3_paralysed,top_k,4,11,478,1179.4228515625,437,1200.266357421875,40.07173795577647,26.22163752522312,
dcrlme_seed2,dcrlme,2,leg3_paralysed,top_k,4,12,575,1218.037109375,437,1200.266357421875,40.07173795577647,26.22163752522312,
dcrlme_seed2,dcrlme,2,leg3_paralysed,top_k,4,13,674,1080.519287109375,437,1200.266357421875,40.07173795577647,26.22163752522312,
dcrlme_seed2,dcrlme,2,leg3_paralysed,top_k,4,14,323,1104.397705078125,437,1200.266357421875,40.07173795577647,26.22163752522312,
dcrlme_seed2,dcrlme,2,leg3_paralysed,top_k,4,15,358,1204.546142578125,437,1200.266357421875,40.07173795577647,26.22163752522312,
dcrlme_seed2,dcrlme,2,leg3_paralysed,top_k,4,16,120,1202.417236328125,437,1200.266357421875,40.07173795577647,26.22163752522312,
dcrlme_seed2,dcrlme,2,leg3_paralysed,top_k,4,17,427,1076.3516845703125,437,1200.266357421875,40.07173795577647,26.22163752522312,
dcrlme_seed2,dcrlme,2,leg3_paralysed,top_k,4,18,285,1114.83740234375,437,1200.266357421875,40.07173795577647,26.22163752522312,
dcrlme_seed2,dcrlme,2,leg3_paralysed,top_k,4,19,553,1212.8531494140625,437,1200.266357421875,40.07173795577647,26.22163752522312,
dcrlme_seed2,dcrlme,2,leg3_paralysed,top_k,4,20,311,1181.7860107421875,437,1200.266357421875,40.07173795577647,26.22163752522312,
dcrlme_seed2,dcrlme,2,leg4_paralysed,ite,0,1,771,1120.937255859375,771,1131.279296875,44.53476023629047,13.443504863378873,8
dcrlme_seed2,dcrlme,2,leg4_paralysed,ite,0,2,311,1149.4501953125,311,1140.541015625,50.21776409092385,15.159007305808291,8
dcrlme_seed2,dcrlme,2,leg4_paralysed,ite,0,3,258,1158.844482421875,258,1171.1951904296875,69.02720953814658,20.836928776712355,8
dcrlme_seed2,dcrlme,2,leg4_paralysed,ite,0,4,305,1115.34814453125,258,1171.1951904296875,69.02720953814658,20.836928776712355,8
dcrlme_seed2,dcrlme,2,leg4_paralysed,ite,0,5,133,1056.9583740234375,258,1171.1951904296875,69.02720953814658,20.836928776712355,8
dcrlme_seed2,dcrlme,2,leg4_paralysed,ite,0,6,78,1085.99658203125,258,1171.1951904296875,69.02720953814658,20.836928776712355,8
dcrlme_seed2,dcrlme,2,leg4_paralysed,ite,0,7,258,1195.05224609375,258,1171.1951904296875,69.02720953814658,20.836928776712355,8
dcrlme_seed2,dcrlme,2,leg4_paralysed,ite,0,8,295,1065.572265625,258,1171.1951904296875,69.02720953814658,20.836928776712355,8
dcrlme_seed2,dcrlme,2,leg4_paralysed,ite,0,9,258,1170.2861328125,258,1171.1951904296875,69.02720953814658,20.836928776712355,8
dcrlme_seed2,dcrlme,2,leg4_paralysed,ite,0,10,258,1171.43017578125,258,1171.1951904296875,69.02720953814658,20.836928776712355,8
dcrlme_seed2,dcrlme,2,leg4_paralysed,ite,0,11,872,1134.8035888671875,258,1171.1951904296875,69.02720953814658,20.836928776712355,8
dcrlme_seed2,dcrlme,2,leg4_paralysed,ite,0,12,258,1170.9932861328125,258,1171.1951904296875,69.02720953814658,20.836928776712355,8
dcrlme_seed2,dcrlme,2,leg4_paralysed,ite,0,13,258,1182.324462890625,258,1171.1951904296875,69.02720953814658,20.836928776712355,8
dcrlme_seed2,dcrlme,2,leg4_paralysed,ite,0,14,258,1188.687744140625,258,1171.1951904296875,69.02720953814658,20.836928776712355,8
dcrlme_seed2,dcrlme,2,leg4_paralysed,ite,0,15,258,1183.369873046875,258,1171.1951904296875,69.02720953814658,20.836928776712355,8
dcrlme_seed2,dcrlme,2,leg4_paralysed,ite,0,16,258,1170.3851318359375,258,1171.1951904296875,69.02720953814658,20.836928776712355,8
dcrlme_seed2,dcrlme,2,leg4_paralysed,ite,0,17,311,1129.1346435546875,258,1171.1951904296875,69.02720953814658,20.836928776712355,8
dcrlme_seed2,dcrlme,2,leg4_paralysed,ite,0,18,258,1142.1943359375,258,1171.1951904296875,69.02720953814658,20.836928776712355,8
dcrlme_seed2,dcrlme,2,leg4_paralysed,ite,0,19,258,1193.87255859375,258,1171.1951904296875,69.02720953814658,20.836928776712355,8
dcrlme_seed2,dcrlme,2,leg4_paralysed,ite,0,20,258,1171.7919921875,258,1171.1951904296875,69.02720953814658,20.836928776712355,8
dcrlme_seed2,dcrlme,2,leg4_paralysed,ite,1,1,771,1146.3150634765625,771,1131.279296875,44.53476023629047,13.443504863378873,10
dcrlme_seed2,dcrlme,2,leg4_paralysed,ite,1,2,311,1117.0059814453125,771,1131.279296875,44.53476023629047,13.443504863378873,10
dcrlme_seed2,dcrlme,2,leg4_paralysed,ite,1,3,258,1161.0958251953125,258,1171.1951904296875,69.02720953814658,20.836928776712355,10
dcrlme_seed2,dcrlme,2,leg4_paralysed,ite,1,4,305,1125.210693359375,258,1171.1951904296875,69.02720953814658,20.836928776712355,10
dcrlme_seed2,dcrlme,2,leg4_paralysed,ite,1,5,133,1056.7139892578125,258,1171.1951904296875,69.02720953814658,20.836928776712355,10
dcrlme_seed2,dcrlme,2,leg4_paralysed,ite,1,6,872,1138.9013671875,258,1171.1951904296875,69.02720953814658,20.836928776712355,10
dcrlme_seed2,dcrlme,2,leg4_paralysed,ite,1,7,258,1178.60595703125,258,1171.1951904296875,69.02720953814658,20.836928776712355,10
dcrlme_seed2,dcrlme,2,leg4_paralysed,ite,1,8,78,1077.01416015625,258,1171.1951904296875,69.02720953814658,20.836928776712355,10
dcrlme_seed2,dcrlme,2,leg4_paralysed,ite,1,9,258,1150.05224609375,258,1171.1951904296875,69.02720953814658,20.836928776712355,10
dcrlme_seed2,dcrlme,2,leg4_paralysed,ite,1,10,295,1071.447998046875,258,1171.1951904296875,69.02720953814658,20.836928776712355,10
dcrlme_seed2,dcrlme,2,leg4_paralysed,ite,1,11,258,1161.1070556640625,258,1171.1951904296875,69.02720953814658,20.836928776712355,10
dcrlme_seed2,dcrlme,2,leg4_paralysed,ite,1,12,258,1175.8175048828125,258,1171.1951904296875,69.02720953814658,20.836928776712355,10
dcrlme_seed2,dcrlme,2,leg4_paralysed,ite,1,13,258,1174.46923828125,258,1171.1951904296875,69.02720953814658,20.836928776712355,10
dcrlme_seed2,dcrlme,2,leg4_paralysed,ite,1,14,278,1066.4332275390625,258,1171.1951904296875,69.02720953814658,20.836928776712355,10
dcrlme_seed2,dcrlme,2,leg4_paralysed,ite,1,15,258,1173.132080078125,258,1171.1951904296875,69.02720953814658,20.836928776712355,10
dcrlme_seed2,dcrlme,2,leg4_paralysed,ite,1,16,258,1195.6043701171875,258,1171.1951904296875,69.02720953814658,20.836928776712355,10
dcrlme_seed2,dcrlme,2,leg4_paralysed,ite,1,17,258,1169.7144775390625,258,1171.1951904296875,69.02720953814658,20.836928776712355,10
dcrlme_seed2,dcrlme,2,leg4_paralysed,ite,1,18,258,1159.655517578125,258,1171.1951904296875,69.02720953814658,20.836928776712355,10
dcrlme_seed2,dcrlme,2,leg4_paralysed,ite,1,19,258,1160.9091796875,258,1171.1951904296875,69.02720953814658,20.836928776712355,10
dcrlme_seed2,dcrlme,2,leg4_paralysed,ite,1,20,258,1189.94873046875,258,1171.1951904296875,69.02720953814658,20.836928776712355,10
dcrlme_seed2,dcrlme,2,leg4_paralysed,ite,2,1,771,1124.392822265625,771,1131.279296875,44.53476023629047,13.443504863378873,9
dcrlme_seed2,dcrlme,2,leg4_paralysed,ite,2,2,311,1094.381103515625,771,1131.279296875,44.53476023629047,13.443504863378873,9
dcrlme_seed2,dcrlme,2,leg4_paralysed,ite,2,3,258,1171.41064453125,258,1171.1951904296875,69.02720953814658,20.836928776712355,9
dcrlme_seed2,dcrlme,2,leg4_paralysed,ite,2,4,305,1118.1485595703125,258,1171.1951904296875,69.02720953814658,20.836928776712355,9
dcrlme_seed2,dcrlme,2,leg4_paralysed,ite,2,5,133,1055.886474609375,258,1171.1951904296875,69.02720953814658,20.836928776712355,9
dcrlme_seed2,dcrlme,2,leg4_paralysed,ite,2,6,872,1146.9136962890625,258,1171.1951904296875,69.02720953814658,20.836928776712355,9
dcrlme_seed2,dcrlme,2,leg4_paralysed,ite,2,7,258,1186.359130859375,258,1171.1951904296875,69.02720953814658,20.836928776712355,9
dcrlme_seed2,dcrlme,2,leg4_paralysed,ite,2,8,78,1076.1455078125,258,1171.1951904296875,69.02720953814658,20.836928776712355,9
dcrlme_seed2,dcrlme,2,leg4_paralysed,ite,2,9,258,1178.7239990234375,258,1171.1951904296875,69.02720953814658,20.836928776712355,9
dcrlme_seed2,dcrlme,2,leg4_paralysed,ite,2,10,258,1163.3482666015625,258,1171.1951904296875,69.02720953814658,20.836928776712355,9
dcrlme_seed2,dcrlme,2,leg4_paralysed,ite,2,11,258,1159.822998046875,258,1171.1951904296875,69.02720953814658,20.836928776712355,9
dcrlme_seed2,dcrlme,2,leg4_paralysed,ite,2,12,258,1166.3192138671875,258,1171.1951904296875,69.02720953814658,20.836928776712355,9
dcrlme_seed2,dcrlme,2,leg4_paralysed,ite,2,13,295,1065.7947998046875,258,1171.1951904296875,69.02720953814658,20.836928776712355,9
dcrlme_seed2,dcrlme,2,leg4_paralysed,ite,2,14,258,1163.5379638671875,258,1171.1951904296875,69.02720953814658,20.836928776712355,9
dcrlme_seed2,dcrlme,2,leg4_paralysed,ite,2,15,278,1062.2158203125,258,1171.1951904296875,69.02720953814658,20.836928776712355,9
dcrlme_seed2,dcrlme,2,leg4_paralysed,ite,2,16,258,1169.530029296875,258,1171.1951904296875,69.02720953814658,20.836928776712355,9
dcrlme_seed2,dcrlme,2,leg4_paralysed,ite,2,17,258,1176.947998046875,258,1171.1951904296875,69.02720953814658,20.836928776712355,9
dcrlme_seed2,dcrlme,2,leg4_paralysed,ite,2,18,258,1159.694580078125,258,1171.1951904296875,69.02720953814658,20.836928776712355,9
dcrlme_seed2,dcrlme,2,leg4_paralysed,ite,2,19,258,1183.6876220703125,258,1171.1951904296875,69.02720953814658,20.836928776712355,9
dcrlme_seed2,dcrlme,2,leg4_paralysed,ite,2,20,258,1203.191650390625,258,1171.1951904296875,69.02720953814658,20.836928776712355,9
dcrlme_seed2,dcrlme,2,leg4_paralysed,ite,3,1,771,1120.755859375,771,1131.279296875,44.53476023629047,13.443504863378873,11
dcrlme_seed2,dcrlme,2,leg4_paralysed,ite,3,2,311,1140.66796875,311,1140.541015625,50.21776409092385,15.159007305808291,11
dcrlme_seed2,dcrlme,2,leg4_paralysed,ite,3,3,258,1160.02490234375,258,1171.1951904296875,69.02720953814658,20.836928776712355,11
dcrlme_seed2,dcrlme,2,leg4_paralysed,ite,3,4,305,1124.83154296875,258,1171.1951904296875,69.02720953814658,20.836928776712355,11
dcrlme_seed2,dcrlme,2,leg4_paralysed,ite,3,5,133,1050.3175048828125,258,1171.1951904296875,69.02720953814658,20.836928776712355,11
dcrlme_seed2,dcrlme,2,leg4_paralysed,ite,3,6,872,1149.5631103515625,258,1171.1951904296875,69.02720953814658,20.836928776712355,11
dcrlme_seed2,dcrlme,2,leg4_paralysed,ite,3,7,203,1066.03564453125,258,1171.1951904296875,69.02720953814658,20.836928776712355,11
dcrlme_seed2,dcrlme,2,leg4_paralysed,ite,3,8,258,1170.0552978515625,258,1171.1951904296875,69.02720953814658,20.836928776712355,11
dcrlme_seed2,dcrlme,2,leg4_paralysed,ite,3,9,258,1164.3177490234375,258,1171.1951904296875,69.02720953814658,20.836928776712355,11
dcrlme_seed2,dcrlme,2,leg4_paralysed,ite,3,10,78,1090.677490234375,258,1171.1951904296875,69.02720953814658,20.836928776712355,11
dcrlme_seed2,dcrlme,2,leg4_paralysed,ite,3,11,258,1187.438232421875,258,1171.1951904296875,69.02720953814658,20.836928776712355,11
dcrlme_seed2,dcrlme,2,leg4_paralysed,ite,3,12,258,1180.755615234375,258,1171.1951904296875,69.02720953814658,20.836928776712355,11
dcrlme_seed2,dcrlme,2,leg4_paralysed,ite,3,13,311,1112.888671875,258,1171.1951904296875,69.02720953814658,20.836928776712355,11
dcrlme_seed2,dcrlme,2,leg4_paralysed,ite,3,14,258,1165.37939453125,258,1171.1951904296875,69.02720953814658,20.836928776712355,11
dcrlme_seed2,dcrlme,2,leg4_paralysed,ite,3,15,258,1148.8624267578125,258,1171.1951904296875,69.02720953814658,20.836928776712355,11
dcrlme_seed2,dcrlme,2,leg4_paralysed,ite,3,16,278,1065.6959228515625,258,1171.1951904296875,69.02720953814658,20.836928776712355,11
dcrlme_seed2,dcrlme,2,leg4_paralysed,ite,3,17,258,1190.9791259765625,258,1171.1951904296875,69.02720953814658,20.836928776712355,11
dcrlme_seed2,dcrlme,2,leg4_paralysed,ite,3,18,258,1191.5645751953125,258,1171.1951904296875,69.02720953814658,20.836928776712355,11
dcrlme_seed2,dcrlme,2,leg4_paralysed,ite,3,19,258,1188.268798828125,258,1171.1951904296875,69.02720953814658,20.836928776712355,11
dcrlme_seed2,dcrlme,2,leg4_paralysed,ite,3,20,258,1169.55908203125,258,1171.1951904296875,69.02720953814658,20.836928776712355,11
dcrlme_seed2,dcrlme,2,leg4_paralysed,ite,4,1,771,1134.8603515625,771,1131.279296875,44.53476023629047,13.443504863378873,11
dcrlme_seed2,dcrlme,2,leg4_paralysed,ite,4,2,311,1174.446533203125,311,1140.541015625,50.21776409092385,15.159007305808291,11
dcrlme_seed2,dcrlme,2,leg4_paralysed,ite,4,3,258,1181.1719970703125,258,1171.1951904296875,69.02720953814658,20.836928776712355,11
dcrlme_seed2,dcrlme,2,leg4_paralysed,ite,4,4,305,1121.640380859375,258,1171.1951904296875,69.02720953814658,20.836928776712355,11
dcrlme_seed2,dcrlme,2,leg4_paralysed,ite,4,5,158,1073.4638671875,258,1171.1951904296875,69.02720953814658,20.836928776712355,11
dcrlme_seed2,dcrlme,2,leg4_paralysed,ite,4,6,872,1139.4508056640625,258,1171.1951904296875,69.02720953814658,20.836928776712355,11
dcrlme_seed2,dcrlme,2,leg4_paralysed,ite,4,7,295,1059.9033203125,258,1171.1951904296875,69.02720953814658,20.836928776712355,11
dcrlme_seed2,dcrlme,2,leg4_paralysed,ite,4,8,258,1177.73388671875,258,1171.1951904296875,69.02720953814658,20.836928776712355,11
dcrlme_seed2,dcrlme,2,leg4_paralysed,ite,4,9,258,1177.6875,258,1171.1951904296875,69.02720953814658,20.836928776712355,11
dcrlme_seed2,dcrlme,2,leg4_paralysed,ite,4,10,78,1078.96337890625,258,1171.1951904296875,69.02720953814658,20.836928776712355,11
dcrlme_seed2,dcrlme,2,leg4_paralysed,ite,4,11,258,1151.2138671875,258,1171.1951904296875,69.02720953814658,20.836928776712355,11
dcrlme_seed2,dcrlme,2,leg4_paralysed,ite,4,12,278,1070.41943359375,258,1171.1951904296875,69.02720953814658,20.836928776712355,11
dcrlme_seed2,dcrlme,2,leg4_paralysed,ite,4,13,311,1127.010986328125,258,1171.1951904296875,69.02720953814658,20.836928776712355,11
dcrlme_seed2,dcrlme,2,leg4_paralysed,ite,4,14,258,1156.9842529296875,258,1171.1951904296875,69.02720953814658,20.836928776712355,11
dcrlme_seed2,dcrlme,2,leg4_paralysed,ite,4,15,258,1176.1025390625,258,1171.1951904296875,69.02720953814658,20.836928776712355,11
dcrlme_seed2,dcrlme,2,leg4_paralysed,ite,4,16,258,1152.4287109375,258,1171.1951904296875,69.02720953814658,20.836928776712355,11
dcrlme_seed2,dcrlme,2,leg4_paralysed,ite,4,17,133,1056.802734375,258,1171.1951904296875,69.02720953814658,20.836928776712355,11
dcrlme_seed2,dcrlme,2,leg4_paralysed,ite,4,18,258,1200.217041015625,258,1171.1951904296875,69.02720953814658,20.836928776712355,11
dcrlme_seed2,dcrlme,2,leg4_paralysed,ite,4,19,258,1180.991943359375,258,1171.1951904296875,69.02720953814658,20.836928776712355,11
dcrlme_seed2,dcrlme,2,leg4_paralysed,ite,4,20,258,1163.279052734375,258,1171.1951904296875,69.02720953814658,20.836928776712355,11
dcrlme_seed2,dcrlme,2,leg4_paralysed,top_k,0,1,771,1129.6339111328125,771,1131.279296875,44.53476023629047,13.443504863378873,
dcrlme_seed2,dcrlme,2,leg4_paralysed,top_k,0,2,905,1141.3623046875,905,1133.4405517578125,45.860909319566034,13.84382343601717,
dcrlme_seed2,dcrlme,2,leg4_paralysed,top_k,0,3,906,1110.3392333984375,905,1133.4405517578125,45.860909319566034,13.84382343601717,
dcrlme_seed2,dcrlme,2,leg4_paralysed,top_k,0,4,32,1123.64306640625,905,1133.4405517578125,45.860909319566034,13.84382343601717,
dcrlme_seed2,dcrlme,2,leg4_paralysed,top_k,0,5,258,1148.4559326171875,258,1171.1951904296875,69.02720953814658,20.836928776712355,
dcrlme_seed2,dcrlme,2,leg4_paralysed,top_k,0,6,94,1150.259033203125,94,1151.44482421875,56.90835661927783,17.178665943613616,
dcrlme_seed2,dcrlme,2,leg4_paralysed,top_k,0,7,437,1175.1505126953125,437,1202.2244873046875,88.06683042354528,26.584332256863384,
dcrlme_seed2,dcrlme,2,leg4_paralysed,top_k,0,8,790,1134.289306640625,437,1202.2244873046875,88.06683042354528,26.584332256863384,
dcrlme_seed2,dcrlme,2,leg4_paralysed,top_k,0,9,161,1156.9542236328125,437,1202.2244873046875,88.06683042354528,26.584332256863384,
dcrlme_seed2,dcrlme,2,leg4_paralysed,top_k,0,10,661,1126.1796875,437,1202.2244873046875,88.06683042354528,26.584332256863384,
dcrlme_seed2,dcrlme,2,leg4_paralysed,top_k,0,11,478,1121.00244140625,437,1202.2244873046875,88.06683042354528,26.584332256863384,
dcrlme_seed2,dcrlme,2,leg4_paralysed,top_k,0,12,575,1151.9940185546875,437,1202.2244873046875,88.06683042354528,26.584332256863384,
dcrlme_seed2,dcrlme,2,leg4_paralysed,top_k,0,13,674,1079.483154296875,437,1202.2244873046875,88.06683042354528,26.584332256863384,
dcrlme_seed2,dcrlme,2,leg4_paralysed,top_k,0,14,323,1106.65771484375,437,1202.2244873046875,88.06683042354528,26.584332256863384,
dcrlme_seed2,dcrlme,2,leg4_paralysed,top_k,0,15,358,1224.04736328125,358,1211.482666015625,93.74766210515325,28.2991789953331,
dcrlme_seed2,dcrlme,2,leg4_paralysed,top_k,0,16,120,1134.107421875,358,1211.482666015625,93.74766210515325,28.2991789953331,
dcrlme_seed2,dcrlme,2,leg4_paralysed,top_k,0,17,427,1151.73779296875,358,1211.482666015625,93.74766210515325,28.2991789953331,
dcrlme_seed2,dcrlme,2,leg4_paralysed,top_k,0,18,285,1252.5357666015625,285,1193.95458984375,82.99240952861898,25.05253997555716,
dcrlme_seed2,dcrlme,2,leg4_paralysed,top_k,0,19,553,1179.031982421875,285,1193.95458984375,82.99240952861898,25.05253997555716,
dcrlme_seed2,dcrlme,2,leg4_paralysed,top_k,0,20,311,1169.593017578125,285,1193.95458984375,82.99240952861898,25.05253997555716,
dcrlme_seed2,dcrlme,2,leg4_paralysed,top_k,1,1,771,1134.067138671875,771,1131.279296875,44.53476023629047,13.443504863378873,
dcrlme_seed2,dcrlme,2,leg4_paralysed,top_k,1,2,905,1130.304443359375,771,1131.279296875,44.53476023629047,13.443504863378873,
dcrlme_seed2,dcrlme,2,leg4_paralysed,top_k,1,3,906,1096.3206787109375,771,1131.279296875,44.53476023629047,13.443504863378873,
dcrlme_seed2,dcrlme,2,leg4_paralysed,top_k,1,4,32,1119.1392822265625,771,1131.279296875,44.53476023629047,13.443504863378873,
dcrlme_seed2,dcrlme,2,leg4_paralysed,top_k,1,5,258,1165.5135498046875,258,1171.1951904296875,69.02720953814658,20.836928776712355,
dcrlme_seed2,dcrlme,2,leg4_paralysed,top_k,1,6,94,1158.448486328125,258,1171.1951904296875,69.02720953814658,20.836928776712355,
dcrlme_seed2,dcrlme,2,leg4_paralysed,top_k,1,7,437,1210.104736328125,437,1202.2244873046875,88.06683042354528,26.584332256863384,
dcrlme_seed2,dcrlme,2,leg4_paralysed,top_k,1,8,790,1136.9193115234375,437,1202.2244873046875,88.06683042354528,26.584332256863384,
dcrlme_seed2,dcrlme,2,leg4_paralysed,top_k,1,9,161,1154.809326171875,437,1202.2244873046875,88.06683042354528,26.584332256863384,
dcrlme_seed2,dcrlme,2,leg4_paralysed,top_k,1,10,661,1130.966552734375,437,1202.2244873046875,88.06683042354528,26.584332256863384,
dcrlme_seed2,dcrlme,2,leg4_paralysed,top_k,1,11,478,1126.081787109375,437,1202.2244873046875,88.06683042354528,26.584332256863384,
dcrlme_seed2,dcrlme,2,leg4_paralysed,top_k,1,12,575,1145.209228515625,437,1202.2244873046875,88.06683042354528,26.584332256863384,
dcrlme_seed2,dcrlme,2,leg4_paralysed,top_k,1,13,674,1090.406494140625,437,1202.2244873046875,88.06683042354528,26.584332256863384,
dcrlme_seed2,dcrlme,2,leg4_paralysed,top_k,1,14,323,1114.6944580078125,437,1202.2244873046875,88.06683042354528,26.584332256863384,
dcrlme_seed2,dcrlme,2,leg4_paralysed,top_k,1,15,358,1207.6976318359375,437,1202.2244873046875,88.06683042354528,26.584332256863384,
dcrlme_seed2,dcrlme,2,leg4_paralysed,top_k,1,16,120,1103.03515625,437,1202.2244873046875,88.06683042354528,26.584332256863384,
dcrlme_seed2,dcrlme,2,leg4_paralysed,top_k,1,17,427,1143.916015625,437,1202.2244873046875,88.06683042354528,26.584332256863384,
dcrlme_seed2,dcrlme,2,leg4_paralysed,top_k,1,18,285,1182.626708984375,437,1202.2244873046875,88.06683042354528,26.584332256863384,
dcrlme_seed2,dcrlme,2,leg4_paralysed,top_k,1,19,553,1164.56787109375,437,1202.2244873046875,88.06683042354528,26.584332256863384,
dcrlme_seed2,dcrlme,2,leg4_paralysed,top_k,1,20,311,1145.58154296875,437,1202.2244873046875,88.06683042354528,26.584332256863384,
dcrlme_seed2,dcrlme,2,leg4_paralysed,top_k,2,1,771,1124.378662109375,771,1131.279296875,44.53476023629047,13.443504863378873,
dcrlme_seed2,dcrlme,2,leg4_paralysed,top_k,2,2,905,1120.7100830078125,771,1131.279296875,44.53476023629047,13.443504863378873,
dcrlme_seed2,dcrlme,2,leg4_paralysed,top_k,2,3,906,1035.65625,771,1131.279296875,44.53476023629047,13.443504863378873,
dcrlme_seed2,dcrlme,2,leg4_paralysed,top_k,2,4,32,1120.2547607421875,771,1131.279296875,44.53476023629047,13.443504863378873,
dcrlme_seed2,dcrlme,2,leg4_paralysed,top_k,2,5,258,1171.7313232421875,258,1171.1951904296875,69.02720953814658,20.836928776712355,
dcrlme_seed2,dcrlme,2,leg4_paralysed,top_k,2,6,94,1178.860107421875,94,1151.44482421875,56.90835661927783,17.178665943613616,
dcrlme_seed2,dcrlme,2,leg4_paralysed,top_k,2,7,437,1196.383544921875,437,1202.2244873046875,88.06683042354528,26.584332256863384,
dcrlme_seed2,dcrlme,2,leg4_paralysed,top_k,2,8,790,1136.0458984375,437,1202.2244873046875,88.06683042354528,26.584332256863384,
dcrlme_seed2,dcrlme,2,leg4_paralysed,top_k,2,9,161,1158.912353515625,437,1202.2244873046875,88.06683042354528,26.584332256863384,
dcrlme_seed2,dcrlme,2,leg4_paralysed,top_k,2,10,661,1134.9705810546875,437,1202.2244873046875,88.06683042354528,26.584332256863384,
dcrlme_seed2,dcrlme,2,leg4_paralysed,top_k,2,11,478,1121.9759521484375,437,1202.2244873046875,88.06683042354528,26.584332256863384,
dcrlme_seed2,dcrlme,2,leg4_paralysed,top_k,2,12,575,1145.0196533203125,437,1202.2244873046875,88.06683042354528,26.584332256863384,
dcrlme_seed2,dcrlme,2,leg4_paralysed,top_k,2,13,674,1104.164794921875,437,1202.2244873046875,88.06683042354528,26.584332256863384,
dcrlme_seed2,dcrlme,2,leg4_paralysed,top_k,2,14,323,1102.2529296875,437,1202.2244873046875,88.06683042354528,26.584332256863384,
dcrlme_seed2,dcrlme,2,leg4_paralysed,top_k,2,15,358,1194.71337890625,437,1202.2244873046875,88.06683042354528,26.584332256863384,
dcrlme_seed2,dcrlme,2,leg4_paralysed,top_k,2,16,120,1128.3580322265625,437,1202.2244873046875,88.06683042354528,26.584332256863384,
dcrlme_seed2,dcrlme,2,leg4_paralysed,top_k,2,17,427,1147.201904296875,437,1202.2244873046875,88.06683042354528,26.584332256863384,
dcrlme_seed2,dcrlme,2,leg4_paralysed,top_k,2,18,285,1204.67724609375,285,1193.95458984375,82.99240952861898,25.05253997555716,
dcrlme_seed2,dcrlme,2,leg4_paralysed,top_k,2,19,553,1163.89111328125,285,1193.95458984375,82.99240952861898,25.05253997555716,
dcrlme_seed2,dcrlme,2,leg4_paralysed,top_k,2,20,311,1163.7310791015625,285,1193.95458984375,82.99240952861898,25.05253997555716,
dcrlme_seed2,dcrlme,2,leg4_paralysed,top_k,3,1,771,1144.267578125,771,1131.279296875,44.53476023629047,13.443504863378873,
dcrlme_seed2,dcrlme,2,leg4_paralysed,top_k,3,2,905,1120.283935546875,771,1131.279296875,44.53476023629047,13.443504863378873,
dcrlme_seed2,dcrlme,2,leg4_paralysed,top_k,3,3,906,1056.7711181640625,771,1131.279296875,44.53476023629047,13.443504863378873,
dcrlme_seed2,dcrlme,2,leg4_paralysed,top_k,3,4,32,1124.24072265625,771,1131.279296875,44.53476023629047,13.443504863378873,
dcrlme_seed2,dcrlme,2,leg4_paralysed,top_k,3,5,258,1177.5478515625,258,1171.1951904296875,69.02720953814658,20.836928776712355,
dcrlme_seed2,dcrlme,2,leg4_paralysed,top_k,3,6,94,1155.45947265625,258,1171.1951904296875,69.02720953814658,20.836928776712355,
dcrlme_seed2,dcrlme,2,leg4_paralysed,top_k,3,7,437,1206.1484375,437,1202.2244873046875,88.06683042354528,26.584332256863384,
dcrlme_seed2,dcrlme,2,leg4_paralysed,top_k,3,8,790,1141.164306640625,437,1202.2244873046875,88.06683042354528,26.584332256863384,
dcrlme_seed2,dcrlme,2,leg4_paralysed,top_k,3,9,161,1159.20703125,437,1202.2244873046875,88.06683042354528,26.584332256863384,
dcrlme_seed2,dcrlme,2,leg4_paralysed,top_k,3,10,661,1140.953857421875,437,1202.2244873046875,88.06683042354528,26.584332256863384,
dcrlme_seed2,dcrlme,2,leg4_paralysed,top_k,3,11,478,1116.170166015625,437,1202.2244873046875,88.06683042354528,26.584332256863384,
dcrlme_seed2,dcrlme,2,leg4_paralysed,top_k,3,12,575,1145.495849609375,437,1202.2244873046875,88.06683042354528,26.584332256863384,
dcrlme_seed2,dcrlme,2,leg4_paralysed,top_k,3,13,674,1080.224609375,437,1202.2244873046875,88.06683042354528,26.584332256863384,
dcrlme_seed2,dcrlme,2,leg4_paralysed,top_k,3,14,323,1114.281494140625,437,1202.2244873046875,88.06683042354528,26.584332256863384,
dcrlme_seed2,dcrlme,2,leg4_paralysed,top_k,3,15,358,1202.19091796875,437,1202.2244873046875,88.06683042354528,26.584332256863384,
dcrlme_seed2,dcrlme,2,leg4_paralysed,top_k,3,16,120,1123.2529296875,437,1202.2244873046875,88.06683042354528,26.584332256863384,
dcrlme_seed2,dcrlme,2,leg4_paralysed,top_k,3,17,427,1149.32568359375,437,1202.2244873046875,88.06683042354528,26.584332256863384,
dcrlme_seed2,dcrlme,2,leg4_paralysed,top_k,3,18,285,1248.92236328125,285,1193.95458984375,82.99240952861898,25.05253997555716,
dcrlme_seed2,dcrlme,2,leg4_paralysed,top_k,3,19,553,1176.5537109375,285,1193.95458984375,82.99240952861898,25.05253997555716,
dcrlme_seed2,dcrlme,2,leg4_paralysed,top_k,3,20,311,1098.8621826171875,285,1193.95458984375,82.99240952861898,25.05253997555716,
dcrlme_seed2,dcrlme,2,leg4_paralysed,top_k,4,1,771,1144.829345703125,771,1131.279296875,44.53476023629047,13.443504863378873,
dcrlme_seed2,dcrlme,2,leg4_paralysed,top_k,4,2,905,1128.6448974609375,771,1131.279296875,44.53476023629047,13.443504863378873,
dcrlme_seed2,dcrlme,2,leg4_paralysed,top_k,4,3,906,1095.1893310546875,771,1131.279296875,44.53476023629047,13.443504863378873,
dcrlme_seed2,dcrlme,2,leg4_paralysed,top_k,4,4,32,1094.0821533203125,771,1131.279296875,44.53476023629047,13.443504863378873,
dcrlme_seed2,dcrlme,2,leg4_paralysed,top_k,4,5,258,1159.16015625,258,1171.1951904296875,69.02720953814658,20.836928776712355,
dcrlme_seed2,dcrlme,2,leg4_paralysed,top_k,4,6,94,1152.982177734375,258,1171.1951904296875,69.02720953814658,20.836928776712355,
dcrlme_seed2,dcrlme,2,leg4_paralysed,top_k,4,7,437,1206.143310546875,437,1202.2244873046875,88.06683042354528,26.584332256863384,
dcrlme_seed2,dcrlme,2,leg4_paralysed,top_k,4,8,790,1123.180908203125,437,1202.2244873046875,88.06683042354528,26.584332256863384,
dcrlme_seed2,dcrlme,2,leg4_paralysed,top_k,4,9,161,1170.6024169921875,437,1202.2244873046875,88.06683042354528,26.584332256863384,
dcrlme_seed2,dcrlme,2,leg4_paralysed,top_k,4,10,661,1135.6278076171875,437,1202.2244873046875,88.06683042354528,26.584332256863384,
dcrlme_seed2,dcrlme,2,leg4_paralysed,top_k,4,11,478,1122.684814453125,437,1202.2244873046875,88.06683042354528,26.584332256863384,
dcrlme_seed2,dcrlme,2,leg4_paralysed,top_k,4,12,575,1140.4283447265625,437,1202.2244873046875,88.06683042354528,26.584332256863384,
dcrlme_seed2,dcrlme,2,leg4_paralysed,top_k,4,13,674,1072.331787109375,437,1202.2244873046875,88.06683042354528,26.584332256863384,
dcrlme_seed2,dcrlme,2,leg4_paralysed,top_k,4,14,323,1106.387451171875,437,1202.2244873046875,88.06683042354528,26.584332256863384,
dcrlme_seed2,dcrlme,2,leg4_paralysed,top_k,4,15,358,1198.5992431640625,437,1202.2244873046875,88.06683042354528,26.584332256863384,
dcrlme_seed2,dcrlme,2,leg4_paralysed,top_k,4,16,120,1121.24072265625,437,1202.2244873046875,88.06683042354528,26.584332256863384,
dcrlme_seed2,dcrlme,2,leg4_paralysed,top_k,4,17,427,1135.61767578125,437,1202.2244873046875,88.06683042354528,26.584332256863384,
dcrlme_seed2,dcrlme,2,leg4_paralysed,top_k,4,18,285,1190.0081787109375,437,1202.2244873046875,88.06683042354528,26.584332256863384,
dcrlme_seed2,dcrlme,2,leg4_paralysed,top_k,4,19,553,1171.6263427734375,437,1202.2244873046875,88.06683042354528,26.584332256863384,
dcrlme_seed2,dcrlme,2,leg4_paralysed,top_k,4,20,311,1111.7069091796875,437,1202.2244873046875,88.06683042354528,26.584332256863384,
dcrlme_seed2,dcrlme,2,leg1_weak,ite,0,1,771,1319.6832275390625,771,1356.7255859375,82.08024266503355,55.20180804262058,3
dcrlme_seed2,dcrlme,2,leg1_weak,ite,0,2,311,1281.9329833984375,771,1356.7255859375,82.08024266503355,55.20180804262058,3
dcrlme_seed2,dcrlme,2,leg1_weak,ite,0,3,258,1434.80517578125,258,1421.79052734375,99.99999999999999,67.25346593807856,3
dcrlme_seed2,dcrlme,2,leg1_weak,ite,0,4,258,1403.7078857421875,258,1421.79052734375,99.99999999999999,67.25346593807856,3
dcrlme_seed2,dcrlme,2,leg1_weak,ite,0,5,258,1423.03857421875,258,1421.79052734375,99.99999999999999,67.25346593807856,3
dcrlme_seed2,dcrlme,2,leg1_weak,ite,0,6,258,1438.4832763671875,258,1421.79052734375,99.99999999999999,67.25346593807856,3
dcrlme_seed2,dcrlme,2,leg1_weak,ite,0,7,258,1403.7528076171875,258,1421.79052734375,99.99999999999999,67.25346593807856,3
dcrlme_seed2,dcrlme,2,leg1_weak,ite,0,8,258,1419.5982666015625,258,1421.79052734375,99.99999999999999,67.25346593807856,3
dcrlme_seed2,dcrlme,2,leg1_weak,ite,0,9,258,1407.6083984375,258,1421.79052734375,99.99999999999999,67.25346593807856,3
dcrlme_seed2,dcrlme,2,leg1_weak,ite,0,10,258,1428.0927734375,258,1421.79052734375,99.99999999999999,67.25346593807856,3
dcrlme_seed2,dcrlme,2,leg1_weak,ite,0,11,258,1418.840087890625,258,1421.79052734375,99.99999999999999,67.25346593807856,3
dcrlme_seed2,dcrlme,2,leg1_weak,ite,0,12,258,1419.1055908203125,258,1421.79052734375,99.99999999999999,67.25346593807856,3
dcrlme_seed2,dcrlme,2,leg1_weak,ite,0,13,258,1441.7962646484375,258,1421.79052734375,99.99999999999999,67.25346593807856,3
dcrlme_seed2,dcrlme,2,leg1_weak,ite,0,14,258,1410.2611083984375,258,1421.79052734375,99.99999999999999,67.25346593807856,3
dcrlme_seed2,dcrlme,2,leg1_weak,ite,0,15,258,1365.2039794921875,258,1421.79052734375,99.99999999999999,67.25346593807856,3
dcrlme_seed2,dcrlme,2,leg1_weak,ite,0,16,258,1386.991943359375,258,1421.79052734375,99.99999999999999,67.25346593807856,3
dcrlme_seed2,dcrlme,2,leg1_weak,ite,0,17,258,1421.8909912109375,258,1421.79052734375,99.99999999999999,67.25346593807856,3
dcrlme_seed2,dcrlme,2,leg1_weak,ite,0,18,258,1414.992431640625,258,1421.79052734375,99.99999999999999,67.25346593807856,3
dcrlme_seed2,dcrlme,2,leg1_weak,ite,0,19,258,1401.6728515625,258,1421.79052734375,99.99999999999999,67.25346593807856,3
dcrlme_seed2,dcrlme,2,leg1_weak,ite,0,20,258,1422.639892578125,258,1421.79052734375,99.99999999999999,67.25346593807856,3
dcrlme_seed2,dcrlme,2,leg1_weak,ite,1,1,771,1416.3262939453125,771,1356.7255859375,82.08024266503355,55.20180804262058,4
dcrlme_seed2,dcrlme,2,leg1_weak,ite,1,2,258,1416.6220703125,258,1421.79052734375,99.99999999999999,67.25346593807856,4
dcrlme_seed2,dcrlme,2,leg1_weak,ite,1,3,285,1366.2431640625,258,1421.79052734375,99.99999999999999,67.25346593807856,4
dcrlme_seed2,dcrlme,2,leg1_weak,ite,1,4,905,1300.998046875,258,1421.79052734375,99.99999999999999,67.25346593807856,4
dcrlme_seed2,dcrlme,2,leg1_weak,ite,1,5,258,1423.51416015625,258,1421.79052734375,99.99999999999999,67.25346593807856,4
dcrlme_seed2,dcrlme,2,leg1_weak,ite,1,6,258,1383.05859375,258,1421.79052734375,99.99999999999999,67.25346593807856,4
dcrlme_seed2,dcrlme,2,leg1_weak,ite,1,7,258,1441.312255859375,258,1421.79052734375,99.99999999999999,67.25346593807856,4
dcrlme_seed2,dcrlme,2,leg1_weak,ite,1,8,258,1415.292236328125,258,1421.79052734375,99.99999999999999,67.25346593807856,4
dcrlme_seed2,dcrlme,2,leg1_weak,ite,1,9,258,1418.086181640625,258,1421.79052734375,99.99999999999999,67.25346593807856,4
dcrlme_seed2,dcrlme,2,leg1_weak,ite,1,10,258,1392.06201171875,258,1421.79052734375,99.99999999999999,67.25346593807856,4
dcrlme_seed2,dcrlme,2,leg1_weak,ite,1,11,258,1424.9591064453125,258,1421.79052734375,99.99999999999999,67.25346593807856,4
dcrlme_seed2,dcrlme,2,leg1_weak,ite,1,12,258,1427.1904296875,258,1421.79052734375,99.99999999999999,67.25346593807856,4
dcrlme_seed2,dcrlme,2,leg1_weak,ite,1,13,258,1425.31982421875,258,1421.79052734375,99.99999999999999,67.25346593807856,4
dcrlme_seed2,dcrlme,2,leg1_weak,ite,1,14,258,1392.070556640625,258,1421.79052734375,99.99999999999999,67.25346593807856,4
dcrlme_seed2,dcrlme,2,leg1_weak,ite,1,15,258,1411.50146484375,258,1421.79052734375,99.99999999999999,67.25346593807856,4
dcrlme_seed2,dcrlme,2,leg1_weak,ite,1,16,258,1413.994873046875,258,1421.79052734375,99.99999999999999,67.25346593807856,4
dcrlme_seed2,dcrlme,2,leg1_weak,ite,1,17,258,1420.54638671875,258,1421.79052734375,99.99999999999999,67.25346593807856,4
dcrlme_seed2,dcrlme,2,leg1_weak,ite,1,18,258,1416.292724609375,258,1421.79052734375,99.99999999999999,67.25346593807856,4
dcrlme_seed2,dcrlme,2,leg1_weak,ite,1,19,258,1396.721435546875,258,1421.79052734375,99.99999999999999,67.25346593807856,4
dcrlme_seed2,dcrlme,2,leg1_weak,ite,1,20,258,1397.708251953125,258,1421.79052734375,99.99999999999999,67.25346593807856,4
dcrlme_seed2,dcrlme,2,leg1_weak,ite,2,1,771,1369.97216796875,771,1356.7255859375,82.08024266503355,55.20180804262058,3
dcrlme_seed2,dcrlme,2,leg1_weak,ite,2,2,311,1347.065673828125,771,1356.7255859375,82.08024266503355,55.20180804262058,3
dcrlme_seed2,dcrlme,2,leg1_weak,ite,2,3,258,1398.2242431640625,258,1421.79052734375,99.99999999999999,67.25346593807856,3
dcrlme_seed2,dcrlme,2,leg1_weak,ite,2,4,905,1305.388427734375,258,1421.79052734375,99.99999999999999,67.25346593807856,3
dcrlme_seed2,dcrlme,2,leg1_weak,ite,2,5,258,1436.820556640625,258,1421.79052734375,99.99999999999999,67.25346593807856,3
dcrlme_seed2,dcrlme,2,leg1_weak,ite,2,6,258,1439.380126953125,258,1421.79052734375,99.99999999999999,67.25346593807856,3
dcrlme_seed2,dcrlme,2,leg1_weak,ite,2,7,258,1384.4716796875,258,1421.79052734375,99.99999999999999,67.25346593807856,3
dcrlme_seed2,dcrlme,2,leg1_weak,ite,2,8,258,1435.170166015625,258,1421.79052734375,99.99999999999999,67.25346593807856,3
dcrlme_seed2,dcrlme,2,leg1_weak,ite,2,9,258,1428.580810546875,258,1421.79052734375,99.99999999999999,67.25346593807856,3
dcrlme_seed2,dcrlme,2,leg1_weak,ite,2,10,258,1422.84521484375,258,1421.79052734375,99.99999999999999,67.25346593807856,3
dcrlme_seed2,dcrlme,2,leg1_weak,ite,2,11,258,1430.589111328125,258,1421.79052734375,99.99999999999999,67.25346593807856,3
dcrlme_seed2,dcrlme,2,leg1_weak,ite,2,12,258,1421.84033203125,258,1421.79052734375,99.99999999999999,67.25346593807856,3
dcrlme_seed2,dcrlme,2,leg1_weak,ite,2,13,258,1415.7900390625,258,1421.79052734375,99.99999999999999,67.25346593807856,3
dcrlme_seed2,dcrlme,2,leg1_weak,ite,2,14,258,1434.915283203125,258,1421.79052734375,99.99999999999999,67.25346593807856,3
dcrlme_seed2,dcrlme,2,leg1_weak,ite,2,15,258,1423.0762939453125,258,1421.79052734375,99.99999999999999,67.25346593807856,3
dcrlme_seed2,dcrlme,2,leg1_weak,ite,2,16,258,1407.060791015625,258,1421.79052734375,99.99999999999999,67.25346593807856,3
dcrlme_seed2,dcrlme,2,leg1_weak,ite,2,17,258,1427.714599609375,258,1421.79052734375,99.99999999999999,67.25346593807856,3
dcrlme_seed2,dcrlme,2,leg1_weak,ite,2,18,258,1421.0347900390625,258,1421.79052734375,99.99999999999999,67.25346593807856,3
dcrlme_seed2,dcrlme,2,leg1_weak,ite,2,19,258,1426.179443359375,258,1421.79052734375,99.99999999999999,67.25346593807856,3
dcrlme_seed2,dcrlme,2,leg1_weak,ite,2,20,258,1408.954345703125,258,1421.79052734375,99.99999999999999,67.25346593807856,3
dcrlme_seed2,dcrlme,2,leg1_weak,ite,3,1,771,1364.0126953125,771,1356.7255859375,82.08024266503355,55.20180804262058,3
dcrlme_seed2,dcrlme,2,leg1_weak,ite,3,2,311,1311.9754638671875,771,1356.7255859375,82.08024266503355,55.20180804262058,3
dcrlme_seed2,dcrlme,2,leg1_weak,ite,3,3,258,1430.0167236328125,258,1421.79052734375,99.99999999999999,67.25346593807856,3
dcrlme_seed2,dcrlme,2,leg1_weak,ite,3,4,258,1414.6434326171875,258,1421.79052734375,99.99999999999999,67.25346593807856,3
dcrlme_seed2,dcrlme,2,leg1_weak,ite,3,5,905,1292.832763671875,258,1421.79052734375,99.99999999999999,67.25346593807856,3
dcrlme_seed2,dcrlme,2,leg1_weak,ite,3,6,258,1418.1351318359375,258,1421.79052734375,99.99999999999999,67.25346593807856,3
dcrlme_seed2,dcrlme,2,leg1_weak,ite,3,7,258,1420.142822265625,258,1421.79052734375,99.99999999999999,67.25346593807856,3
dcrlme_seed2,dcrlme,2,leg1_weak,ite,3,8,258,1428.519287109375,258,1421.79052734375,99.99999999999999,67.25346593807856,3
dcrlme_seed2,dcrlme,2,leg1_weak,ite,3,9,258,1435.0750732421875,258,1421.79052734375,99.99999999999999,67.25346593807856,3
dcrlme_seed2,dcrlme,2,leg1_weak,ite,3,10,258,1425.191650390625,258,1421.79052734375,99.99999999999999,67.25346593807856,3
dcrlme_seed2,dcrlme,2,leg1_weak,ite,3,11,258,1418.7451171875,258,1421.79052734375,99.99999999999999,67.25346593807856,3
dcrlme_seed2,dcrlme,2,leg1_weak,ite,3,12,258,1421.078857421875,258,1421.79052734375,99.99999999999999,67.25346593807856,3
dcrlme_seed2,dcrlme,2,leg1_weak,ite,3,13,258,1428.369140625,258,1421.79052734375,99.99999999999999,67.25346593807856,3
dcrlme_seed2,dcrlme,2,leg1_weak,ite,3,14,258,1434.4345703125,258,1421.79052734375,99.99999999999999,67.25346593807856,3
dcrlme_seed2,dcrlme,2,leg1_weak,ite,3,15,258,1401.674560546875,258,1421.79052734375,99.99999999999999,67.25346593807856,3
dcrlme_seed2,dcrlme,2,leg1_weak,ite,3,16,258,1423.02392578125,258,1421.79052734375,99.99999999999999,67.25346593807856,3
dcrlme_seed2,dcrlme,2,leg1_weak,ite,3,17,258,1429.500244140625,258,1421.79052734375,99.99999999999999,67.25346593807856,3
dcrlme_seed2,dcrlme,2,leg1_weak,ite,3,18,258,1439.554443359375,258,1421.79052734375,99.99999999999999,67.25346593807856,3
dcrlme_seed2,dcrlme,2,leg1_weak,ite,3,19,258,1427.62890625,258,1421.79052734375,99.99999999999999,67.25346593807856,3
dcrlme_seed2,dcrlme,2,leg1_weak,ite,3,20,258,1418.747802734375,258,1421.79052734375,99.99999999999999,67.25346593807856,3
dcrlme_seed2,dcrlme,2,leg1_weak,ite,4,1,771,1297.07177734375,771,1356.7255859375,82.08024266503355,55.20180804262058,3
dcrlme_seed2,dcrlme,2,leg1_weak,ite,4,2,311,1321.96435546875,311,1353.88134765625,81.29690130329176,54.67498382672267,3
dcrlme_seed2,dcrlme,2,leg1_weak,ite,4,3,258,1433.71435546875,258,1421.79052734375,99.99999999999999,67.25346593807856,3
dcrlme_seed2,dcrlme,2,leg1_weak,ite,4,4,258,1422.84423828125,258,1421.79052734375,99.99999999999999,67.25346593807856,3
dcrlme_seed2,dcrlme,2,leg1_weak,ite,4,5,258,1434.819091796875,258,1421.79052734375,99.99999999999999,67.25346593807856,3
dcrlme_seed2,dcrlme,2,leg1_weak,ite,4,6,258,1424.3463134765625,258,1421.79052734375,99.99999999999999,67.25346593807856,3
dcrlme_seed2,dcrlme,2,leg1_weak,ite,4,7,258,1424.8070068359375,258,1421.79052734375,99.99999999999999,67.25346593807856,3
dcrlme_seed2,dcrlme,2,leg1_weak,ite,4,8,258,1419.6646728515625,258,1421.79052734375,99.99999999999999,67.25346593807856,3
dcrlme_seed2,dcrlme,2,leg1_weak,ite,4,9,258,1415.76025390625,258,1421.79052734375,99.99999999999999,67.25346593807856,3
dcrlme_seed2,dcrlme,2,leg1_weak,ite,4,10,258,1389.1962890625,258,1421.79052734375,99.99999999999999,67.25346593807856,3
dcrlme_seed2,dcrlme,2,leg1_weak,ite,4,11,258,1409.124267578125,258,1421.79052734375,99.99999999999999,67.25346593807856,3
dcrlme_seed2,dcrlme,2,leg1_weak,ite,4,12,258,1417.3408203125,258,1421.79052734375,99.99999999999999,67.25346593807856,3
dcrlme_seed2,dcrlme,2,leg1_weak,ite,4,13,258,1413.6651611328125,258,1421.79052734375,99.99999999999999,67.25346593807856,3
dcrlme_seed2,dcrlme,2,leg1_weak,ite,4,14,258,1431.969970703125,258,1421.79052734375,99.99999999999999,67.25346593807856,3
dcrlme_seed2,dcrlme,2,leg1_weak,ite,4,15,258,1435.0775146484375,258,1421.79052734375,99.99999999999999,67.25346593807856,3
dcrlme_seed2,dcrlme,2,leg1_weak,ite,4,16,258,1412.6083984375,258,1421.79052734375,99.99999999999999,67.25346593807856,3
dcrlme_seed2,dcrlme,2,leg1_weak,ite,4,17,258,1426.59912109375,258,1421.79052734375,99.99999999999999,67.25346593807856,3
dcrlme_seed2,dcrlme,2,leg1_weak,ite,4,18,258,1420.0758056640625,258,1421.79052734375,99.99999999999999,67.25346593807856,3
dcrlme_seed2,dcrlme,2,leg1_weak,ite,4,19,258,1429.4805908203125,258,1421.79052734375,99.99999999999999,67.25346593807856,3
dcrlme_seed2,dcrlme,2,leg1_weak,ite,4,20,258,1420.833251953125,258,1421.79052734375,99.99999999999999,67.25346593807856,3
dcrlme_seed2,dcrlme,2,leg1_weak,top_k,0,1,771,1318.92529296875,771,1356.7255859375,82.08024266503355,55.20180804262058,
dcrlme_seed2,dcrlme,2,leg1_weak,top_k,0,2,905,1310.778564453125,771,1356.7255859375,82.08024266503355,55.20180804262058,
dcrlme_seed2,dcrlme,2,leg1_weak,top_k,0,3,906,1302.0728759765625,771,1356.7255859375,82.08024266503355,55.20180804262058,
dcrlme_seed2,dcrlme,2,leg1_weak,top_k,0,4,32,1169.3822021484375,771,1356.7255859375,82.08024266503355,55.20180804262058,
dcrlme_seed2,dcrlme,2,leg1_weak,top_k,0,5,258,1432.975341796875,258,1421.79052734375,99.99999999999999,67.25346593807856,
dcrlme_seed2,dcrlme,2,leg1_weak,top_k,0,6,94,1222.2623291015625,258,1421.79052734375,99.99999999999999,67.25346593807856,
dcrlme_seed2,dcrlme,2,leg1_weak,top_k,0,7,437,1246.832763671875,258,1421.79052734375,99.99999999999999,67.25346593807856,
dcrlme_seed2,dcrlme,2,leg1_weak,top_k,0,8,790,1142.1318359375,258,1421.79052734375,99.99999999999999,67.25346593807856,
dcrlme_seed2,dcrlme,2,leg1_weak,top_k,0,9,161,1323.52587890625,258,1421.79052734375,99.99999999999999,67.25346593807856,
dcrlme_seed2,dcrlme,2,leg1_weak,top_k,0,10,661,1245.807861328125,258,1421.79052734375,99.99999999999999,67.25346593807856,
dcrlme_seed2,dcrlme,2,leg1_weak,top_k,0,11,478,1314.934814453125,258,1421.79052734375,99.99999999999999,67.25346593807856,
dcrlme_seed2,dcrlme,2,leg1_weak,top_k,0,12,575,1147.215576171875,258,1421.79052734375,99.99999999999999,67.25346593807856,
dcrlme_seed2,dcrlme,2,leg1_weak,top_k,0,13,674,1084.950927734375,258,1421.79052734375,99.99999999999999,67.25346593807856,
dcrlme_seed2,dcrlme,2,leg1_weak,top_k,0,14,323,1173.9422607421875,258,1421.79052734375,99.99999999999999,67.25346593807856,
dcrlme_seed2,dcrlme,2,leg1_weak,top_k,0,15,358,1299.591552734375,258,1421.79052734375,99.99999999999999,67.25346593807856,
dcrlme_seed2,dcrlme,2,leg1_weak,top_k,0,16,120,1235.369140625,258,1421.79052734375,99.99999999999999,67.25346593807856,
dcrlme_seed2,dcrlme,2,leg1_weak,top_k,0,17,427,1173.8651123046875,258,1421.79052734375,99.99999999999999,67.25346593807856,
dcrlme_seed2,dcrlme,2,leg1_weak,top_k,0,18,285,1399.435302734375,258,1421.79052734375,99.99999999999999,67.25346593807856,
dcrlme_seed2,dcrlme,2,leg1_weak,top_k,0,19,553,1303.996826171875,258,1421.79052734375,99.99999999999999,67.25346593807856,
dcrlme_seed2,dcrlme,2,leg1_weak,top_k,0,20,311,1377.1424560546875,258,1421.79052734375,99.99999999999999,67.25346593807856,
dcrlme_seed2,dcrlme,2,leg1_weak,top_k,1,1,771,1363.4224853515625,771,1356.7255859375,82.08024266503355,55.20180804262058,
dcrlme_seed2,dcrlme,2,leg1_weak,top_k,1,2,905,1294.5526123046875,771,1356.7255859375,82.08024266503355,55.20180804262058,
dcrlme_seed2,dcrlme,2,leg1_weak,top_k,1,3,906,1286.6268310546875,771,1356.7255859375,82.08024266503355,55.20180804262058,
dcrlme_seed2,dcrlme,2,leg1_weak,top_k,1,4,32,1174.02001953125,771,1356.7255859375,82.08024266503355,55.20180804262058,
dcrlme_seed2,dcrlme,2,leg1_weak,top_k,1,5,258,1406.42919921875,258,1421.79052734375,99.99999999999999,67.25346593807856,
dcrlme_seed2,dcrlme,2,leg1_weak,top_k,1,6,94,1216.776611328125,258,1421.79052734375,99.99999999999999,67.25346593807856,
dcrlme_seed2,dcrlme,2,leg1_weak,top_k,1,7,437,1273.846435546875,258,1421.79052734375,99.99999999999999,67.25346593807856,
dcrlme_seed2,dcrlme,2,leg1_weak,top_k,1,8,790,1162.1011962890625,258,1421.79052734375,99.99999999999999,67.25346593807856,
dcrlme_seed2,dcrlme,2,leg1_weak,top_k,1,9,161,1310.33837890625,258,1421.79052734375,99.99999999999999,67.25346593807856,
dcrlme_seed2,dcrlme,2,leg1_weak,top_k,1,10,661,1241.118408203125,258,1421.79052734375,99.99999999999999,67.25346593807856,
dcrlme_seed2,dcrlme,2,leg1_weak,top_k,1,11,478,1279.1839599609375,258,1421.79052734375,99.99999999999999,67.25346593807856,
dcrlme_seed2,dcrlme,2,leg1_weak,top_k,1,12,575,1167.39111328125,258,1421.79052734375,99.99999999999999,67.25346593807856,
dcrlme_seed2,dcrlme,2,leg1_weak,top_k,1,13,674,1070.18798828125,258,1421.79052734375,99.99999999999999,67.25346593807856,
dcrlme_seed2,dcrlme,2,leg1_weak,top_k,1,14,323,1159.74560546875,258,1421.79052734375,99.99999999999999,67.25346593807856,
dcrlme_seed2,dcrlme,2,leg1_weak,top_k,1,15,358,1308.4072265625,258,1421.79052734375,99.99999999999999,67.25346593807856,
dcrlme_seed2,dcrlme,2,leg1_weak,top_k,1,16,120,1240.90625,258,1421.79052734375,99.99999999999999,67.25346593807856,
dcrlme_seed2,dcrlme,2,leg1_weak,top_k,1,17,427,1179.70068359375,258,1421.79052734375,99.99999999999999,67.25346593807856,
dcrlme_seed2,dcrlme,2,leg1_weak,top_k,1,18,285,1306.6077880859375,258,1421.79052734375,99.99999999999999,67.25346593807856,
dcrlme_seed2,dcrlme,2,leg1_weak,top_k,1,19,553,1295.8780517578125,258,1421.79052734375,99.99999999999999,67.25346593807856,
dcrlme_seed2,dcrlme,2,leg1_weak,top_k,1,20,311,1382.330322265625,258,1421.79052734375,99.99999999999999,67.25346593807856,
dcrlme_seed2,dcrlme,2,leg1_weak,top_k,2,1,771,1415.9208984375,771,1356.7255859375,82.08024266503355,55.20180804262058,
dcrlme_seed2,dcrlme,2,leg1_weak,top_k,2,2,905,1296.171875,771,1356.7255859375,82.08024266503355,55.20180804262058,
dcrlme_seed2,dcrlme,2,leg1_weak,top_k,2,3,906,1259.8367919921875,771,1356.7255859375,82.08024266503355,55.20180804262058,
dcrlme_seed2,dcrlme,2,leg1_weak,top_k,2,4,32,1176.11669921875,771,1356.7255859375,82.08024266503355,55.20180804262058,
dcrlme_seed2,dcrlme,2,leg1_weak,top_k,2,5,258,1414.413818359375,771,1356.7255859375,82.08024266503355,55.20180804262058,
dcrlme_seed2,dcrlme,2,leg1_weak,top_k,2,6,94,1209.797119140625,771,1356.7255859375,82.08024266503355,55.20180804262058,
dcrlme_seed2,dcrlme,2,leg1_weak,top_k,2,7,437,1294.1513671875,771,1356.7255859375,82.08024266503355,55.20180804262058,
dcrlme_seed2,dcrlme,2,leg1_weak,top_k,2,8,790,1139.529052734375,771,1356.7255859375,82.08024266503355,55.20180804262058,
dcrlme_seed2,dcrlme,2,leg1_weak,top_k,2,9,161,1318.6422119140625,771,1356.7255859375,82.08024266503355,55.20180804262058,
dcrlme_seed2,dcrlme,2,leg1_weak,top_k,2,10,661,1216.3662109375,771,1356.7255859375,82.08024266503355,55.20180804262058,
dcrlme_seed2,dcrlme,2,leg1_weak,top_k,2,11,478,1289.908203125,771,1356.7255859375,82.08024266503355,55.20180804262058,
dcrlme_seed2,dcrlme,2,leg1_weak,top_k,2,12,575,1187.19091796875,771,1356.7255859375,82.08024266503355,55.20180804262058,
dcrlme_seed2,dcrlme,2,leg1_weak,top_k,2,13,674,1080.1634521484375,771,1356.7255859375,82.08024266503355,55.20180804262058,
dcrlme_seed2,dcrlme,2,leg1_weak,top_k,2,14,323,1153.4969482421875,771,1356.7255859375,82.08024266503355,55.20180804262058,
dcrlme_seed2,dcrlme,2,leg1_weak,top_k,2,15,358,1312.19189453125,771,1356.7255859375,82.08024266503355,55.20180804262058,
dcrlme_seed2,dcrlme,2,leg1_weak,top_k,2,16,120,1246.840087890625,771,1356.7255859375,82.08024266503355,55.20180804262058,
dcrlme_seed2,dcrlme,2,leg1_weak,top_k,2,17,427,1164.1759033203125,771,1356.7255859375,82.08024266503355,55.20180804262058,
dcrlme_seed2,dcrlme,2,leg1_weak,top_k,2,18,285,1370.6708984375,771,1356.7255859375,82.08024266503355,55.20180804262058,
dcrlme_seed2,dcrlme,2,leg1_weak,top_k,2,19,553,1295.09619140625,771,1356.7255859375,82.08024266503355,55.20180804262058,
dcrlme_seed2,dcrlme,2,leg1_weak,top_k,2,20,311,1322.09423828125,771,1356.7255859375,82.08024266503355,55.20180804262058,
dcrlme_seed2,dcrlme,2,leg1_weak,top_k,3,1,771,1412.3846435546875,771,1356.7255859375,82.08024266503355,55.20180804262058,
dcrlme_seed2,dcrlme,2,leg1_weak,top_k,3,2,905,1276.705078125,771,1356.7255859375,82.08024266503355,55.20180804262058,
dcrlme_seed2,dcrlme,2,leg1_weak,top_k,3,3,906,1258.3604736328125,771,1356.7255859375,82.08024266503355,55.20180804262058,
dcrlme_seed2,dcrlme,2,leg1_weak,top_k,3,4,32,1204.5172119140625,771,1356.7255859375,82.08024266503355,55.20180804262058,
dcrlme_seed2,dcrlme,2,leg1_weak,top_k,3,5,258,1411.14404296875,771,1356.7255859375,82.08024266503355,55.20180804262058,
dcrlme_seed2,dcrlme,2,leg1_weak,top_k,3,6,94,1231.1915283203125,771,1356.7255859375,82.08024266503355,55.20180804262058,
dcrlme_seed2,dcrlme,2,leg1_weak,top_k,3,7,437,1261.109619140625,771,1356.7255859375,82.08024266503355,55.20180804262058,
dcrlme_seed2,dcrlme,2,leg1_weak,top_k,3,8,790,1165.6744384765625,771,1356.7255859375,82.08024266503355,55.20180804262058,
dcrlme_seed2,dcrlme,2,leg1_weak,top_k,3,9,161,1322.281494140625,771,1356.7255859375,82.08024266503355,55.20180804262058,
dcrlme_seed2,dcrlme,2,leg1_weak,top_k,3,10,661,1210.2210693359375,771,1356.7255859375,82.08024266503355,55.20180804262058,
dcrlme_seed2,dcrlme,2,leg1_weak,top_k,3,11,478,1245.64404296875,771,1356.7255859375,82.08024266503355,55.20180804262058,
dcrlme_seed2,dcrlme,2,leg1_weak,top_k,3,12,575,1182.0751953125,771,1356.7255859375,82.08024266503355,55.20180804262058,
dcrlme_seed2,dcrlme,2,leg1_weak,top_k,3,13,674,1096.0689697265625,771,1356.7255859375,82.08024266503355,55.20180804262058,
dcrlme_seed2,dcrlme,2,leg1_weak,top_k,3,14,323,1147.551025390625,771,1356.7255859375,82.08024266503355,55.20180804262058,
dcrlme_seed2,dcrlme,2,leg1_weak,top_k,3,15,358,1324.470703125,771,1356.7255859375,82.08024266503355,55.20180804262058,
dcrlme_seed2,dcrlme,2,leg1_weak,top_k,3,16,120,1238.361572265625,771,1356.7255859375,82.08024266503355,55.20180804262058,
dcrlme_seed2,dcrlme,2,leg1_weak,top_k,3,17,427,1186.8026123046875,771,1356.7255859375,82.08024266503355,55.20180804262058,
dcrlme_seed2,dcrlme,2,leg1_weak,top_k,3,18,285,1369.9163818359375,771,1356.7255859375,82.08024266503355,55.20180804262058,
dcrlme_seed2,dcrlme,2,leg1_weak,top_k,3,19,553,1325.0443115234375,771,1356.7255859375,82.08024266503355,55.20180804262058,
dcrlme_seed2,dcrlme,2,leg1_weak,top_k,3,20,311,1380.7149658203125,771,1356.7255859375,82.08024266503355,55.20180804262058,
dcrlme_seed2,dcrlme,2,leg1_weak,top_k,4,1,771,1360.967041015625,771,1356.7255859375,82.08024266503355,55.20180804262058,
dcrlme_seed2,dcrlme,2,leg1_weak,top_k,4,2,905,1300.839111328125,771,1356.7255859375,82.08024266503355,55.20180804262058,
dcrlme_seed2,dcrlme,2,leg1_weak,top_k,4,3,906,1315.6265869140625,771,1356.7255859375,82.08024266503355,55.20180804262058,
dcrlme_seed2,dcrlme,2,leg1_weak,top_k,4,4,32,1189.220458984375,771,1356.7255859375,82.08024266503355,55.20180804262058,
dcrlme_seed2,dcrlme,2,leg1_weak,top_k,4,5,258,1410.46875,258,1421.79052734375,99.99999999999999,67.25346593807856,
dcrlme_seed2,dcrlme,2,leg1_weak,top_k,4,6,94,1229.3568115234375,258,1421.79052734375,99.99999999999999,67.25346593807856,
dcrlme_seed2,dcrlme,2,leg1_weak,top_k,4,7,437,1266.85986328125,258,1421.79052734375,99.99999999999999,67.25346593807856,
dcrlme_seed2,dcrlme,2,leg1_weak,top_k,4,8,790,1172.37158203125,258,1421.79052734375,99.99999999999999,67.25346593807856,
dcrlme_seed2,dcrlme,2,leg1_weak,top_k,4,9,161,1325.6044921875,258,1421.79052734375,99.99999999999999,67.25346593807856,
dcrlme_seed2,dcrlme,2,leg1_weak,top_k,4,10,661,1239.2802734375,258,1421.79052734375,99.99999999999999,67.25346593807856,
dcrlme_seed2,dcrlme,2,leg1_weak,top_k,4,11,478,1270.638427734375,258,1421.79052734375,99.99999999999999,67.25346593807856,
dcrlme_seed2,dcrlme,2,leg1_weak,top_k,4,12,575,1161.45263671875,258,1421.79052734375,99.99999999999999,67.25346593807856,
dcrlme_seed2,dcrlme,2,leg1_weak,top_k,4,13,674,1078.84814453125,258,1421.79052734375,99.99999999999999,67.25346593807856,
dcrlme_seed2,dcrlme,2,leg1_weak,top_k,4,14,323,1164.6767578125,258,1421.79052734375,99.99999999999999,67.25346593807856,
dcrlme_seed2,dcrlme,2,leg1_weak,top_k,4,15,358,1318.556884765625,258,1421.79052734375,99.99999999999999,67.25346593807856,
dcrlme_seed2,dcrlme,2,leg1_weak,top_k,4,16,120,1244.624755859375,258,1421.79052734375,99.99999999999999,67.25346593807856,
dcrlme_seed2,dcrlme,2,leg1_weak,top_k,4,17,427,1166.190673828125,258,1421.79052734375,99.99999999999999,67.25346593807856,
dcrlme_seed2,dcrlme,2,leg1_weak,top_k,4,18,285,1388.45947265625,258,1421.79052734375,99.99999999999999,67.25346593807856,
dcrlme_seed2,dcrlme,2,leg1_weak,top_k,4,19,553,1304.142822265625,258,1421.79052734375,99.99999999999999,67.25346593807856,
dcrlme_seed2,dcrlme,2,leg1_weak,top_k,4,20,311,1340.451171875,258,1421.79052734375,99.99999999999999,67.25346593807856,
dcrlme_seed2,dcrlme,2,leg2_weak,ite,0,1,771,1260.6162109375,771,1236.85302734375,52.641614758340424,32.99840578017963,7
dcrlme_seed2,dcrlme,2,leg2_weak,ite,0,2,311,1109.6236572265625,771,1236.85302734375,52.641614758340424,32.99840578017963,7
dcrlme_seed2,dcrlme,2,leg2_weak,ite,0,3,258,1241.28955078125,771,1236.85302734375,52.641614758340424,32.99840578017963,7
dcrlme_seed2,dcrlme,2,leg2_weak,ite,0,4,305,1231.783203125,771,1236.85302734375,52.641614758340424,32.99840578017963,7
dcrlme_seed2,dcrlme,2,leg2_weak,ite,0,5,872,1244.935791015625,771,1236.85302734375,52.641614758340424,32.99840578017963,7
dcrlme_seed2,dcrlme,2,leg2_weak,ite,0,6,133,1091.7117919921875,771,1236.85302734375,52.641614758340424,32.99840578017963,7
dcrlme_seed2,dcrlme,2,leg2_weak,ite,0,7,258,1262.109130859375,258,1269.4127197265625,62.26252779373274,39.02927686525392,7
dcrlme_seed2,dcrlme,2,leg2_weak,ite,0,8,258,1272.2960205078125,258,1269.4127197265625,62.26252779373274,39.02927686525392,7
dcrlme_seed2,dcrlme,2,leg2_weak,ite,0,9,258,1259.660400390625,258,1269.4127197265625,62.26252779373274,39.02927686525392,7
dcrlme_seed2,dcrlme,2,leg2_weak,ite,0,10,258,1254.119384765625,258,1269.4127197265625,62.26252779373274,39.02927686525392,7
dcrlme_seed2,dcrlme,2,leg2_weak,ite,0,11,905,1275.7529296875,905,1262.894775390625,60.33657054302219,37.821990212555704,7
dcrlme_seed2,dcrlme,2,leg2_weak,ite,0,12,905,1220.372314453125,905,1262.894775390625,60.33657054302219,37.821990212555704,7
dcrlme_seed2,dcrlme,2,leg2_weak,ite,0,13,258,1284.0198974609375,258,1269.4127197265625,62.26252779373274,39.02927686525392,7
dcrlme_seed2,dcrlme,2,leg2_weak,ite,0,14,258,1207.443603515625,258,1269.4127197265625,62.26252779373274,39.02927686525392,7
dcrlme_seed2,dcrlme,2,leg2_weak,ite,0,15,258,1271.532958984375,258,1269.4127197265625,62.26252779373274,39.02927686525392,7
dcrlme_seed2,dcrlme,2,leg2_weak,ite,0,16,258,1272.96533203125,258,1269.4127197265625,62.26252779373274,39.02927686525392,7
dcrlme_seed2,dcrlme,2,leg2_weak,ite,0,17,258,1270.286376953125,258,1269.4127197265625,62.26252779373274,39.02927686525392,7
dcrlme_seed2,dcrlme,2,leg2_weak,ite,0,18,258,1251.0076904296875,258,1269.4127197265625,62.26252779373274,39.02927686525392,7
dcrlme_seed2,dcrlme,2,leg2_weak,ite,0,19,258,1264.7821044921875,258,1269.4127197265625,62.26252779373274,39.02927686525392,7
dcrlme_seed2,dcrlme,2,leg2_weak,ite,0,20,258,1265.651123046875,258,1269.4127197265625,62.26252779373274,39.02927686525392,7
dcrlme_seed2,dcrlme,2,leg2_weak,ite,1,1,771,1225.775146484375,771,1236.85302734375,52.641614758340424,32.99840578017963,7
dcrlme_seed2,dcrlme,2,leg2_weak,ite,1,2,311,1098.85595703125,771,1236.85302734375,52.641614758340424,32.99840578017963,7
dcrlme_seed2,dcrlme,2,leg2_weak,ite,1,3,258,1249.150390625,258,1269.4127197265625,62.26252779373274,39.02927686525392,7
dcrlme_seed2,dcrlme,2,leg2_weak,ite,1,4,305,1250.466552734375,305,1235.2802734375,52.17688897468737,32.70709233822132,7
dcrlme_seed2,dcrlme,2,leg2_weak,ite,1,5,872,1114.04296875,305,1235.2802734375,52.17688897468737,32.70709233822132,7
dcrlme_seed2,dcrlme,2,leg2_weak,ite,1,6,133,1091.6400146484375,305,1235.2802734375,52.17688897468737,32.70709233822132,7
dcrlme_seed2,dcrlme,2,leg2_weak,ite,1,7,258,1277.0484619140625,258,1269.4127197265625,62.26252779373274,39.02927686525392,7
dcrlme_seed2,dcrlme,2,leg2_weak,ite,1,8,258,1291.953369140625,258,1269.4127197265625,62.26252779373274,39.02927686525392,7
dcrlme_seed2,dcrlme,2,leg2_weak,ite,1,9,258,1274.881591796875,258,1269.4127197265625,62.26252779373274,39.02927686525392,7
dcrlme_seed2,dcrlme,2,leg2_weak,ite,1,10,258,1258.2640380859375,258,1269.4127197265625,62.26252779373274,39.02927686525392,7
dcrlme_seed2,dcrlme,2,leg2_weak,ite,1,11,258,1252.234375,258,1269.4127197265625,62.26252779373274,39.02927686525392,7
dcrlme_seed2,dcrlme,2,leg2_weak,ite,1,12,258,1230.9403076171875,258,1269.4127197265625,62.26252779373274,39.02927686525392,7
dcrlme_seed2,dcrlme,2,leg2_weak,ite,1,13,258,1295.01611328125,258,1269.4127197265625,62.26252779373274,39.02927686525392,7
dcrlme_seed2,dcrlme,2,leg2_weak,ite,1,14,258,1244.78271484375,258,1269.4127197265625,62.26252779373274,39.02927686525392,7
dcrlme_seed2,dcrlme,2,leg2_weak,ite,1,15,258,1278.17919921875,258,1269.4127197265625,62.26252779373274,39.02927686525392,7
dcrlme_seed2,dcrlme,2,leg2_weak,ite,1,16,258,1260.614013671875,258,1269.4127197265625,62.26252779373274,39.02927686525392,7
dcrlme_seed2,dcrlme,2,leg2_weak,ite,1,17,258,1264.85302734375,258,1269.4127197265625,62.26252779373274,39.02927686525392,7
dcrlme_seed2,dcrlme,2,leg2_weak,ite,1,18,258,1241.5347900390625,258,1269.4127197265625,62.26252779373274,39.02927686525392,7
dcrlme_seed2,dcrlme,2,leg2_weak,ite,1,19,258,1278.403564453125,258,1269.4127197265625,62.26252779373274,39.02927686525392,7
dcrlme_seed2,dcrlme,2,leg2_weak,ite,1,20,258,1260.6680908203125,258,1269.4127197265625,62.26252779373274,39.02927686525392,7
dcrlme_seed2,dcrlme,2,leg2_weak,ite,2,1,771,1279.831298828125,771,1236.85302734375,52.641614758340424,32.99840578017963,6
dcrlme_seed2,dcrlme,2,leg2_weak,ite,2,2,311,1093.3731689453125,771,1236.85302734375,52.641614758340424,32.99840578017963,6
dcrlme_seed2,dcrlme,2,leg2_weak,ite,2,3,258,1274.4854736328125,771,1236.85302734375,52.641614758340424,32.99840578017963,6
dcrlme_seed2,dcrlme,2,leg2_weak,ite,2,4,305,1217.004150390625,771,1236.85302734375,52.641614758340424,32.99840578017963,6
dcrlme_seed2,dcrlme,2,leg2_weak,ite,2,5,258,1267.867431640625,771,1236.85302734375,52.641614758340424,32.99840578017963,6
dcrlme_seed2,dcrlme,2,leg2_weak,ite,2,6,872,1126.1446533203125,771,1236.85302734375,52.641614758340424,32.99840578017963,6
dcrlme_seed2,dcrlme,2,leg2_weak,ite,2,7,456,1103.49365234375,771,1236.85302734375,52.641614758340424,32.99840578017963,6
dcrlme_seed2,dcrlme,2,leg2_weak,ite,2,8,258,1262.2080078125,771,1236.85302734375,52.641614758340424,32.99840578017963,6
dcrlme_seed2,dcrlme,2,leg2_weak,ite,2,9,258,1280.256103515625,258,1269.4127197265625,62.26252779373274,39.02927686525392,6
dcrlme_seed2,dcrlme,2,leg2_weak,ite,2,10,258,1278.8701171875,258,1269.4127197265625,62.26252779373274,39.02927686525392,6
dcrlme_seed2,dcrlme,2,leg2_weak,ite,2,11,258,1301.853271484375,258,1269.4127197265625,62.26252779373274,39.02927686525392,6
dcrlme_seed2,dcrlme,2,leg2_weak,ite,2,12,258,1239.544921875,258,1269.4127197265625,62.26252779373274,39.02927686525392,6
dcrlme_seed2,dcrlme,2,leg2_weak,ite,2,13,258,1247.29345703125,258,1269.4127197265625,62.26252779373274,39.02927686525392,6
dcrlme_seed2,dcrlme,2,leg2_weak,ite,2,14,258,1295.616943359375,258,1269.4127197265625,62.26252779373274,39.02927686525392,6
dcrlme_seed2,dcrlme,2,leg2_weak,ite,2,15,258,1270.960693359375,258,1269.4127197265625,62.26252779373274,39.02927686525392,6
dcrlme_seed2,dcrlme,2,leg2_weak,ite,2,16,258,1264.857421875,258,1269.4127197265625,62.26252779373274,39.02927686525392,6
dcrlme_seed2,dcrlme,2,leg2_weak,ite,2,17,258,1246.97607421875,258,1269.4127197265625,62.26252779373274,39.02927686525392,6
dcrlme_seed2,dcrlme,2,leg2_weak,ite,2,18,258,1264.5816650390625,258,1269.4127197265625,62.26252779373274,39.02927686525392,6
dcrlme_seed2,dcrlme,2,leg2_weak,ite,2,19,258,1244.2821044921875,258,1269.4127197265625,62.26252779373274,39.02927686525392,6
dcrlme_seed2,dcrlme,2,leg2_weak,ite,2,20,258,1272.4278564453125,258,1269.4127197265625,62.26252779373274,39.02927686525392,6
dcrlme_seed2,dcrlme,2,leg2_weak,ite,3,1,771,1282.218994140625,771,1236.85302734375,52.641614758340424,32.99840578017963,6
dcrlme_seed2,dcrlme,2,leg2_weak,ite,3,2,311,1108.6405029296875,771,1236.85302734375,52.641614758340424,32.99840578017963,6
dcrlme_seed2,dcrlme,2,leg2_weak,ite,3,3,258,1285.726806640625,258,1269.4127197265625,62.26252779373274,39.02927686525392,6
dcrlme_seed2,dcrlme,2,leg2_weak,ite,3,4,305,1239.166748046875,258,1269.4127197265625,62.26252779373274,39.02927686525392,6
dcrlme_seed2,dcrlme,2,leg2_weak,ite,3,5,258,1264.6473388671875,258,1269.4127197265625,62.26252779373274,39.02927686525392,6
dcrlme_seed2,dcrlme,2,leg2_weak,ite,3,6,905,1256.813232421875,258,1269.4127197265625,62.26252779373274,39.02927686525392,6
dcrlme_seed2,dcrlme,2,leg2_weak,ite,3,7,258,1271.1795654296875,258,1269.4127197265625,62.26252779373274,39.02927686525392,6
dcrlme_seed2,dcrlme,2,leg2_weak,ite,3,8,872,1205.1845703125,258,1269.4127197265625,62.26252779373274,39.02927686525392,6
dcrlme_seed2,dcrlme,2,leg2_weak,ite,3,9,133,1068.9364013671875,258,1269.4127197265625,62.26252779373274,39.02927686525392,6
dcrlme_seed2,dcrlme,2,leg2_weak,ite,3,10,258,1273.774169921875,258,1269.4127197265625,62.26252779373274,39.02927686525392,6
dcrlme_seed2,dcrlme,2,leg2_weak,ite,3,11,258,1279.4053955078125,258,1269.4127197265625,62.26252779373274,39.02927686525392,6
dcrlme_seed2,dcrlme,2,leg2_weak,ite,3,12,258,1258.123291015625,258,1269.4127197265625,62.26252779373274,39.02927686525392,6
dcrlme_seed2,dcrlme,2,leg2_weak,ite,3,13,258,1271.41748046875,258,1269.4127197265625,62.26252779373274,39.02927686525392,6
dcrlme_seed2,dcrlme,2,leg2_weak,ite,3,14,258,1277.3818359375,258,1269.4127197265625,62.26252779373274,39.02927686525392,6
dcrlme_seed2,dcrlme,2,leg2_weak,ite,3,15,258,1261.5670166015625,258,1269.4127197265625,62.26252779373274,39.02927686525392,6
dcrlme_seed2,dcrlme,2,leg2_weak,ite,3,16,258,1282.273681640625,258,1269.4127197265625,62.26252779373274,39.02927686525392,6
dcrlme_seed2,dcrlme,2,leg2_weak,ite,3,17,258,1255.2750244140625,258,1269.4127197265625,62.26252779373274,39.02927686525392,6
dcrlme_seed2,dcrlme,2,leg2_weak,ite,3,18,258,1278.385498046875,258,1269.4127197265625,62.26252779373274,39.02927686525392,6
dcrlme_seed2,dcrlme,2,leg2_weak,ite,3,19,258,1270.496826171875,258,1269.4127197265625,62.26252779373274,39.02927686525392,6
dcrlme_seed2,dcrlme,2,leg2_weak,ite,3,20,258,1245.39990234375,258,1269.4127197265625,62.26252779373274,39.02927686525392,6
dcrlme_seed2,dcrlme,2,leg2_weak,ite,4,1,771,1268.470947265625,771,1236.85302734375,52.641614758340424,32.99840578017963,5
dcrlme_seed2,dcrlme,2,leg2_weak,ite,4,2,311,1122.5867919921875,771,1236.85302734375,52.641614758340424,32.99840578017963,5
dcrlme_seed2,dcrlme,2,leg2_weak,ite,4,3,258,1246.32275390625,771,1236.85302734375,52.641614758340424,32.99840578017963,5
dcrlme_seed2,dcrlme,2,leg2_weak,ite,4,4,305,1207.4471435546875,771,1236.85302734375,52.641614758340424,32.99840578017963,5
dcrlme_seed2,dcrlme,2,leg2_weak,ite,4,5,872,1185.51318359375,771,1236.85302734375,52.641614758340424,32.99840578017963,5
dcrlme_seed2,dcrlme,2,leg2_weak,ite,4,6,133,1086.5185546875,771,1236.85302734375,52.641614758340424,32.99840578017963,5
dcrlme_seed2,dcrlme,2,leg2_weak,ite,4,7,258,1293.986328125,258,1269.4127197265625,62.26252779373274,39.02927686525392,5
dcrlme_seed2,dcrlme,2,leg2_weak,ite,4,8,258,1257.233642578125,258,1269.4127197265625,62.26252779373274,39.02927686525392,5
dcrlme_seed2,dcrlme,2,leg2_weak,ite,4,9,258,1244.9071044921875,258,1269.4127197265625,62.26252779373274,39.02927686525392,5
dcrlme_seed2,dcrlme,2,leg2_weak,ite,4,10,258,1256.7529296875,258,1269.4127197265625,62.26252779373274,39.02927686525392,5
dcrlme_seed2,dcrlme,2,leg2_weak,ite,4,11,258,1293.601806640625,258,1269.4127197265625,62.26252779373274,39.02927686525392,5
dcrlme_seed2,dcrlme,2,leg2_weak,ite,4,12,258,1273.89453125,258,1269.4127197265625,62.26252779373274,39.02927686525392,5
dcrlme_seed2,dcrlme,2,leg2_weak,ite,4,13,258,1279.49609375,258,1269.4127197265625,62.26252779373274,39.02927686525392,5
dcrlme_seed2,dcrlme,2,leg2_weak,ite,4,14,258,1278.9554443359375,258,1269.4127197265625,62.26252779373274,39.02927686525392,5
dcrlme_seed2,dcrlme,2,leg2_weak,ite,4,15,258,1217.6259765625,258,1269.4127197265625,62.26252779373274,39.02927686525392,5
dcrlme_seed2,dcrlme,2,leg2_weak,ite,4,16,258,1296.0159912109375,258,1269.4127197265625,62.26252779373274,39.02927686525392,5
dcrlme_seed2,dcrlme,2,leg2_weak,ite,4,17,258,1271.571044921875,258,1269.4127197265625,62.26252779373274,39.02927686525392,5
dcrlme_seed2,dcrlme,2,leg2_weak,ite,4,18,258,1279.0948486328125,258,1269.4127197265625,62.26252779373274,39.02927686525392,5
dcrlme_seed2,dcrlme,2,leg2_weak,ite,4,19,258,1267.05029296875,258,1269.4127197265625,62.26252779373274,39.02927686525392,5
dcrlme_seed2,dcrlme,2,leg2_weak,ite,4,20,258,1255.064208984375,258,1269.4127197265625,62.26252779373274,39.02927686525392,5
dcrlme_seed2,dcrlme,2,leg2_weak,top_k,0,1,771,1269.22216796875,771,1236.85302734375,52.641614758340424,32.99840578017963,
dcrlme_seed2,dcrlme,2,leg2_weak,top_k,0,2,905,1278.35791015625,905,1262.894775390625,60.33657054302219,37.821990212555704,
dcrlme_seed2,dcrlme,2,leg2_weak,top_k,0,3,906,1228.520263671875,905,1262.894775390625,60.33657054302219,37.821990212555704,
dcrlme_seed2,dcrlme,2,leg2_weak,top_k,0,4,32,1237.63818359375,905,1262.894775390625,60.33657054302219,37.821990212555704,
dcrlme_seed2,dcrlme,2,leg2_weak,top_k,0,5,258,1279.338134765625,258,1269.4127197265625,62.26252779373274,39.02927686525392,
dcrlme_seed2,dcrlme,2,leg2_weak,top_k,0,6,94,1354.02099609375,94,1317.0599365234375,76.34158369486286,47.854735616093556,
dcrlme_seed2,dcrlme,2,leg2_weak,top_k,0,7,437,1225.127197265625,94,1317.0599365234375,76.34158369486286,47.854735616093556,
dcrlme_seed2,dcrlme,2,leg2_weak,top_k,0,8,790,1330.3585205078125,94,1317.0599365234375,76.34158369486286,47.854735616093556,
dcrlme_seed2,dcrlme,2,leg2_weak,top_k,0,9,161,1220.8983154296875,94,1317.0599365234375,76.34158369486286,47.854735616093556,
dcrlme_seed2,dcrlme,2,leg2_weak,top_k,0,10,661,1286.2738037109375,94,1317.0599365234375,76.34158369486286,47.854735616093556,
dcrlme_seed2,dcrlme,2,leg2_weak,top_k,0,11,478,1279.109130859375,94,1317.0599365234375,76.34158369486286,47.854735616093556,
dcrlme_seed2,dcrlme,2,leg2_weak,top_k,0,12,575,1304.5755615234375,94,1317.0599365234375,76.34158369486286,47.854735616093556,
dcrlme_seed2,dcrlme,2,leg2_weak,top_k,0,13,674,1094.547119140625,94,1317.0599365234375,76.34158369486286,47.854735616093556,
dcrlme_seed2,dcrlme,2,leg2_weak,top_k,0,14,323,1180.547607421875,94,1317.0599365234375,76.34158369486286,47.854735616093556,
dcrlme_seed2,dcrlme,2,leg2_weak,top_k,0,15,358,1241.7376708984375,94,1317.0599365234375,76.34158369486286,47.854735616093556,
dcrlme_seed2,dcrlme,2,leg2_weak,top_k,0,16,120,1297.301025390625,94,1317.0599365234375,76.34158369486286,47.854735616093556,
dcrlme_seed2,dcrlme,2,leg2_weak,top_k,0,17,427,1204.822509765625,94,1317.0599365234375,76.34158369486286,47.854735616093556,
dcrlme_seed2,dcrlme,2,leg2_weak,top_k,0,18,285,1160.5999755859375,94,1317.0599365234375,76.34158369486286,47.854735616093556,
dcrlme_seed2,dcrlme,2,leg2_weak,top_k,0,19,553,1289.046142578125,94,1317.0599365234375,76.34158369486286,47.854735616093556,
dcrlme_seed2,dcrlme,2,leg2_weak,top_k,0,20,311,1093.52490234375,94,1317.0599365234375,76.34158369486286,47.854735616093556,
dcrlme_seed2,dcrlme,2,leg2_weak,top_k,1,1,771,1292.42333984375,771,1236.85302734375,52.641614758340424,32.99840578017963,
dcrlme_seed2,dcrlme,2,leg2_weak,top_k,1,2,905,1294.3701171875,905,1262.894775390625,60.33657054302219,37.821990212555704,
dcrlme_seed2,dcrlme,2,leg2_weak,top_k,1,3,906,1231.38427734375,905,1262.894775390625,60.33657054302219,37.821990212555704,
dcrlme_seed2,dcrlme,2,leg2_weak,top_k,1,4,32,1249.48095703125,905,1262.894775390625,60.33657054302219,37.821990212555704,
dcrlme_seed2,dcrlme,2,leg2_weak,top_k,1,5,258,1264.856689453125,905,1262.894775390625,60.33657054302219,37.821990212555704,
dcrlme_seed2,dcrlme,2,leg2_weak,top_k,1,6,94,1369.2474365234375,94,1317.0599365234375,76.34158369486286,47.854735616093556,
dcrlme_seed2,dcrlme,2,leg2_weak,top_k,1,7,437,1229.6009521484375,94,1317.0599365234375,76.34158369486286,47.854735616093556,
dcrlme_seed2,dcrlme,2,leg2_weak,top_k,1,8,790,1263.927001953125,94,1317.0599365234375,76.34158369486286,47.854735616093556,
dcrlme_seed2,dcrlme,2,leg2_weak,top_k,1,9,161,1238.6883544921875,94,1317.0599365234375,76.34158369486286,47.854735616093556,
dcrlme_seed2,dcrlme,2,leg2_weak,top_k,1,10,661,1286.5780029296875,94,1317.0599365234375,76.34158369486286,47.854735616093556,
dcrlme_seed2,dcrlme,2,leg2_weak,top_k,1,11,478,1251.193115234375,94,1317.0599365234375,76.34158369486286,47.854735616093556,
dcrlme_seed2,dcrlme,2,leg2_weak,top_k,1,12,575,1327.3258056640625,94,1317.0599365234375,76.34158369486286,47.854735616093556,
dcrlme_seed2,dcrlme,2,leg2_weak,top_k,1,13,674,1091.21142578125,94,1317.0599365234375,76.34158369486286,47.854735616093556,
dcrlme_seed2,dcrlme,2,leg2_weak,top_k,1,14,323,1185.2659912109375,94,1317.0599365234375,76.34158369486286,47.854735616093556,
dcrlme_seed2,dcrlme,2,leg2_weak,top_k,1,15,358,1239.94384765625,94,1317.0599365234375,76.34158369486286,47.854735616093556,
dcrlme_seed2,dcrlme,2,leg2_weak,top_k,1,16,120,1274.2225341796875,94,1317.0599365234375,76.34158369486286,47.854735616093556,
dcrlme_seed2,dcrlme,2,leg2_weak,top_k,1,17,427,1198.067626953125,94,1317.0599365234375,76.34158369486286,47.854735616093556,
dcrlme_seed2,dcrlme,2,leg2_weak,top_k,1,18,285,1094.906982421875,94,1317.0599365234375,76.34158369486286,47.854735616093556,
dcrlme_seed2,dcrlme,2,leg2_weak,top_k,1,19,553,1257.610107421875,94,1317.0599365234375,76.34158369486286,47.854735616093556,
dcrlme_seed2,dcrlme,2,leg2_weak,top_k,1,20,311,1119.470458984375,94,1317.0599365234375,76.34158369486286,47.854735616093556,
dcrlme_seed2,dcrlme,2,leg2_weak,top_k,2,1,771,1217.26171875,771,1236.85302734375,52.641614758340424,32.99840578017963,
dcrlme_seed2,dcrlme,2,leg2_weak,top_k,2,2,905,1262.8427734375,905,1262.894775390625,60.33657054302219,37.821990212555704,
dcrlme_seed2,dcrlme,2,leg2_weak,top_k,2,3,906,1218.24169921875,905,1262.894775390625,60.33657054302219,37.821990212555704,
dcrlme_seed2,dcrlme,2,leg2_weak,top_k,2,4,32,1239.1876220703125,905,1262.894775390625,60.33657054302219,37.821990212555704,
dcrlme_seed2,dcrlme,2,leg2_weak,top_k,2,5,258,1269.822509765625,258,1269.4127197265625,62.26252779373274,39.02927686525392,
dcrlme_seed2,dcrlme,2,leg2_weak,top_k,2,6,94,1349.75537109375,94,1317.0599365234375,76.34158369486286,47.854735616093556,
dcrlme_seed2,dcrlme,2,leg2_weak,top_k,2,7,437,1251.13916015625,94,1317.0599365234375,76.34158369486286,47.854735616093556,
dcrlme_seed2,dcrlme,2,leg2_weak,top_k,2,8,790,1295.792236328125,94,1317.0599365234375,76.34158369486286,47.854735616093556,
dcrlme_seed2,dcrlme,2,leg2_weak,top_k,2,9,161,1222.444580078125,94,1317.0599365234375,76.34158369486286,47.854735616093556,
dcrlme_seed2,dcrlme,2,leg2_weak,top_k,2,10,661,1280.353759765625,94,1317.0599365234375,76.34158369486286,47.854735616093556,
dcrlme_seed2,dcrlme,2,leg2_weak,top_k,2,11,478,1299.068603515625,94,1317.0599365234375,76.34158369486286,47.854735616093556,
dcrlme_seed2,dcrlme,2,leg2_weak,top_k,2,12,575,1307.222412109375,94,1317.0599365234375,76.34158369486286,47.854735616093556,
dcrlme_seed2,dcrlme,2,leg2_weak,top_k,2,13,674,1093.206298828125,94,1317.0599365234375,76.34158369486286,47.854735616093556,
dcrlme_seed2,dcrlme,2,leg2_weak,top_k,2,14,323,1153.904541015625,94,1317.0599365234375,76.34158369486286,47.854735616093556,
dcrlme_seed2,dcrlme,2,leg2_weak,top_k,2,15,358,1236.611083984375,94,1317.0599365234375,76.34158369486286,47.854735616093556,
dcrlme_seed2,dcrlme,2,leg2_weak,top_k,2,16,120,1299.171875,94,1317.0599365234375,76.34158369486286,47.854735616093556,
dcrlme_seed2,dcrlme,2,leg2_weak,top_k,2,17,427,1226.173095703125,94,1317.0599365234375,76.34158369486286,47.854735616093556,
dcrlme_seed2,dcrlme,2,leg2_weak,top_k,2,18,285,1178.71728515625,94,1317.0599365234375,76.34158369486286,47.854735616093556,
dcrlme_seed2,dcrlme,2,leg2_weak,top_k,2,19,553,1257.56884765625,94,1317.0599365234375,76.34158369486286,47.854735616093556,
dcrlme_seed2,dcrlme,2,leg2_weak,top_k,2,20,311,1100.413330078125,94,1317.0599365234375,76.34158369486286,47.854735616093556,
dcrlme_seed2,dcrlme,2,leg2_weak,top_k,3,1,771,1270.3028564453125,771,1236.85302734375,52.641614758340424,32.99840578017963,
dcrlme_seed2,dcrlme,2,leg2_weak,top_k,3,2,905,1316.133056640625,905,1262.894775390625,60.33657054302219,37.821990212555704,
dcrlme_seed2,dcrlme,2,leg2_weak,top_k,3,3,906,1205.4208984375,905,1262.894775390625,60.33657054302219,37.821990212555704,
dcrlme_seed2,dcrlme,2,leg2_weak,top_k,3,4,32,1233.993896484375,905,1262.894775390625,60.33657054302219,37.821990212555704,
dcrlme_seed2,dcrlme,2,leg2_weak,top_k,3,5,258,1253.4091796875,905,1262.894775390625,60.33657054302219,37.821990212555704,
dcrlme_seed2,dcrlme,2,leg2_weak,top_k,3,6,94,1327.719482421875,94,1317.0599365234375,76.34158369486286,47.854735616093556,
dcrlme_seed2,dcrlme,2,leg2_weak,top_k,3,7,437,1228.232421875,94,1317.0599365234375,76.34158369486286,47.854735616093556,
dcrlme_seed2,dcrlme,2,leg2_weak,top_k,3,8,790,1299.6533203125,94,1317.0599365234375,76.34158369486286,47.854735616093556,
dcrlme_seed2,dcrlme,2,leg2_weak,top_k,3,9,161,1213.94189453125,94,1317.0599365234375,76.34158369486286,47.854735616093556,
dcrlme_seed2,dcrlme,2,leg2_weak,top_k,3,10,661,1292.423095703125,94,1317.0599365234375,76.34158369486286,47.854735616093556,
dcrlme_seed2,dcrlme,2,leg2_weak,top_k,3,11,478,1250.6746826171875,94,1317.0599365234375,76.34158369486286,47.854735616093556,
dcrlme_seed2,dcrlme,2,leg2_weak,top_k,3,12,575,1334.8148193359375,575,1326.478271484375,79.1245639678954,49.599247306119416,
dcrlme_seed2,dcrlme,2,leg2_weak,top_k,3,13,674,1106.049072265625,575,1326.478271484375,79.1245639678954,49.599247306119416,
dcrlme_seed2,dcrlme,2,leg2_weak,top_k,3,14,323,1184.8837890625,575,1326.478271484375,79.1245639678954,49.599247306119416,
dcrlme_seed2,dcrlme,2,leg2_weak,top_k,3,15,358,1244.40625,575,1326.478271484375,79.1245639678954,49.599247306119416,
dcrlme_seed2,dcrlme,2,leg2_weak,top_k,3,16,120,1284.309326171875,575,1326.478271484375,79.1245639678954,49.599247306119416,
dcrlme_seed2,dcrlme,2,leg2_weak,top_k,3,17,427,1250.28515625,575,1326.478271484375,79.1245639678954,49.599247306119416,
dcrlme_seed2,dcrlme,2,leg2_weak,top_k,3,18,285,1108.8524169921875,575,1326.478271484375,79.1245639678954,49.599247306119416,
dcrlme_seed2,dcrlme,2,leg2_weak,top_k,3,19,553,1245.2598876953125,575,1326.478271484375,79.1245639678954,49.599247306119416,
dcrlme_seed2,dcrlme,2,leg2_weak,top_k,3,20,311,1093.4898681640625,575,1326.478271484375,79.1245639678954,49.599247306119416,
dcrlme_seed2,dcrlme,2,leg2_weak,top_k,4,1,771,1265.831787109375,771,1236.85302734375,52.641614758340424,32.99840578017963,
dcrlme_seed2,dcrlme,2,leg2_weak,top_k,4,2,905,1284.577880859375,905,1262.894775390625,60.33657054302219,37.821990212555704,
dcrlme_seed2,dcrlme,2,leg2_weak,top_k,4,3,906,1216.094482421875,905,1262.894775390625,60.33657054302219,37.821990212555704,
dcrlme_seed2,dcrlme,2,leg2_weak,top_k,4,4,32,1243.994140625,905,1262.894775390625,60.33657054302219,37.821990212555704,
dcrlme_seed2,dcrlme,2,leg2_weak,top_k,4,5,258,1262.447265625,905,1262.894775390625,60.33657054302219,37.821990212555704,
dcrlme_seed2,dcrlme,2,leg2_weak,top_k,4,6,94,1376.7628173828125,94,1317.0599365234375,76.34158369486286,47.854735616093556,
dcrlme_seed2,dcrlme,2,leg2_weak,top_k,4,7,437,1221.798828125,94,1317.0599365234375,76.34158369486286,47.854735616093556,
dcrlme_seed2,dcrlme,2,leg2_weak,top_k,4,8,790,1259.808349609375,94,1317.0599365234375,76.34158369486286,47.854735616093556,
dcrlme_seed2,dcrlme,2,leg2_weak,top_k,4,9,161,1187.89794921875,94,1317.0599365234375,76.34158369486286,47.854735616093556,
dcrlme_seed2,dcrlme,2,leg2_weak,top_k,4,10,661,1263.63037109375,94,1317.0599365234375,76.34158369486286,47.854735616093556,
dcrlme_seed2,dcrlme,2,leg2_weak,top_k,4,11,478,1267.1046142578125,94,1317.0599365234375,76.34158369486286,47.854735616093556,
dcrlme_seed2,dcrlme,2,leg2_weak,top_k,4,12,575,1329.52197265625,94,1317.0599365234375,76.34158369486286,47.854735616093556,
dcrlme_seed2,dcrlme,2,leg2_weak,top_k,4,13,674,1092.72216796875,94,1317.0599365234375,76.34158369486286,47.854735616093556,
dcrlme_seed2,dcrlme,2,leg2_weak,top_k,4,14,323,1245.47021484375,94,1317.0599365234375,76.34158369486286,47.854735616093556,
dcrlme_seed2,dcrlme,2,leg2_weak,top_k,4,15,358,1243.1844482421875,94,1317.0599365234375,76.34158369486286,47.854735616093556,
dcrlme_seed2,dcrlme,2,leg2_weak,top_k,4,16,120,1296.0413818359375,94,1317.0599365234375,76.34158369486286,47.854735616093556,
dcrlme_seed2,dcrlme,2,leg2_weak,top_k,4,17,427,1197.4573974609375,94,1317.0599365234375,76.34158369486286,47.854735616093556,
dcrlme_seed2,dcrlme,2,leg2_weak,top_k,4,18,285,1172.4124755859375,94,1317.0599365234375,76.34158369486286,47.854735616093556,
dcrlme_seed2,dcrlme,2,leg2_weak,top_k,4,19,553,1284.9013671875,94,1317.0599365234375,76.34158369486286,47.854735616093556,
dcrlme_seed2,dcrlme,2,leg2_weak,top_k,4,20,311,1111.1903076171875,94,1317.0599365234375,76.34158369486286,47.854735616093556,
dcrlme_seed2,dcrlme,2,leg3_weak,ite,0,1,771,1181.978759765625,771,1254.4403076171875,41.86171883019557,36.25601088341954,2
dcrlme_seed2,dcrlme,2,leg3_weak,ite,0,2,311,1351.06298828125,311,1368.224365234375,66.19598235166166,57.331670166618444,2
dcrlme_seed2,dcrlme,2,leg3_weak,ite,0,3,311,1293.82958984375,311,1368.224365234375,66.19598235166166,57.331670166618444,2
dcrlme_seed2,dcrlme,2,leg3_weak,ite,0,4,258,1438.9454345703125,258,1440.497802734375,81.65263691784182,70.71852220787913,2
dcrlme_seed2,dcrlme,2,leg3_weak,ite,0,5,258,1449.433349609375,258,1440.497802734375,81.65263691784182,70.71852220787913,2
dcrlme_seed2,dcrlme,2,leg3_weak,ite,0,6,258,1447.90771484375,258,1440.497802734375,81.65263691784182,70.71852220787913,2
dcrlme_seed2,dcrlme,2,leg3_weak,ite,0,7,258,1443.548828125,258,1440.497802734375,81.65263691784182,70.71852220787913,2
dcrlme_seed2,dcrlme,2,leg3_weak,ite,0,8,258,1436.823974609375,258,1440.497802734375,81.65263691784182,70.71852220787913,2
dcrlme_seed2,dcrlme,2,leg3_weak,ite,0,9,258,1436.94580078125,258,1440.497802734375,81.65263691784182,70.71852220787913,2
dcrlme_seed2,dcrlme,2,leg3_weak,ite,0,10,258,1451.40087890625,258,1440.497802734375,81.65263691784182,70.71852220787913,2
dcrlme_seed2,dcrlme,2,leg3_weak,ite,0,11,258,1426.998046875,258,1440.497802734375,81.65263691784182,70.71852220787913,2
dcrlme_seed2,dcrlme,2,leg3_weak,ite,0,12,258,1441.824462890625,258,1440.497802734375,81.65263691784182,70.71852220787913,2
dcrlme_seed2,dcrlme,2,leg3_weak,ite,0,13,258,1428.48779296875,258,1440.497802734375,81.65263691784182,70.71852220787913,2
dcrlme_seed2,dcrlme,2,leg3_weak,ite,0,14,258,1429.7071533203125,258,1440.497802734375,81.65263691784182,70.71852220787913,2
dcrlme_seed2,dcrlme,2,leg3_weak,ite,0,15,258,1448.444091796875,258,1440.497802734375,81.65263691784182,70.71852220787913,2
dcrlme_seed2,dcrlme,2,leg3_weak,ite,0,16,258,1442.080810546875,258,1440.497802734375,81.65263691784182,70.71852220787913,2
dcrlme_seed2,dcrlme,2,leg3_weak,ite,0,17,258,1459.269287109375,258,1440.497802734375,81.65263691784182,70.71852220787913,2
dcrlme_seed2,dcrlme,2,leg3_weak,ite,0,18,258,1419.18798828125,258,1440.497802734375,81.65263691784182,70.71852220787913,2
dcrlme_seed2,dcrlme,2,leg3_weak,ite,0,19,258,1449.654541015625,258,1440.497802734375,81.65263691784182,70.71852220787913,2
dcrlme_seed2,dcrlme,2,leg3_weak,ite,0,20,258,1437.73095703125,258,1440.497802734375,81.65263691784182,70.71852220787913,2
dcrlme_seed2,dcrlme,2,leg3_weak,ite,1,1,771,1234.184326171875,771,1254.4403076171875,41.86171883019557,36.25601088341954,2
dcrlme_seed2,dcrlme,2,leg3_weak,ite,1,2,311,1398.02197265625,311,1368.224365234375,66.19598235166166,57.331670166618444,2
dcrlme_seed2,dcrlme,2,leg3_weak,ite,1,3,311,1348.876220703125,311,1368.224365234375,66.19598235166166,57.331670166618444,2
dcrlme_seed2,dcrlme,2,leg3_weak,ite,1,4,258,1419.921875,258,1440.497802734375,81.65263691784182,70.71852220787913,2
dcrlme_seed2,dcrlme,2,leg3_weak,ite,1,5,258,1435.1199951171875,258,1440.497802734375,81.65263691784182,70.71852220787913,2
dcrlme_seed2,dcrlme,2,leg3_weak,ite,1,6,258,1417.3173828125,258,1440.497802734375,81.65263691784182,70.71852220787913,2
dcrlme_seed2,dcrlme,2,leg3_weak,ite,1,7,258,1450.09130859375,258,1440.497802734375,81.65263691784182,70.71852220787913,2
dcrlme_seed2,dcrlme,2,leg3_weak,ite,1,8,258,1443.280029296875,258,1440.497802734375,81.65263691784182,70.71852220787913,2
dcrlme_seed2,dcrlme,2,leg3_weak,ite,1,9,258,1431.25537109375,258,1440.497802734375,81.65263691784182,70.71852220787913,2
dcrlme_seed2,dcrlme,2,leg3_weak,ite,1,10,258,1419.323486328125,258,1440.497802734375,81.65263691784182,70.71852220787913,2
dcrlme_seed2,dcrlme,2,leg3_weak,ite,1,11,258,1431.14013671875,258,1440.497802734375,81.65263691784182,70.71852220787913,2
dcrlme_seed2,dcrlme,2,leg3_weak,ite,1,12,258,1462.82421875,258,1440.497802734375,81.65263691784182,70.71852220787913,2
dcrlme_seed2,dcrlme,2,leg3_weak,ite,1,13,258,1450.0511474609375,258,1440.497802734375,81.65263691784182,70.71852220787913,2
dcrlme_seed2,dcrlme,2,leg3_weak,ite,1,14,258,1441.28955078125,258,1440.497802734375,81.65263691784182,70.71852220787913,2
dcrlme_seed2,dcrlme,2,leg3_weak,ite,1,15,258,1403.093017578125,258,1440.497802734375,81.65263691784182,70.71852220787913,2
dcrlme_seed2,dcrlme,2,leg3_weak,ite,1,16,258,1430.0888671875,258,1440.497802734375,81.65263691784182,70.71852220787913,2
dcrlme_seed2,dcrlme,2,leg3_weak,ite,1,17,258,1430.2647705078125,258,1440.497802734375,81.65263691784182,70.71852220787913,2
dcrlme_seed2,dcrlme,2,leg3_weak,ite,1,18,258,1407.98486328125,258,1440.497802734375,81.65263691784182,70.71852220787913,2
dcrlme_seed2,dcrlme,2,leg3_weak,ite,1,19,258,1421.815185546875,258,1440.497802734375,81.65263691784182,70.71852220787913,2
dcrlme_seed2,dcrlme,2,leg3_weak,ite,1,20,258,1442.27783203125,258,1440.497802734375,81.65263691784182,70.71852220787913,2
dcrlme_seed2,dcrlme,2,leg3_weak,ite,2,1,771,1243.552734375,771,1254.4403076171875,41.86171883019557,36.25601088341954,3
dcrlme_seed2,dcrlme,2,leg3_weak,ite,2,2,311,1291.841064453125,311,1368.224365234375,66.19598235166166,57.331670166618444,3
dcrlme_seed2,dcrlme,2,leg3_weak,ite,2,3,258,1405.915771484375,258,1440.497802734375,81.65263691784182,70.71852220787913,3
dcrlme_seed2,dcrlme,2,leg3_weak,ite,2,4,258,1406.454345703125,258,1440.497802734375,81.65263691784182,70.71852220787913,3
dcrlme_seed2,dcrlme,2,leg3_weak,ite,2,5,258,1409.37744140625,258,1440.497802734375,81.65263691784182,70.71852220787913,3
dcrlme_seed2,dcrlme,2,leg3_weak,ite,2,6,258,1439.12353515625,258,1440.497802734375,81.65263691784182,70.71852220787913,3
dcrlme_seed2,dcrlme,2,leg3_weak,ite,2,7,258,1429.9366455078125,258,1440.497802734375,81.65263691784182,70.71852220787913,3
dcrlme_seed2,dcrlme,2,leg3_weak,ite,2,8,258,1392.19677734375,258,1440.497802734375,81.65263691784182,70.71852220787913,3
dcrlme_seed2,dcrlme,2,leg3_weak,ite,2,9,258,1454.338134765625,258,1440.497802734375,81.65263691784182,70.71852220787913,3
dcrlme_seed2,dcrlme,2,leg3_weak,ite,2,10,258,1439.36376953125,258,1440.497802734375,81.65263691784182,70.71852220787913,3
dcrlme_seed2,dcrlme,2,leg3_weak,ite,2,11,258,1458.27001953125,258,1440.497802734375,81.65263691784182,70.71852220787913,3
dcrlme_seed2,dcrlme,2,leg3_weak,ite,2,12,258,1435.3465576171875,258,1440.497802734375,81.65263691784182,70.71852220787913,3
dcrlme_seed2,dcrlme,2,leg3_weak,ite,2,13,258,1408.1094970703125,258,1440.497802734375,81.65263691784182,70.71852220787913,3
dcrlme_seed2,dcrlme,2,leg3_weak,ite,2,14,258,1428.18798828125,258,1440.497802734375,81.65263691784182,70.71852220787913,3
dcrlme_seed2,dcrlme,2,leg3_weak,ite,2,15,258,1422.978759765625,258,1440.497802734375,81.65263691784182,70.71852220787913,3
dcrlme_seed2,dcrlme,2,leg3_weak,ite,2,16,258,1356.6630859375,258,1440.497802734375,81.65263691784182,70.71852220787913,3
dcrlme_seed2,dcrlme,2,leg3_weak,ite,2,17,258,1434.3681640625,258,1440.497802734375,81.65263691784182,70.71852220787913,3
dcrlme_seed2,dcrlme,2,leg3_weak,ite,2,18,258,1446.3076171875,258,1440.497802734375,81.65263691784182,70.71852220787913,3
dcrlme_seed2,dcrlme,2,leg3_weak,ite,2,19,258,1424.6728515625,258,1440.497802734375,81.65263691784182,70.71852220787913,3
dcrlme_seed2,dcrlme,2,leg3_weak,ite,2,20,258,1439.788330078125,258,1440.497802734375,81.65263691784182,70.71852220787913,3
dcrlme_seed2,dcrlme,2,leg3_weak,ite,3,1,771,1169.27880859375,771,1254.4403076171875,41.86171883019557,36.25601088341954,2
dcrlme_seed2,dcrlme,2,leg3_weak,ite,3,2,311,1390.886962890625,311,1368.224365234375,66.19598235166166,57.331670166618444,2
dcrlme_seed2,dcrlme,2,leg3_weak,ite,3,3,311,1359.0078125,311,1368.224365234375,66.19598235166166,57.331670166618444,2
dcrlme_seed2,dcrlme,2,leg3_weak,ite,3,4,311,1279.147705078125,311,1368.224365234375,66.19598235166166,57.331670166618444,2
dcrlme_seed2,dcrlme,2,leg3_weak,ite,3,5,258,1428.023193359375,258,1440.497802734375,81.65263691784182,70.71852220787913,2
dcrlme_seed2,dcrlme,2,leg3_weak,ite,3,6,258,1428.6258544921875,258,1440.497802734375,81.65263691784182,70.71852220787913,2
dcrlme_seed2,dcrlme,2,leg3_weak,ite,3,7,258,1419.6822509765625,258,1440.497802734375,81.65263691784182,70.71852220787913,2
dcrlme_seed2,dcrlme,2,leg3_weak,ite,3,8,258,1437.084228515625,258,1440.497802734375,81.65263691784182,70.71852220787913,2
dcrlme_seed2,dcrlme,2,leg3_weak,ite,3,9,258,1449.3367919921875,258,1440.497802734375,81.65263691784182,70.71852220787913,2
dcrlme_seed2,dcrlme,2,leg3_weak,ite,3,10,258,1458.3369140625,258,1440.497802734375,81.65263691784182,70.71852220787913,2
dcrlme_seed2,dcrlme,2,leg3_weak,ite,3,11,258,1417.9810791015625,258,1440.497802734375,81.65263691784182,70.71852220787913,2
dcrlme_seed2,dcrlme,2,leg3_weak,ite,3,12,258,1426.3092041015625,258,1440.497802734375,81.65263691784182,70.71852220787913,2
dcrlme_seed2,dcrlme,2,leg3_weak,ite,3,13,258,1401.0372314453125,258,1440.497802734375,81.65263691784182,70.71852220787913,2
dcrlme_seed2,dcrlme,2,leg3_weak,ite,3,14,258,1396.7205810546875,258,1440.497802734375,81.65263691784182,70.71852220787913,2
dcrlme_seed2,dcrlme,2,leg3_weak,ite,3,15,258,1434.2913818359375,258,1440.497802734375,81.65263691784182,70.71852220787913,2
dcrlme_seed2,dcrlme,2,leg3_weak,ite,3,16,258,1438.9705810546875,258,1440.497802734375,81.65263691784182,70.71852220787913,2
dcrlme_seed2,dcrlme,2,leg3_weak,ite,3,17,258,1417.057373046875,258,1440.497802734375,81.65263691784182,70.71852220787913,2
dcrlme_seed2,dcrlme,2,leg3_weak,ite,3,18,258,1464.1669921875,258,1440.497802734375,81.65263691784182,70.71852220787913,2
dcrlme_seed2,dcrlme,2,leg3_weak,ite,3,19,258,1428.0675048828125,258,1440.497802734375,81.65263691784182,70.71852220787913,2
dcrlme_seed2,dcrlme,2,leg3_weak,ite,3,20,258,1424.023193359375,258,1440.497802734375,81.65263691784182,70.71852220787913,2
dcrlme_seed2,dcrlme,2,leg3_weak,ite,4,1,771,1232.534423828125,771,1254.4403076171875,41.86171883019557,36.25601088341954,3
dcrlme_seed2,dcrlme,2,leg3_weak,ite,4,2,311,1335.9808349609375,311,1368.224365234375,66.19598235166166,57.331670166618444,3
dcrlme_seed2,dcrlme,2,leg3_weak,ite,4,3,258,1425.529296875,258,1440.497802734375,81.65263691784182,70.71852220787913,3
dcrlme_seed2,dcrlme,2,leg3_weak,ite,4,4,258,1433.0830078125,258,1440.497802734375,81.65263691784182,70.71852220787913,3
dcrlme_seed2,dcrlme,2,leg3_weak,ite,4,5,258,1419.567626953125,258,1440.497802734375,81.65263691784182,70.71852220787913,3
dcrlme_seed2,dcrlme,2,leg3_weak,ite,4,6,258,1436.5166015625,258,1440.497802734375,81.65263691784182,70.71852220787913,3
dcrlme_seed2,dcrlme,2,leg3_weak,ite,4,7,258,1436.9580078125,258,1440.497802734375,81.65263691784182,70.71852220787913,3
dcrlme_seed2,dcrlme,2,leg3_weak,ite,4,8,258,1430.256591796875,258,1440.497802734375,81.65263691784182,70.71852220787913,3
dcrlme_seed2,dcrlme,2,leg3_weak,ite,4,9,258,1432.653564453125,258,1440.497802734375,81.65263691784182,70.71852220787913,3
dcrlme_seed2,dcrlme,2,leg3_weak,ite,4,10,258,1419.0091552734375,258,1440.497802734375,81.65263691784182,70.71852220787913,3
dcrlme_seed2,dcrlme,2,leg3_weak,ite,4,11,258,1447.994384765625,258,1440.497802734375,81.65263691784182,70.71852220787913,3
dcrlme_seed2,dcrlme,2,leg3_weak,ite,4,12,258,1399.2977294921875,258,1440.497802734375,81.65263691784182,70.71852220787913,3
dcrlme_seed2,dcrlme,2,leg3_weak,ite,4,13,258,1434.284423828125,258,1440.497802734375,81.65263691784182,70.71852220787913,3
dcrlme_seed2,dcrlme,2,leg3_weak,ite,4,14,258,1425.447998046875,258,1440.497802734375,81.65263691784182,70.71852220787913,3
dcrlme_seed2,dcrlme,2,leg3_weak,ite,4,15,258,1412.3760986328125,258,1440.497802734375,81.65263691784182,70.71852220787913,3
dcrlme_seed2,dcrlme,2,leg3_weak,ite,4,16,258,1443.094482421875,258,1440.497802734375,81.65263691784182,70.71852220787913,3
dcrlme_seed2,dcrlme,2,leg3_weak,ite,4,17,258,1436.778564453125,258,1440.497802734375,81.65263691784182,70.71852220787913,3
dcrlme_seed2,dcrlme,2,leg3_weak,ite,4,18,258,1436.9365234375,258,1440.497802734375,81.65263691784182,70.71852220787913,3
dcrlme_seed2,dcrlme,2,leg3_weak,ite,4,19,258,1407.635498046875,258,1440.497802734375,81.65263691784182,70.71852220787913,3
dcrlme_seed2,dcrlme,2,leg3_weak,ite,4,20,258,1428.6900634765625,258,1440.497802734375,81.65263691784182,70.71852220787913,3
dcrlme_seed2,dcrlme,2,leg3_weak,top_k,0,1,771,1207.767333984375,771,1254.4403076171875,41.86171883019557,36.25601088341954,
dcrlme_seed2,dcrlme,2,leg3_weak,top_k,0,2,905,1165.213134765625,771,1254.4403076171875,41.86171883019557,36.25601088341954,
dcrlme_seed2,dcrlme,2,leg3_weak,top_k,0,3,906,1298.537353515625,906,1282.091552734375,47.77531252222306,41.377714512645994,
dcrlme_seed2,dcrlme,2,leg3_weak,top_k,0,4,32,1329.299560546875,32,1338.9122314453125,59.927185097135094,51.90232832788526,
dcrlme_seed2,dcrlme,2,leg3_weak,top_k,0,5,258,1426.770751953125,258,1440.497802734375,81.65263691784182,70.71852220787913,
dcrlme_seed2,dcrlme,2,leg3_weak,top_k,0,6,94,1379.7490234375,258,1440.497802734375,81.65263691784182,70.71852220787913,
dcrlme_seed2,dcrlme,2,leg3_weak,top_k,0,7,437,1431.177001953125,437,1389.0911865234375,70.65863501792307,61.196728462318134,
dcrlme_seed2,dcrlme,2,leg3_weak,top_k,0,8,790,1264.19580078125,437,1389.0911865234375,70.65863501792307,61.196728462318134,
dcrlme_seed2,dcrlme,2,leg3_weak,top_k,0,9,161,1357.3377685546875,437,1389.0911865234375,70.65863501792307,61.196728462318134,
dcrlme_seed2,dcrlme,2,leg3_weak,top_k,0,10,661,1289.6337890625,437,1389.0911865234375,70.65863501792307,61.196728462318134,
dcrlme_seed2,dcrlme,2,leg3_weak,top_k,0,11,478,1406.893798828125,437,1389.0911865234375,70.65863501792307,61.196728462318134,
dcrlme_seed2,dcrlme,2,leg3_weak,top_k,0,12,575,1340.387451171875,437,1389.0911865234375,70.65863501792307,61.196728462318134,
dcrlme_seed2,dcrlme,2,leg3_weak,top_k,0,13,674,1103.02392578125,437,1389.0911865234375,70.65863501792307,61.196728462318134,
dcrlme_seed2,dcrlme,2,leg3_weak,top_k,0,14,323,1272.97314453125,437,1389.0911865234375,70.65863501792307,61.196728462318134,
dcrlme_seed2,dcrlme,2,leg3_weak,top_k,0,15,358,1365.38720703125,437,1389.0911865234375,70.65863501792307,61.196728462318134,
dcrlme_seed2,dcrlme,2,leg3_weak,top_k,0,16,120,1300.3043212890625,437,1389.0911865234375,70.65863501792307,61.196728462318134,
dcrlme_seed2,dcrlme,2,leg3_weak,top_k,0,17,427,1235.438720703125,437,1389.0911865234375,70.65863501792307,61.196728462318134,
dcrlme_seed2,dcrlme,2,leg3_weak,top_k,0,18,285,1242.13427734375,437,1389.0911865234375,70.65863501792307,61.196728462318134,
dcrlme_seed2,dcrlme,2,leg3_weak,top_k,0,19,553,1468.298583984375,553,1429.427734375,79.28515269993866,68.66806809444923,
dcrlme_seed2,dcrlme,2,leg3_weak,top_k,0,20,311,1344.990966796875,553,1429.427734375,79.28515269993866,68.66806809444923,
dcrlme_seed2,dcrlme,2,leg3_weak,top_k,1,1,771,1249.24609375,771,1254.4403076171875,41.86171883019557,36.25601088341954,
dcrlme_seed2,dcrlme,2,leg3_weak,top_k,1,2,905,1229.02392578125,771,1254.4403076171875,41.86171883019557,36.25601088341954,
dcrlme_seed2,dcrlme,2,leg3_weak,top_k,1,3,906,1280.9495849609375,906,1282.091552734375,47.77531252222306,41.377714512645994,
dcrlme_seed2,dcrlme,2,leg3_weak,top_k,1,4,32,1352.19384765625,32,1338.9122314453125,59.927185097135094,51.90232832788526,
dcrlme_seed2,dcrlme,2,leg3_weak,top_k,1,5,258,1435.9345703125,258,1440.497802734375,81.65263691784182,70.71852220787913,
dcrlme_seed2,dcrlme,2,leg3_weak,top_k,1,6,94,1447.377685546875,94,1468.151123046875,87.5666744185245,75.84061021528886,
dcrlme_seed2,dcrlme,2,leg3_weak,top_k,1,7,437,1431.9910888671875,94,1468.151123046875,87.5666744185245,75.84061021528886,
dcrlme_seed2,dcrlme,2,leg3_weak,top_k,1,8,790,1201.604736328125,94,1468.151123046875,87.5666744185245,75.84061021528886,
dcrlme_seed2,dcrlme,2,leg3_weak,top_k,1,9,161,1354.3228759765625,94,1468.151123046875,87.5666744185245,75.84061021528886,
dcrlme_seed2,dcrlme,2,leg3_weak,top_k,1,10,661,1314.633056640625,94,1468.151123046875,87.5666744185245,75.84061021528886,
dcrlme_seed2,dcrlme,2,leg3_weak,top_k,1,11,478,1411.3963623046875,94,1468.151123046875,87.5666744185245,75.84061021528886,
dcrlme_seed2,dcrlme,2,leg3_weak,top_k,1,12,575,1379.5174560546875,94,1468.151123046875,87.5666744185245,75.84061021528886,
dcrlme_seed2,dcrlme,2,leg3_weak,top_k,1,13,674,1177.2352294921875,94,1468.151123046875,87.5666744185245,75.84061021528886,
dcrlme_seed2,dcrlme,2,leg3_weak,top_k,1,14,323,1243.5574951171875,94,1468.151123046875,87.5666744185245,75.84061021528886,
dcrlme_seed2,dcrlme,2,leg3_weak,top_k,1,15,358,1437.8433837890625,94,1468.151123046875,87.5666744185245,75.84061021528886,
dcrlme_seed2,dcrlme,2,leg3_weak,top_k,1,16,120,1291.8017578125,94,1468.151123046875,87.5666744185245,75.84061021528886,
dcrlme_seed2,dcrlme,2,leg3_weak,top_k,1,17,427,1332.769287109375,94,1468.151123046875,87.5666744185245,75.84061021528886,
dcrlme_seed2,dcrlme,2,leg3_weak,top_k,1,18,285,1309.2509765625,94,1468.151123046875,87.5666744185245,75.84061021528886,
dcrlme_seed2,dcrlme,2,leg3_weak,top_k,1,19,553,1346.92919921875,94,1468.151123046875,87.5666744185245,75.84061021528886,
dcrlme_seed2,dcrlme,2,leg3_weak,top_k,1,20,311,1367.25390625,94,1468.151123046875,87.5666744185245,75.84061021528886,
dcrlme_seed2,dcrlme,2,leg3_weak,top_k,2,1,771,1202.085205078125,771,1254.4403076171875,41.86171883019557,36.25601088341954,
dcrlme_seed2,dcrlme,2,leg3_weak,top_k,2,2,905,1254.734130859375,905,1266.660400390625,44.47515136224717,38.51947834182688,
dcrlme_seed2,dcrlme,2,leg3_weak,top_k,2,3,906,1310.4189453125,906,1282.091552734375,47.77531252222306,41.377714512645994,
dcrlme_seed2,dcrlme,2,leg3_weak,top_k,2,4,32,1284.864013671875,906,1282.091552734375,47.77531252222306,41.377714512645994,
dcrlme_seed2,dcrlme,2,leg3_weak,top_k,2,5,258,1407.872314453125,258,1440.497802734375,81.65263691784182,70.71852220787913,
dcrlme_seed2,dcrlme,2,leg3_weak,top_k,2,6,94,1472.498291015625,94,1468.151123046875,87.5666744185245,75.84061021528886,
dcrlme_seed2,dcrlme,2,leg3_weak,top_k,2,7,437,1480.9373779296875,437,1389.0911865234375,70.65863501792307,61.196728462318134,
dcrlme_seed2,dcrlme,2,leg3_weak,top_k,2,8,790,1315.296630859375,437,1389.0911865234375,70.65863501792307,61.196728462318134,
dcrlme_seed2,dcrlme,2,leg3_weak,top_k,2,9,161,1400.9578857421875,437,1389.0911865234375,70.65863501792307,61.196728462318134,
dcrlme_seed2,dcrlme,2,leg3_weak,top_k,2,10,661,1287.333984375,437,1389.0911865234375,70.65863501792307,61.196728462318134,
dcrlme_seed2,dcrlme,2,leg3_weak,top_k,2,11,478,1452.3271484375,437,1389.0911865234375,70.65863501792307,61.196728462318134,
dcrlme_seed2,dcrlme,2,leg3_weak,top_k,2,12,575,1374.550048828125,437,1389.0911865234375,70.65863501792307,61.196728462318134,
dcrlme_seed2,dcrlme,2,leg3_weak,top_k,2,13,674,1107.1177978515625,437,1389.0911865234375,70.65863501792307,61.196728462318134,
dcrlme_seed2,dcrlme,2,leg3_weak,top_k,2,14,323,1268.3115234375,437,1389.0911865234375,70.65863501792307,61.196728462318134,
dcrlme_seed2,dcrlme,2,leg3_weak,top_k,2,15,358,1350.6044921875,437,1389.0911865234375,70.65863501792307,61.196728462318134,
dcrlme_seed2,dcrlme,2,leg3_weak,top_k,2,16,120,1348.24853515625,437,1389.0911865234375,70.65863501792307,61.196728462318134,
dcrlme_seed2,dcrlme,2,leg3_weak,top_k,2,17,427,1265.5784912109375,437,1389.0911865234375,70.65863501792307,61.196728462318134,
dcrlme_seed2,dcrlme,2,leg3_weak,top_k,2,18,285,1294.0576171875,437,1389.0911865234375,70.65863501792307,61.196728462318134,
dcrlme_seed2,dcrlme,2,leg3_weak,top_k,2,19,553,1343.34814453125,437,1389.0911865234375,70.65863501792307,61.196728462318134,
dcrlme_seed2,dcrlme,2,leg3_weak,top_k,2,20,311,1384.60009765625,437,1389.0911865234375,70.65863501792307,61.196728462318134,
dcrlme_seed2,dcrlme,2,leg3_weak,top_k,3,1,771,1307.0162353515625,771,1254.4403076171875,41.86171883019557,36.25601088341954,
dcrlme_seed2,dcrlme,2,leg3_weak,top_k,3,2,905,1248.345458984375,771,1254.4403076171875,41.86171883019557,36.25601088341954,
dcrlme_seed2,dcrlme,2,leg3_weak,top_k,3,3,906,1335.899169921875,906,1282.091552734375,47.77531252222306,41.377714512645994,
dcrlme_seed2,dcrlme,2,leg3_weak,top_k,3,4,32,1313.82470703125,906,1282.091552734375,47.77531252222306,41.377714512645994,
dcrlme_seed2,dcrlme,2,leg3_weak,top_k,3,5,258,1437.6689453125,258,1440.497802734375,81.65263691784182,70.71852220787913,
dcrlme_seed2,dcrlme,2,leg3_weak,top_k,3,6,94,1449.8056640625,94,1468.151123046875,87.5666744185245,75.84061021528886,
dcrlme_seed2,dcrlme,2,leg3_weak,top_k,3,7,437,1445.194580078125,94,1468.151123046875,87.5666744185245,75.84061021528886,
dcrlme_seed2,dcrlme,2,leg3_weak,top_k,3,8,790,1217.438232421875,94,1468.151123046875,87.5666744185245,75.84061021528886,
dcrlme_seed2,dcrlme,2,leg3_weak,top_k,3,9,161,1399.81982421875,94,1468.151123046875,87.5666744185245,75.84061021528886,
dcrlme_seed2,dcrlme,2,leg3_weak,top_k,3,10,661,1301.4815673828125,94,1468.151123046875,87.5666744185245,75.84061021528886,
dcrlme_seed2,dcrlme,2,leg3_weak,top_k,3,11,478,1419.643798828125,94,1468.151123046875,87.5666744185245,75.84061021528886,
dcrlme_seed2,dcrlme,2,leg3_weak,top_k,3,12,575,1326.297119140625,94,1468.151123046875,87.5666744185245,75.84061021528886,
dcrlme_seed2,dcrlme,2,leg3_weak,top_k,3,13,674,1151.53515625,94,1468.151123046875,87.5666744185245,75.84061021528886,
dcrlme_seed2,dcrlme,2,leg3_weak,top_k,3,14,323,1228.980224609375,94,1468.151123046875,87.5666744185245,75.84061021528886,
dcrlme_seed2,dcrlme,2,leg3_weak,top_k,3,15,358,1409.546142578125,94,1468.151123046875,87.5666744185245,75.84061021528886,
dcrlme_seed2,dcrlme,2,leg3_weak,top_k,3,16,120,1472.4638671875,120,1408.9912109375,74.91452506364999,64.88271174557528,
dcrlme_seed2,dcrlme,2,leg3_weak,top_k,3,17,427,1269.087646484375,120,1408.9912109375,74.91452506364999,64.88271174557528,
dcrlme_seed2,dcrlme,2,leg3_weak,top_k,3,18,285,1292.609375,120,1408.9912109375,74.91452506364999,64.88271174557528,
dcrlme_seed2,dcrlme,2,leg3_weak,top_k,3,19,553,1381.85400390625,120,1408.9912109375,74.91452506364999,64.88271174557528,
dcrlme_seed2,dcrlme,2,leg3_weak,top_k,3,20,311,1314.2740478515625,120,1408.9912109375,74.91452506364999,64.88271174557528,
dcrlme_seed2,dcrlme,2,leg3_weak,top_k,4,1,771,1259.83935546875,771,1254.4403076171875,41.86171883019557,36.25601088341954,
dcrlme_seed2,dcrlme,2,leg3_weak,top_k,4,2,905,1316.13330078125,905,1266.660400390625,44.47515136224717,38.51947834182688,
dcrlme_seed2,dcrlme,2,leg3_weak,top_k,4,3,906,1308.650634765625,905,1266.660400390625,44.47515136224717,38.51947834182688,
dcrlme_seed2,dcrlme,2,leg3_weak,top_k,4,4,32,1319.871337890625,32,1338.9122314453125,59.927185097135094,51.90232832788526,
dcrlme_seed2,dcrlme,2,leg3_weak,top_k,4,5,258,1394.7764892578125,258,1440.497802734375,81.65263691784182,70.71852220787913,
dcrlme_seed2,dcrlme,2,leg3_weak,top_k,4,6,94,1489.982177734375,94,1468.151123046875,87.5666744185245,75.84061021528886,
dcrlme_seed2,dcrlme,2,leg3_weak,top_k,4,7,437,1250.3524169921875,94,1468.151123046875,87.5666744185245,75.84061021528886,
dcrlme_seed2,dcrlme,2,leg3_weak,top_k,4,8,790,1244.9052734375,94,1468.151123046875,87.5666744185245,75.84061021528886,
dcrlme_seed2,dcrlme,2,leg3_weak,top_k,4,9,161,1400.5386962890625,94,1468.151123046875,87.5666744185245,75.84061021528886,
dcrlme_seed2,dcrlme,2,leg3_weak,top_k,4,10,661,1238.899169921875,94,1468.151123046875,87.5666744185245,75.84061021528886,
dcrlme_seed2,dcrlme,2,leg3_weak,top_k,4,11,478,1411.83154296875,94,1468.151123046875,87.5666744185245,75.84061021528886,
dcrlme_seed2,dcrlme,2,leg3_weak,top_k,4,12,575,1327.8306884765625,94,1468.151123046875,87.5666744185245,75.84061021528886,
dcrlme_seed2,dcrlme,2,leg3_weak,top_k,4,13,674,1192.69384765625,94,1468.151123046875,87.5666744185245,75.84061021528886,
dcrlme_seed2,dcrlme,2,leg3_weak,top_k,4,14,323,1271.19921875,94,1468.151123046875,87.5666744185245,75.84061021528886,
dcrlme_seed2,dcrlme,2,leg3_weak,top_k,4,15,358,1338.849609375,94,1468.151123046875,87.5666744185245,75.84061021528886,
dcrlme_seed2,dcrlme,2,leg3_weak,top_k,4,16,120,1214.6884765625,94,1468.151123046875,87.5666744185245,75.84061021528886,
dcrlme_seed2,dcrlme,2,leg3_weak,top_k,4,17,427,1306.0543212890625,94,1468.151123046875,87.5666744185245,75.84061021528886,
dcrlme_seed2,dcrlme,2,leg3_weak,top_k,4,18,285,1317.7777099609375,94,1468.151123046875,87.5666744185245,75.84061021528886,
dcrlme_seed2,dcrlme,2,leg3_weak,top_k,4,19,553,1423.853271484375,94,1468.151123046875,87.5666744185245,75.84061021528886,
dcrlme_seed2,dcrlme,2,leg3_weak,top_k,4,20,311,1353.92578125,94,1468.151123046875,87.5666744185245,75.84061021528886,
dcrlme_seed2,dcrlme,2,leg4_weak,ite,0,1,771,1354.8438720703125,771,1397.452392578125,79.60431966503451,62.74543338368837,3
dcrlme_seed2,dcrlme,2,leg4_weak,ite,0,2,311,1314.106689453125,771,1397.452392578125,79.60431966503451,62.74543338368837,3
dcrlme_seed2,dcrlme,2,leg4_weak,ite,0,3,258,1466.4598388671875,258,1441.389892578125,89.92930886633089,70.88375960572384,3
dcrlme_seed2,dcrlme,2,leg4_weak,ite,0,4,258,1432.3505859375,258,1441.389892578125,89.92930886633089,70.88375960572384,3
dcrlme_seed2,dcrlme,2,leg4_weak,ite,0,5,258,1428.5390625,258,1441.389892578125,89.92930886633089,70.88375960572384,3
dcrlme_seed2,dcrlme,2,leg4_weak,ite,0,6,258,1440.583740234375,258,1441.389892578125,89.92930886633089,70.88375960572384,3
dcrlme_seed2,dcrlme,2,leg4_weak,ite,0,7,258,1433.306640625,258,1441.389892578125,89.92930886633089,70.88375960572384,3
dcrlme_seed2,dcrlme,2,leg4_weak,ite,0,8,258,1482.694580078125,258,1441.389892578125,89.92930886633089,70.88375960572384,3
dcrlme_seed2,dcrlme,2,leg4_weak,ite,0,9,258,1462.8271484375,258,1441.389892578125,89.92930886633089,70.88375960572384,3
dcrlme_seed2,dcrlme,2,leg4_weak,ite,0,10,258,1446.98486328125,258,1441.389892578125,89.92930886633089,70.88375960572384,3
dcrlme_seed2,dcrlme,2,leg4_weak,ite,0,11,258,1426.415771484375,258,1441.389892578125,89.92930886633089,70.88375960572384,3
dcrlme_seed2,dcrlme,2,leg4_weak,ite,0,12,258,1470.823974609375,258,1441.389892578125,89.92930886633089,70.88375960572384,3
dcrlme_seed2,dcrlme,2,leg4_weak,ite,0,13,258,1441.836181640625,258,1441.389892578125,89.92930886633089,70.88375960572384,3
dcrlme_seed2,dcrlme,2,leg4_weak,ite,0,14,258,1443.1575927734375,258,1441.389892578125,89.92930886633089,70.88375960572384,3
dcrlme_seed2,dcrlme,2,leg4_weak,ite,0,15,258,1429.363037109375,258,1441.389892578125,89.92930886633089,70.88375960572384,3
dcrlme_seed2,dcrlme,2,leg4_weak,ite,0,16,258,1448.1015625,258,1441.389892578125,89.92930886633089,70.88375960572384,3
dcrlme_seed2,dcrlme,2,leg4_weak,ite,0,17,258,1421.6522216796875,258,1441.389892578125,89.92930886633089,70.88375960572384,3
dcrlme_seed2,dcrlme,2,leg4_weak,ite,0,18,258,1439.207763671875,258,1441.389892578125,89.92930886633089,70.88375960572384,3
dcrlme_seed2,dcrlme,2,leg4_weak,ite,0,19,258,1447.7568359375,258,1441.389892578125,89.92930886633089,70.88375960572384,3
dcrlme_seed2,dcrlme,2,leg4_weak,ite,0,20,258,1469.2158203125,258,1441.389892578125,89.92930886633089,70.88375960572384,3
dcrlme_seed2,dcrlme,2,leg4_weak,ite,1,1,771,1415.377197265625,771,1397.452392578125,79.60431966503451,62.74543338368837,2
dcrlme_seed2,dcrlme,2,leg4_weak,ite,1,2,258,1455.48876953125,258,1441.389892578125,89.92930886633089,70.88375960572384,2
dcrlme_seed2,dcrlme,2,leg4_weak,ite,1,3,905,1364.88232421875,258,1441.389892578125,89.92930886633089,70.88375960572384,2
dcrlme_seed2,dcrlme,2,leg4_weak,ite,1,4,311,1325.4208984375,258,1441.389892578125,89.92930886633089,70.88375960572384,2
dcrlme_seed2,dcrlme,2,leg4_weak,ite,1,5,258,1357.33837890625,258,1441.389892578125,89.92930886633089,70.88375960572384,2
dcrlme_seed2,dcrlme,2,leg4_weak,ite,1,6,258,1476.23193359375,258,1441.389892578125,89.92930886633089,70.88375960572384,2
dcrlme_seed2,dcrlme,2,leg4_weak,ite,1,7,258,1461.546142578125,258,1441.389892578125,89.92930886633089,70.88375960572384,2
dcrlme_seed2,dcrlme,2,leg4_weak,ite,1,8,258,1453.36962890625,258,1441.389892578125,89.92930886633089,70.88375960572384,2
dcrlme_seed2,dcrlme,2,leg4_weak,ite,1,9,258,1477.447021484375,258,1441.389892578125,89.92930886633089,70.88375960572384,2
dcrlme_seed2,dcrlme,2,leg4_weak,ite,1,10,258,1457.389404296875,258,1441.389892578125,89.92930886633089,70.88375960572384,2
dcrlme_seed2,dcrlme,2,leg4_weak,ite,1,11,258,1443.9881591796875,258,1441.389892578125,89.92930886633089,70.88375960572384,2
dcrlme_seed2,dcrlme,2,leg4_weak,ite,1,12,258,1443.8939208984375,258,1441.389892578125,89.92930886633089,70.88375960572384,2
dcrlme_seed2,dcrlme,2,leg4_weak,ite,1,13,258,1445.665283203125,258,1441.389892578125,89.92930886633089,70.88375960572384,2
dcrlme_seed2,dcrlme,2,leg4_weak,ite,1,14,258,1441.7724609375,258,1441.389892578125,89.92930886633089,70.88375960572384,2
dcrlme_seed2,dcrlme,2,leg4_weak,ite,1,15,258,1454.9029541015625,258,1441.389892578125,89.92930886633089,70.88375960572384,2
dcrlme_seed2,dcrlme,2,leg4_weak,ite,1,16,258,1477.2886962890625,258,1441.389892578125,89.92930886633089,70.88375960572384,2
dcrlme_seed2,dcrlme,2,leg4_weak,ite,1,17,258,1486.501220703125,258,1441.389892578125,89.92930886633089,70.88375960572384,2
dcrlme_seed2,dcrlme,2,leg4_weak,ite,1,18,258,1461.227783203125,258,1441.389892578125,89.92930886633089,70.88375960572384,2
dcrlme_seed2,dcrlme,2,leg4_weak,ite,1,19,258,1433.360107421875,258,1441.389892578125,89.92930886633089,70.88375960572384,2
dcrlme_seed2,dcrlme,2,leg4_weak,ite,1,20,258,1466.31787109375,258,1441.389892578125,89.92930886633089,70.88375960572384,2
dcrlme_seed2,dcrlme,2,leg4_weak,ite,2,1,771,1392.006591796875,771,1397.452392578125,79.60431966503451,62.74543338368837,2
dcrlme_seed2,dcrlme,2,leg4_weak,ite,2,2,258,1446.919921875,258,1441.389892578125,89.92930886633089,70.88375960572384,2
dcrlme_seed2,dcrlme,2,leg4_weak,ite,2,3,311,1350.6617431640625,258,1441.389892578125,89.92930886633089,70.88375960572384,2
dcrlme_seed2,dcrlme,2,leg4_weak,ite,2,4,258,1471.079345703125,258,1441.389892578125,89.92930886633089,70.88375960572384,2
dcrlme_seed2,dcrlme,2,leg4_weak,ite,2,5,258,1462.4444580078125,258,1441.389892578125,89.92930886633089,70.88375960572384,2
dcrlme_seed2,dcrlme,2,leg4_weak,ite,2,6,258,1475.58056640625,258,1441.389892578125,89.92930886633089,70.88375960572384,2
dcrlme_seed2,dcrlme,2,leg4_weak,ite,2,7,258,1413.318115234375,258,1441.389892578125,89.92930886633089,70.88375960572384,2
dcrlme_seed2,dcrlme,2,leg4_weak,ite,2,8,258,1441.550048828125,258,1441.389892578125,89.92930886633089,70.88375960572384,2
dcrlme_seed2,dcrlme,2,leg4_weak,ite,2,9,905,1321.6607666015625,258,1441.389892578125,89.92930886633089,70.88375960572384,2
dcrlme_seed2,dcrlme,2,leg4_weak,ite,2,10,258,1458.093505859375,258,1441.389892578125,89.92930886633089,70.88375960572384,2
dcrlme_seed2,dcrlme,2,leg4_weak,ite,2,11,258,1453.9342041015625,258,1441.389892578125,89.92930886633089,70.88375960572384,2
dcrlme_seed2,dcrlme,2,leg4_weak,ite,2,12,258,1471.847900390625,258,1441.389892578125,89.92930886633089,70.88375960572384,2
dcrlme_seed2,dcrlme,2,leg4_weak,ite,2,13,258,1467.679443359375,258,1441.389892578125,89.92930886633089,70.88375960572384,2
dcrlme_seed2,dcrlme,2,leg4_weak,ite,2,14,258,1475.4228515625,258,1441.389892578125,89.92930886633089,70.88375960572384,2
dcrlme_seed2,dcrlme,2,leg4_weak,ite,2,15,258,1460.1768798828125,258,1441.389892578125,89.92930886633089,70.88375960572384,2
dcrlme_seed2,dcrlme,2,leg4_weak,ite,2,16,258,1453.105712890625,258,1441.389892578125,89.92930886633089,70.88375960572384,2
dcrlme_seed2,dcrlme,2,leg4_weak,ite,2,17,258,1448.22265625,258,1441.389892578125,89.92930886633089,70.88375960572384,2
dcrlme_seed2,dcrlme,2,leg4_weak,ite,2,18,258,1472.576416015625,258,1441.389892578125,89.92930886633089,70.88375960572384,2
dcrlme_seed2,dcrlme,2,leg4_weak,ite,2,19,258,1428.2279052734375,258,1441.389892578125,89.92930886633089,70.88375960572384,2
dcrlme_seed2,dcrlme,2,leg4_weak,ite,2,20,258,1477.3408203125,258,1441.389892578125,89.92930886633089,70.88375960572384,2
dcrlme_seed2,dcrlme,2,leg4_weak,ite,3,1,771,1371.153564453125,771,1397.452392578125,79.60431966503451,62.74543338368837,3
dcrlme_seed2,dcrlme,2,leg4_weak,ite,3,2,311,1288.845947265625,771,1397.452392578125,79.60431966503451,62.74543338368837,3
dcrlme_seed2,dcrlme,2,leg4_weak,ite,3,3,258,1460.193115234375,258,1441.389892578125,89.92930886633089,70.88375960572384,3
dcrlme_seed2,dcrlme,2,leg4_weak,ite,3,4,258,1430.12744140625,258,1441.389892578125,89.92930886633089,70.88375960572384,3
dcrlme_seed2,dcrlme,2,leg4_weak,ite,3,5,258,1457.781005859375,258,1441.389892578125,89.92930886633089,70.88375960572384,3
dcrlme_seed2,dcrlme,2,leg4_weak,ite,3,6,258,1415.8048095703125,258,1441.389892578125,89.92930886633089,70.88375960572384,3
dcrlme_seed2,dcrlme,2,leg4_weak,ite,3,7,258,1479.3685302734375,258,1441.389892578125,89.92930886633089,70.88375960572384,3
dcrlme_seed2,dcrlme,2,leg4_weak,ite,3,8,258,1447.969970703125,258,1441.389892578125,89.92930886633089,70.88375960572384,3
dcrlme_seed2,dcrlme,2,leg4_weak,ite,3,9,258,1436.3739013671875,258,1441.389892578125,89.92930886633089,70.88375960572384,3
dcrlme_seed2,dcrlme,2,leg4_weak,ite,3,10,258,1451.2557373046875,258,1441.389892578125,89.92930886633089,70.88375960572384,3
dcrlme_seed2,dcrlme,2,leg4_weak,ite,3,11,258,1462.131103515625,258,1441.389892578125,89.92930886633089,70.88375960572384,3
dcrlme_seed2,dcrlme,2,leg4_weak,ite,3,12,258,1447.7745361328125,258,1441.389892578125,89.92930886633089,70.88375960572384,3
dcrlme_seed2,dcrlme,2,leg4_weak,ite,3,13,258,1485.48681640625,258,1441.389892578125,89.92930886633089,70.88375960572384,3
dcrlme_seed2,dcrlme,2,leg4_weak,ite,3,14,258,1448.615478515625,258,1441.389892578125,89.92930886633089,70.88375960572384,3
dcrlme_seed2,dcrlme,2,leg4_weak,ite,3,15,258,1438.8350830078125,258,1441.389892578125,89.92930886633089,70.88375960572384,3
dcrlme_seed2,dcrlme,2,leg4_weak,ite,3,16,258,1468.41748046875,258,1441.389892578125,89.92930886633089,70.88375960572384,3
dcrlme_seed2,dcrlme,2,leg4_weak,ite,3,17,258,1472.554931640625,258,1441.389892578125,89.92930886633089,70.88375960572384,3
dcrlme_seed2,dcrlme,2,leg4_weak,ite,3,18,258,1423.770263671875,258,1441.389892578125,89.92930886633089,70.88375960572384,3
dcrlme_seed2,dcrlme,2,leg4_weak,ite,3,19,258,1449.141845703125,258,1441.389892578125,89.92930886633089,70.88375960572384,3
dcrlme_seed2,dcrlme,2,leg4_weak,ite,3,20,258,1466.3399658203125,258,1441.389892578125,89.92930886633089,70.88375960572384,3
dcrlme_seed2,dcrlme,2,leg4_weak,ite,4,1,771,1503.13623046875,771,1397.452392578125,79.60431966503451,62.74543338368837,1
dcrlme_seed2,dcrlme,2,leg4_weak,ite,4,2,905,1367.354248046875,771,1397.452392578125,79.60431966503451,62.74543338368837,1
dcrlme_seed2,dcrlme,2,leg4_weak,ite,4,3,258,1451.3751220703125,771,1397.452392578125,79.60431966503451,62.74543338368837,1
dcrlme_seed2,dcrlme,2,leg4_weak,ite,4,4,311,1337.781982421875,771,1397.452392578125,79.60431966503451,62.74543338368837,1
dcrlme_seed2,dcrlme,2,leg4_weak,ite,4,5,258,1444.0921630859375,771,1397.452392578125,79.60431966503451,62.74543338368837,1
dcrlme_seed2,dcrlme,2,leg4_weak,ite,4,6,771,1353.0181884765625,771,1397.452392578125,79.60431966503451,62.74543338368837,1
dcrlme_seed2,dcrlme,2,leg4_weak,ite,4,7,258,1425.271484375,771,1397.452392578125,79.60431966503451,62.74543338368837,1
dcrlme_seed2,dcrlme,2,leg4_weak,ite,4,8,258,1453.9512939453125,771,1397.452392578125,79.60431966503451,62.74543338368837,1
dcrlme_seed2,dcrlme,2,leg4_weak,ite,4,9,258,1431.408447265625,771,1397.452392578125,79.60431966503451,62.74543338368837,1
dcrlme_seed2,dcrlme,2,leg4_weak,ite,4,10,258,1461.26220703125,771,1397.452392578125,79.60431966503451,62.74543338368837,1
dcrlme_seed2,dcrlme,2,leg4_weak,ite,4,11,258,1455.677978515625,771,1397.452392578125,79.60431966503451,62.74543338368837,1
dcrlme_seed2,dcrlme,2,leg4_weak,ite,4,12,258,1445.5634765625,771,1397.452392578125,79.60431966503451,62.74543338368837,1
dcrlme_seed2,dcrlme,2,leg4_weak,ite,4,13,258,1433.8046875,771,1397.452392578125,79.60431966503451,62.74543338368837,1
dcrlme_seed2,dcrlme,2,leg4_weak,ite,4,14,258,1454.302978515625,771,1397.452392578125,79.60431966503451,62.74543338368837,1
dcrlme_seed2,dcrlme,2,leg4_weak,ite,4,15,258,1434.8505859375,771,1397.452392578125,79.60431966503451,62.74543338368837,1
dcrlme_seed2,dcrlme,2,leg4_weak,ite,4,16,258,1463.083984375,771,1397.452392578125,79.60431966503451,62.74543338368837,1
dcrlme_seed2,dcrlme,2,leg4_weak,ite,4,17,258,1446.3531494140625,771,1397.452392578125,79.60431966503451,62.74543338368837,1
dcrlme_seed2,dcrlme,2,leg4_weak,ite,4,18,258,1466.537109375,771,1397.452392578125,79.60431966503451,62.74543338368837,1
dcrlme_seed2,dcrlme,2,leg4_weak,ite,4,19,258,1425.213623046875,771,1397.452392578125,79.60431966503451,62.74543338368837,1
dcrlme_seed2,dcrlme,2,leg4_weak,ite,4,20,258,1412.70556640625,771,1397.452392578125,79.60431966503451,62.74543338368837,1
dcrlme_seed2,dcrlme,2,leg4_weak,top_k,0,1,771,1434.519775390625,771,1397.452392578125,79.60431966503451,62.74543338368837,
dcrlme_seed2,dcrlme,2,leg4_weak,top_k,0,2,905,1344.41162109375,771,1397.452392578125,79.60431966503451,62.74543338368837,
dcrlme_seed2,dcrlme,2,leg4_weak,top_k,0,3,906,1278.434326171875,771,1397.452392578125,79.60431966503451,62.74543338368837,
dcrlme_seed2,dcrlme,2,leg4_weak,top_k,0,4,32,1222.305908203125,771,1397.452392578125,79.60431966503451,62.74543338368837,
dcrlme_seed2,dcrlme,2,leg4_weak,top_k,0,5,258,1491.922607421875,258,1441.389892578125,89.92930886633089,70.88375960572384,
dcrlme_seed2,dcrlme,2,leg4_weak,top_k,0,6,94,1367.0986328125,258,1441.389892578125,89.92930886633089,70.88375960572384,
dcrlme_seed2,dcrlme,2,leg4_weak,top_k,0,7,437,1265.4166259765625,258,1441.389892578125,89.92930886633089,70.88375960572384,
dcrlme_seed2,dcrlme,2,leg4_weak,top_k,0,8,790,1441.046142578125,258,1441.389892578125,89.92930886633089,70.88375960572384,
dcrlme_seed2,dcrlme,2,leg4_weak,top_k,0,9,161,1486.7823486328125,258,1441.389892578125,89.92930886633089,70.88375960572384,
dcrlme_seed2,dcrlme,2,leg4_weak,top_k,0,10,661,1241.913330078125,258,1441.389892578125,89.92930886633089,70.88375960572384,
dcrlme_seed2,dcrlme,2,leg4_weak,top_k,0,11,478,1329.955810546875,258,1441.389892578125,89.92930886633089,70.88375960572384,
dcrlme_seed2,dcrlme,2,leg4_weak,top_k,0,12,575,1372.017822265625,258,1441.389892578125,89.92930886633089,70.88375960572384,
dcrlme_seed2,dcrlme,2,leg4_weak,top_k,0,13,674,1079.0086669921875,258,1441.389892578125,89.92930886633089,70.88375960572384,
dcrlme_seed2,dcrlme,2,leg4_weak,top_k,0,14,323,1386.4063720703125,258,1441.389892578125,89.92930886633089,70.88375960572384,
dcrlme_seed2,dcrlme,2,leg4_weak,top_k,0,15,358,1461.96142578125,258,1441.389892578125,89.92930886633089,70.88375960572384,
dcrlme_seed2,dcrlme,2,leg4_weak,top_k,0,16,120,1382.7705078125,258,1441.389892578125,89.92930886633089,70.88375960572384,
dcrlme_seed2,dcrlme,2,leg4_weak,top_k,0,17,427,1464.9583740234375,258,1441.389892578125,89.92930886633089,70.88375960572384,
dcrlme_seed2,dcrlme,2,leg4_weak,top_k,0,18,285,1405.18310546875,258,1441.389892578125,89.92930886633089,70.88375960572384,
dcrlme_seed2,dcrlme,2,leg4_weak,top_k,0,19,553,1455.701904296875,258,1441.389892578125,89.92930886633089,70.88375960572384,
dcrlme_seed2,dcrlme,2,leg4_weak,top_k,0,20,311,1294.295654296875,258,1441.389892578125,89.92930886633089,70.88375960572384,
dcrlme_seed2,dcrlme,2,leg4_weak,top_k,1,1,771,1398.93310546875,771,1397.452392578125,79.60431966503451,62.74543338368837,
dcrlme_seed2,dcrlme,2,leg4_weak,top_k,1,2,905,1387.1788330078125,771,1397.452392578125,79.60431966503451,62.74543338368837,
dcrlme_seed2,dcrlme,2,leg4_weak,top_k,1,3,906,1344.3387451171875,771,1397.452392578125,79.60431966503451,62.74543338368837,
dcrlme_seed2,dcrlme,2,leg4_weak,top_k,1,4,32,1208.8486328125,771,1397.452392578125,79.60431966503451,62.74543338368837,
dcrlme_seed2,dcrlme,2,leg4_weak,top_k,1,5,258,1431.440673828125,258,1441.389892578125,89.92930886633089,70.88375960572384,
dcrlme_seed2,dcrlme,2,leg4_weak,top_k,1,6,94,1428.267333984375,258,1441.389892578125,89.92930886633089,70.88375960572384,
dcrlme_seed2,dcrlme,2,leg4_weak,top_k,1,7,437,1279.196044921875,258,1441.389892578125,89.92930886633089,70.88375960572384,
dcrlme_seed2,dcrlme,2,leg4_weak,top_k,1,8,790,1433.91748046875,790,1436.15673828125,88.69955611289812,69.91444826943444,
dcrlme_seed2,dcrlme,2,leg4_weak,top_k,1,9,161,1469.81689453125,161,1450.9407958984375,92.17370086962767,72.65282627851644,
dcrlme_seed2,dcrlme,2,leg4_weak,top_k,1,10,661,1220.9189453125,161,1450.9407958984375,92.17370086962767,72.65282627851644,
dcrlme_seed2,dcrlme,2,leg4_weak,top_k,1,11,478,1347.625244140625,161,1450.9407958984375,92.17370086962767,72.65282627851644,
dcrlme_seed2,dcrlme,2,leg4_weak,top_k,1,12,575,1384.218017578125,161,1450.9407958984375,92.17370086962767,72.65282627851644,
dcrlme_seed2,dcrlme,2,leg4_weak,top_k,1,13,674,1068.7625732421875,161,1450.9407958984375,92.17370086962767,72.65282627851644,
dcrlme_seed2,dcrlme,2,leg4_weak,top_k,1,14,323,1405.714599609375,161,1450.9407958984375,92.17370086962767,72.65282627851644,
dcrlme_seed2,dcrlme,2,leg4_weak,top_k,1,15,358,1480.056640625,358,1445.298095703125,90.84770784356213,71.60765677723403,
dcrlme_seed2,dcrlme,2,leg4_weak,top_k,1,16,120,1359.19921875,358,1445.298095703125,90.84770784356213,71.60765677723403,
dcrlme_seed2,dcrlme,2,leg4_weak,top_k,1,17,427,1470.9398193359375,358,1445.298095703125,90.84770784356213,71.60765677723403,
dcrlme_seed2,dcrlme,2,leg4_weak,top_k,1,18,285,1392.6527099609375,358,1445.298095703125,90.84770784356213,71.60765677723403,
dcrlme_seed2,dcrlme,2,leg4_weak,top_k,1,19,553,1451.596923828125,358,1445.298095703125,90.84770784356213,71.60765677723403,
dcrlme_seed2,dcrlme,2,leg4_weak,top_k,1,20,311,1301.76220703125,358,1445.298095703125,90.84770784356213,71.60765677723403,
dcrlme_seed2,dcrlme,2,leg4_weak,top_k,2,1,771,1475.413818359375,771,1397.452392578125,79.60431966503451,62.74543338368837,
dcrlme_seed2,dcrlme,2,leg4_weak,top_k,2,2,905,1354.2890625,771,1397.452392578125,79.60431966503451,62.74543338368837,
dcrlme_seed2,dcrlme,2,leg4_weak,top_k,2,3,906,1333.184814453125,771,1397.452392578125,79.60431966503451,62.74543338368837,
dcrlme_seed2,dcrlme,2,leg4_weak,top_k,2,4,32,1222.228759765625,771,1397.452392578125,79.60431966503451,62.74543338368837,
dcrlme_seed2,dcrlme,2,leg4_weak,top_k,2,5,258,1447.29931640625,771,1397.452392578125,79.60431966503451,62.74543338368837,
dcrlme_seed2,dcrlme,2,leg4_weak,top_k,2,6,94,1395.9093017578125,771,1397.452392578125,79.60431966503451,62.74543338368837,
dcrlme_seed2,dcrlme,2,leg4_weak,top_k,2,7,437,1297.232666015625,771,1397.452392578125,79.60431966503451,62.74543338368837,
dcrlme_seed2,dcrlme,2,leg4_weak,top_k,2,8,790,1449.54931640625,771,1397.452392578125,79.60431966503451,62.74543338368837,
dcrlme_seed2,dcrlme,2,leg4_weak,top_k,2,9,161,1458.6131591796875,771,1397.452392578125,79.60431966503451,62.74543338368837,
dcrlme_seed2,dcrlme,2,leg4_weak,top_k,2,10,661,1250.60888671875,771,1397.452392578125,79.60431966503451,62.74543338368837,
dcrlme_seed2,dcrlme,2,leg4_weak,top_k,2,11,478,1334.027099609375,771,1397.452392578125,79.60431966503451,62.74543338368837,
dcrlme_seed2,dcrlme,2,leg4_weak,top_k,2,12,575,1372.859130859375,771,1397.452392578125,79.60431966503451,62.74543338368837,
dcrlme_seed2,dcrlme,2,leg4_weak,top_k,2,13,674,1083.4423828125,771,1397.452392578125,79.60431966503451,62.74543338368837,
dcrlme_seed2,dcrlme,2,leg4_weak,top_k,2,14,323,1378.4886474609375,771,1397.452392578125,79.60431966503451,62.74543338368837,
dcrlme_seed2,dcrlme,2,leg4_weak,top_k,2,15,358,1476.40087890625,358,1445.298095703125,90.84770784356213,71.60765677723403,
dcrlme_seed2,dcrlme,2,leg4_weak,top_k,2,16,120,1391.484619140625,358,1445.298095703125,90.84770784356213,71.60765677723403,
dcrlme_seed2,dcrlme,2,leg4_weak,top_k,2,17,427,1486.96728515625,427,1474.2911376953125,97.66085937658218,76.97789481766861,
dcrlme_seed2,dcrlme,2,leg4_weak,top_k,2,18,285,1388.2701416015625,427,1474.2911376953125,97.66085937658218,76.97789481766861,
dcrlme_seed2,dcrlme,2,leg4_weak,top_k,2,19,553,1450.591552734375,427,1474.2911376953125,97.66085937658218,76.97789481766861,
dcrlme_seed2,dcrlme,2,leg4_weak,top_k,2,20,311,1320.6142578125,427,1474.2911376953125,97.66085937658218,76.97789481766861,
dcrlme_seed2,dcrlme,2,leg4_weak,top_k,3,1,771,1384.619873046875,771,1397.452392578125,79.60431966503451,62.74543338368837,
dcrlme_seed2,dcrlme,2,leg4_weak,top_k,3,2,905,1340.6717529296875,771,1397.452392578125,79.60431966503451,62.74543338368837,
dcrlme_seed2,dcrlme,2,leg4_weak,top_k,3,3,906,1313.3062744140625,771,1397.452392578125,79.60431966503451,62.74543338368837,
dcrlme_seed2,dcrlme,2,leg4_weak,top_k,3,4,32,1201.01904296875,771,1397.452392578125,79.60431966503451,62.74543338368837,
dcrlme_seed2,dcrlme,2,leg4_weak,top_k,3,5,258,1443.818603515625,258,1441.389892578125,89.92930886633089,70.88375960572384,
dcrlme_seed2,dcrlme,2,leg4_weak,top_k,3,6,94,1347.220458984375,258,1441.389892578125,89.92930886633089,70.88375960572384,
dcrlme_seed2,dcrlme,2,leg4_weak,top_k,3,7,437,1271.0462646484375,258,1441.389892578125,89.92930886633089,70.88375960572384,
dcrlme_seed2,dcrlme,2,leg4_weak,top_k,3,8,790,1445.360595703125,790,1436.15673828125,88.69955611289812,69.91444826943444,
dcrlme_seed2,dcrlme,2,leg4_weak,top_k,3,9,161,1436.6748046875,790,1436.15673828125,88.69955611289812,69.91444826943444,
dcrlme_seed2,dcrlme,2,leg4_weak,top_k,3,10,661,1228.861572265625,790,1436.15673828125,88.69955611289812,69.91444826943444,
dcrlme_seed2,dcrlme,2,leg4_weak,top_k,3,11,478,1339.730224609375,790,1436.15673828125,88.69955611289812,69.91444826943444,
dcrlme_seed2,dcrlme,2,leg4_weak,top_k,3,12,575,1290.107421875,790,1436.15673828125,88.69955611289812,69.91444826943444,
dcrlme_seed2,dcrlme,2,leg4_weak,top_k,3,13,674,1088.083251953125,790,1436.15673828125,88.69955611289812,69.91444826943444,
dcrlme_seed2,dcrlme,2,leg4_weak,top_k,3,14,323,1402.119140625,790,1436.15673828125,88.69955611289812,69.91444826943444,
dcrlme_seed2,dcrlme,2,leg4_weak,top_k,3,15,358,1427.166015625,790,1436.15673828125,88.69955611289812,69.91444826943444,
dcrlme_seed2,dcrlme,2,leg4_weak,top_k,3,16,120,1399.1947021484375,790,1436.15673828125,88.69955611289812,69.91444826943444,
dcrlme_seed2,dcrlme,2,leg4_weak,top_k,3,17,427,1465.515625,427,1474.2911376953125,97.66085937658218,76.97789481766861,
dcrlme_seed2,dcrlme,2,leg4_weak,top_k,3,18,285,1367.5760498046875,427,1474.2911376953125,97.66085937658218,76.97789481766861,
dcrlme_seed2,dcrlme,2,leg4_weak,top_k,3,19,553,1456.80517578125,427,1474.2911376953125,97.66085937658218,76.97789481766861,
dcrlme_seed2,dcrlme,2,leg4_weak,top_k,3,20,311,1285.0185546875,427,1474.2911376953125,97.66085937658218,76.97789481766861,
dcrlme_seed2,dcrlme,2,leg4_weak,top_k,4,1,771,1449.55810546875,771,1397.452392578125,79.60431966503451,62.74543338368837,
dcrlme_seed2,dcrlme,2,leg4_weak,top_k,4,2,905,1399.7662353515625,771,1397.452392578125,79.60431966503451,62.74543338368837,
dcrlme_seed2,dcrlme,2,leg4_weak,top_k,4,3,906,1315.877685546875,771,1397.452392578125,79.60431966503451,62.74543338368837,
dcrlme_seed2,dcrlme,2,leg4_weak,top_k,4,4,32,1246.2982177734375,771,1397.452392578125,79.60431966503451,62.74543338368837,
dcrlme_seed2,dcrlme,2,leg4_weak,top_k,4,5,258,1490.8209228515625,258,1441.389892578125,89.92930886633089,70.88375960572384,
dcrlme_seed2,dcrlme,2,leg4_weak,top_k,4,6,94,1394.044189453125,258,1441.389892578125,89.92930886633089,70.88375960572384,
dcrlme_seed2,dcrlme,2,leg4_weak,top_k,4,7,437,1235.89111328125,258,1441.389892578125,89.92930886633089,70.88375960572384,
dcrlme_seed2,dcrlme,2,leg4_weak,top_k,4,8,790,1458.3074951171875,258,1441.389892578125,89.92930886633089,70.88375960572384,
dcrlme_seed2,dcrlme,2,leg4_weak,top_k,4,9,161,1474.050537109375,258,1441.389892578125,89.92930886633089,70.88375960572384,
dcrlme_seed2,dcrlme,2,leg4_weak,top_k,4,10,661,1243.938232421875,258,1441.389892578125,89.92930886633089,70.88375960572384,
dcrlme_seed2,dcrlme,2,leg4_weak,top_k,4,11,478,1353.102294921875,258,1441.389892578125,89.92930886633089,70.88375960572384,
dcrlme_seed2,dcrlme,2,leg4_weak,top_k,4,12,575,1326.37939453125,258,1441.389892578125,89.92930886633089,70.88375960572384,
dcrlme_seed2,dcrlme,2,leg4_weak,top_k,4,13,674,1063.330810546875,258,1441.389892578125,89.92930886633089,70.88375960572384,
dcrlme_seed2,dcrlme,2,leg4_weak,top_k,4,14,323,1387.2073974609375,258,1441.389892578125,89.92930886633089,70.88375960572384,
dcrlme_seed2,dcrlme,2,leg4_weak,top_k,4,15,358,1485.5087890625,258,1441.389892578125,89.92930886633089,70.88375960572384,
dcrlme_seed2,dcrlme,2,leg4_weak,top_k,4,16,120,1391.011474609375,258,1441.389892578125,89.92930886633089,70.88375960572384,
dcrlme_seed2,dcrlme,2,leg4_weak,top_k,4,17,427,1465.386474609375,258,1441.389892578125,89.92930886633089,70.88375960572384,
dcrlme_seed2,dcrlme,2,leg4_weak,top_k,4,18,285,1353.4644775390625,258,1441.389892578125,89.92930886633089,70.88375960572384,
dcrlme_seed2,dcrlme,2,leg4_weak,top_k,4,19,553,1441.0401611328125,258,1441.389892578125,89.92930886633089,70.88375960572384,
dcrlme_seed2,dcrlme,2,leg4_weak,top_k,4,20,311,1345.236572265625,258,1441.389892578125,89.92930886633089,70.88375960572384,
dcrlme_seed2,dcrlme,2,legs12_paralysed,ite,0,1,771,1055.79833984375,771,1054.7265625,-13.830188615111823,-0.7359802127537851,
dcrlme_seed2,dcrlme,2,legs12_paralysed,ite,0,2,311,1052.8125,771,1054.7265625,-13.830188615111823,-0.7359802127537851,
dcrlme_seed2,dcrlme,2,legs12_paralysed,ite,0,3,305,1055.9696044921875,305,1055.5020751953125,-11.130891885369504,-0.5923358246164736,
dcrlme_seed2,dcrlme,2,legs12_paralysed,ite,0,4,258,1054.5380859375,305,1055.5020751953125,-11.130891885369504,-0.5923358246164736,
dcrlme_seed2,dcrlme,2,legs12_paralysed,ite,0,5,133,1059.154296875,133,1057.3145751953125,-4.822193972066502,-0.25661539724943433,
dcrlme_seed2,dcrlme,2,legs12_paralysed,ite,0,6,78,1058.21923828125,133,1057.3145751953125,-4.822193972066502,-0.25661539724943433,
dcrlme_seed2,dcrlme,2,legs12_paralysed,ite,0,7,158,1042.505126953125,133,1057.3145751953125,-4.822193972066502,-0.25661539724943433,
dcrlme_seed2,dcrlme,2,legs12_paralysed,ite,0,8,278,1064.2760009765625,278,1062.9974365234375,14.95791935335833,0.7959929524033909,
dcrlme_seed2,dcrlme,2,legs12_paralysed,ite,0,9,720,1057.3388671875,278,1062.9974365234375,14.95791935335833,0.7959929524033909,
dcrlme_seed2,dcrlme,2,legs12_paralysed,ite,0,10,203,1058.0526123046875,278,1062.9974365234375,14.95791935335833,0.7959929524033909,
dcrlme_seed2,dcrlme,2,legs12_paralysed,ite,0,11,258,1054.90185546875,278,1062.9974365234375,14.95791935335833,0.7959929524033909,
dcrlme_seed2,dcrlme,2,legs12_paralysed,ite,0,12,298,1044.0478515625,278,1062.9974365234375,14.95791935335833,0.7959929524033909,
dcrlme_seed2,dcrlme,2,legs12_paralysed,ite,0,13,311,1056.0157470703125,278,1062.9974365234375,14.95791935335833,0.7959929524033909,
dcrlme_seed2,dcrlme,2,legs12_paralysed,ite,0,14,261,1054.1868896484375,278,1062.9974365234375,14.95791935335833,0.7959929524033909,
dcrlme_seed2,dcrlme,2,legs12_paralysed,ite,0,15,305,1055.01171875,278,1062.9974365234375,14.95791935335833,0.7959929524033909,
dcrlme_seed2,dcrlme,2,legs12_paralysed,ite,0,16,181,1061.34375,278,1062.9974365234375,14.95791935335833,0.7959929524033909,
dcrlme_seed2,dcrlme,2,legs12_paralysed,ite,0,17,258,1055.3701171875,278,1062.9974365234375,14.95791935335833,0.7959929524033909,
dcrlme_seed2,dcrlme,2,legs12_paralysed,ite,0,18,768,1043.542724609375,278,1062.9974365234375,14.95791935335833,0.7959929524033909,
dcrlme_seed2,dcrlme,2,legs12_paralysed,ite,0,19,191,1056.950927734375,278,1062.9974365234375,14.95791935335833,0.7959929524033909,
dcrlme_seed2,dcrlme,2,legs12_paralysed,ite,0,20,456,1042.9718017578125,278,1062.9974365234375,14.95791935335833,0.7959929524033909,
dcrlme_seed2,dcrlme,2,legs12_paralysed,ite,1,1,771,1053.9920654296875,771,1054.7265625,-13.830188615111823,-0.7359802127537851,
dcrlme_seed2,dcrlme,2,legs12_paralysed,ite,1,2,311,1052.51171875,771,1054.7265625,-13.830188615111823,-0.7359802127537851,
dcrlme_seed2,dcrlme,2,legs12_paralysed,ite,1,3,305,1054.999267578125,305,1055.5020751953125,-11.130891885369504,-0.5923358246164736,
dcrlme_seed2,dcrlme,2,legs12_paralysed,ite,1,4,258,1053.9443359375,305,1055.5020751953125,-11.130891885369504,-0.5923358246164736,
dcrlme_seed2,dcrlme,2,legs12_paralysed,ite,1,5,133,1058.30810546875,133,1057.3145751953125,-4.822193972066502,-0.25661539724943433,
dcrlme_seed2,dcrlme,2,legs12_paralysed,ite,1,6,78,1057.8028564453125,133,1057.3145751953125,-4.822193972066502,-0.25661539724943433,
dcrlme_seed2,dcrlme,2,legs12_paralysed,ite,1,7,158,1049.056884765625,133,1057.3145751953125,-4.822193972066502,-0.25661539724943433,
dcrlme_seed2,dcrlme,2,legs12_paralysed,ite,1,8,278,1063.114990234375,278,1062.9974365234375,14.95791935335833,0.7959929524033909,
dcrlme_seed2,dcrlme,2,legs12_paralysed,ite,1,9,720,1057.7530517578125,278,1062.9974365234375,14.95791935335833,0.7959929524033909,
dcrlme_seed2,dcrlme,2,legs12_paralysed,ite,1,10,203,1057.91748046875,278,1062.9974365234375,14.95791935335833,0.7959929524033909,
dcrlme_seed2,dcrlme,2,legs12_paralysed,ite,1,11,258,1054.5712890625,278,1062.9974365234375,14.95791935335833,0.7959929524033909,
dcrlme_seed2,dcrlme,2,legs12_paralysed,ite,1,12,298,1044.342041015625,278,1062.9974365234375,14.95791935335833,0.7959929524033909,
dcrlme_seed2,dcrlme,2,legs12_paralysed,ite,1,13,311,1053.1448974609375,278,1062.9974365234375,14.95791935335833,0.7959929524033909,
dcrlme_seed2,dcrlme,2,legs12_paralysed,ite,1,14,261,1055.2818603515625,278,1062.9974365234375,14.95791935335833,0.7959929524033909,
dcrlme_seed2,dcrlme,2,legs12_paralysed,ite,1,15,305,1054.937255859375,278,1062.9974365234375,14.95791935335833,0.7959929524033909,
dcrlme_seed2,dcrlme,2,legs12_paralysed,ite,1,16,181,1061.4056396484375,278,1062.9974365234375,14.95791935335833,0.7959929524033909,
dcrlme_seed2,dcrlme,2,legs12_paralysed,ite,1,17,258,1055.01220703125,278,1062.9974365234375,14.95791935335833,0.7959929524033909,
dcrlme_seed2,dcrlme,2,legs12_paralysed,ite,1,18,768,1042.926025390625,278,1062.9974365234375,14.95791935335833,0.7959929524033909,
dcrlme_seed2,dcrlme,2,legs12_paralysed,ite,1,19,191,1057.1640625,278,1062.9974365234375,14.95791935335833,0.7959929524033909,
dcrlme_seed2,dcrlme,2,legs12_paralysed,ite,1,20,456,1048.335205078125,278,1062.9974365234375,14.95791935335833,0.7959929524033909,
dcrlme_seed2,dcrlme,2,legs12_paralysed,ite,2,1,771,1055.798828125,771,1054.7265625,-13.830188615111823,-0.7359802127537851,
dcrlme_seed2,dcrlme,2,legs12_paralysed,ite,2,2,311,1055.3701171875,771,1054.7265625,-13.830188615111823,-0.7359802127537851,
dcrlme_seed2,dcrlme,2,legs12_paralysed,ite,2,3,305,1054.510009765625,771,1054.7265625,-13.830188615111823,-0.7359802127537851,
dcrlme_seed2,dcrlme,2,legs12_paralysed,ite,2,4,258,1054.4246826171875,771,1054.7265625,-13.830188615111823,-0.7359802127537851,
dcrlme_seed2,dcrlme,2,legs12_paralysed,ite,2,5,133,1058.898193359375,133,1057.3145751953125,-4.822193972066502,-0.25661539724943433,
dcrlme_seed2,dcrlme,2,legs12_paralysed,ite,2,6,78,1058.8466796875,133,1057.3145751953125,-4.822193972066502,-0.25661539724943433,
dcrlme_seed2,dcrlme,2,legs12_paralysed,ite,2,7,158,1049.502685546875,133,1057.3145751953125,-4.822193972066502,-0.25661539724943433,
dcrlme_seed2,dcrlme,2,legs12_paralysed,ite,2,8,278,1062.627197265625,278,1062.9974365234375,14.95791935335833,0.7959929524033909,
dcrlme_seed2,dcrlme,2,legs12_paralysed,ite,2,9,720,1054.0242919921875,278,1062.9974365234375,14.95791935335833,0.7959929524033909,
dcrlme_seed2,dcrlme,2,legs12_paralysed,ite,2,10,203,1055.824951171875,278,1062.9974365234375,14.95791935335833,0.7959929524033909,
dcrlme_seed2,dcrlme,2,legs12_paralysed,ite,2,11,258,1054.4453125,278,1062.9974365234375,14.95791935335833,0.7959929524033909,
dcrlme_seed2,dcrlme,2,legs12_paralysed,ite,2,12,311,1058.044189453125,278,1062.9974365234375,14.95791935335833,0.7959929524033909,
dcrlme_seed2,dcrlme,2,legs12_paralysed,ite,2,13,298,1045.2586669921875,278,1062.9974365234375,14.95791935335833,0.7959929524033909,
dcrlme_seed2,dcrlme,2,legs12_paralysed,ite,2,14,261,1058.4696044921875,278,1062.9974365234375,14.95791935335833,0.7959929524033909,
dcrlme_seed2,dcrlme,2,legs12_paralysed,ite,2,15,305,1055.9755859375,278,1062.9974365234375,14.95791935335833,0.7959929524033909,
dcrlme_seed2,dcrlme,2,legs12_paralysed,ite,2,16,181,1060.77294921875,278,1062.9974365234375,14.95791935335833,0.7959929524033909,
dcrlme_seed2,dcrlme,2,legs12_paralysed,ite,2,17,768,1051.4951171875,278,1062.9974365234375,14.95791935335833,0.7959929524033909,
dcrlme_seed2,dcrlme,2,legs12_paralysed,ite,2,18,258,1053.970458984375,278,1062.9974365234375,14.95791935335833,0.7959929524033909,
dcrlme_seed2,dcrlme,2,legs12_paralysed,ite,2,19,311,1053.5308837890625,278,1062.9974365234375,14.95791935335833,0.7959929524033909,
dcrlme_seed2,dcrlme,2,legs12_paralysed,ite,2,20,191,1058.021484375,278,1062.9974365234375,14.95791935335833,0.7959929524033909,
dcrlme_seed2,dcrlme,2,legs12_paralysed,ite,3,1,771,1054.910400390625,771,1054.7265625,-13.830188615111823,-0.7359802127537851,
dcrlme_seed2,dcrlme,2,legs12_paralysed,ite,3,2,311,1053.6175537109375,771,1054.7265625,-13.830188615111823,-0.7359802127537851,
dcrlme_seed2,dcrlme,2,legs12_paralysed,ite,3,3,305,1055.64501953125,305,1055.5020751953125,-11.130891885369504,-0.5923358246164736,
dcrlme_seed2,dcrlme,2,legs12_paralysed,ite,3,4,258,1056.11279296875,258,1054.7548828125,-13.731615210216464,-0.7307345810761752,
dcrlme_seed2,dcrlme,2,legs12_paralysed,ite,3,5,133,1057.27783203125,133,1057.3145751953125,-4.822193972066502,-0.25661539724943433,
dcrlme_seed2,dcrlme,2,legs12_paralysed,ite,3,6,78,1056.768310546875,133,1057.3145751953125,-4.822193972066502,-0.25661539724943433,
dcrlme_seed2,dcrlme,2,legs12_paralysed,ite,3,7,158,1051.44970703125,133,1057.3145751953125,-4.822193972066502,-0.25661539724943433,
dcrlme_seed2,dcrlme,2,legs12_paralysed,ite,3,8,278,1060.5771484375,278,1062.9974365234375,14.95791935335833,0.7959929524033909,
dcrlme_seed2,dcrlme,2,legs12_paralysed,ite,3,9,720,1053.971435546875,278,1062.9974365234375,14.95791935335833,0.7959929524033909,
dcrlme_seed2,dcrlme,2,legs12_paralysed,ite,3,10,203,1057.052978515625,278,1062.9974365234375,14.95791935335833,0.7959929524033909,
dcrlme_seed2,dcrlme,2,legs12_paralysed,ite,3,11,258,1054.7845458984375,278,1062.9974365234375,14.95791935335833,0.7959929524033909,
dcrlme_seed2,dcrlme,2,legs12_paralysed,ite,3,12,311,1060.2900390625,278,1062.9974365234375,14.95791935335833,0.7959929524033909,
dcrlme_seed2,dcrlme,2,legs12_paralysed,ite,3,13,298,1038.24169921875,278,1062.9974365234375,14.95791935335833,0.7959929524033909,
dcrlme_seed2,dcrlme,2,legs12_paralysed,ite,3,14,261,1051.080078125,278,1062.9974365234375,14.95791935335833,0.7959929524033909,
dcrlme_seed2,dcrlme,2,legs12_paralysed,ite,3,15,305,1054.5535888671875,278,1062.9974365234375,14.95791935335833,0.7959929524033909,
dcrlme_seed2,dcrlme,2,legs12_paralysed,ite,3,16,181,1063.781494140625,181,1063.771728515625,17.652967229441366,0.9394112357270122,
dcrlme_seed2,dcrlme,2,legs12_paralysed,ite,3,17,258,1054.704833984375,181,1063.771728515625,17.652967229441366,0.9394112357270122,
dcrlme_seed2,dcrlme,2,legs12_paralysed,ite,3,18,768,1050.6444091796875,181,1063.771728515625,17.652967229441366,0.9394112357270122,
dcrlme_seed2,dcrlme,2,legs12_paralysed,ite,3,19,311,1052.093505859375,181,1063.771728515625,17.652967229441366,0.9394112357270122,
dcrlme_seed2,dcrlme,2,legs12_paralysed,ite,3,20,914,1057.05517578125,181,1063.771728515625,17.652967229441366,0.9394112357270122,
dcrlme_seed2,dcrlme,2,legs12_paralysed,ite,4,1,771,1056.2406005859375,771,1054.7265625,-13.830188615111823,-0.7359802127537851,
dcrlme_seed2,dcrlme,2,legs12_paralysed,ite,4,2,311,1053.83935546875,771,1054.7265625,-13.830188615111823,-0.7359802127537851,
dcrlme_seed2,dcrlme,2,legs12_paralysed,ite,4,3,305,1055.6793212890625,771,1054.7265625,-13.830188615111823,-0.7359802127537851,
dcrlme_seed2,dcrlme,2,legs12_paralysed,ite,4,4,258,1053.993408203125,771,1054.7265625,-13.830188615111823,-0.7359802127537851,
dcrlme_seed2,dcrlme,2,legs12_paralysed,ite,4,5,133,1059.587158203125,133,1057.3145751953125,-4.822193972066502,-0.25661539724943433,
dcrlme_seed2,dcrlme,2,legs12_paralysed,ite,4,6,78,1056.72119140625,133,1057.3145751953125,-4.822193972066502,-0.25661539724943433,
dcrlme_seed2,dcrlme,2,legs12_paralysed,ite,4,7,158,1052.254638671875,133,1057.3145751953125,-4.822193972066502,-0.25661539724943433,
dcrlme_seed2,dcrlme,2,legs12_paralysed,ite,4,8,278,1063.306640625,278,1062.9974365234375,14.95791935335833,0.7959929524033909,
dcrlme_seed2,dcrlme,2,legs12_paralysed,ite,4,9,720,1058.3526611328125,278,1062.9974365234375,14.95791935335833,0.7959929524033909,
dcrlme_seed2,dcrlme,2,legs12_paralysed,ite,4,10,203,1056.6800537109375,278,1062.9974365234375,14.95791935335833,0.7959929524033909,
dcrlme_seed2,dcrlme,2,legs12_paralysed,ite,4,11,258,1054.84033203125,278,1062.9974365234375,14.95791935335833,0.7959929524033909,
dcrlme_seed2,dcrlme,2,legs12_paralysed,ite,4,12,311,1053.7623291015625,278,1062.9974365234375,14.95791935335833,0.7959929524033909,
dcrlme_seed2,dcrlme,2,legs12_paralysed,ite,4,13,298,1040.1639404296875,278,1062.9974365234375,14.95791935335833,0.7959929524033909,
dcrlme_seed2,dcrlme,2,legs12_paralysed,ite,4,14,261,1050.34033203125,278,1062.9974365234375,14.95791935335833,0.7959929524033909,
dcrlme_seed2,dcrlme,2,legs12_paralysed,ite,4,15,305,1055.3087158203125,278,1062.9974365234375,14.95791935335833,0.7959929524033909,
dcrlme_seed2,dcrlme,2,legs12_paralysed,ite,4,16,181,1061.273681640625,278,1062.9974365234375,14.95791935335833,0.7959929524033909,
dcrlme_seed2,dcrlme,2,legs12_paralysed,ite,4,17,258,1056.8798828125,278,1062.9974365234375,14.95791935335833,0.7959929524033909,
dcrlme_seed2,dcrlme,2,legs12_paralysed,ite,4,18,768,1049.37109375,278,1062.9974365234375,14.95791935335833,0.7959929524033909,
dcrlme_seed2,dcrlme,2,legs12_paralysed,ite,4,19,456,1039.84033203125,278,1062.9974365234375,14.95791935335833,0.7959929524033909,
dcrlme_seed2,dcrlme,2,legs12_paralysed,ite,4,20,914,1058.6759033203125,278,1062.9974365234375,14.95791935335833,0.7959929524033909,
dcrlme_seed2,dcrlme,2,legs12_paralysed,top_k,0,1,771,1054.2493896484375,771,1054.7265625,-13.830188615111823,-0.7359802127537851,
dcrlme_seed2,dcrlme,2,legs12_paralysed,top_k,0,2,905,1056.590576171875,905,1057.35986328125,-4.664561501307113,-0.24822690866153216,
dcrlme_seed2,dcrlme,2,legs12_paralysed,top_k,0,3,906,1056.4765625,905,1057.35986328125,-4.664561501307113,-0.24822690866153216,
dcrlme_seed2,dcrlme,2,legs12_paralysed,top_k,0,4,32,1057.1329345703125,32,1058.4755859375,-0.7811092567226958,-0.041567108948793785,
dcrlme_seed2,dcrlme,2,legs12_paralysed,top_k,0,5,258,1055.0396728515625,32,1058.4755859375,-0.7811092567226958,-0.041567108948793785,
dcrlme_seed2,dcrlme,2,legs12_paralysed,top_k,0,6,94,1056.028076171875,32,1058.4755859375,-0.7811092567226958,-0.041567108948793785,
dcrlme_seed2,dcrlme,2,legs12_paralysed,top_k,0,7,437,1056.5687255859375,32,1058.4755859375,-0.7811092567226958,-0.041567108948793785,
dcrlme_seed2,dcrlme,2,legs12_paralysed,top_k,0,8,790,1057.0626220703125,32,1058.4755859375,-0.7811092567226958,-0.041567108948793785,
dcrlme_seed2,dcrlme,2,legs12_paralysed,top_k,0,9,161,1057.6884765625,161,1056.5694580078125,-7.415694245692682,-0.3946297755258627,
dcrlme_seed2,dcrlme,2,legs12_paralysed,top_k,0,10,661,1058.00390625,661,1059.2950439453125,2.0711462047538025,0.11021705248136078,
dcrlme_seed2,dcrlme,2,legs12_paralysed,top_k,0,11,478,1055.7091064453125,661,1059.2950439453125,2.0711462047538025,0.11021705248136078,
dcrlme_seed2,dcrlme,2,legs12_paralysed,top_k,0,12,575,1055.9891357421875,661,1059.2950439453125,2.0711462047538025,0.11021705248136078,
dcrlme_seed2,dcrlme,2,legs12_paralysed,top_k,0,13,674,1057.865478515625,661,1059.2950439453125,2.0711462047538025,0.11021705248136078,
dcrlme_seed2,dcrlme,2,legs12_paralysed,top_k,0,14,323,1054.8502197265625,661,1059.2950439453125,2.0711462047538025,0.11021705248136078,
dcrlme_seed2,dcrlme,2,legs12_paralysed,top_k,0,15,358,1059.98046875,358,1058.14013671875,-1.9486942422935907,-0.10370071175082934,
dcrlme_seed2,dcrlme,2,legs12_paralysed,top_k,0,16,120,1054.637451171875,358,1058.14013671875,-1.9486942422935907,-0.10370071175082934,
dcrlme_seed2,dcrlme,2,legs12_paralysed,top_k,0,17,427,1054.8427734375,358,1058.14013671875,-1.9486942422935907,-0.10370071175082934,
dcrlme_seed2,dcrlme,2,legs12_paralysed,top_k,0,18,285,1057.7196044921875,358,1058.14013671875,-1.9486942422935907,-0.10370071175082934,
dcrlme_seed2,dcrlme,2,legs12_paralysed,top_k,0,19,553,1057.23095703125,358,1058.14013671875,-1.9486942422935907,-0.10370071175082934,
dcrlme_seed2,dcrlme,2,legs12_paralysed,top_k,0,20,311,1055.7493896484375,358,1058.14013671875,-1.9486942422935907,-0.10370071175082934,
dcrlme_seed2,dcrlme,2,legs12_paralysed,top_k,1,1,771,1056.86669921875,771,1054.7265625,-13.830188615111823,-0.7359802127537851,
dcrlme_seed2,dcrlme,2,legs12_paralysed,top_k,1,2,905,1056.3134765625,771,1054.7265625,-13.830188615111823,-0.7359802127537851,
dcrlme_seed2,dcrlme,2,legs12_paralysed,top_k,1,3,906,1056.0628662109375,771,1054.7265625,-13.830188615111823,-0.7359802127537851,
dcrlme_seed2,dcrlme,2,legs12_paralysed,top_k,1,4,32,1060.563232421875,32,1058.4755859375,-0.7811092567226958,-0.041567108948793785,
dcrlme_seed2,dcrlme,2,legs12_paralysed,top_k,1,5,258,1054.2103271484375,32,1058.4755859375,-0.7811092567226958,-0.041567108948793785,
dcrlme_seed2,dcrlme,2,legs12_paralysed,top_k,1,6,94,1055.8424072265625,32,1058.4755859375,-0.7811092567226958,-0.041567108948793785,
dcrlme_seed2,dcrlme,2,legs12_paralysed,top_k,1,7,437,1056.48486328125,32,1058.4755859375,-0.7811092567226958,-0.041567108948793785,
dcrlme_seed2,dcrlme,2,legs12_paralysed,top_k,1,8,790,1056.036376953125,32,1058.4755859375,-0.7811092567226958,-0.041567108948793785,
dcrlme_seed2,dcrlme,2,legs12_paralysed,top_k,1,9,161,1057.013671875,32,1058.4755859375,-0.7811092567226958,-0.041567108948793785,
dcrlme_seed2,dcrlme,2,legs12_paralysed,top_k,1,10,661,1061.2958984375,661,1059.2950439453125,2.0711462047538025,0.11021705248136078,
dcrlme_seed2,dcrlme,2,legs12_paralysed,top_k,1,11,478,1055.207763671875,661,1059.2950439453125,2.0711462047538025,0.11021705248136078,
dcrlme_seed2,dcrlme,2,legs12_paralysed,top_k,1,12,575,1054.228271484375,661,1059.2950439453125,2.0711462047538025,0.11021705248136078,
dcrlme_seed2,dcrlme,2,legs12_paralysed,top_k,1,13,674,1060.3470458984375,661,1059.2950439453125,2.0711462047538025,0.11021705248136078,
dcrlme_seed2,dcrlme,2,legs12_paralysed,top_k,1,14,323,1056.1500244140625,661,1059.2950439453125,2.0711462047538025,0.11021705248136078,
dcrlme_seed2,dcrlme,2,legs12_paralysed,top_k,1,15,358,1058.0853271484375,661,1059.2950439453125,2.0711462047538025,0.11021705248136078,
dcrlme_seed2,dcrlme,2,legs12_paralysed,top_k,1,16,120,1056.59619140625,661,1059.2950439453125,2.0711462047538025,0.11021705248136078,
dcrlme_seed2,dcrlme,2,legs12_paralysed,top_k,1,17,427,1055.994140625,661,1059.2950439453125,2.0711462047538025,0.11021705248136078,
dcrlme_seed2,dcrlme,2,legs12_paralysed,top_k,1,18,285,1062.419921875,285,1056.7113037109375,-6.921977450484029,-0.3683563961750747,
dcrlme_seed2,dcrlme,2,legs12_paralysed,top_k,1,19,553,1056.368896484375,285,1056.7113037109375,-6.921977450484029,-0.3683563961750747,
dcrlme_seed2,dcrlme,2,legs12_paralysed,top_k,1,20,311,1054.4384765625,285,1056.7113037109375,-6.921977450484029,-0.3683563961750747,
dcrlme_seed2,dcrlme,2,legs12_paralysed,top_k,2,1,771,1051.42626953125,771,1054.7265625,-13.830188615111823,-0.7359802127537851,
dcrlme_seed2,dcrlme,2,legs12_paralysed,top_k,2,2,905,1058.5394287109375,905,1057.35986328125,-4.664561501307113,-0.24822690866153216,
dcrlme_seed2,dcrlme,2,legs12_paralysed,top_k,2,3,906,1056.7808837890625,905,1057.35986328125,-4.664561501307113,-0.24822690866153216,
dcrlme_seed2,dcrlme,2,legs12_paralysed,top_k,2,4,32,1057.941650390625,905,1057.35986328125,-4.664561501307113,-0.24822690866153216,
dcrlme_seed2,dcrlme,2,legs12_paralysed,top_k,2,5,258,1055.6138916015625,905,1057.35986328125,-4.664561501307113,-0.24822690866153216,
dcrlme_seed2,dcrlme,2,legs12_paralysed,top_k,2,6,94,1055.893310546875,905,1057.35986328125,-4.664561501307113,-0.24822690866153216,
dcrlme_seed2,dcrlme,2,legs12_paralysed,top_k,2,7,437,1056.4044189453125,905,1057.35986328125,-4.664561501307113,-0.24822690866153216,
dcrlme_seed2,dcrlme,2,legs12_paralysed,top_k,2,8,790,1056.5484619140625,905,1057.35986328125,-4.664561501307113,-0.24822690866153216,
dcrlme_seed2,dcrlme,2,legs12_paralysed,top_k,2,9,161,1056.586669921875,905,1057.35986328125,-4.664561501307113,-0.24822690866153216,
dcrlme_seed2,dcrlme,2,legs12_paralysed,top_k,2,10,661,1059.29443359375,661,1059.2950439453125,2.0711462047538025,0.11021705248136078,
dcrlme_seed2,dcrlme,2,legs12_paralysed,top_k,2,11,478,1055.955078125,661,1059.2950439453125,2.0711462047538025,0.11021705248136078,
dcrlme_seed2,dcrlme,2,legs12_paralysed,top_k,2,12,575,1055.6741943359375,661,1059.2950439453125,2.0711462047538025,0.11021705248136078,
dcrlme_seed2,dcrlme,2,legs12_paralysed,top_k,2,13,674,1057.606689453125,661,1059.2950439453125,2.0711462047538025,0.11021705248136078,
dcrlme_seed2,dcrlme,2,legs12_paralysed,top_k,2,14,323,1055.86767578125,661,1059.2950439453125,2.0711462047538025,0.11021705248136078,
dcrlme_seed2,dcrlme,2,legs12_paralysed,top_k,2,15,358,1059.7005615234375,358,1058.14013671875,-1.9486942422935907,-0.10370071175082934,
dcrlme_seed2,dcrlme,2,legs12_paralysed,top_k,2,16,120,1056.500244140625,358,1058.14013671875,-1.9486942422935907,-0.10370071175082934,
dcrlme_seed2,dcrlme,2,legs12_paralysed,top_k,2,17,427,1056.6229248046875,358,1058.14013671875,-1.9486942422935907,-0.10370071175082934,
dcrlme_seed2,dcrlme,2,legs12_paralysed,top_k,2,18,285,1056.54345703125,358,1058.14013671875,-1.9486942422935907,-0.10370071175082934,
dcrlme_seed2,dcrlme,2,legs12_paralysed,top_k,2,19,553,1056.779052734375,358,1058.14013671875,-1.9486942422935907,-0.10370071175082934,
dcrlme_seed2,dcrlme,2,legs12_paralysed,top_k,2,20,311,1054.6424560546875,358,1058.14013671875,-1.9486942422935907,-0.10370071175082934,
dcrlme_seed2,dcrlme,2,legs12_paralysed,top_k,3,1,771,1056.757080078125,771,1054.7265625,-13.830188615111823,-0.7359802127537851,
dcrlme_seed2,dcrlme,2,legs12_paralysed,top_k,3,2,905,1056.893798828125,905,1057.35986328125,-4.664561501307113,-0.24822690866153216,
dcrlme_seed2,dcrlme,2,legs12_paralysed,top_k,3,3,906,1058.2332763671875,906,1057.35546875,-4.679857374480531,-0.24904088599081647,
dcrlme_seed2,dcrlme,2,legs12_paralysed,top_k,3,4,32,1058.7666015625,32,1058.4755859375,-0.7811092567226958,-0.041567108948793785,
dcrlme_seed2,dcrlme,2,legs12_paralysed,top_k,3,5,258,1054.7064208984375,32,1058.4755859375,-0.7811092567226958,-0.041567108948793785,
dcrlme_seed2,dcrlme,2,legs12_paralysed,top_k,3,6,94,1054.896240234375,32,1058.4755859375,-0.7811092567226958,-0.041567108948793785,
dcrlme_seed2,dcrlme,2,legs12_paralysed,top_k,3,7,437,1055.9796142578125,32,1058.4755859375,-0.7811092567226958,-0.041567108948793785,
dcrlme_seed2,dcrlme,2,legs12_paralysed,top_k,3,8,790,1055.84033203125,32,1058.4755859375,-0.7811092567226958,-0.041567108948793785,
dcrlme_seed2,dcrlme,2,legs12_paralysed,top_k,3,9,161,1057.688720703125,32,1058.4755859375,-0.7811092567226958,-0.041567108948793785,
dcrlme_seed2,dcrlme,2,legs12_paralysed,top_k,3,10,661,1058.53173828125,32,1058.4755859375,-0.7811092567226958,-0.041567108948793785,
dcrlme_seed2,dcrlme,2,legs12_paralysed,top_k,3,11,478,1056.087158203125,32,1058.4755859375,-0.7811092567226958,-0.041567108948793785,
dcrlme_seed2,dcrlme,2,legs12_paralysed,top_k,3,12,575,1054.084716796875,32,1058.4755859375,-0.7811092567226958,-0.041567108948793785,
dcrlme_seed2,dcrlme,2,legs12_paralysed,top_k,3,13,674,1057.3974609375,32,1058.4755859375,-0.7811092567226958,-0.041567108948793785,
dcrlme_seed2,dcrlme,2,legs12_paralysed,top_k,3,14,323,1055.808837890625,32,1058.4755859375,-0.7811092567226958,-0.041567108948793785,
dcrlme_seed2,dcrlme,2,legs12_paralysed,top_k,3,15,358,1057.939697265625,32,1058.4755859375,-0.7811092567226958,-0.041567108948793785,
dcrlme_seed2,dcrlme,2,legs12_paralysed,top_k,3,16,120,1054.6773681640625,32,1058.4755859375,-0.7811092567226958,-0.041567108948793785,
dcrlme_seed2,dcrlme,2,legs12_paralysed,top_k,3,17,427,1055.951904296875,32,1058.4755859375,-0.7811092567226958,-0.041567108948793785,
dcrlme_seed2,dcrlme,2,legs12_paralysed,top_k,3,18,285,1057.351318359375,32,1058.4755859375,-0.7811092567226958,-0.041567108948793785,
dcrlme_seed2,dcrlme,2,legs12_paralysed,top_k,3,19,553,1057.522705078125,32,1058.4755859375,-0.7811092567226958,-0.041567108948793785,
dcrlme_seed2,dcrlme,2,legs12_paralysed,top_k,3,20,311,1050.852294921875,32,1058.4755859375,-0.7811092567226958,-0.041567108948793785,
dcrlme_seed2,dcrlme,2,legs12_paralysed,top_k,4,1,771,1051.56005859375,771,1054.7265625,-13.830188615111823,-0.7359802127537851,
dcrlme_seed2,dcrlme,2,legs12_paralysed,top_k,4,2,905,1057.0638427734375,905,1057.35986328125,-4.664561501307113,-0.24822690866153216,
dcrlme_seed2,dcrlme,2,legs12_paralysed,top_k,4,3,906,1057.82275390625,906,1057.35546875,-4.679857374480531,-0.24904088599081647,
dcrlme_seed2,dcrlme,2,legs12_paralysed,top_k,4,4,32,1063.455322265625,32,1058.4755859375,-0.7811092567226958,-0.041567108948793785,
dcrlme_seed2,dcrlme,2,legs12_paralysed,top_k,4,5,258,1055.794189453125,32,1058.4755859375,-0.7811092567226958,-0.041567108948793785,
dcrlme_seed2,dcrlme,2,legs12_paralysed,top_k,4,6,94,1055.45751953125,32,1058.4755859375,-0.7811092567226958,-0.041567108948793785,
dcrlme_seed2,dcrlme,2,legs12_paralysed,top_k,4,7,437,1056.189453125,32,1058.4755859375,-0.7811092567226958,-0.041567108948793785,
dcrlme_seed2,dcrlme,2,legs12_paralysed,top_k,4,8,790,1055.9647216796875,32,1058.4755859375,-0.7811092567226958,-0.041567108948793785,
dcrlme_seed2,dcrlme,2,legs12_paralysed,top_k,4,9,161,1055.934814453125,32,1058.4755859375,-0.7811092567226958,-0.041567108948793785,
dcrlme_seed2,dcrlme,2,legs12_paralysed,top_k,4,10,661,1058.650390625,32,1058.4755859375,-0.7811092567226958,-0.041567108948793785,
dcrlme_seed2,dcrlme,2,legs12_paralysed,top_k,4,11,478,1056.1727294921875,32,1058.4755859375,-0.7811092567226958,-0.041567108948793785,
dcrlme_seed2,dcrlme,2,legs12_paralysed,top_k,4,12,575,1055.46875,32,1058.4755859375,-0.7811092567226958,-0.041567108948793785,
dcrlme_seed2,dcrlme,2,legs12_paralysed,top_k,4,13,674,1058.94482421875,32,1058.4755859375,-0.7811092567226958,-0.041567108948793785,
dcrlme_seed2,dcrlme,2,legs12_paralysed,top_k,4,14,323,1063.311279296875,32,1058.4755859375,-0.7811092567226958,-0.041567108948793785,
dcrlme_seed2,dcrlme,2,legs12_paralysed,top_k,4,15,358,1059.150390625,32,1058.4755859375,-0.7811092567226958,-0.041567108948793785,
dcrlme_seed2,dcrlme,2,legs12_paralysed,top_k,4,16,120,1056.989990234375,32,1058.4755859375,-0.7811092567226958,-0.041567108948793785,
dcrlme_seed2,dcrlme,2,legs12_paralysed,top_k,4,17,427,1056.149169921875,32,1058.4755859375,-0.7811092567226958,-0.041567108948793785,
dcrlme_seed2,dcrlme,2,legs12_paralysed,top_k,4,18,285,1057.9920654296875,32,1058.4755859375,-0.7811092567226958,-0.041567108948793785,
dcrlme_seed2,dcrlme,2,legs12_paralysed,top_k,4,19,553,1056.482421875,32,1058.4755859375,-0.7811092567226958,-0.041567108948793785,
dcrlme_seed2,dcrlme,2,legs12_paralysed,top_k,4,20,311,1052.3111572265625,32,1058.4755859375,-0.7811092567226958,-0.041567108948793785,
dcrlme_seed2,dcrlme,2,legs14_paralysed,ite,0,1,771,1052.990478515625,771,1052.098388671875,-13.72701414775631,-1.2227838766285397,
dcrlme_seed2,dcrlme,2,legs14_paralysed,ite,0,2,311,1040.97802734375,771,1052.098388671875,-13.72701414775631,-1.2227838766285397,
dcrlme_seed2,dcrlme,2,legs14_paralysed,ite,0,3,305,1052.698486328125,771,1052.098388671875,-13.72701414775631,-1.2227838766285397,
dcrlme_seed2,dcrlme,2,legs14_paralysed,ite,0,4,258,1053.342529296875,258,1054.007080078125,-9.75819007814299,-0.8692463899427216,
dcrlme_seed2,dcrlme,2,legs14_paralysed,ite,0,5,133,1055.665771484375,133,1052.215576171875,-13.483341142714817,-1.2010778145142915,
dcrlme_seed2,dcrlme,2,legs14_paralysed,ite,0,6,78,1049.3560791015625,133,1052.215576171875,-13.483341142714817,-1.2010778145142915,
dcrlme_seed2,dcrlme,2,legs14_paralysed,ite,0,7,158,1046.23046875,133,1052.215576171875,-13.483341142714817,-1.2010778145142915,
dcrlme_seed2,dcrlme,2,legs14_paralysed,ite,0,8,278,1053.860595703125,133,1052.215576171875,-13.483341142714817,-1.2010778145142915,
dcrlme_seed2,dcrlme,2,legs14_paralysed,ite,0,9,720,1045.341552734375,133,1052.215576171875,-13.483341142714817,-1.2010778145142915,
dcrlme_seed2,dcrlme,2,legs14_paralysed,ite,0,10,203,1052.9918212890625,133,1052.215576171875,-13.483341142714817,-1.2010778145142915,
dcrlme_seed2,dcrlme,2,legs14_paralysed,ite,0,11,258,1054.048583984375,133,1052.215576171875,-13.483341142714817,-1.2010778145142915,
dcrlme_seed2,dcrlme,2,legs14_paralysed,ite,0,12,298,1046.710693359375,133,1052.215576171875,-13.483341142714817,-1.2010778145142915,
dcrlme_seed2,dcrlme,2,legs14_paralysed,ite,0,13,311,1037.70068359375,133,1052.215576171875,-13.483341142714817,-1.2010778145142915,
dcrlme_seed2,dcrlme,2,legs14_paralysed,ite,0,14,261,1054.4376220703125,133,1052.215576171875,-13.483341142714817,-1.2010778145142915,
dcrlme_seed2,dcrlme,2,legs14_paralysed,ite,0,15,305,1051.868408203125,133,1052.215576171875,-13.483341142714817,-1.2010778145142915,
dcrlme_seed2,dcrlme,2,legs14_paralysed,ite,0,16,181,1054.138427734375,133,1052.215576171875,-13.483341142714817,-1.2010778145142915,
dcrlme_seed2,dcrlme,2,legs14_paralysed,ite,0,17,258,1053.5516357421875,133,1052.215576171875,-13.483341142714817,-1.2010778145142915,
dcrlme_seed2,dcrlme,2,legs14_paralysed,ite,0,18,768,1051.8665771484375,133,1052.215576171875,-13.483341142714817,-1.2010778145142915,
dcrlme_seed2,dcrlme,2,legs14_paralysed,ite,0,19,456,1043.024658203125,133,1052.215576171875,-13.483341142714817,-1.2010778145142915,
dcrlme_seed2,dcrlme,2,legs14_paralysed,ite,0,20,914,1052.23486328125,133,1052.215576171875,-13.483341142714817,-1.2010778145142915,
dcrlme_seed2,dcrlme,2,legs14_paralysed,ite,1,1,771,1052.0125732421875,771,1052.098388671875,-13.72701414775631,-1.2227838766285397,
dcrlme_seed2,dcrlme,2,legs14_paralysed,ite,1,2,311,1056.888427734375,311,1049.57177734375,-18.98070566686967,-1.6907756200042792,
dcrlme_seed2,dcrlme,2,legs14_paralysed,ite,1,3,305,1052.232421875,311,1049.57177734375,-18.98070566686967,-1.6907756200042792,
dcrlme_seed2,dcrlme,2,legs14_paralysed,ite,1,4,258,1053.55322265625,311,1049.57177734375,-18.98070566686967,-1.6907756200042792,
dcrlme_seed2,dcrlme,2,legs14_paralysed,ite,1,5,133,1054.0076904296875,311,1049.57177734375,-18.98070566686967,-1.6907756200042792,
dcrlme_seed2,dcrlme,2,legs14_paralysed,ite,1,6,78,1048.748046875,311,1049.57177734375,-18.98070566686967,-1.6907756200042792,
dcrlme_seed2,dcrlme,2,legs14_paralysed,ite,1,7,158,1052.9132080078125,311,1049.57177734375,-18.98070566686967,-1.6907756200042792,
dcrlme_seed2,dcrlme,2,legs14_paralysed,ite,1,8,278,1054.199462890625,311,1049.57177734375,-18.98070566686967,-1.6907756200042792,
dcrlme_seed2,dcrlme,2,legs14_paralysed,ite,1,9,720,1048.1903076171875,311,1049.57177734375,-18.98070566686967,-1.6907756200042792,
dcrlme_seed2,dcrlme,2,legs14_paralysed,ite,1,10,295,1055.261474609375,311,1049.57177734375,-18.98070566686967,-1.6907756200042792,
dcrlme_seed2,dcrlme,2,legs14_paralysed,ite,1,11,258,1053.08544921875,311,1049.57177734375,-18.98070566686967,-1.6907756200042792,
dcrlme_seed2,dcrlme,2,legs14_paralysed,ite,1,12,298,1040.594482421875,311,1049.57177734375,-18.98070566686967,-1.6907756200042792,
dcrlme_seed2,dcrlme,2,legs14_paralysed,ite,1,13,311,1053.646240234375,311,1049.57177734375,-18.98070566686967,-1.6907756200042792,
dcrlme_seed2,dcrlme,2,legs14_paralysed,ite,1,14,261,1052.609375,311,1049.57177734375,-18.98070566686967,-1.6907756200042792,
dcrlme_seed2,dcrlme,2,legs14_paralysed,ite,1,15,305,1052.660400390625,311,1049.57177734375,-18.98070566686967,-1.6907756200042792,
dcrlme_seed2,dcrlme,2,legs14_paralysed,ite,1,16,181,1053.9989013671875,311,1049.57177734375,-18.98070566686967,-1.6907756200042792,
dcrlme_seed2,dcrlme,2,legs14_paralysed,ite,1,17,768,1051.543701171875,311,1049.57177734375,-18.98070566686967,-1.6907756200042792,
dcrlme_seed2,dcrlme,2,legs14_paralysed,ite,1,18,258,1055.677001953125,311,1049.57177734375,-18.98070566686967,-1.6907756200042792,
dcrlme_seed2,dcrlme,2,legs14_paralysed,ite,1,19,311,1057.1683349609375,311,1049.57177734375,-18.98070566686967,-1.6907756200042792,
dcrlme_seed2,dcrlme,2,legs14_paralysed,ite,1,20,456,1043.181640625,311,1049.57177734375,-18.98070566686967,-1.6907756200042792,
dcrlme_seed2,dcrlme,2,legs14_paralysed,ite,2,1,771,1050.029541015625,771,1052.098388671875,-13.72701414775631,-1.2227838766285397,
dcrlme_seed2,dcrlme,2,legs14_paralysed,ite,2,2,311,1056.859130859375,311,1049.57177734375,-18.98070566686967,-1.6907756200042792,
dcrlme_seed2,dcrlme,2,legs14_paralysed,ite,2,3,305,1052.295166015625,311,1049.57177734375,-18.98070566686967,-1.6907756200042792,
dcrlme_seed2,dcrlme,2,legs14_paralysed,ite,2,4,258,1054.3218994140625,311,1049.57177734375,-18.98070566686967,-1.6907756200042792,
dcrlme_seed2,dcrlme,2,legs14_paralysed,ite,2,5,133,1052.2088623046875,311,1049.57177734375,-18.98070566686967,-1.6907756200042792,
dcrlme_seed2,dcrlme,2,legs14_paralysed,ite,2,6,78,1049.045654296875,311,1049.57177734375,-18.98070566686967,-1.6907756200042792,
dcrlme_seed2,dcrlme,2,legs14_paralysed,ite,2,7,158,1051.993896484375,311,1049.57177734375,-18.98070566686967,-1.6907756200042792,
dcrlme_seed2,dcrlme,2,legs14_paralysed,ite,2,8,278,1054.0501708984375,311,1049.57177734375,-18.98070566686967,-1.6907756200042792,
dcrlme_seed2,dcrlme,2,legs14_paralysed,ite,2,9,720,1045.7220458984375,311,1049.57177734375,-18.98070566686967,-1.6907756200042792,
dcrlme_seed2,dcrlme,2,legs14_paralysed,ite,2,10,295,1053.826171875,311,1049.57177734375,-18.98070566686967,-1.6907756200042792,
dcrlme_seed2,dcrlme,2,legs14_paralysed,ite,2,11,258,1054.279296875,311,1049.57177734375,-18.98070566686967,-1.6907756200042792,
dcrlme_seed2,dcrlme,2,legs14_paralysed,ite,2,12,298,1044.32373046875,311,1049.57177734375,-18.98070566686967,-1.6907756200042792,
dcrlme_seed2,dcrlme,2,legs14_paralysed,ite,2,13,311,1053.6959228515625,311,1049.57177734375,-18.98070566686967,-1.6907756200042792,
dcrlme_seed2,dcrlme,2,legs14_paralysed,ite,2,14,261,1054.5955810546875,311,1049.57177734375,-18.98070566686967,-1.6907756200042792,
dcrlme_seed2,dcrlme,2,legs14_paralysed,ite,2,15,305,1051.56591796875,311,1049.57177734375,-18.98070566686967,-1.6907756200042792,
dcrlme_seed2,dcrlme,2,legs14_paralysed,ite,2,16,181,1066.65234375,181,1058.7926025390625,0.1925524391920687,0.01715231116652148,
dcrlme_seed2,dcrlme,2,legs14_paralysed,ite,2,17,768,1049.410400390625,181,1058.7926025390625,0.1925524391920687,0.01715231116652148,
dcrlme_seed2,dcrlme,2,legs14_paralysed,ite,2,18,258,1054.533935546875,181,1058.7926025390625,0.1925524391920687,0.01715231116652148,
dcrlme_seed2,dcrlme,2,legs14_paralysed,ite,2,19,311,1054.268798828125,181,1058.7926025390625,0.1925524391920687,0.01715231116652148,
dcrlme_seed2,dcrlme,2,legs14_paralysed,ite,2,20,456,1036.985107421875,181,1058.7926025390625,0.1925524391920687,0.01715231116652148,
dcrlme_seed2,dcrlme,2,legs14_paralysed,ite,3,1,771,1053.59375,771,1052.098388671875,-13.72701414775631,-1.2227838766285397,
dcrlme_seed2,dcrlme,2,legs14_paralysed,ite,3,2,311,1051.086181640625,771,1052.098388671875,-13.72701414775631,-1.2227838766285397,
dcrlme_seed2,dcrlme,2,legs14_paralysed,ite,3,3,305,1051.865966796875,771,1052.098388671875,-13.72701414775631,-1.2227838766285397,
dcrlme_seed2,dcrlme,2,legs14_paralysed,ite,3,4,258,1052.44189453125,771,1052.098388671875,-13.72701414775631,-1.2227838766285397,
dcrlme_seed2,dcrlme,2,legs14_paralysed,ite,3,5,133,1051.0040283203125,771,1052.098388671875,-13.72701414775631,-1.2227838766285397,
dcrlme_seed2,dcrlme,2,legs14_paralysed,ite,3,6,78,1049.560791015625,771,1052.098388671875,-13.72701414775631,-1.2227838766285397,
dcrlme_seed2,dcrlme,2,legs14_paralysed,ite,3,7,158,1050.7412109375,771,1052.098388671875,-13.72701414775631,-1.2227838766285397,
dcrlme_seed2,dcrlme,2,legs14_paralysed,ite,3,8,278,1053.3431396484375,771,1052.098388671875,-13.72701414775631,-1.2227838766285397,
dcrlme_seed2,dcrlme,2,legs14_paralysed,ite,3,9,720,1047.606201171875,771,1052.098388671875,-13.72701414775631,-1.2227838766285397,
dcrlme_seed2,dcrlme,2,legs14_paralysed,ite,3,10,203,1053.08251953125,771,1052.098388671875,-13.72701414775631,-1.2227838766285397,
dcrlme_seed2,dcrlme,2,legs14_paralysed,ite,3,11,258,1054.161376953125,258,1054.007080078125,-9.75819007814299,-0.8692463899427216,
dcrlme_seed2,dcrlme,2,legs14_paralysed,ite,3,12,311,1043.073486328125,258,1054.007080078125,-9.75819007814299,-0.8692463899427216,
dcrlme_seed2,dcrlme,2,legs14_paralysed,ite,3,13,298,1050.58740234375,258,1054.007080078125,-9.75819007814299,-0.8692463899427216,
dcrlme_seed2,dcrlme,2,legs14_paralysed,ite,3,14,261,1054.652099609375,261,1054.6103515625,-8.503781754273136,-0.7575053910170813,
dcrlme_seed2,dcrlme,2,legs14_paralysed,ite,3,15,305,1052.6146240234375,261,1054.6103515625,-8.503781754273136,-0.7575053910170813,
dcrlme_seed2,dcrlme,2,legs14_paralysed,ite,3,16,181,1053.833740234375,261,1054.6103515625,-8.503781754273136,-0.7575053910170813,
dcrlme_seed2,dcrlme,2,legs14_paralysed,ite,3,17,258,1054.3154296875,261,1054.6103515625,-8.503781754273136,-0.7575053910170813,
dcrlme_seed2,dcrlme,2,legs14_paralysed,ite,3,18,768,1052.4404296875,261,1054.6103515625,-8.503781754273136,-0.7575053910170813,
dcrlme_seed2,dcrlme,2,legs14_paralysed,ite,3,19,456,1041.48291015625,261,1054.6103515625,-8.503781754273136,-0.7575053910170813,
dcrlme_seed2,dcrlme,2,legs14_paralysed,ite,3,20,191,1049.1143798828125,261,1054.6103515625,-8.503781754273136,-0.7575053910170813,
dcrlme_seed2,dcrlme,2,legs14_paralysed,ite,4,1,771,1053.574951171875,771,1052.098388671875,-13.72701414775631,-1.2227838766285397,
dcrlme_seed2,dcrlme,2,legs14_paralysed,ite,4,2,311,1052.3115234375,771,1052.098388671875,-13.72701414775631,-1.2227838766285397,
dcrlme_seed2,dcrlme,2,legs14_paralysed,ite,4,3,305,1052.17529296875,771,1052.098388671875,-13.72701414775631,-1.2227838766285397,
dcrlme_seed2,dcrlme,2,legs14_paralysed,ite,4,4,258,1053.5927734375,258,1054.007080078125,-9.75819007814299,-0.8692463899427216,
dcrlme_seed2,dcrlme,2,legs14_paralysed,ite,4,5,133,1053.80078125,133,1052.215576171875,-13.483341142714817,-1.2010778145142915,
dcrlme_seed2,dcrlme,2,legs14_paralysed,ite,4,6,78,1048.6759033203125,133,1052.215576171875,-13.483341142714817,-1.2010778145142915,
dcrlme_seed2,dcrlme,2,legs14_paralysed,ite,4,7,158,1048.5252685546875,133,1052.215576171875,-13.483341142714817,-1.2010778145142915,
dcrlme_seed2,dcrlme,2,legs14_paralysed,ite,4,8,278,1054.109375,278,1053.613037109375,-10.577540557595011,-0.9422330238018813,
dcrlme_seed2,dcrlme,2,legs14_paralysed,ite,4,9,720,1044.68798828125,278,1053.613037109375,-10.577540557595011,-0.9422330238018813,
dcrlme_seed2,dcrlme,2,legs14_paralysed,ite,4,10,203,1054.26611328125,203,1053.63134765625,-10.539466650557278,-0.9388414515965301,
dcrlme_seed2,dcrlme,2,legs14_paralysed,ite,4,11,258,1054.8564453125,258,1054.007080078125,-9.75819007814299,-0.8692463899427216,
dcrlme_seed2,dcrlme,2,legs14_paralysed,ite,4,12,311,1056.58984375,311,1049.57177734375,-18.98070566686967,-1.6907756200042792,
dcrlme_seed2,dcrlme,2,legs14_paralysed,ite,4,13,298,1047.19189453125,311,1049.57177734375,-18.98070566686967,-1.6907756200042792,
dcrlme_seed2,dcrlme,2,legs14_paralysed,ite,4,14,261,1053.96435546875,311,1049.57177734375,-18.98070566686967,-1.6907756200042792,
dcrlme_seed2,dcrlme,2,legs14_paralysed,ite,4,15,305,1051.01953125,311,1049.57177734375,-18.98070566686967,-1.6907756200042792,
dcrlme_seed2,dcrlme,2,legs14_paralysed,ite,4,16,181,1056.9373779296875,181,1058.7926025390625,0.1925524391920687,0.01715231116652148,
dcrlme_seed2,dcrlme,2,legs14_paralysed,ite,4,17,258,1053.650390625,181,1058.7926025390625,0.1925524391920687,0.01715231116652148,
dcrlme_seed2,dcrlme,2,legs14_paralysed,ite,4,18,768,1049.978515625,181,1058.7926025390625,0.1925524391920687,0.01715231116652148,
dcrlme_seed2,dcrlme,2,legs14_paralysed,ite,4,19,311,1055.595458984375,181,1058.7926025390625,0.1925524391920687,0.01715231116652148,
dcrlme_seed2,dcrlme,2,legs14_paralysed,ite,4,20,456,1038.942626953125,181,1058.7926025390625,0.1925524391920687,0.01715231116652148,
dcrlme_seed2,dcrlme,2,legs14_paralysed,top_k,0,1,771,1053.1483154296875,771,1052.098388671875,-13.72701414775631,-1.2227838766285397,
dcrlme_seed2,dcrlme,2,legs14_paralysed,top_k,0,2,905,1054.658935546875,905,1053.05322265625,-11.741586808761978,-1.0459246913601548,
dcrlme_seed2,dcrlme,2,legs14_paralysed,top_k,0,3,906,1051.736328125,905,1053.05322265625,-11.741586808761978,-1.0459246913601548,
dcrlme_seed2,dcrlme,2,legs14_paralysed,top_k,0,4,32,1050.5216064453125,905,1053.05322265625,-11.741586808761978,-1.0459246913601548,
dcrlme_seed2,dcrlme,2,legs14_paralysed,top_k,0,5,258,1053.7958984375,905,1053.05322265625,-11.741586808761978,-1.0459246913601548,
dcrlme_seed2,dcrlme,2,legs14_paralysed,top_k,0,6,94,1051.3472900390625,905,1053.05322265625,-11.741586808761978,-1.0459246913601548,
dcrlme_seed2,dcrlme,2,legs14_paralysed,top_k,0,7,437,1053.623291015625,905,1053.05322265625,-11.741586808761978,-1.0459246913601548,
dcrlme_seed2,dcrlme,2,legs14_paralysed,top_k,0,8,790,1051.7337646484375,905,1053.05322265625,-11.741586808761978,-1.0459246913601548,
dcrlme_seed2,dcrlme,2,legs14_paralysed,top_k,0,9,161,1053.699462890625,905,1053.05322265625,-11.741586808761978,-1.0459246913601548,
dcrlme_seed2,dcrlme,2,legs14_paralysed,top_k,0,10,661,1051.5411376953125,905,1053.05322265625,-11.741586808761978,-1.0459246913601548,
dcrlme_seed2,dcrlme,2,legs14_paralysed,top_k,0,11,478,1056.278564453125,478,1054.626708984375,-8.469769063986096,-0.7544755865136341,
dcrlme_seed2,dcrlme,2,legs14_paralysed,top_k,0,12,575,1052.578369140625,478,1054.626708984375,-8.469769063986096,-0.7544755865136341,
dcrlme_seed2,dcrlme,2,legs14_paralysed,top_k,0,13,674,1051.4017333984375,478,1054.626708984375,-8.469769063986096,-0.7544755865136341,
dcrlme_seed2,dcrlme,2,legs14_paralysed,top_k,0,14,323,1049.727783203125,478,1054.626708984375,-8.469769063986096,-0.7544755865136341,
dcrlme_seed2,dcrlme,2,legs14_paralysed,top_k,0,15,358,1051.6351318359375,478,1054.626708984375,-8.469769063986096,-0.7544755865136341,
dcrlme_seed2,dcrlme,2,legs14_paralysed,top_k,0,16,120,1049.28271484375,478,1054.626708984375,-8.469769063986096,-0.7544755865136341,
dcrlme_seed2,dcrlme,2,legs14_paralysed,top_k,0,17,427,1052.1376953125,478,1054.626708984375,-8.469769063986096,-0.7544755865136341,
dcrlme_seed2,dcrlme,2,legs14_paralysed,top_k,0,18,285,1051.32275390625,478,1054.626708984375,-8.469769063986096,-0.7544755865136341,
dcrlme_seed2,dcrlme,2,legs14_paralysed,top_k,0,19,553,1051.1435546875,478,1054.626708984375,-8.469769063986096,-0.7544755865136341,
dcrlme_seed2,dcrlme,2,legs14_paralysed,top_k,0,20,311,1035.614990234375,478,1054.626708984375,-8.469769063986096,-0.7544755865136341,
dcrlme_seed2,dcrlme,2,legs14_paralysed,top_k,1,1,771,1052.0726318359375,771,1052.098388671875,-13.72701414775631,-1.2227838766285397,
dcrlme_seed2,dcrlme,2,legs14_paralysed,top_k,1,2,905,1051.1640625,771,1052.098388671875,-13.72701414775631,-1.2227838766285397,
dcrlme_seed2,dcrlme,2,legs14_paralysed,top_k,1,3,906,1046.93505859375,771,1052.098388671875,-13.72701414775631,-1.2227838766285397,
dcrlme_seed2,dcrlme,2,legs14_paralysed,top_k,1,4,32,1049.4169921875,771,1052.098388671875,-13.72701414775631,-1.2227838766285397,
dcrlme_seed2,dcrlme,2,legs14_paralysed,top_k,1,5,258,1054.245361328125,258,1054.007080078125,-9.75819007814299,-0.8692463899427216,
dcrlme_seed2,dcrlme,2,legs14_paralysed,top_k,1,6,94,1051.9901123046875,258,1054.007080078125,-9.75819007814299,-0.8692463899427216,
dcrlme_seed2,dcrlme,2,legs14_paralysed,top_k,1,7,437,1053.0372314453125,258,1054.007080078125,-9.75819007814299,-0.8692463899427216,
dcrlme_seed2,dcrlme,2,legs14_paralysed,top_k,1,8,790,1052.31396484375,258,1054.007080078125,-9.75819007814299,-0.8692463899427216,
dcrlme_seed2,dcrlme,2,legs14_paralysed,top_k,1,9,161,1052.0250244140625,258,1054.007080078125,-9.75819007814299,-0.8692463899427216,
dcrlme_seed2,dcrlme,2,legs14_paralysed,top_k,1,10,661,1050.781005859375,258,1054.007080078125,-9.75819007814299,-0.8692463899427216,
dcrlme_seed2,dcrlme,2,legs14_paralysed,top_k,1,11,478,1056.2281494140625,478,1054.626708984375,-8.469769063986096,-0.7544755865136341,
dcrlme_seed2,dcrlme,2,legs14_paralysed,top_k,1,12,575,1051.598876953125,478,1054.626708984375,-8.469769063986096,-0.7544755865136341,
dcrlme_seed2,dcrlme,2,legs14_paralysed,top_k,1,13,674,1050.3883056640625,478,1054.626708984375,-8.469769063986096,-0.7544755865136341,
dcrlme_seed2,dcrlme,2,legs14_paralysed,top_k,1,14,323,1052.6640625,478,1054.626708984375,-8.469769063986096,-0.7544755865136341,
dcrlme_seed2,dcrlme,2,legs14_paralysed,top_k,1,15,358,1051.960693359375,478,1054.626708984375,-8.469769063986096,-0.7544755865136341,
dcrlme_seed2,dcrlme,2,legs14_paralysed,top_k,1,16,120,1048.9246826171875,478,1054.626708984375,-8.469769063986096,-0.7544755865136341,
dcrlme_seed2,dcrlme,2,legs14_paralysed,top_k,1,17,427,1051.2178955078125,478,1054.626708984375,-8.469769063986096,-0.7544755865136341,
dcrlme_seed2,dcrlme,2,legs14_paralysed,top_k,1,18,285,1044.311279296875,478,1054.626708984375,-8.469769063986096,-0.7544755865136341,
dcrlme_seed2,dcrlme,2,legs14_paralysed,top_k,1,19,553,1052.990478515625,478,1054.626708984375,-8.469769063986096,-0.7544755865136341,
dcrlme_seed2,dcrlme,2,legs14_paralysed,top_k,1,20,311,1041.6220703125,478,1054.626708984375,-8.469769063986096,-0.7544755865136341,
dcrlme_seed2,dcrlme,2,legs14_paralysed,top_k,2,1,771,1050.85791015625,771,1052.098388671875,-13.72701414775631,-1.2227838766285397,
dcrlme_seed2,dcrlme,2,legs14_paralysed,top_k,2,2,905,1051.8623046875,905,1053.05322265625,-11.741586808761978,-1.0459246913601548,
dcrlme_seed2,dcrlme,2,legs14_paralysed,top_k,2,3,906,1049.2899169921875,905,1053.05322265625,-11.741586808761978,-1.0459246913601548,
dcrlme_seed2,dcrlme,2,legs14_paralysed,top_k,2,4,32,1051.298828125,905,1053.05322265625,-11.741586808761978,-1.0459246913601548,
dcrlme_seed2,dcrlme,2,legs14_paralysed,top_k,2,5,258,1054.1826171875,258,1054.007080078125,-9.75819007814299,-0.8692463899427216,
dcrlme_seed2,dcrlme,2,legs14_paralysed,top_k,2,6,94,1053.93603515625,258,1054.007080078125,-9.75819007814299,-0.8692463899427216,
dcrlme_seed2,dcrlme,2,legs14_paralysed,top_k,2,7,437,1052.5655517578125,258,1054.007080078125,-9.75819007814299,-0.8692463899427216,
dcrlme_seed2,dcrlme,2,legs14_paralysed,top_k,2,8,790,1052.5648193359375,258,1054.007080078125,-9.75819007814299,-0.8692463899427216,
dcrlme_seed2,dcrlme,2,legs14_paralysed,top_k,2,9,161,1051.47802734375,258,1054.007080078125,-9.75819007814299,-0.8692463899427216,
dcrlme_seed2,dcrlme,2,legs14_paralysed,top_k,2,10,661,1053.36572265625,258,1054.007080078125,-9.75819007814299,-0.8692463899427216,
dcrlme_seed2,dcrlme,2,legs14_paralysed,top_k,2,11,478,1055.211669921875,478,1054.626708984375,-8.469769063986096,-0.7544755865136341,
dcrlme_seed2,dcrlme,2,legs14_paralysed,top_k,2,12,575,1051.94189453125,478,1054.626708984375,-8.469769063986096,-0.7544755865136341,
dcrlme_seed2,dcrlme,2,legs14_paralysed,top_k,2,13,674,1052.100341796875,478,1054.626708984375,-8.469769063986096,-0.7544755865136341,
dcrlme_seed2,dcrlme,2,legs14_paralysed,top_k,2,14,323,1051.778076171875,478,1054.626708984375,-8.469769063986096,-0.7544755865136341,
dcrlme_seed2,dcrlme,2,legs14_paralysed,top_k,2,15,358,1051.982177734375,478,1054.626708984375,-8.469769063986096,-0.7544755865136341,
dcrlme_seed2,dcrlme,2,legs14_paralysed,top_k,2,16,120,1050.99560546875,478,1054.626708984375,-8.469769063986096,-0.7544755865136341,
dcrlme_seed2,dcrlme,2,legs14_paralysed,top_k,2,17,427,1052.497314453125,478,1054.626708984375,-8.469769063986096,-0.7544755865136341,
dcrlme_seed2,dcrlme,2,legs14_paralysed,top_k,2,18,285,1059.11279296875,285,1045.8013916015625,-26.820630778032797,-2.389145558048847,
dcrlme_seed2,dcrlme,2,legs14_paralysed,top_k,2,19,553,1052.8582763671875,285,1045.8013916015625,-26.820630778032797,-2.389145558048847,
dcrlme_seed2,dcrlme,2,legs14_paralysed,top_k,2,20,311,1055.7646484375,285,1045.8013916015625,-26.820630778032797,-2.389145558048847,
dcrlme_seed2,dcrlme,2,legs14_paralysed,top_k,3,1,771,1053.55908203125,771,1052.098388671875,-13.72701414775631,-1.2227838766285397,
dcrlme_seed2,dcrlme,2,legs14_paralysed,top_k,3,2,905,1050.8697509765625,771,1052.098388671875,-13.72701414775631,-1.2227838766285397,
dcrlme_seed2,dcrlme,2,legs14_paralysed,top_k,3,3,906,1050.575927734375,771,1052.098388671875,-13.72701414775631,-1.2227838766285397,
dcrlme_seed2,dcrlme,2,legs14_paralysed,top_k,3,4,32,1049.475341796875,771,1052.098388671875,-13.72701414775631,-1.2227838766285397,
dcrlme_seed2,dcrlme,2,legs14_paralysed,top_k,3,5,258,1053.491455078125,771,1052.098388671875,-13.72701414775631,-1.2227838766285397,
dcrlme_seed2,dcrlme,2,legs14_paralysed,top_k,3,6,94,1051.684326171875,771,1052.098388671875,-13.72701414775631,-1.2227838766285397,
dcrlme_seed2,dcrlme,2,legs14_paralysed,top_k,3,7,437,1053.419921875,771,1052.098388671875,-13.72701414775631,-1.2227838766285397,
dcrlme_seed2,dcrlme,2,legs14_paralysed,top_k,3,8,790,1050.822021484375,771,1052.098388671875,-13.72701414775631,-1.2227838766285397,
dcrlme_seed2,dcrlme,2,legs14_paralysed,top_k,3,9,161,1053.6988525390625,161,1051.66845703125,-14.620989485002289,-1.302417992010188,
dcrlme_seed2,dcrlme,2,legs14_paralysed,top_k,3,10,661,1050.951416015625,161,1051.66845703125,-14.620989485002289,-1.302417992010188,
dcrlme_seed2,dcrlme,2,legs14_paralysed,top_k,3,11,478,1055.3751220703125,478,1054.626708984375,-8.469769063986096,-0.7544755865136341,
dcrlme_seed2,dcrlme,2,legs14_paralysed,top_k,3,12,575,1051.342041015625,478,1054.626708984375,-8.469769063986096,-0.7544755865136341,
dcrlme_seed2,dcrlme,2,legs14_paralysed,top_k,3,13,674,1052.935302734375,478,1054.626708984375,-8.469769063986096,-0.7544755865136341,
dcrlme_seed2,dcrlme,2,legs14_paralysed,top_k,3,14,323,1054.3011474609375,478,1054.626708984375,-8.469769063986096,-0.7544755865136341,
dcrlme_seed2,dcrlme,2,legs14_paralysed,top_k,3,15,358,1050.7578125,478,1054.626708984375,-8.469769063986096,-0.7544755865136341,
dcrlme_seed2,dcrlme,2,legs14_paralysed,top_k,3,16,120,1050.785400390625,478,1054.626708984375,-8.469769063986096,-0.7544755865136341,
dcrlme_seed2,dcrlme,2,legs14_paralysed,top_k,3,17,427,1053.498291015625,478,1054.626708984375,-8.469769063986096,-0.7544755865136341,
dcrlme_seed2,dcrlme,2,legs14_paralysed,top_k,3,18,285,1054.6878662109375,478,1054.626708984375,-8.469769063986096,-0.7544755865136341,
dcrlme_seed2,dcrlme,2,legs14_paralysed,top_k,3,19,553,1050.839111328125,478,1054.626708984375,-8.469769063986096,-0.7544755865136341,
dcrlme_seed2,dcrlme,2,legs14_paralysed,top_k,3,20,311,1058.27294921875,311,1049.57177734375,-18.98070566686967,-1.6907756200042792,
dcrlme_seed2,dcrlme,2,legs14_paralysed,top_k,4,1,771,1051.1123046875,771,1052.098388671875,-13.72701414775631,-1.2227838766285397,
dcrlme_seed2,dcrlme,2,legs14_paralysed,top_k,4,2,905,1051.6893310546875,905,1053.05322265625,-11.741586808761978,-1.0459246913601548,
dcrlme_seed2,dcrlme,2,legs14_paralysed,top_k,4,3,906,1052.2864990234375,906,1050.296630859375,-17.47348660026927,-1.5565145816351063,
dcrlme_seed2,dcrlme,2,legs14_paralysed,top_k,4,4,32,1050.65625,906,1050.296630859375,-17.47348660026927,-1.5565145816351063,
dcrlme_seed2,dcrlme,2,legs14_paralysed,top_k,4,5,258,1053.353271484375,258,1054.007080078125,-9.75819007814299,-0.8692463899427216,
dcrlme_seed2,dcrlme,2,legs14_paralysed,top_k,4,6,94,1051.37451171875,258,1054.007080078125,-9.75819007814299,-0.8692463899427216,
dcrlme_seed2,dcrlme,2,legs14_paralysed,top_k,4,7,437,1054.2513427734375,437,1053.92041015625,-9.938406571454928,-0.8852998317147177,
dcrlme_seed2,dcrlme,2,legs14_paralysed,top_k,4,8,790,1050.1688232421875,437,1053.92041015625,-9.938406571454928,-0.8852998317147177,
dcrlme_seed2,dcrlme,2,legs14_paralysed,top_k,4,9,161,1050.9468994140625,437,1053.92041015625,-9.938406571454928,-0.8852998317147177,
dcrlme_seed2,dcrlme,2,legs14_paralysed,top_k,4,10,661,1052.0128173828125,437,1053.92041015625,-9.938406571454928,-0.8852998317147177,
dcrlme_seed2,dcrlme,2,legs14_paralysed,top_k,4,11,478,1055.44140625,478,1054.626708984375,-8.469769063986096,-0.7544755865136341,
dcrlme_seed2,dcrlme,2,legs14_paralysed,top_k,4,12,575,1050.0455322265625,478,1054.626708984375,-8.469769063986096,-0.7544755865136341,
dcrlme_seed2,dcrlme,2,legs14_paralysed,top_k,4,13,674,1051.466064453125,478,1054.626708984375,-8.469769063986096,-0.7544755865136341,
dcrlme_seed2,dcrlme,2,legs14_paralysed,top_k,4,14,323,1052.844970703125,478,1054.626708984375,-8.469769063986096,-0.7544755865136341,
dcrlme_seed2,dcrlme,2,legs14_paralysed,top_k,4,15,358,1052.96533203125,478,1054.626708984375,-8.469769063986096,-0.7544755865136341,
dcrlme_seed2,dcrlme,2,legs14_paralysed,top_k,4,16,120,1049.057861328125,478,1054.626708984375,-8.469769063986096,-0.7544755865136341,
dcrlme_seed2,dcrlme,2,legs14_paralysed,top_k,4,17,427,1052.13232421875,478,1054.626708984375,-8.469769063986096,-0.7544755865136341,
dcrlme_seed2,dcrlme,2,legs14_paralysed,top_k,4,18,285,1054.4749755859375,478,1054.626708984375,-8.469769063986096,-0.7544755865136341,
dcrlme_seed2,dcrlme,2,legs14_paralysed,top_k,4,19,553,1052.2274169921875,478,1054.626708984375,-8.469769063986096,-0.7544755865136341,
dcrlme_seed2,dcrlme,2,legs14_paralysed,top_k,4,20,311,1056.47998046875,311,1049.57177734375,-18.98070566686967,-1.6907756200042792,
dcrlme_seed2,dcrlme,2,ankle1_paralysed,ite,0,1,771,1054.249267578125,771,1055.281494140625,-1.3985671733145957,-0.6331929644502722,6
dcrlme_seed2,dcrlme,2,ankle1_paralysed,ite,0,2,311,1229.6400146484375,311,1209.396484375,61.65241917102368,27.912765868736745,6
dcrlme_seed2,dcrlme,2,ankle1_paralysed,ite,0,3,305,1093.652587890625,311,1209.396484375,61.65241917102368,27.912765868736745,6
dcrlme_seed2,dcrlme,2,ankle1_paralysed,ite,0,4,158,1028.162841796875,311,1209.396484375,61.65241917102368,27.912765868736745,6
dcrlme_seed2,dcrlme,2,ankle1_paralysed,ite,0,5,258,1044.7061767578125,311,1209.396484375,61.65241917102368,27.912765868736745,6
dcrlme_seed2,dcrlme,2,ankle1_paralysed,ite,0,6,311,1208.971923828125,311,1209.396484375,61.65241917102368,27.912765868736745,6
dcrlme_seed2,dcrlme,2,ankle1_paralysed,ite,0,7,311,1271.8306884765625,311,1209.396484375,61.65241917102368,27.912765868736745,6
dcrlme_seed2,dcrlme,2,ankle1_paralysed,ite,0,8,311,1271.86962890625,311,1209.396484375,61.65241917102368,27.912765868736745,6
dcrlme_seed2,dcrlme,2,ankle1_paralysed,ite,0,9,311,1275.121337890625,311,1209.396484375,61.65241917102368,27.912765868736745,6
dcrlme_seed2,dcrlme,2,ankle1_paralysed,ite,0,10,311,1249.833740234375,311,1209.396484375,61.65241917102368,27.912765868736745,6
dcrlme_seed2,dcrlme,2,ankle1_paralysed,ite,0,11,311,1206.618408203125,311,1209.396484375,61.65241917102368,27.912765868736745,6
dcrlme_seed2,dcrlme,2,ankle1_paralysed,ite,0,12,311,1245.96923828125,311,1209.396484375,61.65241917102368,27.912765868736745,6
dcrlme_seed2,dcrlme,2,ankle1_paralysed,ite,0,13,311,1195.606689453125,311,1209.396484375,61.65241917102368,27.912765868736745,6
dcrlme_seed2,dcrlme,2,ankle1_paralysed,ite,0,14,311,1269.572021484375,311,1209.396484375,61.65241917102368,27.912765868736745,6
dcrlme_seed2,dcrlme,2,ankle1_paralysed,ite,0,15,311,1221.904052734375,311,1209.396484375,61.65241917102368,27.912765868736745,6
dcrlme_seed2,dcrlme,2,ankle1_paralysed,ite,0,16,311,1248.265625,311,1209.396484375,61.65241917102368,27.912765868736745,6
dcrlme_seed2,dcrlme,2,ankle1_paralysed,ite,0,17,311,1166.0718994140625,311,1209.396484375,61.65241917102368,27.912765868736745,6
dcrlme_seed2,dcrlme,2,ankle1_paralysed,ite,0,18,311,1284.72998046875,311,1209.396484375,61.65241917102368,27.912765868736745,6
dcrlme_seed2,dcrlme,2,ankle1_paralysed,ite,0,19,311,1094.636962890625,311,1209.396484375,61.65241917102368,27.912765868736745,6
dcrlme_seed2,dcrlme,2,ankle1_paralysed,ite,0,20,311,1194.779296875,311,1209.396484375,61.65241917102368,27.912765868736745,6
dcrlme_seed2,dcrlme,2,ankle1_paralysed,ite,1,1,771,1053.7890625,771,1055.281494140625,-1.3985671733145957,-0.6331929644502722,6
dcrlme_seed2,dcrlme,2,ankle1_paralysed,ite,1,2,311,1212.0455322265625,311,1209.396484375,61.65241917102368,27.912765868736745,6
dcrlme_seed2,dcrlme,2,ankle1_paralysed,ite,1,3,305,1087.8648681640625,311,1209.396484375,61.65241917102368,27.912765868736745,6
dcrlme_seed2,dcrlme,2,ankle1_paralysed,ite,1,4,258,1048.4066162109375,311,1209.396484375,61.65241917102368,27.912765868736745,6
dcrlme_seed2,dcrlme,2,ankle1_paralysed,ite,1,5,158,1034.0693359375,311,1209.396484375,61.65241917102368,27.912765868736745,6
dcrlme_seed2,dcrlme,2,ankle1_paralysed,ite,1,6,311,1183.50439453125,311,1209.396484375,61.65241917102368,27.912765868736745,6
dcrlme_seed2,dcrlme,2,ankle1_paralysed,ite,1,7,78,1054.945068359375,311,1209.396484375,61.65241917102368,27.912765868736745,6
dcrlme_seed2,dcrlme,2,ankle1_paralysed,ite,1,8,311,1152.7864990234375,311,1209.396484375,61.65241917102368,27.912765868736745,6
dcrlme_seed2,dcrlme,2,ankle1_paralysed,ite,1,9,311,1196.7503662109375,311,1209.396484375,61.65241917102368,27.912765868736745,6
dcrlme_seed2,dcrlme,2,ankle1_paralysed,ite,1,10,311,1106.9300537109375,311,1209.396484375,61.65241917102368,27.912765868736745,6
dcrlme_seed2,dcrlme,2,ankle1_paralysed,ite,1,11,278,1062.183837890625,311,1209.396484375,61.65241917102368,27.912765868736745,6
dcrlme_seed2,dcrlme,2,ankle1_paralysed,ite,1,12,311,1219.401123046875,311,1209.396484375,61.65241917102368,27.912765868736745,6
dcrlme_seed2,dcrlme,2,ankle1_paralysed,ite,1,13,311,1108.5858154296875,311,1209.396484375,61.65241917102368,27.912765868736745,6
dcrlme_seed2,dcrlme,2,ankle1_paralysed,ite,1,14,311,1288.371826171875,311,1209.396484375,61.65241917102368,27.912765868736745,6
dcrlme_seed2,dcrlme,2,ankle1_paralysed,ite,1,15,311,1227.19091796875,311,1209.396484375,61.65241917102368,27.912765868736745,6
dcrlme_seed2,dcrlme,2,ankle1_paralysed,ite,1,16,311,1254.96923828125,311,1209.396484375,61.65241917102368,27.912765868736745,6
dcrlme_seed2,dcrlme,2,ankle1_paralysed,ite,1,17,311,1271.91259765625,311,1209.396484375,61.65241917102368,27.912765868736745,6
dcrlme_seed2,dcrlme,2,ankle1_paralysed,ite,1,18,311,1256.96044921875,311,1209.396484375,61.65241917102368,27.912765868736745,6
dcrlme_seed2,dcrlme,2,ankle1_paralysed,ite,1,19,311,1189.6241455078125,311,1209.396484375,61.65241917102368,27.912765868736745,6
dcrlme_seed2,dcrlme,2,ankle1_paralysed,ite,1,20,311,1202.456298828125,311,1209.396484375,61.65241917102368,27.912765868736745,6
dcrlme_seed2,dcrlme,2,ankle1_paralysed,ite,2,1,771,1054.0882568359375,771,1055.281494140625,-1.3985671733145957,-0.6331929644502722,8
dcrlme_seed2,dcrlme,2,ankle1_paralysed,ite,2,2,311,1119.0355224609375,311,1209.396484375,61.65241917102368,27.912765868736745,8
dcrlme_seed2,dcrlme,2,ankle1_paralysed,ite,2,3,305,1078.62646484375,311,1209.396484375,61.65241917102368,27.912765868736745,8
dcrlme_seed2,dcrlme,2,ankle1_paralysed,ite,2,4,258,1050.721923828125,311,1209.396484375,61.65241917102368,27.912765868736745,8
dcrlme_seed2,dcrlme,2,ankle1_paralysed,ite,2,5,158,1026.6829833984375,311,1209.396484375,61.65241917102368,27.912765868736745,8
dcrlme_seed2,dcrlme,2,ankle1_paralysed,ite,2,6,78,1056.41650390625,311,1209.396484375,61.65241917102368,27.912765868736745,8
dcrlme_seed2,dcrlme,2,ankle1_paralysed,ite,2,7,278,1061.8194580078125,311,1209.396484375,61.65241917102368,27.912765868736745,8
dcrlme_seed2,dcrlme,2,ankle1_paralysed,ite,2,8,311,1217.783203125,311,1209.396484375,61.65241917102368,27.912765868736745,8
dcrlme_seed2,dcrlme,2,ankle1_paralysed,ite,2,9,311,1162.1630859375,311,1209.396484375,61.65241917102368,27.912765868736745,8
dcrlme_seed2,dcrlme,2,ankle1_paralysed,ite,2,10,311,1175.48046875,311,1209.396484375,61.65241917102368,27.912765868736745,8
dcrlme_seed2,dcrlme,2,ankle1_paralysed,ite,2,11,311,1232.4990234375,311,1209.396484375,61.65241917102368,27.912765868736745,8
dcrlme_seed2,dcrlme,2,ankle1_paralysed,ite,2,12,311,1218.41259765625,311,1209.396484375,61.65241917102368,27.912765868736745,8
dcrlme_seed2,dcrlme,2,ankle1_paralysed,ite,2,13,311,1278.5936279296875,311,1209.396484375,61.65241917102368,27.912765868736745,8
dcrlme_seed2,dcrlme,2,ankle1_paralysed,ite,2,14,311,1154.616455078125,311,1209.396484375,61.65241917102368,27.912765868736745,8
dcrlme_seed2,dcrlme,2,ankle1_paralysed,ite,2,15,311,1248.40673828125,311,1209.396484375,61.65241917102368,27.912765868736745,8
dcrlme_seed2,dcrlme,2,ankle1_paralysed,ite,2,16,311,1244.452880859375,311,1209.396484375,61.65241917102368,27.912765868736745,8
dcrlme_seed2,dcrlme,2,ankle1_paralysed,ite,2,17,311,1112.69091796875,311,1209.396484375,61.65241917102368,27.912765868736745,8
dcrlme_seed2,dcrlme,2,ankle1_paralysed,ite,2,18,311,1131.242919921875,311,1209.396484375,61.65241917102368,27.912765868736745,8
dcrlme_seed2,dcrlme,2,ankle1_paralysed,ite,2,19,311,1206.513427734375,311,1209.396484375,61.65241917102368,27.912765868736745,8
dcrlme_seed2,dcrlme,2,ankle1_paralysed,ite,2,20,311,1212.65966796875,311,1209.396484375,61.65241917102368,27.912765868736745,8
dcrlme_seed2,dcrlme,2,ankle1_paralysed,ite,3,1,771,1053.7498779296875,771,1055.281494140625,-1.3985671733145957,-0.6331929644502722,8
dcrlme_seed2,dcrlme,2,ankle1_paralysed,ite,3,2,311,1110.983642578125,311,1209.396484375,61.65241917102368,27.912765868736745,8
dcrlme_seed2,dcrlme,2,ankle1_paralysed,ite,3,3,305,1081.760498046875,311,1209.396484375,61.65241917102368,27.912765868736745,8
dcrlme_seed2,dcrlme,2,ankle1_paralysed,ite,3,4,258,1043.5643310546875,311,1209.396484375,61.65241917102368,27.912765868736745,8
dcrlme_seed2,dcrlme,2,ankle1_paralysed,ite,3,5,158,1020.593505859375,311,1209.396484375,61.65241917102368,27.912765868736745,8
dcrlme_seed2,dcrlme,2,ankle1_paralysed,ite,3,6,78,1055.2109375,311,1209.396484375,61.65241917102368,27.912765868736745,8
dcrlme_seed2,dcrlme,2,ankle1_paralysed,ite,3,7,278,1062.0966796875,311,1209.396484375,61.65241917102368,27.912765868736745,8
dcrlme_seed2,dcrlme,2,ankle1_paralysed,ite,3,8,311,1237.875,311,1209.396484375,61.65241917102368,27.912765868736745,8
dcrlme_seed2,dcrlme,2,ankle1_paralysed,ite,3,9,311,1156.72900390625,311,1209.396484375,61.65241917102368,27.912765868736745,8
dcrlme_seed2,dcrlme,2,ankle1_paralysed,ite,3,10,311,1216.37060546875,311,1209.396484375,61.65241917102368,27.912765868736745,8
dcrlme_seed2,dcrlme,2,ankle1_paralysed,ite,3,11,311,1083.31884765625,311,1209.396484375,61.65241917102368,27.912765868736745,8
dcrlme_seed2,dcrlme,2,ankle1_paralysed,ite,3,12,311,1214.357421875,311,1209.396484375,61.65241917102368,27.912765868736745,8
dcrlme_seed2,dcrlme,2,ankle1_paralysed,ite,3,13,311,1145.557373046875,311,1209.396484375,61.65241917102368,27.912765868736745,8
dcrlme_seed2,dcrlme,2,ankle1_paralysed,ite,3,14,311,1234.161376953125,311,1209.396484375,61.65241917102368,27.912765868736745,8
dcrlme_seed2,dcrlme,2,ankle1_paralysed,ite,3,15,311,1232.1199951171875,311,1209.396484375,61.65241917102368,27.912765868736745,8
dcrlme_seed2,dcrlme,2,ankle1_paralysed,ite,3,16,311,1122.1357421875,311,1209.396484375,61.65241917102368,27.912765868736745,8
dcrlme_seed2,dcrlme,2,ankle1_paralysed,ite,3,17,311,1301.87255859375,311,1209.396484375,61.65241917102368,27.912765868736745,8
dcrlme_seed2,dcrlme,2,ankle1_paralysed,ite,3,18,311,1120.1468505859375,311,1209.396484375,61.65241917102368,27.912765868736745,8
dcrlme_seed2,dcrlme,2,ankle1_paralysed,ite,3,19,311,1188.186767578125,311,1209.396484375,61.65241917102368,27.912765868736745,8
dcrlme_seed2,dcrlme,2,ankle1_paralysed,ite,3,20,311,1192.280029296875,311,1209.396484375,61.65241917102368,27.912765868736745,8
dcrlme_seed2,dcrlme,2,ankle1_paralysed,ite,4,1,771,1054.107666015625,771,1055.281494140625,-1.3985671733145957,-0.6331929644502722,7
dcrlme_seed2,dcrlme,2,ankle1_paralysed,ite,4,2,311,1177.509033203125,311,1209.396484375,61.65241917102368,27.912765868736745,7
dcrlme_seed2,dcrlme,2,ankle1_paralysed,ite,4,3,305,1078.1290283203125,311,1209.396484375,61.65241917102368,27.912765868736745,7
dcrlme_seed2,dcrlme,2,ankle1_paralysed,ite,4,4,258,1049.097412109375,311,1209.396484375,61.65241917102368,27.912765868736745,7
dcrlme_seed2,dcrlme,2,ankle1_paralysed,ite,4,5,158,1022.8551025390625,311,1209.396484375,61.65241917102368,27.912765868736745,7
dcrlme_seed2,dcrlme,2,ankle1_paralysed,ite,4,6,78,1055.52197265625,311,1209.396484375,61.65241917102368,27.912765868736745,7
dcrlme_seed2,dcrlme,2,ankle1_paralysed,ite,4,7,311,1262.8291015625,311,1209.396484375,61.65241917102368,27.912765868736745,7
dcrlme_seed2,dcrlme,2,ankle1_paralysed,ite,4,8,311,1247.3382568359375,311,1209.396484375,61.65241917102368,27.912765868736745,7
dcrlme_seed2,dcrlme,2,ankle1_paralysed,ite,4,9,311,1286.412353515625,311,1209.396484375,61.65241917102368,27.912765868736745,7
dcrlme_seed2,dcrlme,2,ankle1_paralysed,ite,4,10,311,1245.0213623046875,311,1209.396484375,61.65241917102368,27.912765868736745,7
dcrlme_seed2,dcrlme,2,ankle1_paralysed,ite,4,11,311,1101.6781005859375,311,1209.396484375,61.65241917102368,27.912765868736745,7
dcrlme_seed2,dcrlme,2,ankle1_paralysed,ite,4,12,311,1285.9449462890625,311,1209.396484375,61.65241917102368,27.912765868736745,7
dcrlme_seed2,dcrlme,2,ankle1_paralysed,ite,4,13,311,1145.664306640625,311,1209.396484375,61.65241917102368,27.912765868736745,7
dcrlme_seed2,dcrlme,2,ankle1_paralysed,ite,4,14,311,1138.288330078125,311,1209.396484375,61.65241917102368,27.912765868736745,7
dcrlme_seed2,dcrlme,2,ankle1_paralysed,ite,4,15,311,1049.733642578125,311,1209.396484375,61.65241917102368,27.912765868736745,7
dcrlme_seed2,dcrlme,2,ankle1_paralysed,ite,4,16,311,1170.8145751953125,311,1209.396484375,61.65241917102368,27.912765868736745,7
dcrlme_seed2,dcrlme,2,ankle1_paralysed,ite,4,17,311,1224.825439453125,311,1209.396484375,61.65241917102368,27.912765868736745,7
dcrlme_seed2,dcrlme,2,ankle1_paralysed,ite,4,18,311,1252.2481689453125,311,1209.396484375,61.65241917102368,27.912765868736745,7
dcrlme_seed2,dcrlme,2,ankle1_paralysed,ite,4,19,311,1136.91943359375,311,1209.396484375,61.65241917102368,27.912765868736745,7
dcrlme_seed2,dcrlme,2,ankle1_paralysed,ite,4,20,311,1121.5406494140625,311,1209.396484375,61.65241917102368,27.912765868736745,7
dcrlme_seed2,dcrlme,2,ankle1_paralysed,top_k,0,1,771,1051.9923095703125,771,1055.281494140625,-1.3985671733145957,-0.6331929644502722,
dcrlme_seed2,dcrlme,2,ankle1_paralysed,top_k,0,2,905,1058.784423828125,905,1058.2637939453125,-0.17845909703913782,-0.08079629412402367,
dcrlme_seed2,dcrlme,2,ankle1_paralysed,top_k,0,3,906,1070.462158203125,906,1055.4534912109375,-1.3282003328466607,-0.6013347962013391,
dcrlme_seed2,dcrlme,2,ankle1_paralysed,top_k,0,4,32,1065.8623046875,906,1055.4534912109375,-1.3282003328466607,-0.6013347962013391,
dcrlme_seed2,dcrlme,2,ankle1_paralysed,top_k,0,5,258,1070.5689697265625,258,1049.5172119140625,-3.756830178095546,-1.700882505176226,
dcrlme_seed2,dcrlme,2,ankle1_paralysed,top_k,0,6,94,1054.8427734375,258,1049.5172119140625,-3.756830178095546,-1.700882505176226,
dcrlme_seed2,dcrlme,2,ankle1_paralysed,top_k,0,7,437,1062.437255859375,258,1049.5172119140625,-3.756830178095546,-1.700882505176226,
dcrlme_seed2,dcrlme,2,ankle1_paralysed,top_k,0,8,790,1057.1099853515625,258,1049.5172119140625,-3.756830178095546,-1.700882505176226,
dcrlme_seed2,dcrlme,2,ankle1_paralysed,top_k,0,9,161,1046.9912109375,258,1049.5172119140625,-3.756830178095546,-1.700882505176226,
dcrlme_seed2,dcrlme,2,ankle1_paralysed,top_k,0,10,661,1057.8052978515625,258,1049.5172119140625,-3.756830178095546,-1.700882505176226,
dcrlme_seed2,dcrlme,2,ankle1_paralysed,top_k,0,11,478,1058.39501953125,258,1049.5172119140625,-3.756830178095546,-1.700882505176226,
dcrlme_seed2,dcrlme,2,ankle1_paralysed,top_k,0,12,575,1055.5145263671875,258,1049.5172119140625,-3.756830178095546,-1.700882505176226,
dcrlme_seed2,dcrlme,2,ankle1_paralysed,top_k,0,13,674,1047.0174560546875,258,1049.5172119140625,-3.756830178095546,-1.700882505176226,
dcrlme_seed2,dcrlme,2,ankle1_paralysed,top_k,0,14,323,1065.333251953125,258,1049.5172119140625,-3.756830178095546,-1.700882505176226,
dcrlme_seed2,dcrlme,2,ankle1_paralysed,top_k,0,15,358,1052.789794921875,258,1049.5172119140625,-3.756830178095546,-1.700882505176226,
dcrlme_seed2,dcrlme,2,ankle1_paralysed,top_k,0,16,120,1089.4794921875,120,1075.752197265625,6.976335366863424,3.15849431920699,
dcrlme_seed2,dcrlme,2,ankle1_paralysed,top_k,0,17,427,1056.7435302734375,120,1075.752197265625,6.976335366863424,3.15849431920699,
dcrlme_seed2,dcrlme,2,ankle1_paralysed,top_k,0,18,285,1040.9727783203125,120,1075.752197265625,6.976335366863424,3.15849431920699,
dcrlme_seed2,dcrlme,2,ankle1_paralysed,top_k,0,19,553,1050.2412109375,120,1075.752197265625,6.976335366863424,3.15849431920699,
dcrlme_seed2,dcrlme,2,ankle1_paralysed,top_k,0,20,311,1182.653564453125,311,1209.396484375,61.65241917102368,27.912765868736745,
dcrlme_seed2,dcrlme,2,ankle1_paralysed,top_k,1,1,771,1054.61962890625,771,1055.281494140625,-1.3985671733145957,-0.6331929644502722,
dcrlme_seed2,dcrlme,2,ankle1_paralysed,top_k,1,2,905,1057.111572265625,905,1058.2637939453125,-0.17845909703913782,-0.08079629412402367,
dcrlme_seed2,dcrlme,2,ankle1_paralysed,top_k,1,3,906,1052.83837890625,905,1058.2637939453125,-0.17845909703913782,-0.08079629412402367,
dcrlme_seed2,dcrlme,2,ankle1_paralysed,top_k,1,4,32,1055.1910400390625,905,1058.2637939453125,-0.17845909703913782,-0.08079629412402367,
dcrlme_seed2,dcrlme,2,ankle1_paralysed,top_k,1,5,258,1047.826171875,905,1058.2637939453125,-0.17845909703913782,-0.08079629412402367,
dcrlme_seed2,dcrlme,2,ankle1_paralysed,top_k,1,6,94,1053.7198486328125,905,1058.2637939453125,-0.17845909703913782,-0.08079629412402367,
dcrlme_seed2,dcrlme,2,ankle1_paralysed,top_k,1,7,437,1055.1151123046875,905,1058.2637939453125,-0.17845909703913782,-0.08079629412402367,
dcrlme_seed2,dcrlme,2,ankle1_paralysed,top_k,1,8,790,1063.4114990234375,790,1058.5596923828125,-0.05740216212481952,-0.02598848728554688,
dcrlme_seed2,dcrlme,2,ankle1_paralysed,top_k,1,9,161,1048.062744140625,790,1058.5596923828125,-0.05740216212481952,-0.02598848728554688,
dcrlme_seed2,dcrlme,2,ankle1_paralysed,top_k,1,10,661,1077.447265625,661,1059.42822265625,0.2979279087973647,0.13488508765494914,
dcrlme_seed2,dcrlme,2,ankle1_paralysed,top_k,1,11,478,1057.008544921875,661,1059.42822265625,0.2979279087973647,0.13488508765494914,
dcrlme_seed2,dcrlme,2,ankle1_paralysed,top_k,1,12,575,1055.36181640625,661,1059.42822265625,0.2979279087973647,0.13488508765494914,
dcrlme_seed2,dcrlme,2,ankle1_paralysed,top_k,1,13,674,1045.8748779296875,661,1059.42822265625,0.2979279087973647,0.13488508765494914,
dcrlme_seed2,dcrlme,2,ankle1_paralysed,top_k,1,14,323,1065.621826171875,661,1059.42822265625,0.2979279087973647,0.13488508765494914,
dcrlme_seed2,dcrlme,2,ankle1_paralysed,top_k,1,15,358,1062.3421630859375,661,1059.42822265625,0.2979279087973647,0.13488508765494914,
dcrlme_seed2,dcrlme,2,ankle1_paralysed,top_k,1,16,120,1077.6109619140625,120,1075.752197265625,6.976335366863424,3.15849431920699,
dcrlme_seed2,dcrlme,2,ankle1_paralysed,top_k,1,17,427,1055.05615234375,120,1075.752197265625,6.976335366863424,3.15849431920699,
dcrlme_seed2,dcrlme,2,ankle1_paralysed,top_k,1,18,285,1040.710205078125,120,1075.752197265625,6.976335366863424,3.15849431920699,
dcrlme_seed2,dcrlme,2,ankle1_paralysed,top_k,1,19,553,1050.506103515625,120,1075.752197265625,6.976335366863424,3.15849431920699,
dcrlme_seed2,dcrlme,2,ankle1_paralysed,top_k,1,20,311,1242.5137939453125,311,1209.396484375,61.65241917102368,27.912765868736745,
dcrlme_seed2,dcrlme,2,ankle1_paralysed,top_k,2,1,771,1053.54833984375,771,1055.281494140625,-1.3985671733145957,-0.6331929644502722,
dcrlme_seed2,dcrlme,2,ankle1_paralysed,top_k,2,2,905,1058.453857421875,905,1058.2637939453125,-0.17845909703913782,-0.08079629412402367,
dcrlme_seed2,dcrlme,2,ankle1_paralysed,top_k,2,3,906,1054.51025390625,905,1058.2637939453125,-0.17845909703913782,-0.08079629412402367,
dcrlme_seed2,dcrlme,2,ankle1_paralysed,top_k,2,4,32,1055.442138671875,905,1058.2637939453125,-0.17845909703913782,-0.08079629412402367,
dcrlme_seed2,dcrlme,2,ankle1_paralysed,top_k,2,5,258,1048.7620849609375,905,1058.2637939453125,-0.17845909703913782,-0.08079629412402367,
dcrlme_seed2,dcrlme,2,ankle1_paralysed,top_k,2,6,94,1059.4730224609375,94,1055.41064453125,-1.3457296167389567,-0.6092710751618611,
dcrlme_seed2,dcrlme,2,ankle1_paralysed,top_k,2,7,437,1069.7005615234375,437,1066.41455078125,3.1561500618568794,1.428928157366048,
dcrlme_seed2,dcrlme,2,ankle1_paralysed,top_k,2,8,790,1054.6107177734375,437,1066.41455078125,3.1561500618568794,1.428928157366048,
dcrlme_seed2,dcrlme,2,ankle1_paralysed,top_k,2,9,161,1054.943603515625,437,1066.41455078125,3.1561500618568794,1.428928157366048,
dcrlme_seed2,dcrlme,2,ankle1_paralysed,top_k,2,10,661,1058.28564453125,437,1066.41455078125,3.1561500618568794,1.428928157366048,
dcrlme_seed2,dcrlme,2,ankle1_paralysed,top_k,2,11,478,1056.300537109375,437,1066.41455078125,3.1561500618568794,1.428928157366048,
dcrlme_seed2,dcrlme,2,ankle1_paralysed,top_k,2,12,575,1055.2015380859375,437,1066.41455078125,3.1561500618568794,1.428928157366048,
dcrlme_seed2,dcrlme,2,ankle1_paralysed,top_k,2,13,674,1052.1982421875,437,1066.41455078125,3.1561500618568794,1.428928157366048,
dcrlme_seed2,dcrlme,2,ankle1_paralysed,top_k,2,14,323,1069.770751953125,323,1072.256103515625,5.546025706819663,2.5109301327985842,
dcrlme_seed2,dcrlme,2,ankle1_paralysed,top_k,2,15,358,1051.303955078125,323,1072.256103515625,5.546025706819663,2.5109301327985842,
dcrlme_seed2,dcrlme,2,ankle1_paralysed,top_k,2,16,120,1077.3504638671875,120,1075.752197265625,6.976335366863424,3.15849431920699,
dcrlme_seed2,dcrlme,2,ankle1_paralysed,top_k,2,17,427,1053.527587890625,120,1075.752197265625,6.976335366863424,3.15849431920699,
dcrlme_seed2,dcrlme,2,ankle1_paralysed,top_k,2,18,285,1041.9464111328125,120,1075.752197265625,6.976335366863424,3.15849431920699,
dcrlme_seed2,dcrlme,2,ankle1_paralysed,top_k,2,19,553,1039.3824462890625,120,1075.752197265625,6.976335366863424,3.15849431920699,
dcrlme_seed2,dcrlme,2,ankle1_paralysed,top_k,2,20,311,1147.262451171875,311,1209.396484375,61.65241917102368,27.912765868736745,
dcrlme_seed2,dcrlme,2,ankle1_paralysed,top_k,3,1,771,1063.853271484375,771,1055.281494140625,-1.3985671733145957,-0.6331929644502722,
dcrlme_seed2,dcrlme,2,ankle1_paralysed,top_k,3,2,905,1060.236572265625,771,1055.281494140625,-1.3985671733145957,-0.6331929644502722,
dcrlme_seed2,dcrlme,2,ankle1_paralysed,top_k,3,3,906,1055.53271484375,771,1055.281494140625,-1.3985671733145957,-0.6331929644502722,
dcrlme_seed2,dcrlme,2,ankle1_paralysed,top_k,3,4,32,1057.845458984375,771,1055.281494140625,-1.3985671733145957,-0.6331929644502722,
dcrlme_seed2,dcrlme,2,ankle1_paralysed,top_k,3,5,258,1058.3082275390625,771,1055.281494140625,-1.3985671733145957,-0.6331929644502722,
dcrlme_seed2,dcrlme,2,ankle1_paralysed,top_k,3,6,94,1054.6259765625,771,1055.281494140625,-1.3985671733145957,-0.6331929644502722,
dcrlme_seed2,dcrlme,2,ankle1_paralysed,top_k,3,7,437,1056.776123046875,771,1055.281494140625,-1.3985671733145957,-0.6331929644502722,
dcrlme_seed2,dcrlme,2,ankle1_paralysed,top_k,3,8,790,1055.6845703125,771,1055.281494140625,-1.3985671733145957,-0.6331929644502722,
dcrlme_seed2,dcrlme,2,ankle1_paralysed,top_k,3,9,161,1049.511962890625,771,1055.281494140625,-1.3985671733145957,-0.6331929644502722,
dcrlme_seed2,dcrlme,2,ankle1_paralysed,top_k,3,10,661,1059.4608154296875,771,1055.281494140625,-1.3985671733145957,-0.6331929644502722,
dcrlme_seed2,dcrlme,2,ankle1_paralysed,top_k,3,11,478,1057.92138671875,771,1055.281494140625,-1.3985671733145957,-0.6331929644502722,
dcrlme_seed2,dcrlme,2,ankle1_paralysed,top_k,3,12,575,1065.206787109375,575,1059.0677490234375,0.15045219559522696,0.06811633617226681,
dcrlme_seed2,dcrlme,2,ankle1_paralysed,top_k,3,13,674,1047.6263427734375,575,1059.0677490234375,0.15045219559522696,0.06811633617226681,
dcrlme_seed2,dcrlme,2,ankle1_paralysed,top_k,3,14,323,1068.412353515625,323,1072.256103515625,5.546025706819663,2.5109301327985842,
dcrlme_seed2,dcrlme,2,ankle1_paralysed,top_k,3,15,358,1056.8642578125,323,1072.256103515625,5.546025706819663,2.5109301327985842,
dcrlme_seed2,dcrlme,2,ankle1_paralysed,top_k,3,16,120,1077.455078125,120,1075.752197265625,6.976335366863424,3.15849431920699,
dcrlme_seed2,dcrlme,2,ankle1_paralysed,top_k,3,17,427,1058.2939453125,120,1075.752197265625,6.976335366863424,3.15849431920699,
dcrlme_seed2,dcrlme,2,ankle1_paralysed,top_k,3,18,285,1042.58984375,120,1075.752197265625,6.976335366863424,3.15849431920699,
dcrlme_seed2,dcrlme,2,ankle1_paralysed,top_k,3,19,553,1052.8160400390625,120,1075.752197265625,6.976335366863424,3.15849431920699,
dcrlme_seed2,dcrlme,2,ankle1_paralysed,top_k,3,20,311,1147.172607421875,311,1209.396484375,61.65241917102368,27.912765868736745,
dcrlme_seed2,dcrlme,2,ankle1_paralysed,top_k,4,1,771,1046.300048828125,771,1055.281494140625,-1.3985671733145957,-0.6331929644502722,
dcrlme_seed2,dcrlme,2,ankle1_paralysed,top_k,4,2,905,1057.15087890625,905,1058.2637939453125,-0.17845909703913782,-0.08079629412402367,
dcrlme_seed2,dcrlme,2,ankle1_paralysed,top_k,4,3,906,1062.1888427734375,906,1055.4534912109375,-1.3282003328466607,-0.6013347962013391,
dcrlme_seed2,dcrlme,2,ankle1_paralysed,top_k,4,4,32,1066.412841796875,32,1057.6112060546875,-0.44544357478333974,-0.20167192752274352,
dcrlme_seed2,dcrlme,2,ankle1_paralysed,top_k,4,5,258,1042.402587890625,32,1057.6112060546875,-0.44544357478333974,-0.20167192752274352,
dcrlme_seed2,dcrlme,2,ankle1_paralysed,top_k,4,6,94,1055.2392578125,32,1057.6112060546875,-0.44544357478333974,-0.20167192752274352,
dcrlme_seed2,dcrlme,2,ankle1_paralysed,top_k,4,7,437,1062.268310546875,32,1057.6112060546875,-0.44544357478333974,-0.20167192752274352,
dcrlme_seed2,dcrlme,2,ankle1_paralysed,top_k,4,8,790,1063.0355224609375,32,1057.6112060546875,-0.44544357478333974,-0.20167192752274352,
dcrlme_seed2,dcrlme,2,ankle1_paralysed,top_k,4,9,161,1058.9024658203125,32,1057.6112060546875,-0.44544357478333974,-0.20167192752274352,
dcrlme_seed2,dcrlme,2,ankle1_paralysed,top_k,4,10,661,1049.287841796875,32,1057.6112060546875,-0.44544357478333974,-0.20167192752274352,
dcrlme_seed2,dcrlme,2,ankle1_paralysed,top_k,4,11,478,1086.3121337890625,478,1057.4449462890625,-0.5134631892030186,-0.2324674031473332,
dcrlme_seed2,dcrlme,2,ankle1_paralysed,top_k,4,12,575,1059.4150390625,478,1057.4449462890625,-0.5134631892030186,-0.2324674031473332,
dcrlme_seed2,dcrlme,2,ankle1_paralysed,top_k,4,13,674,1048.7725830078125,478,1057.4449462890625,-0.5134631892030186,-0.2324674031473332,
dcrlme_seed2,dcrlme,2,ankle1_paralysed,top_k,4,14,323,1067.3291015625,478,1057.4449462890625,-0.5134631892030186,-0.2324674031473332,
dcrlme_seed2,dcrlme,2,ankle1_paralysed,top_k,4,15,358,1070.385009765625,478,1057.4449462890625,-0.5134631892030186,-0.2324674031473332,
dcrlme_seed2,dcrlme,2,ankle1_paralysed,top_k,4,16,120,1069.06591796875,478,1057.4449462890625,-0.5134631892030186,-0.2324674031473332,
dcrlme_seed2,dcrlme,2,ankle1_paralysed,top_k,4,17,427,1054.922119140625,478,1057.4449462890625,-0.5134631892030186,-0.2324674031473332,
dcrlme_seed2,dcrlme,2,ankle1_paralysed,top_k,4,18,285,1036.4384765625,478,1057.4449462890625,-0.5134631892030186,-0.2324674031473332,
dcrlme_seed2,dcrlme,2,ankle1_paralysed,top_k,4,19,553,1047.129638671875,478,1057.4449462890625,-0.5134631892030186,-0.2324674031473332,
dcrlme_seed2,dcrlme,2,ankle1_paralysed,top_k,4,20,311,1155.4984130859375,311,1209.396484375,61.65241917102368,27.912765868736745,
dcrlme_seed2,dcrlme,2,ankle3_paralysed,ite,0,1,771,1203.5020751953125,771,1242.6240234375,41.54350805346048,34.06733889738088,2
dcrlme_seed2,dcrlme,2,ankle3_paralysed,ite,0,2,311,1517.22021484375,311,1494.1336669921875,98.35279651537647,80.65322856420096,2
dcrlme_seed2,dcrlme,2,ankle3_paralysed,ite,0,3,311,1544.020263671875,311,1494.1336669921875,98.35279651537647,80.65322856420096,2
dcrlme_seed2,dcrlme,2,ankle3_paralysed,ite,0,4,311,1486.579345703125,311,1494.1336669921875,98.35279651537647,80.65322856420096,2
dcrlme_seed2,dcrlme,2,ankle3_paralysed,ite,0,5,311,1375.6549072265625,311,1494.1336669921875,98.35279651537647,80.65322856420096,2
dcrlme_seed2,dcrlme,2,ankle3_paralysed,ite,0,6,311,1440.6658935546875,311,1494.1336669921875,98.35279651537647,80.65322856420096,2
dcrlme_seed2,dcrlme,2,ankle3_paralysed,ite,0,7,311,1398.7266845703125,311,1494.1336669921875,98.35279651537647,80.65322856420096,2
dcrlme_seed2,dcrlme,2,ankle3_paralysed,ite,0,8,311,1408.4779052734375,311,1494.1336669921875,98.35279651537647,80.65322856420096,2
dcrlme_seed2,dcrlme,2,ankle3_paralysed,ite,0,9,311,1521.1109619140625,311,1494.1336669921875,98.35279651537647,80.65322856420096,2
dcrlme_seed2,dcrlme,2,ankle3_paralysed,ite,0,10,311,1400.37646484375,311,1494.1336669921875,98.35279651537647,80.65322856420096,2
dcrlme_seed2,dcrlme,2,ankle3_paralysed,ite,0,11,311,1563.7647705078125,311,1494.1336669921875,98.35279651537647,80.65322856420096,2
dcrlme_seed2,dcrlme,2,ankle3_paralysed,ite,0,12,311,1525.0350341796875,311,1494.1336669921875,98.35279651537647,80.65322856420096,2
dcrlme_seed2,dcrlme,2,ankle3_paralysed,ite,0,13,311,1472.115966796875,311,1494.1336669921875,98.35279651537647,80.65322856420096,2
dcrlme_seed2,dcrlme,2,ankle3_paralysed,ite,0,14,311,1522.9324951171875,311,1494.1336669921875,98.35279651537647,80.65322856420096,2
dcrlme_seed2,dcrlme,2,ankle3_paralysed,ite,0,15,311,1549.97900390625,311,1494.1336669921875,98.35279651537647,80.65322856420096,2
dcrlme_seed2,dcrlme,2,ankle3_paralysed,ite,0,16,311,1415.57958984375,311,1494.1336669921875,98.35279651537647,80.65322856420096,2
dcrlme_seed2,dcrlme,2,ankle3_paralysed,ite,0,17,311,1494.512939453125,311,1494.1336669921875,98.35279651537647,80.65322856420096,2
dcrlme_seed2,dcrlme,2,ankle3_paralysed,ite,0,18,311,1552.0946044921875,311,1494.1336669921875,98.35279651537647,80.65322856420096,2
dcrlme_seed2,dcrlme,2,ankle3_paralysed,ite,0,19,311,1492.6822509765625,311,1494.1336669921875,98.35279651537647,80.65322856420096,2
dcrlme_seed2,dcrlme,2,ankle3_paralysed,ite,0,20,311,1531.719482421875,311,1494.1336669921875,98.35279651537647,80.65322856420096,2
dcrlme_seed2,dcrlme,2,ankle3_paralysed,ite,1,1,771,1212.566162109375,771,1242.6240234375,41.54350805346048,34.06733889738088,2
dcrlme_seed2,dcrlme,2,ankle3_paralysed,ite,1,2,311,1598.399169921875,311,1494.1336669921875,98.35279651537647,80.65322856420096,2
dcrlme_seed2,dcrlme,2,ankle3_paralysed,ite,1,3,311,1562.60546875,311,1494.1336669921875,98.35279651537647,80.65322856420096,2
dcrlme_seed2,dcrlme,2,ankle3_paralysed,ite,1,4,311,1545.813720703125,311,1494.1336669921875,98.35279651537647,80.65322856420096,2
dcrlme_seed2,dcrlme,2,ankle3_paralysed,ite,1,5,311,1347.18115234375,311,1494.1336669921875,98.35279651537647,80.65322856420096,2
dcrlme_seed2,dcrlme,2,ankle3_paralysed,ite,1,6,311,1545.239501953125,311,1494.1336669921875,98.35279651537647,80.65322856420096,2
dcrlme_seed2,dcrlme,2,ankle3_paralysed,ite,1,7,311,1494.064453125,311,1494.1336669921875,98.35279651537647,80.65322856420096,2
dcrlme_seed2,dcrlme,2,ankle3_paralysed,ite,1,8,311,1576.369873046875,311,1494.1336669921875,98.35279651537647,80.65322856420096,2
dcrlme_seed2,dcrlme,2,ankle3_paralysed,ite,1,9,311,1597.7520751953125,311,1494.1336669921875,98.35279651537647,80.65322856420096,2
dcrlme_seed2,dcrlme,2,ankle3_paralysed,ite,1,10,311,1552.382080078125,311,1494.1336669921875,98.35279651537647,80.65322856420096,2
dcrlme_seed2,dcrlme,2,ankle3_paralysed,ite,1,11,311,1522.952880859375,311,1494.1336669921875,98.35279651537647,80.65322856420096,2
dcrlme_seed2,dcrlme,2,ankle3_paralysed,ite,1,12,311,1500.9969482421875,311,1494.1336669921875,98.35279651537647,80.65322856420096,2
dcrlme_seed2,dcrlme,2,ankle3_paralysed,ite,1,13,311,1523.9276123046875,311,1494.1336669921875,98.35279651537647,80.65322856420096,2
dcrlme_seed2,dcrlme,2,ankle3_paralysed,ite,1,14,311,1481.3067626953125,311,1494.1336669921875,98.35279651537647,80.65322856420096,2
dcrlme_seed2,dcrlme,2,ankle3_paralysed,ite,1,15,311,1526.3519287109375,311,1494.1336669921875,98.35279651537647,80.65322856420096,2
dcrlme_seed2,dcrlme,2,ankle3_paralysed,ite,1,16,311,1309.5751953125,311,1494.1336669921875,98.35279651537647,80.65322856420096,2
dcrlme_seed2,dcrlme,2,ankle3_paralysed,ite,1,17,311,1409.562744140625,311,1494.1336669921875,98.35279651537647,80.65322856420096,2
dcrlme_seed2,dcrlme,2,ankle3_paralysed,ite,1,18,311,1531.6365966796875,311,1494.1336669921875,98.35279651537647,80.65322856420096,2
dcrlme_seed2,dcrlme,2,ankle3_paralysed,ite,1,19,311,1452.3734130859375,311,1494.1336669921875,98.35279651537647,80.65322856420096,2
dcrlme_seed2,dcrlme,2,ankle3_paralysed,ite,1,20,311,677.0010986328125,311,1494.1336669921875,98.35279651537647,80.65322856420096,2
dcrlme_seed2,dcrlme,2,ankle3_paralysed,ite,2,1,771,1196.9808349609375,771,1242.6240234375,41.54350805346048,34.06733889738088,3
dcrlme_seed2,dcrlme,2,ankle3_paralysed,ite,2,2,311,345.9928894042969,771,1242.6240234375,41.54350805346048,34.06733889738088,3
dcrlme_seed2,dcrlme,2,ankle3_paralysed,ite,2,3,258,1397.9267578125,258,1372.963134765625,70.98362044302469,58.20940905336336,3
dcrlme_seed2,dcrlme,2,ankle3_paralysed,ite,2,4,258,1363.5223388671875,258,1372.963134765625,70.98362044302469,58.20940905336336,3
dcrlme_seed2,dcrlme,2,ankle3_paralysed,ite,2,5,258,1377.432373046875,258,1372.963134765625,70.98362044302469,58.20940905336336,3
dcrlme_seed2,dcrlme,2,ankle3_paralysed,ite,2,6,258,1397.482666015625,258,1372.963134765625,70.98362044302469,58.20940905336336,3
dcrlme_seed2,dcrlme,2,ankle3_paralysed,ite,2,7,258,1379.953369140625,258,1372.963134765625,70.98362044302469,58.20940905336336,3
dcrlme_seed2,dcrlme,2,ankle3_paralysed,ite,2,8,258,1385.140869140625,258,1372.963134765625,70.98362044302469,58.20940905336336,3
dcrlme_seed2,dcrlme,2,ankle3_paralysed,ite,2,9,258,1366.306640625,258,1372.963134765625,70.98362044302469,58.20940905336336,3
dcrlme_seed2,dcrlme,2,ankle3_paralysed,ite,2,10,258,1354.439453125,258,1372.963134765625,70.98362044302469,58.20940905336336,3
dcrlme_seed2,dcrlme,2,ankle3_paralysed,ite,2,11,258,1381.1583251953125,258,1372.963134765625,70.98362044302469,58.20940905336336,3
dcrlme_seed2,dcrlme,2,ankle3_paralysed,ite,2,12,258,1352.877685546875,258,1372.963134765625,70.98362044302469,58.20940905336336,3
dcrlme_seed2,dcrlme,2,ankle3_paralysed,ite,2,13,258,1340.6611328125,258,1372.963134765625,70.98362044302469,58.20940905336336,3
dcrlme_seed2,dcrlme,2,ankle3_paralysed,ite,2,14,258,1404.9078369140625,258,1372.963134765625,70.98362044302469,58.20940905336336,3
dcrlme_seed2,dcrlme,2,ankle3_paralysed,ite,2,15,258,1349.3243408203125,258,1372.963134765625,70.98362044302469,58.20940905336336,3
dcrlme_seed2,dcrlme,2,ankle3_paralysed,ite,2,16,258,1350.58349609375,258,1372.963134765625,70.98362044302469,58.20940905336336,3
dcrlme_seed2,dcrlme,2,ankle3_paralysed,ite,2,17,258,1448.9725341796875,258,1372.963134765625,70.98362044302469,58.20940905336336,3
dcrlme_seed2,dcrlme,2,ankle3_paralysed,ite,2,18,258,1351.756591796875,258,1372.963134765625,70.98362044302469,58.20940905336336,3
dcrlme_seed2,dcrlme,2,ankle3_paralysed,ite,2,19,258,1341.3907470703125,258,1372.963134765625,70.98362044302469,58.20940905336336,3
dcrlme_seed2,dcrlme,2,ankle3_paralysed,ite,2,20,258,1354.48681640625,258,1372.963134765625,70.98362044302469,58.20940905336336,3
dcrlme_seed2,dcrlme,2,ankle3_paralysed,ite,3,1,771,1216.9473876953125,771,1242.6240234375,41.54350805346048,34.06733889738088,2
dcrlme_seed2,dcrlme,2,ankle3_paralysed,ite,3,2,311,1534.5810546875,311,1494.1336669921875,98.35279651537647,80.65322856420096,2
dcrlme_seed2,dcrlme,2,ankle3_paralysed,ite,3,3,311,1425.132568359375,311,1494.1336669921875,98.35279651537647,80.65322856420096,2
dcrlme_seed2,dcrlme,2,ankle3_paralysed,ite,3,4,311,1564.6297607421875,311,1494.1336669921875,98.35279651537647,80.65322856420096,2
dcrlme_seed2,dcrlme,2,ankle3_paralysed,ite,3,5,311,1447.9622802734375,311,1494.1336669921875,98.35279651537647,80.65322856420096,2
dcrlme_seed2,dcrlme,2,ankle3_paralysed,ite,3,6,311,1339.537109375,311,1494.1336669921875,98.35279651537647,80.65322856420096,2
dcrlme_seed2,dcrlme,2,ankle3_paralysed,ite,3,7,311,1349.668212890625,311,1494.1336669921875,98.35279651537647,80.65322856420096,2
dcrlme_seed2,dcrlme,2,ankle3_paralysed,ite,3,8,311,1481.488525390625,311,1494.1336669921875,98.35279651537647,80.65322856420096,2
dcrlme_seed2,dcrlme,2,ankle3_paralysed,ite,3,9,311,1410.76025390625,311,1494.1336669921875,98.35279651537647,80.65322856420096,2
dcrlme_seed2,dcrlme,2,ankle3_paralysed,ite,3,10,311,1468.5557861328125,311,1494.1336669921875,98.35279651537647,80.65322856420096,2
dcrlme_seed2,dcrlme,2,ankle3_paralysed,ite,3,11,311,1516.224365234375,311,1494.1336669921875,98.35279651537647,80.65322856420096,2
dcrlme_seed2,dcrlme,2,ankle3_paralysed,ite,3,12,311,1521.8829345703125,311,1494.1336669921875,98.35279651537647,80.65322856420096,2
dcrlme_seed2,dcrlme,2,ankle3_paralysed,ite,3,13,311,1421.612060546875,311,1494.1336669921875,98.35279651537647,80.65322856420096,2
dcrlme_seed2,dcrlme,2,ankle3_paralysed,ite,3,14,311,1538.4732666015625,311,1494.1336669921875,98.35279651537647,80.65322856420096,2
dcrlme_seed2,dcrlme,2,ankle3_paralysed,ite,3,15,311,1618.5965576171875,311,1494.1336669921875,98.35279651537647,80.65322856420096,2
dcrlme_seed2,dcrlme,2,ankle3_paralysed,ite,3,16,311,1462.3250732421875,311,1494.1336669921875,98.35279651537647,80.65322856420096,2
dcrlme_seed2,dcrlme,2,ankle3_paralysed,ite,3,17,311,987.1266479492188,311,1494.1336669921875,98.35279651537647,80.65322856420096,2
dcrlme_seed2,dcrlme,2,ankle3_paralysed,ite,3,18,311,1543.909912109375,311,1494.1336669921875,98.35279651537647,80.65322856420096,2
dcrlme_seed2,dcrlme,2,ankle3_paralysed,ite,3,19,311,1579.9384765625,311,1494.1336669921875,98.35279651537647,80.65322856420096,2
dcrlme_seed2,dcrlme,2,ankle3_paralysed,ite,3,20,311,1390.9840087890625,311,1494.1336669921875,98.35279651537647,80.65322856420096,2
dcrlme_seed2,dcrlme,2,ankle3_paralysed,ite,4,1,771,1339.8907470703125,771,1242.6240234375,41.54350805346048,34.06733889738088,2
dcrlme_seed2,dcrlme,2,ankle3_paralysed,ite,4,2,311,1488.58642578125,311,1494.1336669921875,98.35279651537647,80.65322856420096,2
dcrlme_seed2,dcrlme,2,ankle3_paralysed,ite,4,3,311,1557.3243408203125,311,1494.1336669921875,98.35279651537647,80.65322856420096,2
dcrlme_seed2,dcrlme,2,ankle3_paralysed,ite,4,4,311,1481.08984375,311,1494.1336669921875,98.35279651537647,80.65322856420096,2
dcrlme_seed2,dcrlme,2,ankle3_paralysed,ite,4,5,311,1487.476806640625,311,1494.1336669921875,98.35279651537647,80.65322856420096,2
dcrlme_seed2,dcrlme,2,ankle3_paralysed,ite,4,6,311,1486.43603515625,311,1494.1336669921875,98.35279651537647,80.65322856420096,2
dcrlme_seed2,dcrlme,2,ankle3_paralysed,ite,4,7,311,1447.787841796875,311,1494.1336669921875,98.35279651537647,80.65322856420096,2
dcrlme_seed2,dcrlme,2,ankle3_paralysed,ite,4,8,311,1210.142822265625,311,1494.1336669921875,98.35279651537647,80.65322856420096,2
dcrlme_seed2,dcrlme,2,ankle3_paralysed,ite,4,9,311,1564.26806640625,311,1494.1336669921875,98.35279651537647,80.65322856420096,2
dcrlme_seed2,dcrlme,2,ankle3_paralysed,ite,4,10,311,1514.97021484375,311,1494.1336669921875,98.35279651537647,80.65322856420096,2
dcrlme_seed2,dcrlme,2,ankle3_paralysed,ite,4,11,311,1532.628173828125,311,1494.1336669921875,98.35279651537647,80.65322856420096,2
dcrlme_seed2,dcrlme,2,ankle3_paralysed,ite,4,12,311,1346.5240478515625,311,1494.1336669921875,98.35279651537647,80.65322856420096,2
dcrlme_seed2,dcrlme,2,ankle3_paralysed,ite,4,13,311,1488.5322265625,311,1494.1336669921875,98.35279651537647,80.65322856420096,2
dcrlme_seed2,dcrlme,2,ankle3_paralysed,ite,4,14,311,1495.8045654296875,311,1494.1336669921875,98.35279651537647,80.65322856420096,2
dcrlme_seed2,dcrlme,2,ankle3_paralysed,ite,4,15,311,1488.458740234375,311,1494.1336669921875,98.35279651537647,80.65322856420096,2
dcrlme_seed2,dcrlme,2,ankle3_paralysed,ite,4,16,311,1301.90869140625,311,1494.1336669921875,98.35279651537647,80.65322856420096,2
dcrlme_seed2,dcrlme,2,ankle3_paralysed,ite,4,17,311,1493.488525390625,311,1494.1336669921875,98.35279651537647,80.65322856420096,2
dcrlme_seed2,dcrlme,2,ankle3_paralysed,ite,4,18,311,1587.1759033203125,311,1494.1336669921875,98.35279651537647,80.65322856420096,2
dcrlme_seed2,dcrlme,2,ankle3_paralysed,ite,4,19,311,1528.7156982421875,311,1494.1336669921875,98.35279651537647,80.65322856420096,2
dcrlme_seed2,dcrlme,2,ankle3_paralysed,ite,4,20,311,1148.0281982421875,311,1494.1336669921875,98.35279651537647,80.65322856420096,2
dcrlme_seed2,dcrlme,2,ankle3_paralysed,top_k,0,1,771,1221.196533203125,771,1242.6240234375,41.54350805346048,34.06733889738088,
dcrlme_seed2,dcrlme,2,ankle3_paralysed,top_k,0,2,905,1303.928955078125,905,1250.3294677734375,43.283961436562386,35.49458031283681,
dcrlme_seed2,dcrlme,2,ankle3_paralysed,top_k,0,3,906,1306.1468505859375,906,1275.9129638671875,49.062587611340156,40.23328499815362,
dcrlme_seed2,dcrlme,2,ankle3_paralysed,top_k,0,4,32,1229.730224609375,906,1275.9129638671875,49.062587611340156,40.23328499815362,
dcrlme_seed2,dcrlme,2,ankle3_paralysed,top_k,0,5,258,1374.9296875,258,1372.963134765625,70.98362044302469,58.20940905336336,
dcrlme_seed2,dcrlme,2,ankle3_paralysed,top_k,0,6,94,1286.7353515625,258,1372.963134765625,70.98362044302469,58.20940905336336,
dcrlme_seed2,dcrlme,2,ankle3_paralysed,top_k,0,7,437,1483.158935546875,437,1501.42626953125,100.0,82.0040013316669,
dcrlme_seed2,dcrlme,2,ankle3_paralysed,top_k,0,8,790,1188.3897705078125,437,1501.42626953125,100.0,82.0040013316669,
dcrlme_seed2,dcrlme,2,ankle3_paralysed,top_k,0,9,161,1349.913818359375,437,1501.42626953125,100.0,82.0040013316669,
dcrlme_seed2,dcrlme,2,ankle3_paralysed,top_k,0,10,661,1332.5289306640625,437,1501.42626953125,100.0,82.0040013316669,
dcrlme_seed2,dcrlme,2,ankle3_paralysed,top_k,0,11,478,1401.8424072265625,437,1501.42626953125,100.0,82.0040013316669,
dcrlme_seed2,dcrlme,2,ankle3_paralysed,top_k,0,12,575,1203.2017822265625,437,1501.42626953125,100.0,82.0040013316669,
dcrlme_seed2,dcrlme,2,ankle3_paralysed,top_k,0,13,674,1414.330078125,437,1501.42626953125,100.0,82.0040013316669,
dcrlme_seed2,dcrlme,2,ankle3_paralysed,top_k,0,14,323,1212.1298828125,437,1501.42626953125,100.0,82.0040013316669,
dcrlme_seed2,dcrlme,2,ankle3_paralysed,top_k,0,15,358,1401.746826171875,437,1501.42626953125,100.0,82.0040013316669,
dcrlme_seed2,dcrlme,2,ankle3_paralysed,top_k,0,16,120,1194.949462890625,437,1501.42626953125,100.0,82.0040013316669,
dcrlme_seed2,dcrlme,2,ankle3_paralysed,top_k,0,17,427,1163.95751953125,437,1501.42626953125,100.0,82.0040013316669,
dcrlme_seed2,dcrlme,2,ankle3_paralysed,top_k,0,18,285,1447.95751953125,437,1501.42626953125,100.0,82.0040013316669,
dcrlme_seed2,dcrlme,2,ankle3_paralysed,top_k,0,19,553,1458.257568359375,437,1501.42626953125,100.0,82.0040013316669,
dcrlme_seed2,dcrlme,2,ankle3_paralysed,top_k,0,20,311,1421.4100341796875,437,1501.42626953125,100.0,82.0040013316669,
dcrlme_seed2,dcrlme,2,ankle3_paralysed,top_k,1,1,771,1485.649658203125,771,1242.6240234375,41.54350805346048,34.06733889738088,
dcrlme_seed2,dcrlme,2,ankle3_paralysed,top_k,1,2,905,1240.0601806640625,771,1242.6240234375,41.54350805346048,34.06733889738088,
dcrlme_seed2,dcrlme,2,ankle3_paralysed,top_k,1,3,906,1272.36279296875,771,1242.6240234375,41.54350805346048,34.06733889738088,
dcrlme_seed2,dcrlme,2,ankle3_paralysed,top_k,1,4,32,1229.30859375,771,1242.6240234375,41.54350805346048,34.06733889738088,
dcrlme_seed2,dcrlme,2,ankle3_paralysed,top_k,1,5,258,1413.318603515625,771,1242.6240234375,41.54350805346048,34.06733889738088,
dcrlme_seed2,dcrlme,2,ankle3_paralysed,top_k,1,6,94,1273.43701171875,771,1242.6240234375,41.54350805346048,34.06733889738088,
dcrlme_seed2,dcrlme,2,ankle3_paralysed,top_k,1,7,437,1509.8104248046875,437,1501.42626953125,100.0,82.0040013316669,
dcrlme_seed2,dcrlme,2,ankle3_paralysed,top_k,1,8,790,1198.984619140625,437,1501.42626953125,100.0,82.0040013316669,
dcrlme_seed2,dcrlme,2,ankle3_paralysed,top_k,1,9,161,1315.7332763671875,437,1501.42626953125,100.0,82.0040013316669,
dcrlme_seed2,dcrlme,2,ankle3_paralysed,top_k,1,10,661,1353.6488037109375,437,1501.42626953125,100.0,82.0040013316669,
dcrlme_seed2,dcrlme,2,ankle3_paralysed,top_k,1,11,478,1381.8516845703125,437,1501.42626953125,100.0,82.0040013316669,
dcrlme_seed2,dcrlme,2,ankle3_paralysed,top_k,1,12,575,1137.99072265625,437,1501.42626953125,100.0,82.0040013316669,
dcrlme_seed2,dcrlme,2,ankle3_paralysed,top_k,1,13,674,1398.3779296875,437,1501.42626953125,100.0,82.0040013316669,
dcrlme_seed2,dcrlme,2,ankle3_paralysed,top_k,1,14,323,1158.3739013671875,437,1501.42626953125,100.0,82.0040013316669,
dcrlme_seed2,dcrlme,2,ankle3_paralysed,top_k,1,15,358,1405.5716552734375,437,1501.42626953125,100.0,82.0040013316669,
dcrlme_seed2,dcrlme,2,ankle3_paralysed,top_k,1,16,120,1192.312744140625,437,1501.42626953125,100.0,82.0040013316669,
dcrlme_seed2,dcrlme,2,ankle3_paralysed,top_k,1,17,427,1153.5147705078125,437,1501.42626953125,100.0,82.0040013316669,
dcrlme_seed2,dcrlme,2,ankle3_paralysed,top_k,1,18,285,1476.771240234375,437,1501.42626953125,100.0,82.0040013316669,
dcrlme_seed2,dcrlme,2,ankle3_paralysed,top_k,1,19,553,1367.7369384765625,437,1501.42626953125,100.0,82.0040013316669,
dcrlme_seed2,dcrlme,2,ankle3_paralysed,top_k,1,20,311,1581.7197265625,311,1494.1336669921875,98.35279651537647,80.65322856420096,
dcrlme_seed2,dcrlme,2,ankle3_paralysed,top_k,2,1,771,1235.77197265625,771,1242.6240234375,41.54350805346048,34.06733889738088,
dcrlme_seed2,dcrlme,2,ankle3_paralysed,top_k,2,2,905,1233.656982421875,771,1242.6240234375,41.54350805346048,34.06733889738088,
dcrlme_seed2,dcrlme,2,ankle3_paralysed,top_k,2,3,906,1308.783447265625,906,1275.9129638671875,49.062587611340156,40.23328499815362,
dcrlme_seed2,dcrlme,2,ankle3_paralysed,top_k,2,4,32,1275.7021484375,906,1275.9129638671875,49.062587611340156,40.23328499815362,
dcrlme_seed2,dcrlme,2,ankle3_paralysed,top_k,2,5,258,1370.776611328125,258,1372.963134765625,70.98362044302469,58.20940905336336,
dcrlme_seed2,dcrlme,2,ankle3_paralysed,top_k,2,6,94,1279.715087890625,258,1372.963134765625,70.98362044302469,58.20940905336336,
dcrlme_seed2,dcrlme,2,ankle3_paralysed,top_k,2,7,437,1433.21533203125,437,1501.42626953125,100.0,82.0040013316669,
dcrlme_seed2,dcrlme,2,ankle3_paralysed,top_k,2,8,790,1246.844970703125,437,1501.42626953125,100.0,82.0040013316669,
dcrlme_seed2,dcrlme,2,ankle3_paralysed,top_k,2,9,161,1306.582763671875,437,1501.42626953125,100.0,82.0040013316669,
dcrlme_seed2,dcrlme,2,ankle3_paralysed,top_k,2,10,661,1328.7724609375,437,1501.42626953125,100.0,82.0040013316669,
dcrlme_seed2,dcrlme,2,ankle3_paralysed,top_k,2,11,478,1330.5340576171875,437,1501.42626953125,100.0,82.0040013316669,
dcrlme_seed2,dcrlme,2,ankle3_paralysed,top_k,2,12,575,1164.253173828125,437,1501.42626953125,100.0,82.0040013316669,
dcrlme_seed2,dcrlme,2,ankle3_paralysed,top_k,2,13,674,1385.408447265625,437,1501.42626953125,100.0,82.0040013316669,
dcrlme_seed2,dcrlme,2,ankle3_paralysed,top_k,2,14,323,1168.4117431640625,437,1501.42626953125,100.0,82.0040013316669,
dcrlme_seed2,dcrlme,2,ankle3_paralysed,top_k,2,15,358,1361.181396484375,437,1501.42626953125,100.0,82.0040013316669,
dcrlme_seed2,dcrlme,2,ankle3_paralysed,top_k,2,16,120,1261.2615966796875,437,1501.42626953125,100.0,82.0040013316669,
dcrlme_seed2,dcrlme,2,ankle3_paralysed,top_k,2,17,427,1191.1134033203125,437,1501.42626953125,100.0,82.0040013316669,
dcrlme_seed2,dcrlme,2,ankle3_paralysed,top_k,2,18,285,1513.065185546875,285,1479.2664794921875,94.99469727366193,77.89945281730667,
dcrlme_seed2,dcrlme,2,ankle3_paralysed,top_k,2,19,553,1407.61181640625,285,1479.2664794921875,94.99469727366193,77.89945281730667,
dcrlme_seed2,dcrlme,2,ankle3_paralysed,top_k,2,20,311,1463.3016357421875,285,1479.2664794921875,94.99469727366193,77.89945281730667,
dcrlme_seed2,dcrlme,2,ankle3_paralysed,top_k,3,1,771,1166.925537109375,771,1242.6240234375,41.54350805346048,34.06733889738088,
dcrlme_seed2,dcrlme,2,ankle3_paralysed,top_k,3,2,905,1193.51416015625,905,1250.3294677734375,43.283961436562386,35.49458031283681,
dcrlme_seed2,dcrlme,2,ankle3_paralysed,top_k,3,3,906,1240.7247314453125,906,1275.9129638671875,49.062587611340156,40.23328499815362,
dcrlme_seed2,dcrlme,2,ankle3_paralysed,top_k,3,4,32,1191.349365234375,906,1275.9129638671875,49.062587611340156,40.23328499815362,
dcrlme_seed2,dcrlme,2,ankle3_paralysed,top_k,3,5,258,1346.5750732421875,258,1372.963134765625,70.98362044302469,58.20940905336336,
dcrlme_seed2,dcrlme,2,ankle3_paralysed,top_k,3,6,94,1298.451416015625,258,1372.963134765625,70.98362044302469,58.20940905336336,
dcrlme_seed2,dcrlme,2,ankle3_paralysed,top_k,3,7,437,1467.836669921875,437,1501.42626953125,100.0,82.0040013316669,
dcrlme_seed2,dcrlme,2,ankle3_paralysed,top_k,3,8,790,1155.5478515625,437,1501.42626953125,100.0,82.0040013316669,
dcrlme_seed2,dcrlme,2,ankle3_paralysed,top_k,3,9,161,1323.164306640625,437,1501.42626953125,100.0,82.0040013316669,
dcrlme_seed2,dcrlme,2,ankle3_paralysed,top_k,3,10,661,1307.5697021484375,437,1501.42626953125,100.0,82.0040013316669,
dcrlme_seed2,dcrlme,2,ankle3_paralysed,top_k,3,11,478,1363.49853515625,437,1501.42626953125,100.0,82.0040013316669,
dcrlme_seed2,dcrlme,2,ankle3_paralysed,top_k,3,12,575,1155.925537109375,437,1501.42626953125,100.0,82.0040013316669,
dcrlme_seed2,dcrlme,2,ankle3_paralysed,top_k,3,13,674,1452.873291015625,437,1501.42626953125,100.0,82.0040013316669,
dcrlme_seed2,dcrlme,2,ankle3_paralysed,top_k,3,14,323,1168.041259765625,437,1501.42626953125,100.0,82.0040013316669,
dcrlme_seed2,dcrlme,2,ankle3_paralysed,top_k,3,15,358,1386.32421875,437,1501.42626953125,100.0,82.0040013316669,
dcrlme_seed2,dcrlme,2,ankle3_paralysed,top_k,3,16,120,1239.76171875,437,1501.42626953125,100.0,82.0040013316669,
dcrlme_seed2,dcrlme,2,ankle3_paralysed,top_k,3,17,427,1212.2347412109375,437,1501.42626953125,100.0,82.0040013316669,
dcrlme_seed2,dcrlme,2,ankle3_paralysed,top_k,3,18,285,1403.50390625,437,1501.42626953125,100.0,82.0040013316669,
dcrlme_seed2,dcrlme,2,ankle3_paralysed,top_k,3,19,553,1373.850830078125,437,1501.42626953125,100.0,82.0040013316669,
dcrlme_seed2,dcrlme,2,ankle3_paralysed,top_k,3,20,311,1398.027099609375,437,1501.42626953125,100.0,82.0040013316669,
dcrlme_seed2,dcrlme,2,ankle3_paralysed,top_k,4,1,771,1405.8497314453125,771,1242.6240234375,41.54350805346048,34.06733889738088,
dcrlme_seed2,dcrlme,2,ankle3_paralysed,top_k,4,2,905,1235.5927734375,771,1242.6240234375,41.54350805346048,34.06733889738088,
dcrlme_seed2,dcrlme,2,ankle3_paralysed,top_k,4,3,906,1261.671630859375,771,1242.6240234375,41.54350805346048,34.06733889738088,
dcrlme_seed2,dcrlme,2,ankle3_paralysed,top_k,4,4,32,1296.844970703125,771,1242.6240234375,41.54350805346048,34.06733889738088,
dcrlme_seed2,dcrlme,2,ankle3_paralysed,top_k,4,5,258,1357.711181640625,771,1242.6240234375,41.54350805346048,34.06733889738088,
dcrlme_seed2,dcrlme,2,ankle3_paralysed,top_k,4,6,94,1282.004638671875,771,1242.6240234375,41.54350805346048,34.06733889738088,
dcrlme_seed2,dcrlme,2,ankle3_paralysed,top_k,4,7,437,1507.9320068359375,437,1501.42626953125,100.0,82.0040013316669,
dcrlme_seed2,dcrlme,2,ankle3_paralysed,top_k,4,8,790,1237.574951171875,437,1501.42626953125,100.0,82.0040013316669,
dcrlme_seed2,dcrlme,2,ankle3_paralysed,top_k,4,9,161,1352.759521484375,437,1501.42626953125,100.0,82.0040013316669,
dcrlme_seed2,dcrlme,2,ankle3_paralysed,top_k,4,10,661,1277.5657958984375,437,1501.42626953125,100.0,82.0040013316669,
dcrlme_seed2,dcrlme,2,ankle3_paralysed,top_k,4,11,478,1409.2952880859375,437,1501.42626953125,100.0,82.0040013316669,
dcrlme_seed2,dcrlme,2,ankle3_paralysed,top_k,4,12,575,1176.514404296875,437,1501.42626953125,100.0,82.0040013316669,
dcrlme_seed2,dcrlme,2,ankle3_paralysed,top_k,4,13,674,1465.078857421875,437,1501.42626953125,100.0,82.0040013316669,
dcrlme_seed2,dcrlme,2,ankle3_paralysed,top_k,4,14,323,1150.635986328125,437,1501.42626953125,100.0,82.0040013316669,
dcrlme_seed2,dcrlme,2,ankle3_paralysed,top_k,4,15,358,1406.3658447265625,437,1501.42626953125,100.0,82.0040013316669,
dcrlme_seed2,dcrlme,2,ankle3_paralysed,top_k,4,16,120,1212.561279296875,437,1501.42626953125,100.0,82.0040013316669,
dcrlme_seed2,dcrlme,2,ankle3_paralysed,top_k,4,17,427,1156.380615234375,437,1501.42626953125,100.0,82.0040013316669,
dcrlme_seed2,dcrlme,2,ankle3_paralysed,top_k,4,18,285,1475.3543701171875,437,1501.42626953125,100.0,82.0040013316669,
dcrlme_seed2,dcrlme,2,ankle3_paralysed,top_k,4,19,553,1309.799560546875,437,1501.42626953125,100.0,82.0040013316669,
dcrlme_seed2,dcrlme,2,ankle3_paralysed,top_k,4,20,311,1451.0556640625,437,1501.42626953125,100.0,82.0040013316669,
