run,algo,seed,scenario,method,rep,trial,cell,observed,recommended_cell,recommended_true,pct_oracle,pct_intact,stop_trial
pgame_seed2,pgame,2,leg1_paralysed,ite,0,1,294,1064.4052734375,294,1054.579833984375,-1.9759095504051398,-0.6422344928809016,5
pgame_seed2,pgame,2,leg1_paralysed,ite,0,2,412,1113.819580078125,412,1097.297119140625,18.510034799293457,6.016359812671896,5
pgame_seed2,pgame,2,leg1_paralysed,ite,0,3,258,1042.538818359375,412,1097.297119140625,18.510034799293457,6.016359812671896,5
pgame_seed2,pgame,2,leg1_paralysed,ite,0,4,475,1222.205078125,475,1160.7242431640625,48.9278042865817,15.903118423272874,5
pgame_seed2,pgame,2,leg1_paralysed,ite,0,5,475,1078.3331298828125,475,1160.7242431640625,48.9278042865817,15.903118423272874,5
pgame_seed2,pgame,2,leg1_paralysed,ite,0,6,323,1089.4017333984375,475,1160.7242431640625,48.9278042865817,15.903118423272874,5
pgame_seed2,pgame,2,leg1_paralysed,ite,0,7,646,1037.71142578125,475,1160.7242431640625,48.9278042865817,15.903118423272874,5
pgame_seed2,pgame,2,leg1_paralysed,ite,0,8,603,1106.7086181640625,475,1160.7242431640625,48.9278042865817,15.903118423272874,5
pgame_seed2,pgame,2,leg1_paralysed,ite,0,9,334,1095.3214111328125,475,1160.7242431640625,48.9278042865817,15.903118423272874,5
pgame_seed2,pgame,2,leg1_paralysed,ite,0,10,475,1110.99462890625,475,1160.7242431640625,48.9278042865817,15.903118423272874,5
pgame_seed2,pgame,2,leg1_paralysed,ite,0,11,412,1092.473876953125,475,1160.7242431640625,48.9278042865817,15.903118423272874,5
pgame_seed2,pgame,2,leg1_paralysed,ite,0,12,294,1114.2509765625,475,1160.7242431640625,48.9278042865817,15.903118423272874,5
pgame_seed2,pgame,2,leg1_paralysed,ite,0,13,475,1231.73046875,475,1160.7242431640625,48.9278042865817,15.903118423272874,5
pgame_seed2,pgame,2,leg1_paralysed,ite,0,14,475,1180.6273193359375,475,1160.7242431640625,48.9278042865817,15.903118423272874,5
pgame_seed2,pgame,2,leg1_paralysed,ite,0,15,475,1247.8726806640625,475,1160.7242431640625,48.9278042865817,15.903118423272874,5
pgame_seed2,pgame,2,leg1_paralysed,ite,0,16,475,1184.85400390625,475,1160.7242431640625,48.9278042865817,15.903118423272874,5
pgame_seed2,pgame,2,leg1_paralysed,ite,0,17,475,1241.1121826171875,475,1160.7242431640625,48.9278042865817,15.903118423272874,5
pgame_seed2,pgame,2,leg1_paralysed,ite,0,18,475,1083.38623046875,475,1160.7242431640625,48.9278042865817,15.903118423272874,5
pgame_seed2,pgame,2,leg1_paralysed,ite,0,19,475,1234.3616943359375,475,1160.7242431640625,48.9278042865817,15.903118423272874,5
pgame_seed2,pgame,2,leg1_paralysed,ite,0,20,475,1136.1318359375,475,1160.7242431640625,48.9278042865817,15.903118423272874,5
pgame_seed2,pgame,2,leg1_paralysed,ite,1,1,294,1080.4559326171875,294,1054.579833984375,-1.9759095504051398,-0.6422344928809016,5
pgame_seed2,pgame,2,leg1_paralysed,ite,1,2,412,1100.564208984375,412,1097.297119140625,18.510034799293457,6.016359812671896,5
pgame_seed2,pgame,2,leg1_paralysed,ite,1,3,258,1129.65625,258,1060.0130615234375,0.6297054037605313,0.2046746170975217,5
pgame_seed2,pgame,2,leg1_paralysed,ite,1,4,475,1227.28369140625,475,1160.7242431640625,48.9278042865817,15.903118423272874,5
pgame_seed2,pgame,2,leg1_paralysed,ite,1,5,475,1134.6700439453125,475,1160.7242431640625,48.9278042865817,15.903118423272874,5
pgame_seed2,pgame,2,leg1_paralysed,ite,1,6,761,1127.564697265625,475,1160.7242431640625,48.9278042865817,15.903118423272874,5
pgame_seed2,pgame,2,leg1_paralysed,ite,1,7,323,1073.860595703125,475,1160.7242431640625,48.9278042865817,15.903118423272874,5
pgame_seed2,pgame,2,leg1_paralysed,ite,1,8,603,1058.4676513671875,475,1160.7242431640625,48.9278042865817,15.903118423272874,5
pgame_seed2,pgame,2,leg1_paralysed,ite,1,9,475,1165.3095703125,475,1160.7242431640625,48.9278042865817,15.903118423272874,5
pgame_seed2,pgame,2,leg1_paralysed,ite,1,10,475,1274.635986328125,475,1160.7242431640625,48.9278042865817,15.903118423272874,5
pgame_seed2,pgame,2,leg1_paralysed,ite,1,11,475,1268.8553466796875,475,1160.7242431640625,48.9278042865817,15.903118423272874,5
pgame_seed2,pgame,2,leg1_paralysed,ite,1,12,475,1093.137451171875,475,1160.7242431640625,48.9278042865817,15.903118423272874,5
pgame_seed2,pgame,2,leg1_paralysed,ite,1,13,475,1264.096435546875,475,1160.7242431640625,48.9278042865817,15.903118423272874,5
pgame_seed2,pgame,2,leg1_paralysed,ite,1,14,475,1212.2989501953125,475,1160.7242431640625,48.9278042865817,15.903118423272874,5
pgame_seed2,pgame,2,leg1_paralysed,ite,1,15,475,1095.6141357421875,475,1160.7242431640625,48.9278042865817,15.903118423272874,5
pgame_seed2,pgame,2,leg1_paralysed,ite,1,16,475,1268.822509765625,475,1160.7242431640625,48.9278042865817,15.903118423272874,5
pgame_seed2,pgame,2,leg1_paralysed,ite,1,17,475,1159.57763671875,475,1160.7242431640625,48.9278042865817,15.903118423272874,5
pgame_seed2,pgame,2,leg1_paralysed,ite,1,18,475,1254.6025390625,475,1160.7242431640625,48.9278042865817,15.903118423272874,5
pgame_seed2,pgame,2,leg1_paralysed,ite,1,19,475,1223.1126708984375,475,1160.7242431640625,48.9278042865817,15.903118423272874,5
pgame_seed2,pgame,2,leg1_paralysed,ite,1,20,475,1128.6163330078125,475,1160.7242431640625,48.9278042865817,15.903118423272874,5
pgame_seed2,pgame,2,leg1_paralysed,ite,2,1,294,868.236083984375,294,1054.579833984375,-1.9759095504051398,-0.6422344928809016,5
pgame_seed2,pgame,2,leg1_paralysed,ite,2,2,412,1090.55859375,412,1097.297119140625,18.510034799293457,6.016359812671896,5
pgame_seed2,pgame,2,leg1_paralysed,ite,2,3,258,1099.562744140625,258,1060.0130615234375,0.6297054037605313,0.2046746170975217,5
pgame_seed2,pgame,2,leg1_paralysed,ite,2,4,323,1089.2669677734375,258,1060.0130615234375,0.6297054037605313,0.2046746170975217,5
pgame_seed2,pgame,2,leg1_paralysed,ite,2,5,475,1214.97021484375,475,1160.7242431640625,48.9278042865817,15.903118423272874,5
pgame_seed2,pgame,2,leg1_paralysed,ite,2,6,475,1255.44677734375,475,1160.7242431640625,48.9278042865817,15.903118423272874,5
pgame_seed2,pgame,2,leg1_paralysed,ite,2,7,475,1151.25146484375,475,1160.7242431640625,48.9278042865817,15.903118423272874,5
pgame_seed2,pgame,2,leg1_paralysed,ite,2,8,475,1192.788818359375,475,1160.7242431640625,48.9278042865817,15.903118423272874,5
pgame_seed2,pgame,2,leg1_paralysed,ite,2,9,475,1213.578369140625,475,1160.7242431640625,48.9278042865817,15.903118423272874,5
pgame_seed2,pgame,2,leg1_paralysed,ite,2,10,475,1094.247314453125,475,1160.7242431640625,48.9278042865817,15.903118423272874,5
pgame_seed2,pgame,2,leg1_paralysed,ite,2,11,475,1239.64599609375,475,1160.7242431640625,48.9278042865817,15.903118423272874,5
pgame_seed2,pgame,2,leg1_paralysed,ite,2,12,475,1110.89892578125,475,1160.7242431640625,48.9278042865817,15.903118423272874,5
pgame_seed2,pgame,2,leg1_paralysed,ite,2,13,334,1093.1455078125,475,1160.7242431640625,48.9278042865817,15.903118423272874,5
pgame_seed2,pgame,2,leg1_paralysed,ite,2,14,475,1116.5703125,475,1160.7242431640625,48.9278042865817,15.903118423272874,5
pgame_seed2,pgame,2,leg1_paralysed,ite,2,15,475,1138.0966796875,475,1160.7242431640625,48.9278042865817,15.903118423272874,5
pgame_seed2,pgame,2,leg1_paralysed,ite,2,16,475,1225.1142578125,475,1160.7242431640625,48.9278042865817,15.903118423272874,5
pgame_seed2,pgame,2,leg1_paralysed,ite,2,17,475,1249.5089111328125,475,1160.7242431640625,48.9278042865817,15.903118423272874,5
pgame_seed2,pgame,2,leg1_paralysed,ite,2,18,475,1252.6455078125,475,1160.7242431640625,48.9278042865817,15.903118423272874,5
pgame_seed2,pgame,2,leg1_paralysed,ite,2,19,475,1126.92578125,475,1160.7242431640625,48.9278042865817,15.903118423272874,5
pgame_seed2,pgame,2,leg1_paralysed,ite,2,20,475,1227.73486328125,475,1160.7242431640625,48.9278042865817,15.903118423272874,5
pgame_seed2,pgame,2,leg1_paralysed,ite,3,1,294,1048.242431640625,294,1054.579833984375,-1.9759095504051398,-0.6422344928809016,7
pgame_seed2,pgame,2,leg1_paralysed,ite,3,2,412,1134.6207275390625,412,1097.297119140625,18.510034799293457,6.016359812671896,7
pgame_seed2,pgame,2,leg1_paralysed,ite,3,3,258,1107.3572998046875,412,1097.297119140625,18.510034799293457,6.016359812671896,7
pgame_seed2,pgame,2,leg1_paralysed,ite,3,4,475,1133.513671875,412,1097.297119140625,18.510034799293457,6.016359812671896,7
pgame_seed2,pgame,2,leg1_paralysed,ite,3,5,323,1089.4755859375,412,1097.297119140625,18.510034799293457,6.016359812671896,7
pgame_seed2,pgame,2,leg1_paralysed,ite,3,6,646,1024.7626953125,412,1097.297119140625,18.510034799293457,6.016359812671896,7
pgame_seed2,pgame,2,leg1_paralysed,ite,3,7,603,1213.3497314453125,603,1194.42529296875,65.08982929121231,21.156299132202147,7
pgame_seed2,pgame,2,leg1_paralysed,ite,3,8,603,1100.6884765625,603,1194.42529296875,65.08982929121231,21.156299132202147,7
pgame_seed2,pgame,2,leg1_paralysed,ite,3,9,334,1097.8038330078125,603,1194.42529296875,65.08982929121231,21.156299132202147,7
pgame_seed2,pgame,2,leg1_paralysed,ite,3,10,475,1192.149169921875,603,1194.42529296875,65.08982929121231,21.156299132202147,7
pgame_seed2,pgame,2,leg1_paralysed,ite,3,11,475,1179.92529296875,603,1194.42529296875,65.08982929121231,21.156299132202147,7
pgame_seed2,pgame,2,leg1_paralysed,ite,3,12,475,1170.791015625,603,1194.42529296875,65.08982929121231,21.156299132202147,7
pgame_seed2,pgame,2,leg1_paralysed,ite,3,13,475,1263.88671875,475,1160.7242431640625,48.9278042865817,15.903118423272874,7
pgame_seed2,pgame,2,leg1_paralysed,ite,3,14,475,1202.7275390625,475,1160.7242431640625,48.9278042865817,15.903118423272874,7
pgame_seed2,pgame,2,leg1_paralysed,ite,3,15,475,1170.494384765625,475,1160.7242431640625,48.9278042865817,15.903118423272874,7
pgame_seed2,pgame,2,leg1_paralysed,ite,3,16,475,1261.70068359375,475,1160.7242431640625,48.9278042865817,15.903118423272874,7
pgame_seed2,pgame,2,leg1_paralysed,ite,3,17,475,1226.451416015625,475,1160.7242431640625,48.9278042865817,15.903118423272874,7
pgame_seed2,pgame,2,leg1_paralysed,ite,3,18,475,1145.1824951171875,475,1160.7242431640625,48.9278042865817,15.903118423272874,7
pgame_seed2,pgame,2,leg1_paralysed,ite,3,19,475,1254.6243896484375,475,1160.7242431640625,48.9278042865817,15.903118423272874,7
pgame_seed2,pgame,2,leg1_paralysed,ite,3,20,475,1262.505615234375,475,1160.7242431640625,48.9278042865817,15.903118423272874,7
pgame_seed2,pgame,2,leg1_paralysed,ite,4,1,294,1060.86767578125,294,1054.579833984375,-1.9759095504051398,-0.6422344928809016,4
pgame_seed2,pgame,2,leg1_paralysed,ite,4,2,412,1093.701171875,412,1097.297119140625,18.510034799293457,6.016359812671896,4
pgame_seed2,pgame,2,leg1_paralysed,ite,4,3,258,1043.487548828125,412,1097.297119140625,18.510034799293457,6.016359812671896,4
pgame_seed2,pgame,2,leg1_paralysed,ite,4,4,475,1248.5703125,475,1160.7242431640625,48.9278042865817,15.903118423272874,4
pgame_seed2,pgame,2,leg1_paralysed,ite,4,5,475,1151.46337890625,475,1160.7242431640625,48.9278042865817,15.903118423272874,4
pgame_seed2,pgame,2,leg1_paralysed,ite,4,6,646,1043.58349609375,475,1160.7242431640625,48.9278042865817,15.903118423272874,4
pgame_seed2,pgame,2,leg1_paralysed,ite,4,7,323,1077.3006591796875,475,1160.7242431640625,48.9278042865817,15.903118423272874,4
pgame_seed2,pgame,2,leg1_paralysed,ite,4,8,475,1216.34033203125,475,1160.7242431640625,48.9278042865817,15.903118423272874,4
pgame_seed2,pgame,2,leg1_paralysed,ite,4,9,475,1227.9755859375,475,1160.7242431640625,48.9278042865817,15.903118423272874,4
pgame_seed2,pgame,2,leg1_paralysed,ite,4,10,475,1250.9041748046875,475,1160.7242431640625,48.9278042865817,15.903118423272874,4
pgame_seed2,pgame,2,leg1_paralysed,ite,4,11,475,1250.7872314453125,475,1160.7242431640625,48.9278042865817,15.903118423272874,4
pgame_seed2,pgame,2,leg1_paralysed,ite,4,12,475,1087.214111328125,475,1160.7242431640625,48.9278042865817,15.903118423272874,4
pgame_seed2,pgame,2,leg1_paralysed,ite,4,13,603,1157.551513671875,475,1160.7242431640625,48.9278042865817,15.903118423272874,4
pgame_seed2,pgame,2,leg1_paralysed,ite,4,14,475,1270.77001953125,475,1160.7242431640625,48.9278042865817,15.903118423272874,4
pgame_seed2,pgame,2,leg1_paralysed,ite,4,15,475,1234.79833984375,475,1160.7242431640625,48.9278042865817,15.903118423272874,4
pgame_seed2,pgame,2,leg1_paralysed,ite,4,16,475,1186.546142578125,475,1160.7242431640625,48.9278042865817,15.903118423272874,4
pgame_seed2,pgame,2,leg1_paralysed,ite,4,17,475,1137.7408447265625,475,1160.7242431640625,48.9278042865817,15.903118423272874,4
pgame_seed2,pgame,2,leg1_paralysed,ite,4,18,475,1254.4122314453125,475,1160.7242431640625,48.9278042865817,15.903118423272874,4
pgame_seed2,pgame,2,leg1_paralysed,ite,4,19,475,1256.849853515625,475,1160.7242431640625,48.9278042865817,15.903118423272874,4
pgame_seed2,pgame,2,leg1_paralysed,ite,4,20,475,1227.531982421875,475,1160.7242431640625,48.9278042865817,15.903118423272874,4
pgame_seed2,pgame,2,leg1_paralysed,top_k,0,1,294,1017.9672241210938,294,1054.579833984375,-1.9759095504051398,-0.6422344928809016,
pgame_seed2,pgame,2,leg1_paralysed,top_k,0,2,972,1211.9058837890625,972,1185.9276123046875,61.01459341073118,19.83171570249292,
pgame_seed2,pgame,2,leg1_paralysed,top_k,0,3,330,1059.68505859375,972,1185.9276123046875,61.01459341073118,19.83171570249292,
pgame_seed2,pgame,2,leg1_paralysed,top_k,0,4,761,1144.896240234375,972,1185.9276123046875,61.01459341073118,19.83171570249292,
pgame_seed2,pgame,2,leg1_paralysed,top_k,0,5,115,1135.1322021484375,972,1185.9276123046875,61.01459341073118,19.83171570249292,
pgame_seed2,pgame,2,leg1_paralysed,top_k,0,6,596,1185.4814453125,972,1185.9276123046875,61.01459341073118,19.83171570249292,
pgame_seed2,pgame,2,leg1_paralysed,top_k,0,7,320,1074.4017333984375,972,1185.9276123046875,61.01459341073118,19.83171570249292,
pgame_seed2,pgame,2,leg1_paralysed,top_k,0,8,603,1127.962646484375,972,1185.9276123046875,61.01459341073118,19.83171570249292,
pgame_seed2,pgame,2,leg1_paralysed,top_k,0,9,474,1271.27099609375,474,1231.26416015625,82.75665854659736,26.89858987892143,
pgame_seed2,pgame,2,leg1_paralysed,top_k,0,10,475,1098.6917724609375,474,1231.26416015625,82.75665854659736,26.89858987892143,
pgame_seed2,pgame,2,leg1_paralysed,top_k,0,11,565,1204.280517578125,474,1231.26416015625,82.75665854659736,26.89858987892143,
pgame_seed2,pgame,2,leg1_paralysed,top_k,0,12,508,1085.6572265625,474,1231.26416015625,82.75665854659736,26.89858987892143,
pgame_seed2,pgame,2,leg1_paralysed,top_k,0,13,711,1061.4388427734375,474,1231.26416015625,82.75665854659736,26.89858987892143,
pgame_seed2,pgame,2,leg1_paralysed,top_k,0,14,1001,1107.0499267578125,474,1231.26416015625,82.75665854659736,26.89858987892143,
pgame_seed2,pgame,2,leg1_paralysed,top_k,0,15,441,1288.480712890625,441,1267.219970703125,100.0,32.50323339695474,
pgame_seed2,pgame,2,leg1_paralysed,top_k,0,16,831,1125.841796875,441,1267.219970703125,100.0,32.50323339695474,
pgame_seed2,pgame,2,leg1_paralysed,top_k,0,17,209,1129.5615234375,441,1267.219970703125,100.0,32.50323339695474,
pgame_seed2,pgame,2,leg1_paralysed,top_k,0,18,182,1052.46435546875,441,1267.219970703125,100.0,32.50323339695474,
pgame_seed2,pgame,2,leg1_paralysed,top_k,0,19,887,1089.6142578125,441,1267.219970703125,100.0,32.50323339695474,
pgame_seed2,pgame,2,leg1_paralysed,top_k,0,20,575,1135.451904296875,441,1267.219970703125,100.0,32.50323339695474,
pgame_seed2,pgame,2,leg1_paralysed,top_k,1,1,294,1055.7841796875,294,1054.579833984375,-1.9759095504051398,-0.6422344928809016,
pgame_seed2,pgame,2,leg1_paralysed,top_k,1,2,972,1188.781494140625,972,1185.9276123046875,61.01459341073118,19.83171570249292,
pgame_seed2,pgame,2,leg1_paralysed,top_k,1,3,330,967.376708984375,972,1185.9276123046875,61.01459341073118,19.83171570249292,
pgame_seed2,pgame,2,leg1_paralysed,top_k,1,4,761,1143.52099609375,972,1185.9276123046875,61.01459341073118,19.83171570249292,
pgame_seed2,pgame,2,leg1_paralysed,top_k,1,5,115,1132.3135986328125,972,1185.9276123046875,61.01459341073118,19.83171570249292,
pgame_seed2,pgame,2,leg1_paralysed,top_k,1,6,596,1118.7940673828125,972,1185.9276123046875,61.01459341073118,19.83171570249292,
pgame_seed2,pgame,2,leg1_paralysed,top_k,1,7,320,1099.3306884765625,972,1185.9276123046875,61.01459341073118,19.83171570249292,
pgame_seed2,pgame,2,leg1_paralysed,top_k,1,8,603,1093.936279296875,972,1185.9276123046875,61.01459341073118,19.83171570249292,
pgame_seed2,pgame,2,leg1_paralysed,top_k,1,9,474,1241.246337890625,474,1231.26416015625,82.75665854659736,26.89858987892143,
pgame_seed2,pgame,2,leg1_paralysed,top_k,1,10,475,1201.406982421875,474,1231.26416015625,82.75665854659736,26.89858987892143,
pgame_seed2,pgame,2,leg1_paralysed,top_k,1,11,565,1217.0888671875,474,1231.26416015625,82.75665854659736,26.89858987892143,
pgame_seed2,pgame,2,leg1_paralysed,top_k,1,12,508,1087.1719970703125,474,1231.26416015625,82.75665854659736,26.89858987892143,
pgame_seed2,pgame,2,leg1_paralysed,top_k,1,13,711,1084.2850341796875,474,1231.26416015625,82.75665854659736,26.89858987892143,
pgame_seed2,pgame,2,leg1_paralysed,top_k,1,14,1001,1154.387451171875,474,1231.26416015625,82.75665854659736,26.89858987892143,
pgame_seed2,pgame,2,leg1_paralysed,top_k,1,15,441,1311.078369140625,441,1267.219970703125,100.0,32.50323339695474,
pgame_seed2,pgame,2,leg1_paralysed,top_k,1,16,831,1145.20751953125,441,1267.219970703125,100.0,32.50323339695474,
pgame_seed2,pgame,2,leg1_paralysed,top_k,1,17,209,1117.72998046875,441,1267.219970703125,100.0,32.50323339695474,
pgame_seed2,pgame,2,leg1_paralysed,top_k,1,18,182,1098.2984619140625,441,1267.219970703125,100.0,32.50323339695474,
pgame_seed2,pgame,2,leg1_paralysed,top_k,1,19,887,1073.5692138671875,441,1267.219970703125,100.0,32.50323339695474,
pgame_seed2,pgame,2,leg1_paralysed,top_k,1,20,575,1151.765625,441,1267.219970703125,100.0,32.50323339695474,
pgame_seed2,pgame,2,leg1_paralysed,top_k,2,1,294,1047.073486328125,294,1054.579833984375,-1.9759095504051398,-0.6422344928809016,
pgame_seed2,pgame,2,leg1_paralysed,top_k,2,2,972,1205.875732421875,972,1185.9276123046875,61.01459341073118,19.83171570249292,
pgame_seed2,pgame,2,leg1_paralysed,top_k,2,3,330,912.4567260742188,972,1185.9276123046875,61.01459341073118,19.83171570249292,
pgame_seed2,pgame,2,leg1_paralysed,top_k,2,4,761,1116.5657958984375,972,1185.9276123046875,61.01459341073118,19.83171570249292,
pgame_seed2,pgame,2,leg1_paralysed,top_k,2,5,115,1034.9498291015625,972,1185.9276123046875,61.01459341073118,19.83171570249292,
pgame_seed2,pgame,2,leg1_paralysed,top_k,2,6,596,1111.6749267578125,972,1185.9276123046875,61.01459341073118,19.83171570249292,
pgame_seed2,pgame,2,leg1_paralysed,top_k,2,7,320,1114.1922607421875,972,1185.9276123046875,61.01459341073118,19.83171570249292,
pgame_seed2,pgame,2,leg1_paralysed,top_k,2,8,603,1167.1605224609375,972,1185.9276123046875,61.01459341073118,19.83171570249292,
pgame_seed2,pgame,2,leg1_paralysed,top_k,2,9,474,1193.96826171875,972,1185.9276123046875,61.01459341073118,19.83171570249292,
pgame_seed2,pgame,2,leg1_paralysed,top_k,2,10,475,1224.1134033203125,475,1160.7242431640625,48.9278042865817,15.903118423272874,
pgame_seed2,pgame,2,leg1_paralysed,top_k,2,11,565,1202.039794921875,475,1160.7242431640625,48.9278042865817,15.903118423272874,
pgame_seed2,pgame,2,leg1_paralysed,top_k,2,12,508,1064.543212890625,475,1160.7242431640625,48.9278042865817,15.903118423272874,
pgame_seed2,pgame,2,leg1_paralysed,top_k,2,13,711,1065.582275390625,475,1160.7242431640625,48.9278042865817,15.903118423272874,
pgame_seed2,pgame,2,leg1_paralysed,top_k,2,14,1001,1188.4163818359375,475,1160.7242431640625,48.9278042865817,15.903118423272874,
pgame_seed2,pgame,2,leg1_paralysed,top_k,2,15,441,1274.0616455078125,441,1267.219970703125,100.0,32.50323339695474,
pgame_seed2,pgame,2,leg1_paralysed,top_k,2,16,831,1126.666015625,441,1267.219970703125,100.0,32.50323339695474,
pgame_seed2,pgame,2,leg1_paralysed,top_k,2,17,209,1137.996337890625,441,1267.219970703125,100.0,32.50323339695474,
pgame_seed2,pgame,2,leg1_paralysed,top_k,2,18,182,1109.091796875,441,1267.219970703125,100.0,32.50323339695474,
pgame_seed2,pgame,2,leg1_paralysed,top_k,2,19,887,1086.336669921875,441,1267.219970703125,100.0,32.50323339695474,
pgame_seed2,pgame,2,leg1_paralysed,top_k,2,20,575,1137.8935546875,441,1267.219970703125,100.0,32.50323339695474,
pgame_seed2,pgame,2,leg1_paralysed,top_k,3,1,294,1072.83349609375,294,1054.579833984375,-1.9759095504051398,-0.6422344928809016,
pgame_seed2,pgame,2,leg1_paralysed,top_k,3,2,972,1174.352294921875,972,1185.9276123046875,61.01459341073118,19.83171570249292,
pgame_seed2,pgame,2,leg1_paralysed,top_k,3,3,330,894.521484375,972,1185.9276123046875,61.01459341073118,19.83171570249292,
pgame_seed2,pgame,2,leg1_paralysed,top_k,3,4,761,1124.58544921875,972,1185.9276123046875,61.01459341073118,19.83171570249292,
pgame_seed2,pgame,2,leg1_paralysed,top_k,3,5,115,1102.093994140625,972,1185.9276123046875,61.01459341073118,19.83171570249292,
pgame_seed2,pgame,2,leg1_paralysed,top_k,3,6,596,1111.3353271484375,972,1185.9276123046875,61.01459341073118,19.83171570249292,
pgame_seed2,pgame,2,leg1_paralysed,top_k,3,7,320,1179.443603515625,320,1100.528076171875,20.059506065932947,6.519988074886479,
pgame_seed2,pgame,2,leg1_paralysed,top_k,3,8,603,1071.509033203125,320,1100.528076171875,20.059506065932947,6.519988074886479,
pgame_seed2,pgame,2,leg1_paralysed,top_k,3,9,474,1283.4310302734375,474,1231.26416015625,82.75665854659736,26.89858987892143,
pgame_seed2,pgame,2,leg1_paralysed,top_k,3,10,475,1269.0628662109375,474,1231.26416015625,82.75665854659736,26.89858987892143,
pgame_seed2,pgame,2,leg1_paralysed,top_k,3,11,565,1212.508544921875,474,1231.26416015625,82.75665854659736,26.89858987892143,
pgame_seed2,pgame,2,leg1_paralysed,top_k,3,12,508,1095.8759765625,474,1231.26416015625,82.75665854659736,26.89858987892143,
pgame_seed2,pgame,2,leg1_paralysed,top_k,3,13,711,1066.46484375,474,1231.26416015625,82.75665854659736,26.89858987892143,
pgame_seed2,pgame,2,leg1_paralysed,top_k,3,14,1001,1158.44091796875,474,1231.26416015625,82.75665854659736,26.89858987892143,
pgame_seed2,pgame,2,leg1_paralysed,top_k,3,15,441,1258.8350830078125,474,1231.26416015625,82.75665854659736,26.89858987892143,
pgame_seed2,pgame,2,leg1_paralysed,top_k,3,16,831,1180.3458251953125,474,1231.26416015625,82.75665854659736,26.89858987892143,
pgame_seed2,pgame,2,leg1_paralysed,top_k,3,17,209,1139.062255859375,474,1231.26416015625,82.75665854659736,26.89858987892143,
pgame_seed2,pgame,2,leg1_paralysed,top_k,3,18,182,1096.8184814453125,474,1231.26416015625,82.75665854659736,26.89858987892143,
pgame_seed2,pgame,2,leg1_paralysed,top_k,3,19,887,1090.7991943359375,474,1231.26416015625,82.75665854659736,26.89858987892143,
pgame_seed2,pgame,2,leg1_paralysed,top_k,3,20,575,1178.096435546875,474,1231.26416015625,82.75665854659736,26.89858987892143,
pgame_seed2,pgame,2,leg1_paralysed,top_k,4,1,294,1060.756591796875,294,1054.579833984375,-1.9759095504051398,-0.6422344928809016,
pgame_seed2,pgame,2,leg1_paralysed,top_k,4,2,972,1244.381591796875,972,1185.9276123046875,61.01459341073118,19.83171570249292,
pgame_seed2,pgame,2,leg1_paralysed,top_k,4,3,330,1066.969970703125,972,1185.9276123046875,61.01459341073118,19.83171570249292,
pgame_seed2,pgame,2,leg1_paralysed,top_k,4,4,761,1127.93408203125,972,1185.9276123046875,61.01459341073118,19.83171570249292,
pgame_seed2,pgame,2,leg1_paralysed,top_k,4,5,115,1170.793701171875,972,1185.9276123046875,61.01459341073118,19.83171570249292,
pgame_seed2,pgame,2,leg1_paralysed,top_k,4,6,596,1133.652099609375,972,1185.9276123046875,61.01459341073118,19.83171570249292,
pgame_seed2,pgame,2,leg1_paralysed,top_k,4,7,320,1156.806884765625,972,1185.9276123046875,61.01459341073118,19.83171570249292,
pgame_seed2,pgame,2,leg1_paralysed,top_k,4,8,603,1144.3560791015625,972,1185.9276123046875,61.01459341073118,19.83171570249292,
pgame_seed2,pgame,2,leg1_paralysed,top_k,4,9,474,1162.4033203125,972,1185.9276123046875,61.01459341073118,19.83171570249292,
pgame_seed2,pgame,2,leg1_paralysed,top_k,4,10,475,1106.68408203125,972,1185.9276123046875,61.01459341073118,19.83171570249292,
pgame_seed2,pgame,2,leg1_paralysed,top_k,4,11,565,1184.6552734375,972,1185.9276123046875,61.01459341073118,19.83171570249292,
pgame_seed2,pgame,2,leg1_paralysed,top_k,4,12,508,1072.2998046875,972,1185.9276123046875,61.01459341073118,19.83171570249292,
pgame_seed2,pgame,2,leg1_paralysed,top_k,4,13,711,1071.981201171875,972,1185.9276123046875,61.01459341073118,19.83171570249292,
pgame_seed2,pgame,2,leg1_paralysed,top_k,4,14,1001,1160.7645263671875,972,1185.9276123046875,61.01459341073118,19.83171570249292,
pgame_seed2,pgame,2,leg1_paralysed,top_k,4,15,441,1274.71728515625,441,1267.219970703125,100.0,32.50323339695474,
pgame_seed2,pgame,2,leg1_paralysed,top_k,4,16,831,1133.204345703125,441,1267.219970703125,100.0,32.50323339695474,
pgame_seed2,pgame,2,leg1_paralysed,top_k,4,17,209,1133.3770751953125,441,1267.219970703125,100.0,32.50323339695474,
pgame_seed2,pgame,2,leg1_paralysed,top_k,4,18,182,1075.140869140625,441,1267.219970703125,100.0,32.50323339695474,
pgame_seed2,pgame,2,leg1_paralysed,top_k,4,19,887,1123.5384521484375,441,1267.219970703125,100.0,32.50323339695474,
pgame_seed2,pgame,2,leg1_paralysed,top_k,4,20,575,1101.597900390625,441,1267.219970703125,100.0,32.50323339695474,
pgame_seed2,pgame,2,leg1_paralysed,best_intact,0,1,294,958.0026245117188,294,1054.579833984375,-1.9759095504051398,-0.6422344928809016,
pgame_seed2,pgame,2,leg1_paralysed,best_intact,1,1,294,1090.9278564453125,294,1054.579833984375,-1.9759095504051398,-0.6422344928809016,
pgame_seed2,pgame,2,leg1_paralysed,best_intact,2,1,294,1063.186279296875,294,1054.579833984375,-1.9759095504051398,-0.6422344928809016,
pgame_seed2,pgame,2,leg1_paralysed,best_intact,3,1,294,1023.30029296875,294,1054.579833984375,-1.9759095504051398,-0.6422344928809016,
pgame_seed2,pgame,2,leg1_paralysed,best_intact,4,1,294,1099.55224609375,294,1054.579833984375,-1.9759095504051398,-0.6422344928809016,
pgame_seed2,pgame,2,leg2_paralysed,ite,0,1,294,1451.9794921875,294,1423.316650390625,90.76323365037598,56.834940308596174,3
pgame_seed2,pgame,2,leg2_paralysed,ite,0,2,603,1429.32958984375,294,1423.316650390625,90.76323365037598,56.834940308596174,3
pgame_seed2,pgame,2,leg2_paralysed,ite,0,3,596,1290.1590576171875,294,1423.316650390625,90.76323365037598,56.834940308596174,3
pgame_seed2,pgame,2,leg2_paralysed,ite,0,4,294,1483.3994140625,294,1423.316650390625,90.76323365037598,56.834940308596174,3
pgame_seed2,pgame,2,leg2_paralysed,ite,0,5,294,1430.33447265625,294,1423.316650390625,90.76323365037598,56.834940308596174,3
pgame_seed2,pgame,2,leg2_paralysed,ite,0,6,294,1395.966796875,294,1423.316650390625,90.76323365037598,56.834940308596174,3
pgame_seed2,pgame,2,leg2_paralysed,ite,0,7,294,1398.7476806640625,294,1423.316650390625,90.76323365037598,56.834940308596174,3
pgame_seed2,pgame,2,leg2_paralysed,ite,0,8,603,1449.81396484375,294,1423.316650390625,90.76323365037598,56.834940308596174,3
pgame_seed2,pgame,2,leg2_paralysed,ite,0,9,603,1397.324951171875,294,1423.316650390625,90.76323365037598,56.834940308596174,3
pgame_seed2,pgame,2,leg2_paralysed,ite,0,10,294,1461.28271484375,294,1423.316650390625,90.76323365037598,56.834940308596174,3
pgame_seed2,pgame,2,leg2_paralysed,ite,0,11,294,1455.61279296875,294,1423.316650390625,90.76323365037598,56.834940308596174,3
pgame_seed2,pgame,2,leg2_paralysed,ite,0,12,294,1463.7001953125,294,1423.316650390625,90.76323365037598,56.834940308596174,3
pgame_seed2,pgame,2,leg2_paralysed,ite,0,13,294,1464.080322265625,294,1423.316650390625,90.76323365037598,56.834940308596174,3
pgame_seed2,pgame,2,leg2_paralysed,ite,0,14,294,1404.45751953125,294,1423.316650390625,90.76323365037598,56.834940308596174,3
pgame_seed2,pgame,2,leg2_paralysed,ite,0,15,294,1492.935791015625,294,1423.316650390625,90.76323365037598,56.834940308596174,3
pgame_seed2,pgame,2,leg2_paralysed,ite,0,16,294,1462.104736328125,294,1423.316650390625,90.76323365037598,56.834940308596174,3
pgame_seed2,pgame,2,leg2_paralysed,ite,0,17,294,1461.697998046875,294,1423.316650390625,90.76323365037598,56.834940308596174,3
pgame_seed2,pgame,2,leg2_paralysed,ite,0,18,294,1403.4202880859375,294,1423.316650390625,90.76323365037598,56.834940308596174,3
pgame_seed2,pgame,2,leg2_paralysed,ite,0,19,294,1436.040283203125,294,1423.316650390625,90.76323365037598,56.834940308596174,3
pgame_seed2,pgame,2,leg2_paralysed,ite,0,20,294,1423.17919921875,294,1423.316650390625,90.76323365037598,56.834940308596174,3
pgame_seed2,pgame,2,leg2_paralysed,ite,1,1,294,1444.728515625,294,1423.316650390625,90.76323365037598,56.834940308596174,4
pgame_seed2,pgame,2,leg2_paralysed,ite,1,2,603,1436.60302734375,294,1423.316650390625,90.76323365037598,56.834940308596174,4
pgame_seed2,pgame,2,leg2_paralysed,ite,1,3,596,1380.8350830078125,294,1423.316650390625,90.76323365037598,56.834940308596174,4
pgame_seed2,pgame,2,leg2_paralysed,ite,1,4,294,1432.599609375,294,1423.316650390625,90.76323365037598,56.834940308596174,4
pgame_seed2,pgame,2,leg2_paralysed,ite,1,5,294,1411.3759765625,294,1423.316650390625,90.76323365037598,56.834940308596174,4
pgame_seed2,pgame,2,leg2_paralysed,ite,1,6,475,1369.006591796875,294,1423.316650390625,90.76323365037598,56.834940308596174,4
pgame_seed2,pgame,2,leg2_paralysed,ite,1,7,412,1115.59619140625,294,1423.316650390625,90.76323365037598,56.834940308596174,4
pgame_seed2,pgame,2,leg2_paralysed,ite,1,8,294,1463.3828125,294,1423.316650390625,90.76323365037598,56.834940308596174,4
pgame_seed2,pgame,2,leg2_paralysed,ite,1,9,294,1440.177734375,294,1423.316650390625,90.76323365037598,56.834940308596174,4
pgame_seed2,pgame,2,leg2_paralysed,ite,1,10,294,1438.552734375,294,1423.316650390625,90.76323365037598,56.834940308596174,4
pgame_seed2,pgame,2,leg2_paralysed,ite,1,11,294,1426.7777099609375,294,1423.316650390625,90.76323365037598,56.834940308596174,4
pgame_seed2,pgame,2,leg2_paralysed,ite,1,12,294,1462.0338134765625,294,1423.316650390625,90.76323365037598,56.834940308596174,4
pgame_seed2,pgame,2,leg2_paralysed,ite,1,13,294,1397.6552734375,294,1423.316650390625,90.76323365037598,56.834940308596174,4
pgame_seed2,pgame,2,leg2_paralysed,ite,1,14,294,1486.97021484375,294,1423.316650390625,90.76323365037598,56.834940308596174,4
pgame_seed2,pgame,2,leg2_paralysed,ite,1,15,294,1500.486572265625,294,1423.316650390625,90.76323365037598,56.834940308596174,4
pgame_seed2,pgame,2,leg2_paralysed,ite,1,16,294,1462.75732421875,294,1423.316650390625,90.76323365037598,56.834940308596174,4
pgame_seed2,pgame,2,leg2_paralysed,ite,1,17,294,1441.4310302734375,294,1423.316650390625,90.76323365037598,56.834940308596174,4
pgame_seed2,pgame,2,leg2_paralysed,ite,1,18,294,1438.984130859375,294,1423.316650390625,90.76323365037598,56.834940308596174,4
pgame_seed2,pgame,2,leg2_paralysed,ite,1,19,294,1474.479248046875,294,1423.316650390625,90.76323365037598,56.834940308596174,4
pgame_seed2,pgame,2,leg2_paralysed,ite,1,20,294,1333.54541015625,294,1423.316650390625,90.76323365037598,56.834940308596174,4
pgame_seed2,pgame,2,leg2_paralysed,ite,2,1,294,1447.3564453125,294,1423.316650390625,90.76323365037598,56.834940308596174,4
pgame_seed2,pgame,2,leg2_paralysed,ite,2,2,603,1413.9976806640625,294,1423.316650390625,90.76323365037598,56.834940308596174,4
pgame_seed2,pgame,2,leg2_paralysed,ite,2,3,596,1394.0084228515625,294,1423.316650390625,90.76323365037598,56.834940308596174,4
pgame_seed2,pgame,2,leg2_paralysed,ite,2,4,294,1445.29052734375,294,1423.316650390625,90.76323365037598,56.834940308596174,4
pgame_seed2,pgame,2,leg2_paralysed,ite,2,5,294,1349.675048828125,294,1423.316650390625,90.76323365037598,56.834940308596174,4
pgame_seed2,pgame,2,leg2_paralysed,ite,2,6,475,1380.9251708984375,294,1423.316650390625,90.76323365037598,56.834940308596174,4
pgame_seed2,pgame,2,leg2_paralysed,ite,2,7,201,1181.2674560546875,294,1423.316650390625,90.76323365037598,56.834940308596174,4
pgame_seed2,pgame,2,leg2_paralysed,ite,2,8,294,1509.5537109375,294,1423.316650390625,90.76323365037598,56.834940308596174,4
pgame_seed2,pgame,2,leg2_paralysed,ite,2,9,294,1427.260986328125,294,1423.316650390625,90.76323365037598,56.834940308596174,4
pgame_seed2,pgame,2,leg2_paralysed,ite,2,10,294,1395.3680419921875,294,1423.316650390625,90.76323365037598,56.834940308596174,4
pgame_seed2,pgame,2,leg2_paralysed,ite,2,11,294,1451.51025390625,294,1423.316650390625,90.76323365037598,56.834940308596174,4
pgame_seed2,pgame,2,leg2_paralysed,ite,2,12,294,1466.545166015625,294,1423.316650390625,90.76323365037598,56.834940308596174,4
pgame_seed2,pgame,2,leg2_paralysed,ite,2,13,294,1422.48193359375,294,1423.316650390625,90.76323365037598,56.834940308596174,4
pgame_seed2,pgame,2,leg2_paralysed,ite,2,14,294,1448.880859375,294,1423.316650390625,90.76323365037598,56.834940308596174,4
pgame_seed2,pgame,2,leg2_paralysed,ite,2,15,294,1406.7120361328125,294,1423.316650390625,90.76323365037598,56.834940308596174,4
pgame_seed2,pgame,2,leg2_paralysed,ite,2,16,294,1429.54736328125,294,1423.316650390625,90.76323365037598,56.834940308596174,4
pgame_seed2,pgame,2,leg2_paralysed,ite,2,17,294,1493.6507568359375,294,1423.316650390625,90.76323365037598,56.834940308596174,4
pgame_seed2,pgame,2,leg2_paralysed,ite,2,18,294,1496.713134765625,294,1423.316650390625,90.76323365037598,56.834940308596174,4
pgame_seed2,pgame,2,leg2_paralysed,ite,2,19,294,1416.04052734375,294,1423.316650390625,90.76323365037598,56.834940308596174,4
pgame_seed2,pgame,2,leg2_paralysed,ite,2,20,294,1438.42919921875,294,1423.316650390625,90.76323365037598,56.834940308596174,4
pgame_seed2,pgame,2,leg2_paralysed,ite,3,1,294,1415.05615234375,294,1423.316650390625,90.76323365037598,56.834940308596174,4
pgame_seed2,pgame,2,leg2_paralysed,ite,3,2,603,1443.25,603,1438.1546630859375,94.45682803705328,59.14782855693263,4
pgame_seed2,pgame,2,leg2_paralysed,ite,3,3,596,1416.1787109375,603,1438.1546630859375,94.45682803705328,59.14782855693263,4
pgame_seed2,pgame,2,leg2_paralysed,ite,3,4,294,1403.27001953125,603,1438.1546630859375,94.45682803705328,59.14782855693263,4
pgame_seed2,pgame,2,leg2_paralysed,ite,3,5,475,1385.1705322265625,603,1438.1546630859375,94.45682803705328,59.14782855693263,4
pgame_seed2,pgame,2,leg2_paralysed,ite,3,6,412,1137.8665771484375,603,1438.1546630859375,94.45682803705328,59.14782855693263,4
pgame_seed2,pgame,2,leg2_paralysed,ite,3,7,294,1427.158203125,603,1438.1546630859375,94.45682803705328,59.14782855693263,4
pgame_seed2,pgame,2,leg2_paralysed,ite,3,8,294,1393.212646484375,603,1438.1546630859375,94.45682803705328,59.14782855693263,4
pgame_seed2,pgame,2,leg2_paralysed,ite,3,9,294,1356.152587890625,603,1438.1546630859375,94.45682803705328,59.14782855693263,4
pgame_seed2,pgame,2,leg2_paralysed,ite,3,10,294,1466.343505859375,294,1423.316650390625,90.76323365037598,56.834940308596174,4
pgame_seed2,pgame,2,leg2_paralysed,ite,3,11,294,1455.84521484375,294,1423.316650390625,90.76323365037598,56.834940308596174,4
pgame_seed2,pgame,2,leg2_paralysed,ite,3,12,294,1429.63916015625,294,1423.316650390625,90.76323365037598,56.834940308596174,4
pgame_seed2,pgame,2,leg2_paralysed,ite,3,13,294,1437.366455078125,294,1423.316650390625,90.76323365037598,56.834940308596174,4
pgame_seed2,pgame,2,leg2_paralysed,ite,3,14,294,1486.54052734375,294,1423.316650390625,90.76323365037598,56.834940308596174,4
pgame_seed2,pgame,2,leg2_paralysed,ite,3,15,294,1464.897216796875,294,1423.316650390625,90.76323365037598,56.834940308596174,4
pgame_seed2,pgame,2,leg2_paralysed,ite,3,16,294,1489.5155029296875,294,1423.316650390625,90.76323365037598,56.834940308596174,4
pgame_seed2,pgame,2,leg2_paralysed,ite,3,17,294,1416.024169921875,294,1423.316650390625,90.76323365037598,56.834940308596174,4
pgame_seed2,pgame,2,leg2_paralysed,ite,3,18,294,1387.404541015625,294,1423.316650390625,90.76323365037598,56.834940308596174,4
pgame_seed2,pgame,2,leg2_paralysed,ite,3,19,294,1413.8740234375,294,1423.316650390625,90.76323365037598,56.834940308596174,4
pgame_seed2,pgame,2,leg2_paralysed,ite,3,20,294,1477.370361328125,294,1423.316650390625,90.76323365037598,56.834940308596174,4
pgame_seed2,pgame,2,leg2_paralysed,ite,4,1,294,1402.810302734375,294,1423.316650390625,90.76323365037598,56.834940308596174,5
pgame_seed2,pgame,2,leg2_paralysed,ite,4,2,603,1410.761474609375,603,1438.1546630859375,94.45682803705328,59.14782855693263,5
pgame_seed2,pgame,2,leg2_paralysed,ite,4,3,596,1363.969482421875,603,1438.1546630859375,94.45682803705328,59.14782855693263,5
pgame_seed2,pgame,2,leg2_paralysed,ite,4,4,294,1406.8466796875,603,1438.1546630859375,94.45682803705328,59.14782855693263,5
pgame_seed2,pgame,2,leg2_paralysed,ite,4,5,475,1381.75732421875,603,1438.1546630859375,94.45682803705328,59.14782855693263,5
pgame_seed2,pgame,2,leg2_paralysed,ite,4,6,412,1149.13330078125,603,1438.1546630859375,94.45682803705328,59.14782855693263,5
pgame_seed2,pgame,2,leg2_paralysed,ite,4,7,294,1417.97265625,294,1423.316650390625,90.76323365037598,56.834940308596174,5
pgame_seed2,pgame,2,leg2_paralysed,ite,4,8,294,1340.47900390625,294,1423.316650390625,90.76323365037598,56.834940308596174,5
pgame_seed2,pgame,2,leg2_paralysed,ite,4,9,294,1476.2349853515625,294,1423.316650390625,90.76323365037598,56.834940308596174,5
pgame_seed2,pgame,2,leg2_paralysed,ite,4,10,294,1334.86181640625,294,1423.316650390625,90.76323365037598,56.834940308596174,5
pgame_seed2,pgame,2,leg2_paralysed,ite,4,11,294,1429.249267578125,294,1423.316650390625,90.76323365037598,56.834940308596174,5
pgame_seed2,pgame,2,leg2_paralysed,ite,4,12,294,1479.37939453125,294,1423.316650390625,90.76323365037598,56.834940308596174,5
pgame_seed2,pgame,2,leg2_paralysed,ite,4,13,294,1440.417236328125,294,1423.316650390625,90.76323365037598,56.834940308596174,5
pgame_seed2,pgame,2,leg2_paralysed,ite,4,14,294,1458.283447265625,294,1423.316650390625,90.76323365037598,56.834940308596174,5
pgame_seed2,pgame,2,leg2_paralysed,ite,4,15,294,1394.8060302734375,294,1423.316650390625,90.76323365037598,56.834940308596174,5
pgame_seed2,pgame,2,leg2_paralysed,ite,4,16,294,1450.7828369140625,294,1423.316650390625,90.76323365037598,56.834940308596174,5
pgame_seed2,pgame,2,leg2_paralysed,ite,4,17,294,1476.712646484375,294,1423.316650390625,90.76323365037598,56.834940308596174,5
pgame_seed2,pgame,2,leg2_paralysed,ite,4,18,294,1486.884765625,294,1423.316650390625,90.76323365037598,56.834940308596174,5
pgame_seed2,pgame,2,leg2_paralysed,ite,4,19,294,1443.890625,294,1423.316650390625,90.76323365037598,56.834940308596174,5
pgame_seed2,pgame,2,leg2_paralysed,ite,4,20,294,1436.5888671875,294,1423.316650390625,90.76323365037598,56.834940308596174,5
pgame_seed2,pgame,2,leg2_paralysed,top_k,0,1,294,1445.94384765625,294,1423.316650390625,90.76323365037598,56.834940308596174,
pgame_seed2,pgame,2,leg2_paralysed,top_k,0,2,972,1310.7974853515625,294,1423.316650390625,90.76323365037598,56.834940308596174,
pgame_seed2,pgame,2,leg2_paralysed,top_k,0,3,330,1431.16845703125,294,1423.316650390625,90.76323365037598,56.834940308596174,
pgame_seed2,pgame,2,leg2_paralysed,top_k,0,4,761,1307.554443359375,294,1423.316650390625,90.76323365037598,56.834940308596174,
pgame_seed2,pgame,2,leg2_paralysed,top_k,0,5,115,1308.9715576171875,294,1423.316650390625,90.76323365037598,56.834940308596174,
pgame_seed2,pgame,2,leg2_paralysed,top_k,0,6,596,1339.421142578125,294,1423.316650390625,90.76323365037598,56.834940308596174,
pgame_seed2,pgame,2,leg2_paralysed,top_k,0,7,320,1359.324951171875,294,1423.316650390625,90.76323365037598,56.834940308596174,
pgame_seed2,pgame,2,leg2_paralysed,top_k,0,8,603,1410.6204833984375,294,1423.316650390625,90.76323365037598,56.834940308596174,
pgame_seed2,pgame,2,leg2_paralysed,top_k,0,9,474,1142.6435546875,294,1423.316650390625,90.76323365037598,56.834940308596174,
pgame_seed2,pgame,2,leg2_paralysed,top_k,0,10,475,1360.535888671875,294,1423.316650390625,90.76323365037598,56.834940308596174,
pgame_seed2,pgame,2,leg2_paralysed,top_k,0,11,565,1273.835693359375,294,1423.316650390625,90.76323365037598,56.834940308596174,
pgame_seed2,pgame,2,leg2_paralysed,top_k,0,12,508,1345.6630859375,294,1423.316650390625,90.76323365037598,56.834940308596174,
pgame_seed2,pgame,2,leg2_paralysed,top_k,0,13,711,1338.1796875,294,1423.316650390625,90.76323365037598,56.834940308596174,
pgame_seed2,pgame,2,leg2_paralysed,top_k,0,14,1001,1461.1307373046875,1001,1460.4228515625,100.0,62.618901974699234,
pgame_seed2,pgame,2,leg2_paralysed,top_k,0,15,441,1248.7333984375,1001,1460.4228515625,100.0,62.618901974699234,
pgame_seed2,pgame,2,leg2_paralysed,top_k,0,16,831,1414.0947265625,1001,1460.4228515625,100.0,62.618901974699234,
pgame_seed2,pgame,2,leg2_paralysed,top_k,0,17,209,1136.072265625,1001,1460.4228515625,100.0,62.618901974699234,
pgame_seed2,pgame,2,leg2_paralysed,top_k,0,18,182,1424.2598876953125,1001,1460.4228515625,100.0,62.618901974699234,
pgame_seed2,pgame,2,leg2_paralysed,top_k,0,19,887,1388.435302734375,1001,1460.4228515625,100.0,62.618901974699234,
pgame_seed2,pgame,2,leg2_paralysed,top_k,0,20,575,1278.986083984375,1001,1460.4228515625,100.0,62.618901974699234,
pgame_seed2,pgame,2,leg2_paralysed,top_k,1,1,294,1365.5872802734375,294,1423.316650390625,90.76323365037598,56.834940308596174,
pgame_seed2,pgame,2,leg2_paralysed,top_k,1,2,972,1334.859375,294,1423.316650390625,90.76323365037598,56.834940308596174,
pgame_seed2,pgame,2,leg2_paralysed,top_k,1,3,330,1315.847412109375,294,1423.316650390625,90.76323365037598,56.834940308596174,
pgame_seed2,pgame,2,leg2_paralysed,top_k,1,4,761,1291.8665771484375,294,1423.316650390625,90.76323365037598,56.834940308596174,
pgame_seed2,pgame,2,leg2_paralysed,top_k,1,5,115,1334.3460693359375,294,1423.316650390625,90.76323365037598,56.834940308596174,
pgame_seed2,pgame,2,leg2_paralysed,top_k,1,6,596,1334.3404541015625,294,1423.316650390625,90.76323365037598,56.834940308596174,
pgame_seed2,pgame,2,leg2_paralysed,top_k,1,7,320,1326.9173583984375,294,1423.316650390625,90.76323365037598,56.834940308596174,
pgame_seed2,pgame,2,leg2_paralysed,top_k,1,8,603,1454.255126953125,603,1438.1546630859375,94.45682803705328,59.14782855693263,
pgame_seed2,pgame,2,leg2_paralysed,top_k,1,9,474,1190.6077880859375,603,1438.1546630859375,94.45682803705328,59.14782855693263,
pgame_seed2,pgame,2,leg2_paralysed,top_k,1,10,475,1398.3255615234375,603,1438.1546630859375,94.45682803705328,59.14782855693263,
pgame_seed2,pgame,2,leg2_paralysed,top_k,1,11,565,1320.664794921875,603,1438.1546630859375,94.45682803705328,59.14782855693263,
pgame_seed2,pgame,2,leg2_paralysed,top_k,1,12,508,1344.240234375,603,1438.1546630859375,94.45682803705328,59.14782855693263,
pgame_seed2,pgame,2,leg2_paralysed,top_k,1,13,711,1316.840087890625,603,1438.1546630859375,94.45682803705328,59.14782855693263,
pgame_seed2,pgame,2,leg2_paralysed,top_k,1,14,1001,1237.864501953125,603,1438.1546630859375,94.45682803705328,59.14782855693263,
pgame_seed2,pgame,2,leg2_paralysed,top_k,1,15,441,1325.171875,603,1438.1546630859375,94.45682803705328,59.14782855693263,
pgame_seed2,pgame,2,leg2_paralysed,top_k,1,16,831,1338.0582275390625,603,1438.1546630859375,94.45682803705328,59.14782855693263,
pgame_seed2,pgame,2,leg2_paralysed,top_k,1,17,209,1151.707275390625,603,1438.1546630859375,94.45682803705328,59.14782855693263,
pgame_seed2,pgame,2,leg2_paralysed,top_k,1,18,182,1273.105712890625,603,1438.1546630859375,94.45682803705328,59.14782855693263,
pgame_seed2,pgame,2,leg2_paralysed,top_k,1,19,887,1437.113037109375,603,1438.1546630859375,94.45682803705328,59.14782855693263,
pgame_seed2,pgame,2,leg2_paralysed,top_k,1,20,575,1283.7978515625,603,1438.1546630859375,94.45682803705328,59.14782855693263,
pgame_seed2,pgame,2,leg2_paralysed,top_k,2,1,294,1483.983642578125,294,1423.316650390625,90.76323365037598,56.834940308596174,
pgame_seed2,pgame,2,leg2_paralysed,top_k,2,2,972,1410.360595703125,294,1423.316650390625,90.76323365037598,56.834940308596174,
pgame_seed2,pgame,2,leg2_paralysed,top_k,2,3,330,1234.8646240234375,294,1423.316650390625,90.76323365037598,56.834940308596174,
pgame_seed2,pgame,2,leg2_paralysed,top_k,2,4,761,1215.19140625,294,1423.316650390625,90.76323365037598,56.834940308596174,
pgame_seed2,pgame,2,leg2_paralysed,top_k,2,5,115,1349.6123046875,294,1423.316650390625,90.76323365037598,56.834940308596174,
pgame_seed2,pgame,2,leg2_paralysed,top_k,2,6,596,1277.73876953125,294,1423.316650390625,90.76323365037598,56.834940308596174,
pgame_seed2,pgame,2,leg2_paralysed,top_k,2,7,320,1412.134521484375,294,1423.316650390625,90.76323365037598,56.834940308596174,
pgame_seed2,pgame,2,leg2_paralysed,top_k,2,8,603,1462.548828125,294,1423.316650390625,90.76323365037598,56.834940308596174,
pgame_seed2,pgame,2,leg2_paralysed,top_k,2,9,474,1182.5142822265625,294,1423.316650390625,90.76323365037598,56.834940308596174,
pgame_seed2,pgame,2,leg2_paralysed,top_k,2,10,475,1390.348388671875,294,1423.316650390625,90.76323365037598,56.834940308596174,
pgame_seed2,pgame,2,leg2_paralysed,top_k,2,11,565,1280.632080078125,294,1423.316650390625,90.76323365037598,56.834940308596174,
pgame_seed2,pgame,2,leg2_paralysed,top_k,2,12,508,1356.518798828125,294,1423.316650390625,90.76323365037598,56.834940308596174,
pgame_seed2,pgame,2,leg2_paralysed,top_k,2,13,711,1302.7498779296875,294,1423.316650390625,90.76323365037598,56.834940308596174,
pgame_seed2,pgame,2,leg2_paralysed,top_k,2,14,1001,1469.8529052734375,294,1423.316650390625,90.76323365037598,56.834940308596174,
pgame_seed2,pgame,2,leg2_paralysed,top_k,2,15,441,1338.32666015625,294,1423.316650390625,90.76323365037598,56.834940308596174,
pgame_seed2,pgame,2,leg2_paralysed,top_k,2,16,831,1296.6280517578125,294,1423.316650390625,90.76323365037598,56.834940308596174,
pgame_seed2,pgame,2,leg2_paralysed,top_k,2,17,209,1147.6409912109375,294,1423.316650390625,90.76323365037598,56.834940308596174,
pgame_seed2,pgame,2,leg2_paralysed,top_k,2,18,182,1246.7672119140625,294,1423.316650390625,90.76323365037598,56.834940308596174,
pgame_seed2,pgame,2,leg2_paralysed,top_k,2,19,887,1249.9853515625,294,1423.316650390625,90.76323365037598,56.834940308596174,
pgame_seed2,pgame,2,leg2_paralysed,top_k,2,20,575,1218.7989501953125,294,1423.316650390625,90.76323365037598,56.834940308596174,
pgame_seed2,pgame,2,leg2_paralysed,top_k,3,1,294,1452.907958984375,294,1423.316650390625,90.76323365037598,56.834940308596174,
pgame_seed2,pgame,2,leg2_paralysed,top_k,3,2,972,1353.811767578125,294,1423.316650390625,90.76323365037598,56.834940308596174,
pgame_seed2,pgame,2,leg2_paralysed,top_k,3,3,330,1396.79443359375,294,1423.316650390625,90.76323365037598,56.834940308596174,
pgame_seed2,pgame,2,leg2_paralysed,top_k,3,4,761,1260.149169921875,294,1423.316650390625,90.76323365037598,56.834940308596174,
pgame_seed2,pgame,2,leg2_paralysed,top_k,3,5,115,1312.68994140625,294,1423.316650390625,90.76323365037598,56.834940308596174,
pgame_seed2,pgame,2,leg2_paralysed,top_k,3,6,596,1330.22900390625,294,1423.316650390625,90.76323365037598,56.834940308596174,
pgame_seed2,pgame,2,leg2_paralysed,top_k,3,7,320,1386.6280517578125,294,1423.316650390625,90.76323365037598,56.834940308596174,
pgame_seed2,pgame,2,leg2_paralysed,top_k,3,8,603,1422.02197265625,294,1423.316650390625,90.76323365037598,56.834940308596174,
pgame_seed2,pgame,2,leg2_paralysed,top_k,3,9,474,1250.13671875,294,1423.316650390625,90.76323365037598,56.834940308596174,
pgame_seed2,pgame,2,leg2_paralysed,top_k,3,10,475,1377.916259765625,294,1423.316650390625,90.76323365037598,56.834940308596174,
pgame_seed2,pgame,2,leg2_paralysed,top_k,3,11,565,1324.662353515625,294,1423.316650390625,90.76323365037598,56.834940308596174,
pgame_seed2,pgame,2,leg2_paralysed,top_k,3,12,508,1315.702880859375,294,1423.316650390625,90.76323365037598,56.834940308596174,
pgame_seed2,pgame,2,leg2_paralysed,top_k,3,13,711,1260.723388671875,294,1423.316650390625,90.76323365037598,56.834940308596174,
pgame_seed2,pgame,2,leg2_paralysed,top_k,3,14,1001,1432.3485107421875,294,1423.316650390625,90.76323365037598,56.834940308596174,
pgame_seed2,pgame,2,leg2_paralysed,top_k,3,15,441,1335.5240478515625,294,1423.316650390625,90.76323365037598,56.834940308596174,
pgame_seed2,pgame,2,leg2_paralysed,top_k,3,16,831,1317.65185546875,294,1423.316650390625,90.76323365037598,56.834940308596174,
pgame_seed2,pgame,2,leg2_paralysed,top_k,3,17,209,1134.3717041015625,294,1423.316650390625,90.76323365037598,56.834940308596174,
pgame_seed2,pgame,2,leg2_paralysed,top_k,3,18,182,1231.578125,294,1423.316650390625,90.76323365037598,56.834940308596174,
pgame_seed2,pgame,2,leg2_paralysed,top_k,3,19,887,1290.727294921875,294,1423.316650390625,90.76323365037598,56.834940308596174,
pgame_seed2,pgame,2,leg2_paralysed,top_k,3,20,575,1236.8748779296875,294,1423.316650390625,90.76323365037598,56.834940308596174,
pgame_seed2,pgame,2,leg2_paralysed,top_k,4,1,294,1397.81640625,294,1423.316650390625,90.76323365037598,56.834940308596174,
pgame_seed2,pgame,2,leg2_paralysed,top_k,4,2,972,1346.647705078125,294,1423.316650390625,90.76323365037598,56.834940308596174,
pgame_seed2,pgame,2,leg2_paralysed,top_k,4,3,330,1357.808837890625,294,1423.316650390625,90.76323365037598,56.834940308596174,
pgame_seed2,pgame,2,leg2_paralysed,top_k,4,4,761,1269.4052734375,294,1423.316650390625,90.76323365037598,56.834940308596174,
pgame_seed2,pgame,2,leg2_paralysed,top_k,4,5,115,1312.67578125,294,1423.316650390625,90.76323365037598,56.834940308596174,
pgame_seed2,pgame,2,leg2_paralysed,top_k,4,6,596,1311.0421142578125,294,1423.316650390625,90.76323365037598,56.834940308596174,
pgame_seed2,pgame,2,leg2_paralysed,top_k,4,7,320,1400.77734375,320,1394.121826171875,83.49582924328368,52.28417146681407,
pgame_seed2,pgame,2,leg2_paralysed,top_k,4,8,603,1450.6884765625,603,1438.1546630859375,94.45682803705328,59.14782855693263,
pgame_seed2,pgame,2,leg2_paralysed,top_k,4,9,474,1191.5628662109375,603,1438.1546630859375,94.45682803705328,59.14782855693263,
pgame_seed2,pgame,2,leg2_paralysed,top_k,4,10,475,1404.187744140625,603,1438.1546630859375,94.45682803705328,59.14782855693263,
pgame_seed2,pgame,2,leg2_paralysed,top_k,4,11,565,1286.5889892578125,603,1438.1546630859375,94.45682803705328,59.14782855693263,
pgame_seed2,pgame,2,leg2_paralysed,top_k,4,12,508,1291.420654296875,603,1438.1546630859375,94.45682803705328,59.14782855693263,
pgame_seed2,pgame,2,leg2_paralysed,top_k,4,13,711,1298.3818359375,603,1438.1546630859375,94.45682803705328,59.14782855693263,
pgame_seed2,pgame,2,leg2_paralysed,top_k,4,14,1001,1371.9237060546875,603,1438.1546630859375,94.45682803705328,59.14782855693263,
pgame_seed2,pgame,2,leg2_paralysed,top_k,4,15,441,1313.83642578125,603,1438.1546630859375,94.45682803705328,59.14782855693263,
pgame_seed2,pgame,2,leg2_paralysed,top_k,4,16,831,1374.581298828125,603,1438.1546630859375,94.45682803705328,59.14782855693263,
pgame_seed2,pgame,2,leg2_paralysed,top_k,4,17,209,1173.3433837890625,603,1438.1546630859375,94.45682803705328,59.14782855693263,
pgame_seed2,pgame,2,leg2_paralysed,top_k,4,18,182,1189.34521484375,603,1438.1546630859375,94.45682803705328,59.14782855693263,
pgame_seed2,pgame,2,leg2_paralysed,top_k,4,19,887,1433.705322265625,603,1438.1546630859375,94.45682803705328,59.14782855693263,
pgame_seed2,pgame,2,leg2_paralysed,top_k,4,20,575,1221.64990234375,603,1438.1546630859375,94.45682803705328,59.14782855693263,
pgame_seed2,pgame,2,leg2_paralysed,best_intact,0,1,294,1480.3720703125,294,1423.316650390625,90.76323365037598,56.834940308596174,
pgame_seed2,pgame,2,leg2_paralysed,best_intact,1,1,294,1393.146484375,294,1423.316650390625,90.76323365037598,56.834940308596174,
pgame_seed2,pgame,2,leg2_paralysed,best_intact,2,1,294,1392.08544921875,294,1423.316650390625,90.76323365037598,56.834940308596174,
pgame_seed2,pgame,2,leg2_paralysed,best_intact,3,1,294,1435.52490234375,294,1423.316650390625,90.76323365037598,56.834940308596174,
pgame_seed2,pgame,2,leg2_paralysed,best_intact,4,1,294,1476.8319091796875,294,1423.316650390625,90.76323365037598,56.834940308596174,
pgame_seed2,pgame,2,leg3_paralysed,ite,0,1,294,1479.22802734375,294,1457.4912109375,84.66552286447654,62.16192991994083,3
pgame_seed2,pgame,2,leg3_paralysed,ite,0,2,603,1396.4515380859375,294,1457.4912109375,84.66552286447654,62.16192991994083,3
pgame_seed2,pgame,2,leg3_paralysed,ite,0,3,294,1418.60888671875,294,1457.4912109375,84.66552286447654,62.16192991994083,3
pgame_seed2,pgame,2,leg3_paralysed,ite,0,4,596,1562.0821533203125,596,1518.762939453125,97.67384097507468,71.71271436453293,3
pgame_seed2,pgame,2,leg3_paralysed,ite,0,5,596,1491.327880859375,596,1518.762939453125,97.67384097507468,71.71271436453293,3
pgame_seed2,pgame,2,leg3_paralysed,ite,0,6,596,1421.8951416015625,596,1518.762939453125,97.67384097507468,71.71271436453293,3
pgame_seed2,pgame,2,leg3_paralysed,ite,0,7,596,1496.459716796875,596,1518.762939453125,97.67384097507468,71.71271436453293,3
pgame_seed2,pgame,2,leg3_paralysed,ite,0,8,596,1551.7381591796875,596,1518.762939453125,97.67384097507468,71.71271436453293,3
pgame_seed2,pgame,2,leg3_paralysed,ite,0,9,596,1516.1680908203125,596,1518.762939453125,97.67384097507468,71.71271436453293,3
pgame_seed2,pgame,2,leg3_paralysed,ite,0,10,596,1563.8583984375,596,1518.762939453125,97.67384097507468,71.71271436453293,3
pgame_seed2,pgame,2,leg3_paralysed,ite,0,11,596,1506.8603515625,596,1518.762939453125,97.67384097507468,71.71271436453293,3
pgame_seed2,pgame,2,leg3_paralysed,ite,0,12,596,1349.99169921875,596,1518.762939453125,97.67384097507468,71.71271436453293,3
pgame_seed2,pgame,2,leg3_paralysed,ite,0,13,596,1504.761962890625,596,1518.762939453125,97.67384097507468,71.71271436453293,3
pgame_seed2,pgame,2,leg3_paralysed,ite,0,14,596,1508.552978515625,596,1518.762939453125,97.67384097507468,71.71271436453293,3
pgame_seed2,pgame,2,leg3_paralysed,ite,0,15,596,1549.92529296875,596,1518.762939453125,97.67384097507468,71.71271436453293,3
pgame_seed2,pgame,2,leg3_paralysed,ite,0,16,596,1472.281005859375,596,1518.762939453125,97.67384097507468,71.71271436453293,3
pgame_seed2,pgame,2,leg3_paralysed,ite,0,17,596,1523.560302734375,596,1518.762939453125,97.67384097507468,71.71271436453293,3
pgame_seed2,pgame,2,leg3_paralysed,ite,0,18,596,1554.758056640625,596,1518.762939453125,97.67384097507468,71.71271436453293,3
pgame_seed2,pgame,2,leg3_paralysed,ite,0,19,596,1476.357666015625,596,1518.762939453125,97.67384097507468,71.71271436453293,3
pgame_seed2,pgame,2,leg3_paralysed,ite,0,20,596,1427.1884765625,596,1518.762939453125,97.67384097507468,71.71271436453293,3
pgame_seed2,pgame,2,leg3_paralysed,ite,1,1,294,1445.9580078125,294,1457.4912109375,84.66552286447654,62.16192991994083,4
pgame_seed2,pgame,2,leg3_paralysed,ite,1,2,603,1398.929443359375,294,1457.4912109375,84.66552286447654,62.16192991994083,4
pgame_seed2,pgame,2,leg3_paralysed,ite,1,3,596,1449.3001708984375,596,1518.762939453125,97.67384097507468,71.71271436453293,4
pgame_seed2,pgame,2,leg3_paralysed,ite,1,4,294,1466.302001953125,294,1457.4912109375,84.66552286447654,62.16192991994083,4
pgame_seed2,pgame,2,leg3_paralysed,ite,1,5,294,1367.5869140625,294,1457.4912109375,84.66552286447654,62.16192991994083,4
pgame_seed2,pgame,2,leg3_paralysed,ite,1,6,201,1236.437255859375,294,1457.4912109375,84.66552286447654,62.16192991994083,4
pgame_seed2,pgame,2,leg3_paralysed,ite,1,7,294,1454.7188720703125,294,1457.4912109375,84.66552286447654,62.16192991994083,4
pgame_seed2,pgame,2,leg3_paralysed,ite,1,8,294,1443.699951171875,294,1457.4912109375,84.66552286447654,62.16192991994083,4
pgame_seed2,pgame,2,leg3_paralysed,ite,1,9,294,1459.5338134765625,294,1457.4912109375,84.66552286447654,62.16192991994083,4
pgame_seed2,pgame,2,leg3_paralysed,ite,1,10,294,1468.6241455078125,294,1457.4912109375,84.66552286447654,62.16192991994083,4
pgame_seed2,pgame,2,leg3_paralysed,ite,1,11,294,1495.7347412109375,294,1457.4912109375,84.66552286447654,62.16192991994083,4
pgame_seed2,pgame,2,leg3_paralysed,ite,1,12,294,1465.60693359375,294,1457.4912109375,84.66552286447654,62.16192991994083,4
pgame_seed2,pgame,2,leg3_paralysed,ite,1,13,294,1446.4921875,294,1457.4912109375,84.66552286447654,62.16192991994083,4
pgame_seed2,pgame,2,leg3_paralysed,ite,1,14,294,1471.076904296875,294,1457.4912109375,84.66552286447654,62.16192991994083,4
pgame_seed2,pgame,2,leg3_paralysed,ite,1,15,294,1479.833984375,294,1457.4912109375,84.66552286447654,62.16192991994083,4
pgame_seed2,pgame,2,leg3_paralysed,ite,1,16,294,1466.4189453125,294,1457.4912109375,84.66552286447654,62.16192991994083,4
pgame_seed2,pgame,2,leg3_paralysed,ite,1,17,294,1422.28369140625,294,1457.4912109375,84.66552286447654,62.16192991994083,4
pgame_seed2,pgame,2,leg3_paralysed,ite,1,18,294,1493.9000244140625,294,1457.4912109375,84.66552286447654,62.16192991994083,4
pgame_seed2,pgame,2,leg3_paralysed,ite,1,19,294,1503.379638671875,294,1457.4912109375,84.66552286447654,62.16192991994083,4
pgame_seed2,pgame,2,leg3_paralysed,ite,1,20,294,1429.782958984375,294,1457.4912109375,84.66552286447654,62.16192991994083,4
pgame_seed2,pgame,2,leg3_paralysed,ite,2,1,294,1424.255859375,294,1457.4912109375,84.66552286447654,62.16192991994083,3
pgame_seed2,pgame,2,leg3_paralysed,ite,2,2,603,1386.768798828125,294,1457.4912109375,84.66552286447654,62.16192991994083,3
pgame_seed2,pgame,2,leg3_paralysed,ite,2,3,596,1471.934326171875,596,1518.762939453125,97.67384097507468,71.71271436453293,3
pgame_seed2,pgame,2,leg3_paralysed,ite,2,4,294,1473.232421875,294,1457.4912109375,84.66552286447654,62.16192991994083,3
pgame_seed2,pgame,2,leg3_paralysed,ite,2,5,294,1500.037109375,294,1457.4912109375,84.66552286447654,62.16192991994083,3
pgame_seed2,pgame,2,leg3_paralysed,ite,2,6,294,1510.518798828125,294,1457.4912109375,84.66552286447654,62.16192991994083,3
pgame_seed2,pgame,2,leg3_paralysed,ite,2,7,294,1419.825439453125,294,1457.4912109375,84.66552286447654,62.16192991994083,3
pgame_seed2,pgame,2,leg3_paralysed,ite,2,8,596,1502.1353759765625,294,1457.4912109375,84.66552286447654,62.16192991994083,3
pgame_seed2,pgame,2,leg3_paralysed,ite,2,9,596,1497.0592041015625,294,1457.4912109375,84.66552286447654,62.16192991994083,3
pgame_seed2,pgame,2,leg3_paralysed,ite,2,10,596,1577.8758544921875,596,1518.762939453125,97.67384097507468,71.71271436453293,3
pgame_seed2,pgame,2,leg3_paralysed,ite,2,11,596,1563.2662353515625,596,1518.762939453125,97.67384097507468,71.71271436453293,3
pgame_seed2,pgame,2,leg3_paralysed,ite,2,12,596,1466.728515625,596,1518.762939453125,97.67384097507468,71.71271436453293,3
pgame_seed2,pgame,2,leg3_paralysed,ite,2,13,596,1465.38330078125,596,1518.762939453125,97.67384097507468,71.71271436453293,3
pgame_seed2,pgame,2,leg3_paralysed,ite,2,14,596,1545.250732421875,596,1518.762939453125,97.67384097507468,71.71271436453293,3
pgame_seed2,pgame,2,leg3_paralysed,ite,2,15,596,1517.868896484375,596,1518.762939453125,97.67384097507468,71.71271436453293,3
pgame_seed2,pgame,2,leg3_paralysed,ite,2,16,596,1496.0693359375,596,1518.762939453125,97.67384097507468,71.71271436453293,3
pgame_seed2,pgame,2,leg3_paralysed,ite,2,17,596,1506.0240478515625,596,1518.762939453125,97.67384097507468,71.71271436453293,3
pgame_seed2,pgame,2,leg3_paralysed,ite,2,18,596,1510.614990234375,596,1518.762939453125,97.67384097507468,71.71271436453293,3
pgame_seed2,pgame,2,leg3_paralysed,ite,2,19,596,1544.041015625,596,1518.762939453125,97.67384097507468,71.71271436453293,3
pgame_seed2,pgame,2,leg3_paralysed,ite,2,20,596,1523.242431640625,596,1518.762939453125,97.67384097507468,71.71271436453293,3
pgame_seed2,pgame,2,leg3_paralysed,ite,3,1,294,1481.7052001953125,294,1457.4912109375,84.66552286447654,62.16192991994083,3
pgame_seed2,pgame,2,leg3_paralysed,ite,3,2,603,1405.58056640625,294,1457.4912109375,84.66552286447654,62.16192991994083,3
pgame_seed2,pgame,2,leg3_paralysed,ite,3,3,294,1518.707763671875,294,1457.4912109375,84.66552286447654,62.16192991994083,3
pgame_seed2,pgame,2,leg3_paralysed,ite,3,4,596,1531.7216796875,596,1518.762939453125,97.67384097507468,71.71271436453293,3
pgame_seed2,pgame,2,leg3_paralysed,ite,3,5,294,1410.583740234375,596,1518.762939453125,97.67384097507468,71.71271436453293,3
pgame_seed2,pgame,2,leg3_paralysed,ite,3,6,596,1497.6055908203125,596,1518.762939453125,97.67384097507468,71.71271436453293,3
pgame_seed2,pgame,2,leg3_paralysed,ite,3,7,596,1476.5009765625,596,1518.762939453125,97.67384097507468,71.71271436453293,3
pgame_seed2,pgame,2,leg3_paralysed,ite,3,8,596,1507.013427734375,596,1518.762939453125,97.67384097507468,71.71271436453293,3
pgame_seed2,pgame,2,leg3_paralysed,ite,3,9,596,1491.5963134765625,596,1518.762939453125,97.67384097507468,71.71271436453293,3
pgame_seed2,pgame,2,leg3_paralysed,ite,3,10,596,1569.546630859375,596,1518.762939453125,97.67384097507468,71.71271436453293,3
pgame_seed2,pgame,2,leg3_paralysed,ite,3,11,596,1542.9124755859375,596,1518.762939453125,97.67384097507468,71.71271436453293,3
pgame_seed2,pgame,2,leg3_paralysed,ite,3,12,596,1559.70458984375,596,1518.762939453125,97.67384097507468,71.71271436453293,3
pgame_seed2,pgame,2,leg3_paralysed,ite,3,13,596,1488.1895751953125,596,1518.762939453125,97.67384097507468,71.71271436453293,3
pgame_seed2,pgame,2,leg3_paralysed,ite,3,14,596,1494.512451171875,596,1518.762939453125,97.67384097507468,71.71271436453293,3
pgame_seed2,pgame,2,leg3_paralysed,ite,3,15,596,1537.6895751953125,596,1518.762939453125,97.67384097507468,71.71271436453293,3
pgame_seed2,pgame,2,leg3_paralysed,ite,3,16,596,1516.4776611328125,596,1518.762939453125,97.67384097507468,71.71271436453293,3
pgame_seed2,pgame,2,leg3_paralysed,ite,3,17,596,1502.2685546875,596,1518.762939453125,97.67384097507468,71.71271436453293,3
pgame_seed2,pgame,2,leg3_paralysed,ite,3,18,596,1533.0,596,1518.762939453125,97.67384097507468,71.71271436453293,3
pgame_seed2,pgame,2,leg3_paralysed,ite,3,19,596,1435.24169921875,596,1518.762939453125,97.67384097507468,71.71271436453293,3
pgame_seed2,pgame,2,leg3_paralysed,ite,3,20,596,1501.99755859375,596,1518.762939453125,97.67384097507468,71.71271436453293,3
pgame_seed2,pgame,2,leg3_paralysed,ite,4,1,294,1410.31591796875,294,1457.4912109375,84.66552286447654,62.16192991994083,3
pgame_seed2,pgame,2,leg3_paralysed,ite,4,2,603,1370.054931640625,294,1457.4912109375,84.66552286447654,62.16192991994083,3
pgame_seed2,pgame,2,leg3_paralysed,ite,4,3,596,1522.9365234375,596,1518.762939453125,97.67384097507468,71.71271436453293,3
pgame_seed2,pgame,2,leg3_paralysed,ite,4,4,596,1394.5289306640625,596,1518.762939453125,97.67384097507468,71.71271436453293,3
pgame_seed2,pgame,2,leg3_paralysed,ite,4,5,294,1418.5732421875,596,1518.762939453125,97.67384097507468,71.71271436453293,3
pgame_seed2,pgame,2,leg3_paralysed,ite,4,6,201,1202.170654296875,596,1518.762939453125,97.67384097507468,71.71271436453293,3
pgame_seed2,pgame,2,leg3_paralysed,ite,4,7,294,1421.3856201171875,596,1518.762939453125,97.67384097507468,71.71271436453293,3
pgame_seed2,pgame,2,leg3_paralysed,ite,4,8,294,1420.1875,596,1518.762939453125,97.67384097507468,71.71271436453293,3
pgame_seed2,pgame,2,leg3_paralysed,ite,4,9,294,1412.845458984375,596,1518.762939453125,97.67384097507468,71.71271436453293,3
pgame_seed2,pgame,2,leg3_paralysed,ite,4,10,761,1550.193115234375,761,1529.7196044921875,100.0,73.42059414130468,3
pgame_seed2,pgame,2,leg3_paralysed,ite,4,11,761,1477.9222412109375,761,1529.7196044921875,100.0,73.42059414130468,3
pgame_seed2,pgame,2,leg3_paralysed,ite,4,12,761,1536.51708984375,761,1529.7196044921875,100.0,73.42059414130468,3
pgame_seed2,pgame,2,leg3_paralysed,ite,4,13,761,1504.9368896484375,761,1529.7196044921875,100.0,73.42059414130468,3
pgame_seed2,pgame,2,leg3_paralysed,ite,4,14,761,1538.45654296875,761,1529.7196044921875,100.0,73.42059414130468,3
pgame_seed2,pgame,2,leg3_paralysed,ite,4,15,761,1519.498779296875,761,1529.7196044921875,100.0,73.42059414130468,3
pgame_seed2,pgame,2,leg3_paralysed,ite,4,16,761,1525.39208984375,761,1529.7196044921875,100.0,73.42059414130468,3
pgame_seed2,pgame,2,leg3_paralysed,ite,4,17,761,1535.9312744140625,761,1529.7196044921875,100.0,73.42059414130468,3
pgame_seed2,pgame,2,leg3_paralysed,ite,4,18,761,1521.282470703125,761,1529.7196044921875,100.0,73.42059414130468,3
pgame_seed2,pgame,2,leg3_paralysed,ite,4,19,761,1495.0068359375,761,1529.7196044921875,100.0,73.42059414130468,3
pgame_seed2,pgame,2,leg3_paralysed,ite,4,20,761,1463.814453125,761,1529.7196044921875,100.0,73.42059414130468,3
pgame_seed2,pgame,2,leg3_paralysed,top_k,0,1,294,1457.0570068359375,294,1457.4912109375,84.66552286447654,62.16192991994083,
pgame_seed2,pgame,2,leg3_paralysed,top_k,0,2,972,1500.82568359375,972,1360.619873046875,64.09921586435428,47.06202512752633,
pgame_seed2,pgame,2,leg3_paralysed,top_k,0,3,330,1438.762939453125,972,1360.619873046875,64.09921586435428,47.06202512752633,
pgame_seed2,pgame,2,leg3_paralysed,top_k,0,4,761,1506.11962890625,761,1529.7196044921875,100.0,73.42059414130468,
pgame_seed2,pgame,2,leg3_paralysed,top_k,0,5,115,1476.643798828125,761,1529.7196044921875,100.0,73.42059414130468,
pgame_seed2,pgame,2,leg3_paralysed,top_k,0,6,596,1405.23583984375,761,1529.7196044921875,100.0,73.42059414130468,
pgame_seed2,pgame,2,leg3_paralysed,top_k,0,7,320,1460.0594482421875,761,1529.7196044921875,100.0,73.42059414130468,
pgame_seed2,pgame,2,leg3_paralysed,top_k,0,8,603,1382.1317138671875,761,1529.7196044921875,100.0,73.42059414130468,
pgame_seed2,pgame,2,leg3_paralysed,top_k,0,9,474,1465.1275634765625,761,1529.7196044921875,100.0,73.42059414130468,
pgame_seed2,pgame,2,leg3_paralysed,top_k,0,10,475,1346.5360107421875,761,1529.7196044921875,100.0,73.42059414130468,
pgame_seed2,pgame,2,leg3_paralysed,top_k,0,11,565,1347.328369140625,761,1529.7196044921875,100.0,73.42059414130468,
pgame_seed2,pgame,2,leg3_paralysed,top_k,0,12,508,1430.142578125,761,1529.7196044921875,100.0,73.42059414130468,
pgame_seed2,pgame,2,leg3_paralysed,top_k,0,13,711,1276.20654296875,761,1529.7196044921875,100.0,73.42059414130468,
pgame_seed2,pgame,2,leg3_paralysed,top_k,0,14,1001,1363.915283203125,761,1529.7196044921875,100.0,73.42059414130468,
pgame_seed2,pgame,2,leg3_paralysed,top_k,0,15,441,1435.6883544921875,761,1529.7196044921875,100.0,73.42059414130468,
pgame_seed2,pgame,2,leg3_paralysed,top_k,0,16,831,1389.8173828125,761,1529.7196044921875,100.0,73.42059414130468,
pgame_seed2,pgame,2,leg3_paralysed,top_k,0,17,209,1204.589599609375,761,1529.7196044921875,100.0,73.42059414130468,
pgame_seed2,pgame,2,leg3_paralysed,top_k,0,18,182,1483.8955078125,761,1529.7196044921875,100.0,73.42059414130468,
pgame_seed2,pgame,2,leg3_paralysed,top_k,0,19,887,1306.822998046875,761,1529.7196044921875,100.0,73.42059414130468,
pgame_seed2,pgame,2,leg3_paralysed,top_k,0,20,575,1312.131103515625,761,1529.7196044921875,100.0,73.42059414130468,
pgame_seed2,pgame,2,leg3_paralysed,top_k,1,1,294,1491.99169921875,294,1457.4912109375,84.66552286447654,62.16192991994083,
pgame_seed2,pgame,2,leg3_paralysed,top_k,1,2,972,1505.0311279296875,972,1360.619873046875,64.09921586435428,47.06202512752633,
pgame_seed2,pgame,2,leg3_paralysed,top_k,1,3,330,1527.5318603515625,330,1486.240966796875,90.76925094398408,66.64332334068492,
pgame_seed2,pgame,2,leg3_paralysed,top_k,1,4,761,1555.9873046875,761,1529.7196044921875,100.0,73.42059414130468,
pgame_seed2,pgame,2,leg3_paralysed,top_k,1,5,115,1477.113037109375,761,1529.7196044921875,100.0,73.42059414130468,
pgame_seed2,pgame,2,leg3_paralysed,top_k,1,6,596,1532.698486328125,761,1529.7196044921875,100.0,73.42059414130468,
pgame_seed2,pgame,2,leg3_paralysed,top_k,1,7,320,1439.21044921875,761,1529.7196044921875,100.0,73.42059414130468,
pgame_seed2,pgame,2,leg3_paralysed,top_k,1,8,603,1333.9471435546875,761,1529.7196044921875,100.0,73.42059414130468,
pgame_seed2,pgame,2,leg3_paralysed,top_k,1,9,474,1469.256103515625,761,1529.7196044921875,100.0,73.42059414130468,
pgame_seed2,pgame,2,leg3_paralysed,top_k,1,10,475,1452.160888671875,761,1529.7196044921875,100.0,73.42059414130468,
pgame_seed2,pgame,2,leg3_paralysed,top_k,1,11,565,1338.2454833984375,761,1529.7196044921875,100.0,73.42059414130468,
pgame_seed2,pgame,2,leg3_paralysed,top_k,1,12,508,1470.1754150390625,761,1529.7196044921875,100.0,73.42059414130468,
pgame_seed2,pgame,2,leg3_paralysed,top_k,1,13,711,1283.325439453125,761,1529.7196044921875,100.0,73.42059414130468,
pgame_seed2,pgame,2,leg3_paralysed,top_k,1,14,1001,1329.25439453125,761,1529.7196044921875,100.0,73.42059414130468,
pgame_seed2,pgame,2,leg3_paralysed,top_k,1,15,441,1476.0780029296875,761,1529.7196044921875,100.0,73.42059414130468,
pgame_seed2,pgame,2,leg3_paralysed,top_k,1,16,831,1523.1226806640625,761,1529.7196044921875,100.0,73.42059414130468,
pgame_seed2,pgame,2,leg3_paralysed,top_k,1,17,209,1296.416015625,761,1529.7196044921875,100.0,73.42059414130468,
pgame_seed2,pgame,2,leg3_paralysed,top_k,1,18,182,1445.685791015625,761,1529.7196044921875,100.0,73.42059414130468,
pgame_seed2,pgame,2,leg3_paralysed,top_k,1,19,887,1251.52685546875,761,1529.7196044921875,100.0,73.42059414130468,
pgame_seed2,pgame,2,leg3_paralysed,top_k,1,20,575,1211.3056640625,761,1529.7196044921875,100.0,73.42059414130468,
pgame_seed2,pgame,2,leg3_paralysed,top_k,2,1,294,1459.520263671875,294,1457.4912109375,84.66552286447654,62.16192991994083,
pgame_seed2,pgame,2,leg3_paralysed,top_k,2,2,972,1356.686279296875,294,1457.4912109375,84.66552286447654,62.16192991994083,
pgame_seed2,pgame,2,leg3_paralysed,top_k,2,3,330,1397.48193359375,294,1457.4912109375,84.66552286447654,62.16192991994083,
pgame_seed2,pgame,2,leg3_paralysed,top_k,2,4,761,1511.359619140625,761,1529.7196044921875,100.0,73.42059414130468,
pgame_seed2,pgame,2,leg3_paralysed,top_k,2,5,115,1475.4866943359375,761,1529.7196044921875,100.0,73.42059414130468,
pgame_seed2,pgame,2,leg3_paralysed,top_k,2,6,596,1452.8349609375,761,1529.7196044921875,100.0,73.42059414130468,
pgame_seed2,pgame,2,leg3_paralysed,top_k,2,7,320,1497.619140625,761,1529.7196044921875,100.0,73.42059414130468,
pgame_seed2,pgame,2,leg3_paralysed,top_k,2,8,603,1374.0106201171875,761,1529.7196044921875,100.0,73.42059414130468,
pgame_seed2,pgame,2,leg3_paralysed,top_k,2,9,474,1296.133544921875,761,1529.7196044921875,100.0,73.42059414130468,
pgame_seed2,pgame,2,leg3_paralysed,top_k,2,10,475,1451.935302734375,761,1529.7196044921875,100.0,73.42059414130468,
pgame_seed2,pgame,2,leg3_paralysed,top_k,2,11,565,1294.443603515625,761,1529.7196044921875,100.0,73.42059414130468,
pgame_seed2,pgame,2,leg3_paralysed,top_k,2,12,508,1470.1923828125,761,1529.7196044921875,100.0,73.42059414130468,
pgame_seed2,pgame,2,leg3_paralysed,top_k,2,13,711,1301.5904541015625,761,1529.7196044921875,100.0,73.42059414130468,
pgame_seed2,pgame,2,leg3_paralysed,top_k,2,14,1001,1311.608154296875,761,1529.7196044921875,100.0,73.42059414130468,
pgame_seed2,pgame,2,leg3_paralysed,top_k,2,15,441,1420.6239013671875,761,1529.7196044921875,100.0,73.42059414130468,
pgame_seed2,pgame,2,leg3_paralysed,top_k,2,16,831,1478.9075927734375,761,1529.7196044921875,100.0,73.42059414130468,
pgame_seed2,pgame,2,leg3_paralysed,top_k,2,17,209,1289.681884765625,761,1529.7196044921875,100.0,73.42059414130468,
pgame_seed2,pgame,2,leg3_paralysed,top_k,2,18,182,1490.203369140625,761,1529.7196044921875,100.0,73.42059414130468,
pgame_seed2,pgame,2,leg3_paralysed,top_k,2,19,887,1277.70654296875,761,1529.7196044921875,100.0,73.42059414130468,
pgame_seed2,pgame,2,leg3_paralysed,top_k,2,20,575,1357.9736328125,761,1529.7196044921875,100.0,73.42059414130468,
pgame_seed2,pgame,2,leg3_paralysed,top_k,3,1,294,1423.8394775390625,294,1457.4912109375,84.66552286447654,62.16192991994083,
pgame_seed2,pgame,2,leg3_paralysed,top_k,3,2,972,1473.279296875,972,1360.619873046875,64.09921586435428,47.06202512752633,
pgame_seed2,pgame,2,leg3_paralysed,top_k,3,3,330,1549.9058837890625,330,1486.240966796875,90.76925094398408,66.64332334068492,
pgame_seed2,pgame,2,leg3_paralysed,top_k,3,4,761,1540.836669921875,330,1486.240966796875,90.76925094398408,66.64332334068492,
pgame_seed2,pgame,2,leg3_paralysed,top_k,3,5,115,1486.389404296875,330,1486.240966796875,90.76925094398408,66.64332334068492,
pgame_seed2,pgame,2,leg3_paralysed,top_k,3,6,596,1515.656005859375,330,1486.240966796875,90.76925094398408,66.64332334068492,
pgame_seed2,pgame,2,leg3_paralysed,top_k,3,7,320,1481.24365234375,330,1486.240966796875,90.76925094398408,66.64332334068492,
pgame_seed2,pgame,2,leg3_paralysed,top_k,3,8,603,1377.482421875,330,1486.240966796875,90.76925094398408,66.64332334068492,
pgame_seed2,pgame,2,leg3_paralysed,top_k,3,9,474,1488.062255859375,330,1486.240966796875,90.76925094398408,66.64332334068492,
pgame_seed2,pgame,2,leg3_paralysed,top_k,3,10,475,1388.993408203125,330,1486.240966796875,90.76925094398408,66.64332334068492,
pgame_seed2,pgame,2,leg3_paralysed,top_k,3,11,565,1344.958740234375,330,1486.240966796875,90.76925094398408,66.64332334068492,
pgame_seed2,pgame,2,leg3_paralysed,top_k,3,12,508,1428.91259765625,330,1486.240966796875,90.76925094398408,66.64332334068492,
pgame_seed2,pgame,2,leg3_paralysed,top_k,3,13,711,1264.35888671875,330,1486.240966796875,90.76925094398408,66.64332334068492,
pgame_seed2,pgame,2,leg3_paralysed,top_k,3,14,1001,1366.48681640625,330,1486.240966796875,90.76925094398408,66.64332334068492,
pgame_seed2,pgame,2,leg3_paralysed,top_k,3,15,441,1371.4759521484375,330,1486.240966796875,90.76925094398408,66.64332334068492,
pgame_seed2,pgame,2,leg3_paralysed,top_k,3,16,831,1460.541015625,330,1486.240966796875,90.76925094398408,66.64332334068492,
pgame_seed2,pgame,2,leg3_paralysed,top_k,3,17,209,1254.73876953125,330,1486.240966796875,90.76925094398408,66.64332334068492,
pgame_seed2,pgame,2,leg3_paralysed,top_k,3,18,182,1504.5908203125,330,1486.240966796875,90.76925094398408,66.64332334068492,
pgame_seed2,pgame,2,leg3_paralysed,top_k,3,19,887,1245.468994140625,330,1486.240966796875,90.76925094398408,66.64332334068492,
pgame_seed2,pgame,2,leg3_paralysed,top_k,3,20,575,1128.2158203125,330,1486.240966796875,90.76925094398408,66.64332334068492,
pgame_seed2,pgame,2,leg3_paralysed,top_k,4,1,294,1478.657958984375,294,1457.4912109375,84.66552286447654,62.16192991994083,
pgame_seed2,pgame,2,leg3_paralysed,top_k,4,2,972,1487.34912109375,972,1360.619873046875,64.09921586435428,47.06202512752633,
pgame_seed2,pgame,2,leg3_paralysed,top_k,4,3,330,1491.793212890625,330,1486.240966796875,90.76925094398408,66.64332334068492,
pgame_seed2,pgame,2,leg3_paralysed,top_k,4,4,761,1468.3865966796875,330,1486.240966796875,90.76925094398408,66.64332334068492,
pgame_seed2,pgame,2,leg3_paralysed,top_k,4,5,115,1493.55224609375,115,1475.63916015625,88.51843026910899,64.9907574281363,
pgame_seed2,pgame,2,leg3_paralysed,top_k,4,6,596,1553.028564453125,596,1518.762939453125,97.67384097507468,71.71271436453293,
pgame_seed2,pgame,2,leg3_paralysed,top_k,4,7,320,1459.170654296875,596,1518.762939453125,97.67384097507468,71.71271436453293,
pgame_seed2,pgame,2,leg3_paralysed,top_k,4,8,603,1377.6068115234375,596,1518.762939453125,97.67384097507468,71.71271436453293,
pgame_seed2,pgame,2,leg3_paralysed,top_k,4,9,474,1400.92041015625,596,1518.762939453125,97.67384097507468,71.71271436453293,
pgame_seed2,pgame,2,leg3_paralysed,top_k,4,10,475,1442.55517578125,596,1518.762939453125,97.67384097507468,71.71271436453293,
pgame_seed2,pgame,2,leg3_paralysed,top_k,4,11,565,1391.554931640625,596,1518.762939453125,97.67384097507468,71.71271436453293,
pgame_seed2,pgame,2,leg3_paralysed,top_k,4,12,508,1511.8966064453125,596,1518.762939453125,97.67384097507468,71.71271436453293,
pgame_seed2,pgame,2,leg3_paralysed,top_k,4,13,711,1372.5013427734375,596,1518.762939453125,97.67384097507468,71.71271436453293,
pgame_seed2,pgame,2,leg3_paralysed,top_k,4,14,1001,1363.635009765625,596,1518.762939453125,97.67384097507468,71.71271436453293,
pgame_seed2,pgame,2,leg3_paralysed,top_k,4,15,441,1486.6171875,596,1518.762939453125,97.67384097507468,71.71271436453293,
pgame_seed2,pgame,2,leg3_paralysed,top_k,4,16,831,1488.1956787109375,596,1518.762939453125,97.67384097507468,71.71271436453293,
pgame_seed2,pgame,2,leg3_paralysed,top_k,4,17,209,1371.5740966796875,596,1518.762939453125,97.67384097507468,71.71271436453293,
pgame_seed2,pgame,2,leg3_paralysed,top_k,4,18,182,1467.2518310546875,596,1518.762939453125,97.67384097507468,71.71271436453293,
pgame_seed2,pgame,2,leg3_paralysed,top_k,4,19,887,1318.169921875,596,1518.762939453125,97.67384097507468,71.71271436453293,
pgame_seed2,pgame,2,leg3_paralysed,top_k,4,20,575,1219.420654296875,596,1518.762939453125,97.67384097507468,71.71271436453293,
pgame_seed2,pgame,2,leg3_paralysed,best_intact,0,1,294,1470.287353515625,294,1457.4912109375,84.66552286447654,62.16192991994083,
pgame_seed2,pgame,2,leg3_paralysed,best_intact,1,1,294,1480.0006103515625,294,1457.4912109375,84.66552286447654,62.16192991994083,
pgame_seed2,pgame,2,leg3_paralysed,best_intact,2,1,294,1450.9884033203125,294,1457.4912109375,84.66552286447654,62.16192991994083,
pgame_seed2,pgame,2,leg3_paralysed,best_intact,3,1,294,1464.1435546875,294,1457.4912109375,84.66552286447654,62.16192991994083,
pgame_seed2,pgame,2,leg3_paralysed,best_intact,4,1,294,1473.86865234375,294,1457.4912109375,84.66552286447654,62.16192991994083,
pgame_seed2,pgame,2,leg4_paralysed,ite,0,1,294,969.5872192382812,294,965.8648071289062,-41.70735364314886,-14.470767146023052,7
pgame_seed2,pgame,2,leg4_paralysed,ite,0,2,412,1143.4769287109375,412,1119.82177734375,27.459711173469643,9.527410674103036,7
pgame_seed2,pgame,2,leg4_paralysed,ite,0,3,258,1019.0008544921875,412,1119.82177734375,27.459711173469643,9.527410674103036,7
pgame_seed2,pgame,2,leg4_paralysed,ite,0,4,475,1185.716552734375,475,1239.83935546875,81.3790861372742,28.235255972470245,7
pgame_seed2,pgame,2,leg4_paralysed,ite,0,5,323,1147.579345703125,475,1239.83935546875,81.3790861372742,28.235255972470245,7
pgame_seed2,pgame,2,leg4_paralysed,ite,0,6,475,1168.02978515625,475,1239.83935546875,81.3790861372742,28.235255972470245,7
pgame_seed2,pgame,2,leg4_paralysed,ite,0,7,603,1176.2177734375,475,1239.83935546875,81.3790861372742,28.235255972470245,7
pgame_seed2,pgame,2,leg4_paralysed,ite,0,8,412,1132.35693359375,475,1239.83935546875,81.3790861372742,28.235255972470245,7
pgame_seed2,pgame,2,leg4_paralysed,ite,0,9,475,1240.4921875,475,1239.83935546875,81.3790861372742,28.235255972470245,7
pgame_seed2,pgame,2,leg4_paralysed,ite,0,10,475,1196.822265625,475,1239.83935546875,81.3790861372742,28.235255972470245,7
pgame_seed2,pgame,2,leg4_paralysed,ite,0,11,475,1188.1307373046875,475,1239.83935546875,81.3790861372742,28.235255972470245,7
pgame_seed2,pgame,2,leg4_paralysed,ite,0,12,475,1302.04052734375,475,1239.83935546875,81.3790861372742,28.235255972470245,7
pgame_seed2,pgame,2,leg4_paralysed,ite,0,13,475,1189.284912109375,475,1239.83935546875,81.3790861372742,28.235255972470245,7
pgame_seed2,pgame,2,leg4_paralysed,ite,0,14,475,1283.917724609375,475,1239.83935546875,81.3790861372742,28.235255972470245,7
pgame_seed2,pgame,2,leg4_paralysed,ite,0,15,475,1201.192138671875,475,1239.83935546875,81.3790861372742,28.235255972470245,7
pgame_seed2,pgame,2,leg4_paralysed,ite,0,16,475,1255.806640625,475,1239.83935546875,81.3790861372742,28.235255972470245,7
pgame_seed2,pgame,2,leg4_paralysed,ite,0,17,475,1314.232177734375,475,1239.83935546875,81.3790861372742,28.235255972470245,7
pgame_seed2,pgame,2,leg4_paralysed,ite,0,18,475,1119.880126953125,475,1239.83935546875,81.3790861372742,28.235255972470245,7
pgame_seed2,pgame,2,leg4_paralysed,ite,0,19,475,1139.698974609375,475,1239.83935546875,81.3790861372742,28.235255972470245,7
pgame_seed2,pgame,2,leg4_paralysed,ite,0,20,475,1269.603515625,475,1239.83935546875,81.3790861372742,28.235255972470245,7
pgame_seed2,pgame,2,leg4_paralysed,ite,1,1,294,956.9417724609375,294,965.8648071289062,-41.70735364314886,-14.470767146023052,4
pgame_seed2,pgame,2,leg4_paralysed,ite,1,2,412,1121.767578125,412,1119.82177734375,27.459711173469643,9.527410674103036,4
pgame_seed2,pgame,2,leg4_paralysed,ite,1,3,258,1022.2728271484375,412,1119.82177734375,27.459711173469643,9.527410674103036,4
pgame_seed2,pgame,2,leg4_paralysed,ite,1,4,475,1224.116943359375,475,1239.83935546875,81.3790861372742,28.235255972470245,4
pgame_seed2,pgame,2,leg4_paralysed,ite,1,5,475,1196.37109375,475,1239.83935546875,81.3790861372742,28.235255972470245,4
pgame_seed2,pgame,2,leg4_paralysed,ite,1,6,323,1153.596923828125,475,1239.83935546875,81.3790861372742,28.235255972470245,4
pgame_seed2,pgame,2,leg4_paralysed,ite,1,7,475,1143.74951171875,475,1239.83935546875,81.3790861372742,28.235255972470245,4
pgame_seed2,pgame,2,leg4_paralysed,ite,1,8,475,1257.94189453125,475,1239.83935546875,81.3790861372742,28.235255972470245,4
pgame_seed2,pgame,2,leg4_paralysed,ite,1,9,475,1210.8433837890625,475,1239.83935546875,81.3790861372742,28.235255972470245,4
pgame_seed2,pgame,2,leg4_paralysed,ite,1,10,475,1201.6409912109375,475,1239.83935546875,81.3790861372742,28.235255972470245,4
pgame_seed2,pgame,2,leg4_paralysed,ite,1,11,475,1172.1109619140625,475,1239.83935546875,81.3790861372742,28.235255972470245,4
pgame_seed2,pgame,2,leg4_paralysed,ite,1,12,475,1229.471435546875,475,1239.83935546875,81.3790861372742,28.235255972470245,4
pgame_seed2,pgame,2,leg4_paralysed,ite,1,13,475,1232.1611328125,475,1239.83935546875,81.3790861372742,28.235255972470245,4
pgame_seed2,pgame,2,leg4_paralysed,ite,1,14,475,1171.21484375,475,1239.83935546875,81.3790861372742,28.235255972470245,4
pgame_seed2,pgame,2,leg4_paralysed,ite,1,15,475,1228.8828125,475,1239.83935546875,81.3790861372742,28.235255972470245,4
pgame_seed2,pgame,2,leg4_paralysed,ite,1,16,475,1254.177001953125,475,1239.83935546875,81.3790861372742,28.235255972470245,4
pgame_seed2,pgame,2,leg4_paralysed,ite,1,17,475,1224.171630859375,475,1239.83935546875,81.3790861372742,28.235255972470245,4
pgame_seed2,pgame,2,leg4_paralysed,ite,1,18,475,1199.903076171875,475,1239.83935546875,81.3790861372742,28.235255972470245,4
pgame_seed2,pgame,2,leg4_paralysed,ite,1,19,475,1239.4775390625,475,1239.83935546875,81.3790861372742,28.235255972470245,4
pgame_seed2,pgame,2,leg4_paralysed,ite,1,20,475,1255.5003662109375,475,1239.83935546875,81.3790861372742,28.235255972470245,4
pgame_seed2,pgame,2,leg4_paralysed,ite,2,1,294,1026.54638671875,294,965.8648071289062,-41.70735364314886,-14.470767146023052,10
pgame_seed2,pgame,2,leg4_paralysed,ite,2,2,412,1103.46142578125,412,1119.82177734375,27.459711173469643,9.527410674103036,10
pgame_seed2,pgame,2,leg4_paralysed,ite,2,3,258,1029.723388671875,412,1119.82177734375,27.459711173469643,9.527410674103036,10
pgame_seed2,pgame,2,leg4_paralysed,ite,2,4,475,1015.9398193359375,412,1119.82177734375,27.459711173469643,9.527410674103036,10
pgame_seed2,pgame,2,leg4_paralysed,ite,2,5,323,1152.3446044921875,323,1161.8582763671875,46.34512603036381,16.079886843855217,10
pgame_seed2,pgame,2,leg4_paralysed,ite,2,6,646,1145.887939453125,323,1161.8582763671875,46.34512603036381,16.079886843855217,10
pgame_seed2,pgame,2,leg4_paralysed,ite,2,7,334,1058.8358154296875,323,1161.8582763671875,46.34512603036381,16.079886843855217,10
pgame_seed2,pgame,2,leg4_paralysed,ite,2,8,412,1110.5902099609375,323,1161.8582763671875,46.34512603036381,16.079886843855217,10
pgame_seed2,pgame,2,leg4_paralysed,ite,2,9,646,1141.52880859375,323,1161.8582763671875,46.34512603036381,16.079886843855217,10
pgame_seed2,pgame,2,leg4_paralysed,ite,2,10,323,1144.9716796875,323,1161.8582763671875,46.34512603036381,16.079886843855217,10
pgame_seed2,pgame,2,leg4_paralysed,ite,2,11,646,1135.0703125,323,1161.8582763671875,46.34512603036381,16.079886843855217,10
pgame_seed2,pgame,2,leg4_paralysed,ite,2,12,323,1158.37890625,323,1161.8582763671875,46.34512603036381,16.079886843855217,10
pgame_seed2,pgame,2,leg4_paralysed,ite,2,13,323,1207.9444580078125,323,1161.8582763671875,46.34512603036381,16.079886843855217,10
pgame_seed2,pgame,2,leg4_paralysed,ite,2,14,323,1144.6658935546875,323,1161.8582763671875,46.34512603036381,16.079886843855217,10
pgame_seed2,pgame,2,leg4_paralysed,ite,2,15,323,1146.203369140625,323,1161.8582763671875,46.34512603036381,16.079886843855217,10
pgame_seed2,pgame,2,leg4_paralysed,ite,2,16,323,1187.8157958984375,323,1161.8582763671875,46.34512603036381,16.079886843855217,10
pgame_seed2,pgame,2,leg4_paralysed,ite,2,17,323,1160.137451171875,323,1161.8582763671875,46.34512603036381,16.079886843855217,10
pgame_seed2,pgame,2,leg4_paralysed,ite,2,18,323,1157.0537109375,323,1161.8582763671875,46.34512603036381,16.079886843855217,10
pgame_seed2,pgame,2,leg4_paralysed,ite,2,19,323,1150.64306640625,323,1161.8582763671875,46.34512603036381,16.079886843855217,10
pgame_seed2,pgame,2,leg4_paralysed,ite,2,20,323,1150.776123046875,323,1161.8582763671875,46.34512603036381,16.079886843855217,10
pgame_seed2,pgame,2,leg4_paralysed,ite,3,1,294,968.9813842773438,294,965.8648071289062,-41.70735364314886,-14.470767146023052,4
pgame_seed2,pgame,2,leg4_paralysed,ite,3,2,412,1107.328369140625,412,1119.82177734375,27.459711173469643,9.527410674103036,4
pgame_seed2,pgame,2,leg4_paralysed,ite,3,3,258,1019.3076171875,412,1119.82177734375,27.459711173469643,9.527410674103036,4
pgame_seed2,pgame,2,leg4_paralysed,ite,3,4,475,1214.376708984375,475,1239.83935546875,81.3790861372742,28.235255972470245,4
pgame_seed2,pgame,2,leg4_paralysed,ite,3,5,475,1091.7718505859375,475,1239.83935546875,81.3790861372742,28.235255972470245,4
pgame_seed2,pgame,2,leg4_paralysed,ite,3,6,323,1176.045166015625,475,1239.83935546875,81.3790861372742,28.235255972470245,4
pgame_seed2,pgame,2,leg4_paralysed,ite,3,7,334,1058.756591796875,475,1239.83935546875,81.3790861372742,28.235255972470245,4
pgame_seed2,pgame,2,leg4_paralysed,ite,3,8,323,1163.5001220703125,475,1239.83935546875,81.3790861372742,28.235255972470245,4
pgame_seed2,pgame,2,leg4_paralysed,ite,3,9,603,1153.4140625,475,1239.83935546875,81.3790861372742,28.235255972470245,4
pgame_seed2,pgame,2,leg4_paralysed,ite,3,10,323,1159.5528564453125,475,1239.83935546875,81.3790861372742,28.235255972470245,4
pgame_seed2,pgame,2,leg4_paralysed,ite,3,11,412,1136.985107421875,475,1239.83935546875,81.3790861372742,28.235255972470245,4
pgame_seed2,pgame,2,leg4_paralysed,ite,3,12,646,1138.4864501953125,475,1239.83935546875,81.3790861372742,28.235255972470245,4
pgame_seed2,pgame,2,leg4_paralysed,ite,3,13,475,1241.4736328125,475,1239.83935546875,81.3790861372742,28.235255972470245,4
pgame_seed2,pgame,2,leg4_paralysed,ite,3,14,475,1254.12255859375,475,1239.83935546875,81.3790861372742,28.235255972470245,4
pgame_seed2,pgame,2,leg4_paralysed,ite,3,15,475,1244.6124267578125,475,1239.83935546875,81.3790861372742,28.235255972470245,4
pgame_seed2,pgame,2,leg4_paralysed,ite,3,16,475,1213.736083984375,475,1239.83935546875,81.3790861372742,28.235255972470245,4
pgame_seed2,pgame,2,leg4_paralysed,ite,3,17,475,1226.657470703125,475,1239.83935546875,81.3790861372742,28.235255972470245,4
pgame_seed2,pgame,2,leg4_paralysed,ite,3,18,475,1258.14306640625,475,1239.83935546875,81.3790861372742,28.235255972470245,4
pgame_seed2,pgame,2,leg4_paralysed,ite,3,19,475,1210.45556640625,475,1239.83935546875,81.3790861372742,28.235255972470245,4
pgame_seed2,pgame,2,leg4_paralysed,ite,3,20,475,1267.75048828125,475,1239.83935546875,81.3790861372742,28.235255972470245,4
pgame_seed2,pgame,2,leg4_paralysed,ite,4,1,294,973.3318481445312,294,965.8648071289062,-41.70735364314886,-14.470767146023052,4
pgame_seed2,pgame,2,leg4_paralysed,ite,4,2,412,1111.25244140625,412,1119.82177734375,27.459711173469643,9.527410674103036,4
pgame_seed2,pgame,2,leg4_paralysed,ite,4,3,258,1018.87255859375,412,1119.82177734375,27.459711173469643,9.527410674103036,4
pgame_seed2,pgame,2,leg4_paralysed,ite,4,4,475,1244.5601806640625,475,1239.83935546875,81.3790861372742,28.235255972470245,4
pgame_seed2,pgame,2,leg4_paralysed,ite,4,5,475,1204.904296875,475,1239.83935546875,81.3790861372742,28.235255972470245,4
pgame_seed2,pgame,2,leg4_paralysed,ite,4,6,475,1253.1346435546875,475,1239.83935546875,81.3790861372742,28.235255972470245,4
pgame_seed2,pgame,2,leg4_paralysed,ite,4,7,475,1149.618408203125,475,1239.83935546875,81.3790861372742,28.235255972470245,4
pgame_seed2,pgame,2,leg4_paralysed,ite,4,8,323,1162.177490234375,475,1239.83935546875,81.3790861372742,28.235255972470245,4
pgame_seed2,pgame,2,leg4_paralysed,ite,4,9,475,1282.64501953125,475,1239.83935546875,81.3790861372742,28.235255972470245,4
pgame_seed2,pgame,2,leg4_paralysed,ite,4,10,475,1258.30126953125,475,1239.83935546875,81.3790861372742,28.235255972470245,4
pgame_seed2,pgame,2,leg4_paralysed,ite,4,11,475,1178.9287109375,475,1239.83935546875,81.3790861372742,28.235255972470245,4
pgame_seed2,pgame,2,leg4_paralysed,ite,4,12,475,1294.158203125,475,1239.83935546875,81.3790861372742,28.235255972470245,4
pgame_seed2,pgame,2,leg4_paralysed,ite,4,13,475,1225.0858154296875,475,1239.83935546875,81.3790861372742,28.235255972470245,4
pgame_seed2,pgame,2,leg4_paralysed,ite,4,14,475,1225.3333740234375,475,1239.83935546875,81.3790861372742,28.235255972470245,4
pgame_seed2,pgame,2,leg4_paralysed,ite,4,15,475,1128.7020263671875,475,1239.83935546875,81.3790861372742,28.235255972470245,4
pgame_seed2,pgame,2,leg4_paralysed,ite,4,16,475,1219.3677978515625,475,1239.83935546875,81.3790861372742,28.235255972470245,4
pgame_seed2,pgame,2,leg4_paralysed,ite,4,17,475,1254.1307373046875,475,1239.83935546875,81.3790861372742,28.235255972470245,4
pgame_seed2,pgame,2,leg4_paralysed,ite,4,18,475,1212.8358154296875,475,1239.83935546875,81.3790861372742,28.235255972470245,4
pgame_seed2,pgame,2,leg4_paralysed,ite,4,19,475,1271.264892578125,475,1239.83935546875,81.3790861372742,28.235255972470245,4
pgame_seed2,pgame,2,leg4_paralysed,ite,4,20,475,1115.7486572265625,475,1239.83935546875,81.3790861372742,28.235255972470245,4
pgame_seed2,pgame,2,leg4_paralysed,top_k,0,1,294,1063.0048828125,294,965.8648071289062,-41.70735364314886,-14.470767146023052,
pgame_seed2,pgame,2,leg4_paralysed,top_k,0,2,972,997.0545654296875,294,965.8648071289062,-41.70735364314886,-14.470767146023052,
pgame_seed2,pgame,2,leg4_paralysed,top_k,0,3,330,1057.371337890625,294,965.8648071289062,-41.70735364314886,-14.470767146023052,
pgame_seed2,pgame,2,leg4_paralysed,top_k,0,4,761,1205.7657470703125,761,1139.540283203125,36.31849276003249,12.601050076723958,
pgame_seed2,pgame,2,leg4_paralysed,top_k,0,5,115,1015.3187255859375,761,1139.540283203125,36.31849276003249,12.601050076723958,
pgame_seed2,pgame,2,leg4_paralysed,top_k,0,6,596,1237.4306640625,596,1198.799560546875,62.941452872207684,21.838141929096412,
pgame_seed2,pgame,2,leg4_paralysed,top_k,0,7,320,992.0240478515625,596,1198.799560546875,62.941452872207684,21.838141929096412,
pgame_seed2,pgame,2,leg4_paralysed,top_k,0,8,603,1161.50048828125,596,1198.799560546875,62.941452872207684,21.838141929096412,
pgame_seed2,pgame,2,leg4_paralysed,top_k,0,9,474,1167.740966796875,596,1198.799560546875,62.941452872207684,21.838141929096412,
pgame_seed2,pgame,2,leg4_paralysed,top_k,0,10,475,1213.3583984375,596,1198.799560546875,62.941452872207684,21.838141929096412,
pgame_seed2,pgame,2,leg4_paralysed,top_k,0,11,565,1006.425537109375,596,1198.799560546875,62.941452872207684,21.838141929096412,
pgame_seed2,pgame,2,leg4_paralysed,top_k,0,12,508,1037.0103759765625,596,1198.799560546875,62.941452872207684,21.838141929096412,
pgame_seed2,pgame,2,leg4_paralysed,top_k,0,13,711,1165.945068359375,596,1198.799560546875,62.941452872207684,21.838141929096412,
pgame_seed2,pgame,2,leg4_paralysed,top_k,0,14,1001,1099.1051025390625,596,1198.799560546875,62.941452872207684,21.838141929096412,
pgame_seed2,pgame,2,leg4_paralysed,top_k,0,15,441,1185.43505859375,596,1198.799560546875,62.941452872207684,21.838141929096412,
pgame_seed2,pgame,2,leg4_paralysed,top_k,0,16,831,1041.01416015625,596,1198.799560546875,62.941452872207684,21.838141929096412,
pgame_seed2,pgame,2,leg4_paralysed,top_k,0,17,209,1186.302001953125,596,1198.799560546875,62.941452872207684,21.838141929096412,
pgame_seed2,pgame,2,leg4_paralysed,top_k,0,18,182,1244.656005859375,182,1281.287109375,100.0,34.69596098049276,
pgame_seed2,pgame,2,leg4_paralysed,top_k,0,19,887,1128.64599609375,182,1281.287109375,100.0,34.69596098049276,
pgame_seed2,pgame,2,leg4_paralysed,top_k,0,20,575,1153.060302734375,182,1281.287109375,100.0,34.69596098049276,
pgame_seed2,pgame,2,leg4_paralysed,top_k,1,1,294,978.606689453125,294,965.8648071289062,-41.70735364314886,-14.470767146023052,
pgame_seed2,pgame,2,leg4_paralysed,top_k,1,2,972,990.7406005859375,972,993.3599853515625,-29.35480622930281,-10.184932115218158,
pgame_seed2,pgame,2,leg4_paralysed,top_k,1,3,330,970.6824951171875,972,993.3599853515625,-29.35480622930281,-10.184932115218158,
pgame_seed2,pgame,2,leg4_paralysed,top_k,1,4,761,1172.5234375,761,1139.540283203125,36.31849276003249,12.601050076723958,
pgame_seed2,pgame,2,leg4_paralysed,top_k,1,5,115,1069.044677734375,761,1139.540283203125,36.31849276003249,12.601050076723958,
pgame_seed2,pgame,2,leg4_paralysed,top_k,1,6,596,1209.908203125,596,1198.799560546875,62.941452872207684,21.838141929096412,
pgame_seed2,pgame,2,leg4_paralysed,top_k,1,7,320,955.0515747070312,596,1198.799560546875,62.941452872207684,21.838141929096412,
pgame_seed2,pgame,2,leg4_paralysed,top_k,1,8,603,1160.703369140625,596,1198.799560546875,62.941452872207684,21.838141929096412,
pgame_seed2,pgame,2,leg4_paralysed,top_k,1,9,474,1165.511474609375,596,1198.799560546875,62.941452872207684,21.838141929096412,
pgame_seed2,pgame,2,leg4_paralysed,top_k,1,10,475,1301.3760986328125,475,1239.83935546875,81.3790861372742,28.235255972470245,
pgame_seed2,pgame,2,leg4_paralysed,top_k,1,11,565,1004.4517822265625,475,1239.83935546875,81.3790861372742,28.235255972470245,
pgame_seed2,pgame,2,leg4_paralysed,top_k,1,12,508,1092.16064453125,475,1239.83935546875,81.3790861372742,28.235255972470245,
pgame_seed2,pgame,2,leg4_paralysed,top_k,1,13,711,1199.6865234375,475,1239.83935546875,81.3790861372742,28.235255972470245,
pgame_seed2,pgame,2,leg4_paralysed,top_k,1,14,1001,1150.79833984375,475,1239.83935546875,81.3790861372742,28.235255972470245,
pgame_seed2,pgame,2,leg4_paralysed,top_k,1,15,441,1192.6781005859375,475,1239.83935546875,81.3790861372742,28.235255972470245,
pgame_seed2,pgame,2,leg4_paralysed,top_k,1,16,831,1091.0406494140625,475,1239.83935546875,81.3790861372742,28.235255972470245,
pgame_seed2,pgame,2,leg4_paralysed,top_k,1,17,209,1125.25048828125,475,1239.83935546875,81.3790861372742,28.235255972470245,
pgame_seed2,pgame,2,leg4_paralysed,top_k,1,18,182,1283.421142578125,475,1239.83935546875,81.3790861372742,28.235255972470245,
pgame_seed2,pgame,2,leg4_paralysed,top_k,1,19,887,1121.66748046875,475,1239.83935546875,81.3790861372742,28.235255972470245,
pgame_seed2,pgame,2,leg4_paralysed,top_k,1,20,575,1192.199951171875,475,1239.83935546875,81.3790861372742,28.235255972470245,
pgame_seed2,pgame,2,leg4_paralysed,top_k,2,1,294,977.5352783203125,294,965.8648071289062,-41.70735364314886,-14.470767146023052,
pgame_seed2,pgame,2,leg4_paralysed,top_k,2,2,972,987.499755859375,972,993.3599853515625,-29.35480622930281,-10.184932115218158,
pgame_seed2,pgame,2,leg4_paralysed,top_k,2,3,330,950.7545776367188,972,993.3599853515625,-29.35480622930281,-10.184932115218158,
pgame_seed2,pgame,2,leg4_paralysed,top_k,2,4,761,1197.7589111328125,761,1139.540283203125,36.31849276003249,12.601050076723958,
pgame_seed2,pgame,2,leg4_paralysed,top_k,2,5,115,1068.5546875,761,1139.540283203125,36.31849276003249,12.601050076723958,
pgame_seed2,pgame,2,leg4_paralysed,top_k,2,6,596,1218.2830810546875,596,1198.799560546875,62.941452872207684,21.838141929096412,
pgame_seed2,pgame,2,leg4_paralysed,top_k,2,7,320,1064.03173828125,596,1198.799560546875,62.941452872207684,21.838141929096412,
pgame_seed2,pgame,2,leg4_paralysed,top_k,2,8,603,1162.45751953125,596,1198.799560546875,62.941452872207684,21.838141929096412,
pgame_seed2,pgame,2,leg4_paralysed,top_k,2,9,474,1194.3077392578125,596,1198.799560546875,62.941452872207684,21.838141929096412,
pgame_seed2,pgame,2,leg4_paralysed,top_k,2,10,475,1160.9384765625,596,1198.799560546875,62.941452872207684,21.838141929096412,
pgame_seed2,pgame,2,leg4_paralysed,top_k,2,11,565,1004.1982421875,596,1198.799560546875,62.941452872207684,21.838141929096412,
pgame_seed2,pgame,2,leg4_paralysed,top_k,2,12,508,1013.3656005859375,596,1198.799560546875,62.941452872207684,21.838141929096412,
pgame_seed2,pgame,2,leg4_paralysed,top_k,2,13,711,1220.729248046875,711,1201.935546875,64.35033334912771,22.326966549630367,
pgame_seed2,pgame,2,leg4_paralysed,top_k,2,14,1001,1154.550537109375,711,1201.935546875,64.35033334912771,22.326966549630367,
pgame_seed2,pgame,2,leg4_paralysed,top_k,2,15,441,1175.7135009765625,711,1201.935546875,64.35033334912771,22.326966549630367,
pgame_seed2,pgame,2,leg4_paralysed,top_k,2,16,831,1080.87744140625,711,1201.935546875,64.35033334912771,22.326966549630367,
pgame_seed2,pgame,2,leg4_paralysed,top_k,2,17,209,1116.2119140625,711,1201.935546875,64.35033334912771,22.326966549630367,
pgame_seed2,pgame,2,leg4_paralysed,top_k,2,18,182,1280.586181640625,182,1281.287109375,100.0,34.69596098049276,
pgame_seed2,pgame,2,leg4_paralysed,top_k,2,19,887,1101.131591796875,182,1281.287109375,100.0,34.69596098049276,
pgame_seed2,pgame,2,leg4_paralysed,top_k,2,20,575,1160.6959228515625,182,1281.287109375,100.0,34.69596098049276,
pgame_seed2,pgame,2,leg4_paralysed,top_k,3,1,294,1001.049560546875,294,965.8648071289062,-41.70735364314886,-14.470767146023052,
pgame_seed2,pgame,2,leg4_paralysed,top_k,3,2,972,985.030517578125,294,965.8648071289062,-41.70735364314886,-14.470767146023052,
pgame_seed2,pgame,2,leg4_paralysed,top_k,3,3,330,1013.8636474609375,330,1049.6478271484375,-4.066800129162937,-1.4110153859690013,
pgame_seed2,pgame,2,leg4_paralysed,top_k,3,4,761,1062.568359375,761,1139.540283203125,36.31849276003249,12.601050076723958,
pgame_seed2,pgame,2,leg4_paralysed,top_k,3,5,115,1043.518310546875,761,1139.540283203125,36.31849276003249,12.601050076723958,
pgame_seed2,pgame,2,leg4_paralysed,top_k,3,6,596,1201.6802978515625,596,1198.799560546875,62.941452872207684,21.838141929096412,
pgame_seed2,pgame,2,leg4_paralysed,top_k,3,7,320,972.2018432617188,596,1198.799560546875,62.941452872207684,21.838141929096412,
pgame_seed2,pgame,2,leg4_paralysed,top_k,3,8,603,1163.474609375,596,1198.799560546875,62.941452872207684,21.838141929096412,
pgame_seed2,pgame,2,leg4_paralysed,top_k,3,9,474,1170.9945068359375,596,1198.799560546875,62.941452872207684,21.838141929096412,
pgame_seed2,pgame,2,leg4_paralysed,top_k,3,10,475,1207.7890625,475,1239.83935546875,81.3790861372742,28.235255972470245,
pgame_seed2,pgame,2,leg4_paralysed,top_k,3,11,565,1001.5503540039062,475,1239.83935546875,81.3790861372742,28.235255972470245,
pgame_seed2,pgame,2,leg4_paralysed,top_k,3,12,508,1011.2866821289062,475,1239.83935546875,81.3790861372742,28.235255972470245,
pgame_seed2,pgame,2,leg4_paralysed,top_k,3,13,711,1159.510009765625,475,1239.83935546875,81.3790861372742,28.235255972470245,
pgame_seed2,pgame,2,leg4_paralysed,top_k,3,14,1001,1153.52734375,475,1239.83935546875,81.3790861372742,28.235255972470245,
pgame_seed2,pgame,2,leg4_paralysed,top_k,3,15,441,1166.82080078125,475,1239.83935546875,81.3790861372742,28.235255972470245,
pgame_seed2,pgame,2,leg4_paralysed,top_k,3,16,831,1044.859619140625,475,1239.83935546875,81.3790861372742,28.235255972470245,
pgame_seed2,pgame,2,leg4_paralysed,top_k,3,17,209,1140.520751953125,475,1239.83935546875,81.3790861372742,28.235255972470245,
pgame_seed2,pgame,2,leg4_paralysed,top_k,3,18,182,1241.36474609375,182,1281.287109375,100.0,34.69596098049276,
pgame_seed2,pgame,2,leg4_paralysed,top_k,3,19,887,1136.8470458984375,182,1281.287109375,100.0,34.69596098049276,
pgame_seed2,pgame,2,leg4_paralysed,top_k,3,20,575,1184.0196533203125,182,1281.287109375,100.0,34.69596098049276,
pgame_seed2,pgame,2,leg4_paralysed,top_k,4,1,294,957.6092529296875,294,965.8648071289062,-41.70735364314886,-14.470767146023052,
pgame_seed2,pgame,2,leg4_paralysed,top_k,4,2,972,982.581298828125,972,993.3599853515625,-29.35480622930281,-10.184932115218158,
pgame_seed2,pgame,2,leg4_paralysed,top_k,4,3,330,1214.324951171875,330,1049.6478271484375,-4.066800129162937,-1.4110153859690013,
pgame_seed2,pgame,2,leg4_paralysed,top_k,4,4,761,1182.5595703125,330,1049.6478271484375,-4.066800129162937,-1.4110153859690013,
pgame_seed2,pgame,2,leg4_paralysed,top_k,4,5,115,1058.2061767578125,330,1049.6478271484375,-4.066800129162937,-1.4110153859690013,
pgame_seed2,pgame,2,leg4_paralysed,top_k,4,6,596,1198.16845703125,330,1049.6478271484375,-4.066800129162937,-1.4110153859690013,
pgame_seed2,pgame,2,leg4_paralysed,top_k,4,7,320,974.173828125,330,1049.6478271484375,-4.066800129162937,-1.4110153859690013,
pgame_seed2,pgame,2,leg4_paralysed,top_k,4,8,603,1185.7945556640625,330,1049.6478271484375,-4.066800129162937,-1.4110153859690013,
pgame_seed2,pgame,2,leg4_paralysed,top_k,4,9,474,1174.188720703125,330,1049.6478271484375,-4.066800129162937,-1.4110153859690013,
pgame_seed2,pgame,2,leg4_paralysed,top_k,4,10,475,1240.5576171875,475,1239.83935546875,81.3790861372742,28.235255972470245,
pgame_seed2,pgame,2,leg4_paralysed,top_k,4,11,565,1009.0360107421875,475,1239.83935546875,81.3790861372742,28.235255972470245,
pgame_seed2,pgame,2,leg4_paralysed,top_k,4,12,508,1035.0701904296875,475,1239.83935546875,81.3790861372742,28.235255972470245,
pgame_seed2,pgame,2,leg4_paralysed,top_k,4,13,711,1232.079345703125,475,1239.83935546875,81.3790861372742,28.235255972470245,
pgame_seed2,pgame,2,leg4_paralysed,top_k,4,14,1001,1153.4464111328125,475,1239.83935546875,81.3790861372742,28.235255972470245,
pgame_seed2,pgame,2,leg4_paralysed,top_k,4,15,441,1184.892578125,475,1239.83935546875,81.3790861372742,28.235255972470245,
pgame_seed2,pgame,2,leg4_paralysed,top_k,4,16,831,1168.216796875,475,1239.83935546875,81.3790861372742,28.235255972470245,
pgame_seed2,pgame,2,leg4_paralysed,top_k,4,17,209,1126.57568359375,475,1239.83935546875,81.3790861372742,28.235255972470245,
pgame_seed2,pgame,2,leg4_paralysed,top_k,4,18,182,1260.2318115234375,182,1281.287109375,100.0,34.69596098049276,
pgame_seed2,pgame,2,leg4_paralysed,top_k,4,19,887,1132.769287109375,182,1281.287109375,100.0,34.69596098049276,
pgame_seed2,pgame,2,leg4_paralysed,top_k,4,20,575,1175.499267578125,182,1281.287109375,100.0,34.69596098049276,
pgame_seed2,pgame,2,leg4_paralysed,best_intact,0,1,294,1003.222412109375,294,965.8648071289062,-41.70735364314886,-14.470767146023052,
pgame_seed2,pgame,2,leg4_paralysed,best_intact,1,1,294,1037.62841796875,294,965.8648071289062,-41.70735364314886,-14.470767146023052,
pgame_seed2,pgame,2,leg4_paralysed,best_intact,2,1,294,1015.1136474609375,294,965.8648071289062,-41.70735364314886,-14.470767146023052,
pgame_seed2,pgame,2,leg4_paralysed,best_intact,3,1,294,956.359130859375,294,965.8648071289062,-41.70735364314886,-14.470767146023052,
pgame_seed2,pgame,2,leg4_paralysed,best_intact,4,1,294,1309.9228515625,294,965.8648071289062,-41.70735364314886,-14.470767146023052,
pgame_seed2,pgame,2,leg1_weak,ite,0,1,294,1561.619384765625,294,1575.764892578125,88.95273802851732,80.59794382364288,2
pgame_seed2,pgame,2,leg1_weak,ite,0,2,294,1631.9697265625,294,1575.764892578125,88.95273802851732,80.59794382364288,2
pgame_seed2,pgame,2,leg1_weak,ite,0,3,294,1592.366943359375,294,1575.764892578125,88.95273802851732,80.59794382364288,2
pgame_seed2,pgame,2,leg1_weak,ite,0,4,294,1613.109130859375,294,1575.764892578125,88.95273802851732,80.59794382364288,2
pgame_seed2,pgame,2,leg1_weak,ite,0,5,294,1583.6826171875,294,1575.764892578125,88.95273802851732,80.59794382364288,2
pgame_seed2,pgame,2,leg1_weak,ite,0,6,294,1579.3525390625,294,1575.764892578125,88.95273802851732,80.59794382364288,2
pgame_seed2,pgame,2,leg1_weak,ite,0,7,294,1492.12890625,294,1575.764892578125,88.95273802851732,80.59794382364288,2
pgame_seed2,pgame,2,leg1_weak,ite,0,8,603,1459.660400390625,294,1575.764892578125,88.95273802851732,80.59794382364288,2
pgame_seed2,pgame,2,leg1_weak,ite,0,9,294,1584.0877685546875,294,1575.764892578125,88.95273802851732,80.59794382364288,2
pgame_seed2,pgame,2,leg1_weak,ite,0,10,294,1548.325439453125,294,1575.764892578125,88.95273802851732,80.59794382364288,2
pgame_seed2,pgame,2,leg1_weak,ite,0,11,294,1614.820068359375,294,1575.764892578125,88.95273802851732,80.59794382364288,2
pgame_seed2,pgame,2,leg1_weak,ite,0,12,294,1621.202880859375,294,1575.764892578125,88.95273802851732,80.59794382364288,2
pgame_seed2,pgame,2,leg1_weak,ite,0,13,294,1581.3385009765625,294,1575.764892578125,88.95273802851732,80.59794382364288,2
pgame_seed2,pgame,2,leg1_weak,ite,0,14,294,1604.6019287109375,294,1575.764892578125,88.95273802851732,80.59794382364288,2
pgame_seed2,pgame,2,leg1_weak,ite,0,15,294,1584.8814697265625,294,1575.764892578125,88.95273802851732,80.59794382364288,2
pgame_seed2,pgame,2,leg1_weak,ite,0,16,294,1584.69091796875,294,1575.764892578125,88.95273802851732,80.59794382364288,2
pgame_seed2,pgame,2,leg1_weak,ite,0,17,294,1557.7684326171875,294,1575.764892578125,88.95273802851732,80.59794382364288,2
pgame_seed2,pgame,2,leg1_weak,ite,0,18,294,1616.65576171875,294,1575.764892578125,88.95273802851732,80.59794382364288,2
pgame_seed2,pgame,2,leg1_weak,ite,0,19,294,1584.00439453125,294,1575.764892578125,88.95273802851732,80.59794382364288,2
pgame_seed2,pgame,2,leg1_weak,ite,0,20,294,1562.9102783203125,294,1575.764892578125,88.95273802851732,80.59794382364288,2
pgame_seed2,pgame,2,leg1_weak,ite,1,1,294,1504.673095703125,294,1575.764892578125,88.95273802851732,80.59794382364288,2
pgame_seed2,pgame,2,leg1_weak,ite,1,2,603,1552.1005859375,603,1427.7474365234375,63.48870405314774,57.52559298479395,2
pgame_seed2,pgame,2,leg1_weak,ite,1,3,294,1538.609130859375,603,1427.7474365234375,63.48870405314774,57.52559298479395,2
pgame_seed2,pgame,2,leg1_weak,ite,1,4,294,1549.2147216796875,603,1427.7474365234375,63.48870405314774,57.52559298479395,2
pgame_seed2,pgame,2,leg1_weak,ite,1,5,596,1519.6512451171875,603,1427.7474365234375,63.48870405314774,57.52559298479395,2
pgame_seed2,pgame,2,leg1_weak,ite,1,6,603,1507.00927734375,603,1427.7474365234375,63.48870405314774,57.52559298479395,2
pgame_seed2,pgame,2,leg1_weak,ite,1,7,294,1597.01220703125,294,1575.764892578125,88.95273802851732,80.59794382364288,2
pgame_seed2,pgame,2,leg1_weak,ite,1,8,294,1591.276123046875,294,1575.764892578125,88.95273802851732,80.59794382364288,2
pgame_seed2,pgame,2,leg1_weak,ite,1,9,294,1593.101318359375,294,1575.764892578125,88.95273802851732,80.59794382364288,2
pgame_seed2,pgame,2,leg1_weak,ite,1,10,294,1587.126220703125,294,1575.764892578125,88.95273802851732,80.59794382364288,2
pgame_seed2,pgame,2,leg1_weak,ite,1,11,294,1629.72216796875,294,1575.764892578125,88.95273802851732,80.59794382364288,2
pgame_seed2,pgame,2,leg1_weak,ite,1,12,294,1617.351806640625,294,1575.764892578125,88.95273802851732,80.59794382364288,2
pgame_seed2,pgame,2,leg1_weak,ite,1,13,294,1571.4473876953125,294,1575.764892578125,88.95273802851732,80.59794382364288,2
pgame_seed2,pgame,2,leg1_weak,ite,1,14,294,1587.9078369140625,294,1575.764892578125,88.95273802851732,80.59794382364288,2
pgame_seed2,pgame,2,leg1_weak,ite,1,15,294,1541.573486328125,294,1575.764892578125,88.95273802851732,80.59794382364288,2
pgame_seed2,pgame,2,leg1_weak,ite,1,16,294,1552.96435546875,294,1575.764892578125,88.95273802851732,80.59794382364288,2
pgame_seed2,pgame,2,leg1_weak,ite,1,17,294,1540.63134765625,294,1575.764892578125,88.95273802851732,80.59794382364288,2
pgame_seed2,pgame,2,leg1_weak,ite,1,18,294,1575.789306640625,294,1575.764892578125,88.95273802851732,80.59794382364288,2
pgame_seed2,pgame,2,leg1_weak,ite,1,19,294,1615.16796875,294,1575.764892578125,88.95273802851732,80.59794382364288,2
pgame_seed2,pgame,2,leg1_weak,ite,1,20,294,1526.79296875,294,1575.764892578125,88.95273802851732,80.59794382364288,2
pgame_seed2,pgame,2,leg1_weak,ite,2,1,294,1519.490478515625,294,1575.764892578125,88.95273802851732,80.59794382364288,2
pgame_seed2,pgame,2,leg1_weak,ite,2,2,294,1540.457275390625,294,1575.764892578125,88.95273802851732,80.59794382364288,2
pgame_seed2,pgame,2,leg1_weak,ite,2,3,603,1554.3375244140625,603,1427.7474365234375,63.48870405314774,57.52559298479395,2
pgame_seed2,pgame,2,leg1_weak,ite,2,4,294,1551.80029296875,603,1427.7474365234375,63.48870405314774,57.52559298479395,2
pgame_seed2,pgame,2,leg1_weak,ite,2,5,294,1529.440185546875,603,1427.7474365234375,63.48870405314774,57.52559298479395,2
pgame_seed2,pgame,2,leg1_weak,ite,2,6,603,1538.8662109375,603,1427.7474365234375,63.48870405314774,57.52559298479395,2
pgame_seed2,pgame,2,leg1_weak,ite,2,7,596,1500.001953125,603,1427.7474365234375,63.48870405314774,57.52559298479395,2
pgame_seed2,pgame,2,leg1_weak,ite,2,8,294,1578.78076171875,294,1575.764892578125,88.95273802851732,80.59794382364288,2
pgame_seed2,pgame,2,leg1_weak,ite,2,9,294,1575.234130859375,294,1575.764892578125,88.95273802851732,80.59794382364288,2
pgame_seed2,pgame,2,leg1_weak,ite,2,10,294,1611.67431640625,294,1575.764892578125,88.95273802851732,80.59794382364288,2
pgame_seed2,pgame,2,leg1_weak,ite,2,11,294,1626.817138671875,294,1575.764892578125,88.95273802851732,80.59794382364288,2
pgame_seed2,pgame,2,leg1_weak,ite,2,12,294,1556.109619140625,294,1575.764892578125,88.95273802851732,80.59794382364288,2
pgame_seed2,pgame,2,leg1_weak,ite,2,13,294,1580.312255859375,294,1575.764892578125,88.95273802851732,80.59794382364288,2
pgame_seed2,pgame,2,leg1_weak,ite,2,14,294,1607.9141845703125,294,1575.764892578125,88.95273802851732,80.59794382364288,2
pgame_seed2,pgame,2,leg1_weak,ite,2,15,294,1576.494140625,294,1575.764892578125,88.95273802851732,80.59794382364288,2
pgame_seed2,pgame,2,leg1_weak,ite,2,16,294,1601.6610107421875,294,1575.764892578125,88.95273802851732,80.59794382364288,2
pgame_seed2,pgame,2,leg1_weak,ite,2,17,294,1535.72705078125,294,1575.764892578125,88.95273802851732,80.59794382364288,2
pgame_seed2,pgame,2,leg1_weak,ite,2,18,294,1556.8798828125,294,1575.764892578125,88.95273802851732,80.59794382364288,2
pgame_seed2,pgame,2,leg1_weak,ite,2,19,294,1495.0771484375,294,1575.764892578125,88.95273802851732,80.59794382364288,2
pgame_seed2,pgame,2,leg1_weak,ite,2,20,294,1607.9661865234375,294,1575.764892578125,88.95273802851732,80.59794382364288,2
pgame_seed2,pgame,2,leg1_weak,ite,3,1,294,1580.25390625,294,1575.764892578125,88.95273802851732,80.59794382364288,2
pgame_seed2,pgame,2,leg1_weak,ite,3,2,294,1619.4669189453125,294,1575.764892578125,88.95273802851732,80.59794382364288,2
pgame_seed2,pgame,2,leg1_weak,ite,3,3,294,1536.90478515625,294,1575.764892578125,88.95273802851732,80.59794382364288,2
pgame_seed2,pgame,2,leg1_weak,ite,3,4,294,1511.259521484375,294,1575.764892578125,88.95273802851732,80.59794382364288,2
pgame_seed2,pgame,2,leg1_weak,ite,3,5,603,1525.449951171875,294,1575.764892578125,88.95273802851732,80.59794382364288,2
pgame_seed2,pgame,2,leg1_weak,ite,3,6,294,1544.8466796875,294,1575.764892578125,88.95273802851732,80.59794382364288,2
pgame_seed2,pgame,2,leg1_weak,ite,3,7,294,1573.533935546875,294,1575.764892578125,88.95273802851732,80.59794382364288,2
pgame_seed2,pgame,2,leg1_weak,ite,3,8,294,1555.5452880859375,294,1575.764892578125,88.95273802851732,80.59794382364288,2
pgame_seed2,pgame,2,leg1_weak,ite,3,9,294,1600.0166015625,294,1575.764892578125,88.95273802851732,80.59794382364288,2
pgame_seed2,pgame,2,leg1_weak,ite,3,10,294,1570.880859375,294,1575.764892578125,88.95273802851732,80.59794382364288,2
pgame_seed2,pgame,2,leg1_weak,ite,3,11,294,1555.715087890625,294,1575.764892578125,88.95273802851732,80.59794382364288,2
pgame_seed2,pgame,2,leg1_weak,ite,3,12,294,1576.6142578125,294,1575.764892578125,88.95273802851732,80.59794382364288,2
pgame_seed2,pgame,2,leg1_weak,ite,3,13,294,1605.874755859375,294,1575.764892578125,88.95273802851732,80.59794382364288,2
pgame_seed2,pgame,2,leg1_weak,ite,3,14,294,1641.551025390625,294,1575.764892578125,88.95273802851732,80.59794382364288,2
pgame_seed2,pgame,2,leg1_weak,ite,3,15,294,1513.2716064453125,294,1575.764892578125,88.95273802851732,80.59794382364288,2
pgame_seed2,pgame,2,leg1_weak,ite,3,16,294,1577.700927734375,294,1575.764892578125,88.95273802851732,80.59794382364288,2
pgame_seed2,pgame,2,leg1_weak,ite,3,17,294,1538.146484375,294,1575.764892578125,88.95273802851732,80.59794382364288,2
pgame_seed2,pgame,2,leg1_weak,ite,3,18,294,1528.2271728515625,294,1575.764892578125,88.95273802851732,80.59794382364288,2
pgame_seed2,pgame,2,leg1_weak,ite,3,19,294,1558.12158203125,294,1575.764892578125,88.95273802851732,80.59794382364288,2
pgame_seed2,pgame,2,leg1_weak,ite,3,20,294,1584.4193115234375,294,1575.764892578125,88.95273802851732,80.59794382364288,2
pgame_seed2,pgame,2,leg1_weak,ite,4,1,294,1522.944580078125,294,1575.764892578125,88.95273802851732,80.59794382364288,2
pgame_seed2,pgame,2,leg1_weak,ite,4,2,294,1593.83251953125,294,1575.764892578125,88.95273802851732,80.59794382364288,2
pgame_seed2,pgame,2,leg1_weak,ite,4,3,294,1606.677001953125,294,1575.764892578125,88.95273802851732,80.59794382364288,2
pgame_seed2,pgame,2,leg1_weak,ite,4,4,294,1556.925537109375,294,1575.764892578125,88.95273802851732,80.59794382364288,2
pgame_seed2,pgame,2,leg1_weak,ite,4,5,603,1479.7501220703125,294,1575.764892578125,88.95273802851732,80.59794382364288,2
pgame_seed2,pgame,2,leg1_weak,ite,4,6,294,1656.40234375,294,1575.764892578125,88.95273802851732,80.59794382364288,2
pgame_seed2,pgame,2,leg1_weak,ite,4,7,294,1542.1817626953125,294,1575.764892578125,88.95273802851732,80.59794382364288,2
pgame_seed2,pgame,2,leg1_weak,ite,4,8,294,1599.5897216796875,294,1575.764892578125,88.95273802851732,80.59794382364288,2
pgame_seed2,pgame,2,leg1_weak,ite,4,9,294,1589.67236328125,294,1575.764892578125,88.95273802851732,80.59794382364288,2
pgame_seed2,pgame,2,leg1_weak,ite,4,10,294,1528.81005859375,294,1575.764892578125,88.95273802851732,80.59794382364288,2
pgame_seed2,pgame,2,leg1_weak,ite,4,11,294,1526.061279296875,294,1575.764892578125,88.95273802851732,80.59794382364288,2
pgame_seed2,pgame,2,leg1_weak,ite,4,12,294,1521.2684326171875,294,1575.764892578125,88.95273802851732,80.59794382364288,2
pgame_seed2,pgame,2,leg1_weak,ite,4,13,294,1598.4102783203125,294,1575.764892578125,88.95273802851732,80.59794382364288,2
pgame_seed2,pgame,2,leg1_weak,ite,4,14,294,1578.5467529296875,294,1575.764892578125,88.95273802851732,80.59794382364288,2
pgame_seed2,pgame,2,leg1_weak,ite,4,15,294,1546.626953125,294,1575.764892578125,88.95273802851732,80.59794382364288,2
pgame_seed2,pgame,2,leg1_weak,ite,4,16,294,1631.250244140625,294,1575.764892578125,88.95273802851732,80.59794382364288,2
pgame_seed2,pgame,2,leg1_weak,ite,4,17,294,1556.6378173828125,294,1575.764892578125,88.95273802851732,80.59794382364288,2
pgame_seed2,pgame,2,leg1_weak,ite,4,18,294,1549.9737548828125,294,1575.764892578125,88.95273802851732,80.59794382364288,2
pgame_seed2,pgame,2,leg1_weak,ite,4,19,294,1573.854248046875,294,1575.764892578125,88.95273802851732,80.59794382364288,2
pgame_seed2,pgame,2,leg1_weak,ite,4,20,294,1631.8240966796875,294,1575.764892578125,88.95273802851732,80.59794382364288,2
pgame_seed2,pgame,2,leg1_weak,top_k,0,1,294,1541.6470947265625,294,1575.764892578125,88.95273802851732,80.59794382364288,
pgame_seed2,pgame,2,leg1_weak,top_k,0,2,972,1507.298828125,294,1575.764892578125,88.95273802851732,80.59794382364288,
pgame_seed2,pgame,2,leg1_weak,top_k,0,3,330,1614.9088134765625,330,1624.150634765625,97.27673045364557,88.14011384266841,
pgame_seed2,pgame,2,leg1_weak,top_k,0,4,761,1531.6904296875,330,1624.150634765625,97.27673045364557,88.14011384266841,
pgame_seed2,pgame,2,leg1_weak,top_k,0,5,115,1671.8150634765625,115,1639.98046875,100.0,90.6076031047004,
pgame_seed2,pgame,2,leg1_weak,top_k,0,6,596,1462.81005859375,115,1639.98046875,100.0,90.6076031047004,
pgame_seed2,pgame,2,leg1_weak,top_k,0,7,320,1529.1749267578125,115,1639.98046875,100.0,90.6076031047004,
pgame_seed2,pgame,2,leg1_weak,top_k,0,8,603,1592.310791015625,115,1639.98046875,100.0,90.6076031047004,
pgame_seed2,pgame,2,leg1_weak,top_k,0,9,474,1461.79443359375,115,1639.98046875,100.0,90.6076031047004,
pgame_seed2,pgame,2,leg1_weak,top_k,0,10,475,1596.425537109375,115,1639.98046875,100.0,90.6076031047004,
pgame_seed2,pgame,2,leg1_weak,top_k,0,11,565,1464.4677734375,115,1639.98046875,100.0,90.6076031047004,
pgame_seed2,pgame,2,leg1_weak,top_k,0,12,508,1636.389404296875,115,1639.98046875,100.0,90.6076031047004,
pgame_seed2,pgame,2,leg1_weak,top_k,0,13,711,1494.0675048828125,115,1639.98046875,100.0,90.6076031047004,
pgame_seed2,pgame,2,leg1_weak,top_k,0,14,1001,1519.1922607421875,115,1639.98046875,100.0,90.6076031047004,
pgame_seed2,pgame,2,leg1_weak,top_k,0,15,441,1512.0216064453125,115,1639.98046875,100.0,90.6076031047004,
pgame_seed2,pgame,2,leg1_weak,top_k,0,16,831,1549.3741455078125,115,1639.98046875,100.0,90.6076031047004,
pgame_seed2,pgame,2,leg1_weak,top_k,0,17,209,1516.100341796875,115,1639.98046875,100.0,90.6076031047004,
pgame_seed2,pgame,2,leg1_weak,top_k,0,18,182,1506.0260009765625,115,1639.98046875,100.0,90.6076031047004,
pgame_seed2,pgame,2,leg1_weak,top_k,0,19,887,1289.27978515625,115,1639.98046875,100.0,90.6076031047004,
pgame_seed2,pgame,2,leg1_weak,top_k,0,20,575,1075.01708984375,115,1639.98046875,100.0,90.6076031047004,
pgame_seed2,pgame,2,leg1_weak,top_k,1,1,294,1575.01025390625,294,1575.764892578125,88.95273802851732,80.59794382364288,
pgame_seed2,pgame,2,leg1_weak,top_k,1,2,972,1531.7110595703125,294,1575.764892578125,88.95273802851732,80.59794382364288,
pgame_seed2,pgame,2,leg1_weak,top_k,1,3,330,1552.912841796875,294,1575.764892578125,88.95273802851732,80.59794382364288,
pgame_seed2,pgame,2,leg1_weak,top_k,1,4,761,1530.4775390625,294,1575.764892578125,88.95273802851732,80.59794382364288,
pgame_seed2,pgame,2,leg1_weak,top_k,1,5,115,1642.93896484375,115,1639.98046875,100.0,90.6076031047004,
pgame_seed2,pgame,2,leg1_weak,top_k,1,6,596,1507.595703125,115,1639.98046875,100.0,90.6076031047004,
pgame_seed2,pgame,2,leg1_weak,top_k,1,7,320,1387.2218017578125,115,1639.98046875,100.0,90.6076031047004,
pgame_seed2,pgame,2,leg1_weak,top_k,1,8,603,1571.1376953125,115,1639.98046875,100.0,90.6076031047004,
pgame_seed2,pgame,2,leg1_weak,top_k,1,9,474,1468.27685546875,115,1639.98046875,100.0,90.6076031047004,
pgame_seed2,pgame,2,leg1_weak,top_k,1,10,475,1457.8009033203125,115,1639.98046875,100.0,90.6076031047004,
pgame_seed2,pgame,2,leg1_weak,top_k,1,11,565,1463.33642578125,115,1639.98046875,100.0,90.6076031047004,
pgame_seed2,pgame,2,leg1_weak,top_k,1,12,508,1618.00146484375,115,1639.98046875,100.0,90.6076031047004,
pgame_seed2,pgame,2,leg1_weak,top_k,1,13,711,1511.497314453125,115,1639.98046875,100.0,90.6076031047004,
pgame_seed2,pgame,2,leg1_weak,top_k,1,14,1001,1499.5166015625,115,1639.98046875,100.0,90.6076031047004,
pgame_seed2,pgame,2,leg1_weak,top_k,1,15,441,1474.9984130859375,115,1639.98046875,100.0,90.6076031047004,
pgame_seed2,pgame,2,leg1_weak,top_k,1,16,831,1589.59130859375,115,1639.98046875,100.0,90.6076031047004,
pgame_seed2,pgame,2,leg1_weak,top_k,1,17,209,1497.12744140625,115,1639.98046875,100.0,90.6076031047004,
pgame_seed2,pgame,2,leg1_weak,top_k,1,18,182,1538.5958251953125,115,1639.98046875,100.0,90.6076031047004,
pgame_seed2,pgame,2,leg1_weak,top_k,1,19,887,1231.0008544921875,115,1639.98046875,100.0,90.6076031047004,
pgame_seed2,pgame,2,leg1_weak,top_k,1,20,575,1138.8421630859375,115,1639.98046875,100.0,90.6076031047004,
pgame_seed2,pgame,2,leg1_weak,top_k,2,1,294,1650.0604248046875,294,1575.764892578125,88.95273802851732,80.59794382364288,
pgame_seed2,pgame,2,leg1_weak,top_k,2,2,972,1613.4381103515625,294,1575.764892578125,88.95273802851732,80.59794382364288,
pgame_seed2,pgame,2,leg1_weak,top_k,2,3,330,1648.5140380859375,294,1575.764892578125,88.95273802851732,80.59794382364288,
pgame_seed2,pgame,2,leg1_weak,top_k,2,4,761,1534.3492431640625,294,1575.764892578125,88.95273802851732,80.59794382364288,
pgame_seed2,pgame,2,leg1_weak,top_k,2,5,115,1628.666259765625,294,1575.764892578125,88.95273802851732,80.59794382364288,
pgame_seed2,pgame,2,leg1_weak,top_k,2,6,596,1525.317626953125,294,1575.764892578125,88.95273802851732,80.59794382364288,
pgame_seed2,pgame,2,leg1_weak,top_k,2,7,320,1548.426025390625,294,1575.764892578125,88.95273802851732,80.59794382364288,
pgame_seed2,pgame,2,leg1_weak,top_k,2,8,603,1380.1107177734375,294,1575.764892578125,88.95273802851732,80.59794382364288,
pgame_seed2,pgame,2,leg1_weak,top_k,2,9,474,1439.5654296875,294,1575.764892578125,88.95273802851732,80.59794382364288,
pgame_seed2,pgame,2,leg1_weak,top_k,2,10,475,1488.2137451171875,294,1575.764892578125,88.95273802851732,80.59794382364288,
pgame_seed2,pgame,2,leg1_weak,top_k,2,11,565,1435.7210693359375,294,1575.764892578125,88.95273802851732,80.59794382364288,
pgame_seed2,pgame,2,leg1_weak,top_k,2,12,508,1664.98046875,508,1630.669677734375,98.39822744506672,89.15627538548644,
pgame_seed2,pgame,2,leg1_weak,top_k,2,13,711,1510.1514892578125,508,1630.669677734375,98.39822744506672,89.15627538548644,
pgame_seed2,pgame,2,leg1_weak,top_k,2,14,1001,1449.4827880859375,508,1630.669677734375,98.39822744506672,89.15627538548644,
pgame_seed2,pgame,2,leg1_weak,top_k,2,15,441,1507.3642578125,508,1630.669677734375,98.39822744506672,89.15627538548644,
pgame_seed2,pgame,2,leg1_weak,top_k,2,16,831,1587.04150390625,508,1630.669677734375,98.39822744506672,89.15627538548644,
pgame_seed2,pgame,2,leg1_weak,top_k,2,17,209,1512.31787109375,508,1630.669677734375,98.39822744506672,89.15627538548644,
pgame_seed2,pgame,2,leg1_weak,top_k,2,18,182,1551.614501953125,508,1630.669677734375,98.39822744506672,89.15627538548644,
pgame_seed2,pgame,2,leg1_weak,top_k,2,19,887,1274.626220703125,508,1630.669677734375,98.39822744506672,89.15627538548644,
pgame_seed2,pgame,2,leg1_weak,top_k,2,20,575,1104.7991943359375,508,1630.669677734375,98.39822744506672,89.15627538548644,
pgame_seed2,pgame,2,leg1_weak,top_k,3,1,294,1616.715576171875,294,1575.764892578125,88.95273802851732,80.59794382364288,
pgame_seed2,pgame,2,leg1_weak,top_k,3,2,972,1621.2393798828125,972,1571.151611328125,88.15909683497773,79.87884456092512,
pgame_seed2,pgame,2,leg1_weak,top_k,3,3,330,1681.50830078125,330,1624.150634765625,97.27673045364557,88.14011384266841,
pgame_seed2,pgame,2,leg1_weak,top_k,3,4,761,1496.9296875,330,1624.150634765625,97.27673045364557,88.14011384266841,
pgame_seed2,pgame,2,leg1_weak,top_k,3,5,115,1655.79296875,330,1624.150634765625,97.27673045364557,88.14011384266841,
pgame_seed2,pgame,2,leg1_weak,top_k,3,6,596,1513.7403564453125,330,1624.150634765625,97.27673045364557,88.14011384266841,
pgame_seed2,pgame,2,leg1_weak,top_k,3,7,320,1557.1805419921875,330,1624.150634765625,97.27673045364557,88.14011384266841,
pgame_seed2,pgame,2,leg1_weak,top_k,3,8,603,1515.541015625,330,1624.150634765625,97.27673045364557,88.14011384266841,
pgame_seed2,pgame,2,leg1_weak,top_k,3,9,474,1526.5120849609375,330,1624.150634765625,97.27673045364557,88.14011384266841,
pgame_seed2,pgame,2,leg1_weak,top_k,3,10,475,1596.8828125,330,1624.150634765625,97.27673045364557,88.14011384266841,
pgame_seed2,pgame,2,leg1_weak,top_k,3,11,565,1457.54248046875,330,1624.150634765625,97.27673045364557,88.14011384266841,
pgame_seed2,pgame,2,leg1_weak,top_k,3,12,508,1627.6708984375,330,1624.150634765625,97.27673045364557,88.14011384266841,
pgame_seed2,pgame,2,leg1_weak,top_k,3,13,711,1495.85302734375,330,1624.150634765625,97.27673045364557,88.14011384266841,
pgame_seed2,pgame,2,leg1_weak,top_k,3,14,1001,1409.501708984375,330,1624.150634765625,97.27673045364557,88.14011384266841,
pgame_seed2,pgame,2,leg1_weak,top_k,3,15,441,1504.1751708984375,330,1624.150634765625,97.27673045364557,88.14011384266841,
pgame_seed2,pgame,2,leg1_weak,top_k,3,16,831,1551.6783447265625,330,1624.150634765625,97.27673045364557,88.14011384266841,
pgame_seed2,pgame,2,leg1_weak,top_k,3,17,209,1462.08984375,330,1624.150634765625,97.27673045364557,88.14011384266841,
pgame_seed2,pgame,2,leg1_weak,top_k,3,18,182,1528.4765625,330,1624.150634765625,97.27673045364557,88.14011384266841,
pgame_seed2,pgame,2,leg1_weak,top_k,3,19,887,1181.994140625,330,1624.150634765625,97.27673045364557,88.14011384266841,
pgame_seed2,pgame,2,leg1_weak,top_k,3,20,575,1083.3197021484375,330,1624.150634765625,97.27673045364557,88.14011384266841,
pgame_seed2,pgame,2,leg1_weak,top_k,4,1,294,1615.4036865234375,294,1575.764892578125,88.95273802851732,80.59794382364288,
pgame_seed2,pgame,2,leg1_weak,top_k,4,2,972,1445.0062255859375,294,1575.764892578125,88.95273802851732,80.59794382364288,
pgame_seed2,pgame,2,leg1_weak,top_k,4,3,330,1739.02734375,330,1624.150634765625,97.27673045364557,88.14011384266841,
pgame_seed2,pgame,2,leg1_weak,top_k,4,4,761,1471.408203125,330,1624.150634765625,97.27673045364557,88.14011384266841,
pgame_seed2,pgame,2,leg1_weak,top_k,4,5,115,1616.2781982421875,330,1624.150634765625,97.27673045364557,88.14011384266841,
pgame_seed2,pgame,2,leg1_weak,top_k,4,6,596,1508.855224609375,330,1624.150634765625,97.27673045364557,88.14011384266841,
pgame_seed2,pgame,2,leg1_weak,top_k,4,7,320,1605.049560546875,330,1624.150634765625,97.27673045364557,88.14011384266841,
pgame_seed2,pgame,2,leg1_weak,top_k,4,8,603,1506.041015625,330,1624.150634765625,97.27673045364557,88.14011384266841,
pgame_seed2,pgame,2,leg1_weak,top_k,4,9,474,1489.27880859375,330,1624.150634765625,97.27673045364557,88.14011384266841,
pgame_seed2,pgame,2,leg1_weak,top_k,4,10,475,1490.101806640625,330,1624.150634765625,97.27673045364557,88.14011384266841,
pgame_seed2,pgame,2,leg1_weak,top_k,4,11,565,1422.5458984375,330,1624.150634765625,97.27673045364557,88.14011384266841,
pgame_seed2,pgame,2,leg1_weak,top_k,4,12,508,1503.656005859375,330,1624.150634765625,97.27673045364557,88.14011384266841,
pgame_seed2,pgame,2,leg1_weak,top_k,4,13,711,1505.5679931640625,330,1624.150634765625,97.27673045364557,88.14011384266841,
pgame_seed2,pgame,2,leg1_weak,top_k,4,14,1001,1532.0933837890625,330,1624.150634765625,97.27673045364557,88.14011384266841,
pgame_seed2,pgame,2,leg1_weak,top_k,4,15,441,1488.3912353515625,330,1624.150634765625,97.27673045364557,88.14011384266841,
pgame_seed2,pgame,2,leg1_weak,top_k,4,16,831,1581.3369140625,330,1624.150634765625,97.27673045364557,88.14011384266841,
pgame_seed2,pgame,2,leg1_weak,top_k,4,17,209,1485.1348876953125,330,1624.150634765625,97.27673045364557,88.14011384266841,
pgame_seed2,pgame,2,leg1_weak,top_k,4,18,182,1542.82568359375,330,1624.150634765625,97.27673045364557,88.14011384266841,
pgame_seed2,pgame,2,leg1_weak,top_k,4,19,887,1191.5467529296875,330,1624.150634765625,97.27673045364557,88.14011384266841,
pgame_seed2,pgame,2,leg1_weak,top_k,4,20,575,1129.1868896484375,330,1624.150634765625,97.27673045364557,88.14011384266841,
pgame_seed2,pgame,2,leg1_weak,best_intact,0,1,294,1513.744873046875,294,1575.764892578125,88.95273802851732,80.59794382364288,
pgame_seed2,pgame,2,leg1_weak,best_intact,1,1,294,1596.545166015625,294,1575.764892578125,88.95273802851732,80.59794382364288,
pgame_seed2,pgame,2,leg1_weak,best_intact,2,1,294,1522.3389892578125,294,1575.764892578125,88.95273802851732,80.59794382364288,
pgame_seed2,pgame,2,leg1_weak,best_intact,3,1,294,1578.0438232421875,294,1575.764892578125,88.95273802851732,80.59794382364288,
pgame_seed2,pgame,2,leg1_weak,best_intact,4,1,294,1531.6776123046875,294,1575.764892578125,88.95273802851732,80.59794382364288,
pgame_seed2,pgame,2,leg2_weak,ite,0,1,294,1594.026123046875,294,1587.407958984375,84.53187885845253,82.41281701580047,2
pgame_seed2,pgame,2,leg2_weak,ite,0,2,294,1572.9581298828125,294,1587.407958984375,84.53187885845253,82.41281701580047,2
pgame_seed2,pgame,2,leg2_weak,ite,0,3,294,1551.1365966796875,294,1587.407958984375,84.53187885845253,82.41281701580047,2
pgame_seed2,pgame,2,leg2_weak,ite,0,4,294,1618.5771484375,294,1587.407958984375,84.53187885845253,82.41281701580047,2
pgame_seed2,pgame,2,leg2_weak,ite,0,5,294,1589.902587890625,294,1587.407958984375,84.53187885845253,82.41281701580047,2
pgame_seed2,pgame,2,leg2_weak,ite,0,6,294,1600.498046875,294,1587.407958984375,84.53187885845253,82.41281701580047,2
pgame_seed2,pgame,2,leg2_weak,ite,0,7,294,1546.712646484375,294,1587.407958984375,84.53187885845253,82.41281701580047,2
pgame_seed2,pgame,2,leg2_weak,ite,0,8,603,1608.876220703125,294,1587.407958984375,84.53187885845253,82.41281701580047,2
pgame_seed2,pgame,2,leg2_weak,ite,0,9,603,1573.13720703125,294,1587.407958984375,84.53187885845253,82.41281701580047,2
pgame_seed2,pgame,2,leg2_weak,ite,0,10,294,1596.5848388671875,294,1587.407958984375,84.53187885845253,82.41281701580047,2
pgame_seed2,pgame,2,leg2_weak,ite,0,11,294,1537.0841064453125,294,1587.407958984375,84.53187885845253,82.41281701580047,2
pgame_seed2,pgame,2,leg2_weak,ite,0,12,603,1564.956298828125,294,1587.407958984375,84.53187885845253,82.41281701580047,2
pgame_seed2,pgame,2,leg2_weak,ite,0,13,294,1544.132568359375,294,1587.407958984375,84.53187885845253,82.41281701580047,2
pgame_seed2,pgame,2,leg2_weak,ite,0,14,294,1609.375,294,1587.407958984375,84.53187885845253,82.41281701580047,2
pgame_seed2,pgame,2,leg2_weak,ite,0,15,294,1568.698486328125,294,1587.407958984375,84.53187885845253,82.41281701580047,2
pgame_seed2,pgame,2,leg2_weak,ite,0,16,294,1617.671875,294,1587.407958984375,84.53187885845253,82.41281701580047,2
pgame_seed2,pgame,2,leg2_weak,ite,0,17,294,1562.6165771484375,294,1587.407958984375,84.53187885845253,82.41281701580047,2
pgame_seed2,pgame,2,leg2_weak,ite,0,18,294,1567.6263427734375,294,1587.407958984375,84.53187885845253,82.41281701580047,2
pgame_seed2,pgame,2,leg2_weak,ite,0,19,294,1596.150390625,294,1587.407958984375,84.53187885845253,82.41281701580047,2
pgame_seed2,pgame,2,leg2_weak,ite,0,20,294,1627.59423828125,294,1587.407958984375,84.53187885845253,82.41281701580047,2
pgame_seed2,pgame,2,leg2_weak,ite,1,1,294,1618.0501708984375,294,1587.407958984375,84.53187885845253,82.41281701580047,1
pgame_seed2,pgame,2,leg2_weak,ite,1,2,294,1546.467529296875,294,1587.407958984375,84.53187885845253,82.41281701580047,1
pgame_seed2,pgame,2,leg2_weak,ite,1,3,294,1610.302001953125,294,1587.407958984375,84.53187885845253,82.41281701580047,1
pgame_seed2,pgame,2,leg2_weak,ite,1,4,294,1566.09228515625,294,1587.407958984375,84.53187885845253,82.41281701580047,1
pgame_seed2,pgame,2,leg2_weak,ite,1,5,294,1566.0469970703125,294,1587.407958984375,84.53187885845253,82.41281701580047,1
pgame_seed2,pgame,2,leg2_weak,ite,1,6,294,1618.809814453125,294,1587.407958984375,84.53187885845253,82.41281701580047,1
pgame_seed2,pgame,2,leg2_weak,ite,1,7,294,1612.318359375,294,1587.407958984375,84.53187885845253,82.41281701580047,1
pgame_seed2,pgame,2,leg2_weak,ite,1,8,294,1580.7294921875,294,1587.407958984375,84.53187885845253,82.41281701580047,1
pgame_seed2,pgame,2,leg2_weak,ite,1,9,294,1546.3995361328125,294,1587.407958984375,84.53187885845253,82.41281701580047,1
pgame_seed2,pgame,2,leg2_weak,ite,1,10,603,1553.9444580078125,294,1587.407958984375,84.53187885845253,82.41281701580047,1
pgame_seed2,pgame,2,leg2_weak,ite,1,11,294,1595.6151123046875,294,1587.407958984375,84.53187885845253,82.41281701580047,1
pgame_seed2,pgame,2,leg2_weak,ite,1,12,294,1600.872314453125,294,1587.407958984375,84.53187885845253,82.41281701580047,1
pgame_seed2,pgame,2,leg2_weak,ite,1,13,294,1605.30322265625,294,1587.407958984375,84.53187885845253,82.41281701580047,1
pgame_seed2,pgame,2,leg2_weak,ite,1,14,294,1597.27978515625,294,1587.407958984375,84.53187885845253,82.41281701580047,1
pgame_seed2,pgame,2,leg2_weak,ite,1,15,294,1649.8846435546875,294,1587.407958984375,84.53187885845253,82.41281701580047,1
pgame_seed2,pgame,2,leg2_weak,ite,1,16,294,1621.4940185546875,294,1587.407958984375,84.53187885845253,82.41281701580047,1
pgame_seed2,pgame,2,leg2_weak,ite,1,17,294,1568.23388671875,294,1587.407958984375,84.53187885845253,82.41281701580047,1
pgame_seed2,pgame,2,leg2_weak,ite,1,18,294,1592.8267822265625,294,1587.407958984375,84.53187885845253,82.41281701580047,1
pgame_seed2,pgame,2,leg2_weak,ite,1,19,294,1583.079833984375,294,1587.407958984375,84.53187885845253,82.41281701580047,1
pgame_seed2,pgame,2,leg2_weak,ite,1,20,294,1538.582763671875,294,1587.407958984375,84.53187885845253,82.41281701580047,1
pgame_seed2,pgame,2,leg2_weak,ite,2,1,294,1520.21875,294,1587.407958984375,84.53187885845253,82.41281701580047,2
pgame_seed2,pgame,2,leg2_weak,ite,2,2,294,1649.969482421875,294,1587.407958984375,84.53187885845253,82.41281701580047,2
pgame_seed2,pgame,2,leg2_weak,ite,2,3,294,1581.7667236328125,294,1587.407958984375,84.53187885845253,82.41281701580047,2
pgame_seed2,pgame,2,leg2_weak,ite,2,4,294,1503.204345703125,294,1587.407958984375,84.53187885845253,82.41281701580047,2
pgame_seed2,pgame,2,leg2_weak,ite,2,5,603,1589.77587890625,294,1587.407958984375,84.53187885845253,82.41281701580047,2
pgame_seed2,pgame,2,leg2_weak,ite,2,6,603,1586.34423828125,294,1587.407958984375,84.53187885845253,82.41281701580047,2
pgame_seed2,pgame,2,leg2_weak,ite,2,7,603,1573.470947265625,294,1587.407958984375,84.53187885845253,82.41281701580047,2
pgame_seed2,pgame,2,leg2_weak,ite,2,8,294,1617.49755859375,294,1587.407958984375,84.53187885845253,82.41281701580047,2
pgame_seed2,pgame,2,leg2_weak,ite,2,9,294,1584.5384521484375,294,1587.407958984375,84.53187885845253,82.41281701580047,2
pgame_seed2,pgame,2,leg2_weak,ite,2,10,294,1015.2464599609375,294,1587.407958984375,84.53187885845253,82.41281701580047,2
pgame_seed2,pgame,2,leg2_weak,ite,2,11,603,1544.940185546875,294,1587.407958984375,84.53187885845253,82.41281701580047,2
pgame_seed2,pgame,2,leg2_weak,ite,2,12,603,1582.8983154296875,294,1587.407958984375,84.53187885845253,82.41281701580047,2
pgame_seed2,pgame,2,leg2_weak,ite,2,13,603,1577.034912109375,294,1587.407958984375,84.53187885845253,82.41281701580047,2
pgame_seed2,pgame,2,leg2_weak,ite,2,14,603,1561.247314453125,294,1587.407958984375,84.53187885845253,82.41281701580047,2
pgame_seed2,pgame,2,leg2_weak,ite,2,15,603,1609.88232421875,294,1587.407958984375,84.53187885845253,82.41281701580047,2
pgame_seed2,pgame,2,leg2_weak,ite,2,16,603,1580.941162109375,294,1587.407958984375,84.53187885845253,82.41281701580047,2
pgame_seed2,pgame,2,leg2_weak,ite,2,17,603,1603.30859375,294,1587.407958984375,84.53187885845253,82.41281701580047,2
pgame_seed2,pgame,2,leg2_weak,ite,2,18,603,1521.951904296875,294,1587.407958984375,84.53187885845253,82.41281701580047,2
pgame_seed2,pgame,2,leg2_weak,ite,2,19,603,1565.410400390625,294,1587.407958984375,84.53187885845253,82.41281701580047,2
pgame_seed2,pgame,2,leg2_weak,ite,2,20,603,1597.4873046875,294,1587.407958984375,84.53187885845253,82.41281701580047,2
pgame_seed2,pgame,2,leg2_weak,ite,3,1,294,1607.42333984375,294,1587.407958984375,84.53187885845253,82.41281701580047,1
pgame_seed2,pgame,2,leg2_weak,ite,3,2,294,1637.9210205078125,294,1587.407958984375,84.53187885845253,82.41281701580047,1
pgame_seed2,pgame,2,leg2_weak,ite,3,3,294,1585.26806640625,294,1587.407958984375,84.53187885845253,82.41281701580047,1
pgame_seed2,pgame,2,leg2_weak,ite,3,4,294,1645.2841796875,294,1587.407958984375,84.53187885845253,82.41281701580047,1
pgame_seed2,pgame,2,leg2_weak,ite,3,5,294,1599.508056640625,294,1587.407958984375,84.53187885845253,82.41281701580047,1
pgame_seed2,pgame,2,leg2_weak,ite,3,6,294,1571.5806884765625,294,1587.407958984375,84.53187885845253,82.41281701580047,1
pgame_seed2,pgame,2,leg2_weak,ite,3,7,294,1632.8145751953125,294,1587.407958984375,84.53187885845253,82.41281701580047,1
pgame_seed2,pgame,2,leg2_weak,ite,3,8,294,1576.9669189453125,294,1587.407958984375,84.53187885845253,82.41281701580047,1
pgame_seed2,pgame,2,leg2_weak,ite,3,9,294,1590.68798828125,294,1587.407958984375,84.53187885845253,82.41281701580047,1
pgame_seed2,pgame,2,leg2_weak,ite,3,10,294,1576.6669921875,294,1587.407958984375,84.53187885845253,82.41281701580047,1
pgame_seed2,pgame,2,leg2_weak,ite,3,11,294,1575.9407958984375,294,1587.407958984375,84.53187885845253,82.41281701580047,1
pgame_seed2,pgame,2,leg2_weak,ite,3,12,294,1541.0546875,294,1587.407958984375,84.53187885845253,82.41281701580047,1
pgame_seed2,pgame,2,leg2_weak,ite,3,13,294,1503.400390625,294,1587.407958984375,84.53187885845253,82.41281701580047,1
pgame_seed2,pgame,2,leg2_weak,ite,3,14,603,1571.642578125,294,1587.407958984375,84.53187885845253,82.41281701580047,1
pgame_seed2,pgame,2,leg2_weak,ite,3,15,294,1597.752197265625,294,1587.407958984375,84.53187885845253,82.41281701580047,1
pgame_seed2,pgame,2,leg2_weak,ite,3,16,294,1518.2529296875,294,1587.407958984375,84.53187885845253,82.41281701580047,1
pgame_seed2,pgame,2,leg2_weak,ite,3,17,294,1480.3095703125,294,1587.407958984375,84.53187885845253,82.41281701580047,1
pgame_seed2,pgame,2,leg2_weak,ite,3,18,294,1614.1319580078125,294,1587.407958984375,84.53187885845253,82.41281701580047,1
pgame_seed2,pgame,2,leg2_weak,ite,3,19,294,1585.6407470703125,294,1587.407958984375,84.53187885845253,82.41281701580047,1
pgame_seed2,pgame,2,leg2_weak,ite,3,20,294,1556.759033203125,294,1587.407958984375,84.53187885845253,82.41281701580047,1
pgame_seed2,pgame,2,leg2_weak,ite,4,1,294,1557.615234375,294,1587.407958984375,84.53187885845253,82.41281701580047,2
pgame_seed2,pgame,2,leg2_weak,ite,4,2,294,1603.3533935546875,294,1587.407958984375,84.53187885845253,82.41281701580047,2
pgame_seed2,pgame,2,leg2_weak,ite,4,3,294,1474.667236328125,294,1587.407958984375,84.53187885845253,82.41281701580047,2
pgame_seed2,pgame,2,leg2_weak,ite,4,4,603,1573.75732421875,294,1587.407958984375,84.53187885845253,82.41281701580047,2
pgame_seed2,pgame,2,leg2_weak,ite,4,5,603,1585.492919921875,294,1587.407958984375,84.53187885845253,82.41281701580047,2
pgame_seed2,pgame,2,leg2_weak,ite,4,6,603,1550.218505859375,294,1587.407958984375,84.53187885845253,82.41281701580047,2
pgame_seed2,pgame,2,leg2_weak,ite,4,7,294,1613.97509765625,294,1587.407958984375,84.53187885845253,82.41281701580047,2
pgame_seed2,pgame,2,leg2_weak,ite,4,8,294,1580.33642578125,294,1587.407958984375,84.53187885845253,82.41281701580047,2
pgame_seed2,pgame,2,leg2_weak,ite,4,9,294,1543.862060546875,294,1587.407958984375,84.53187885845253,82.41281701580047,2
pgame_seed2,pgame,2,leg2_weak,ite,4,10,294,1612.856201171875,294,1587.407958984375,84.53187885845253,82.41281701580047,2
pgame_seed2,pgame,2,leg2_weak,ite,4,11,294,1596.10107421875,294,1587.407958984375,84.53187885845253,82.41281701580047,2
pgame_seed2,pgame,2,leg2_weak,ite,4,12,294,1540.563232421875,294,1587.407958984375,84.53187885845253,82.41281701580047,2
pgame_seed2,pgame,2,leg2_weak,ite,4,13,294,1580.162841796875,294,1587.407958984375,84.53187885845253,82.41281701580047,2
pgame_seed2,pgame,2,leg2_weak,ite,4,14,294,1611.8134765625,294,1587.407958984375,84.53187885845253,82.41281701580047,2
pgame_seed2,pgame,2,leg2_weak,ite,4,15,294,1576.912841796875,294,1587.407958984375,84.53187885845253,82.41281701580047,2
pgame_seed2,pgame,2,leg2_weak,ite,4,16,294,1643.933349609375,294,1587.407958984375,84.53187885845253,82.41281701580047,2
pgame_seed2,pgame,2,leg2_weak,ite,4,17,294,1621.1239013671875,294,1587.407958984375,84.53187885845253,82.41281701580047,2
pgame_seed2,pgame,2,leg2_weak,ite,4,18,294,1613.8028564453125,294,1587.407958984375,84.53187885845253,82.41281701580047,2
pgame_seed2,pgame,2,leg2_weak,ite,4,19,294,1511.5419921875,294,1587.407958984375,84.53187885845253,82.41281701580047,2
pgame_seed2,pgame,2,leg2_weak,ite,4,20,294,1548.941650390625,294,1587.407958984375,84.53187885845253,82.41281701580047,2
pgame_seed2,pgame,2,leg2_weak,top_k,0,1,294,1570.978271484375,294,1587.407958984375,84.53187885845253,82.41281701580047,
pgame_seed2,pgame,2,leg2_weak,top_k,0,2,972,1511.182373046875,294,1587.407958984375,84.53187885845253,82.41281701580047,
pgame_seed2,pgame,2,leg2_weak,top_k,0,3,330,1555.749267578125,294,1587.407958984375,84.53187885845253,82.41281701580047,
pgame_seed2,pgame,2,leg2_weak,top_k,0,4,761,1493.0958251953125,294,1587.407958984375,84.53187885845253,82.41281701580047,
pgame_seed2,pgame,2,leg2_weak,top_k,0,5,115,1501.8431396484375,294,1587.407958984375,84.53187885845253,82.41281701580047,
pgame_seed2,pgame,2,leg2_weak,top_k,0,6,596,1595.324951171875,596,1587.6002197265625,84.56261825151755,82.44278582768607,
pgame_seed2,pgame,2,leg2_weak,top_k,0,7,320,1580.904052734375,596,1587.6002197265625,84.56261825151755,82.44278582768607,
pgame_seed2,pgame,2,leg2_weak,top_k,0,8,603,1553.332763671875,596,1587.6002197265625,84.56261825151755,82.44278582768607,
pgame_seed2,pgame,2,leg2_weak,top_k,0,9,474,1494.8272705078125,596,1587.6002197265625,84.56261825151755,82.44278582768607,
pgame_seed2,pgame,2,leg2_weak,top_k,0,10,475,1672.17236328125,475,1655.7850341796875,95.46427081299898,93.07115360859886,
pgame_seed2,pgame,2,leg2_weak,top_k,0,11,565,1561.2069091796875,475,1655.7850341796875,95.46427081299898,93.07115360859886,
pgame_seed2,pgame,2,leg2_weak,top_k,0,12,508,1495.49755859375,475,1655.7850341796875,95.46427081299898,93.07115360859886,
pgame_seed2,pgame,2,leg2_weak,top_k,0,13,711,1522.1800537109375,475,1655.7850341796875,95.46427081299898,93.07115360859886,
pgame_seed2,pgame,2,leg2_weak,top_k,0,14,1001,1569.7578125,475,1655.7850341796875,95.46427081299898,93.07115360859886,
pgame_seed2,pgame,2,leg2_weak,top_k,0,15,441,1459.837646484375,475,1655.7850341796875,95.46427081299898,93.07115360859886,
pgame_seed2,pgame,2,leg2_weak,top_k,0,16,831,1501.083984375,475,1655.7850341796875,95.46427081299898,93.07115360859886,
pgame_seed2,pgame,2,leg2_weak,top_k,0,17,209,1464.693115234375,475,1655.7850341796875,95.46427081299898,93.07115360859886,
pgame_seed2,pgame,2,leg2_weak,top_k,0,18,182,1587.8370361328125,475,1655.7850341796875,95.46427081299898,93.07115360859886,
pgame_seed2,pgame,2,leg2_weak,top_k,0,19,887,1605.17236328125,475,1655.7850341796875,95.46427081299898,93.07115360859886,
pgame_seed2,pgame,2,leg2_weak,top_k,0,20,575,1124.029052734375,475,1655.7850341796875,95.46427081299898,93.07115360859886,
pgame_seed2,pgame,2,leg2_weak,top_k,1,1,294,1574.488525390625,294,1587.407958984375,84.53187885845253,82.41281701580047,
pgame_seed2,pgame,2,leg2_weak,top_k,1,2,972,1512.6953125,294,1587.407958984375,84.53187885845253,82.41281701580047,
pgame_seed2,pgame,2,leg2_weak,top_k,1,3,330,1589.89208984375,330,1581.510009765625,83.58889186459224,81.49346900623571,
pgame_seed2,pgame,2,leg2_weak,top_k,1,4,761,1468.641845703125,330,1581.510009765625,83.58889186459224,81.49346900623571,
pgame_seed2,pgame,2,leg2_weak,top_k,1,5,115,1489.51318359375,330,1581.510009765625,83.58889186459224,81.49346900623571,
pgame_seed2,pgame,2,leg2_weak,top_k,1,6,596,1552.73291015625,330,1581.510009765625,83.58889186459224,81.49346900623571,
pgame_seed2,pgame,2,leg2_weak,top_k,1,7,320,1508.072265625,330,1581.510009765625,83.58889186459224,81.49346900623571,
pgame_seed2,pgame,2,leg2_weak,top_k,1,8,603,1538.529052734375,330,1581.510009765625,83.58889186459224,81.49346900623571,
pgame_seed2,pgame,2,leg2_weak,top_k,1,9,474,1480.536376953125,330,1581.510009765625,83.58889186459224,81.49346900623571,
pgame_seed2,pgame,2,leg2_weak,top_k,1,10,475,1606.7669677734375,475,1655.7850341796875,95.46427081299898,93.07115360859886,
pgame_seed2,pgame,2,leg2_weak,top_k,1,11,565,1514.0438232421875,475,1655.7850341796875,95.46427081299898,93.07115360859886,
pgame_seed2,pgame,2,leg2_weak,top_k,1,12,508,1512.40087890625,475,1655.7850341796875,95.46427081299898,93.07115360859886,
pgame_seed2,pgame,2,leg2_weak,top_k,1,13,711,1559.4967041015625,475,1655.7850341796875,95.46427081299898,93.07115360859886,
pgame_seed2,pgame,2,leg2_weak,top_k,1,14,1001,1582.34228515625,475,1655.7850341796875,95.46427081299898,93.07115360859886,
pgame_seed2,pgame,2,leg2_weak,top_k,1,15,441,1507.853515625,475,1655.7850341796875,95.46427081299898,93.07115360859886,
pgame_seed2,pgame,2,leg2_weak,top_k,1,16,831,1508.2783203125,475,1655.7850341796875,95.46427081299898,93.07115360859886,
pgame_seed2,pgame,2,leg2_weak,top_k,1,17,209,1446.2877197265625,475,1655.7850341796875,95.46427081299898,93.07115360859886,
pgame_seed2,pgame,2,leg2_weak,top_k,1,18,182,1447.8184814453125,475,1655.7850341796875,95.46427081299898,93.07115360859886,
pgame_seed2,pgame,2,leg2_weak,top_k,1,19,887,1574.4814453125,475,1655.7850341796875,95.46427081299898,93.07115360859886,
pgame_seed2,pgame,2,leg2_weak,top_k,1,20,575,1165.6923828125,475,1655.7850341796875,95.46427081299898,93.07115360859886,
pgame_seed2,pgame,2,leg2_weak,top_k,2,1,294,1558.413818359375,294,1587.407958984375,84.53187885845253,82.41281701580047,
pgame_seed2,pgame,2,leg2_weak,top_k,2,2,972,1606.4305419921875,972,1591.69091796875,85.21665495056656,83.0804270055262,
pgame_seed2,pgame,2,leg2_weak,top_k,2,3,330,1555.2247314453125,972,1591.69091796875,85.21665495056656,83.0804270055262,
pgame_seed2,pgame,2,leg2_weak,top_k,2,4,761,1507.2396240234375,972,1591.69091796875,85.21665495056656,83.0804270055262,
pgame_seed2,pgame,2,leg2_weak,top_k,2,5,115,1581.1627197265625,972,1591.69091796875,85.21665495056656,83.0804270055262,
pgame_seed2,pgame,2,leg2_weak,top_k,2,6,596,1614.803955078125,596,1587.6002197265625,84.56261825151755,82.44278582768607,
pgame_seed2,pgame,2,leg2_weak,top_k,2,7,320,1536.80712890625,596,1587.6002197265625,84.56261825151755,82.44278582768607,
pgame_seed2,pgame,2,leg2_weak,top_k,2,8,603,1530.038330078125,596,1587.6002197265625,84.56261825151755,82.44278582768607,
pgame_seed2,pgame,2,leg2_weak,top_k,2,9,474,1451.134033203125,596,1587.6002197265625,84.56261825151755,82.44278582768607,
pgame_seed2,pgame,2,leg2_weak,top_k,2,10,475,1608.349853515625,596,1587.6002197265625,84.56261825151755,82.44278582768607,
pgame_seed2,pgame,2,leg2_weak,top_k,2,11,565,1537.6070556640625,596,1587.6002197265625,84.56261825151755,82.44278582768607,
pgame_seed2,pgame,2,leg2_weak,top_k,2,12,508,1530.3548583984375,596,1587.6002197265625,84.56261825151755,82.44278582768607,
pgame_seed2,pgame,2,leg2_weak,top_k,2,13,711,1577.9970703125,596,1587.6002197265625,84.56261825151755,82.44278582768607,
pgame_seed2,pgame,2,leg2_weak,top_k,2,14,1001,1593.9248046875,596,1587.6002197265625,84.56261825151755,82.44278582768607,
pgame_seed2,pgame,2,leg2_weak,top_k,2,15,441,1472.8719482421875,596,1587.6002197265625,84.56261825151755,82.44278582768607,
pgame_seed2,pgame,2,leg2_weak,top_k,2,16,831,1506.8720703125,596,1587.6002197265625,84.56261825151755,82.44278582768607,
pgame_seed2,pgame,2,leg2_weak,top_k,2,17,209,1427.7213134765625,596,1587.6002197265625,84.56261825151755,82.44278582768607,
pgame_seed2,pgame,2,leg2_weak,top_k,2,18,182,1500.77880859375,596,1587.6002197265625,84.56261825151755,82.44278582768607,
pgame_seed2,pgame,2,leg2_weak,top_k,2,19,887,1522.66845703125,596,1587.6002197265625,84.56261825151755,82.44278582768607,
pgame_seed2,pgame,2,leg2_weak,top_k,2,20,575,1212.22900390625,596,1587.6002197265625,84.56261825151755,82.44278582768607,
pgame_seed2,pgame,2,leg2_weak,top_k,3,1,294,1613.398193359375,294,1587.407958984375,84.53187885845253,82.41281701580047,
pgame_seed2,pgame,2,leg2_weak,top_k,3,2,972,1649.05517578125,972,1591.69091796875,85.21665495056656,83.0804270055262,
pgame_seed2,pgame,2,leg2_weak,top_k,3,3,330,1568.3485107421875,972,1591.69091796875,85.21665495056656,83.0804270055262,
pgame_seed2,pgame,2,leg2_weak,top_k,3,4,761,1451.5721435546875,972,1591.69091796875,85.21665495056656,83.0804270055262,
pgame_seed2,pgame,2,leg2_weak,top_k,3,5,115,1534.8116455078125,972,1591.69091796875,85.21665495056656,83.0804270055262,
pgame_seed2,pgame,2,leg2_weak,top_k,3,6,596,1590.847900390625,972,1591.69091796875,85.21665495056656,83.0804270055262,
pgame_seed2,pgame,2,leg2_weak,top_k,3,7,320,1603.489013671875,972,1591.69091796875,85.21665495056656,83.0804270055262,
pgame_seed2,pgame,2,leg2_weak,top_k,3,8,603,1530.821533203125,972,1591.69091796875,85.21665495056656,83.0804270055262,
pgame_seed2,pgame,2,leg2_weak,top_k,3,9,474,1411.3790283203125,972,1591.69091796875,85.21665495056656,83.0804270055262,
pgame_seed2,pgame,2,leg2_weak,top_k,3,10,475,1691.670166015625,475,1655.7850341796875,95.46427081299898,93.07115360859886,
pgame_seed2,pgame,2,leg2_weak,top_k,3,11,565,1571.0238037109375,475,1655.7850341796875,95.46427081299898,93.07115360859886,
pgame_seed2,pgame,2,leg2_weak,top_k,3,12,508,1563.2071533203125,475,1655.7850341796875,95.46427081299898,93.07115360859886,
pgame_seed2,pgame,2,leg2_weak,top_k,3,13,711,1563.4697265625,475,1655.7850341796875,95.46427081299898,93.07115360859886,
pgame_seed2,pgame,2,leg2_weak,top_k,3,14,1001,1571.262939453125,475,1655.7850341796875,95.46427081299898,93.07115360859886,
pgame_seed2,pgame,2,leg2_weak,top_k,3,15,441,1474.458740234375,475,1655.7850341796875,95.46427081299898,93.07115360859886,
pgame_seed2,pgame,2,leg2_weak,top_k,3,16,831,1519.299072265625,475,1655.7850341796875,95.46427081299898,93.07115360859886,
pgame_seed2,pgame,2,leg2_weak,top_k,3,17,209,1439.965087890625,475,1655.7850341796875,95.46427081299898,93.07115360859886,
pgame_seed2,pgame,2,leg2_weak,top_k,3,18,182,1535.9111328125,475,1655.7850341796875,95.46427081299898,93.07115360859886,
pgame_seed2,pgame,2,leg2_weak,top_k,3,19,887,1586.182373046875,475,1655.7850341796875,95.46427081299898,93.07115360859886,
pgame_seed2,pgame,2,leg2_weak,top_k,3,20,575,1189.45849609375,475,1655.7850341796875,95.46427081299898,93.07115360859886,
pgame_seed2,pgame,2,leg2_weak,top_k,4,1,294,1513.62841796875,294,1587.407958984375,84.53187885845253,82.41281701580047,
pgame_seed2,pgame,2,leg2_weak,top_k,4,2,972,1580.1895751953125,972,1591.69091796875,85.21665495056656,83.0804270055262,
pgame_seed2,pgame,2,leg2_weak,top_k,4,3,330,1540.589599609375,972,1591.69091796875,85.21665495056656,83.0804270055262,
pgame_seed2,pgame,2,leg2_weak,top_k,4,4,761,1498.22119140625,972,1591.69091796875,85.21665495056656,83.0804270055262,
pgame_seed2,pgame,2,leg2_weak,top_k,4,5,115,1549.0838623046875,972,1591.69091796875,85.21665495056656,83.0804270055262,
pgame_seed2,pgame,2,leg2_weak,top_k,4,6,596,1582.62646484375,596,1587.6002197265625,84.56261825151755,82.44278582768607,
pgame_seed2,pgame,2,leg2_weak,top_k,4,7,320,1597.11328125,320,1480.36669921875,67.41770713169142,65.72766672763179,
pgame_seed2,pgame,2,leg2_weak,top_k,4,8,603,1574.4644775390625,320,1480.36669921875,67.41770713169142,65.72766672763179,
pgame_seed2,pgame,2,leg2_weak,top_k,4,9,474,1476.8375244140625,320,1480.36669921875,67.41770713169142,65.72766672763179,
pgame_seed2,pgame,2,leg2_weak,top_k,4,10,475,1690.401611328125,475,1655.7850341796875,95.46427081299898,93.07115360859886,
pgame_seed2,pgame,2,leg2_weak,top_k,4,11,565,1470.9810791015625,475,1655.7850341796875,95.46427081299898,93.07115360859886,
pgame_seed2,pgame,2,leg2_weak,top_k,4,12,508,1528.095947265625,475,1655.7850341796875,95.46427081299898,93.07115360859886,
pgame_seed2,pgame,2,leg2_weak,top_k,4,13,711,1543.371826171875,475,1655.7850341796875,95.46427081299898,93.07115360859886,
pgame_seed2,pgame,2,leg2_weak,top_k,4,14,1001,1587.515625,475,1655.7850341796875,95.46427081299898,93.07115360859886,
pgame_seed2,pgame,2,leg2_weak,top_k,4,15,441,1450.624755859375,475,1655.7850341796875,95.46427081299898,93.07115360859886,
pgame_seed2,pgame,2,leg2_weak,top_k,4,16,831,1488.4066162109375,475,1655.7850341796875,95.46427081299898,93.07115360859886,
pgame_seed2,pgame,2,leg2_weak,top_k,4,17,209,1371.609375,475,1655.7850341796875,95.46427081299898,93.07115360859886,
pgame_seed2,pgame,2,leg2_weak,top_k,4,18,182,1478.695556640625,475,1655.7850341796875,95.46427081299898,93.07115360859886,
pgame_seed2,pgame,2,leg2_weak,top_k,4,19,887,1558.3861083984375,475,1655.7850341796875,95.46427081299898,93.07115360859886,
pgame_seed2,pgame,2,leg2_weak,top_k,4,20,575,1215.337890625,475,1655.7850341796875,95.46427081299898,93.07115360859886,
pgame_seed2,pgame,2,leg2_weak,best_intact,0,1,294,1609.163330078125,294,1587.407958984375,84.53187885845253,82.41281701580047,
pgame_seed2,pgame,2,leg2_weak,best_intact,1,1,294,1567.7705078125,294,1587.407958984375,84.53187885845253,82.41281701580047,
pgame_seed2,pgame,2,leg2_weak,best_intact,2,1,294,1620.089599609375,294,1587.407958984375,84.53187885845253,82.41281701580047,
pgame_seed2,pgame,2,leg2_weak,best_intact,3,1,294,1537.1971435546875,294,1587.407958984375,84.53187885845253,82.41281701580047,
pgame_seed2,pgame,2,leg2_weak,best_intact,4,1,294,1533.3778076171875,294,1587.407958984375,84.53187885845253,82.41281701580047,
pgame_seed2,pgame,2,leg3_weak,ite,0,1,294,1584.936767578125,294,1605.7177734375,97.22558493480078,85.26687540943105,2
pgame_seed2,pgame,2,leg3_weak,ite,0,2,294,1547.382568359375,294,1605.7177734375,97.22558493480078,85.26687540943105,2
pgame_seed2,pgame,2,leg3_weak,ite,0,3,294,1643.52880859375,294,1605.7177734375,97.22558493480078,85.26687540943105,2
pgame_seed2,pgame,2,leg3_weak,ite,0,4,294,1617.5885009765625,294,1605.7177734375,97.22558493480078,85.26687540943105,2
pgame_seed2,pgame,2,leg3_weak,ite,0,5,294,1574.210693359375,294,1605.7177734375,97.22558493480078,85.26687540943105,2
pgame_seed2,pgame,2,leg3_weak,ite,0,6,294,1623.9884033203125,294,1605.7177734375,97.22558493480078,85.26687540943105,2
pgame_seed2,pgame,2,leg3_weak,ite,0,7,294,1600.728759765625,294,1605.7177734375,97.22558493480078,85.26687540943105,2
pgame_seed2,pgame,2,leg3_weak,ite,0,8,294,1520.7520751953125,294,1605.7177734375,97.22558493480078,85.26687540943105,2
pgame_seed2,pgame,2,leg3_weak,ite,0,9,294,1577.4293212890625,294,1605.7177734375,97.22558493480078,85.26687540943105,2
pgame_seed2,pgame,2,leg3_weak,ite,0,10,294,1571.5574951171875,294,1605.7177734375,97.22558493480078,85.26687540943105,2
pgame_seed2,pgame,2,leg3_weak,ite,0,11,603,1570.15576171875,294,1605.7177734375,97.22558493480078,85.26687540943105,2
pgame_seed2,pgame,2,leg3_weak,ite,0,12,294,1629.83984375,294,1605.7177734375,97.22558493480078,85.26687540943105,2
pgame_seed2,pgame,2,leg3_weak,ite,0,13,294,567.8529663085938,294,1605.7177734375,97.22558493480078,85.26687540943105,2
pgame_seed2,pgame,2,leg3_weak,ite,0,14,603,1539.8807373046875,294,1605.7177734375,97.22558493480078,85.26687540943105,2
pgame_seed2,pgame,2,leg3_weak,ite,0,15,603,1504.227294921875,294,1605.7177734375,97.22558493480078,85.26687540943105,2
pgame_seed2,pgame,2,leg3_weak,ite,0,16,201,1538.7275390625,294,1605.7177734375,97.22558493480078,85.26687540943105,2
pgame_seed2,pgame,2,leg3_weak,ite,0,17,201,1456.280029296875,294,1605.7177734375,97.22558493480078,85.26687540943105,2
pgame_seed2,pgame,2,leg3_weak,ite,0,18,603,1538.42724609375,294,1605.7177734375,97.22558493480078,85.26687540943105,2
pgame_seed2,pgame,2,leg3_weak,ite,0,19,603,1591.3433837890625,294,1605.7177734375,97.22558493480078,85.26687540943105,2
pgame_seed2,pgame,2,leg3_weak,ite,0,20,603,1543.814697265625,294,1605.7177734375,97.22558493480078,85.26687540943105,2
pgame_seed2,pgame,2,leg3_weak,ite,1,1,294,1658.882568359375,294,1605.7177734375,97.22558493480078,85.26687540943105,1
pgame_seed2,pgame,2,leg3_weak,ite,1,2,294,1564.07080078125,294,1605.7177734375,97.22558493480078,85.26687540943105,1
pgame_seed2,pgame,2,leg3_weak,ite,1,3,294,1620.3560791015625,294,1605.7177734375,97.22558493480078,85.26687540943105,1
pgame_seed2,pgame,2,leg3_weak,ite,1,4,294,1604.044921875,294,1605.7177734375,97.22558493480078,85.26687540943105,1
pgame_seed2,pgame,2,leg3_weak,ite,1,5,294,1621.23388671875,294,1605.7177734375,97.22558493480078,85.26687540943105,1
pgame_seed2,pgame,2,leg3_weak,ite,1,6,294,1627.4364013671875,294,1605.7177734375,97.22558493480078,85.26687540943105,1
pgame_seed2,pgame,2,leg3_weak,ite,1,7,294,1596.91650390625,294,1605.7177734375,97.22558493480078,85.26687540943105,1
pgame_seed2,pgame,2,leg3_weak,ite,1,8,294,1616.0098876953125,294,1605.7177734375,97.22558493480078,85.26687540943105,1
pgame_seed2,pgame,2,leg3_weak,ite,1,9,294,1614.5693359375,294,1605.7177734375,97.22558493480078,85.26687540943105,1
pgame_seed2,pgame,2,leg3_weak,ite,1,10,294,1625.79638671875,294,1605.7177734375,97.22558493480078,85.26687540943105,1
pgame_seed2,pgame,2,leg3_weak,ite,1,11,294,1533.363037109375,294,1605.7177734375,97.22558493480078,85.26687540943105,1
pgame_seed2,pgame,2,leg3_weak,ite,1,12,294,1551.8592529296875,294,1605.7177734375,97.22558493480078,85.26687540943105,1
pgame_seed2,pgame,2,leg3_weak,ite,1,13,294,1535.09375,294,1605.7177734375,97.22558493480078,85.26687540943105,1
pgame_seed2,pgame,2,leg3_weak,ite,1,14,294,1596.8946533203125,294,1605.7177734375,97.22558493480078,85.26687540943105,1
pgame_seed2,pgame,2,leg3_weak,ite,1,15,294,1584.294677734375,294,1605.7177734375,97.22558493480078,85.26687540943105,1
pgame_seed2,pgame,2,leg3_weak,ite,1,16,294,1612.890380859375,294,1605.7177734375,97.22558493480078,85.26687540943105,1
pgame_seed2,pgame,2,leg3_weak,ite,1,17,294,1609.3006591796875,294,1605.7177734375,97.22558493480078,85.26687540943105,1
pgame_seed2,pgame,2,leg3_weak,ite,1,18,294,1558.115478515625,294,1605.7177734375,97.22558493480078,85.26687540943105,1
pgame_seed2,pgame,2,leg3_weak,ite,1,19,294,1609.68603515625,294,1605.7177734375,97.22558493480078,85.26687540943105,1
pgame_seed2,pgame,2,leg3_weak,ite,1,20,294,1598.8040771484375,294,1605.7177734375,97.22558493480078,85.26687540943105,1
pgame_seed2,pgame,2,leg3_weak,ite,2,1,294,1622.0147705078125,294,1605.7177734375,97.22558493480078,85.26687540943105,1
pgame_seed2,pgame,2,leg3_weak,ite,2,2,294,1617.419921875,294,1605.7177734375,97.22558493480078,85.26687540943105,1
pgame_seed2,pgame,2,leg3_weak,ite,2,3,294,1613.26416015625,294,1605.7177734375,97.22558493480078,85.26687540943105,1
pgame_seed2,pgame,2,leg3_weak,ite,2,4,294,1569.90087890625,294,1605.7177734375,97.22558493480078,85.26687540943105,1
pgame_seed2,pgame,2,leg3_weak,ite,2,5,294,1609.7275390625,294,1605.7177734375,97.22558493480078,85.26687540943105,1
pgame_seed2,pgame,2,leg3_weak,ite,2,6,294,1603.32177734375,294,1605.7177734375,97.22558493480078,85.26687540943105,1
pgame_seed2,pgame,2,leg3_weak,ite,2,7,294,1599.534423828125,294,1605.7177734375,97.22558493480078,85.26687540943105,1
pgame_seed2,pgame,2,leg3_weak,ite,2,8,294,1597.4349365234375,294,1605.7177734375,97.22558493480078,85.26687540943105,1
pgame_seed2,pgame,2,leg3_weak,ite,2,9,294,1585.653564453125,294,1605.7177734375,97.22558493480078,85.26687540943105,1
pgame_seed2,pgame,2,leg3_weak,ite,2,10,294,1638.86767578125,294,1605.7177734375,97.22558493480078,85.26687540943105,1
pgame_seed2,pgame,2,leg3_weak,ite,2,11,294,1575.3287353515625,294,1605.7177734375,97.22558493480078,85.26687540943105,1
pgame_seed2,pgame,2,leg3_weak,ite,2,12,294,1598.28515625,294,1605.7177734375,97.22558493480078,85.26687540943105,1
pgame_seed2,pgame,2,leg3_weak,ite,2,13,294,1567.903076171875,294,1605.7177734375,97.22558493480078,85.26687540943105,1
pgame_seed2,pgame,2,leg3_weak,ite,2,14,294,1538.6690673828125,294,1605.7177734375,97.22558493480078,85.26687540943105,1
pgame_seed2,pgame,2,leg3_weak,ite,2,15,294,1609.5576171875,294,1605.7177734375,97.22558493480078,85.26687540943105,1
pgame_seed2,pgame,2,leg3_weak,ite,2,16,294,1621.6536865234375,294,1605.7177734375,97.22558493480078,85.26687540943105,1
pgame_seed2,pgame,2,leg3_weak,ite,2,17,294,1604.5283203125,294,1605.7177734375,97.22558493480078,85.26687540943105,1
pgame_seed2,pgame,2,leg3_weak,ite,2,18,294,1563.1646728515625,294,1605.7177734375,97.22558493480078,85.26687540943105,1
pgame_seed2,pgame,2,leg3_weak,ite,2,19,294,1566.8084716796875,294,1605.7177734375,97.22558493480078,85.26687540943105,1
pgame_seed2,pgame,2,leg3_weak,ite,2,20,294,1589.748046875,294,1605.7177734375,97.22558493480078,85.26687540943105,1
pgame_seed2,pgame,2,leg3_weak,ite,3,1,294,1623.4503173828125,294,1605.7177734375,97.22558493480078,85.26687540943105,1
pgame_seed2,pgame,2,leg3_weak,ite,3,2,294,1613.780029296875,294,1605.7177734375,97.22558493480078,85.26687540943105,1
pgame_seed2,pgame,2,leg3_weak,ite,3,3,294,1578.5205078125,294,1605.7177734375,97.22558493480078,85.26687540943105,1
pgame_seed2,pgame,2,leg3_weak,ite,3,4,294,1636.77490234375,294,1605.7177734375,97.22558493480078,85.26687540943105,1
pgame_seed2,pgame,2,leg3_weak,ite,3,5,294,1607.98486328125,294,1605.7177734375,97.22558493480078,85.26687540943105,1
pgame_seed2,pgame,2,leg3_weak,ite,3,6,294,1641.3369140625,294,1605.7177734375,97.22558493480078,85.26687540943105,1
pgame_seed2,pgame,2,leg3_weak,ite,3,7,294,1488.8232421875,294,1605.7177734375,97.22558493480078,85.26687540943105,1
pgame_seed2,pgame,2,leg3_weak,ite,3,8,294,1646.190673828125,294,1605.7177734375,97.22558493480078,85.26687540943105,1
pgame_seed2,pgame,2,leg3_weak,ite,3,9,294,1556.0572509765625,294,1605.7177734375,97.22558493480078,85.26687540943105,1
pgame_seed2,pgame,2,leg3_weak,ite,3,10,294,1613.271728515625,294,1605.7177734375,97.22558493480078,85.26687540943105,1
pgame_seed2,pgame,2,leg3_weak,ite,3,11,294,1564.353515625,294,1605.7177734375,97.22558493480078,85.26687540943105,1
pgame_seed2,pgame,2,leg3_weak,ite,3,12,294,1509.9302978515625,294,1605.7177734375,97.22558493480078,85.26687540943105,1
pgame_seed2,pgame,2,leg3_weak,ite,3,13,294,1586.296142578125,294,1605.7177734375,97.22558493480078,85.26687540943105,1
pgame_seed2,pgame,2,leg3_weak,ite,3,14,603,1578.8201904296875,294,1605.7177734375,97.22558493480078,85.26687540943105,1
pgame_seed2,pgame,2,leg3_weak,ite,3,15,294,1677.455810546875,294,1605.7177734375,97.22558493480078,85.26687540943105,1
pgame_seed2,pgame,2,leg3_weak,ite,3,16,294,1524.289794921875,294,1605.7177734375,97.22558493480078,85.26687540943105,1
pgame_seed2,pgame,2,leg3_weak,ite,3,17,294,1546.841796875,294,1605.7177734375,97.22558493480078,85.26687540943105,1
pgame_seed2,pgame,2,leg3_weak,ite,3,18,294,1554.4111328125,294,1605.7177734375,97.22558493480078,85.26687540943105,1
pgame_seed2,pgame,2,leg3_weak,ite,3,19,294,1599.401611328125,294,1605.7177734375,97.22558493480078,85.26687540943105,1
pgame_seed2,pgame,2,leg3_weak,ite,3,20,294,1611.27734375,294,1605.7177734375,97.22558493480078,85.26687540943105,1
pgame_seed2,pgame,2,leg3_weak,ite,4,1,294,1566.72607421875,294,1605.7177734375,97.22558493480078,85.26687540943105,2
pgame_seed2,pgame,2,leg3_weak,ite,4,2,294,1648.178955078125,294,1605.7177734375,97.22558493480078,85.26687540943105,2
pgame_seed2,pgame,2,leg3_weak,ite,4,3,294,1651.5006103515625,294,1605.7177734375,97.22558493480078,85.26687540943105,2
pgame_seed2,pgame,2,leg3_weak,ite,4,4,294,1618.981201171875,294,1605.7177734375,97.22558493480078,85.26687540943105,2
pgame_seed2,pgame,2,leg3_weak,ite,4,5,294,1585.272216796875,294,1605.7177734375,97.22558493480078,85.26687540943105,2
pgame_seed2,pgame,2,leg3_weak,ite,4,6,294,1606.783203125,294,1605.7177734375,97.22558493480078,85.26687540943105,2
pgame_seed2,pgame,2,leg3_weak,ite,4,7,294,1647.7750244140625,294,1605.7177734375,97.22558493480078,85.26687540943105,2
pgame_seed2,pgame,2,leg3_weak,ite,4,8,294,1592.92822265625,294,1605.7177734375,97.22558493480078,85.26687540943105,2
pgame_seed2,pgame,2,leg3_weak,ite,4,9,294,1511.10595703125,294,1605.7177734375,97.22558493480078,85.26687540943105,2
pgame_seed2,pgame,2,leg3_weak,ite,4,10,294,1548.84912109375,294,1605.7177734375,97.22558493480078,85.26687540943105,2
pgame_seed2,pgame,2,leg3_weak,ite,4,11,294,1670.8768310546875,294,1605.7177734375,97.22558493480078,85.26687540943105,2
pgame_seed2,pgame,2,leg3_weak,ite,4,12,294,1536.4849853515625,294,1605.7177734375,97.22558493480078,85.26687540943105,2
pgame_seed2,pgame,2,leg3_weak,ite,4,13,294,1596.9505615234375,294,1605.7177734375,97.22558493480078,85.26687540943105,2
pgame_seed2,pgame,2,leg3_weak,ite,4,14,294,1626.2908935546875,294,1605.7177734375,97.22558493480078,85.26687540943105,2
pgame_seed2,pgame,2,leg3_weak,ite,4,15,294,1578.253662109375,294,1605.7177734375,97.22558493480078,85.26687540943105,2
pgame_seed2,pgame,2,leg3_weak,ite,4,16,294,1577.31103515625,294,1605.7177734375,97.22558493480078,85.26687540943105,2
pgame_seed2,pgame,2,leg3_weak,ite,4,17,294,1651.8935546875,294,1605.7177734375,97.22558493480078,85.26687540943105,2
pgame_seed2,pgame,2,leg3_weak,ite,4,18,294,1614.532470703125,294,1605.7177734375,97.22558493480078,85.26687540943105,2
pgame_seed2,pgame,2,leg3_weak,ite,4,19,294,1563.1051025390625,294,1605.7177734375,97.22558493480078,85.26687540943105,2
pgame_seed2,pgame,2,leg3_weak,ite,4,20,294,1553.47314453125,294,1605.7177734375,97.22558493480078,85.26687540943105,2
pgame_seed2,pgame,2,leg3_weak,top_k,0,1,294,1625.02587890625,294,1605.7177734375,97.22558493480078,85.26687540943105,
pgame_seed2,pgame,2,leg3_weak,top_k,0,2,972,1564.6240234375,294,1605.7177734375,97.22558493480078,85.26687540943105,
pgame_seed2,pgame,2,leg3_weak,top_k,0,3,330,1519.015380859375,294,1605.7177734375,97.22558493480078,85.26687540943105,
pgame_seed2,pgame,2,leg3_weak,top_k,0,4,761,1621.16064453125,294,1605.7177734375,97.22558493480078,85.26687540943105,
pgame_seed2,pgame,2,leg3_weak,top_k,0,5,115,1342.8739013671875,294,1605.7177734375,97.22558493480078,85.26687540943105,
pgame_seed2,pgame,2,leg3_weak,top_k,0,6,596,1618.799560546875,294,1605.7177734375,97.22558493480078,85.26687540943105,
pgame_seed2,pgame,2,leg3_weak,top_k,0,7,320,1569.015380859375,294,1605.7177734375,97.22558493480078,85.26687540943105,
pgame_seed2,pgame,2,leg3_weak,top_k,0,8,603,1494.606689453125,294,1605.7177734375,97.22558493480078,85.26687540943105,
pgame_seed2,pgame,2,leg3_weak,top_k,0,9,474,1603.197021484375,294,1605.7177734375,97.22558493480078,85.26687540943105,
pgame_seed2,pgame,2,leg3_weak,top_k,0,10,475,1450.14404296875,294,1605.7177734375,97.22558493480078,85.26687540943105,
pgame_seed2,pgame,2,leg3_weak,top_k,0,11,565,1601.26904296875,294,1605.7177734375,97.22558493480078,85.26687540943105,
pgame_seed2,pgame,2,leg3_weak,top_k,0,12,508,1504.6524658203125,294,1605.7177734375,97.22558493480078,85.26687540943105,
pgame_seed2,pgame,2,leg3_weak,top_k,0,13,711,1514.35693359375,294,1605.7177734375,97.22558493480078,85.26687540943105,
pgame_seed2,pgame,2,leg3_weak,top_k,0,14,1001,1498.572021484375,294,1605.7177734375,97.22558493480078,85.26687540943105,
pgame_seed2,pgame,2,leg3_weak,top_k,0,15,441,1599.7081298828125,294,1605.7177734375,97.22558493480078,85.26687540943105,
pgame_seed2,pgame,2,leg3_weak,top_k,0,16,831,1641.857177734375,831,1543.9412841796875,86.24558465882161,75.63741094125359,
pgame_seed2,pgame,2,leg3_weak,top_k,0,17,209,1436.1651611328125,831,1543.9412841796875,86.24558465882161,75.63741094125359,
pgame_seed2,pgame,2,leg3_weak,top_k,0,18,182,1622.5478515625,831,1543.9412841796875,86.24558465882161,75.63741094125359,
pgame_seed2,pgame,2,leg3_weak,top_k,0,19,887,1419.641845703125,831,1543.9412841796875,86.24558465882161,75.63741094125359,
pgame_seed2,pgame,2,leg3_weak,top_k,0,20,575,1505.5413818359375,831,1543.9412841796875,86.24558465882161,75.63741094125359,
pgame_seed2,pgame,2,leg3_weak,top_k,1,1,294,1603.0040283203125,294,1605.7177734375,97.22558493480078,85.26687540943105,
pgame_seed2,pgame,2,leg3_weak,top_k,1,2,972,1498.4456787109375,294,1605.7177734375,97.22558493480078,85.26687540943105,
pgame_seed2,pgame,2,leg3_weak,top_k,1,3,330,1476.779541015625,294,1605.7177734375,97.22558493480078,85.26687540943105,
pgame_seed2,pgame,2,leg3_weak,top_k,1,4,761,1595.4537353515625,294,1605.7177734375,97.22558493480078,85.26687540943105,
pgame_seed2,pgame,2,leg3_weak,top_k,1,5,115,1633.570068359375,115,1605.2579345703125,97.14385431285571,85.19519762252753,
pgame_seed2,pgame,2,leg3_weak,top_k,1,6,596,1603.74462890625,115,1605.2579345703125,97.14385431285571,85.19519762252753,
pgame_seed2,pgame,2,leg3_weak,top_k,1,7,320,1634.72119140625,320,1514.080810546875,80.93825799348046,70.98288341298758,
pgame_seed2,pgame,2,leg3_weak,top_k,1,8,603,1546.036865234375,320,1514.080810546875,80.93825799348046,70.98288341298758,
pgame_seed2,pgame,2,leg3_weak,top_k,1,9,474,1533.0574951171875,320,1514.080810546875,80.93825799348046,70.98288341298758,
pgame_seed2,pgame,2,leg3_weak,top_k,1,10,475,1496.079833984375,320,1514.080810546875,80.93825799348046,70.98288341298758,
pgame_seed2,pgame,2,leg3_weak,top_k,1,11,565,1579.0406494140625,320,1514.080810546875,80.93825799348046,70.98288341298758,
pgame_seed2,pgame,2,leg3_weak,top_k,1,12,508,1552.150146484375,320,1514.080810546875,80.93825799348046,70.98288341298758,
pgame_seed2,pgame,2,leg3_weak,top_k,1,13,711,1489.6673583984375,320,1514.080810546875,80.93825799348046,70.98288341298758,
pgame_seed2,pgame,2,leg3_weak,top_k,1,14,1001,1546.8199462890625,320,1514.080810546875,80.93825799348046,70.98288341298758,
pgame_seed2,pgame,2,leg3_weak,top_k,1,15,441,1580.5478515625,320,1514.080810546875,80.93825799348046,70.98288341298758,
pgame_seed2,pgame,2,leg3_weak,top_k,1,16,831,1616.2578125,320,1514.080810546875,80.93825799348046,70.98288341298758,
pgame_seed2,pgame,2,leg3_weak,top_k,1,17,209,1369.2938232421875,320,1514.080810546875,80.93825799348046,70.98288341298758,
pgame_seed2,pgame,2,leg3_weak,top_k,1,18,182,1562.883544921875,320,1514.080810546875,80.93825799348046,70.98288341298758,
pgame_seed2,pgame,2,leg3_weak,top_k,1,19,887,1411.887451171875,320,1514.080810546875,80.93825799348046,70.98288341298758,
pgame_seed2,pgame,2,leg3_weak,top_k,1,20,575,1237.6904296875,320,1514.080810546875,80.93825799348046,70.98288341298758,
pgame_seed2,pgame,2,leg3_weak,top_k,2,1,294,1682.5908203125,294,1605.7177734375,97.22558493480078,85.26687540943105,
pgame_seed2,pgame,2,leg3_weak,top_k,2,2,972,1493.09912109375,294,1605.7177734375,97.22558493480078,85.26687540943105,
pgame_seed2,pgame,2,leg3_weak,top_k,2,3,330,1602.1085205078125,294,1605.7177734375,97.22558493480078,85.26687540943105,
pgame_seed2,pgame,2,leg3_weak,top_k,2,4,761,1514.7578125,294,1605.7177734375,97.22558493480078,85.26687540943105,
pgame_seed2,pgame,2,leg3_weak,top_k,2,5,115,1651.817138671875,294,1605.7177734375,97.22558493480078,85.26687540943105,
pgame_seed2,pgame,2,leg3_weak,top_k,2,6,596,1623.771240234375,294,1605.7177734375,97.22558493480078,85.26687540943105,
pgame_seed2,pgame,2,leg3_weak,top_k,2,7,320,1504.3262939453125,294,1605.7177734375,97.22558493480078,85.26687540943105,
pgame_seed2,pgame,2,leg3_weak,top_k,2,8,603,1574.6944580078125,294,1605.7177734375,97.22558493480078,85.26687540943105,
pgame_seed2,pgame,2,leg3_weak,top_k,2,9,474,1594.699462890625,294,1605.7177734375,97.22558493480078,85.26687540943105,
pgame_seed2,pgame,2,leg3_weak,top_k,2,10,475,1483.017578125,294,1605.7177734375,97.22558493480078,85.26687540943105,
pgame_seed2,pgame,2,leg3_weak,top_k,2,11,565,1583.53564453125,294,1605.7177734375,97.22558493480078,85.26687540943105,
pgame_seed2,pgame,2,leg3_weak,top_k,2,12,508,1555.52294921875,294,1605.7177734375,97.22558493480078,85.26687540943105,
pgame_seed2,pgame,2,leg3_weak,top_k,2,13,711,1517.14208984375,294,1605.7177734375,97.22558493480078,85.26687540943105,
pgame_seed2,pgame,2,leg3_weak,top_k,2,14,1001,1508.601318359375,294,1605.7177734375,97.22558493480078,85.26687540943105,
pgame_seed2,pgame,2,leg3_weak,top_k,2,15,441,1626.031005859375,294,1605.7177734375,97.22558493480078,85.26687540943105,
pgame_seed2,pgame,2,leg3_weak,top_k,2,16,831,1599.896240234375,294,1605.7177734375,97.22558493480078,85.26687540943105,
pgame_seed2,pgame,2,leg3_weak,top_k,2,17,209,1559.62109375,294,1605.7177734375,97.22558493480078,85.26687540943105,
pgame_seed2,pgame,2,leg3_weak,top_k,2,18,182,1518.45751953125,294,1605.7177734375,97.22558493480078,85.26687540943105,
pgame_seed2,pgame,2,leg3_weak,top_k,2,19,887,1395.232421875,294,1605.7177734375,97.22558493480078,85.26687540943105,
pgame_seed2,pgame,2,leg3_weak,top_k,2,20,575,1337.32861328125,294,1605.7177734375,97.22558493480078,85.26687540943105,
pgame_seed2,pgame,2,leg3_weak,top_k,3,1,294,1652.7294921875,294,1605.7177734375,97.22558493480078,85.26687540943105,
pgame_seed2,pgame,2,leg3_weak,top_k,3,2,972,1516.6341552734375,294,1605.7177734375,97.22558493480078,85.26687540943105,
pgame_seed2,pgame,2,leg3_weak,top_k,3,3,330,1541.7567138671875,294,1605.7177734375,97.22558493480078,85.26687540943105,
pgame_seed2,pgame,2,leg3_weak,top_k,3,4,761,1652.258056640625,294,1605.7177734375,97.22558493480078,85.26687540943105,
pgame_seed2,pgame,2,leg3_weak,top_k,3,5,115,1567.9619140625,294,1605.7177734375,97.22558493480078,85.26687540943105,
pgame_seed2,pgame,2,leg3_weak,top_k,3,6,596,1587.5223388671875,294,1605.7177734375,97.22558493480078,85.26687540943105,
pgame_seed2,pgame,2,leg3_weak,top_k,3,7,320,1201.9442138671875,294,1605.7177734375,97.22558493480078,85.26687540943105,
pgame_seed2,pgame,2,leg3_weak,top_k,3,8,603,1487.9031982421875,294,1605.7177734375,97.22558493480078,85.26687540943105,
pgame_seed2,pgame,2,leg3_weak,top_k,3,9,474,1565.9730224609375,294,1605.7177734375,97.22558493480078,85.26687540943105,
pgame_seed2,pgame,2,leg3_weak,top_k,3,10,475,1506.25634765625,294,1605.7177734375,97.22558493480078,85.26687540943105,
pgame_seed2,pgame,2,leg3_weak,top_k,3,11,565,1522.2642822265625,294,1605.7177734375,97.22558493480078,85.26687540943105,
pgame_seed2,pgame,2,leg3_weak,top_k,3,12,508,1497.309326171875,294,1605.7177734375,97.22558493480078,85.26687540943105,
pgame_seed2,pgame,2,leg3_weak,top_k,3,13,711,1478.4451904296875,294,1605.7177734375,97.22558493480078,85.26687540943105,
pgame_seed2,pgame,2,leg3_weak,top_k,3,14,1001,1529.5645751953125,294,1605.7177734375,97.22558493480078,85.26687540943105,
pgame_seed2,pgame,2,leg3_weak,top_k,3,15,441,1507.5794677734375,294,1605.7177734375,97.22558493480078,85.26687540943105,
pgame_seed2,pgame,2,leg3_weak,top_k,3,16,831,1626.311279296875,294,1605.7177734375,97.22558493480078,85.26687540943105,
pgame_seed2,pgame,2,leg3_weak,top_k,3,17,209,1503.2904052734375,294,1605.7177734375,97.22558493480078,85.26687540943105,
pgame_seed2,pgame,2,leg3_weak,top_k,3,18,182,1586.78564453125,294,1605.7177734375,97.22558493480078,85.26687540943105,
pgame_seed2,pgame,2,leg3_weak,top_k,3,19,887,1415.69921875,294,1605.7177734375,97.22558493480078,85.26687540943105,
pgame_seed2,pgame,2,leg3_weak,top_k,3,20,575,1448.7335205078125,294,1605.7177734375,97.22558493480078,85.26687540943105,
pgame_seed2,pgame,2,leg3_weak,top_k,4,1,294,1610.4259033203125,294,1605.7177734375,97.22558493480078,85.26687540943105,
pgame_seed2,pgame,2,leg3_weak,top_k,4,2,972,1488.3843994140625,294,1605.7177734375,97.22558493480078,85.26687540943105,
pgame_seed2,pgame,2,leg3_weak,top_k,4,3,330,1494.57177734375,294,1605.7177734375,97.22558493480078,85.26687540943105,
pgame_seed2,pgame,2,leg3_weak,top_k,4,4,761,1586.4647216796875,294,1605.7177734375,97.22558493480078,85.26687540943105,
pgame_seed2,pgame,2,leg3_weak,top_k,4,5,115,1677.7578125,115,1605.2579345703125,97.14385431285571,85.19519762252753,
pgame_seed2,pgame,2,leg3_weak,top_k,4,6,596,1625.3350830078125,115,1605.2579345703125,97.14385431285571,85.19519762252753,
pgame_seed2,pgame,2,leg3_weak,top_k,4,7,320,1575.41748046875,115,1605.2579345703125,97.14385431285571,85.19519762252753,
pgame_seed2,pgame,2,leg3_weak,top_k,4,8,603,1550.999267578125,115,1605.2579345703125,97.14385431285571,85.19519762252753,
pgame_seed2,pgame,2,leg3_weak,top_k,4,9,474,1500.236572265625,115,1605.2579345703125,97.14385431285571,85.19519762252753,
pgame_seed2,pgame,2,leg3_weak,top_k,4,10,475,1538.2540283203125,115,1605.2579345703125,97.14385431285571,85.19519762252753,
pgame_seed2,pgame,2,leg3_weak,top_k,4,11,565,1565.531982421875,115,1605.2579345703125,97.14385431285571,85.19519762252753,
pgame_seed2,pgame,2,leg3_weak,top_k,4,12,508,1502.979248046875,115,1605.2579345703125,97.14385431285571,85.19519762252753,
pgame_seed2,pgame,2,leg3_weak,top_k,4,13,711,1513.43603515625,115,1605.2579345703125,97.14385431285571,85.19519762252753,
pgame_seed2,pgame,2,leg3_weak,top_k,4,14,1001,1506.912109375,115,1605.2579345703125,97.14385431285571,85.19519762252753,
pgame_seed2,pgame,2,leg3_weak,top_k,4,15,441,1557.352294921875,115,1605.2579345703125,97.14385431285571,85.19519762252753,
pgame_seed2,pgame,2,leg3_weak,top_k,4,16,831,1600.191162109375,115,1605.2579345703125,97.14385431285571,85.19519762252753,
pgame_seed2,pgame,2,leg3_weak,top_k,4,17,209,1467.31982421875,115,1605.2579345703125,97.14385431285571,85.19519762252753,
pgame_seed2,pgame,2,leg3_weak,top_k,4,18,182,1592.614013671875,115,1605.2579345703125,97.14385431285571,85.19519762252753,
pgame_seed2,pgame,2,leg3_weak,top_k,4,19,887,1376.369873046875,115,1605.2579345703125,97.14385431285571,85.19519762252753,
pgame_seed2,pgame,2,leg3_weak,top_k,4,20,575,1297.4188232421875,115,1605.2579345703125,97.14385431285571,85.19519762252753,
pgame_seed2,pgame,2,leg3_weak,best_intact,0,1,294,1599.24658203125,294,1605.7177734375,97.22558493480078,85.26687540943105,
pgame_seed2,pgame,2,leg3_weak,best_intact,1,1,294,1530.834228515625,294,1605.7177734375,97.22558493480078,85.26687540943105,
pgame_seed2,pgame,2,leg3_weak,best_intact,2,1,294,1590.39208984375,294,1605.7177734375,97.22558493480078,85.26687540943105,
pgame_seed2,pgame,2,leg3_weak,best_intact,3,1,294,1538.940673828125,294,1605.7177734375,97.22558493480078,85.26687540943105,
pgame_seed2,pgame,2,leg3_weak,best_intact,4,1,294,1600.0694580078125,294,1605.7177734375,97.22558493480078,85.26687540943105,
pgame_seed2,pgame,2,leg4_weak,ite,0,1,294,1739.2989501953125,294,1708.4896240234375,91.17999154366137,101.28652779556879,1
pgame_seed2,pgame,2,leg4_weak,ite,0,2,294,1723.4541015625,294,1708.4896240234375,91.17999154366137,101.28652779556879,1
pgame_seed2,pgame,2,leg4_weak,ite,0,3,294,1801.637451171875,294,1708.4896240234375,91.17999154366137,101.28652779556879,1
pgame_seed2,pgame,2,leg4_weak,ite,0,4,294,1685.528564453125,294,1708.4896240234375,91.17999154366137,101.28652779556879,1
pgame_seed2,pgame,2,leg4_weak,ite,0,5,294,1740.771240234375,294,1708.4896240234375,91.17999154366137,101.28652779556879,1
pgame_seed2,pgame,2,leg4_weak,ite,0,6,294,1756.395751953125,294,1708.4896240234375,91.17999154366137,101.28652779556879,1
pgame_seed2,pgame,2,leg4_weak,ite,0,7,294,1815.4097900390625,294,1708.4896240234375,91.17999154366137,101.28652779556879,1
pgame_seed2,pgame,2,leg4_weak,ite,0,8,294,1752.146240234375,294,1708.4896240234375,91.17999154366137,101.28652779556879,1
pgame_seed2,pgame,2,leg4_weak,ite,0,9,294,1748.688720703125,294,1708.4896240234375,91.17999154366137,101.28652779556879,1
pgame_seed2,pgame,2,leg4_weak,ite,0,10,294,1708.2747802734375,294,1708.4896240234375,91.17999154366137,101.28652779556879,1
pgame_seed2,pgame,2,leg4_weak,ite,0,11,294,1746.212158203125,294,1708.4896240234375,91.17999154366137,101.28652779556879,1
pgame_seed2,pgame,2,leg4_weak,ite,0,12,294,1697.4935302734375,294,1708.4896240234375,91.17999154366137,101.28652779556879,1
pgame_seed2,pgame,2,leg4_weak,ite,0,13,294,1733.22265625,294,1708.4896240234375,91.17999154366137,101.28652779556879,1
pgame_seed2,pgame,2,leg4_weak,ite,0,14,294,1747.5384521484375,294,1708.4896240234375,91.17999154366137,101.28652779556879,1
pgame_seed2,pgame,2,leg4_weak,ite,0,15,294,1688.4251708984375,294,1708.4896240234375,91.17999154366137,101.28652779556879,1
pgame_seed2,pgame,2,leg4_weak,ite,0,16,294,1737.539306640625,294,1708.4896240234375,91.17999154366137,101.28652779556879,1
pgame_seed2,pgame,2,leg4_weak,ite,0,17,294,1730.6339111328125,294,1708.4896240234375,91.17999154366137,101.28652779556879,1
pgame_seed2,pgame,2,leg4_weak,ite,0,18,294,1786.0252685546875,294,1708.4896240234375,91.17999154366137,101.28652779556879,1
pgame_seed2,pgame,2,leg4_weak,ite,0,19,294,1801.822509765625,294,1708.4896240234375,91.17999154366137,101.28652779556879,1
pgame_seed2,pgame,2,leg4_weak,ite,0,20,294,1741.8302001953125,294,1708.4896240234375,91.17999154366137,101.28652779556879,1
pgame_seed2,pgame,2,leg4_weak,ite,1,1,294,1687.521240234375,294,1708.4896240234375,91.17999154366137,101.28652779556879,1
pgame_seed2,pgame,2,leg4_weak,ite,1,2,294,1741.07763671875,294,1708.4896240234375,91.17999154366137,101.28652779556879,1
pgame_seed2,pgame,2,leg4_weak,ite,1,3,294,1742.1402587890625,294,1708.4896240234375,91.17999154366137,101.28652779556879,1
pgame_seed2,pgame,2,leg4_weak,ite,1,4,294,1748.490234375,294,1708.4896240234375,91.17999154366137,101.28652779556879,1
pgame_seed2,pgame,2,leg4_weak,ite,1,5,294,1803.863037109375,294,1708.4896240234375,91.17999154366137,101.28652779556879,1
pgame_seed2,pgame,2,leg4_weak,ite,1,6,294,1728.2122802734375,294,1708.4896240234375,91.17999154366137,101.28652779556879,1
pgame_seed2,pgame,2,leg4_weak,ite,1,7,294,1724.3895263671875,294,1708.4896240234375,91.17999154366137,101.28652779556879,1
pgame_seed2,pgame,2,leg4_weak,ite,1,8,294,1694.3837890625,294,1708.4896240234375,91.17999154366137,101.28652779556879,1
pgame_seed2,pgame,2,leg4_weak,ite,1,9,294,1734.89404296875,294,1708.4896240234375,91.17999154366137,101.28652779556879,1
pgame_seed2,pgame,2,leg4_weak,ite,1,10,294,1679.5472412109375,294,1708.4896240234375,91.17999154366137,101.28652779556879,1
pgame_seed2,pgame,2,leg4_weak,ite,1,11,294,1746.8133544921875,294,1708.4896240234375,91.17999154366137,101.28652779556879,1
pgame_seed2,pgame,2,leg4_weak,ite,1,12,294,1745.13330078125,294,1708.4896240234375,91.17999154366137,101.28652779556879,1
pgame_seed2,pgame,2,leg4_weak,ite,1,13,294,1731.5323486328125,294,1708.4896240234375,91.17999154366137,101.28652779556879,1
pgame_seed2,pgame,2,leg4_weak,ite,1,14,294,1729.34228515625,294,1708.4896240234375,91.17999154366137,101.28652779556879,1
pgame_seed2,pgame,2,leg4_weak,ite,1,15,294,1744.3212890625,294,1708.4896240234375,91.17999154366137,101.28652779556879,1
pgame_seed2,pgame,2,leg4_weak,ite,1,16,294,1735.676025390625,294,1708.4896240234375,91.17999154366137,101.28652779556879,1
pgame_seed2,pgame,2,leg4_weak,ite,1,17,294,1688.591552734375,294,1708.4896240234375,91.17999154366137,101.28652779556879,1
pgame_seed2,pgame,2,leg4_weak,ite,1,18,294,1746.836669921875,294,1708.4896240234375,91.17999154366137,101.28652779556879,1
pgame_seed2,pgame,2,leg4_weak,ite,1,19,294,1749.64306640625,294,1708.4896240234375,91.17999154366137,101.28652779556879,1
pgame_seed2,pgame,2,leg4_weak,ite,1,20,294,1800.976318359375,294,1708.4896240234375,91.17999154366137,101.28652779556879,1
pgame_seed2,pgame,2,leg4_weak,ite,2,1,294,1717.90576171875,294,1708.4896240234375,91.17999154366137,101.28652779556879,1
pgame_seed2,pgame,2,leg4_weak,ite,2,2,294,1684.278076171875,294,1708.4896240234375,91.17999154366137,101.28652779556879,1
pgame_seed2,pgame,2,leg4_weak,ite,2,3,294,1757.6318359375,294,1708.4896240234375,91.17999154366137,101.28652779556879,1
pgame_seed2,pgame,2,leg4_weak,ite,2,4,294,1691.215576171875,294,1708.4896240234375,91.17999154366137,101.28652779556879,1
pgame_seed2,pgame,2,leg4_weak,ite,2,5,294,1677.101318359375,294,1708.4896240234375,91.17999154366137,101.28652779556879,1
pgame_seed2,pgame,2,leg4_weak,ite,2,6,294,1749.6793212890625,294,1708.4896240234375,91.17999154366137,101.28652779556879,1
pgame_seed2,pgame,2,leg4_weak,ite,2,7,294,1756.787109375,294,1708.4896240234375,91.17999154366137,101.28652779556879,1
pgame_seed2,pgame,2,leg4_weak,ite,2,8,294,1707.4473876953125,294,1708.4896240234375,91.17999154366137,101.28652779556879,1
pgame_seed2,pgame,2,leg4_weak,ite,2,9,294,1729.692626953125,294,1708.4896240234375,91.17999154366137,101.28652779556879,1
pgame_seed2,pgame,2,leg4_weak,ite,2,10,294,1687.82177734375,294,1708.4896240234375,91.17999154366137,101.28652779556879,1
pgame_seed2,pgame,2,leg4_weak,ite,2,11,294,1734.8660888671875,294,1708.4896240234375,91.17999154366137,101.28652779556879,1
pgame_seed2,pgame,2,leg4_weak,ite,2,12,294,1708.9097900390625,294,1708.4896240234375,91.17999154366137,101.28652779556879,1
pgame_seed2,pgame,2,leg4_weak,ite,2,13,294,1618.353515625,294,1708.4896240234375,91.17999154366137,101.28652779556879,1
pgame_seed2,pgame,2,leg4_weak,ite,2,14,294,1700.224365234375,294,1708.4896240234375,91.17999154366137,101.28652779556879,1
pgame_seed2,pgame,2,leg4_weak,ite,2,15,294,1638.7999267578125,294,1708.4896240234375,91.17999154366137,101.28652779556879,1
pgame_seed2,pgame,2,leg4_weak,ite,2,16,294,1756.184326171875,294,1708.4896240234375,91.17999154366137,101.28652779556879,1
pgame_seed2,pgame,2,leg4_weak,ite,2,17,294,1733.79345703125,294,1708.4896240234375,91.17999154366137,101.28652779556879,1
pgame_seed2,pgame,2,leg4_weak,ite,2,18,294,1724.0162353515625,294,1708.4896240234375,91.17999154366137,101.28652779556879,1
pgame_seed2,pgame,2,leg4_weak,ite,2,19,294,1747.8896484375,294,1708.4896240234375,91.17999154366137,101.28652779556879,1
pgame_seed2,pgame,2,leg4_weak,ite,2,20,294,1742.3773193359375,294,1708.4896240234375,91.17999154366137,101.28652779556879,1
pgame_seed2,pgame,2,leg4_weak,ite,3,1,294,1752.3880615234375,294,1708.4896240234375,91.17999154366137,101.28652779556879,1
pgame_seed2,pgame,2,leg4_weak,ite,3,2,294,1690.08349609375,294,1708.4896240234375,91.17999154366137,101.28652779556879,1
pgame_seed2,pgame,2,leg4_weak,ite,3,3,294,1787.0205078125,294,1708.4896240234375,91.17999154366137,101.28652779556879,1
pgame_seed2,pgame,2,leg4_weak,ite,3,4,294,1745.58642578125,294,1708.4896240234375,91.17999154366137,101.28652779556879,1
pgame_seed2,pgame,2,leg4_weak,ite,3,5,294,1755.99169921875,294,1708.4896240234375,91.17999154366137,101.28652779556879,1
pgame_seed2,pgame,2,leg4_weak,ite,3,6,294,1727.625244140625,294,1708.4896240234375,91.17999154366137,101.28652779556879,1
pgame_seed2,pgame,2,leg4_weak,ite,3,7,294,1718.98291015625,294,1708.4896240234375,91.17999154366137,101.28652779556879,1
pgame_seed2,pgame,2,leg4_weak,ite,3,8,294,1814.7994384765625,294,1708.4896240234375,91.17999154366137,101.28652779556879,1
pgame_seed2,pgame,2,leg4_weak,ite,3,9,294,1699.6673583984375,294,1708.4896240234375,91.17999154366137,101.28652779556879,1
pgame_seed2,pgame,2,leg4_weak,ite,3,10,294,1797.950439453125,294,1708.4896240234375,91.17999154366137,101.28652779556879,1
pgame_seed2,pgame,2,leg4_weak,ite,3,11,294,1756.299072265625,294,1708.4896240234375,91.17999154366137,101.28652779556879,1
pgame_seed2,pgame,2,leg4_weak,ite,3,12,294,1793.27685546875,294,1708.4896240234375,91.17999154366137,101.28652779556879,1
pgame_seed2,pgame,2,leg4_weak,ite,3,13,294,1715.376953125,294,1708.4896240234375,91.17999154366137,101.28652779556879,1
pgame_seed2,pgame,2,leg4_weak,ite,3,14,294,1798.886474609375,294,1708.4896240234375,91.17999154366137,101.28652779556879,1
pgame_seed2,pgame,2,leg4_weak,ite,3,15,294,1737.191162109375,294,1708.4896240234375,91.17999154366137,101.28652779556879,1
pgame_seed2,pgame,2,leg4_weak,ite,3,16,294,1750.181396484375,294,1708.4896240234375,91.17999154366137,101.28652779556879,1
pgame_seed2,pgame,2,leg4_weak,ite,3,17,294,1717.61328125,294,1708.4896240234375,91.17999154366137,101.28652779556879,1
pgame_seed2,pgame,2,leg4_weak,ite,3,18,294,1726.5604248046875,294,1708.4896240234375,91.17999154366137,101.28652779556879,1
pgame_seed2,pgame,2,leg4_weak,ite,3,19,294,1684.234375,294,1708.4896240234375,91.17999154366137,101.28652779556879,1
pgame_seed2,pgame,2,leg4_weak,ite,3,20,294,1748.9512939453125,294,1708.4896240234375,91.17999154366137,101.28652779556879,1
pgame_seed2,pgame,2,leg4_weak,ite,4,1,294,1739.145263671875,294,1708.4896240234375,91.17999154366137,101.28652779556879,1
pgame_seed2,pgame,2,leg4_weak,ite,4,2,294,1719.9095458984375,294,1708.4896240234375,91.17999154366137,101.28652779556879,1
pgame_seed2,pgame,2,leg4_weak,ite,4,3,294,1603.9818115234375,294,1708.4896240234375,91.17999154366137,101.28652779556879,1
pgame_seed2,pgame,2,leg4_weak,ite,4,4,294,1773.01318359375,294,1708.4896240234375,91.17999154366137,101.28652779556879,1
pgame_seed2,pgame,2,leg4_weak,ite,4,5,294,1710.5018310546875,294,1708.4896240234375,91.17999154366137,101.28652779556879,1
pgame_seed2,pgame,2,leg4_weak,ite,4,6,294,1757.13671875,294,1708.4896240234375,91.17999154366137,101.28652779556879,1
pgame_seed2,pgame,2,leg4_weak,ite,4,7,294,1742.4853515625,294,1708.4896240234375,91.17999154366137,101.28652779556879,1
pgame_seed2,pgame,2,leg4_weak,ite,4,8,294,1767.7548828125,294,1708.4896240234375,91.17999154366137,101.28652779556879,1
pgame_seed2,pgame,2,leg4_weak,ite,4,9,294,1739.771728515625,294,1708.4896240234375,91.17999154366137,101.28652779556879,1
pgame_seed2,pgame,2,leg4_weak,ite,4,10,294,1786.2181396484375,294,1708.4896240234375,91.17999154366137,101.28652779556879,1
pgame_seed2,pgame,2,leg4_weak,ite,4,11,294,1739.52783203125,294,1708.4896240234375,91.17999154366137,101.28652779556879,1
pgame_seed2,pgame,2,leg4_weak,ite,4,12,294,1741.0242919921875,294,1708.4896240234375,91.17999154366137,101.28652779556879,1
pgame_seed2,pgame,2,leg4_weak,ite,4,13,294,1760.0419921875,294,1708.4896240234375,91.17999154366137,101.28652779556879,1
pgame_seed2,pgame,2,leg4_weak,ite,4,14,294,1691.695556640625,294,1708.4896240234375,91.17999154366137,101.28652779556879,1
pgame_seed2,pgame,2,leg4_weak,ite,4,15,294,1764.787841796875,294,1708.4896240234375,91.17999154366137,101.28652779556879,1
pgame_seed2,pgame,2,leg4_weak,ite,4,16,294,1651.27490234375,294,1708.4896240234375,91.17999154366137,101.28652779556879,1
pgame_seed2,pgame,2,leg4_weak,ite,4,17,294,1701.874755859375,294,1708.4896240234375,91.17999154366137,101.28652779556879,1
pgame_seed2,pgame,2,leg4_weak,ite,4,18,294,1767.748779296875,294,1708.4896240234375,91.17999154366137,101.28652779556879,1
pgame_seed2,pgame,2,leg4_weak,ite,4,19,294,1706.275146484375,294,1708.4896240234375,91.17999154366137,101.28652779556879,1
pgame_seed2,pgame,2,leg4_weak,ite,4,20,294,1726.979736328125,294,1708.4896240234375,91.17999154366137,101.28652779556879,1
pgame_seed2,pgame,2,leg4_weak,top_k,0,1,294,1765.463134765625,294,1708.4896240234375,91.17999154366137,101.28652779556879,
pgame_seed2,pgame,2,leg4_weak,top_k,0,2,972,1619.3465576171875,294,1708.4896240234375,91.17999154366137,101.28652779556879,
pgame_seed2,pgame,2,leg4_weak,top_k,0,3,330,1692.90625,294,1708.4896240234375,91.17999154366137,101.28652779556879,
pgame_seed2,pgame,2,leg4_weak,top_k,0,4,761,1517.373046875,294,1708.4896240234375,91.17999154366137,101.28652779556879,
pgame_seed2,pgame,2,leg4_weak,top_k,0,5,115,1647.957763671875,294,1708.4896240234375,91.17999154366137,101.28652779556879,
pgame_seed2,pgame,2,leg4_weak,top_k,0,6,596,1550.532470703125,294,1708.4896240234375,91.17999154366137,101.28652779556879,
pgame_seed2,pgame,2,leg4_weak,top_k,0,7,320,1545.5260009765625,294,1708.4896240234375,91.17999154366137,101.28652779556879,
pgame_seed2,pgame,2,leg4_weak,top_k,0,8,603,1490.660400390625,294,1708.4896240234375,91.17999154366137,101.28652779556879,
pgame_seed2,pgame,2,leg4_weak,top_k,0,9,474,1457.2823486328125,294,1708.4896240234375,91.17999154366137,101.28652779556879,
pgame_seed2,pgame,2,leg4_weak,top_k,0,10,475,1726.396728515625,294,1708.4896240234375,91.17999154366137,101.28652779556879,
pgame_seed2,pgame,2,leg4_weak,top_k,0,11,565,1494.8687744140625,294,1708.4896240234375,91.17999154366137,101.28652779556879,
pgame_seed2,pgame,2,leg4_weak,top_k,0,12,508,1639.2919921875,294,1708.4896240234375,91.17999154366137,101.28652779556879,
pgame_seed2,pgame,2,leg4_weak,top_k,0,13,711,1643.74951171875,294,1708.4896240234375,91.17999154366137,101.28652779556879,
pgame_seed2,pgame,2,leg4_weak,top_k,0,14,1001,1577.6158447265625,294,1708.4896240234375,91.17999154366137,101.28652779556879,
pgame_seed2,pgame,2,leg4_weak,top_k,0,15,441,1445.6171875,294,1708.4896240234375,91.17999154366137,101.28652779556879,
pgame_seed2,pgame,2,leg4_weak,top_k,0,16,831,1498.085693359375,294,1708.4896240234375,91.17999154366137,101.28652779556879,
pgame_seed2,pgame,2,leg4_weak,top_k,0,17,209,1409.486572265625,294,1708.4896240234375,91.17999154366137,101.28652779556879,
pgame_seed2,pgame,2,leg4_weak,top_k,0,18,182,1602.140625,294,1708.4896240234375,91.17999154366137,101.28652779556879,
pgame_seed2,pgame,2,leg4_weak,top_k,0,19,887,1388.7880859375,294,1708.4896240234375,91.17999154366137,101.28652779556879,
pgame_seed2,pgame,2,leg4_weak,top_k,0,20,575,1104.37255859375,294,1708.4896240234375,91.17999154366137,101.28652779556879,
pgame_seed2,pgame,2,leg4_weak,top_k,1,1,294,1706.478759765625,294,1708.4896240234375,91.17999154366137,101.28652779556879,
pgame_seed2,pgame,2,leg4_weak,top_k,1,2,972,1566.35302734375,294,1708.4896240234375,91.17999154366137,101.28652779556879,
pgame_seed2,pgame,2,leg4_weak,top_k,1,3,330,1727.8187255859375,330,1771.344970703125,100.0,111.08416011101286,
pgame_seed2,pgame,2,leg4_weak,top_k,1,4,761,1355.3001708984375,330,1771.344970703125,100.0,111.08416011101286,
pgame_seed2,pgame,2,leg4_weak,top_k,1,5,115,1637.5255126953125,330,1771.344970703125,100.0,111.08416011101286,
pgame_seed2,pgame,2,leg4_weak,top_k,1,6,596,1545.46826171875,330,1771.344970703125,100.0,111.08416011101286,
pgame_seed2,pgame,2,leg4_weak,top_k,1,7,320,1498.6474609375,330,1771.344970703125,100.0,111.08416011101286,
pgame_seed2,pgame,2,leg4_weak,top_k,1,8,603,1479.89111328125,330,1771.344970703125,100.0,111.08416011101286,
pgame_seed2,pgame,2,leg4_weak,top_k,1,9,474,1417.822509765625,330,1771.344970703125,100.0,111.08416011101286,
pgame_seed2,pgame,2,leg4_weak,top_k,1,10,475,1682.45263671875,330,1771.344970703125,100.0,111.08416011101286,
pgame_seed2,pgame,2,leg4_weak,top_k,1,11,565,1513.9000244140625,330,1771.344970703125,100.0,111.08416011101286,
pgame_seed2,pgame,2,leg4_weak,top_k,1,12,508,1575.804443359375,330,1771.344970703125,100.0,111.08416011101286,
pgame_seed2,pgame,2,leg4_weak,top_k,1,13,711,1610.985595703125,330,1771.344970703125,100.0,111.08416011101286,
pgame_seed2,pgame,2,leg4_weak,top_k,1,14,1001,1541.3134765625,330,1771.344970703125,100.0,111.08416011101286,
pgame_seed2,pgame,2,leg4_weak,top_k,1,15,441,1479.292236328125,330,1771.344970703125,100.0,111.08416011101286,
pgame_seed2,pgame,2,leg4_weak,top_k,1,16,831,1514.7666015625,330,1771.344970703125,100.0,111.08416011101286,
pgame_seed2,pgame,2,leg4_weak,top_k,1,17,209,1465.96728515625,330,1771.344970703125,100.0,111.08416011101286,
pgame_seed2,pgame,2,leg4_weak,top_k,1,18,182,1634.782958984375,330,1771.344970703125,100.0,111.08416011101286,
pgame_seed2,pgame,2,leg4_weak,top_k,1,19,887,1313.3309326171875,330,1771.344970703125,100.0,111.08416011101286,
pgame_seed2,pgame,2,leg4_weak,top_k,1,20,575,1123.3392333984375,330,1771.344970703125,100.0,111.08416011101286,
pgame_seed2,pgame,2,leg4_weak,top_k,2,1,294,1777.98486328125,294,1708.4896240234375,91.17999154366137,101.28652779556879,
pgame_seed2,pgame,2,leg4_weak,top_k,2,2,972,1579.90673828125,294,1708.4896240234375,91.17999154366137,101.28652779556879,
pgame_seed2,pgame,2,leg4_weak,top_k,2,3,330,1757.52294921875,294,1708.4896240234375,91.17999154366137,101.28652779556879,
pgame_seed2,pgame,2,leg4_weak,top_k,2,4,761,1449.295654296875,294,1708.4896240234375,91.17999154366137,101.28652779556879,
pgame_seed2,pgame,2,leg4_weak,top_k,2,5,115,1667.156005859375,294,1708.4896240234375,91.17999154366137,101.28652779556879,
pgame_seed2,pgame,2,leg4_weak,top_k,2,6,596,1585.247314453125,294,1708.4896240234375,91.17999154366137,101.28652779556879,
pgame_seed2,pgame,2,leg4_weak,top_k,2,7,320,1639.30810546875,294,1708.4896240234375,91.17999154366137,101.28652779556879,
pgame_seed2,pgame,2,leg4_weak,top_k,2,8,603,1543.027587890625,294,1708.4896240234375,91.17999154366137,101.28652779556879,
pgame_seed2,pgame,2,leg4_weak,top_k,2,9,474,1448.58642578125,294,1708.4896240234375,91.17999154366137,101.28652779556879,
pgame_seed2,pgame,2,leg4_weak,top_k,2,10,475,1636.471435546875,294,1708.4896240234375,91.17999154366137,101.28652779556879,
pgame_seed2,pgame,2,leg4_weak,top_k,2,11,565,1507.1396484375,294,1708.4896240234375,91.17999154366137,101.28652779556879,
pgame_seed2,pgame,2,leg4_weak,top_k,2,12,508,1566.812744140625,294,1708.4896240234375,91.17999154366137,101.28652779556879,
pgame_seed2,pgame,2,leg4_weak,top_k,2,13,711,1598.9130859375,294,1708.4896240234375,91.17999154366137,101.28652779556879,
pgame_seed2,pgame,2,leg4_weak,top_k,2,14,1001,1477.13232421875,294,1708.4896240234375,91.17999154366137,101.28652779556879,
pgame_seed2,pgame,2,leg4_weak,top_k,2,15,441,1462.024658203125,294,1708.4896240234375,91.17999154366137,101.28652779556879,
pgame_seed2,pgame,2,leg4_weak,top_k,2,16,831,1512.086181640625,294,1708.4896240234375,91.17999154366137,101.28652779556879,
pgame_seed2,pgame,2,leg4_weak,top_k,2,17,209,1448.6690673828125,294,1708.4896240234375,91.17999154366137,101.28652779556879,
pgame_seed2,pgame,2,leg4_weak,top_k,2,18,182,1650.24560546875,294,1708.4896240234375,91.17999154366137,101.28652779556879,
pgame_seed2,pgame,2,leg4_weak,top_k,2,19,887,1330.043701171875,294,1708.4896240234375,91.17999154366137,101.28652779556879,
pgame_seed2,pgame,2,leg4_weak,top_k,2,20,575,1206.2813720703125,294,1708.4896240234375,91.17999154366137,101.28652779556879,
pgame_seed2,pgame,2,leg4_weak,top_k,3,1,294,1724.561767578125,294,1708.4896240234375,91.17999154366137,101.28652779556879,
pgame_seed2,pgame,2,leg4_weak,top_k,3,2,972,1654.900390625,294,1708.4896240234375,91.17999154366137,101.28652779556879,
pgame_seed2,pgame,2,leg4_weak,top_k,3,3,330,1734.8890380859375,330,1771.344970703125,100.0,111.08416011101286,
pgame_seed2,pgame,2,leg4_weak,top_k,3,4,761,1479.4423828125,330,1771.344970703125,100.0,111.08416011101286,
pgame_seed2,pgame,2,leg4_weak,top_k,3,5,115,1651.5458984375,330,1771.344970703125,100.0,111.08416011101286,
pgame_seed2,pgame,2,leg4_weak,top_k,3,6,596,1571.299072265625,330,1771.344970703125,100.0,111.08416011101286,
pgame_seed2,pgame,2,leg4_weak,top_k,3,7,320,1690.230224609375,330,1771.344970703125,100.0,111.08416011101286,
pgame_seed2,pgame,2,leg4_weak,top_k,3,8,603,1454.21044921875,330,1771.344970703125,100.0,111.08416011101286,
pgame_seed2,pgame,2,leg4_weak,top_k,3,9,474,1449.155029296875,330,1771.344970703125,100.0,111.08416011101286,
pgame_seed2,pgame,2,leg4_weak,top_k,3,10,475,1756.8525390625,475,1701.653564453125,90.22073976313344,100.2209510118194,
pgame_seed2,pgame,2,leg4_weak,top_k,3,11,565,1579.407470703125,475,1701.653564453125,90.22073976313344,100.2209510118194,
pgame_seed2,pgame,2,leg4_weak,top_k,3,12,508,1655.2001953125,475,1701.653564453125,90.22073976313344,100.2209510118194,
pgame_seed2,pgame,2,leg4_weak,top_k,3,13,711,1625.513427734375,475,1701.653564453125,90.22073976313344,100.2209510118194,
pgame_seed2,pgame,2,leg4_weak,top_k,3,14,1001,1517.196533203125,475,1701.653564453125,90.22073976313344,100.2209510118194,
pgame_seed2,pgame,2,leg4_weak,top_k,3,15,441,1398.6068115234375,475,1701.653564453125,90.22073976313344,100.2209510118194,
pgame_seed2,pgame,2,leg4_weak,top_k,3,16,831,1463.621337890625,475,1701.653564453125,90.22073976313344,100.2209510118194,
pgame_seed2,pgame,2,leg4_weak,top_k,3,17,209,1417.504638671875,475,1701.653564453125,90.22073976313344,100.2209510118194,
pgame_seed2,pgame,2,leg4_weak,top_k,3,18,182,1622.4632568359375,475,1701.653564453125,90.22073976313344,100.2209510118194,
pgame_seed2,pgame,2,leg4_weak,top_k,3,19,887,1305.0916748046875,475,1701.653564453125,90.22073976313344,100.2209510118194,
pgame_seed2,pgame,2,leg4_weak,top_k,3,20,575,1081.4815673828125,475,1701.653564453125,90.22073976313344,100.2209510118194,
pgame_seed2,pgame,2,leg4_weak,top_k,4,1,294,1761.4599609375,294,1708.4896240234375,91.17999154366137,101.28652779556879,
pgame_seed2,pgame,2,leg4_weak,top_k,4,2,972,1629.009521484375,294,1708.4896240234375,91.17999154366137,101.28652779556879,
pgame_seed2,pgame,2,leg4_weak,top_k,4,3,330,1759.68701171875,294,1708.4896240234375,91.17999154366137,101.28652779556879,
pgame_seed2,pgame,2,leg4_weak,top_k,4,4,761,1474.51220703125,294,1708.4896240234375,91.17999154366137,101.28652779556879,
pgame_seed2,pgame,2,leg4_weak,top_k,4,5,115,1647.6280517578125,294,1708.4896240234375,91.17999154366137,101.28652779556879,
pgame_seed2,pgame,2,leg4_weak,top_k,4,6,596,1577.53271484375,294,1708.4896240234375,91.17999154366137,101.28652779556879,
pgame_seed2,pgame,2,leg4_weak,top_k,4,7,320,1699.19970703125,294,1708.4896240234375,91.17999154366137,101.28652779556879,
pgame_seed2,pgame,2,leg4_weak,top_k,4,8,603,1556.86376953125,294,1708.4896240234375,91.17999154366137,101.28652779556879,
pgame_seed2,pgame,2,leg4_weak,top_k,4,9,474,1428.988037109375,294,1708.4896240234375,91.17999154366137,101.28652779556879,
pgame_seed2,pgame,2,leg4_weak,top_k,4,10,475,1732.6611328125,294,1708.4896240234375,91.17999154366137,101.28652779556879,
pgame_seed2,pgame,2,leg4_weak,top_k,4,11,565,1564.55078125,294,1708.4896240234375,91.17999154366137,101.28652779556879,
pgame_seed2,pgame,2,leg4_weak,top_k,4,12,508,1635.9764404296875,294,1708.4896240234375,91.17999154366137,101.28652779556879,
pgame_seed2,pgame,2,leg4_weak,top_k,4,13,711,1614.0234375,294,1708.4896240234375,91.17999154366137,101.28652779556879,
pgame_seed2,pgame,2,leg4_weak,top_k,4,14,1001,1573.05126953125,294,1708.4896240234375,91.17999154366137,101.28652779556879,
pgame_seed2,pgame,2,leg4_weak,top_k,4,15,441,1463.2786865234375,294,1708.4896240234375,91.17999154366137,101.28652779556879,
pgame_seed2,pgame,2,leg4_weak,top_k,4,16,831,1528.7730712890625,294,1708.4896240234375,91.17999154366137,101.28652779556879,
pgame_seed2,pgame,2,leg4_weak,top_k,4,17,209,1448.5887451171875,294,1708.4896240234375,91.17999154366137,101.28652779556879,
pgame_seed2,pgame,2,leg4_weak,top_k,4,18,182,1635.47802734375,294,1708.4896240234375,91.17999154366137,101.28652779556879,
pgame_seed2,pgame,2,leg4_weak,top_k,4,19,887,1338.813232421875,294,1708.4896240234375,91.17999154366137,101.28652779556879,
pgame_seed2,pgame,2,leg4_weak,top_k,4,20,575,1283.0673828125,294,1708.4896240234375,91.17999154366137,101.28652779556879,
pgame_seed2,pgame,2,leg4_weak,best_intact,0,1,294,1685.6544189453125,294,1708.4896240234375,91.17999154366137,101.28652779556879,
pgame_seed2,pgame,2,leg4_weak,best_intact,1,1,294,1760.087646484375,294,1708.4896240234375,91.17999154366137,101.28652779556879,
pgame_seed2,pgame,2,leg4_weak,best_intact,2,1,294,1766.762939453125,294,1708.4896240234375,91.17999154366137,101.28652779556879,
pgame_seed2,pgame,2,leg4_weak,best_intact,3,1,294,1672.4912109375,294,1708.4896240234375,91.17999154366137,101.28652779556879,
pgame_seed2,pgame,2,leg4_weak,best_intact,4,1,294,1708.101318359375,294,1708.4896240234375,91.17999154366137,101.28652779556879,
pgame_seed2,pgame,2,legs12_paralysed,ite,0,1,294,935.8175048828125,294,989.7889404296875,-324.2322077587919,-10.741571875790376,
pgame_seed2,pgame,2,legs12_paralysed,ite,0,2,412,1058.0826416015625,412,1060.539794921875,8.656386551918827,0.2867796477555211,
pgame_seed2,pgame,2,legs12_paralysed,ite,0,3,258,1050.232666015625,412,1060.539794921875,8.656386551918827,0.2867796477555211,
pgame_seed2,pgame,2,legs12_paralysed,ite,0,4,475,1052.0020751953125,412,1060.539794921875,8.656386551918827,0.2867796477555211,
pgame_seed2,pgame,2,legs12_paralysed,ite,0,5,323,1049.60791015625,412,1060.539794921875,8.656386551918827,0.2867796477555211,
pgame_seed2,pgame,2,legs12_paralysed,ite,0,6,334,1065.499267578125,334,1069.414794921875,50.413992106121555,1.670178060028798,
pgame_seed2,pgame,2,legs12_paralysed,ite,0,7,646,1030.762451171875,334,1069.414794921875,50.413992106121555,1.670178060028798,
pgame_seed2,pgame,2,legs12_paralysed,ite,0,8,603,1050.056640625,334,1069.414794921875,50.413992106121555,1.670178060028798,
pgame_seed2,pgame,2,legs12_paralysed,ite,0,9,258,1077.942138671875,258,1060.9320068359375,10.50177589288567,0.34791602400213806,
pgame_seed2,pgame,2,legs12_paralysed,ite,0,10,606,1057.4765625,258,1060.9320068359375,10.50177589288567,0.34791602400213806,
pgame_seed2,pgame,2,legs12_paralysed,ite,0,11,412,1064.7900390625,258,1060.9320068359375,10.50177589288567,0.34791602400213806,
pgame_seed2,pgame,2,legs12_paralysed,ite,0,12,258,1054.882080078125,258,1060.9320068359375,10.50177589288567,0.34791602400213806,
pgame_seed2,pgame,2,legs12_paralysed,ite,0,13,475,1052.647705078125,258,1060.9320068359375,10.50177589288567,0.34791602400213806,
pgame_seed2,pgame,2,legs12_paralysed,ite,0,14,704,1048.109375,258,1060.9320068359375,10.50177589288567,0.34791602400213806,
pgame_seed2,pgame,2,legs12_paralysed,ite,0,15,412,1066.455810546875,258,1060.9320068359375,10.50177589288567,0.34791602400213806,
pgame_seed2,pgame,2,legs12_paralysed,ite,0,16,323,1053.5157470703125,258,1060.9320068359375,10.50177589288567,0.34791602400213806,
pgame_seed2,pgame,2,legs12_paralysed,ite,0,17,258,1056.1168212890625,258,1060.9320068359375,10.50177589288567,0.34791602400213806,
pgame_seed2,pgame,2,legs12_paralysed,ite,0,18,412,1065.907470703125,258,1060.9320068359375,10.50177589288567,0.34791602400213806,
pgame_seed2,pgame,2,legs12_paralysed,ite,0,19,334,1062.0743408203125,258,1060.9320068359375,10.50177589288567,0.34791602400213806,
pgame_seed2,pgame,2,legs12_paralysed,ite,0,20,646,1067.079833984375,258,1060.9320068359375,10.50177589288567,0.34791602400213806,
pgame_seed2,pgame,2,legs12_paralysed,ite,1,1,294,1041.8831787109375,294,989.7889404296875,-324.2322077587919,-10.741571875790376,
pgame_seed2,pgame,2,legs12_paralysed,ite,1,2,412,1065.190185546875,412,1060.539794921875,8.656386551918827,0.2867796477555211,
pgame_seed2,pgame,2,legs12_paralysed,ite,1,3,258,1056.174072265625,412,1060.539794921875,8.656386551918827,0.2867796477555211,
pgame_seed2,pgame,2,legs12_paralysed,ite,1,4,475,1061.0997314453125,412,1060.539794921875,8.656386551918827,0.2867796477555211,
pgame_seed2,pgame,2,legs12_paralysed,ite,1,5,646,1043.8544921875,412,1060.539794921875,8.656386551918827,0.2867796477555211,
pgame_seed2,pgame,2,legs12_paralysed,ite,1,6,323,1056.559326171875,412,1060.539794921875,8.656386551918827,0.2867796477555211,
pgame_seed2,pgame,2,legs12_paralysed,ite,1,7,334,1069.761962890625,334,1069.414794921875,50.413992106121555,1.670178060028798,
pgame_seed2,pgame,2,legs12_paralysed,ite,1,8,603,1053.1658935546875,334,1069.414794921875,50.413992106121555,1.670178060028798,
pgame_seed2,pgame,2,legs12_paralysed,ite,1,9,294,982.777587890625,334,1069.414794921875,50.413992106121555,1.670178060028798,
pgame_seed2,pgame,2,legs12_paralysed,ite,1,10,258,1068.0897216796875,334,1069.414794921875,50.413992106121555,1.670178060028798,
pgame_seed2,pgame,2,legs12_paralysed,ite,1,11,606,1055.579345703125,334,1069.414794921875,50.413992106121555,1.670178060028798,
pgame_seed2,pgame,2,legs12_paralysed,ite,1,12,412,1076.550048828125,412,1060.539794921875,8.656386551918827,0.2867796477555211,
pgame_seed2,pgame,2,legs12_paralysed,ite,1,13,475,1053.668212890625,412,1060.539794921875,8.656386551918827,0.2867796477555211,
pgame_seed2,pgame,2,legs12_paralysed,ite,1,14,258,1052.1448974609375,412,1060.539794921875,8.656386551918827,0.2867796477555211,
pgame_seed2,pgame,2,legs12_paralysed,ite,1,15,412,1064.605712890625,412,1060.539794921875,8.656386551918827,0.2867796477555211,
pgame_seed2,pgame,2,legs12_paralysed,ite,1,16,704,1046.3720703125,412,1060.539794921875,8.656386551918827,0.2867796477555211,
pgame_seed2,pgame,2,legs12_paralysed,ite,1,17,323,1047.822265625,412,1060.539794921875,8.656386551918827,0.2867796477555211,
pgame_seed2,pgame,2,legs12_paralysed,ite,1,18,646,1063.451416015625,412,1060.539794921875,8.656386551918827,0.2867796477555211,
pgame_seed2,pgame,2,legs12_paralysed,ite,1,19,412,1066.171875,412,1060.539794921875,8.656386551918827,0.2867796477555211,
pgame_seed2,pgame,2,legs12_paralysed,ite,1,20,475,1057.132568359375,412,1060.539794921875,8.656386551918827,0.2867796477555211,
pgame_seed2,pgame,2,legs12_paralysed,ite,2,1,294,1011.8740844726562,294,989.7889404296875,-324.2322077587919,-10.741571875790376,
pgame_seed2,pgame,2,legs12_paralysed,ite,2,2,412,1065.596435546875,412,1060.539794921875,8.656386551918827,0.2867796477555211,
pgame_seed2,pgame,2,legs12_paralysed,ite,2,3,258,1052.20849609375,412,1060.539794921875,8.656386551918827,0.2867796477555211,
pgame_seed2,pgame,2,legs12_paralysed,ite,2,4,475,1045.3455810546875,412,1060.539794921875,8.656386551918827,0.2867796477555211,
pgame_seed2,pgame,2,legs12_paralysed,ite,2,5,323,1048.788330078125,412,1060.539794921875,8.656386551918827,0.2867796477555211,
pgame_seed2,pgame,2,legs12_paralysed,ite,2,6,646,1047.644287109375,412,1060.539794921875,8.656386551918827,0.2867796477555211,
pgame_seed2,pgame,2,legs12_paralysed,ite,2,7,334,1065.7763671875,334,1069.414794921875,50.413992106121555,1.670178060028798,
pgame_seed2,pgame,2,legs12_paralysed,ite,2,8,603,1045.290771484375,334,1069.414794921875,50.413992106121555,1.670178060028798,
pgame_seed2,pgame,2,legs12_paralysed,ite,2,9,258,1056.4107666015625,334,1069.414794921875,50.413992106121555,1.670178060028798,
pgame_seed2,pgame,2,legs12_paralysed,ite,2,10,294,961.947265625,334,1069.414794921875,50.413992106121555,1.670178060028798,
pgame_seed2,pgame,2,legs12_paralysed,ite,2,11,606,1058.33154296875,334,1069.414794921875,50.413992106121555,1.670178060028798,
pgame_seed2,pgame,2,legs12_paralysed,ite,2,12,412,1069.4610595703125,412,1060.539794921875,8.656386551918827,0.2867796477555211,
pgame_seed2,pgame,2,legs12_paralysed,ite,2,13,412,1073.504150390625,412,1060.539794921875,8.656386551918827,0.2867796477555211,
pgame_seed2,pgame,2,legs12_paralysed,ite,2,14,704,1047.6942138671875,412,1060.539794921875,8.656386551918827,0.2867796477555211,
pgame_seed2,pgame,2,legs12_paralysed,ite,2,15,258,1055.0992431640625,412,1060.539794921875,8.656386551918827,0.2867796477555211,
pgame_seed2,pgame,2,legs12_paralysed,ite,2,16,475,1052.740478515625,412,1060.539794921875,8.656386551918827,0.2867796477555211,
pgame_seed2,pgame,2,legs12_paralysed,ite,2,17,412,1065.499267578125,412,1060.539794921875,8.656386551918827,0.2867796477555211,
pgame_seed2,pgame,2,legs12_paralysed,ite,2,18,323,1053.821533203125,412,1060.539794921875,8.656386551918827,0.2867796477555211,
pgame_seed2,pgame,2,legs12_paralysed,ite,2,19,646,1040.26416015625,412,1060.539794921875,8.656386551918827,0.2867796477555211,
pgame_seed2,pgame,2,legs12_paralysed,ite,2,20,412,1063.510986328125,412,1060.539794921875,8.656386551918827,0.2867796477555211,
pgame_seed2,pgame,2,legs12_paralysed,ite,3,1,294,1037.244384765625,294,989.7889404296875,-324.2322077587919,-10.741571875790376,
pgame_seed2,pgame,2,legs12_paralysed,ite,3,2,412,1056.665771484375,412,1060.539794921875,8.656386551918827,0.2867796477555211,
pgame_seed2,pgame,2,legs12_paralysed,ite,3,3,258,1059.470458984375,258,1060.9320068359375,10.50177589288567,0.34791602400213806,
pgame_seed2,pgame,2,legs12_paralysed,ite,3,4,475,1038.7845458984375,258,1060.9320068359375,10.50177589288567,0.34791602400213806,
pgame_seed2,pgame,2,legs12_paralysed,ite,3,5,646,1066.4608154296875,646,1056.0909423828125,-12.275830855966827,-0.40668914536864786,
pgame_seed2,pgame,2,legs12_paralysed,ite,3,6,323,1054.1572265625,646,1056.0909423828125,-12.275830855966827,-0.40668914536864786,
pgame_seed2,pgame,2,legs12_paralysed,ite,3,7,334,1076.503173828125,334,1069.414794921875,50.413992106121555,1.670178060028798,
pgame_seed2,pgame,2,legs12_paralysed,ite,3,8,603,1049.443603515625,334,1069.414794921875,50.413992106121555,1.670178060028798,
pgame_seed2,pgame,2,legs12_paralysed,ite,3,9,294,1038.009033203125,334,1069.414794921875,50.413992106121555,1.670178060028798,
pgame_seed2,pgame,2,legs12_paralysed,ite,3,10,258,1075.424072265625,334,1069.414794921875,50.413992106121555,1.670178060028798,
pgame_seed2,pgame,2,legs12_paralysed,ite,3,11,606,1056.7373046875,334,1069.414794921875,50.413992106121555,1.670178060028798,
pgame_seed2,pgame,2,legs12_paralysed,ite,3,12,646,1067.61865234375,334,1069.414794921875,50.413992106121555,1.670178060028798,
pgame_seed2,pgame,2,legs12_paralysed,ite,3,13,412,1067.634521484375,334,1069.414794921875,50.413992106121555,1.670178060028798,
pgame_seed2,pgame,2,legs12_paralysed,ite,3,14,258,1056.837646484375,334,1069.414794921875,50.413992106121555,1.670178060028798,
pgame_seed2,pgame,2,legs12_paralysed,ite,3,15,704,1052.829345703125,334,1069.414794921875,50.413992106121555,1.670178060028798,
pgame_seed2,pgame,2,legs12_paralysed,ite,3,16,294,1014.1923828125,334,1069.414794921875,50.413992106121555,1.670178060028798,
pgame_seed2,pgame,2,legs12_paralysed,ite,3,17,323,1053.4146728515625,334,1069.414794921875,50.413992106121555,1.670178060028798,
pgame_seed2,pgame,2,legs12_paralysed,ite,3,18,475,1055.309814453125,334,1069.414794921875,50.413992106121555,1.670178060028798,
pgame_seed2,pgame,2,legs12_paralysed,ite,3,19,412,1058.32666015625,334,1069.414794921875,50.413992106121555,1.670178060028798,
pgame_seed2,pgame,2,legs12_paralysed,ite,3,20,258,1048.53125,334,1069.414794921875,50.413992106121555,1.670178060028798,
pgame_seed2,pgame,2,legs12_paralysed,ite,4,1,294,998.9879150390625,294,989.7889404296875,-324.2322077587919,-10.741571875790376,
pgame_seed2,pgame,2,legs12_paralysed,ite,4,2,412,1054.7685546875,412,1060.539794921875,8.656386551918827,0.2867796477555211,
pgame_seed2,pgame,2,legs12_paralysed,ite,4,3,258,1074.079345703125,258,1060.9320068359375,10.50177589288567,0.34791602400213806,
pgame_seed2,pgame,2,legs12_paralysed,ite,4,4,475,1052.2464599609375,258,1060.9320068359375,10.50177589288567,0.34791602400213806,
pgame_seed2,pgame,2,legs12_paralysed,ite,4,5,323,1057.23193359375,258,1060.9320068359375,10.50177589288567,0.34791602400213806,
pgame_seed2,pgame,2,legs12_paralysed,ite,4,6,646,1072.33203125,258,1060.9320068359375,10.50177589288567,0.34791602400213806,
pgame_seed2,pgame,2,legs12_paralysed,ite,4,7,334,1074.2984619140625,334,1069.414794921875,50.413992106121555,1.670178060028798,
pgame_seed2,pgame,2,legs12_paralysed,ite,4,8,603,1052.84423828125,334,1069.414794921875,50.413992106121555,1.670178060028798,
pgame_seed2,pgame,2,legs12_paralysed,ite,4,9,258,1049.830078125,334,1069.414794921875,50.413992106121555,1.670178060028798,
pgame_seed2,pgame,2,legs12_paralysed,ite,4,10,761,1041.5174560546875,334,1069.414794921875,50.413992106121555,1.670178060028798,
pgame_seed2,pgame,2,legs12_paralysed,ite,4,11,606,1057.0452880859375,334,1069.414794921875,50.413992106121555,1.670178060028798,
pgame_seed2,pgame,2,legs12_paralysed,ite,4,12,412,1070.5244140625,334,1069.414794921875,50.413992106121555,1.670178060028798,
pgame_seed2,pgame,2,legs12_paralysed,ite,4,13,475,1051.654052734375,334,1069.414794921875,50.413992106121555,1.670178060028798,
pgame_seed2,pgame,2,legs12_paralysed,ite,4,14,704,1048.623779296875,334,1069.414794921875,50.413992106121555,1.670178060028798,
pgame_seed2,pgame,2,legs12_paralysed,ite,4,15,258,1058.2578125,334,1069.414794921875,50.413992106121555,1.670178060028798,
pgame_seed2,pgame,2,legs12_paralysed,ite,4,16,646,1016.6661987304688,334,1069.414794921875,50.413992106121555,1.670178060028798,
pgame_seed2,pgame,2,legs12_paralysed,ite,4,17,323,1057.3734130859375,334,1069.414794921875,50.413992106121555,1.670178060028798,
pgame_seed2,pgame,2,legs12_paralysed,ite,4,18,412,1069.943603515625,334,1069.414794921875,50.413992106121555,1.670178060028798,
pgame_seed2,pgame,2,legs12_paralysed,ite,4,19,294,1019.0953369140625,334,1069.414794921875,50.413992106121555,1.670178060028798,
pgame_seed2,pgame,2,legs12_paralysed,ite,4,20,334,1069.4693603515625,334,1069.414794921875,50.413992106121555,1.670178060028798,
pgame_seed2,pgame,2,legs12_paralysed,top_k,0,1,294,1006.7399291992188,294,989.7889404296875,-324.2322077587919,-10.741571875790376,
pgame_seed2,pgame,2,legs12_paralysed,top_k,0,2,972,1073.97119140625,972,1052.4080810546875,-29.603996563084678,-0.9807583863771862,
pgame_seed2,pgame,2,legs12_paralysed,top_k,0,3,330,1050.465576171875,972,1052.4080810546875,-29.603996563084678,-0.9807583863771862,
pgame_seed2,pgame,2,legs12_paralysed,top_k,0,4,761,1044.908935546875,972,1052.4080810546875,-29.603996563084678,-0.9807583863771862,
pgame_seed2,pgame,2,legs12_paralysed,top_k,0,5,115,1020.091552734375,972,1052.4080810546875,-29.603996563084678,-0.9807583863771862,
pgame_seed2,pgame,2,legs12_paralysed,top_k,0,6,596,1035.6025390625,972,1052.4080810546875,-29.603996563084678,-0.9807583863771862,
pgame_seed2,pgame,2,legs12_paralysed,top_k,0,7,320,1043.2633056640625,972,1052.4080810546875,-29.603996563084678,-0.9807583863771862,
pgame_seed2,pgame,2,legs12_paralysed,top_k,0,8,603,1057.100341796875,972,1052.4080810546875,-29.603996563084678,-0.9807583863771862,
pgame_seed2,pgame,2,legs12_paralysed,top_k,0,9,474,1061.925537109375,972,1052.4080810546875,-29.603996563084678,-0.9807583863771862,
pgame_seed2,pgame,2,legs12_paralysed,top_k,0,10,475,1048.9010009765625,972,1052.4080810546875,-29.603996563084678,-0.9807583863771862,
pgame_seed2,pgame,2,legs12_paralysed,top_k,0,11,565,1032.509765625,972,1052.4080810546875,-29.603996563084678,-0.9807583863771862,
pgame_seed2,pgame,2,legs12_paralysed,top_k,0,12,508,1032.0543212890625,972,1052.4080810546875,-29.603996563084678,-0.9807583863771862,
pgame_seed2,pgame,2,legs12_paralysed,top_k,0,13,711,983.3905029296875,972,1052.4080810546875,-29.603996563084678,-0.9807583863771862,
pgame_seed2,pgame,2,legs12_paralysed,top_k,0,14,1001,1042.68994140625,972,1052.4080810546875,-29.603996563084678,-0.9807583863771862,
pgame_seed2,pgame,2,legs12_paralysed,top_k,0,15,441,1055.7333984375,972,1052.4080810546875,-29.603996563084678,-0.9807583863771862,
pgame_seed2,pgame,2,legs12_paralysed,top_k,0,16,831,1044.38232421875,972,1052.4080810546875,-29.603996563084678,-0.9807583863771862,
pgame_seed2,pgame,2,legs12_paralysed,top_k,0,17,209,1056.1873779296875,972,1052.4080810546875,-29.603996563084678,-0.9807583863771862,
pgame_seed2,pgame,2,legs12_paralysed,top_k,0,18,182,1017.1581420898438,972,1052.4080810546875,-29.603996563084678,-0.9807583863771862,
pgame_seed2,pgame,2,legs12_paralysed,top_k,0,19,887,1027.3944091796875,972,1052.4080810546875,-29.603996563084678,-0.9807583863771862,
pgame_seed2,pgame,2,legs12_paralysed,top_k,0,20,575,1055.7476806640625,972,1052.4080810546875,-29.603996563084678,-0.9807583863771862,
pgame_seed2,pgame,2,legs12_paralysed,top_k,1,1,294,1007.1881103515625,294,989.7889404296875,-324.2322077587919,-10.741571875790376,
pgame_seed2,pgame,2,legs12_paralysed,top_k,1,2,972,1053.3746337890625,972,1052.4080810546875,-29.603996563084678,-0.9807583863771862,
pgame_seed2,pgame,2,legs12_paralysed,top_k,1,3,330,1041.8480224609375,972,1052.4080810546875,-29.603996563084678,-0.9807583863771862,
pgame_seed2,pgame,2,legs12_paralysed,top_k,1,4,761,1064.68701171875,761,1045.6590576171875,-61.3587073889094,-2.032768336555511,
pgame_seed2,pgame,2,legs12_paralysed,top_k,1,5,115,1026.5830078125,761,1045.6590576171875,-61.3587073889094,-2.032768336555511,
pgame_seed2,pgame,2,legs12_paralysed,top_k,1,6,596,1035.0260009765625,761,1045.6590576171875,-61.3587073889094,-2.032768336555511,
pgame_seed2,pgame,2,legs12_paralysed,top_k,1,7,320,1094.11669921875,320,1047.9918212890625,-50.38286228904125,-1.6691467523436063,
pgame_seed2,pgame,2,legs12_paralysed,top_k,1,8,603,1044.3145751953125,320,1047.9918212890625,-50.38286228904125,-1.6691467523436063,
pgame_seed2,pgame,2,legs12_paralysed,top_k,1,9,474,1055.9967041015625,320,1047.9918212890625,-50.38286228904125,-1.6691467523436063,
pgame_seed2,pgame,2,legs12_paralysed,top_k,1,10,475,1043.05224609375,320,1047.9918212890625,-50.38286228904125,-1.6691467523436063,
pgame_seed2,pgame,2,legs12_paralysed,top_k,1,11,565,1037.778564453125,320,1047.9918212890625,-50.38286228904125,-1.6691467523436063,
pgame_seed2,pgame,2,legs12_paralysed,top_k,1,12,508,1039.097900390625,320,1047.9918212890625,-50.38286228904125,-1.6691467523436063,
pgame_seed2,pgame,2,legs12_paralysed,top_k,1,13,711,1005.0440063476562,320,1047.9918212890625,-50.38286228904125,-1.6691467523436063,
pgame_seed2,pgame,2,legs12_paralysed,top_k,1,14,1001,1048.83837890625,320,1047.9918212890625,-50.38286228904125,-1.6691467523436063,
pgame_seed2,pgame,2,legs12_paralysed,top_k,1,15,441,1052.6776123046875,320,1047.9918212890625,-50.38286228904125,-1.6691467523436063,
pgame_seed2,pgame,2,legs12_paralysed,top_k,1,16,831,1027.1282958984375,320,1047.9918212890625,-50.38286228904125,-1.6691467523436063,
pgame_seed2,pgame,2,legs12_paralysed,top_k,1,17,209,1061.1497802734375,320,1047.9918212890625,-50.38286228904125,-1.6691467523436063,
pgame_seed2,pgame,2,legs12_paralysed,top_k,1,18,182,998.1468505859375,320,1047.9918212890625,-50.38286228904125,-1.6691467523436063,
pgame_seed2,pgame,2,legs12_paralysed,top_k,1,19,887,1036.100830078125,320,1047.9918212890625,-50.38286228904125,-1.6691467523436063,
pgame_seed2,pgame,2,legs12_paralysed,top_k,1,20,575,1053.7325439453125,320,1047.9918212890625,-50.38286228904125,-1.6691467523436063,
pgame_seed2,pgame,2,legs12_paralysed,top_k,2,1,294,1008.3360595703125,294,989.7889404296875,-324.2322077587919,-10.741571875790376,
pgame_seed2,pgame,2,legs12_paralysed,top_k,2,2,972,1051.606689453125,972,1052.4080810546875,-29.603996563084678,-0.9807583863771862,
pgame_seed2,pgame,2,legs12_paralysed,top_k,2,3,330,1011.876953125,972,1052.4080810546875,-29.603996563084678,-0.9807583863771862,
pgame_seed2,pgame,2,legs12_paralysed,top_k,2,4,761,1041.480224609375,972,1052.4080810546875,-29.603996563084678,-0.9807583863771862,
pgame_seed2,pgame,2,legs12_paralysed,top_k,2,5,115,1030.12353515625,972,1052.4080810546875,-29.603996563084678,-0.9807583863771862,
pgame_seed2,pgame,2,legs12_paralysed,top_k,2,6,596,1060.1002197265625,596,1045.678955078125,-61.265088197319734,-2.029666802373065,
pgame_seed2,pgame,2,legs12_paralysed,top_k,2,7,320,1013.919189453125,596,1045.678955078125,-61.265088197319734,-2.029666802373065,
pgame_seed2,pgame,2,legs12_paralysed,top_k,2,8,603,1055.8857421875,596,1045.678955078125,-61.265088197319734,-2.029666802373065,
pgame_seed2,pgame,2,legs12_paralysed,top_k,2,9,474,1052.86474609375,596,1045.678955078125,-61.265088197319734,-2.029666802373065,
pgame_seed2,pgame,2,legs12_paralysed,top_k,2,10,475,1042.888671875,596,1045.678955078125,-61.265088197319734,-2.029666802373065,
pgame_seed2,pgame,2,legs12_paralysed,top_k,2,11,565,1033.54052734375,596,1045.678955078125,-61.265088197319734,-2.029666802373065,
pgame_seed2,pgame,2,legs12_paralysed,top_k,2,12,508,1034.273193359375,596,1045.678955078125,-61.265088197319734,-2.029666802373065,
pgame_seed2,pgame,2,legs12_paralysed,top_k,2,13,711,980.045654296875,596,1045.678955078125,-61.265088197319734,-2.029666802373065,
pgame_seed2,pgame,2,legs12_paralysed,top_k,2,14,1001,1054.7403564453125,596,1045.678955078125,-61.265088197319734,-2.029666802373065,
pgame_seed2,pgame,2,legs12_paralysed,top_k,2,15,441,1049.192626953125,596,1045.678955078125,-61.265088197319734,-2.029666802373065,
pgame_seed2,pgame,2,legs12_paralysed,top_k,2,16,831,1036.6483154296875,596,1045.678955078125,-61.265088197319734,-2.029666802373065,
pgame_seed2,pgame,2,legs12_paralysed,top_k,2,17,209,1040.030029296875,596,1045.678955078125,-61.265088197319734,-2.029666802373065,
pgame_seed2,pgame,2,legs12_paralysed,top_k,2,18,182,999.6497802734375,596,1045.678955078125,-61.265088197319734,-2.029666802373065,
pgame_seed2,pgame,2,legs12_paralysed,top_k,2,19,887,1036.720947265625,596,1045.678955078125,-61.265088197319734,-2.029666802373065,
pgame_seed2,pgame,2,legs12_paralysed,top_k,2,20,575,1057.05126953125,596,1045.678955078125,-61.265088197319734,-2.029666802373065,
pgame_seed2,pgame,2,legs12_paralysed,top_k,3,1,294,1010.775390625,294,989.7889404296875,-324.2322077587919,-10.741571875790376,
pgame_seed2,pgame,2,legs12_paralysed,top_k,3,2,972,1047.8260498046875,972,1052.4080810546875,-29.603996563084678,-0.9807583863771862,
pgame_seed2,pgame,2,legs12_paralysed,top_k,3,3,330,938.5833129882812,972,1052.4080810546875,-29.603996563084678,-0.9807583863771862,
pgame_seed2,pgame,2,legs12_paralysed,top_k,3,4,761,1042.92919921875,972,1052.4080810546875,-29.603996563084678,-0.9807583863771862,
pgame_seed2,pgame,2,legs12_paralysed,top_k,3,5,115,1028.21484375,972,1052.4080810546875,-29.603996563084678,-0.9807583863771862,
pgame_seed2,pgame,2,legs12_paralysed,top_k,3,6,596,1046.68115234375,972,1052.4080810546875,-29.603996563084678,-0.9807583863771862,
pgame_seed2,pgame,2,legs12_paralysed,top_k,3,7,320,1036.4853515625,972,1052.4080810546875,-29.603996563084678,-0.9807583863771862,
pgame_seed2,pgame,2,legs12_paralysed,top_k,3,8,603,1048.11376953125,603,1049.7978515625,-41.88534118739032,-1.387630198789701,
pgame_seed2,pgame,2,legs12_paralysed,top_k,3,9,474,1057.36279296875,474,1058.2933349609375,-1.9133924838150105,-0.0633892697877381,
pgame_seed2,pgame,2,legs12_paralysed,top_k,3,10,475,1046.3323974609375,474,1058.2933349609375,-1.9133924838150105,-0.0633892697877381,
pgame_seed2,pgame,2,legs12_paralysed,top_k,3,11,565,1045.2537841796875,474,1058.2933349609375,-1.9133924838150105,-0.0633892697877381,
pgame_seed2,pgame,2,legs12_paralysed,top_k,3,12,508,1033.08935546875,474,1058.2933349609375,-1.9133924838150105,-0.0633892697877381,
pgame_seed2,pgame,2,legs12_paralysed,top_k,3,13,711,997.6468505859375,474,1058.2933349609375,-1.9133924838150105,-0.0633892697877381,
pgame_seed2,pgame,2,legs12_paralysed,top_k,3,14,1001,1056.32470703125,474,1058.2933349609375,-1.9133924838150105,-0.0633892697877381,
pgame_seed2,pgame,2,legs12_paralysed,top_k,3,15,441,1057.988037109375,441,1047.849609375,-51.05198105101646,-1.6913141592304126,
pgame_seed2,pgame,2,legs12_paralysed,top_k,3,16,831,1036.3260498046875,441,1047.849609375,-51.05198105101646,-1.6913141592304126,
pgame_seed2,pgame,2,legs12_paralysed,top_k,3,17,209,1039.872802734375,441,1047.849609375,-51.05198105101646,-1.6913141592304126,
pgame_seed2,pgame,2,legs12_paralysed,top_k,3,18,182,1003.5706176757812,441,1047.849609375,-51.05198105101646,-1.6913141592304126,
pgame_seed2,pgame,2,legs12_paralysed,top_k,3,19,887,1033.987060546875,441,1047.849609375,-51.05198105101646,-1.6913141592304126,
pgame_seed2,pgame,2,legs12_paralysed,top_k,3,20,575,1064.0860595703125,575,1055.668212890625,-14.264807914095734,-0.4725824758828198,
pgame_seed2,pgame,2,legs12_paralysed,top_k,4,1,294,1018.59130859375,294,989.7889404296875,-324.2322077587919,-10.741571875790376,
pgame_seed2,pgame,2,legs12_paralysed,top_k,4,2,972,1071.418701171875,972,1052.4080810546875,-29.603996563084678,-0.9807583863771862,
pgame_seed2,pgame,2,legs12_paralysed,top_k,4,3,330,1060.3336181640625,972,1052.4080810546875,-29.603996563084678,-0.9807583863771862,
pgame_seed2,pgame,2,legs12_paralysed,top_k,4,4,761,1045.8101806640625,972,1052.4080810546875,-29.603996563084678,-0.9807583863771862,
pgame_seed2,pgame,2,legs12_paralysed,top_k,4,5,115,981.49951171875,972,1052.4080810546875,-29.603996563084678,-0.9807583863771862,
pgame_seed2,pgame,2,legs12_paralysed,top_k,4,6,596,1031.8092041015625,972,1052.4080810546875,-29.603996563084678,-0.9807583863771862,
pgame_seed2,pgame,2,legs12_paralysed,top_k,4,7,320,1038.304443359375,972,1052.4080810546875,-29.603996563084678,-0.9807583863771862,
pgame_seed2,pgame,2,legs12_paralysed,top_k,4,8,603,1054.2667236328125,972,1052.4080810546875,-29.603996563084678,-0.9807583863771862,
pgame_seed2,pgame,2,legs12_paralysed,top_k,4,9,474,1063.050537109375,972,1052.4080810546875,-29.603996563084678,-0.9807583863771862,
pgame_seed2,pgame,2,legs12_paralysed,top_k,4,10,475,1051.02734375,972,1052.4080810546875,-29.603996563084678,-0.9807583863771862,
pgame_seed2,pgame,2,legs12_paralysed,top_k,4,11,565,1034.742919921875,972,1052.4080810546875,-29.603996563084678,-0.9807583863771862,
pgame_seed2,pgame,2,legs12_paralysed,top_k,4,12,508,1022.1187133789062,972,1052.4080810546875,-29.603996563084678,-0.9807583863771862,
pgame_seed2,pgame,2,legs12_paralysed,top_k,4,13,711,972.4154663085938,972,1052.4080810546875,-29.603996563084678,-0.9807583863771862,
pgame_seed2,pgame,2,legs12_paralysed,top_k,4,14,1001,1047.4696044921875,972,1052.4080810546875,-29.603996563084678,-0.9807583863771862,
pgame_seed2,pgame,2,legs12_paralysed,top_k,4,15,441,1053.710205078125,972,1052.4080810546875,-29.603996563084678,-0.9807583863771862,
pgame_seed2,pgame,2,legs12_paralysed,top_k,4,16,831,1034.878173828125,972,1052.4080810546875,-29.603996563084678,-0.9807583863771862,
pgame_seed2,pgame,2,legs12_paralysed,top_k,4,17,209,1061.8023681640625,972,1052.4080810546875,-29.603996563084678,-0.9807583863771862,
pgame_seed2,pgame,2,legs12_paralysed,top_k,4,18,182,1045.316650390625,972,1052.4080810546875,-29.603996563084678,-0.9807583863771862,
pgame_seed2,pgame,2,legs12_paralysed,top_k,4,19,887,1028.51708984375,972,1052.4080810546875,-29.603996563084678,-0.9807583863771862,
pgame_seed2,pgame,2,legs12_paralysed,top_k,4,20,575,1060.41357421875,972,1052.4080810546875,-29.603996563084678,-0.9807583863771862,
pgame_seed2,pgame,2,legs12_paralysed,best_intact,0,1,294,1006.8399658203125,294,989.7889404296875,-324.2322077587919,-10.741571875790376,
pgame_seed2,pgame,2,legs12_paralysed,best_intact,1,1,294,1005.970947265625,294,989.7889404296875,-324.2322077587919,-10.741571875790376,
pgame_seed2,pgame,2,legs12_paralysed,best_intact,2,1,294,1015.6705322265625,294,989.7889404296875,-324.2322077587919,-10.741571875790376,
pgame_seed2,pgame,2,legs12_paralysed,best_intact,3,1,294,999.1998901367188,294,989.7889404296875,-324.2322077587919,-10.741571875790376,
pgame_seed2,pgame,2,legs12_paralysed,best_intact,4,1,294,1019.6480712890625,294,989.7889404296875,-324.2322077587919,-10.741571875790376,
pgame_seed2,pgame,2,legs14_paralysed,ite,0,1,294,1011.8367919921875,294,1001.9619140625,-148.06948330963223,-8.844098929730965,
pgame_seed2,pgame,2,legs14_paralysed,ite,0,2,412,1072.357666015625,412,1074.9766845703125,42.47729253635481,2.5371424891992334,
pgame_seed2,pgame,2,legs14_paralysed,ite,0,3,258,1050.42578125,412,1074.9766845703125,42.47729253635481,2.5371424891992334,
pgame_seed2,pgame,2,legs14_paralysed,ite,0,4,475,1060.1187744140625,412,1074.9766845703125,42.47729253635481,2.5371424891992334,
pgame_seed2,pgame,2,legs14_paralysed,ite,0,5,323,1057.7137451171875,412,1074.9766845703125,42.47729253635481,2.5371424891992334,
pgame_seed2,pgame,2,legs14_paralysed,ite,0,6,646,1036.736083984375,412,1074.9766845703125,42.47729253635481,2.5371424891992334,
pgame_seed2,pgame,2,legs14_paralysed,ite,0,7,334,1059.2340087890625,412,1074.9766845703125,42.47729253635481,2.5371424891992334,
pgame_seed2,pgame,2,legs14_paralysed,ite,0,8,603,1042.7247314453125,412,1074.9766845703125,42.47729253635481,2.5371424891992334,
pgame_seed2,pgame,2,legs14_paralysed,ite,0,9,258,1048.6561279296875,412,1074.9766845703125,42.47729253635481,2.5371424891992334,
pgame_seed2,pgame,2,legs14_paralysed,ite,0,10,294,1034.202392578125,412,1074.9766845703125,42.47729253635481,2.5371424891992334,
pgame_seed2,pgame,2,legs14_paralysed,ite,0,11,412,1080.181396484375,412,1074.9766845703125,42.47729253635481,2.5371424891992334,
pgame_seed2,pgame,2,legs14_paralysed,ite,0,12,606,1052.7353515625,412,1074.9766845703125,42.47729253635481,2.5371424891992334,
pgame_seed2,pgame,2,legs14_paralysed,ite,0,13,475,1032.6025390625,412,1074.9766845703125,42.47729253635481,2.5371424891992334,
pgame_seed2,pgame,2,legs14_paralysed,ite,0,14,412,1074.113525390625,412,1074.9766845703125,42.47729253635481,2.5371424891992334,
pgame_seed2,pgame,2,legs14_paralysed,ite,0,15,323,1061.497802734375,412,1074.9766845703125,42.47729253635481,2.5371424891992334,
pgame_seed2,pgame,2,legs14_paralysed,ite,0,16,412,1067.61962890625,412,1074.9766845703125,42.47729253635481,2.5371424891992334,
pgame_seed2,pgame,2,legs14_paralysed,ite,0,17,704,1059.848876953125,412,1074.9766845703125,42.47729253635481,2.5371424891992334,
pgame_seed2,pgame,2,legs14_paralysed,ite,0,18,646,1029.4654541015625,412,1074.9766845703125,42.47729253635481,2.5371424891992334,
pgame_seed2,pgame,2,legs14_paralysed,ite,0,19,258,1048.4239501953125,412,1074.9766845703125,42.47729253635481,2.5371424891992334,
pgame_seed2,pgame,2,legs14_paralysed,ite,0,20,412,1072.0498046875,412,1074.9766845703125,42.47729253635481,2.5371424891992334,
pgame_seed2,pgame,2,legs14_paralysed,ite,1,1,294,982.216064453125,294,1001.9619140625,-148.06948330963223,-8.844098929730965,
pgame_seed2,pgame,2,legs14_paralysed,ite,1,2,412,1075.8043212890625,412,1074.9766845703125,42.47729253635481,2.5371424891992334,
pgame_seed2,pgame,2,legs14_paralysed,ite,1,3,258,1047.270263671875,412,1074.9766845703125,42.47729253635481,2.5371424891992334,
pgame_seed2,pgame,2,legs14_paralysed,ite,1,4,475,1035.924560546875,412,1074.9766845703125,42.47729253635481,2.5371424891992334,
pgame_seed2,pgame,2,legs14_paralysed,ite,1,5,323,1057.679931640625,412,1074.9766845703125,42.47729253635481,2.5371424891992334,
pgame_seed2,pgame,2,legs14_paralysed,ite,1,6,646,1041.82958984375,412,1074.9766845703125,42.47729253635481,2.5371424891992334,
pgame_seed2,pgame,2,legs14_paralysed,ite,1,7,334,1057.7923583984375,412,1074.9766845703125,42.47729253635481,2.5371424891992334,
pgame_seed2,pgame,2,legs14_paralysed,ite,1,8,603,1043.6612548828125,412,1074.9766845703125,42.47729253635481,2.5371424891992334,
pgame_seed2,pgame,2,legs14_paralysed,ite,1,9,258,1047.6951904296875,412,1074.9766845703125,42.47729253635481,2.5371424891992334,
pgame_seed2,pgame,2,legs14_paralysed,ite,1,10,412,1081.3851318359375,412,1074.9766845703125,42.47729253635481,2.5371424891992334,
pgame_seed2,pgame,2,legs14_paralysed,ite,1,11,606,1052.294189453125,412,1074.9766845703125,42.47729253635481,2.5371424891992334,
pgame_seed2,pgame,2,legs14_paralysed,ite,1,12,412,1074.8453369140625,412,1074.9766845703125,42.47729253635481,2.5371424891992334,
pgame_seed2,pgame,2,legs14_paralysed,ite,1,13,294,974.8690185546875,412,1074.9766845703125,42.47729253635481,2.5371424891992334,
pgame_seed2,pgame,2,legs14_paralysed,ite,1,14,323,1058.3543701171875,412,1074.9766845703125,42.47729253635481,2.5371424891992334,
pgame_seed2,pgame,2,legs14_paralysed,ite,1,15,412,1071.5941162109375,412,1074.9766845703125,42.47729253635481,2.5371424891992334,
pgame_seed2,pgame,2,legs14_paralysed,ite,1,16,412,1071.227294921875,412,1074.9766845703125,42.47729253635481,2.5371424891992334,
pgame_seed2,pgame,2,legs14_paralysed,ite,1,17,704,1063.877197265625,412,1074.9766845703125,42.47729253635481,2.5371424891992334,
pgame_seed2,pgame,2,legs14_paralysed,ite,1,18,258,1048.9527587890625,412,1074.9766845703125,42.47729253635481,2.5371424891992334,
pgame_seed2,pgame,2,legs14_paralysed,ite,1,19,412,1076.2664794921875,412,1074.9766845703125,42.47729253635481,2.5371424891992334,
pgame_seed2,pgame,2,legs14_paralysed,ite,1,20,475,1040.0068359375,412,1074.9766845703125,42.47729253635481,2.5371424891992334,
pgame_seed2,pgame,2,legs14_paralysed,ite,2,1,294,1005.3140258789062,294,1001.9619140625,-148.06948330963223,-8.844098929730965,
pgame_seed2,pgame,2,legs14_paralysed,ite,2,2,412,1067.976318359375,412,1074.9766845703125,42.47729253635481,2.5371424891992334,
pgame_seed2,pgame,2,legs14_paralysed,ite,2,3,258,1051.52734375,412,1074.9766845703125,42.47729253635481,2.5371424891992334,
pgame_seed2,pgame,2,legs14_paralysed,ite,2,4,475,1036.9501953125,412,1074.9766845703125,42.47729253635481,2.5371424891992334,
pgame_seed2,pgame,2,legs14_paralysed,ite,2,5,323,1060.40625,412,1074.9766845703125,42.47729253635481,2.5371424891992334,
pgame_seed2,pgame,2,legs14_paralysed,ite,2,6,646,1038.5596923828125,412,1074.9766845703125,42.47729253635481,2.5371424891992334,
pgame_seed2,pgame,2,legs14_paralysed,ite,2,7,334,1056.234130859375,412,1074.9766845703125,42.47729253635481,2.5371424891992334,
pgame_seed2,pgame,2,legs14_paralysed,ite,2,8,603,1044.457275390625,412,1074.9766845703125,42.47729253635481,2.5371424891992334,
pgame_seed2,pgame,2,legs14_paralysed,ite,2,9,258,1046.7548828125,412,1074.9766845703125,42.47729253635481,2.5371424891992334,
pgame_seed2,pgame,2,legs14_paralysed,ite,2,10,412,1074.32666015625,412,1074.9766845703125,42.47729253635481,2.5371424891992334,
pgame_seed2,pgame,2,legs14_paralysed,ite,2,11,294,999.02001953125,412,1074.9766845703125,42.47729253635481,2.5371424891992334,
pgame_seed2,pgame,2,legs14_paralysed,ite,2,12,606,1054.688720703125,412,1074.9766845703125,42.47729253635481,2.5371424891992334,
pgame_seed2,pgame,2,legs14_paralysed,ite,2,13,323,1059.0692138671875,412,1074.9766845703125,42.47729253635481,2.5371424891992334,
pgame_seed2,pgame,2,legs14_paralysed,ite,2,14,412,1073.036865234375,412,1074.9766845703125,42.47729253635481,2.5371424891992334,
pgame_seed2,pgame,2,legs14_paralysed,ite,2,15,412,1076.46435546875,412,1074.9766845703125,42.47729253635481,2.5371424891992334,
pgame_seed2,pgame,2,legs14_paralysed,ite,2,16,258,1043.623291015625,412,1074.9766845703125,42.47729253635481,2.5371424891992334,
pgame_seed2,pgame,2,legs14_paralysed,ite,2,17,475,1037.59765625,412,1074.9766845703125,42.47729253635481,2.5371424891992334,
pgame_seed2,pgame,2,legs14_paralysed,ite,2,18,704,1062.652099609375,412,1074.9766845703125,42.47729253635481,2.5371424891992334,
pgame_seed2,pgame,2,legs14_paralysed,ite,2,19,412,1075.927001953125,412,1074.9766845703125,42.47729253635481,2.5371424891992334,
pgame_seed2,pgame,2,legs14_paralysed,ite,2,20,412,1073.833251953125,412,1074.9766845703125,42.47729253635481,2.5371424891992334,
pgame_seed2,pgame,2,legs14_paralysed,ite,3,1,294,1033.244384765625,294,1001.9619140625,-148.06948330963223,-8.844098929730965,
pgame_seed2,pgame,2,legs14_paralysed,ite,3,2,412,1079.0322265625,412,1074.9766845703125,42.47729253635481,2.5371424891992334,
pgame_seed2,pgame,2,legs14_paralysed,ite,3,3,258,1050.5555419921875,412,1074.9766845703125,42.47729253635481,2.5371424891992334,
pgame_seed2,pgame,2,legs14_paralysed,ite,3,4,475,1022.6319580078125,412,1074.9766845703125,42.47729253635481,2.5371424891992334,
pgame_seed2,pgame,2,legs14_paralysed,ite,3,5,646,1030.677001953125,412,1074.9766845703125,42.47729253635481,2.5371424891992334,
pgame_seed2,pgame,2,legs14_paralysed,ite,3,6,323,1057.371337890625,412,1074.9766845703125,42.47729253635481,2.5371424891992334,
pgame_seed2,pgame,2,legs14_paralysed,ite,3,7,334,1058.1640625,412,1074.9766845703125,42.47729253635481,2.5371424891992334,
pgame_seed2,pgame,2,legs14_paralysed,ite,3,8,603,1044.06982421875,412,1074.9766845703125,42.47729253635481,2.5371424891992334,
pgame_seed2,pgame,2,legs14_paralysed,ite,3,9,294,975.4776611328125,412,1074.9766845703125,42.47729253635481,2.5371424891992334,
pgame_seed2,pgame,2,legs14_paralysed,ite,3,10,412,1071.09423828125,412,1074.9766845703125,42.47729253635481,2.5371424891992334,
pgame_seed2,pgame,2,legs14_paralysed,ite,3,11,258,1050.851806640625,412,1074.9766845703125,42.47729253635481,2.5371424891992334,
pgame_seed2,pgame,2,legs14_paralysed,ite,3,12,606,1053.6949462890625,412,1074.9766845703125,42.47729253635481,2.5371424891992334,
pgame_seed2,pgame,2,legs14_paralysed,ite,3,13,412,1066.721435546875,412,1074.9766845703125,42.47729253635481,2.5371424891992334,
pgame_seed2,pgame,2,legs14_paralysed,ite,3,14,323,1059.0377197265625,412,1074.9766845703125,42.47729253635481,2.5371424891992334,
pgame_seed2,pgame,2,legs14_paralysed,ite,3,15,412,1069.352783203125,412,1074.9766845703125,42.47729253635481,2.5371424891992334,
pgame_seed2,pgame,2,legs14_paralysed,ite,3,16,258,1047.406982421875,412,1074.9766845703125,42.47729253635481,2.5371424891992334,
pgame_seed2,pgame,2,legs14_paralysed,ite,3,17,704,1062.4068603515625,412,1074.9766845703125,42.47729253635481,2.5371424891992334,
pgame_seed2,pgame,2,legs14_paralysed,ite,3,18,412,1074.487060546875,412,1074.9766845703125,42.47729253635481,2.5371424891992334,
pgame_seed2,pgame,2,legs14_paralysed,ite,3,19,412,1077.5506591796875,412,1074.9766845703125,42.47729253635481,2.5371424891992334,
pgame_seed2,pgame,2,legs14_paralysed,ite,3,20,412,1071.71044921875,412,1074.9766845703125,42.47729253635481,2.5371424891992334,
pgame_seed2,pgame,2,legs14_paralysed,ite,4,1,294,1001.4656982421875,294,1001.9619140625,-148.06948330963223,-8.844098929730965,
pgame_seed2,pgame,2,legs14_paralysed,ite,4,2,412,1076.2586669921875,412,1074.9766845703125,42.47729253635481,2.5371424891992334,
pgame_seed2,pgame,2,legs14_paralysed,ite,4,3,258,1045.63720703125,412,1074.9766845703125,42.47729253635481,2.5371424891992334,
pgame_seed2,pgame,2,legs14_paralysed,ite,4,4,475,1036.0667724609375,412,1074.9766845703125,42.47729253635481,2.5371424891992334,
pgame_seed2,pgame,2,legs14_paralysed,ite,4,5,323,1057.607666015625,412,1074.9766845703125,42.47729253635481,2.5371424891992334,
pgame_seed2,pgame,2,legs14_paralysed,ite,4,6,646,1037.5653076171875,412,1074.9766845703125,42.47729253635481,2.5371424891992334,
pgame_seed2,pgame,2,legs14_paralysed,ite,4,7,334,1056.1329345703125,412,1074.9766845703125,42.47729253635481,2.5371424891992334,
pgame_seed2,pgame,2,legs14_paralysed,ite,4,8,603,1044.5821533203125,412,1074.9766845703125,42.47729253635481,2.5371424891992334,
pgame_seed2,pgame,2,legs14_paralysed,ite,4,9,258,1045.46923828125,412,1074.9766845703125,42.47729253635481,2.5371424891992334,
pgame_seed2,pgame,2,legs14_paralysed,ite,4,10,412,1074.0792236328125,412,1074.9766845703125,42.47729253635481,2.5371424891992334,
pgame_seed2,pgame,2,legs14_paralysed,ite,4,11,294,993.7632446289062,412,1074.9766845703125,42.47729253635481,2.5371424891992334,
pgame_seed2,pgame,2,legs14_paralysed,ite,4,12,606,1052.1695556640625,412,1074.9766845703125,42.47729253635481,2.5371424891992334,
pgame_seed2,pgame,2,legs14_paralysed,ite,4,13,412,1073.5263671875,412,1074.9766845703125,42.47729253635481,2.5371424891992334,
pgame_seed2,pgame,2,legs14_paralysed,ite,4,14,323,1059.4776611328125,412,1074.9766845703125,42.47729253635481,2.5371424891992334,
pgame_seed2,pgame,2,legs14_paralysed,ite,4,15,412,1073.3172607421875,412,1074.9766845703125,42.47729253635481,2.5371424891992334,
pgame_seed2,pgame,2,legs14_paralysed,ite,4,16,412,1076.4871826171875,412,1074.9766845703125,42.47729253635481,2.5371424891992334,
pgame_seed2,pgame,2,legs14_paralysed,ite,4,17,704,1063.22998046875,412,1074.9766845703125,42.47729253635481,2.5371424891992334,
pgame_seed2,pgame,2,legs14_paralysed,ite,4,18,475,1034.0782470703125,412,1074.9766845703125,42.47729253635481,2.5371424891992334,
pgame_seed2,pgame,2,legs14_paralysed,ite,4,19,412,1071.9176025390625,412,1074.9766845703125,42.47729253635481,2.5371424891992334,
pgame_seed2,pgame,2,legs14_paralysed,ite,4,20,258,1050.0205078125,412,1074.9766845703125,42.47729253635481,2.5371424891992334,
pgame_seed2,pgame,2,legs14_paralysed,top_k,0,1,294,999.8275756835938,294,1001.9619140625,-148.06948330963223,-8.844098929730965,
pgame_seed2,pgame,2,legs14_paralysed,top_k,0,2,972,1016.031005859375,972,1014.65576171875,-114.94232661029329,-6.865434288232924,
pgame_seed2,pgame,2,legs14_paralysed,top_k,0,3,330,980.6914672851562,972,1014.65576171875,-114.94232661029329,-6.865434288232924,
pgame_seed2,pgame,2,legs14_paralysed,top_k,0,4,761,1089.947265625,761,1081.2705078125,58.9022941929038,3.518197709522708,
pgame_seed2,pgame,2,legs14_paralysed,top_k,0,5,115,1026.302490234375,761,1081.2705078125,58.9022941929038,3.518197709522708,
pgame_seed2,pgame,2,legs14_paralysed,top_k,0,6,596,1042.4912109375,761,1081.2705078125,58.9022941929038,3.518197709522708,
pgame_seed2,pgame,2,legs14_paralysed,top_k,0,7,320,997.3804931640625,761,1081.2705078125,58.9022941929038,3.518197709522708,
pgame_seed2,pgame,2,legs14_paralysed,top_k,0,8,603,1042.640625,761,1081.2705078125,58.9022941929038,3.518197709522708,
pgame_seed2,pgame,2,legs14_paralysed,top_k,0,9,474,1074.4139404296875,761,1081.2705078125,58.9022941929038,3.518197709522708,
pgame_seed2,pgame,2,legs14_paralysed,top_k,0,10,475,1055.504150390625,761,1081.2705078125,58.9022941929038,3.518197709522708,
pgame_seed2,pgame,2,legs14_paralysed,top_k,0,11,565,1052.2996826171875,761,1081.2705078125,58.9022941929038,3.518197709522708,
pgame_seed2,pgame,2,legs14_paralysed,top_k,0,12,508,1024.4666748046875,761,1081.2705078125,58.9022941929038,3.518197709522708,
pgame_seed2,pgame,2,legs14_paralysed,top_k,0,13,711,1026.004150390625,761,1081.2705078125,58.9022941929038,3.518197709522708,
pgame_seed2,pgame,2,legs14_paralysed,top_k,0,14,1001,1043.5550537109375,761,1081.2705078125,58.9022941929038,3.518197709522708,
pgame_seed2,pgame,2,legs14_paralysed,top_k,0,15,441,1055.1221923828125,761,1081.2705078125,58.9022941929038,3.518197709522708,
pgame_seed2,pgame,2,legs14_paralysed,top_k,0,16,831,1047.3023681640625,761,1081.2705078125,58.9022941929038,3.518197709522708,
pgame_seed2,pgame,2,legs14_paralysed,top_k,0,17,209,1076.333740234375,761,1081.2705078125,58.9022941929038,3.518197709522708,
pgame_seed2,pgame,2,legs14_paralysed,top_k,0,18,182,1041.7506103515625,761,1081.2705078125,58.9022941929038,3.518197709522708,
pgame_seed2,pgame,2,legs14_paralysed,top_k,0,19,887,1050.6566162109375,761,1081.2705078125,58.9022941929038,3.518197709522708,
pgame_seed2,pgame,2,legs14_paralysed,top_k,0,20,575,1042.0252685546875,761,1081.2705078125,58.9022941929038,3.518197709522708,
pgame_seed2,pgame,2,legs14_paralysed,top_k,1,1,294,996.3142700195312,294,1001.9619140625,-148.06948330963223,-8.844098929730965,
pgame_seed2,pgame,2,legs14_paralysed,top_k,1,2,972,1015.1177978515625,972,1014.65576171875,-114.94232661029329,-6.865434288232924,
pgame_seed2,pgame,2,legs14_paralysed,top_k,1,3,330,966.711181640625,972,1014.65576171875,-114.94232661029329,-6.865434288232924,
pgame_seed2,pgame,2,legs14_paralysed,top_k,1,4,761,1084.7384033203125,761,1081.2705078125,58.9022941929038,3.518197709522708,
pgame_seed2,pgame,2,legs14_paralysed,top_k,1,5,115,1024.98876953125,761,1081.2705078125,58.9022941929038,3.518197709522708,
pgame_seed2,pgame,2,legs14_paralysed,top_k,1,6,596,1040.957275390625,761,1081.2705078125,58.9022941929038,3.518197709522708,
pgame_seed2,pgame,2,legs14_paralysed,top_k,1,7,320,1036.2197265625,761,1081.2705078125,58.9022941929038,3.518197709522708,
pgame_seed2,pgame,2,legs14_paralysed,top_k,1,8,603,1043.945556640625,761,1081.2705078125,58.9022941929038,3.518197709522708,
pgame_seed2,pgame,2,legs14_paralysed,top_k,1,9,474,1083.24951171875,761,1081.2705078125,58.9022941929038,3.518197709522708,
pgame_seed2,pgame,2,legs14_paralysed,top_k,1,10,475,1031.761474609375,761,1081.2705078125,58.9022941929038,3.518197709522708,
pgame_seed2,pgame,2,legs14_paralysed,top_k,1,11,565,1052.433837890625,761,1081.2705078125,58.9022941929038,3.518197709522708,
pgame_seed2,pgame,2,legs14_paralysed,top_k,1,12,508,1021.7238159179688,761,1081.2705078125,58.9022941929038,3.518197709522708,
pgame_seed2,pgame,2,legs14_paralysed,top_k,1,13,711,1015.229248046875,761,1081.2705078125,58.9022941929038,3.518197709522708,
pgame_seed2,pgame,2,legs14_paralysed,top_k,1,14,1001,1048.1650390625,761,1081.2705078125,58.9022941929038,3.518197709522708,
pgame_seed2,pgame,2,legs14_paralysed,top_k,1,15,441,1046.91650390625,761,1081.2705078125,58.9022941929038,3.518197709522708,
pgame_seed2,pgame,2,legs14_paralysed,top_k,1,16,831,1058.741943359375,761,1081.2705078125,58.9022941929038,3.518197709522708,
pgame_seed2,pgame,2,legs14_paralysed,top_k,1,17,209,1075.91064453125,761,1081.2705078125,58.9022941929038,3.518197709522708,
pgame_seed2,pgame,2,legs14_paralysed,top_k,1,18,182,1035.718994140625,761,1081.2705078125,58.9022941929038,3.518197709522708,
pgame_seed2,pgame,2,legs14_paralysed,top_k,1,19,887,1041.594482421875,761,1081.2705078125,58.9022941929038,3.518197709522708,
pgame_seed2,pgame,2,legs14_paralysed,top_k,1,20,575,1041.6884765625,761,1081.2705078125,58.9022941929038,3.518197709522708,
pgame_seed2,pgame,2,legs14_paralysed,top_k,2,1,294,1024.757080078125,294,1001.9619140625,-148.06948330963223,-8.844098929730965,
pgame_seed2,pgame,2,legs14_paralysed,top_k,2,2,972,1006.374267578125,294,1001.9619140625,-148.06948330963223,-8.844098929730965,
pgame_seed2,pgame,2,legs14_paralysed,top_k,2,3,330,969.7647705078125,294,1001.9619140625,-148.06948330963223,-8.844098929730965,
pgame_seed2,pgame,2,legs14_paralysed,top_k,2,4,761,1075.155029296875,761,1081.2705078125,58.9022941929038,3.518197709522708,
pgame_seed2,pgame,2,legs14_paralysed,top_k,2,5,115,1023.8953857421875,761,1081.2705078125,58.9022941929038,3.518197709522708,
pgame_seed2,pgame,2,legs14_paralysed,top_k,2,6,596,1049.002685546875,761,1081.2705078125,58.9022941929038,3.518197709522708,
pgame_seed2,pgame,2,legs14_paralysed,top_k,2,7,320,991.109130859375,761,1081.2705078125,58.9022941929038,3.518197709522708,
pgame_seed2,pgame,2,legs14_paralysed,top_k,2,8,603,1043.6322021484375,761,1081.2705078125,58.9022941929038,3.518197709522708,
pgame_seed2,pgame,2,legs14_paralysed,top_k,2,9,474,1075.6514892578125,474,1078.385986328125,51.37455336891085,3.0685703921534087,
pgame_seed2,pgame,2,legs14_paralysed,top_k,2,10,475,1043.72216796875,474,1078.385986328125,51.37455336891085,3.0685703921534087,
pgame_seed2,pgame,2,legs14_paralysed,top_k,2,11,565,1052.0284423828125,474,1078.385986328125,51.37455336891085,3.0685703921534087,
pgame_seed2,pgame,2,legs14_paralysed,top_k,2,12,508,1030.580322265625,474,1078.385986328125,51.37455336891085,3.0685703921534087,
pgame_seed2,pgame,2,legs14_paralysed,top_k,2,13,711,1019.6068115234375,474,1078.385986328125,51.37455336891085,3.0685703921534087,
pgame_seed2,pgame,2,legs14_paralysed,top_k,2,14,1001,1050.650390625,474,1078.385986328125,51.37455336891085,3.0685703921534087,
pgame_seed2,pgame,2,legs14_paralysed,top_k,2,15,441,1047.3236083984375,474,1078.385986328125,51.37455336891085,3.0685703921534087,
pgame_seed2,pgame,2,legs14_paralysed,top_k,2,16,831,1039.5518798828125,474,1078.385986328125,51.37455336891085,3.0685703921534087,
pgame_seed2,pgame,2,legs14_paralysed,top_k,2,17,209,1075.134033203125,474,1078.385986328125,51.37455336891085,3.0685703921534087,
pgame_seed2,pgame,2,legs14_paralysed,top_k,2,18,182,1035.601318359375,474,1078.385986328125,51.37455336891085,3.0685703921534087,
pgame_seed2,pgame,2,legs14_paralysed,top_k,2,19,887,1045.525146484375,474,1078.385986328125,51.37455336891085,3.0685703921534087,
pgame_seed2,pgame,2,legs14_paralysed,top_k,2,20,575,1037.51123046875,474,1078.385986328125,51.37455336891085,3.0685703921534087,
pgame_seed2,pgame,2,legs14_paralysed,top_k,3,1,294,983.9763793945312,294,1001.9619140625,-148.06948330963223,-8.844098929730965,
pgame_seed2,pgame,2,legs14_paralysed,top_k,3,2,972,1011.533203125,972,1014.65576171875,-114.94232661029329,-6.865434288232924,
pgame_seed2,pgame,2,legs14_paralysed,top_k,3,3,330,840.360107421875,972,1014.65576171875,-114.94232661029329,-6.865434288232924,
pgame_seed2,pgame,2,legs14_paralysed,top_k,3,4,761,1080.767578125,761,1081.2705078125,58.9022941929038,3.518197709522708,
pgame_seed2,pgame,2,legs14_paralysed,top_k,3,5,115,1022.901123046875,761,1081.2705078125,58.9022941929038,3.518197709522708,
pgame_seed2,pgame,2,legs14_paralysed,top_k,3,6,596,1048.279052734375,761,1081.2705078125,58.9022941929038,3.518197709522708,
pgame_seed2,pgame,2,legs14_paralysed,top_k,3,7,320,1001.65185546875,761,1081.2705078125,58.9022941929038,3.518197709522708,
pgame_seed2,pgame,2,legs14_paralysed,top_k,3,8,603,1041.5360107421875,761,1081.2705078125,58.9022941929038,3.518197709522708,
pgame_seed2,pgame,2,legs14_paralysed,top_k,3,9,474,1078.9954833984375,761,1081.2705078125,58.9022941929038,3.518197709522708,
pgame_seed2,pgame,2,legs14_paralysed,top_k,3,10,475,1060.9244384765625,761,1081.2705078125,58.9022941929038,3.518197709522708,
pgame_seed2,pgame,2,legs14_paralysed,top_k,3,11,565,1047.525390625,761,1081.2705078125,58.9022941929038,3.518197709522708,
pgame_seed2,pgame,2,legs14_paralysed,top_k,3,12,508,1016.8102416992188,761,1081.2705078125,58.9022941929038,3.518197709522708,
pgame_seed2,pgame,2,legs14_paralysed,top_k,3,13,711,1021.1910400390625,761,1081.2705078125,58.9022941929038,3.518197709522708,
pgame_seed2,pgame,2,legs14_paralysed,top_k,3,14,1001,1047.1810302734375,761,1081.2705078125,58.9022941929038,3.518197709522708,
pgame_seed2,pgame,2,legs14_paralysed,top_k,3,15,441,1046.352783203125,761,1081.2705078125,58.9022941929038,3.518197709522708,
pgame_seed2,pgame,2,legs14_paralysed,top_k,3,16,831,1031.183349609375,761,1081.2705078125,58.9022941929038,3.518197709522708,
pgame_seed2,pgame,2,legs14_paralysed,top_k,3,17,209,1074.492919921875,761,1081.2705078125,58.9022941929038,3.518197709522708,
pgame_seed2,pgame,2,legs14_paralysed,top_k,3,18,182,1032.824951171875,761,1081.2705078125,58.9022941929038,3.518197709522708,
pgame_seed2,pgame,2,legs14_paralysed,top_k,3,19,887,1042.851318359375,761,1081.2705078125,58.9022941929038,3.518197709522708,
pgame_seed2,pgame,2,legs14_paralysed,top_k,3,20,575,1040.559814453125,761,1081.2705078125,58.9022941929038,3.518197709522708,
pgame_seed2,pgame,2,legs14_paralysed,top_k,4,1,294,1006.0577392578125,294,1001.9619140625,-148.06948330963223,-8.844098929730965,
pgame_seed2,pgame,2,legs14_paralysed,top_k,4,2,972,1012.9599609375,972,1014.65576171875,-114.94232661029329,-6.865434288232924,
pgame_seed2,pgame,2,legs14_paralysed,top_k,4,3,330,985.0006103515625,972,1014.65576171875,-114.94232661029329,-6.865434288232924,
pgame_seed2,pgame,2,legs14_paralysed,top_k,4,4,761,1078.298095703125,761,1081.2705078125,58.9022941929038,3.518197709522708,
pgame_seed2,pgame,2,legs14_paralysed,top_k,4,5,115,1027.285888671875,761,1081.2705078125,58.9022941929038,3.518197709522708,
pgame_seed2,pgame,2,legs14_paralysed,top_k,4,6,596,1052.19677734375,761,1081.2705078125,58.9022941929038,3.518197709522708,
pgame_seed2,pgame,2,legs14_paralysed,top_k,4,7,320,1014.9946899414062,761,1081.2705078125,58.9022941929038,3.518197709522708,
pgame_seed2,pgame,2,legs14_paralysed,top_k,4,8,603,1043.2469482421875,761,1081.2705078125,58.9022941929038,3.518197709522708,
pgame_seed2,pgame,2,legs14_paralysed,top_k,4,9,474,1073.55859375,761,1081.2705078125,58.9022941929038,3.518197709522708,
pgame_seed2,pgame,2,legs14_paralysed,top_k,4,10,475,1047.802490234375,761,1081.2705078125,58.9022941929038,3.518197709522708,
pgame_seed2,pgame,2,legs14_paralysed,top_k,4,11,565,1051.20654296875,761,1081.2705078125,58.9022941929038,3.518197709522708,
pgame_seed2,pgame,2,legs14_paralysed,top_k,4,12,508,1019.148193359375,761,1081.2705078125,58.9022941929038,3.518197709522708,
pgame_seed2,pgame,2,legs14_paralysed,top_k,4,13,711,1020.9590454101562,761,1081.2705078125,58.9022941929038,3.518197709522708,
pgame_seed2,pgame,2,legs14_paralysed,top_k,4,14,1001,1048.7581787109375,761,1081.2705078125,58.9022941929038,3.518197709522708,
pgame_seed2,pgame,2,legs14_paralysed,top_k,4,15,441,1045.82568359375,761,1081.2705078125,58.9022941929038,3.518197709522708,
pgame_seed2,pgame,2,legs14_paralysed,top_k,4,16,831,1034.7431640625,761,1081.2705078125,58.9022941929038,3.518197709522708,
pgame_seed2,pgame,2,legs14_paralysed,top_k,4,17,209,1076.379638671875,761,1081.2705078125,58.9022941929038,3.518197709522708,
pgame_seed2,pgame,2,legs14_paralysed,top_k,4,18,182,1025.8984375,761,1081.2705078125,58.9022941929038,3.518197709522708,
pgame_seed2,pgame,2,legs14_paralysed,top_k,4,19,887,1045.228515625,761,1081.2705078125,58.9022941929038,3.518197709522708,
pgame_seed2,pgame,2,legs14_paralysed,top_k,4,20,575,1040.104736328125,761,1081.2705078125,58.9022941929038,3.518197709522708,
pgame_seed2,pgame,2,legs14_paralysed,best_intact,0,1,294,1025.9031982421875,294,1001.9619140625,-148.06948330963223,-8.844098929730965,
pgame_seed2,pgame,2,legs14_paralysed,best_intact,1,1,294,996.6536254882812,294,1001.9619140625,-148.06948330963223,-8.844098929730965,
pgame_seed2,pgame,2,legs14_paralysed,best_intact,2,1,294,1004.8934936523438,294,1001.9619140625,-148.06948330963223,-8.844098929730965,
pgame_seed2,pgame,2,legs14_paralysed,best_intact,3,1,294,1041.0645751953125,294,1001.9619140625,-148.06948330963223,-8.844098929730965,
pgame_seed2,pgame,2,legs14_paralysed,best_intact,4,1,294,1031.5262451171875,294,1001.9619140625,-148.06948330963223,-8.844098929730965,
pgame_seed2,pgame,2,ankle1_paralysed,ite,0,1,294,1503.1865234375,294,1448.75244140625,77.02548725290231,60.79976655151792,2
pgame_seed2,pgame,2,ankle1_paralysed,ite,0,2,603,1059.390625,294,1448.75244140625,77.02548725290231,60.79976655151792,2
pgame_seed2,pgame,2,ankle1_paralysed,ite,0,3,761,1541.06103515625,761,1542.9632568359375,95.62973938064877,75.48496007088698,2
pgame_seed2,pgame,2,ankle1_paralysed,ite,0,4,761,1578.486572265625,761,1542.9632568359375,95.62973938064877,75.48496007088698,2
pgame_seed2,pgame,2,ankle1_paralysed,ite,0,5,761,1527.667724609375,761,1542.9632568359375,95.62973938064877,75.48496007088698,2
pgame_seed2,pgame,2,ankle1_paralysed,ite,0,6,761,1452.173095703125,761,1542.9632568359375,95.62973938064877,75.48496007088698,2
pgame_seed2,pgame,2,ankle1_paralysed,ite,0,7,761,1534.82861328125,761,1542.9632568359375,95.62973938064877,75.48496007088698,2
pgame_seed2,pgame,2,ankle1_paralysed,ite,0,8,761,1529.3570556640625,761,1542.9632568359375,95.62973938064877,75.48496007088698,2
pgame_seed2,pgame,2,ankle1_paralysed,ite,0,9,761,1527.008056640625,761,1542.9632568359375,95.62973938064877,75.48496007088698,2
pgame_seed2,pgame,2,ankle1_paralysed,ite,0,10,761,1545.437744140625,761,1542.9632568359375,95.62973938064877,75.48496007088698,2
pgame_seed2,pgame,2,ankle1_paralysed,ite,0,11,761,1540.19677734375,761,1542.9632568359375,95.62973938064877,75.48496007088698,2
pgame_seed2,pgame,2,ankle1_paralysed,ite,0,12,761,1552.5447998046875,761,1542.9632568359375,95.62973938064877,75.48496007088698,2
pgame_seed2,pgame,2,ankle1_paralysed,ite,0,13,761,1537.5643310546875,761,1542.9632568359375,95.62973938064877,75.48496007088698,2
pgame_seed2,pgame,2,ankle1_paralysed,ite,0,14,761,1529.801513671875,761,1542.9632568359375,95.62973938064877,75.48496007088698,2
pgame_seed2,pgame,2,ankle1_paralysed,ite,0,15,761,1513.421142578125,761,1542.9632568359375,95.62973938064877,75.48496007088698,2
pgame_seed2,pgame,2,ankle1_paralysed,ite,0,16,761,1533.855224609375,761,1542.9632568359375,95.62973938064877,75.48496007088698,2
pgame_seed2,pgame,2,ankle1_paralysed,ite,0,17,761,1533.1259765625,761,1542.9632568359375,95.62973938064877,75.48496007088698,2
pgame_seed2,pgame,2,ankle1_paralysed,ite,0,18,761,1517.846435546875,761,1542.9632568359375,95.62973938064877,75.48496007088698,2
pgame_seed2,pgame,2,ankle1_paralysed,ite,0,19,761,1531.73681640625,761,1542.9632568359375,95.62973938064877,75.48496007088698,2
pgame_seed2,pgame,2,ankle1_paralysed,ite,0,20,761,1503.5413818359375,761,1542.9632568359375,95.62973938064877,75.48496007088698,2
pgame_seed2,pgame,2,ankle1_paralysed,ite,1,1,294,1503.6171875,294,1448.75244140625,77.02548725290231,60.79976655151792,2
pgame_seed2,pgame,2,ankle1_paralysed,ite,1,2,603,1054.29052734375,294,1448.75244140625,77.02548725290231,60.79976655151792,2
pgame_seed2,pgame,2,ankle1_paralysed,ite,1,3,761,1524.615478515625,761,1542.9632568359375,95.62973938064877,75.48496007088698,2
pgame_seed2,pgame,2,ankle1_paralysed,ite,1,4,761,1513.8319091796875,761,1542.9632568359375,95.62973938064877,75.48496007088698,2
pgame_seed2,pgame,2,ankle1_paralysed,ite,1,5,761,1532.7095947265625,761,1542.9632568359375,95.62973938064877,75.48496007088698,2
pgame_seed2,pgame,2,ankle1_paralysed,ite,1,6,761,1469.1317138671875,761,1542.9632568359375,95.62973938064877,75.48496007088698,2
pgame_seed2,pgame,2,ankle1_paralysed,ite,1,7,761,1449.360595703125,761,1542.9632568359375,95.62973938064877,75.48496007088698,2
pgame_seed2,pgame,2,ankle1_paralysed,ite,1,8,761,1482.9996337890625,761,1542.9632568359375,95.62973938064877,75.48496007088698,2
pgame_seed2,pgame,2,ankle1_paralysed,ite,1,9,761,1540.33251953125,761,1542.9632568359375,95.62973938064877,75.48496007088698,2
pgame_seed2,pgame,2,ankle1_paralysed,ite,1,10,761,1530.18603515625,761,1542.9632568359375,95.62973938064877,75.48496007088698,2
pgame_seed2,pgame,2,ankle1_paralysed,ite,1,11,761,1544.71875,761,1542.9632568359375,95.62973938064877,75.48496007088698,2
pgame_seed2,pgame,2,ankle1_paralysed,ite,1,12,761,1514.1419677734375,761,1542.9632568359375,95.62973938064877,75.48496007088698,2
pgame_seed2,pgame,2,ankle1_paralysed,ite,1,13,761,1484.0936279296875,761,1542.9632568359375,95.62973938064877,75.48496007088698,2
pgame_seed2,pgame,2,ankle1_paralysed,ite,1,14,761,1527.730712890625,761,1542.9632568359375,95.62973938064877,75.48496007088698,2
pgame_seed2,pgame,2,ankle1_paralysed,ite,1,15,761,1524.79150390625,761,1542.9632568359375,95.62973938064877,75.48496007088698,2
pgame_seed2,pgame,2,ankle1_paralysed,ite,1,16,761,1462.004150390625,761,1542.9632568359375,95.62973938064877,75.48496007088698,2
pgame_seed2,pgame,2,ankle1_paralysed,ite,1,17,761,1538.0545654296875,761,1542.9632568359375,95.62973938064877,75.48496007088698,2
pgame_seed2,pgame,2,ankle1_paralysed,ite,1,18,761,1480.939208984375,761,1542.9632568359375,95.62973938064877,75.48496007088698,2
pgame_seed2,pgame,2,ankle1_paralysed,ite,1,19,761,1458.11181640625,761,1542.9632568359375,95.62973938064877,75.48496007088698,2
pgame_seed2,pgame,2,ankle1_paralysed,ite,1,20,761,1488.6318359375,761,1542.9632568359375,95.62973938064877,75.48496007088698,2
pgame_seed2,pgame,2,ankle1_paralysed,ite,2,1,294,1466.6649169921875,294,1448.75244140625,77.02548725290231,60.79976655151792,3
pgame_seed2,pgame,2,ankle1_paralysed,ite,2,2,603,1100.388671875,294,1448.75244140625,77.02548725290231,60.79976655151792,3
pgame_seed2,pgame,2,ankle1_paralysed,ite,2,3,761,1496.50048828125,761,1542.9632568359375,95.62973938064877,75.48496007088698,3
pgame_seed2,pgame,2,ankle1_paralysed,ite,2,4,761,1545.0147705078125,761,1542.9632568359375,95.62973938064877,75.48496007088698,3
pgame_seed2,pgame,2,ankle1_paralysed,ite,2,5,761,1544.54736328125,761,1542.9632568359375,95.62973938064877,75.48496007088698,3
pgame_seed2,pgame,2,ankle1_paralysed,ite,2,6,761,1488.87109375,761,1542.9632568359375,95.62973938064877,75.48496007088698,3
pgame_seed2,pgame,2,ankle1_paralysed,ite,2,7,761,1546.1685791015625,761,1542.9632568359375,95.62973938064877,75.48496007088698,3
pgame_seed2,pgame,2,ankle1_paralysed,ite,2,8,761,1517.58740234375,761,1542.9632568359375,95.62973938064877,75.48496007088698,3
pgame_seed2,pgame,2,ankle1_paralysed,ite,2,9,761,1558.34619140625,761,1542.9632568359375,95.62973938064877,75.48496007088698,3
pgame_seed2,pgame,2,ankle1_paralysed,ite,2,10,761,1539.92724609375,761,1542.9632568359375,95.62973938064877,75.48496007088698,3
pgame_seed2,pgame,2,ankle1_paralysed,ite,2,11,761,1516.087646484375,761,1542.9632568359375,95.62973938064877,75.48496007088698,3
pgame_seed2,pgame,2,ankle1_paralysed,ite,2,12,761,1498.588134765625,761,1542.9632568359375,95.62973938064877,75.48496007088698,3
pgame_seed2,pgame,2,ankle1_paralysed,ite,2,13,761,1515.73828125,761,1542.9632568359375,95.62973938064877,75.48496007088698,3
pgame_seed2,pgame,2,ankle1_paralysed,ite,2,14,761,1558.484130859375,761,1542.9632568359375,95.62973938064877,75.48496007088698,3
pgame_seed2,pgame,2,ankle1_paralysed,ite,2,15,761,1569.800048828125,761,1542.9632568359375,95.62973938064877,75.48496007088698,3
pgame_seed2,pgame,2,ankle1_paralysed,ite,2,16,761,1528.805419921875,761,1542.9632568359375,95.62973938064877,75.48496007088698,3
pgame_seed2,pgame,2,ankle1_paralysed,ite,2,17,761,1499.947509765625,761,1542.9632568359375,95.62973938064877,75.48496007088698,3
pgame_seed2,pgame,2,ankle1_paralysed,ite,2,18,761,1504.358154296875,761,1542.9632568359375,95.62973938064877,75.48496007088698,3
pgame_seed2,pgame,2,ankle1_paralysed,ite,2,19,761,1547.2135009765625,761,1542.9632568359375,95.62973938064877,75.48496007088698,3
pgame_seed2,pgame,2,ankle1_paralysed,ite,2,20,761,1533.721435546875,761,1542.9632568359375,95.62973938064877,75.48496007088698,3
pgame_seed2,pgame,2,ankle1_paralysed,ite,3,1,294,1542.2705078125,294,1448.75244140625,77.02548725290231,60.79976655151792,2
pgame_seed2,pgame,2,ankle1_paralysed,ite,3,2,294,1547.5029296875,294,1448.75244140625,77.02548725290231,60.79976655151792,2
pgame_seed2,pgame,2,ankle1_paralysed,ite,3,3,603,1492.21435546875,294,1448.75244140625,77.02548725290231,60.79976655151792,2
pgame_seed2,pgame,2,ankle1_paralysed,ite,3,4,294,1400.9080810546875,294,1448.75244140625,77.02548725290231,60.79976655151792,2
pgame_seed2,pgame,2,ankle1_paralysed,ite,3,5,596,1525.0435791015625,294,1448.75244140625,77.02548725290231,60.79976655151792,2
pgame_seed2,pgame,2,ankle1_paralysed,ite,3,6,596,1504.4266357421875,294,1448.75244140625,77.02548725290231,60.79976655151792,2
pgame_seed2,pgame,2,ankle1_paralysed,ite,3,7,294,1459.584716796875,294,1448.75244140625,77.02548725290231,60.79976655151792,2
pgame_seed2,pgame,2,ankle1_paralysed,ite,3,8,201,1076.207763671875,294,1448.75244140625,77.02548725290231,60.79976655151792,2
pgame_seed2,pgame,2,ankle1_paralysed,ite,3,9,294,1431.12646484375,294,1448.75244140625,77.02548725290231,60.79976655151792,2
pgame_seed2,pgame,2,ankle1_paralysed,ite,3,10,294,1462.592529296875,294,1448.75244140625,77.02548725290231,60.79976655151792,2
pgame_seed2,pgame,2,ankle1_paralysed,ite,3,11,294,1271.04052734375,294,1448.75244140625,77.02548725290231,60.79976655151792,2
pgame_seed2,pgame,2,ankle1_paralysed,ite,3,12,475,1253.754150390625,294,1448.75244140625,77.02548725290231,60.79976655151792,2
pgame_seed2,pgame,2,ankle1_paralysed,ite,3,13,761,1550.2119140625,761,1542.9632568359375,95.62973938064877,75.48496007088698,2
pgame_seed2,pgame,2,ankle1_paralysed,ite,3,14,761,1572.14990234375,761,1542.9632568359375,95.62973938064877,75.48496007088698,2
pgame_seed2,pgame,2,ankle1_paralysed,ite,3,15,761,1487.5924072265625,761,1542.9632568359375,95.62973938064877,75.48496007088698,2
pgame_seed2,pgame,2,ankle1_paralysed,ite,3,16,761,1562.943359375,761,1542.9632568359375,95.62973938064877,75.48496007088698,2
pgame_seed2,pgame,2,ankle1_paralysed,ite,3,17,761,1495.4171142578125,761,1542.9632568359375,95.62973938064877,75.48496007088698,2
pgame_seed2,pgame,2,ankle1_paralysed,ite,3,18,761,1488.793212890625,761,1542.9632568359375,95.62973938064877,75.48496007088698,2
pgame_seed2,pgame,2,ankle1_paralysed,ite,3,19,761,1520.1956787109375,761,1542.9632568359375,95.62973938064877,75.48496007088698,2
pgame_seed2,pgame,2,ankle1_paralysed,ite,3,20,761,1524.9964599609375,761,1542.9632568359375,95.62973938064877,75.48496007088698,2
pgame_seed2,pgame,2,ankle1_paralysed,ite,4,1,294,1558.5684814453125,294,1448.75244140625,77.02548725290231,60.79976655151792,2
pgame_seed2,pgame,2,ankle1_paralysed,ite,4,2,294,1604.4140625,294,1448.75244140625,77.02548725290231,60.79976655151792,2
pgame_seed2,pgame,2,ankle1_paralysed,ite,4,3,294,1394.005615234375,294,1448.75244140625,77.02548725290231,60.79976655151792,2
pgame_seed2,pgame,2,ankle1_paralysed,ite,4,4,603,1231.416259765625,294,1448.75244140625,77.02548725290231,60.79976655151792,2
pgame_seed2,pgame,2,ankle1_paralysed,ite,4,5,761,1542.3388671875,294,1448.75244140625,77.02548725290231,60.79976655151792,2
pgame_seed2,pgame,2,ankle1_paralysed,ite,4,6,761,1535.1417236328125,294,1448.75244140625,77.02548725290231,60.79976655151792,2
pgame_seed2,pgame,2,ankle1_paralysed,ite,4,7,761,1498.029296875,294,1448.75244140625,77.02548725290231,60.79976655151792,2
pgame_seed2,pgame,2,ankle1_paralysed,ite,4,8,761,1523.6524658203125,294,1448.75244140625,77.02548725290231,60.79976655151792,2
pgame_seed2,pgame,2,ankle1_paralysed,ite,4,9,294,1480.5782470703125,294,1448.75244140625,77.02548725290231,60.79976655151792,2
pgame_seed2,pgame,2,ankle1_paralysed,ite,4,10,761,1492.8907470703125,294,1448.75244140625,77.02548725290231,60.79976655151792,2
pgame_seed2,pgame,2,ankle1_paralysed,ite,4,11,761,1503.095947265625,294,1448.75244140625,77.02548725290231,60.79976655151792,2
pgame_seed2,pgame,2,ankle1_paralysed,ite,4,12,294,1465.3175048828125,294,1448.75244140625,77.02548725290231,60.79976655151792,2
pgame_seed2,pgame,2,ankle1_paralysed,ite,4,13,761,1536.6041259765625,294,1448.75244140625,77.02548725290231,60.79976655151792,2
pgame_seed2,pgame,2,ankle1_paralysed,ite,4,14,761,1583.943359375,294,1448.75244140625,77.02548725290231,60.79976655151792,2
pgame_seed2,pgame,2,ankle1_paralysed,ite,4,15,761,1539.5875244140625,294,1448.75244140625,77.02548725290231,60.79976655151792,2
pgame_seed2,pgame,2,ankle1_paralysed,ite,4,16,761,1524.106689453125,294,1448.75244140625,77.02548725290231,60.79976655151792,2
pgame_seed2,pgame,2,ankle1_paralysed,ite,4,17,761,1535.26123046875,294,1448.75244140625,77.02548725290231,60.79976655151792,2
pgame_seed2,pgame,2,ankle1_paralysed,ite,4,18,761,1558.912353515625,294,1448.75244140625,77.02548725290231,60.79976655151792,2
pgame_seed2,pgame,2,ankle1_paralysed,ite,4,19,761,1522.316162109375,294,1448.75244140625,77.02548725290231,60.79976655151792,2
pgame_seed2,pgame,2,ankle1_paralysed,ite,4,20,761,1567.363037109375,294,1448.75244140625,77.02548725290231,60.79976655151792,2
pgame_seed2,pgame,2,ankle1_paralysed,top_k,0,1,294,1544.0372314453125,294,1448.75244140625,77.02548725290231,60.79976655151792,
pgame_seed2,pgame,2,ankle1_paralysed,top_k,0,2,972,1510.99951171875,294,1448.75244140625,77.02548725290231,60.79976655151792,
pgame_seed2,pgame,2,ankle1_paralysed,top_k,0,3,330,1385.65087890625,294,1448.75244140625,77.02548725290231,60.79976655151792,
pgame_seed2,pgame,2,ankle1_paralysed,top_k,0,4,761,1530.3790283203125,294,1448.75244140625,77.02548725290231,60.79976655151792,
pgame_seed2,pgame,2,ankle1_paralysed,top_k,0,5,115,1345.933837890625,294,1448.75244140625,77.02548725290231,60.79976655151792,
pgame_seed2,pgame,2,ankle1_paralysed,top_k,0,6,596,1527.6728515625,294,1448.75244140625,77.02548725290231,60.79976655151792,
pgame_seed2,pgame,2,ankle1_paralysed,top_k,0,7,320,1432.5194091796875,294,1448.75244140625,77.02548725290231,60.79976655151792,
pgame_seed2,pgame,2,ankle1_paralysed,top_k,0,8,603,1350.7525634765625,294,1448.75244140625,77.02548725290231,60.79976655151792,
pgame_seed2,pgame,2,ankle1_paralysed,top_k,0,9,474,1414.296142578125,294,1448.75244140625,77.02548725290231,60.79976655151792,
pgame_seed2,pgame,2,ankle1_paralysed,top_k,0,10,475,1439.7198486328125,294,1448.75244140625,77.02548725290231,60.79976655151792,
pgame_seed2,pgame,2,ankle1_paralysed,top_k,0,11,565,1036.782470703125,294,1448.75244140625,77.02548725290231,60.79976655151792,
pgame_seed2,pgame,2,ankle1_paralysed,top_k,0,12,508,1357.6409912109375,294,1448.75244140625,77.02548725290231,60.79976655151792,
pgame_seed2,pgame,2,ankle1_paralysed,top_k,0,13,711,1068.8271484375,294,1448.75244140625,77.02548725290231,60.79976655151792,
pgame_seed2,pgame,2,ankle1_paralysed,top_k,0,14,1001,1169.273193359375,294,1448.75244140625,77.02548725290231,60.79976655151792,
pgame_seed2,pgame,2,ankle1_paralysed,top_k,0,15,441,1464.258544921875,294,1448.75244140625,77.02548725290231,60.79976655151792,
pgame_seed2,pgame,2,ankle1_paralysed,top_k,0,16,831,1392.7581787109375,294,1448.75244140625,77.02548725290231,60.79976655151792,
pgame_seed2,pgame,2,ankle1_paralysed,top_k,0,17,209,1164.6064453125,294,1448.75244140625,77.02548725290231,60.79976655151792,
pgame_seed2,pgame,2,ankle1_paralysed,top_k,0,18,182,1130.070556640625,294,1448.75244140625,77.02548725290231,60.79976655151792,
pgame_seed2,pgame,2,ankle1_paralysed,top_k,0,19,887,1039.4993896484375,294,1448.75244140625,77.02548725290231,60.79976655151792,
pgame_seed2,pgame,2,ankle1_paralysed,top_k,0,20,575,1055.25927734375,294,1448.75244140625,77.02548725290231,60.79976655151792,
pgame_seed2,pgame,2,ankle1_paralysed,top_k,1,1,294,1537.6195068359375,294,1448.75244140625,77.02548725290231,60.79976655151792,
pgame_seed2,pgame,2,ankle1_paralysed,top_k,1,2,972,1612.374267578125,972,1535.982421875,94.25120111958896,74.39681629609231,
pgame_seed2,pgame,2,ankle1_paralysed,top_k,1,3,330,1518.242431640625,972,1535.982421875,94.25120111958896,74.39681629609231,
pgame_seed2,pgame,2,ankle1_paralysed,top_k,1,4,761,1517.884033203125,972,1535.982421875,94.25120111958896,74.39681629609231,
pgame_seed2,pgame,2,ankle1_paralysed,top_k,1,5,115,1301.28271484375,972,1535.982421875,94.25120111958896,74.39681629609231,
pgame_seed2,pgame,2,ankle1_paralysed,top_k,1,6,596,1481.286865234375,972,1535.982421875,94.25120111958896,74.39681629609231,
pgame_seed2,pgame,2,ankle1_paralysed,top_k,1,7,320,1085.518798828125,972,1535.982421875,94.25120111958896,74.39681629609231,
pgame_seed2,pgame,2,ankle1_paralysed,top_k,1,8,603,1301.639892578125,972,1535.982421875,94.25120111958896,74.39681629609231,
pgame_seed2,pgame,2,ankle1_paralysed,top_k,1,9,474,1331.346923828125,972,1535.982421875,94.25120111958896,74.39681629609231,
pgame_seed2,pgame,2,ankle1_paralysed,top_k,1,10,475,1425.99365234375,972,1535.982421875,94.25120111958896,74.39681629609231,
pgame_seed2,pgame,2,ankle1_paralysed,top_k,1,11,565,1010.22607421875,972,1535.982421875,94.25120111958896,74.39681629609231,
pgame_seed2,pgame,2,ankle1_paralysed,top_k,1,12,508,1259.3292236328125,972,1535.982421875,94.25120111958896,74.39681629609231,
pgame_seed2,pgame,2,ankle1_paralysed,top_k,1,13,711,1316.591064453125,972,1535.982421875,94.25120111958896,74.39681629609231,
pgame_seed2,pgame,2,ankle1_paralysed,top_k,1,14,1001,1059.65283203125,972,1535.982421875,94.25120111958896,74.39681629609231,
pgame_seed2,pgame,2,ankle1_paralysed,top_k,1,15,441,1438.59326171875,972,1535.982421875,94.25120111958896,74.39681629609231,
pgame_seed2,pgame,2,ankle1_paralysed,top_k,1,16,831,1360.997802734375,972,1535.982421875,94.25120111958896,74.39681629609231,
pgame_seed2,pgame,2,ankle1_paralysed,top_k,1,17,209,1197.395751953125,972,1535.982421875,94.25120111958896,74.39681629609231,
pgame_seed2,pgame,2,ankle1_paralysed,top_k,1,18,182,1549.660400390625,972,1535.982421875,94.25120111958896,74.39681629609231,
pgame_seed2,pgame,2,ankle1_paralysed,top_k,1,19,887,1054.8258056640625,972,1535.982421875,94.25120111958896,74.39681629609231,
pgame_seed2,pgame,2,ankle1_paralysed,top_k,1,20,575,1070.436279296875,972,1535.982421875,94.25120111958896,74.39681629609231,
pgame_seed2,pgame,2,ankle1_paralysed,top_k,2,1,294,1422.1864013671875,294,1448.75244140625,77.02548725290231,60.79976655151792,
pgame_seed2,pgame,2,ankle1_paralysed,top_k,2,2,972,1554.7587890625,972,1535.982421875,94.25120111958896,74.39681629609231,
pgame_seed2,pgame,2,ankle1_paralysed,top_k,2,3,330,1488.5242919921875,972,1535.982421875,94.25120111958896,74.39681629609231,
pgame_seed2,pgame,2,ankle1_paralysed,top_k,2,4,761,1589.304931640625,761,1542.9632568359375,95.62973938064877,75.48496007088698,
pgame_seed2,pgame,2,ankle1_paralysed,top_k,2,5,115,1259.28515625,761,1542.9632568359375,95.62973938064877,75.48496007088698,
pgame_seed2,pgame,2,ankle1_paralysed,top_k,2,6,596,1479.77978515625,761,1542.9632568359375,95.62973938064877,75.48496007088698,
pgame_seed2,pgame,2,ankle1_paralysed,top_k,2,7,320,1540.485595703125,761,1542.9632568359375,95.62973938064877,75.48496007088698,
pgame_seed2,pgame,2,ankle1_paralysed,top_k,2,8,603,1058.049560546875,761,1542.9632568359375,95.62973938064877,75.48496007088698,
pgame_seed2,pgame,2,ankle1_paralysed,top_k,2,9,474,1315.815185546875,761,1542.9632568359375,95.62973938064877,75.48496007088698,
pgame_seed2,pgame,2,ankle1_paralysed,top_k,2,10,475,1347.8466796875,761,1542.9632568359375,95.62973938064877,75.48496007088698,
pgame_seed2,pgame,2,ankle1_paralysed,top_k,2,11,565,1018.0463256835938,761,1542.9632568359375,95.62973938064877,75.48496007088698,
pgame_seed2,pgame,2,ankle1_paralysed,top_k,2,12,508,1320.180908203125,761,1542.9632568359375,95.62973938064877,75.48496007088698,
pgame_seed2,pgame,2,ankle1_paralysed,top_k,2,13,711,1408.166015625,761,1542.9632568359375,95.62973938064877,75.48496007088698,
pgame_seed2,pgame,2,ankle1_paralysed,top_k,2,14,1001,1050.355712890625,761,1542.9632568359375,95.62973938064877,75.48496007088698,
pgame_seed2,pgame,2,ankle1_paralysed,top_k,2,15,441,1431.243408203125,761,1542.9632568359375,95.62973938064877,75.48496007088698,
pgame_seed2,pgame,2,ankle1_paralysed,top_k,2,16,831,1383.6767578125,761,1542.9632568359375,95.62973938064877,75.48496007088698,
pgame_seed2,pgame,2,ankle1_paralysed,top_k,2,17,209,1228.4818115234375,761,1542.9632568359375,95.62973938064877,75.48496007088698,
pgame_seed2,pgame,2,ankle1_paralysed,top_k,2,18,182,1215.193359375,761,1542.9632568359375,95.62973938064877,75.48496007088698,
pgame_seed2,pgame,2,ankle1_paralysed,top_k,2,19,887,1032.3154296875,761,1542.9632568359375,95.62973938064877,75.48496007088698,
pgame_seed2,pgame,2,ankle1_paralysed,top_k,2,20,575,1051.890380859375,761,1542.9632568359375,95.62973938064877,75.48496007088698,
pgame_seed2,pgame,2,ankle1_paralysed,top_k,3,1,294,1517.49755859375,294,1448.75244140625,77.02548725290231,60.79976655151792,
pgame_seed2,pgame,2,ankle1_paralysed,top_k,3,2,972,1002.31689453125,294,1448.75244140625,77.02548725290231,60.79976655151792,
pgame_seed2,pgame,2,ankle1_paralysed,top_k,3,3,330,1596.857177734375,330,1370.719482421875,61.61595240705552,48.63631060064805,
pgame_seed2,pgame,2,ankle1_paralysed,top_k,3,4,761,1536.145263671875,330,1370.719482421875,61.61595240705552,48.63631060064805,
pgame_seed2,pgame,2,ankle1_paralysed,top_k,3,5,115,1217.212158203125,330,1370.719482421875,61.61595240705552,48.63631060064805,
pgame_seed2,pgame,2,ankle1_paralysed,top_k,3,6,596,1393.84619140625,330,1370.719482421875,61.61595240705552,48.63631060064805,
pgame_seed2,pgame,2,ankle1_paralysed,top_k,3,7,320,1392.96875,330,1370.719482421875,61.61595240705552,48.63631060064805,
pgame_seed2,pgame,2,ankle1_paralysed,top_k,3,8,603,1247.3797607421875,330,1370.719482421875,61.61595240705552,48.63631060064805,
pgame_seed2,pgame,2,ankle1_paralysed,top_k,3,9,474,1362.81787109375,330,1370.719482421875,61.61595240705552,48.63631060064805,
pgame_seed2,pgame,2,ankle1_paralysed,top_k,3,10,475,1348.073486328125,330,1370.719482421875,61.61595240705552,48.63631060064805,
pgame_seed2,pgame,2,ankle1_paralysed,top_k,3,11,565,1030.1282958984375,330,1370.719482421875,61.61595240705552,48.63631060064805,
pgame_seed2,pgame,2,ankle1_paralysed,top_k,3,12,508,1344.7132568359375,330,1370.719482421875,61.61595240705552,48.63631060064805,
pgame_seed2,pgame,2,ankle1_paralysed,top_k,3,13,711,1450.2401123046875,330,1370.719482421875,61.61595240705552,48.63631060064805,
pgame_seed2,pgame,2,ankle1_paralysed,top_k,3,14,1001,1086.36376953125,330,1370.719482421875,61.61595240705552,48.63631060064805,
pgame_seed2,pgame,2,ankle1_paralysed,top_k,3,15,441,1411.90625,330,1370.719482421875,61.61595240705552,48.63631060064805,
pgame_seed2,pgame,2,ankle1_paralysed,top_k,3,16,831,1427.1424560546875,330,1370.719482421875,61.61595240705552,48.63631060064805,
pgame_seed2,pgame,2,ankle1_paralysed,top_k,3,17,209,1121.510498046875,330,1370.719482421875,61.61595240705552,48.63631060064805,
pgame_seed2,pgame,2,ankle1_paralysed,top_k,3,18,182,1530.052734375,330,1370.719482421875,61.61595240705552,48.63631060064805,
pgame_seed2,pgame,2,ankle1_paralysed,top_k,3,19,887,1041.5211181640625,330,1370.719482421875,61.61595240705552,48.63631060064805,
pgame_seed2,pgame,2,ankle1_paralysed,top_k,3,20,575,1091.34130859375,330,1370.719482421875,61.61595240705552,48.63631060064805,
pgame_seed2,pgame,2,ankle1_paralysed,top_k,4,1,294,1522.113525390625,294,1448.75244140625,77.02548725290231,60.79976655151792,
pgame_seed2,pgame,2,ankle1_paralysed,top_k,4,2,972,1231.3297119140625,294,1448.75244140625,77.02548725290231,60.79976655151792,
pgame_seed2,pgame,2,ankle1_paralysed,top_k,4,3,330,1501.312744140625,294,1448.75244140625,77.02548725290231,60.79976655151792,
pgame_seed2,pgame,2,ankle1_paralysed,top_k,4,4,761,1567.9892578125,761,1542.9632568359375,95.62973938064877,75.48496007088698,
pgame_seed2,pgame,2,ankle1_paralysed,top_k,4,5,115,1364.3802490234375,761,1542.9632568359375,95.62973938064877,75.48496007088698,
pgame_seed2,pgame,2,ankle1_paralysed,top_k,4,6,596,1517.697021484375,761,1542.9632568359375,95.62973938064877,75.48496007088698,
pgame_seed2,pgame,2,ankle1_paralysed,top_k,4,7,320,1443.700439453125,761,1542.9632568359375,95.62973938064877,75.48496007088698,
pgame_seed2,pgame,2,ankle1_paralysed,top_k,4,8,603,1065.585205078125,761,1542.9632568359375,95.62973938064877,75.48496007088698,
pgame_seed2,pgame,2,ankle1_paralysed,top_k,4,9,474,1378.966796875,761,1542.9632568359375,95.62973938064877,75.48496007088698,
pgame_seed2,pgame,2,ankle1_paralysed,top_k,4,10,475,1469.85205078125,761,1542.9632568359375,95.62973938064877,75.48496007088698,
pgame_seed2,pgame,2,ankle1_paralysed,top_k,4,11,565,1041.12939453125,761,1542.9632568359375,95.62973938064877,75.48496007088698,
pgame_seed2,pgame,2,ankle1_paralysed,top_k,4,12,508,1322.2835693359375,761,1542.9632568359375,95.62973938064877,75.48496007088698,
pgame_seed2,pgame,2,ankle1_paralysed,top_k,4,13,711,1471.606689453125,761,1542.9632568359375,95.62973938064877,75.48496007088698,
pgame_seed2,pgame,2,ankle1_paralysed,top_k,4,14,1001,1167.658935546875,761,1542.9632568359375,95.62973938064877,75.48496007088698,
pgame_seed2,pgame,2,ankle1_paralysed,top_k,4,15,441,1331.8992919921875,761,1542.9632568359375,95.62973938064877,75.48496007088698,
pgame_seed2,pgame,2,ankle1_paralysed,top_k,4,16,831,1437.2958984375,761,1542.9632568359375,95.62973938064877,75.48496007088698,
pgame_seed2,pgame,2,ankle1_paralysed,top_k,4,17,209,1178.4674072265625,761,1542.9632568359375,95.62973938064877,75.48496007088698,
pgame_seed2,pgame,2,ankle1_paralysed,top_k,4,18,182,1178.6744384765625,761,1542.9632568359375,95.62973938064877,75.48496007088698,
pgame_seed2,pgame,2,ankle1_paralysed,top_k,4,19,887,1042.715087890625,761,1542.9632568359375,95.62973938064877,75.48496007088698,
pgame_seed2,pgame,2,ankle1_paralysed,top_k,4,20,575,1045.3541259765625,761,1542.9632568359375,95.62973938064877,75.48496007088698,
pgame_seed2,pgame,2,ankle1_paralysed,best_intact,0,1,294,1400.34375,294,1448.75244140625,77.02548725290231,60.79976655151792,
pgame_seed2,pgame,2,ankle1_paralysed,best_intact,1,1,294,1194.665771484375,294,1448.75244140625,77.02548725290231,60.79976655151792,
pgame_seed2,pgame,2,ankle1_paralysed,best_intact,2,1,294,1461.05419921875,294,1448.75244140625,77.02548725290231,60.79976655151792,
pgame_seed2,pgame,2,ankle1_paralysed,best_intact,3,1,294,1480.322021484375,294,1448.75244140625,77.02548725290231,60.79976655151792,
pgame_seed2,pgame,2,ankle1_paralysed,best_intact,4,1,294,1506.66015625,294,1448.75244140625,77.02548725290231,60.79976655151792,
pgame_seed2,pgame,2,ankle3_paralysed,ite,0,1,294,1574.602294921875,294,1480.5716552734375,82.41970823478145,65.75961443249268,2
pgame_seed2,pgame,2,ankle3_paralysed,ite,0,2,294,1602.369384765625,294,1480.5716552734375,82.41970823478145,65.75961443249268,2
pgame_seed2,pgame,2,ankle3_paralysed,ite,0,3,294,1672.5897216796875,294,1480.5716552734375,82.41970823478145,65.75961443249268,2
pgame_seed2,pgame,2,ankle3_paralysed,ite,0,4,294,1605.188232421875,294,1480.5716552734375,82.41970823478145,65.75961443249268,2
pgame_seed2,pgame,2,ankle3_paralysed,ite,0,5,294,1586.35693359375,294,1480.5716552734375,82.41970823478145,65.75961443249268,2
pgame_seed2,pgame,2,ankle3_paralysed,ite,0,6,294,1531.6788330078125,294,1480.5716552734375,82.41970823478145,65.75961443249268,2
pgame_seed2,pgame,2,ankle3_paralysed,ite,0,7,294,1596.0247802734375,294,1480.5716552734375,82.41970823478145,65.75961443249268,2
pgame_seed2,pgame,2,ankle3_paralysed,ite,0,8,294,1629.572265625,294,1480.5716552734375,82.41970823478145,65.75961443249268,2
pgame_seed2,pgame,2,ankle3_paralysed,ite,0,9,294,1563.7757568359375,294,1480.5716552734375,82.41970823478145,65.75961443249268,2
pgame_seed2,pgame,2,ankle3_paralysed,ite,0,10,294,1584.213623046875,294,1480.5716552734375,82.41970823478145,65.75961443249268,2
pgame_seed2,pgame,2,ankle3_paralysed,ite,0,11,294,1576.8134765625,294,1480.5716552734375,82.41970823478145,65.75961443249268,2
pgame_seed2,pgame,2,ankle3_paralysed,ite,0,12,294,1640.3680419921875,294,1480.5716552734375,82.41970823478145,65.75961443249268,2
pgame_seed2,pgame,2,ankle3_paralysed,ite,0,13,294,1649.6806640625,294,1480.5716552734375,82.41970823478145,65.75961443249268,2
pgame_seed2,pgame,2,ankle3_paralysed,ite,0,14,294,1580.449951171875,294,1480.5716552734375,82.41970823478145,65.75961443249268,2
pgame_seed2,pgame,2,ankle3_paralysed,ite,0,15,294,1496.974853515625,294,1480.5716552734375,82.41970823478145,65.75961443249268,2
pgame_seed2,pgame,2,ankle3_paralysed,ite,0,16,294,1564.640380859375,294,1480.5716552734375,82.41970823478145,65.75961443249268,2
pgame_seed2,pgame,2,ankle3_paralysed,ite,0,17,603,1512.7889404296875,294,1480.5716552734375,82.41970823478145,65.75961443249268,2
pgame_seed2,pgame,2,ankle3_paralysed,ite,0,18,294,1498.760986328125,294,1480.5716552734375,82.41970823478145,65.75961443249268,2
pgame_seed2,pgame,2,ankle3_paralysed,ite,0,19,294,1559.2471923828125,294,1480.5716552734375,82.41970823478145,65.75961443249268,2
pgame_seed2,pgame,2,ankle3_paralysed,ite,0,20,294,1445.8739013671875,294,1480.5716552734375,82.41970823478145,65.75961443249268,2
pgame_seed2,pgame,2,ankle3_paralysed,ite,1,1,294,1682.60498046875,294,1480.5716552734375,82.41970823478145,65.75961443249268,1
pgame_seed2,pgame,2,ankle3_paralysed,ite,1,2,294,1644.724365234375,294,1480.5716552734375,82.41970823478145,65.75961443249268,1
pgame_seed2,pgame,2,ankle3_paralysed,ite,1,3,294,1582.16064453125,294,1480.5716552734375,82.41970823478145,65.75961443249268,1
pgame_seed2,pgame,2,ankle3_paralysed,ite,1,4,294,1599.4049072265625,294,1480.5716552734375,82.41970823478145,65.75961443249268,1
pgame_seed2,pgame,2,ankle3_paralysed,ite,1,5,294,1622.802001953125,294,1480.5716552734375,82.41970823478145,65.75961443249268,1
pgame_seed2,pgame,2,ankle3_paralysed,ite,1,6,294,1628.4346923828125,294,1480.5716552734375,82.41970823478145,65.75961443249268,1
pgame_seed2,pgame,2,ankle3_paralysed,ite,1,7,294,1541.755859375,294,1480.5716552734375,82.41970823478145,65.75961443249268,1
pgame_seed2,pgame,2,ankle3_paralysed,ite,1,8,294,1613.6724853515625,294,1480.5716552734375,82.41970823478145,65.75961443249268,1
pgame_seed2,pgame,2,ankle3_paralysed,ite,1,9,294,1621.828125,294,1480.5716552734375,82.41970823478145,65.75961443249268,1
pgame_seed2,pgame,2,ankle3_paralysed,ite,1,10,294,1605.01806640625,294,1480.5716552734375,82.41970823478145,65.75961443249268,1
pgame_seed2,pgame,2,ankle3_paralysed,ite,1,11,294,1496.0518798828125,294,1480.5716552734375,82.41970823478145,65.75961443249268,1
pgame_seed2,pgame,2,ankle3_paralysed,ite,1,12,294,1566.6781005859375,294,1480.5716552734375,82.41970823478145,65.75961443249268,1
pgame_seed2,pgame,2,ankle3_paralysed,ite,1,13,294,1618.7724609375,294,1480.5716552734375,82.41970823478145,65.75961443249268,1
pgame_seed2,pgame,2,ankle3_paralysed,ite,1,14,294,1568.232666015625,294,1480.5716552734375,82.41970823478145,65.75961443249268,1
pgame_seed2,pgame,2,ankle3_paralysed,ite,1,15,294,1523.6243896484375,294,1480.5716552734375,82.41970823478145,65.75961443249268,1
pgame_seed2,pgame,2,ankle3_paralysed,ite,1,16,294,1608.3858642578125,294,1480.5716552734375,82.41970823478145,65.75961443249268,1
pgame_seed2,pgame,2,ankle3_paralysed,ite,1,17,294,1599.97412109375,294,1480.5716552734375,82.41970823478145,65.75961443249268,1
pgame_seed2,pgame,2,ankle3_paralysed,ite,1,18,294,1519.7271728515625,294,1480.5716552734375,82.41970823478145,65.75961443249268,1
pgame_seed2,pgame,2,ankle3_paralysed,ite,1,19,603,1478.2679443359375,294,1480.5716552734375,82.41970823478145,65.75961443249268,1
pgame_seed2,pgame,2,ankle3_paralysed,ite,1,20,294,1544.5634765625,294,1480.5716552734375,82.41970823478145,65.75961443249268,1
pgame_seed2,pgame,2,ankle3_paralysed,ite,2,1,294,1641.48486328125,294,1480.5716552734375,82.41970823478145,65.75961443249268,1
pgame_seed2,pgame,2,ankle3_paralysed,ite,2,2,294,1555.6920166015625,294,1480.5716552734375,82.41970823478145,65.75961443249268,1
pgame_seed2,pgame,2,ankle3_paralysed,ite,2,3,294,1606.10986328125,294,1480.5716552734375,82.41970823478145,65.75961443249268,1
pgame_seed2,pgame,2,ankle3_paralysed,ite,2,4,294,495.9085998535156,294,1480.5716552734375,82.41970823478145,65.75961443249268,1
pgame_seed2,pgame,2,ankle3_paralysed,ite,2,5,412,1241.6658935546875,294,1480.5716552734375,82.41970823478145,65.75961443249268,1
pgame_seed2,pgame,2,ankle3_paralysed,ite,2,6,258,1360.976806640625,294,1480.5716552734375,82.41970823478145,65.75961443249268,1
pgame_seed2,pgame,2,ankle3_paralysed,ite,2,7,475,1317.88916015625,294,1480.5716552734375,82.41970823478145,65.75961443249268,1
pgame_seed2,pgame,2,ankle3_paralysed,ite,2,8,258,1404.089599609375,294,1480.5716552734375,82.41970823478145,65.75961443249268,1
pgame_seed2,pgame,2,ankle3_paralysed,ite,2,9,258,1414.4193115234375,294,1480.5716552734375,82.41970823478145,65.75961443249268,1
pgame_seed2,pgame,2,ankle3_paralysed,ite,2,10,258,1410.2542724609375,294,1480.5716552734375,82.41970823478145,65.75961443249268,1
pgame_seed2,pgame,2,ankle3_paralysed,ite,2,11,258,1414.658203125,294,1480.5716552734375,82.41970823478145,65.75961443249268,1
pgame_seed2,pgame,2,ankle3_paralysed,ite,2,12,258,1378.654541015625,294,1480.5716552734375,82.41970823478145,65.75961443249268,1
pgame_seed2,pgame,2,ankle3_paralysed,ite,2,13,258,1434.910888671875,294,1480.5716552734375,82.41970823478145,65.75961443249268,1
pgame_seed2,pgame,2,ankle3_paralysed,ite,2,14,258,1388.5576171875,294,1480.5716552734375,82.41970823478145,65.75961443249268,1
pgame_seed2,pgame,2,ankle3_paralysed,ite,2,15,258,1356.1981201171875,294,1480.5716552734375,82.41970823478145,65.75961443249268,1
pgame_seed2,pgame,2,ankle3_paralysed,ite,2,16,258,1400.1666259765625,294,1480.5716552734375,82.41970823478145,65.75961443249268,1
pgame_seed2,pgame,2,ankle3_paralysed,ite,2,17,258,1395.965087890625,294,1480.5716552734375,82.41970823478145,65.75961443249268,1
pgame_seed2,pgame,2,ankle3_paralysed,ite,2,18,258,1370.4442138671875,294,1480.5716552734375,82.41970823478145,65.75961443249268,1
pgame_seed2,pgame,2,ankle3_paralysed,ite,2,19,258,1392.4122314453125,294,1480.5716552734375,82.41970823478145,65.75961443249268,1
pgame_seed2,pgame,2,ankle3_paralysed,ite,2,20,258,1390.9940185546875,294,1480.5716552734375,82.41970823478145,65.75961443249268,1
pgame_seed2,pgame,2,ankle3_paralysed,ite,3,1,294,1572.8807373046875,294,1480.5716552734375,82.41970823478145,65.75961443249268,2
pgame_seed2,pgame,2,ankle3_paralysed,ite,3,2,294,1636.183837890625,294,1480.5716552734375,82.41970823478145,65.75961443249268,2
pgame_seed2,pgame,2,ankle3_paralysed,ite,3,3,294,1429.41796875,294,1480.5716552734375,82.41970823478145,65.75961443249268,2
pgame_seed2,pgame,2,ankle3_paralysed,ite,3,4,603,1439.1741943359375,294,1480.5716552734375,82.41970823478145,65.75961443249268,2
pgame_seed2,pgame,2,ankle3_paralysed,ite,3,5,294,1585.847900390625,294,1480.5716552734375,82.41970823478145,65.75961443249268,2
pgame_seed2,pgame,2,ankle3_paralysed,ite,3,6,294,1554.333740234375,294,1480.5716552734375,82.41970823478145,65.75961443249268,2
pgame_seed2,pgame,2,ankle3_paralysed,ite,3,7,294,1595.2987060546875,294,1480.5716552734375,82.41970823478145,65.75961443249268,2
pgame_seed2,pgame,2,ankle3_paralysed,ite,3,8,294,1564.3016357421875,294,1480.5716552734375,82.41970823478145,65.75961443249268,2
pgame_seed2,pgame,2,ankle3_paralysed,ite,3,9,294,1595.1827392578125,294,1480.5716552734375,82.41970823478145,65.75961443249268,2
pgame_seed2,pgame,2,ankle3_paralysed,ite,3,10,294,1588.6156005859375,294,1480.5716552734375,82.41970823478145,65.75961443249268,2
pgame_seed2,pgame,2,ankle3_paralysed,ite,3,11,294,1606.1807861328125,294,1480.5716552734375,82.41970823478145,65.75961443249268,2
pgame_seed2,pgame,2,ankle3_paralysed,ite,3,12,294,1513.7586669921875,294,1480.5716552734375,82.41970823478145,65.75961443249268,2
pgame_seed2,pgame,2,ankle3_paralysed,ite,3,13,294,1469.8521728515625,294,1480.5716552734375,82.41970823478145,65.75961443249268,2
pgame_seed2,pgame,2,ankle3_paralysed,ite,3,14,294,1671.939208984375,294,1480.5716552734375,82.41970823478145,65.75961443249268,2
pgame_seed2,pgame,2,ankle3_paralysed,ite,3,15,294,1606.2464599609375,294,1480.5716552734375,82.41970823478145,65.75961443249268,2
pgame_seed2,pgame,2,ankle3_paralysed,ite,3,16,294,1544.65625,294,1480.5716552734375,82.41970823478145,65.75961443249268,2
pgame_seed2,pgame,2,ankle3_paralysed,ite,3,17,294,1518.180419921875,294,1480.5716552734375,82.41970823478145,65.75961443249268,2
pgame_seed2,pgame,2,ankle3_paralysed,ite,3,18,294,1623.737060546875,294,1480.5716552734375,82.41970823478145,65.75961443249268,2
pgame_seed2,pgame,2,ankle3_paralysed,ite,3,19,294,1551.878662109375,294,1480.5716552734375,82.41970823478145,65.75961443249268,2
pgame_seed2,pgame,2,ankle3_paralysed,ite,3,20,294,1581.359619140625,294,1480.5716552734375,82.41970823478145,65.75961443249268,2
pgame_seed2,pgame,2,ankle3_paralysed,ite,4,1,294,1595.3863525390625,294,1480.5716552734375,82.41970823478145,65.75961443249268,2
pgame_seed2,pgame,2,ankle3_paralysed,ite,4,2,294,1544.889404296875,294,1480.5716552734375,82.41970823478145,65.75961443249268,2
pgame_seed2,pgame,2,ankle3_paralysed,ite,4,3,294,1594.5909423828125,294,1480.5716552734375,82.41970823478145,65.75961443249268,2
pgame_seed2,pgame,2,ankle3_paralysed,ite,4,4,294,1586.8741455078125,294,1480.5716552734375,82.41970823478145,65.75961443249268,2
pgame_seed2,pgame,2,ankle3_paralysed,ite,4,5,294,1570.134765625,294,1480.5716552734375,82.41970823478145,65.75961443249268,2
pgame_seed2,pgame,2,ankle3_paralysed,ite,4,6,603,1499.84619140625,294,1480.5716552734375,82.41970823478145,65.75961443249268,2
pgame_seed2,pgame,2,ankle3_paralysed,ite,4,7,294,1579.382080078125,294,1480.5716552734375,82.41970823478145,65.75961443249268,2
pgame_seed2,pgame,2,ankle3_paralysed,ite,4,8,294,1597.723388671875,294,1480.5716552734375,82.41970823478145,65.75961443249268,2
pgame_seed2,pgame,2,ankle3_paralysed,ite,4,9,294,1629.70751953125,294,1480.5716552734375,82.41970823478145,65.75961443249268,2
pgame_seed2,pgame,2,ankle3_paralysed,ite,4,10,294,1621.1043701171875,294,1480.5716552734375,82.41970823478145,65.75961443249268,2
pgame_seed2,pgame,2,ankle3_paralysed,ite,4,11,294,1568.79931640625,294,1480.5716552734375,82.41970823478145,65.75961443249268,2
pgame_seed2,pgame,2,ankle3_paralysed,ite,4,12,294,1595.3961181640625,294,1480.5716552734375,82.41970823478145,65.75961443249268,2
pgame_seed2,pgame,2,ankle3_paralysed,ite,4,13,294,1598.7431640625,294,1480.5716552734375,82.41970823478145,65.75961443249268,2
pgame_seed2,pgame,2,ankle3_paralysed,ite,4,14,294,1553.3082275390625,294,1480.5716552734375,82.41970823478145,65.75961443249268,2
pgame_seed2,pgame,2,ankle3_paralysed,ite,4,15,294,1641.0400390625,294,1480.5716552734375,82.41970823478145,65.75961443249268,2
pgame_seed2,pgame,2,ankle3_paralysed,ite,4,16,294,1414.2086181640625,294,1480.5716552734375,82.41970823478145,65.75961443249268,2
pgame_seed2,pgame,2,ankle3_paralysed,ite,4,17,294,1540.9541015625,294,1480.5716552734375,82.41970823478145,65.75961443249268,2
pgame_seed2,pgame,2,ankle3_paralysed,ite,4,18,294,1527.757568359375,294,1480.5716552734375,82.41970823478145,65.75961443249268,2
pgame_seed2,pgame,2,ankle3_paralysed,ite,4,19,294,1604.686767578125,294,1480.5716552734375,82.41970823478145,65.75961443249268,2
pgame_seed2,pgame,2,ankle3_paralysed,ite,4,20,294,1652.977294921875,294,1480.5716552734375,82.41970823478145,65.75961443249268,2
pgame_seed2,pgame,2,ankle3_paralysed,top_k,0,1,294,1632.9671630859375,294,1480.5716552734375,82.41970823478145,65.75961443249268,
pgame_seed2,pgame,2,ankle3_paralysed,top_k,0,2,972,1496.633544921875,294,1480.5716552734375,82.41970823478145,65.75961443249268,
pgame_seed2,pgame,2,ankle3_paralysed,top_k,0,3,330,1532.0234375,294,1480.5716552734375,82.41970823478145,65.75961443249268,
pgame_seed2,pgame,2,ankle3_paralysed,top_k,0,4,761,1581.305419921875,294,1480.5716552734375,82.41970823478145,65.75961443249268,
pgame_seed2,pgame,2,ankle3_paralysed,top_k,0,5,115,1497.1953125,294,1480.5716552734375,82.41970823478145,65.75961443249268,
pgame_seed2,pgame,2,ankle3_paralysed,top_k,0,6,596,1438.164794921875,294,1480.5716552734375,82.41970823478145,65.75961443249268,
pgame_seed2,pgame,2,ankle3_paralysed,top_k,0,7,320,1519.10791015625,294,1480.5716552734375,82.41970823478145,65.75961443249268,
pgame_seed2,pgame,2,ankle3_paralysed,top_k,0,8,603,1449.507568359375,294,1480.5716552734375,82.41970823478145,65.75961443249268,
pgame_seed2,pgame,2,ankle3_paralysed,top_k,0,9,474,1548.86572265625,294,1480.5716552734375,82.41970823478145,65.75961443249268,
pgame_seed2,pgame,2,ankle3_paralysed,top_k,0,10,475,1072.6627197265625,294,1480.5716552734375,82.41970823478145,65.75961443249268,
pgame_seed2,pgame,2,ankle3_paralysed,top_k,0,11,565,1397.764404296875,294,1480.5716552734375,82.41970823478145,65.75961443249268,
pgame_seed2,pgame,2,ankle3_paralysed,top_k,0,12,508,1471.300048828125,294,1480.5716552734375,82.41970823478145,65.75961443249268,
pgame_seed2,pgame,2,ankle3_paralysed,top_k,0,13,711,1329.7647705078125,294,1480.5716552734375,82.41970823478145,65.75961443249268,
pgame_seed2,pgame,2,ankle3_paralysed,top_k,0,14,1001,1460.16162109375,294,1480.5716552734375,82.41970823478145,65.75961443249268,
pgame_seed2,pgame,2,ankle3_paralysed,top_k,0,15,441,1457.9136962890625,294,1480.5716552734375,82.41970823478145,65.75961443249268,
pgame_seed2,pgame,2,ankle3_paralysed,top_k,0,16,831,1526.164306640625,294,1480.5716552734375,82.41970823478145,65.75961443249268,
pgame_seed2,pgame,2,ankle3_paralysed,top_k,0,17,209,1424.85595703125,294,1480.5716552734375,82.41970823478145,65.75961443249268,
pgame_seed2,pgame,2,ankle3_paralysed,top_k,0,18,182,1498.73876953125,294,1480.5716552734375,82.41970823478145,65.75961443249268,
pgame_seed2,pgame,2,ankle3_paralysed,top_k,0,19,887,1397.154541015625,294,1480.5716552734375,82.41970823478145,65.75961443249268,
pgame_seed2,pgame,2,ankle3_paralysed,top_k,0,20,575,1352.84375,294,1480.5716552734375,82.41970823478145,65.75961443249268,
pgame_seed2,pgame,2,ankle3_paralysed,top_k,1,1,294,1612.13232421875,294,1480.5716552734375,82.41970823478145,65.75961443249268,
pgame_seed2,pgame,2,ankle3_paralysed,top_k,1,2,972,1141.636962890625,294,1480.5716552734375,82.41970823478145,65.75961443249268,
pgame_seed2,pgame,2,ankle3_paralysed,top_k,1,3,330,1551.166259765625,294,1480.5716552734375,82.41970823478145,65.75961443249268,
pgame_seed2,pgame,2,ankle3_paralysed,top_k,1,4,761,1498.7227783203125,294,1480.5716552734375,82.41970823478145,65.75961443249268,
pgame_seed2,pgame,2,ankle3_paralysed,top_k,1,5,115,1444.13232421875,294,1480.5716552734375,82.41970823478145,65.75961443249268,
pgame_seed2,pgame,2,ankle3_paralysed,top_k,1,6,596,1504.353515625,294,1480.5716552734375,82.41970823478145,65.75961443249268,
pgame_seed2,pgame,2,ankle3_paralysed,top_k,1,7,320,1547.0653076171875,294,1480.5716552734375,82.41970823478145,65.75961443249268,
pgame_seed2,pgame,2,ankle3_paralysed,top_k,1,8,603,1435.90380859375,294,1480.5716552734375,82.41970823478145,65.75961443249268,
pgame_seed2,pgame,2,ankle3_paralysed,top_k,1,9,474,1451.921142578125,294,1480.5716552734375,82.41970823478145,65.75961443249268,
pgame_seed2,pgame,2,ankle3_paralysed,top_k,1,10,475,1488.99853515625,294,1480.5716552734375,82.41970823478145,65.75961443249268,
pgame_seed2,pgame,2,ankle3_paralysed,top_k,1,11,565,1367.04443359375,294,1480.5716552734375,82.41970823478145,65.75961443249268,
pgame_seed2,pgame,2,ankle3_paralysed,top_k,1,12,508,1466.765625,294,1480.5716552734375,82.41970823478145,65.75961443249268,
pgame_seed2,pgame,2,ankle3_paralysed,top_k,1,13,711,1430.666259765625,294,1480.5716552734375,82.41970823478145,65.75961443249268,
pgame_seed2,pgame,2,ankle3_paralysed,top_k,1,14,1001,1446.127197265625,294,1480.5716552734375,82.41970823478145,65.75961443249268,
pgame_seed2,pgame,2,ankle3_paralysed,top_k,1,15,441,1370.040771484375,294,1480.5716552734375,82.41970823478145,65.75961443249268,
pgame_seed2,pgame,2,ankle3_paralysed,top_k,1,16,831,1543.3853759765625,294,1480.5716552734375,82.41970823478145,65.75961443249268,
pgame_seed2,pgame,2,ankle3_paralysed,top_k,1,17,209,1395.82568359375,294,1480.5716552734375,82.41970823478145,65.75961443249268,
pgame_seed2,pgame,2,ankle3_paralysed,top_k,1,18,182,1479.1761474609375,294,1480.5716552734375,82.41970823478145,65.75961443249268,
pgame_seed2,pgame,2,ankle3_paralysed,top_k,1,19,887,1370.69091796875,294,1480.5716552734375,82.41970823478145,65.75961443249268,
pgame_seed2,pgame,2,ankle3_paralysed,top_k,1,20,575,1353.8857421875,294,1480.5716552734375,82.41970823478145,65.75961443249268,
pgame_seed2,pgame,2,ankle3_paralysed,top_k,2,1,294,1590.07177734375,294,1480.5716552734375,82.41970823478145,65.75961443249268,
pgame_seed2,pgame,2,ankle3_paralysed,top_k,2,2,972,1536.63720703125,294,1480.5716552734375,82.41970823478145,65.75961443249268,
pgame_seed2,pgame,2,ankle3_paralysed,top_k,2,3,330,1547.738037109375,294,1480.5716552734375,82.41970823478145,65.75961443249268,
pgame_seed2,pgame,2,ankle3_paralysed,top_k,2,4,761,1567.1163330078125,294,1480.5716552734375,82.41970823478145,65.75961443249268,
pgame_seed2,pgame,2,ankle3_paralysed,top_k,2,5,115,1489.4163818359375,294,1480.5716552734375,82.41970823478145,65.75961443249268,
pgame_seed2,pgame,2,ankle3_paralysed,top_k,2,6,596,1591.731689453125,596,1505.859619140625,87.36013639043554,69.70139798894239,
pgame_seed2,pgame,2,ankle3_paralysed,top_k,2,7,320,1548.8841552734375,596,1505.859619140625,87.36013639043554,69.70139798894239,
pgame_seed2,pgame,2,ankle3_paralysed,top_k,2,8,603,1478.007568359375,596,1505.859619140625,87.36013639043554,69.70139798894239,
pgame_seed2,pgame,2,ankle3_paralysed,top_k,2,9,474,1429.7130126953125,596,1505.859619140625,87.36013639043554,69.70139798894239,
pgame_seed2,pgame,2,ankle3_paralysed,top_k,2,10,475,1476.115234375,596,1505.859619140625,87.36013639043554,69.70139798894239,
pgame_seed2,pgame,2,ankle3_paralysed,top_k,2,11,565,1353.2901611328125,596,1505.859619140625,87.36013639043554,69.70139798894239,
pgame_seed2,pgame,2,ankle3_paralysed,top_k,2,12,508,1477.033447265625,596,1505.859619140625,87.36013639043554,69.70139798894239,
pgame_seed2,pgame,2,ankle3_paralysed,top_k,2,13,711,1435.53564453125,596,1505.859619140625,87.36013639043554,69.70139798894239,
pgame_seed2,pgame,2,ankle3_paralysed,top_k,2,14,1001,1465.079833984375,596,1505.859619140625,87.36013639043554,69.70139798894239,
pgame_seed2,pgame,2,ankle3_paralysed,top_k,2,15,441,1471.3126220703125,596,1505.859619140625,87.36013639043554,69.70139798894239,
pgame_seed2,pgame,2,ankle3_paralysed,top_k,2,16,831,1543.451416015625,596,1505.859619140625,87.36013639043554,69.70139798894239,
pgame_seed2,pgame,2,ankle3_paralysed,top_k,2,17,209,1428.4556884765625,596,1505.859619140625,87.36013639043554,69.70139798894239,
pgame_seed2,pgame,2,ankle3_paralysed,top_k,2,18,182,1430.8822021484375,596,1505.859619140625,87.36013639043554,69.70139798894239,
pgame_seed2,pgame,2,ankle3_paralysed,top_k,2,19,887,1380.785888671875,596,1505.859619140625,87.36013639043554,69.70139798894239,
pgame_seed2,pgame,2,ankle3_paralysed,top_k,2,20,575,1351.05419921875,596,1505.859619140625,87.36013639043554,69.70139798894239,
pgame_seed2,pgame,2,ankle3_paralysed,top_k,3,1,294,1662.8067626953125,294,1480.5716552734375,82.41970823478145,65.75961443249268,
pgame_seed2,pgame,2,ankle3_paralysed,top_k,3,2,972,1543.757568359375,294,1480.5716552734375,82.41970823478145,65.75961443249268,
pgame_seed2,pgame,2,ankle3_paralysed,top_k,3,3,330,1602.313232421875,294,1480.5716552734375,82.41970823478145,65.75961443249268,
pgame_seed2,pgame,2,ankle3_paralysed,top_k,3,4,761,1494.659423828125,294,1480.5716552734375,82.41970823478145,65.75961443249268,
pgame_seed2,pgame,2,ankle3_paralysed,top_k,3,5,115,1446.17724609375,294,1480.5716552734375,82.41970823478145,65.75961443249268,
pgame_seed2,pgame,2,ankle3_paralysed,top_k,3,6,596,1413.526123046875,294,1480.5716552734375,82.41970823478145,65.75961443249268,
pgame_seed2,pgame,2,ankle3_paralysed,top_k,3,7,320,1464.1702880859375,294,1480.5716552734375,82.41970823478145,65.75961443249268,
pgame_seed2,pgame,2,ankle3_paralysed,top_k,3,8,603,1482.990478515625,294,1480.5716552734375,82.41970823478145,65.75961443249268,
pgame_seed2,pgame,2,ankle3_paralysed,top_k,3,9,474,1469.994873046875,294,1480.5716552734375,82.41970823478145,65.75961443249268,
pgame_seed2,pgame,2,ankle3_paralysed,top_k,3,10,475,1497.565185546875,294,1480.5716552734375,82.41970823478145,65.75961443249268,
pgame_seed2,pgame,2,ankle3_paralysed,top_k,3,11,565,1390.983154296875,294,1480.5716552734375,82.41970823478145,65.75961443249268,
pgame_seed2,pgame,2,ankle3_paralysed,top_k,3,12,508,1469.416259765625,294,1480.5716552734375,82.41970823478145,65.75961443249268,
pgame_seed2,pgame,2,ankle3_paralysed,top_k,3,13,711,1572.127197265625,294,1480.5716552734375,82.41970823478145,65.75961443249268,
pgame_seed2,pgame,2,ankle3_paralysed,top_k,3,14,1001,1410.641845703125,294,1480.5716552734375,82.41970823478145,65.75961443249268,
pgame_seed2,pgame,2,ankle3_paralysed,top_k,3,15,441,1087.74755859375,294,1480.5716552734375,82.41970823478145,65.75961443249268,
pgame_seed2,pgame,2,ankle3_paralysed,top_k,3,16,831,1612.5389404296875,294,1480.5716552734375,82.41970823478145,65.75961443249268,
pgame_seed2,pgame,2,ankle3_paralysed,top_k,3,17,209,1424.8818359375,294,1480.5716552734375,82.41970823478145,65.75961443249268,
pgame_seed2,pgame,2,ankle3_paralysed,top_k,3,18,182,1495.068115234375,294,1480.5716552734375,82.41970823478145,65.75961443249268,
pgame_seed2,pgame,2,ankle3_paralysed,top_k,3,19,887,1329.351806640625,294,1480.5716552734375,82.41970823478145,65.75961443249268,
pgame_seed2,pgame,2,ankle3_paralysed,top_k,3,20,575,1342.0699462890625,294,1480.5716552734375,82.41970823478145,65.75961443249268,
pgame_seed2,pgame,2,ankle3_paralysed,top_k,4,1,294,1576.439453125,294,1480.5716552734375,82.41970823478145,65.75961443249268,
pgame_seed2,pgame,2,ankle3_paralysed,top_k,4,2,972,1506.796630859375,294,1480.5716552734375,82.41970823478145,65.75961443249268,
pgame_seed2,pgame,2,ankle3_paralysed,top_k,4,3,330,1497.36474609375,294,1480.5716552734375,82.41970823478145,65.75961443249268,
pgame_seed2,pgame,2,ankle3_paralysed,top_k,4,4,761,1504.711181640625,294,1480.5716552734375,82.41970823478145,65.75961443249268,
pgame_seed2,pgame,2,ankle3_paralysed,top_k,4,5,115,1539.30029296875,294,1480.5716552734375,82.41970823478145,65.75961443249268,
pgame_seed2,pgame,2,ankle3_paralysed,top_k,4,6,596,1524.250732421875,294,1480.5716552734375,82.41970823478145,65.75961443249268,
pgame_seed2,pgame,2,ankle3_paralysed,top_k,4,7,320,1264.90185546875,294,1480.5716552734375,82.41970823478145,65.75961443249268,
pgame_seed2,pgame,2,ankle3_paralysed,top_k,4,8,603,1445.61376953125,294,1480.5716552734375,82.41970823478145,65.75961443249268,
pgame_seed2,pgame,2,ankle3_paralysed,top_k,4,9,474,1516.326904296875,294,1480.5716552734375,82.41970823478145,65.75961443249268,
pgame_seed2,pgame,2,ankle3_paralysed,top_k,4,10,475,1531.60888671875,294,1480.5716552734375,82.41970823478145,65.75961443249268,
pgame_seed2,pgame,2,ankle3_paralysed,top_k,4,11,565,1403.193359375,294,1480.5716552734375,82.41970823478145,65.75961443249268,
pgame_seed2,pgame,2,ankle3_paralysed,top_k,4,12,508,1573.51025390625,294,1480.5716552734375,82.41970823478145,65.75961443249268,
pgame_seed2,pgame,2,ankle3_paralysed,top_k,4,13,711,1406.1522216796875,294,1480.5716552734375,82.41970823478145,65.75961443249268,
pgame_seed2,pgame,2,ankle3_paralysed,top_k,4,14,1001,1464.2286376953125,294,1480.5716552734375,82.41970823478145,65.75961443249268,
pgame_seed2,pgame,2,ankle3_paralysed,top_k,4,15,441,1427.564453125,294,1480.5716552734375,82.41970823478145,65.75961443249268,
pgame_seed2,pgame,2,ankle3_paralysed,top_k,4,16,831,1548.3623046875,294,1480.5716552734375,82.41970823478145,65.75961443249268,
pgame_seed2,pgame,2,ankle3_paralysed,top_k,4,17,209,1502.4168701171875,294,1480.5716552734375,82.41970823478145,65.75961443249268,
pgame_seed2,pgame,2,ankle3_paralysed,top_k,4,18,182,1307.001708984375,294,1480.5716552734375,82.41970823478145,65.75961443249268,
pgame_seed2,pgame,2,ankle3_paralysed,top_k,4,19,887,1376.6260986328125,294,1480.5716552734375,82.41970823478145,65.75961443249268,
pgame_seed2,pgame,2,ankle3_paralysed,top_k,4,20,575,1370.601806640625,294,1480.5716552734375,82.41970823478145,65.75961443249268,
pgame_seed2,pgame,2,ankle3_paralysed,best_intact,0,1,294,1535.8648681640625,294,1480.5716552734375,82.41970823478145,65.75961443249268,
pgame_seed2,pgame,2,ankle3_paralysed,best_intact,1,1,294,1642.997314453125,294,1480.5716552734375,82.41970823478145,65.75961443249268,
pgame_seed2,pgame,2,ankle3_paralysed,best_intact,2,1,294,1639.10595703125,294,1480.5716552734375,82.41970823478145,65.75961443249268,
pgame_seed2,pgame,2,ankle3_paralysed,best_intact,3,1,294,1579.81982421875,294,1480.5716552734375,82.41970823478145,65.75961443249268,
pgame_seed2,pgame,2,ankle3_paralysed,best_intact,4,1,294,1669.750732421875,294,1480.5716552734375,82.41970823478145,65.75961443249268,
